0.1739269,0.1736509,0.17341878,0.17323746,0.17311388,0.17305501,0.17306773,0.17315894,0.17333564,0.17360473,0.17397311,0.17444773,0.17503552,0.17574345,0.17657839,0.1775473,0.1786571,0.17986917,0.18113649,0.18245335,0.18381402,0.18521278,0.18664391,0.18810174,0.18958052,0.19107454,0.19257806,0.19408542,0.19559084,0.19708867,0.19857317,0.2000386,0.20147927,0.20288944,0.20426346,0.20559551,0.20688002,0.20811115,0.20928319,0.21039051,0.21142733,0.21238795,0.21326664,0.21405773,0.21475546,0.21535416,0.21584803,0.21623147,0.21649867,0.21663316,0.2166267,0.21648629,0.21621889,0.21583135,0.21533063,0.21472369,0.21401742,0.21321876,0.21233465,0.21137203,0.21033779,0.20923887,0.20808221,0.20687476,0.20562342,0.2043351,0.20301679,0.20167534,0.20031779,0.19895095,0.1975818,0.19621728,0.19486432,0.19352981,0.19222072,0.19094397,0.18970647,0.18851519,0.18737699,0.18629888,0.18528774,0.18437241,0.1835733,0.18288463,0.18230078,0.18181595,0.18142447,0.18112065,0.18089874,0.18075298,0.18067774,0.18066727,0.18071583,0.18081774,0.1809673,0.18115875
0.17362174,0.17333803,0.17309941,0.17291309,0.17278606,0.1727255,0.17273857,0.17283237,0.17301397,0.17329055,0.17366922,0.17415707,0.17476128,0.17548896,0.17634717,0.1773431,0.17848383,0.1797297,0.18103236,0.18238597,0.18378456,0.18522236,0.1866934,0.18819189,0.18971193,0.19124758,0.19279309,0.19434248,0.19588992,0.19742954,0.1989554,0.20046175,0.20194261,0.20339212,0.20480445,0.20617369,0.20749398,0.20875943,0.20996417,0.21110235,0.2121681,0.21315548,0.21405867,0.21487176,0.21558896,0.21620429,0.21671192,0.21710597,0.21738057,0.21751872,0.21751201,0.21736765,0.2170927,0.21669431,0.21617955,0.21555564,0.21482961,0.2140086,0.2130998,0.21211024,0.21104708,0.20991749,0.2087285,0.20748731,0.20620102,0.2048767,0.20352158,0.20214269,0.20074716,0.19934216,0.19793476,0.19653215,0.19514139,0.1937696,0.19242395,0.19111153,0.18983948,0.18861492,0.18744494,0.18633671,0.18529728,0.18435639,0.18353489,0.18282701,0.18222682,0.18172848,0.18132602,0.18101373,0.18078558,0.18063577,0.18055843,0.18054765,0.1805976,0.18070237,0.18085606,0.18105286
0.17336509,0.1730749,0.17283086,0.17264022,0.17251034,0.17244844,0.17246176,0.17255768,0.17274347,0.17302634,0.17341362,0.17391263,0.17453061,0.17527486,0.17615268,0.1771713,0.1783381,0.17961237,0.18094476,0.18232922,0.18375978,0.18523037,0.18673502,0.18826771,0.1898224,0.19139317,0.19297391,0.19455868,0.19614144,0.19771616,0.19927692,0.20081758,0.20233226,0.2038149,0.20525943,0.2066599,0.20801035,0.20930469,0.21053688,0.21170104,0.21279106,0.21380097,0.21472475,0.21555638,0.2162899,0.21691923,0.2174384,0.2178414,0.2181222,0.21826346,0.21825658,0.21810885,0.21782757,0.21742003,0.2168935,0.21625528,0.21551263,0.21467288,0.21374322,0.21273106,0.21164362,0.21048817,0.20927204,0.20800246,0.20668676,0.20533223,0.2039461,0.2025357,0.20110829,0.1996712,0.19823161,0.19679697,0.19537438,0.19397129,0.19259487,0.19125247,0.18995132,0.18869875,0.18750203,0.18636845,0.1853053,0.18434286,0.18350261,0.18277852,0.18216461,0.18165484,0.18124324,0.18092379,0.18069041,0.18053718,0.18045808,0.18044704,0.18049812,0.18060529,0.18076253,0.18096383
0.17316459,0.17286938,0.17262107,0.17242713,0.17229497,0.17223197,0.17224555,0.17234316,0.17253216,0.17281997,0.17321402,0.1737217,0.17435047,0.17510767,0.17600077,0.17703716,0.17822427,0.17952074,0.18087636,0.18228495,0.18374042,0.18523665,0.1867675,0.18832691,0.18990873,0.19150686,0.19311516,0.19472755,0.1963379,0.1979401,0.19952802,0.2010956,0.20263664,0.20414509,0.20561482,0.20703973,0.20841366,0.20973055,0.21098424,0.21216868,0.21327768,0.21430516,0.21524504,0.21609111,0.21683738,0.21747766,0.21800587,0.21841584,0.21870154,0.21884517,0.21883814,0.21868779,0.2184016,0.21798688,0.21745116,0.21680178,0.21604615,0.21519174,0.21424589,0.21321602,0.21210958,0.21093397,0.20969662,0.20840488,0.20706621,0.20568801,0.20427768,0.2028427,0.20139037,0.1999282,0.19846351,0.19700381,0.19555643,0.19412881,0.19272839,0.19136256,0.19003868,0.18876426,0.18754667,0.18639328,0.18531156,0.18433231,0.1834774,0.18274066,0.18211603,0.18159737,0.18117857,0.18085353,0.1806161,0.18046018,0.18037969,0.1803685,0.18042046,0.18052948,0.18068947,0.18089429
0.17302796,0.17272931,0.17247812,0.17228192,0.1721482,0.17208448,0.17209823,0.17219694,0.17238814,0.1726793,0.17307796,0.17359158,0.17422768,0.17499374,0.17589727,0.17694573,0.17814669,0.17945832,0.18082973,0.18225479,0.18372725,0.18524092,0.18678966,0.18836726,0.18996756,0.19158435,0.19321142,0.19484262,0.1964718,0.1980927,0.19969918,0.20128505,0.20284407,0.20437016,0.20585704,0.20729856,0.20868854,0.2100208,0.21128914,0.21248737,0.21360932,0.21464883,0.2155996,0.21645558,0.21721056,0.21785828,0.21839261,0.21880737,0.21909633,0.21924165,0.2192345,0.21908237,0.2187928,0.21837324,0.2178312,0.21717425,0.21640976,0.21554534,0.21458842,0.21354651,0.21242714,0.21123777,0.20998594,0.20867912,0.20732479,0.20593049,0.2045037,0.2030519,0.20158261,0.20010331,0.19862154,0.19714476,0.19568045,0.1942362,0.19281937,0.19143754,0.19009826,0.18880892,0.18757707,0.18641022,0.18531583,0.18432516,0.18346019,0.18271488,0.1820829,0.18155819,0.18113449,0.18080564,0.18056545,0.18040772,0.1803263,0.18031493,0.18036753,0.18047781,0.18063965,0.18084688
0.17296283,0.17266256,0.17241,0.17221269,0.17207824,0.17201418,0.17202799,0.17212725,0.17231952,0.17261228,0.1730131,0.17352958,0.17416915,0.1749394,0.1758479,0.17690213,0.1781097,0.17942855,0.18080752,0.18224037,0.18372095,0.18524298,0.18680023,0.18838648,0.18999559,0.19162127,0.19325732,0.1948975,0.19653562,0.19816545,0.19978078,0.20137529,0.20294294,0.20447741,0.2059725,0.20742193,0.20881957,0.21015914,0.21143445,0.21263924,0.21376738,0.21481258,0.2157686,0.2166293,0.21738839,0.21803969,0.21857694,0.21899396,0.21928453,0.21943064,0.21942341,0.21927044,0.21897924,0.2185574,0.21801233,0.21735173,0.21658306,0.21571384,0.21475168,0.21370405,0.21257849,0.21138258,0.21012385,0.20880981,0.20744804,0.20604604,0.20461142,0.20315161,0.20167424,0.20018682,0.19869687,0.19721192,0.19573958,0.19428734,0.19286275,0.19147334,0.19012663,0.1888302,0.18759157,0.18641827,0.18531786,0.18432173,0.18345204,0.18270257,0.18206714,0.18153955,0.18111347,0.18078282,0.18054129,0.1803827,0.18030082,0.18028942,0.18034227,0.1804532,0.18061593,0.1808243
0.17297691,0.17267694,0.17242467,0.17222762,0.17209335,0.17202932,0.17204311,0.17214228,0.17233433,0.17262675,0.17302711,0.17354292,0.17418179,0.17495115,0.17585854,0.17691155,0.17811769,0.17943497,0.18081231,0.18224348,0.18372229,0.18524252,0.18679796,0.18838237,0.18998957,0.1916133,0.19324742,0.19488567,0.19652185,0.19814976,0.19976315,0.20135586,0.20292161,0.20445427,0.20594758,0.20739532,0.20879132,0.21012928,0.21140309,0.2126065,0.21373329,0.21477725,0.21573217,0.21659182,0.21735005,0.21800058,0.21853718,0.2189537,0.21924394,0.21938987,0.21938267,0.21922988,0.21893905,0.21851766,0.21797332,0.21731347,0.21654569,0.21567751,0.21471646,0.21367006,0.21254587,0.21135136,0.21009411,0.20878163,0.20742144,0.20602114,0.20458817,0.20313011,0.20165448,0.20016879,0.1986806,0.19719747,0.19572686,0.19427632,0.19285338,0.19146563,0.1901205,0.18882562,0.18758844,0.18641654,0.18531743,0.18432245,0.1834538,0.18270522,0.18207054,0.18154357,0.18111804,0.18078774,0.1805465,0.18038811,0.1803063,0.18029493,0.18034774,0.18045852,0.18062107,0.18082917
0.17307778,0.17278035,0.17253022,0.17233485,0.17220168,0.17213824,0.1721519,0.17225023,0.17244063,0.17273058,0.17312753,0.17363901,0.17427242,0.17503528,0.175935,0.17697906,0.17817497,0.17948106,0.18084675,0.18226579,0.18373203,0.18523936,0.1867816,0.18835257,0.18994613,0.19155608,0.19317634,0.19480072,0.196423,0.1980371,0.19963679,0.20121597,0.20276847,0.20428811,0.20576875,0.20720421,0.20858836,0.209915,0.21117799,0.2123712,0.21348844,0.21452355,0.21547034,0.21632273,0.21707453,0.21771955,0.21825165,0.21866466,0.21895243,0.21909714,0.21909001,0.21893856,0.21865019,0.21823241,0.21769269,0.21703847,0.21627723,0.21541642,0.21446358,0.21342605,0.2123114,0.21112706,0.20988047,0.20857915,0.20723055,0.20584211,0.20442131,0.20297565,0.20151255,0.20003949,0.19856395,0.19709337,0.19563524,0.19419704,0.1927862,0.19141021,0.19007653,0.18879266,0.18756598,0.18640405,0.18531428,0.18432775,0.18346646,0.18272427,0.18209498,0.18157248,0.18115056,0.18082309,0.18058391,0.18042685,0.18034576,0.18033446,0.18038681,0.18049663,0.1806578,0.18086417
0.17327313,0.17298065,0.17273466,0.17254253,0.17241158,0.17234918,0.17236263,0.17245932,0.17264655,0.17293172,0.1733221,0.17382507,0.174448,0.1751982,0.17608303,0.1771098,0.1782859,0.17957035,0.18091339,0.18230893,0.18375088,0.18523325,0.18674992,0.18829487,0.189862,0.19144529,0.1930387,0.19463612,0.19623154,0.19781889,0.19939207,0.2009451,0.20247184,0.20396632,0.2054224,0.20683411,0.2081953,0.20949997,0.21074204,0.2119155,0.21301422,0.21403219,0.21496333,0.21580161,0.21654098,0.21717529,0.21769865,0.21810484,0.2183879,0.21853024,0.21852328,0.21837434,0.2180908,0.21768,0.21714926,0.21650589,0.21575731,0.2149108,0.21397375,0.21295346,0.21185733,0.21069264,0.20946673,0.208187,0.20686078,0.20549539,0.20409818,0.20267648,0.20123766,0.19978903,0.19833797,0.19689181,0.19545789,0.19404353,0.1926561,0.19130296,0.18999143,0.1887288,0.18752252,0.18637985,0.18530817,0.18433803,0.18349107,0.18276119,0.18214233,0.1816285,0.1812136,0.18089154,0.18065636,0.18050191,0.18042214,0.18041101,0.18046251,0.18057054,0.180729,0.18093194
0.17357066,0.17328566,0.17304598,0.17285879,0.17273118,0.17267038,0.17268348,0.1727777,0.17296015,0.17323795,0.17361838,0.17410845,0.17471538,0.17544635,0.17630844,0.1773089,0.17845482,0.17970636,0.18101494,0.18237467,0.18377961,0.18522394,0.18670169,0.18820697,0.1897339,0.19127657,0.19282907,0.19438548,0.19593996,0.19748656,0.1990194,0.20053256,0.20202014,0.20347625,0.20489499,0.20627046,0.20759673,0.20886794,0.21007816,0.21122152,0.21229205,0.21328391,0.21419123,0.21500802,0.21572845,0.21634656,0.21685648,0.2172523,0.21752815,0.21766691,0.21766022,0.21751514,0.21723893,0.21683872,0.21632163,0.21569484,0.21496549,0.21414079,0.21322784,0.21223378,0.2111658,0.21003105,0.2088367,0.20758983,0.20629768,0.20496738,0.20360604,0.20222087,0.20081903,0.19940764,0.19799386,0.19658485,0.19518776,0.19380975,0.19245799,0.1911396,0.18986176,0.18863161,0.18745632,0.18634301,0.18529889,0.18435368,0.18352851,0.18281738,0.18221445,0.18171379,0.18130958,0.1809958,0.18076661,0.18061613,0.18053845,0.18052764,0.1805778,0.18068303,0.18083748,0.18103516
0.17397799,0.17370327,0.17347223,0.17329177,0.17316876,0.17311016,0.1731228,0.17321359,0.17338946,0.1736573,0.17402397,0.17449637,0.17508143,0.17578606,0.17661712,0.17758147,0.17868611,0.17989251,0.18115394,0.18246463,0.18381897,0.18521118,0.18663564,0.18808664,0.18955852,0.19104554,0.19254206,0.19404237,0.19554079,0.1970316,0.19850917,0.19996777,0.2014017,0.20280533,0.20417291,0.20549877,0.20677724,0.20800263,0.20916922,0.21027136,0.21130332,0.2122595,0.21313408,0.21392147,0.21461599,0.21521187,0.21570347,0.21608508,0.21635109,0.2164849,0.21647853,0.2163388,0.21607263,0.2156869,0.21518853,0.21458444,0.2138815,0.21308658,0.21220662,0.21124847,0.21021909,0.2091253,0.20797408,0.20677224,0.20552672,0.20424446,0.2029323,0.20159714,0.20024589,0.19888544,0.19752273,0.19616458,0.19481793,0.19348969,0.1921867,0.19091593,0.18968424,0.18849851,0.18736567,0.18629256,0.18528616,0.1843751,0.18357971,0.18289429,0.18231316,0.1818306,0.18144096,0.18113853,0.18091767,0.1807726,0.18069772,0.18068728,0.18073565,0.18083706,0.18098591,0.18117645
0.17450279,0.1742413,0.1740214,0.17384961,0.17373255,0.17367676,0.1736888,0.17377524,0.17394263,0.17419752,0.17454657,0.17499621,0.1755531,0.17622377,0.17701478,0.17793268,0.17898409,0.18013237,0.18133302,0.18258056,0.1838696,0.18519473,0.18655057,0.18793163,0.18933254,0.19074792,0.1921723,0.1936003,0.19502647,0.19644547,0.19785179,0.19924009,0.20060492,0.2019409,0.20324257,0.20450453,0.20572144,0.20688774,0.20799816,0.2090472,0.21002947,0.21093959,0.21177211,0.21252161,0.2131827,0.21374995,0.21421793,0.21458128,0.21483456,0.21496204,0.21495609,0.21482322,0.21456996,0.21420294,0.21372871,0.21315382,0.21248482,0.21172832,0.21089086,0.209979,0.2089993,0.20795834,0.20686266,0.20571885,0.20453346,0.20331308,0.20206422,0.20079352,0.19950747,0.1982127,0.19691572,0.19562308,0.19434145,0.19307731,0.19183722,0.19062775,0.18945551,0.18832703,0.18724884,0.18622756,0.18526976,0.18440269,0.18364573,0.18299341,0.18244031,0.18198109,0.18161026,0.18132244,0.18111223,0.18097417,0.18090288,0.180893,0.18093897,0.18103555,0.18117717,0.18135853
0.17515273,0.17490762,0.1747015,0.1745405,0.17443077,0.17437848,0.17438976,0.17447078,0.17462768,0.17486663,0.17519374,0.1756152,0.17613721,0.17676583,0.17750725,0.17836763,0.17935313,0.18042944,0.18155481,0.18272412,0.18393236,0.18517439,0.18644518,0.18773966,0.1890527,0.1903793,0.19171438,0.1930528,0.19438955,0.19571953,0.19703765,0.19833891,0.19961813,0.20087034,0.2020904,0.20327324,0.20441383,0.20550705,0.20654786,0.20753115,0.20845187,0.20930499,0.21008535,0.21078792,0.21140765,0.21193944,0.2123782,0.2127189,0.21295641,0.21307607,0.21307062,0.2129462,0.212709,0.21236512,0.21192074,0.21138205,0.21075512,0.2100462,0.20926137,0.20840682,0.20748866,0.20651308,0.20548627,0.2044143,0.20330335,0.20215961,0.20098917,0.19979826,0.198593,0.19737951,0.19616397,0.19495252,0.19375135,0.19256659,0.19140439,0.19027086,0.18917224,0.18811466,0.18710424,0.1861471,0.18524948,0.18443689,0.18372747,0.18311615,0.18259783,0.18216743,0.18181992,0.18155019,0.18135317,0.1812238,0.181157,0.18114772,0.18119082,0.1812813,0.18141407,0.18158402
0.17593546,0.17571013,0.17552058,0.17537251,0.17527165,0.17522356,0.17523395,0.17530845,0.17545271,0.17567241,0.17597319,0.17636073,0.17684063,0.17741865,0.17810035,0.17889145,0.17979757,0.18078722,0.1818219,0.18289703,0.1840079,0.1851499,0.1863183,0.18750845,0.18871571,0.1899354,0.19116285,0.19239345,0.19362247,0.19484524,0.19605722,0.19725356,0.19842975,0.19958104,0.20070279,0.20179035,0.20283906,0.20384423,0.20480122,0.20570533,0.20655192,0.20733638,0.20805395,0.20870003,0.2092699,0.209759,0.21016252,0.21047595,0.21069452,0.21080476,0.21079989,0.2106857,0.21046776,0.21015179,0.20974341,0.20924826,0.20867203,0.20802039,0.20729895,0.2065134,0.20566939,0.20477256,0.20382863,0.20284316,0.2018219,0.20077044,0.19969448,0.19859965,0.19749163,0.19637607,0.1952586,0.19414493,0.19304068,0.19195156,0.1908831,0.18984108,0.18883114,0.18785888,0.18693,0.18605016,0.18522501,0.18447807,0.18382594,0.18326399,0.18278751,0.18239188,0.18207243,0.18182449,0.18164338,0.18152444,0.18146305,0.1814545,0.18149413,0.18157731,0.18169935,0.18185556
0.17685865,0.17665659,0.17648664,0.1763539,0.17626344,0.1762203,0.1762296,0.1762964,0.17642574,0.17662276,0.17689246,0.17723995,0.17767031,0.17818859,0.17879988,0.17950924,0.18032177,0.18120916,0.18213694,0.18310097,0.18409705,0.18512098,0.1861686,0.18723574,0.18831818,0.18941183,0.19051239,0.19161576,0.19271775,0.19381414,0.19490078,0.19597349,0.19702807,0.19806042,0.1990662,0.2000414,0.2009817,0.20188302,0.20274116,0.20355187,0.20431104,0.20501451,0.20565802,0.20623745,0.20674857,0.20718727,0.20754932,0.20783053,0.20802677,0.20812583,0.20812173,0.20801954,0.20782438,0.2075413,0.20717531,0.20673159,0.20621511,0.20563105,0.20498438,0.20428021,0.20352364,0.20271972,0.20187353,0.20099014,0.20007457,0.19913203,0.19816743,0.19718598,0.19619265,0.19519258,0.19419083,0.19319242,0.19220248,0.19122612,0.19026831,0.18933417,0.18842879,0.18755724,0.18672454,0.18593585,0.18519619,0.18452662,0.18394206,0.18343832,0.18301122,0.18265659,0.18237025,0.18214798,0.18198565,0.18187904,0.181824,0.18181634,0.18185188,0.18192641,0.1820358,0.18217583
0.17792994,0.17775492,0.17760767,0.1774927,0.1774143,0.17737697,0.177385,0.17744286,0.17755495,0.17772561,0.17795925,0.17826028,0.17863311,0.1790821,0.17961165,0.1802262,0.18093008,0.18169881,0.18250252,0.18333763,0.18420042,0.1850874,0.1859949,0.18691929,0.18785693,0.18880421,0.18975757,0.19071333,0.19166782,0.19261755,0.19355883,0.19448803,0.19540156,0.1962958,0.19716704,0.19801179,0.19882637,0.19960718,0.20035057,0.20105292,0.20171064,0.2023201,0.20287767,0.20337978,0.20382273,0.20420294,0.20451681,0.20476069,0.20493098,0.20501707,0.20501386,0.20492567,0.20475689,0.20451194,0.2041952,0.20381114,0.20336403,0.20285833,0.20229845,0.20168875,0.20103362,0.20033748,0.19960475,0.19883977,0.19804697,0.19723073,0.1963954,0.19554545,0.19468527,0.19381922,0.19295166,0.19208708,0.19122984,0.19038425,0.18955481,0.18874592,0.18796188,0.18720716,0.18648615,0.18580319,0.18516272,0.18458295,0.18407682,0.18364066,0.18327083,0.18296376,0.18271582,0.1825234,0.18238282,0.18229051,0.18224284,0.18223624,0.182267,0.18233152,0.18242624,0.18254751
0.17915705,0.17901295,0.17889175,0.1787971,0.17873257,0.17870182,0.17870845,0.17875609,0.17884834,0.17898881,0.17918119,0.179429,0.1797359,0.18010554,0.18054147,0.18104738,0.18162683,0.18225966,0.18292126,0.18360868,0.18431892,0.185049,0.18579596,0.18655682,0.18732858,0.1881083,0.18889299,0.18967964,0.1904653,0.19124699,0.19202173,0.19278657,0.19353849,0.19427454,0.19499172,0.19568709,0.19635762,0.19700037,0.19761236,0.19819058,0.19873212,0.19923393,0.19969307,0.20010656,0.20047142,0.20078467,0.20104334,0.20124444,0.201385,0.20145632,0.20145407,0.20138186,0.20124336,0.20104212,0.2007818,0.200466,0.20009835,0.19968244,0.19922197,0.19872044,0.19818155,0.19760887,0.19700605,0.19637674,0.19572447,0.19505292,0.1943657,0.1936664,0.19295868,0.19224614,0.19153237,0.19082104,0.1901157,0.18942004,0.18873765,0.18807212,0.1874271,0.1868062,0.18621305,0.18565124,0.1851244,0.18464753,0.18423118,0.1838724,0.18356821,0.18331562,0.18311168,0.18295337,0.18283775,0.18276183,0.18272263,0.18271717,0.18274248,0.18279555,0.18287346,0.18297324
0.18055376,0.18044472,0.180353,0.18028134,0.18023251,0.18020925,0.18021424,0.1802503,0.18032017,0.18042646,0.18057203,0.18075956,0.18099184,0.18127154,0.1816015,0.18198434,0.18242285,0.18290175,0.18340243,0.1839226,0.18446007,0.18501253,0.18557777,0.18615353,0.18673755,0.18732755,0.1879213,0.18851657,0.18911108,0.18970259,0.19028884,0.19086763,0.19143662,0.1919936,0.19253631,0.19306248,0.19356993,0.19405633,0.19451949,0.19495708,0.19536693,0.19574672,0.19609424,0.19640727,0.19668347,0.19692062,0.19711652,0.19726887,0.19737543,0.19742958,0.19742806,0.19737361,0.19726896,0.19711684,0.19692,0.19668122,0.1964032,0.19608866,0.19574036,0.19536099,0.19495334,0.19452013,0.19406414,0.19358805,0.19309464,0.19258662,0.19206671,0.19153766,0.19100228,0.19046322,0.18992326,0.18938507,0.18885152,0.18832524,0.18780899,0.18730554,0.18681757,0.18634784,0.18589918,0.1854742,0.18507569,0.18471497,0.18440007,0.18412866,0.18389855,0.1837075,0.18355322,0.18343347,0.18334602,0.1832886,0.18325897,0.18325484,0.18327396,0.18331413,0.18337305,0.18344851
0.18211736,0.18204723,0.18198825,0.1819422,0.18191083,0.18189585,0.18189906,0.18192224,0.18196712,0.18203552,0.18212909,0.1822497,0.18239903,0.18257888,0.18279101,0.18303716,0.18331914,0.18362708,0.18394902,0.18428355,0.1846292,0.18498453,0.18534806,0.18571836,0.18609394,0.18647349,0.18685536,0.18723825,0.18762065,0.18800108,0.18837817,0.18875042,0.18911637,0.18947458,0.1898236,0.190162,0.19048831,0.1908011,0.19109887,0.1913802,0.19164366,0.19188781,0.1921111,0.19231223,0.19248961,0.19264185,0.19276755,0.19286518,0.1929333,0.19296776,0.19296637,0.19293094,0.1928633,0.19276512,0.19263814,0.1924842,0.192305,0.1921024,0.19187804,0.19163373,0.19137123,0.19109231,0.19079871,0.1904922,0.19017455,0.18984751,0.18951283,0.18917228,0.18882765,0.18848066,0.18813306,0.18778662,0.18744315,0.18710442,0.18677203,0.18644795,0.18613382,0.18583143,0.1855425,0.18526888,0.18501224,0.18477996,0.1845771,0.18440235,0.18425418,0.18413113,0.18403177,0.18395467,0.1838983,0.18386136,0.18384224,0.1838396,0.18385193,0.18387778,0.18391573,0.18396431
0.18383056,0.18380284,0.18377954,0.18376133,0.18374896,0.18374303,0.18374431,0.18375349,0.18377122,0.18379821,0.18383521,0.18388283,0.18394181,0.18401287,0.18409668,0.18419392,0.18430531,0.18442701,0.18455428,0.18468666,0.18482336,0.18496405,0.18510796,0.18525459,0.18540333,0.18555367,0.1857049,0.18585655,0.18600804,0.18615873,0.18630807,0.18645547,0.18660034,0.18674214,0.18688028,0.18701415,0.1871432,0.18726681,0.18738444,0.18749547,0.18759938,0.18769556,0.1877834,0.18786238,0.18793184,0.18799126,0.18804005,0.18807764,0.18810342,0.18811582,0.18811405,0.18809891,0.18807095,0.18803096,0.1879796,0.18791758,0.18784554,0.18776433,0.1876745,0.18757677,0.18747185,0.18736047,0.18724327,0.18712097,0.18699425,0.18686385,0.18673043,0.1865947,0.18645735,0.18631905,0.18618055,0.18604247,0.18590558,0.18577054,0.18563804,0.18550882,0.1853835,0.18526281,0.1851475,0.18503815,0.18493557,0.18484266,0.18476158,0.18469167,0.1846324,0.18458322,0.18454346,0.18451265,0.18449008,0.18447529,0.18446767,0.1844666,0.18447152,0.18448186,0.18449704,0.18451647
0.18567608,0.18569389,0.18570884,0.18572055,0.1857285,0.18573229,0.1857315,0.18572561,0.18571422,0.18569687,0.1856731,0.1856425,0.1856046,0.1855589,0.18550508,0.18544258,0.18537101,0.18529293,0.18521146,0.18512693,0.18503976,0.1849502,0.18485868,0.1847655,0.18467104,0.18457566,0.1844797,0.18438347,0.18428737,0.18419173,0.18409696,0.18400334,0.18391117,0.18382095,0.18373291,0.18364748,0.18356493,0.18348567,0.1834101,0.18333846,0.18327111,0.18320848,0.18315086,0.18309867,0.18305217,0.18301174,0.18297775,0.18295057,0.18293051,0.18291885,0.18291624,0.1829223,0.18293656,0.18295853,0.18298784,0.18302396,0.1830665,0.18311502,0.18316904,0.18322812,0.18329178,0.18335965,0.18343128,0.18350612,0.1835838,0.18366392,0.18374592,0.18382941,0.18391398,0.18399906,0.1840844,0.1841694,0.18425365,0.18433669,0.18441814,0.18449749,0.18457428,0.1846481,0.18471849,0.18478501,0.18484722,0.18490344,0.18495253,0.18499482,0.18503065,0.18506041,0.18508449,0.18510313,0.18511675,0.18512571,0.18513031,0.18513097,0.18512797,0.18512172,0.18511257,0.1851008
0.18763672,0.18770269,0.18775819,0.18780152,0.18783103,0.18784514,0.18784212,0.18782029,0.18777801,0.18771371,0.18762565,0.18751216,0.18737166,0.18720242,0.18700281,0.18677117,0.18650587,0.18621624,0.18591379,0.18559973,0.18527538,0.18494217,0.18460143,0.18425445,0.18390256,0.18354711,0.1831894,0.18283086,0.18247274,0.18211639,0.1817632,0.18141443,0.18107145,0.18073556,0.18040815,0.18009052,0.17978401,0.17948996,0.17920968,0.17894459,0.1786959,0.17846502,0.17825328,0.17806199,0.17789252,0.1777462,0.17762432,0.17752826,0.17745933,0.17742178,0.177418,0.1774462,0.1775047,0.17759201,0.1777063,0.17784606,0.17800951,0.17819507,0.17840102,0.17862579,0.17886767,0.17912498,0.17939612,0.17967944,0.1799732,0.18027583,0.1805856,0.18090093,0.18122008,0.18154147,0.18186341,0.18218425,0.18250231,0.18281598,0.18312356,0.18342339,0.18371384,0.1839933,0.18425998,0.18451236,0.18474871,0.18496247,0.18514915,0.18530999,0.1854463,0.18555957,0.18565097,0.18572195,0.18577377,0.18580781,0.18582541,0.18582785,0.18581647,0.18579268,0.18575776,0.18571307
0.1896951,0.18981157,0.1899095,0.18998599,0.19003811,0.19006296,0.1900576,0.19001909,0.18994454,0.18983106,0.18967561,0.18947539,0.1892274,0.18892872,0.18857647,0.1881677,0.1876995,0.18718837,0.1866544,0.18609998,0.18552744,0.18493913,0.18433738,0.18372467,0.18310325,0.18247555,0.18184392,0.18121068,0.18057825,0.179949,0.1793252,0.17870934,0.17810364,0.17751063,0.17693254,0.1763718,0.17583075,0.17531179,0.17481722,0.1743494,0.17391077,0.17350367,0.1731304,0.17279336,0.17249498,0.17223753,0.17202339,0.17185496,0.1717346,0.1716697,0.1716643,0.1717154,0.1718201,0.17197542,0.1721785,0.17242645,0.17271627,0.17304504,0.17340995,0.17380793,0.17423609,0.1746916,0.1751714,0.1756727,0.17619245,0.17672786,0.17727588,0.17783368,0.17839828,0.17896678,0.17953627,0.1801038,0.18066648,0.18122138,0.18176548,0.18229598,0.18280993,0.18330437,0.18377641,0.18422312,0.18464155,0.18502007,0.18535058,0.18563534,0.18587683,0.1860773,0.18623917,0.18636483,0.1864566,0.18651688,0.186548,0.18655235,0.18653223,0.1864901,0.18642823,0.18634908
0.19183406,0.19200286,0.19214481,0.19225568,0.19233124,0.19236724,0.1923595,0.19230372,0.19219567,0.19203112,0.19180584,0.1915156,0.19115615,0.19072329,0.19021268,0.18962018,0.18894154,0.1882007,0.18742667,0.18662295,0.18579294,0.18494008,0.18406777,0.18317948,0.18227863,0.18136859,0.18045288,0.17953482,0.17861798,0.17770569,0.1768014,0.17590852,0.1750305,0.17417082,0.1733328,0.17251994,0.17173564,0.17098333,0.17026648,0.16958849,0.1689528,0.1683628,0.16782197,0.1673337,0.16690147,0.16652866,0.16621867,0.165975,0.16580105,0.1657076,0.1657003,0.16577491,0.16592723,0.16615295,0.16644791,0.1668078,0.16722849,0.16770563,0.16823505,0.16881245,0.16943368,0.17009446,0.17079054,0.17151767,0.1722716,0.17304821,0.17384315,0.17465217,0.17547116,0.1762957,0.17712171,0.17794491,0.17876102,0.17956586,0.18035516,0.18112464,0.18187015,0.18258741,0.1832722,0.18392019,0.18452731,0.18507649,0.18555598,0.18596914,0.18631946,0.18661036,0.18684523,0.18702754,0.18716067,0.18724811,0.18729326,0.18729953,0.1872704,0.18720925,0.18711954,0.18700467
0.19403636,0.19425897,0.19444615,0.19459236,0.19469203,0.1947395,0.19472928,0.19465569,0.1945132,0.19429621,0.19399911,0.19361632,0.19314228,0.19257139,0.19189802,0.19111662,0.19022158,0.18924451,0.18822372,0.18716371,0.18606906,0.18494424,0.1837938,0.18262222,0.18143407,0.18023384,0.17902611,0.17781532,0.17660603,0.17540282,0.17421013,0.17303252,0.17187454,0.17074068,0.16963544,0.16856338,0.16752902,0.16653687,0.16559146,0.16469733,0.16385901,0.16308095,0.16236776,0.16172393,0.16115397,0.16066243,0.16025382,0.15993264,0.15970348,0.15958044,0.15957107,0.15966967,0.15987076,0.1601687,0.16055794,0.16103283,0.16158785,0.16221733,0.16291581,0.16367753,0.16449703,0.16536869,0.16628687,0.16724609,0.1682407,0.16926508,0.17031369,0.1713809,0.1724612,0.17354892,0.1746385,0.17572436,0.1768009,0.17786257,0.17890373,0.1799188,0.18090223,0.18184836,0.18275167,0.18360658,0.18440744,0.18513197,0.18576448,0.18630955,0.18677169,0.18715543,0.1874653,0.18770577,0.18788145,0.18799679,0.18805638,0.18806466,0.1880262,0.18794551,0.18782714,0.18767563
0.19628467,0.19656214,0.1967955,0.19697778,0.19710201,0.1971612,0.19714844,0.19705673,0.19687906,0.19660857,0.1962382,0.19576107,0.19517012,0.19445845,0.19361906,0.19264501,0.1915293,0.19031131,0.18903886,0.18771751,0.18635292,0.18495075,0.1835166,0.18205613,0.18057498,0.17907883,0.1775733,0.17606398,0.1745565,0.17305657,0.17156982,0.17010185,0.16865832,0.16724485,0.1658671,0.16453071,0.16324134,0.16200455,0.16082603,0.15971148,0.15866639,0.15769656,0.15680753,0.15600497,0.15529454,0.15468183,0.15417247,0.15377219,0.15348653,0.15333326,0.1533216,0.15344462,0.15369537,0.15406686,0.15455209,0.15514413,0.15583603,0.1566208,0.1574915,0.15844114,0.15946274,0.16054936,0.16169405,0.1628898,0.16412967,0.1654067,0.16671394,0.16804437,0.16939108,0.17074706,0.17210533,0.173459,0.17480104,0.17612447,0.17742239,0.17868784,0.1799138,0.18109329,0.1822194,0.18328512,0.18428352,0.18518674,0.18597527,0.18665476,0.18723091,0.1877093,0.18809557,0.18839535,0.18861437,0.18875815,0.18883242,0.18884276,0.1887948,0.18869424,0.18854669,0.18835776
0.19856171,0.19889475,0.19917484,0.19939362,0.1995427,0.19961375,0.19959843,0.19948834,0.19927517,0.1989505,0.19850603,0.19793332,0.19722408,0.19636989,0.19536245,0.19419338,0.19285433,0.19139251,0.18986526,0.18827938,0.18664159,0.18495867,0.18323745,0.18148458,0.17970693,0.17791122,0.17610422,0.17429273,0.17248347,0.17068328,0.16889884,0.16713698,0.16540444,0.163708,0.1620544,0.16045049,0.15890294,0.15741856,0.15600409,0.15466638,0.15341209,0.15224807,0.15118106,0.15021782,0.1493651,0.1486297,0.14801838,0.14753792,0.14719506,0.14701107,0.14699706,0.14714468,0.14744559,0.14789142,0.14847378,0.14918433,0.15001473,0.1509566,0.15200157,0.15314132,0.15436745,0.1556716,0.15704544,0.15848057,0.15996864,0.16150133,0.16307025,0.16466706,0.1662833,0.16791072,0.16954094,0.1711656,0.1727763,0.17436469,0.17592247,0.17744121,0.17891257,0.18032824,0.18167976,0.18295883,0.18415707,0.18524107,0.18618746,0.18700297,0.18769445,0.1882686,0.18873224,0.18909201,0.18935488,0.18952742,0.18961655,0.18962896,0.18957144,0.18945076,0.18927364,0.18904692
0.20085031,0.20123915,0.20156617,0.20182161,0.20199569,0.20207867,0.20206079,0.20193225,0.20168336,0.20130423,0.20078523,0.20011656,0.19928841,0.19829111,0.1971148,0.19574974,0.19418624,0.19247939,0.1906962,0.18884444,0.18693218,0.18496719,0.18295741,0.1809108,0.1788352,0.17673853,0.17462867,0.17251354,0.17040108,0.16829914,0.16621563,0.16415845,0.16213551,0.16015474,0.158224,0.15635122,0.15454428,0.1528111,0.15115958,0.14959759,0.14813308,0.14677393,0.14552805,0.14440332,0.14340766,0.142549,0.14183515,0.14127414,0.14087377,0.14065886,0.14064243,0.14081477,0.14116608,0.14168657,0.14236648,0.1431961,0.14416564,0.14526533,0.14648545,0.14781617,0.14924775,0.15077044,0.1523745,0.15405016,0.15578762,0.15757716,0.15940897,0.16127336,0.1631605,0.16506064,0.16696408,0.16886097,0.17074162,0.17259623,0.17441502,0.17618832,0.17790624,0.17955911,0.18113713,0.18263054,0.18402961,0.18529522,0.18640022,0.18735242,0.18815976,0.18883014,0.18937139,0.18979152,0.19009839,0.1902999,0.19040395,0.19041842,0.19035128,0.19021036,0.19000356,0.18973884
0.20313312,0.20357767,0.20395151,0.20424354,0.20444258,0.20453742,0.20451695,0.20437005,0.20408545,0.20365207,0.20305873,0.2022943,0.20134759,0.20020741,0.19886267,0.19730212,0.19551472,0.19356343,0.19152483,0.18940794,0.1872218,0.18497542,0.18267784,0.18033813,0.1779653,0.17556836,0.17315635,0.17073835,0.16832335,0.1659204,0.1635385,0.16118675,0.15887411,0.1566097,0.15440246,0.15226148,0.15019579,0.14821438,0.14632633,0.14454068,0.14286645,0.14131264,0.13988829,0.13860252,0.13746424,0.13648255,0.13566652,0.1350251,0.13456737,0.13432166,0.13430288,0.13449983,0.13490142,0.13549644,0.13627368,0.1372221,0.13833047,0.13958761,0.14098239,0.14250366,0.14414023,0.14588101,0.14771472,0.14963032,0.15161659,0.15366235,0.15575647,0.15788783,0.16004522,0.16221745,0.16439342,0.16656198,0.1687119,0.17083208,0.17291132,0.17493851,0.17690249,0.178792,0.18059601,0.18230325,0.18390262,0.18534951,0.18661273,0.18770124,0.18862417,0.1893905,0.1900093,0.19048959,0.19084042,0.19107077,0.19118969,0.19120629,0.19112946,0.1909684,0.190732,0.19042937
0.20539297,0.20589262,0.20631285,0.20664112,0.20686482,0.20697144,0.20694846,0.20678326,0.2064634,0.20597626,0.2053093,0.20445004,0.20338586,0.20210427,0.20059267,0.19883852,0.19682936,0.19463599,0.19234447,0.18996494,0.18750755,0.18498248,0.1823999,0.17976987,0.17710263,0.1744083,0.17169705,0.16897906,0.16626444,0.16356333,0.16088592,0.15824237,0.15564287,0.15309747,0.15061639,0.14820978,0.14588779,0.14366059,0.1415383,0.13953109,0.13764915,0.13590263,0.13430154,0.13285625,0.13157676,0.13047338,0.12955607,0.1288351,0.12832062,0.12804447,0.1280234,0.12824483,0.12869625,0.12936509,0.13023886,0.13130498,0.13255085,0.13396399,0.13553186,0.13724191,0.13908155,0.14103828,0.14309959,0.14525282,0.14748555,0.14978519,0.15213917,0.15453494,0.15696,0.15940182,0.1618478,0.16428538,0.16670209,0.16908535,0.17142259,0.1737013,0.17590892,0.17803293,0.18006074,0.18197985,0.18377769,0.1854041,0.18682405,0.18804766,0.18908511,0.18994655,0.19064215,0.19118203,0.19157635,0.19183528,0.19196899,0.19198762,0.1919013,0.19172019,0.19145451,0.1911143
0.2076125,0.20816639,0.20863222,0.20899606,0.20924406,0.20936225,0.20933673,0.20915368,0.20879908,0.20825908,0.20751978,0.20656726,0.20538762,0.20396699,0.20229138,0.20034695,0.19811979,0.19568846,0.1931483,0.1905106,0.18778658,0.18498752,0.18212467,0.17920929,0.17625262,0.173266,0.1702605,0.1672476,0.16423836,0.1612442,0.15827627,0.15534592,0.15246427,0.1496427,0.14689244,0.14422469,0.14165077,0.13918191,0.13682938,0.13460444,0.13251832,0.13058229,0.12880759,0.12720554,0.12578733,0.12456424,0.12354755,0.12274847,0.12217827,0.1218723,0.12184907,0.12209466,0.122595206,0.12333674,0.124305435,0.12548731,0.12686849,0.1284351,0.13017322,0.13206893,0.1341083,0.13627747,0.13856252,0.14094953,0.14342463,0.14597386,0.14858337,0.1512392,0.15392752,0.15663436,0.15934584,0.16204803,0.16472708,0.16736901,0.16995996,0.17248604,0.17493333,0.17728788,0.17953585,0.18166329,0.18365632,0.1854593,0.18703341,0.18838987,0.18953997,0.19049494,0.19126603,0.19186452,0.19230166,0.19258875,0.19273694,0.19275759,0.19266191,0.19246116,0.19216658,0.19178948
0.2097745,0.21038122,0.21089153,0.21129015,0.21156178,0.21169125,0.21166332,0.21146277,0.21107434,0.2104828,0.20967293,0.20862949,0.20733728,0.20578098,0.20394544,0.20181543,0.19937566,0.19671226,0.19392961,0.19104005,0.18805598,0.18498966,0.18185346,0.1786597,0.17542075,0.1721489,0.16885649,0.16555583,0.16225933,0.15897925,0.15572794,0.15251777,0.14936101,0.14627002,0.14325716,0.14033477,0.13751513,0.13481057,0.13223346,0.12979616,0.12751094,0.12539019,0.12344616,0.121691294,0.12013782,0.118798144,0.11768457,0.11680946,0.116185084,0.115850165,0.115824975,0.11609427,0.11664286,0.11745547,0.11851688,0.11981184,0.121325135,0.123041525,0.12494585,0.12702276,0.12925708,0.13163356,0.13413699,0.13675211,0.13946374,0.14225659,0.14511542,0.1480251,0.15097027,0.15393575,0.15690629,0.15986674,0.16280176,0.16569614,0.1685347,0.17130215,0.17398328,0.1765629,0.1790257,0.1813565,0.18354003,0.1855154,0.18723994,0.18872608,0.1899861,0.19103238,0.19187717,0.19253288,0.19301182,0.19332631,0.1934887,0.19351132,0.19340649,0.19318655,0.19286384,0.19245069
0.2118617,0.2125196,0.21307287,0.21350504,0.2137996,0.21393995,0.21390969,0.21369222,0.21327104,0.21262969,0.21175157,0.21062021,0.20921905,0.20753165,0.20554145,0.20323195,0.20058657,0.1976987,0.19468154,0.19154842,0.18831281,0.18498802,0.18158743,0.17812444,0.17461242,0.1710647,0.16749471,0.16391578,0.16034137,0.15678473,0.15325929,0.14977849,0.14635561,0.14300406,0.13973723,0.13656847,0.13351116,0.13057873,0.12778446,0.12514178,0.12266408,0.12036471,0.118257016,0.11635442,0.114670284,0.11321797,0.11201086,0.11106235,0.110385776,0.11002307,0.109996185,0.1102886,0.110883854,0.111765355,0.11291664,0.11432117,0.115962416,0.117823906,0.11988907,0.12214146,0.12456448,0.12714165,0.12985648,0.13269241,0.13563296,0.13866158,0.14176176,0.14491704,0.14811082,0.15132663,0.15454794,0.15775825,0.16094103,0.16407979,0.16715796,0.17015904,0.17306656,0.17586397,0.17853473,0.18106234,0.18343036,0.18557255,0.18744281,0.18905447,0.19042094,0.19155557,0.19247174,0.19318287,0.19370222,0.19404328,0.19421943,0.19424394,0.19413026,0.19389173,0.19354174,0.19309369
0.2138568,0.21456368,0.21515818,0.21562253,0.21593899,0.21608983,0.2160573,0.21582365,0.21537115,0.214682,0.21373852,0.21252288,0.21101744,0.20920438,0.207066,0.20458451,0.20174217,0.19863924,0.19539736,0.19203088,0.18855424,0.18498178,0.18132778,0.17760678,0.17383304,0.17002095,0.16618495,0.16233933,0.15849853,0.15467688,0.15088877,0.14714858,0.14347064,0.1398694,0.13635923,0.13295445,0.12966941,0.12651858,0.12351628,0.12067688,0.11801478,0.11554433,0.113279924,0.11123592,0.109426685,0.107866615,0.10657007,0.105551444,0.10482509,0.10443601,0.10440777,0.104722604,0.105362795,0.10631057,0.10754819,0.10905796,0.11082204,0.11282279,0.11504235,0.11746306,0.12006714,0.122836865,0.12575446,0.1288022,0.1319623,0.13521706,0.13854875,0.14193957,0.1453718,0.1488277,0.15228948,0.15573944,0.15915988,0.16253296,0.16584097,0.16906616,0.17219079,0.1751971,0.1780674,0.18078384,0.18332878,0.1856311,0.18764113,0.18937324,0.19084185,0.19206128,0.19304591,0.19381016,0.19436835,0.19473489,0.19492418,0.19495052,0.19482833,0.194572,0.19419588,0.19371432
0.21574262,0.21649592,0.2171295,0.21762434,0.2179616,0.21812236,0.2180877,0.21783867,0.21735641,0.216622,0.21561652,0.21432106,0.21271671,0.21078455,0.20850565,0.20586114,0.20283207,0.19952528,0.19607033,0.19248256,0.18877736,0.18496996,0.18107572,0.17711,0.1730881,0.16902529,0.16493696,0.1608384,0.15674497,0.15267195,0.14863473,0.14464855,0.14072882,0.13689075,0.13314977,0.12952116,0.12602028,0.12266237,0.11946283,0.11643694,0.11360006,0.11096752,0.10855462,0.106376655,0.104449004,0.10278699,0.101405874,0.10032104,0.09954779,0.09913401,0.09910477,0.099441186,0.100124285,0.10113522,0.102455035,0.104064815,0.105945684,0.10807874,0.11044502,0.11302562,0.115801655,0.11875422,0.12186434,0.1251132,0.12848179,0.13195127,0.1355027,0.13911715,0.14277576,0.14645956,0.15014967,0.15382716,0.15747315,0.16106871,0.16459492,0.16803287,0.17136368,0.17456836,0.17762806,0.18052389,0.18323688,0.18569128,0.18783407,0.1896806,0.19124621,0.19254617,0.19359584,0.19441059,0.19500566,0.19539642,0.1955982,0.19562627,0.19549604,0.19522275,0.19482177,0.19430843
0.21750182,0.21829864,0.21896876,0.2194922,0.21984892,0.220019,0.2199823,0.21971889,0.21920882,0.21843202,0.21736848,0.21599822,0.21430121,0.2122575,0.20984705,0.20704983,0.20384592,0.20034811,0.19669366,0.19289862,0.18897924,0.18495178,0.18083246,0.17663744,0.17238297,0.16808522,0.16376048,0.15942495,0.15509477,0.15078625,0.14651558,0.14229894,0.13815255,0.13409267,0.13013548,0.12629719,0.122594036,0.11904222,0.11565797,0.11245749,0.10945703,0.10667275,0.10412087,0.101817645,0.09977926,0.098021954,0.09656194,0.09541539,0.09459859,0.09416206,0.094132304,0.09448926,0.09521297,0.096283406,0.097680576,0.09938448,0.10137508,0.10363239,0.106136456,0.108867206,0.11180464,0.114928804,0.11821966,0.12165723,0.12522146,0.12889238,0.13264999,0.13647427,0.14034528,0.1442429,0.14814721,0.15203816,0.15589581,0.15970011,0.16343103,0.1670686,0.17059286,0.17398374,0.17722124,0.18028536,0.18315615,0.18575329,0.18802077,0.18997473,0.1916314,0.193007,0.19411774,0.19497986,0.19560957,0.19602305,0.19623655,0.1962663,0.19612846,0.19583926,0.19541496,0.19487175
0.21911721,0.21995415,0.22065805,0.22120784,0.22158258,0.22176114,0.22172263,0.221446,0.22091018,0.22009423,0.21897715,0.21753782,0.21575537,0.21360865,0.21107677,0.20813864,0.20477332,0.2010993,0.19726053,0.19327413,0.18915705,0.1849264,0.18059914,0.17619234,0.17172307,0.1672084,0.16266528,0.15811081,0.15356205,0.14903599,0.14454968,0.14012021,0.13576455,0.1314998,0.12734297,0.12331108,0.11942122,0.11569038,0.112135656,0.108774066,0.105622634,0.102698416,0.10001846,0.097599775,0.09545945,0.09361448,0.09208195,0.09087884,0.09002226,0.08956523,0.08953539,0.08991183,0.09067348,0.091799304,0.0932683,0.09505949,0.09715185,0.09952437,0.10215601,0.10502582,0.10811272,0.11139575,0.11485386,0.11846606,0.1222113,0.12606864,0.13001701,0.13403545,0.13810287,0.14219835,0.14630081,0.15038927,0.15444268,0.15844011,0.16236049,0.1661828,0.16988604,0.17344922,0.17685129,0.18007126,0.18308814,0.18581751,0.18820038,0.19025382,0.19199483,0.19344047,0.19460778,0.19551377,0.19617552,0.19661011,0.19683443,0.19686566,0.19672082,0.19641694,0.19597103,0.19540018
0.22057144,0.2214448,0.22217931,0.22275299,0.22314401,0.2233304,0.22329019,0.22300151,0.22244242,0.22159098,0.2204253,0.21892342,0.21706344,0.21482345,0.21218143,0.20911558,0.20560393,0.2017701,0.19776429,0.19360428,0.18930785,0.18489282,0.18037696,0.17577806,0.17111394,0.16640235,0.16166113,0.15690802,0.15216084,0.14743742,0.14275551,0.13813287,0.13358736,0.12913671,0.12479883,0.12059136,0.11653216,0.112639055,0.10892977,0.105422154,0.102134004,0.09908303,0.096287094,0.09376403,0.09153152,0.08960745,0.08800953,0.086755626,0.08586352,0.08538843,0.085359156,0.085753776,0.08655033,0.08772697,0.089261666,0.09113257,0.09331775,0.09579522,0.098543145,0.101539545,0.10476247,0.108190075,0.11180036,0.11557143,0.11948137,0.12350824,0.12763014,0.1318251,0.1360712,0.14034657,0.14462925,0.14889729,0.1531288,0.15730184,0.16139448,0.1653848,0.1692509,0.17297083,0.17652264,0.17988445,0.18303433,0.1858841,0.18837208,0.19051608,0.19233389,0.19384329,0.19506207,0.19600804,0.196699,0.1971527,0.19738697,0.19741958,0.19726834,0.19695106,0.19648547,0.19588941
0.22184737,0.22275293,0.22351454,0.22410943,0.22451484,0.22470811,0.22466643,0.22436708,0.22378735,0.22290449,0.22169578,0.22013849,0.21820986,0.21588714,0.21314766,0.20996863,0.20632732,0.20235193,0.1981981,0.1938842,0.1894288,0.18485029,0.18016714,0.17539787,0.17056091,0.16567472,0.16075772,0.15582843,0.1509053,0.1460068,0.14115135,0.13635747,0.1316436,0.12702815,0.12252966,0.118166566,0.1139573,0.10992038,0.10607422,0.10243731,0.09902807,0.095865026,0.09296662,0.090351276,0.08803748,0.08604372,0.08438843,0.08309009,0.08216713,0.08167675,0.08164863,0.08206003,0.08288826,0.08411054,0.08570414,0.08764634,0.0899144,0.09248559,0.09533716,0.09844639,0.10179054,0.105346896,0.109092675,0.11300518,0.1170617,0.12123944,0.1255157,0.12986773,0.13427283,0.13870825,0.14315125,0.14757906,0.15196899,0.15629831,0.16054428,0.1646841,0.16869515,0.17255461,0.1762398,0.17972791,0.1829963,0.18595335,0.188535,0.19075972,0.19264595,0.19421218,0.19547686,0.19645843,0.1971754,0.1976462,0.19788928,0.19792311,0.1977662,0.19743694,0.19695383,0.19633535
0.2229276,0.22386087,0.22464575,0.22525884,0.22567666,0.22587578,0.22583288,0.22552437,0.2249269,0.22401707,0.2227714,0.2211665,0.21917893,0.21678524,0.21396199,0.21068577,0.2069332,0.20283619,0.19855514,0.19410904,0.18951692,0.18479787,0.17997092,0.1750551,0.17006947,0.16503304,0.1599649,0.15488401,0.1498095,0.14476037,0.1397557,0.1348145,0.12995581,0.12519866,0.12056213,0.11606524,0.11172705,0.10756658,0.10360289,0.09985501,0.096342,0.09308286,0.090096705,0.08740251,0.085019335,0.08296625,0.08126229,0.07992644,0.07897783,0.078475155,0.07844891,0.0788756,0.079731815,0.080994144,0.08263918,0.08464343,0.08698355,0.08963602,0.09257747,0.09578442,0.0992335,0.10290126,0.10676426,0.11079906,0.11498226,0.11929041,0.123700105,0.12818787,0.1327303,0.13730402,0.1418855,0.14645138,0.15097818,0.15544254,0.15982099,0.1640901,0.1682264,0.17220657,0.17600708,0.17960455,0.18297553,0.18602549,0.1886883,0.19098292,0.1929284,0.19454387,0.19584829,0.19686072,0.19760019,0.1980858,0.19833653,0.19837143,0.19820957,0.19786996,0.19737169,0.19673377
0.22379495,0.22475097,0.22555497,0.22618295,0.22661094,0.22681494,0.22677092,0.22645493,0.22584297,0.22491091,0.22363497,0.221991,0.21995501,0.21750303,0.21461105,0.21125509,0.20741111,0.20321429,0.1988287,0.19427389,0.1895694,0.18473476,0.17978947,0.174753,0.16964501,0.16448492,0.15929231,0.15408665,0.14888753,0.14371443,0.1385869,0.13352443,0.1285466,0.12367287,0.11892281,0.11431596,0.109871805,0.10560988,0.101549715,0.09771082,0.09411276,0.09077501,0.08771714,0.084958665,0.08251907,0.08041793,0.07867473,0.07730904,0.07634036,0.07582868,0.07580499,0.076245315,0.07712563,0.078421935,0.080110244,0.082166545,0.08456685,0.087287135,0.09030341,0.09359169,0.097127974,0.1008883,0.10484855,0.108984835,0.113273114,0.117689386,0.12220967,0.12680995,0.13146621,0.13615449,0.14085077,0.14553104,0.15017132,0.15474759,0.15923586,0.16361216,0.16785242,0.17193268,0.17582898,0.17951727,0.18297356,0.18610083,0.18883109,0.19118388,0.19317867,0.1948351,0.19617254,0.19721062,0.19796886,0.19846672,0.19872384,0.19875963,0.19859365,0.19824545,0.19773455,0.19708046
0.22443217,0.22540553,0.22622408,0.22686353,0.2272993,0.22750698,0.22746219,0.22714046,0.22651735,0.2255684,0.22426929,0.22259544,0.22052246,0.21802595,0.21508145,0.21166456,0.20775075,0.20347759,0.19901204,0.19437397,0.18958332,0.18465999,0.17962392,0.17449489,0.16929297,0.16403793,0.15874976,0.15344831,0.14815347,0.14288522,0.13766332,0.13250785,0.12743856,0.12247543,0.11763834,0.11294722,0.10842194,0.10408244,0.09994857,0.09604025,0.09237742,0.088979915,0.0858677,0.083060645,0.08057868,0.078441665,0.076669514,0.07528214,0.074299455,0.07378231,0.073762044,0.074214175,0.07511432,0.076437995,0.0781608,0.08025826,0.08270598,0.085479505,0.08855441,0.09190626,0.0955106,0.09934303,0.103379026,0.1075943,0.111964285,0.1164646,0.12107079,0.12575845,0.1305031,0.13528042,0.1400658,0.14483488,0.14956328,0.15422647,0.15880013,0.16325973,0.16758081,0.17173906,0.17570992,0.17946903,0.18299192,0.18617958,0.18896256,0.19136079,0.19339412,0.19508249,0.19644581,0.19750392,0.1982768,0.19878428,0.19904636,0.19908284,0.19891365,0.19855876,0.19803795,0.19737123
0.22482197,0.2258069,0.22663525,0.2272823,0.22772326,0.22793342,0.22788808,0.22756252,0.22693197,0.22597177,0.22465712,0.22296332,0.22086564,0.2183394,0.21535979,0.21190214,0.20794174,0.20361747,0.1990983,0.19440433,0.18955576,0.1845728,0.17947553,0.17428413,0.16901883,0.16369972,0.15834701,0.15298085,0.14762145,0.1422889,0.13700342,0.13178517,0.12665428,0.121630944,0.11673531,0.11198761,0.107407905,0.10301644,0.09883335,0.09487881,0.09117299,0.087736055,0.08458815,0.081749424,0.07924011,0.07708033,0.07529025,0.07389004,0.07289988,0.072381094,0.072365075,0.07282712,0.07374248,0.075086445,0.07683429,0.07896128,0.08144268,0.084253766,0.087369844,0.09076614,0.09441794,0.09830055,0.1023892,0.106659174,0.111085765,0.115644254,0.120309845,0.12505789,0.1298636,0.13470231,0.13954926,0.14437972,0.14916898,0.1538923,0.15852493,0.16304217,0.16741933,0.17163162,0.17565434,0.17946275,0.18303213,0.186262,0.18908188,0.19151185,0.19357212,0.19528285,0.19666423,0.19773635,0.19851948,0.19903368,0.19929922,0.19933617,0.19916478,0.19880517,0.19827747,0.19760191
0.22494707,0.22593747,0.22677037,0.22742097,0.2278644,0.22807574,0.22803015,0.22770278,0.22706875,0.2261032,0.22478133,0.22307818,0.22096893,0.21842873,0.21543269,0.21195593,0.20797364,0.20362537,0.1990808,0.19436018,0.18948388,0.1844722,0.17934547,0.17412393,0.16882798,0.1634778,0.15809381,0.1526963,0.14730552,0.14194183,0.13662554,0.13137695,0.12621634,0.12116405,0.11624035,0.111465625,0.106860116,0.10244415,0.09823804,0.09426203,0.09053656,0.08708183,0.083918184,0.08106595,0.07854539,0.07637686,0.07458063,0.07317703,0.07218635,0.07166998,0.07165917,0.07212905,0.07305476,0.07441142,0.07617421,0.07831822,0.0808186,0.08365051,0.08678904,0.09020939,0.09388664,0.097795956,0.10191246,0.10621131,0.1106676,0.11525654,0.11995317,0.124732725,0.12957026,0.13444096,0.13931996,0.14418234,0.14900331,0.153758,0.1584215,0.16296898,0.16737556,0.1716164,0.17566659,0.17950131,0.18309571,0.1863484,0.18918814,0.19163528,0.19371007,0.19543287,0.19682398,0.19790368,0.19869234,0.1992102,0.19947757,0.19951482,0.19934219,0.19898003,0.19844863,0.19776832
0.22479025,0.2257795,0.22661148,0.22726133,0.22770423,0.2279153,0.22786981,0.22754277,0.22690949,0.22594507,0.2246247,0.22292346,0.22081661,0.21827929,0.21528669,0.21181391,0.20783615,0.20349266,0.1989527,0.19423665,0.1893648,0.18435742,0.17923497,0.17401765,0.16872582,0.1633798,0.15799993,0.15260646,0.14721984,0.14186025,0.13654807,0.1313037,0.12614736,0.12109937,0.116180085,0.11140981,0.10680892,0.10239767,0.0981964,0.094225466,0.09050514,0.08705576,0.083897635,0.08105112,0.07853651,0.07637414,0.07458433,0.07318737,0.072203636,0.071694024,0.0716894,0.072164916,0.07309575,0.07445704,0.076223984,0.078371726,0.08087545,0.0837103,0.08685144,0.09027405,0.09395329,0.09786432,0.10198231,0.10628244,0.110739835,0.115329705,0.12002718,0.12480744,0.12964566,0.13451697,0.13939658,0.14425962,0.14908126,0.1538367,0.15850107,0.16304953,0.16745727,0.17169943,0.17575118,0.17958772,0.18318418,0.18643896,0.18928051,0.19172922,0.19380538,0.19552928,0.19692129,0.19800168,0.19879083,0.19930902,0.19957657,0.19961384,0.19944109,0.19907871,0.19854698,0.19786622
0.22433418,0.22531535,0.22614053,0.22678505,0.22722434,0.22743371,0.22738853,0.22706422,0.22643611,0.22547959,0.22416997,0.22248273,0.2203931,0.21787657,0.21490842,0.21146406,0.20751888,0.2032107,0.19870728,0.19402885,0.18919553,0.18422759,0.17914522,0.17396858,0.16871783,0.16341329,0.15807503,0.15272337,0.14737843,0.14206038,0.13678949,0.1315859,0.12646984,0.121461496,0.11658106,0.11184876,0.10728477,0.10290927,0.098742455,0.09480455,0.091115765,0.08769626,0.08456624,0.0817459,0.079255454,0.07711508,0.07534501,0.07396539,0.07299646,0.07249823,0.07250084,0.07297966,0.07391007,0.07526742,0.07702711,0.07916447,0.0816549,0.084473744,0.08759638,0.090998195,0.094654515,0.09854073,0.102632225,0.10690433,0.11133246,0.11589196,0.12055819,0.12530653,0.13011236,0.134951,0.13979785,0.1446283,0.1494177,0.1541414,0.1587748,0.16329323,0.16767207,0.17188674,0.17591253,0.17972487,0.18329908,0.18653396,0.1893582,0.19179194,0.1938554,0.19556877,0.19695227,0.19802608,0.1988104,0.19932541,0.19959135,0.19962835,0.19945669,0.19909653,0.19856803,0.19789141
0.2235617,0.22452739,0.22533955,0.22597393,0.22640628,0.22661234,0.22656788,0.22624868,0.22563048,0.224689,0.22340006,0.22173937,0.21968272,0.21720582,0.21428451,0.21089445,0.20701145,0.20277092,0.19833778,0.1937319,0.18897328,0.18408178,0.17907737,0.17397995,0.16880946,0.16358586,0.15832901,0.15305887,0.1477954,0.1425585,0.13736808,0.1322441,0.12720646,0.122275114,0.11746998,0.11281097,0.10831803,0.10401109,0.09991006,0.096034884,0.0924055,0.089041784,0.08596373,0.08319124,0.08074421,0.078642614,0.076906346,0.075555354,0.07460957,0.07412757,0.07413854,0.07461821,0.07554234,0.076886706,0.078627035,0.08073908,0.08319864,0.08598145,0.08906326,0.09241982,0.0960269,0.09986024,0.10389565,0.108108796,0.112475514,0.11697153,0.1215726,0.12625447,0.13099292,0.13576369,0.14054255,0.14530523,0.15002751,0.15468515,0.15925388,0.16370949,0.16802768,0.1721843,0.17615502,0.17991568,0.18344192,0.18663369,0.18942025,0.19182159,0.19385754,0.19554809,0.19691312,0.19797263,0.19874647,0.19925466,0.19951701,0.19955353,0.19938417,0.1990288,0.19850735,0.19783975
0.22245547,0.22339794,0.22419055,0.22480963,0.22523159,0.22543268,0.22538932,0.2250778,0.22447444,0.22355565,0.2222977,0.220677,0.21866983,0.21625257,0.21340151,0.21009304,0.20630348,0.20216472,0.1978374,0.19334099,0.18869509,0.18391913,0.17903265,0.17405513,0.16900612,0.16390505,0.1587715,0.15362494,0.1484849,0.14337084,0.1383023,0.13329878,0.12837979,0.12356482,0.11887339,0.11432499,0.10993914,0.10573535,0.10173314,0.09795195,0.09441136,0.09113082,0.08812989,0.08542803,0.08304476,0.08099958,0.07931202,0.078001566,0.07708771,0.0766271,0.07664759,0.0771255,0.07803717,0.079358965,0.081067204,0.08313822,0.08554837,0.08827399,0.09129144,0.094577,0.09810708,0.10185795,0.105806015,0.10992759,0.114199005,0.118596636,0.123096734,0.12767576,0.13230994,0.13697568,0.14164935,0.1463072,0.15092562,0.15548097,0.15994954,0.1643077,0.16853182,0.17259817,0.17648315,0.18016306,0.18361425,0.1867384,0.18946594,0.19181633,0.19380918,0.1954639,0.19680001,0.19783705,0.19859453,0.19909191,0.19934876,0.19938451,0.1992187,0.19887087,0.19836044,0.19770704
0.22099823,0.22190928,0.22267549,0.22327396,0.22368182,0.22387624,0.2238343,0.22353315,0.22294994,0.22206175,0.22084576,0.21927907,0.21733879,0.21500207,0.21224608,0.20904787,0.20538461,0.20138344,0.19719934,0.19285125,0.18835811,0.18373881,0.17901227,0.17419744,0.16931322,0.16437854,0.15941231,0.15443347,0.14946096,0.14451365,0.13961053,0.13477045,0.13001236,0.12535523,0.120817915,0.116419375,0.11217852,0.10811428,0.104245566,0.100591294,0.09717041,0.09400184,0.09110447,0.08849725,0.086199105,0.08422894,0.0826057,0.08134828,0.08047563,0.08004181,0.08007304,0.08054646,0.08143919,0.08272835,0.08439109,0.08640454,0.08874579,0.091391996,0.09432029,0.097507805,0.10093164,0.10456894,0.10839686,0.1123925,0.116532974,0.12079544,0.12515701,0.12959483,0.13408601,0.13860768,0.14313698,0.14765105,0.15212697,0.15654193,0.160873,0.16509734,0.16919208,0.17313436,0.17690127,0.18046996,0.18381757,0.18684833,0.18949431,0.19177446,0.19370772,0.19531298,0.19660915,0.1976152,0.19835003,0.19883254,0.1990817,0.19911638,0.19895554,0.19861808,0.19812296,0.19748907
0.21927933,0.2201527,0.22088723,0.22146095,0.22185199,0.22203833,0.22199817,0.22170946,0.22115035,0.22029887,0.21913314,0.21763122,0.21577117,0.21353103,0.21088897,0.20782298,0.20431115,0.20047502,0.19646281,0.19229268,0.18798299,0.18355183,0.17901747,0.17439814,0.169712,0.1649773,0.1602122,0.15543498,0.15066384,0.14591698,0.14121263,0.136569,0.13200429,0.12753671,0.12318449,0.11896584,0.11489898,0.11100212,0.10729347,0.10379126,0.10051366,0.097478956,0.09470528,0.092210926,0.09001405,0.08813287,0.086585626,0.08539055,0.0845658,0.08416252,0.08420509,0.08467156,0.08554001,0.08678849,0.08839511,0.09033793,0.09259501,0.09514445,0.097964324,0.10103266,0.10432758,0.10782715,0.11150942,0.11535252,0.11933444,0.123433314,0.12762721,0.13189416,0.13621232,0.14055969,0.14491437,0.14925441,0.15355793,0.15780297,0.16196765,0.16602997,0.16996804,0.17375997,0.17738381,0.18081759,0.18403938,0.1869567,0.18950368,0.19169845,0.19355933,0.1951045,0.19635214,0.19732052,0.19802786,0.19849232,0.19873217,0.19876553,0.19861074,0.19828591,0.19780928,0.19719915
0.21740463,0.21823642,0.21893597,0.21948236,0.21985477,0.22003229,0.21999398,0.21971904,0.21918656,0.21837565,0.2172654,0.21583499,0.21406353,0.2119301,0.20941383,0.20649381,0.20314923,0.19949538,0.19567308,0.19169974,0.18759283,0.18336977,0.17904796,0.17464484,0.17017782,0.16566437,0.16112186,0.15656772,0.1520194,0.14749432,0.14300989,0.13858356,0.13423271,0.12997478,0.12582722,0.12180743,0.117932856,0.1142209,0.110689014,0.107354574,0.10423506,0.10134785,0.09871039,0.09634011,0.09425442,0.09247078,0.091006555,0.08987921,0.08910616,0.08873531,0.088789076,0.08924656,0.09008687,0.091289125,0.09283247,0.094695985,0.09685883,0.09930009,0.1019989,0.10493435,0.1080856,0.11143173,0.1149519,0.118625194,0.12243074,0.12634766,0.13035508,0.13443206,0.1385578,0.1427114,0.14687191,0.15101852,0.15513033,0.15918648,0.16316602,0.16704814,0.17081192,0.1744365,0.17790094,0.18118447,0.18426609,0.1870569,0.18949339,0.19159302,0.1933732,0.1948514,0.1960449,0.19697134,0.19764794,0.19809228,0.19832171,0.19835365,0.19820556,0.19789483,0.19743888,0.19685517
0.21538183,0.21616827,0.2168297,0.21734636,0.21769845,0.21786627,0.21783006,0.21757013,0.21706663,0.21629992,0.21525016,0.2138977,0.21222277,0.21020557,0.20782642,0.20506552,0.20190321,0.19844802,0.19483277,0.19107407,0.18718837,0.18319234,0.17910247,0.17493534,0.17070743,0.16643548,0.16213587,0.15782526,0.15352012,0.14923711,0.14499271,0.14080347,0.13668601,0.13265686,0.12873253,0.124929644,0.12126474,0.11775437,0.114415064,0.11126342,0.108315974,0.105589285,0.10309992,0.100864425,0.09889934,0.09722127,0.09584674,0.0947923,0.09407452,0.09373789,0.09380275,0.0942493,0.095057845,0.096208595,0.09768184,0.09945785,0.10151684,0.103839085,0.10640482,0.10919436,0.1121879,0.115365714,0.11870806,0.1221952,0.12580739,0.12952487,0.13332792,0.13719676,0.1411117,0.14505297,0.14900081,0.15293548,0.15683724,0.16068636,0.16446306,0.16814767,0.17172031,0.17516139,0.17845112,0.18156968,0.18449742,0.18714926,0.18946451,0.1914596,0.19315118,0.19455579,0.19568992,0.1965702,0.19721311,0.19763534,0.19785336,0.19788371,0.19774297,0.1974477,0.19701445,0.19645979
0.21321855,0.21395615,0.21457648,0.21506101,0.21539122,0.2155486,0.21551469,0.21527089,0.21479869,0.21407959,0.21309508,0.21182665,0.21025582,0.20836392,0.20613264,0.2035433,0.20057744,0.1973365,0.19394459,0.19041735,0.18677036,0.18301927,0.17917971,0.17526726,0.17129761,0.16728622,0.16324887,0.15920107,0.15515849,0.15113676,0.14715143,0.14321816,0.13935253,0.13557026,0.13188684,0.12831795,0.1248792,0.12158619,0.11845453,0.115499906,0.11273783,0.11018398,0.107853964,0.10576339,0.10392789,0.102363035,0.10108451,0.10010787,0.09944877,0.09914808,0.099223875,0.099657685,0.100430995,0.10152525,0.10292195,0.10460258,0.10654864,0.10874159,0.111162916,0.11379411,0.11661663,0.11961199,0.12276166,0.12604712,0.12944984,0.13295135,0.13653311,0.14017656,0.14386323,0.14757457,0.15129212,0.15499729,0.15867163,0.16229658,0.16585363,0.16932428,0.17268997,0.17593223,0.17903252,0.18197231,0.18473312,0.18723431,0.18941796,0.19129966,0.1928951,0.19421987,0.1952896,0.19611983,0.19672625,0.19712447,0.19733007,0.19735868,0.19722596,0.19694749,0.19653887,0.1960157
0.21092248,0.21160784,0.21218428,0.21263449,0.21294136,0.21308759,0.21305609,0.21282949,0.21239074,0.21172257,0.21080776,0.20962912,0.20816946,0.20641157,0.20433818,0.20193215,0.19917628,0.19616425,0.19301108,0.18973131,0.18633954,0.1828504,0.17927851,0.17563848,0.17194487,0.16821231,0.1644554,0.16068876,0.156927,0.15318468,0.14947651,0.145817,0.14222075,0.13870241,0.13527659,0.13195784,0.12876084,0.12570013,0.12279038,0.120046124,0.11748202,0.11511266,0.11295265,0.11101658,0.109319076,0.107874736,0.106698185,0.105803974,0.10520676,0.104943566,0.10503026,0.10544958,0.10618437,0.10721738,0.10853144,0.11010934,0.11193386,0.11398779,0.116253935,0.11871509,0.12135403,0.124153584,0.1270965,0.13016564,0.1333437,0.13661355,0.13995793,0.14335972,0.14680162,0.15026645,0.15373705,0.15719618,0.1606266,0.16401117,0.16733263,0.17057379,0.1737175,0.17674643,0.17964347,0.1823914,0.184973,0.18731232,0.18935467,0.1911147,0.19260687,0.19384594,0.19484636,0.19562292,0.1961901,0.19656257,0.19675487,0.19678165,0.1966575,0.196397,0.19601484,0.19552559
0.20850126,0.20913129,0.20966111,0.210075,0.21035704,0.21049145,0.2104625,0.21025424,0.20985092,0.20923674,0.20839582,0.20731242,0.20597064,0.20435478,0.20244892,0.20023729,0.19770405,0.19493483,0.19203484,0.18901758,0.18589662,0.18268548,0.17939758,0.17604662,0.17264602,0.16920935,0.16575016,0.16228189,0.15881814,0.15537247,0.15195832,0.14858931,0.1452789,0.14204068,0.13888812,0.1358348,0.1328942,0.13007993,0.12740543,0.12488425,0.12252996,0.12035606,0.118376076,0.116603576,0.11505203,0.113735035,0.112666056,0.111858666,0.11132637,0.111102216,0.11119965,0.11160288,0.11229605,0.113263376,0.114489056,0.11595725,0.1176521,0.11955785,0.1216587,0.12393878,0.12638226,0.12897344,0.13169634,0.13453528,0.13747433,0.1404978,0.14358976,0.14673448,0.14991607,0.1531188,0.15632674,0.15952413,0.16269521,0.16582412,0.16889498,0.17189206,0.17479955,0.17760153,0.18028228,0.18282595,0.18521675,0.18738376,0.18927568,0.19090602,0.19228831,0.19343606,0.19436285,0.19508222,0.1956076,0.1959526,0.19613075,0.19615555,0.19604053,0.19579929,0.19544522,0.19499202
0.20596258,0.20653425,0.20701502,0.20739062,0.20764655,0.20776848,0.2077422,0.20755324,0.20718728,0.20662995,0.20586692,0.20488381,0.20366631,0.20220004,0.20047066,0.1984638,0.19616513,0.19365174,0.19101857,0.18827796,0.18544236,0.18252416,0.17953573,0.17648946,0.17339776,0.170273,0.1671276,0.16397394,0.1608244,0.15769145,0.1545873,0.15152451,0.14851545,0.14557247,0.14270794,0.1399343,0.13726395,0.13470924,0.13228258,0.12999639,0.12786303,0.12589489,0.1241044,0.12250391,0.121105835,0.119922556,0.11896647,0.11824996,0.11778545,0.117601715,0.117709845,0.11809543,0.11874411,0.11964155,0.12077345,0.12212533,0.123682976,0.12543198,0.12735796,0.12944661,0.13168357,0.1340545,0.13654497,0.13914073,0.14182734,0.14459054,0.14741592,0.15028913,0.15319583,0.15612166,0.15905227,0.16197334,0.16487049,0.1677293,0.17053556,0.17327482,0.17593275,0.178495,0.18094727,0.18327506,0.1854642,0.18744902,0.18918194,0.1906752,0.19194126,0.19299254,0.19384144,0.19450027,0.1949815,0.19529754,0.19546068,0.1954834,0.19537808,0.19515711,0.19483282,0.19441766
0.2033141,0.20382467,0.20425406,0.20458946,0.20481804,0.20492698,0.20490347,0.20473473,0.20440789,0.20391011,0.20322868,0.20235062,0.20126326,0.1999537,0.19840917,0.19661683,0.19456382,0.19231841,0.18996474,0.18751404,0.1849775,0.18236631,0.17969166,0.17696473,0.1741968,0.17139897,0.16858248,0.16575852,0.16293828,0.16013302,0.15735383,0.154612,0.1519187,0.14928511,0.14672242,0.14424185,0.14185461,0.13957188,0.13740481,0.13536468,0.13346268,0.13170995,0.13011771,0.12869717,0.12745954,0.12641598,0.12557772,0.12495594,0.12456183,0.12441989,0.124538586,0.12490508,0.12550656,0.12633026,0.12736326,0.1285928,0.1300061,0.13159029,0.1333326,0.13522011,0.13724011,0.13937972,0.14162615,0.1439666,0.1463882,0.14887817,0.1514237,0.15401193,0.15663008,0.15926532,0.16190483,0.16453579,0.16714542,0.16972087,0.17224926,0.17471787,0.17711383,0.17942436,0.1816366,0.1837378,0.18571505,0.18750852,0.18907431,0.19042358,0.1915676,0.19251753,0.19328457,0.19387989,0.19431473,0.19460024,0.19474772,0.19476824,0.19467308,0.19447337,0.19418035,0.19380525
0.20056343,0.20101033,0.20138618,0.20167978,0.20187983,0.20197518,0.20195463,0.20180693,0.2015208,0.20108514,0.20048869,0.19972013,0.19876839,0.19762218,0.19627027,0.19470148,0.19290456,0.19093843,0.18887615,0.1867276,0.18450278,0.18221165,0.17986415,0.17747019,0.17503977,0.17258283,0.17010932,0.16762915,0.16515227,0.1626887,0.16024834,0.15784112,0.15547705,0.153166,0.15091799,0.14874293,0.14665079,0.14465149,0.142755,0.14097127,0.13931026,0.13778189,0.13639612,0.1351629,0.13409223,0.13319397,0.13247812,0.13195463,0.13163343,0.1315345,0.13166368,0.13200977,0.13256155,0.13330778,0.13423726,0.1353388,0.13660108,0.13801299,0.13956328,0.1412407,0.14303404,0.14493208,0.14692368,0.14899749,0.15114237,0.15334707,0.15560044,0.15789117,0.16020809,0.16253997,0.16487555,0.16720368,0.16951309,0.17179261,0.17403097,0.17621702,0.17833948,0.18038711,0.18234877,0.18421316,0.18596911,0.18756263,0.18895388,0.19015273,0.19116923,0.19201323,0.19269475,0.19322371,0.19361007,0.19386378,0.19399478,0.19401304,0.19392844,0.193751,0.1934907,0.19315736
0.1977183,0.19809914,0.19841942,0.19866961,0.19884008,0.19892137,0.19890384,0.19877794,0.19853415,0.1981629,0.19765459,0.19699971,0.19618864,0.19521184,0.19405982,0.1927229,0.19119163,0.18951526,0.18775526,0.18592027,0.18401895,0.18205999,0.18005197,0.17800356,0.1759235,0.1738203,0.17170271,0.16957936,0.16745885,0.16534993,0.16326118,0.16120125,0.15917884,0.15720253,0.15528104,0.153423,0.15163705,0.14993185,0.14831601,0.14679827,0.1453872,0.14409149,0.14291978,0.14188072,0.14098299,0.14023519,0.13964598,0.13922407,0.13897806,0.13892327,0.13906288,0.13938735,0.13988706,0.1405525,0.14137413,0.1423423,0.14344756,0.14468028,0.14603087,0.14748986,0.1490476,0.15069461,0.1524213,0.15421808,0.15607542,0.1579837,0.15993348,0.16191508,0.163919,0.16593571,0.16795556,0.16996905,0.17196663,0.17393866,0.17587566,0.17776805,0.17960626,0.18138075,0.18308191,0.18470024,0.18622613,0.18761179,0.18882154,0.18986401,0.19074793,0.19148184,0.19207446,0.19253443,0.19287041,0.193091,0.19320491,0.1932208,0.1931472,0.19299297,0.19276655,0.19247675
0.19478635,0.1950989,0.19536181,0.19556713,0.19570707,0.19577377,0.1957594,0.19565608,0.19545601,0.19515124,0.19473402,0.1941965,0.1935308,0.1927291,0.19178352,0.1906862,0.18942939,0.18805237,0.18660472,0.18509376,0.18352677,0.181911,0.18025386,0.17856261,0.17684455,0.17510702,0.1733573,0.17160271,0.16985057,0.16810814,0.16638279,0.1646818,0.16301244,0.1613821,0.15979804,0.15826756,0.156798,0.15539666,0.15407081,0.15282777,0.15167491,0.15061945,0.14966875,0.14883013,0.14811085,0.14751825,0.14705963,0.14674233,0.14657362,0.14656402,0.14671399,0.14701568,0.14746122,0.14804277,0.14875248,0.14958254,0.15052506,0.15157223,0.15271619,0.15394907,0.15526302,0.15665019,0.1581028,0.15961291,0.16117275,0.16277443,0.16441011,0.166072,0.16775215,0.16944276,0.17113602,0.172824,0.17449895,0.1761529,0.17777815,0.17936675,0.18091089,0.1824027,0.18383437,0.18519804,0.18648584,0.18765637,0.18867826,0.18955892,0.19030558,0.19092555,0.19142614,0.19181469,0.19209853,0.1922849,0.19238111,0.1923945,0.19233239,0.19220205,0.1920108,0.191766
0.19177523,0.19201756,0.19222136,0.19238056,0.19248904,0.19254072,0.19252959,0.19244951,0.19229436,0.19205812,0.19173467,0.19131798,0.19080187,0.19018033,0.18944728,0.18859659,0.1876222,0.18655333,0.18542722,0.18424976,0.18302688,0.18176453,0.18046856,0.179145,0.17779973,0.17643861,0.17506765,0.17369278,0.17231983,0.1709548,0.16960354,0.16827211,0.16696629,0.1656921,0.1644554,0.16326214,0.16211824,0.16102962,0.16000225,0.15904197,0.15815476,0.15734652,0.15662321,0.15599072,0.15545496,0.15502188,0.15469742,0.15448745,0.15439793,0.1544345,0.15459475,0.15487264,0.15526204,0.15575688,0.15635109,0.15703858,0.15781331,0.1586691,0.15959993,0.16059975,0.16166238,0.16278183,0.16395192,0.1651667,0.16641994,0.16770567,0.16901775,0.17035009,0.17169665,0.17305131,0.174408,0.17576064,0.17710312,0.17842938,0.17973337,0.18100893,0.18225004,0.18345058,0.18460451,0.18570565,0.18674803,0.18769677,0.18852508,0.18923889,0.18984404,0.19034654,0.1907523,0.19106722,0.19129731,0.19144835,0.1915263,0.19153719,0.19148684,0.19138122,0.19122618,0.19102776
0.1886926,0.18886285,0.18900605,0.18911794,0.18919414,0.18923047,0.18922266,0.18916637,0.18905735,0.18889137,0.18866411,0.18837129,0.18800864,0.18757193,0.18705684,0.18645905,0.1857744,0.1850216,0.18422528,0.18338996,0.1825201,0.18162026,0.18069492,0.17974855,0.17878567,0.17781077,0.17682841,0.17584303,0.17485917,0.17388129,0.17291392,0.17196155,0.1710287,0.17011984,0.1692395,0.16839217,0.16758233,0.16681454,0.16609323,0.16542296,0.16480818,0.16425346,0.16376321,0.16334201,0.16299433,0.16272467,0.16253756,0.16243744,0.16242889,0.16251247,0.16268295,0.16293608,0.1632676,0.16367318,0.16414861,0.16468959,0.16529182,0.16595103,0.166663,0.16742338,0.16822797,0.16907242,0.16995253,0.17086397,0.17180249,0.1727638,0.17374362,0.1747377,0.17574175,0.17675154,0.1777627,0.17877105,0.17977223,0.18076207,0.18173619,0.18269038,0.18362033,0.18452181,0.1853905,0.18622215,0.18701245,0.18773344,0.1883629,0.18890531,0.1893652,0.18974705,0.19005543,0.19029474,0.19046953,0.1905843,0.1906436,0.19065185,0.19061358,0.19053328,0.19041552,0.19026469
0.18554612,0.18564273,0.185724,0.18578744,0.1858307,0.1858513,0.18584685,0.18581495,0.18575308,0.18565887,0.18552995,0.18536381,0.18515806,0.18491027,0.18461801,0.18427885,0.18389036,0.18346068,0.18300158,0.18251607,0.18200718,0.181478,0.18093155,0.1803709,0.1797991,0.17921919,0.17863415,0.17804712,0.17746107,0.17687911,0.17630425,0.17573954,0.17518802,0.17465276,0.17413679,0.17364313,0.17317489,0.17273507,0.1723267,0.17195286,0.1716166,0.17132095,0.17106894,0.17086364,0.17070809,0.17060535,0.17055844,0.17057042,0.17064433,0.17077567,0.17095634,0.1711839,0.17145596,0.17177007,0.17212372,0.17251459,0.17294022,0.17339826,0.17388612,0.1744015,0.17494193,0.17550504,0.17608833,0.17668943,0.17730585,0.17793521,0.17857511,0.17922308,0.17987673,0.18053359,0.18119127,0.18184732,0.18249933,0.1831449,0.18378153,0.18440688,0.18501846,0.1856139,0.18619072,0.18674651,0.18727888,0.18776672,0.18819265,0.18855968,0.18887088,0.18912925,0.18933788,0.18949983,0.18961811,0.18969582,0.1897359,0.18974148,0.1897156,0.18966126,0.18958156,0.18947954
0.18234345,0.18236499,0.1823831,0.18239725,0.1824069,0.18241146,0.18241048,0.18240336,0.18238959,0.18236858,0.18233985,0.18230283,0.18225698,0.18220174,0.1821366,0.18206102,0.18197443,0.18187411,0.1817587,0.18162975,0.18148881,0.18133752,0.18117735,0.1810099,0.18083675,0.18065941,0.18047948,0.1802985,0.18011805,0.17993966,0.17976491,0.17959541,0.17943266,0.17927821,0.17913367,0.17900057,0.17888048,0.17877494,0.17868553,0.17861383,0.17856137,0.17852975,0.17852046,0.17853516,0.1785753,0.17864253,0.17873834,0.17886437,0.17902213,0.17920196,0.17939277,0.17959404,0.17980519,0.18002576,0.1802551,0.18049279,0.1807382,0.18099082,0.18125011,0.18151551,0.18178652,0.18206255,0.18234311,0.1826276,0.18291555,0.18320638,0.18349953,0.18379451,0.18409073,0.18438768,0.1846848,0.18498157,0.18527745,0.18557186,0.18586431,0.18615422,0.18644108,0.18672433,0.18700343,0.18727788,0.18754706,0.18779711,0.18801534,0.18820345,0.18836293,0.18849537,0.18860227,0.18868525,0.18874587,0.18878567,0.18880625,0.18880911,0.18879585,0.18876798,0.18872716,0.18867484
0.1790923,0.17903751,0.17899144,0.17895547,0.17893095,0.17891926,0.17892179,0.17893985,0.17897494,0.17902836,0.17910145,0.17919563,0.17931226,0.17945275,0.17961843,0.1798107,0.18003093,0.18026532,0.18049924,0.1807327,0.1809658,0.18119854,0.18143103,0.18166322,0.18189527,0.18212718,0.18235898,0.18259075,0.18282257,0.18305442,0.18328644,0.1835186,0.18375096,0.1839836,0.18421656,0.18444991,0.18468367,0.1849179,0.18515265,0.18538797,0.18562393,0.18586056,0.18609793,0.18633604,0.18657501,0.18681486,0.1870556,0.18729736,0.18754014,0.18776901,0.18796994,0.18814425,0.18829335,0.18841864,0.18852149,0.18860322,0.18866527,0.18870898,0.18873572,0.18874687,0.18874386,0.18872796,0.18870063,0.18866323,0.18861708,0.18856364,0.1885042,0.18844023,0.18837301,0.18830398,0.18823448,0.18816589,0.1880996,0.18803695,0.18797939,0.1879282,0.18788484,0.18785064,0.18782695,0.18781519,0.18781675,0.18782486,0.18783195,0.18783805,0.18784322,0.18784752,0.18785098,0.18785368,0.18785565,0.18785694,0.18785763,0.18785772,0.18785727,0.18785638,0.18785504,0.18785334
0.17580023,0.17566814,0.17555703,0.17547025,0.1754111,0.1753829,0.17538898,0.17543265,0.17551722,0.17564602,0.17582235,0.17604952,0.17633086,0.17666969,0.1770693,0.17753305,0.17806423,0.1786379,0.17922585,0.17982663,0.18043883,0.18106087,0.18169126,0.18232861,0.18297136,0.18361808,0.18426727,0.18491745,0.18556714,0.18621483,0.18685909,0.1874984,0.18813129,0.1887563,0.1893719,0.18997666,0.19056907,0.19114766,0.19171093,0.19225742,0.19278568,0.19329415,0.19378145,0.19424598,0.19468632,0.19510104,0.19548856,0.19584744,0.19617623,0.19645466,0.19666563,0.19681248,0.19689855,0.19692715,0.19690154,0.19682509,0.1967011,0.19653289,0.19632377,0.19607711,0.19579618,0.19548427,0.1951447,0.19478086,0.19439596,0.19399342,0.1935765,0.19314851,0.19271278,0.19227263,0.19183138,0.19139235,0.19095886,0.19053417,0.19012168,0.18972467,0.1893464,0.18899027,0.1886596,0.1883576,0.18808773,0.18785053,0.18764342,0.18746492,0.18731365,0.187188,0.18708654,0.1870078,0.18695025,0.18691249,0.18689299,0.18689026,0.18690288,0.18692929,0.18696806,0.18701766
0.17247498,0.1722647,0.1720879,0.17194973,0.17185558,0.17181073,0.1718204,0.17188989,0.17202452,0.17222953,0.17251018,0.17287178,0.1733196,0.17385893,0.17449504,0.17523317,0.17607868,0.17699529,0.17794113,0.17891327,0.17990862,0.18092418,0.18195695,0.18300381,0.18406177,0.18512785,0.18619896,0.18727209,0.18834421,0.18941231,0.19047333,0.19152425,0.19256206,0.19358365,0.1945861,0.19556631,0.19652125,0.19744796,0.19834332,0.19920434,0.20002799,0.20081125,0.20155106,0.2022444,0.20288831,0.20347968,0.20401543,0.20449266,0.20490825,0.20523661,0.20545764,0.20557658,0.20559879,0.20552944,0.20537391,0.20513743,0.2048253,0.20444277,0.20399511,0.20348766,0.20292564,0.20231433,0.20165907,0.2009651,0.20023768,0.19948211,0.19870368,0.19790761,0.19709925,0.19628388,0.19546674,0.19465308,0.19384825,0.19305749,0.19228607,0.1915393,0.19082245,0.19014078,0.18949959,0.18890415,0.18835972,0.18787442,0.1874507,0.18708557,0.18677598,0.18651892,0.18631138,0.18615028,0.18603258,0.18595532,0.18591543,0.18590987,0.18593563,0.18598965,0.18606895,0.18617047
0.1691242,0.16883515,0.16859199,0.16840206,0.16827267,0.16821097,0.16822428,0.1683198,0.16850491,0.16878675,0.16917259,0.16966973,0.1702854,0.17102687,0.17190138,0.17291622,0.17407864,0.17534095,0.17664771,0.17799424,0.17937596,0.18078834,0.18222673,0.18368654,0.1851632,0.1866521,0.18814865,0.18964829,0.19114636,0.19263831,0.19411954,0.1955855,0.19703153,0.1984531,0.19984555,0.2012043,0.20252484,0.2038025,0.20503268,0.20621079,0.2073323,0.20839259,0.20938696,0.21031103,0.21116,0.21192944,0.21261467,0.21321103,0.21371406,0.21409269,0.21432373,0.21441443,0.21437213,0.21420401,0.21391733,0.21351938,0.21301742,0.21241868,0.21173039,0.21095994,0.21011446,0.20920123,0.20822749,0.20720062,0.20612772,0.20501612,0.20387308,0.20270582,0.20152171,0.20032786,0.1991316,0.19794016,0.19676085,0.19560088,0.19446747,0.19336796,0.19230962,0.19129965,0.19034527,0.18945381,0.18863252,0.18789695,0.18725476,0.18670136,0.18623215,0.18584253,0.18552794,0.1852838,0.18510544,0.1849883,0.18492785,0.18491945,0.18495849,0.18504035,0.18516052,0.18531442
0.16575556,0.16538718,0.16507739,0.16483542,0.1646705,0.16459192,0.16460887,0.16473064,0.16496643,0.16532555,0.1658172,0.16645062,0.16723514,0.1681799,0.16929422,0.1705873,0.17206843,0.1736785,0.17534813,0.17707126,0.1788416,0.18065305,0.18249941,0.18437457,0.1862723,0.18818648,0.19011092,0.19203947,0.19396599,0.19588427,0.19778818,0.19967157,0.2015282,0.203352,0.2051367,0.20687626,0.20856439,0.21019499,0.2117619,0.213259,0.21468,0.21601887,0.21726932,0.21842533,0.21948056,0.22042902,0.22126439,0.22198066,0.22257155,0.22300063,0.22324169,0.22330394,0.22319666,0.2229291,0.22251047,0.22195008,0.22125714,0.22044091,0.21951061,0.2184755,0.2173448,0.21612792,0.21483384,0.21347205,0.21205164,0.21058188,0.20907208,0.20753147,0.20596926,0.20439474,0.20281714,0.20124568,0.19968961,0.19815823,0.1966608,0.19520648,0.19380456,0.19246432,0.19119494,0.1900057,0.18890588,0.18791856,0.18705656,0.18631378,0.18568398,0.18516102,0.18473879,0.18441102,0.18417166,0.18401448,0.18393329,0.18392198,0.18397439,0.18408431,0.18424563,0.18445215
0.16237667,0.16192877,0.16155213,0.1612579,0.16105738,0.16096184,0.16098246,0.16113049,0.16141722,0.16185382,0.16245162,0.16322184,0.16417566,0.16532445,0.16667926,0.16825154,0.17005244,0.17201138,0.17404516,0.17614602,0.1783062,0.18051808,0.18277375,0.18506558,0.18738581,0.18972664,0.19208041,0.19443934,0.19679563,0.19914168,0.20146966,0.20377178,0.20604035,0.20826766,0.21044597,0.21256751,0.21462443,0.21660924,0.21851392,0.22033097,0.22205251,0.2236708,0.22517817,0.22656684,0.227829,0.22895703,0.22994314,0.23077954,0.23145857,0.2319382,0.23218927,0.23222291,0.23205043,0.23168308,0.23113206,0.23040862,0.22952406,0.22848955,0.2273164,0.22601576,0.22459894,0.22307724,0.22146179,0.21976389,0.21799481,0.21616575,0.21428795,0.21237272,0.21043119,0.20847474,0.20651445,0.20456174,0.2026277,0.2007237,0.1988609,0.19705057,0.19530398,0.19363233,0.19204685,0.19055887,0.18917957,0.18793964,0.1868571,0.18592428,0.18513332,0.1844766,0.18394633,0.18353473,0.18323408,0.18303668,0.18293473,0.18292055,0.18298632,0.18312442,0.18332699,0.1835863
0.15899527,0.15846775,0.15802419,0.15767768,0.15744151,0.15732898,0.15735325,0.15752761,0.15786527,0.1583795,0.15908352,0.15999061,0.16111395,0.16246682,0.16406246,0.16591409,0.168035,0.17034307,0.17274128,0.17522024,0.17777061,0.18038316,0.1830485,0.18575738,0.18850037,0.19126827,0.19405168,0.19684131,0.19962782,0.20240189,0.20515426,0.2078755,0.21055643,0.21318755,0.21575977,0.21826358,0.22068971,0.22302885,0.22527167,0.22740893,0.22943118,0.23132919,0.23309365,0.23471512,0.23618439,0.2374922,0.23862904,0.23958576,0.24035294,0.24088323,0.24114421,0.24114929,0.2409115,0.24044423,0.23976068,0.23887415,0.23779774,0.23654479,0.23512854,0.23356219,0.23185906,0.23003225,0.22809517,0.22606096,0.22394286,0.22175413,0.21950807,0.21721786,0.21489675,0.21255796,0.2102148,0.20788041,0.20556813,0.20329115,0.20106274,0.19889608,0.19680448,0.19480118,0.19289939,0.19111235,0.18945332,0.18796058,0.18665732,0.18553427,0.18458205,0.18379141,0.18315299,0.18265745,0.18229558,0.1820579,0.18193519,0.1819181,0.18199733,0.18216352,0.18240741,0.18271959
0.1556189,0.15501201,0.15450159,0.15410288,0.15383118,0.15370165,0.15372959,0.1539302,0.15431874,0.15491043,0.15572047,0.15676422,0.15805678,0.15961346,0.16144945,0.16358003,0.16602042,0.16867709,0.17143911,0.17429556,0.17723553,0.18024811,0.18332244,0.18644767,0.18961282,0.19280697,0.19601937,0.19923897,0.20245495,0.20565641,0.20883247,0.21197222,0.21506472,0.2180991,0.22106448,0.22394994,0.22674467,0.22943768,0.23201807,0.23447497,0.23679751,0.23897481,0.24099585,0.24284989,0.24452592,0.24601312,0.24730054,0.24837731,0.24923253,0.24981336,0.2500844,0.2500609,0.24975799,0.24919103,0.24837518,0.24732572,0.24605785,0.24458683,0.24292791,0.2410963,0.23910719,0.23697594,0.2347177,0.23234771,0.22988126,0.22733353,0.22471978,0.22205518,0.21935509,0.2166347,0.2139092,0.21119383,0.2085039,0.20585458,0.20326112,0.2007388,0.19830279,0.19596837,0.19375075,0.19166519,0.18972692,0.18798177,0.18645819,0.18514524,0.18403204,0.18310772,0.18236133,0.18178208,0.18135893,0.18108109,0.18093765,0.18091767,0.18101028,0.18120459,0.18148968,0.1818547
0.15225537,0.1515693,0.15099232,0.15054168,0.15023452,0.15008812,0.15011968,0.15034646,0.15078567,0.1514545,0.1523702,0.15355001,0.1550111,0.15677075,0.15884617,0.16125455,0.16401315,0.16701698,0.17014132,0.17337367,0.1767016,0.18011266,0.18359433,0.18713416,0.19071972,0.1943385,0.19797805,0.20162588,0.20526962,0.20889671,0.21249469,0.21605116,0.2195536,0.22298954,0.2263466,0.22961216,0.23277391,0.2358193,0.2387359,0.24151121,0.24413277,0.2465882,0.24886487,0.2509505,0.2528325,0.25449845,0.25593585,0.2571323,0.25807527,0.25870654,0.2589876,0.2589356,0.25856793,0.25790167,0.2569541,0.2557425,0.25428393,0.2525958,0.25069526,0.2485995,0.24632576,0.24389121,0.24131317,0.2386089,0.23579548,0.23289022,0.2299103,0.226873,0.22379547,0.220695,0.21758881,0.21449411,0.21142806,0.20840798,0.20545104,0.20257448,0.19979551,0.19713138,0.19459927,0.19221646,0.19000012,0.18800364,0.18626064,0.18475865,0.1834851,0.18242769,0.18157382,0.18091111,0.18042706,0.18010919,0.17994511,0.17992222,0.18002817,0.18025047,0.18057662,0.1809942
0.14891224,0.14814758,0.14750445,0.14700213,0.14665979,0.14649662,0.1465318,0.14678459,0.1472741,0.14801958,0.14904024,0.15035523,0.15198375,0.15394509,0.15625831,0.15894271,0.16201743,0.16536619,0.16885053,0.17245638,0.1761697,0.17997655,0.18386291,0.1878146,0.1918178,0.19585836,0.19992231,0.20399562,0.20806421,0.21211414,0.21613137,0.2201018,0.2240115,0.22784637,0.23159246,0.23523572,0.23876211,0.24215756,0.24540819,0.24849984,0.2514185,0.25415024,0.25668097,0.25899664,0.2610833,0.2629269,0.26451334,0.26582873,0.26685897,0.26754037,0.26783141,0.26775137,0.26731932,0.26655456,0.26547626,0.26410353,0.2624557,0.26055196,0.25841138,0.25605324,0.25349674,0.2507611,0.24786545,0.24482904,0.24167098,0.23841064,0.23506704,0.23165947,0.22820714,0.2247292,0.2212448,0.21777326,0.21433371,0.21094531,0.20762736,0.20439897,0.20127933,0.19828774,0.19544326,0.19276519,0.19027269,0.18802659,0.18606566,0.18437587,0.18294312,0.18175349,0.1807929,0.18004729,0.17950274,0.17914514,0.17896052,0.1789348,0.17905398,0.17930408,0.17967102,0.1801408
0.14559723,0.14475463,0.14404601,0.1434925,0.14311527,0.14293545,0.14297424,0.14325276,0.14379214,0.14461362,0.14573824,0.14718722,0.14898169,0.15114284,0.15369178,0.15664966,0.1600377,0.16372825,0.16756926,0.17154522,0.17564051,0.17983957,0.18412687,0.18848681,0.19290382,0.19736233,0.20184681,0.20634164,0.21083131,0.2153002,0.21973282,0.2241135,0.22842671,0.23265691,0.23678854,0.24080598,0.2446937,0.24843617,0.25201777,0.25542286,0.25863606,0.26164168,0.2644241,0.2669679,0.26925737,0.2712771,0.27301136,0.27444467,0.27556148,0.27629265,0.2765938,0.27648595,0.2759903,0.275128,0.27392018,0.27238807,0.2705527,0.2684353,0.26605704,0.2634391,0.26060247,0.25756848,0.25435817,0.25099277,0.24749339,0.24388117,0.24017732,0.23640296,0.23257922,0.22872727,0.22486833,0.22102343,0.21721381,0.2134606,0.20978495,0.206208,0.20275094,0.19943488,0.196281,0.19331044,0.19054437,0.18805103,0.18587425,0.18399842,0.18240798,0.18108734,0.18002102,0.17919338,0.17858882,0.17819186,0.17798689,0.17795835,0.17809072,0.1783683,0.17877561,0.17929715
0.14231794,0.14139834,0.14062496,0.14002086,0.13960916,0.13941292,0.13945527,0.13975923,0.14034791,0.14124443,0.14247186,0.14405328,0.14601175,0.14837044,0.15115234,0.15438059,0.15807825,0.16210663,0.16630025,0.17064199,0.17511475,0.17970146,0.18438506,0.1891484,0.19397445,0.198846,0.20374611,0.20865759,0.21356335,0.21844634,0.22328946,0.2280756,0.23278767,0.2374086,0.24192122,0.24630858,0.25055343,0.2546388,0.25854748,0.26226255,0.2657668,0.2690431,0.2720745,0.27484372,0.27733383,0.27952766,0.28140813,0.28295818,0.28416064,0.28494126,0.28525248,0.2851173,0.28455895,0.28360033,0.2822647,0.28057513,0.27855456,0.27622622,0.2736131,0.2707384,0.26762506,0.26429638,0.2607752,0.25708473,0.2532481,0.2492883,0.24522848,0.2410917,0.23690103,0.23267959,0.22845049,0.22423674,0.22006148,0.21594775,0.21191876,0.20799741,0.20420693,0.20057034,0.19711076,0.19385125,0.19081493,0.18807735,0.18568732,0.18362771,0.18188146,0.18043146,0.17926069,0.17835191,0.1776882,0.17725235,0.17702729,0.17699598,0.17714126,0.17744605,0.17789328,0.1784659
0.13908209,0.13808656,0.13724934,0.13659537,0.13614967,0.13593723,0.13598305,0.1363121,0.13694939,0.13791993,0.13924871,0.14096066,0.14308086,0.1456342,0.14864577,0.15214054,0.15614346,0.16050486,0.16504602,0.16974832,0.17459323,0.17956202,0.18463622,0.1897972,0.19502635,0.20030509,0.20561482,0.21093695,0.21625288,0.22154403,0.22679174,0.23197751,0.2370827,0.24208872,0.24697699,0.2517289,0.25632584,0.2607492,0.26498047,0.269001,0.27279216,0.27633542,0.2796121,0.28260377,0.28529167,0.2876573,0.289682,0.29134727,0.2926344,0.29346386,0.29378515,0.2936233,0.29300323,0.29194996,0.29048848,0.28864378,0.28644088,0.28390473,0.28106034,0.2779327,0.2745468,0.27092773,0.26710027,0.2630896,0.25892067,0.25461838,0.2502078,0.24571395,0.24116176,0.23657626,0.23198241,0.22740526,0.22286972,0.21840084,0.21402363,0.209763,0.20564403,0.20169164,0.19793089,0.1943867,0.19108415,0.18810593,0.18550582,0.18326518,0.18136548,0.17978804,0.17851436,0.17752571,0.17680366,0.1763295,0.17608465,0.17605057,0.17620865,0.17654023,0.17702678,0.17764969
0.13589731,0.13482715,0.13392715,0.13322416,0.13274506,0.1325167,0.13256593,0.13291968,0.13360475,0.13464804,0.13607639,0.13791673,0.14019582,0.14294061,0.14617792,0.14993465,0.15423766,0.15892644,0.16380922,0.16886596,0.17407657,0.17942096,0.1848791,0.19043092,0.19605626,0.2017352,0.20744754,0.21317327,0.21889232,0.22458458,0.23023003,0.23580863,0.2413002,0.24668474,0.25194216,0.25705242,0.26199543,0.26675108,0.2712994,0.27562025,0.27969354,0.28349927,0.2870173,0.2902276,0.29311004,0.2956447,0.29781133,0.29959,0.30096054,0.3018383,0.30216968,0.30198178,0.30130124,0.3001551,0.29857013,0.29657322,0.2941912,0.291451,0.2883795,0.28500348,0.28134987,0.2774455,0.27331722,0.268992,0.26449648,0.25985777,0.2551027,0.250258,0.24535061,0.24040742,0.23545526,0.23052104,0.2256316,0.22081378,0.21609448,0.21150054,0.20705882,0.20279625,0.19873962,0.19491585,0.19135177,0.18813723,0.18533078,0.18291232,0.18086186,0.17915924,0.17778446,0.17671745,0.17593804,0.17542626,0.175162,0.17512518,0.17529579,0.17565373,0.17617889,0.17685121
0.13277125,0.13162795,0.13066643,0.12991542,0.12940355,0.12915958,0.12921219,0.12959012,0.13032201,0.1314366,0.1329626,0.13492869,0.13736358,0.14029595,0.14375459,0.14776811,0.15236521,0.15737487,0.16259249,0.16799657,0.17356563,0.17927809,0.18511248,0.19104727,0.19706094,0.20313199,0.20923889,0.21536012,0.22147422,0.2275596,0.23359476,0.23955822,0.2454285,0.251184,0.2568032,0.2622647,0.26754692,0.27262822,0.27748728,0.28210256,0.28645235,0.2905154,0.29426995,0.2976947,0.30076805,0.3034684,0.30577436,0.30766436,0.30911693,0.31004223,0.31038383,0.3101706,0.3094311,0.3081942,0.30648842,0.30434254,0.30178532,0.29884535,0.2955514,0.29193217,0.28801635,0.28383264,0.2794097,0.27477634,0.26996124,0.26499298,0.25990036,0.2547121,0.24945684,0.2441633,0.23886022,0.23357625,0.22834015,0.22318053,0.21812622,0.21320581,0.20844805,0.20388165,0.1995353,0.1954377,0.19161755,0.18817158,0.1851631,0.18257059,0.1803725,0.17854732,0.17707355,0.1759297,0.17509419,0.1745456,0.17426229,0.17422281,0.17440571,0.1747894,0.17535238,0.17607312
0.12971163,0.12849686,0.1274752,0.1266772,0.12613337,0.12587413,0.12593004,0.12633157,0.12710923,0.12829351,0.1299149,0.13200392,0.13459103,0.13770673,0.14138156,0.14564596,0.15053047,0.15585366,0.16139843,0.16714185,0.17306107,0.17913312,0.18533505,0.19164397,0.198037,0.2044911,0.21098343,0.21749105,0.22399104,0.23046042,0.23687632,0.24321584,0.249456,0.2555739,0.26154658,0.26735115,0.27296472,0.27836433,0.283527,0.28842992,0.29305,0.29736447,0.30135033,0.30498472,0.30824468,0.31110722,0.31354952,0.31554854,0.31708148,0.31805345,0.31840536,0.31816772,0.31737092,0.3160455,0.31422195,0.3119309,0.30920267,0.3060678,0.30255684,0.2987002,0.2945285,0.29007214,0.28536165,0.28042752,0.27530023,0.27001032,0.26458824,0.25906447,0.2534696,0.24783404,0.24218835,0.23656294,0.2309884,0.22549516,0.22011372,0.21487461,0.20980835,0.20494537,0.20031619,0.19595134,0.19188125,0.18820947,0.18500379,0.18224134,0.1798992,0.17795442,0.17638405,0.1751652,0.17427498,0.17369038,0.17338856,0.1733465,0.17354137,0.17395021,0.17455006,0.17531806
0.12672602,0.12544164,0.12436147,0.12351775,0.12294274,0.12266866,0.12272777,0.12315232,0.12397455,0.12522666,0.12694098,0.12914968,0.13188502,0.13517925,0.13906462,0.1435734,0.14873779,0.15436625,0.1602296,0.16630349,0.17256367,0.17898582,0.18554565,0.19221886,0.19898117,0.20580822,0.21267581,0.21955958,0.22643527,0.23327856,0.24006514,0.24677072,0.25337103,0.25984177,0.26615864,0.27229735,0.27823356,0.28394306,0.28940144,0.29458448,0.29946786,0.30402732,0.3082385,0.31207716,0.315519,0.31853968,0.32111496,0.32322046,0.324832,0.32584986,0.32621208,0.32595086,0.32509857,0.3236874,0.32174957,0.3193173,0.3164229,0.31309858,0.3093766,0.30528915,0.30086854,0.296147,0.29115674,0.28593004,0.28049907,0.27489623,0.2691536,0.2633035,0.25737816,0.25140986,0.24543081,0.23947322,0.23356941,0.22775155,0.22205193,0.21650279,0.21113634,0.20598488,0.2010806,0.19645579,0.19214265,0.18825121,0.1848538,0.18192612,0.17944385,0.17738274,0.17571846,0.17442672,0.17348322,0.17286366,0.17254376,0.17249921,0.17270574,0.173139,0.17377476,0.1745887
0.12396127,0.122612506,0.12147817,0.120592155,0.11998833,0.11970051,0.11976259,0.12020841,0.121071845,0.122386746,0.12418698,0.12650642,0.12937891,0.13283826,0.13691844,0.14165321,0.14707649,0.15298738,0.15914541,0.16552491,0.17210047,0.17884643,0.18573724,0.19274738,0.19985126,0.20702326,0.21423788,0.22146957,0.2286927,0.23588179,0.24301118,0.25005543,0.25698885,0.26378593,0.2704211,0.27686885,0.2831035,0.2890997,0.2948316,0.30027378,0.3054007,0.3101868,0.31460646,0.31863418,0.3222444,0.32541144,0.32810986,0.33031392,0.33199832,0.33305874,0.33343068,0.33314803,0.33224455,0.33075413,0.32871065,0.32614797,0.3231001,0.31960064,0.31568363,0.3113829,0.30673218,0.30176544,0.2965166,0.29101944,0.2853078,0.27941558,0.2733766,0.26722488,0.260994,0.254718,0.24843083,0.24216613,0.23595788,0.22983994,0.22384615,0.21801037,0.21236645,0.2069483,0.20178974,0.19692464,0.1923868,0.18829238,0.18471773,0.1816373,0.17902553,0.17685689,0.17510577,0.17374663,0.17275393,0.17210206,0.17176548,0.17171861,0.1719359,0.1723918,0.17306069,0.1739171
0.12154749,0.1201425,0.118960924,0.118037984,0.11740898,0.11710916,0.117173836,0.11763824,0.11853766,0.119907364,0.12178262,0.12419873,0.1271909,0.13079447,0.13504468,0.13997678,0.14562607,0.15178356,0.15819879,0.1648452,0.17169607,0.17872474,0.18590455,0.1932088,0.20061085,0.20808403,0.21560165,0.22313705,0.23066358,0.23815453,0.24558325,0.25292307,0.26014733,0.26722932,0.2741424,0.28086,0.28735524,0.29360154,0.29957238,0.3052409,0.3105804,0.3155644,0.32016602,0.3243588,0.32811597,0.33141074,0.33421668,0.33650687,0.33825487,0.33935246,0.33973286,0.3394313,0.33848318,0.33692366,0.33478805,0.3321116,0.3289296,0.32527727,0.32118997,0.31670293,0.31185138,0.30667073,0.301196,0.29546267,0.28950605,0.2833612,0.27706358,0.2706484,0.26415086,0.25760627,0.25104997,0.24451718,0.23804316,0.23166321,0.22541259,0.21932659,0.21344042,0.20778942,0.20240882,0.19733392,0.19259997,0.18832828,0.1845989,0.18138514,0.17866035,0.17639782,0.17457089,0.17315295,0.17211723,0.17143714,0.17108597,0.17103708,0.17126378,0.17173941,0.17243728,0.17333074
0.11946744,0.11801404,0.1167917,0.11583694,0.11518625,0.114876114,0.11494301,0.11542341,0.11635385,0.11777077,0.119710684,0.122210085,0.12530544,0.12903322,0.13342997,0.13853212,0.1443762,0.15074612,0.15738307,0.16425945,0.17134756,0.17861988,0.18604867,0.19360644,0.20126542,0.20899814,0.21677688,0.22457403,0.23236196,0.24011306,0.24779972,0.25539428,0.26286918,0.2701967,0.27734932,0.28429928,0.29101908,0.29748118,0.3036577,0.30952117,0.31504393,0.32019842,0.32495695,0.3292919,0.3331757,0.33658072,0.33947918,0.34184363,0.3436464,0.34477612,0.34516367,0.34484607,0.34385931,0.34224024,0.3400252,0.33725065,0.3339531,0.33016905,0.32593504,0.3212874,0.31626284,0.31089768,0.30522847,0.2992917,0.29312378,0.28676134,0.2802407,0.27359852,0.26687118,0.26009518,0.25330698,0.24654318,0.23984016,0.23323442,0.22676247,0.22046082,0.21436587,0.20851421,0.20294233,0.1976866,0.19278364,0.18835922,0.1844965,0.18116781,0.1783456,0.1760022,0.17410995,0.17264132,0.17156854,0.17086418,0.17050046,0.17044984,0.1706846,0.17117722,0.17190005,0.17282544
0.11770388,0.11620938,0.114952505,0.11397078,0.11330169,0.112982795,0.11305155,0.11354557,0.11450227,0.11595924,0.11795398,0.12052403,0.123706855,0.12753995,0.13206095,0.13730732,0.1433165,0.14986657,0.15669146,0.1637628,0.1710521,0.17853095,0.1861709,0.19394353,0.20182048,0.20977318,0.21777329,0.22579236,0.23380196,0.24177364,0.24967892,0.25748953,0.26517686,0.2727126,0.28006825,0.28721535,0.2941256,0.30077034,0.3071214,0.31315023,0.31882834,0.32412744,0.3290189,0.33347446,0.3374656,0.34096396,0.34394103,0.34636843,0.3482177,0.3493744,0.3497683,0.34943682,0.34841755,0.3467479,0.34446552,0.3416078,0.33821228,0.33431655,0.32995808,0.32517445,0.3200031,0.3144816,0.3086474,0.30253807,0.29619116,0.28964412,0.28293455,0.27609983,0.26917762,0.2622054,0.2552206,0.24826092,0.24136369,0.23456652,0.22790696,0.22142246,0.21515056,0.20912878,0.20339465,0.19798566,0.19293939,0.18838547,0.18440971,0.18098359,0.17807876,0.17566676,0.17371917,0.1722075,0.17110334,0.17037836,0.17000398,0.16995186,0.17019354,0.17070061,0.17144458,0.17239703
0.11623949,0.11471091,0.11342534,0.1124212,0.11173686,0.111410685,0.111481026,0.11198631,0.11296486,0.11445507,0.11649535,0.11912398,0.122379445,0.12630007,0.1309242,0.13629025,0.1424366,0.14913622,0.15611722,0.16335046,0.17080678,0.17845711,0.1862724,0.19422351,0.20228133,0.21041673,0.21860066,0.22680399,0.23499759,0.24315244,0.25123933,0.2592293,0.26709306,0.27480167,0.28232586,0.28963667,0.29670495,0.30350164,0.30999753,0.31616357,0.3219707,0.32738984,0.33239177,0.33694747,0.34102774,0.34460363,0.34764588,0.35012555,0.35201335,0.35319272,0.3535917,0.35324886,0.35220242,0.35049087,0.34815252,0.34522575,0.34174886,0.33776045,0.3332987,0.32840207,0.32310885,0.3174575,0.3114863,0.30523378,0.29873812,0.29203787,0.28517127,0.27817678,0.2710928,0.26395756,0.2568096,0.24968721,0.24262878,0.23567267,0.22885726,0.22222093,0.2158021,0.20963906,0.20377024,0.19823399,0.1930687,0.18840726,0.18433765,0.18083066,0.1778572,0.17538826,0.17339464,0.17184728,0.1707171,0.16997498,0.16959178,0.1695384,0.16978578,0.17030479,0.17106633,0.17204136
0.11505706,0.11350094,0.11219224,0.11117001,0.11047333,0.11014126,0.11021289,0.11072724,0.111723445,0.11324049,0.11531751,0.11799352,0.1213076,0.12529886,0.13000628,0.13546903,0.14172608,0.1485465,0.15565349,0.16301742,0.17060865,0.17839752,0.18635432,0.19444956,0.20265342,0.21093635,0.21926874,0.22762083,0.23596308,0.2442658,0.25249934,0.26063403,0.2686403,0.27648842,0.2841488,0.29159176,0.29878774,0.30570698,0.31231987,0.3185968,0.3245081,0.33002415,0.3351152,0.33975178,0.34390405,0.34754252,0.3506375,0.35315922,0.35507825,0.35627577,0.356679,0.35632685,0.35525858,0.35351315,0.3511296,0.3481471,0.34460458,0.34054124,0.3359961,0.3310082,0.32561657,0.31986034,0.31377858,0.3074104,0.30079472,0.2939707,0.2869774,0.27985382,0.27263924,0.2653724,0.25809267,0.2508389,0.24365029,0.23656586,0.22962463,0.22286575,0.21632819,0.21005109,0.2040735,0.1984345,0.19317313,0.18842484,0.1842794,0.18070711,0.17767832,0.17516333,0.17313263,0.17155647,0.17040521,0.16964924,0.1692589,0.16920456,0.16945653,0.16998523,0.17076093,0.1717541
0.11413932,0.11256181,0.11123514,0.11019888,0.10949263,0.109156,0.1092286,0.10975005,0.110759914,0.11229779,0.11440333,0.1171161,0.12047571,0.12452177,0.12929387,0.13483162,0.14117463,0.14808878,0.1552936,0.16275898,0.17045487,0.17835124,0.18641795,0.19462498,0.20294224,0.21133971,0.21978724,0.22825485,0.23671241,0.24512996,0.25347725,0.2617244,0.26984122,0.2777977,0.28556377,0.2931093,0.3004043,0.3074187,0.3141224,0.32048538,0.3264775,0.3320687,0.33722904,0.34192833,0.3461365,0.34982353,0.3529594,0.35551393,0.35745707,0.35866874,0.3590752,0.35871595,0.35763064,0.35585886,0.35344037,0.3504145,0.3468211,0.34269962,0.33808967,0.33303094,0.32756302,0.3217254,0.31555784,0.3090998,0.3023909,0.2954709,0.28837922,0.28115556,0.27383944,0.26647058,0.2590885,0.25173283,0.24444313,0.23725905,0.2302202,0.22336614,0.21673653,0.21037091,0.20430893,0.1985901,0.19325419,0.1884385,0.18423426,0.18061125,0.17753945,0.17498878,0.17292926,0.17133069,0.17016312,0.16939646,0.16900057,0.16894545,0.169201,0.16973722,0.17052393,0.17153114
0.113468975,0.111875884,0.11053606,0.10948955,0.10877629,0.108436376,0.10850968,0.109036274,0.11005613,0.11160925,0.1137356,0.116475224,0.11986808,0.123954184,0.12877351,0.13436608,0.14077182,0.14775446,0.15503071,0.1625702,0.17034256,0.17831743,0.18646441,0.19475314,0.20315321,0.21163431,0.22016601,0.22871795,0.23725979,0.2457611,0.25419155,0.2625208,0.27071837,0.27875397,0.2865972,0.2942177,0.30158508,0.30866897,0.31543902,0.3218648,0.32791597,0.33356217,0.338773,0.3435181,0.3477671,0.3514896,0.35465533,0.35723373,0.35919458,0.3604166,0.3608254,0.36046088,0.3593632,0.35757226,0.35512805,0.3520707,0.34843996,0.3442761,0.3396189,0.33450845,0.3289847,0.32308763,0.3168573,0.31033376,0.30355683,0.29656664,0.28940314,0.28210628,0.27471614,0.26727265,0.25981587,0.25238574,0.24502225,0.23776545,0.23065522,0.22373167,0.21703476,0.21060447,0.2044808,0.19870378,0.19331336,0.18844852,0.18420124,0.18054119,0.17743799,0.17486131,0.1727807,0.17116581,0.16998632,0.16921178,0.1688119,0.16875617,0.16901438,0.16955602,0.17035078,0.17136832
0.113028795,0.11142544,0.110077,0.10902376,0.10830593,0.1079638,0.1080376,0.10856756,0.10959399,0.111157104,0.11329714,0.11605439,0.11946909,0.12358146,0.1284318,0.13406034,0.14050733,0.14753494,0.15485811,0.16244626,0.17026883,0.17829521,0.1864949,0.19483727,0.20329171,0.21182773,0.22041471,0.22902206,0.2376192,0.24617554,0.2546606,0.2630437,0.27129436,0.27938193,0.28727585,0.29494554,0.30236042,0.3094899,0.31630352,0.32277057,0.3288605,0.33454278,0.3397868,0.34456202,0.34883785,0.35258368,0.35576895,0.3583631,0.36033553,0.3615643,0.36197463,0.3616067,0.36050087,0.35869732,0.35623634,0.3531582,0.34950304,0.34531125,0.34062305,0.33547854,0.32991827,0.32398215,0.31771064,0.31114402,0.3043224,0.29728615,0.29007545,0.28273058,0.2752918,0.26779935,0.2602935,0.25281447,0.24540253,0.2380979,0.23094086,0.2239717,0.21723063,0.21075788,0.20459373,0.19877842,0.19335224,0.18845506,0.18417957,0.18049522,0.17737141,0.1747776,0.17268315,0.17105757,0.16987021,0.16909054,0.16868798,0.1686319,0.1688918,0.16943705,0.17023712,0.17126137
0.11280153,0.11119285,0.10983998,0.108783245,0.10806307,0.10771979,0.10779383,0.10832558,0.10935538,0.11092363,0.11307076,0.11583711,0.11926307,0.12338903,0.12825538,0.13390249,0.14037077,0.1474216,0.15476897,0.16238227,0.17023075,0.1782838,0.18651067,0.19488072,0.20336327,0.21192761,0.22054312,0.22917905,0.23780473,0.24638955,0.25490278,0.2633138,0.27159175,0.27970612,0.28762624,0.29532132,0.30276075,0.30991384,0.3167499,0.32323828,0.32934827,0.33504915,0.3403103,0.34510106,0.34939066,0.35314858,0.35634398,0.35894626,0.36092466,0.36215693,0.36256802,0.36219838,0.36108834,0.35927826,0.3568086,0.35371974,0.35005194,0.3458458,0.34114146,0.33597955,0.33040026,0.32444406,0.3181513,0.31156242,0.30471775,0.29765767,0.2904226,0.28305298,0.27558908,0.26807135,0.2605401,0.25303587,0.24559885,0.2382696,0.23108838,0.22409563,0.21733172,0.2108371,0.204652,0.19881697,0.19337231,0.18845844,0.18416835,0.18047146,0.17733702,0.17473434,0.1726328,0.17100163,0.1698103,0.16902792,0.16862398,0.16856772,0.16882847,0.16937564,0.17017841,0.17120618
0.112769894,0.11116048,0.10980699,0.10874978,0.10802926,0.107685834,0.10775989,0.10829188,0.10932215,0.11089113,0.11303924,0.11580685,0.11923438,0.123362236,0.12823081,0.13388047,0.14035174,0.14740579,0.15475656,0.16237336,0.17022547,0.17828219,0.18651283,0.19488677,0.20337321,0.21194153,0.22056098,0.2292009,0.23783056,0.24641939,0.25493652,0.26335132,0.27163318,0.2797513,0.287675,0.29537368,0.30281648,0.30997285,0.31681204,0.32330334,0.32941616,0.33511966,0.3403832,0.3451761,0.3494677,0.35322726,0.35642397,0.35902742,0.36100668,0.36223945,0.36265063,0.3622807,0.36117008,0.35935917,0.35688832,0.35379788,0.35012844,0.34592015,0.34121367,0.3360493,0.33046734,0.32450834,0.3182126,0.31162062,0.30477276,0.29770944,0.290471,0.28309786,0.27563047,0.26810917,0.26057446,0.25306663,0.24562621,0.23829347,0.2311089,0.22411288,0.21734582,0.21084808,0.2046601,0.19882232,0.1933751,0.18845889,0.18416679,0.18046817,0.17733222,0.17472833,0.17262577,0.17099386,0.1698019,0.16901924,0.16861506,0.1685588,0.1688197,0.16936709,0.17017026,0.17119849
0.1129166,0.11131064,0.10996001,0.108905025,0.10818603,0.10784335,0.10791725,0.108448096,0.10947618,0.111041844,0.1131854,0.11594714,0.11936737,0.123486474,0.12834474,0.1339824,0.14043991,0.14747897,0.15481412,0.16241467,0.17025004,0.17828958,0.18650265,0.19485871,0.20332706,0.21187703,0.22047807,0.22909954,0.23771083,0.24628119,0.25478017,0.26317704,0.2714412,0.27954197,0.28744876,0.29513103,0.30255803,0.30969924,0.31652388,0.32300147,0.3291013,0.33479273,0.3400453,0.34482813,0.34911078,0.35286254,0.35605285,0.35865095,0.3606264,0.36185688,0.3622676,0.36189875,0.36079088,0.3589841,0.35651886,0.35343543,0.34977406,0.34557518,0.34087896,0.33572587,0.33015615,0.3242101,0.3179282,0.31135058,0.3045176,0.29746956,0.29024684,0.28288972,0.27543855,0.26793364,0.26041523,0.25292376,0.24549948,0.23818263,0.23101369,0.22403288,0.21728052,0.21079695,0.20462252,0.19879745,0.19336215,0.1884567,0.18417406,0.1804835,0.17735443,0.17475624,0.17265828,0.17102993,0.16984065,0.16905962,0.16865635,0.16860025,0.16886052,0.16940674,0.17020813,0.17123416
0.11322445,0.111625634,0.11028102,0.10923078,0.10851497,0.10817383,0.1082474,0.10877587,0.109799385,0.11135805,0.11349202,0.11624143,0.11964643,0.12374713,0.12858367,0.1341962,0.1406249,0.14763251,0.15493482,0.16250136,0.1703016,0.1783051,0.18648137,0.19479987,0.20323016,0.21174175,0.22030415,0.22888692,0.23745944,0.24599135,0.2544521,0.26281127,0.27103835,0.27910283,0.28697416,0.2946221,0.30201584,0.30912504,0.3159193,0.322368,0.32844073,0.33410695,0.33933628,0.3440981,0.34836194,0.35209742,0.35527402,0.35786116,0.35982847,0.3610542,0.36146387,0.36109748,0.35999528,0.3581973,0.35574377,0.3526748,0.3490306,0.34485117,0.34017676,0.3350474,0.32950327,0.32358456,0.31733134,0.31078386,0.3039821,0.29696637,0.28977665,0.28245318,0.275036,0.26756528,0.26008123,0.25262392,0.24523354,0.23795012,0.23081397,0.22386502,0.21714357,0.21068971,0.20454355,0.19874527,0.19333495,0.18845215,0.1841892,0.18051566,0.17740099,0.17481478,0.17272651,0.17110568,0.16992182,0.1691444,0.16874303,0.16868715,0.16894628,0.16948992,0.17028765,0.17130889
0.113676116,0.11208782,0.110752076,0.10970873,0.10899766,0.108658746,0.108731836,0.109256834,0.110273585,0.111822,0.113941945,0.11667327,0.12005585,0.12412958,0.12893432,0.13450992,0.14089629,0.14785779,0.15511197,0.16262856,0.1703773,0.17832786,0.18645005,0.1947135,0.20308803,0.21154329,0.22004893,0.22857481,0.23709063,0.24556606,0.25397083,0.2622747,0.27044734,0.27845848,0.28627783,0.29387516,0.3012202,0.3082826,0.31503212,0.32143852,0.32747144,0.3331007,0.3382959,0.34302688,0.34726322,0.35097483,0.35413122,0.3567023,0.35865766,0.3598765,0.36028454,0.35992172,0.3588278,0.3570428,0.3546066,0.3515589,0.34793973,0.34378886,0.33914635,0.33405185,0.32854533,0.32266665,0.31645578,0.30995247,0.30319658,0.29622802,0.28908667,0.2818125,0.27444524,0.26702482,0.2595911,0.25218397,0.24484329,0.237609,0.23052078,0.22361869,0.2169426,0.21053231,0.2044277,0.19866866,0.19329508,0.1884454,0.18421143,0.18056282,0.17746936,0.1749007,0.17282659,0.17121676,0.17004094,0.16926886,0.16887017,0.16881467,0.16907203,0.16961199,0.1704043,0.17141862
0.11425439,0.11267956,0.11135514,0.11032064,0.10961557,0.10927954,0.10935202,0.10987258,0.110880725,0.11241601,0.114517964,0.117226124,0.120580025,0.124619216,0.12938319,0.13491157,0.14124377,0.1481462,0.15533873,0.16279142,0.17047417,0.17835705,0.18640997,0.19460298,0.20290604,0.21128911,0.21972226,0.22817539,0.2366185,0.24502155,0.25335464,0.26158765,0.26969063,0.2776335,0.28538635,0.292919,0.30020168,0.30720407,0.31389642,0.3202486,0.32623056,0.33181235,0.33696398,0.34165543,0.34585658,0.34953752,0.3526682,0.35521862,0.35715878,0.3583687,0.3587747,0.35841635,0.35733315,0.3555648,0.35315058,0.35013023,0.34654316,0.34242898,0.33782718,0.3327773,0.32731894,0.32149154,0.3153347,0.30888796,0.30219078,0.29528275,0.28820348,0.28099233,0.27368894,0.26633286,0.2589636,0.25162074,0.24434371,0.23717214,0.23014553,0.2233034,0.21668532,0.21033078,0.20427938,0.19857061,0.19324401,0.18843685,0.1842399,0.18062325,0.17755684,0.17501071,0.17295474,0.17135902,0.1701935,0.16942813,0.16903298,0.16897793,0.16923307,0.16976829,0.17055367,0.1715591
