0.23609108,0.2362291,0.2363451,0.23643576,0.23649755,0.23652697,0.23652063,0.23647499,0.23638669,0.23625217,0.23606803,0.23583071,0.2355369,0.235183,0.23476562,0.23428121,0.23372643,0.2332251,0.23289199,0.23270965,0.23266062,0.23272759,0.23289312,0.23313989,0.23345037,0.23380731,0.23419318,0.23459063,0.23498234,0.23535085,0.23567875,0.23594868,0.23614317,0.23624496,0.23623656,0.23610058,0.23581964,0.2353763,0.23475325,0.23393302,0.23289831,0.23163158,0.23011553,0.2283327,0.22626582,0.22389738,0.22121002,0.21818635,0.21480896,0.21128525,0.20783202,0.20444575,0.20112295,0.19786024,0.1946541,0.19150104,0.18839766,0.18534042,0.18232597,0.17935072,0.17641129,0.17350419,0.17062594,0.16777314,0.1649422,0.16212979,0.15933236,0.15654649,0.15376872,0.15099554,0.14822352,0.14544919,0.14266911,0.13987976,0.13707773,0.13425952,0.1314217,0.12856078,0.12567334,0.122755796,0.11980483,0.11701859,0.1145861,0.112489924,0.11071265,0.1092369,0.10804529,0.10712041,0.10644488,0.106001295,0.105772234,0.10574034,0.10588821,0.10619843,0.10665364,0.107236385
0.2364578,0.23659845,0.23671669,0.23680906,0.236872,0.23690209,0.23689559,0.23684911,0.23675907,0.23662196,0.23643424,0.23619246,0.23589294,0.23553225,0.23510681,0.23461318,0.23404771,0.2335351,0.23319066,0.2329971,0.23293689,0.23299271,0.2331471,0.2333827,0.23368213,0.23402795,0.23440279,0.2347892,0.23516983,0.23552723,0.23584405,0.23610285,0.23628627,0.23637691,0.23635727,0.23621006,0.2359179,0.23546323,0.23482886,0.23399724,0.23295099,0.23167278,0.23014505,0.2283506,0.22627194,0.22389168,0.22119236,0.21815664,0.21476708,0.2112319,0.20776853,0.2043734,0.201043,0.19777377,0.19456223,0.19140482,0.18829797,0.18523824,0.18222202,0.17924581,0.17630616,0.17339937,0.17052202,0.16767055,0.16484149,0.16203123,0.15923625,0.15645304,0.15367809,0.15090786,0.14813878,0.14536732,0.14259002,0.13980329,0.13700363,0.13418746,0.1313513,0.12849164,0.12560488,0.12268751,0.11973605,0.11694903,0.11451583,0.112419054,0.11064127,0.10916512,0.10797317,0.10704804,0.106372304,0.10592858,0.105699465,0.105667576,0.105815485,0.10612579,0.1065811,0.10716405
0.23676619,0.23690906,0.23702918,0.23712306,0.23718695,0.2372175,0.2372109,0.23716365,0.23707224,0.23693298,0.23674232,0.2364966,0.23619238,0.235826,0.23539388,0.23489232,0.23431794,0.23379578,0.23344193,0.23323885,0.23316923,0.23321564,0.23336068,0.23358695,0.23387711,0.23421356,0.23457909,0.23495619,0.23532748,0.23567557,0.23598306,0.23623256,0.23640667,0.23648784,0.23645884,0.23630217,0.23600054,0.2355364,0.23489244,0.23405118,0.2329953,0.23170738,0.23016997,0.22836566,0.22627704,0.22388682,0.22117747,0.21813162,0.21473187,0.211187,0.20771512,0.20431255,0.20097573,0.19770107,0.19448498,0.19132385,0.18821415,0.18515229,0.18213466,0.17915761,0.17621769,0.1733112,0.17043461,0.16758434,0.16475679,0.16194832,0.15915541,0.15637447,0.1536019,0.15083411,0.14806749,0.14529847,0.14252353,0.13973899,0.1369413,0.13412689,0.13129213,0.12843347,0.12554733,0.1226301,0.11967819,0.11689052,0.11445673,0.112359464,0.11058125,0.109104745,0.107912526,0.10698716,0.10631128,0.105867445,0.10563828,0.10560638,0.10575434,0.1060647,0.10652013,0.10710318
0.2370071,0.23715165,0.23727328,0.23736824,0.237433,0.23746386,0.23745723,0.23740941,0.23731682,0.23717587,0.23698287,0.2367342,0.2364263,0.23605537,0.23561801,0.23511042,0.23452899,0.23399943,0.23363817,0.23342769,0.23335075,0.23338982,0.23352753,0.23374651,0.23402928,0.23435853,0.23471679,0.23508665,0.23545064,0.23579147,0.2360917,0.23633385,0.23650062,0.23657449,0.23653814,0.23637415,0.23606512,0.23559354,0.23494211,0.23409338,0.2330299,0.23173444,0.23018937,0.22837733,0.22628108,0.22388302,0.22116584,0.21811207,0.2147044,0.21115197,0.20767342,0.20426503,0.20092319,0.19764425,0.1944246,0.19126062,0.18814869,0.18508516,0.18206635,0.17908876,0.17614861,0.17324236,0.17036636,0.167517,0.1646906,0.16188358,0.15909228,0.1563131,0.15354237,0.15077652,0.1480118,0.1452447,0.14247155,0.13968873,0.1368926,0.13407955,0.13124588,0.12838805,0.12550238,0.12258524,0.11963301,0.11684481,0.11441059,0.11231292,0.11053438,0.10905761,0.10786514,0.10693963,0.10626359,0.105819695,0.105590485,0.10555859,0.10570654,0.106016986,0.1064725,0.107055664
0.23717123,0.23731706,0.23743963,0.2375354,0.23760064,0.23763178,0.23762508,0.23757686,0.23748353,0.23734142,0.23714687,0.23689619,0.23658568,0.23621176,0.23577075,0.23525897,0.23467286,0.23413818,0.23377183,0.23355636,0.23347442,0.23350851,0.23364125,0.23385522,0.23413306,0.23445737,0.23481062,0.2351755,0.23553458,0.23587042,0.23616572,0.2364029,0.23656467,0.23663358,0.2365922,0.2364232,0.23610908,0.23563246,0.23497596,0.2341221,0.23305352,0.23175283,0.23020257,0.22838537,0.22628382,0.22388045,0.2211579,0.21809877,0.21468563,0.21112812,0.20764497,0.20423263,0.20088738,0.19760555,0.19438349,0.19121756,0.18810408,0.18503942,0.18201987,0.17904179,0.17610154,0.17319544,0.17031987,0.1674711,0.16464552,0.16183946,0.15904926,0.15627128,0.1535018,0.15073721,0.14797388,0.14520808,0.14243618,0.1396545,0.13685943,0.13404727,0.13121437,0.12835708,0.12547173,0.12255467,0.1196022,0.116813675,0.11437913,0.11228119,0.11050244,0.109025456,0.107832864,0.106907204,0.10623111,0.105787136,0.105557896,0.10552599,0.10567397,0.10598448,0.10644005,0.107023284
0.23724954,0.23739584,0.23751888,0.23761503,0.23768057,0.23771182,0.23770507,0.2376567,0.23756298,0.23742029,0.237225,0.23697335,0.23666164,0.23628633,0.23584355,0.23532985,0.2347414,0.23420434,0.23383555,0.23361775,0.23353335,0.2335651,0.23369545,0.23390707,0.23418254,0.23450443,0.23485535,0.23521785,0.2355746,0.23590808,0.23620096,0.23643579,0.23659521,0.2366617,0.236618,0.23644657,0.23613003,0.23565108,0.23499209,0.2341358,0.23306474,0.23176162,0.23020889,0.22838922,0.22628513,0.22387928,0.22115411,0.21809243,0.21467671,0.21111672,0.20763144,0.20421721,0.20087029,0.1975871,0.19436389,0.19119702,0.1880828,0.18501756,0.18199767,0.1790194,0.1760791,0.17317308,0.1702977,0.1674492,0.16462402,0.16181843,0.15902877,0.15625134,0.15348247,0.15071851,0.14795579,0.14519057,0.1424193,0.1396382,0.13684362,0.1340319,0.13119936,0.12834233,0.12545712,0.12254008,0.11958753,0.11679879,0.11436412,0.11226608,0.11048721,0.10901014,0.10781745,0.10689176,0.10621562,0.10577163,0.105542384,0.105510466,0.10565846,0.105968975,0.10642455,0.10700784
0.23723267,0.23737885,0.2375018,0.23759787,0.23766337,0.23769456,0.23768783,0.23763952,0.23754585,0.2374033,0.23720816,0.23695672,0.23664525,0.23627023,0.23582788,0.23531461,0.23472664,0.23419005,0.23382182,0.23360449,0.23352066,0.23355286,0.2336838,0.2338959,0.23417188,0.23449428,0.23484567,0.23520875,0.23556599,0.2359,0.23619336,0.23642868,0.23658861,0.23665568,0.2366124,0.23644152,0.23612554,0.23564705,0.23498856,0.23413287,0.23306237,0.23175974,0.23020753,0.22838837,0.22628486,0.22387949,0.22115497,0.21809384,0.21467863,0.21111919,0.20763436,0.20422055,0.20087399,0.19759108,0.19436811,0.19120143,0.18808739,0.1850223,0.18200245,0.17902425,0.17608394,0.1731779,0.17030247,0.16745394,0.16462867,0.16182296,0.1590332,0.15625563,0.15348662,0.15072253,0.14795968,0.14519437,0.14242294,0.1396417,0.13684702,0.13403521,0.1312026,0.1283455,0.12546027,0.122543246,0.11959071,0.11680204,0.11436736,0.11226932,0.11049049,0.10901345,0.10782079,0.106895074,0.106218964,0.10577498,0.10554574,0.10551382,0.105661795,0.1059723,0.10642789,0.10701117
0.23711143,0.23725678,0.23737897,0.23747447,0.23753953,0.23757054,0.2375639,0.23751584,0.23742276,0.23728107,0.23708706,0.23683712,0.23652759,0.23615484,0.23571506,0.23520482,0.23462042,0.23408762,0.2337231,0.23350947,0.23342931,0.23346524,0.23359984,0.23381561,0.23409526,0.23442133,0.23477642,0.2351431,0.23550397,0.23584168,0.2361387,0.23637773,0.23654132,0.23661205,0.23657252,0.23640531,0.236093,0.23561825,0.23496363,0.23411167,0.23304495,0.23174612,0.23019773,0.22838245,0.22628284,0.22388141,0.2211608,0.21810363,0.21469246,0.2111368,0.20765536,0.20424443,0.2009004,0.19761963,0.19439846,0.19123326,0.18812035,0.18505609,0.18203682,0.1790589,0.1761187,0.17321256,0.17033681,0.16748783,0.16466194,0.16185555,0.15906493,0.15628652,0.15351659,0.15075155,0.14798768,0.14522143,0.14244907,0.13966697,0.1368715,0.13405903,0.13122587,0.12836838,0.12548289,0.12256579,0.11961345,0.116825014,0.11439058,0.11229276,0.11051408,0.109037176,0.10784461,0.106919006,0.10624296,0.105799,0.105569795,0.10553786,0.10568583,0.105996296,0.10645187,0.10703507
0.2368767,0.23702031,0.23714113,0.23723552,0.23729979,0.23733045,0.23732382,0.23727636,0.23718442,0.23704435,0.23685262,0.23660554,0.23629966,0.2359312,0.23549661,0.23499234,0.23441473,0.23388919,0.23353186,0.23332547,0.23325245,0.2332955,0.23343721,0.23366012,0.23394689,0.23428005,0.23464222,0.23501599,0.23538393,0.23572873,0.23603292,0.236279,0.23644972,0.2365276,0.23649523,0.23633517,0.23603013,0.23556262,0.2349152,0.23407054,0.23301116,0.23171979,0.23017888,0.228371,0.2262789,0.22388504,0.22117211,0.21812266,0.21471927,0.21117096,0.20769599,0.20429072,0.20095164,0.19767499,0.1944573,0.19129488,0.18818413,0.1851215,0.18210335,0.17912602,0.17618601,0.17327964,0.17040333,0.16755347,0.16472644,0.16191864,0.15912649,0.15634635,0.1535746,0.15080768,0.14804196,0.14527382,0.1424997,0.13971594,0.13691896,0.13410516,0.1312709,0.12841263,0.12552671,0.12260951,0.11965747,0.116869554,0.11443557,0.1123381,0.11055977,0.10908311,0.107890785,0.10696536,0.10628941,0.10584554,0.10561637,0.10558445,0.105732396,0.10604283,0.10649828,0.10708138
0.23651916,0.23666026,0.23677887,0.23687156,0.23693468,0.23696478,0.2369583,0.23691168,0.23682137,0.23668388,0.23649557,0.23625296,0.23595251,0.23559071,0.23516394,0.23466873,0.23410149,0.23358694,0.23324071,0.23304515,0.23298314,0.23303705,0.23318961,0.2334234,0.23372093,0.23406488,0.23443785,0.23482242,0.23520118,0.23555678,0.23587172,0.23612869,0.23631024,0.236399,0.2363775,0.23622844,0.2359343,0.2354778,0.23484147,0.23400798,0.2329598,0.23167966,0.23015004,0.22835362,0.22627293,0.22389069,0.2211894,0.21815166,0.21476008,0.21122298,0.2077579,0.20436129,0.2010296,0.19775932,0.19454685,0.1913887,0.18828131,0.18522114,0.18220462,0.17922829,0.17628853,0.17338182,0.17050461,0.16765341,0.16482463,0.16201472,0.15922016,0.15643743,0.15366293,0.15089317,0.14812458,0.14535363,0.14257678,0.13979052,0.13699123,0.13417543,0.13133956,0.12848005,0.12559342,0.12267609,0.11972453,0.11693739,0.114504054,0.1124072,0.11062935,0.109153114,0.1079611,0.10703591,0.10636015,0.1059164,0.105687276,0.105655394,0.10580331,0.10611364,0.106568985,0.10715193
0.2360297,0.23616727,0.23628294,0.23637323,0.23643486,0.23646417,0.23645788,0.2364124,0.23632437,0.23619032,0.23600669,0.23577021,0.2354773,0.23512454,0.23470849,0.23422566,0.23367265,0.23317322,0.232842,0.23266153,0.23261438,0.23268324,0.23285061,0.2330992,0.23341158,0.23377034,0.23415807,0.23455738,0.23495097,0.2353213,0.23565105,0.23592281,0.23611926,0.23622286,0.23621632,0.2360822,0.23580317,0.23536174,0.23474057,0.23392229,0.23288944,0.23162468,0.23011054,0.22832973,0.22626482,0.22389834,0.22121298,0.21819131,0.21481596,0.21129419,0.20784266,0.20445785,0.20113637,0.19787472,0.19466946,0.19151719,0.18841432,0.18535753,0.18234332,0.17936827,0.17642888,0.17352171,0.17064333,0.16779028,0.16495907,0.16214629,0.15934844,0.15656212,0.15378387,0.15101023,0.14823772,0.14546289,0.14268234,0.13989255,0.13709016,0.13427159,0.1314335,0.12857237,0.12568475,0.12276724,0.11981634,0.117030226,0.114597864,0.11250178,0.11072458,0.10924891,0.10805738,0.107132524,0.10645702,0.10601344,0.105784416,0.10575253,0.10590038,0.1062106,0.10666575,0.1072485
0.23539916,0.23553215,0.23564397,0.23573133,0.23579088,0.23581924,0.23581311,0.23576917,0.23568402,0.23555437,0.23537688,0.23514819,0.23486498,0.23452392,0.23412164,0.2336548,0.23312011,0.2326402,0.23232833,0.23216715,0.2321393,0.23222727,0.23241387,0.23268153,0.23301302,0.23339084,0.2337976,0.23421597,0.23462856,0.23501796,0.23536679,0.23565768,0.2358732,0.235996,0.23600872,0.23589388,0.23563418,0.23521224,0.23461057,0.23381193,0.23279878,0.23155388,0.2300597,0.22829898,0.22625431,0.22390823,0.22124341,0.21824245,0.21488795,0.21138595,0.20795184,0.20458227,0.2012739,0.19802341,0.19482745,0.19168267,0.18858571,0.1855333,0.18252206,0.17954864,0.17660972,0.17370199,0.17082205,0.16796659,0.1651323,0.16231577,0.15951373,0.15672281,0.15393968,0.15116104,0.14838344,0.14560369,0.14281833,0.14002408,0.1372176,0.13439551,0.13155454,0.1286913,0.12580244,0.122884676,0.11993463,0.11714991,0.11471868,0.11262363,0.110847294,0.10937236,0.10818137,0.107257,0.10658182,0.106138475,0.10590954,0.10587768,0.10602545,0.10633552,0.10679046,0.1073729
0.23461822,0.23474552,0.23485263,0.23493625,0.2349933,0.23502043,0.23501459,0.23497248,0.23489097,0.23476686,0.23459686,0.23437789,0.23410667,0.2337801,0.23339488,0.23294787,0.23243582,0.23198004,0.23169218,0.23155494,0.2315509,0.23166272,0.23187299,0.23216434,0.23251939,0.23292081,0.23335119,0.23379312,0.2342293,0.23464228,0.23501474,0.23532924,0.23556848,0.235715,0.23575154,0.23566063,0.23542494,0.23502702,0.23444961,0.23367521,0.23268652,0.23146617,0.22999676,0.22826095,0.22624126,0.22392045,0.22128107,0.21830574,0.21497712,0.21149957,0.20808706,0.20473634,0.20144425,0.19820756,0.19502306,0.1918876,0.18879798,0.18575096,0.18274337,0.17977202,0.17683369,0.17392518,0.17104334,0.16818492,0.16534676,0.16252567,0.15971841,0.1569218,0.15413265,0.15134779,0.14856397,0.14577802,0.14298673,0.14018695,0.13737543,0.13454898,0.13170442,0.12883855,0.1259482,0.123030126,0.120081134,0.11729808,0.11486834,0.11277453,0.110999286,0.109525226,0.10833498,0.10741115,0.106736384,0.1062933,0.106064506,0.10603266,0.10618034,0.10649022,0.10694488,0.10752698
0.23367767,0.23379822,0.2338996,0.23397878,0.23403277,0.23405847,0.23405291,0.23401305,0.23393591,0.2338184,0.23365746,0.2334502,0.23319346,0.23288429,0.23251964,0.23209646,0.23161176,0.23118499,0.23092607,0.23081765,0.23084232,0.23098275,0.23122156,0.23154142,0.23192494,0.23235478,0.23281354,0.2332839,0.23374845,0.23418985,0.2345907,0.23493372,0.23520146,0.23537664,0.23544185,0.23537967,0.23517288,0.23480405,0.23425566,0.2335106,0.23255135,0.23136058,0.22992095,0.22821511,0.22622561,0.2239352,0.22132644,0.21838199,0.21508448,0.21163644,0.20824993,0.20492193,0.20164941,0.19842933,0.19525869,0.19213445,0.1890536,0.1860131,0.1830099,0.18004103,0.1771034,0.17419402,0.17130986,0.16844791,0.1656051,0.16277845,0.1599649,0.15716146,0.15436508,0.15157272,0.14878134,0.14598799,0.14318955,0.1403831,0.13756551,0.13473383,0.13188496,0.12901595,0.12612373,0.123205245,0.12025756,0.11747652,0.11504855,0.11295628,0.11118232,0.10970933,0.10851994,0.10759681,0.106922515,0.10647975,0.10625113,0.106219314,0.106366895,0.106676534,0.107130885,0.10771255
0.23256837,0.2326809,0.23277555,0.23284948,0.23289984,0.23292385,0.23291868,0.2328815,0.23280942,0.23269975,0.23254953,0.23235604,0.23211634,0.23182774,0.2314873,0.23109227,0.23063979,0.23024727,0.23002249,0.229948,0.23000656,0.23018076,0.23045327,0.23080674,0.23122382,0.23168717,0.23217942,0.23268324,0.23318127,0.23365621,0.23409061,0.23446722,0.23476864,0.23497756,0.23507655,0.23504834,0.23487562,0.23454094,0.23402698,0.2333164,0.23239186,0.23123601,0.22983153,0.22816102,0.22620714,0.22395258,0.22137994,0.21847191,0.21521111,0.21179785,0.20844202,0.20514077,0.20189138,0.1986909,0.19553661,0.1924256,0.1893551,0.18632224,0.18332428,0.18035832,0.17742151,0.17451109,0.17162421,0.16875808,0.1659098,0.1630766,0.16025564,0.15744409,0.15463917,0.15183797,0.14903775,0.14623563,0.1434288,0.14061442,0.1377897,0.1349518,0.13209789,0.12922513,0.12633072,0.12341184,0.12046564,0.11768701,0.11526112,0.11317063,0.111398205,0.109926485,0.108738095,0.107815765,0.107142046,0.10669968,0.10647125,0.106439434,0.10658691,0.10689629,0.10735022,0.10793141
0.23128107,0.23138435,0.23147115,0.23153897,0.23158519,0.23160721,0.23160249,0.23156834,0.23150225,0.2314016,0.23126382,0.23108631,0.23086643,0.23060168,0.23028937,0.22992696,0.22951187,0.22915912,0.2289739,0.22893883,0.22903669,0.2292501,0.22956169,0.22995417,0.2304102,0.23091243,0.23144358,0.23198622,0.23252313,0.23303692,0.23351029,0.23392588,0.23426633,0.23451442,0.23465268,0.23466387,0.23453066,0.23423564,0.23376161,0.23309106,0.23220684,0.23109147,0.22972775,0.22809826,0.2261857,0.22397275,0.22144201,0.21857625,0.2153581,0.21198514,0.20866492,0.20539476,0.20217213,0.19899444,0.19585907,0.19276343,0.18970498,0.18668102,0.18368907,0.18072647,0.17779069,0.17487904,0.17198901,0.16911797,0.16626337,0.16342258,0.16059302,0.15777211,0.15495725,0.15214582,0.1493353,0.14652298,0.14370641,0.14088288,0.13804987,0.13520478,0.13234498,0.12946792,0.12657095,0.12365156,0.12070711,0.117931254,0.115507774,0.11341938,0.11164872,0.11017847,0.10899128,0.108069845,0.10739683,0.10695488,0.10672668,0.1066949,0.10684221,0.10715129,0.107604794,0.108185396
0.22980665,0.22989921,0.2299771,0.23003791,0.23007937,0.23009911,0.23009486,0.23006427,0.230005,0.22991471,0.22979115,0.22963193,0.22943476,0.22919731,0.22891723,0.22859222,0.22821996,0.22791272,0.22777283,0.22778298,0.22792584,0.2281841,0.22854047,0.22897762,0.22947824,0.23002505,0.23060071,0.23118788,0.23176928,0.23232764,0.23284556,0.23330581,0.23369102,0.23398392,0.23416719,0.23422348,0.23413554,0.23388599,0.23345758,0.23283298,0.23199488,0.23092595,0.2296089,0.2280264,0.22616115,0.22399583,0.22151315,0.21869579,0.21552642,0.21219969,0.20892021,0.20568569,0.20249377,0.19934213,0.19622846,0.19315042,0.1901057,0.18709198,0.18410692,0.18114819,0.17821348,0.1753005,0.17240684,0.16953024,0.16666836,0.16381888,0.16097948,0.15814781,0.15532157,0.15249844,0.14967607,0.14685215,0.14402437,0.14119038,0.13834786,0.13549453,0.132628,0.12974598,0.12684613,0.12392614,0.1209837,0.118211,0.115790315,0.1137043,0.11193567,0.11046709,0.10928126,0.10836088,0.10768863,0.10724719,0.10701926,0.10698752,0.107134655,0.10744339,0.10789636,0.108476296
0.22831172,0.22839299,0.22846133,0.22851473,0.22855107,0.22856842,0.22856472,0.22853781,0.22848581,0.22840661,0.2282981,0.22815834,0.2279853,0.22777687,0.22753097,0.22724569,0.2269189,0.22666009,0.22656853,0.2266269,0.22681792,0.22712427,0.22752865,0.22801381,0.22856238,0.22915709,0.22978063,0.23041567,0.23104501,0.23165122,0.23221712,0.23272534,0.23315856,0.23349951,0.23373088,0.23383541,0.23379573,0.23359455,0.23321466,0.23263864,0.23184927,0.2308292,0.22956115,0.22802784,0.22621194,0.22409616,0.22166313,0.21889564,0.21577641,0.21249689,0.20925893,0.20606034,0.20289916,0.19977336,0.19668087,0.1936197,0.19058774,0.187583,0.18460342,0.18164696,0.17871161,0.17579526,0.17289592,0.17001157,0.16714013,0.16427955,0.16142781,0.15858287,0.15574273,0.15290524,0.15006852,0.14723039,0.14438885,0.14154188,0.13868745,0.13582349,0.13294797,0.13005884,0.12715404,0.1242316,0.12128941,0.11851836,0.116099074,0.1140143,0.11224672,0.11077901,0.10959388,0.108674034,0.10800218,0.10756101,0.10733322,0.10730148,0.107448556,0.10775709,0.108209796,0.10878938
0.22695938,0.22702938,0.22708826,0.22713426,0.22716561,0.22718054,0.22717735,0.22715421,0.22710934,0.22704113,0.22694765,0.22682723,0.22667807,0.22649848,0.22628665,0.22604083,0.22575927,0.2255487,0.22550546,0.22561227,0.22585176,0.22620668,0.22665969,0.22719352,0.22779079,0.22843425,0.22910655,0.22979036,0.23046844,0.23112342,0.23173802,0.23229492,0.23277678,0.23316634,0.23344621,0.23359916,0.23360787,0.233455,0.23312324,0.23259528,0.2318538,0.23088157,0.22966114,0.22817533,0.22640671,0.22433804,0.221952,0.21923128,0.21615857,0.21292256,0.20972227,0.20655596,0.2034219,0.2003183,0.19724338,0.1941955,0.19117273,0.18817347,0.18519586,0.18223818,0.17929867,0.17637555,0.17346708,0.17057152,0.16768704,0.16481198,0.16194454,0.15908293,0.15622546,0.15337034,0.15051578,0.14766006,0.1448014,0.14193805,0.13906825,0.13619028,0.1333023,0.13040264,0.12748949,0.124561094,0.121615715,0.118843004,0.116422325,0.11433631,0.11256768,0.11109911,0.109913275,0.10899288,0.10832063,0.107879184,0.107651256,0.10761952,0.107766666,0.10807538,0.10852835,0.10910829
0.2257348,0.22579364,0.22584312,0.22588174,0.22590809,0.22592069,0.22591795,0.22589852,0.22586083,0.22580348,0.22572494,0.22562379,0.22549847,0.22534753,0.22516951,0.22496298,0.22472638,0.22456391,0.224569,0.22472435,0.2250127,0.22541663,0.2259188,0.22650188,0.22714859,0.22784153,0.22856335,0.22929677,0.23002434,0.23072879,0.23139285,0.23199905,0.23253016,0.23296876,0.23329751,0.23349915,0.23355627,0.23345162,0.23316768,0.23268728,0.23199299,0.23106754,0.22989354,0.22845367,0.22673057,0.22470692,0.22236533,0.2196886,0.2166592,0.21346329,0.21029738,0.20716009,0.20404983,0.20096515,0.19790465,0.19486676,0.19185008,0.18885307,0.18587428,0.18291228,0.17996547,0.17703246,0.17411177,0.17120194,0.16830145,0.16540885,0.16252261,0.15964133,0.15676346,0.15388761,0.1510122,0.14813583,0.145257,0.14237423,0.13948603,0.13659097,0.13368753,0.13077421,0.1278496,0.12491218,0.12196046,0.11918318,0.11675851,0.114669055,0.1128975,0.11142652,0.11023872,0.10931683,0.10864346,0.1082013,0.10797299,0.10794119,0.10808859,0.10839783,0.10885155,0.10943243
0.22462326,0.224671,0.22471114,0.22474246,0.22476383,0.224774,0.22477181,0.22475605,0.22472548,0.22467901,0.22461534,0.22453324,0.22443165,0.22430931,0.22416498,0.22399749,0.22380565,0.22369106,0.22374451,0.22394866,0.22428606,0.2247394,0.2252912,0.2259242,0.22662087,0.22736391,0.22813596,0.22891958,0.2296974,0.23045203,0.23116614,0.23182225,0.23240301,0.23289111,0.23326911,0.23351958,0.23362523,0.23356856,0.23333232,0.23289898,0.23225127,0.23137178,0.2302431,0.22884783,0.22716863,0.22518812,0.22288887,0.2202535,0.21726465,0.21410586,0.2109714,0.2078601,0.20477079,0.20170222,0.19865318,0.19562253,0.19260906,0.18961152,0.18662882,0.18365961,0.18070287,0.1777572,0.17482159,0.17189473,0.16897546,0.1660626,0.16315491,0.16025123,0.15735032,0.15445104,0.1515521,0.14865242,0.14575072,0.14284582,0.13993654,0.13702166,0.1341,0.13117038,0.12823154,0.12528235,0.12232155,0.11953713,0.11710617,0.11501133,0.1132352,0.11176041,0.11056956,0.1096453,0.10897018,0.10852686,0.10829797,0.1082661,0.10841387,0.10872391,0.10917878,0.10976118
0.22361007,0.22364672,0.2236775,0.22370158,0.22371797,0.22372581,0.22372413,0.22371198,0.22368856,0.22365282,0.22360396,0.22354098,0.22346297,0.22336905,0.22325827,0.2231297,0.22298244,0.22291566,0.22301747,0.22327049,0.22365724,0.22416027,0.22476213,0.22544542,0.22619268,0.22698641,0.22780925,0.22864373,0.22947235,0.23027776,0.2310424,0.23174897,0.23237988,0.23291782,0.23334526,0.23364478,0.23379895,0.23379032,0.23360144,0.23321481,0.23261312,0.2317788,0.23069449,0.22934268,0.22770599,0.22576694,0.2235081,0.22091202,0.21796124,0.21483696,0.2117314,0.20864359,0.20557266,0.20251764,0.19947764,0.19645178,0.19343902,0.19043858,0.18744946,0.18447079,0.18150157,0.17854096,0.17558798,0.17264181,0.1697014,0.1667659,0.16383438,0.16090596,0.15797965,0.15505464,0.15212983,0.14920445,0.14627756,0.1433482,0.14041547,0.13747846,0.13453622,0.13158785,0.12863246,0.12566909,0.12269682,0.11990296,0.1174638,0.11536187,0.11357971,0.11209994,0.110905066,0.10997764,0.109300256,0.108855456,0.108625785,0.10859381,0.10874208,0.10905314,0.10950959,0.11009395
0.22268046,0.22270603,0.22272757,0.22274436,0.22275582,0.22276127,0.22276008,0.22275162,0.22273527,0.22271033,0.22267617,0.22263218,0.2225777,0.22251213,0.22243474,0.22234496,0.2222421,0.222223,0.22237322,0.22267522,0.2231115,0.22366454,0.22431682,0.22505084,0.22584906,0.226694,0.22756812,0.2284539,0.2293339,0.23019052,0.23100625,0.23176363,0.23244512,0.23303318,0.23351032,0.233859,0.23406176,0.23410106,0.23395932,0.23361912,0.23306295,0.23227324,0.23123245,0.22992314,0.22832777,0.2264288,0.22420874,0.2216501,0.2187353,0.21564333,0.21256447,0.209498,0.20644331,0.20339975,0.20036665,0.19734342,0.19432938,0.19132388,0.18832634,0.18533608,0.18235245,0.17937477,0.17640248,0.17343491,0.17047139,0.16751131,0.16455397,0.1615988,0.15864511,0.15569234,0.15273969,0.14978667,0.14683256,0.14387675,0.14091858,0.13795742,0.13499261,0.13202353,0.12904951,0.12606995,0.12308416,0.12027897,0.11782988,0.115719415,0.113930054,0.11244427,0.11124453,0.11031336,0.10963323,0.10918659,0.108956024,0.10892391,0.10907275,0.1093851,0.109843396,0.11043013
0.22181965,0.22183423,0.22184649,0.22185604,0.22186257,0.22186564,0.22186497,0.22186019,0.22185084,0.22183667,0.22181721,0.22179215,0.22176117,0.2217238,0.22167975,0.22162862,0.22157004,0.22159855,0.22179715,0.22214821,0.22263418,0.22323748,0.22394046,0.22472553,0.22557507,0.22647163,0.22739749,0.22833505,0.22926676,0.23017503,0.23104222,0.23185076,0.23258306,0.23322153,0.23374853,0.23414652,0.23439792,0.23448509,0.2343904,0.23409635,0.23358528,0.23283963,0.23184176,0.23057409,0.22901908,0.22715905,0.22497642,0.22245367,0.21957316,0.21651171,0.21345772,0.21041083,0.20737058,0.20433675,0.20130882,0.19828647,0.1952694,0.1922572,0.18924953,0.18624605,0.18324623,0.1802499,0.1772566,0.17426598,0.17127769,0.16829136,0.16530655,0.16232303,0.15934035,0.15635811,0.15337603,0.1503937,0.14741078,0.14442687,0.1414416,0.13845463,0.13546559,0.13247415,0.12947986,0.12648241,0.123481445,0.12066331,0.11820296,0.11608278,0.11428517,0.11279253,0.11158726,0.11065181,0.109968536,0.10951987,0.10928818,0.109255955,0.10940552,0.10971929,0.1101797,0.110769115
0.22101294,0.22101648,0.22101954,0.22102185,0.22102344,0.22102422,0.22102405,0.22102286,0.22102061,0.22101709,0.22101232,0.22100617,0.22099854,0.22098935,0.22097854,0.220966,0.2209516,0.22102766,0.22127461,0.22167484,0.22221066,0.22286434,0.22361825,0.22445466,0.22535594,0.22630434,0.2272822,0.22827189,0.22925569,0.23021588,0.23113483,0.23199481,0.2327782,0.23346725,0.23404433,0.2344917,0.23479171,0.23492672,0.23487896,0.23463081,0.23416455,0.23346256,0.23250702,0.2312804,0.22976492,0.22794297,0.22579677,0.22330874,0.22046115,0.2174288,0.21439826,0.21136948,0.20834237,0.2053168,0.20229271,0.19926997,0.19624852,0.19322827,0.19020912,0.18719101,0.1841738,0.18115744,0.1781418,0.17512691,0.17211254,0.16909862,0.1660851,0.16307187,0.16005892,0.157046,0.15403317,0.15102024,0.14800717,0.14499389,0.14198025,0.13896622,0.13595165,0.13293648,0.12992065,0.12690403,0.12388652,0.12105425,0.118581526,0.11645068,0.11464403,0.11314389,0.111932576,0.110992424,0.11030572,0.1098548,0.10962195,0.10958955,0.10973984,0.110055216,0.11051791,0.11111031
0.22024553,0.22023809,0.2202319,0.22022705,0.22022374,0.22022216,0.22022253,0.22022492,0.22022967,0.22023688,0.22024673,0.22025944,0.2202752,0.22029416,0.22031651,0.22034246,0.22037219,0.2204957,0.22079109,0.2212405,0.22182624,0.22253047,0.22333544,0.22422342,0.22517654,0.22617708,0.22720726,0.22824928,0.22928536,0.23029774,0.23126867,0.2321803,0.23301491,0.2337547,0.23438191,0.23487876,0.23522747,0.23541024,0.23540933,0.23520693,0.23478527,0.23412657,0.23321307,0.23202701,0.23055056,0.22876596,0.22665545,0.22420128,0.22138558,0.2183813,0.21537323,0.2123616,0.20934652,0.20632827,0.20330694,0.2002828,0.19725604,0.19422676,0.19119518,0.18816149,0.18512592,0.1820886,0.17904972,0.17600949,0.1729681,0.16992572,0.16688253,0.16383871,0.16079447,0.15774998,0.15470544,0.151661,0.14861687,0.14557323,0.14253026,0.1394882,0.13644718,0.13340738,0.13036902,0.12733224,0.124297276,0.121449955,0.11896405,0.11682189,0.11500564,0.11349752,0.112279765,0.11133459,0.110644236,0.11019091,0.10995685,0.109924264,0.11007536,0.11039239,0.11085758,0.11145311
0.21950267,0.21948431,0.21946888,0.21945684,0.21944864,0.21944469,0.21944554,0.21945165,0.21946335,0.2194812,0.21950571,0.2195373,0.21957637,0.21962343,0.21967897,0.21974337,0.21981713,0.21998811,0.22033185,0.22083053,0.22146624,0.22222117,0.22307731,0.22401686,0.22502205,0.22607487,0.22715743,0.22825195,0.22934048,0.23040523,0.23142819,0.23239166,0.23327763,0.23406824,0.23474565,0.235292,0.2356894,0.23591995,0.2359658,0.23580909,0.23543185,0.23481628,0.23394458,0.23279878,0.231361,0.22961335,0.22753808,0.22511715,0.22233278,0.21935591,0.21636969,0.21337451,0.21037091,0.20735936,0.20434019,0.20131402,0.19828127,0.19524236,0.19219775,0.18914793,0.18609336,0.1830345,0.17997177,0.17690566,0.17383665,0.17076519,0.16769172,0.16461673,0.16154066,0.15846395,0.15538712,0.15231061,0.14923483,0.14616026,0.14308743,0.14001673,0.13694866,0.1338836,0.13082214,0.12776464,0.1247116,0.121848635,0.119349115,0.11719515,0.11536892,0.11385256,0.11262812,0.11167775,0.1109836,0.110527806,0.11029246,0.11025969,0.11041162,0.11073039,0.11119811,0.111796916
0.21876965,0.21874033,0.21871573,0.21869649,0.21868332,0.21867709,0.21867846,0.21868813,0.2187069,0.21873544,0.21877457,0.21882498,0.21888734,0.21896252,0.21905112,0.21915399,0.21927181,0.21949023,0.21988237,0.22043031,0.22111604,0.22192162,0.22282901,0.2238203,0.22487749,0.2259826,0.2271177,0.22826475,0.22940579,0.23052296,0.2315981,0.2326133,0.2335507,0.23439217,0.23511986,0.23571576,0.23616181,0.23644012,0.23653272,0.23642159,0.23608886,0.23551635,0.2346863,0.23358062,0.23218139,0.2304706,0.22843024,0.22604242,0.22328915,0.2203394,0.2173747,0.2143958,0.21140337,0.20839824,0.20538107,0.20235261,0.19931361,0.19626482,0.19320695,0.19014074,0.18706696,0.18398626,0.18089946,0.17780724,0.17471041,0.17160961,0.16850564,0.16539922,0.1622911,0.159182,0.1560726,0.15296374,0.14985608,0.1467504,0.14364742,0.14054787,0.13745248,0.13436201,0.13127713,0.12819868,0.12512733,0.12224851,0.119735144,0.11756926,0.11573295,0.11420814,0.11297694,0.11202132,0.11132331,0.11086499,0.11062834,0.110595375,0.11074815,0.11106871,0.111539006,0.11214113
0.21803175,0.21799149,0.21795759,0.2179312,0.21791318,0.21790455,0.21790645,0.21791974,0.21794547,0.21798475,0.21803848,0.2181077,0.21819344,0.21829669,0.21841845,0.21855979,0.21872164,0.21898751,0.21942802,0.22002523,0.22076096,0.22161716,0.2225758,0.22361872,0.22472794,0.2258854,0.22707291,0.22827248,0.22946608,0.23063552,0.23176281,0.23282988,0.2338186,0.23471095,0.2354888,0.2361342,0.23662901,0.23695509,0.23709442,0.23702896,0.23674057,0.23621123,0.2354229,0.23435743,0.23299678,0.23132285,0.22931762,0.22696303,0.22424093,0.22131847,0.21837543,0.21541288,0.21243182,0.20943323,0.2064181,0.20338748,0.20034243,0.19728388,0.19421284,0.19113037,0.18803746,0.18493508,0.18182433,0.17870612,0.17558153,0.17245157,0.16931719,0.1661795,0.1630394,0.15989797,0.15675619,0.1536151,0.15047571,0.147339,0.14420599,0.14107768,0.13795513,0.13483928,0.13173123,0.12863192,0.12554234,0.12264778,0.12012069,0.117942974,0.11609658,0.11456345,0.11332549,0.112364665,0.11166287,0.11120201,0.11096406,0.11093094,0.111084536,0.11140683,0.11187972,0.11248514
0.21727416,0.21722293,0.21717986,0.2171462,0.21712328,0.21711233,0.21711475,0.21713161,0.21716443,0.21721436,0.21728271,0.21737082,0.21747988,0.21761124,0.2177662,0.21794601,0.21815197,0.21846525,0.21895424,0.21960062,0.2203863,0.2212931,0.22230285,0.22339737,0.2245585,0.22576812,0.227008,0.22826001,0.22950593,0.2307276,0.23190694,0.23302568,0.23406568,0.23500884,0.23583692,0.23653176,0.23707521,0.2374491,0.23763521,0.2376155,0.23737165,0.23688559,0.2361391,0.2351141,0.2337923,0.23215562,0.23018585,0.22786486,0.22517449,0.22227979,0.21935895,0.2164133,0.21344405,0.21045251,0.20743996,0.20440772,0.201357,0.1982892,0.1952055,0.19210723,0.18899567,0.18587212,0.18273786,0.17959414,0.17644231,0.17328358,0.17011935,0.16695078,0.16377923,0.16060595,0.15743224,0.1542594,0.1510887,0.14792141,0.14475885,0.14160231,0.13845302,0.13531233,0.13218148,0.12906179,0.12595454,0.12304467,0.120504215,0.118315004,0.11645886,0.11491766,0.11367316,0.11270726,0.112001725,0.11153844,0.11129923,0.11126595,0.11142034,0.111744344,0.112219736,0.11282835
0.21648216,0.21641995,0.21636763,0.21632677,0.21629895,0.21628566,0.21628854,0.2163091,0.21634893,0.21640956,0.21649258,0.21659951,0.21673204,0.21689156,0.21707968,0.21729806,0.21754816,0.21790902,0.21844631,0.2191419,0.21997745,0.2209347,0.22199543,0.22314137,0.22435427,0.22561583,0.22690783,0.22821203,0.2295101,0.23078385,0.23201497,0.23318529,0.23427644,0.23527023,0.23614833,0.23689263,0.23748472,0.23790646,0.23813945,0.23816554,0.23796645,0.23752393,0.23681968,0.23583554,0.23455313,0.23295422,0.23102058,0.22873399,0.22607613,0.22321013,0.22031243,0.2173845,0.21442796,0.21144438,0.20843525,0.2054022,0.20234676,0.19927049,0.19617502,0.1930618,0.18993244,0.18678851,0.18363157,0.1804632,0.17728493,0.17409834,0.17090495,0.1677064,0.16450416,0.16129987,0.15809505,0.15489127,0.1516901,0.14849305,0.14530177,0.14211778,0.13894266,0.1357779,0.1326251,0.12948589,0.12636174,0.12343735,0.12088427,0.11868413,0.11681877,0.11526986,0.11401918,0.11304842,0.11233939,0.111873835,0.111633405,0.11159994,0.11175513,0.11208075,0.1125585,0.113170154
0.21564102,0.21556781,0.21550626,0.21545815,0.21542539,0.21540976,0.21541312,0.21543731,0.21548419,0.21555555,0.21565327,0.21577917,0.21593505,0.21612282,0.21634425,0.21660125,0.2168956,0.21730399,0.21788971,0.21863441,0.21951969,0.22052726,0.22163878,0.22283588,0.22410022,0.22541347,0.22675732,0.22811337,0.22946334,0.23078887,0.23207155,0.23329313,0.23443522,0.23547944,0.23640755,0.23720114,0.23784186,0.2383114,0.23859143,0.23866358,0.23850952,0.2381109,0.23744935,0.2365066,0.23526424,0.23370397,0.23180744,0.22955629,0.2269322,0.22409622,0.22122292,0.218314,0.21537146,0.21239704,0.20939258,0.20635998,0.20330101,0.20021755,0.19711143,0.19398445,0.19083853,0.18767545,0.18449701,0.18130514,0.17810161,0.17488828,0.17166698,0.16843955,0.16520788,0.1619737,0.15873894,0.15550537,0.1522749,0.14904934,0.14583048,0.14262022,0.13942038,0.13623278,0.13305926,0.12990168,0.12676185,0.12382414,0.12125934,0.11904917,0.11717524,0.11561926,0.11436285,0.11338767,0.1126754,0.11220767,0.11196616,0.11193255,0.11208846,0.11241555,0.112895496,0.11350993
0.21473597,0.2146517,0.2145809,0.21452555,0.21448784,0.21446985,0.21447374,0.21450156,0.21455549,0.21463764,0.21475007,0.21489492,0.21507433,0.21529038,0.21554524,0.21584094,0.21617962,0.21663573,0.2172698,0.2180635,0.21899837,0.22005603,0.22121806,0.22246602,0.2237815,0.2251461,0.22654137,0.22794898,0.22935039,0.23072724,0.23206116,0.23333366,0.23452637,0.23562087,0.23659874,0.23744155,0.23813085,0.23864834,0.23897552,0.23909391,0.23898523,0.238631,0.23801279,0.23711218,0.23591083,0.23439023,0.23253202,0.23031777,0.22772905,0.22492477,0.22207744,0.21918927,0.21626233,0.21329871,0.2103006,0.20726998,0.20420909,0.20112003,0.19800484,0.19486575,0.19170474,0.18852398,0.18532568,0.18211181,0.17888458,0.17564604,0.17239836,0.16914362,0.16588393,0.16262144,0.15935828,0.15609647,0.1528382,0.14958557,0.14634071,0.14310572,0.13988268,0.13667376,0.13348109,0.13030668,0.12715274,0.12420311,0.12162791,0.119408794,0.11752727,0.11596498,0.11470347,0.11372437,0.1130092,0.1125396,0.11229711,0.112263344,0.112419896,0.1127483,0.11323018,0.11384714
0.21375228,0.21365695,0.21357681,0.21351418,0.21347153,0.21345119,0.21345557,0.21348706,0.21354806,0.21364102,0.21376823,0.21393211,0.21413511,0.21437955,0.21466786,0.21500245,0.21538566,0.2158895,0.21657197,0.21741457,0.21839887,0.21950634,0.22071853,0.22201698,0.22338314,0.2247986,0.22624488,0.22770344,0.2291559,0.23058365,0.23196836,0.2332914,0.23453443,0.23567887,0.23670626,0.23759812,0.23833604,0.23890147,0.23927598,0.23944098,0.23937811,0.23906891,0.23849475,0.23763731,0.23647802,0.23499839,0.23317999,0.23100437,0.22845298,0.22568244,0.22286326,0.2199978,0.21708849,0.21413769,0.21114781,0.20812124,0.20506038,0.20196763,0.19884534,0.19569595,0.19252187,0.1893254,0.18610905,0.18287513,0.17962603,0.17636418,0.17309198,0.1698118,0.16652602,0.16323708,0.15994732,0.15665916,0.15337498,0.15009719,0.14682816,0.14357032,0.14032602,0.13709767,0.13388768,0.13069841,0.12753227,0.124572545,0.12198855,0.11976181,0.117873855,0.1163062,0.115040384,0.11405791,0.1133403,0.112869084,0.112625755,0.112591885,0.112748966,0.1130785,0.113562055,0.11418111
0.21267515,0.21256873,0.21247922,0.21240933,0.21236171,0.21233898,0.21234387,0.21237905,0.21244718,0.21255094,0.21269298,0.212876,0.21310264,0.21337563,0.21369754,0.21407111,0.21449907,0.21505076,0.2157816,0.21667299,0.21770646,0.21886346,0.22012544,0.22147389,0.22289024,0.22435607,0.22585273,0.22736178,0.22886461,0.23034276,0.23177768,0.23315082,0.23444372,0.23563772,0.23671445,0.23765525,0.23844168,0.23905511,0.23947714,0.23968916,0.23967265,0.2394091,0.23887996,0.23806667,0.23695076,0.23551373,0.23373702,0.23160201,0.22909033,0.22635597,0.22356735,0.22072701,0.21783775,0.21490218,0.21192293,0.20890272,0.20584421,0.2027501,0.19962305,0.19646566,0.19328073,0.19007081,0.18683864,0.18358691,0.18031824,0.17703532,0.17374082,0.1704374,0.16712774,0.16381453,0.16050047,0.15718815,0.15388027,0.15057954,0.14728859,0.14401016,0.14074682,0.13750128,0.13427627,0.13107437,0.12789832,0.12493062,0.122339696,0.12010697,0.11821394,0.116642065,0.11537285,0.11438774,0.11366819,0.113195695,0.11295176,0.112917796,0.11307529,0.11340569,0.11389053,0.11451126
0.2114899,0.21137233,0.21127343,0.2111962,0.21114355,0.21111847,0.21112385,0.21116273,0.21123803,0.21135268,0.21150959,0.21171182,0.21196225,0.21226384,0.2126196,0.21303238,0.21350521,0.21410494,0.21488412,0.21582416,0.21690649,0.21811262,0.21942393,0.22082187,0.22228786,0.22380337,0.22534983,0.22690864,0.22846127,0.22998913,0.23147371,0.23289637,0.23423864,0.2354819,0.23660758,0.23759714,0.23843199,0.23909359,0.23956338,0.2398228,0.23985322,0.23963617,0.23915309,0.23838535,0.23731442,0.23592171,0.23418868,0.23209675,0.22962742,0.22693215,0.22417687,0.22136453,0.21849804,0.21558036,0.2126145,0.20960335,0.20654993,0.20345715,0.2003279,0.19716524,0.19397205,0.19075134,0.187506,0.18423903,0.18095337,0.17765194,0.17433773,0.17101367,0.16768275,0.16434789,0.16101201,0.15767813,0.15434915,0.15102804,0.14771776,0.14442128,0.1411415,0.13788143,0.13464397,0.13143209,0.12824875,0.12527557,0.12267986,0.12044302,0.11854649,0.11697174,0.115700155,0.11471325,0.11399238,0.113519035,0.11327461,0.11324059,0.11339837,0.113729395,0.11421514,0.114837
0.21018179,0.210053,0.20994465,0.20986006,0.20980236,0.20977487,0.20978078,0.2098234,0.20990586,0.21003143,0.21020336,0.21042486,0.21069922,0.2110296,0.21141927,0.21187149,0.21238944,0.21303736,0.21386485,0.2148534,0.21598434,0.21723919,0.21859932,0.22004613,0.22156112,0.22312558,0.22472103,0.2263289,0.22793056,0.22950743,0.23104095,0.2325126,0.23390365,0.23519565,0.23636998,0.23740804,0.23829132,0.23900111,0.23951901,0.23982628,0.2399044,0.23973478,0.2392989,0.23857811,0.23755388,0.23620753,0.23452061,0.23247454,0.23005061,0.22739762,0.22467893,0.2218977,0.21905714,0.21616061,0.21321122,0.21021225,0.2071669,0.20407844,0.20095015,0.19778515,0.19458674,0.19135816,0.18810263,0.18482336,0.18152365,0.17820667,0.1748757,0.17153393,0.16818461,0.164831,0.16147627,0.15812376,0.1547766,0.15143806,0.14811139,0.14479981,0.14150655,0.13823485,0.13498795,0.13176908,0.12858145,0.12560561,0.12300757,0.120768756,0.118870534,0.11729438,0.11602165,0.11503386,0.11431235,0.11383857,0.113593936,0.11355988,0.113717794,0.11404914,0.11453532,0.115157716
0.20873603,0.20859592,0.20847811,0.20838606,0.20832334,0.20829344,0.20829988,0.20834622,0.2084359,0.20857246,0.20875949,0.20900041,0.20929882,0.20965815,0.21008195,0.21057378,0.21113715,0.2118334,0.21270925,0.21374607,0.2149253,0.21622843,0.21763678,0.2191318,0.22069497,0.22230765,0.22395132,0.22560737,0.2272572,0.22888227,0.23046404,0.2319838,0.23342316,0.23476337,0.23598595,0.23707235,0.23800385,0.2387621,0.2393283,0.23968397,0.23981057,0.23968947,0.2393021,0.23862992,0.23765427,0.23635666,0.2347185,0.2327212,0.23034614,0.22773913,0.2250606,0.22231406,0.21950303,0.21663105,0.2137016,0.21071824,0.20768446,0.20460375,0.2014797,0.1983158,0.1951155,0.1918824,0.18862,0.18533179,0.18202133,0.1786921,0.17534761,0.17199141,0.16862702,0.16525792,0.16188765,0.15851973,0.15515769,0.15180497,0.14846519,0.14514183,0.14183837,0.13855837,0.13530535,0.13208282,0.12889425,0.12591894,0.12332132,0.1210829,0.119185016,0.117609106,0.11633662,0.115348965,0.11462759,0.11415389,0.11390931,0.11387525,0.11403314,0.11436442,0.1148505,0.11547279
0.20713787,0.2069864,0.20685902,0.20675953,0.2066917,0.20665939,0.20666635,0.20671645,0.2068134,0.20696104,0.20716321,0.2074237,0.20774631,0.20813477,0.208593,0.2091247,0.20973372,0.21047854,0.21140268,0.21248758,0.21371475,0.21506557,0.21652152,0.218064,0.21967456,0.22133459,0.22302549,0.22472878,0.2264259,0.22809832,0.2297274,0.23129468,0.23278151,0.23416942,0.23543987,0.23657423,0.23755404,0.23836069,0.23897564,0.23938036,0.23955624,0.23948479,0.23914742,0.23852561,0.2376008,0.23635444,0.23476794,0.23282284,0.23050044,0.22794342,0.225309,0.22260109,0.21982348,0.21697995,0.21407433,0.21111037,0.20809193,0.2050228,0.20190677,0.1987476,0.19554919,0.19231527,0.18904968,0.18575616,0.18243861,0.17910077,0.17574643,0.17237942,0.16900355,0.16562259,0.16224039,0.15886073,0.15548734,0.15212415,0.14877489,0.14544338,0.14213343,0.1388488,0.13559332,0.13237084,0.12918507,0.12621376,0.12361965,0.121384196,0.11948888,0.11791511,0.11664433,0.115658,0.11493758,0.11446455,0.11422027,0.11418626,0.11434395,0.114674784,0.11516021,0.11578168
0.20537257,0.20520967,0.20507269,0.20496567,0.20489274,0.204858,0.2048655,0.20491934,0.20502362,0.20518245,0.20539987,0.20568001,0.20602697,0.20644478,0.2069376,0.20750947,0.2081645,0.20895809,0.20993052,0.2110633,0.21233794,0.21373594,0.21523878,0.21682796,0.21848498,0.22019131,0.22192854,0.22367805,0.22542144,0.22714014,0.22881567,0.23042952,0.23196317,0.23339818,0.23471601,0.2358981,0.23692605,0.23778133,0.23844533,0.23889972,0.23912588,0.23910537,0.23881958,0.23825018,0.23737852,0.23618619,0.2346546,0.23276533,0.2304998,0.22799712,0.22541124,0.22274627,0.22000638,0.21719557,0.21431795,0.21137765,0.20837872,0.20532523,0.20222135,0.19907108,0.19587858,0.19264789,0.18938312,0.18608837,0.18276772,0.17942522,0.17606503,0.17269121,0.16930783,0.16591904,0.16252884,0.15914138,0.15576077,0.152391,0.14903626,0.1457006,0.14238814,0.13910294,0.13584906,0.13263063,0.12945175,0.1264883,0.12390102,0.121671475,0.119781144,0.118211515,0.11694409,0.11596039,0.11524187,0.114770055,0.114526466,0.11449252,0.114649795,0.11497975,0.11546388,0.116083734
0.20342545,0.20325099,0.20310432,0.20298971,0.20291165,0.2028744,0.20288242,0.2029401,0.20305178,0.20322181,0.20345463,0.20375459,0.20412609,0.2045735,0.20510118,0.20571351,0.20641491,0.20725748,0.20827818,0.20945859,0.21078026,0.21222481,0.21377376,0.21540873,0.21711127,0.21886292,0.22064526,0.22243993,0.22422846,0.22599241,0.22771332,0.22937284,0.23095258,0.23243393,0.23379865,0.23502812,0.23610416,0.23700817,0.23772173,0.23822649,0.23850395,0.2385357,0.23830332,0.23778841,0.23697253,0.23583724,0.23436406,0.23253468,0.23033056,0.227887,0.22535442,0.22273715,0.22003958,0.21726613,0.21442115,0.21150903,0.20853414,0.20550083,0.20241354,0.19927664,0.19609444,0.19287139,0.18961185,0.1863202,0.18300085,0.17965809,0.17629635,0.17292006,0.16953355,0.1661412,0.16274734,0.15935646,0.15597282,0.15260087,0.14924501,0.14590959,0.14259893,0.13931751,0.13606967,0.13285975,0.12969217,0.12674071,0.124163955,0.121943444,0.12006075,0.118497506,0.11723522,0.11625551,0.11553991,0.11506999,0.11482737,0.114793584,0.114950225,0.11527885,0.11576101,0.11637833
0.20128167,0.20109561,0.20093915,0.20081693,0.20073365,0.20069392,0.20070247,0.200764,0.20088309,0.20106447,0.2013128,0.20163274,0.20202897,0.20250618,0.20306902,0.20372216,0.20447025,0.20536208,0.20643103,0.20765883,0.20902705,0.21051748,0.21211176,0.2137915,0.21553849,0.21733429,0.21916063,0.22099924,0.2228317,0.22463971,0.22640502,0.22810923,0.22973399,0.23126112,0.2326721,0.23394875,0.23507266,0.23602556,0.23678912,0.23734502,0.23767488,0.23776042,0.23758337,0.23712528,0.23636794,0.23529299,0.23388204,0.23211683,0.22997905,0.22759981,0.22512563,0.22256112,0.21991096,0.21717988,0.2143725,0.21149349,0.20854753,0.20553929,0.20247342,0.19935466,0.19618763,0.192977,0.18972743,0.18644364,0.18313022,0.17979191,0.17643338,0.17305925,0.16967426,0.16628301,0.16289021,0.15950054,0.15611863,0.15274918,0.1493969,0.14606635,0.14276232,0.13948938,0.13625228,0.13305569,0.1299042,0.12696928,0.12440693,0.12219888,0.120326735,0.118772216,0.11751702,0.11654278,0.115831174,0.11536392,0.115122624,0.115089044,0.11524481,0.1155716,0.11605107,0.11666493
0.1989265,0.19872876,0.19856241,0.19843249,0.19834396,0.19830173,0.19831084,0.19837621,0.19850284,0.19869563,0.19895962,0.19929971,0.1997209,0.20022817,0.20082644,0.20152074,0.20231596,0.2032573,0.20437449,0.20564936,0.20706366,0.20859924,0.21023789,0.21196145,0.21375169,0.21559046,0.21745951,0.21934074,0.2212159,0.22306678,0.22487524,0.22662303,0.22829199,0.22986399,0.23132072,0.23264407,0.23381585,0.23481782,0.23563185,0.23623967,0.23662318,0.23676413,0.23664437,0.23624565,0.23554982,0.23453872,0.23319405,0.23149776,0.22943157,0.22712225,0.22471197,0.22220568,0.2196084,0.21692504,0.21416056,0.21132001,0.20840825,0.20543028,0.20239113,0.19929564,0.1961489,0.19295578,0.18972132,0.18645042,0.1831481,0.17981929,0.17646895,0.17310208,0.16972363,0.16633855,0.1629518,0.15956835,0.15619321,0.15283133,0.1494876,0.14616707,0.14287466,0.13961537,0.13639414,0.13321595,0.13008572,0.12717217,0.124628484,0.122436516,0.12057802,0.11903482,0.11778875,0.11682161,0.11611519,0.11565133,0.115411825,0.11537847,0.1155331,0.11585749,0.11633349,0.11694288
0.19634522,0.19613566,0.19595936,0.19582166,0.19572785,0.19568314,0.19569278,0.19576205,0.19589621,0.19610056,0.19638032,0.19674076,0.19718714,0.19772476,0.19835882,0.1990946,0.19993739,0.20092855,0.20209396,0.20341559,0.20487536,0.20645535,0.20813745,0.20990372,0.21173604,0.21361642,0.21552686,0.21744932,0.21936575,0.22125813,0.2231085,0.22489876,0.22661091,0.22822694,0.22972882,0.2310985,0.23231797,0.23336925,0.23423423,0.2348949,0.23533335,0.23553137,0.2354711,0.23513441,0.23450336,0.23355985,0.23228589,0.23066343,0.22867447,0.22644103,0.22410056,0.2216584,0.2191197,0.21648987,0.21377407,0.21097757,0.20810567,0.20516358,0.20215663,0.19909005,0.19596906,0.19279897,0.18958504,0.18633251,0.18304667,0.17973275,0.17639604,0.17304179,0.16967526,0.16630173,0.16292642,0.15955463,0.15619162,0.15284264,0.14951292,0.14620776,0.14293244,0.13969223,0.13649231,0.13333802,0.13023458,0.1273476,0.12482711,0.12265513,0.12081356,0.119284466,0.118049756,0.117091425,0.116391465,0.11593184,0.11569452,0.11566147,0.11581468,0.116136104,0.116607755,0.117211595
0.1935231,0.19330157,0.19311522,0.19296975,0.19287054,0.19282326,0.19283347,0.19290668,0.19304849,0.19326448,0.19356018,0.19394116,0.19441296,0.1949812,0.19565138,0.1964291,0.1973199,0.19836117,0.19957477,0.20094283,0.20244756,0.20407109,0.20579566,0.2076034,0.2094765,0.21139711,0.2133475,0.21530968,0.21726596,0.21919847,0.22108938,0.2229209,0.22467516,0.2263344,0.22788067,0.22929631,0.23056334,0.23166405,0.23258056,0.23329508,0.23378973,0.23404674,0.23404826,0.23377648,0.23321359,0.23234169,0.23114304,0.22959979,0.2276941,0.22554283,0.22327848,0.22090665,0.21843281,0.21586259,0.21320152,0.21045516,0.2076291,0.20472887,0.20176008,0.19872823,0.1956389,0.19249769,0.1893101,0.18608177,0.18281814,0.17952491,0.17620756,0.1728717,0.16952282,0.16616651,0.16280839,0.15945397,0.15610881,0.15277849,0.14946854,0.14618458,0.14293212,0.13971673,0.13654399,0.13341944,0.13034865,0.12749378,0.12500131,0.12285347,0.1210324,0.1195203,0.11829933,0.117351644,0.116659455,0.116204955,0.115970254,0.11593756,0.11608908,0.11640694,0.11687337,0.117470466
0.19044536,0.19021176,0.1900153,0.18986183,0.18975726,0.18970741,0.18971814,0.18979539,0.18994492,0.19017266,0.19048446,0.19088618,0.19138367,0.19198282,0.19268948,0.19350955,0.19444884,0.19554059,0.19680233,0.19821651,0.19976553,0.20143178,0.2031977,0.20504573,0.20695822,0.20891759,0.21090627,0.21290672,0.21490127,0.21687236,0.21880247,0.2206739,0.22246915,0.22417058,0.22576062,0.22722173,0.22853622,0.2296866,0.23065522,0.23142451,0.23197691,0.2322948,0.23236062,0.23215677,0.23166563,0.23086962,0.22975121,0.2282928,0.22647673,0.22441444,0.2222329,0.21993798,0.21753553,0.21503145,0.21243158,0.2097418,0.20696793,0.20411588,0.20119148,0.19820069,0.19514921,0.19204307,0.188888,0.18568996,0.18245478,0.1791883,0.17589642,0.172585,0.16925988,0.16592695,0.16259205,0.15926109,0.15593986,0.1526343,0.14935024,0.14609356,0.14287008,0.13968572,0.1365463,0.13345774,0.13042584,0.12760891,0.12514961,0.123030335,0.121233486,0.11974148,0.11853673,0.117601655,0.116918676,0.11647021,0.11623864,0.1162064,0.116355896,0.11666953,0.11712974,0.11771893
0.18709728,0.18685147,0.18664475,0.18648328,0.18637326,0.1863208,0.18633212,0.18641338,0.1865707,0.18681034,0.18713838,0.18756108,0.18808454,0.18871495,0.18945849,0.19032136,0.19130965,0.19245218,0.19376205,0.19522199,0.19681464,0.19852269,0.20032886,0.20221578,0.20416619,0.2061628,0.20818824,0.21022518,0.21225643,0.21426454,0.21623227,0.21814229,0.2199773,0.22171998,0.22335301,0.22485907,0.22622092,0.22742113,0.2284425,0.22926767,0.22987932,0.23026013,0.23039284,0.2302601,0.2298446,0.229129,0.22809605,0.2267284,0.22500874,0.22304252,0.22095084,0.21873987,0.21641576,0.2139847,0.21145286,0.20882638,0.20611149,0.20331432,0.20044105,0.19749781,0.19449086,0.19142629,0.18831031,0.18514907,0.18194875,0.17871551,0.17545559,0.17217503,0.16888012,0.16557693,0.16227172,0.15897061,0.1556798,0.15240546,0.14915371,0.14593077,0.14274281,0.13959596,0.13649642,0.13345039,0.13046397,0.12769124,0.12527047,0.12318442,0.12141576,0.11994715,0.1187613,0.11784089,0.11716861,0.11672717,0.11649924,0.116467506,0.11661463,0.11692337,0.11737636,0.1179563
0.18346407,0.18320595,0.18298885,0.18281928,0.18270373,0.18264867,0.18266055,0.18274587,0.1829111,0.18316275,0.18350725,0.18395114,0.18450083,0.18516287,0.18594371,0.18684979,0.18788765,0.18908134,0.19043934,0.19194466,0.19358021,0.1953291,0.19717425,0.19909877,0.20108558,0.20311771,0.20517817,0.20724991,0.20931607,0.21135952,0.2133633,0.21531048,0.21718398,0.21896684,0.22064207,0.22219267,0.22360165,0.22485204,0.22592679,0.22680888,0.22748141,0.22792734,0.22812967,0.22807144,0.22773558,0.22710516,0.22616315,0.22489259,0.22327644,0.2214138,0.21941942,0.21729976,0.21506132,0.21271054,0.21025392,0.20769797,0.20504911,0.20231387,0.19949873,0.1966101,0.19365455,0.1906385,0.18756846,0.18445091,0.1812923,0.17809914,0.1748779,0.17163506,0.16837713,0.16511051,0.16184177,0.15857732,0.15532367,0.15208733,0.14887471,0.14569238,0.14254673,0.1394443,0.13639154,0.1333949,0.13046095,0.12773891,0.12536246,0.12331455,0.12157823,0.12013648,0.11897231,0.118068755,0.117408775,0.1169754,0.11675164,0.11672048,0.11686493,0.117168024,0.11761273,0.11818206
0.179531,0.17926042,0.17903286,0.17885509,0.17873396,0.17867622,0.17868869,0.17877811,0.17895132,0.17921512,0.17957628,0.1800416,0.18061785,0.18131185,0.18213038,0.18308026,0.18416823,0.1854135,0.18681955,0.18836981,0.19004759,0.19183628,0.19371922,0.19567981,0.19770138,0.19976734,0.201861,0.20396574,0.20606495,0.208142,0.2101802,0.21216296,0.21407364,0.2158956,0.2176122,0.21920678,0.22066277,0.22196347,0.22309229,0.22403258,0.22476767,0.22528099,0.22555584,0.22557563,0.22532369,0.22478342,0.22393817,0.22277129,0.22126617,0.21951503,0.21762578,0.21560523,0.2134601,0.21119727,0.20882346,0.2063455,0.20377018,0.20110428,0.19835462,0.19552796,0.19263111,0.18967085,0.186654,0.18358734,0.18047765,0.17733172,0.17415637,0.17095837,0.16774452,0.1645216,0.16129643,0.15807581,0.15486649,0.15167528,0.14850898,0.14537439,0.14227827,0.13922745,0.13622871,0.13328883,0.13041463,0.12775019,0.12542401,0.12341944,0.12171985,0.12030862,0.1191691,0.11828464,0.11763864,0.117214434,0.11699541,0.1169649,0.1171063,0.11740298,0.117838256,0.11839555
0.17553978,0.17525734,0.17501982,0.17483428,0.17470783,0.1746476,0.17466058,0.17475392,0.17493473,0.17521009,0.17558701,0.1760727,0.17667419,0.17739855,0.1782529,0.17924431,0.18037993,0.18167393,0.18312511,0.18471715,0.1864338,0.18825881,0.19017594,0.19216897,0.19422153,0.19631745,0.19844049,0.20057435,0.20270282,0.20480958,0.20687838,0.2088931,0.21083732,0.21269482,0.21444944,0.2160848,0.2175847,0.21893294,0.22011319,0.2211092,0.22190471,0.22248356,0.22282934,0.22292596,0.22275706,0.22230637,0.22155769,0.22049476,0.2191013,0.21746272,0.21568,0.21376018,0.2117104,0.20953766,0.2072492,0.204852,0.20235312,0.19975977,0.19707894,0.19431776,0.19148333,0.18858272,0.18562302,0.18261136,0.17955476,0.17646034,0.17333521,0.17018642,0.16702114,0.16384637,0.16066925,0.15749684,0.15433624,0.15119459,0.1480789,0.14499635,0.14195392,0.13895877,0.13601796,0.13313861,0.13032784,0.12772432,0.12545137,0.12349262,0.121831916,0.12045298,0.119339496,0.11847529,0.11784406,0.117429554,0.11721553,0.11718574,0.117323905,0.11761377,0.118039116,0.118583664
0.17173575,0.17144279,0.17119645,0.17100403,0.17087291,0.17081036,0.17082389,0.1709207,0.1711082,0.17139377,0.17178473,0.17228846,0.17291224,0.17366353,0.1745496,0.17557786,0.17675562,0.17809264,0.17958313,0.18121122,0.18296105,0.18481672,0.18676233,0.18878205,0.19085997,0.19298027,0.19512703,0.1972843,0.19943637,0.20156722,0.20366102,0.20570192,0.20767403,0.20956144,0.21134828,0.2130187,0.21455686,0.21594673,0.21717262,0.21821856,0.21906869,0.21970713,0.22011799,0.2202854,0.22019348,0.21982639,0.21916819,0.21820305,0.21691509,0.2153832,0.2137018,0.21187821,0.20991981,0.20783395,0.20562802,0.20330931,0.20088519,0.19836308,0.19575022,0.19305402,0.1902819,0.18744108,0.18453899,0.181583,0.17858043,0.17553864,0.172465,0.16936679,0.16625148,0.16312632,0.15999879,0.15687609,0.15376566,0.15067485,0.14761099,0.14458147,0.1415936,0.13865475,0.13577229,0.13295354,0.1302059,0.12766296,0.12544285,0.12352964,0.12190757,0.120560676,0.11947309,0.11862897,0.11801242,0.117607564,0.117398515,0.11736941,0.11750436,0.117787495,0.11820294,0.11873482
0.16810963,0.1678075,0.16755344,0.16735494,0.16721971,0.16715527,0.16716914,0.16726902,0.16746241,0.16775696,0.16816017,0.16867973,0.16932312,0.170098,0.17101194,0.17207251,0.17328727,0.1746618,0.17618613,0.17784484,0.17962237,0.18150324,0.18347196,0.18551303,0.18761094,0.1897502,0.19191521,0.19409066,0.19626091,0.19841045,0.20052387,0.20258558,0.20458014,0.20649205,0.20830573,0.21000579,0.21157663,0.21300283,0.21426879,0.21535909,0.21625824,0.21695068,0.21742094,0.21765353,0.21763292,0.2173436,0.21677011,0.2158969,0.21470854,0.21327776,0.21169277,0.20996115,0.20809045,0.20608829,0.20396227,0.20171995,0.19936891,0.19691677,0.19437104,0.19173943,0.1890294,0.18624854,0.18340454,0.18050489,0.17755722,0.17456912,0.17154811,0.16850187,0.16543786,0.1623638,0.15928717,0.15621562,0.15315671,0.15011802,0.14710711,0.14413166,0.14119916,0.1383172,0.1354934,0.13273534,0.1300506,0.12756781,0.1254002,0.12353228,0.121948555,0.120633535,0.1195717,0.11874754,0.118145585,0.117750295,0.11754619,0.11751777,0.11764954,0.11792597,0.118331596,0.118850894
0.1646523,0.16434224,0.16408142,0.16387773,0.16373889,0.16367272,0.163687,0.16378948,0.163988,0.16429031,0.16470422,0.16523747,0.1658979,0.16669324,0.16763134,0.16871995,0.16996682,0.17137359,0.17292662,0.1746107,0.17641087,0.17831181,0.1802985,0.18235576,0.18446857,0.18662164,0.18879998,0.19098838,0.19317174,0.1953349,0.1974628,0.19954026,0.20155211,0.20348337,0.2053188,0.20704328,0.20864165,0.21009888,0.21139975,0.21252921,0.21347204,0.21421319,0.21473752,0.21502987,0.21507514,0.21485817,0.21436387,0.2135771,0.21248272,0.21114776,0.20965448,0.20801073,0.20622426,0.20430283,0.20225422,0.20008627,0.19780675,0.19542342,0.19294406,0.19037648,0.1877285,0.18500778,0.18222225,0.17937963,0.17648764,0.1735542,0.17058702,0.16759384,0.16458254,0.16156085,0.15853657,0.15551747,0.15251133,0.14952596,0.14656915,0.14364865,0.14077227,0.13794781,0.13518304,0.1324857,0.12986362,0.12744063,0.12532523,0.123502314,0.12195672,0.12067336,0.119637094,0.1188328,0.11824532,0.11785955,0.11766036,0.11763265,0.11776123,0.11803101,0.118426844,0.11893365
0.16135459,0.16103764,0.16077112,0.16056289,0.16042101,0.16035342,0.160368,0.16047274,0.16067564,0.16098458,0.16140762,0.16195264,0.1626276,0.16344047,0.16439925,0.1655118,0.16678615,0.16822028,0.16979705,0.17150174,0.17331953,0.17523576,0.17723556,0.17930423,0.18142703,0.18358918,0.18577589,0.18797249,0.19016412,0.19233611,0.19447367,0.19656202,0.19858642,0.20053214,0.20238437,0.2041284,0.20574945,0.20723279,0.20856364,0.20972718,0.21070881,0.21149361,0.21206695,0.21241398,0.21252,0.21237025,0.21194996,0.21124436,0.21023868,0.20899454,0.20758858,0.20602886,0.20432323,0.20247972,0.20050624,0.19841073,0.19620122,0.1938856,0.19147187,0.18896797,0.18638182,0.18372145,0.18099475,0.17820972,0.17537427,0.17249642,0.16958408,0.16664523,0.16368778,0.16071975,0.15774907,0.15478367,0.15183158,0.14890063,0.14599892,0.14313433,0.14031477,0.13754831,0.13484284,0.13220632,0.12964672,0.12728317,0.12521969,0.12344149,0.12193381,0.12068195,0.1196711,0.118886545,0.11831348,0.117937185,0.117742896,0.117715836,0.11784126,0.11810442,0.11849057,0.118984915
0.15820721,0.1578845,0.15761314,0.15740117,0.15725674,0.15718786,0.1572027,0.15730935,0.15751596,0.1578305,0.15826122,0.1588161,0.1595033,0.1603309,0.16130705,0.16243978,0.16373722,0.16519408,0.16678998,0.16851063,0.17034155,0.17226839,0.17427674,0.17635228,0.17848055,0.18064718,0.18283778,0.185038,0.1872334,0.18940963,0.19155228,0.19364697,0.19567935,0.19763498,0.19949944,0.20125845,0.20289753,0.20440234,0.20575848,0.2069515,0.20796716,0.20879097,0.20940852,0.20980549,0.20996743,0.20988,0.20952877,0.20889941,0.20797747,0.20681944,0.20549668,0.20401736,0.20238945,0.20062119,0.19872053,0.19669576,0.1945548,0.19230585,0.18995707,0.1875164,0.18499205,0.18239209,0.1797246,0.17699778,0.17421961,0.17139821,0.16854174,0.16565825,0.16275589,0.15984271,0.15692681,0.15401632,0.15111935,0.14824396,0.1453983,0.14259043,0.13982846,0.13712049,0.13447462,0.13189897,0.12940162,0.1270972,0.12508531,0.1233516,0.121881664,0.12066111,0.11967554,0.11891062,0.11835189,0.11798501,0.11779558,0.117769204,0.11789149,0.118148066,0.11852455,0.119006544
0.15520097,0.15487358,0.15459824,0.15438315,0.15423658,0.15416671,0.15418175,0.15429002,0.15449962,0.15481877,0.15525576,0.15581876,0.15651605,0.15735579,0.15834622,0.15949555,0.160812,0.16228718,0.16389793,0.16563016,0.16746986,0.16940308,0.17141572,0.17349379,0.17562327,0.17779015,0.17998037,0.18217994,0.18437487,0.1865511,0.18869457,0.19079137,0.19282734,0.19478859,0.19666104,0.19843067,0.20008345,0.20160538,0.2029824,0.20420058,0.20524582,0.20610411,0.20676146,0.20720379,0.20741718,0.2073875,0.20710078,0.20654303,0.20570017,0.2046238,0.20338033,0.20197797,0.20042486,0.19872932,0.19689955,0.1949437,0.19287005,0.1906868,0.1884022,0.1860245,0.18356179,0.1810224,0.17841451,0.17574638,0.17302611,0.17026208,0.16746241,0.16463536,0.1617891,0.15893188,0.15607193,0.1532175,0.15037672,0.1475579,0.14476915,0.14201878,0.13931501,0.13666604,0.13408005,0.13156533,0.12913005,0.12688445,0.12492392,0.123234466,0.12180204,0.120612636,0.11965224,0.11890682,0.11836237,0.11800484,0.11782023,0.11779453,0.117913716,0.11816375,0.118530616,0.11900029
0.1523267,0.15199551,0.151717,0.15149944,0.1513512,0.15128052,0.15129577,0.15140522,0.15161727,0.1519401,0.15238212,0.15295164,0.15365694,0.15450636,0.15550816,0.15667075,0.15800236,0.15949187,0.1611133,0.16285309,0.16469762,0.16663313,0.16864605,0.17072271,0.1728494,0.17501251,0.17719838,0.17939334,0.18158378,0.18375596,0.18589634,0.18799117,0.19002686,0.19198968,0.19386604,0.19564226,0.1973047,0.19883972,0.2002336,0.20147271,0.20254345,0.2034321,0.20412502,0.20460859,0.2048691,0.20489293,0.20466645,0.20417595,0.20340781,0.20240897,0.2012411,0.19991252,0.19843148,0.19680631,0.19504543,0.193157,0.19114946,0.18903099,0.18681,0.18449481,0.18209371,0.17961496,0.177067,0.17445803,0.17179644,0.16909048,0.16634849,0.16357881,0.16078971,0.15798952,0.15518658,0.15238917,0.14960559,0.14684422,0.14411333,0.14142124,0.13877624,0.13618667,0.13366088,0.13120711,0.12883371,0.12664664,0.12473723,0.12309183,0.121696725,0.12053834,0.11960296,0.118876986,0.11834672,0.11799852,0.11781872,0.11779369,0.11790976,0.118153274,0.118510574,0.11896801
0.14957514,0.14924107,0.14896017,0.14874072,0.14859119,0.1485199,0.14853527,0.14864567,0.14885955,0.1491852,0.14963105,0.15020554,0.150917,0.15177383,0.15278436,0.15395708,0.1553003,0.15680024,0.15842873,0.16017233,0.16201782,0.16395198,0.1659614,0.1680329,0.17015311,0.17230877,0.17448659,0.17667323,0.17885546,0.18101996,0.18315347,0.18524265,0.18727423,0.18923493,0.19111148,0.19289055,0.19455889,0.19610311,0.19751008,0.19876634,0.19985868,0.20077385,0.20149845,0.20201932,0.20232308,0.20239647,0.20222619,0.20179893,0.20110142,0.20017631,0.19908068,0.19782288,0.19641133,0.19485448,0.19316055,0.19133809,0.18939544,0.18734095,0.18518303,0.18293004,0.18059044,0.1781725,0.1756847,0.17313541,0.17053303,0.16788587,0.16520241,0.162491,0.15976,0.15701781,0.15427285,0.15153347,0.14880805,0.14610499,0.14343269,0.14079955,0.13821392,0.13568419,0.13321878,0.13082601,0.12851433,0.12638554,0.124527015,0.12292544,0.12156755,0.12044001,0.119529575,0.118822925,0.1183068,0.11796786,0.117792875,0.1177685,0.11788148,0.11811852,0.11846629,0.118911505
0.14693719,0.14660104,0.14631835,0.14609757,0.14594707,0.14587535,0.14589082,0.14600196,0.14621712,0.14654477,0.14699341,0.14757146,0.14828731,0.14914942,0.15016626,0.1513462,0.15269771,0.15420465,0.15583655,0.15758052,0.15942362,0.16135289,0.16335543,0.16541828,0.16752857,0.16967335,0.17183964,0.17401454,0.17618515,0.17833854,0.18046175,0.18254185,0.18456595,0.18652105,0.18839432,0.19017278,0.1918435,0.1933935,0.19480991,0.19607985,0.19719028,0.19812831,0.19888113,0.19943562,0.19977896,0.1998982,0.19978045,0.1994127,0.19878206,0.1979271,0.19690053,0.19571082,0.19436641,0.19287579,0.19124731,0.1894894,0.18761057,0.18561928,0.18352386,0.18133278,0.17905456,0.17669757,0.17427027,0.17178105,0.16923845,0.16665077,0.16402656,0.16137426,0.15870221,0.15601894,0.15333286,0.15065241,0.14798598,0.14534207,0.14272913,0.14015557,0.13762979,0.1351603,0.13275549,0.13042381,0.1281737,0.12610294,0.12429506,0.12273715,0.12141624,0.12031947,0.119433835,0.11874647,0.11824438,0.11791472,0.117744476,0.117720775,0.11783067,0.11806122,0.11839953,0.11883265
0.14440352,0.14406607,0.14378229,0.14356063,0.14340954,0.14333755,0.14335307,0.14346461,0.14368065,0.14400958,0.14446001,0.14504027,0.14575891,0.1466244,0.14764515,0.14882973,0.15018654,0.15169723,0.15332939,0.15507053,0.15690798,0.15882923,0.16082168,0.16287276,0.16497,0.1671007,0.16925235,0.17141236,0.17356823,0.17570734,0.17781706,0.17988491,0.18189834,0.1838447,0.1857115,0.18748608,0.18915601,0.19070859,0.19213131,0.19341159,0.19453691,0.19549459,0.19627213,0.19685702,0.19723657,0.19739833,0.19732964,0.19701801,0.19645081,0.19566272,0.19470233,0.19357823,0.19229877,0.1908725,0.18930785,0.18761335,0.1857974,0.18386847,0.18183509,0.17970572,0.17748879,0.17519279,0.17282622,0.1703975,0.16791518,0.16538763,0.16282338,0.16023089,0.15761866,0.15499514,0.15236874,0.14974803,0.14714144,0.14455743,0.14200447,0.13949108,0.13702565,0.13461673,0.1322727,0.13000214,0.12781346,0.12580054,0.1240431,0.122528665,0.121244654,0.12017847,0.119317584,0.118649386,0.11816131,0.11784085,0.11767539,0.11765235,0.11775917,0.11798329,0.11831215,0.11873317
0.14196497,0.14162688,0.1413426,0.14112052,0.1409692,0.14089704,0.1409126,0.14102435,0.14124076,0.14157031,0.14202158,0.14260288,0.14332287,0.14418997,0.14521265,0.14639941,0.14775872,0.14927024,0.15089977,0.15263508,0.15446402,0.15637434,0.15835385,0.16039029,0.1624715,0.1645853,0.16671944,0.1688617,0.17099993,0.17312184,0.17521529,0.17726803,0.17926787,0.18120258,0.18305998,0.18482786,0.18649405,0.18804625,0.1894723,0.19076002,0.19189711,0.19287147,0.19367082,0.194283,0.19469577,0.19489694,0.19487432,0.19461559,0.1941087,0.19338445,0.1924877,0.19142681,0.19021034,0.18884681,0.1873446,0.18571228,0.1839583,0.1820912,0.18011941,0.17805143,0.17589577,0.17366084,0.17135523,0.16898738,0.16656579,0.1640989,0.16159527,0.15906334,0.1565116,0.15394855,0.15138265,0.14882244,0.14627635,0.14375292,0.1412606,0.13880786,0.13640325,0.13405517,0.13177222,0.1295628,0.1274354,0.12548007,0.12377292,0.12230182,0.12105455,0.1200189,0.11918262,0.11853356,0.11805946,0.11774814,0.11758741,0.11756502,0.11766878,0.1178865,0.11820595,0.11861491
0.13961236,0.13927428,0.13898998,0.13876788,0.13861655,0.13854441,0.13855997,0.13867171,0.13888812,0.1392177,0.13966891,0.14025031,0.14097027,0.14183734,0.14286007,0.14404681,0.14540619,0.14691584,0.1485401,0.150267,0.15208478,0.15398154,0.15594544,0.1579647,0.16002735,0.16212162,0.16423567,0.16635758,0.16847554,0.1705777,0.1726522,0.17468725,0.1766709,0.17859137,0.18043679,0.18219534,0.1838551,0.18540424,0.18683101,0.18812346,0.18926974,0.19025803,0.19107644,0.19171318,0.19215643,0.19239423,0.19241478,0.19220623,0.19175676,0.19109371,0.19025815,0.18925847,0.1881032,0.18680082,0.1853598,0.1837887,0.18209589,0.18028997,0.17837936,0.17637256,0.17427805,0.17210431,0.16985989,0.16755325,0.16519278,0.16278708,0.16034463,0.15787387,0.1553833,0.15288143,0.15037674,0.14787768,0.14539276,0.1429305,0.14049932,0.13810779,0.13576435,0.13347746,0.13125566,0.1291074,0.12704119,0.12514326,0.123486266,0.12205837,0.1208477,0.11984248,0.11903075,0.11840075,0.11794057,0.117638394,0.117482394,0.11746066,0.11756138,0.1177727,0.11808275,0.11847975
0.13733646,0.13699894,0.13671508,0.13649337,0.13634226,0.13627023,0.13628578,0.13639735,0.13661341,0.13694245,0.13739294,0.13797335,0.13869219,0.13955787,0.14057888,0.14176373,0.14312087,0.14462633,0.1462429,0.14795907,0.14976336,0.15164424,0.15359023,0.15558992,0.1576317,0.1597041,0.16179572,0.16389498,0.16599037,0.16807045,0.17012374,0.17213874,0.17410389,0.17600775,0.17783889,0.17958568,0.1812367,0.18278052,0.18420553,0.18550032,0.18665339,0.18765315,0.18848827,0.18914714,0.18961832,0.1898903,0.18995158,0.18979067,0.18939607,0.18879184,0.18801533,0.18707497,0.1859793,0.18473677,0.18335581,0.18184498,0.18021265,0.17846735,0.17661758,0.17467175,0.17263836,0.1705259,0.16834283,0.16609761,0.16379875,0.16145468,0.15907389,0.15666486,0.15423603,0.15179597,0.14935306,0.14691578,0.14449263,0.14209206,0.13972259,0.13739264,0.13511074,0.13288528,0.1307248,0.12863776,0.12663262,0.12479192,0.12318492,0.121800095,0.12062596,0.11965103,0.1188638,0.1182528,0.11780651,0.11751346,0.11736214,0.11734106,0.11743875,0.117643684,0.11794442,0.11832941
0.13512807,0.13479158,0.1345086,0.13428754,0.1341369,0.13406512,0.1340806,0.13419183,0.13440722,0.13473527,0.13518438,0.13576303,0.13647962,0.13734265,0.13836052,0.13954172,0.14089468,0.14239389,0.14400071,0.14570408,0.14749278,0.14935574,0.15128179,0.15325984,0.15527868,0.15732723,0.15939438,0.1614689,0.16353972,0.1655957,0.16762571,0.16961859,0.17156321,0.17344844,0.17526315,0.17699619,0.17863643,0.18017271,0.181594,0.182889,0.1840467,0.18505594,0.18590552,0.18658438,0.18708137,0.1873853,0.18748511,0.1873696,0.18702766,0.18648013,0.18576083,0.18487819,0.18384072,0.1826568,0.18133491,0.17988354,0.17831104,0.1766259,0.17483665,0.17295162,0.17097932,0.16892818,0.16680662,0.16462313,0.16238613,0.16010411,0.15778545,0.15543863,0.15307213,0.15069436,0.14831379,0.14593878,0.14357793,0.14123958,0.13893217,0.13666423,0.13444415,0.13228036,0.13018136,0.12815554,0.12621137,0.1244278,0.12287063,0.12152875,0.12039107,0.11944637,0.11868358,0.11809153,0.11765909,0.11737511,0.11722849,0.117208086,0.11730273,0.1175013,0.1177927,0.118165754
0.13297799,0.13264294,0.1323612,0.13214111,0.13199112,0.13191962,0.13193505,0.13204579,0.13226026,0.13258688,0.13303404,0.13361016,0.13432364,0.13518296,0.13619642,0.13737251,0.1387196,0.14021072,0.14180602,0.14349474,0.14526612,0.14710939,0.14901373,0.15096837,0.15296255,0.15498546,0.15702637,0.15907444,0.16111891,0.16314901,0.16515397,0.16712297,0.1690453,0.17091009,0.17270663,0.17442411,0.17605177,0.17757879,0.17899446,0.18028794,0.18144843,0.18246521,0.1833275,0.18402445,0.18454535,0.1848794,0.18501583,0.18494383,0.18465263,0.18415995,0.18349619,0.1826699,0.18168937,0.18056308,0.17929941,0.17790678,0.17639357,0.17476825,0.17303921,0.17121485,0.16930355,0.16731375,0.16525389,0.16313235,0.16095753,0.15873784,0.15648173,0.15419759,0.15189381,0.1495788,0.14726104,0.14494884,0.14265066,0.1403749,0.13813001,0.13592434,0.13376637,0.13166444,0.129627,0.12766244,0.1257792,0.12405259,0.12254517,0.1212462,0.12014482,0.119230315,0.11849188,0.11791875,0.11750011,0.11722522,0.1170833,0.117063515,0.11715514,0.1173474,0.11762947,0.11799061
0.13087697,0.13054375,0.13026355,0.13004465,0.1298955,0.12982436,0.1298397,0.12994985,0.13016316,0.13048802,0.13093276,0.13150576,0.13221541,0.13307002,0.13407803,0.13524772,0.13658752,0.13806902,0.13965131,0.14132394,0.14307648,0.14489853,0.14677966,0.14870943,0.15067743,0.15267321,0.15468638,0.15670653,0.15872316,0.16072588,0.16270433,0.16464803,0.16654651,0.16838941,0.17016628,0.1718667,0.17348026,0.1749965,0.17640504,0.1776954,0.17885722,0.17988002,0.1807534,0.18146694,0.18201019,0.18237273,0.18254417,0.18251406,0.18227194,0.18183255,0.1812231,0.1804519,0.17952736,0.17845778,0.17725156,0.17591713,0.1744628,0.1728969,0.17122784,0.16946398,0.16761367,0.16568531,0.16368723,0.16162784,0.15951541,0.1573584,0.15516517,0.152944,0.15070336,0.14845154,0.14619693,0.14394787,0.14171278,0.13950002,0.13731791,0.13517483,0.13307917,0.13103925,0.12906349,0.12716024,0.12533781,0.123668075,0.122210324,0.120954126,0.11988903,0.11900464,0.118290536,0.117736265,0.11733143,0.11706558,0.11692832,0.11690923,0.11699784,0.11718375,0.11745652,0.11780578
0.12881584,0.12848474,0.1282063,0.12798882,0.12784058,0.1277699,0.12778515,0.1278946,0.12810656,0.12842934,0.12887129,0.1294407,0.13014585,0.1309951,0.13199674,0.13315906,0.13449042,0.13596109,0.13752909,0.13918437,0.14091688,0.14271653,0.14457324,0.14647692,0.1484175,0.15038498,0.15236925,0.15436019,0.15634784,0.15832202,0.1602727,0.16218981,0.16406329,0.16588306,0.16763908,0.16932122,0.17091946,0.17242365,0.17382385,0.17510988,0.17627172,0.17729928,0.17818251,0.17891133,0.17947565,0.17986543,0.1800706,0.18008104,0.17988674,0.1794994,0.17894308,0.178226,0.17735657,0.17634308,0.1751938,0.17391704,0.17252111,0.17101441,0.16940522,0.16770174,0.16591242,0.1640455,0.16210933,0.16011216,0.15806237,0.15596825,0.15383811,0.15168028,0.14950304,0.14731467,0.14512359,0.14293805,0.14076631,0.1386168,0.13649772,0.13441746,0.1323843,0.13040656,0.12849255,0.12665054,0.12488893,0.12327598,0.121867806,0.12065434,0.119625464,0.11877116,0.118081346,0.117545925,0.11715487,0.11689805,0.11676548,0.11674702,0.11683261,0.11701219,0.117275715,0.11761305
0.12678546,0.12645666,0.12618019,0.12596418,0.125817,0.12574685,0.12576194,0.12587065,0.12608111,0.12640165,0.12684049,0.1274059,0.1281061,0.12894937,0.12994398,0.13109817,0.1324202,0.13387905,0.13543187,0.13706891,0.13878039,0.14055666,0.14238803,0.14426471,0.14617701,0.14811522,0.15006965,0.15203053,0.15398818,0.15593287,0.15785491,0.15974452,0.16159205,0.1633878,0.16512197,0.1667849,0.16836685,0.16985813,0.17124897,0.17252974,0.17369065,0.174722,0.17561412,0.17635724,0.17694165,0.17735766,0.17759556,0.17764556,0.17749803,0.1771618,0.17665774,0.17599414,0.17517915,0.17422111,0.17312828,0.17190887,0.17057116,0.16912343,0.16757384,0.16593072,0.16420232,0.1623969,0.16052267,0.15858792,0.15660088,0.15456985,0.15250303,0.15040867,0.14829513,0.14617054,0.14404319,0.14192134,0.13981326,0.13772717,0.13567136,0.13365406,0.13168356,0.12976806,0.12791587,0.12613519,0.12443429,0.12287807,0.12151942,0.12034862,0.11935594,0.11853167,0.117866084,0.117349535,0.11697222,0.116724454,0.11659653,0.11657869,0.11666131,0.11683457,0.11708882,0.1174143
0.12477654,0.12445022,0.1241758,0.123961456,0.12381536,0.12374573,0.12376075,0.12386861,0.1240775,0.12439561,0.12483114,0.12539226,0.12608722,0.12692414,0.12791124,0.12905675,0.1303688,0.13181524,0.13335216,0.13497025,0.1366601,0.13841237,0.14021772,0.14206675,0.14395009,0.14585844,0.14778233,0.14971246,0.15163952,0.15355407,0.1554468,0.15730831,0.15912923,0.16090022,0.16261193,0.16425498,0.16582002,0.16729765,0.16867857,0.16995333,0.17111269,0.17214717,0.17304747,0.17380416,0.17440803,0.17484958,0.17511946,0.17520835,0.17510687,0.17482106,0.1743687,0.17375796,0.17299704,0.1720941,0.17105742,0.1698951,0.16861536,0.1672264,0.1657364,0.16415359,0.16248606,0.16074213,0.15892994,0.15705766,0.15513352,0.15316565,0.15116231,0.14913169,0.14708191,0.14502122,0.14295779,0.14089984,0.13885555,0.1368331,0.13484068,0.13288647,0.1309787,0.12912554,0.12733519,0.12561582,0.123975635,0.12247608,0.12116691,0.12003876,0.119082235,0.118288,0.117646664,0.1171489,0.11678532,0.11654657,0.11642331,0.116406135,0.116485715,0.11665267,0.11689766,0.11721131
0.122779876,0.122456126,0.12218386,0.12197119,0.121826276,0.12175718,0.12177208,0.1218791,0.12208633,0.12240195,0.12283405,0.12339079,0.12408025,0.12491059,0.12588991,0.12702638,0.12832813,0.12976173,0.13128245,0.13288122,0.13454905,0.13627698,0.1380559,0.13987687,0.1417309,0.14360897,0.145502,0.1474011,0.14929713,0.15118118,0.15304421,0.1548772,0.15667117,0.15841708,0.16010593,0.16172872,0.16327646,0.16474012,0.16611063,0.1673791,0.16853647,0.16957368,0.1704818,0.17125177,0.17187457,0.17234127,0.17264277,0.17277011,0.1727143,0.17247851,0.17207752,0.1715194,0.1708122,0.16996421,0.16898347,0.16787806,0.1666562,0.16532595,0.16389549,0.1623729,0.16076632,0.15908387,0.15733373,0.15552397,0.15366276,0.1517582,0.14981836,0.1478515,0.14586565,0.14386898,0.14186959,0.13987562,0.13789521,0.13593641,0.13400748,0.13211645,0.13027146,0.12848067,0.1267522,0.12509416,0.12351468,0.12207178,0.120812036,0.119726524,0.118806124,0.118041895,0.11742479,0.11694582,0.11659599,0.11636627,0.11624765,0.116231136,0.1163077,0.11646838,0.116704114,0.117005855
0.12078628,0.12046512,0.120195046,0.11998408,0.11984028,0.119771756,0.11978654,0.11989269,0.1200983,0.12041136,0.12084003,0.1213923,0.122076266,0.12289995,0.12387149,0.12499887,0.12629017,0.12771088,0.12921523,0.13079457,0.13244033,0.13414377,0.13589622,0.13768907,0.13951367,0.14136136,0.14322343,0.14509131,0.1469563,0.14880976,0.150643,0.15244739,0.15421431,0.15593505,0.15760094,0.1592034,0.16073371,0.16218327,0.16354337,0.16480538,0.16596065,0.16700052,0.16791633,0.16869944,0.1693412,0.1698329,0.17016594,0.17033166,0.17032136,0.17013556,0.16978583,0.16928019,0.16862679,0.16783361,0.16690871,0.16586024,0.16469619,0.16342467,0.16205366,0.16059132,0.15904567,0.15742476,0.15573667,0.15398942,0.15219116,0.1503499,0.14847365,0.14657056,0.14464866,0.14271599,0.14078066,0.13885069,0.13693416,0.13503912,0.13317366,0.13134581,0.12956367,0.12783523,0.12616865,0.12457194,0.12305313,0.12166689,0.12045663,0.11941368,0.11852944,0.117795184,0.11720229,0.116742134,0.11640603,0.11618534,0.116071366,0.11605552,0.11612908,0.11628344,0.1165099,0.11679985
0.11878656,0.11846794,0.11819998,0.11799069,0.117848046,0.117780074,0.11779473,0.117900066,0.118104026,0.11841461,0.118839875,0.11938775,0.12006631,0.12088348,0.1218473,0.12296573,0.124246836,0.12565482,0.12714303,0.12870316,0.13032697,0.13200611,0.13373229,0.13549721,0.13729256,0.13911006,0.1409414,0.14277825,0.14461236,0.14643537,0.14823905,0.15001501,0.15175505,0.15345079,0.15509395,0.15667625,0.15818937,0.15962498,0.16097486,0.16223063,0.163384,0.16442671,0.16535042,0.16614684,0.1668077,0.16732466,0.16768941,0.16789366,0.16792914,0.16779348,0.16749516,0.16704223,0.16644265,0.16570441,0.16483553,0.16384403,0.16273788,0.16152507,0.16021363,0.15881154,0.15732679,0.15576738,0.1541413,0.15245661,0.15072122,0.1489432,0.14713053,0.14529116,0.14343315,0.1415645,0.13969316,0.13782714,0.13597448,0.13414311,0.13234109,0.1305764,0.12885702,0.12719098,0.12558624,0.12405085,0.122592755,0.121263154,0.12010235,0.11910204,0.11825391,0.11754968,0.116981044,0.1165397,0.11621733,0.11600563,0.11589636,0.11588113,0.11595168,0.11609972,0.116316944,0.11659504
0.11677146,0.1164553,0.11618941,0.115981705,0.11584015,0.115772694,0.11578723,0.115891755,0.11609417,0.11640239,0.116824396,0.11736808,0.11804144,0.11885238,0.11980883,0.12091874,0.12219006,0.12358575,0.1250583,0.12659968,0.12820204,0.12985736,0.1315577,0.13329518,0.13506176,0.13684954,0.13865055,0.14045687,0.14226057,0.14405362,0.14582814,0.1475762,0.1492898,0.15096101,0.15258187,0.1541445,0.15564087,0.15706308,0.15840314,0.15965317,0.16080515,0.16185115,0.16278325,0.16359352,0.16427395,0.16481663,0.16521361,0.16545692,0.16553868,0.16545361,0.16520718,0.16480727,0.16426185,0.16357885,0.16276622,0.16183186,0.16078375,0.15962976,0.15837792,0.15703614,0.15561229,0.15411437,0.15255031,0.15092807,0.14925556,0.14754067,0.1457914,0.1440157,0.1422215,0.14041667,0.13860919,0.13680704,0.13501804,0.13325028,0.13151161,0.12981,0.12815332,0.12654959,0.12500672,0.12353261,0.122135244,0.12086233,0.119751036,0.11879337,0.1179814,0.1173072,0.116762795,0.116340265,0.11603165,0.11582898,0.11572432,0.11570977,0.11577733,0.115919046,0.116127,0.116393246
0.114731856,0.11441793,0.114153944,0.11394771,0.11380717,0.11374019,0.11375464,0.11385841,0.11405935,0.11436539,0.114784405,0.11532422,0.11599277,0.1167979,0.11774754,0.11884954,0.12011177,0.12149596,0.12295356,0.12447702,0.12605861,0.12769087,0.12936616,0.13107687,0.13281542,0.1345742,0.13634567,0.1381222,0.1398962,0.14166003,0.14340621,0.14512704,0.14681497,0.14846241,0.15006176,0.15160541,0.15308583,0.15449531,0.15582637,0.1570714,0.15822272,0.15927285,0.16021413,0.16103896,0.1617398,0.16230899,0.16273901,0.16302224,0.16315101,0.16311736,0.16292344,0.16257718,0.16208641,0.16145907,0.160703,0.15982611,0.15883623,0.15774131,0.15654916,0.1552677,0.15390486,0.15246843,0.15096629,0.14940642,0.14779659,0.14614473,0.14445877,0.14274648,0.14101586,0.13927469,0.13753088,0.13579237,0.13406697,0.1323626,0.13068712,0.12904839,0.12745436,0.12591283,0.12443175,0.12301896,0.121682346,0.12046618,0.11940439,0.118489444,0.11771365,0.117069505,0.11654938,0.11614566,0.115850784,0.1156572,0.1155572,0.115543276,0.115607835,0.11574325,0.11594192,0.11619629
0.11265848,0.11234658,0.11208426,0.11187939,0.11173974,0.11167318,0.11168753,0.11179063,0.11199031,0.11229439,0.112710685,0.113247044,0.1139113,0.11471129,0.11565484,0.11674976,0.11800389,0.11937764,0.12082137,0.12232782,0.12388977,0.1255,0.1271512,0.12883621,0.13054775,0.13227858,0.1340215,0.13576925,0.13751458,0.13925026,0.14096905,0.14266369,0.14432698,0.14595169,0.1475305,0.14905627,0.1505217,0.15191957,0.15324268,0.15448372,0.1556355,0.15669076,0.15764225,0.15848278,0.15920506,0.1598019,0.16026603,0.16059023,0.16076721,0.160786,0.16064554,0.16035372,0.15991835,0.15934727,0.15864825,0.15782923,0.15689795,0.15586224,0.15472999,0.15350899,0.15220706,0.15083206,0.14939184,0.14789414,0.1463469,0.1447579,0.14313492,0.14148587,0.13981856,0.13814081,0.13646041,0.13478525,0.13312316,0.13148193,0.12986942,0.12829344,0.12676184,0.12528245,0.12386308,0.12251159,0.121235766,0.12007641,0.119064234,0.11819201,0.1174525,0.11683843,0.11634259,0.11595776,0.115676664,0.11549207,0.11539676,0.115383506,0.11544503,0.115574114,0.11576354,0.11600602
0.11054214,0.110231936,0.10997107,0.10976729,0.1096284,0.109562226,0.10957649,0.10967904,0.109877616,0.11018003,0.11059406,0.11112749,0.111788146,0.112583764,0.11352215,0.114611074,0.115858376,0.11722302,0.11865417,0.12014498,0.121688575,0.12327804,0.12490652,0.12656713,0.12825295,0.12995715,0.1316728,0.13339305,0.13511099,0.13681978,0.1385125,0.14018229,0.14182222,0.14342546,0.1449851,0.14649427,0.14794609,0.14933366,0.1506501,0.1518885,0.15304206,0.15410383,0.15506694,0.1559245,0.15666962,0.1572955,0.15779512,0.15816167,0.15838829,0.15846089,0.1583751,0.15813878,0.15775967,0.15724559,0.15660432,0.15584362,0.15497132,0.15399517,0.152923,0.15176255,0.15052162,0.14920804,0.14782955,0.14639394,0.14490901,0.14338256,0.14182235,0.1402362,0.13863188,0.13701718,0.13539986,0.13378775,0.13218863,0.13061026,0.1290604,0.12754694,0.1260776,0.124660194,0.12330244,0.122012205,0.12079725,0.11969482,0.118732326,0.11790291,0.117199674,0.11661576,0.11614427,0.115778305,0.115511015,0.115335494,0.115244865,0.115232274,0.11529075,0.1154135,0.11559361,0.11582421
0.10837364,0.10806477,0.107805006,0.107602105,0.107463814,0.1073979,0.10741212,0.107514225,0.107711956,0.108013056,0.10842535,0.1089565,0.10961432,0.11040653,0.111340925,0.1124252,0.11366717,0.115024254,0.11644445,0.11792124,0.11944806,0.12101837,0.122625686,0.12426344,0.12592515,0.12760425,0.12929426,0.1309886,0.13268074,0.1343642,0.13603245,0.13767892,0.13929711,0.14088048,0.14242251,0.14391671,0.14535648,0.14673534,0.14804676,0.1492842,0.15044113,0.15151106,0.1524874,0.15336367,0.15413335,0.15478988,0.15532674,0.1557374,0.15601535,0.15614334,0.15611365,0.15593411,0.15561235,0.15515618,0.1545734,0.1538717,0.15305884,0.15214263,0.15113078,0.15003102,0.14885113,0.14759889,0.14628203,0.14490831,0.14348546,0.14202127,0.14052348,0.13899983,0.13745809,0.13590601,0.13435136,0.13280188,0.1312653,0.12974942,0.12826195,0.12681071,0.12540336,0.12404773,0.12275155,0.12152256,0.12036853,0.119323105,0.11841039,0.11762388,0.11695701,0.116403304,0.115956195,0.11560915,0.11535569,0.11518926,0.11510332,0.11509134,0.11514682,0.11526323,0.11543402,0.11565269
0.10614378,0.10583579,0.10557675,0.10537444,0.105236545,0.10517082,0.105185,0.10528681,0.105483964,0.10578422,0.106195316,0.10672496,0.107380904,0.108170845,0.109102555,0.11018377,0.11142217,0.11277366,0.114184774,0.11564938,0.11716129,0.118714325,0.12030236,0.12191917,0.12355859,0.12521444,0.12688063,0.1285509,0.13021913,0.13187912,0.13352473,0.13514975,0.13674803,0.13831343,0.13983972,0.1413208,0.14275043,0.14412248,0.14543074,0.14666915,0.14783138,0.14891136,0.14990294,0.15079987,0.15159601,0.1522852,0.1528613,0.15331809,0.15364939,0.15383478,0.15386288,0.15374152,0.15347841,0.15308128,0.15255788,0.15191591,0.15116307,0.15030718,0.14935595,0.14831705,0.14719823,0.14600731,0.1447519,0.14343981,0.14207877,0.14067645,0.13924067,0.13777909,0.13629948,0.13480955,0.13331704,0.13182972,0.13035524,0.12890139,0.1274759,0.12608652,0.12474089,0.12344687,0.12221209,0.12104434,0.119951315,0.118963026,0.118100226,0.1173567,0.11672629,0.11620285,0.1157802,0.11545213,0.11521252,0.115055196,0.11497393,0.11496263,0.115015075,0.11512513,0.11528659,0.115493275
0.10384332,0.103535704,0.10327698,0.10307492,0.102937184,0.10287156,0.1028857,0.10298738,0.103184305,0.103484206,0.10389481,0.10442382,0.10507894,0.10586794,0.106798545,0.10787842,0.10911535,0.11046339,0.11186761,0.11332219,0.11482136,0.11635929,0.11793012,0.11952809,0.1211474,0.12278219,0.12442666,0.12607501,0.12772143,0.12936008,0.13098519,0.1325909,0.13417144,0.135721,0.13723373,0.13870381,0.14012548,0.1414929,0.14280024,0.14404173,0.1452115,0.14630377,0.14731278,0.1482326,0.14905751,0.14978167,0.15039927,0.15090449,0.15129152,0.15153643,0.15162432,0.1515629,0.1513599,0.15102303,0.15056004,0.14997861,0.1492865,0.14849143,0.14760111,0.14662325,0.14556561,0.14443587,0.1432418,0.14199108,0.14069146,0.13935064,0.13797638,0.13657634,0.1351583,0.13372995,0.13229905,0.13087328,0.1294604,0.12806809,0.12670411,0.12537616,0.12409199,0.1228593,0.121685795,0.12057925,0.11954734,0.11861637,0.11780359,0.11710315,0.11650932,0.11601624,0.11561807,0.11530903,0.115083314,0.1149351,0.11485856,0.11484791,0.1148973,0.11500098,0.115153074,0.11534779
0.10146309,0.101155266,0.10089638,0.10069417,0.10055636,0.10049067,0.10050484,0.100606576,0.10080365,0.10110374,0.1015146,0.10204395,0.10269953,0.103489056,0.10442025,0.10550086,0.106738605,0.108085655,0.10948544,0.11093247,0.112421334,0.11394654,0.11550265,0.11708421,0.118685775,0.12030189,0.12192709,0.123555906,0.12518293,0.12680267,0.12840967,0.12999852,0.13156371,0.13309984,0.13460141,0.136063,0.13747913,0.13884439,0.14015326,0.1414003,0.14258014,0.14368725,0.14471617,0.14566146,0.14651768,0.1472794,0.1479411,0.14849734,0.14894274,0.14924969,0.14939953,0.1494,0.14925875,0.14898357,0.14858218,0.14806226,0.1474316,0.14669788,0.1458689,0.14495227,0.14395584,0.14288725,0.14175428,0.14056465,0.13932605,0.13804625,0.13673295,0.1353939,0.13403684,0.13266945,0.1312995,0.12993467,0.12858275,0.12725145,0.12594846,0.12468153,0.123458385,0.122286774,0.12117442,0.120129034,0.119158335,0.11828484,0.117522225,0.116865054,0.11630788,0.11584522,0.11547163,0.115181684,0.1149699,0.11483082,0.11475903,0.114749014,0.11479537,0.11489265,0.115035355,0.11521804
0.09899386,0.09868519,0.0984256,0.09822284,0.09808464,0.09801877,0.09803298,0.09813501,0.09833261,0.09863353,0.099045515,0.09957633,0.10023371,0.1010254,0.10195918,0.10304275,0.10428389,0.105632715,0.10703078,0.10847299,0.10995425,0.111469455,0.113013536,0.1145814,0.116167925,0.117768034,0.11937663,0.12098863,0.12259894,0.12420243,0.12579405,0.1273687,0.12892127,0.13044667,0.13193981,0.13339561,0.13480896,0.13617475,0.13748792,0.13874337,0.13993597,0.14106068,0.14211239,0.14308597,0.14397639,0.14477846,0.14548719,0.14609745,0.14660412,0.14697596,0.1471902,0.14725465,0.14717704,0.14696509,0.14662659,0.14616928,0.14560089,0.14492916,0.14416188,0.14330676,0.14237158,0.14136408,0.14029199,0.13916308,0.1379851,0.13676578,0.13551289,0.13423416,0.13293736,0.13163023,0.13032049,0.12901595,0.12772429,0.12645333,0.12521076,0.124004364,0.12284187,0.12173105,0.12067962,0.11969537,0.118786015,0.11797019,0.117257915,0.11664413,0.116123736,0.11569162,0.11534271,0.11507189,0.114874095,0.11474421,0.11467713,0.11466781,0.1147111,0.11480193,0.11493522,0.11510587
0.096631914,0.09632214,0.0960616,0.095858105,0.09571941,0.095653296,0.09566757,0.09576996,0.09596828,0.09627026,0.09668376,0.097216494,0.09787626,0.09867081,0.09960796,0.100695476,0.101941094,0.10329294,0.104690775,0.106129825,0.107605316,0.109112516,0.11064666,0.11220298,0.113776766,0.11536321,0.11695759,0.118555136,0.12015109,0.1217407,0.12331924,0.12488191,0.126424,0.1279407,0.12942728,0.13087898,0.13229105,0.1336588,0.13497737,0.13624205,0.13744807,0.13859075,0.1396652,0.14066677,0.14159067,0.14243215,0.14318644,0.14384878,0.14441448,0.14484854,0.14512452,0.14525014,0.14523314,0.14508131,0.14480254,0.14440449,0.1438949,0.14328168,0.14257255,0.14177525,0.1408976,0.13994735,0.1389323,0.13786025,0.13673891,0.1355761,0.1343796,0.13315713,0.13191655,0.13066559,0.12941207,0.12816368,0.12692828,0.12571363,0.124527484,0.123377636,0.12227185,0.12121792,0.12022361,0.119296715,0.11844499,0.11768336,0.11701844,0.11644543,0.11595961,0.11555623,0.115230486,0.11497767,0.11479303,0.11467175,0.11460915,0.11460044,0.114640854,0.11472565,0.11485008,0.1150094
0.09456982,0.09425907,0.0939977,0.09379356,0.09365443,0.09358813,0.09360243,0.093705155,0.093904085,0.09420704,0.09462183,0.09515625,0.09581808,0.096615136,0.09755525,0.09864616,0.099895716,0.101250224,0.10264785,0.10408412,0.10555459,0.10705479,0.10858026,0.11012653,0.111689165,0.11326368,0.11484564,0.116430566,0.118014,0.1195915,0.121158585,0.12271082,0.12424371,0.12575285,0.12723368,0.12868185,0.13009289,0.13146223,0.13278554,0.1340583,0.13527602,0.13643433,0.1375287,0.13855468,0.13950782,0.14038368,0.14117774,0.14188562,0.14250281,0.14299127,0.14332108,0.14350004,0.14353599,0.1434367,0.14321001,0.14286369,0.14240552,0.1418434,0.14118497,0.14043815,0.13961077,0.1387105,0.13774525,0.13672279,0.13565092,0.13453741,0.13339013,0.13221683,0.13102533,0.12982343,0.12861894,0.12741965,0.12623334,0.12506784,0.12393096,0.122830465,0.12177421,0.120769925,0.1198255,0.11894865,0.11814723,0.11743295,0.116809346,0.11627196,0.11581633,0.115438014,0.11513251,0.11489541,0.11472223,0.11460851,0.11454979,0.11454162,0.11457951,0.114659056,0.11477575,0.114925146
0.092792846,0.09248125,0.092219174,0.09201448,0.09187498,0.09180848,0.09182283,0.09192583,0.0921253,0.09242909,0.09284499,0.093380846,0.09404446,0.094843686,0.0957863,0.09688019,0.098133124,0.09948993,0.10088736,0.10232126,0.10378739,0.10528156,0.10679954,0.10833717,0.109890185,0.11145446,0.11302568,0.114599735,0.116172396,0.11773944,0.11929666,0.12083991,0.1223649,0.12386747,0.12534338,0.12678851,0.12819856,0.12956941,0.13089672,0.13217646,0.13340428,0.13457605,0.13568757,0.1367346,0.13771299,0.13861842,0.13944681,0.14019388,0.14085545,0.14139076,0.14176697,0.14199194,0.14207351,0.14201948,0.1418377,0.14153597,0.14112207,0.14060393,0.13998927,0.13928595,0.13850181,0.13764463,0.1367223,0.1357426,0.13471337,0.13364239,0.13253751,0.13140658,0.13025734,0.12909773,0.12793545,0.12677845,0.12563448,0.12451133,0.123416916,0.12235897,0.12134535,0.12038389,0.1194824,0.118648715,0.117890656,0.11721715,0.11662915,0.116122454,0.11569285,0.115336135,0.11504809,0.11482452,0.11466125,0.11455402,0.114498645,0.114490926,0.114526674,0.114601664,0.1147117,0.11485257
0.09128621,0.090973906,0.09071123,0.09050607,0.09036625,0.09029959,0.09031399,0.090417214,0.09061714,0.090921625,0.09133848,0.09187557,0.09254071,0.09334174,0.094286546,0.095382914,0.09663871,0.09799744,0.099394746,0.10082661,0.10228908,0.1037781,0.105289765,0.10682005,0.1083649,0.10992046,0.11148263,0.11304745,0.11461098,0.11616915,0.11771804,0.11925363,0.12077193,0.12226896,0.123740725,0.12518321,0.12659247,0.1279645,0.12929533,0.13058093,0.13181731,0.13300054,0.13412657,0.13519146,0.13619117,0.13712177,0.13797921,0.13875951,0.13945873,0.14003372,0.1404493,0.14071329,0.14083356,0.14081788,0.14067414,0.14041021,0.1400339,0.13955304,0.13897546,0.13830902,0.1375616,0.13674094,0.135855,0.13491154,0.13391842,0.1328835,0.1318146,0.13071954,0.12960623,0.1284824,0.12735601,0.12623483,0.1251267,0.12403949,0.12298105,0.12195919,0.12098177,0.120056584,0.119191535,0.118394434,0.11767312,0.1170342,0.1164764,0.11599571,0.11558817,0.11524976,0.11497652,0.11476444,0.114609525,0.114507794,0.11445527,0.11444797,0.114481874,0.114553,0.11465739,0.11479102
0.09003518,0.089722276,0.08945913,0.08925356,0.089113474,0.089046724,0.089061126,0.08916453,0.08936486,0.08966991,0.09008757,0.090625644,0.09129206,0.09209463,0.09304121,0.09413965,0.09539783,0.09675819,0.09815536,0.09958554,0.101044945,0.10252972,0.104036115,0.10556028,0.107098415,0.108646706,0.110201366,0.11175855,0.11331444,0.11486527,0.116407245,0.11793646,0.119449206,0.12094163,0.122409925,0.12385027,0.12525888,0.12663192,0.12796563,0.12925608,0.13049962,0.1316923,0.13283041,0.1339101,0.13492756,0.135879,0.13676058,0.1375685,0.13829896,0.13890693,0.13935517,0.13965157,0.13980395,0.13982013,0.13970804,0.13947546,0.13913032,0.13868044,0.13813367,0.13749787,0.13678089,0.13599063,0.13513485,0.1342215,0.13325837,0.13225336,0.13121432,0.1301491,0.12906553,0.1279715,0.12687485,0.12578341,0.12470511,0.123647705,0.12261914,0.12162723,0.12067984,0.11978482,0.11895001,0.11818328,0.11749248,0.116882294,0.11634956,0.11589048,0.11550123,0.11517804,0.11491708,0.114714526,0.11456657,0.114469424,0.11441927,0.11441229,0.11444466,0.11451261,0.1146123,0.11473993
0.089025036,0.088711664,0.088448085,0.08824222,0.08810192,0.08803505,0.08804947,0.088153064,0.08835369,0.0886592,0.08907747,0.0896164,0.09028383,0.09108761,0.09203564,0.09313576,0.09439587,0.09575751,0.09715458,0.09858341,0.100040354,0.10152171,0.103023835,0.104543105,0.10607578,0.10761821,0.10916678,0.11071778,0.11226756,0.113812454,0.1153488,0.11687293,0.118381165,0.119869865,0.12133535,0.12277397,0.12418203,0.12555592,0.12689187,0.12818629,0.12943558,0.13063596,0.1317838,0.13287547,0.13390726,0.13487554,0.13577658,0.13660681,0.1373625,0.13799712,0.13847174,0.13879429,0.13897257,0.13901451,0.13892789,0.1387207,0.13840073,0.13797583,0.13745394,0.13684288,0.1361505,0.1353847,0.13455333,0.13366428,0.1327254,0.13174456,0.13072963,0.12968847,0.12862895,0.12755898,0.1264863,0.12541892,0.12436469,0.123331375,0.122326925,0.121359184,0.12043606,0.11956536,0.11875496,0.11801278,0.117346644,0.11675962,0.116247125,0.115805484,0.11543106,0.115120135,0.11486906,0.11467423,0.114531904,0.114438444,0.114390194,0.11438348,0.11441462,0.11447998,0.11457589,0.11469868
0.088240996,0.087927245,0.08766338,0.08745727,0.08731678,0.08724982,0.08726428,0.08736799,0.08756886,0.08787474,0.08829351,0.08883307,0.08950128,0.09030602,0.09125515,0.09235658,0.09361818,0.094980836,0.09637781,0.09780561,0.09926064,0.10073933,0.102238186,0.10375359,0.10528202,0.10681994,0.10836378,0.10990999,0.11145501,0.1129953,0.11452729,0.11604744,0.117552206,0.11903801,0.120501325,0.12193857,0.12334625,0.12472072,0.12605849,0.12735604,0.12860973,0.12981607,0.13097148,0.13207243,0.13311537,0.13409668,0.13501285,0.1358604,0.13663566,0.13729094,0.13778606,0.13812888,0.1383273,0.13838917,0.13832244,0.13813485,0.13783443,0.13742895,0.13692635,0.1363345,0.1356612,0.13491443,0.134102,0.13323182,0.13231173,0.13134964,0.13035342,0.12933096,0.12829012,0.12723874,0.12618475,0.12513605,0.12410042,0.12308584,0.12210012,0.12115115,0.12024684,0.11939503,0.1186036,0.11788044,0.117233425,0.11666441,0.116167635,0.115739524,0.11537658,0.115075186,0.114831835,0.11464294,0.114504986,0.114414394,0.11436761,0.11436111,0.114391305,0.114454664,0.11454763,0.114666626
0.08766833,0.08735432,0.08709019,0.08688392,0.08674333,0.086676314,0.08669078,0.08679459,0.0869956,0.08730173,0.087720886,0.08826091,0.08892969,0.089735135,0.09068509,0.09178748,0.09305015,0.09441354,0.09581048,0.097237505,0.09869113,0.10016788,0.10166431,0.103176914,0.104702264,0.10623688,0.107777275,0.10931997,0.110861525,0.11239844,0.113927245,0.11544451,0.11694672,0.11843042,0.11989214,0.12132842,0.12273574,0.12411073,0.12544982,0.12674958,0.12800653,0.12921722,0.13037814,0.13148588,0.13253689,0.13352779,0.13445504,0.13531518,0.13610476,0.13677514,0.13728517,0.13764285,0.13785598,0.13793243,0.13788018,0.13770698,0.13742082,0.13702956,0.13654101,0.13596316,0.13530383,0.13457093,0.13377233,0.13291593,0.1320096,0.1310612,0.13007864,0.12906982,0.1280426,0.12700488,0.12596451,0.1249294,0.12390741,0.12290648,0.121934466,0.1209992,0.120108634,0.119270615,0.118493035,0.1177838,0.11715074,0.11659488,0.116109565,0.115691364,0.11533678,0.11504235,0.11480462,0.1146201,0.114485316,0.11439683,0.11435113,0.114344776,0.11437428,0.11443617,0.11452698,0.11464323
0.08729229,0.0869781,0.08671383,0.08650743,0.08636676,0.0862997,0.08631419,0.08641804,0.086619176,0.0869255,0.08734487,0.0878852,0.08855437,0.08936026,0.09031077,0.09141376,0.09267716,0.09404103,0.095437944,0.096864454,0.09831714,0.09979264,0.10128747,0.10279827,0.104321584,0.10585403,0.10739214,0.10893253,0.11047179,0.11200651,0.11353324,0.11504859,0.116549134,0.118031435,0.11949213,0.120927766,0.122334905,0.12371015,0.12505014,0.12635134,0.12761043,0.12882397,0.12998852,0.13110073,0.13215706,0.13315423,0.13408875,0.13495718,0.13575615,0.13643645,0.13695633,0.13732374,0.1375465,0.13763256,0.13758974,0.137426,0.13714923,0.13676725,0.136288,0.13571933,0.13506918,0.13434537,0.13355584,0.13270847,0.13181117,0.13087177,0.1298982,0.12889837,0.1278801,0.12685129,0.12581989,0.12479372,0.12378071,0.12278873,0.12182566,0.12089942,0.12001788,0.11918891,0.11842045,0.11772031,0.11709645,0.1165492,0.11607143,0.11565972,0.11531065,0.1150208,0.11478676,0.1146051,0.11447242,0.11438529,0.11434031,0.11433404,0.114363074,0.11442401,0.11451343,0.11462788
0.087098114,0.08678382,0.0865195,0.08631303,0.08617231,0.08610526,0.08611973,0.08622362,0.08642483,0.086731225,0.08715073,0.08769122,0.08836057,0.08916669,0.09011747,0.09122081,0.09248457,0.0938487,0.095245585,0.09667182,0.09812404,0.099598885,0.10109291,0.10260274,0.10412502,0.10565632,0.1071933,0.108732484,0.110270575,0.111804135,0.1133298,0.11484415,0.11634384,0.11782541,0.119285576,0.12072088,0.12212792,0.12350331,0.12484372,0.12614572,0.12740591,0.1286209,0.12978737,0.13090184,0.13196096,0.13296132,0.13389961,0.13477232,0.13557616,0.13626157,0.1367865,0.13715892,0.1373867,0.13747771,0.13743982,0.13728091,0.13700897,0.13663182,0.13615736,0.13559341,0.13494799,0.13422893,0.1334441,0.13260138,0.13170874,0.13077399,0.12980506,0.12880982,0.12779616,0.12677199,0.12574519,0.12472365,0.12371526,0.1227279,0.1217695,0.12084791,0.11997102,0.119146734,0.11838296,0.117687546,0.11706841,0.116525635,0.116051756,0.11564339,0.11529715,0.11500967,0.114777535,0.11459734,0.11446576,0.11437934,0.114334725,0.11432851,0.11435733,0.11441775,0.114506416,0.11461994
0.08707108,0.08675676,0.08649244,0.086285986,0.08614525,0.08607819,0.08609265,0.086196534,0.086397745,0.086704165,0.08712368,0.0876642,0.08833358,0.089139745,0.090090565,0.09119395,0.09245775,0.09382191,0.095218785,0.096645005,0.09809716,0.0995719,0.101065814,0.102575526,0.10409765,0.105628796,0.10716559,0.108704634,0.110242546,0.111775964,0.11330146,0.11481568,0.11631525,0.11779676,0.1192568,0.12069207,0.12209909,0.12347453,0.124814965,0.12611707,0.12737745,0.12859264,0.12975934,0.13087416,0.13193364,0.13293451,0.13387324,0.1347466,0.13555111,0.13623722,0.13676286,0.137136,0.13736442,0.13745612,0.13741893,0.13726074,0.13698944,0.13661295,0.13613912,0.13557589,0.13493113,0.13421272,0.13342851,0.13258648,0.13169448,0.13076037,0.12979206,0.12879749,0.12778448,0.12676096,0.12573478,0.12471389,0.12370616,0.122719444,0.121761665,0.12084076,0.119964495,0.11914087,0.11837772,0.11768298,0.11706451,0.116522364,0.116049014,0.115641095,0.11529529,0.11500812,0.11477626,0.114596285,0.11446482,0.11437851,0.11433394,0.11432773,0.11435652,0.11441688,0.11450545,0.11461884
0.08719644,0.08688218,0.086617894,0.08641146,0.08627078,0.08620372,0.08621818,0.08632206,0.08652322,0.086829565,0.08724902,0.08778943,0.088458695,0.089264706,0.09021534,0.0913185,0.092582084,0.09394608,0.095342964,0.09676935,0.09822182,0.09969698,0.10119142,0.10270175,0.10422455,0.10575641,0.10729397,0.10883378,0.11037245,0.11190661,0.113432825,0.11494766,0.11644778,0.11792973,0.11939016,0.12082561,0.12223271,0.12360804,0.124948226,0.12624983,0.12750947,0.12872373,0.12988922,0.13100252,0.13206024,0.133059,0.13399538,0.13486592,0.1356673,0.13635011,0.13687252,0.13724238,0.13746761,0.13755608,0.13751572,0.13735437,0.13707997,0.13670039,0.13622348,0.13565719,0.13500936,0.1342879,0.1335007,0.13265562,0.13176061,0.13082348,0.12985222,0.12885465,0.12783866,0.12681213,0.125783,0.12475912,0.12374839,0.1227587,0.12179796,0.12087398,0.11999475,0.119168065,0.11840192,0.11770414,0.1170826,0.11653757,0.11606172,0.11565165,0.115303986,0.11501531,0.1147822,0.11460129,0.11446914,0.11438236,0.11433757,0.11433132,0.11436021,0.11442092,0.114509955,0.114623964
0.08745943,0.087145284,0.08688111,0.086674765,0.08653413,0.0864671,0.08648155,0.08658537,0.08678648,0.08709272,0.087511994,0.08805218,0.08872118,0.08952687,0.090477146,0.091579854,0.09284294,0.094206594,0.0956035,0.09703025,0.098483354,0.0999594,0.10145496,0.10296655,0.10449079,0.106024176,0.10756331,0.10910473,0.11064502,0.1121807,0.113708355,0.115224555,0.11672584,0.11820877,0.11966991,0.12110581,0.12251307,0.12388818,0.12522776,0.12652834,0.12778649,0.12899873,0.13016166,0.1312719,0.13232589,0.13332024,0.13425152,0.1351163,0.1359111,0.13658696,0.13710248,0.13746555,0.13768402,0.13776582,0.13771881,0.1375509,0.13726991,0.13688381,0.13640046,0.13582769,0.13517347,0.13444561,0.13365206,0.1328007,0.13189936,0.13095595,0.12997839,0.12897456,0.12795232,0.12691955,0.12588418,0.12485401,0.12383704,0.122841045,0.121874005,0.120943785,0.1200582,0.119225234,0.1184527,0.117748514,0.11712058,0.11656949,0.11608839,0.11567379,0.11532225,0.1150304,0.114794694,0.114611775,0.11447816,0.1143904,0.11434515,0.11433881,0.11436806,0.1144294,0.11451943,0.114634715
0.08784529,0.08753135,0.0872673,0.087061085,0.08692053,0.08685356,0.086867996,0.08697177,0.08717273,0.08747881,0.08789784,0.08843771,0.089106314,0.08991153,0.090861246,0.09196333,0.09322569,0.094588846,0.0959858,0.09741305,0.0988671,0.10034447,0.101841636,0.10335513,0.10488142,0.10641706,0.107958525,0.10950231,0.111044906,0.11258286,0.11411266,0.11563083,0.11713382,0.11861815,0.12008038,0.12151696,0.12292441,0.12429921,0.1256379,0.12693697,0.12819295,0.12940225,0.1305615,0.1316671,0.13271566,0.13370359,0.13462742,0.13548368,0.13626882,0.13693453,0.13743995,0.13779303,0.1380016,0.13807361,0.1380168,0.13783923,0.13754863,0.13715294,0.13666011,0.1360779,0.13541427,0.13467707,0.13387421,0.13301353,0.13210295,0.13115034,0.13016357,0.12915051,0.12811907,0.12707715,0.12603256,0.12499324,0.123967074,0.12296188,0.121985644,0.121046156,0.120151356,0.11930907,0.118527204,0.117813654,0.117176294,0.116616346,0.116127506,0.11570625,0.11534907,0.1150525,0.11481304,0.11462717,0.1144914,0.114402264,0.114356235,0.11434981,0.11437954,0.11444187,0.114533365,0.114650466
0.088339314,0.08802559,0.087761775,0.087555684,0.08741524,0.0873483,0.08736273,0.08746643,0.08766725,0.087973095,0.088391826,0.088931285,0.08959941,0.090404026,0.09135303,0.09245429,0.09371569,0.09507823,0.09647523,0.097903155,0.0993584,0.10083744,0.102336705,0.103852585,0.10538155,0.10692003,0.108464465,0.11001128,0.111556895,0.11309775,0.114630304,0.11615095,0.11765615,0.119142324,0.1206059,0.122043334,0.123451024,0.12482542,0.126163,0.12746012,0.12871328,0.12991887,0.13107333,0.13217312,0.13321464,0.13419433,0.13510865,0.13595398,0.1367268,0.1373795,0.13787204,0.13821231,0.13840821,0.13846761,0.13839835,0.13820834,0.13790543,0.13749754,0.13699253,0.13639824,0.13572255,0.1349734,0.1341586,0.13328603,0.1323636,0.13139918,0.1304006,0.12937576,0.12833259,0.1272789,0.12622258,0.12517148,0.12413355,0.123116635,0.122128546,0.12117724,0.120270565,0.11941639,0.11862259,0.11789706,0.117247626,0.11667638,0.116177596,0.1157478,0.1153834,0.11508083,0.114836514,0.114646874,0.11450836,0.11441738,0.11437045,0.114363916,0.11439423,0.114457816,0.11455115,0.11467064
