0.117471695,0.117444746,0.11742208,0.11740438,0.1173923,0.11738656,0.11738781,0.1173967,0.117413945,0.11744024,0.117476225,0.11752257,0.11757998,0.11764912,0.11773066,0.11782531,0.1179337,0.11806972,0.118244074,0.118452854,0.118692055,0.11895774,0.1192459,0.11955256,0.119873814,0.12020566,0.120544076,0.12088515,0.121224925,0.12155941,0.12188461,0.122196615,0.12249136,0.12276496,0.12301344,0.12323281,0.12341908,0.12356833,0.12367657,0.12373978,0.12375406,0.123715416,0.12361989,0.12346348,0.12324225,0.12295223,0.12258944,0.12214989,0.12162963,0.1210606,0.12047781,0.11988195,0.11927365,0.11865364,0.11802258,0.117381126,0.11672999,0.11606984,0.115401335,0.11472513,0.11404195,0.113352485,0.11265733,0.11195726,0.11125287,0.11054486,0.10983395,0.10912078,0.108406015,0.107690364,0.10697448,0.10625904,0.10554473,0.10483222,0.10412223,0.10341536,0.10271233,0.10201381,0.101320505,0.10063302,0.09995211,0.09931637,0.09876132,0.09828303,0.09787749,0.09754076,0.09726889,0.09705784,0.096903704,0.09680248,0.09675022,0.09674296,0.09677668,0.096847475,0.096951336,0.09708429
0.11695533,0.11692794,0.11690488,0.11688687,0.11687461,0.11686874,0.116870016,0.11687907,0.11689663,0.11692333,0.11695993,0.11700707,0.11706544,0.11713575,0.11721867,0.117314875,0.11742511,0.117562994,0.11773914,0.11794959,0.11819031,0.11845746,0.11874702,0.11905505,0.11937759,0.11971065,0.120050326,0.12039264,0.120733656,0.1210694,0.121395886,0.12170916,0.122005336,0.1222804,0.122530386,0.12275137,0.12293938,0.12309044,0.123200625,0.12326598,0.123282515,0.12324633,0.12315338,0.122999795,0.12278157,0.12249479,0.122135416,0.12169958,0.12118328,0.12061823,0.12003916,0.119446814,0.11884181,0.11822492,0.11759677,0.11695808,0.116309516,0.11565177,0.114985555,0.114311524,0.1136304,0.112942845,0.11224956,0.11155122,0.11084853,0.11014216,0.10943282,0.10872118,0.10800792,0.10729376,0.10657936,0.10586544,0.105152644,0.104441695,0.10373328,0.10302806,0.102326736,0.10163002,0.10093856,0.10025305,0.099574216,0.098940484,0.09838719,0.097910404,0.09750616,0.097170494,0.09689948,0.0966891,0.096535444,0.09643454,0.09638245,0.0963752,0.09640883,0.096479386,0.09658292,0.096715465
0.11652108,0.116493285,0.11646993,0.11645165,0.11643923,0.1164333,0.116434544,0.11644375,0.11646153,0.11648863,0.11652573,0.11657352,0.11663272,0.116704,0.116788074,0.11688565,0.11699738,0.11713684,0.117314465,0.1175263,0.117768355,0.11803673,0.118327476,0.11863661,0.11896023,0.1192944,0.11963513,0.11997848,0.12032053,0.12065726,0.12098485,0.121299244,0.12159658,0.12187286,0.12212414,0.122346476,0.12253591,0.12268853,0.12280037,0.1228675,0.12288595,0.12285179,0.12276104,0.12260982,0.12239414,0.12211004,0.1217536,0.12132087,0.1208079,0.120246165,0.119670264,0.11908085,0.11847865,0.11786436,0.117238656,0.11660226,0.115955874,0.11530019,0.11463589,0.11396368,0.11328428,0.11259834,0.1119066,0.111209735,0.11050847,0.10980348,0.10909544,0.108385086,0.10767314,0.10696021,0.106247105,0.10553442,0.10482288,0.10411325,0.103406146,0.102702335,0.10200244,0.10130722,0.10061734,0.099933505,0.09925642,0.098624356,0.09807255,0.09759704,0.09719387,0.0968591,0.09658878,0.09637897,0.09622574,0.0961251,0.09607316,0.09606592,0.09609946,0.09616983,0.096273094,0.0964053
0.11618188,0.11615379,0.11613016,0.11611171,0.116099134,0.11609315,0.11609444,0.11610374,0.11612171,0.11614909,0.11618658,0.11623489,0.11629473,0.11636677,0.11645174,0.11655037,0.1166633,0.11680401,0.116982765,0.1171957,0.11743876,0.1177081,0.11799976,0.1183098,0.11863427,0.11896925,0.11931079,0.11965496,0.1199978,0.12033538,0.12066378,0.120979086,0.12127729,0.12155453,0.12180681,0.12203019,0.122220784,0.12237463,0.12248776,0.12255628,0.12257619,0.122543655,0.12245462,0.12230521,0.12209151,0.12180953,0.12145535,0.12102507,0.120514676,0.11995557,0.1193821,0.118795,0.11819496,0.11758271,0.11695892,0.11632436,0.115679674,0.115025565,0.11436277,0.113692,0.11301392,0.11232925,0.11163871,0.110943034,0.11024286,0.10953893,0.10883194,0.10812258,0.107411616,0.106699705,0.10598754,0.10527586,0.10456532,0.10385672,0.10315066,0.102447905,0.10174914,0.10105508,0.10036644,0.099683896,0.09900817,0.098377466,0.09782679,0.09735227,0.096949935,0.09661588,0.09634612,0.096136756,0.095983826,0.095883414,0.09583155,0.09582434,0.095857814,0.09592804,0.09603108,0.096163
0.115950726,0.115922414,0.11589864,0.11588005,0.115867354,0.115861334,0.11586263,0.11587199,0.11589009,0.11591768,0.11595544,0.116004094,0.11606433,0.11613693,0.11622253,0.11632185,0.11643562,0.11657716,0.11675672,0.11697034,0.117214136,0.11748411,0.117776416,0.11808705,0.11841211,0.118747644,0.11908974,0.11943446,0.11977786,0.120116,0.12044501,0.12076087,0.121059716,0.12133759,0.12159056,0.12181466,0.12200601,0.12216065,0.122274704,0.12234412,0.12236508,0.1223336,0.12224576,0.12209762,0.121885255,0.12160472,0.12125212,0.120823435,0.120314844,0.11975748,0.1191857,0.11860017,0.11800164,0.11739076,0.11676829,0.11613493,0.11549142,0.114838414,0.11417664,0.11350682,0.11282965,0.112145856,0.11145616,0.110761255,0.11006183,0.109358616,0.10865235,0.1079437,0.10723339,0.10652213,0.10581065,0.10509962,0.10438979,0.10368186,0.10297652,0.10227451,0.10157651,0.10088325,0.100195445,0.099513784,0.09883901,0.09820916,0.09765929,0.09718544,0.09678369,0.09645011,0.09618073,0.09597167,0.09581896,0.095718674,0.09566691,0.095659696,0.09569313,0.09576324,0.095866136,0.09599787
0.11584051,0.11581211,0.115788266,0.1157696,0.11575691,0.11575084,0.115752146,0.11576152,0.1157797,0.115807384,0.11584527,0.115894094,0.11595455,0.11602738,0.11611325,0.11621294,0.116327085,0.11646902,0.11664895,0.11686297,0.11710704,0.117377385,0.11766996,0.11798087,0.11830622,0.11864201,0.11898438,0.11932937,0.119673006,0.120011464,0.1203407,0.120656855,0.12095601,0.12123418,0.12148746,0.12171193,0.12190362,0.12205869,0.12217314,0.122243024,0.12226447,0.1222335,0.12214621,0.12199868,0.12178696,0.12150711,0.121155225,0.120727375,0.12021962,0.119663104,0.11909211,0.118507326,0.11790947,0.11729929,0.11667743,0.11604466,0.11540168,0.114749186,0.11408793,0.113418564,0.11274182,0.11205847,0.11136914,0.1106746,0.10997554,0.10927268,0.10856675,0.10785845,0.10714844,0.106437504,0.10572634,0.10501563,0.104306124,0.10359851,0.10289354,0.10219187,0.10149424,0.100801356,0.10011393,0.09943271,0.09875837,0.09812896,0.09757945,0.09710592,0.096704446,0.09637109,0.0961019,0.09589297,0.09574037,0.09564015,0.09558842,0.09558122,0.09561462,0.09568469,0.095787525,0.095919184
0.11586427,0.11583593,0.11581206,0.11579341,0.11578071,0.11577467,0.11577595,0.11578535,0.11580352,0.11583116,0.115869015,0.115917824,0.11597824,0.116051,0.11613683,0.11623643,0.116350494,0.11649237,0.116672195,0.11688611,0.11713015,0.117400415,0.11769292,0.118003756,0.11832906,0.118664816,0.11900708,0.11935203,0.11969563,0.12003401,0.1203632,0.120679304,0.12097837,0.12125647,0.121509716,0.121734075,0.12192573,0.12208069,0.12219502,0.12226485,0.122286186,0.1222551,0.12216771,0.12202,0.12180815,0.12152817,0.12117613,0.12074811,0.12024015,0.119683474,0.11911229,0.11852735,0.117929354,0.11731901,0.11669703,0.11606413,0.11542105,0.11476846,0.114107035,0.113437586,0.11276075,0.1120773,0.111387916,0.11069329,0.10999416,0.10929124,0.10858522,0.107876815,0.10716676,0.10645575,0.10574452,0.10503376,0.104324184,0.103616506,0.10291144,0.10220968,0.10151198,0.10081903,0.10013151,0.09945019,0.09877575,0.09814626,0.09759667,0.097123094,0.096721545,0.09638813,0.096118905,0.09590995,0.09575733,0.0956571,0.09560535,0.09559815,0.095631555,0.095701635,0.09580448,0.09593615
0.11603497,0.11600674,0.11598302,0.11596447,0.11595184,0.11594581,0.11594711,0.11595642,0.11597451,0.11600203,0.116039686,0.11608823,0.116148315,0.11622072,0.11630607,0.116405115,0.1165186,0.116659835,0.11683911,0.11705248,0.117295995,0.11756577,0.11785782,0.118168235,0.118493095,0.1188284,0.11917029,0.11951481,0.11985802,0.12019598,0.12052474,0.12084039,0.12113904,0.12141664,0.121669374,0.121893235,0.12208432,0.12223865,0.122352354,0.12242143,0.12244203,0.122410156,0.12232187,0.1221733,0.12196043,0.12167939,0.1213262,0.12089693,0.12038768,0.1198297,0.11925729,0.118671186,0.118072085,0.11746073,0.11683778,0.116203986,0.11556004,0.11490662,0.114244476,0.11357429,0.112896815,0.11221271,0.11152268,0.1108275,0.110127814,0.10942433,0.10871782,0.10800892,0.10729835,0.10658685,0.10587514,0.10516384,0.104453795,0.1037456,0.103039995,0.102337725,0.101639435,0.100945875,0.10025776,0.09957579,0.09890066,0.0982705,0.097720355,0.09724625,0.096844286,0.09651052,0.096241005,0.09603183,0.095879056,0.0957787,0.09572692,0.09571968,0.09575313,0.09582331,0.09592627,0.096058056
0.11636552,0.11633759,0.116314106,0.11629577,0.11628327,0.116277315,0.11627858,0.1162878,0.11630569,0.116332926,0.116370186,0.11641823,0.116477706,0.11654934,0.116633825,0.116731875,0.116844185,0.1169842,0.117162354,0.11737467,0.11761719,0.11788603,0.11817718,0.11848674,0.118810736,0.11914527,0.11948639,0.119830094,0.12017251,0.12050966,0.12083762,0.12115244,0.12145016,0.12172686,0.12197859,0.12220143,0.1223914,0.12254457,0.122657016,0.12272476,0.12274389,0.12271049,0.12262051,0.12247013,0.12225534,0.12197223,0.12161684,0.12118522,0.12067343,0.120112896,0.11953811,0.11894976,0.118348554,0.11773519,0.117110394,0.11647482,0.11582919,0.11517425,0.11451064,0.113839105,0.11316028,0.11247495,0.11178376,0.111087434,0.11038667,0.10968215,0.108974606,0.10826474,0.10755321,0.10684075,0.10612807,0.10541583,0.10470478,0.103995614,0.10328898,0.10258565,0.101886295,0.10119161,0.10050229,0.09981904,0.09914257,0.09851113,0.09795985,0.097484775,0.097082,0.09674756,0.09647749,0.096267894,0.09611479,0.09601426,0.095962346,0.095955126,0.09598864,0.09605894,0.0961621,0.09629417
0.116868906,0.116841435,0.11681832,0.11680026,0.116787955,0.11678209,0.11678335,0.11679243,0.11681003,0.11683682,0.11687353,0.11692081,0.11697933,0.11704985,0.117132984,0.11722946,0.11734,0.1174782,0.11765464,0.11786532,0.11810636,0.11837374,0.11866354,0.11897177,0.11929455,0.11962783,0.11996769,0.12031025,0.12065145,0.12098738,0.12131407,0.12162761,0.12192398,0.12219929,0.12244953,0.122670785,0.12285906,0.12301045,0.12312096,0.123186685,0.1232036,0.1231678,0.12307533,0.1229222,0.12270447,0.12241822,0.122059435,0.12162422,0.12110859,0.12054419,0.11996573,0.11937396,0.11876955,0.11815317,0.11752552,0.116887264,0.11623915,0.11558181,0.11491597,0.11424231,0.113561526,0.11287431,0.11218129,0.111483276,0.11078084,0.110074766,0.10936566,0.10865428,0.1079413,0.10722738,0.10651323,0.105799556,0.10508703,0.10437632,0.10366818,0.10296324,0.10226219,0.10156576,0.10087461,0.100189455,0.09951097,0.09887757,0.09832458,0.09784804,0.097444005,0.097108535,0.096837625,0.09662738,0.09647381,0.09637296,0.09632089,0.09631364,0.09634728,0.09641779,0.09652126,0.096653745
0.11755812,0.11753124,0.117508635,0.11749097,0.11747892,0.11747319,0.117474444,0.11748332,0.11750052,0.117526755,0.11756263,0.11760885,0.11766609,0.11773504,0.11781635,0.11791072,0.11801882,0.11815451,0.11832859,0.11853708,0.11877605,0.119041465,0.11932938,0.11963585,0.11995687,0.120288484,0.12062671,0.1209676,0.12130715,0.12164141,0.121966384,0.12227815,0.122572705,0.12284607,0.12309428,0.12331338,0.123499356,0.12364828,0.123756185,0.12381905,0.12383297,0.12379395,0.12369796,0.12354111,0.12331934,0.123028785,0.1226654,0.12222525,0.12170435,0.121134676,0.12055124,0.11995478,0.119345956,0.118725404,0.11809385,0.117451966,0.11680038,0.11613979,0.1154709,0.11479438,0.11411084,0.11342103,0.11272558,0.11202521,0.11132053,0.110612266,0.10990106,0.10918765,0.10847264,0.107756734,0.107040614,0.106324926,0.105610356,0.1048976,0.104187295,0.103480175,0.10277687,0.10207805,0.1013844,0.100696616,0.10001536,0.099379264,0.098823935,0.09834539,0.09793965,0.09760274,0.0973307,0.097119555,0.09696534,0.09686405,0.09681178,0.09680451,0.09683825,0.096909076,0.09701299,0.097146034
0.11844609,0.11841999,0.11839803,0.1183809,0.118369214,0.118363656,0.11836485,0.11837346,0.11839019,0.11841563,0.11845045,0.118495345,0.118550934,0.11861789,0.11869685,0.11878847,0.11889341,0.11902587,0.119196944,0.11940259,0.119638875,0.11990176,0.12018728,0.12049143,0.12081024,0.12113968,0.12147577,0.12181454,0.12215198,0.12248409,0.12280687,0.12311634,0.123408526,0.1236794,0.12392498,0.124141306,0.12432432,0.124470115,0.12457462,0.12463386,0.12464389,0.124600634,0.12450019,0.1243385,0.12411156,0.12381549,0.12344617,0.12299964,0.12247193,0.1218954,0.121305615,0.120703086,0.12008855,0.11946271,0.11882613,0.11817949,0.117523484,0.11685872,0.11618588,0.115505636,0.114818595,0.11412547,0.11342686,0.11272344,0.11201588,0.111304805,0.110590935,0.109874845,0.109157234,0.10843875,0.107720055,0.1070018,0.1062846,0.10556919,0.10485617,0.10414621,0.10343995,0.10273808,0.102041215,0.10135005,0.10066518,0.10002565,0.099467315,0.098986164,0.09857822,0.09823948,0.09796596,0.097753674,0.09759862,0.09749679,0.09744422,0.09743691,0.09747084,0.097542055,0.097646534,0.097780295
0.11954579,0.11952064,0.11949954,0.11948301,0.11947176,0.11946641,0.11946757,0.11947584,0.11949195,0.11951646,0.11955,0.11959322,0.11964675,0.11971122,0.119787246,0.11987549,0.11997654,0.120105,0.12027232,0.12047446,0.12070743,0.120967194,0.121249735,0.12155103,0.12186707,0.12219383,0.122527294,0.12286343,0.12319822,0.12352766,0.12384771,0.12415436,0.12444361,0.1247114,0.12495376,0.12516664,0.125346,0.12548786,0.12558818,0.12564293,0.12564813,0.12559971,0.12549368,0.12532602,0.12509272,0.12478974,0.124413066,0.12395866,0.12342253,0.12283757,0.1222398,0.12162983,0.12100826,0.120375775,0.119732976,0.11908051,0.118418984,0.117749065,0.11707136,0.11638649,0.11569512,0.11499786,0.11429531,0.113588154,0.112877004,0.11216247,0.11144524,0.11072589,0.11000507,0.109283395,0.10856153,0.10784005,0.10711965,0.106400914,0.10568451,0.10497105,0.10426116,0.10355547,0.10285463,0.102159254,0.101469986,0.100826174,0.10026409,0.09977973,0.09936905,0.09902806,0.09875271,0.098538995,0.09838289,0.09828039,0.09822748,0.098220095,0.09825428,0.09832597,0.09843113,0.098565795
0.120870195,0.1208462,0.12082606,0.12081031,0.12079959,0.120794475,0.12079558,0.12080351,0.120818846,0.12084221,0.12087421,0.12091542,0.12096647,0.121027954,0.12110046,0.121184595,0.12128099,0.121404596,0.12156743,0.121765345,0.12199432,0.12225031,0.12252927,0.12282713,0.12313984,0.12346338,0.123793624,0.12412663,0.124458246,0.12478448,0.12510124,0.12540449,0.1256902,0.1259543,0.12619273,0.12640145,0.12657641,0.12671354,0.12680884,0.1268582,0.12685758,0.12680289,0.12669018,0.12651533,0.12627432,0.12596305,0.12557752,0.12511365,0.12456738,0.12397227,0.1233649,0.122745894,0.12211587,0.12147541,0.120825134,0.120165616,0.11949748,0.11882134,0.11813773,0.11744735,0.11675071,0.116048485,0.11534124,0.114629574,0.113914095,0.11319541,0.11247412,0.111750804,0.11102611,0.11030062,0.109574914,0.108849585,0.10812529,0.10740261,0.10668211,0.105964445,0.105250165,0.10453989,0.10383426,0.10313381,0.10243921,0.10179025,0.10122367,0.100735426,0.10032147,0.099977754,0.0997002,0.09948478,0.09932742,0.099224105,0.099170774,0.09916333,0.09919777,0.09927003,0.09937606,0.099511795
0.122432224,0.12240964,0.12239064,0.12237578,0.12236569,0.12236084,0.12236189,0.12236938,0.122383825,0.12240585,0.12243601,0.12247489,0.12252302,0.12258096,0.12264933,0.12272864,0.122819506,0.12293746,0.12309493,0.12328788,0.123512164,0.123763695,0.124038406,0.1243322,0.124640994,0.12496072,0.12528723,0.12561649,0.12594436,0.12626682,0.12657969,0.12687898,0.12716046,0.12742022,0.12765403,0.12785786,0.12802763,0.1281592,0.12824851,0.1282915,0.12828402,0.128222,0.1281014,0.12791806,0.12766795,0.12734693,0.12695093,0.12647589,0.12591766,0.12531054,0.12469188,0.12406228,0.12342226,0.122772396,0.122113265,0.12144543,0.120769516,0.12008599,0.11939548,0.11869854,0.11799576,0.11728764,0.116574824,0.11585787,0.11513727,0.11441367,0.11368761,0.11295965,0.112230405,0.11150035,0.110770136,0.11004031,0.10931141,0.10858402,0.1078587,0.10713607,0.10641663,0.10570096,0.10498966,0.10428326,0.10358235,0.10292731,0.102355435,0.10186263,0.101444796,0.10109786,0.10081771,0.10060026,0.100441456,0.100337185,0.10028332,0.10027582,0.10031059,0.10038351,0.10049053,0.100627534
0.12424489,0.124223895,0.12420623,0.12419244,0.12418305,0.124178566,0.12417953,0.12418646,0.124199905,0.12422037,0.12424841,0.124284536,0.12432925,0.12438314,0.124446675,0.12452043,0.124604866,0.12471622,0.12486752,0.12505466,0.12527347,0.12551986,0.12578967,0.12607877,0.12638302,0.1266983,0.12702048,0.1273454,0.12766895,0.12798697,0.12829538,0.12858999,0.12886667,0.12912133,0.12934978,0.12954794,0.12971166,0.12983678,0.1299192,0.12995474,0.12993933,0.1298688,0.129739,0.12954587,0.12928516,0.12895282,0.12854472,0.12805668,0.12748456,0.12686354,0.12623179,0.12558983,0.124938205,0.124277435,0.12360809,0.12293062,0.1222456,0.12155356,0.12085502,0.1201505,0.11944053,0.11872563,0.118006356,0.1172832,0.11655671,0.115827404,0.11509581,0.11436246,0.11362788,0.11289259,0.11215714,0.11142203,0.110687815,0.10995499,0.1092241,0.108495675,0.10777024,0.10704832,0.10633044,0.10561713,0.10490891,0.10424683,0.1036688,0.10317067,0.102748364,0.10239767,0.10211451,0.101894744,0.10173422,0.10162881,0.10157438,0.1015668,0.10160194,0.101675645,0.10178382,0.101922296
0.12632115,0.12630197,0.12628584,0.12627324,0.12626466,0.12626058,0.12626146,0.12626779,0.12628007,0.12629877,0.12632437,0.12635735,0.12639819,0.12644738,0.1265054,0.12657273,0.12664984,0.12675363,0.12689787,0.12707837,0.12729095,0.12753141,0.12779559,0.1280793,0.12837835,0.12868856,0.12900573,0.12932572,0.12964429,0.12995727,0.13026051,0.1305498,0.13082096,0.13106978,0.13129212,0.1314838,0.13164058,0.13175832,0.13183282,0.1318599,0.13183537,0.13175507,0.13161477,0.13141033,0.13113755,0.13079226,0.13037023,0.12986732,0.12927933,0.12864235,0.1279956,0.12733951,0.1266746,0.12600136,0.12532024,0.124631755,0.12393636,0.12323455,0.12252679,0.12181358,0.121095404,0.12037272,0.119646035,0.11891581,0.11818254,0.1174467,0.11670878,0.11596924,0.115228586,0.1144873,0.11374584,0.1130047,0.112264365,0.11152533,0.11078803,0.110052995,0.10932069,0.108591594,0.10786618,0.10714495,0.10642837,0.105758205,0.105173126,0.10466894,0.10424147,0.10388651,0.1035999,0.10337744,0.10321496,0.10310826,0.103053175,0.10304549,0.10308106,0.10315568,0.10326516,0.10340533
0.12860225,0.12858632,0.12857299,0.12856254,0.12855543,0.12855206,0.12855281,0.12855801,0.12856819,0.12858368,0.12860484,0.12863217,0.128666,0.12870672,0.12875478,0.12881054,0.12887439,0.12896428,0.12909502,0.12926239,0.12946217,0.12969007,0.12994199,0.1302136,0.13050072,0.1307991,0.13110454,0.13141279,0.13171963,0.13202083,0.13231216,0.13258941,0.13284838,0.13308476,0.13329437,0.13347301,0.13361643,0.13372038,0.1337807,0.13379307,0.13375336,0.13365729,0.13350059,0.13327917,0.13298866,0.1326249,0.13218363,0.13166071,0.13105181,0.13039435,0.12972878,0.12905551,0.12837492,0.12768742,0.12699342,0.1262933,0.12558748,0.12487631,0.12416026,0.12343967,0.12271496,0.12198654,0.12125479,0.12052012,0.11978291,0.119043596,0.11830254,0.11756016,0.11681685,0.116073005,0.11532904,0.114585325,0.113842286,0.113100305,0.11235978,0.11162112,0.11088472,0.11015098,0.10942029,0.10869307,0.10796969,0.10729275,0.10670174,0.106192455,0.10576065,0.10540211,0.10511259,0.104887895,0.10472377,0.10461599,0.104560345,0.10455259,0.10458851,0.104663886,0.10477448,0.10491607
0.13101181,0.13100176,0.1309933,0.1309867,0.1309822,0.13098004,0.13098049,0.13098383,0.13099027,0.13100007,0.1310135,0.13103077,0.1310522,0.13107798,0.13110839,0.13114366,0.13118409,0.1312491,0.13135517,0.13149808,0.13167353,0.13187729,0.13210513,0.13235277,0.13261601,0.13289058,0.13317221,0.1334567,0.13373974,0.13401714,0.13428462,0.13453792,0.13477287,0.13498512,0.13517046,0.13532469,0.13544354,0.13552268,0.13555793,0.13554512,0.13547987,0.135358,0.13517526,0.13492738,0.13461012,0.13421924,0.1337505,0.13319963,0.13256241,0.13187793,0.13118832,0.13049382,0.12979467,0.1290912,0.1283836,0.1276721,0.12695701,0.12623854,0.12551695,0.12479252,0.12406548,0.123336084,0.122604564,0.1218712,0.121136256,0.120399944,0.11966255,0.11892433,0.11818549,0.11744632,0.116707094,0.11596802,0.11522937,0.114491366,0.11375432,0.11301843,0.11228398,0.11155121,0.11082039,0.11009174,0.10936554,0.108685225,0.108091295,0.10757946,0.10714553,0.1067852,0.10649425,0.10626842,0.10610349,0.10599518,0.10593924,0.10593146,0.10596757,0.10604332,0.10615444,0.10629673
0.13353665,0.13353467,0.13353303,0.13353173,0.13353087,0.13353047,0.13353054,0.1335312,0.13353245,0.13353436,0.13353696,0.13354032,0.13354449,0.1335495,0.1335554,0.13356227,0.13357013,0.13360047,0.13367188,0.1337801,0.13392095,0.13409008,0.13428332,0.13449636,0.134725,0.13496496,0.13521202,0.13546193,0.13571037,0.1359532,0.13618606,0.1364048,0.13660511,0.13678272,0.13693348,0.13705301,0.13713722,0.1371817,0.1371823,0.13713472,0.13703473,0.1368781,0.13666055,0.13637786,0.13602574,0.13559996,0.13509627,0.13451047,0.13383825,0.13312086,0.13240251,0.1316832,0.130963,0.13024192,0.12952006,0.12879744,0.12807414,0.12735014,0.12662555,0.12590043,0.12517479,0.124448694,0.123722166,0.1229953,0.12226812,0.12154068,0.12081301,0.12008521,0.11935725,0.11862927,0.11790124,0.117173254,0.116445355,0.11571759,0.11498999,0.11426263,0.11353554,0.11280878,0.112082385,0.11135644,0.11063097,0.109950356,0.10935616,0.1088441,0.108409956,0.10804948,0.10775839,0.10753247,0.10736745,0.10725909,0.10720313,0.107195355,0.10723145,0.10730725,0.10741843,0.10756079
0.13616338,0.13617153,0.1361784,0.13618375,0.13618737,0.13618915,0.13618873,0.13618608,0.13618086,0.13617292,0.13616203,0.136148,0.13613066,0.13610975,0.1360851,0.13605648,0.13602372,0.13601069,0.13603859,0.13610317,0.13620023,0.13632551,0.1364748,0.13664383,0.1368284,0.13702424,0.13722719,0.13743289,0.13763724,0.13783592,0.13802472,0.1381994,0.13835573,0.13848948,0.13859643,0.1386723,0.13871291,0.13871397,0.1386713,0.13858062,0.13843775,0.1382384,0.13797832,0.13765338,0.13725923,0.1367917,0.13624652,0.13561952,0.1349064,0.13415097,0.13339968,0.13265236,0.13190879,0.13116877,0.13043207,0.12969853,0.12896794,0.12824005,0.1275147,0.12679163,0.12607074,0.1253517,0.12463439,0.12391856,0.123204045,0.12249061,0.12177808,0.12106623,0.12035485,0.11964373,0.118932694,0.118221514,0.11750999,0.116797924,0.11608511,0.115371354,0.114656426,0.11394013,0.113222264,0.112502635,0.11178103,0.11110283,0.11051071,0.11000047,0.10956785,0.10920864,0.108918585,0.10869346,0.10852903,0.10842104,0.10836529,0.10835752,0.108393535,0.10846903,0.10857982,0.10872167
0.13887878,0.1388988,0.1389156,0.13892874,0.1389377,0.13894199,0.13894105,0.13893443,0.13892165,0.13890216,0.13887544,0.13884103,0.13879846,0.13874716,0.13868667,0.13861644,0.13853602,0.13847205,0.13844876,0.13846187,0.13850722,0.13858058,0.13867782,0.13879466,0.13892692,0.13907039,0.13922085,0.13937414,0.139526,0.13967226,0.13980871,0.13993116,0.14003539,0.1401172,0.14017235,0.14019667,0.14018598,0.14013605,0.14004265,0.13990158,0.13970868,0.13945971,0.13915047,0.13877676,0.13833438,0.13781911,0.13722676,0.1365531,0.13579395,0.13499592,0.13420813,0.13343003,0.13266113,0.13190092,0.13114896,0.13040467,0.12966757,0.12893717,0.12821294,0.12749442,0.12678108,0.12607242,0.12536795,0.124667205,0.1239696,0.12327466,0.12258194,0.12189086,0.12120095,0.12051173,0.119822666,0.119133264,0.11844304,0.117751464,0.117058046,0.11636228,0.11566368,0.11496173,0.11425593,0.11354576,0.11283076,0.11215731,0.11156936,0.11106271,0.110633105,0.110276416,0.10998841,0.10976486,0.10960157,0.109494336,0.10943899,0.109431274,0.109467015,0.10954199,0.10965202,0.10979287
0.14166953,0.14170286,0.1417309,0.14175281,0.14176774,0.14177483,0.1417733,0.14176224,0.14174092,0.14170845,0.14166395,0.14160663,0.14153564,0.14145012,0.1413493,0.14123227,0.14109826,0.14097695,0.14089587,0.14085086,0.1408378,0.14085244,0.14089069,0.14094836,0.14102128,0.14110532,0.1411963,0.14129007,0.14138241,0.14146923,0.14154632,0.14160955,0.14165473,0.14167772,0.14167435,0.14164047,0.1415719,0.1414644,0.14131398,0.14111632,0.14086738,0.14056294,0.1401988,0.13977084,0.1392749,0.13870679,0.1380624,0.13733752,0.13652803,0.1356836,0.1348562,0.13404492,0.13324903,0.13246766,0.13169995,0.13094504,0.13020213,0.1294704,0.12874897,0.12803704,0.12733375,0.12663828,0.12594977,0.12526742,0.12459035,0.123917736,0.12324876,0.122582585,0.12191834,0.12125523,0.120592386,0.11992898,0.11926419,0.11859718,0.1179271,0.11725308,0.11657434,0.11589002,0.1151993,0.11450129,0.11379523,0.11312852,0.11254648,0.1120449,0.11161963,0.11126651,0.11098139,0.11076009,0.11059842,0.110492274,0.1104375,0.110429846,0.11046523,0.11053946,0.11064837,0.11078782
0.14452232,0.14457023,0.1446105,0.14464197,0.14466341,0.14467362,0.14467141,0.14465559,0.14462492,0.14457823,0.1445143,0.14443196,0.14432997,0.14420713,0.14406227,0.14389417,0.14370158,0.14351764,0.14337341,0.14326483,0.14318773,0.14313805,0.14311163,0.14310442,0.1431123,0.14313108,0.14315675,0.14318515,0.14321218,0.14323373,0.1432457,0.14324397,0.14322442,0.14318295,0.14311546,0.14301781,0.14288591,0.14271565,0.14250295,0.14224364,0.14193365,0.14156887,0.14114515,0.14065842,0.14010459,0.13947949,0.13877904,0.13799913,0.13713567,0.13624166,0.13537212,0.13452578,0.1337015,0.13289808,0.13211428,0.13134892,0.1306008,0.12986869,0.1291514,0.12844777,0.12775655,0.12707655,0.12640657,0.12574539,0.12509185,0.12444468,0.12380276,0.123164825,0.12252972,0.1218962,0.12126308,0.12062917,0.11999324,0.119354114,0.11871059,0.11806144,0.11740549,0.116741516,0.116068296,0.1153847,0.11468948,0.11403118,0.11345647,0.11296121,0.112541296,0.11219262,0.111911096,0.11169256,0.11153297,0.11142816,0.11137405,0.1113665,0.11140146,0.111474745,0.11158229,0.111719966
0.14742388,0.14748728,0.14754061,0.14758225,0.14761065,0.14762416,0.14762127,0.1476003,0.1475597,0.14749789,0.14741327,0.14730424,0.1471692,0.14700656,0.14681475,0.14659218,0.14633723,0.14608647,0.1458749,0.14569837,0.14555293,0.14543447,0.14533894,0.14526236,0.14520058,0.14514962,0.14510539,0.14506388,0.14502102,0.14497274,0.14491503,0.1448438,0.14475505,0.14464468,0.14450867,0.14434297,0.14414354,0.14390627,0.1436272,0.14330222,0.14292729,0.14249839,0.14201142,0.14146236,0.14084719,0.14016178,0.13940218,0.13856424,0.137644,0.13669792,0.13578425,0.13490133,0.1340476,0.13322143,0.1324213,0.13164559,0.13089265,0.13016097,0.12944886,0.12875485,0.12807727,0.12741455,0.12676509,0.12612732,0.1254996,0.124880396,0.12426808,0.123661056,0.12305779,0.12245657,0.12185597,0.121254265,0.120649874,0.12004131,0.119426854,0.118805006,0.11817411,0.11753261,0.11687892,0.1162114,0.11552853,0.114879936,0.114313684,0.113825746,0.11341201,0.11306849,0.11279109,0.112575784,0.11241853,0.11231527,0.11226196,0.11225454,0.11228897,0.11236117,0.112467125,0.112602785
0.1503609,0.1504405,0.15050745,0.15055975,0.1505954,0.1506124,0.15060873,0.15058242,0.15053146,0.15045382,0.15034753,0.15021063,0.15004107,0.14983684,0.149596,0.14931649,0.14899635,0.14867577,0.14839375,0.14814623,0.14792922,0.14773878,0.1475709,0.1474216,0.14728694,0.14716287,0.14704548,0.14693068,0.14681458,0.14669318,0.1465625,0.14641853,0.1462573,0.14607482,0.14586711,0.14563021,0.1453601,0.14505284,0.1447044,0.14431082,0.1438681,0.14337231,0.14281937,0.14220542,0.14152642,0.14077835,0.13995728,0.13905914,0.13808008,0.13708016,0.1361209,0.13520028,0.13431628,0.13346694,0.13265024,0.13186422,0.13110682,0.13037609,0.12967,0.12898657,0.1283238,0.12767966,0.1270522,0.1264394,0.12583922,0.12524976,0.12466891,0.12409474,0.12352525,0.122958414,0.12239227,0.12182475,0.12125391,0.12067777,0.120094255,0.11950143,0.11889729,0.11827983,0.117647044,0.1169969,0.11632746,0.11568951,0.115132555,0.1146526,0.11424565,0.11390776,0.113634914,0.11342316,0.1132685,0.113166936,0.1131145,0.113107175,0.11314103,0.113212064,0.1133163,0.113449715
0.15332006,0.1534163,0.1534973,0.1535605,0.1536036,0.15362415,0.15361975,0.15358792,0.1535263,0.15343243,0.15330392,0.15313837,0.15293336,0.15268645,0.1523952,0.15205729,0.15167014,0.1512779,0.15092348,0.15060295,0.15031242,0.15004799,0.14980574,0.14958175,0.14937206,0.14917284,0.14898017,0.14879009,0.14859866,0.14840205,0.14819634,0.14797756,0.14774178,0.14748518,0.14720382,0.14689372,0.14655103,0.14617182,0.14575216,0.14528817,0.14477596,0.1442115,0.143591,0.14291048,0.14216608,0.14135383,0.14046983,0.13951024,0.13847104,0.13741614,0.13641037,0.13545133,0.1345366,0.13366376,0.13283043,0.13203412,0.13127246,0.13054304,0.12984341,0.12917116,0.12852392,0.1278992,0.12729464,0.12670782,0.12613626,0.12557763,0.12502946,0.12448934,0.12395488,0.123423606,0.12289318,0.12236112,0.12182505,0.12128249,0.12073111,0.12016843,0.11959208,0.11899959,0.11838858,0.11775664,0.11710133,0.116474584,0.11592742,0.11545592,0.115056165,0.114724204,0.114456184,0.114248134,0.114096195,0.11399642,0.11394492,0.11393774,0.11397099,0.114040755,0.114143156,0.11427423
0.15628807,0.15640116,0.15649629,0.1565706,0.15662119,0.15664534,0.15664013,0.15660276,0.15653035,0.15642008,0.15626916,0.15607464,0.15583381,0.15554371,0.15520163,0.1548046,0.15434983,0.15388514,0.15345752,0.15306327,0.15269841,0.15235917,0.1520417,0.15174218,0.15145674,0.1511815,0.15091273,0.1506465,0.15037894,0.15010631,0.14982468,0.14953026,0.14921923,0.14888765,0.1485318,0.14814776,0.14773166,0.14727977,0.14678818,0.14625303,0.1456705,0.1450368,0.14434803,0.14360031,0.14278987,0.14191285,0.14096543,0.13994373,0.13884391,0.13773358,0.13668095,0.13568327,0.1347376,0.13384113,0.13299106,0.13218454,0.13141869,0.13069071,0.12999775,0.12933695,0.12870546,0.12810056,0.12751924,0.12695876,0.12641628,0.12588891,0.12537387,0.12486831,0.12436935,0.12387418,0.12337997,0.12288383,0.12238298,0.12187455,0.121355735,0.120823644,0.120275475,0.119708374,0.11911952,0.118506044,0.11786514,0.11724988,0.11671272,0.116249844,0.115857385,0.115531534,0.11526839,0.115064174,0.11491497,0.114817016,0.11476647,0.114759415,0.11479206,0.114860564,0.1149611,0.11508977
0.15925166,0.1593815,0.1594907,0.15957598,0.1596341,0.15966181,0.15965582,0.15961294,0.1595298,0.15940325,0.15922995,0.15900669,0.15873016,0.15839717,0.1580044,0.15754862,0.15702657,0.15648979,0.15598944,0.15552175,0.15508302,0.15466937,0.15427712,0.15390249,0.15354164,0.15319087,0.15284635,0.15250437,0.15216114,0.15181287,0.15145579,0.15108614,0.1507002,0.15029408,0.14986412,0.14940651,0.14891748,0.14839326,0.14783008,0.14722417,0.14657176,0.14586906,0.14511232,0.14429775,0.14342164,0.14248012,0.14146952,0.14038599,0.13922581,0.13806029,0.13696103,0.13592473,0.13494825,0.13402821,0.13316149,0.13234471,0.13157462,0.13084804,0.13016161,0.12951212,0.12889636,0.12831095,0.12775277,0.12721844,0.12670481,0.1262085,0.12572636,0.12525508,0.124791384,0.124332055,0.12387379,0.123413384,0.12294755,0.122472994,0.12198648,0.12148476,0.120964594,0.12042269,0.119855784,0.11926064,0.11863397,0.118030086,0.11750282,0.11704848,0.11666326,0.116343394,0.116085134,0.115884684,0.115738265,0.1156421,0.11559245,0.11558552,0.11561759,0.11568483,0.11578348,0.11590979
0.16219753,0.16234373,0.16246672,0.16256279,0.16262823,0.16265947,0.16265272,0.16260439,0.16251077,0.16236824,0.16217306,0.1619216,0.1616102,0.16123515,0.16079284,0.16027948,0.15969157,0.15908422,0.15851265,0.15797317,0.15746206,0.15697569,0.15651022,0.15606207,0.1556275,0.15520279,0.15478426,0.15436822,0.15395093,0.15352869,0.15309778,0.15265457,0.15219533,0.15171632,0.15121385,0.15068427,0.1501238,0.14952879,0.14889547,0.14822026,0.14749937,0.14672908,0.14590575,0.14502561,0.14408503,0.14308023,0.14200759,0.14086334,0.13964385,0.13842398,0.1372788,0.13620456,0.1351976,0.1342543,0.13337092,0.13254386,0.13176939,0.13104388,0.13036363,0.12972502,0.12912431,0.12855786,0.128022,0.12751305,0.12702739,0.12656128,0.12611106,0.12567313,0.12524374,0.124819234,0.124395944,0.12397023,0.123538375,0.12309673,0.12264164,0.12216941,0.1216764,0.12115888,0.12061325,0.120035805,0.119422875,0.118829824,0.118312106,0.11786594,0.11748766,0.11717355,0.11691993,0.11672308,0.116579294,0.11648491,0.11643614,0.11642936,0.116460815,0.11652683,0.1166237,0.116747744
0.16511239,0.16527438,0.16541064,0.16551705,0.16558959,0.16562414,0.16561672,0.16556315,0.16545944,0.16530149,0.16508526,0.16480668,0.16446166,0.16404617,0.1635561,0.16298743,0.16233602,0.16166073,0.16102064,0.16041206,0.15983142,0.15927503,0.15873925,0.15822047,0.15771507,0.15721934,0.1567297,0.15624246,0.15575403,0.15526071,0.15475895,0.15424502,0.15371531,0.1531662,0.15259407,0.15199521,0.15136601,0.15070286,0.15000212,0.14926012,0.1484732,0.14763775,0.14675012,0.14580671,0.14480387,0.14373788,0.14260519,0.14140216,0.14012508,0.13885248,0.1376626,0.13655134,0.13551465,0.13454846,0.13364866,0.13281125,0.13203211,0.1313072,0.1306325,0.13000384,0.1294172,0.12886852,0.12835374,0.1278688,0.1274096,0.1269721,0.12655225,0.12614588,0.12574908,0.12535766,0.124967605,0.12457483,0.124175295,0.123764895,0.123339586,0.12289533,0.122427985,0.12193355,0.12140792,0.12084706,0.12024688,0.119663894,0.119154945,0.11871634,0.11834446,0.11803572,0.117786385,0.11759286,0.1174515,0.1173587,0.117310785,0.11730409,0.11733504,0.11739993,0.117495194,0.117617115
0.1679829,0.16815981,0.16830859,0.1684248,0.168504,0.16854176,0.1685336,0.16847512,0.16836187,0.16818944,0.1679533,0.16764908,0.16727231,0.16681859,0.16628343,0.16566244,0.1649511,0.16421165,0.16350687,0.16283315,0.16218692,0.16156459,0.16096257,0.16037725,0.15980509,0.15924247,0.15868585,0.15813158,0.15757617,0.15701595,0.15644738,0.15586688,0.1552708,0.1546556,0.15401773,0.15335359,0.15265957,0.15193208,0.15116754,0.15036239,0.14951305,0.14861591,0.14766735,0.1466639,0.14560188,0.14447771,0.14328784,0.14202869,0.14069661,0.13937356,0.1381408,0.1369939,0.13592842,0.13493995,0.13402398,0.13317616,0.13239196,0.13166694,0.13099673,0.13037686,0.12980288,0.12927033,0.12877479,0.12831186,0.12787701,0.12746586,0.12707397,0.12669688,0.12633012,0.12596934,0.12561,0.1252477,0.12487803,0.124496475,0.12409865,0.123680115,0.12323638,0.122763075,0.12225573,0.121709846,0.121121064,0.12054697,0.12004574,0.11961381,0.1192476,0.11894354,0.11869801,0.11850744,0.118368246,0.118276834,0.11822966,0.11822308,0.11825355,0.11831747,0.11841124,0.11853135
0.17079583,0.17098647,0.17114684,0.1712721,0.17135747,0.17139815,0.17138937,0.17132635,0.17120427,0.17101839,0.17076388,0.170436,0.17002992,0.16954088,0.16896406,0.1682947,0.16752802,0.16672933,0.16596489,0.16523108,0.16452442,0.16384134,0.16317831,0.16253178,0.16189826,0.16127415,0.16065593,0.16004008,0.15942308,0.15880132,0.15817134,0.15752952,0.1568724,0.1561964,0.15549801,0.15477362,0.15401977,0.1532329,0.15240946,0.15154593,0.15063871,0.14968437,0.14867927,0.14761992,0.14650281,0.14532433,0.144081,0.14276923,0.14138554,0.14001493,0.13874167,0.13756093,0.13646798,0.135458,0.13452616,0.13366777,0.13287796,0.13215199,0.13148506,0.13087237,0.13030916,0.1297906,0.12931195,0.12886842,0.12845518,0.12806745,0.12770052,0.1273495,0.12700966,0.12667622,0.12634435,0.12600932,0.12566628,0.12531048,0.124937154,0.124541454,0.124118656,0.12366393,0.123172544,0.12263963,0.12206043,0.12149368,0.1209989,0.12057251,0.120210975,0.11991079,0.119668394,0.11948025,0.119342834,0.11925261,0.11920601,0.119199544,0.11922962,0.119292706,0.1193853,0.11950385
0.17353779,0.17374085,0.17391163,0.174045,0.17413591,0.17417923,0.17416988,0.17410278,0.17397279,0.17377484,0.17350383,0.17315465,0.17272224,0.17220142,0.17158718,0.17087437,0.17005792,0.16920607,0.16838808,0.16760048,0.1668397,0.16610233,0.16538481,0.16468364,0.16399533,0.16331632,0.16264318,0.16197237,0.16130044,0.1606238,0.15993895,0.15924248,0.15853079,0.15780039,0.15704784,0.15626954,0.15546206,0.15462188,0.15374552,0.1528294,0.15187009,0.15086403,0.14980772,0.14869769,0.14753044,0.14630246,0.14501017,0.14365019,0.14221892,0.1408044,0.13949351,0.13828117,0.13716227,0.13613178,0.1351845,0.1343154,0.13351935,0.13279127,0.13212603,0.13151862,0.13096388,0.13045669,0.12999198,0.12956467,0.12916961,0.12880176,0.128456,0.12812723,0.12781033,0.12750027,0.12719189,0.12688011,0.12655984,0.12622601,0.1258734,0.12549707,0.12509182,0.12465263,0.1241743,0.123651825,0.12308009,0.12251879,0.12202875,0.12160651,0.12124847,0.120951176,0.12071108,0.12052477,0.12038868,0.120299324,0.12025318,0.12024676,0.12027655,0.12033904,0.12043072,0.12054815
0.1761956,0.17640935,0.17658913,0.17672954,0.17682526,0.17687088,0.17686102,0.17679037,0.17665352,0.17644513,0.17615983,0.17579219,0.17533696,0.17478867,0.174142,0.17339158,0.17253205,0.17163415,0.17076997,0.16993599,0.16912873,0.16834463,0.16758035,0.16683228,0.16609699,0.16537103,0.16465081,0.16393298,0.16321394,0.16249028,0.1617585,0.16101508,0.16025656,0.15947947,0.15868033,0.15785562,0.15700187,0.15611562,0.15519334,0.1542316,0.15322685,0.15217565,0.15107453,0.14991996,0.14870852,0.14743666,0.14610094,0.14469782,0.14322387,0.14176966,0.14042462,0.1391833,0.1380404,0.13699046,0.13602822,0.13514824,0.1343452,0.13361372,0.13294838,0.1323439,0.13179485,0.1312959,0.1308417,0.13042681,0.1300459,0.12969366,0.12936465,0.1290535,0.12875493,0.12846349,0.12817381,0.1278806,0.12757842,0.12726192,0.12692575,0.12656453,0.12617294,0.12574553,0.12527701,0.12476197,0.12419503,0.123636976,0.123149745,0.12272987,0.122373916,0.12207834,0.121839665,0.1216544,0.121519096,0.12143024,0.121384375,0.121378,0.1214076,0.121469714,0.12156091,0.12167762
0.17875586,0.17897843,0.17916559,0.17931181,0.17941146,0.17945895,0.1794487,0.17937513,0.17923264,0.17901568,0.17871861,0.17833588,0.1778619,0.17729107,0.1766178,0.1758365,0.17494161,0.17400602,0.17310408,0.1722323,0.1713872,0.1705653,0.16976313,0.1689772,0.16820404,0.16744015,0.16668205,0.1659263,0.16516936,0.16440776,0.16363809,0.1628568,0.16206042,0.16124548,0.16040853,0.15954603,0.15865453,0.15773053,0.15677057,0.15577118,0.15472887,0.15364015,0.15250155,0.1513096,0.15006079,0.14875165,0.14737871,0.14593847,0.14442746,0.1429386,0.14156331,0.1402961,0.13913128,0.1380633,0.13708663,0.13619559,0.13538463,0.13464817,0.13398065,0.13337645,0.13282993,0.1323356,0.13188784,0.13148105,0.13110963,0.13076802,0.1304506,0.13015184,0.12986611,0.12958781,0.12931138,0.12903121,0.12874177,0.1284374,0.12811254,0.12776163,0.12737903,0.12695922,0.12649654,0.12598544,0.12542033,0.1248629,0.124376245,0.12395686,0.12360131,0.12330605,0.12306764,0.1228826,0.12274745,0.12265869,0.12261287,0.12260652,0.12263608,0.12269815,0.122789204,0.122905806
0.18120535,0.18143453,0.18162726,0.18177782,0.18188041,0.18192932,0.18191876,0.181843,0.18169631,0.18147287,0.18116699,0.18077289,0.18028481,0.17969704,0.17900375,0.17819922,0.17727774,0.17631388,0.17538382,0.17448406,0.17361106,0.1727614,0.17193149,0.17111789,0.17031716,0.1695257,0.1687401,0.1679568,0.16717234,0.16638325,0.16558595,0.16477709,0.16395299,0.16311027,0.16224547,0.161355,0.16043542,0.15948324,0.1584949,0.157467,0.15639599,0.15527833,0.15411066,0.15288936,0.151611,0.15027207,0.14886904,0.14739844,0.1458568,0.14433888,0.14293793,0.14164825,0.14046401,0.13937952,0.13838898,0.13748662,0.13666679,0.13592364,0.13525148,0.1346445,0.13409698,0.13360314,0.13315724,0.13275358,0.13238631,0.13204972,0.13173811,0.13144565,0.13116659,0.13089523,0.13062577,0.1303525,0.13006961,0.12977141,0.12945208,0.12910596,0.12872715,0.12831008,0.12784883,0.12733774,0.12677103,0.1262113,0.1257226,0.12530151,0.12494446,0.124648005,0.124408595,0.12422281,0.124087095,0.12399797,0.123951964,0.12394554,0.12397529,0.12403759,0.124129035,0.12424613
0.1835307,0.18376407,0.1839603,0.1841136,0.1842181,0.18426786,0.18425713,0.18418,0.18403062,0.18380311,0.18349169,0.18309039,0.18259345,0.18199496,0.18128903,0.1804699,0.17953165,0.17855011,0.1776027,0.17668588,0.17579612,0.17492987,0.17408367,0.17325388,0.17243709,0.1716297,0.17082816,0.17002898,0.16922863,0.16842361,0.1676103,0.16678526,0.16594489,0.16508572,0.16420422,0.1632968,0.16235997,0.1613902,0.16038397,0.15933773,0.15824793,0.1571111,0.15592366,0.15468211,0.1533829,0.15202253,0.15059741,0.14910409,0.14753896,0.14599833,0.14457676,0.14326847,0.14206758,0.14096823,0.13996454,0.13905069,0.1382208,0.13746905,0.13678949,0.13617635,0.13562375,0.13512583,0.13467671,0.13427056,0.13390149,0.13356368,0.13325126,0.13295834,0.13267913,0.1324077,0.13213824,0.13186489,0.13158174,0.13128297,0.13096274,0.13061516,0.13023438,0.12981455,0.12934983,0.12883434,0.12826219,0.12769684,0.1272033,0.12677795,0.12641734,0.12611791,0.12587611,0.12568843,0.1255514,0.1254614,0.12541492,0.12540843,0.12543844,0.1255014,0.12559375,0.12571198
0.18571873,0.18595351,0.18615101,0.18630525,0.18641035,0.18646048,0.18644969,0.18637206,0.18622172,0.1859928,0.1856794,0.18527563,0.18477555,0.1841733,0.18346296,0.18263869,0.18169452,0.18070702,0.17975418,0.17883246,0.17793818,0.17706789,0.1762179,0.17538464,0.17456454,0.173754,0.17294948,0.17214732,0.17134392,0.1705358,0.16971932,0.16889083,0.16804683,0.16718367,0.16629781,0.16538563,0.16444355,0.16346799,0.1624554,0.1614021,0.1603046,0.1591592,0.15796244,0.15671067,0.15540029,0.1540277,0.15258938,0.15108168,0.14950106,0.14794467,0.14650811,0.14518553,0.14397103,0.1428587,0.14184263,0.14091697,0.14007582,0.13931322,0.13862337,0.13800028,0.13743812,0.13693102,0.136473,0.13605821,0.13568076,0.13533477,0.13501431,0.13471347,0.13442643,0.13414723,0.13386998,0.13358884,0.13329785,0.13299109,0.1326628,0.13230696,0.13191772,0.13148919,0.13101548,0.13049063,0.12990883,0.12933426,0.12883261,0.12840034,0.1280338,0.12772948,0.12748374,0.12729302,0.12715371,0.12706222,0.127015,0.12700841,0.1270389,0.12710287,0.12719674,0.12731692
0.18775602,0.18798932,0.18818551,0.18833879,0.18844326,0.18849304,0.18848228,0.18840516,0.18825583,0.1880284,0.18771695,0.18731575,0.18681888,0.18622048,0.18551469,0.18469569,0.18375759,0.18277693,0.18183175,0.18091843,0.18003318,0.17917243,0.17833246,0.17750967,0.17670028,0.1759007,0.17510724,0.17431624,0.17352398,0.17272685,0.17192113,0.17110321,0.17026938,0.16941597,0.1685393,0.16763574,0.16670159,0.16573316,0.16472685,0.1636789,0.16258572,0.16144359,0.16024883,0.15899783,0.15768689,0.15631227,0.15487044,0.15335761,0.15177014,0.15020569,0.14876027,0.14742813,0.14620334,0.14508009,0.14405248,0.14311472,0.14226088,0.14148515,0.14078167,0.14014456,0.13956794,0.13904603,0.1385729,0.13814273,0.13774967,0.13738783,0.13705139,0.13673446,0.13643117,0.13613573,0.13584225,0.13554484,0.13523768,0.13491488,0.13457061,0.13419902,0.13379425,0.13335042,0.13286166,0.13232216,0.13172604,0.13113822,0.13062498,0.13018276,0.12980777,0.1294964,0.12924498,0.12904987,0.12890735,0.12881376,0.12876546,0.1287587,0.1287899,0.12885533,0.12895139,0.12907434
0.18962932,0.1898579,0.19005013,0.19020027,0.1903026,0.1903514,0.19034088,0.19026533,0.19011897,0.18989617,0.18959107,0.18919802,0.18871118,0.18812494,0.18743344,0.18663108,0.185712,0.18475217,0.18382894,0.18293841,0.1820769,0.18124059,0.18042569,0.17962845,0.17884502,0.17807172,0.17730471,0.17654021,0.17577446,0.17500366,0.17422403,0.17343183,0.17262323,0.17179447,0.17094176,0.17006135,0.1691494,0.1682022,0.16721596,0.16618685,0.16511112,0.163985,0.1628047,0.16156644,0.16026641,0.15890087,0.15746601,0.15595812,0.15437332,0.1528091,0.15136155,0.15002498,0.14879356,0.14766163,0.14662342,0.1456732,0.14480521,0.14401375,0.14329307,0.1426374,0.14204103,0.14149822,0.14100324,0.14055033,0.14013377,0.13974781,0.1393867,0.13904478,0.13871615,0.1383952,0.13807622,0.13775337,0.13742098,0.13707326,0.1367045,0.13630901,0.13588096,0.13541465,0.13490435,0.13434432,0.13372885,0.13312338,0.13259481,0.1321393,0.13175312,0.13143244,0.13117348,0.1309725,0.13082573,0.13072932,0.13067956,0.13067262,0.13070476,0.13077216,0.13087107,0.13099772
0.19132534,0.1915457,0.19173102,0.19187576,0.19197443,0.19202143,0.19201127,0.19193847,0.19179742,0.19158258,0.19128847,0.19090953,0.19044025,0.18987508,0.18920851,0.18843494,0.18754895,0.18662508,0.18573914,0.18488714,0.1840652,0.18326937,0.18249577,0.18174045,0.18099952,0.18026905,0.17954504,0.1788237,0.17810108,0.17737317,0.17663616,0.17588606,0.175119,0.17433102,0.17351823,0.17267668,0.17180246,0.1708917,0.16994038,0.16894469,0.16790065,0.16680434,0.16565184,0.16443925,0.16316265,0.16181813,0.16040175,0.15890957,0.1573377,0.15578276,0.1543403,0.15300481,0.1517707,0.1506325,0.14958467,0.14862162,0.14773789,0.14692792,0.14618613,0.14550708,0.1448852,0.14431493,0.14379075,0.14330715,0.1428586,0.14243953,0.14204444,0.14166777,0.14130402,0.14094764,0.14059313,0.14023492,0.13986748,0.13948531,0.13908283,0.13865454,0.13819492,0.13769843,0.13715948,0.13657264,0.1359323,0.13530453,0.13475646,0.13428415,0.13388371,0.13355123,0.13328277,0.13307436,0.13292214,0.1328222,0.13277058,0.1327634,0.13279673,0.13286664,0.13296919,0.13310048
0.19283079,0.19303918,0.19321442,0.1933513,0.1934446,0.19348903,0.19347948,0.19341059,0.19327718,0.19307405,0.19279592,0.19243757,0.19199383,0.19145936,0.19082896,0.19009748,0.18925963,0.18838798,0.18755586,0.18675922,0.18599388,0.18525584,0.184541,0.18384522,0.18316445,0.18249455,0.18183154,0.18117121,0.18050954,0.17984238,0.1791657,0.17847541,0.17776734,0.1770375,0.1762817,0.17549597,0.17467614,0.17381808,0.1729178,0.17197116,0.17097408,0.16992241,0.16881217,0.1676392,0.1663994,0.1650887,0.16370301,0.16223824,0.16069034,0.15915439,0.15772481,0.15639633,0.1551638,0.15402193,0.15296552,0.15198928,0.15108806,0.15025653,0.14948958,0.14878193,0.1481283,0.14752348,0.14696227,0.14643943,0.1459497,0.14548789,0.14504875,0.14462703,0.14421754,0.143815,0.14341423,0.14300995,0.14259697,0.14217003,0.1417239,0.14125337,0.14075321,0.14021814,0.13964298,0.13902248,0.13835143,0.13769628,0.13712431,0.1366314,0.13621351,0.13586652,0.13558634,0.13536887,0.13521002,0.13510568,0.13505185,0.13504437,0.13507913,0.13515206,0.1352591,0.13539614
0.19413237,0.19432476,0.19448654,0.19461294,0.19469908,0.1947401,0.19473127,0.19466765,0.19454452,0.19435698,0.19410016,0.19376934,0.19335961,0.19286616,0.1922842,0.19160882,0.19083525,0.19003317,0.18927263,0.18854924,0.18785885,0.18719709,0.18655962,0.18594223,0.18534057,0.18475038,0.18416734,0.18358716,0.18300559,0.18241821,0.18182088,0.1812092,0.18057892,0.17992572,0.17924534,0.17853346,0.17778578,0.17699799,0.17616586,0.17528501,0.17435122,0.17336014,0.1723075,0.171189,0.17000037,0.16873729,0.16739543,0.16597053,0.16445833,0.16295171,0.16154335,0.16022833,0.15900186,0.1578591,0.15679523,0.15580541,0.15488482,0.15402864,0.15323201,0.15249012,0.15179814,0.15115122,0.1505446,0.14997336,0.1494327,0.1489178,0.14842385,0.147946,0.14747941,0.14701922,0.14656071,0.14609894,0.14562915,0.14514644,0.14464606,0.1441231,0.1435728,0.1429903,0.14237078,0.14170937,0.14100128,0.14031336,0.13971278,0.1391952,0.13875641,0.13839203,0.13809781,0.13786946,0.13770267,0.13759312,0.13753657,0.1375287,0.13756521,0.1376418,0.1377542,0.13789809
0.19521679,0.1953889,0.19553363,0.1956467,0.19572379,0.1957605,0.19575255,0.19569568,0.1955855,0.1954177,0.19518797,0.194892,0.1945254,0.19408397,0.1935633,0.19295909,0.192267,0.19155301,0.19088285,0.19025198,0.1896559,0.18909006,0.18854992,0.18803096,0.18752861,0.18703839,0.1865557,0.18607606,0.18559489,0.18510765,0.18460985,0.18409693,0.18356436,0.1830076,0.18242212,0.18180335,0.18114679,0.18044792,0.17970213,0.178905,0.17805189,0.17713828,0.1761597,0.17511155,0.17398928,0.17278844,0.17150442,0.17013271,0.16866878,0.16720259,0.16582426,0.16452946,0.16331388,0.1621732,0.1611031,0.16009924,0.15915735,0.15827303,0.157442,0.15665998,0.15592259,0.15522552,0.15456448,0.1539351,0.15333308,0.15275413,0.15219392,0.15164807,0.15111233,0.15058237,0.15005381,0.1495224,0.14898378,0.1484336,0.14786759,0.14728147,0.1466708,0.14603136,0.14535877,0.14464875,0.14389697,0.14317046,0.14253622,0.14198965,0.1415262,0.14114144,0.14083074,0.14058958,0.14041346,0.14029779,0.14023805,0.14022973,0.1402683,0.14034918,0.14046787,0.14061981
0.19607072,0.19621806,0.19634192,0.19643867,0.19650464,0.19653611,0.1965293,0.19648063,0.1963863,0.1962427,0.19604605,0.19579273,0.19547899,0.19510116,0.19465552,0.19413838,0.19354606,0.19293976,0.19238001,0.191862,0.19138089,0.19093189,0.19051018,0.19011094,0.18972933,0.18936057,0.18899985,0.18864231,0.18828318,0.18791763,0.18754084,0.18714803,0.18673432,0.18629496,0.18582508,0.18531989,0.18477459,0.18418439,0.18354435,0.18284981,0.18209587,0.18127772,0.18039055,0.1794296,0.17838998,0.17726687,0.17605554,0.17475109,0.17334875,0.17193468,0.17059584,0.16932848,0.16812891,0.16699342,0.16591837,0.16490003,0.1639347,0.16301864,0.16214827,0.16131972,0.16052945,0.15977368,0.1590487,0.15835088,0.15767644,0.15702178,0.1563831,0.15575676,0.15513904,0.15452628,0.15391472,0.15330072,0.15268055,0.15205054,0.1514069,0.15074608,0.15006424,0.14935777,0.14862297,0.14785609,0.14705345,0.14628227,0.14560904,0.14502884,0.14453693,0.14412844,0.14379865,0.14354268,0.1433557,0.14323291,0.14316954,0.14316069,0.14320163,0.1432875,0.14341347,0.14357479
0.1966809,0.19679861,0.19689757,0.19697493,0.19702762,0.19705272,0.19704732,0.19700842,0.19693303,0.1968183,0.19666119,0.19645879,0.1962081,0.19590618,0.19555011,0.19513689,0.1946636,0.1941858,0.19375768,0.19337396,0.19302969,0.19271961,0.1924386,0.19218162,0.19194338,0.19171889,0.19150296,0.19129041,0.19107619,0.19085509,0.19062203,0.19037187,0.19009945,0.1897996,0.18946731,0.18909733,0.18868455,0.18822388,0.18771014,0.18713824,0.18650298,0.1857993,0.185022,0.184166,0.18322612,0.18219724,0.18107429,0.17985201,0.17852537,0.17717583,0.17588642,0.1746541,0.17347595,0.17234905,0.17127039,0.17023705,0.16924605,0.16829446,0.16737932,0.16649765,0.16564655,0.16482303,0.16402411,0.16324688,0.16248836,0.16174556,0.16101561,0.16029549,0.15958227,0.15887302,0.15816471,0.15745446,0.15673925,0.1560162,0.15528229,0.15453458,0.15377016,0.15298602,0.15217923,0.15134682,0.15048586,0.14966354,0.14894561,0.14832693,0.14780238,0.14736684,0.14701515,0.14674218,0.1465428,0.14641188,0.1463443,0.14633487,0.1463785,0.14647007,0.14660442,0.14677642
0.19703403,0.19711705,0.19718689,0.19724143,0.19727862,0.19729632,0.19729252,0.19726504,0.19721189,0.19713092,0.19702011,0.1968773,0.19670044,0.19648746,0.19623627,0.19594474,0.19561085,0.19528347,0.1950092,0.19478258,0.19459811,0.19445024,0.19433354,0.19424246,0.19417158,0.19411533,0.19406828,0.19402483,0.19397956,0.19392698,0.1938616,0.19377787,0.19367035,0.1935335,0.19336183,0.19314985,0.19289209,0.19258301,0.19221716,0.19178899,0.19129305,0.19072384,0.19007583,0.18934356,0.1885215,0.18760419,0.18658613,0.18546177,0.1842257,0.18295377,0.18172425,0.18053505,0.17938404,0.17826916,0.17718834,0.17613949,0.17512052,0.17412934,0.17316389,0.17222205,0.17130174,0.1704009,0.16951744,0.16864927,0.16779432,0.16695043,0.16611563,0.16528773,0.16446471,0.16364448,0.16282494,0.16200402,0.16117962,0.16034965,0.15951206,0.15866475,0.1578056,0.15693253,0.15604353,0.15513642,0.15420917,0.15332887,0.15256031,0.15189803,0.1513365,0.15087026,0.15049373,0.15020153,0.1499881,0.14984794,0.1497756,0.1497655,0.14981222,0.14991026,0.15005408,0.15023819
0.19711678,0.1971598,0.197196,0.1972243,0.19724357,0.19725275,0.19725077,0.19723654,0.19720899,0.19716702,0.19710955,0.19703552,0.19694383,0.19683343,0.1967032,0.19655208,0.19637899,0.19622505,0.19612816,0.19608244,0.19608198,0.19612086,0.19619319,0.19629309,0.19641462,0.1965519,0.19669901,0.19685006,0.19699912,0.19714032,0.19726777,0.19737552,0.19745769,0.1975084,0.19752169,0.1974917,0.19741254,0.19727828,0.19708303,0.19682084,0.19648588,0.19607219,0.1955739,0.19498512,0.19429989,0.19351237,0.19261661,0.19160673,0.19047682,0.18929628,0.18813771,0.18700002,0.18588217,0.18478306,0.18370156,0.18263665,0.18158723,0.18055223,0.17953058,0.17852113,0.17752285,0.17653468,0.17555553,0.17458428,0.17361988,0.17266124,0.1717073,0.17075694,0.1698091,0.16886275,0.16791672,0.16696994,0.16602139,0.16506998,0.16411458,0.16315414,0.16218758,0.16121382,0.16023177,0.15924034,0.15823849,0.157293,0.15646757,0.15575625,0.15515317,0.1546524,0.15424804,0.15393421,0.15370496,0.15355444,0.15347673,0.1534659,0.15351607,0.15362133,0.15377581,0.15397356
0.1969238,0.19692402,0.19692414,0.19692424,0.19692434,0.1969244,0.1969244,0.1969243,0.19692418,0.19692403,0.19692375,0.19692342,0.19692303,0.19692254,0.19692197,0.19692132,0.19692057,0.19695248,0.19704553,0.19719349,0.19738999,0.19762859,0.19790313,0.19820723,0.1985345,0.19887866,0.19923337,0.19959232,0.19994915,0.20029749,0.20063108,0.20094363,0.20122875,0.20148006,0.20169127,0.20185606,0.20196815,0.20202117,0.20200875,0.2019246,0.20176235,0.20151578,0.20117842,0.20074403,0.20020628,0.19955876,0.19879523,0.19790933,0.19689474,0.19581372,0.19473277,0.19365194,0.1925712,0.1914905,0.1904099,0.1893294,0.18824898,0.18716857,0.18608822,0.18500797,0.18392773,0.18284754,0.18176739,0.18068731,0.17960724,0.17852719,0.17744714,0.1763671,0.17528711,0.17420712,0.17312711,0.17204711,0.1709671,0.1698871,0.16880704,0.16772698,0.1666469,0.16556677,0.16448662,0.16340642,0.16232617,0.16131237,0.16042729,0.15966456,0.15901786,0.1584809,0.1580473,0.15771079,0.157465,0.15730357,0.15722023,0.15720864,0.15726244,0.1573753,0.15754093,0.15775299
0.19646728,0.19642435,0.19638826,0.19636008,0.19634089,0.19633171,0.19633368,0.19634788,0.19637536,0.19641718,0.19647443,0.19654824,0.1966396,0.19674961,0.19687942,0.19703002,0.19720253,0.19742124,0.19770518,0.1980476,0.19844183,0.19888102,0.19935843,0.1998674,0.20040108,0.20095275,0.20151572,0.20208313,0.20264839,0.20320456,0.203745,0.20426293,0.20475164,0.20520432,0.20561427,0.20597471,0.2062789,0.2065201,0.20669152,0.20678651,0.20679818,0.20671992,0.20654483,0.2062663,0.20587748,0.20537166,0.2047421,0.20398206,0.20308478,0.2021053,0.20110393,0.20008169,0.19903974,0.19797912,0.19690092,0.1958062,0.194696,0.1935715,0.19243367,0.19128363,0.19012251,0.18895133,0.18777116,0.18658306,0.18538818,0.18418752,0.18298222,0.18177332,0.1805619,0.17934908,0.17813584,0.17692336,0.17571267,0.17450485,0.17330097,0.17210214,0.1709094,0.16972381,0.16854653,0.16737853,0.166221,0.16513987,0.16419601,0.16338263,0.16269301,0.16212039,0.16165806,0.16129915,0.16103703,0.16086489,0.16077605,0.16076365,0.160821,0.1609414,0.16111805,0.16134414
0.19576012,0.19567388,0.19560134,0.19554472,0.19550614,0.19548775,0.19549172,0.1955202,0.19557539,0.19565949,0.19577454,0.19592279,0.19610642,0.19632752,0.19658834,0.19689098,0.19723766,0.19764405,0.19811973,0.19865745,0.19925015,0.19989057,0.20057161,0.20128609,0.20202681,0.20278664,0.20355842,0.20433499,0.20510915,0.20587376,0.20662165,0.20734568,0.20803867,0.20869339,0.2093028,0.20985965,0.21035682,0.21078707,0.21114334,0.2114184,0.21160512,0.21169631,0.2116848,0.21156347,0.21132511,0.21096255,0.21046865,0.20983623,0.20905818,0.20818214,0.20726216,0.20630026,0.20529874,0.20425966,0.20318525,0.20207761,0.20093901,0.19977146,0.19857731,0.19735861,0.19611757,0.19485627,0.19357693,0.19228177,0.19097288,0.1896524,0.1883226,0.18698555,0.18564348,0.18429852,0.1829528,0.18160857,0.18026793,0.17893305,0.1776061,0.17628929,0.17498474,0.1736946,0.17242104,0.17116626,0.1699324,0.16878492,0.16778316,0.16691987,0.16618794,0.16558017,0.16508941,0.16470854,0.16443034,0.16424763,0.16415331,0.1641402,0.1642011,0.16432884,0.16451629,0.16475631
0.19481528,0.19468553,0.19457641,0.19449121,0.19443311,0.19440545,0.19441138,0.19445428,0.19453734,0.19466384,0.19483699,0.19506009,0.19533637,0.19566916,0.19606161,0.19651705,0.1970387,0.19763368,0.19830188,0.19903569,0.19982755,0.20066991,0.20155518,0.20247577,0.20342416,0.2043927,0.2053739,0.20636013,0.20734383,0.20831744,0.20927337,0.21020408,0.211102,0.21195945,0.21276902,0.21352303,0.21421392,0.21483417,0.21537612,0.21583226,0.21619503,0.21645683,0.21661006,0.21664724,0.21656065,0.21634287,0.2159862,0.21548317,0.21482615,0.21405543,0.21321848,0.21231858,0.21135895,0.21034284,0.20927359,0.20815435,0.20698845,0.2057791,0.20452964,0.20324321,0.20192315,0.20057268,0.19919509,0.19779356,0.19637144,0.19493195,0.19347835,0.19201389,0.19054182,0.18906541,0.18758795,0.1861126,0.18464273,0.18318152,0.18173224,0.18029821,0.17888258,0.1774887,0.17611976,0.17477909,0.17346987,0.17225699,0.17119807,0.1702856,0.16951194,0.16886954,0.16835082,0.16794822,0.16765413,0.16746102,0.16736132,0.16734746,0.1674118,0.16754687,0.167745,0.16799869
0.19364575,0.19347231,0.1933264,0.19321248,0.19313486,0.19309781,0.1931058,0.19316314,0.19327417,0.1934433,0.19367477,0.19397306,0.19434248,0.19478738,0.1953121,0.19592097,0.19661844,0.1974028,0.19826432,0.19919488,0.20018663,0.20123152,0.20232165,0.20344895,0.20460555,0.20578338,0.20697449,0.20817094,0.20936476,0.2105479,0.21171243,0.2128504,0.21395381,0.21501467,0.21602501,0.21697687,0.21786231,0.21867323,0.2194018,0.22003996,0.22057976,0.2210132,0.22133234,0.22152919,0.22159576,0.2215241,0.22130623,0.22093414,0.22039992,0.21973617,0.21898395,0.2181475,0.21723124,0.21623947,0.21517661,0.21404697,0.21285492,0.21160482,0.21030097,0.20894781,0.20754965,0.20611084,0.20463572,0.2031287,0.2015941,0.20003626,0.19845955,0.19686832,0.19526696,0.19365975,0.1920511,0.19044536,0.18884693,0.18726003,0.18568914,0.18413857,0.18261264,0.18111579,0.17965233,0.17822655,0.17684288,0.17556547,0.17445025,0.1734892,0.17267436,0.17199776,0.17145142,0.17102739,0.17071769,0.17051433,0.17040928,0.17039472,0.17046249,0.17060472,0.17081341,0.1710806
0.19226451,0.19204715,0.19186436,0.19172157,0.19162428,0.19157788,0.19158787,0.19165972,0.19179885,0.19201076,0.19230087,0.19267468,0.19313759,0.19369508,0.19435261,0.19511564,0.19598962,0.19696417,0.19801967,0.19914772,0.20033996,0.20158803,0.20288356,0.20421816,0.20558345,0.2069711,0.20837265,0.20977984,0.2111842,0.21257742,0.21395108,0.21529685,0.21660633,0.21787116,0.21908292,0.22023332,0.22131397,0.22231638,0.22323231,0.22405332,0.22477111,0.22537722,0.22586332,0.22622105,0.22644198,0.22651778,0.22644007,0.22620046,0.22579063,0.22523557,0.22456956,0.22379804,0.22292648,0.22196034,0.22090508,0.21976614,0.21854897,0.21725906,0.21590187,0.21448283,0.2130074,0.21148103,0.20990917,0.20829737,0.20665093,0.20497541,0.20327626,0.2015589,0.19982883,0.19809146,0.19635227,0.19461673,0.19289033,0.19117843,0.18948653,0.18782014,0.18618464,0.18458551,0.18302822,0.18151824,0.180061,0.17871986,0.177549,0.17654,0.17568453,0.17497419,0.17440061,0.17395544,0.17363025,0.1734167,0.17330648,0.17329113,0.17336231,0.17351164,0.17373073,0.17401126
0.1906845,0.19042307,0.19020322,0.19003147,0.1899144,0.18985862,0.18987064,0.18995707,0.19012444,0.1903793,0.19072823,0.19117786,0.19173464,0.19240521,0.19319606,0.19411385,0.19516507,0.19633049,0.19758065,0.19890684,0.20030016,0.20175198,0.20325345,0.20479582,0.20637038,0.20796826,0.20958078,0.21119915,0.21281455,0.21441834,0.21600163,0.21755572,0.21907179,0.22054112,0.22195496,0.22330447,0.22458093,0.22577555,0.22687963,0.22788437,0.22878096,0.22956067,0.2302147,0.23073438,0.23111084,0.23133537,0.23139916,0.23129347,0.23100953,0.23056462,0.2299863,0.22928104,0.22845545,0.22751613,0.22646956,0.22532241,0.22408117,0.22275245,0.22134268,0.21985863,0.21830668,0.21669355,0.21502568,0.21330969,0.21155211,0.20975956,0.20793858,0.20609568,0.20423748,0.20237052,0.2005014,0.1986366,0.1967828,0.19494648,0.19313422,0.19135259,0.18960816,0.1879075,0.18625711,0.18466364,0.18313362,0.18172953,0.1805037,0.17944737,0.17855172,0.17780805,0.17720757,0.17674148,0.17640106,0.1761775,0.1760621,0.17604603,0.17612053,0.17627688,0.17650627,0.17679992
0.1889187,0.18861301,0.18835594,0.1881551,0.18801828,0.18795305,0.18796712,0.18806815,0.18826382,0.18856184,0.18896984,0.18949552,0.19014654,0.19093053,0.19185527,0.19292836,0.19415748,0.19551449,0.19695999,0.19848478,0.20007983,0.2017359,0.20344381,0.20519447,0.20697868,0.20878734,0.21061122,0.2124412,0.21426818,0.21608292,0.21787629,0.21963915,0.22136234,0.22303672,0.2246531,0.22620231,0.22767527,0.22906278,0.23035574,0.23154488,0.23262113,0.23357533,0.2343983,0.2350809,0.23561397,0.23598832,0.23619485,0.23622441,0.23606783,0.23573448,0.23524517,0.23460747,0.23382908,0.23291764,0.23188089,0.23072651,0.22946204,0.22809535,0.22663395,0.22508559,0.22345793,0.22175866,0.21999541,0.21817593,0.21630783,0.21439882,0.2124565,0.21048865,0.20850287,0.20650685,0.2045083,0.20251484,0.20053416,0.198574,0.19664197,0.19474573,0.19289298,0.19109133,0.1893486,0.1876723,0.18607025,0.18460397,0.18332382,0.18222065,0.18128535,0.1805087,0.1798816,0.17939487,0.17903933,0.17880592,0.17868537,0.17866859,0.17874642,0.17890966,0.1791492,0.17945592
0.18698005,0.18662995,0.18633555,0.18610553,0.18594883,0.18587415,0.18589026,0.18600598,0.1862301,0.18657136,0.1870386,0.18764064,0.18838619,0.1892841,0.19034311,0.19157203,0.19297966,0.19452885,0.19617024,0.19789435,0.19969153,0.20155235,0.20346722,0.20542657,0.20742093,0.20944072,0.21147645,0.21351846,0.2155573,0.21758345,0.21958733,0.22155946,0.22349021,0.22537008,0.22718957,0.22893909,0.23060906,0.23219009,0.23367253,0.2350468,0.2363035,0.23743297,0.23842569,0.23927219,0.23996286,0.24048819,0.24083863,0.24100466,0.24097668,0.24075632,0.24035724,0.23978828,0.2390581,0.23817566,0.2371497,0.23598894,0.2347022,0.23329826,0.23178601,0.23017411,0.22847138,0.22668667,0.2248287,0.22290628,0.22092818,0.21890323,0.2168402,0.21474783,0.212635,0.21051045,0.208383,0.20626135,0.20415434,0.20207082,0.20001945,0.19800915,0.19604868,0.19414674,0.19231223,0.19055381,0.18888041,0.18735255,0.18601869,0.18486921,0.18389462,0.18308541,0.18243197,0.1819248,0.18155439,0.18131112,0.18118554,0.18116805,0.18124911,0.18141924,0.18166885,0.1819884
0.18488154,0.18448688,0.18415503,0.18389578,0.18371908,0.18363494,0.18365312,0.18378353,0.18403615,0.18442085,0.18494754,0.18562613,0.18646654,0.18747868,0.18867238,0.1900577,0.19164436,0.19338633,0.19522421,0.19714804,0.19914788,0.20121391,0.20333612,0.20550464,0.2077095,0.20994085,0.2121887,0.2144432,0.21669433,0.21893229,0.22114709,0.22332884,0.22546758,0.22755343,0.22957648,0.23152678,0.23339438,0.23516943,0.23684193,0.23840207,0.23983982,0.24114527,0.24230863,0.24331993,0.24416909,0.2448464,0.24534176,0.24564543,0.24574739,0.24564117,0.24533345,0.24483426,0.24415344,0.24330096,0.24228665,0.24112037,0.23981217,0.23837185,0.23680937,0.23513454,0.23335743,0.23148781,0.22953571,0.22751091,0.22542335,0.223283,0.22109964,0.21888334,0.2166439,0.21439125,0.21213527,0.20988595,0.20765312,0.20544666,0.20327659,0.20115273,0.19908498,0.19708331,0.19515757,0.1933177,0.19157358,0.18998481,0.18859771,0.18740241,0.18638895,0.18554746,0.18486798,0.1843406,0.18395537,0.18370245,0.18357182,0.18355364,0.18363795,0.18381482,0.18407442,0.18440671
0.18263605,0.18219677,0.18182734,0.18153878,0.1813421,0.18124837,0.18126862,0.1814138,0.181695,0.18212321,0.18270957,0.18346497,0.18440053,0.18552718,0.18685603,0.18839811,0.19016439,0.19209966,0.19413447,0.19625854,0.19846149,0.20073313,0.2030631,0.20544112,0.20785691,0.21030016,0.21276054,0.2152278,0.21769162,0.22014174,0.22256778,0.22495954,0.22730672,0.22959892,0.23182592,0.23397747,0.23604311,0.23801278,0.23987596,0.24162242,0.243242,0.24472421,0.24605891,0.24723567,0.24824429,0.24907441,0.24971575,0.25015807,0.25039107,0.2504001,0.2501849,0.24975656,0.24912594,0.24830425,0.24730243,0.24613146,0.24480247,0.24332644,0.24171439,0.23997737,0.23812635,0.23617245,0.23412664,0.23199996,0.22980347,0.22754812,0.22524504,0.22290516,0.22053951,0.2181592,0.2157752,0.21339856,0.21104029,0.20871142,0.20642303,0.20418607,0.20201157,0.19991066,0.19789426,0.19597343,0.19415922,0.19251008,0.1910703,0.1898296,0.18877766,0.18790418,0.18719886,0.18665144,0.18625161,0.18598905,0.18585348,0.18583459,0.18592212,0.18610577,0.18637517,0.18672007
0.18025663,0.17977259,0.1793655,0.17904752,0.17883079,0.17872752,0.17874977,0.17890978,0.17921968,0.1796916,0.18033768,0.18117009,0.18220098,0.18344253,0.18490686,0.1866061,0.18855245,0.19068155,0.19291379,0.19523847,0.19764496,0.20012261,0.20266065,0.20524856,0.20787556,0.21053104,0.21320428,0.21588467,0.21856149,0.22122405,0.22386174,0.22646385,0.2290197,0.23151867,0.23395011,0.23630325,0.23856746,0.24073212,0.24278653,0.24471995,0.24652183,0.24818145,0.2496881,0.2510312,0.25219992,0.25318378,0.25397202,0.25455397,0.25491893,0.25504428,0.2549226,0.2545659,0.25398642,0.2531963,0.2522077,0.2510328,0.24968372,0.24817255,0.2465116,0.2447128,0.24278858,0.24075085,0.23861183,0.23638372,0.23407869,0.23170881,0.2292863,0.22682326,0.22433187,0.22182424,0.21931264,0.21680911,0.21432577,0.2118749,0.20946857,0.20711893,0.2048382,0.20263845,0.20053189,0.19853061,0.19664682,0.19493786,0.19344585,0.19216011,0.19107,0.19016483,0.18943393,0.18886665,0.1884523,0.18818022,0.18803973,0.18802015,0.18811086,0.18830115,0.18858033,0.18893777
0.17775626,0.1772273,0.17678244,0.176435,0.1761982,0.17608535,0.17610967,0.17628452,0.17662314,0.17713878,0.1778448,0.17875437,0.1798809,0.18123756,0.18283768,0.18469447,0.18682139,0.1891447,0.19157472,0.19410047,0.19671084,0.19939485,0.20214137,0.20493944,0.20777799,0.21064596,0.21353234,0.21642613,0.21931617,0.22219151,0.22504112,0.22785388,0.23061883,0.23332493,0.23596102,0.23851621,0.2409794,0.24333952,0.24558558,0.24770649,0.24969117,0.25152877,0.25320804,0.25471804,0.25604767,0.25718603,0.25812188,0.25884432,0.25934225,0.2595848,0.2595574,0.25927326,0.25874567,0.2579879,0.25701323,0.255835,0.25446638,0.25292075,0.25121135,0.24935146,0.24735428,0.2452332,0.2430015,0.24067236,0.23825917,0.23577514,0.23323356,0.23064771,0.22803095,0.22539641,0.22275747,0.22012733,0.21751939,0.21494682,0.21242297,0.20996106,0.20757441,0.20527631,0.20308001,0.20099874,0.1990459,0.19727752,0.19573373,0.19440332,0.19327533,0.19233873,0.19158246,0.19099547,0.19056672,0.19028516,0.19013979,0.19011958,0.19021343,0.19041029,0.19069918,0.19106904
0.17514786,0.1745739,0.17409125,0.17371422,0.1734573,0.17333479,0.17336126,0.17355093,0.17391835,0.17447789,0.1752439,0.17623088,0.17745315,0.17892522,0.1806614,0.18267617,0.18498388,0.18750185,0.19013007,0.19285718,0.19567177,0.1985624,0.20151767,0.20452622,0.20757656,0.21065731,0.21375714,0.21686451,0.21996813,0.22305652,0.2261183,0.22914198,0.23211631,0.23502982,0.237871,0.24062853,0.24329096,0.24584691,0.24828507,0.25059384,0.25276193,0.2547779,0.25663036,0.2583078,0.25979903,0.26109248,0.26217678,0.26304045,0.26367217,0.26403284,0.26410052,0.26388964,0.26341462,0.26268983,0.26172972,0.26054868,0.2591611,0.2575815,0.2558241,0.25390345,0.25183395,0.24962993,0.2473058,0.24487606,0.24235503,0.2397572,0.23709694,0.23438865,0.23164672,0.22888558,0.22611967,0.22336332,0.22063102,0.2179371,0.215296,0.21272217,0.21023001,0.20783386,0.20554821,0.20338741,0.2013659,0.1995386,0.19794333,0.19656856,0.19540298,0.19443518,0.19365367,0.1930471,0.19260406,0.19231315,0.19216296,0.19214202,0.192239,0.19244246,0.19274096,0.19312316
0.17244439,0.17182538,0.17130479,0.17089817,0.17062107,0.17048897,0.17051744,0.17072207,0.17111832,0.17172179,0.17254797,0.17361243,0.17493069,0.17651835,0.17839088,0.18056385,0.18305276,0.18576568,0.18859245,0.19152127,0.1945403,0.19763786,0.20080218,0.20402138,0.2072838,0.21057758,0.21389098,0.21721227,0.22052962,0.22383128,0.22710542,0.2303404,0.23352428,0.23664539,0.23969194,0.24265212,0.2455142,0.24826638,0.2508969,0.25339395,0.2557458,0.25794068,0.25996676,0.26181236,0.26346558,0.26491472,0.26614803,0.26715365,0.26791996,0.2683994,0.26856282,0.26842585,0.26800403,0.2673128,0.26636776,0.2651845,0.26377848,0.26216525,0.26036033,0.25837937,0.25623778,0.25395116,0.25153506,0.24900503,0.24637654,0.24366516,0.24088652,0.23805597,0.23518923,0.23230173,0.2294091,0.22652678,0.22367035,0.2208554,0.21809743,0.21541199,0.21281458,0.2103208,0.20794612,0.2057061,0.20361634,0.20173047,0.20008402,0.19866525,0.19746229,0.19646344,0.1956569,0.19503088,0.19457366,0.19427343,0.19411838,0.19409679,0.19419685,0.19440682,0.19471493,0.1951094
0.16965881,0.16899465,0.16843612,0.16799985,0.16770253,0.16756082,0.16759136,0.16781086,0.16823603,0.16888352,0.16976996,0.17091206,0.17232646,0.17402987,0.17603895,0.17837036,0.1810408,0.183949,0.18697456,0.19010529,0.19332908,0.19663382,0.2000073,0.20343745,0.20691212,0.21041913,0.21394642,0.21748173,0.22101304,0.22452813,0.22801493,0.23146124,0.23485497,0.23818399,0.2414361,0.24459924,0.24766116,0.25060984,0.25343314,0.25611874,0.25865474,0.26102892,0.26322907,0.26524308,0.26705885,0.26866424,0.27004707,0.27119532,0.2720967,0.2726955,0.27295545,0.27289295,0.2725248,0.27186763,0.2709382,0.26975304,0.2683289,0.2666825,0.2648305,0.2627895,0.2605762,0.25820735,0.25569952,0.25306937,0.2503337,0.24750906,0.24461216,0.24165975,0.23866838,0.23565482,0.23263574,0.22962765,0.22664747,0.22371167,0.22083706,0.21804023,0.21533783,0.21274665,0.2102833,0.20796439,0.2058067,0.20386258,0.20216529,0.20070267,0.19946255,0.19843283,0.19760136,0.19695602,0.19648466,0.19617513,0.19601533,0.19599308,0.19609624,0.1963127,0.19663033,0.19703695
0.16680408,0.16609474,0.16549821,0.16503224,0.16471466,0.1645633,0.16459595,0.16483042,0.1652845,0.16597605,0.16692281,0.16814262,0.16965333,0.17147265,0.17361845,0.17610855,0.17896071,0.18206444,0.18528904,0.18862194,0.19205067,0.19556278,0.19914569,0.20278691,0.206474,0.21019442,0.21393563,0.21768522,0.22143064,0.22515939,0.22885896,0.23251687,0.23612064,0.23965771,0.24311557,0.24648185,0.24974394,0.25288934,0.25590554,0.2587801,0.2615005,0.26405427,0.26642886,0.2686118,0.2705905,0.2723525,0.27388543,0.2751767,0.2762137,0.27693257,0.27728927,0.27730173,0.27698776,0.27636504,0.2754515,0.27426493,0.2728231,0.27114382,0.26924494,0.26714426,0.26485953,0.26240864,0.25980932,0.2570794,0.25423673,0.25129902,0.24828422,0.24521004,0.24209431,0.2389548,0.23580943,0.23267585,0.229572,0.22651562,0.22352456,0.22061658,0.21780954,0.21512116,0.21256934,0.21017183,0.20794646,0.20594437,0.20419645,0.20269014,0.20141308,0.20035268,0.1994964,0.1988318,0.19834638,0.19802763,0.19786303,0.19784012,0.19794638,0.19816932,0.19849636,0.19891514
0.16389321,0.1631386,0.16250402,0.1620083,0.1616705,0.16150945,0.16154419,0.16179363,0.16227667,0.1630123,0.16401951,0.1653171,0.16692418,0.16885957,0.17114227,0.17379119,0.1768253,0.18012477,0.18354858,0.18708383,0.19071771,0.19443728,0.19822977,0.20208223,0.20598188,0.20991585,0.2138712,0.21783516,0.22179481,0.22573732,0.22964983,0.2335195,0.23733334,0.24107867,0.24474254,0.24831215,0.25177446,0.25511682,0.2583263,0.26138994,0.26429507,0.26702863,0.2695779,0.27192998,0.27407196,0.27599108,0.27767435,0.27910903,0.28028217,0.2811214,0.28157544,0.28166324,0.2814037,0.28081584,0.27991858,0.2787308,0.27727157,0.27555966,0.27361423,0.27145404,0.2690981,0.26656532,0.26387474,0.26104528,0.25809574,0.2550452,0.25191265,0.24871686,0.24547692,0.24221168,0.2389401,0.23568124,0.23245394,0.22927712,0.22616975,0.22315077,0.2202392,0.2174539,0.21481378,0.21233791,0.21004513,0.20798522,0.20618686,0.20463718,0.20332322,0.20223218,0.20135126,0.20066747,0.20016801,0.19984008,0.19967073,0.19964717,0.19975649,0.19998582,0.20032236,0.20075318
0.1609391,0.16013923,0.15946653,0.15894109,0.15858303,0.15841231,0.15844914,0.15871352,0.15922557,0.16000536,0.16107297,0.1624485,0.16415198,0.16620353,0.16862324,0.17143112,0.17464735,0.1781427,0.18176585,0.18550362,0.1893427,0.19326995,0.19727209,0.20133595,0.20544827,0.20959583,0.21376546,0.21794388,0.22211789,0.22627424,0.2303998,0.23448129,0.23850544,0.24245916,0.24632907,0.25010207,0.25376487,0.25730434,0.26070714,0.26396012,0.26705012,0.26996374,0.2726879,0.2752094,0.27751496,0.2795913,0.2814253,0.28300366,0.28431326,0.2852732,0.2858249,0.28598824,0.2857835,0.28523073,0.28434998,0.28316125,0.28168482,0.27994052,0.27794865,0.27572912,0.2733022,0.2706878,0.26790607,0.26497707,0.261921,0.25875774,0.25550744,0.2521902,0.24882616,0.24543533,0.2420378,0.23865364,0.23530304,0.2320059,0.22878243,0.22565262,0.22263664,0.21975447,0.21702632,0.21447217,0.21211214,0.20999469,0.20814602,0.20655295,0.20520227,0.20408072,0.20317514,0.20247227,0.20195886,0.20162173,0.2014477,0.20142344,0.20153582,0.20177156,0.20211749,0.20256042
0.15795475,0.15710957,0.15639876,0.15584357,0.15546519,0.15528484,0.15532373,0.1556031,0.15614416,0.15696812,0.15809622,0.15954964,0.16134964,0.16351743,0.1660742,0.16904117,0.1724396,0.17613097,0.17995359,0.18389393,0.18793835,0.19207333,0.19628522,0.20056048,0.20488559,0.20924683,0.21363077,0.21802375,0.22241218,0.22678252,0.23112114,0.23541455,0.23964909,0.24381115,0.24788733,0.25186384,0.25572717,0.25946382,0.26306018,0.2665026,0.2697775,0.2728714,0.2757706,0.27846164,0.2809309,0.28316468,0.2851496,0.28687197,0.28831825,0.28939912,0.29004863,0.2902878,0.29013804,0.28962055,0.28875637,0.28756693,0.2860734,0.2842969,0.28225875,0.2799801,0.27748218,0.27478623,0.27191356,0.2688852,0.26572245,0.2624466,0.25907877,0.2556402,0.25215217,0.24863578,0.24511237,0.24160306,0.23812917,0.23471183,0.2313723,0.22813176,0.22501148,0.22203262,0.21921648,0.21658418,0.21415704,0.21198209,0.21008325,0.20844696,0.20705958,0.20590761,0.20497745,0.20425545,0.20372814,0.20338184,0.20320307,0.20317818,0.2032936,0.20353575,0.20389108,0.204346
0.1549531,0.15406261,0.1533137,0.15272872,0.15233006,0.15213999,0.152181,0.15247536,0.15304543,0.15391359,0.15510218,0.15663357,0.1585301,0.16081412,0.16350801,0.16663411,0.17021482,0.17410225,0.17812441,0.18226737,0.1865172,0.19085993,0.19528165,0.1997684,0.20430626,0.20888129,0.21347955,0.2180871,0.22269,0.22727434,0.23182611,0.23633145,0.24077643,0.245147,0.24942939,0.25360948,0.25767344,0.26160738,0.26539722,0.2690291,0.2724891,0.27576333,0.27883768,0.2816984,0.2843314,0.28672287,0.28885874,0.2907252,0.29230827,0.29351023,0.29425764,0.29457283,0.29447806,0.29399592,0.29314864,0.29195845,0.2904479,0.28863928,0.2865549,0.28421724,0.2816484,0.2788711,0.2759073,0.27277964,0.26951042,0.26612198,0.26263663,0.2590768,0.25546473,0.25182298,0.24817367,0.24453928,0.24094215,0.23740466,0.23394911,0.23059796,0.22737347,0.22429793,0.22139382,0.21868351,0.2161893,0.21395692,0.21200795,0.21032846,0.20890447,0.2077221,0.20676734,0.20602629,0.20548506,0.20512964,0.20494615,0.20492058,0.20503905,0.2052876,0.20565231,0.20611924
0.1519472,0.15101135,0.1502243,0.14960954,0.14919055,0.14899087,0.14903393,0.14934325,0.14994237,0.1508547,0.15210381,0.15371317,0.15570626,0.15810655,0.16093756,0.1642228,0.16798578,0.1720693,0.176291,0.18063661,0.18509182,0.18964235,0.19427387,0.1989721,0.2037228,0.20851158,0.2133242,0.21814634,0.22296374,0.22776209,0.23252703,0.23724434,0.24189968,0.2464788,0.2509674,0.25535113,0.25961572,0.2637469,0.26773027,0.2715517,0.2751968,0.2786513,0.28190088,0.2849312,0.2877281,0.29027715,0.2925641,0.2945747,0.29629454,0.2976176,0.298463,0.2988542,0.29881456,0.29836777,0.29753727,0.29634643,0.29481888,0.29297817,0.2908476,0.28845078,0.28581122,0.28295237,0.27989775,0.27667078,0.27329504,0.269794,0.26619118,0.26251006,0.2587741,0.2550068,0.25123164,0.2474722,0.2437519,0.24009423,0.23652273,0.23306085,0.22973214,0.22656,0.22356804,0.22077964,0.21821839,0.2159286,0.21392953,0.21220684,0.21074624,0.20953345,0.20855416,0.20779409,0.20723893,0.20687437,0.20668612,0.20665994,0.20678143,0.20703639,0.20741047,0.20788942
0.14894988,0.14796871,0.14714354,0.14649901,0.14605974,0.14585036,0.14589551,0.14621985,0.14684796,0.14780453,0.14911409,0.15080136,0.15289098,0.15540756,0.15837568,0.16182005,0.16576527,0.17004481,0.17446606,0.1790143,0.18367486,0.18843314,0.19327445,0.19818419,0.20314762,0.20815015,0.21317717,0.21821383,0.2232457,0.228258,0.23323607,0.23816535,0.24303107,0.24781872,0.25251347,0.2571008,0.26156598,0.26589438,0.2700714,0.27408224,0.27791244,0.28154716,0.28497186,0.28817183,0.2911325,0.29383913,0.29627705,0.29843166,0.30028832,0.30173245,0.30267572,0.30314282,0.30315828,0.30274677,0.30193302,0.30074155,0.299197,0.297324,0.2951473,0.29269126,0.28998092,0.2870406,0.28389496,0.2805687,0.27708638,0.27347282,0.26975244,0.26594996,0.26209006,0.25819725,0.25429624,0.2504117,0.2465682,0.24279034,0.23910283,0.23553026,0.2320973,0.22882852,0.22574857,0.22288214,0.22025381,0.21790658,0.21585736,0.21409148,0.21259423,0.21135104,0.21034715,0.20956804,0.20899892,0.20862524,0.20843229,0.20840542,0.20852998,0.20879132,0.20917477,0.20966573
0.14597417,0.14494771,0.14408442,0.14341013,0.14295058,0.14273156,0.14277878,0.1431181,0.1437752,0.14477591,0.14614598,0.14791118,0.15009728,0.15273003,0.15583521,0.15943864,0.16356602,0.16804153,0.17266223,0.17741302,0.1822789,0.18724488,0.19229594,0.19741707,0.20259324,0.20780948,0.21305072,0.21830194,0.22354819,0.2287744,0.23396559,0.23910676,0.24418285,0.24917886,0.2540798,0.25887063,0.26353633,0.26806194,0.2724323,0.27663264,0.2806477,0.28446266,0.2880623,0.29143187,0.2945561,0.29742017,0.30000898,0.3023075,0.30430073,0.30586573,0.3069068,0.3074496,0.30751997,0.30714375,0.3063466,0.3051543,0.30359265,0.30168742,0.29946432,0.29694918,0.29416776,0.29114583,0.2879092,0.28448358,0.28089473,0.2771684,0.27333045,0.26940665,0.2654227,0.26140437,0.25737742,0.25336766,0.24940088,0.24550283,0.24169919,0.2380159,0.23447856,0.23111312,0.22794513,0.22500052,0.222305,0.21990031,0.21780084,0.2159917,0.21445775,0.21318409,0.21215563,0.21135741,0.21077436,0.2103915,0.21019386,0.21016629,0.21029392,0.21056165,0.21095455,0.21145748
0.14303303,0.1419613,0.14105995,0.14035591,0.1398761,0.13964738,0.13969669,0.14005099,0.14073709,0.14178193,0.14321242,0.14505547,0.14733799,0.15008688,0.15332906,0.15709138,0.16140082,0.16607219,0.1708922,0.17584541,0.18091652,0.1860901,0.1913508,0.19668326,0.20207208,0.2075019,0.21295732,0.21842304,0.2238836,0.22932369,0.23472786,0.24008082,0.2453671,0.2505715,0.25567842,0.26067266,0.26553872,0.27026135,0.27482516,0.27921465,0.2834146,0.28740948,0.29118413,0.29472288,0.29801065,0.30103195,0.30377132,0.30621347,0.30834305,0.31002873,0.31116718,0.3117856,0.31191072,0.31156936,0.31078875,0.30959535,0.3080164,0.30607873,0.30380917,0.3012347,0.29838222,0.2952786,0.29195076,0.28842562,0.28473005,0.28089106,0.27693537,0.27289003,0.2687819,0.26463795,0.260485,0.25634998,0.25225985,0.2482414,0.24432169,0.24052744,0.2368857,0.23342332,0.23016724,0.22714433,0.22438154,0.22191916,0.21976937,0.21791685,0.21634613,0.21504194,0.21398884,0.21317145,0.21257444,0.21218242,0.21197994,0.21195179,0.21208246,0.21235666,0.21275893,0.21327393
0.14013945,0.13902245,0.13808307,0.13734932,0.13684925,0.13661088,0.1366623,0.13703153,0.13774659,0.13883552,0.14032638,0.14224723,0.14462611,0.147491,0.15086998,0.15479113,0.15928246,0.1641495,0.16916867,0.17432418,0.17960033,0.18498136,0.1904516,0.19599526,0.2015966,0.20723987,0.21290945,0.21858945,0.22426422,0.229918,0.23553507,0.24109972,0.24659614,0.25200868,0.25732154,0.262519,0.2675854,0.2725049,0.2772618,0.28184035,0.2862248,0.2903996,0.29434875,0.29805663,0.30150756,0.30468574,0.30757543,0.3101609,0.31242645,0.31423232,0.31546807,0.31616163,0.3163411,0.31603453,0.3152699,0.31407544,0.31247884,0.31050852,0.30819237,0.30555832,0.30263457,0.29944912,0.29602987,0.292405,0.28860265,0.28465065,0.28057724,0.27641022,0.27217785,0.2679081,0.26362896,0.25936857,0.25515482,0.25101596,0.24697985,0.24307461,0.2393283,0.2357689,0.2324245,0.22932315,0.22649282,0.22397262,0.22177237,0.21987629,0.21826872,0.21693388,0.21585603,0.21501945,0.21440841,0.21400712,0.21379998,0.21377116,0.21390489,0.21418549,0.21459724,0.21512437
0.13730635,0.13614418,0.1351668,0.13440336,0.13388304,0.13363507,0.13368854,0.13407268,0.13481668,0.13594969,0.13750084,0.13949937,0.14197446,0.14495525,0.14847092,0.15255067,0.15722364,0.16228615,0.16750427,0.17286184,0.17834291,0.18393126,0.18961082,0.19536552,0.20117924,0.20703587,0.21291938,0.21881355,0.22470243,0.23056974,0.23639956,0.24217573,0.24788213,0.25350267,0.25902122,0.26442176,0.2696882,0.2748044,0.2797542,0.28452158,0.28909042,0.29344457,0.29756808,0.30144477,0.30505845,0.30839315,0.31143275,0.31416112,0.31656218,0.31848782,0.31982028,0.32058865,0.32082215,0.32054988,0.31980112,0.318605,0.3169907,0.31498736,0.3126242,0.3099304,0.30693513,0.3036675,0.3001567,0.29643202,0.29252258,0.28845757,0.284266,0.27997723,0.2756204,0.2712247,0.26681924,0.26243323,0.25809586,0.25383624,0.24968366,0.24566717,0.2418161,0.23815948,0.23472655,0.23154646,0.2286484,0.22607012,0.22381918,0.22187941,0.22023481,0.2188692,0.21776651,0.21691066,0.21628554,0.21587504,0.21566312,0.2156336,0.21577041,0.2160575,0.2164787,0.21701796
0.1345467,0.1333394,0.13232408,0.131531,0.13099052,0.13073288,0.13078846,0.13118753,0.13196038,0.13313736,0.13474874,0.13682488,0.13939601,0.14249255,0.1461447,0.15038283,0.15523721,0.16049491,0.16591172,0.1714712,0.17715687,0.18295231,0.18884102,0.19480655,0.20083249,0.20690228,0.21299951,0.2191077,0.22521046,0.2312912,0.23733357,0.24332109,0.24923725,0.2550656,0.26078966,0.2663931,0.27185932,0.2771718,0.28231424,0.2872702,0.292023,0.29655638,0.3008538,0.30489874,0.30867487,0.31216565,0.31535465,0.31822532,0.32076132,0.32280624,0.32423484,0.32507753,0.32536456,0.32512626,0.32439286,0.3231948,0.32156223,0.3195257,0.3171152,0.31436127,0.3112942,0.30794424,0.3043416,0.30051684,0.29650006,0.29232165,0.28801185,0.28360114,0.27911964,0.2745977,0.2700657,0.26555386,0.26109257,0.25671208,0.25244284,0.24831486,0.2443587,0.24060458,0.2370829,0.23382378,0.23085773,0.2282211,0.22591919,0.22393554,0.22225367,0.22085716,0.21972956,0.2188543,0.21821508,0.21779527,0.21757853,0.21754834,0.21768828,0.21798185,0.21841258,0.21896408
0.13187347,0.13062117,0.12956794,0.12874527,0.12818462,0.1279174,0.12797502,0.12838899,0.12919067,0.13041155,0.13208306,0.13423662,0.13690372,0.14011575,0.14390413,0.14830041,0.15333588,0.15878844,0.16440363,0.17016473,0.1760548,0.18205708,0.18815473,0.19433089,0.20056875,0.20685153,0.21316232,0.21948431,0.22580071,0.23209466,0.23834942,0.244548,0.25067365,0.2567096,0.26263902,0.2684449,0.27411062,0.27961928,0.284954,0.29009804,0.29503453,0.29974666,0.30421755,0.30843043,0.31236836,0.3160147,0.3193525,0.32236496,0.32503524,0.3271987,0.32872292,0.32963923,0.32997927,0.32977438,0.3290559,0.3278554,0.3262042,0.32413393,0.32167584,0.31886145,0.31572217,0.31228942,0.30859482,0.3046696,0.3005452,0.29625314,0.29182494,0.28729185,0.28268546,0.2780371,0.27337828,0.26874042,0.26415497,0.2596533,0.255267,0.25102735,0.24696587,0.24311401,0.23950315,0.23616475,0.2331303,0.23043498,0.22808184,0.22605403,0.22433472,0.22290711,0.22175439,0.22085969,0.2202062,0.21977708,0.21955553,0.21952464,0.21966769,0.2199678,0.22040813,0.22097191
0.12929961,0.12800235,0.12691133,0.12605914,0.12547837,0.12520152,0.12526125,0.12569004,0.12652051,0.12778522,0.12951677,0.13174762,0.13451046,0.13783774,0.14176217,0.14631619,0.15153244,0.15717949,0.1629928,0.16895512,0.17504933,0.18125816,0.18756446,0.19395097,0.20040056,0.20689602,0.21342014,0.21995573,0.22648557,0.23299249,0.23945923,0.24586876,0.2522036,0.25844687,0.26458123,0.27058938,0.27645433,0.28215864,0.28768536,0.29301718,0.2981368,0.30302724,0.30767107,0.3120513,0.31615058,0.3199518,0.32343775,0.32659125,0.32939503,0.33167627,0.33329532,0.33428475,0.3346771,0.334505,0.33380085,0.3325974,0.3309271,0.32882264,0.32631645,0.32344115,0.32022938,0.3167136,0.3129264,0.30890042,0.3046681,0.30026218,0.29571506,0.2910595,0.28632787,0.2815528,0.2767669,0.27200276,0.2672928,0.2626697,0.25816604,0.25381443,0.24964726,0.24569725,0.24199696,0.23857892,0.23547563,0.23272121,0.23031648,0.22824422,0.22648723,0.22502837,0.22385035,0.222936,0.2222682,0.22182968,0.22160324,0.22157171,0.2217179,0.22202462,0.22247456,0.22305067
0.12683815,0.12549599,0.12436726,0.12348562,0.12288473,0.12259834,0.122660115,0.12310372,0.12396292,0.12527135,0.12706274,0.12937076,0.1322291,0.13567147,0.13973156,0.14444305,0.14983967,0.15568082,0.1616918,0.16785507,0.17415302,0.18056805,0.1870827,0.19367927,0.20034032,0.20704821,0.2137854,0.22053425,0.22727726,0.23399682,0.24067548,0.24729553,0.2538394,0.2602896,0.26662856,0.27283865,0.27890235,0.28480205,0.29052025,0.29603925,0.30134168,0.30640984,0.31122613,0.31577307,0.320033,0.32398847,0.32762176,0.3309155,0.33385196,0.3362502,0.33796322,0.33902487,0.3394689,0.33932886,0.33863845,0.33743146,0.33574143,0.33360228,0.3310475,0.32811084,0.32482606,0.32122684,0.31734678,0.31321964,0.3088791,0.3043589,0.29969266,0.29491407,0.2900569,0.28515482,0.2802415,0.2753506,0.27051592,0.2657711,0.26114976,0.25668573,0.25241256,0.24836402,0.2445738,0.24107565,0.23790315,0.2350892,0.2326325,0.2305155,0.22872056,0.22723013,0.22602665,0.22509259,0.22441036,0.2239623,0.22373104,0.22369881,0.22384815,0.22416145,0.22462118,0.22520973
0.12450193,0.12311506,0.12194869,0.12103765,0.12041674,0.1201208,0.12018464,0.12064306,0.12153088,0.12288293,0.124734044,0.127119,0.13007264,0.13362977,0.13782522,0.14269379,0.1482703,0.1543051,0.16051334,0.16687712,0.17337844,0.17999938,0.18672201,0.19352835,0.20040053,0.20732056,0.21427046,0.22123232,0.22818822,0.23512018,0.24201027,0.24884056,0.2555931,0.26224992,0.26879314,0.27520472,0.2814668,0.28756142,0.29347062,0.29917645,0.30466098,0.3099063,0.31489438,0.31960735,0.32402724,0.32813612,0.331916,0.33534905,0.3384172,0.3409314,0.3427376,0.34387073,0.3443655,0.34425682,0.3435794,0.3423682,0.3406579,0.3384834,0.33587947,0.332881,0.3295227,0.32583946,0.32186607,0.31763738,0.31318817,0.30855325,0.30376747,0.29886562,0.29388258,0.28885308,0.283812,0.27879408,0.27383423,0.2689672,0.26422784,0.25965098,0.25527138,0.25112393,0.24724342,0.24366462,0.24042238,0.23754846,0.23503938,0.2328772,0.23104396,0.22952177,0.22829266,0.22733867,0.22664188,0.22618432,0.22594805,0.22591516,0.22606768,0.22638766,0.22685719,0.22745828
0.12237232,0.120943524,0.11974187,0.11880328,0.118163615,0.11785871,0.11792449,0.11839675,0.11931145,0.12070438,0.12261145,0.12506853,0.12811148,0.13177615,0.13609846,0.14111426,0.1468594,0.1530757,0.15946884,0.1660206,0.17271262,0.17952655,0.18644422,0.19344729,0.20051743,0.20763634,0.21478577,0.2219474,0.22910292,0.23623401,0.24332243,0.2503499,0.25729802,0.26414865,0.27088332,0.27748385,0.2839319,0.29020923,0.2962974,0.3021783,0.3078335,0.31324476,0.31839374,0.3232622,0.32783177,0.3320843,0.33600128,0.3395646,0.3427559,0.3453784,0.34727162,0.34847128,0.3490134,0.3489338,0.34826824,0.34705266,0.345323,0.34311515,0.34046483,0.337408,0.33398044,0.33021817,0.326157,0.32183275,0.3172813,0.31253862,0.30764046,0.30262268,0.29752132,0.29237208,0.28721085,0.28207362,0.27699614,0.27201426,0.2671639,0.262481,0.2580013,0.25376076,0.2497952,0.24614055,0.24283262,0.23990211,0.23734367,0.23513895,0.23326965,0.23171747,0.23046419,0.22949141,0.22878093,0.22831433,0.22807346,0.22803992,0.22819543,0.2285217,0.22900045,0.22961341
0.12051308,0.119047664,0.11781524,0.11685259,0.11619652,0.1158838,0.11595126,0.11643565,0.117373765,0.1188024,0.12075834,0.12327838,0.12639931,0.13015789,0.13459094,0.13973524,0.1456276,0.15200238,0.15855697,0.16527279,0.1721313,0.1791138,0.18620175,0.19337648,0.20061949,0.20791206,0.21523567,0.22257167,0.2299015,0.2372065,0.24446806,0.25166762,0.25878662,0.26580626,0.27270818,0.27947366,0.2860841,0.29252088,0.2987653,0.30479905,0.31060323,0.31615934,0.32144886,0.32645306,0.33115333,0.33553123,0.339568,0.34324503,0.3465438,0.3492609,0.35123,0.3524879,0.35307124,0.353017,0.35236177,0.3511425,0.34939593,0.34715882,0.34446794,0.3413602,0.33787233,0.334041,0.32990313,0.3254955,0.32085487,0.31601804,0.31102178,0.3059029,0.30069813,0.2954444,0.29017824,0.2849368,0.27975655,0.27467442,0.26972726,0.26495174,0.2603846,0.25606284,0.25202307,0.24830215,0.2449369,0.24195702,0.23935544,0.23711358,0.23521277,0.23363447,0.23236008,0.23137088,0.23064841,0.23017399,0.22992904,0.2298949,0.23005304,0.23038484,0.23087168,0.23149492
0.11891088,0.11741394,0.11615494,0.11517161,0.114501394,0.114181966,0.11425085,0.114745684,0.11570399,0.11716338,0.11916144,0.121735714,0.12492386,0.12876333,0.13329183,0.13854693,0.14456612,0.15107743,0.15777114,0.1646284,0.17163035,0.17875808,0.18599276,0.19331549,0.20070742,0.20814969,0.21562336,0.22310965,0.23058966,0.23804447,0.24545528,0.25280315,0.2600693,0.2672348,0.27428076,0.2811883,0.28793868,0.2945129,0.30089208,0.3070574,0.31299004,0.318671,0.3240816,0.3292028,0.3340157,0.33850154,0.34264153,0.34641656,0.34980798,0.35260665,0.35464117,0.3559491,0.35656807,0.35653564,0.35588938,0.3546669,0.3529057,0.35064352,0.34791774,0.34476608,0.341226,0.33733532,0.33313137,0.32865188,0.32393432,0.31901634,0.3139356,0.30872947,0.30343574,0.29809186,0.29273546,0.2874041,0.2821354,0.27696687,0.27193618,0.26708087,0.2624385,0.25804663,0.25394294,0.2501649,0.2467502,0.24372779,0.24108908,0.23881519,0.23688726,0.23528643,0.23399377,0.23299049,0.23225772,0.2317765,0.23152804,0.23149347,0.23165387,0.23199037,0.23248415,0.23311633
0.117552474,0.11602873,0.114747286,0.113746345,0.11306419,0.11273901,0.11280916,0.11331283,0.114288256,0.11577372,0.117807485,0.12042778,0.123672865,0.127581,0.13219039,0.13753937,0.14366613,0.15029322,0.15710491,0.16408208,0.17120564,0.17845649,0.18581559,0.19326375,0.200782,0.20835112,0.21595211,0.22356576,0.23117311,0.23875497,0.24629228,0.253766,0.26115686,0.2684459,0.275614,0.28264213,0.28951108,0.29620183,0.30269527,0.30897224,0.31501365,0.32080054,0.3263137,0.3315341,0.3364426,0.34102005,0.34524742,0.3491056,0.35257554,0.3554434,0.35753322,0.35888374,0.35953283,0.35951898,0.3588802,0.35765502,0.35588142,0.35359797,0.35084257,0.3476537,0.34406957,0.34012845,0.33586845,0.331328,0.32654527,0.32155856,0.316406,0.31112605,0.30575678,0.30033657,0.2949035,0.289496,0.2841522,0.27891052,0.27380902,0.268886,0.2641798,0.25972864,0.25557068,0.2517443,0.24828765,0.24522914,0.24255893,0.2402579,0.23830698,0.23668699,0.23537897,0.2343637,0.23362215,0.2331352,0.23288378,0.23284878,0.23301108,0.23335162,0.23385128,0.234491
0.116424516,0.11487857,0.113578424,0.11256292,0.11187079,0.11154092,0.11161207,0.11212306,0.11311272,0.114619836,0.116683245,0.119341716,0.12263411,0.12659922,0.13127585,0.13670276,0.14291884,0.14964207,0.15655167,0.16362838,0.17085297,0.17820606,0.18566847,0.19322081,0.20084392,0.2085184,0.21622503,0.22394453,0.23165758,0.23934492,0.24698725,0.25456533,0.2620599,0.2694516,0.2767211,0.28384927,0.29081672,0.29760423,0.30419245,0.3105622,0.31669402,0.32256877,0.3281672,0.3334699,0.33845767,0.34311122,0.34741125,0.35133848,0.3548736,0.35779878,0.35993484,0.36132044,0.36199465,0.36199608,0.36136368,0.3601362,0.35835236,0.35605112,0.35327122,0.35005146,0.34643063,0.3424476,0.33814114,0.3335501,0.3287133,0.3236694,0.3184574,0.31311604,0.3076841,0.30220038,0.2967038,0.29123303,0.28582695,0.28052434,0.27536413,0.2703849,0.26562577,0.26112518,0.2569223,0.25305572,0.24956423,0.24647579,0.24377944,0.24145587,0.2394858,0.23784998,0.23652911,0.23550394,0.23475511,0.2342634,0.2340095,0.23397419,0.23413804,0.23448195,0.23498651,0.2356325
0.115513735,0.11394987,0.112634644,0.1116073,0.110907175,0.11057344,0.11064545,0.11116237,0.112163514,0.113688104,0.11577546,0.11846478,0.12179537,0.12580647,0.13053735,0.13602723,0.14231543,0.14911626,0.156105,0.16326207,0.1705682,0.17800386,0.18554966,0.19318615,0.2008939,0.20865346,0.21644542,0.22425036,0.23204876,0.23982127,0.24754845,0.25521088,0.2627891,0.27026358,0.2776151,0.284824,0.29187095,0.29873666,0.30540144,0.31184596,0.3180508,0.32399663,0.32966378,0.335033,0.34008476,0.3447998,0.34915844,0.35314134,0.35672915,0.35970068,0.36187387,0.36328807,0.36398247,0.36399633,0.363369,0.36213967,0.36034748,0.358032,0.3552323,0.3519875,0.3483371,0.34432027,0.33997628,0.33534434,0.33046386,0.32537383,0.3201138,0.31472287,0.30924022,0.30370536,0.29815742,0.29263556,0.2871792,0.28182757,0.27661973,0.27159533,0.26679322,0.26225296,0.25801364,0.25411457,0.25059503,0.24748242,0.24476495,0.24242316,0.24043772,0.23878907,0.23745784,0.23642461,0.23566993,0.23517436,0.23491848,0.23488288,0.23504807,0.23539463,0.23590314,0.23655419
0.1148068,0.11322902,0.11190209,0.11086565,0.11015925,0.10982257,0.10989519,0.11041672,0.111426786,0.11296494,0.11507088,0.117784135,0.12114438,0.1251912,0.12996416,0.13550292,0.14184707,0.14870818,0.15575825,0.16297777,0.17034718,0.17784694,0.18545744,0.19315924,0.20093271,0.2087583,0.21661648,0.2244877,0.23235239,0.24019106,0.24798402,0.2557119,0.26335502,0.27089387,0.27830893,0.28558058,0.2926893,0.2996155,0.30633977,0.3128424,0.3191039,0.32510477,0.33082545,0.3362462,0.34134766,0.3461103,0.35051447,0.35454074,0.35816938,0.36117688,0.36337888,0.3648152,0.36552534,0.36554885,0.36492547,0.36369464,0.36189613,0.35956946,0.35675433,0.35349023,0.34981686,0.34577382,0.34140068,0.336737,0.33182254,0.3266968,0.32139942,0.31597006,0.31044817,0.3048735,0.29928562,0.29372424,0.28822878,0.28283897,0.27759445,0.27253473,0.26769942,0.26312822,0.2588607,0.25493646,0.2513951,0.24826367,0.24552982,0.24317396,0.24117649,0.2395179,0.23817867,0.23713923,0.23638001,0.23588145,0.23562402,0.23558818,0.23575433,0.23610304,0.2366146,0.23726955
0.114290476,0.11270251,0.11136704,0.11032389,0.10961297,0.10927413,0.1093472,0.10987208,0.11088865,0.11243675,0.11455623,0.11728701,0.12066887,0.12474175,0.12954548,0.13511996,0.141505,0.1484101,0.15550503,0.16277008,0.17018574,0.1777323,0.1853901,0.19313958,0.20096102,0.20883489,0.21674141,0.22466105,0.23257418,0.24046108,0.24830218,0.25607786,0.26376837,0.2713542,0.2788157,0.28613317,0.29328698,0.30025747,0.3070251,0.3135702,0.31987315,0.32591417,0.3316738,0.33713236,0.3422701,0.34706762,0.351505,0.3555628,0.35922134,0.36225504,0.36447823,0.36593068,0.3666522,0.3666828,0.36606225,0.36483043,0.36302722,0.36069244,0.3578661,0.35458782,0.35089764,0.34683543,0.34244102,0.3377542,0.3328149,0.32766303,0.3223385,0.31688094,0.31133044,0.30572668,0.30010974,0.29451934,0.28899544,0.28357774,0.27830622,0.27322087,0.2683613,0.26376757,0.2594794,0.25553676,0.25197947,0.2488344,0.2460885,0.24372236,0.24171609,0.24005024,0.23870519,0.23766118,0.2368986,0.23639788,0.23613933,0.23610333,0.23627025,0.23662043,0.23713426,0.23779209
0.113951415,0.112356775,0.111015685,0.10996818,0.10925426,0.10891398,0.10898737,0.10951446,0.11053529,0.112089895,0.11421832,0.116960526,0.120356634,0.12444665,0.12927058,0.13486849,0.14128038,0.14821436,0.15533873,0.16263373,0.17007974,0.17765701,0.18534589,0.19312668,0.20097964,0.20888515,0.21682352,0.22477491,0.2327198,0.24063836,0.2485111,0.25631815,0.2640398,0.27165648,0.27914846,0.286496,0.29367942,0.30067906,0.30747524,0.31404817,0.32037824,0.3264457,0.33223101,0.33771425,0.34287587,0.34769621,0.35215548,0.35623398,0.35991207,0.36296308,0.3652001,0.36666316,0.36739224,0.36742738,0.36680874,0.36557624,0.36376992,0.36142984,0.35859606,0.35530856,0.3516074,0.34753257,0.34312415,0.3384222,0.3334666,0.32829756,0.32295504,0.31747907,0.31190974,0.306287,0.30065092,0.29504147,0.2894988,0.28406286,0.27877373,0.27367142,0.26879594,0.26418737,0.2598857,0.25593096,0.25236323,0.2492091,0.24645539,0.24408244,0.24207044,0.24039987,0.2390509,0.23800391,0.23723915,0.23673698,0.23647773,0.23644158,0.23660901,0.23696016,0.2374755,0.2381352
0.11377635,0.11217827,0.11083428,0.1097845,0.10906903,0.108728014,0.10880156,0.109329805,0.110352844,0.1119108,0.11404384,0.11679197,0.120195426,0.124294266,0.12912862,0.13473865,0.14116438,0.14811331,0.15525286,0.16256334,0.17002499,0.17761815,0.18532307,0.19312002,0.20098926,0.20891109,0.21686582,0.22483373,0.23279497,0.24072994,0.24861898,0.2564422,0.26418003,0.27181256,0.2793203,0.28668335,0.29388207,0.30089673,0.30770758,0.31429496,0.320639,0.32672015,0.33251864,0.3380147,0.3431886,0.3480208,0.35249123,0.3565805,0.36026874,0.3633287,0.36557272,0.36704135,0.3677743,0.3678119,0.3671942,0.3659613,0.3641535,0.36181068,0.358973,0.3556807,0.3519739,0.3478925,0.34347686,0.33876705,0.33380312,0.32862514,0.32327345,0.31778795,0.31220886,0.30657625,0.3009303,0.2953111,0.28975874,0.28431335,0.27901506,0.27390406,0.26902032,0.26440415,0.26009545,0.2561345,0.25256136,0.24940263,0.2466448,0.24426837,0.24225344,0.24058035,0.23922946,0.23818088,0.23741503,0.2369121,0.23665243,0.23661625,0.23678392,0.23713556,0.23765163,0.23831233
0.113751985,0.11215341,0.11080902,0.109758906,0.10904325,0.108702116,0.1087757,0.10930409,0.110327445,0.11188588,0.114019506,0.116768494,0.120172985,0.12427308,0.12910888,0.13472056,0.14114824,0.14809923,0.1552409,0.16255352,0.17001736,0.17761272,0.18531987,0.1931191,0.2009906,0.20891473,0.21687171,0.2248419,0.23280545,0.24074274,0.248634,0.2564595,0.26419953,0.2718343,0.2793442,0.28670943,0.29391026,0.30092707,0.30773997,0.31432924,0.32067537,0.32675835,0.33255872,0.33805656,0.3432322,0.34806597,0.35253805,0.35662878,0.36031842,0.36337957,0.3656247,0.36709404,0.36782748,0.36786544,0.36724788,0.366015,0.36420685,0.36186364,0.35902548,0.35573256,0.35202488,0.34794262,0.343526,0.33881506,0.33384994,0.3286708,0.32331774,0.31783098,0.31225047,0.30661657,0.3009692,0.29534855,0.28979492,0.28434822,0.27904868,0.27393645,0.2690516,0.2644343,0.26012465,0.25616282,0.25258896,0.2494295,0.24667117,0.24429424,0.24227892,0.2406055,0.23925428,0.2382055,0.23743947,0.2369365,0.23667677,0.2366406,0.23680826,0.23716001,0.23767619,0.23833704
0.113865,0.11226864,0.11092613,0.109877504,0.10916282,0.10882215,0.10889564,0.10942331,0.11044523,0.112001464,0.114132166,0.116877325,0.12027706,0.12437145,0.12920052,0.13480435,0.14122312,0.14816448,0.15529634,0.16259897,0.17005272,0.17763783,0.1853346,0.1931234,0.20098437,0.20889796,0.21684437,0.22480394,0.23275694,0.24068366,0.24856435,0.25637937,0.264109,0.27173355,0.2792333,0.28658852,0.29377946,0.3007865,0.30758995,0.31416994,0.32050696,0.3265812,0.33237293,0.33786258,0.34303027,0.34785637,0.35232124,0.35640505,0.36008814,0.36314356,0.36538413,0.36684984,0.36758083,0.36761725,0.36699903,0.36576635,0.36395928,0.3616178,0.3587822,0.35549226,0.3517883,0.34771028,0.3432983,0.3385924,0.33363268,0.32845932,0.32311222,0.3176316,0.31205738,0.30642977,0.30078885,0.29517457,0.2896271,0.28418654,0.2788929,0.27378628,0.26890674,0.2642944,0.25998923,0.25603145,0.25246105,0.24930462,0.24654897,0.24417418,0.24216077,0.24048896,0.239139,0.23809126,0.23732598,0.23682344,0.236564,0.23652783,0.23669535,0.23704678,0.23756246,0.23822258
0.1141021,0.11251044,0.11117184,0.11012627,0.109413706,0.10907404,0.109147295,0.10967342,0.11069234,0.11224406,0.11436848,0.117105626,0.120495416,0.124577805,0.12939276,0.13498022,0.14138022,0.14830136,0.15541263,0.16269435,0.17012684,0.17769049,0.18536556,0.19313242,0.20097138,0.2088628,0.216787,0.22472432,0.23265508,0.24055958,0.2484183,0.25621137,0.2639192,0.27152213,0.27900052,0.2863347,0.29350498,0.3004917,0.30727518,0.31383577,0.3201537,0.32620952,0.3319834,0.33745566,0.34260666,0.3474168,0.35186636,0.35593566,0.3596051,0.36264843,0.36487925,0.36633757,0.36706334,0.36709645,0.36647695,0.36524478,0.36343983,0.36110213,0.35827163,0.35498828,0.35129192,0.34722272,0.34282053,0.33812526,0.33317694,0.3280156,0.322681,0.3172132,0.3116522,0.306038,0.3004104,0.29480946,0.28927505,0.2838473,0.27856603,0.27347118,0.2686028,0.26400074,0.2597051,0.25575578,0.25219268,0.24904256,0.24629234,0.24392238,0.24191296,0.24024451,0.23889725,0.23785158,0.23708783,0.23658624,0.23632732,0.23629129,0.23645844,0.23680918,0.23732382,0.23798266
0.11445003,0.11286522,0.11153236,0.1104913,0.10978178,0.10944361,0.10951654,0.11004039,0.11105494,0.112599984,0.11471526,0.11744062,0.120815806,0.12488064,0.12967485,0.13523829,0.14161071,0.14850222,0.15558326,0.16283426,0.17023563,0.17776772,0.18541092,0.19314566,0.20095229,0.20881118,0.2167028,0.22460751,0.23250566,0.24037763,0.24820389,0.2559648,0.26364064,0.27121198,0.2786591,0.28596237,0.29310232,0.3000591,0.3068134,0.31334534,0.31963545,0.32566407,0.3314117,0.3368585,0.3419851,0.34677178,0.351199,0.355247,0.35889626,0.36192188,0.36413854,0.36558598,0.366304,0.3663324,0.3657109,0.36447948,0.3626777,0.36034548,0.3575225,0.35424867,0.35056368,0.3465074,0.34211951,0.3374399,0.33250824,0.32736447,0.32204828,0.31659943,0.31105778,0.30546305,0.29985508,0.29427367,0.28875852,0.2833495,0.27808633,0.2730088,0.26815677,0.26357,0.25928822,0.25535128,0.25179893,0.24865799,0.2459159,0.24355285,0.24154937,0.23988579,0.23854247,0.23749988,0.23673837,0.23623829,0.2359801,0.23594417,0.23611085,0.23646055,0.23697366,0.23763062
0.11489543,0.11331939,0.11199395,0.110958636,0.11025305,0.10991673,0.109989256,0.11051022,0.11151916,0.11305563,0.11515921,0.117869504,0.121226005,0.12526833,0.13003603,0.13556868,0.14190581,0.14875932,0.15580173,0.16301344,0.1703749,0.17786658,0.18546905,0.1931626,0.20092785,0.20874517,0.21659504,0.22445792,0.23231432,0.24014468,0.2479294,0.25564906,0.26328406,0.2708148,0.2782219,0.28548566,0.29258665,0.2995053,0.30622208,0.31271753,0.31897184,0.3249658,0.33067974,0.3360941,0.34118935,0.34594598,0.35034448,0.35436526,0.35798877,0.36099178,0.3631902,0.3646237,0.36533186,0.36535415,0.36473024,0.36349967,0.36170197,0.35937673,0.35656345,0.3533018,0.3496313,0.34559152,0.34122202,0.33656242,0.3316522,0.32653087,0.32123825,0.3158136,0.31029674,0.30472702,0.2991442,0.29358774,0.2880972,0.28271216,0.27747223,0.27241692,0.2675858,0.2630185,0.2587545,0.2548334,0.2512948,0.24816574,0.24543393,0.24307981,0.24108386,0.23942654,0.23808827,0.23704964,0.23629096,0.23579277,0.23553556,0.23549972,0.23566577,0.23601419,0.23652536,0.23717986
