0.11337478,0.11354763,0.11369299,0.113806546,0.11388392,0.113920815,0.11391286,0.11385572,0.11374506,0.11357657,0.11334584,0.1130486,0.112680465,0.11223713,0.11171423,0.111107446,0.11041242,0.10965744,0.10887546,0.10806934,0.10724179,0.106395654,0.10553376,0.10465877,0.103773616,0.102880985,0.10198371,0.10108459,0.10018639,0.09929192,0.09840395,0.097525276,0.09665869,0.095806986,0.09497295,0.09415937,0.093369044,0.09260474,0.09186926,0.0911654,0.09049595,0.0898637,0.08927143,0.08872192,0.08821798,0.0877624,0.08735795,0.08700745,0.086713664,0.08649472,0.08636403,0.086317204,0.08634996,0.08645793,0.08663678,0.08688215,0.08718973,0.087555155,0.08797411,0.08844225,0.08895521,0.089508675,0.09009832,0.09071977,0.091368705,0.09204079,0.09273168,0.09343704,0.09415251,0.09487378,0.09559648,0.0963163,0.09702888,0.09772988,0.09841498,0.09907984,0.0997201,0.10033144,0.10090949,0.10144994,0.101948455,0.102395244,0.102785334,0.103121474,0.103406474,0.10364311,0.10383421,0.10398252,0.10409085,0.104162,0.10419872,0.104203835,0.10418011,0.104130365,0.10405738,0.10396392
0.11303385,0.11320635,0.11335142,0.11346472,0.11354193,0.11357873,0.11357078,0.11351379,0.113403365,0.11323522,0.113005005,0.11270839,0.112341054,0.111898676,0.1113769,0.11077142,0.11007789,0.10932468,0.10854485,0.10774116,0.1069164,0.10607325,0.10521452,0.104342975,0.1034613,0.10257229,0.101678684,0.100783266,0.09988876,0.09899792,0.09811352,0.097238265,0.09637496,0.09552631,0.09469511,0.093884096,0.09309602,0.09233361,0.09159967,0.09089691,0.0902281,0.08959599,0.08900333,0.088452876,0.087947376,0.0874896,0.08708226,0.08672813,0.08642998,0.08620619,0.08607045,0.086018436,0.08604578,0.08614819,0.086321324,0.08656086,0.086862445,0.08722179,0.087634504,0.08809631,0.08860287,0.089149825,0.089732885,0.09034768,0.09098991,0.091655225,0.0923393,0.09303782,0.09374644,0.09446082,0.095176674,0.095889606,0.096595354,0.097289525,0.09796785,0.09862595,0.09925951,0.09986422,0.10043572,0.10096969,0.1014618,0.10190264,0.102287516,0.10261918,0.102900386,0.10313389,0.10332241,0.10346877,0.10357564,0.10364584,0.10368208,0.10368712,0.10366373,0.103614636,0.10354263,0.10345043
0.112747155,0.11291935,0.11306412,0.11317723,0.113254316,0.11329103,0.11328313,0.11322622,0.113115996,0.11294815,0.112718344,0.11242226,0.11205562,0.11161402,0.111093186,0.11048881,0.109796524,0.10904482,0.108266786,0.10746518,0.106642716,0.10580209,0.10494606,0.10407733,0.10319864,0.10231268,0.10142217,0.10052986,0.09963846,0.098750666,0.09786925,0.096996896,0.09613634,0.09529027,0.09446146,0.09365258,0.0928664,0.09210561,0.09137294,0.090671115,0.09000284,0.08937086,0.08877786,0.08822661,0.08771979,0.08726015,0.086850375,0.08649323,0.0861914,0.08596354,0.08582355,0.08576713,0.08578996,0.0858877,0.08605604,0.08629064,0.08658721,0.08694141,0.0873489,0.0878054,0.08830654,0.088848025,0.08942555,0.09003476,0.09067133,0.09133095,0.09200932,0.092702076,0.093404934,0.09411355,0.0948236,0.09553078,0.09623076,0.0969192,0.097591795,0.09824423,0.09887215,0.09947128,0.10003724,0.10056577,0.10105251,0.10148834,0.10186887,0.102196775,0.10247478,0.10270561,0.10289202,0.103036694,0.10314238,0.10321177,0.10324758,0.103252575,0.10322944,0.10318093,0.1031097,0.10301855
0.112523235,0.11269514,0.11283974,0.11295268,0.113029666,0.11306633,0.11305841,0.11300159,0.11289154,0.11272394,0.112494454,0.11219879,0.11183265,0.111391686,0.11087158,0.110268064,0.10957676,0.10882621,0.10804959,0.1072496,0.10642896,0.1055903,0.10473637,0.10386988,0.102993466,0.10210987,0.10122179,0.100331925,0.09944293,0.09855755,0.09767847,0.09680835,0.095949925,0.095105894,0.09427893,0.09347177,0.09268706,0.09192752,0.09119584,0.090494744,0.08982689,0.089195,0.08860175,0.08804988,0.08754203,0.087080926,0.08666926,0.08630974,0.086005054,0.08577399,0.08563072,0.085570864,0.08559014,0.08568424,0.08584883,0.0860796,0.08637223,0.08672242,0.08712583,0.087578155,0.088075094,0.08861231,0.08918548,0.08979032,0.09042248,0.09107766,0.09175156,0.092439845,0.09313818,0.09384228,0.09454783,0.09525049,0.09594596,0.096629925,0.097298056,0.09794607,0.098569594,0.099164344,0.099726014,0.1002503,0.100732826,0.101164766,0.10154187,0.10186683,0.102142334,0.1023711,0.10255583,0.1026992,0.10280393,0.10287269,0.10290819,0.10291314,0.102890216,0.102842145,0.10277157,0.10268123
0.1123706,0.11254238,0.11268681,0.11279964,0.11287654,0.11291317,0.11290529,0.1128485,0.11273857,0.112571105,0.11234185,0.11204648,0.111680694,0.111240156,0.11072057,0.110117614,0.109426975,0.108677246,0.107901566,0.107102685,0.10628326,0.10544596,0.104593456,0.10372848,0.10285364,0.10197168,0.10108523,0.10019701,0.099309705,0.09842593,0.09754844,0.09667986,0.0958229,0.094980255,0.09415455,0.09334853,0.09256483,0.09180614,0.09107515,0.09037454,0.089706965,0.08907515,0.08848175,0.08792942,0.08742087,0.08695877,0.08654584,0.08618469,0.08587806,0.08564483,0.08549928,0.08543709,0.08545397,0.08554557,0.08570761,0.08593576,0.08622571,0.08657317,0.08697378,0.08742329,0.08791736,0.088451646,0.08902188,0.089623734,0.09025289,0.090905055,0.09157589,0.09226112,0.09295638,0.09365742,0.094359875,0.09505947,0.09575188,0.09643278,0.09709789,0.097742856,0.09836338,0.09895517,0.09951392,0.100035295,0.10051495,0.10094421,0.10131898,0.10164194,0.10191575,0.10214312,0.102326706,0.10246919,0.10257326,0.1026416,0.10267689,0.10268183,0.10265903,0.10261123,0.102541104,0.10245134
0.11229786,0.11246954,0.11261393,0.11272669,0.11280355,0.11284019,0.11283229,0.11277555,0.11266563,0.11249827,0.11226914,0.1119739,0.11160826,0.11116793,0.11064859,0.11004592,0.1093556,0.10860622,0.10783102,0.107032664,0.10621381,0.10537715,0.10452535,0.10366107,0.10278699,0.1019058,0.10102014,0.10013273,0.099246174,0.0983632,0.097486466,0.096618615,0.09576234,0.09492034,0.09409529,0.093289785,0.092506565,0.09174829,0.09101762,0.090317234,0.08964981,0.08901802,0.088424526,0.08787201,0.08736311,0.08690057,0.086487,0.08612508,0.085817516,0.08558326,0.085436635,0.085373335,0.08538905,0.08547947,0.0856403,0.0858672,0.08615587,0.086502016,0.08690132,0.08734949,0.08784215,0.08837507,0.0889439,0.08954431,0.090172045,0.090822764,0.09149216,0.09217592,0.092869736,0.09356931,0.09427029,0.094968416,0.09565937,0.0963388,0.097002454,0.097646005,0.098265104,0.09885548,0.09941281,0.099932805,0.10041111,0.100839086,0.10121276,0.101534754,0.10180775,0.10203446,0.10221749,0.10235956,0.10246332,0.10253149,0.102566645,0.10257156,0.10254885,0.10250119,0.102431275,0.10234175
0.11231356,0.112485245,0.11262963,0.11274244,0.11281929,0.11285593,0.11284802,0.1127913,0.11268136,0.112513974,0.11228482,0.11198955,0.111623876,0.111183494,0.11066411,0.11006136,0.10937099,0.10862155,0.10784624,0.107047774,0.106228806,0.105392,0.10454006,0.10367562,0.10280137,0.10192004,0.10103419,0.100146584,0.09925989,0.098376736,0.09749982,0.09663182,0.095775425,0.094933264,0.09410807,0.09330245,0.092519134,0.09176077,0.09103003,0.090329595,0.08966214,0.08903033,0.088436864,0.0878844,0.08737558,0.08691313,0.08649969,0.086137965,0.08583057,0.08559655,0.085450135,0.08538708,0.08540305,0.08549373,0.0856548,0.08588198,0.08617093,0.08651737,0.08691696,0.0873654,0.08785837,0.08839158,0.08896071,0.08956144,0.09018949,0.09084052,0.09151023,0.092194304,0.09288842,0.093588315,0.094289616,0.09498806,0.09567931,0.096359074,0.09702304,0.09766689,0.09828629,0.098876975,0.09943462,0.09995487,0.10043351,0.10086178,0.10123566,0.10155787,0.101831056,0.1020579,0.102241054,0.10238321,0.102487035,0.102555245,0.10259045,0.10259535,0.10257262,0.10252493,0.10245497,0.10236538
0.112426236,0.11259804,0.11274256,0.11285541,0.112932354,0.112969026,0.1129611,0.1129043,0.11279431,0.1126268,0.11239748,0.11210201,0.111736074,0.111295395,0.11077561,0.110172436,0.10948158,0.10873153,0.10795554,0.10715624,0.10633635,0.10549857,0.10464554,0.10378001,0.102904625,0.10202205,0.101135015,0.1002462,0.09935826,0.09847391,0.097595826,0.09672668,0.095869206,0.09502605,0.0941999,0.093393445,0.09260938,0.091850385,0.09111915,0.09041834,0.08975068,0.08911882,0.08852549,0.08797331,0.087465025,0.087003306,0.08659082,0.08623028,0.08592434,0.085691914,0.08554719,0.08548585,0.08550359,0.08559611,0.08575907,0.085988194,0.08627911,0.08662756,0.0870292,0.08747974,0.08797484,0.08851021,0.0890815,0.089684434,0.0903147,0.09096796,0.09163993,0.09232625,0.09302265,0.0937248,0.09442838,0.095129095,0.095822625,0.09650464,0.097170845,0.09781691,0.098438546,0.09903142,0.09959123,0.10011364,0.10059437,0.101024605,0.10140022,0.1017239,0.10199834,0.102226205,0.10241022,0.102553025,0.10265735,0.102725826,0.102761194,0.10276614,0.102743305,0.102695405,0.10262511,0.102535106
0.11264447,0.112816535,0.11296121,0.11307425,0.11315129,0.113188006,0.11318008,0.113123216,0.113013074,0.112845324,0.11261566,0.1123198,0.11195337,0.111512065,0.11099157,0.11038757,0.10969574,0.108944565,0.10816718,0.1073663,0.10654469,0.10570497,0.10484991,0.10398219,0.10310456,0.10221966,0.10133027,0.10043908,0.09954879,0.09866212,0.09778176,0.096910425,0.09605086,0.09520573,0.09437776,0.09356965,0.092784144,0.09202393,0.09129172,0.09059023,0.08992216,0.08929021,0.088697106,0.088145554,0.08763827,0.08717796,0.086767316,0.086409084,0.08610595,0.08587663,0.08573511,0.085677125,0.08569833,0.08579439,0.085961014,0.08619386,0.086488634,0.086840965,0.08724659,0.08770117,0.088200405,0.08873993,0.089315444,0.089922644,0.09055721,0.0912148,0.09189112,0.09258181,0.0932826,0.093989156,0.09469713,0.09540224,0.096100144,0.096786544,0.09745709,0.098107494,0.09873341,0.09933052,0.099894516,0.1004211,0.10090591,0.101339966,0.101718895,0.10204544,0.10232232,0.102552205,0.10273785,0.102881916,0.10298717,0.10305625,0.10309195,0.10309691,0.10307388,0.103025556,0.102954656,0.10286385
0.1129768,0.11314924,0.11329425,0.113407515,0.11348469,0.11352149,0.11351354,0.11345654,0.113346174,0.11317809,0.112947956,0.11265145,0.112284265,0.111842014,0.111320436,0.11071518,0.11002189,0.10926898,0.108489506,0.10768625,0.10686193,0.10601928,0.10516109,0.1042901,0.103409015,0.10252063,0.10162765,0.10073284,0.09983895,0.09894872,0.09806491,0.09719024,0.09632746,0.09547935,0.094648615,0.09383803,0.093050346,0.092288256,0.09155455,0.09085198,0.09018329,0.089551196,0.08895847,0.08840785,0.08790208,0.087443925,0.0870361,0.08668139,0.08638251,0.08615791,0.086021304,0.085968435,0.08599487,0.086096354,0.086268544,0.08650709,0.08680769,0.08716599,0.08757766,0.088038415,0.088543884,0.089089766,0.08967171,0.09028541,0.090926506,0.09159069,0.09227363,0.09297101,0.093678474,0.09439172,0.09510641,0.09581822,0.0965228,0.097215846,0.09789301,0.09854998,0.09918242,0.09978601,0.10035642,0.100889295,0.10138035,0.1018202,0.102204196,0.10253511,0.102815695,0.10304866,0.103236765,0.10338278,0.103489436,0.10355944,0.103595614,0.10360064,0.103577316,0.10352832,0.10345645,0.1033645
0.11343185,0.11360475,0.11375016,0.11386375,0.113941155,0.11397806,0.11397011,0.11391294,0.11380225,0.113633685,0.1134029,0.11310554,0.1127373,0.11229379,0.111770704,0.111163676,0.11046842,0.10971312,0.108930804,0.10812424,0.10729624,0.10644963,0.10558717,0.10471165,0.10382587,0.10293264,0.10203477,0.10113503,0.10023621,0.099341124,0.098452546,0.0975733,0.09670618,0.09585396,0.09501945,0.094205454,0.093414724,0.09265012,0.091914386,0.09121035,0.090540804,0.08990851,0.08931629,0.088766955,0.08826328,0.08780807,0.08740411,0.08705419,0.08676114,0.086543,0.08641316,0.08636723,0.08640089,0.08650977,0.08668956,0.08693593,0.08724449,0.08761095,0.08803094,0.08850014,0.08901417,0.08956875,0.090159476,0.09078204,0.09143212,0.09210533,0.092797354,0.09350384,0.09422047,0.0949429,0.09566674,0.09638771,0.09710144,0.097803585,0.09848982,0.0991558,0.09979718,0.10040963,0.10098879,0.101530336,0.102029905,0.10247769,0.10286865,0.10320554,0.10349117,0.103728354,0.10391986,0.1040685,0.10417708,0.104248375,0.104285195,0.104290314,0.104266554,0.104216695,0.104143515,0.10404987
0.114018075,0.11419163,0.11433757,0.1144516,0.11452929,0.114566326,0.114558324,0.11450097,0.11438988,0.114220664,0.11398902,0.11369056,0.113320954,0.112875834,0.112350814,0.111741565,0.11104374,0.11028536,0.10949936,0.10868858,0.10785584,0.10700407,0.10613609,0.10525478,0.10436294,0.103463516,0.102559306,0.101653196,0.10074804,0.09984668,0.09895201,0.09806688,0.09719412,0.096336626,0.095497236,0.09467882,0.09388424,0.093116336,0.09237801,0.09167206,0.09100141,0.09036887,0.08977732,0.08922963,0.08872864,0.08827721,0.08787824,0.08753453,0.08724897,0.08703919,0.08691801,0.08688105,0.08692397,0.087042406,0.087232016,0.08748842,0.08780728,0.088184245,0.088614926,0.089095004,0.089620106,0.09018585,0.09078791,0.091421925,0.092083536,0.092768386,0.0934721,0.09419036,0.09491878,0.095653005,0.09638868,0.09712144,0.09784696,0.09856085,0.099258766,0.099936344,0.100589246,0.10121308,0.10180354,0.102356225,0.10286679,0.103324816,0.10372471,0.10406929,0.104361475,0.104604065,0.10479994,0.10495199,0.10506304,0.10513598,0.10517363,0.105178885,0.10515457,0.10510357,0.10502872,0.10493293
0.114744104,0.114918426,0.115065075,0.11517958,0.11525765,0.11529485,0.11528682,0.1152292,0.11511757,0.11494762,0.11471492,0.11441511,0.1140438,0.113596655,0.113069266,0.112457216,0.11175622,0.11099405,0.110203475,0.10938746,0.10854889,0.10769074,0.10681592,0.10592739,0.105028085,0.104120955,0.10320892,0.10229491,0.101381905,0.100472815,0.09957056,0.09867811,0.09779841,0.09693436,0.096088946,0.09526507,0.094465695,0.09369373,0.09295216,0.09224388,0.091571845,0.09093901,0.09034829,0.089802615,0.08930496,0.08885824,0.08846541,0.08812939,0.087853126,0.08765367,0.08754323,0.08751737,0.08757178,0.08770206,0.08790381,0.08817268,0.08850428,0.08889423,0.089338176,0.08983171,0.09037048,0.0909501,0.09156619,0.09221438,0.09289029,0.093589544,0.09430776,0.09504057,0.09578358,0.096532434,0.09728276,0.09803016,0.098770246,0.09949868,0.100211054,0.10090301,0.10157018,0.10220814,0.10281256,0.10337905,0.103903234,0.10437393,0.1047849,0.10513902,0.105439276,0.10568859,0.10588991,0.10604615,0.10616028,0.10623522,0.10627392,0.1062793,0.10625432,0.10620192,0.10612501,0.10602657
0.115618475,0.11579377,0.1159412,0.11605634,0.11613482,0.11617221,0.11616418,0.11610623,0.115993984,0.115823105,0.11558914,0.1152877,0.11491437,0.11446476,0.11393447,0.11331912,0.112614274,0.11184755,0.11105149,0.11022913,0.10938354,0.10851769,0.107634656,0.10673746,0.10582913,0.10491273,0.10399125,0.10306777,0.10214528,0.10122685,0.1003155,0.09941426,0.098526165,0.09765426,0.09680156,0.09597111,0.095165946,0.0943891,0.09364361,0.09293253,0.09225884,0.09162563,0.09103589,0.09049269,0.08999905,0.08955799,0.08917255,0.08884579,0.08858072,0.08839372,0.088296175,0.088283725,0.08835198,0.088496484,0.08871286,0.08899673,0.089343674,0.0897493,0.09020918,0.09071896,0.091274194,0.0918705,0.0925035,0.09316876,0.09386189,0.09457849,0.09531415,0.096064486,0.09682509,0.097591564,0.098359495,0.09912452,0.099882185,0.10062812,0.10135792,0.10206717,0.102751516,0.1034065,0.10402774,0.10461086,0.10515144,0.105637416,0.10606168,0.1064273,0.106737316,0.10699471,0.107202545,0.107363865,0.1074817,0.10755906,0.107599005,0.107604586,0.10757879,0.10752467,0.107445285,0.10734364
0.11664973,0.11682617,0.11697452,0.117090404,0.117169395,0.11720705,0.11719892,0.11714062,0.11702766,0.116855696,0.116620205,0.11631684,0.11594112,0.11548865,0.11495496,0.11433568,0.11362631,0.112854205,0.11205166,0.11122186,0.11036794,0.10949303,0.1086003,0.10769287,0.10677392,0.10584658,0.10491398,0.10397928,0.10304565,0.102116205,0.10119409,0.10028248,0.09938451,0.0985033,0.097642034,0.09680383,0.09599186,0.09520926,0.094459176,0.09374475,0.09306913,0.092435464,0.091846906,0.0913066,0.09081767,0.090383284,0.090006605,0.089690745,0.08943888,0.089266546,0.08918427,0.0891876,0.08927215,0.08943347,0.08966711,0.089968674,0.0903337,0.090757795,0.09123651,0.091765404,0.09234008,0.09295608,0.09360899,0.09429438,0.09500783,0.095744886,0.096501134,0.097272135,0.098053485,0.09884074,0.099629484,0.100415245,0.10119365,0.10196023,0.10271059,0.10344027,0.104144834,0.10481988,0.105460994,0.106063716,0.10662363,0.107127614,0.10756761,0.10794676,0.10826826,0.1085352,0.10875074,0.10891804,0.109040216,0.109120466,0.1091619,0.10916767,0.109140925,0.10908481,0.10900247,0.10889706
0.11784647,0.11802421,0.11817365,0.11829039,0.11836996,0.1184079,0.118399724,0.11834096,0.11822719,0.11805393,0.11781673,0.11751113,0.117132634,0.116676815,0.116139196,0.115515314,0.11480072,0.114022344,0.11321232,0.11237385,0.11151029,0.11062487,0.109720856,0.10880158,0.10787029,0.10693025,0.10598476,0.10503707,0.10409046,0.10314825,0.102213666,0.10129002,0.100380555,0.099488586,0.09861737,0.09777017,0.09695029,0.096161,0.09540558,0.0946873,0.09400941,0.09337523,0.092788026,0.092251085,0.09176764,0.09134102,0.090974465,0.09067128,0.090434715,0.09027942,0.09021483,0.090236515,0.09033997,0.090520784,0.09077445,0.091096535,0.09148257,0.091928095,0.09242865,0.09297976,0.09357697,0.094215825,0.09489185,0.095600605,0.09633761,0.09709842,0.09787855,0.09867357,0.09947898,0.10029035,0.10110322,0.10191309,0.10271552,0.10350608,0.10428026,0.105033636,0.10576172,0.106460065,0.107124195,0.10774966,0.10833201,0.108856894,0.10931515,0.10971004,0.11004484,0.11032285,0.11054732,0.11072156,0.110848814,0.11093239,0.11097554,0.11098155,0.11095369,0.110895246,0.1108095,0.11069972
0.11921722,0.11939644,0.11954716,0.11966488,0.1197451,0.11978335,0.119775094,0.11971587,0.11960114,0.11942642,0.119187236,0.11887906,0.118497394,0.11803774,0.117495604,0.1168665,0.11614591,0.11536038,0.11454172,0.113693364,0.11281874,0.11192127,0.11100439,0.11007152,0.10912608,0.10817151,0.10721121,0.10624865,0.10528721,0.10433036,0.10338149,0.10244405,0.10152146,0.10061714,0.09973452,0.09887703,0.09804809,0.09725114,0.09648959,0.09576687,0.095086426,0.09445166,0.093866006,0.093332894,0.09285575,0.092438,0.092083074,0.09179438,0.09157537,0.091439575,0.09139526,0.09143793,0.09156307,0.0917662,0.09204281,0.092388414,0.09279851,0.09326857,0.09379412,0.09437067,0.09499371,0.09565874,0.09636126,0.09709678,0.09786078,0.09864877,0.09945627,0.100278765,0.101111755,0.10195075,0.102791235,0.103628725,0.10445871,0.105276704,0.10607821,0.10685871,0.10761372,0.10833873,0.109029256,0.10968078,0.11028882,0.11083764,0.111316785,0.111729674,0.112079754,0.11237044,0.11260516,0.112787336,0.1129204,0.113007784,0.11305289,0.11305917,0.113030046,0.112968944,0.11287928,0.1127645
0.12076564,0.12094816,0.12110165,0.12122156,0.12130326,0.12134223,0.12133383,0.12127349,0.12115665,0.12097868,0.12073507,0.120421216,0.12003249,0.11956435,0.1190122,0.11837146,0.11763756,0.11683686,0.11600121,0.11513423,0.11423954,0.11332075,0.112381466,0.111425325,0.11045593,0.10947689,0.10849182,0.10750434,0.10651806,0.10553661,0.1045636,0.103602625,0.10265733,0.1017313,0.10082817,0.09995155,0.099105075,0.09829233,0.09751695,0.09678252,0.09609268,0.09545105,0.094861224,0.09432683,0.0938515,0.09343883,0.093092434,0.09281591,0.092612915,0.092495985,0.092472225,0.09253705,0.092685886,0.09291414,0.09321723,0.0935906,0.094029635,0.09452977,0.0950864,0.095695,0.096350916,0.09704959,0.09778648,0.09855695,0.09935645,0.100180395,0.10102418,0.10188324,0.102753006,0.10362887,0.10450628,0.10538061,0.10624731,0.107101806,0.10793948,0.108755775,0.10954612,0.11030592,0.11103056,0.11171552,0.112356156,0.112935185,0.11344069,0.113876306,0.11424565,0.11455234,0.114799954,0.11499215,0.115132555,0.11522473,0.11527232,0.11527897,0.11524823,0.11518376,0.11508916,0.11496806
0.122478284,0.12266736,0.122826345,0.12295054,0.123035185,0.123075515,0.12306682,0.12300433,0.122883305,0.122698985,0.122446656,0.12212155,0.121718906,0.121234,0.12066208,0.11999842,0.11923822,0.118408285,0.117541015,0.11664032,0.11571005,0.11475405,0.113776185,0.11278031,0.11177031,0.11075,0.109723255,0.10869395,0.10766593,0.10664304,0.10562917,0.10462815,0.10364386,0.10268015,0.10174087,0.100829884,0.09995106,0.09910825,0.098305285,0.097546086,0.09683445,0.09617426,0.09556941,0.09502371,0.09454101,0.0941252,0.09378014,0.093509674,0.09331765,0.093215995,0.09321083,0.09329743,0.09347105,0.09372693,0.09406033,0.09446651,0.09494073,0.095478214,0.096074246,0.09672406,0.097422935,0.09816609,0.0989488,0.09976633,0.1006139,0.10148679,0.10238023,0.10328952,0.10420988,0.10513655,0.106064804,0.10698991,0.107907094,0.10881162,0.10969875,0.11056373,0.11140182,0.11220825,0.11297832,0.113707244,0.114390284,0.11500829,0.11554782,0.11601277,0.116406985,0.11673432,0.11699863,0.11720378,0.11735361,0.117452,0.11750283,0.11750989,0.117477104,0.117408276,0.117307305,0.11717805
0.12433823,0.124536715,0.12470363,0.12483404,0.12492287,0.12496523,0.1249561,0.124890484,0.124763414,0.12456993,0.12430501,0.123963684,0.123540975,0.123031914,0.12243149,0.12173473,0.12093664,0.12006481,0.11915283,0.11820489,0.117225125,0.116217665,0.115186706,0.11413635,0.11307081,0.11199418,0.11091061,0.10982432,0.108739376,0.10765998,0.10659026,0.10553439,0.1044965,0.10348076,0.1024913,0.101532295,0.10060786,0.09972218,0.098879375,0.09808365,0.0973391,0.09664992,0.096020214,0.09545418,0.094955936,0.09452964,0.094179444,0.09390953,0.093724,0.09363438,0.09364607,0.0937541,0.093953505,0.094239235,0.09460638,0.09504991,0.09556487,0.09614626,0.09678911,0.09748843,0.09823925,0.099036574,0.09987541,0.1007508,0.10165772,0.10259125,0.10354635,0.10451807,0.1055014,0.106491394,0.107483014,0.108471334,0.10945136,0.110418096,0.11136656,0.11229177,0.11318875,0.11405249,0.11487802,0.11566042,0.1163946,0.11705949,0.11763993,0.11814014,0.11856426,0.118916415,0.119200766,0.11942145,0.11958265,0.119688526,0.119743176,0.11975079,0.1197155,0.11964148,0.11953285,0.119393796
0.12632844,0.12653889,0.1267159,0.12685414,0.12694837,0.12699327,0.1269836,0.12691402,0.12677929,0.1265741,0.12629321,0.1259313,0.12548307,0.12494327,0.12430659,0.123567775,0.12272154,0.12179662,0.12082836,0.119821176,0.11877961,0.11770811,0.11661118,0.11549333,0.11435902,0.11321276,0.11205901,0.11090225,0.109746985,0.108597726,0.10745894,0.10633509,0.10523069,0.104150236,0.10309818,0.10207904,0.10109729,0.10015745,0.09926394,0.098421305,0.09763398,0.096906535,0.09624338,0.095649034,0.09512797,0.09468468,0.09432369,0.0940494,0.0938664,0.093785964,0.09381298,0.09394213,0.09416815,0.09448575,0.09488965,0.09537455,0.09593518,0.09656629,0.09726255,0.09801867,0.098829396,0.09968944,0.100593515,0.101536326,0.102512605,0.10351707,0.10454442,0.105589375,0.10664667,0.10771103,0.108777136,0.1098397,0.110893466,0.11193314,0.11295345,0.11394911,0.11491482,0.115845315,0.116735294,0.117579475,0.118372604,0.11909131,0.11971876,0.120259486,0.12071792,0.121098585,0.12140596,0.12164452,0.12181879,0.1219332,0.12199229,0.12200053,0.121962376,0.12188235,0.12176494,0.12161463
0.12843192,0.12865658,0.12884553,0.12899311,0.12909369,0.12914164,0.12913129,0.129057,0.1289132,0.12869419,0.12839432,0.12800798,0.1275295,0.12695329,0.12627366,0.12548499,0.12458162,0.123593934,0.12255924,0.12148244,0.12036836,0.11922187,0.11804783,0.11685113,0.11563658,0.114409074,0.11317348,0.111934625,0.11069738,0.10946663,0.10824724,0.10704403,0.105861895,0.1047057,0.103580266,0.1024905,0.101441234,0.100437336,0.09948367,0.09858511,0.09774649,0.0969727,0.096268564,0.095639,0.0950888,0.09462289,0.09424609,0.09396325,0.09377927,0.09370556,0.09374653,0.09389654,0.09414994,0.094501115,0.09494441,0.09547419,0.096084796,0.096770614,0.097525984,0.09834529,0.09922287,0.10015308,0.10113031,0.1021489,0.103203185,0.10428757,0.105396375,0.106524006,0.10766479,0.10881311,0.10996328,0.111109704,0.11224673,0.1133687,0.11447,0.11554498,0.116588004,0.11759342,0.11855561,0.119468905,0.12032768,0.1211063,0.12178604,0.122371785,0.12286843,0.12328081,0.12361384,0.123872265,0.12406106,0.124185,0.12424901,0.12425793,0.1242166,0.12412993,0.12400271,0.12383986
0.1306317,0.13087244,0.13107492,0.1312331,0.13134088,0.13139223,0.13138115,0.13130157,0.13114744,0.13091275,0.13059138,0.1301774,0.12966466,0.12904716,0.12831883,0.12747367,0.12650563,0.12544689,0.12433724,0.123181954,0.121986255,0.12075548,0.119494826,0.118209615,0.11690505,0.115586475,0.114259124,0.11292825,0.11159913,0.110277034,0.108967215,0.10767498,0.10640558,0.10516424,0.103956275,0.10278693,0.10166146,0.10058519,0.09956331,0.09860115,0.09770395,0.09687698,0.09612549,0.09545478,0.09487012,0.09437671,0.09397992,0.09368493,0.09349705,0.09342794,0.09348173,0.09365237,0.09393381,0.09432002,0.09480494,0.09538256,0.09604679,0.0967916,0.09761097,0.09849885,0.09944917,0.100455895,0.10151299,0.1026144,0.1037541,0.104926035,0.10612416,0.10734243,0.10857481,0.109815255,0.111057684,0.112296104,0.113524444,0.11473669,0.11592674,0.11708861,0.11821621,0.11930354,0.12034451,0.121333115,0.12226329,0.12310691,0.123843476,0.12447817,0.1250163,0.12546316,0.12582394,0.126104,0.12630856,0.12644285,0.1265122,0.12652186,0.12647709,0.12638317,0.12624532,0.1260689
0.13291076,0.13316916,0.1333865,0.13355623,0.13367192,0.13372706,0.13371517,0.13362975,0.1334643,0.13321242,0.13286753,0.13242315,0.13187283,0.13121007,0.13042837,0.12952125,0.12848225,0.12734567,0.12615402,0.12491294,0.12362818,0.12230538,0.12095032,0.11956863,0.118166074,0.1167483,0.115321025,0.113889955,0.11246081,0.11103922,0.10963097,0.108241685,0.10687712,0.10554296,0.10424488,0.10298861,0.10177983,0.10062425,0.099527575,0.0984955,0.097533725,0.09664793,0.09584386,0.09512715,0.09450356,0.09397877,0.093558475,0.09324837,0.09305416,0.092987925,0.09305358,0.093244664,0.09355467,0.09397714,0.09450554,0.09513341,0.09585427,0.09666161,0.09754897,0.098509856,0.09953777,0.10062622,0.10176875,0.10295882,0.10419,0.10545577,0.106749654,0.108065166,0.10939581,0.11073509,0.11207654,0.11341368,0.114739984,0.116049014,0.117334254,0.11858919,0.11980739,0.12098236,0.12210758,0.12317657,0.12418286,0.1250958,0.12589282,0.12657966,0.12716196,0.12764551,0.12803595,0.128339,0.12856033,0.12870568,0.12878074,0.12879118,0.12874272,0.12864108,0.12849195,0.12830101
0.13525215,0.13552941,0.1357626,0.13594474,0.13606888,0.13612805,0.13611528,0.13602364,0.13584614,0.13557583,0.13520575,0.13472892,0.1341384,0.13342725,0.1325885,0.13161515,0.13050024,0.1292805,0.12800121,0.12666865,0.12528892,0.12386812,0.12241249,0.12092814,0.11942122,0.117897876,0.11636432,0.11482663,0.113290995,0.11176357,0.11025049,0.10875795,0.10729205,0.10585897,0.10446485,0.10311586,0.10181816,0.100577876,0.0994012,0.09829424,0.097263165,0.09631414,0.095453314,0.094686836,0.09402086,0.09346153,0.09301504,0.09268748,0.09248504,0.0924203,0.0924971,0.092708476,0.09304747,0.0935071,0.09408046,0.094760515,0.09554037,0.09641297,0.097371496,0.09840888,0.09951819,0.100692496,0.10192477,0.10320811,0.10453553,0.10590009,0.10729479,0.108712696,0.11014686,0.111590296,0.11303606,0.11447714,0.115906686,0.1173176,0.11870306,0.120056,0.12136951,0.1226366,0.123850316,0.12500373,0.12608983,0.12707539,0.1279358,0.12867725,0.12930591,0.1298279,0.13024943,0.13057655,0.1308155,0.13097242,0.13105343,0.13106471,0.13101241,0.13090268,0.13074167,0.13053554
0.13763884,0.13793586,0.13818568,0.13838078,0.13851376,0.13857716,0.13856348,0.1384653,0.13827518,0.13798556,0.13758911,0.13707833,0.13644575,0.13568392,0.13478535,0.13374265,0.13254832,0.13124144,0.12987062,0.12844239,0.12696336,0.12544021,0.12387953,0.122287944,0.12067209,0.119038574,0.117394015,0.11574506,0.1140983,0.11246036,0.11083788,0.10923747,0.10766577,0.10612936,0.104634896,0.103189,0.101798296,0.100469366,0.09920889,0.09802344,0.096919656,0.09590416,0.09498359,0.09416454,0.09345367,0.092857555,0.09238285,0.09203616,0.0918241,0.09175988,0.09184727,0.09207885,0.09244711,0.09294462,0.09356394,0.09429761,0.09513813,0.09607811,0.09711003,0.09822648,0.09941997,0.10068305,0.10200829,0.10338821,0.10481535,0.106282234,0.107781485,0.10930555,0.11084703,0.11239847,0.11395236,0.115501285,0.11703782,0.11855443,0.1200437,0.121498175,0.12291042,0.12427295,0.12557828,0.12681898,0.12798764,0.12904821,0.12997417,0.13077207,0.13144861,0.13201034,0.13246393,0.13281597,0.13307314,0.133242,0.1333292,0.13334134,0.13328505,0.13316694,0.13299367,0.13277183
0.14005385,0.14037119,0.1406381,0.14084654,0.14098862,0.14105633,0.14104174,0.14093684,0.14073369,0.1404243,0.14000075,0.13945499,0.13877915,0.1379652,0.13700522,0.13589118,0.13461515,0.13321884,0.13175383,0.1302273,0.12864637,0.12701811,0.12534958,0.12364795,0.121920295,0.1201737,0.11841524,0.116652094,0.11489128,0.11313996,0.11140518,0.10969407,0.108013734,0.10637127,0.104773745,0.10322831,0.10174202,0.100322016,0.09897535,0.097709194,0.09653054,0.09544658,0.094464384,0.09359105,0.09283367,0.09219935,0.091695204,0.09132833,0.091105774,0.09104146,0.091139115,0.091390796,0.09178854,0.092324376,0.09299034,0.09377845,0.09468075,0.0956893,0.09679607,0.09799316,0.09927257,0.10062631,0.10204649,0.103525035,0.10505408,0.10662562,0.10823164,0.109864235,0.11151541,0.113177225,0.1148417,0.11650086,0.11814674,0.11977136,0.12136677,0.122925036,0.12443814,0.1258981,0.12729698,0.12862687,0.12987971,0.13101688,0.13200961,0.13286515,0.13359047,0.1341928,0.13467911,0.1350566,0.13533233,0.13551335,0.13560681,0.13561985,0.13555948,0.13543287,0.1352471,0.13500926
0.14248018,0.14281808,0.14310221,0.14332418,0.14347543,0.14354753,0.14353198,0.14342032,0.14320402,0.14287463,0.14242364,0.14184257,0.14112298,0.14025638,0.13923426,0.13804814,0.13668954,0.13520272,0.13364258,0.13201678,0.13033284,0.12859836,0.1268209,0.12500806,0.12316745,0.12130659,0.1194331,0.11755456,0.115678556,0.113812655,0.11196443,0.11014151,0.10835142,0.10660174,0.104900114,0.10325409,0.10167122,0.10015912,0.098725356,0.097377524,0.09612319,0.09496995,0.09392539,0.09299706,0.09219256,0.09151948,0.09098539,0.090597875,0.090364516,0.09029984,0.09040761,0.09067939,0.09110668,0.091681,0.092393875,0.09323681,0.094201304,0.0952789,0.096461125,0.09773949,0.099105485,0.100550674,0.10206652,0.1036446,0.105276376,0.106953405,0.108667195,0.11040924,0.1121711,0.11394426,0.11572024,0.11749059,0.11924678,0.12098033,0.12268283,0.12434572,0.12596053,0.1275188,0.12901205,0.13043177,0.13176951,0.1329838,0.13404395,0.13495752,0.1357321,0.13637525,0.13689461,0.13729768,0.1375921,0.13778543,0.13788524,0.13789913,0.13783468,0.1376995,0.1375011,0.13724712
0.14490087,0.14525917,0.14556049,0.14579588,0.14595631,0.14603274,0.14601623,0.14589779,0.14566843,0.14531915,0.14484087,0.14422472,0.14346161,0.14254265,0.14145872,0.14020087,0.13876016,0.13718334,0.13552858,0.133804,0.13201757,0.13017741,0.12829158,0.12636812,0.12441509,0.12244058,0.12045264,0.11845931,0.11646869,0.114488795,0.112527706,0.1105935,0.10869421,0.106837966,0.10503271,0.1032866,0.10160769,0.10000399,0.0984836,0.09705457,0.09572496,0.094502844,0.09339627,0.0924133,0.091561995,0.09085043,0.09028665,0.08987874,0.08963472,0.0895698,0.08968778,0.08997967,0.09043647,0.09104918,0.091808826,0.0927064,0.09373288,0.09487932,0.09613668,0.09749598,0.09894827,0.10048447,0.10209564,0.1037728,0.10550689,0.107288994,0.10911003,0.11096111,0.11283312,0.11471716,0.11660421,0.11848521,0.12035125,0.12219331,0.124002375,0.12576947,0.12748559,0.12914176,0.13072893,0.13223815,0.13366044,0.13495159,0.13607885,0.13705024,0.13787384,0.13855772,0.13910991,0.1395385,0.13985156,0.14005713,0.14016326,0.14017804,0.14010952,0.13996576,0.13975485,0.13948476
0.14729889,0.14767717,0.1479953,0.1482438,0.14841317,0.1484939,0.14847648,0.14835143,0.14810926,0.14774048,0.14723556,0.14658502,0.1457794,0.14480913,0.14366479,0.14233682,0.14081576,0.13915086,0.13740355,0.13558221,0.13369548,0.13175182,0.12975983,0.127728,0.12566492,0.12357905,0.12147896,0.11937318,0.117270246,0.1151787,0.11310705,0.11106385,0.10905765,0.107096955,0.10519026,0.10334621,0.10157327,0.099879935,0.09827481,0.09676639,0.095363215,0.09407382,0.09290676,0.091870524,0.09097367,0.09022477,0.08963229,0.089204796,0.08895083,0.088886164,0.08901462,0.08932669,0.08981282,0.09046359,0.09126949,0.09222098,0.0933086,0.094522856,0.09585422,0.097293235,0.09883034,0.10045612,0.10216101,0.10393558,0.10577028,0.10765563,0.10958212,0.11154029,0.1135206,0.11551358,0.11750973,0.11949953,0.12147352,0.12342217,0.125336,0.12720554,0.12902123,0.1307736,0.1324532,0.13405047,0.13555595,0.13692276,0.13811606,0.13914436,0.14001621,0.14074013,0.1413247,0.14177842,0.14210983,0.14232743,0.14243977,0.14245543,0.14238289,0.14223069,0.1420074,0.14172153
0.14965723,0.15005475,0.15038902,0.15065013,0.15082808,0.1509129,0.15089463,0.15076323,0.15050878,0.15012129,0.14959073,0.14890718,0.14806062,0.14704111,0.1458387,0.14444327,0.142845,0.14109547,0.13925906,0.13734467,0.13536136,0.13331807,0.13122383,0.12908763,0.12691846,0.12472529,0.12251713,0.120303,0.11809186,0.11589273,0.11371453,0.11156636,0.10945712,0.10739586,0.10539154,0.10345318,0.10158975,0.09981025,0.0981237,0.096539035,0.09506529,0.09371148,0.09248652,0.091399476,0.09045931,0.089675,0.08905556,0.08861,0.08834727,0.088283755,0.08842314,0.08875544,0.0892707,0.08995891,0.09081012,0.091814354,0.092961594,0.09424188,0.09564524,0.09716172,0.09878129,0.10049399,0.10228985,0.10415892,0.10609118,0.10807664,0.110105336,0.11216732,0.11425256,0.11635111,0.118453,0.120548256,0.122626856,0.12467884,0.12669426,0.12866311,0.1305754,0.13242112,0.13419041,0.13587317,0.13745949,0.1388998,0.1401573,0.14124094,0.1421597,0.14292257,0.14353858,0.14401668,0.1443659,0.14459522,0.14471361,0.1447301,0.14465366,0.1444933,0.14425799,0.14395674
0.15195897,0.15237454,0.15272407,0.15299706,0.15318312,0.1532718,0.15325268,0.15311529,0.15284924,0.15244411,0.15188941,0.15117475,0.15028968,0.14922382,0.14796661,0.14650774,0.1448367,0.14300741,0.14108689,0.13908467,0.1370101,0.13487266,0.13268177,0.13044684,0.12817731,0.12588269,0.12357228,0.121255614,0.1189421,0.11664114,0.11436221,0.1121147,0.10990809,0.10775177,0.105655216,0.10362779,0.10167904,0.099818274,0.098055005,0.09639864,0.0948586,0.093444325,0.09216528,0.09103087,0.090050526,0.08923368,0.08858976,0.088128224,0.087858476,0.08779734,0.0879483,0.08830102,0.08884497,0.0895698,0.090465024,0.09152018,0.09272492,0.094068766,0.09554126,0.097132005,0.09883055,0.10062648,0.102509364,0.10446874,0.1064942,0.1085753,0.110701635,0.11286271,0.115048125,0.11724747,0.11945028,0.121646166,0.12382464,0.12597527,0.12808767,0.13015142,0.13215598,0.13409103,0.13594608,0.1377107,0.13937448,0.14088531,0.14220434,0.143341,0.14430474,0.14510497,0.1457511,0.14625262,0.14661892,0.14685947,0.14698365,0.14700097,0.14692077,0.14675255,0.14650573,0.14618972
0.15418704,0.15461929,0.15498279,0.15526673,0.15546024,0.15555249,0.15553258,0.1553897,0.15511301,0.15469162,0.15411472,0.15337145,0.15245092,0.1513423,0.15003477,0.14851746,0.14677949,0.1448767,0.14287873,0.1407954,0.13863657,0.13641208,0.13413179,0.13180551,0.12944315,0.12705451,0.124649465,0.12223785,0.119829535,0.11743433,0.115062095,0.112722725,0.11042599,0.1081818,0.10599999,0.1038904,0.101862885,0.099927284,0.098093435,0.09637118,0.094770454,0.09330099,0.09197271,0.090795435,0.08977901,0.088933304,0.08826814,0.08779339,0.087518886,0.08746171,0.08762519,0.08799846,0.08857064,0.08933092,0.09026843,0.09137231,0.092631735,0.09403584,0.09557375,0.09723466,0.09900769,0.10088198,0.102846704,0.10489103,0.10700404,0.109174915,0.11139286,0.11364695,0.11592636,0.118220255,0.12051772,0.122807965,0.12508015,0.12732339,0.12952682,0.13167964,0.13377097,0.13578995,0.13772576,0.13956751,0.14130437,0.14288175,0.14425889,0.14544564,0.14645179,0.1472873,0.14796188,0.1484855,0.14886795,0.14911911,0.14924875,0.1492668,0.1491831,0.14900747,0.14874975,0.14841986
0.15632454,0.15677164,0.15714763,0.15744133,0.1576415,0.1577369,0.15771633,0.15756854,0.15728232,0.15684646,0.1562497,0.15548085,0.15452868,0.15338191,0.1520294,0.15045986,0.14866212,0.14669365,0.14462626,0.14247014,0.14023562,0.13793282,0.13557208,0.13316356,0.13071749,0.12824416,0.12575378,0.12325654,0.120762736,0.118282594,0.115826294,0.113404125,0.111026295,0.10870306,0.10644463,0.10426124,0.10216313,0.10016054,0.09826372,0.09648286,0.0948282,0.09331003,0.0919385,0.090723924,0.08967648,0.08880644,0.088123985,0.087639384,0.087362885,0.08731171,0.08748874,0.08788278,0.08848259,0.08927693,0.090254635,0.09140443,0.09271511,0.09417544,0.09577421,0.09750017,0.09934215,0.10128886,0.10332911,0.10545167,0.10764533,0.109898835,0.11220099,0.11454054,0.11690631,0.11928704,0.12167149,0.12404848,0.12640674,0.1287351,0.13102229,0.13325708,0.1354283,0.13752466,0.139535,0.141448,0.14325258,0.14489166,0.14632267,0.14755584,0.1486014,0.14946957,0.15017055,0.15071465,0.15111203,0.15137301,0.15150777,0.15152651,0.15143953,0.15125701,0.15098923,0.15064643
0.15835439,0.15881424,0.15920097,0.15950304,0.15970895,0.15980706,0.15978591,0.15963387,0.15933953,0.1588912,0.15827744,0.15748662,0.15650725,0.15532781,0.15393668,0.1523224,0.15047334,0.14844841,0.14632116,0.14410219,0.1418021,0.13943145,0.13700081,0.1345208,0.132002,0.12945494,0.12689026,0.12431854,0.12175033,0.11919623,0.11666683,0.11417272,0.111724444,0.10933262,0.10700784,0.10476065,0.10260165,0.10054143,0.09859058,0.09675966,0.09505928,0.09349997,0.09209239,0.09084705,0.0897746,0.08888556,0.088190556,0.08770018,0.08742496,0.087382086,0.08757396,0.08798902,0.08861574,0.08944255,0.090457916,0.09165032,0.09300818,0.09451999,0.09617413,0.097959146,0.09986345,0.10187552,0.10398375,0.10617667,0.10844271,0.11077029,0.113147914,0.115564026,0.11800708,0.12046552,0.122927815,0.12538241,0.12781775,0.13022229,0.13258457,0.13489291,0.13713585,0.13930185,0.1413793,0.14335673,0.14522254,0.1469176,0.14839745,0.1496727,0.15075396,0.15165175,0.15237668,0.15293935,0.15335032,0.1536202,0.15375952,0.15377894,0.15368898,0.15350024,0.15322334,0.15286879
0.16025963,0.1607298,0.16112521,0.16143407,0.16164458,0.1617449,0.16172326,0.16156787,0.16126686,0.16080849,0.16018093,0.1593724,0.15837108,0.15716517,0.15574287,0.15409234,0.15220185,0.15013112,0.14795512,0.14568476,0.14333087,0.14090438,0.13841617,0.13587718,0.13329822,0.13069025,0.1280641,0.12543064,0.122800894,0.12018564,0.117595784,0.11504223,0.11253589,0.11008762,0.107708335,0.10540893,0.103200264,0.10109324,0.09909877,0.097227715,0.09549096,0.09389946,0.09246401,0.09119558,0.09010504,0.08920327,0.088501155,0.0880096,0.0877395,0.087707676,0.08791587,0.08835227,0.089005046,0.08986242,0.09091256,0.09214374,0.093544036,0.09510176,0.09680504,0.09864207,0.1006011,0.102670304,0.10483784,0.107091956,0.10942082,0.111812614,0.114255585,0.11673791,0.11924774,0.12177333,0.12430286,0.12682453,0.12932648,0.13179699,0.13422422,0.13659635,0.1389016,0.14112817,0.14326423,0.14529802,0.14721772,0.14896204,0.15048496,0.1517973,0.15290995,0.15383384,0.15457988,0.15515894,0.15558183,0.15585956,0.15600295,0.1560229,0.15593034,0.15573612,0.15545113,0.15508628
0.16202326,0.16250098,0.16290274,0.16321655,0.16343041,0.16353235,0.16351035,0.16335244,0.16304666,0.16258094,0.16194333,0.16112183,0.16010448,0.15887922,0.15743412,0.15575716,0.15383635,0.15173201,0.14951988,0.14721106,0.14481682,0.14234817,0.13981639,0.13723254,0.1346078,0.13195331,0.12928024,0.12659976,0.12392298,0.121261075,0.11862519,0.11602648,0.1134761,0.11098516,0.10856486,0.106226355,0.10398075,0.1018392,0.09981294,0.09791303,0.09615067,0.09453696,0.09308311,0.09180023,0.090699494,0.089792065,0.08908904,0.08860162,0.08834095,0.08832329,0.08854947,0.089007504,0.0896854,0.09057118,0.09165284,0.092918396,0.094355814,0.09595314,0.09769837,0.09957952,0.10158461,0.103701614,0.105918586,0.10822348,0.11060432,0.11304913,0.115545884,0.11808265,0.120647386,0.12322809,0.12581281,0.12838955,0.13094626,0.13347104,0.13595182,0.13837664,0.14073351,0.14301044,0.14519541,0.1472764,0.14924152,0.15102758,0.1525869,0.15393062,0.1550699,0.15601589,0.15677975,0.15737264,0.15780567,0.15809,0.15823685,0.15825728,0.15816252,0.15796365,0.15767185,0.1572983
0.16362834,0.16411042,0.16451593,0.16483264,0.1650485,0.16515134,0.16512917,0.1649698,0.16466117,0.16419114,0.16354762,0.16271852,0.16169176,0.16045517,0.15899666,0.15730417,0.15536559,0.1532412,0.15100703,0.14867443,0.14625476,0.14375931,0.14119954,0.13858673,0.1359323,0.13324754,0.13054392,0.12783267,0.12512521,0.1224329,0.11976712,0.11713916,0.11456046,0.11204232,0.10959612,0.10723321,0.104964964,0.10280273,0.100757875,0.09884175,0.097065724,0.09544113,0.093979366,0.092691734,0.091589645,0.09068446,0.08998747,0.08951012,0.08926374,0.08926368,0.08950975,0.08998983,0.09069179,0.091603555,0.092713006,0.09400806,0.09547659,0.09710649,0.09888568,0.10080205,0.10284347,0.10499787,0.107253134,0.10959715,0.11201783,0.11450306,0.11704075,0.11961878,0.12222506,0.12484747,0.1274739,0.13009226,0.13269046,0.13525638,0.13777794,0.14024298,0.14263946,0.14495525,0.1471782,0.14929633,0.1512974,0.15311669,0.154705,0.15607376,0.1572342,0.1581978,0.15897587,0.15957978,0.1600209,0.16031054,0.16046011,0.16048092,0.16038437,0.16018182,0.15988459,0.15950407
0.16505781,0.16554089,0.16594717,0.16626453,0.16648082,0.1665839,0.16656166,0.16640197,0.16609271,0.16562174,0.16497691,0.16414614,0.16311729,0.16187817,0.16041674,0.1587208,0.15677828,0.15464896,0.1524084,0.15006807,0.14763956,0.14513431,0.14256385,0.1399397,0.13727336,0.13457634,0.1318601,0.12913622,0.12641616,0.12371145,0.12103357,0.11839411,0.11580447,0.113276206,0.11082081,0.10844984,0.10617475,0.10400704,0.10195829,0.10003991,0.09826348,0.09664049,0.09518242,0.09390082,0.09280716,0.091912985,0.091229774,0.090769045,0.09054229,0.09056371,0.09083176,0.09133424,0.09205909,0.092994176,0.09412734,0.09544649,0.09693946,0.09859416,0.10039842,0.102340154,0.104407184,0.10658745,0.108868726,0.111238964,0.11368604,0.11619777,0.11876205,0.12136681,0.12399983,0.12664902,0.12930226,0.1319474,0.13457236,0.13716495,0.13971308,0.1422046,0.1446274,0.14696936,0.14921834,0.15136218,0.1533888,0.15523192,0.15684107,0.15822771,0.1594034,0.16037962,0.16116789,0.16177969,0.16222659,0.16252005,0.16267154,0.16269265,0.16259484,0.16238962,0.1620885,0.161703
0.16629468,0.16677497,0.1671789,0.1674944,0.16770945,0.16781195,0.16778985,0.16763106,0.16732362,0.16685537,0.16621427,0.1653883,0.1643654,0.16313349,0.16168052,0.1599944,0.15806314,0.15594538,0.15371555,0.15138526,0.14896609,0.14646964,0.14390752,0.1412913,0.13863257,0.13594289,0.13323395,0.13051724,0.12780443,0.12510705,0.122436695,0.11980502,0.11722355,0.114703946,0.11225773,0.10989652,0.107631914,0.105475515,0.10343888,0.10153361,0.09977135,0.09816362,0.09672206,0.09545822,0.09438373,0.093510196,0.09284917,0.092412226,0.09221102,0.09225813,0.09255043,0.09307583,0.09382227,0.09477773,0.09593016,0.09726745,0.09877759,0.10044849,0.10226811,0.104224384,0.10630525,0.10849867,0.11079256,0.113174886,0.115633555,0.11815654,0.12073181,0.12334723,0.12599081,0.12865046,0.13131413,0.13396975,0.13660528,0.13920867,0.14176784,0.1442707,0.14670527,0.14905949,0.15132123,0.15347843,0.15551913,0.15737577,0.15899675,0.16039361,0.16157788,0.16256128,0.16335538,0.16397168,0.16442184,0.16471742,0.16487005,0.16489132,0.16479278,0.16458607,0.16428274,0.16389439
0.16732197,0.16779537,0.1681935,0.16850448,0.16871639,0.16881743,0.16879565,0.16863917,0.16833611,0.16787462,0.16724275,0.16642867,0.16542047,0.1642063,0.16277422,0.1611124,0.15920891,0.15712067,0.15492025,0.1526192,0.15022923,0.1477618,0.1452287,0.14264138,0.14001149,0.13735066,0.1346705,0.1319826,0.12929855,0.12662996,0.12398852,0.12138571,0.11883321,0.116342604,0.11392554,0.11159356,0.109358296,0.10723139,0.10522438,0.10334895,0.10161664,0.1000391,0.098627925,0.097394705,0.09635107,0.0955086,0.09487893,0.09447367,0.09430438,0.09438176,0.094700776,0.095249586,0.09601624,0.0969889,0.09815568,0.09950471,0.10102406,0.10270184,0.10452622,0.10648531,0.10856719,0.11075996,0.11305182,0.1154308,0.11788505,0.12040268,0.12297181,0.12558058,0.12821704,0.13086939,0.13352565,0.13617402,0.13880257,0.14139944,0.14395274,0.14645056,0.14888106,0.15123232,0.15349245,0.15564956,0.15769184,0.15955082,0.16117385,0.16257243,0.16375823,0.16474284,0.16553791,0.16615501,0.16660571,0.16690168,0.1670545,0.16707578,0.16697711,0.16677013,0.16646644,0.16607761
0.16812271,0.16858475,0.16897334,0.16927685,0.1694837,0.16958228,0.16956104,0.16940832,0.16911253,0.16866209,0.1680454,0.16725084,0.16626684,0.16508178,0.16368407,0.1620621,0.16020428,0.15816502,0.15601417,0.15376323,0.15142378,0.14900737,0.14652553,0.1439898,0.14141178,0.13880295,0.13617483,0.13353908,0.13090715,0.12829064,0.12570104,0.12314992,0.12064882,0.11820934,0.11584297,0.11356124,0.11137575,0.10929798,0.10733954,0.10551195,0.103826754,0.1022955,0.10092972,0.099740975,0.098740794,0.09794076,0.09735237,0.09698719,0.09685679,0.0969694,0.097317874,0.097890586,0.09867593,0.09966235,0.100838214,0.10219197,0.10371195,0.10538659,0.10720429,0.109153464,0.11122247,0.11339975,0.11567369,0.118032694,0.120465145,0.12295948,0.12550408,0.12808731,0.13069764,0.13332343,0.13595305,0.138575,0.14117758,0.14374924,0.14627835,0.14875336,0.15116261,0.15349455,0.15573755,0.15788004,0.1599104,0.1617596,0.16337405,0.16476525,0.16594481,0.16692425,0.16771513,0.16832896,0.1687773,0.1690717,0.16922371,0.1692449,0.16914675,0.16894089,0.16863875,0.16825199
0.16867992,0.16912583,0.16950084,0.16979373,0.16999337,0.17008853,0.170068,0.16992061,0.16963515,0.16920045,0.16860528,0.16783848,0.16688883,0.16574518,0.16439629,0.16283092,0.16103801,0.15906861,0.15698901,0.15481052,0.15254466,0.1502028,0.14779627,0.14533655,0.14283499,0.14030306,0.13775212,0.13519359,0.13263881,0.13009927,0.12758635,0.12511142,0.12268591,0.12032121,0.11802873,0.11581986,0.11370604,0.11169864,0.10980905,0.10804871,0.10642901,0.10496135,0.10365711,0.10252777,0.101584636,0.10083917,0.10030274,0.09998676,0.099902675,0.10005585,0.100436635,0.10103383,0.10183627,0.102832735,0.10401204,0.105363,0.10687439,0.108535044,0.11033378,0.11225937,0.11430062,0.11644636,0.11868537,0.12100651,0.12339852,0.12585023,0.12835045,0.13088799,0.13345164,0.13603024,0.13861252,0.14118737,0.14374359,0.14626992,0.14875521,0.1511883,0.15355793,0.1558529,0.15806209,0.1601742,0.16217817,0.16400455,0.1655991,0.16697314,0.16813813,0.16910549,0.1698866,0.17049286,0.1709357,0.17122646,0.1713766,0.1713975,0.17130056,0.17109722,0.17079885,0.17041682
0.16897658,0.16940121,0.16975835,0.1700373,0.17022744,0.17031805,0.1702985,0.17015812,0.16988629,0.16947228,0.16890547,0.16817522,0.16727084,0.16618165,0.16489702,0.16340628,0.16169877,0.15982161,0.15783642,0.15575437,0.1535867,0.15134452,0.14903902,0.1466814,0.14428279,0.14185436,0.13940735,0.13695289,0.13450213,0.13206628,0.1296565,0.12728393,0.124959856,0.12269533,0.120501556,0.118389726,0.116371036,0.1144566,0.112657644,0.110985294,0.10945079,0.10806525,0.10683987,0.10578581,0.10491424,0.10423636,0.10376332,0.103506304,0.103476465,0.10367591,0.104092106,0.104714416,0.10553221,0.10653475,0.107711405,0.10905155,0.11054451,0.11217958,0.11394616,0.115833566,0.11783114,0.11992819,0.122114085,0.12437819,0.1267098,0.12909824,0.13153288,0.13400307,0.13649814,0.13900742,0.14152023,0.14402597,0.14651395,0.14897348,0.1513939,0.15376459,0.15607488,0.1583141,0.16047156,0.16253662,0.16449866,0.1662883,0.1678507,0.1691971,0.17033868,0.17128657,0.17205194,0.17264602,0.17307991,0.1733648,0.17351194,0.17353241,0.17343746,0.1732382,0.17294581,0.17257151
0.16899566,0.16939361,0.16972831,0.16998973,0.17016791,0.17025284,0.17023452,0.17010298,0.1698482,0.16946022,0.16892906,0.16824469,0.16739714,0.16637643,0.16517253,0.16377552,0.16217533,0.16041417,0.15854813,0.15658802,0.15454476,0.15242913,0.15025201,0.14802425,0.14575669,0.14346023,0.14114566,0.13882388,0.13650565,0.13420194,0.13192354,0.12968132,0.12748614,0.1253488,0.123280205,0.12129116,0.119392544,0.11759524,0.11591006,0.11434784,0.112919465,0.11163575,0.11050761,0.10954585,0.108761325,0.10816487,0.10776737,0.107579656,0.107612595,0.10786438,0.10831929,0.10896737,0.10979862,0.11080304,0.11197062,0.11329139,0.114755385,0.11635258,0.118073,0.11990665,0.121843524,0.12387363,0.12598702,0.12817368,0.13042359,0.1327268,0.1350733,0.13745311,0.1398562,0.14227265,0.1446924,0.14710552,0.14950196,0.1518718,0.15420496,0.15649152,0.15872146,0.1608848,0.16297154,0.1649717,0.16687529,0.16861331,0.17013067,0.17143825,0.17254688,0.17346746,0.17421076,0.1747877,0.1752091,0.1754858,0.17562869,0.17564856,0.17555633,0.17536283,0.17507887,0.17471537
0.16872025,0.16908574,0.16939314,0.16963321,0.16979682,0.16987485,0.169858,0.16973722,0.16950323,0.16914691,0.16865908,0.16803055,0.16725215,0.16631472,0.16520904,0.16392599,0.1624564,0.16083652,0.15911582,0.15730475,0.1554137,0.1534531,0.15143338,0.14936501,0.14725839,0.14512394,0.1429721,0.14081334,0.13865803,0.13651663,0.13439955,0.13231727,0.13028018,0.12829874,0.12638333,0.12454444,0.12279244,0.12113783,0.11959098,0.11816236,0.116862364,0.115701474,0.11469007,0.11383862,0.113157526,0.112657234,0.11234818,0.11224079,0.11234549,0.11265606,0.113153175,0.11382771,0.11467047,0.11567225,0.11682391,0.118116274,0.119540125,0.12108637,0.122745715,0.12450908,0.12636727,0.1283111,0.13033135,0.13241895,0.1345646,0.13675922,0.1389936,0.14125857,0.14354494,0.14584355,0.14814523,0.15044078,0.15272102,0.1549768,0.15719895,0.15937825,0.16150558,0.16357175,0.16556758,0.16748385,0.16931145,0.17098211,0.17244071,0.17369759,0.17476328,0.17564814,0.17636266,0.17691724,0.1773223,0.1775883,0.17772561,0.17774475,0.17765608,0.17747007,0.17719711,0.17684771
0.16813327,0.16846019,0.16873513,0.16894989,0.16909623,0.169166,0.16915096,0.16904289,0.16883361,0.16851492,0.1680786,0.16751641,0.16682017,0.16598168,0.16499273,0.16384514,0.16253066,0.16107881,0.15953122,0.15789774,0.15618834,0.15441293,0.15258133,0.15070352,0.14878942,0.14684884,0.1448918,0.14292812,0.14096777,0.1390206,0.13709658,0.13520558,0.13335748,0.13156225,0.12982969,0.12816985,0.12659253,0.12510765,0.12372516,0.12245494,0.12130688,0.120290905,0.11941694,0.11869485,0.11813456,0.11774598,0.11753903,0.11752358,0.11770957,0.11808575,0.118628785,0.119330496,0.120182686,0.12117713,0.12230558,0.12355994,0.12493187,0.12641326,0.12799586,0.12967145,0.13143188,0.13326891,0.13517432,0.13713992,0.13915747,0.1412188,0.14331572,0.14543997,0.14758338,0.14973772,0.15189481,0.15404645,0.15618439,0.15830041,0.16038638,0.16243406,0.16443521,0.16638164,0.16826518,0.17007758,0.17181063,0.17339726,0.17478247,0.17597619,0.17698826,0.17782864,0.17850724,0.1790339,0.1794186,0.17967118,0.17980163,0.17981978,0.17973559,0.17955895,0.17929971,0.17896785
0.16721782,0.1674997,0.16773675,0.16792192,0.16804814,0.16810827,0.16809532,0.16800214,0.1678217,0.16754688,0.16717064,0.16668591,0.16608559,0.16536258,0.16450985,0.1635203,0.16238686,0.16113123,0.15978594,0.15836033,0.15686363,0.15530509,0.15369403,0.1520397,0.15035139,0.14863831,0.1469098,0.14517511,0.14344352,0.14172427,0.14002667,0.13835998,0.13673346,0.1351564,0.13363804,0.13218766,0.1308146,0.12952805,0.12833732,0.12725165,0.12628035,0.12543269,0.124717906,0.12414529,0.12372412,0.12346366,0.123373196,0.12346197,0.12373927,0.124188244,0.12478111,0.12551078,0.12637019,0.12735228,0.12844995,0.12965612,0.1309637,0.13236564,0.13385488,0.13542433,0.13706689,0.13877547,0.14054304,0.14236253,0.14422682,0.14612885,0.14806154,0.1500178,0.1519906,0.15397285,0.15595745,0.1579373,0.15990537,0.1618546,0.16377786,0.16566809,0.16751823,0.16932118,0.1710699,0.17275727,0.17437623,0.17586128,0.1771578,0.17827505,0.17922235,0.1800089,0.18064404,0.18113701,0.18149707,0.18173347,0.18185556,0.18187258,0.18179376,0.18162839,0.18138582,0.1810752
0.16595684,0.16618691,0.1663804,0.16653156,0.16663456,0.16668366,0.16667305,0.16659701,0.16644974,0.16622542,0.16591834,0.16552268,0.16503268,0.16444257,0.16374657,0.16293886,0.16201375,0.16098395,0.15987177,0.15868573,0.15743433,0.15612614,0.15476964,0.1533734,0.15194589,0.15049565,0.1490312,0.1475611,0.14609382,0.14463791,0.14320187,0.14179425,0.14042357,0.13909832,0.13782705,0.13661829,0.13548052,0.13442232,0.13345216,0.13257861,0.13181016,0.13115533,0.13062266,0.13022065,0.12995784,0.12984276,0.12988392,0.13008982,0.13046904,0.13099837,0.13164516,0.1324036,0.13326794,0.13423242,0.1352912,0.13643856,0.13766873,0.1389759,0.14035432,0.14179818,0.14330173,0.1448592,0.14646478,0.14811276,0.14979729,0.15151265,0.153253,0.15501264,0.15678573,0.15856653,0.16034926,0.16212814,0.1638974,0.16565125,0.16738392,0.16908962,0.17076261,0.1723971,0.17398728,0.17552742,0.17701173,0.1783767,0.1795684,0.18059532,0.18146601,0.18218897,0.18277274,0.18322586,0.1835568,0.1837741,0.18388632,0.18390195,0.18382949,0.18367752,0.18345453,0.18316904
0.1644276,0.16460225,0.16474913,0.16486388,0.16494212,0.16497937,0.16497135,0.1649136,0.16480179,0.16463149,0.16439837,0.16409798,0.16372599,0.16327798,0.16274956,0.16213638,0.16143402,0.16064584,0.15978318,0.15885378,0.15786532,0.15682547,0.15574199,0.15462257,0.15347491,0.15230666,0.15112562,0.14993943,0.14875582,0.14758249,0.14642707,0.1452974,0.1442011,0.14314586,0.1421394,0.14118944,0.14030369,0.13948981,0.13875557,0.13810857,0.13755663,0.13710736,0.13676855,0.13654782,0.13645293,0.13649152,0.13667133,0.13700011,0.1374855,0.13809784,0.13879932,0.1395856,0.14045227,0.14139493,0.14240922,0.14349075,0.14463516,0.14583796,0.14709494,0.14840154,0.14975348,0.15114637,0.15257579,0.15403739,0.15552673,0.15703943,0.15857115,0.16011752,0.1616741,0.16323654,0.16480044,0.16636138,0.16791505,0.16945702,0.17098291,0.17248835,0.17396893,0.17542024,0.17683797,0.1782177,0.179555,0.18078879,0.18186598,0.1827942,0.18358119,0.18423468,0.18476234,0.1851719,0.18547104,0.18566746,0.18576889,0.185783,0.18571754,0.18558015,0.1853786,0.18512055
0.1627243,0.16284339,0.16294354,0.16302176,0.16307507,0.16310048,0.16309501,0.16305564,0.16297941,0.16286333,0.1627044,0.16249962,0.16224599,0.16194059,0.16158034,0.16116232,0.16068354,0.16013786,0.15952583,0.15885426,0.15813012,0.15736023,0.15655138,0.1557105,0.15484448,0.15396014,0.15306434,0.15216397,0.1512659,0.15037696,0.14950407,0.14865404,0.14783376,0.14705011,0.14630991,0.14562011,0.14498748,0.14441893,0.14392133,0.1435015,0.14316638,0.14292277,0.14277756,0.14273763,0.14280984,0.143001,0.14331803,0.14376782,0.1443572,0.14505005,0.14580366,0.14661506,0.14748129,0.14839937,0.1493662,0.15037893,0.15143448,0.1525299,0.15366219,0.15482832,0.1560254,0.15725036,0.15850022,0.15977201,0.16106275,0.16236942,0.16368903,0.16501863,0.1663552,0.16769575,0.1690373,0.17037684,0.17171144,0.17303802,0.17435366,0.17565532,0.17694008,0.17820491,0.17944679,0.1806628,0.18184987,0.18294947,0.18390943,0.18473665,0.18543804,0.18602046,0.18649071,0.18685572,0.1871223,0.18729736,0.18738772,0.18740033,0.18734197,0.18721953,0.1870399,0.18680993
0.16085558,0.16091889,0.16097212,0.16101371,0.16104202,0.16105552,0.16105263,0.16103177,0.16099118,0.16092949,0.16084501,0.16073611,0.16060129,0.16043893,0.16024743,0.16002522,0.15977065,0.15946838,0.15910797,0.15869558,0.15823703,0.15773848,0.15720585,0.15664515,0.15606247,0.15546376,0.15485498,0.15424225,0.15363152,0.15302879,0.15244006,0.15187137,0.15132874,0.15081817,0.1503456,0.14991716,0.14953876,0.14921646,0.14895624,0.14876412,0.14864612,0.14860824,0.14865647,0.14879686,0.14903541,0.14937808,0.14983095,0.15039997,0.15109119,0.15186217,0.15266548,0.15349954,0.1543627,0.15525344,0.1561701,0.15711117,0.15807499,0.15906002,0.16006461,0.16108724,0.16212632,0.16318017,0.16424729,0.16532609,0.16641493,0.16751228,0.16861644,0.16972598,0.17083922,0.17195453,0.17307039,0.1741852,0.17529736,0.17640525,0.17750737,0.17860204,0.17968772,0.1807628,0.18182568,0.1828748,0.18390857,0.184871,0.18571126,0.18643537,0.18704928,0.18755904,0.18797065,0.18829015,0.18852349,0.18867676,0.18875583,0.18876685,0.1887158,0.1886086,0.1884514,0.18825008
0.15882994,0.15883729,0.15884349,0.15884833,0.15885161,0.1588532,0.15885286,0.15885042,0.15884572,0.15883853,0.1588287,0.15881605,0.1588004,0.1587815,0.15875924,0.1587334,0.15870379,0.15864573,0.15853801,0.15838577,0.15819417,0.15796834,0.15771337,0.15743443,0.15713672,0.15682527,0.15650527,0.15618186,0.15586014,0.15554526,0.1552424,0.15495664,0.15469313,0.15445705,0.15425344,0.15408748,0.15396439,0.15388916,0.15386707,0.15390313,0.15400256,0.15417048,0.154412,0.15473226,0.15513645,0.1556296,0.15621693,0.15690356,0.15769461,0.15854153,0.15939221,0.16024648,0.16110411,0.16196497,0.16282883,0.1636955,0.16456483,0.16543667,0.16631073,0.16718692,0.16806503,0.16894482,0.1698262,0.1707089,0.17159277,0.17247765,0.17336331,0.17424959,0.17513631,0.17602326,0.17691028,0.17779715,0.17868377,0.17956986,0.18045528,0.18133985,0.18222336,0.18310563,0.18398649,0.18486576,0.18574324,0.18656582,0.18728396,0.18790284,0.18842755,0.18886326,0.18921506,0.18948811,0.1896876,0.18981853,0.18988617,0.18989557,0.18985194,0.18976031,0.18962595,0.18945387
0.15665595,0.15660721,0.1565662,0.15653418,0.15651238,0.15650198,0.15650423,0.1565203,0.15655152,0.15659904,0.15666412,0.15674795,0.15685174,0.15697679,0.15712427,0.15729539,0.15749136,0.15767829,0.15782414,0.15793319,0.1580097,0.1580579,0.15808201,0.15808633,0.15807505,0.15805247,0.15802284,0.15799034,0.15795927,0.15793383,0.15791832,0.15791696,0.15793402,0.15797375,0.15804034,0.15813802,0.15827116,0.15844394,0.15866059,0.15892535,0.15924248,0.15961622,0.16005085,0.16055061,0.16111968,0.1617624,0.16248296,0.1632856,0.1641746,0.16509533,0.1659912,0.1668634,0.16771314,0.1685417,0.16935025,0.17014007,0.17091231,0.17166825,0.17240912,0.17313609,0.1738504,0.17455332,0.17524604,0.17592977,0.17660579,0.17727523,0.1779394,0.17859946,0.17925672,0.1799123,0.1805675,0.1812235,0.18188153,0.18254283,0.18320861,0.18388015,0.18455857,0.18524517,0.18594116,0.18664771,0.18736614,0.18804629,0.1886401,0.18915178,0.18958566,0.18994589,0.19023679,0.19046257,0.19062744,0.19073573,0.19079165,0.19079944,0.19076332,0.19068761,0.19057648,0.19043422
0.15434219,0.1542372,0.15414889,0.1540799,0.15403289,0.15401049,0.15401533,0.15405004,0.15411724,0.15421961,0.15435974,0.15454033,0.15476395,0.15503332,0.15535094,0.15571955,0.15614176,0.15657438,0.1569747,0.15734605,0.15769179,0.15801524,0.15831976,0.1586087,0.15888536,0.1591531,0.15941529,0.15967527,0.15993634,0.16020186,0.1604752,0.16075966,0.16105859,0.16137536,0.1617133,0.16207577,0.16246603,0.16288756,0.16334356,0.16383743,0.16437256,0.16495222,0.1655798,0.1662586,0.166992,0.16778333,0.1686359,0.1695531,0.17053826,0.17153081,0.1724698,0.1733578,0.17419745,0.17499143,0.17574233,0.17645288,0.17712559,0.17776313,0.17836824,0.17894341,0.17949134,0.18001468,0.18051603,0.1809981,0.18146345,0.18191472,0.18235461,0.18278569,0.18321061,0.18363202,0.18405257,0.18447484,0.18490157,0.18533526,0.18577863,0.18623431,0.18670495,0.18719314,0.18770155,0.18823275,0.18878952,0.18932475,0.1897921,0.19019479,0.19053622,0.19081971,0.19104864,0.1912263,0.19135612,0.19144131,0.19148532,0.19149145,0.19146305,0.19140343,0.191316,0.19120404
0.15189719,0.1517358,0.15160006,0.15149401,0.15142176,0.15138732,0.15139477,0.15144813,0.15155143,0.15170877,0.15192424,0.15220179,0.15254553,0.1529595,0.15344778,0.15401436,0.15466337,0.1553424,0.155998,0.15663259,0.15724862,0.15784849,0.15843463,0.15900949,0.15957542,0.16013491,0.16069038,0.16124421,0.16179882,0.16235673,0.16292024,0.16349185,0.16407396,0.16466898,0.16527934,0.1659075,0.16655582,0.16722676,0.16792274,0.16864619,0.16939951,0.17018515,0.17100556,0.17186303,0.17276011,0.17369923,0.17468275,0.17571309,0.17679271,0.17785522,0.17883539,0.1797372,0.18056466,0.18132195,0.18201305,0.18264201,0.18321288,0.18372971,0.1841966,0.18461753,0.18499665,0.18533792,0.18564539,0.1859232,0.18617532,0.18640582,0.18661879,0.18681823,0.18700822,0.18719283,0.18737602,0.18756196,0.18775465,0.18795815,0.1881765,0.18841378,0.18867399,0.18896124,0.18927956,0.18963295,0.19002555,0.19041364,0.19075246,0.19104443,0.19129196,0.19149755,0.19166349,0.19179234,0.19188638,0.1919482,0.19198011,0.19198455,0.19196394,0.19192074,0.19185735,0.19177619
0.14932954,0.14911158,0.14892831,0.14878513,0.14868757,0.14864108,0.1486511,0.14872313,0.14886265,0.14907515,0.149366,0.14974079,0.15020494,0.15076391,0.15142323,0.1521883,0.15306461,0.15399069,0.15490232,0.15580103,0.15668836,0.15756571,0.15843466,0.15929662,0.1601531,0.16100563,0.16185568,0.16270474,0.16355425,0.16440578,0.16526079,0.16612074,0.16698718,0.16786157,0.1687454,0.16964015,0.17054734,0.17146847,0.17240494,0.17335832,0.1743301,0.17532177,0.17633478,0.17737067,0.17843089,0.17951697,0.18063037,0.1817726,0.18294512,0.18407588,0.18509533,0.18600902,0.18682243,0.18754098,0.18817021,0.18871552,0.18918239,0.18957636,0.18990281,0.19016728,0.19037513,0.190532,0.19064325,0.19071436,0.19075084,0.19075815,0.19074173,0.19070709,0.19065967,0.19060497,0.19054843,0.19049555,0.19045177,0.19042261,0.19041349,0.1904299,0.1904773,0.1905612,0.19068706,0.19086033,0.19108644,0.19132523,0.19153368,0.1917133,0.19186561,0.19199207,0.19209419,0.19217345,0.19223133,0.19226934,0.192289,0.19229172,0.19227904,0.19225246,0.19221346,0.1921635
0.14664778,0.14637317,0.14614224,0.14596185,0.14583892,0.14578034,0.14579298,0.14588371,0.14605951,0.14632721,0.14669372,0.14716594,0.14775075,0.14845508,0.14928573,0.15024972,0.15135385,0.15252753,0.15369597,0.15485969,0.1560192,0.15717505,0.1583278,0.15947804,0.16062626,0.16177301,0.1629189,0.16406436,0.16521005,0.16635644,0.1675041,0.1686536,0.16980547,0.17096023,0.17211846,0.17328072,0.17444748,0.17561935,0.1767969,0.1779806,0.17917104,0.18036877,0.18157431,0.18278822,0.18401107,0.1852434,0.1864857,0.18773857,0.18900256,0.19019985,0.19125703,0.19218093,0.19297838,0.19365638,0.19422176,0.1946815,0.1950424,0.19531135,0.19549529,0.19560112,0.19563572,0.19560596,0.19551875,0.19538102,0.19519961,0.19498141,0.19473335,0.19446236,0.19417521,0.19387892,0.19358034,0.1932863,0.19300377,0.19273964,0.19250078,0.19229409,0.19212645,0.19200478,0.19193596,0.1919269,0.19198447,0.19207191,0.19214827,0.1922141,0.19226985,0.19231616,0.19235358,0.1923826,0.19240382,0.19241773,0.19242497,0.19242594,0.1924213,0.19241154,0.19239727,0.19237895
0.14386046,0.14352909,0.14325039,0.14303271,0.14288433,0.14281365,0.1428289,0.14293844,0.14315057,0.14347361,0.1439159,0.14448574,0.14519148,0.14604141,0.14704385,0.14820708,0.14953952,0.15096141,0.15238728,0.15381667,0.15524921,0.15668453,0.15812212,0.15956168,0.1610027,0.16244483,0.16388762,0.16533072,0.16677365,0.16821605,0.16965748,0.17109759,0.17253588,0.17397198,0.17540549,0.176836,0.17826308,0.17968635,0.18110538,0.18251973,0.18392906,0.18533286,0.18673085,0.18812253,0.18950748,0.19088534,0.19225568,0.19361809,0.19497216,0.19623458,0.19732781,0.19826025,0.19904013,0.19967587,0.20017572,0.200548,0.20080106,0.20094313,0.20098266,0.20092791,0.2007872,0.20056884,0.20028113,0.19993243,0.19953105,0.19908531,0.19860351,0.19809398,0.19756505,0.19702502,0.19648221,0.19594495,0.19542156,0.19492032,0.19444963,0.19401775,0.193633,0.19330373,0.19303821,0.19284482,0.19273183,0.19266611,0.19260876,0.19255933,0.1925174,0.19248259,0.1924545,0.19243269,0.19241679,0.19240634,0.1924009,0.19240019,0.19240364,0.19241096,0.19242169,0.19243541
0.14097613,0.14058788,0.14026135,0.1400063,0.13983248,0.13974963,0.1397675,0.13989584,0.14014438,0.1405229,0.14104111,0.14170876,0.14253563,0.14353141,0.14470594,0.14606884,0.14763,0.14930058,0.1509845,0.15268032,0.15438671,0.15610228,0.15782563,0.15955544,0.16129027,0.1630288,0.16476962,0.16651134,0.16825259,0.16999204,0.17172825,0.17345989,0.17518555,0.17690387,0.17861348,0.18031298,0.182001,0.18367617,0.18533711,0.18698248,0.18861084,0.19022083,0.1918111,0.19338022,0.19492687,0.19644967,0.1979472,0.19941811,0.20086104,0.20218714,0.2033151,0.20425458,0.20501538,0.20560724,0.20603989,0.20632309,0.20646656,0.20648013,0.20637342,0.20615631,0.2058384,0.20542958,0.20493953,0.20437801,0.20375474,0.20307949,0.202362,0.20161207,0.20083933,0.20005363,0.19926466,0.1984822,0.19771598,0.19697577,0.1962713,0.19561227,0.1950085,0.19446972,0.19400564,0.19362606,0.19334069,0.19312012,0.19292758,0.19276167,0.19262096,0.19250415,0.19240984,0.19233663,0.19228315,0.19224805,0.19222993,0.19222741,0.19223906,0.19226365,0.19229968,0.1923458
0.13800338,0.13755816,0.1371837,0.13689125,0.1366919,0.13659689,0.13661738,0.13676456,0.13704959,0.13748364,0.13807788,0.13884354,0.13979171,0.14093369,0.14228053,0.14384347,0.1456337,0.14755343,0.14949594,0.15145884,0.15343976,0.15543637,0.15744635,0.15946727,0.16149683,0.16353272,0.16557243,0.16761379,0.16965434,0.17169176,0.17372368,0.17574778,0.17776167,0.17976297,0.18174937,0.18371855,0.18566811,0.18759568,0.18949896,0.19137555,0.19322313,0.19503933,0.19682178,0.19856817,0.20027606,0.20194322,0.20356719,0.2051457,0.20667633,0.2080649,0.2092262,0.2101714,0.21091168,0.21145822,0.21182224,0.21201481,0.2120472,0.2119306,0.21167609,0.21129492,0.21079825,0.21019727,0.20950313,0.20872706,0.20788015,0.20697367,0.20601872,0.20502654,0.20400827,0.20297511,0.20193823,0.20090877,0.19989794,0.19891694,0.1979769,0.19708905,0.19626452,0.19551452,0.19485018,0.19428274,0.19382332,0.19344637,0.1931173,0.19283372,0.19259326,0.19239362,0.19223239,0.19210725,0.19201587,0.19195588,0.19192487,0.19192055,0.19194056,0.19198252,0.19204412,0.19212297
0.13495076,0.13444845,0.13402602,0.13369606,0.1334712,0.13336402,0.13338713,0.13355315,0.13387471,0.1343644,0.1350348,0.13589858,0.1369683,0.13825661,0.13977608,0.14153937,0.14355901,0.14572832,0.14792992,0.15016043,0.15241656,0.15469493,0.15699224,0.15930511,0.16163023,0.16396424,0.16630383,0.16864565,0.17098634,0.17332259,0.17565104,0.17796838,0.18027124,0.18255629,0.1848202,0.18705964,0.18927124,0.1914517,0.19359764,0.19570576,0.19777267,0.19979513,0.20176966,0.20369303,0.20556188,0.20737286,0.20912261,0.21080782,0.21242517,0.21387503,0.21506853,0.21601821,0.21673672,0.21723664,0.21753062,0.21763128,0.21755116,0.21730293,0.21689916,0.21635251,0.21567552,0.21488085,0.2139811,0.21298891,0.2119168,0.2107775,0.20958349,0.2083475,0.2070821,0.20579985,0.2045134,0.20323536,0.20197834,0.20075496,0.1995778,0.19845948,0.19741264,0.19644985,0.1955837,0.19482686,0.19419193,0.19365717,0.19319035,0.19278803,0.19244693,0.19216372,0.19193503,0.19175753,0.1916279,0.19154274,0.19149879,0.19149268,0.19152105,0.1915806,0.19166793,0.1917798
0.1318268,0.13126738,0.13079688,0.13042936,0.13017893,0.13005954,0.1300853,0.13027021,0.13062835,0.13117374,0.13192043,0.13288245,0.13407385,0.13550872,0.13720106,0.1391649,0.14141433,0.14383358,0.14629473,0.14879341,0.1513253,0.15388606,0.15647134,0.1590769,0.1616983,0.16433123,0.16697139,0.16961445,0.1722561,0.17489192,0.17751765,0.18012895,0.18272148,0.18529092,0.18783289,0.1903431,0.19281727,0.19525096,0.1976399,0.19997975,0.20226619,0.20449488,0.20666146,0.20876165,0.21079107,0.2127454,0.21462034,0.21641153,0.21811466,0.21962482,0.22084944,0.2218025,0.2224981,0.2229503,0.22317305,0.22318049,0.22298665,0.22260553,0.22205117,0.2213377,0.22047906,0.21948937,0.21838264,0.21717289,0.21587422,0.21450064,0.21306619,0.21158491,0.21007094,0.20853819,0.20700073,0.20547268,0.20396803,0.20250085,0.20108514,0.19973494,0.19846436,0.19728738,0.1962181,0.19527054,0.19445872,0.19376495,0.19315925,0.19263731,0.1921948,0.19182731,0.19153062,0.19130032,0.1911321,0.19102164,0.19096461,0.19095667,0.19099352,0.19107074,0.19118409,0.19132918
0.1286401,0.12802343,0.12750486,0.12709978,0.12682372,0.12669213,0.1267205,0.12692435,0.12731908,0.12792024,0.12874329,0.12980369,0.13111696,0.13269857,0.13456395,0.13672863,0.13920806,0.14187762,0.1445987,0.14736597,0.1501741,0.1530178,0.15589172,0.15879051,0.16170883,0.1646414,0.16758282,0.17052782,0.17347103,0.17640714,0.17933077,0.18223669,0.1851195,0.18797383,0.19079442,0.19357592,0.19631302,0.19900031,0.20163253,0.20420434,0.2067104,0.20914535,0.21150388,0.21378069,0.21597041,0.21806775,0.2200673,0.22196381,0.2237519,0.22532147,0.22657625,0.22753182,0.2282035,0.2286069,0.22875741,0.22867061,0.22836187,0.22784677,0.22714071,0.22625923,0.22521779,0.22403185,0.2227169,0.2212884,0.21976188,0.21815284,0.21647666,0.21474892,0.21298504,0.2112005,0.20941085,0.20763145,0.20587792,0.20416562,0.2025101,0.20092687,0.19943132,0.19803895,0.1967653,0.19562578,0.19463591,0.19378203,0.19303654,0.19239411,0.19184943,0.19139719,0.19103196,0.19074851,0.19054148,0.19040553,0.19033532,0.19032556,0.19037089,0.19046596,0.19060546,0.19078404
0.12539916,0.12472527,0.12415853,0.12371582,0.1234141,0.12327032,0.12330134,0.12352407,0.12395549,0.12461248,0.12551194,0.12667084,0.12810607,0.12983453,0.13187318,0.1342389,0.1369486,0.1398687,0.14285004,0.14588632,0.1489712,0.15209831,0.15526132,0.15845391,0.16166973,0.16490245,0.16814573,0.17139325,0.17463866,0.1778756,0.18109775,0.18429878,0.18747236,0.19061214,0.19371182,0.19676498,0.19976534,0.20270656,0.20558232,0.20838624,0.21111198,0.2137533,0.21630374,0.21875697,0.22110678,0.22334673,0.22547044,0.2274717,0.22934406,0.23097229,0.23225646,0.23321362,0.23386057,0.23421425,0.23429167,0.23410961,0.23368509,0.23303503,0.23217621,0.23112571,0.22990042,0.2285172,0.22699307,0.22534473,0.22358932,0.2217437,0.21982473,0.21784936,0.21583456,0.21379715,0.21175414,0.20972241,0.20771885,0.20576045,0.20386401,0.20204657,0.200325,0.19871618,0.19723712,0.19590467,0.19473574,0.19372076,0.19283465,0.19207105,0.19142361,0.19088605,0.19045195,0.19011502,0.18986894,0.18970737,0.1896239,0.1896123,0.18966615,0.18977918,0.18994497,0.19015728
0.1221126,0.12138139,0.120766446,0.12028609,0.119958736,0.11980269,0.11983635,0.12007803,0.12054614,0.121259004,0.12223497,0.12349245,0.12504974,0.12692523,0.12913725,0.13170414,0.13464434,0.13781524,0.14105716,0.14436278,0.1477247,0.15113562,0.1545882,0.15807502,0.1615888,0.16512218,0.16866782,0.17221832,0.17576642,0.17930469,0.18282582,0.18632247,0.18978725,0.19321288,0.19659197,0.19991715,0.20318113,0.2063765,0.20949598,0.21253213,0.21547773,0.21832535,0.22106764,0.22369723,0.22620685,0.2285891,0.23083664,0.23294215,0.23489824,0.23658441,0.23789737,0.23885539,0.23947689,0.23978019,0.23978361,0.2395056,0.23896444,0.23817857,0.23716629,0.23594594,0.23453593,0.23295453,0.23122023,0.22935128,0.22736603,0.22528291,0.22312023,0.22089636,0.21862967,0.21633855,0.21404125,0.2117562,0.20950174,0.20729628,0.20515805,0.20310554,0.20115705,0.19933091,0.19764555,0.19611923,0.1947704,0.19359356,0.19256613,0.19168074,0.19093005,0.19030674,0.18980339,0.18941277,0.1891274,0.18894006,0.18884331,0.18882984,0.18889229,0.18902333,0.18921559,0.18946177
0.11878899,0.11800037,0.11733719,0.11681917,0.116466135,0.11629784,0.11633416,0.11659481,0.117099635,0.11786841,0.11892097,0.120277055,0.1219565,0.12397907,0.12636459,0.12913288,0.1323037,0.13572562,0.13922831,0.14280349,0.14644283,0.15013787,0.15388031,0.1576618,0.16147393,0.16530836,0.16915672,0.17301065,0.17686182,0.18070179,0.1845223,0.18831491,0.19207132,0.19578308,0.19944187,0.20303941,0.2065672,0.21001695,0.21338034,0.21664889,0.21981432,0.22286831,0.22580238,0.22860824,0.23127754,0.23380184,0.23617287,0.2383822,0.24042156,0.2421652,0.24350628,0.2444646,0.2450601,0.24531236,0.24524124,0.24486667,0.24420825,0.24328591,0.24211939,0.24072853,0.23913305,0.23735283,0.23540768,0.23331735,0.23110157,0.22878025,0.2263731,0.22389998,0.2213807,0.21883503,0.21628268,0.21374358,0.2112375,0.2087842,0.20640345,0.20411512,0.20193897,0.19989483,0.19800243,0.19628158,0.19475213,0.19341278,0.19224341,0.19123577,0.1903814,0.18967201,0.1890992,0.1886546,0.18832986,0.18811662,0.18800652,0.18799119,0.18806224,0.1882114,0.18843019,0.18871033
0.11543679,0.114590846,0.113879375,0.113323666,0.112944916,0.112764396,0.112803325,0.11308296,0.113624506,0.11444924,0.11557838,0.117033154,0.11883482,0.1210046,0.12356377,0.12653346,0.12993507,0.13360809,0.1373718,0.1412168,0.1451337,0.14911312,0.15314573,0.15722212,0.16133288,0.1654687,0.16962008,0.17377773,0.17793228,0.18207432,0.18619446,0.19028334,0.19433157,0.19832976,0.20226859,0.2061386,0.20993045,0.21363476,0.21724212,0.22074316,0.22412856,0.22738884,0.23051468,0.23349674,0.23632555,0.23899178,0.24148601,0.24379893,0.2459211,0.2477218,0.24909066,0.25004894,0.25061783,0.25081864,0.25067255,0.25020078,0.24942468,0.24836533,0.24704409,0.24548216,0.24370074,0.24172112,0.23956452,0.23725218,0.23480538,0.23224528,0.22959313,0.22687018,0.22409768,0.22129695,0.21848904,0.21569529,0.21293695,0.21023528,0.20761146,0.20508672,0.20268236,0.20041956,0.19831961,0.19640371,0.19469312,0.19319072,0.19187908,0.19074878,0.18979041,0.18899468,0.18835214,0.18785346,0.1874892,0.18724999,0.18712649,0.18710929,0.18718901,0.18735628,0.18760173,0.18791598
0.11206465,0.11116129,0.11040154,0.1098081,0.10940367,0.10921089,0.109252475,0.10955109,0.11012939,0.1110101,0.11221584,0.11376937,0.11569327,0.11801033,0.12074313,0.123914406,0.12754682,0.1314711,0.1354959,0.13961083,0.14380553,0.14806952,0.15239246,0.15676397,0.16117357,0.16561091,0.17006557,0.17452718,0.17898533,0.18342963,0.18784964,0.19223498,0.19657525,0.20086008,0.20507899,0.20922168,0.2132777,0.21723665,0.22108808,0.2248217,0.22842705,0.23189375,0.23521131,0.23836944,0.24135771,0.24416567,0.24678303,0.24919929,0.25140405,0.2532615,0.25465786,0.2556157,0.2561578,0.25630677,0.25608528,0.2555161,0.25462183,0.2534252,0.25194886,0.25021553,0.2482478,0.24606837,0.2437,0.24116531,0.23848696,0.2356877,0.23279014,0.229817,0.22679092,0.22373462,0.22067071,0.217622,0.21461101,0.2116606,0.20879322,0.20603174,0.20339876,0.200917,0.19860908,0.19649774,0.19460562,0.19293986,0.19148557,0.19023237,0.18916982,0.18828753,0.18757513,0.18702222,0.18661831,0.18635312,0.18621619,0.18619709,0.18628551,0.186471,0.18674314,0.18709154
0.10868111,0.10772029,0.10691226,0.10628112,0.105850965,0.10564596,0.10569017,0.106007755,0.10662283,0.1075595,0.108841926,0.110494174,0.11254039,0.11500471,0.117911205,0.12128409,0.12514737,0.12932296,0.13360894,0.1379939,0.14246646,0.14701511,0.15162854,0.1562952,0.16100377,0.1657428,0.17050089,0.17526655,0.18002842,0.18477508,0.18949509,0.19417697,0.1988094,0.20338093,0.20788014,0.21229555,0.21661581,0.2208294,0.22492509,0.22889128,0.23271659,0.23638962,0.23989896,0.24323319,0.24638082,0.24933049,0.25207084,0.25459027,0.2568775,0.25879163,0.2602152,0.2611725,0.26168755,0.26178452,0.26148757,0.2608207,0.25980815,0.25847396,0.25684234,0.2549373,0.25278306,0.25040367,0.24782325,0.245066,0.24215591,0.23911723,0.23597407,0.23275043,0.22947055,0.22615848,0.22283843,0.2195344,0.21627057,0.21307108,0.20996007,0.20696154,0.20409977,0.20139879,0.19888268,0.19657567,0.1945018,0.19267249,0.1910754,0.18969913,0.18853225,0.18756334,0.18678097,0.18617374,0.18573022,0.18543898,0.1852886,0.18526764,0.18536475,0.18556844,0.1858673,0.1862499
0.10529472,0.10427648,0.10342015,0.102751285,0.102295406,0.10207813,0.102125004,0.10246158,0.10311339,0.10410606,0.105465114,0.10721613,0.10938465,0.111996256,0.1150765,0.11865094,0.122745134,0.12717202,0.13171922,0.13637424,0.14112465,0.145958,0.15086189,0.15582383,0.16083138,0.16587214,0.17093362,0.17600338,0.18106903,0.18611808,0.19113804,0.1961166,0.2010412,0.20589945,0.21067888,0.21536711,0.21995161,0.22442,0.22875977,0.23295854,0.23700385,0.24088325,0.24458432,0.24809462,0.25140166,0.254493,0.25735626,0.25997898,0.2623486,0.26431924,0.26577005,0.26672676,0.26721478,0.26725972,0.26688713,0.26612258,0.26499167,0.2635199,0.2617329,0.2596562,0.25731534,0.2547359,0.25194347,0.24896352,0.24582171,0.24254353,0.23915465,0.23568052,0.23214674,0.22857895,0.22500256,0.22144324,0.21792653,0.21447794,0.21112314,0.2078876,0.2047969,0.20187664,0.19915234,0.19664958,0.19439395,0.19240099,0.19066106,0.18916169,0.18789047,0.18683489,0.18598256,0.18532099,0.18483782,0.18452053,0.18435669,0.18433388,0.18443964,0.18466152,0.18498711,0.18540396
0.10191401,0.10083835,0.09993374,0.09922717,0.0987456,0.09851605,0.09856555,0.098921105,0.0996097,0.10065833,0.10209403,0.10394378,0.106234595,0.10899346,0.11224742,0.1160234,0.1203485,0.12502669,0.12983504,0.13476004,0.13978827,0.1449063,0.1501006,0.15535773,0.16066422,0.16600661,0.17137146,0.17674527,0.1821146,0.187466,0.1927859,0.19806102,0.20327778,0.20842266,0.21348235,0.21844327,0.22329198,0.22801507,0.23259898,0.23703034,0.24129565,0.24538144,0.24927422,0.25296056,0.256427,0.25966012,0.26264632,0.26537225,0.26782444,0.2698517,0.27132985,0.27228606,0.27274704,0.27274007,0.27229202,0.2714299,0.2701807,0.26857147,0.2666292,0.26438087,0.26185352,0.25907412,0.25606972,0.25286722,0.24949381,0.24597631,0.24234185,0.23861733,0.23482977,0.2310063,0.22717373,0.2233592,0.21958971,0.2158922,0.2122937,0.20882119,0.20550172,0.20236236,0.19942993,0.19673151,0.1942942,0.19213773,0.19025508,0.1886327,0.18725711,0.18611495,0.18519269,0.18447687,0.18395402,0.18361066,0.18343341,0.18340874,0.18352316,0.1837633,0.18411557,0.1845666
0.09854758,0.09741454,0.09646163,0.09571731,0.09521005,0.09496828,0.095020436,0.09539495,0.09612028,0.097224906,0.0987372,0.10068567,0.10309872,0.10600483,0.10943243,0.113409944,0.11796586,0.12289526,0.12796465,0.1331596,0.13846555,0.14386807,0.14935267,0.15490484,0.16051011,0.16615401,0.17182209,0.17749976,0.18317264,0.18882619,0.19444595,0.20001744,0.20552616,0.21095765,0.2162974,0.22153099,0.22664382,0.23162152,0.23644951,0.24111336,0.2455986,0.24989079,0.25397533,0.25783774,0.26146376,0.2648386,0.26794794,0.2707773,0.27331215,0.27539623,0.276902,0.27785778,0.2782921,0.27823335,0.27771008,0.27675056,0.27538335,0.27363694,0.27153966,0.26912,0.26640645,0.2634274,0.2602113,0.2567866,0.25318176,0.24942525,0.24554543,0.24157083,0.23752981,0.2334509,0.22936249,0.22529306,0.22127104,0.21732485,0.21348298,0.20977385,0.20622589,0.20286755,0.19972731,0.1968336,0.19421484,0.1918951,0.18986991,0.18812467,0.18664497,0.18541633,0.18442425,0.18365422,0.18309179,0.18272246,0.18253176,0.18250518,0.1826283,0.18288662,0.18326558,0.18375076
0.09520396,0.09401354,0.093012385,0.09223039,0.091697425,0.09144341,0.09149819,0.09189168,0.092653766,0.093814306,0.09540321,0.09745033,0.099985585,0.10303888,0.10664004,0.11081898,0.11560562,0.120786116,0.12611644,0.13158113,0.13716461,0.14285143,0.1486261,0.1544731,0.16037694,0.1663221,0.17229307,0.17827442,0.18425058,0.1902061,0.19612542,0.20199308,0.20779358,0.2135114,0.21913108,0.22463706,0.23001392,0.23524606,0.24031805,0.24521439,0.24991955,0.25441805,0.2586944,0.26273304,0.26651853,0.27003533,0.27326798,0.27620104,0.27881885,0.2809601,0.2824937,0.28344956,0.2838575,0.28374743,0.28314924,0.28209278,0.280608,0.27872476,0.27647287,0.2738823,0.27098295,0.26780468,0.26437733,0.26073086,0.2568951,0.25289997,0.24877529,0.24455103,0.24025705,0.23592316,0.23157933,0.22725546,0.22298135,0.21878698,0.21470216,0.2107568,0.20698085,0.20340408,0.20005642,0.19696781,0.19416805,0.19168547,0.18951805,0.1876503,0.18606672,0.1847518,0.18369006,0.18286593,0.18226404,0.18186878,0.18166466,0.18163629,0.18176806,0.18204448,0.18245004,0.18296927
0.09189172,0.09064396,0.08959458,0.088774905,0.08821628,0.08795001,0.08800744,0.08841988,0.089218676,0.09043513,0.09210056,0.094246306,0.09690371,0.10010406,0.10387871,0.10825896,0.11327616,0.11870758,0.12429866,0.13003282,0.13589361,0.1418645,0.14792892,0.15407042,0.16027246,0.16651858,0.1727922,0.17907684,0.18535593,0.19161303,0.19783163,0.20399514,0.21008709,0.216091,0.22199036,0.22776851,0.23340912,0.2388956,0.24421142,0.24934009,0.25426513,0.25897002,0.2634381,0.26765302,0.27159828,0.27525723,0.27861342,0.28165042,0.28435165,0.28655052,0.2881125,0.28906888,0.28945088,0.28929,0.28861746,0.28746462,0.28586277,0.28384322,0.28143737,0.2786765,0.2755919,0.27221504,0.268577,0.26470935,0.26064327,0.25641015,0.25204125,0.24756798,0.2430216,0.2384334,0.23383486,0.2292571,0.22473162,0.22028968,0.21596251,0.2117816,0.20777822,0.20398359,0.20042917,0.19714619,0.19416606,0.19152114,0.18921202,0.18722215,0.185535,0.18413411,0.18300298,0.182125,0.18148373,0.18106261,0.18084519,0.18081492,0.18095529,0.18124977,0.18168189,0.18223506
0.08861944,0.087314375,0.08621679,0.085359484,0.0847752,0.08449671,0.08455679,0.08498816,0.08582363,0.08709594,0.08883787,0.09108216,0.09386158,0.0972089,0.1011569,0.1057383,0.11098591,0.11666805,0.1225196,0.12852299,0.13466075,0.14091529,0.14726913,0.15370478,0.16020463,0.1667512,0.17332701,0.17991452,0.18649617,0.19305445,0.19957185,0.20603082,0.21241389,0.21870348,0.22488208,0.23093227,0.23683631,0.24257688,0.24813637,0.2534973,0.25864208,0.26355326,0.2682132,0.27260453,0.27670968,0.28051105,0.28399125,0.28713262,0.28991768,0.29217476,0.2937657,0.29472312,0.29508,0.29486886,0.29412264,0.29287407,0.29115582,0.28900078,0.2864416,0.28351116,0.2802422,0.27666742,0.27281952,0.26873145,0.26443583,0.2599655,0.2553532,0.25063175,0.24583371,0.2409921,0.23613954,0.2313088,0.22653265,0.22184391,0.21727526,0.21285956,0.2086295,0.20461786,0.20085739,0.19738087,0.19422108,0.19141456,0.18896429,0.18685283,0.18506262,0.18357614,0.18237582,0.18144421,0.18076375,0.18031691,0.1800862,0.18005408,0.18020305,0.18051553,0.180974,0.18156102
0.08539563,0.08403332,0.08288761,0.08199268,0.08138278,0.08109206,0.081154756,0.08160507,0.0824772,0.08380531,0.08562364,0.08796638,0.09086774,0.094361894,0.09848308,0.10326544,0.10874324,0.114675865,0.12078758,0.12705985,0.13347417,0.14001198,0.14665478,0.15338403,0.16018118,0.1670278,0.17390525,0.1807951,0.18767871,0.19453767,0.20135339,0.20810732,0.214781,0.22135589,0.22781341,0.23413509,0.2403024,0.24629678,0.2520997,0.25769264,0.26305714,0.2681746,0.2730265,0.27759436,0.2818596,0.2858037,0.28940818,0.29265448,0.29552406,0.29784003,0.29946053,0.3004199,0.30075222,0.30049178,0.29967263,0.29832917,0.29649544,0.29420567,0.29149422,0.28839505,0.28494254,0.2811708,0.27711403,0.2728065,0.26828232,0.26357573,0.258721,0.25375226,0.24870367,0.24360946,0.23850393,0.23342115,0.22839536,0.22346082,0.21865165,0.21400207,0.20954631,0.20531856,0.20135301,0.19768387,0.19434536,0.19137806,0.18878742,0.186555,0.18466218,0.18309057,0.18182151,0.18083653,0.18011707,0.17964464,0.17940073,0.17936675,0.17952424,0.17985463,0.18033938,0.18096004
0.082228914,0.0808094,0.079615586,0.0786831,0.07804757,0.07774468,0.077810004,0.07827922,0.07918794,0.08057181,0.08246649,0.084907554,0.0879307,0.09157153,0.0958657,0.10084883,0.10655657,0.11273936,0.11911088,0.12565163,0.13234206,0.13916261,0.14609382,0.15311617,0.16021006,0.16735604,0.17453456,0.18172608,0.18891111,0.19607008,0.20318352,0.21023189,0.21719562,0.22405528,0.23079124,0.23738402,0.24381413,0.25006202,0.2561081,0.26193297,0.26751703,0.27284077,0.27788466,0.28262916,0.2870548,0.29114202,0.2948713,0.2982231,0.30117795,0.30355358,0.30520466,0.3061667,0.30647546,0.3061665,0.30527547,0.30383807,0.3018899,0.29946652,0.29660356,0.29333687,0.28970188,0.28573424,0.2814697,0.27694377,0.2721922,0.26725054,0.26215443,0.25693953,0.25164154,0.246296,0.2409386,0.23560496,0.23033063,0.22515143,0.22010285,0.21522056,0.21054024,0.20609748,0.20192795,0.19806725,0.19455104,0.19142395,0.18869387,0.18634123,0.18434651,0.18269022,0.18135285,0.18031484,0.17955662,0.17905879,0.17880172,0.17876594,0.17893186,0.17928004,0.17979094,0.18044497
0.07912778,0.07765115,0.07640931,0.075439304,0.07477822,0.07446313,0.074531086,0.075019166,0.07596445,0.077404015,0.07937491,0.08191421,0.08505899,0.08884631,0.09331327,0.09849691,0.10443429,0.11086692,0.11749785,0.12430657,0.13127255,0.13837531,0.14559433,0.15290906,0.16029903,0.16774367,0.17522253,0.18271504,0.19020076,0.19765909,0.20506957,0.21241166,0.21966486,0.22680867,0.2338225,0.24068595,0.2473784,0.2538794,0.2601685,0.26622495,0.27202848,0.27755845,0.2827944,0.2877158,0.2923021,0.29653287,0.3003875,0.3038455,0.30688643,0.30932266,0.31100523,0.311971,0.31225723,0.3119009,0.31093907,0.30940878,0.3073473,0.30479142,0.3017784,0.29834524,0.29452896,0.29036674,0.28589568,0.2811527,0.27617493,0.27099946,0.2656634,0.26020372,0.25465757,0.24906199,0.24345407,0.2378708,0.23234935,0.22692676,0.22164011,0.21652643,0.21162282,0.20696633,0.20259407,0.19854307,0.19485041,0.19156468,0.18869607,0.1862241,0.1841282,0.18238789,0.1809827,0.179892,0.17909536,0.17857222,0.17830212,0.1782645,0.17843889,0.17880474,0.17934154,0.18002877
0.076100804,0.074567154,0.07327734,0.07226988,0.071583256,0.07125599,0.07132658,0.07183351,0.07281533,0.07431048,0.076357506,0.078994885,0.08226112,0.08619474,0.09083422,0.09621807,0.1023848,0.10906686,0.11595672,0.12303289,0.13027386,0.13765815,0.14516425,0.1527707,0.16045593,0.1681985,0.17597687,0.18376961,0.1915552,0.19931206,0.20701882,0.21465391,0.22219583,0.22962312,0.23691423,0.24404775,0.2510021,0.25775582,0.2642874,0.27057534,0.2765982,0.2823344,0.28776246,0.29286095,0.2976083,0.30198303,0.30596367,0.30952868,0.3126566,0.31515452,0.31686965,0.31784037,0.3181052,0.31770265,0.31667122,0.31504944,0.31287584,0.31018883,0.30702707,0.3034289,0.29943278,0.29507738,0.29040116,0.28544256,0.28024012,0.27483237,0.2692577,0.2635547,0.25776199,0.25191778,0.24606083,0.24022952,0.23446238,0.22879796,0.22327463,0.21793103,0.2128056,0.20793682,0.20336327,0.19912338,0.19525568,0.19181262,0.18880664,0.18621626,0.18402004,0.1821964,0.18072385,0.17958096,0.17874616,0.17819797,0.17791493,0.17787555,0.17805825,0.17844158,0.17900413,0.17972428
0.073156595,0.071565986,0.070228286,0.06918341,0.0684713,0.06813188,0.06820509,0.068730846,0.0697491,0.071299784,0.073422804,0.07615812,0.07954563,0.0836253,0.08843704,0.0940208,0.10041649,0.10734756,0.114495836,0.12183886,0.12935415,0.13701925,0.14481166,0.15270895,0.16068861,0.16872822,0.17680526,0.18489727,0.19298182,0.2010364,0.20903854,0.21696578,0.22479564,0.23250568,0.24007341,0.24747634,0.25469205,0.26169804,0.26847178,0.27499092,0.28123292,0.28717527,0.2927956,0.29807138,0.30298012,0.3074994,0.31160673,0.31527963,0.31849566,0.32105646,0.32280532,0.32378215,0.32402694,0.32357955,0.32248,0.3207681,0.3184839,0.31566724,0.3123581,0.30859643,0.3044221,0.2998751,0.29499534,0.28982273,0.2843972,0.27875876,0.27294728,0.26700264,0.2609649,0.25487387,0.24876952,0.2426918,0.23668064,0.23077595,0.22501771,0.2194458,0.21410017,0.20902072,0.20424744,0.19982024,0.19577903,0.19218007,0.189038,0.18633036,0.18403468,0.18212846,0.18058926,0.17939459,0.17852199,0.17794901,0.17765316,0.17761196,0.17780295,0.17820367,0.17879164,0.17954437
0.070434995,0.068791,0.0674084,0.066328436,0.06559242,0.06524161,0.06531728,0.06586069,0.06691314,0.06851585,0.070710145,0.073537275,0.07703851,0.081255145,0.08622842,0.0919996,0.098610006,0.10577455,0.11316509,0.12075824,0.12853065,0.1364589,0.14451961,0.15268946,0.16094501,0.16926292,0.1776198,0.18599226,0.19435692,0.20269041,0.21096933,0.21917035,0.22727008,0.23524511,0.24307202,0.25072753,0.2581882,0.26543066,0.27243158,0.27916747,0.28561506,0.29175097,0.29755166,0.30299398,0.30805445,0.31270963,0.3169362,0.32071075,0.32400998,0.32663038,0.32841155,0.32939482,0.3296214,0.32913265,0.32796973,0.32617402,0.3237867,0.3208491,0.31740257,0.31348822,0.30914733,0.3044213,0.2993513,0.29397872,0.2883447,0.28249058,0.27645755,0.27028704,0.26402014,0.25769827,0.25136265,0.24505451,0.23881522,0.23268592,0.22670795,0.22092262,0.21537116,0.21009481,0.20513488,0.20053269,0.19632941,0.19258489,0.18931574,0.18649855,0.18410999,0.18212667,0.18052518,0.17928223,0.17837436,0.17777815,0.17747036,0.17742747,0.17762621,0.17804313,0.17865488,0.17943808
0.06805893,0.066368304,0.06494647,0.06383593,0.06307904,0.06271826,0.06279608,0.0633549,0.06443718,0.06608535,0.068341866,0.07124918,0.074849695,0.07918586,0.08430015,0.09023502,0.097032845,0.10440123,0.11200326,0.11981478,0.12781167,0.13596967,0.14426467,0.15267245,0.16116889,0.16972977,0.17833094,0.18694821,0.19555746,0.20413445,0.21265504,0.22109507,0.22943035,0.23763669,0.24568999,0.25356597,0.2612405,0.26868945,0.27588862,0.28281385,0.28944093,0.2957457,0.301704,0.30729172,0.31248453,0.31725836,0.32158908,0.32545242,0.32882425,0.33149663,0.333306,0.3342949,0.33450568,0.33398077,0.3327625,0.3308936,0.32841638,0.3253732,0.32180658,0.31775898,0.31327274,0.30839035,0.3031544,0.29760706,0.29179102,0.2857486,0.27952227,0.27315444,0.2666876,0.2601641,0.25362656,0.24711731,0.24067877,0.23435338,0.22818363,0.22221191,0.21648075,0.21103252,0.20590965,0.20115468,0.19680993,0.19293833,0.18955818,0.18664537,0.18417573,0.18212512,0.18046932,0.17918414,0.17824543,0.17762902,0.17731073,0.17726643,0.17747189,0.17790297,0.1785355,0.1793453
0.06601137,0.06428057,0.062824965,0.061688002,0.060913146,0.060543798,0.060623463,0.061195567,0.062303558,0.0639909,0.06630103,0.0692774,0.072963476,0.0774027,0.08263852,0.088714406,0.095673755,0.10321778,0.11100207,0.11900181,0.12719211,0.1355481,0.14404497,0.1526578,0.16136178,0.17013206,0.17894374,0.18777202,0.196592,0.20537882,0.21410768,0.22275367,0.23129195,0.23969768,0.24794595,0.25601193,0.2638708,0.2714977,0.27886772,0.28595605,0.2927378,0.29918817,0.30528226,0.3109952,0.31630212,0.32117823,0.32559863,0.3295385,0.3329729,0.3356901,0.33752388,0.33851752,0.33871457,0.33815852,0.33689275,0.3349607,0.3324059,0.32927176,0.32560167,0.32143924,0.31682768,0.3118107,0.3064316,0.3007338,0.29476085,0.2885562,0.28216323,0.27562544,0.26898625,0.26228908,0.25557753,0.24889494,0.24228467,0.23579031,0.22945526,0.223323,0.21743698,0.2118406,0.20657735,0.20169069,0.19722404,0.19324288,0.1897671,0.18677193,0.18423244,0.1821238,0.18042111,0.17909962,0.17813434,0.17750052,0.17717321,0.17712764,0.17733894,0.17778221,0.17843263,0.1792653
0.0642753,0.06251046,0.061026216,0.059866887,0.059076764,0.058700167,0.058781397,0.059364755,0.06049456,0.062215094,0.064570695,0.067605644,0.071364254,0.075890824,0.081229694,0.08742512,0.09452143,0.10221438,0.11015323,0.1183125,0.1266668,0.13519067,0.14385866,0.15264535,0.16152532,0.17047311,0.17946331,0.18847047,0.19746915,0.2064339,0.21533933,0.22415993,0.23287034,0.24144508,0.2498587,0.25808582,0.26610094,0.27387872,0.28139362,0.2886202,0.29553312,0.30210686,0.30831608,0.31413522,0.31953892,0.32450166,0.3289982,0.3330029,0.33649036,0.3392456,0.34109995,0.34209764,0.34228316,0.34170064,0.3403945,0.33840907,0.33578846,0.33257708,0.32881945,0.3245596,0.31984183,0.31471062,0.30921018,0.3033848,0.2972789,0.2909366,0.28440243,0.27772048,0.27093515,0.2640907,0.25723162,0.25040194,0.2436462,0.23700862,0.23053344,0.22426504,0.2182477,0.21252571,0.20714343,0.20214513,0.19757512,0.1935011,0.18994424,0.18687922,0.18428047,0.18212266,0.18038028,0.17902792,0.17804016,0.17739151,0.17705664,0.17701,0.1772262,0.17767979,0.1783454,0.17919749
0.06283382,0.061040692,0.05953265,0.058354743,0.057551946,0.05716933,0.057251852,0.057844553,0.058992457,0.06074057,0.06313392,0.066217504,0.07003635,0.07463547,0.08005988,0.086354576,0.093564615,0.101381235,0.10944837,0.11774014,0.1262306,0.13489385,0.14370397,0.15263505,0.16166112,0.17075633,0.17989476,0.18905044,0.19819748,0.20730995,0.21636197,0.22532758,0.23418091,0.242896,0.2514469,0.25980785,0.2679527,0.27585572,0.2834909,0.2908324,0.29785416,0.3045304,0.31083518,0.31674248,0.32222655,0.32726133,0.331821,0.3358795,0.3394111,0.34219784,0.34406936,0.34507048,0.34524632,0.34464186,0.3433022,0.34127226,0.33859706,0.3353218,0.3314912,0.3271505,0.3223446,0.31711861,0.31151742,0.30558607,0.29936963,0.29291317,0.28626165,0.27946007,0.27255338,0.26558673,0.2586051,0.25165343,0.2447768,0.2380202,0.23142867,0.22504726,0.21892086,0.21309464,0.20761347,0.20252249,0.19786665,0.19371553,0.19009139,0.18696828,0.18432039,0.18212171,0.18034637,0.17896843,0.17796196,0.17730105,0.1769598,0.1769123,0.17713258,0.17759478,0.17827293,0.1791412
0.061669845,0.059853874,0.058326628,0.057133712,0.056320723,0.055933226,0.056016788,0.056617044,0.057779565,0.05954996,0.061973773,0.06509662,0.0689641,0.073621795,0.07911528,0.08549016,0.09279202,0.100708485,0.10887924,0.11727799,0.12587841,0.13465421,0.14357905,0.15262674,0.16177082,0.17098501,0.1802431,0.18951875,0.19878559,0.20801736,0.21718776,0.22627045,0.23523916,0.2440676,0.2527294,0.2611983,0.26944795,0.27745208,0.2851844,0.2926186,0.29972836,0.30648735,0.31286925,0.31884778,0.3243967,0.32948962,0.33410025,0.33820224,0.34176946,0.3445817,0.346467,0.34747088,0.3476389,0.3470168,0.34565008,0.3435843,0.34086508,0.33753797,0.33364862,0.3292426,0.3243655,0.31906283,0.31338033,0.30736348,0.30105793,0.29450926,0.28776294,0.28086472,0.2738601,0.26679468,0.2597141,0.25266394,0.24568972,0.23883708,0.23215158,0.22567885,0.21946444,0.21355398,0.20799305,0.20282716,0.19810203,0.19388862,0.19021015,0.18704024,0.18435262,0.18212095,0.18031897,0.17892037,0.17789881,0.17722797,0.17688161,0.1768334,0.17705703,0.1775261,0.17821448,0.17909573
0.060766418,0.058932737,0.057390593,0.05618604,0.055365086,0.0549738,0.05505818,0.05566431,0.056838192,0.05862584,0.06107332,0.06422664,0.06813188,0.07283503,0.07838214,0.08481924,0.092192374,0.10018633,0.10843749,0.116919264,0.12560503,0.1344682,0.14348213,0.15262026,0.16185589,0.17116252,0.1805135,0.18988222,0.19924203,0.20856643,0.21782866,0.22700226,0.23606054,0.24497697,0.2537248,0.26227742,0.27060848,0.27869117,0.28649887,0.29400504,0.301183,0.30800617,0.3144481,0.3204819,0.3260811,0.3312191,0.33586937,0.34000516,0.34359992,0.34643194,0.34832793,0.34933397,0.34949604,0.3488601,0.3474724,0.34537873,0.34262532,0.33925813,0.33532307,0.3308664,0.32593402,0.32057193,0.3148263,0.30874303,0.30236825,0.29574797,0.2889282,0.2819549,0.2748743,0.26773226,0.26057488,0.25344825,0.24639824,0.23947105,0.23271264,0.22616906,0.21988635,0.21391053,0.20828763,0.20306368,0.19828473,0.19402303,0.19030233,0.18709609,0.18437761,0.1821204,0.18029772,0.17888308,0.17784975,0.17717128,0.17682095,0.17677216,0.17699833,0.17747284,0.17816912,0.17906044
0.06010656,0.058259927,0.056706887,0.05549383,0.05466709,0.054273043,0.054358024,0.05496843,0.056150585,0.057950858,0.060415614,0.06359121,0.067524016,0.07226037,0.07784665,0.084329195,0.09175438,0.09980495,0.108114846,0.116657265,0.12540537,0.13433233,0.14341134,0.1526155,0.16191807,0.17129219,0.180711,0.1901477,0.19957545,0.20896742,0.21829683,0.22753675,0.23666047,0.24564105,0.25445184,0.2630658,0.27145612,0.27959618,0.28745893,0.29501763,0.30224547,0.3091156,0.31560123,0.32167536,0.3273114,0.3324824,0.33716148,0.34132197,0.3449369,0.3477834,0.3496872,0.3506948,0.3508524,0.35020646,0.3488034,0.34668946,0.343911,0.34051445,0.33654612,0.33205244,0.32707968,0.32167417,0.31588247,0.3097507,0.30332533,0.29665273,0.28977928,0.2827513,0.2756151,0.2684171,0.26120362,0.25402108,0.24691577,0.23993412,0.23312247,0.22652712,0.22019447,0.21417092,0.20850278,0.20323643,0.19841817,0.19412117,0.19036967,0.18713684,0.18439586,0.18211994,0.18028222,0.1788558,0.17781398,0.17712985,0.17677662,0.17672743,0.17695546,0.17743392,0.17813592,0.17903468
0.05967325,0.057818107,0.05625793,0.055039294,0.054208748,0.05381287,0.053898267,0.054511465,0.05569907,0.057507634,0.059983738,0.06317396,0.067124866,0.071883015,0.077495,0.08400738,0.09146676,0.09955449,0.10790297,0.11648523,0.12527426,0.13424313,0.14336483,0.15261242,0.16195892,0.17137729,0.18084069,0.19032204,0.1997944,0.2092308,0.2186042,0.22788776,0.23705444,0.2460772,0.2549292,0.2635834,0.27201277,0.28019047,0.28808933,0.2956826,0.30294317,0.30984408,0.3163584,0.32245913,0.32811925,0.3333119,0.33801,0.3421866,0.34581482,0.34867078,0.35057977,0.3515884,0.3517431,0.35109064,0.34967747,0.34755012,0.34475526,0.34133938,0.3373493,0.33283126,0.32783198,0.32239804,0.31657594,0.31041235,0.30395383,0.29724684,0.29033813,0.28327414,0.2761015,0.26886675,0.26161644,0.25439724,0.24725564,0.2402382,0.23339154,0.22676224,0.22039685,0.21434195,0.20864403,0.2033498,0.19850579,0.19418561,0.19041386,0.18716365,0.18440787,0.18211965,0.18027198,0.17883793,0.1777905,0.17710266,0.17674752,0.17669806,0.17692734,0.17740834,0.17811415,0.17901777
0.059449535,0.057589997,0.05602613,0.05480459,0.053972088,0.053575277,0.05366087,0.054275528,0.055465933,0.05727877,0.059760734,0.062958516,0.06691876,0.071688175,0.077313446,0.08384125,0.091318265,0.09942518,0.107793584,0.11639638,0.12520656,0.13419707,0.14334083,0.15261082,0.16197999,0.17142126,0.18090762,0.19041206,0.19990742,0.20936674,0.21876295,0.22806902,0.23725781,0.24630243,0.2551757,0.2638507,0.27230018,0.28049728,0.28841487,0.29602593,0.3033034,0.31022024,0.3167494,0.32286373,0.32853642,0.33374017,0.3384481,0.34263313,0.34626815,0.349129,0.35104066,0.35204974,0.35220307,0.35154706,0.35012868,0.3479945,0.34519118,0.3417655,0.33776397,0.33323336,0.32822046,0.3227718,0.31693402,0.31075406,0.30427828,0.29755363,0.29062676,0.28354418,0.27635264,0.26909894,0.26182964,0.25459146,0.2474311,0.2403952,0.2335305,0.22688365,0.22050135,0.21443024,0.208717,0.2034084,0.19855106,0.19421889,0.19043669,0.18717745,0.18441406,0.18211949,0.18026674,0.17882867,0.17777836,0.1770886,0.17673248,0.17668292,0.17691281,0.17739514,0.1781029,0.17900899
0.059418377,0.05755823,0.05599385,0.05477191,0.05393913,0.053542197,0.05362781,0.054242667,0.05543348,0.057246912,0.059729703,0.06292852,0.06689007,0.071661055,0.077288166,0.08381811,0.09129758,0.09940719,0.107778355,0.11638403,0.12519716,0.13419065,0.14333747,0.1526106,0.16198291,0.17142738,0.18091697,0.19042458,0.19992316,0.20938568,0.21878503,0.22809422,0.23728615,0.24633378,0.25521004,0.26388794,0.2723402,0.28054,0.2884602,0.29607376,0.30335358,0.3102726,0.31680378,0.32292008,0.32859445,0.3337999,0.3385091,0.34269533,0.34633127,0.34919283,0.35110483,0.35211405,0.3522671,0.35161063,0.35019153,0.34805638,0.34525195,0.34182477,0.33782166,0.33328936,0.32827452,0.32282382,0.31698397,0.31080163,0.30432352,0.29759637,0.2906669,0.2835818,0.27638763,0.26913124,0.26185933,0.25461853,0.24745555,0.24041705,0.23354985,0.22690056,0.22051589,0.21444252,0.20872715,0.20341654,0.19855735,0.19422351,0.19043988,0.18717937,0.18441492,0.1821195,0.18026601,0.17882739,0.17777666,0.17708667,0.1767304,0.17668079,0.17691077,0.17739333,0.17810135,0.1790078
0.059562802,0.057705507,0.056143504,0.054923426,0.054091908,0.05369558,0.053781066,0.05439499,0.055583976,0.05739465,0.059873644,0.0630676,0.06702312,0.07178683,0.07740538,0.083925374,0.09139345,0.099490665,0.10784899,0.11644136,0.12524086,0.13422038,0.14335299,0.15261161,0.16196929,0.17139901,0.18087369,0.19036645,0.19985017,0.2092979,0.21868259,0.22797722,0.23715487,0.24618839,0.2550509,0.2637153,0.2721547,0.28034192,0.28825006,0.2958521,0.30312097,0.31002975,0.31655142,0.32265884,0.3283252,0.3335233,0.3382263,0.34240705,0.34603864,0.34889698,0.35080728,0.35181615,0.35197017,0.35131595,0.34990022,0.3477695,0.34497046,0.34154975,0.33755398,0.33302978,0.32802373,0.32258254,0.3167527,0.31058103,0.30411404,0.2973983,0.29048058,0.28340742,0.27622554,0.26898137,0.2617217,0.25449318,0.24734229,0.2403157,0.23346014,0.2268222,0.22044842,0.21438552,0.2086801,0.20337874,0.19852814,0.19420204,0.19042517,0.18717046,0.18441094,0.1821196,0.1802694,0.17883335,0.17778447,0.17709573,0.17674008,0.17669058,0.17692015,0.17740183,0.17810862,0.17901343
0.059865832,0.05801447,0.05645746,0.05524131,0.054412454,0.054017387,0.054102603,0.054714564,0.055899736,0.05770462,0.060175676,0.06335942,0.06730225,0.072050735,0.07765129,0.08415042,0.09159459,0.09966581,0.107997134,0.11656168,0.12533253,0.13428277,0.14338548,0.15261377,0.16194074,0.17133947,0.18078302,0.19024454,0.19969708,0.20911372,0.2184676,0.22773178,0.23687932,0.24588339,0.25471702,0.26335335,0.27176538,0.27992636,0.2878092,0.29538706,0.30263308,0.3095203,0.31602183,0.3221108,0.32776022,0.3329432,0.3376329,0.34180227,0.34542465,0.34827632,0.35018307,0.35119122,0.35134727,0.35069773,0.3492889,0.34716758,0.34438005,0.34097284,0.33699235,0.33248508,0.32749763,0.3220763,0.31626773,0.31011826,0.30367452,0.29698282,0.2900898,0.28304178,0.27588528,0.26866692,0.26143298,0.25423005,0.2471046,0.24010307,0.23327196,0.22665778,0.22030693,0.21426594,0.20858127,0.2032994,0.19846687,0.19415696,0.19039422,0.1871517,0.18440254,0.18211977,0.18027651,0.17884588,0.17780094,0.17711473,0.17676044,0.17671111,0.17693985,0.17741974,0.17812382,0.17902528
0.06031047,0.058467824,0.05691816,0.055707723,0.054882783,0.05448959,0.05457439,0.05518346,0.05636307,0.05815943,0.060618855,0.06378756,0.06771185,0.07243794,0.07801211,0.08448062,0.091889724,0.09992279,0.10821455,0.11673823,0.12546708,0.13437432,0.14343318,0.15261698,0.16189888,0.1712521,0.18064994,0.19006567,0.19947243,0.2088435,0.21815214,0.22737157,0.23647507,0.24543585,0.25422713,0.26282218,0.27119416,0.27931654,0.28716227,0.29470468,0.30191717,0.30877277,0.3152448,0.32130656,0.3269312,0.33209202,0.3367622,0.34091505,0.3445238,0.34736577,0.3492672,0.35027426,0.35043323,0.34979045,0.34839213,0.34628442,0.34351373,0.34012622,0.3361682,0.33168596,0.3267256,0.32133362,0.3155561,0.30943933,0.3030296,0.29637313,0.28951624,0.2825052,0.27538612,0.26820546,0.26100937,0.25384402,0.2467559,0.23979105,0.23299581,0.22641645,0.22009927,0.21409045,0.2084363,0.20318304,0.19837694,0.19409081,0.19034886,0.18712425,0.18439023,0.18212005,0.18028699,0.17886424,0.17782505,0.17714263,0.1767903,0.17674126,0.17696872,0.17744593,0.17814615,0.17904264
0.060879707,0.059048243,0.057507966,0.05630486,0.055484913,0.0550941,0.05517839,0.05578378,0.056956224,0.05874171,0.061186228,0.06433575,0.068236224,0.07293368,0.07847407,0.084903374,0.092267565,0.100251794,0.10849289,0.11696425,0.1256393,0.13449153,0.1434943,0.15262106,0.16184524,0.17114027,0.1804796,0.18983662,0.1991848,0.20849757,0.21774831,0.2269105,0.23595753,0.2448629,0.25359994,0.26214212,0.27046296,0.27853575,0.286334,0.29383114,0.3010006,0.3078158,0.31425002,0.32027698,0.32586992,0.3310023,0.33564752,0.3397791,0.34337038,0.34619993,0.3480946,0.34910035,0.3492632,0.348629,0.34724388,0.34515375,0.34240457,0.33904237,0.33511314,0.33066276,0.32573736,0.32038274,0.31464496,0.30857012,0.30220392,0.29559264,0.28878206,0.28181818,0.2747471,0.2676147,0.26046696,0.25334987,0.24630938,0.2393916,0.23264226,0.22610763,0.21983346,0.2138658,0.2082507,0.20303401,0.19826181,0.19400617,0.1902908,0.18708906,0.18437447,0.18212047,0.18030038,0.17888774,0.17785591,0.17717837,0.17682853,0.17677984,0.17700571,0.17747954,0.17817476,0.17906487
