0.080658756,0.08023419,0.07987712,0.07959822,0.07940813,0.079317525,0.079337075,0.079477414,0.079749204,0.08016312,0.08072982,0.08145994,0.08236416,0.08345314,0.0847375,0.08622797,0.087935135,0.08979272,0.091722295,0.09371643,0.09576765,0.097868524,0.10001163,0.102189474,0.10439463,0.10661965,0.10885706,0.11109948,0.11333939,0.115569375,0.11778201,0.11996976,0.12212525,0.12424106,0.12630965,0.1283236,0.13027556,0.13215798,0.13396342,0.13568446,0.1373136,0.13884346,0.14026657,0.14157549,0.14276272,0.14382088,0.14474249,0.14552006,0.14614622,0.14658225,0.14680156,0.14681482,0.14663263,0.1462657,0.14572467,0.14502022,0.14416298,0.14316365,0.14203282,0.14078124,0.1394195,0.13795824,0.13640824,0.13478,0.1330843,0.13133173,0.12953296,0.12769866,0.12583953,0.123966165,0.12208926,0.12021942,0.11836739,0.11654375,0.11475919,0.113024406,0.11135003,0.10974667,0.108225055,0.10679581,0.10546958,0.10427665,0.10323513,0.10233764,0.1015767,0.10094486,0.10043463,0.100038655,0.09974944,0.0995595,0.099461436,0.09944779,0.09951108,0.0996439,0.09983881,0.100088336
0.07968962,0.079262115,0.07890259,0.07862177,0.07843036,0.07833915,0.07835883,0.07850013,0.0787738,0.07919056,0.07976116,0.08049631,0.081406765,0.08250322,0.08379644,0.08529715,0.08701609,0.08888635,0.09082892,0.09283633,0.09490108,0.09701567,0.09917268,0.10136458,0.103583924,0.10582319,0.108074956,0.11033167,0.112585925,0.114830196,0.11705702,0.11925891,0.12142836,0.123557925,0.12564014,0.12766747,0.12963247,0.13152769,0.13334559,0.13507871,0.13671961,0.13826074,0.13969466,0.14101389,0.14221093,0.14327836,0.14420861,0.14499424,0.14562783,0.14607014,0.14629427,0.14631085,0.14613071,0.14576454,0.14522308,0.1445171,0.14365725,0.14265431,0.14151901,0.14026207,0.13889425,0.13742627,0.13586883,0.13423271,0.1325286,0.13076727,0.12895943,0.12711579,0.12524714,0.12336418,0.121477626,0.11959823,0.117736734,0.11590383,0.11411033,0.11236686,0.1106842,0.10907313,0.10754432,0.10610853,0.104776464,0.10357842,0.10253245,0.10163108,0.10086685,0.100232296,0.09971991,0.09932222,0.09903175,0.09884098,0.09874249,0.098728806,0.0987924,0.098925784,0.09912151,0.09937209
0.07887457,0.0784446,0.07808301,0.07780058,0.07760807,0.07751633,0.07753612,0.07767825,0.077953495,0.078372635,0.07894651,0.07968589,0.08060157,0.08170435,0.083004996,0.08451432,0.08624314,0.08812407,0.09007757,0.09209614,0.09417225,0.09629842,0.098467134,0.100670874,0.10290211,0.1051534,0.10741718,0.10968599,0.11195226,0.114208534,0.11644732,0.11866107,0.120842285,0.12298342,0.12507708,0.12711565,0.12909168,0.13099764,0.132826,0.13456933,0.13622002,0.13777067,0.1392137,0.14054161,0.14174691,0.1428221,0.14375964,0.14455204,0.14519183,0.14563943,0.14586759,0.14588705,0.14570862,0.14534308,0.14480129,0.14409398,0.1432319,0.14222597,0.14108689,0.1398255,0.13845253,0.13697883,0.13541523,0.13377245,0.13206129,0.13029253,0.12847707,0.12662558,0.12474893,0.122857906,0.12096323,0.11907579,0.11720633,0.11536567,0.11356457,0.11181383,0.11012427,0.10850668,0.106971815,0.10553053,0.10419355,0.102991164,0.10194145,0.10103686,0.1002699,0.09963304,0.09911881,0.0987197,0.098428145,0.09823674,0.09813789,0.09812414,0.09818794,0.09832182,0.098518245,0.09876974
0.078237936,0.077806056,0.07744285,0.077159144,0.0769658,0.07687364,0.07689351,0.07703626,0.07731272,0.07773378,0.0783102,0.07905287,0.07997264,0.081080325,0.08238679,0.08390287,0.0856394,0.08752867,0.08949071,0.09151798,0.09360297,0.09573816,0.097916014,0.10012898,0.10236954,0.104630195,0.1069034,0.1091816,0.111457296,0.11372298,0.11597109,0.11819409,0.12038447,0.12253473,0.12463727,0.12668462,0.12866926,0.13058361,0.13242017,0.13417143,0.13582984,0.13738786,0.13883801,0.14017269,0.14138447,0.1424657,0.14340897,0.14420664,0.14485128,0.14530304,0.14553435,0.145556,0.1453789,0.14501391,0.14447181,0.14376342,0.14289969,0.14189138,0.14074935,0.13948445,0.13810751,0.13662939,0.13506088,0.13341287,0.13169622,0.12992178,0.12810029,0.1262427,0.12435982,0.122462444,0.12056147,0.118667714,0.11679206,0.11494531,0.11313829,0.11138187,0.109686926,0.108064204,0.10652466,0.10507902,0.10373824,0.102532506,0.10147983,0.100572705,0.0998036,0.09916497,0.09864929,0.09824905,0.09795672,0.097764745,0.09766564,0.09765183,0.09771582,0.09785007,0.09804704,0.09829924
0.07780403,0.07737086,0.07700655,0.07672197,0.076528035,0.0764356,0.07645555,0.07659875,0.07687605,0.07729834,0.07787653,0.07862147,0.079544015,0.08065506,0.081965476,0.08348615,0.085227944,0.08712289,0.08909074,0.091123976,0.09321501,0.095356345,0.0975404,0.099759676,0.1020066,0.10427363,0.10655323,0.10883786,0.11111998,0.11339205,0.11564652,0.117875844,0.120072484,0.12222888,0.124337524,0.12639086,0.12838137,0.13030143,0.13214357,0.13390025,0.1355639,0.13712698,0.13858195,0.1399213,0.14113742,0.14222282,0.14316995,0.14397125,0.1446192,0.14507376,0.1453072,0.14533038,0.14515422,0.14478955,0.14424726,0.14353819,0.14267327,0.14166334,0.1405193,0.13925204,0.13787234,0.1363912,0.13481942,0.1331679,0.1314475,0.12966904,0.12784353,0.12598175,0.12409458,0.12219295,0.12028765,0.11838962,0.11650968,0.114658795,0.112847775,0.111087486,0.10938883,0.10776267,0.10621987,0.10477134,0.10342793,0.1022199,0.10116522,0.10025637,0.0994858,0.09884595,0.0983293,0.09792831,0.09763541,0.09744309,0.097343765,0.09732993,0.097394034,0.09752857,0.097725935,0.0979786
0.07759722,0.07716343,0.07679861,0.07651363,0.07631941,0.07622686,0.076246805,0.0763902,0.07666789,0.07709082,0.07766984,0.07841585,0.0793397,0.08045235,0.08176465,0.08328753,0.08503182,0.08692948,0.0889001,0.090936154,0.09303007,0.095174335,0.097361386,0.09958365,0.10183359,0.10410367,0.10638635,0.10867404,0.11095921,0.113234326,0.11549182,0.11772414,0.11992377,0.12208313,0.12419469,0.12625085,0.12824413,0.13016693,0.13201173,0.133771,0.13543715,0.13700263,0.1384599,0.13980146,0.14101967,0.14210707,0.14305602,0.14385903,0.14450857,0.14496446,0.14519896,0.14522286,0.1450471,0.14468259,0.14414018,0.14343083,0.14256535,0.14155467,0.14040968,0.13914125,0.1377603,0.13627768,0.13470434,0.13305108,0.13132891,0.12954864,0.12772115,0.12585734,0.12396818,0.12206447,0.12015714,0.11825703,0.11637513,0.114522256,0.11270928,0.11094718,0.10924676,0.107618935,0.10607461,0.10462469,0.10328003,0.1020709,0.101015285,0.1001056,0.09933434,0.09869391,0.098176785,0.09777543,0.097482264,0.09728974,0.097190365,0.09717653,0.0972407,0.09737532,0.09757286,0.09782574
0.077641845,0.07720817,0.07684345,0.076558575,0.07636441,0.076271854,0.07629182,0.07643517,0.07671281,0.07713558,0.07771441,0.078460194,0.07938377,0.08049607,0.08180798,0.08333038,0.08507413,0.086971186,0.08894123,0.09097666,0.09306998,0.09521362,0.097399995,0.09962161,0.1018709,0.10414033,0.10642233,0.10870938,0.11099389,0.11326834,0.115525186,0.117756866,0.11995583,0.12211454,0.12422548,0.12628105,0.12827374,0.13019595,0.13204017,0.1337989,0.13546449,0.13702945,0.13848627,0.13982728,0.14104508,0.14213201,0.1430806,0.14388324,0.14453243,0.14498806,0.14522228,0.14524604,0.14507023,0.14470567,0.14416328,0.14345397,0.14258863,0.14157811,0.14043331,0.13916515,0.13778445,0.13630214,0.13472913,0.13307627,0.13135447,0.12957457,0.12774754,0.12588419,0.123995446,0.12209218,0.12018529,0.11828565,0.116404176,0.11455169,0.11273919,0.11097744,0.109277405,0.107649945,0.10610594,0.10465633,0.103311926,0.10210305,0.10104761,0.10013813,0.09936699,0.098726705,0.09820968,0.09780839,0.0975153,0.09732284,0.09722345,0.09720962,0.09727377,0.09740838,0.09760587,0.09785872
0.077962175,0.07752947,0.07716558,0.07688132,0.076687604,0.07659527,0.076615185,0.076758206,0.0770352,0.07745704,0.078034595,0.0787787,0.07970024,0.08081008,0.08211906,0.08363804,0.08537792,0.08727079,0.08923653,0.09126759,0.09335641,0.09549551,0.097677305,0.099894255,0.102138884,0.10440361,0.10668086,0.10896315,0.11124293,0.11351266,0.11576483,0.11799181,0.12018619,0.12234036,0.12444679,0.12649794,0.12848626,0.13040428,0.13224438,0.1339991,0.13566083,0.13722207,0.13867529,0.1400129,0.14122748,0.14231135,0.14325705,0.14405702,0.14470378,0.14515732,0.14538996,0.14541262,0.14523612,0.1448713,0.14432909,0.14362028,0.1427558,0.14174649,0.14060315,0.13933674,0.13795806,0.13647799,0.13490742,0.13325717,0.13153815,0.12976116,0.1279371,0.12607688,0.124191254,0.12229116,0.12038744,0.11849097,0.1166126,0.11476324,0.11295365,0.11119479,0.109497465,0.107872576,0.10633097,0.10488348,0.10354103,0.10233382,0.1012799,0.10037168,0.099601634,0.09896223,0.09844594,0.09804522,0.09775252,0.097560324,0.09746107,0.097447254,0.09751133,0.097645745,0.09784297,0.09809546
0.0785826,0.07815177,0.07778943,0.07750642,0.077313535,0.0772216,0.07724143,0.07738383,0.077659644,0.078079656,0.07865471,0.079395585,0.080313146,0.08141816,0.08272149,0.08423391,0.085966274,0.087851025,0.089808434,0.09183099,0.09391119,0.096041486,0.09821438,0.10042235,0.102657884,0.10491344,0.107181564,0.10945467,0.11172526,0.11398586,0.116228916,0.118446924,0.12063232,0.12277766,0.124875374,0.12691797,0.12889795,0.13080777,0.1326399,0.13438685,0.13604109,0.1375951,0.13904138,0.14037243,0.14158069,0.14265867,0.14359881,0.14439364,0.14503565,0.14548518,0.14571477,0.14573523,0.14555742,0.14519213,0.14465016,0.14394239,0.14307956,0.14207251,0.1409321,0.13966909,0.1382943,0.13681859,0.13525271,0.13360757,0.13189387,0.1301225,0.12830427,0.12645002,0.12457048,0.122676544,0.12077899,0.11888866,0.11701635,0.11517287,0.11336908,0.11161575,0.1099237,0.10830377,0.10676672,0.10532347,0.10398475,0.102780834,0.10172974,0.10082399,0.10005606,0.09941839,0.09890349,0.09850384,0.09821197,0.09802028,0.097921304,0.09790754,0.097971424,0.098105475,0.09830215,0.09855397
0.07952742,0.07909943,0.07873949,0.078458354,0.07826674,0.0781754,0.0781951,0.07833658,0.07861055,0.079027794,0.07959905,0.08033503,0.08124651,0.08234424,0.083638944,0.08514136,0.086862266,0.08873465,0.0906794,0.092689015,0.09475604,0.096872926,0.099032275,0.10122652,0.103448234,0.1056899,0.10794405,0.110203184,0.11245983,0.11470649,0.11693569,0.1191399,0.12131171,0.123443626,0.1255281,0.12755768,0.12952487,0.13142222,0.13324219,0.13497736,0.1366202,0.13816322,0.13959892,0.1409199,0.1421186,0.14318755,0.14411926,0.14490625,0.14554106,0.14598443,0.14620934,0.14622653,0.14604673,0.14568068,0.14513914,0.14443287,0.14357263,0.14256907,0.14143305,0.1401752,0.13880636,0.13733722,0.13577858,0.13414112,0.13243558,0.1306728,0.12886344,0.12701824,0.125148,0.123263426,0.12137526,0.11949427,0.1176312,0.11579677,0.1140017,0.11225679,0.1105728,0.108960405,0.1074304,0.10599349,0.10466046,0.103461534,0.10241483,0.10151285,0.10074808,0.10011305,0.09960029,0.09920231,0.098911636,0.098720744,0.09862219,0.09860848,0.098672085,0.098805584,0.09900146,0.099252224
0.08082096,0.08039687,0.080040224,0.07976164,0.079571754,0.07948128,0.0795008,0.07964098,0.079912454,0.0803259,0.08089193,0.081621215,0.082524404,0.08361212,0.08489503,0.086383745,0.08808896,0.089944415,0.09187182,0.09386372,0.09591268,0.09801128,0.100152045,0.10232753,0.10453032,0.10675293,0.10898797,0.11122797,0.11346549,0.115693085,0.117903315,0.12008873,0.1222419,0.12435538,0.12642172,0.12843347,0.1303832,0.13226345,0.1340668,0.13578582,0.137413,0.138941,0.1403623,0.14166948,0.14285506,0.14391166,0.1448318,0.14560805,0.14623299,0.14666797,0.14688647,0.14689915,0.14671662,0.14634958,0.14580864,0.14510442,0.14424764,0.1432489,0.14211884,0.14086811,0.13950741,0.13804731,0.13649851,0.1348716,0.13317728,0.1314262,0.12962897,0.12779622,0.12593867,0.124066904,0.122191615,0.1203234,0.11847293,0.11665088,0.11486782,0.11313447,0.11146145,0.10985938,0.10833896,0.10691082,0.10558558,0.104393505,0.10335275,0.10245591,0.101695515,0.101064116,0.100554295,0.10015858,0.099869534,0.09967974,0.099581756,0.09956812,0.09963138,0.099764094,0.09995886,0.10020817
0.08248757,0.08206852,0.081716076,0.08144079,0.081253186,0.08116377,0.081183046,0.08132157,0.08158983,0.08199837,0.08255771,0.08327835,0.084170826,0.085245654,0.086513355,0.087984435,0.08966945,0.09150309,0.09340814,0.09537724,0.09740297,0.09947792,0.10159476,0.103746064,0.10592447,0.10812258,0.110332996,0.11254833,0.11476122,0.11696423,0.11915001,0.12131119,0.12344034,0.1255301,0.12757303,0.12956183,0.13148902,0.1333473,0.13512924,0.13682744,0.13843451,0.1399431,0.14134575,0.1426352,0.14380394,0.1448446,0.14574988,0.14651228,0.14712447,0.14754863,0.1477589,0.14776577,0.14757973,0.14721134,0.14667116,0.14596964,0.14511736,0.14412478,0.14300247,0.14176089,0.14041063,0.13896218,0.13742605,0.13581277,0.13413288,0.13239686,0.13061526,0.12879859,0.12695737,0.12510215,0.12324341,0.121391654,0.119557455,0.11775131,0.11598375,0.114265256,0.112606406,0.11101767,0.1095096,0.10809272,0.10677752,0.105594225,0.104561195,0.10367098,0.10291618,0.102289446,0.101783395,0.10139062,0.10110371,0.100915335,0.10081806,0.100804515,0.100867316,0.10099905,0.10119237,0.10143987
0.08455155,0.08413874,0.08379155,0.08352035,0.08333551,0.083247416,0.08326641,0.08340287,0.083667174,0.08406964,0.08462067,0.085330606,0.08620982,0.08726869,0.08851756,0.0899668,0.091626786,0.09343341,0.095310785,0.0972516,0.09924854,0.10129428,0.10338148,0.10550286,0.10765105,0.10981876,0.1119987,0.114183486,0.11636587,0.11853848,0.120694,0.12282512,0.12492452,0.12698491,0.12899894,0.13095924,0.13285859,0.1346896,0.13644499,0.13811742,0.13969958,0.14118414,0.14256378,0.1438312,0.14497904,0.14600004,0.14688681,0.1476321,0.14822856,0.1486393,0.14883932,0.148839,0.14864863,0.14827864,0.1477394,0.1470412,0.14619444,0.1452095,0.14409676,0.14286654,0.14152925,0.14009519,0.1385748,0.13697837,0.13531631,0.133599,0.13183677,0.13003996,0.128219,0.1263842,0.12454596,0.12271464,0.120900586,0.11911416,0.11736573,0.115665704,0.11402437,0.11245211,0.110959366,0.10955643,0.10825365,0.107081294,0.10605777,0.10517576,0.10442792,0.10380698,0.10330559,0.10291643,0.10263219,0.10244553,0.102349155,0.10233575,0.10239794,0.10252849,0.10272003,0.102965206
0.08703729,0.08663196,0.08629105,0.086024776,0.0858433,0.085756816,0.08577548,0.08590945,0.08616894,0.08656411,0.087105125,0.08780219,0.08866544,0.08970507,0.090931274,0.09235421,0.09398406,0.09575813,0.09760219,0.099508956,0.10147122,0.103481755,0.10553326,0.10761856,0.10973041,0.11186155,0.114004746,0.116152786,0.1182984,0.12043436,0.12255343,0.12464838,0.126712,0.12873696,0.13071613,0.1326422,0.13450797,0.13630617,0.13802958,0.139671,0.14122312,0.14267874,0.14403063,0.14527155,0.14639428,0.14739151,0.14825606,0.1489807,0.14955819,0.14995281,0.15014054,0.15013154,0.14993596,0.149564,0.14902586,0.14833164,0.1474916,0.14651589,0.14541465,0.1441981,0.1428764,0.1414597,0.1399582,0.1383821,0.13674158,0.13504675,0.13330784,0.13153496,0.1297384,0.12792824,0.1261147,0.12430793,0.122518145,0.12075546,0.11903012,0.11735223,0.11573206,0.11417967,0.11270532,0.11131918,0.11003139,0.10887218,0.10786011,0.106988,0.106248565,0.10563458,0.10513879,0.10475401,0.104472935,0.10428838,0.1041931,0.10417982,0.104241334,0.10437041,0.10455981,0.10480226
0.08996904,0.08957255,0.08923908,0.08897863,0.08880112,0.08871649,0.08873476,0.088865824,0.089119636,0.089506194,0.09003541,0.09071727,0.09156169,0.092578664,0.09377812,0.09517002,0.09676432,0.09850003,0.100304775,0.102171406,0.10409278,0.10606175,0.108071186,0.11011395,0.112182885,0.11427087,0.11637077,0.11847542,0.12057769,0.12267045,0.12474653,0.12679884,0.12882017,0.13080344,0.13274145,0.13462713,0.13645329,0.1382128,0.13989852,0.1415033,0.14302006,0.14444157,0.14576073,0.1469704,0.14806345,0.14903268,0.14987104,0.15057136,0.15112643,0.15150204,0.15167522,0.151656,0.15145427,0.15108003,0.15054314,0.1498537,0.14902155,0.14805667,0.14696902,0.14576858,0.14446527,0.14306907,0.14158991,0.14003776,0.13842256,0.13675426,0.13504285,0.13329825,0.13153042,0.12974933,0.12796493,0.12618715,0.124425925,0.122691296,0.12099315,0.11934145,0.11774616,0.11621722,0.114764616,0.11339827,0.11212815,0.11098442,0.1099859,0.10912544,0.10839589,0.10779011,0.107300974,0.106921315,0.106644005,0.10646192,0.1063679,0.1063548,0.1064155,0.10654284,0.10672971,0.10696892
0.09337122,0.09298497,0.09266013,0.0924064,0.09223348,0.09215107,0.092168845,0.0922965,0.09254378,0.09292031,0.093435846,0.09410005,0.09492264,0.0959133,0.09708173,0.09843759,0.09999066,0.10168183,0.103440955,0.10526098,0.10713491,0.10905569,0.11101628,0.11300968,0.115028866,0.11706679,0.11911642,0.1211707,0.123222694,0.1252653,0.1272915,0.12929429,0.1312666,0.13320147,0.13509174,0.13693054,0.13871072,0.14042534,0.14206733,0.14362963,0.14510527,0.14648719,0.14776838,0.14894179,0.15000041,0.1509372,0.15174513,0.15241715,0.1529463,0.1532998,0.15345618,0.15342505,0.15321618,0.15283924,0.15230392,0.15161991,0.15079693,0.14984465,0.1487728,0.14759104,0.1463091,0.14493665,0.14348339,0.14195904,0.14037324,0.13873579,0.13705625,0.13534443,0.13360998,0.1318626,0.13011199,0.12836783,0.12663986,0.12493771,0.123271145,0.12164982,0.12008343,0.1185817,0.117154285,0.11581093,0.114561304,0.11343558,0.112452745,0.11160582,0.110887736,0.110291496,0.10981005,0.109436356,0.10916342,0.10898419,0.10889166,0.10887876,0.1089385,0.10906384,0.10924777,0.10948321
0.09726806,0.09689358,0.09657862,0.09633262,0.096164964,0.09608504,0.09610228,0.09622607,0.09646581,0.0968309,0.09733074,0.09797475,0.0987723,0.09973283,0.1008657,0.10218034,0.10368615,0.10532632,0.107033186,0.10879985,0.11061942,0.11248498,0.11438965,0.1163265,0.11828868,0.12026923,0.12226129,0.124257974,0.12625232,0.1282375,0.13020656,0.13215263,0.13406877,0.13594815,0.1377838,0.13956888,0.14129645,0.14295961,0.14455149,0.14606515,0.14749373,0.1488303,0.15006799,0.15119986,0.15221903,0.15311863,0.1538917,0.1545314,0.15503079,0.155359,0.15549606,0.15545137,0.1552343,0.1548543,0.15432073,0.153643,0.1528305,0.15189268,0.15083888,0.14967851,0.14842103,0.14707579,0.1456522,0.14415969,0.14260761,0.14100541,0.13936244,0.13768816,0.13599193,0.13428317,0.13257127,0.13086563,0.1291757,0.12751079,0.12588039,0.124293834,0.12276057,0.12128997,0.11989147,0.11857443,0.117348276,0.116243154,0.11527832,0.11444688,0.11374194,0.1131566,0.11268397,0.112317115,0.11204918,0.111873224,0.11178238,0.111769736,0.11182838,0.11195142,0.11213197,0.11236312
0.101546034,0.10118572,0.1008827,0.100646,0.10048469,0.1004078,0.10042439,0.100543484,0.10077415,0.10112541,0.10160634,0.102225974,0.10299332,0.103917465,0.10500748,0.10627233,0.107721135,0.10929975,0.11094356,0.11264584,0.114399835,0.11619881,0.11803595,0.11990461,0.12179798,0.123709336,0.12563194,0.12755907,0.12948388,0.13139977,0.13329984,0.13517752,0.13702592,0.13883838,0.14060807,0.14232835,0.14399236,0.1455935,0.14712492,0.1485799,0.14995168,0.15123352,0.15241872,0.15350048,0.15447207,0.15532675,0.1560578,0.15665841,0.15712191,0.15741959,0.15753339,0.15747225,0.15724531,0.1568616,0.15633011,0.15565994,0.15486008,0.15393965,0.15290765,0.15177314,0.15054512,0.14923272,0.14784493,0.1463908,0.14487942,0.14331976,0.14172085,0.14009188,0.13844173,0.13677958,0.13511439,0.13345525,0.13181116,0.13019119,0.12860438,0.12705982,0.1255665,0.12413347,0.122769795,0.121484526,0.12028669,0.11920641,0.11826327,0.11745051,0.11676144,0.11618926,0.11572726,0.11536865,0.11510672,0.114934735,0.11484593,0.11483357,0.1148909,0.11501118,0.11518767,0.11541363
0.10605908,0.10571606,0.105427556,0.10520222,0.10504863,0.10497543,0.10499121,0.10510462,0.10532421,0.10565864,0.106116496,0.106706396,0.10743696,0.10831681,0.10935452,0.11055874,0.11193805,0.11344166,0.11500865,0.11663246,0.11830652,0.12002429,0.1217792,0.123564735,0.12537424,0.12720129,0.12903924,0.13088155,0.13272174,0.1345531,0.13636921,0.13816348,0.13992931,0.14166018,0.14334954,0.14499085,0.14657749,0.14810295,0.14956069,0.15094413,0.15224668,0.15346184,0.15458304,0.15560369,0.1565173,0.15731725,0.15799701,0.15855007,0.15896979,0.15923025,0.15931563,0.15923446,0.1589955,0.15860717,0.15807825,0.15741725,0.15663284,0.15573359,0.15472813,0.15362503,0.15243301,0.15116057,0.14981641,0.14840905,0.14694719,0.14543934,0.14389421,0.14232036,0.14072642,0.13912103,0.13751274,0.13591021,0.134322,0.13275677,0.13122314,0.12972964,0.128285,0.12689777,0.12557653,0.12432996,0.123166606,0.12211658,0.12119988,0.120409906,0.11974013,0.11918398,0.11873491,0.11838637,0.11813177,0.117964596,0.117878295,0.117866255,0.11792199,0.11803889,0.11821044,0.11843006
0.11078289,0.110459924,0.1101883,0.10997612,0.10983154,0.10976262,0.10977746,0.10988424,0.11009097,0.11040584,0.11083693,0.11139236,0.1120802,0.11290858,0.11388562,0.11501941,0.11631808,0.117734596,0.1192124,0.12074509,0.1223264,0.123949915,0.12560932,0.12729834,0.12901059,0.13073973,0.13247941,0.13422334,0.13596514,0.1376985,0.13941708,0.14111452,0.14278452,0.1444207,0.14601679,0.14756636,0.14906318,0.15050082,0.15187304,0.15317342,0.15439561,0.15553333,0.15658024,0.15752998,0.15837625,0.15911268,0.15973291,0.16023067,0.16059959,0.1608168,0.16086917,0.1607648,0.16051178,0.16011819,0.15959217,0.15894184,0.1581753,0.15730064,0.15632598,0.15525943,0.15410908,0.15288304,0.15158947,0.15023638,0.14883202,0.14738439,0.14590159,0.1443918,0.14286307,0.14132352,0.13978131,0.13824448,0.13672115,0.13521945,0.13374749,0.13231337,0.13092516,0.12959103,0.12831905,0.12711738,0.12599407,0.12497919,0.12409312,0.123329595,0.12268222,0.122144684,0.12171062,0.121373735,0.121127665,0.1209661,0.12088266,0.12087105,0.12092491,0.121037915,0.12120372,0.121415995
0.115693115,0.11539268,0.11513999,0.11494261,0.1148081,0.114743985,0.1147578,0.114857115,0.115049474,0.11534238,0.11574342,0.1162601,0.1169,0.11767061,0.11857953,0.11963426,0.12084238,0.122161165,0.123538814,0.12496926,0.12644643,0.12796414,0.12951636,0.13109703,0.13270001,0.13431925,0.13594863,0.1375821,0.13921352,0.14083682,0.1424459,0.1440347,0.14559707,0.14712699,0.14861834,0.15006499,0.15146095,0.1528,0.15407616,0.1552833,0.15641528,0.15746611,0.15842961,0.15929975,0.1600704,0.16073547,0.16128889,0.1617246,0.16203645,0.16220513,0.16222048,0.16209,0.1618212,0.16142164,0.16089891,0.16026056,0.15951404,0.15866695,0.15772687,0.15670128,0.15559778,0.15442383,0.15318704,0.15189494,0.15055503,0.14917496,0.14776218,0.14632422,0.14486872,0.14340311,0.141935,0.14047195,0.13902144,0.13759108,0.13618833,0.13482082,0.133496,0.13222149,0.13100483,0.12985353,0.12877515,0.12779967,0.12694807,0.12621418,0.12559195,0.12507528,0.12465809,0.12433429,0.12409779,0.12394249,0.12386227,0.12385112,0.12390289,0.1240115,0.12417088,0.12437489
0.1207655,0.12048969,0.12025774,0.12007656,0.119953096,0.11989424,0.11990695,0.11999811,0.12017465,0.12044352,0.12081165,0.12128592,0.12187331,0.12258071,0.12341501,0.124383196,0.12549216,0.12670389,0.12797193,0.12929037,0.13065347,0.13205536,0.1334902,0.13495225,0.13643566,0.13793455,0.13944319,0.14095566,0.1424662,0.14396898,0.14545819,0.14692801,0.14837253,0.14978608,0.15116277,0.15249677,0.15378223,0.15501337,0.15618436,0.15728939,0.15832263,0.15927824,0.16015041,0.16093338,0.16162127,0.1622082,0.16268848,0.1630562,0.16330555,0.16342106,0.16339587,0.16323675,0.16295072,0.16254465,0.1620255,0.1614002,0.16067566,0.15985876,0.15895651,0.1579758,0.1569235,0.1558066,0.154632,0.15340663,0.15213738,0.15083122,0.14949507,0.14813586,0.14676048,0.14537583,0.1439889,0.1426066,0.14123583,0.1398835,0.13855654,0.13726194,0.1360066,0.13479736,0.13364121,0.13254508,0.13151589,0.13058358,0.12976964,0.12906823,0.12847354,0.12797971,0.12758099,0.12727152,0.1270455,0.12689704,0.1268204,0.12680973,0.1268592,0.126963,0.1271153,0.12731034
0.12597565,0.12572634,0.12551665,0.12535286,0.12524122,0.12518804,0.1251995,0.12528192,0.12544154,0.1256846,0.12601739,0.12644613,0.12697712,0.1276166,0.12837084,0.12924606,0.13024858,0.13134539,0.13249569,0.1336939,0.13493454,0.13621205,0.1375209,0.13885559,0.14021052,0.14158025,0.14295918,0.14434177,0.14572255,0.14709593,0.14845641,0.14979845,0.15111654,0.15240511,0.15365864,0.15487161,0.15603851,0.15715379,0.15821186,0.15920724,0.16013445,0.16098787,0.16176201,0.16245131,0.16305031,0.16355342,0.16395505,0.16424978,0.16443208,0.16449052,0.1644217,0.1642319,0.16392732,0.16351426,0.16299894,0.1623877,0.16168667,0.16090226,0.16004057,0.15910801,0.15811075,0.15705508,0.15594725,0.15479352,0.15360013,0.15237339,0.15111949,0.14984474,0.1485554,0.14725769,0.14595792,0.14466229,0.14337714,0.14210863,0.1408631,0.13964675,0.13846594,0.1373268,0.13623561,0.13519871,0.13422234,0.13333637,0.13256286,0.13189632,0.13133118,0.13086191,0.13048299,0.13018893,0.12997411,0.12983304,0.1297602,0.12975004,0.12979709,0.12989573,0.13004048,0.13022579
0.13129929,0.13107795,0.13089179,0.1307464,0.13064729,0.13060008,0.13061024,0.13068339,0.13082513,0.1310409,0.13133635,0.131717,0.13218841,0.13275616,0.13342577,0.13420281,0.13509284,0.13606824,0.13709414,0.13816532,0.13927656,0.14042267,0.1415984,0.14279848,0.14401777,0.14525096,0.14649287,0.14773825,0.1489819,0.15021859,0.15144308,0.15265013,0.15383455,0.15499112,0.15611456,0.1571997,0.1582413,0.15923408,0.1601729,0.16105245,0.16186759,0.16261303,0.16328356,0.16387397,0.16437905,0.16479349,0.16511215,0.16532978,0.16544114,0.1654393,0.16532442,0.16510214,0.16477798,0.16435751,0.16384628,0.16324982,0.16257371,0.16182354,0.16100481,0.16012308,0.15918398,0.15819299,0.15715568,0.15607764,0.15496436,0.1538215,0.15265454,0.15146905,0.15027063,0.14906473,0.14785703,0.14665304,0.14545828,0.14427835,0.14311883,0.1419852,0.14088304,0.13981795,0.13879548,0.13782115,0.13690054,0.13606353,0.13533275,0.13470303,0.13416912,0.13372579,0.13336782,0.13308996,0.132887,0.13275379,0.13268496,0.13267538,0.1327198,0.132813,0.13294974,0.1331248
0.13671215,0.13651994,0.13635828,0.13623202,0.13614595,0.13610494,0.13611382,0.13617733,0.13630038,0.13648778,0.1367443,0.13707481,0.13748415,0.13797712,0.13855855,0.13923326,0.14000611,0.14085494,0.14175123,0.14269005,0.14366649,0.14467569,0.14571261,0.14677252,0.14785036,0.14894132,0.15004048,0.15114287,0.15224364,0.15333785,0.15442064,0.15548705,0.15653221,0.1575512,0.15853907,0.15949099,0.160402,0.16126719,0.1620817,0.16284059,0.16353895,0.16417187,0.16473445,0.16522178,0.16562895,0.16595107,0.1661832,0.16632047,0.16635796,0.16629322,0.16613042,0.16587429,0.16552973,0.16510153,0.16459449,0.1640135,0.16336331,0.16264886,0.16187483,0.16104615,0.16016759,0.15924399,0.15828018,0.15728098,0.15625125,0.15519577,0.15411939,0.15302691,0.15192318,0.15081298,0.14970122,0.14859267,0.14749216,0.14640452,0.14533456,0.14428712,0.14326704,0.1422791,0.14132814,0.14041905,0.13955657,0.13877054,0.13808432,0.13749295,0.1369916,0.1365753,0.1362391,0.1359782,0.13578762,0.1356625,0.13559788,0.1355889,0.1356306,0.1357181,0.13584653,0.13601092
0.14218979,0.14202759,0.14189118,0.14178464,0.141712,0.14167742,0.14168486,0.14173847,0.14184234,0.14200042,0.14221692,0.14249587,0.14284128,0.14325733,0.14374799,0.14431736,0.14496955,0.14568815,0.14645101,0.14725362,0.14809126,0.14895947,0.1498536,0.15076913,0.1517015,0.152646,0.1535982,0.1545534,0.1555071,0.15645467,0.15739156,0.15831323,0.15921499,0.16009237,0.16094074,0.16175552,0.16253212,0.16326603,0.16395253,0.16458717,0.16516533,0.16568245,0.16613388,0.16651511,0.16682154,0.16704862,0.16719168,0.16724622,0.16720767,0.16707824,0.16686605,0.16657513,0.16620952,0.16577336,0.16527067,0.16470556,0.16408211,0.16340432,0.16267636,0.16190222,0.16108601,0.16023178,0.15934363,0.15842561,0.1574818,0.1565163,0.15553315,0.15453643,0.15353018,0.15251854,0.15150549,0.15049519,0.14949167,0.14849903,0.14752126,0.14656255,0.1456269,0.1447184,0.14384109,0.14299908,0.14219646,0.14146294,0.14082256,0.14027074,0.13980281,0.13941431,0.13910057,0.1388571,0.13867925,0.13856247,0.13850218,0.13849378,0.13853271,0.13861437,0.13873422,0.13888763
0.14770797,0.14757633,0.14746559,0.1473791,0.14732018,0.14729206,0.14729816,0.14734164,0.14742595,0.14755428,0.14773002,0.14795645,0.14823683,0.1485745,0.1489728,0.149435,0.14996435,0.1505504,0.1511775,0.15184136,0.15253778,0.15326253,0.15401131,0.15477993,0.15556413,0.15635963,0.1571622,0.15796761,0.15877162,0.15956996,0.16035838,0.1611327,0.16188854,0.16262178,0.16332814,0.16400331,0.16464314,0.16524334,0.16579963,0.1663078,0.16676365,0.16716287,0.16750121,0.16777444,0.16797833,0.16810863,0.16816106,0.16813141,0.16801545,0.16782016,0.1675577,0.16723134,0.16684434,0.16640006,0.16590181,0.16535288,0.16475657,0.1641162,0.16343503,0.16271645,0.16196369,0.16118011,0.16036892,0.15953356,0.15867724,0.1578033,0.15691501,0.15601574,0.15510873,0.1541973,0.15328479,0.15237448,0.15146971,0.15057372,0.14968985,0.1488214,0.1479717,0.14714403,0.1463417,0.14556801,0.14482626,0.14414617,0.14355244,0.1430408,0.14260699,0.14224678,0.14195593,0.14173016,0.14156528,0.14145702,0.1414011,0.1413933,0.1414294,0.14150514,0.14161623,0.14175849
0.1532424,0.15314147,0.15305662,0.15299034,0.15294518,0.15292364,0.15292826,0.15296163,0.15302621,0.15312459,0.15325928,0.1534328,0.15364768,0.1539065,0.15421176,0.15456598,0.15497172,0.15542425,0.15591457,0.15643884,0.156993,0.15757327,0.15817569,0.15879637,0.15943138,0.16007681,0.16072878,0.16138332,0.1620366,0.16268463,0.16332352,0.16394942,0.16455838,0.16514646,0.16570978,0.16624443,0.16674653,0.16721207,0.16763724,0.1680181,0.16835073,0.16863121,0.16885564,0.16902016,0.16912076,0.16915362,0.16911478,0.16900034,0.16880643,0.16854483,0.16823171,0.16786967,0.16746114,0.16700874,0.16651493,0.16598228,0.16541335,0.1648106,0.16417663,0.16351394,0.16282508,0.16211262,0.16137895,0.16062678,0.15985857,0.15907681,0.15828411,0.15748295,0.15667589,0.15586542,0.15505412,0.15424451,0.15343913,0.1526405,0.15185116,0.15107363,0.15031049,0.1495642,0.14883736,0.14813244,0.14745203,0.14682575,0.14627898,0.14580785,0.14540835,0.14507663,0.1448088,0.14460088,0.14444908,0.14434934,0.14429787,0.14429069,0.14432393,0.14439368,0.14449596,0.14462695
0.15876873,0.15869844,0.15863937,0.1585932,0.15856172,0.15854675,0.15854996,0.1585732,0.1586182,0.15868665,0.15878046,0.15890129,0.15905091,0.1592311,0.15944366,0.1596903,0.15997282,0.16029233,0.16064638,0.16103142,0.16144389,0.16188018,0.16233674,0.16281,0.16329637,0.16379224,0.16429406,0.1647983,0.16530134,0.16579962,0.16628954,0.16676754,0.16723007,0.16767351,0.16809432,0.1684889,0.16885369,0.16918512,0.1694796,0.16973352,0.1699434,0.17010558,0.17021655,0.17027266,0.17027041,0.17020613,0.17007634,0.16987744,0.16960582,0.16927813,0.1689146,0.16851695,0.16808699,0.1676264,0.16713704,0.16662064,0.16607895,0.16551372,0.16492675,0.16431983,0.16369462,0.163053,0.16239665,0.16172737,0.16104692,0.16035706,0.15965961,0.1589562,0.15824871,0.15753888,0.15682843,0.15611917,0.15541285,0.15471125,0.1540161,0.15332918,0.15265226,0.15198708,0.15133545,0.15069911,0.15007982,0.14950718,0.14900722,0.14857641,0.1482111,0.14790781,0.14766288,0.14747281,0.14733396,0.14724278,0.14719571,0.14718917,0.14721957,0.14728332,0.1473769,0.14749664
0.16426258,0.16422252,0.16418882,0.16416255,0.16414464,0.16413608,0.16413791,0.16415118,0.16417678,0.16421583,0.16426925,0.16433813,0.1644234,0.16452612,0.16464724,0.16478781,0.1649488,0.16513714,0.16535683,0.16560464,0.16587737,0.16617168,0.16648442,0.16681229,0.16715206,0.1675005,0.16785431,0.16821031,0.16856523,0.16891581,0.16925882,0.16959102,0.16990915,0.17020999,0.17049025,0.17074674,0.17097616,0.17117533,0.17134094,0.17146978,0.17155856,0.17160411,0.1716031,0.17155239,0.17144866,0.17128865,0.17106916,0.17078696,0.17043874,0.17004591,0.16963264,0.16919988,0.16874877,0.16828018,0.1677952,0.1672948,0.16678,0.16625181,0.16571116,0.16515918,0.16459677,0.164025,0.16344485,0.16285732,0.16226344,0.1616642,0.16106059,0.16045363,0.15984432,0.15923369,0.15862271,0.15801242,0.15740377,0.15679781,0.15619554,0.15559798,0.15500611,0.15442094,0.15384345,0.1532747,0.15271567,0.1521959,0.15174212,0.15135105,0.15101953,0.1507442,0.15052192,0.15034938,0.15022334,0.15014061,0.15009788,0.15009195,0.15011953,0.15017737,0.15026228,0.15037103
0.16969971,0.16968913,0.16968025,0.1696733,0.16966857,0.1696663,0.1696668,0.16967027,0.16967705,0.16968736,0.16970146,0.16971967,0.1697422,0.16976932,0.16980125,0.16983838,0.16988088,0.16994129,0.17002995,0.17014395,0.17028035,0.17043625,0.1706087,0.17079479,0.17099163,0.17119624,0.1714057,0.17161715,0.17182761,0.17203414,0.17223391,0.17242393,0.17260124,0.17276298,0.17290619,0.17302799,0.17312543,0.17319557,0.1732355,0.1732423,0.17321306,0.17314486,0.17303471,0.17287976,0.1726771,0.17242374,0.17211674,0.1717533,0.17133039,0.170874,0.17041221,0.16994528,0.16947353,0.16899711,0.16851643,0.16803163,0.16754304,0.16705093,0.16655551,0.16605711,0.16555594,0.16505228,0.16454646,0.16403869,0.1635292,0.16301832,0.16250627,0.16199335,0.16147983,0.16096592,0.16045196,0.15993813,0.15942478,0.15891212,0.15840045,0.15788996,0.15738107,0.15687388,0.15636873,0.15586591,0.15536563,0.1548974,0.15448867,0.15413642,0.15383779,0.15358976,0.15338953,0.1532341,0.15312059,0.15304606,0.15300758,0.15300217,0.15302706,0.15307917,0.15315565,0.1532536
0.17505576,0.1750736,0.17508858,0.17510031,0.17510831,0.17511208,0.17511126,0.17510538,0.17509395,0.17507659,0.17505278,0.17502213,0.17498417,0.17493844,0.17488453,0.17482193,0.17475025,0.17468734,0.17464972,0.17463474,0.1746398,0.17466229,0.17469954,0.17474902,0.17480806,0.17487408,0.17494448,0.17501657,0.17508784,0.1751556,0.17521727,0.1752702,0.17531183,0.17533955,0.17535068,0.17534266,0.17531288,0.17525873,0.17517753,0.17506675,0.17492372,0.17474592,0.17453058,0.17427519,0.17397715,0.17363383,0.17324257,0.17280084,0.17230591,0.1717883,0.17127973,0.17077987,0.17028823,0.16980432,0.1693277,0.16885795,0.16839464,0.16793728,0.16748546,0.1670387,0.16659658,0.16615859,0.16572437,0.16529343,0.16486529,0.16443957,0.16401578,0.16359349,0.16317222,0.1627516,0.16233107,0.16191028,0.16148874,0.16106601,0.1606416,0.16021514,0.15978612,0.15935415,0.15891871,0.15847942,0.15803578,0.15761727,0.15725188,0.15693703,0.1566701,0.15644842,0.15626945,0.1561305,0.15602905,0.15596241,0.155928,0.15592319,0.15594542,0.15599202,0.1560604,0.15614793
0.18030648,0.1803513,0.180389,0.18041848,0.18043856,0.18044811,0.18044604,0.18043123,0.18040253,0.18035881,0.18029895,0.18022187,0.18012635,0.18001138,0.17987573,0.17971833,0.17953801,0.17935789,0.17920019,0.17906253,0.17894264,0.17883824,0.17874694,0.17866647,0.17859451,0.1785287,0.17846678,0.17840639,0.17834525,0.178281,0.17821136,0.17813398,0.17804654,0.17794678,0.1778323,0.17770085,0.17755006,0.17737767,0.17718132,0.17695865,0.17670746,0.17642532,0.17611,0.17575912,0.17537035,0.17494148,0.17447005,0.17395385,0.1733905,0.17281465,0.17226164,0.17173046,0.17121984,0.17072879,0.17025612,0.1698007,0.16936138,0.16893712,0.16852672,0.16812909,0.16774307,0.16736756,0.16700147,0.1666436,0.16629286,0.16594815,0.16560827,0.16527218,0.1649387,0.16460674,0.16427517,0.16394277,0.16360855,0.16327132,0.16292998,0.16258338,0.16223037,0.16186991,0.16150078,0.1611219,0.16073215,0.16036092,0.16003679,0.1597575,0.15952069,0.15932406,0.1591653,0.15904208,0.15895206,0.15889293,0.15886244,0.15885818,0.1588779,0.15891922,0.15897986,0.15905751
0.18542747,0.18549761,0.1855566,0.18560265,0.18563409,0.18564901,0.1856458,0.18562263,0.18557774,0.18550937,0.18541571,0.18529513,0.18514574,0.18496585,0.18475367,0.18450747,0.18422545,0.18393548,0.18366526,0.18341272,0.18317585,0.18295257,0.18274087,0.18253869,0.182344,0.18215473,0.18196888,0.1817844,0.18159923,0.18141136,0.18121868,0.18101925,0.18081093,0.18059176,0.1803596,0.1801125,0.17984842,0.17956527,0.179261,0.17893364,0.17858106,0.17820129,0.17779224,0.17735192,0.17687823,0.17636918,0.17582269,0.17523675,0.17460927,0.17397888,0.17338426,0.1728237,0.1722954,0.17179763,0.17132862,0.1708866,0.17046987,0.17007658,0.169705,0.16935338,0.16901995,0.16870297,0.16840066,0.16811126,0.167833,0.16756414,0.16730292,0.16704755,0.1667963,0.16654737,0.16629906,0.16604955,0.16579713,0.16554002,0.16527642,0.16500466,0.16472287,0.16442937,0.16412236,0.16380006,0.16346076,0.16313381,0.16284838,0.1626024,0.16239385,0.16222067,0.16208082,0.16197231,0.16189303,0.16184096,0.1618141,0.16181032,0.1618277,0.16186409,0.16191752,0.16198592
0.19039445,0.19048786,0.19056642,0.19062778,0.19066957,0.1906895,0.1906852,0.19065434,0.19059455,0.19050352,0.19037884,0.19021818,0.19001926,0.18977971,0.18949714,0.18916924,0.18879366,0.18840271,0.18802902,0.18767083,0.18732631,0.18699373,0.18667127,0.18635716,0.1860496,0.18574677,0.18544698,0.18514833,0.18484911,0.18454751,0.18424171,0.18393,0.18361051,0.18328151,0.18294117,0.18258774,0.1822194,0.1818344,0.18143094,0.18100719,0.18056144,0.18009187,0.17959665,0.17907402,0.17852224,0.17793946,0.17732392,0.17667383,0.17598742,0.17530686,0.17467397,0.1740864,0.17354184,0.17303795,0.17257233,0.17214268,0.17174661,0.17138185,0.171046,0.1707367,0.17045163,0.17018844,0.16994481,0.16971837,0.1695068,0.16930772,0.1691188,0.16893771,0.16876207,0.16858958,0.16841784,0.16824454,0.16806737,0.16788393,0.16769189,0.1674889,0.16727263,0.16704072,0.16679084,0.1665206,0.16622773,0.1659415,0.16569164,0.16547628,0.16529371,0.16514209,0.16501969,0.16492468,0.16485529,0.1648097,0.16478619,0.1647829,0.1647981,0.16482995,0.16487673,0.1649366
0.19518311,0.19529742,0.19539356,0.19546868,0.19551986,0.19554426,0.19553898,0.19550116,0.19542801,0.19531657,0.19516398,0.19496737,0.19472392,0.19443071,0.19408487,0.19368356,0.1932239,0.19274214,0.19227545,0.19182226,0.191381,0.19095019,0.19052815,0.19011343,0.18970442,0.18929951,0.18889725,0.18849602,0.18809426,0.18769044,0.18728296,0.18687028,0.1864509,0.18602315,0.18558553,0.18513653,0.18467449,0.18419795,0.18370527,0.18319495,0.18266542,0.1821151,0.18154241,0.18094587,0.18032384,0.17967483,0.17899725,0.17828952,0.17755009,0.17682445,0.17615718,0.1755454,0.17498617,0.17447679,0.17401418,0.17359564,0.17321822,0.17287907,0.17257531,0.17230408,0.17206249,0.17184773,0.17165685,0.17148702,0.17133537,0.17119904,0.1710751,0.17096078,0.17085312,0.1707493,0.17064646,0.17054167,0.17043214,0.17031491,0.17018718,0.17004606,0.16988866,0.16971216,0.16951361,0.16929023,0.16903907,0.16878945,0.16857155,0.16838376,0.16822453,0.16809234,0.16798556,0.16790272,0.16784221,0.16780247,0.16778195,0.16777909,0.16779232,0.16782014,0.16786093,0.1679131
0.1997691,0.19990167,0.20001315,0.20010023,0.20015958,0.20018786,0.20018175,0.20013794,0.2000531,0.19992386,0.19974692,0.19951895,0.19923665,0.19889665,0.19849563,0.19803026,0.19749726,0.1969363,0.1963885,0.1958525,0.19532688,0.19481033,0.19430147,0.193799,0.19330147,0.19280754,0.19231594,0.19182521,0.19133401,0.190841,0.19034487,0.18984418,0.18933758,0.18882373,0.18830132,0.18776889,0.18722521,0.18666877,0.18609832,0.18551247,0.18490987,0.18428913,0.18364891,0.18298787,0.18230459,0.1815978,0.1808661,0.18010812,0.1793225,0.17855753,0.17786025,0.17722732,0.17665537,0.17614116,0.17568125,0.17527243,0.17491126,0.17459443,0.17431873,0.1740807,0.17387705,0.17370446,0.17355964,0.17343919,0.17333981,0.1732582,0.17319103,0.1731349,0.17308655,0.17304264,0.17299984,0.17295487,0.17290433,0.17284486,0.17277324,0.17268607,0.17258005,0.17245185,0.17229813,0.17211556,0.17190084,0.17168318,0.17149316,0.1713294,0.17119053,0.17107527,0.17098217,0.17090994,0.17085718,0.1708225,0.17080462,0.17080213,0.17081366,0.17083791,0.17087348,0.170919
0.20412813,0.20427595,0.20440024,0.20449735,0.20456351,0.20459507,0.20458825,0.2045394,0.20444477,0.20430067,0.2041034,0.20384923,0.20353442,0.20315534,0.20270817,0.20218931,0.20159496,0.20096783,0.20035222,0.199747,0.19915086,0.19856265,0.19798122,0.19740535,0.19683385,0.19626555,0.19569923,0.19513367,0.19456773,0.19400023,0.19342995,0.19285564,0.1922762,0.1916904,0.19109704,0.19049494,0.18988293,0.18925975,0.1886243,0.1879753,0.18731162,0.18663204,0.18593535,0.18522042,0.18448597,0.1837309,0.18295394,0.18215397,0.18132974,0.18053196,0.1798096,0.17915902,0.17857647,0.1780582,0.17760058,0.17719981,0.17685226,0.1765542,0.1763019,0.1760916,0.1759197,0.17578241,0.17567609,0.1755969,0.17554125,0.1755054,0.17548561,0.1754782,0.17547944,0.17548563,0.17549309,0.17549804,0.17549679,0.17548567,0.17546093,0.17541894,0.17535584,0.17526805,0.17515177,0.17500335,0.17481908,0.17462815,0.17446141,0.17431776,0.174196,0.17409486,0.1740132,0.17394978,0.1739035,0.17387313,0.17385744,0.17385523,0.17386536,0.17388663,0.17391784,0.17395774
0.20823586,0.20839562,0.20852995,0.2086349,0.20870641,0.20874049,0.20873316,0.20868035,0.2085781,0.20842236,0.20820914,0.20793445,0.20759423,0.20718454,0.2067013,0.20614056,0.20549822,0.2048193,0.20415062,0.20349118,0.20283982,0.20219558,0.20155734,0.20092404,0.20029466,0.1996681,0.19904332,0.19841923,0.19779477,0.19716892,0.1965406,0.19590873,0.19527228,0.19463013,0.1939813,0.19332466,0.19265914,0.19198377,0.1912974,0.19059902,0.18988754,0.18916191,0.18842109,0.18766393,0.18688945,0.18609661,0.1852843,0.18445146,0.183597,0.18277356,0.18203162,0.18136723,0.18077634,0.180255,0.17979914,0.17940472,0.17906787,0.17878446,0.17855048,0.17836198,0.1782149,0.17810524,0.17802903,0.17798218,0.1779608,0.17796074,0.17797808,0.1780088,0.17804885,0.1780943,0.17814104,0.17818514,0.1782225,0.17824923,0.17826124,0.1782545,0.17822506,0.1781689,0.17808196,0.17796028,0.17779985,0.17762983,0.17748138,0.17735347,0.17724502,0.17715499,0.17708229,0.17702581,0.17698464,0.17695756,0.17694359,0.17694163,0.17695063,0.17696959,0.17699735,0.17703292
0.21206802,0.21223605,0.21237738,0.21248774,0.21256296,0.21259885,0.21259111,0.21253556,0.212428,0.21226418,0.2120399,0.21175095,0.21139303,0.21096207,0.21045375,0.20986384,0.20918816,0.20847324,0.2077677,0.20707054,0.2063808,0.20569757,0.20501982,0.20434661,0.20367697,0.20300987,0.20234442,0.20167965,0.20101449,0.20034806,0.1996794,0.19900748,0.19833134,0.19765006,0.19696261,0.19626807,0.1955654,0.19485368,0.19413194,0.19339922,0.19265452,0.19189686,0.19112527,0.19033886,0.18953656,0.18871747,0.18788058,0.18702488,0.18614948,0.18530819,0.18455265,0.18387869,0.18328206,0.18275857,0.18230394,0.18191403,0.1815846,0.18131137,0.1810902,0.18091685,0.18078704,0.18069665,0.18064138,0.18061711,0.18061948,0.1806444,0.18068756,0.18074486,0.18081191,0.18088463,0.18095875,0.18103005,0.18109433,0.18114735,0.1811849,0.18120277,0.18119672,0.18116258,0.1810961,0.18099302,0.18084918,0.18069375,0.18055804,0.18044108,0.18034193,0.1802596,0.18019308,0.18014154,0.18010384,0.18007909,0.18006629,0.18006453,0.18007277,0.18009008,0.18011548,0.18014798
0.21560024,0.21577258,0.21591757,0.2160308,0.216108,0.21614477,0.21613684,0.21607985,0.2159695,0.21580146,0.21557137,0.21527494,0.21490785,0.21446571,0.21394427,0.21333914,0.21264602,0.21191223,0.21118738,0.21047051,0.20976071,0.20905705,0.20835863,0.20766452,0.20697379,0.20628549,0.20559882,0.20491269,0.20422626,0.20353861,0.20284882,0.20215592,0.20145904,0.20075724,0.2000496,0.1993352,0.1986131,0.19788241,0.19714214,0.19639142,0.19562936,0.19485494,0.19406734,0.19326559,0.19244877,0.19161594,0.19076619,0.18989864,0.18901229,0.1881617,0.18739912,0.18672018,0.18612058,0.18559599,0.18514208,0.18475452,0.18442902,0.18416119,0.18394674,0.18378134,0.18366066,0.18358032,0.1835361,0.18352358,0.18353848,0.18357648,0.18363325,0.1837044,0.18378568,0.18387267,0.18396117,0.18404673,0.18412511,0.18419196,0.1842429,0.1842737,0.18427995,0.18425736,0.18420154,0.18410829,0.18397316,0.18382537,0.18369636,0.18358518,0.18349092,0.18341264,0.18334942,0.18330038,0.18326454,0.18324098,0.18322885,0.18322717,0.18323502,0.18325147,0.1832756,0.18330652
0.21880819,0.21898066,0.21912567,0.21923892,0.21931614,0.21935293,0.21934497,0.219288,0.2191776,0.2190095,0.21877937,0.2184828,0.21811555,0.21767329,0.21715163,0.21654627,0.21585292,0.21511886,0.2143937,0.21367656,0.21296644,0.21226247,0.21156377,0.21086931,0.21017827,0.20948966,0.2088026,0.20811617,0.2074294,0.20674141,0.20605128,0.20535809,0.20466086,0.20395878,0.20325083,0.2025361,0.20181373,0.20108272,0.20034222,0.19959128,0.19882897,0.19805431,0.19726652,0.19646457,0.1956476,0.19481461,0.19396473,0.19309705,0.19221064,0.19136,0.19059739,0.18991847,0.1893189,0.18879437,0.18834057,0.18795311,0.18762776,0.18736008,0.18714581,0.18698058,0.1868601,0.18678,0.18673602,0.18672377,0.18673892,0.1867772,0.18683422,0.18690565,0.18698719,0.1870745,0.18716326,0.18724915,0.1873278,0.18739492,0.18744615,0.18747717,0.1874837,0.18746135,0.18740578,0.18731274,0.18717782,0.18703024,0.18690136,0.18679032,0.18669617,0.186618,0.18655488,0.18650588,0.18647009,0.1864466,0.18643446,0.18643276,0.18644059,0.18645704,0.18648115,0.18651204
0.22166757,0.22183555,0.22197674,0.22208703,0.22216219,0.22219804,0.22219029,0.22213478,0.2220273,0.22186364,0.22163953,0.22135076,0.22099319,0.22056253,0.22005461,0.21946518,0.21879007,0.2180757,0.21737072,0.2166741,0.21598497,0.2153023,0.21462516,0.21395251,0.21328342,0.2126169,0.21195205,0.21128784,0.21062326,0.20995744,0.20928931,0.20861799,0.20794241,0.20726168,0.20657483,0.20588082,0.20517872,0.20446762,0.20374645,0.20301424,0.20227012,0.20151305,0.20074207,0.1999562,0.19915448,0.19833593,0.19749962,0.1966445,0.19576967,0.19492888,0.19417383,0.19350028,0.19290395,0.19238074,0.19192638,0.19153664,0.1912073,0.19093417,0.19071305,0.19053967,0.19040987,0.1903194,0.19026406,0.19023962,0.1902419,0.19026664,0.19030963,0.1903667,0.19043358,0.19050613,0.19058007,0.19065115,0.19071525,0.19076808,0.19080548,0.19082321,0.19081706,0.19078276,0.19071619,0.19061308,0.19046922,0.19031376,0.19017804,0.19006109,0.18996194,0.18987961,0.18981312,0.18976153,0.18972383,0.18969908,0.18968633,0.18968455,0.1896928,0.18971008,0.18973549,0.18976802
0.22415414,0.22431259,0.22444582,0.22454993,0.22462088,0.2246547,0.2246474,0.22459504,0.22449358,0.22433911,0.22412767,0.22385515,0.22351772,0.2231113,0.22263199,0.22207575,0.22143863,0.2207653,0.22010234,0.2194487,0.21880326,0.21816498,0.21753281,0.2169056,0.21628234,0.21566196,0.21504337,0.2144255,0.21380723,0.21318753,0.21256539,0.2119396,0.21130921,0.21067311,0.21003015,0.20937935,0.20871961,0.20804986,0.20736901,0.20667602,0.20596977,0.20524922,0.2045133,0.20376088,0.20299098,0.20220242,0.20139426,0.20056528,0.19971453,0.19889425,0.19815485,0.19749239,0.19690283,0.1963822,0.19592659,0.19553192,0.19519427,0.19490968,0.19467415,0.19448373,0.19433433,0.19422212,0.19414304,0.19409315,0.19406848,0.19406494,0.19407867,0.1941057,0.19414194,0.19418357,0.19422646,0.19426672,0.19430035,0.19432338,0.19433182,0.19432169,0.19428904,0.19422983,0.19414017,0.19401598,0.1938534,0.1936815,0.19353142,0.19340211,0.19329248,0.1932014,0.19312793,0.19307086,0.19302918,0.19300178,0.19298767,0.19298574,0.19299482,0.19301398,0.19304202,0.19307801
0.22624348,0.22638726,0.22650816,0.22660257,0.22666693,0.22669758,0.22669098,0.22664346,0.22655146,0.2264113,0.22621945,0.22597222,0.22566605,0.22529736,0.22486249,0.22435783,0.22377981,0.22317027,0.22257264,0.22198571,0.22140819,0.22083895,0.22027665,0.21972013,0.21916813,0.21861938,0.21807273,0.21752693,0.21698067,0.21643275,0.21588199,0.21532707,0.21476687,0.21420005,0.21362543,0.21304178,0.21244785,0.21184237,0.21122423,0.21059209,0.20994473,0.20928092,0.20859946,0.20789906,0.20717855,0.20643665,0.20567216,0.20488378,0.20407039,0.20328192,0.20256685,0.20192155,0.20134239,0.2008258,0.20036815,0.19996586,0.19961527,0.1993128,0.19905482,0.1988378,0.19865803,0.19851196,0.19839594,0.19830641,0.19823974,0.19819228,0.19816051,0.19814073,0.19812939,0.19812283,0.19811754,0.19810978,0.19809604,0.19807267,0.19803606,0.19798261,0.19790868,0.19781072,0.19768511,0.1975282,0.1973364,0.19713894,0.19696648,0.1968179,0.19669192,0.19658734,0.19650288,0.19643734,0.19638947,0.196358,0.19634175,0.19633952,0.19635,0.19637199,0.19640423,0.19644555
0.22791132,0.22803482,0.22813869,0.2282198,0.22827506,0.22830145,0.22829574,0.22825496,0.22817588,0.22805549,0.22789066,0.22767828,0.22741526,0.22709848,0.22672488,0.22629134,0.22579478,0.22527313,0.22476557,0.2242706,0.22378677,0.22331262,0.22284673,0.2223876,0.22193378,0.2214839,0.22103636,0.22058986,0.22014283,0.21969391,0.21924157,0.21878435,0.21832089,0.21784966,0.2173692,0.2168781,0.21637486,0.21585812,0.21532631,0.21477805,0.21421182,0.21362628,0.21301985,0.21239114,0.21173872,0.21106105,0.21035676,0.20962436,0.20886245,0.2081178,0.20743619,0.20681453,0.20624973,0.20573865,0.20527819,0.20486528,0.20449682,0.2041697,0.20388079,0.20362705,0.20340532,0.20321254,0.20304559,0.2029014,0.20277683,0.20266882,0.2025742,0.20248996,0.20241292,0.20234002,0.20226815,0.20219423,0.20211513,0.20202777,0.20192905,0.20181583,0.20168507,0.20153362,0.20135842,0.20115633,0.20092432,0.20069148,0.20048822,0.20031308,0.20016459,0.20004131,0.19994172,0.19986445,0.19980802,0.19977093,0.19975178,0.19974914,0.19976148,0.1997874,0.19982544,0.19987415
0.22913331,0.22923066,0.22931254,0.22937654,0.22942008,0.22944085,0.2294364,0.22940421,0.22934186,0.22924696,0.229117,0.22894958,0.2287422,0.22849248,0.22819798,0.22785619,0.22746469,0.22705653,0.22666518,0.22628886,0.22592586,0.22557448,0.22523294,0.22489952,0.22457244,0.22425003,0.2239305,0.22361211,0.2232932,0.22297195,0.22264661,0.22231549,0.22197686,0.22162895,0.22127,0.22089836,0.2205122,0.22010979,0.2196895,0.21924947,0.21878794,0.21830332,0.21779373,0.21725753,0.21669292,0.21609819,0.2154716,0.21481141,0.21411583,0.21342772,0.21278928,0.21219808,0.21165173,0.21114771,0.21068366,0.21025707,0.20986548,0.2095065,0.2091777,0.20887654,0.20860069,0.20834763,0.20811492,0.20790017,0.20770088,0.20751464,0.20733897,0.20717146,0.20700969,0.20685112,0.20669341,0.20653403,0.20637058,0.20620061,0.20602171,0.2058314,0.20562723,0.20540676,0.20516756,0.20490718,0.20462313,0.20434475,0.20410168,0.20389223,0.20371467,0.2035672,0.20344813,0.20335574,0.20328823,0.2032439,0.20322104,0.20321783,0.20323262,0.20326361,0.20330909,0.20336732
0.22988515,0.22995014,0.23000486,0.23004757,0.23007669,0.23009054,0.2300876,0.23006606,0.23002443,0.22996105,0.22987425,0.22976245,0.22962397,0.22945715,0.2292605,0.22903222,0.22877078,0.22850296,0.22825539,0.22802588,0.22781245,0.22761296,0.22742529,0.22724742,0.22707717,0.22691247,0.22675133,0.22659151,0.22643106,0.22626778,0.22609963,0.22592455,0.22574036,0.225545,0.22533645,0.22511256,0.22487123,0.22461042,0.224328,0.22402185,0.22368996,0.2233302,0.22294043,0.22251865,0.22206274,0.22157054,0.22104007,0.22046915,0.21985573,0.21923749,0.21865246,0.21809898,0.21757543,0.21708018,0.2166116,0.21616803,0.21574785,0.21534945,0.21497121,0.2146114,0.21426852,0.21394086,0.2136268,0.21332474,0.21303298,0.21274993,0.21247393,0.21220341,0.21193671,0.21167217,0.21140814,0.21114306,0.21087526,0.2106031,0.21032496,0.21003918,0.20974417,0.20943825,0.20911989,0.2087873,0.20843896,0.20810413,0.20781183,0.20755991,0.20734635,0.20716901,0.20702581,0.20691468,0.2068335,0.20678015,0.20675266,0.20674881,0.2067666,0.20680386,0.20685858,0.20692863
0.23014252,0.2301687,0.23019068,0.23020788,0.23021959,0.23022515,0.23022395,0.23021528,0.23019856,0.23017307,0.23013814,0.23009315,0.23003745,0.22997034,0.22989118,0.22979936,0.22969416,0.22959505,0.22952025,0.22946724,0.2294335,0.22941653,0.22941379,0.22942278,0.22944102,0.22946593,0.22949502,0.2295258,0.22955579,0.22958237,0.2296031,0.22961546,0.22961691,0.22960497,0.22957706,0.22953077,0.22946353,0.22937277,0.22925608,0.2291109,0.22893469,0.228725,0.22847927,0.22819495,0.22786959,0.22750068,0.22708564,0.22662203,0.22610728,0.22557305,0.22505215,0.22454397,0.22404782,0.22356306,0.22308902,0.22262508,0.22217052,0.22172472,0.22128701,0.22085679,0.22043331,0.22001597,0.21960412,0.21919708,0.21879421,0.21839482,0.21799828,0.21760395,0.21721113,0.2168192,0.21642746,0.21603532,0.21564205,0.21524705,0.21484965,0.21444917,0.21404497,0.21363641,0.21322277,0.21280348,0.21237783,0.21197519,0.21162364,0.21132073,0.21106388,0.21085061,0.21067841,0.21054476,0.21044712,0.21038303,0.21034992,0.2103453,0.21036668,0.21041152,0.21047729,0.2105615
0.22988908,0.22987224,0.22985807,0.22984706,0.22983949,0.22983588,0.22983667,0.22984222,0.22985302,0.2298694,0.22989188,0.22992083,0.22995673,0.22999988,0.23005088,0.23010997,0.23017767,0.23026522,0.23038162,0.23052382,0.23068896,0.23087394,0.23107582,0.23129165,0.23151839,0.2317531,0.23199277,0.23223443,0.23247509,0.23271179,0.23294148,0.2331613,0.23336817,0.23355912,0.23373118,0.23388138,0.23400669,0.23410419,0.23417085,0.23420376,0.23419987,0.23415615,0.23406973,0.23393758,0.2337567,0.23352413,0.23323691,0.23289198,0.23248643,0.23204508,0.23159517,0.23113707,0.23067123,0.23019809,0.22971803,0.22923148,0.22873884,0.2282406,0.22773714,0.2272289,0.22671628,0.22619969,0.22567959,0.22515643,0.2246306,0.22410247,0.22357248,0.22304115,0.22250877,0.22197586,0.22144282,0.22091003,0.22037798,0.21984704,0.21931763,0.21879022,0.2182652,0.21774298,0.21722405,0.21670875,0.21619752,0.2157198,0.21530274,0.21494332,0.21463862,0.21438561,0.2141813,0.21402276,0.21390691,0.21383084,0.2137916,0.2137861,0.21381146,0.21386465,0.21394268,0.21404262
0.22914092,0.2290796,0.229028,0.22898774,0.22896025,0.22894718,0.22895001,0.22897029,0.22900955,0.22906937,0.22915122,0.22925666,0.22938728,0.22954461,0.22973011,0.22994544,0.23019204,0.23047274,0.23078695,0.23113121,0.23150206,0.23189603,0.23230965,0.2327394,0.23318195,0.23363373,0.23409127,0.23455109,0.23500977,0.23546387,0.23590983,0.23634425,0.23676364,0.23716457,0.23754351,0.23789701,0.23822163,0.23851387,0.2387703,0.23898743,0.23916176,0.2392899,0.2393683,0.23939353,0.23936218,0.23927067,0.23911561,0.23889352,0.2386009,0.23825571,0.2378792,0.23747292,0.2370385,0.23657729,0.23609097,0.23558103,0.23504902,0.2344965,0.233925,0.233336,0.2327311,0.23211184,0.23147976,0.23083638,0.23018327,0.22952195,0.22885391,0.22818077,0.22750403,0.22682524,0.22614594,0.22546767,0.22479191,0.22412032,0.22345439,0.22279559,0.22214556,0.22150578,0.2208778,0.22026318,0.2196634,0.21910802,0.21862313,0.21820527,0.21785104,0.21755686,0.21731935,0.217135,0.2170003,0.21691191,0.21686627,0.21685988,0.21688934,0.2169512,0.21704194,0.2171581
0.22792244,0.22781518,0.227725,0.22765452,0.2276065,0.22758363,0.22758856,0.22762404,0.22769266,0.22779723,0.22794037,0.22812478,0.22835319,0.22862822,0.22895268,0.22932912,0.22976033,0.2302403,0.23075865,0.23131138,0.23189457,0.23250416,0.23313625,0.23378687,0.23445201,0.23512779,0.23581015,0.23649512,0.23717882,0.23785722,0.23852631,0.23918222,0.23982093,0.24043849,0.2410309,0.2415942,0.24212445,0.24261764,0.24306986,0.24347712,0.2438354,0.24414077,0.24438928,0.24457698,0.24469984,0.2447539,0.24473526,0.24463984,0.2444638,0.24421777,0.24391702,0.24356423,0.2431621,0.24271329,0.24222048,0.24168639,0.24111374,0.2405052,0.23986341,0.23919113,0.23849104,0.23776579,0.23701814,0.23625073,0.23546627,0.2346675,0.23385699,0.23303756,0.23221178,0.23138246,0.23055221,0.22972381,0.22889984,0.22808307,0.22727619,0.22648187,0.22570278,0.22494163,0.22420116,0.22348401,0.2227929,0.22215731,0.22160245,0.2211243,0.22071894,0.22038232,0.22011049,0.21989954,0.21974544,0.21964426,0.219592,0.21958473,0.21961847,0.21968924,0.21979305,0.21992598
0.22625783,0.22610334,0.2259734,0.2258719,0.22580275,0.22576976,0.22577687,0.22582796,0.22592685,0.22607748,0.22628368,0.22654937,0.2268784,0.22727469,0.22774208,0.2282844,0.22890565,0.22959076,0.23031922,0.23108654,0.2318882,0.2327198,0.23357673,0.23445465,0.23534898,0.23625524,0.23716898,0.23808578,0.23900105,0.2399103,0.24080911,0.24169302,0.24255744,0.24339797,0.24421012,0.24498937,0.2457313,0.24643132,0.24708508,0.24768798,0.24823564,0.24872354,0.24914706,0.2495019,0.24978349,0.24998747,0.25010914,0.2501442,0.25008807,0.24994414,0.24972138,0.24942361,0.24905472,0.24861859,0.24811913,0.24756019,0.24694563,0.24627942,0.24556534,0.24480732,0.2440092,0.2431749,0.24230826,0.24141319,0.24049352,0.23955318,0.23859604,0.23762597,0.23664688,0.23566258,0.23467702,0.233694,0.23271747,0.23175132,0.23079932,0.22986548,0.22895354,0.22806752,0.22721124,0.22638857,0.22560336,0.22488528,0.22425841,0.22371815,0.22326007,0.22287977,0.22257267,0.22233433,0.2221602,0.2220459,0.22198685,0.22197865,0.22201674,0.2220967,0.22221398,0.22236423
0.22417156,0.2239685,0.22379775,0.2236644,0.22357352,0.22353017,0.22353952,0.22360663,0.22373661,0.22393453,0.2242055,0.22455466,0.22498706,0.22550774,0.22612192,0.22683465,0.22765101,0.22854677,0.22949097,0.23047864,0.23150475,0.23256423,0.23365214,0.23476343,0.23589315,0.23703618,0.23818758,0.23934233,0.2404954,0.24164176,0.24277642,0.24389444,0.24499069,0.24606024,0.24709807,0.24809906,0.2490583,0.24997078,0.2508314,0.2516353,0.25237736,0.2530526,0.253656,0.2541825,0.25462717,0.25498486,0.25525072,0.2554197,0.25548676,0.25544763,0.25530493,0.25506362,0.25472894,0.25430587,0.25379956,0.25321507,0.25255758,0.25183207,0.2510437,0.2501976,0.24929886,0.24835242,0.24736363,0.24633747,0.24527894,0.24419332,0.24308555,0.24196081,0.24082421,0.23968077,0.23853564,0.2373939,0.23626068,0.23514102,0.23404004,0.23296288,0.23191464,0.23090032,0.22992507,0.22899404,0.22811224,0.22730944,0.22660848,0.2260045,0.22549242,0.22506715,0.22472385,0.22445732,0.22426271,0.22413485,0.22406887,0.2240597,0.22410227,0.22419167,0.22432281,0.22449076
0.22168782,0.22143508,0.22122255,0.22105652,0.22094335,0.22088943,0.22090104,0.22098455,0.22114639,0.22139283,0.22173016,0.22216481,0.22270308,0.22335134,0.22411597,0.2250032,0.22601953,0.22713113,0.22829647,0.22950989,0.23076594,0.23205903,0.23338357,0.23473404,0.23610486,0.2374905,0.23888543,0.24028404,0.24168082,0.24307017,0.24444653,0.24580438,0.24713822,0.24844238,0.2497114,0.25093967,0.25212163,0.2532518,0.2543245,0.25533426,0.25627553,0.25714275,0.2579304,0.25863275,0.25924444,0.2597599,0.26017347,0.26047966,0.2606729,0.26074117,0.26068047,0.2604971,0.2601973,0.25978762,0.25927424,0.25866362,0.25796202,0.25717583,0.2563114,0.25537503,0.2543731,0.25331196,0.25219786,0.2510373,0.24983661,0.24860196,0.24733989,0.24605666,0.2447586,0.2434521,0.24214351,0.24083905,0.23954527,0.23826836,0.23701473,0.23579073,0.23460269,0.23345692,0.23235978,0.23131765,0.23033689,0.2294472,0.22867048,0.22800113,0.22743365,0.22696245,0.22658192,0.22628662,0.2260709,0.22592923,0.22585613,0.2258459,0.22589314,0.2259922,0.22613755,0.22632365
0.21883106,0.21852751,0.21827218,0.21807273,0.2179368,0.21787202,0.217886,0.21798635,0.21818069,0.21847667,0.21888192,0.21940401,0.22005059,0.2208293,0.22174771,0.22281346,0.22403425,0.22536664,0.22675802,0.2282024,0.22969356,0.23122546,0.23279205,0.23438707,0.23600453,0.23763828,0.23928222,0.2409302,0.24257615,0.244214,0.24583751,0.24744077,0.24901746,0.2505616,0.2520671,0.2535277,0.2549374,0.2562901,0.25757974,0.25880006,0.25994503,0.2610086,0.26198465,0.26286688,0.26364943,0.26432604,0.26489064,0.2653372,0.26565948,0.2658376,0.2658607,0.26573652,0.26547256,0.26507652,0.26455596,0.2639185,0.26317182,0.26232353,0.26138124,0.2603526,0.2592451,0.25806656,0.25682446,0.25552648,0.25418028,0.25279337,0.25137344,0.24992813,0.24846497,0.24699166,0.24551585,0.24404512,0.2425871,0.24114938,0.23973964,0.23836544,0.23703443,0.23575422,0.23453249,0.23337677,0.23229475,0.23131625,0.23046194,0.2297258,0.22910163,0.22858335,0.2281649,0.22784007,0.22760284,0.22744706,0.2273666,0.2273554,0.22740732,0.22751628,0.22767611,0.22788082
0.21562563,0.21527012,0.21497114,0.2147376,0.21457848,0.21450257,0.21451896,0.21463645,0.21486406,0.21521063,0.21568513,0.21629648,0.21705359,0.2179654,0.21904086,0.22028883,0.22171828,0.2232759,0.2248981,0.22657813,0.22830935,0.23008509,0.2318986,0.2337433,0.23561248,0.23749943,0.23939753,0.24130008,0.2432004,0.24509187,0.24696767,0.24882127,0.25064597,0.252435,0.25418177,0.2558796,0.25752187,0.25910175,0.26061264,0.26204792,0.2634009,0.2646648,0.26583308,0.26689896,0.26785582,0.268697,0.26941577,0.27000552,0.2704595,0.2707497,0.2708584,0.27079463,0.27056718,0.27018505,0.26965708,0.26899233,0.2681997,0.26728797,0.26626623,0.26514333,0.26392823,0.26262984,0.261257,0.2598188,0.25832403,0.25678164,0.25520062,0.2535898,0.25195822,0.25031468,0.24866822,0.24702767,0.24540202,0.2438002,0.242231,0.24070354,0.23922661,0.23780921,0.23646018,0.23518857,0.23400319,0.23293401,0.23200059,0.23119621,0.23051421,0.22994791,0.22949064,0.22913575,0.2288765,0.22870632,0.22861841,0.22860618,0.22866292,0.22878195,0.22895661,0.22918023
0.21209578,0.21168737,0.21134388,0.21107565,0.2108928,0.2108057,0.21082444,0.21095945,0.21122088,0.211619,0.21216407,0.2128664,0.2137361,0.21478358,0.21601897,0.21745257,0.21909465,0.22088186,0.22273917,0.22465934,0.22663502,0.22865918,0.23072436,0.23282342,0.23494905,0.23709403,0.23925106,0.24141298,0.24357241,0.24572228,0.24785514,0.2499639,0.25204113,0.25407976,0.25607243,0.2580119,0.25989097,0.26170233,0.26343876,0.26509303,0.2666579,0.2681259,0.2694901,0.27074304,0.27187756,0.27288634,0.27376226,0.2744978,0.27508602,0.27549037,0.27568638,0.27568403,0.27549377,0.2751258,0.27459034,0.27389777,0.27305824,0.27208188,0.2709792,0.2697603,0.26843545,0.26701492,0.26550898,0.26392782,0.26228178,0.260581,0.2588358,0.25705642,0.2552531,0.2534362,0.25161576,0.24980226,0.24800585,0.24623673,0.24450517,0.24282151,0.24119595,0.2396387,0.2381601,0.23677026,0.23547964,0.23431808,0.233304,0.23243013,0.23168917,0.23107393,0.23057716,0.23019162,0.22991,0.22972503,0.22962958,0.22961625,0.22967793,0.22980724,0.229997,0.23023993
0.20826577,0.2078036,0.20741494,0.20711134,0.20690444,0.20680581,0.20682707,0.20697983,0.20727573,0.20772627,0.20834315,0.20913792,0.21012221,0.21130759,0.2127057,0.21432815,0.21618648,0.21820721,0.22030361,0.222468,0.22469248,0.22696921,0.22929037,0.23164812,0.23403464,0.236442,0.23886245,0.24128817,0.2437112,0.24612384,0.24851812,0.2508863,0.2532206,0.25551295,0.25775576,0.259941,0.262061,0.2641078,0.26607355,0.2679506,0.26973087,0.27140662,0.27297005,0.2744132,0.2757284,0.2769077,0.2779433,0.2788273,0.279552,0.28007254,0.28035712,0.28041738,0.28026497,0.2799114,0.27936834,0.2786474,0.27776015,0.27671814,0.2755331,0.27421662,0.27278015,0.27123538,0.26959392,0.26786745,0.26606745,0.26420555,0.2622934,0.2603425,0.25836465,0.25637132,0.25437397,0.25238457,0.25041434,0.24847513,0.24657848,0.2447359,0.24295908,0.24125966,0.23964919,0.23813921,0.23674145,0.23548591,0.23438986,0.23344526,0.23264436,0.23197939,0.2314424,0.23102562,0.23072125,0.23052137,0.23041813,0.23040375,0.23047037,0.23061018,0.23081529,0.2310779
0.20416008,0.2036433,0.20320868,0.20286925,0.20263788,0.20252758,0.20255136,0.20272219,0.20305301,0.20355682,0.20424661,0.2051353,0.20623587,0.20756137,0.2091247,0.21093886,0.21301681,0.21527457,0.21761386,0.22002627,0.2225033,0.2250366,0.22761768,0.23023811,0.2328895,0.23556335,0.23825128,0.24094482,0.2436356,0.2463151,0.2489749,0.25160655,0.2542017,0.25675187,0.25924864,0.26168352,0.2640481,0.26633397,0.2685327,0.2706358,0.27263486,0.2745215,0.27628726,0.27792364,0.2794223,0.28077474,0.28197256,0.28300723,0.28387052,0.28450897,0.2848836,0.2850074,0.28489336,0.28455445,0.28400362,0.28325394,0.28231817,0.2812095,0.27994084,0.27852508,0.27697533,0.27530444,0.27352548,0.2716513,0.269695,0.26766956,0.26558787,0.26346284,0.26130763,0.2591351,0.25695822,0.25479,0.25264347,0.25053146,0.2484671,0.24646321,0.24453285,0.24268898,0.2409446,0.2393126,0.23780611,0.23645513,0.23527572,0.2342593,0.23339762,0.23268205,0.23210427,0.23165582,0.23132834,0.23111318,0.23100215,0.23098667,0.23105839,0.23120882,0.23142947,0.23171203
0.19980302,0.19923083,0.19874966,0.19837381,0.19811764,0.19799556,0.19802187,0.198211,0.1985773,0.19913508,0.19989875,0.2008827,0.20210123,0.20356873,0.20529957,0.20730811,0.20960873,0.21210685,0.21469235,0.21735619,0.22008935,0.22288273,0.22572735,0.22861415,0.2315341,0.23447813,0.23743725,0.24040239,0.24336448,0.24631457,0.24924351,0.25214237,0.25500208,0.25781354,0.26056772,0.2632557,0.26586834,0.26839662,0.27083144,0.27316386,0.27538484,0.27748528,0.27945608,0.28128847,0.28297302,0.28450102,0.28586328,0.28705078,0.28805453,0.28881258,0.28927848,0.28946668,0.28939152,0.2890675,0.28850883,0.28772986,0.28674507,0.28556865,0.28421524,0.282699,0.28103426,0.27923548,0.27731696,0.27529323,0.27317846,0.27098706,0.2687334,0.26643193,0.26409692,0.26174274,0.25938377,0.2570344,0.25470895,0.25242183,0.25018734,0.24801992,0.24593385,0.24394357,0.24206342,0.24030773,0.23869091,0.23724324,0.2359793,0.23489012,0.23396662,0.23319986,0.23258074,0.23210014,0.23174915,0.23151864,0.23139967,0.23138312,0.23145989,0.2316211,0.23185763,0.23216039
0.19521883,0.19459061,0.19406226,0.1936496,0.19336835,0.19323431,0.19326319,0.19347088,0.19387303,0.19448547,0.19532397,0.19640428,0.19774222,0.19935353,0.20125394,0.2034593,0.2059853,0.20872676,0.21156155,0.21447995,0.21747233,0.22052903,0.22364046,0.2267969,0.22998877,0.23320633,0.2364399,0.23968002,0.24291688,0.24614087,0.24934235,0.25251165,0.2556392,0.25871515,0.2617301,0.26467422,0.2675379,0.27031156,0.2729855,0.27555004,0.2779956,0.28031248,0.28249103,0.28452152,0.28639445,0.28810015,0.2896289,0.2909711,0.29211706,0.2929961,0.29355443,0.29380786,0.29377216,0.29346305,0.29289645,0.29208794,0.2910534,0.2898086,0.28836927,0.28675115,0.28497013,0.28304186,0.28098223,0.27880687,0.2765317,0.27417237,0.2717447,0.26926446,0.2667474,0.26420936,0.261666,0.2591332,0.25662673,0.25416225,0.2517556,0.24942258,0.24717888,0.24504036,0.24302275,0.24114181,0.23941334,0.23786768,0.2365182,0.23535536,0.23436944,0.23355073,0.23288971,0.23237664,0.23200186,0.23175582,0.23162872,0.23161103,0.23169307,0.23186518,0.23211771,0.232441
0.19043192,0.18974699,0.18917102,0.18872109,0.18841448,0.18826832,0.18829983,0.18852623,0.18896468,0.18963237,0.19054653,0.1917243,0.19318295,0.19493958,0.1970114,0.19941571,0.20216958,0.20515707,0.2082438,0.21141954,0.214674,0.21799691,0.22137806,0.22480705,0.22827375,0.23176785,0.235279,0.23879701,0.2423116,0.24581248,0.24928947,0.2527322,0.25613043,0.2594739,0.26275232,0.26595542,0.269073,0.27209467,0.27501026,0.2778095,0.28048205,0.28301772,0.28540623,0.28763726,0.2897005,0.29158583,0.2932829,0.29478145,0.29607114,0.29707253,0.29772434,0.29804364,0.29804778,0.29775387,0.29717916,0.29634076,0.295256,0.29394192,0.29241577,0.29069477,0.28879607,0.286737,0.2845345,0.28220603,0.27976868,0.27723956,0.27463594,0.27197498,0.269274,0.26655,0.26382023,0.26110208,0.2584125,0.25576872,0.25318807,0.25068766,0.24828458,0.2459962,0.24383967,0.24183208,0.23999076,0.23834606,0.2369102,0.2356728,0.23462369,0.23375255,0.23304918,0.23250318,0.23210448,0.2318426,0.23170741,0.23168853,0.23177584,0.23195897,0.23222764,0.23257168
0.18546654,0.18472445,0.18410033,0.18361284,0.18328063,0.18312225,0.18315636,0.18340172,0.18387677,0.18460025,0.18559076,0.1868669,0.18844736,0.19035073,0.19259566,0.19520079,0.19818468,0.20142047,0.2047616,0.2081971,0.21171613,0.2153078,0.2189612,0.22266537,0.22640952,0.23018272,0.23397405,0.23777267,0.24156761,0.24534808,0.24910311,0.25282186,0.25649342,0.26010683,0.26365125,0.26711583,0.27048963,0.27376175,0.27692127,0.2799574,0.2828592,0.2856157,0.2882161,0.29064956,0.29290494,0.29497167,0.29683855,0.2984949,0.2999298,0.3010547,0.30180076,0.30218667,0.30223095,0.30195236,0.30136946,0.30050096,0.2993654,0.29798144,0.29636768,0.2945428,0.2925254,0.2903341,0.28798762,0.28550443,0.2829033,0.28020284,0.27742156,0.2745783,0.2716915,0.26877984,0.265862,0.26295656,0.2600822,0.2572575,0.2545011,0.25183168,0.24926782,0.24682808,0.24453124,0.24239585,0.24044058,0.23869592,0.23717275,0.23586014,0.23474728,0.2338232,0.23307703,0.23249789,0.23207487,0.2317971,0.2316537,0.23163372,0.23172635,0.23192057,0.23220563,0.23257051
0.18034708,0.17954731,0.17887469,0.17834935,0.1779913,0.17782062,0.17785741,0.17812179,0.17863381,0.17941347,0.18048093,0.18185629,0.18355958,0.18561088,0.18803026,0.19083783,0.19405365,0.19753984,0.20113738,0.20483476,0.20862049,0.21248308,0.2164109,0.22039251,0.22441639,0.22847101,0.23254476,0.23662627,0.24070387,0.24476618,0.24880157,0.2527985,0.25674555,0.2606312,0.26444378,0.2681719,0.27180406,0.2753286,0.27873412,0.28200907,0.2851419,0.2881211,0.29093513,0.2935725,0.29602167,0.29827115,0.30030936,0.30212483,0.30370602,0.30495542,0.30579653,0.3062495,0.30633438,0.30607122,0.30548012,0.30458117,0.30339444,0.30194005,0.30023795,0.29830828,0.29617122,0.29384673,0.29135492,0.28871584,0.28594965,0.28307635,0.28011608,0.27708885,0.2740148,0.27091393,0.2678064,0.2647123,0.26165164,0.2586445,0.25571093,0.25287113,0.25014508,0.24755286,0.24511456,0.2428504,0.24078019,0.23893474,0.23732352,0.23593515,0.234758,0.23378052,0.23299126,0.2323787,0.23193122,0.23163745,0.2314857,0.23146456,0.23156253,0.23176798,0.2320695,0.23245549
0.1750979,0.17424007,0.17351863,0.17295511,0.17257105,0.17238799,0.17242748,0.17271103,0.17326021,0.17409652,0.17524147,0.17671667,0.17854361,0.18074383,0.18333887,0.18635027,0.18979956,0.19353776,0.19739349,0.20135458,0.20540884,0.20954415,0.21374834,0.21800922,0.22231473,0.2266526,0.2310108,0.235377,0.23973924,0.24408524,0.24840286,0.25267997,0.25690442,0.26106405,0.2651466,0.26914015,0.27303237,0.2768111,0.28046417,0.2839796,0.28734505,0.2905484,0.29357755,0.2964203,0.29906452,0.30149803,0.30370867,0.30568436,0.30741283,0.30878755,0.30972442,0.31024492,0.3103706,0.31012297,0.3095236,0.30859402,0.30735576,0.30583036,0.30403933,0.30200425,0.29974666,0.29728806,0.29464996,0.29185396,0.2889216,0.28587428,0.28273377,0.27952138,0.2762588,0.27296746,0.26966894,0.26638484,0.2631366,0.2599458,0.2568339,0.25382254,0.2509332,0.24818747,0.2456068,0.24321283,0.241027,0.23908001,0.2373803,0.23591557,0.23467368,0.23364246,0.23280981,0.23216355,0.23169148,0.2313815,0.23122145,0.23119916,0.23130248,0.23151927,0.23183736,0.23224457
0.16974327,0.16882706,0.1680565,0.16745466,0.16704443,0.16684894,0.1668911,0.16719395,0.16778046,0.16867371,0.16989663,0.17147219,0.17342348,0.17577344,0.1785451,0.18176144,0.18544549,0.18943712,0.19355245,0.19777864,0.2021029,0.20651244,0.21099447,0.21553619,0.22012486,0.2247476,0.22939166,0.23404431,0.23869266,0.24332389,0.24792533,0.2524841,0.2569875,0.26142263,0.26577672,0.27003703,0.2741907,0.278225,0.2821271,0.28588423,0.28948358,0.29291236,0.29615772,0.299207,0.30204728,0.3046659,0.30704993,0.3091867,0.31106323,0.31256402,0.3135971,0.31418547,0.31435215,0.31412017,0.31351253,0.31255212,0.31126204,0.30966532,0.3077849,0.3056438,0.30326495,0.30067152,0.29788637,0.2949325,0.29183307,0.28861088,0.28528902,0.2818905,0.27843833,0.2749555,0.27146497,0.26798978,0.26455295,0.26117742,0.25788623,0.25470242,0.25164887,0.2487488,0.24602497,0.24350053,0.24119838,0.23914939,0.23736063,0.23581907,0.23451209,0.23342685,0.23255055,0.23187044,0.23137367,0.23104742,0.23087898,0.23085555,0.23096432,0.2311924,0.23152713,0.23195572
0.16430755,0.1633327,0.16251282,0.16187246,0.16143604,0.16122802,0.16127288,0.16159506,0.16221917,0.16316953,0.16447069,0.16614708,0.16822322,0.17072356,0.17367257,0.17709473,0.18101451,0.18526067,0.18963663,0.19412905,0.1987244,0.20340936,0.20817041,0.21299416,0.21786715,0.22277594,0.22770713,0.23264727,0.23758297,0.2425007,0.24738708,0.2522288,0.2570122,0.26172403,0.26635072,0.27087897,0.27529523,0.27958617,0.2837383,0.28773817,0.29157242,0.29522753,0.2986901,0.30194676,0.3049839,0.30778837,0.31034654,0.31264496,0.31467032,0.31629756,0.31742737,0.31808388,0.31829175,0.31807545,0.31745943,0.31646815,0.31512603,0.3134576,0.31148735,0.3092398,0.30673933,0.3040105,0.30107757,0.29796535,0.294698,0.29130018,0.28779632,0.2842109,0.28056833,0.27689317,0.2732098,0.26954284,0.26591653,0.26235557,0.25888434,0.2555273,0.25230893,0.24925375,0.24638617,0.24373071,0.24131179,0.23916033,0.23728214,0.23566352,0.23429115,0.23315163,0.23223156,0.2315174,0.23099574,0.23065324,0.2304764,0.23045175,0.23056592,0.2308055,0.23115695,0.23160695
0.15881504,0.15778139,0.1569121,0.15623309,0.15577033,0.15554975,0.15559733,0.15593898,0.15660071,0.1576084,0.15898803,0.16076556,0.16296689,0.16561805,0.16874494,0.17237349,0.17652969,0.18103105,0.18566848,0.19042791,0.19529518,0.20025633,0.20529719,0.21040379,0.21556194,0.22075768,0.22597675,0.23120536,0.23642915,0.24163419,0.24680647,0.25193182,0.25699612,0.26198545,0.26688552,0.2716825,0.27636215,0.28091043,0.28531328,0.2895566,0.2936264,0.29750854,0.30118892,0.30465353,0.30788827,0.31087908,0.3136118,0.31607246,0.31824696,0.3200012,0.32122785,0.3219528,0.32220197,0.32200137,0.32137698,0.32035464,0.31896037,0.31722012,0.31515983,0.31280547,0.310183,0.30731824,0.30423728,0.30096608,0.29753044,0.29395643,0.29027,0.2864971,0.28266364,0.27879554,0.2749188,0.27105933,0.2672432,0.2634962,0.2598444,0.25631365,0.2529299,0.24971923,0.24670744,0.24392061,0.24138458,0.23913044,0.23716246,0.23546654,0.23402861,0.23283471,0.23187064,0.23112237,0.23057584,0.23021698,0.23003167,0.23000586,0.2301255,0.23037642,0.23074476,0.2312162
0.1532901,0.15219754,0.1512787,0.15056103,0.15007189,0.14983878,0.14988904,0.15025017,0.15094957,0.15201467,0.15347296,0.15535176,0.15767853,0.16048074,0.16378579,0.16762109,0.1720141,0.17677115,0.18167044,0.18669733,0.191837,0.19707476,0.20239593,0.20778579,0.21322963,0.21871267,0.22422025,0.22973762,0.23525013,0.24074301,0.24620152,0.251611,0.25695673,0.2622239,0.26739794,0.27246404,0.27740747,0.28221357,0.28686765,0.29135484,0.29566056,0.29977012,0.30366865,0.30734155,0.31077412,0.3139516,0.31685928,0.31948236,0.32180625,0.32368767,0.32501134,0.3258048,0.32609537,0.32591054,0.32527772,0.3242243,0.3227778,0.3209656,0.31881508,0.31635374,0.31360897,0.3106082,0.3073789,0.30394843,0.3003443,0.29659382,0.29272455,0.2887638,0.28473908,0.28067777,0.27660736,0.27255514,0.26854873,0.26461548,0.2607827,0.257078,0.25352862,0.2501622,0.24700603,0.24408752,0.24143419,0.23907708,0.23701921,0.2352459,0.23374236,0.23249392,0.23148581,0.23070337,0.23013186,0.22975662,0.22956288,0.22953585,0.22966094,0.22992341,0.2303085,0.2308015
0.14775702,0.14660558,0.14563718,0.1448808,0.14436528,0.14411958,0.1441726,0.14455317,0.14529032,0.14641286,0.14794974,0.14992987,0.15238212,0.15533547,0.15881875,0.16286093,0.16749084,0.17250364,0.17766492,0.18295935,0.18837146,0.19388607,0.19948763,0.20516087,0.21089047,0.21666102,0.22245713,0.22826351,0.23406476,0.23984559,0.24559052,0.25128424,0.25691146,0.26245672,0.26790473,0.2732401,0.27844748,0.28351146,0.2884167,0.29314795,0.29768974,0.3020267,0.30614355,0.3100249,0.31365535,0.31701958,0.32010219,0.3228879,0.32536125,0.32736984,0.32879066,0.32965258,0.32998455,0.32981548,0.32917425,0.32808977,0.32659099,0.32470676,0.32246596,0.3198976,0.31703058,0.31389374,0.31051597,0.30692622,0.30315346,0.29922646,0.29517418,0.29102564,0.28680953,0.28255495,0.27829075,0.2740458,0.269849,0.26572925,0.26171562,0.25783682,0.25412178,0.25059953,0.24729882,0.24424873,0.24147803,0.2390179,0.23687018,0.23501934,0.2334501,0.23214714,0.23109502,0.23027834,0.22968195,0.22929028,0.22908802,0.22905986,0.22919041,0.22946432,0.22986624,0.23038077
0.14224018,0.14102986,0.140012,0.1392169,0.13867503,0.13841677,0.1384725,0.13887253,0.13964735,0.14082731,0.14244276,0.14452414,0.14710176,0.15020612,0.1538675,0.15811631,0.16298294,0.1682513,0.17367437,0.17923611,0.18492052,0.19071159,0.19659337,0.2025498,0.20856492,0.2146227,0.22070718,0.22680232,0.2328921,0.23896055,0.24499163,0.25096944,0.2568779,0.26270095,0.26842272,0.2740271,0.27949816,0.28481987,0.2899762,0.2949512,0.2997289,0.3042931,0.30862802,0.31271765,0.3165458,0.32009664,0.32335407,0.32630214,0.32892492,0.33106056,0.33257842,0.33350882,0.33388215,0.33372882,0.3330792,0.3319636,0.33041263,0.32845646,0.32612553,0.32345027,0.320461,0.31718814,0.3136621,0.30991322,0.30597192,0.30186853,0.2976335,0.2932972,0.28888997,0.28444225,0.27998438,0.27554673,0.27115983,0.26685387,0.26265934,0.2586066,0.25472608,0.2510481,0.24760309,0.24442135,0.24153341,0.23897043,0.23673286,0.23480463,0.2331698,0.23181227,0.23071615,0.22986537,0.22924396,0.22883596,0.22862524,0.22859591,0.22873193,0.2290173,0.22943598,0.22997206
0.13676393,0.13549481,0.13442755,0.13359387,0.13302569,0.1327549,0.13281333,0.13323277,0.13404524,0.13528244,0.1369763,0.13915871,0.1418615,0.14511648,0.1489556,0.15341063,0.15851352,0.1640369,0.16972117,0.1755497,0.18150577,0.18757285,0.19373418,0.19997323,0.20627327,0.21261768,0.2189899,0.22537318,0.23175088,0.23810643,0.24442312,0.25068432,0.25687346,0.2629738,0.26896873,0.2748416,0.2805758,0.28615466,0.29156154,0.29677984,0.30179283,0.30658394,0.3111365,0.31543386,0.31945935,0.3231964,0.3266283,0.32973856,0.33251026,0.33477274,0.33638737,0.3373861,0.33780077,0.33766314,0.33700508,0.3358586,0.33425546,0.3322275,0.3298066,0.3270246,0.3239134,0.3205049,0.31683078,0.3129231,0.30881366,0.30453426,0.30011678,0.29559314,0.29099518,0.2863547,0.28170365,0.27707377,0.27249706,0.26800525,0.26363027,0.259404,0.25535822,0.2515249,0.24793579,0.24462284,0.24161783,0.23895216,0.23662494,0.23461948,0.23291913,0.23150727,0.23036721,0.22948235,0.22883607,0.22841164,0.22819254,0.22816204,0.22830352,0.22860025,0.22903581,0.22959329
0.13135253,0.13002488,0.12890835,0.12803622,0.12744184,0.12715852,0.12721963,0.12765849,0.12850837,0.12980267,0.13157474,0.1338578,0.13668528,0.14009045,0.14410669,0.14876729,0.1541056,0.15988317,0.16582778,0.17192219,0.17814906,0.18449117,0.1909312,0.19745187,0.20403594,0.21066605,0.21732497,0.22399543,0.23066011,0.2373018,0.24390315,0.25044683,0.2569157,0.26329234,0.26955953,0.27570003,0.2816965,0.28753167,0.2931882,0.29864895,0.30389658,0.3089137,0.3136832,0.31818765,0.3224098,0.32633254,0.32993832,0.33321008,0.3361303,0.3385192,0.34023038,0.3412972,0.34175292,0.34163097,0.34096465,0.3397872,0.33813214,0.3360326,0.333522,0.33063367,0.32740095,0.3238572,0.32003558,0.31596962,0.31169257,0.30723777,0.3026385,0.29792812,0.29314,0.2883075,0.28346372,0.27864233,0.2738765,0.26919943,0.26464468,0.26024535,0.2560349,0.2520468,0.24831407,0.24487025,0.24174865,0.23898062,0.2365641,0.23448163,0.23271598,0.23124991,0.23006612,0.22914732,0.22847618,0.22803554,0.22780791,0.22777629,0.22792315,0.22823137,0.22868362,0.22926256
0.12603033,0.12464442,0.123478845,0.122568436,0.12194795,0.12165221,0.12171599,0.122174114,0.123061314,0.12441248,0.12626228,0.1286456,0.13159719,0.13515186,0.13934441,0.14420962,0.1497823,0.15581286,0.16201663,0.16837569,0.17487213,0.18148799,0.18820544,0.19500647,0.20187318,0.20878772,0.21573205,0.22268839,0.22963876,0.23656522,0.24344985,0.25027475,0.25702208,0.2636738,0.27021196,0.27661887,0.2828764,0.28896663,0.29487178,0.30057386,0.30605495,0.31129718,0.31628254,0.32099319,0.32541114,0.32951853,0.33329746,0.33672988,0.33979806,0.34231278,0.34412006,0.3452546,0.34575132,0.34564498,0.34497038,0.34376222,0.34205532,0.33988458,0.33728474,0.33429056,0.33093688,0.32725847,0.32329002,0.31906652,0.31462267,0.3099932,0.30521297,0.3003168,0.29533944,0.2903156,0.2852803,0.28026804,0.2753139,0.27045256,0.26571876,0.26114726,0.256773,0.25263062,0.24875504,0.24518098,0.24194324,0.23907343,0.23656791,0.2344088,0.23257823,0.2310582,0.22983085,0.2288782,0.22818239,0.22772549,0.22748956,0.2274567,0.22760902,0.22792853,0.22839741,0.22899765
0.12082168,0.11937782,0.11816351,0.11721504,0.11656862,0.11626051,0.116326995,0.11680424,0.11772855,0.119136155,0.12106331,0.12354629,0.12662128,0.13032457,0.1346924,0.13976102,0.14556666,0.15184875,0.15831015,0.16493236,0.17169672,0.17858477,0.18557796,0.19265771,0.19980544,0.20700267,0.21423082,0.22147131,0.22870564,0.23591523,0.24308151,0.250186,0.2572101,0.26413524,0.27094293,0.27761456,0.2841316,0.29047552,0.29662776,0.30256975,0.30828297,0.3137489,0.3189489,0.3238645,0.32847703,0.3327681,0.3367191,0.3403114,0.3435266,0.34616637,0.3480692,0.34927103,0.34980854,0.34971768,0.34903476,0.34779608,0.3460378,0.34379634,0.34110767,0.33800825,0.33453432,0.33072206,0.32660767,0.3222276,0.31761786,0.3128148,0.30785465,0.3027737,0.2976082,0.29239437,0.2871684,0.28196666,0.27682528,0.2717806,0.26686883,0.2621262,0.25758895,0.25329342,0.24927573,0.24557218,0.24221905,0.23924796,0.23665406,0.23441878,0.2325236,0.23094994,0.22967927,0.22869302,0.22797269,0.22749965,0.2272554,0.22722143,0.22737905,0.22770987,0.22819526,0.22881667
0.115750894,0.11424951,0.11298684,0.11200057,0.11132839,0.11100802,0.111077115,0.11157339,0.11253454,0.11399824,0.11600217,0.118584044,0.12178157,0.1256324,0.13017426,0.13544482,0.14148179,0.14801358,0.15473078,0.16161416,0.16864456,0.17580287,0.18306983,0.19042625,0.19785303,0.20533094,0.21284077,0.22036342,0.22787967,0.23537035,0.24281633,0.25019833,0.25749722,0.2646939,0.27176902,0.27870354,0.2854783,0.29207402,0.29847157,0.30465183,0.3105955,0.31628352,0.32169658,0.32681563,0.33162147,0.3360949,0.34021667,0.3439678,0.34732884,0.3500928,0.35209042,0.35335922,0.3539371,0.35386166,0.35317054,0.3519015,0.35009223,0.3477804,0.34500366,0.34179983,0.33820647,0.3342613,0.33000207,0.32546642,0.320692,0.31571668,0.3105779,0.3053135,0.29996127,0.2945587,0.28914356,0.28375357,0.27842638,0.27319974,0.26811123,0.26319864,0.2584997,0.25405198,0.24989325,0.2460612,0.24259347,0.23952185,0.23684019,0.23452926,0.23256995,0.23094305,0.22962938,0.22860979,0.22786504,0.22737601,0.22712353,0.22708839,0.22725137,0.22759336,0.22809517,0.22873762
0.11084233,0.10928388,0.10797325,0.10694952,0.1062518,0.10591926,0.105990976,0.10650612,0.107503764,0.109023064,0.11110314,0.11378311,0.117102094,0.12109922,0.1258136,0.1312844,0.1375507,0.14433013,0.15130089,0.1584433,0.1657375,0.1731637,0.18070209,0.18833287,0.19603628,0.2037925,0.21158168,0.21938407,0.22717986,0.23494925,0.24267243,0.25032964,0.25790104,0.26536685,0.27270725,0.27990243,0.28693262,0.29377806,0.30041882,0.30683517,0.31300738,0.3189156,0.32454002,0.3298608,0.3348582,0.3395125,0.34380364,0.34771207,0.35121787,0.354105,0.35619655,0.3575318,0.35814974,0.35808948,0.3573903,0.35609117,0.35423127,0.35184976,0.34898573,0.3456783,0.34196654,0.33788967,0.33348668,0.3287969,0.32385927,0.31871304,0.3133972,0.30795097,0.30241346,0.2968238,0.29122108,0.2856444,0.280133,0.27472597,0.2694623,0.26438123,0.25952187,0.25492334,0.2506247,0.24666518,0.24308388,0.2399126,0.23714386,0.234758,0.2327351,0.23105544,0.22969913,0.22864643,0.22787754,0.22737265,0.2271119,0.22707565,0.22724392,0.227597,0.22811514,0.22877842
0.10612024,0.10450536,0.10314721,0.10208639,0.10136339,0.101018794,0.10109313,0.101626925,0.10266074,0.10423509,0.106390536,0.109167635,0.1126069,0.11674886,0.12163409,0.12730315,0.13379653,0.14082108,0.14804299,0.15544182,0.16299719,0.17068866,0.17849584,0.18639828,0.19437557,0.20240733,0.21047308,0.21855246,0.22662504,0.2346704,0.24266808,0.25059775,0.25843894,0.26617125,0.27377427,0.28122762,0.28851068,0.29560336,0.30248496,0.30913517,0.31553367,0.32165992,0.32749355,0.33301413,0.3382012,0.34303442,0.34749335,0.35155755,0.35520664,0.35821566,0.36040038,0.36180127,0.3624589,0.36241382,0.36170658,0.3603777,0.3584677,0.3560172,0.35306665,0.34965664,0.34582767,0.34162036,0.33707517,0.33223268,0.32713342,0.32181793,0.31632683,0.31070057,0.30497965,0.29920474,0.2934163,0.28765485,0.28196102,0.27637532,0.27093825,0.26569036,0.26067212,0.25592422,0.25148723,0.24740148,0.2437077,0.2404377,0.23758286,0.23512273,0.23303689,0.23130493,0.22990641,0.22882096,0.22802813,0.22750753,0.22723873,0.22720128,0.22737482,0.22773893,0.22827312,0.22895709
0.10160906,0.09993835,0.09853323,0.09743571,0.09668773,0.096331224,0.09640811,0.096960366,0.09802991,0.0996587,0.101888694,0.10476181,0.10831999,0.11260519,0.117659345,0.123524405,0.13024232,0.13750924,0.14497945,0.15263183,0.16044542,0.16839921,0.1764721,0.18464313,0.19289126,0.20119543,0.20953467,0.21788791,0.22623418,0.23455237,0.24282151,0.25102058,0.2591285,0.26712435,0.27498698,0.28269547,0.29022872,0.29756576,0.3046855,0.31156698,0.31818917,0.32453102,0.33057144,0.33628955,0.3416642,0.3466744,0.35129917,0.35551745,0.35930827,0.3624378,0.36471453,0.36618045,0.36687732,0.36684716,0.36613202,0.36477366,0.36281416,0.3602954,0.35725936,0.3537479,0.34980306,0.34546676,0.34078097,0.33578756,0.33052853,0.3250458,0.31938124,0.31357697,0.3076748,0.30171666,0.29574457,0.28980047,0.28392625,0.2781639,0.2725553,0.26714244,0.2619673,0.25707176,0.2524978,0.2482873,0.24448231,0.24111475,0.23817474,0.23564118,0.23349312,0.23170948,0.23026922,0.2291514,0.22833492,0.22779875,0.22752196,0.22748339,0.22766212,0.22803706,0.22858718,0.22929157
0.09733307,0.0956072,0.09415574,0.093022004,0.092249334,0.09188107,0.0919605,0.09253096,0.09363581,0.09531836,0.09762192,0.10058984,0.10426542,0.10869203,0.113912955,0.11997155,0.12691113,0.13441737,0.1421327,0.15003543,0.15810399,0.16631672,0.17465198,0.18308817,0.19160368,0.20017685,0.20878607,0.2174097,0.22602613,0.2346137,0.24315085,0.25161588,0.25998718,0.2682432,0.27636218,0.2843226,0.29210278,0.29968113,0.307036,0.31414577,0.3209888,0.32754347,0.3337882,0.3397013,0.34526113,0.3504461,0.3552346,0.359605,0.36353564,0.36678427,0.3691519,0.3706819,0.37141755,0.37140217,0.37067914,0.36929175,0.36728334,0.36469725,0.36157674,0.35796523,0.35390598,0.34944236,0.34461766,0.3394753,0.33405843,0.32841057,0.3225749,0.3165948,0.31051362,0.30437467,0.29822132,0.29209682,0.28604454,0.28010777,0.2743299,0.26875424,0.26342407,0.2583827,0.25367358,0.24933994,0.24542513,0.24196124,0.23893712,0.23633112,0.23412159,0.23228693,0.2308055,0.2296557,0.22881584,0.22826438,0.2279796,0.22793996,0.22812378,0.22850947,0.22907536,0.22979987
0.09343811,0.09166089,0.09016619,0.088998705,0.08820303,0.0878238,0.087905586,0.08849304,0.089630775,0.0913634,0.09373556,0.09679184,0.10057685,0.10513525,0.11051164,0.116750576,0.12389677,0.13162605,0.13956985,0.14770591,0.15601207,0.16446616,0.17304595,0.1817293,0.19049402,0.1993179,0.20817873,0.21705438,0.22592261,0.23476128,0.24354814,0.25226113,0.26087785,0.26937637,0.27773428,0.28592953,0.29393983,0.3017431,0.30931708,0.3166396,0.3236885,0.33044156,0.3368766,0.3429715,0.34870392,0.35405174,0.35899284,0.363505,0.36756608,0.37092558,0.37337795,0.37496775,0.37573954,0.37573785,0.3750076,0.37359315,0.37153912,0.36889023,0.3656911,0.36198622,0.3578204,0.3532381,0.34828404,0.34300277,0.33743888,0.33163702,0.32564184,0.31949794,0.31324998,0.30694243,0.30062008,0.29432747,0.28810924,0.2820099,0.27607432,0.27034685,0.2648722,0.259695,0.2548599,0.25041142,0.2463943,0.24284066,0.23973814,0.2370646,0.2347978,0.2329156,0.23139577,0.23021616,0.22935456,0.22878876,0.22849664,0.22845596,0.22864455,0.22904024,0.22962077,0.23036407
0.09003763,0.08821553,0.08668313,0.085486166,0.08467041,0.08428159,0.08436544,0.08496775,0.08613418,0.08791058,0.090342574,0.09347602,0.09735657,0.10203001,0.10754209,0.11393854,0.12126509,0.12918913,0.13733235,0.14567211,0.15418576,0.16285053,0.17164382,0.18054293,0.1895252,0.19856797,0.2076485,0.21674415,0.22583224,0.23489009,0.24389505,0.2528244,0.26165548,0.2703657,0.27893215,0.28733242,0.2955437,0.3035433,0.3113086,0.31881684,0.32604548,0.33297175,0.33957297,0.34582654,0.35170957,0.3571997,0.36227405,0.36690995,0.3710848,0.37454122,0.3770676,0.37870947,0.37951276,0.37952322,0.37878647,0.3773484,0.37525463,0.37255096,0.36928308,0.3654968,0.3612379,0.356552,0.3514849,0.3460824,0.3403901,0.3344539,0.3283195,0.32203257,0.31563896,0.30918425,0.30271438,0.296275,0.2899119,0.28367072,0.27759725,0.27173734,0.26613653,0.2608407,0.25589558,0.25134695,0.24724047,0.24360842,0.24043751,0.23770493,0.23538819,0.23346445,0.23191111,0.23070548,0.22982486,0.22924663,0.22894807,0.22890645,0.22909917,0.22950363,0.23009698,0.23085664
0.0871073,0.08524653,0.08368163,0.08245927,0.081626214,0.08122915,0.08131476,0.08192985,0.08312104,0.08493509,0.08741871,0.09061862,0.09458151,0.09935411,0.10498313,0.11151527,0.11899727,0.1270891,0.13540421,0.14391951,0.15261193,0.16145831,0.17043555,0.1795206,0.18869036,0.19792175,0.2071916,0.21647683,0.22575438,0.2350011,0.24419396,0.25330985,0.26232558,0.27121818,0.27996448,0.28854135,0.29692575,0.3050946,0.3130247,0.3206931,0.32807654,0.33515215,0.3418965,0.34828675,0.35429972,0.35991243,0.36510152,0.36984414,0.37411705,0.377657,0.38024697,0.38193393,0.38276437,0.38278514,0.38204297,0.3805845,0.37845644,0.37570554,0.37237844,0.36852202,0.36418286,0.3594077,0.3542432,0.34873617,0.3429333,0.33688134,0.3306269,0.3242167,0.31769755,0.31111613,0.30451906,0.29795325,0.29146525,0.28510186,0.2789096,0.27293542,0.26722604,0.26182798,0.2567881,0.2521531,0.24796964,0.24427006,0.24104013,0.23825678,0.23589696,0.23393746,0.23235522,0.23112717,0.23023017,0.2296412,0.22933702,0.2292947,0.22949104,0.22990292,0.23050736,0.23128115
0.084622785,0.08272924,0.08113676,0.07989289,0.07904515,0.0786411,0.07872824,0.07935412,0.08056633,0.08241233,0.08493971,0.08819596,0.09222866,0.097085305,0.10281348,0.10946068,0.11707448,0.12530859,0.13376944,0.14243358,0.15127753,0.16027789,0.16941112,0.17865384,0.18798256,0.1973738,0.20680414,0.21625017,0.22568834,0.23509522,0.24444741,0.2537214,0.26289374,0.27194098,0.28083962,0.2895663,0.29809755,0.30640987,0.3144798,0.32228386,0.32979864,0.33700076,0.34386656,0.35037276,0.35649583,0.36221236,0.36749884,0.37233192,0.37668797,0.3802986,0.3829427,0.3846677,0.38552123,0.3855508,0.38480395,0.38332814,0.38117108,0.37838012,0.37500292,0.3710869,0.36667973,0.36182886,0.35658187,0.35098624,0.3450896,0.33893943,0.33258316,0.32606852,0.31944296,0.31275403,0.30604926,0.29937616,0.2927822,0.2863152,0.28002235,0.27395135,0.26814973,0.26266515,0.25754488,0.2528366,0.24858786,0.24483101,0.24155112,0.23872471,0.23632827,0.23433843,0.23273173,0.23148465,0.23057377,0.2299757,0.22966683,0.22962382,0.2298232,0.23024148,0.23085526,0.23164105
0.0825598,0.08063906,0.07902367,0.077761926,0.07690201,0.076492116,0.07658055,0.07721543,0.07844505,0.08031757,0.08288127,0.08618433,0.09027498,0.095201455,0.101011954,0.107754685,0.1154779,0.12383015,0.132412,0.14119971,0.15016955,0.15929767,0.16856045,0.17793407,0.18739481,0.19691886,0.20648248,0.21606196,0.22563352,0.23517337,0.24465781,0.25406313,0.26336548,0.27254117,0.28156647,0.29041746,0.29907054,0.30750203,0.31568795,0.3236048,0.33122855,0.33853573,0.3455024,0.35210487,0.35831937,0.36412212,0.36948946,0.37439758,0.37882268,0.3824921,0.3851811,0.38693774,0.38781047,0.38784733,0.38709658,0.3856065,0.3834252,0.38060108,0.3771821,0.3732167,0.36875305,0.36383927,0.35852376,0.3528546,0.34688005,0.34064835,0.33420765,0.32760623,0.3208923,0.31411415,0.3073198,0.30055764,0.29387587,0.28732267,0.2809463,0.2747949,0.26891682,0.26336014,0.25817317,0.2534041,0.24910119,0.24529679,0.24197537,0.23911318,0.23668647,0.2346714,0.23304436,0.2317815,0.23085915,0.2302534,0.2299407,0.22989714,0.23009901,0.2305226,0.23114412,0.23193988
0.08089402,0.07895129,0.07731744,0.07604125,0.075171486,0.07475691,0.07484633,0.075488485,0.07673216,0.07862615,0.08121916,0.08456,0.08869746,0.09368028,0.099557266,0.10637713,0.11418872,0.122636355,0.13131593,0.14020342,0.14927489,0.15850627,0.1678736,0.17735294,0.18692018,0.19655147,0.20622274,0.21590999,0.22558925,0.23523653,0.24482776,0.25433904,0.26374644,0.2730258,0.28215322,0.29110476,0.2998562,0.30838385,0.31666356,0.3246713,0.33238316,0.33977517,0.3468233,0.35350344,0.35979173,0.3656642,0.3710968,0.37606552,0.38054642,0.3842633,0.38698846,0.38877073,0.3896588,0.3897016,0.38894776,0.38744608,0.38524526,0.38239428,0.3789417,0.37493637,0.37042713,0.36546272,0.3600918,0.35436317,0.34832582,0.34202826,0.33551937,0.3288479,0.32206255,0.3152123,0.30834574,0.30151168,0.2947589,0.28813618,0.28169236,0.27547604,0.26953614,0.26392138,0.25868055,0.2538624,0.24951571,0.24567294,0.24231797,0.23942687,0.23697567,0.23494032,0.2332968,0.23202124,0.23108952,0.23047768,0.23016182,0.2301178,0.23032174,0.23074962,0.23137742,0.23218118
0.07960112,0.077641316,0.07599312,0.07470572,0.073828325,0.07341012,0.073500305,0.074148126,0.075402714,0.077313304,0.079929106,0.083299264,0.08747306,0.09249962,0.098428205,0.10530795,0.113188125,0.121709794,0.13046521,0.13943017,0.14858045,0.15789197,0.16734053,0.17690185,0.18655187,0.19626634,0.20602113,0.21579203,0.22555485,0.23528549,0.24495965,0.2545533,0.26404214,0.27340192,0.28260872,0.29163814,0.30046603,0.3090683,0.31742075,0.3254991,0.33327934,0.34073713,0.34784847,0.35458896,0.3609346,0.36686108,0.37234434,0.37736017,0.38188428,0.385638,0.3883913,0.39019343,0.39109352,0.39114088,0.39038453,0.38887385,0.38665798,0.3837861,0.38030744,0.37627122,0.37172648,0.36672267,0.36130878,0.3555341,0.34944794,0.34309924,0.33653742,0.32981157,0.32297087,0.3160646,0.30914196,0.30225208,0.29544425,0.28876758,0.2822714,0.2760047,0.27001685,0.264357,0.25907433,0.2542181,0.24983744,0.24596485,0.24258387,0.23967038,0.23720013,0.23514898,0.23349278,0.23220727,0.23126832,0.2306518,0.23033343,0.23028912,0.23049463,0.23092581,0.23155847,0.23236845
0.07865674,0.0766845,0.075025834,0.073730245,0.07284727,0.07242641,0.072517194,0.07316911,0.07443167,0.0763544,0.078986816,0.08237844,0.086578734,0.09163727,0.097603515,0.10452702,0.11245727,0.12103301,0.12984382,0.13886535,0.14807326,0.15744333,0.16695109,0.17657238,0.18628281,0.19605808,0.20587388,0.2157059,0.22552979,0.23532122,0.24505603,0.2547097,0.26425806,0.27367666,0.28294134,0.2920277,0.3009115,0.3095683,0.3179738,0.32610378,0.33393398,0.3414398,0.34859726,0.35538185,0.36176932,0.3677353,0.37325552,0.37830576,0.3828615,0.3866421,0.38941592,0.39123255,0.39214143,0.39219207,0.39143398,0.38991675,0.3876899,0.38480276,0.381305,0.37724614,0.37267557,0.36764297,0.36219776,0.3563894,0.35026753,0.34388155,0.33728096,0.33051544,0.32363436,0.31668726,0.30972362,0.30279294,0.29594493,0.28922883,0.2826943,0.2763909,0.27036798,0.2646752,0.25936195,0.25447792,0.25007242,0.24617805,0.24277808,0.23984824,0.23736407,0.23530142,0.23363587,0.23234315,0.23139891,0.23077895,0.2304588,0.23041421,0.2306209,0.23105448,0.23169072,0.23250525
0.078036614,0.0760562,0.07439066,0.07308971,0.072203055,0.071780466,0.071871616,0.072526224,0.07379404,0.07572474,0.078368075,0.08177376,0.085991494,0.091070995,0.09706201,0.1040142,0.11197735,0.12058862,0.1294358,0.13849448,0.14774022,0.15714866,0.16669542,0.17635605,0.18610616,0.19592133,0.2057772,0.21564929,0.2255133,0.23534472,0.24511926,0.25481245,0.26439983,0.27385712,0.28315982,0.29228354,0.3012039,0.3098965,0.31833696,0.32650083,0.33436376,0.3419012,0.34908894,0.35590246,0.36231744,0.36830938,0.3738539,0.37892663,0.38350317,0.38730142,0.3900888,0.3919149,0.39282954,0.39288232,0.39212307,0.39060155,0.38836744,0.38547024,0.38196,0.3778863,0.37329876,0.36824727,0.36278144,0.356951,0.3508057,0.3443952,0.33776927,0.3309776,0.32406995,0.31709605,0.31010547,0.30314815,0.29627362,0.2895317,0.28297207,0.2766444,0.27059853,0.2648841,0.25955087,0.25464845,0.25022674,0.24631806,0.24290566,0.23996504,0.23747174,0.2354015,0.23372982,0.2324324,0.23148476,0.23086241,0.23054111,0.23049635,0.23070382,0.23113899,0.23177756,0.23259506
0.07771645,0.07573179,0.07406268,0.072758965,0.07187043,0.07144694,0.07153828,0.0721943,0.07346479,0.07539962,0.0780486,0.08146154,0.085688256,0.0907786,0.09678239,0.10374943,0.11172956,0.12035918,0.12922513,0.13830295,0.14756826,0.15699655,0.16656338,0.17624435,0.18601494,0.19585073,0.20572726,0.21562007,0.22550479,0.2353569,0.24515189,0.25486544,0.26447308,0.27395022,0.2832726,0.2924156,0.30135491,0.31006607,0.31852445,0.32670584,0.3345857,0.34213945,0.34934285,0.3561713,0.36260045,0.3686058,0.37416288,0.37924725,0.3838345,0.38764185,0.39043617,0.39226723,0.39318478,0.39323878,0.3924789,0.39095515,0.38871723,0.38581496,0.38229826,0.3782169,0.3736206,0.3685593,0.3630828,0.35724092,0.35108358,0.3446604,0.3380214,0.33121625,0.3242949,0.31730717,0.31030262,0.30333152,0.29644334,0.289688,0.28311545,0.27677533,0.27071756,0.26499197,0.25964838,0.25473654,0.25030637,0.24639034,0.2429715,0.24002528,0.23752736,0.2354532,0.2337784,0.23247844,0.23152901,0.23090552,0.2305836,0.23053879,0.23074658,0.23118262,0.23182242,0.23264143
0.077671856,0.07568661,0.074017026,0.072712906,0.07182412,0.071400486,0.07149186,0.07214808,0.07341897,0.07535435,0.07800411,0.08141806,0.08564605,0.0907379,0.09674345,0.103712566,0.11169506,0.12032722,0.12919576,0.13827631,0.14754431,0.15697537,0.166545,0.17622879,0.18600222,0.19584087,0.2057203,0.21561602,0.22550361,0.23535857,0.24515648,0.25487286,0.26448327,0.2739632,0.28328833,0.29243407,0.30137596,0.31008968,0.3185506,0.3267344,0.33461654,0.34217262,0.34937817,0.35620874,0.36263987,0.36864707,0.37420592,0.3792919,0.38388062,0.38768932,0.39048457,0.39231625,0.39323422,0.3932884,0.39252847,0.3910044,0.38876593,0.38586298,0.38234538,0.37826285,0.3736654,0.36860278,0.36312482,0.35728133,0.3511223,0.3446974,0.3380565,0.33124954,0.32432622,0.3173365,0.31033012,0.303357,0.29646698,0.2897098,0.2831354,0.2767936,0.27073416,0.26500702,0.25966194,0.25474876,0.25031748,0.24640043,0.24298063,0.24003369,0.2375351,0.2354604,0.23378512,0.23248489,0.2315352,0.23091151,0.23058954,0.23054467,0.23075256,0.23118873,0.23182862,0.23264788
0.07787856,0.07589606,0.074228756,0.07292642,0.07203887,0.0716158,0.071707055,0.07236237,0.0736315,0.07556424,0.07821037,0.08161961,0.0858418,0.090926655,0.09692396,0.1038835,0.11185502,0.12047535,0.12933178,0.13839991,0.14765534,0.15707356,0.16663022,0.17630088,0.18606113,0.19588646,0.20575252,0.21563488,0.22550909,0.23535071,0.24513535,0.2548386,0.26443598,0.2739031,0.28321546,0.2923487,0.3012785,0.3099802,0.31842956,0.32660204,0.3344733,0.34201887,0.34921426,0.35603526,0.36245713,0.3684557,0.37400645,0.37908491,0.38366675,0.38746956,0.3902603,0.3920888,0.39300483,0.3930583,0.39229882,0.39077613,0.3885401,0.38564044,0.382127,0.3780495,0.37345767,0.36840135,0.36293018,0.35709414,0.3509429,0.34452614,0.33789372,0.33109546,0.32418102,0.3172002,0.3102028,0.30323866,0.2963574,0.28960887,0.28304282,0.27670908,0.2706573,0.2649374,0.25959903,0.25469193,0.25026605,0.24635378,0.24293812,0.23999475,0.23749915,0.23542699,0.23375382,0.23245512,0.23150662,0.2308837,0.23056208,0.23051733,0.23072493,0.23116054,0.23179969,0.23261794
0.07831223,0.07633543,0.07467295,0.07337438,0.07248937,0.072067566,0.07215854,0.07281195,0.07407743,0.07600461,0.07864308,0.08204249,0.08625249,0.09132267,0.097302675,0.10424211,0.11219065,0.12078614,0.12961714,0.1386593,0.14788826,0.15727963,0.16680907,0.17645219,0.18618467,0.19598211,0.20582013,0.21567446,0.22552058,0.2353343,0.24509117,0.25476676,0.26433685,0.2737769,0.28306273,0.29216984,0.30107394,0.30975065,0.31817558,0.32632437,0.33417273,0.3416962,0.3488705,0.3556711,0.3620738,0.36805424,0.37358797,0.37865067,0.383218,0.38700843,0.38978973,0.39161164,0.39252365,0.3925755,0.39181688,0.3902972,0.3880663,0.3851736,0.38166893,0.37760177,0.3730218,0.36797866,0.362522,0.35670137,0.3505665,0.34416687,0.33755228,0.33077222,0.32387635,0.31691435,0.30993575,0.3029903,0.29612753,0.28939712,0.28284863,0.27653176,0.27049607,0.26479128,0.25946692,0.25457263,0.25015813,0.24625587,0.24284893,0.23991306,0.23742391,0.23535696,0.23368812,0.23239276,0.23144658,0.2308253,0.23050451,0.23045985,0.23066695,0.23110144,0.23173898,0.23255517
0.07894854,0.07698017,0.07532473,0.07403168,0.07315043,0.07273039,0.072821,0.07347164,0.07473174,0.07665073,0.07927801,0.082662985,0.0868551,0.09190374,0.09785836,0.10476834,0.11268311,0.12124216,0.13003582,0.13903989,0.14823002,0.15758193,0.16707146,0.17667419,0.18636598,0.19612247,0.20591938,0.21573249,0.22553755,0.2353102,0.24502622,0.25466132,0.2641913,0.2735918,0.28283858,0.29190734,0.30077386,0.3094138,0.31780288,0.32591695,0.33373162,0.3412227,0.34836587,0.35513687,0.36151135,0.36746517,0.372974,0.37801355,0.38255954,0.38633186,0.38909936,0.39091146,0.39181757,0.39186722,0.3911097,0.38959447,0.38737097,0.38448858,0.38099676,0.37694484,0.37238228,0.36735857,0.36192304,0.3561251,0.35001427,0.3436398,0.3370512,0.3302979,0.32342935,0.31649482,0.3095438,0.30262586,0.29579023,0.28908628,0.28256363,0.27627155,0.27025944,0.26457685,0.2592731,0.2543976,0.2499998,0.24611218,0.24271807,0.2397933,0.2373134,0.23525429,0.23359168,0.23230115,0.23135862,0.23073965,0.23042004,0.23037553,0.23058186,0.23101471,0.23164983,0.23246296
0.079763204,0.077805564,0.07615917,0.07487318,0.07399674,0.073579006,0.073669106,0.074316196,0.07556942,0.07747793,0.080090865,0.08345736,0.087626584,0.09264768,0.09856977,0.10544203,0.113313586,0.12182599,0.13057186,0.1395271,0.14866753,0.15796903,0.16740735,0.17695841,0.18659803,0.19630209,0.20604639,0.2158068,0.22555916,0.2352793,0.2449431,0.25452638,0.26400504,0.27335474,0.2825516,0.29157126,0.3003896,0.3089825,0.31732577,0.32539535,0.333167,0.34061652,0.34771985,0.3544529,0.36079127,0.36671105,0.3721879,0.37719783,0.38171655,0.38546565,0.3882154,0.39001504,0.39091358,0.39096034,0.39020434,0.38869482,0.38648084,0.3836116,0.38013616,0.3761038,0.3715636,0.3665647,0.3611562,0.35538724,0.34930718,0.34296492,0.33640972,0.32969072,0.322857,0.31595775,0.30904213,0.30215928,0.29535836,0.28868845,0.2821988,0.27593848,0.2699566,0.26430237,0.25902495,0.2541735,0.2497971,0.24592823,0.24255055,0.23963985,0.23717196,0.23512281,0.23346819,0.23218392,0.23124589,0.23062992,0.23031192,0.23026761,0.23047295,0.23090371,0.23153579,0.23234497
