0.16378076,0.16332217,0.16293652,0.16263527,0.16242997,0.16233213,0.16235322,0.16250478,0.16279835,0.16324542,0.16385749,0.16464606,0.16562268,0.16679886,0.16818604,0.16979583,0.17163971,0.17377217,0.17621842,0.17894596,0.18192242,0.18511523,0.18849203,0.19202028,0.19566756,0.1994014,0.20318934,0.20699893,0.2107977,0.21455318,0.2182329,0.22180444,0.22523536,0.22849305,0.23154524,0.23435937,0.23690297,0.23914364,0.2410489,0.24258624,0.24372329,0.24442744,0.24466635,0.2444075,0.2436186,0.2422669,0.24032018,0.23774587,0.2345115,0.23081549,0.22688527,0.22273259,0.21836881,0.2138055,0.20905416,0.20412628,0.19903344,0.19378704,0.1883987,0.1828799,0.17724209,0.1714969,0.1656557,0.15973012,0.15373164,0.14767174,0.14156194,0.1354138,0.12923875,0.123048395,0.1168542,0.11066768,0.10450034,0.0983637,0.09226925,0.08622856,0.0802531,0.07435435,0.06854389,0.062833205,0.057233788,0.052034706,0.04749563,0.04358414,0.04026776,0.03751402,0.035290472,0.03356467,0.032304112,0.031476364,0.031048972,0.030989464,0.031265378,0.03184426,0.032693636,0.033781074
0.16422798,0.16377972,0.16340274,0.1631083,0.16290762,0.16281195,0.1628326,0.16298075,0.16326772,0.16370474,0.16430296,0.16507383,0.16602844,0.16717812,0.16853411,0.17010766,0.17191003,0.17399861,0.17640166,0.17908661,0.18202099,0.18517223,0.18850778,0.19199517,0.19560182,0.1992952,0.20304285,0.20681216,0.2105706,0.21428569,0.21792488,0.22145562,0.22484544,0.2280617,0.231072,0.2338437,0.23634434,0.23854135,0.2404022,0.24189445,0.24298538,0.24364269,0.24383369,0.2435259,0.24268675,0.24128382,0.2392844,0.23665616,0.23336643,0.22961697,0.2256387,0.2214429,0.21704079,0.21244362,0.20766266,0.20270915,0.19759433,0.19232948,0.18692583,0.18139465,0.1757472,0.16999473,0.16414846,0.15821972,0.15221967,0.1461596,0.14005078,0.13390444,0.12773186,0.12154426,0.11535293,0.10916906,0.10300398,0.09686887,0.09077506,0.08473378,0.07875622,0.07285372,0.06703747,0.061318748,0.055708807,0.05049857,0.04594978,0.042029914,0.03870641,0.03594678,0.03371848,0.031988952,0.030725705,0.029896187,0.029467871,0.029408233,0.02968475,0.030264864,0.031116065,0.032205813
0.16460408,0.1641645,0.16379488,0.16350606,0.1633093,0.16321552,0.16323574,0.16338104,0.16366243,0.16409098,0.16467765,0.16543356,0.16636969,0.16749708,0.16882685,0.17036991,0.17213735,0.17418903,0.17655575,0.17920488,0.18210389,0.18522012,0.18852106,0.19197406,0.19554652,0.19920594,0.20291965,0.20665506,0.21037965,0.21406075,0.21766584,0.22116229,0.2245175,0.22769897,0.23067395,0.23340999,0.23587449,0.23803481,0.23985836,0.24131258,0.24236493,0.24298273,0.24313335,0.2427844,0.24190307,0.24045694,0.2384133,0.23573968,0.2324034,0.22860904,0.2245903,0.2203583,0.21592389,0.21129823,0.20649235,0.2015173,0.19638403,0.19110362,0.18568717,0.18014558,0.17449,0.1687314,0.16288088,0.15694943,0.1509481,0.14488791,0.1387799,0.13263507,0.12646453,0.12027924,0.1140903,0.10790873,0.10174552,0.09561177,0.08951846,0.08347666,0.07749738,0.07159166,0.06577055,0.060045075,0.054426283,0.04920668,0.044649713,0.0407228,0.037393328,0.034628727,0.032396413,0.030663785,0.02939825,0.028567249,0.028138163,0.028078416,0.028355427,0.028936576,0.029789325,0.030881044
0.16489789,0.1644651,0.16410111,0.16381684,0.1636231,0.16353074,0.16355063,0.16369368,0.16397075,0.16439267,0.16497032,0.16571455,0.16663624,0.16774628,0.16905546,0.17057474,0.17231493,0.17433777,0.17667611,0.17929727,0.18216863,0.18525755,0.18853141,0.19195755,0.19550335,0.19913617,0.20282339,0.20653237,0.21023048,0.21388505,0.21746351,0.22093312,0.22426137,0.22741555,0.2303631,0.23307128,0.23550753,0.23763913,0.2394336,0.24085814,0.24188025,0.24246722,0.24258639,0.2422052,0.24129102,0.2398111,0.23773295,0.23502386,0.23165116,0.22782175,0.22377147,0.21951108,0.21505152,0.21040364,0.20557828,0.20058636,0.19543867,0.19014615,0.1847196,0.17916995,0.17350805,0.16774468,0.16189079,0.15595724,0.1499549,0.14389457,0.1377872,0.13164358,0.12547462,0.119291194,0.113104105,0.106924266,0.100762576,0.09462983,0.08853691,0.08249474,0.07651408,0.07060589,0.06478098,0.059050236,0.05342452,0.0481976,0.04363424,0.0397018,0.036367662,0.033599187,0.031363744,0.029628688,0.028361395,0.027529212,0.027099537,0.027039714,0.027317096,0.027899073,0.028753001,0.029846255
0.1650981,0.16466995,0.16430984,0.1640286,0.1638369,0.16374554,0.16376524,0.16390678,0.16418086,0.16459829,0.16516975,0.16590606,0.16681789,0.16791607,0.1692113,0.17071438,0.17243594,0.17443916,0.17675816,0.17936024,0.18221276,0.18528306,0.18853846,0.19194631,0.19547394,0.19908866,0.2027578,0.20644875,0.21012878,0.2137653,0.21732558,0.22077695,0.22408684,0.22722246,0.23015119,0.23284039,0.23525739,0.23736951,0.23914412,0.24054845,0.2415499,0.24211587,0.24221362,0.24181047,0.24087378,0.23937096,0.23726922,0.23453598,0.23113853,0.22728524,0.22321337,0.21893372,0.21445693,0.2097939,0.20495532,0.19995186,0.1947944,0.18949363,0.18406023,0.17850503,0.17283875,0.16707219,0.16121602,0.15528102,0.14927799,0.1432176,0.13711064,0.13096786,0.12479995,0.11861779,0.112431996,0.10625335,0.100092664,0.093960606,0.087867975,0.08182552,0.07584395,0.069934055,0.064106554,0.05837222,0.052741785,0.047509868,0.042942155,0.039005984,0.035668653,0.032897554,0.030659959,0.028923243,0.027654737,0.026821772,0.026391678,0.026331797,0.026609454,0.027191985,0.028046729,0.02914103
0.16519356,0.16476758,0.16440937,0.16412954,0.16393885,0.16384795,0.16386753,0.16400835,0.16428106,0.16469628,0.16526484,0.16599734,0.1669045,0.16799699,0.16928558,0.17078087,0.1724936,0.17448747,0.17679724,0.17939025,0.18223381,0.18529524,0.18854184,0.19194093,0.19545992,0.19906598,0.20272654,0.20640889,0.21008034,0.2137082,0.21725985,0.22070256,0.2240036,0.22713037,0.2300502,0.23273037,0.2351382,0.237241,0.23900606,0.24040084,0.24139243,0.24194843,0.24203593,0.24162236,0.24067497,0.2391612,0.2370482,0.23430346,0.23089418,0.2270295,0.22294739,0.21865848,0.21417354,0.20950332,0.20465839,0.19964947,0.1944873,0.18918256,0.18374592,0.1781881,0.17251977,0.16675164,0.1608944,0.15495874,0.14895535,0.14289491,0.13678816,0.13064577,0.1244784,0.1182968,0.11211161,0.10593356,0.099773355,0.09364164,0.087549165,0.08150654,0.07552454,0.06961384,0.063785106,0.058049057,0.052416373,0.047182087,0.04261228,0.03867432,0.03533548,0.032563124,0.030324517,0.028587015,0.027317926,0.026484584,0.02605429,0.025994383,0.026272161,0.026854962,0.027710091,0.02880488
0.16517293,0.16474652,0.16438791,0.16410777,0.16391686,0.16382585,0.16384551,0.16398644,0.16425943,0.16467515,0.16524431,0.16597764,0.16688581,0.16797954,0.16926955,0.17076652,0.17248116,0.17447704,0.17678882,0.17938377,0.18222928,0.18529259,0.18854113,0.19194211,0.19546294,0.1990709,0.20273332,0.2064175,0.21009077,0.21372055,0.21727404,0.22071859,0.22402155,0.22715022,0.23007199,0.23275411,0.23516387,0.2372687,0.23903584,0.24043265,0.24142644,0.24198455,0.24207424,0.24166292,0.24071786,0.23920645,0.23709589,0.23435357,0.23094687,0.22708467,0.2230047,0.21871786,0.21423471,0.20956603,0.20472242,0.1997147,0.19455355,0.18924965,0.18381374,0.17825644,0.17258859,0.16682076,0.16096377,0.15502827,0.14902493,0.14296453,0.13685772,0.13071524,0.12454775,0.11836604,0.11218072,0.10600257,0.09984222,0.09371045,0.0876179,0.081575364,0.07559344,0.06968289,0.06385444,0.058118753,0.05248656,0.047252793,0.04268344,0.03874585,0.035407346,0.03263524,0.030396856,0.02865953,0.02739057,0.026557315,0.026127059,0.026067153,0.026344908,0.026927648,0.027782695,0.028877376
0.16502513,0.16459528,0.16423379,0.16395143,0.16375895,0.16366726,0.16368705,0.1638291,0.16410431,0.16452335,0.16509707,0.16583624,0.16675167,0.16785417,0.16915451,0.17066345,0.17239182,0.17440222,0.17672826,0.1793373,0.18219668,0.18527378,0.1885359,0.19195043,0.19548467,0.19910598,0.20278174,0.20647924,0.21016587,0.21380895,0.21737586,0.2208339,0.22415048,0.22729285,0.23022841,0.23292452,0.23534857,0.23746778,0.2392496,0.24066132,0.24167033,0.24224392,0.24234946,0.24195431,0.24102588,0.23953143,0.2374383,0.23471376,0.23132539,0.22748077,0.22341678,0.21914415,0.21467362,0.21001613,0.20518231,0.20018312,0.19502923,0.18973145,0.18430059,0.17874737,0.17308271,0.16731729,0.16146195,0.1555275,0.1495247,0.14346433,0.13735722,0.13121414,0.12504588,0.11886321,0.112676956,0.106497906,0.10033682,0.094204545,0.08811179,0.082069434,0.07608821,0.070178926,0.06435237,0.058619343,0.052990627,0.047760535,0.04319442,0.039259598,0.035923436,0.03315328,0.030916482,0.029180378,0.027912315,0.02707963,0.02664969,0.026589822,0.02686738,0.027449708,0.028304156,0.029398067
0.1647388,0.16430238,0.16393532,0.1636486,0.16345319,0.16336007,0.16338018,0.16352442,0.16380383,0.16422933,0.16481188,0.16556242,0.16649193,0.16761138,0.16893168,0.17046383,0.17221878,0.17425725,0.17661096,0.17924727,0.18213357,0.1852373,0.18852581,0.19196647,0.19552673,0.19917394,0.20287551,0.2065988,0.21031122,0.2139802,0.21757305,0.22105718,0.22440006,0.22756901,0.23053138,0.23325466,0.23570615,0.23785336,0.23966354,0.24110419,0.24214265,0.2427463,0.24288255,0.24251878,0.2416224,0.24016078,0.2381013,0.23541139,0.23205844,0.22824802,0.22421479,0.21996973,0.21552381,0.21088801,0.20607318,0.20109038,0.19595048,0.19066454,0.18524344,0.17969815,0.17403966,0.16827892,0.16242686,0.15649441,0.15049261,0.14443235,0.13832462,0.1321804,0.12601055,0.11982612,0.11363805,0.10745725,0.10129473,0.09516145,0.08906832,0.08302635,0.077046454,0.071139604,0.06531674,0.059588853,0.053966876,0.04874392,0.04418402,0.04025457,0.036922958,0.034156587,0.03192283,0.030189088,0.028922755,0.028091215,0.027661849,0.027602065,0.02787925,0.028460784,0.029314062,0.030406488
0.16430283,0.16385631,0.16348077,0.16318746,0.16298755,0.16289227,0.16291282,0.16306043,0.16334629,0.16378158,0.16437754,0.16514543,0.16609639,0.1672416,0.16859238,0.17015985,0.17195526,0.1740365,0.1764323,0.17911014,0.18203747,0.18518175,0.18851043,0.19199094,0.19559082,0.19927746,0.20301832,0.20678088,0.2105326,0.21424095,0.21787332,0.22139727,0.22478013,0.22798952,0.23099275,0.23375742,0.23625085,0.23844053,0.240294,0.24177861,0.24286196,0.24351135,0.24369432,0.24337833,0.24253076,0.24111922,0.23911105,0.23647377,0.23317477,0.22941639,0.22543006,0.22122705,0.2168185,0.21221569,0.20742978,0.20247194,0.19735351,0.19208553,0.18667933,0.1811461,0.17549703,0.16974334,0.1638962,0.15796693,0.1519666,0.14590655,0.13979787,0.13365184,0.12747963,0.12129252,0.11510164,0.108918265,0.10275353,0.09661873,0.090525,0.08448359,0.0785057,0.07260256,0.06678535,0.06106528,0.055453584,0.05024147,0.045691054,0.041769784,0.03844511,0.03568448,0.03345537,0.03172523,0.030461535,0.029631719,0.029203245,0.029143602,0.0294202,0.030000519,0.030852037,0.03194218
0.1637059,0.16324557,0.16285847,0.16255611,0.16235004,0.16225183,0.16227299,0.16242513,0.16271982,0.16316853,0.16378292,0.16457449,0.16555478,0.1667354,0.1681278,0.16974367,0.17159447,0.17373428,0.17618774,0.17892243,0.1819059,0.18510568,0.18848939,0.19202447,0.19567856,0.19941914,0.20321384,0.20703018,0.21083568,0.21459793,0.21828446,0.2218628,0.22530055,0.2285653,0.23162447,0.23444569,0.23699649,0.23924446,0.24115713,0.242702,0.24384671,0.24455881,0.24480572,0.24455513,0.2437745,0.24243146,0.2404935,0.2379282,0.23470315,0.23101598,0.22709388,0.22294842,0.21859105,0.21403341,0.20928705,0.20436351,0.19927426,0.19403097,0.18864518,0.18312846,0.17749228,0.17174828,0.16590793,0.15998292,0.15398467,0.14792481,0.14181484,0.13566637,0.12949099,0.12330016,0.11710548,0.11091848,0.10475077,0.09861384,0.092519335,0.086478725,0.08050361,0.07460552,0.068796,0.06308666,0.05748902,0.05229179,0.047754355,0.043844257,0.04052907,0.037776325,0.035553582,0.03382838,0.03256828,0.031740826,0.03131359,0.03125411,0.03152992,0.032108586,0.032957673,0.034044705
0.1629368,0.16245876,0.16205671,0.16174267,0.16152868,0.16142668,0.16144866,0.16160667,0.16191271,0.16237876,0.16301681,0.16383888,0.16485699,0.16608311,0.16752924,0.16920745,0.17112964,0.17334488,0.17587261,0.1786806,0.1817364,0.1850077,0.18846224,0.19206765,0.19579162,0.19960175,0.20346577,0.2073514,0.21122618,0.2150579,0.21881415,0.22246267,0.22597107,0.22930712,0.23243836,0.23533249,0.23795721,0.24028024,0.24226919,0.2438917,0.24511552,0.2459083,0.2462376,0.24607131,0.24537693,0.24412218,0.24227467,0.23980217,0.23667233,0.23307702,0.22923766,0.22516626,0.22087485,0.21637546,0.21168,0.20680054,0.20174906,0.19653758,0.19117804,0.18568254,0.18006298,0.17433146,0.16849989,0.16258031,0.15658474,0.15052517,0.14441358,0.13826197,0.13208237,0.12588681,0.119687185,0.113495566,0.107324,0.101184405,0.095088825,0.08904925,0.083077684,0.077186115,0.07138656,0.06569102,0.06011148,0.05493341,0.050412714,0.04651704,0.043214053,0.040471457,0.0382569,0.03653807,0.035282616,0.03445821,0.034032553,0.033973288,0.034248076,0.03482461,0.035670567,0.0367536
0.16198435,0.1614843,0.16106376,0.16073531,0.16051143,0.16040474,0.16042775,0.16059302,0.16091311,0.16140062,0.16206804,0.16292793,0.16399285,0.16527538,0.16678801,0.16854337,0.17055397,0.17286265,0.17548239,0.17838109,0.18152647,0.1848864,0.18842867,0.19212113,0.1959316,0.19982786,0.20377779,0.20774916,0.21170977,0.21562755,0.21947016,0.22320557,0.22680148,0.23022574,0.23344623,0.23643075,0.23914696,0.24156299,0.2436464,0.24536504,0.24668688,0.24757956,0.248011,0.24794902,0.24736138,0.24621597,0.24448052,0.242123,0.23911102,0.23562938,0.2318925,0.2279129,0.22370318,0.21927588,0.2146435,0.2098187,0.20481391,0.19964178,0.19431482,0.18884559,0.18324664,0.17753054,0.17170982,0.16579704,0.15980479,0.15374553,0.14763191,0.14147645,0.1352917,0.1290902,0.1228845,0.116687186,0.110510804,0.1043679,0.09827101,0.092232704,0.086265534,0.080382034,0.0745948,0.06891636,0.063359246,0.058204915,0.053704914,0.04982709,0.046539262,0.043809228,0.04160482,0.039893858,0.03864416,0.037823543,0.03739982,0.037340835,0.03761436,0.038188264,0.039030325,0.040108405
0.16083723,0.16031073,0.15986794,0.15952209,0.15928636,0.15917401,0.15919822,0.15937229,0.15970933,0.16022265,0.16092539,0.1618308,0.16295214,0.16430253,0.1658953,0.16774362,0.16986069,0.17228189,0.17501241,0.17802036,0.18127362,0.18474025,0.18838824,0.19218552,0.1961002,0.2001002,0.20415352,0.20822822,0.21229221,0.21631356,0.2202602,0.22410023,0.22780152,0.23133215,0.23466009,0.23775332,0.24057995,0.24310783,0.24530499,0.24713944,0.24857923,0.24959233,0.25014675,0.25021037,0.24975133,0.24873757,0.24713713,0.24491794,0.24204801,0.23870328,0.23508978,0.23122074,0.22710939,0.22276893,0.21821253,0.2134535,0.208505,0.20338029,0.1980925,0.19265497,0.1870808,0.18138328,0.17557563,0.16967106,0.16368271,0.15762393,0.15150782,0.14534771,0.13915673,0.13294813,0.1267351,0.12053093,0.11434876,0.10820184,0.10210337,0.0960666,0.09010472,0.084230974,0.07845855,0.0728007,0.06727062,0.062144835,0.057669804,0.053813484,0.05054387,0.047828984,0.045636788,0.043935318,0.04269255,0.041876484,0.041455105,0.041396447,0.041668456,0.042239167,0.043076586,0.044148676
0.15948436,0.15892659,0.15845755,0.15809114,0.15784146,0.15772246,0.15774813,0.15793248,0.1582895,0.15883327,0.15957768,0.16053683,0.16172466,0.1631552,0.1648424,0.16680034,0.16904297,0.1715969,0.17445813,0.17759492,0.18097542,0.18456788,0.18834051,0.1922615,0.19629908,0.2004214,0.20459673,0.20879324,0.21297915,0.21712266,0.22119205,0.22515544,0.22898102,0.23263706,0.23609176,0.23931333,0.24226993,0.24492985,0.24726121,0.2492323,0.2508112,0.25196624,0.25266567,0.25287756,0.25257015,0.2517117,0.2502704,0.24821441,0.24551202,0.24232878,0.23886083,0.23512219,0.23112686,0.22688878,0.22242202,0.21774058,0.21285844,0.2077896,0.20254809,0.19714783,0.19160296,0.18592738,0.18013513,0.17424022,0.16825658,0.16219826,0.15607928,0.14991365,0.14371534,0.13749835,0.13127668,0.12506437,0.118875384,0.112723716,0.106623426,0.10058848,0.09463286,0.08877057,0.08301566,0.07738208,0.07188386,0.066791795,0.062346175,0.058515202,0.055267088,0.05257006,0.050392285,0.048701994,0.0474674,0.046656694,0.04623809,0.0461798,0.046450038,0.047017008,0.047848895,0.04891394
0.15791437,0.1573204,0.15682085,0.15643065,0.15616472,0.15603797,0.15606532,0.15626165,0.15664189,0.15722099,0.15801378,0.15903522,0.16030024,0.1618237,0.16362059,0.16570574,0.16809408,0.17080203,0.1738149,0.17710122,0.18062939,0.1843679,0.18828516,0.19234967,0.19652982,0.20079409,0.205111,0.2094489,0.2137763,0.21806161,0.22227336,0.22637992,0.23034978,0.23415138,0.23775315,0.24112357,0.2442311,0.2470442,0.2495313,0.2516608,0.2534013,0.25472113,0.2555887,0.2559726,0.25584123,0.255163,0.25390637,0.25203985,0.2495318,0.24653597,0.24323687,0.23964956,0.23578882,0.23166963,0.22730686,0.2227155,0.21791033,0.21290638,0.20771854,0.20236167,0.19685069,0.19120055,0.18542619,0.17954242,0.17356426,0.16750655,0.16138422,0.15521215,0.14900531,0.1427786,0.13654692,0.13032518,0.12412827,0.11797116,0.1118687,0.10583585,0.099887475,0.094038524,0.088303894,0.08269851,0.077237256,0.0721843,0.067772835,0.06397128,0.060748126,0.058071796,0.05591075,0.05423345,0.05300833,0.052203853,0.051788487,0.051730633,0.0519988,0.05256141,0.05338691,0.054443765
0.1561161,0.15548061,0.15494615,0.1545287,0.15424418,0.15410857,0.15413782,0.15434788,0.15475471,0.15537423,0.15622246,0.15731528,0.1586687,0.16029865,0.16222107,0.16445196,0.16700721,0.16989154,0.17307813,0.17653571,0.18023303,0.1841388,0.18822174,0.19245061,0.19679415,0.20122105,0.20570007,0.21019994,0.21468937,0.2191371,0.22351192,0.22778249,0.23191753,0.23588583,0.23965612,0.24319708,0.24647748,0.24946605,0.25213146,0.25444257,0.256368,0.25787652,0.25893685,0.2595178,0.25958794,0.25911614,0.25807106,0.25642148,0.25413612,0.2513549,0.24824932,0.24483527,0.24112876,0.2371457,0.23290205,0.22841379,0.22369686,0.21876723,0.21364081,0.20833358,0.2028615,0.19724053,0.19148663,0.18561569,0.1796437,0.17358667,0.1674605,0.16128112,0.15506454,0.1488267,0.14258352,0.13635096,0.13014501,0.12398161,0.11787671,0.11184624,0.10590619,0.100072496,0.09436111,0.088787995,0.0833691,0.078360945,0.07398858,0.07022075,0.06702615,0.06437356,0.062231675,0.06056924,0.059354983,0.058557637,0.058145944,0.058088616,0.058354393,0.058912016,0.059730202,0.060777698
0.15406673,0.15338404,0.15280984,0.15236135,0.1520557,0.15191,0.15194145,0.1521671,0.15260416,0.15326975,0.15418099,0.15535508,0.15680909,0.15856019,0.1606255,0.16302222,0.16576742,0.16885291,0.17223829,0.17589267,0.17978486,0.18388392,0.18815881,0.19257848,0.19711195,0.20172812,0.20639604,0.21108465,0.21576287,0.22039975,0.22496428,0.22942531,0.23375191,0.23791307,0.24187762,0.2456147,0.24909319,0.2522821,0.2551504,0.257667,0.25980097,0.26152122,0.26279673,0.26359648,0.26388946,0.26364464,0.2628309,0.26141727,0.2593728,0.25682256,0.2539238,0.2506937,0.24714935,0.24330789,0.23918653,0.23480234,0.23017249,0.22531407,0.2202443,0.21498029,0.20953913,0.20393804,0.1981941,0.19232446,0.1863463,0.18027674,0.17413285,0.16793181,0.16169086,0.15542701,0.14915746,0.14289933,0.13666978,0.13048592,0.124364905,0.11832388,0.11237998,0.10655034,0.10085212,0.09530243,0.08991843,0.084948756,0.08061002,0.076871134,0.07370111,0.0710689,0.06894347,0.067293815,0.0660889,0.065297686,0.06488915,0.06483226,0.065096006,0.06564933,0.066461235,0.06750069
0.15176821,0.15103258,0.15041395,0.14993075,0.14960143,0.14944446,0.14947833,0.1497215,0.15019235,0.1509095,0.15189129,0.15315627,0.1547229,0.15660954,0.15883483,0.16141705,0.16437484,0.1676861,0.17129607,0.17517373,0.17928836,0.18360887,0.1881045,0.19274431,0.19749738,0.20233287,0.20721981,0.21212734,0.21702464,0.22188067,0.22666466,0.23134567,0.23589276,0.2402751,0.24446176,0.24842183,0.25212452,0.25553873,0.25863376,0.26137868,0.2637425,0.26569432,0.26720336,0.26823863,0.26876938,0.26876453,0.26819327,0.2670247,0.26522794,0.2629128,0.26022226,0.25717464,0.25378847,0.25008222,0.24607435,0.2417833,0.23722757,0.23242566,0.22739592,0.2221569,0.21672714,0.21112494,0.20536889,0.1994774,0.19346897,0.18736205,0.18117508,0.17492656,0.16863497,0.16231877,0.15599637,0.14968634,0.14340703,0.13717698,0.13101465,0.124938495,0.11896698,0.11311861,0.10741178,0.10186502,0.096496746,0.091548294,0.08722806,0.08350516,0.080348656,0.07772768,0.07561134,0.07396871,0.07276894,0.07198111,0.0715743,0.07151766,0.07178026,0.07233125,0.073139675,0.07417468
0.14924625,0.14845276,0.1477854,0.14726414,0.14690892,0.14673957,0.14677608,0.14703837,0.14754638,0.14831994,0.14937904,0.15074359,0.1524335,0.15446873,0.15686914,0.15965466,0.16284525,0.16640446,0.17026195,0.17438693,0.17874847,0.18331578,0.18805797,0.19294414,0.19794346,0.2030251,0.20815812,0.21331176,0.21845512,0.22355731,0.2285875,0.23351482,0.23830843,0.24293743,0.24737099,0.2515782,0.25552833,0.2591904,0.2625336,0.265527,0.26813984,0.27034122,0.27210027,0.27338612,0.2741679,0.2744148,0.27409598,0.27318043,0.2716375,0.2695613,0.26708007,0.2642137,0.2609822,0.2574054,0.25350314,0.24929546,0.24480227,0.24004352,0.235039,0.22980879,0.2243727,0.21875067,0.21296269,0.20702854,0.20096828,0.1948018,0.18854895,0.18222974,0.17586401,0.16947176,0.16307287,0.15668723,0.15033482,0.14403549,0.13780925,0.13167596,0.12565552,0.11976791,0.114033006,0.10847076,0.10310108,0.09815834,0.093843095,0.09012447,0.08697162,0.08435368,0.08223977,0.08059904,0.07940066,0.07861372,0.0782074,0.07815084,0.07841313,0.07896346,0.07977098,0.080804795
0.14652662,0.14567077,0.144951,0.14438877,0.14400561,0.14382295,0.14386237,0.14414525,0.14469315,0.14552754,0.14666988,0.14814167,0.14996445,0.15215959,0.15474868,0.15775315,0.16119452,0.1650212,0.16914666,0.17354,0.17817032,0.1830067,0.18801825,0.19317406,0.1984432,0.20379475,0.20919783,0.21462148,0.22003488,0.22540706,0.23070706,0.23590411,0.24096715,0.24586535,0.2505678,0.2550436,0.2592618,0.26319152,0.26680177,0.27006176,0.27294055,0.27540717,0.27743074,0.2789804,0.28002515,0.2805342,0.28047654,0.27982128,0.2785375,0.2767036,0.2744328,0.27174658,0.26866645,0.2652139,0.26141044,0.25727752,0.2528366,0.24810919,0.24311683,0.23788093,0.232423,0.22676456,0.22092706,0.21493198,0.20880085,0.20255508,0.19621623,0.18980578,0.18334517,0.1768559,0.17035949,0.16387743,0.15743113,0.15104216,0.14473195,0.13852201,0.13243386,0.1264889,0.1207087,0.1151147,0.1097284,0.10477768,0.10045544,0.09673081,0.093572855,0.09095066,0.08883334,0.08718996,0.08598962,0.085201435,0.08479444,0.08473779,0.08500051,0.08555173,0.086360544,0.087396026
0.14363521,0.14271307,0.14193758,0.14133185,0.140919,0.14072224,0.14076468,0.14106949,0.1416598,0.14255877,0.1437895,0.14537524,0.14733906,0.14970413,0.1524936,0.15573068,0.15943842,0.16354953,0.16796067,0.17264079,0.17755882,0.1826837,0.18798451,0.19343016,0.19898959,0.20463173,0.21032561,0.21604022,0.22174445,0.22740732,0.23299773,0.23848473,0.24383725,0.24902423,0.2540147,0.25877756,0.2632818,0.26749644,0.27139035,0.2749325,0.27809197,0.28083757,0.2831384,0.28496334,0.28628144,0.28706154,0.28727272,0.2868839,0.28586406,0.28427526,0.2822158,0.2797088,0.27677733,0.27344465,0.26973385,0.26566812,0.26127058,0.25656438,0.25157264,0.24631861,0.24082533,0.23511596,0.22921368,0.2231417,0.21692307,0.21058099,0.20413862,0.19761908,0.19104548,0.18444106,0.17782888,0.17123213,0.164674,0.15817761,0.15176608,0.14546257,0.13929024,0.13327226,0.12743177,0.12179187,0.11637574,0.1114051,0.10706548,0.103325844,0.10015519,0.097522445,0.095396586,0.0937466,0.09254145,0.09175007,0.091341466,0.09128457,0.09154835,0.09210179,0.09291386,0.09395349
0.14059767,0.139606,0.13877201,0.1381206,0.13767664,0.13746502,0.13751069,0.13783844,0.13847329,0.13944004,0.14076364,0.14246893,0.14458089,0.14712434,0.15012419,0.15360533,0.15759271,0.16200277,0.16671468,0.17169714,0.176919,0.18234897,0.18795586,0.19370851,0.19957562,0.20552593,0.21152832,0.21755156,0.22356436,0.22953552,0.23543382,0.24122804,0.24688703,0.25237942,0.2576742,0.2627399,0.26754543,0.27205956,0.2762511,0.28008875,0.2835414,0.28657773,0.28916648,0.29127657,0.29287663,0.29393563,0.29442215,0.294305,0.29355308,0.29221192,0.29036453,0.28803587,0.28525078,0.28203422,0.27841097,0.27440605,0.27004427,0.26535055,0.2603498,0.25506693,0.24952677,0.24375428,0.23777433,0.23161185,0.2252916,0.21883866,0.2122778,0.20563401,0.19893211,0.192197,0.1854536,0.17872678,0.17204146,0.16542256,0.1588949,0.15248343,0.14621304,0.14010859,0.13419501,0.12849721,0.123040065,0.118039355,0.1136735,0.10991127,0.10672143,0.10407277,0.10193409,0.100274116,0.099061675,0.098265514,0.09785443,0.09779719,0.098062575,0.09861936,0.099436335,0.10048227
0.1374398,0.1363759,0.13548118,0.13478228,0.13430594,0.1340789,0.1341279,0.1344796,0.13516065,0.13619787,0.13761792,0.13944747,0.1417133,0.14444207,0.14766052,0.15139535,0.15567325,0.16039416,0.16541922,0.17071691,0.17625582,0.18200448,0.18793145,0.19400518,0.20019433,0.2064673,0.21279274,0.21913916,0.22547512,0.2317691,0.23798972,0.2441054,0.25008476,0.25589633,0.26150864,0.26689026,0.27200967,0.27683544,0.2813362,0.2854803,0.28923634,0.29257298,0.29545859,0.29786184,0.2997512,0.30109525,0.30186248,0.30202144,0.3015407,0.30044916,0.2988145,0.29666352,0.2940229,0.29091924,0.28737938,0.28342995,0.27909777,0.27440938,0.26939163,0.26407114,0.25847462,0.2526289,0.24656054,0.24029635,0.233863,0.22728717,0.22059563,0.21381502,0.20697214,0.20009361,0.19320619,0.18633659,0.17951152,0.17275764,0.16610171,0.15957043,0.15319046,0.1469886,0.14099148,0.13522583,0.1297184,0.12467928,0.120279916,0.11648879,0.113274455,0.11060548,0.10845035,0.10677765,0.10555589,0.10475362,0.104339354,0.104281686,0.10454912,0.10511018,0.10593342,0.10698738
0.13418747,0.13304918,0.13209185,0.13134408,0.13083446,0.13059159,0.13064395,0.13102023,0.13174894,0.13285866,0.13437799,0.13633548,0.13875975,0.14167936,0.14512283,0.14911884,0.15369585,0.15873694,0.16408488,0.16970792,0.1755743,0.18165234,0.18791021,0.19431624,0.20083866,0.2074457,0.2141056,0.22078674,0.2274573,0.2340855,0.24063964,0.24708799,0.25339878,0.25954026,0.26548073,0.2711884,0.27663156,0.2817785,0.28659734,0.29105654,0.29512417,0.29876864,0.30195808,0.30466083,0.30684513,0.3084792,0.3095314,0.3099698,0.3097629,0.3089226,0.3075012,0.30552736,0.3030296,0.3000365,0.29657662,0.29267865,0.28837103,0.28368244,0.2786413,0.27327633,0.26761606,0.26168916,0.25552398,0.24914932,0.2425937,0.23588559,0.22905372,0.22212657,0.21513274,0.20810081,0.20105934,0.19403693,0.18706214,0.18016358,0.17336978,0.16670935,0.16021085,0.15390286,0.14781395,0.14197272,0.13640773,0.13132368,0.12688506,0.12306009,0.11981711,0.117124304,0.11494995,0.11326232,0.112029664,0.11122023,0.11080229,0.110744104,0.11101392,0.11157998,0.112410545,0.113473944
0.13086638,0.12965211,0.12863094,0.12783329,0.12728968,0.12703055,0.12708648,0.12748782,0.12826514,0.12944892,0.13106962,0.13315772,0.13574369,0.1388581,0.14253134,0.14679387,0.1516763,0.15704437,0.16272232,0.16867803,0.1748795,0.18129465,0.1878914,0.19463776,0.20150165,0.208451,0.21545376,0.22247788,0.22949138,0.23646206,0.243358,0.2501471,0.25679728,0.26327655,0.2695528,0.27559397,0.28136808,0.28684303,0.29198673,0.29676718,0.30115232,0.30511007,0.30860835,0.3116153,0.31409866,0.3160264,0.3173665,0.31808695,0.31815568,0.31756774,0.31636,0.3145629,0.31220695,0.30932263,0.3059404,0.30209073,0.2978042,0.29311118,0.2880422,0.2826278,0.27689832,0.27088436,0.26461637,0.2581249,0.2514403,0.2445931,0.23761387,0.23053299,0.22338101,0.21618837,0.20898558,0.20180309,0.19467144,0.18762106,0.1806824,0.17388608,0.16726246,0.16084208,0.15465538,0.14873289,0.14310504,0.13797127,0.13348924,0.12962689,0.12635218,0.123633035,0.121437415,0.11973328,0.118488565,0.11767121,0.11724921,0.11719042,0.11746288,0.11803448,0.11887318,0.11994696
0.1275023,0.12621117,0.1251253,0.124277115,0.12369907,0.12342354,0.12348298,0.123909764,0.12473633,0.12599504,0.12771842,0.12993878,0.1326886,0.13600023,0.13990614,0.14443874,0.1496304,0.15532975,0.16134208,0.16763507,0.17417632,0.18093345,0.1878741,0.19496581,0.20217632,0.20947315,0.21682394,0.22419631,0.2315579,0.2388763,0.24611917,0.2532541,0.2602487,0.2670706,0.27368742,0.28006673,0.2861762,0.2919835,0.29745618,0.30256182,0.3072681,0.31154263,0.31535304,0.31866688,0.32145184,0.32367554,0.32530552,0.3263095,0.3266551,0.32632023,0.32532632,0.32370576,0.32149094,0.31871423,0.31540814,0.31160498,0.30733725,0.30263737,0.2975376,0.29207048,0.28626853,0.28016403,0.27378932,0.26717696,0.2603593,0.25336882,0.24623777,0.23899876,0.23168409,0.2243262,0.21695751,0.20961042,0.20231733,0.19511071,0.18802294,0.1810864,0.17433359,0.16779685,0.16150865,0.15550137,0.14980738,0.14462091,0.14009285,0.13619085,0.1328825,0.13013545,0.1279173,0.12619567,0.12493819,0.124112464,0.1236861,0.123626724,0.123901956,0.124479435,0.12532677,0.12641154
0.12412108,0.12275262,0.121601745,0.120702796,0.12009013,0.1197981,0.1198611,0.12031343,0.121189475,0.12252356,0.1243501,0.12670346,0.12961784,0.13312775,0.13726753,0.1420715,0.14757398,0.15360625,0.15995477,0.16658689,0.17346983,0.18057092,0.18785736,0.19529653,0.20285565,0.210502,0.2182029,0.22592565,0.2336374,0.2413056,0.24889742,0.25638023,0.2637212,0.27088773,0.27784708,0.28456637,0.2910131,0.2971544,0.3029576,0.30839005,0.31341898,0.31801158,0.32213533,0.32575738,0.32884496,0.3313655,0.33328617,0.33457425,0.3351971,0.3351157,0.3343357,0.33289158,0.3308176,0.32814807,0.32491747,0.32116,0.31691027,0.3122024,0.3070708,0.30154988,0.29567397,0.28947738,0.2829945,0.2762597,0.26930726,0.26217175,0.25488722,0.24748823,0.24000908,0.2324841,0.22494769,0.21743415,0.2099779,0.20261326,0.1953746,0.18829624,0.18141253,0.17475791,0.16836664,0.16227314,0.15651172,0.15127134,0.14669624,0.1427537,0.13941097,0.13663538,0.13439418,0.13265465,0.1313841,0.13054977,0.13011898,0.13005899,0.1303371,0.13092059,0.13177674,0.13287276
0.12074842,0.11930283,0.11808711,0.117137514,0.11649033,0.11618187,0.11624838,0.11672622,0.11765163,0.11906092,0.12099035,0.12347628,0.12655492,0.1302626,0.13463564,0.13971028,0.1455228,0.15188716,0.15857102,0.16554129,0.172765,0.18020903,0.18784036,0.1956259,0.20353262,0.2115275,0.21957748,0.22764947,0.23571044,0.24372739,0.25166714,0.25949678,0.26718315,0.27469328,0.2819941,0.28905258,0.29583555,0.30231008,0.30844307,0.31420147,0.3195523,0.32446238,0.3288988,0.33282837,0.33621815,0.33903503,0.34124598,0.34281787,0.34371784,0.34388968,0.34332365,0.3420559,0.34012288,0.33756083,0.33440602,0.33069474,0.32646334,0.32174802,0.31658515,0.31101096,0.3050618,0.2987739,0.29218355,0.28532708,0.2782408,0.27096096,0.26352388,0.25596586,0.24832308,0.24063197,0.2329287,0.22524968,0.21763112,0.21010937,0.20272066,0.1955013,0.18848759,0.18171582,0.17522228,0.16904327,0.16321506,0.15792136,0.15329975,0.14931709,0.14594038,0.14313653,0.14087254,0.1391153,0.13783185,0.13698903,0.13655387,0.13649327,0.1367742,0.1373636,0.13822846,0.13933565
0.11741016,0.11588824,0.114608295,0.113608554,0.112927206,0.11260247,0.11267248,0.11317553,0.11414984,0.11563354,0.11766484,0.12028204,0.12352324,0.12742673,0.13203065,0.13737322,0.14349271,0.15018578,0.15720136,0.16450618,0.17206684,0.17984994,0.1878221,0.19595003,0.2042003,0.21253951,0.2209344,0.22935154,0.23775752,0.246119,0.25440267,0.26257506,0.27060285,0.2784527,0.2860912,0.293485,0.30060074,0.30740502,0.31386444,0.3199457,0.32561544,0.33084032,0.33558682,0.3398217,0.34351155,0.34662297,0.34912267,0.3509772,0.35215327,0.35257784,0.35222536,0.35113436,0.34934288,0.34688917,0.3438113,0.34014767,0.33593646,0.33121577,0.32602385,0.32039896,0.31437922,0.30800286,0.30130816,0.29433325,0.28711638,0.27969575,0.27210957,0.26439595,0.2565933,0.2487396,0.24087325,0.2330323,0.22525507,0.21757974,0.21004444,0.20268749,0.19554703,0.18866128,0.18206844,0.17580675,0.16991438,0.16456981,0.1599037,0.15588275,0.15247355,0.14964274,0.14735699,0.14558287,0.14428703,0.14343612,0.14299679,0.14293559,0.14321923,0.1438143,0.14468746,0.14580533
0.11413201,0.112535134,0.11119216,0.11014313,0.10942823,0.109087475,0.10916098,0.109688796,0.11071109,0.112267874,0.11439927,0.11714539,0.12054627,0.12464202,0.12947276,0.13507856,0.1414995,0.1485153,0.15585645,0.16348937,0.17138031,0.1794957,0.18780181,0.19626501,0.20485166,0.213528,0.22226052,0.23101544,0.23975916,0.248458,0.25707826,0.2655863,0.27394858,0.28213122,0.29010078,0.2978234,0.30526558,0.31239355,0.31917372,0.3255724,0.33155593,0.3370906,0.34214288,0.34667894,0.3506653,0.35406813,0.3568539,0.35898885,0.36043942,0.36111557,0.36097658,0.36006254,0.35841358,0.35606968,0.35307097,0.34945762,0.34526968,0.3405472,0.33533025,0.32965896,0.3235734,0.31711373,0.31032,0.30323216,0.2958906,0.28833508,0.2806059,0.2727431,0.26478675,0.2567769,0.24875376,0.24075735,0.23282768,0.22500499,0.21732923,0.20984061,0.20257911,0.1955849,0.18889803,0.18255858,0.1766067,0.17121537,0.16650848,0.16245234,0.15901335,0.1561578,0.15385203,0.15206237,0.15075523,0.14989686,0.14945367,0.149392,0.1496781,0.15027837,0.15115917,0.15228681
0.110939816,0.10926988,0.10786547,0.106768526,0.10602088,0.10566453,0.10574142,0.10629337,0.107362404,0.10899042,0.11121929,0.11409101,0.11764743,0.12193053,0.1269822,0.13284437,0.13955899,0.14688899,0.15454689,0.1624987,0.1707105,0.1791484,0.18777853,0.19656692,0.20547964,0.21448286,0.22354254,0.23262483,0.24169587,0.25072166,0.25966832,0.26850194,0.27718857,0.28569433,0.29398528,0.3020275,0.30978718,0.31723025,0.32432282,0.33103108,0.337321,0.34315872,0.34851038,0.35334197,0.35761958,0.36130944,0.36437735,0.36678967,0.36851233,0.36943874,0.36951265,0.36877614,0.36727092,0.36503923,0.36212263,0.35856327,0.35440308,0.34968388,0.34444758,0.33873627,0.33259168,0.32605582,0.31917065,0.311978,0.30451986,0.29683813,0.28897476,0.28097156,0.27287066,0.26471376,0.25654298,0.24840005,0.24032706,0.23236579,0.22455834,0.21694648,0.20957218,0.20247735,0.19570392,0.18929385,0.18328905,0.1778569,0.17311443,0.16902761,0.1655626,0.16268544,0.16036224,0.15855905,0.15724202,0.15637717,0.15593061,0.15586844,0.15615672,0.15676154,0.15764901,0.15878516
0.107859336,0.10611887,0.104655184,0.10351189,0.10273269,0.10236132,0.1024414,0.103016704,0.104130864,0.105827615,0.10815061,0.11114356,0.11485016,0.119314134,0.12457912,0.1306888,0.13768695,0.14532018,0.15328318,0.16154198,0.17006233,0.17881016,0.18775138,0.1968518,0.20607735,0.21539387,0.22476727,0.23416345,0.24354823,0.25288752,0.26214722,0.27129313,0.2802912,0.28910726,0.29770723,0.30605704,0.3141224,0.32186937,0.3292637,0.33627132,0.34285814,0.34899,0.35463277,0.35975236,0.36431462,0.36828542,0.3716307,0.37431625,0.376308,0.3774827,0.37776896,0.37721056,0.37585106,0.37373424,0.37090376,0.36740336,0.36327666,0.35856742,0.3533193,0.34757596,0.3413811,0.33477855,0.32781184,0.32052466,0.3129608,0.30516392,0.2971777,0.28904584,0.28081208,0.27251998,0.26421332,0.25593582,0.24773113,0.23964296,0.23171504,0.22399096,0.21651444,0.20932929,0.2024791,0.19600753,0.18995838,0.18449323,0.17972186,0.17561021,0.17212413,0.16922948,0.16689216,0.16507801,0.16375296,0.16288283,0.16243356,0.16237102,0.16266109,0.16326955,0.16416241,0.16530548
0.10491631,0.103108466,0.10158806,0.100400485,0.09959111,0.099205345,0.09928855,0.09988613,0.10104345,0.1028059,0.10521887,0.10832776,0.112177916,0.116814785,0.122283675,0.12863003,0.13589922,0.14382201,0.15207604,0.16062705,0.16944082,0.17848305,0.18771946,0.19711573,0.20663774,0.21625108,0.22592154,0.23561485,0.24529675,0.25493294,0.2644892,0.27393118,0.2832247,0.29233545,0.3012292,0.30987158,0.31822845,0.3262654,0.3339483,0.34124288,0.3481147,0.35452968,0.3604535,0.36585182,0.37069046,0.37493515,0.37855154,0.38150543,0.3837625,0.38518324,0.38568112,0.38530156,0.38408998,0.3820916,0.37935206,0.37591657,0.37183058,0.36713937,0.3618885,0.3561233,0.34988904,0.3432312,0.33619517,0.32882628,0.32117,0.31327167,0.30517665,0.2969303,0.2885781,0.28016534,0.27173752,0.26333994,0.25501797,0.24681708,0.23878258,0.23095982,0.22339426,0.21613134,0.20921631,0.20269464,0.1966117,0.19112307,0.18633118,0.18220186,0.17870079,0.1757937,0.17344631,0.17162436,0.17029361,0.16941975,0.16896857,0.16890575,0.16919704,0.16980815,0.17070483,0.17185283
0.102136575,0.100265,0.09869101,0.09746156,0.09662367,0.09622429,0.09631044,0.09692908,0.0981272,0.09995177,0.102449775,0.10566825,0.10965415,0.11445444,0.12011611,0.12668619,0.1342116,0.14240777,0.15093598,0.15976183,0.16885097,0.1781691,0.18768187,0.19735485,0.20715375,0.21704432,0.22699206,0.23696272,0.24692193,0.25683537,0.26666865,0.27638745,0.2859574,0.29534423,0.3045135,0.31343094,0.3220622,0.33037287,0.33832863,0.34589517,0.3530382,0.35972324,0.36591604,0.37158218,0.37668738,0.38119727,0.38507763,0.38829383,0.39081177,0.39247578,0.39318442,0.39298463,0.39192352,0.390048,0.38740498,0.38404164,0.38000476,0.37534145,0.37009862,0.36432338,0.35806257,0.35136318,0.34427235,0.3368369,0.32910395,0.32112038,0.31293318,0.30458936,0.29613596,0.28761986,0.2790881,0.2705877,0.2621656,0.2538688,0.24574427,0.23783897,0.23019993,0.22287415,0.21590857,0.20935023,0.20324601,0.1977452,0.19294272,0.18880427,0.18529542,0.18238184,0.18002927,0.17820331,0.17686957,0.1759938,0.17554161,0.17547865,0.17577057,0.17638302,0.17728174,0.17843226
0.09954587,0.097614855,0.09599083,0.09472234,0.09385783,0.09344578,0.09353466,0.09417292,0.095409095,0.097291656,0.09986905,0.10318976,0.10730227,0.112255044,0.1180966,0.12487539,0.13263987,0.14109078,0.14987364,0.15895408,0.16829778,0.17787045,0.18763767,0.19756517,0.20761852,0.21776348,0.22796564,0.23819073,0.24840438,0.2585722,0.2686599,0.27863318,0.28845763,0.29809892,0.30752274,0.31669477,0.3255807,0.334146,0.34235656,0.35017794,0.35757586,0.36451593,0.3709637,0.37688503,0.38224548,0.38701078,0.39114645,0.3946183,0.39739192,0.39929602,0.40021434,0.40019548,0.39928782,0.39753994,0.39500022,0.39171723,0.38773933,0.38311508,0.37789288,0.37212133,0.36584893,0.35912395,0.35199502,0.3445106,0.3367192,0.32866916,0.3204091,0.31198746,0.30345267,0.29485324,0.28623772,0.27765447,0.26915208,0.26077887,0.25258338,0.24461417,0.2369197,0.22954841,0.22254874,0.21596926,0.20985834,0.20435847,0.19955681,0.19541904,0.19191079,0.18899773,0.18664557,0.1848199,0.18348645,0.1826108,0.1821587,0.18209574,0.1823876,0.18299997,0.1838985,0.18504885
0.09716997,0.09518436,0.09351441,0.09221008,0.09132109,0.09089737,0.09098878,0.09164511,0.092916265,0.09485203,0.097502306,0.1009169,0.10514573,0.11023859,0.116245344,0.12321582,0.13119988,0.13988425,0.1488996,0.15821172,0.16778633,0.17758918,0.18758607,0.19774275,0.20802495,0.21839848,0.22882907,0.23928249,0.2497245,0.26012087,0.2704373,0.28063965,0.29069364,0.30056491,0.31021944,0.31962287,0.3287409,0.33753943,0.34598413,0.35404074,0.36167514,0.36885294,0.37554005,0.38170213,0.3873049,0.39231429,0.39669585,0.40041557,0.40343902,0.40557957,0.40670648,0.40686962,0.406119,0.40450424,0.40207538,0.39888203,0.3949743,0.39040193,0.38521463,0.37946254,0.37319526,0.3664628,0.35931483,0.35180134,0.34397224,0.33587718,0.32756612,0.319089,0.31049544,0.30183548,0.2931589,0.28451547,0.2759552,0.26752785,0.25928327,0.25127134,0.24354187,0.23614469,0.22912973,0.22254679,0.21644568,0.21096167,0.20617382,0.20204797,0.19854984,0.1956452,0.19329979,0.19147937,0.19014974,0.18927664,0.1888258,0.18876302,0.18905407,0.18966469,0.19056061,0.19170764
0.0950347,0.0929999,0.09128861,0.08995194,0.08904096,0.088606775,0.08870043,0.08937299,0.09067562,0.09265934,0.09537528,0.09887445,0.103208005,0.108426966,0.11458247,0.1217256,0.12990738,0.13880143,0.14802447,0.15754248,0.16732147,0.17732736,0.1875261,0.1978837,0.20836608,0.21893921,0.2295691,0.24022166,0.2508629,0.26145875,0.27197516,0.2823782,0.29263368,0.30270758,0.312566,0.3221748,0.33149996,0.34050748,0.34916317,0.35743326,0.36528343,0.3726799,0.37958848,0.38597518,0.39180595,0.3970467,0.40166348,0.40562224,0.40888894,0.41126183,0.4125961,0.41294274,0.41235286,0.41087753,0.40856785,0.40547484,0.4016497,0.39714348,0.39200717,0.386292,0.38004887,0.37332904,0.3661835,0.35866335,0.35081968,0.34270352,0.33436608,0.3258583,0.31723133,0.30853626,0.29982415,0.29114616,0.28255323,0.27409658,0.26582724,0.25779626,0.25005472,0.24265373,0.23564439,0.2290778,0.22300503,0.2175535,0.21279408,0.20869273,0.20521533,0.20232794,0.19999644,0.19818684,0.1968651,0.19599718,0.19554901,0.1954866,0.19577593,0.1963829,0.19727354,0.19841373
0.0931658,0.09108785,0.08934025,0.08797523,0.08704492,0.086601496,0.08669714,0.087384,0.088714235,0.09074003,0.093513556,0.09708698,0.10151248,0.10684216,0.11312825,0.12042289,0.12877823,0.13785557,0.14725882,0.15695429,0.16690828,0.17708705,0.1874569,0.19798407,0.2086349,0.21937566,0.23017259,0.24099201,0.25180015,0.26256335,0.27324793,0.28382,0.29424608,0.30449226,0.31452492,0.32431033,0.33381474,0.34300444,0.35184577,0.36030492,0.36834824,0.37594196,0.38305238,0.38964584,0.3956885,0.40114677,0.4059869,0.41017514,0.4136778,0.4162786,0.41781875,0.41835034,0.41792554,0.41659647,0.41441536,0.41143435,0.4077057,0.40328145,0.39821377,0.39255488,0.38635695,0.3796721,0.37255263,0.3650505,0.357218,0.34910727,0.34077048,0.3322599,0.3236275,0.31492555,0.30620626,0.29752168,0.28892413,0.28046563,0.27219844,0.2641747,0.25644648,0.2490661,0.24208568,0.23555736,0.22953333,0.22413287,0.219418,0.21535498,0.21191017,0.20904976,0.20674007,0.20494737,0.203638,0.20277824,0.20233425,0.20227244,0.20255904,0.20316038,0.20404261,0.20517218
0.091589056,0.08947452,0.087696165,0.08630713,0.08536044,0.08490923,0.085006565,0.085705504,0.08705916,0.08912062,0.09194294,0.095579274,0.10008259,0.105506115,0.11190281,0.11932581,0.12782823,0.13705993,0.14661328,0.15645498,0.16655178,0.17687039,0.18737751,0.19803998,0.2088244,0.21969755,0.23062623,0.24157701,0.25251672,0.2634121,0.27422976,0.28493655,0.29549918,0.30588433,0.31605875,0.32598922,0.33564234,0.34498495,0.3539838,0.36260542,0.3708168,0.37858447,0.38587523,0.39265588,0.39889303,0.40455347,0.4096039,0.41401103,0.4177416,0.42056546,0.42230988,0.42302808,0.42277294,0.42159775,0.4195555,0.41669926,0.41308215,0.40875727,0.40377772,0.39819646,0.3920667,0.38544142,0.37837383,0.3709169,0.36312383,0.35504755,0.34674132,0.33825818,0.32965106,0.32097322,0.31227767,0.3036175,0.29504582,0.28661573,0.27838024,0.2703925,0.26270556,0.25537255,0.2484465,0.2419805,0.23602763,0.2306985,0.22604582,0.22203647,0.21863706,0.21581444,0.21353526,0.21176621,0.21047412,0.20962566,0.20918763,0.20912659,0.2094094,0.21000281,0.21087341,0.21198806
0.09033026,0.08818631,0.08638325,0.0849749,0.084015064,0.083557576,0.08365623,0.0843649,0.08573739,0.08782751,0.09068908,0.09437592,0.09894188,0.10444074,0.11092636,0.11845257,0.12707317,0.13642776,0.1460984,0.15605234,0.16625692,0.17667943,0.18728718,0.19804747,0.20892762,0.21989496,0.23091678,0.24196038,0.2529931,0.26398224,0.2748951,0.28569898,0.2963612,0.30684912,0.31712997,0.3271711,0.33693975,0.34640336,0.35552913,0.36428446,0.37263656,0.3805528,0.38800058,0.39494696,0.4013595,0.4072054,0.412452,0.41706648,0.4210164,0.42405787,0.42600498,0.4269115,0.42683128,0.4258181,0.42392585,0.4212083,0.41771933,0.41351268,0.40864226,0.4031618,0.3971252,0.3905863,0.38359883,0.37621668,0.3684936,0.36048353,0.35224018,0.3438174,0.33526912,0.32664907,0.318011,0.30940887,0.30089644,0.2925275,0.28435597,0.27643558,0.2688202,0.2615636,0.2547197,0.2483422,0.24248499,0.23724915,0.23267795,0.2287388,0.22539894,0.22262579,0.22038649,0.2186485,0.217379,0.2165454,0.21611497,0.21605507,0.2163329,0.2169159,0.2177713,0.21886641
0.08941517,0.0872496,0.08542834,0.08400578,0.08303625,0.08257413,0.082673796,0.08338962,0.084775954,0.08688714,0.0897776,0.09350165,0.09811368,0.10366805,0.1102191,0.11782123,0.12652883,0.13597237,0.14572483,0.15575427,0.16602872,0.17651623,0.18718487,0.19800262,0.20893753,0.21995772,0.23103108,0.24212582,0.25320992,0.2642514,0.2752183,0.28607863,0.29680055,0.30735192,0.31770098,0.32781565,0.33766395,0.347214,0.35643387,0.3652915,0.37375495,0.3817923,0.38937166,0.39646083,0.40302816,0.4090415,0.41446888,0.41927847,0.4234382,0.42669153,0.42883942,0.42993623,0.4300364,0.4291941,0.427464,0.4249001,0.4215571,0.4174892,0.41275072,0.4073962,0.4014798,0.39505607,0.38817927,0.38090378,0.37328398,0.36537418,0.35722885,0.3489023,0.34044883,0.3319229,0.3233789,0.31487107,0.3064539,0.29818165,0.2901089,0.28228968,0.2747786,0.26762998,0.26089808,0.25463748,0.24890232,0.24378362,0.23931476,0.23546378,0.23219867,0.22948752,0.22729844,0.22559927,0.22435823,0.22354327,0.22312245,0.22306387,0.22333552,0.22390544,0.22474173,0.22581232
0.08886957,0.086690694,0.08485827,0.08342697,0.0824515,0.081986554,0.082086824,0.08280702,0.08420187,0.08632604,0.08923421,0.092981145,0.09762147,0.10320993,0.109801225,0.11745001,0.12621106,0.13570695,0.14550313,0.15556857,0.1658722,0.17638294,0.18706974,0.19790152,0.20884717,0.2198757,0.23095594,0.24205698,0.25314766,0.26419684,0.27517357,0.28604677,0.29678532,0.30735818,0.31773433,0.3278826,0.337772,0.34737146,0.35664985,0.3655762,0.37411934,0.38224834,0.38993195,0.39713925,0.4038391,0.41000053,0.41559237,0.4205835,0.42494303,0.42840195,0.4307487,0.43203795,0.43232432,0.43166256,0.4301074,0.42771357,0.4245356,0.42062834,0.41604653,0.4108447,0.40507773,0.39880013,0.39206675,0.38493228,0.37745133,0.36967862,0.36166897,0.3534769,0.34515727,0.33676466,0.32835388,0.31997952,0.31169626,0.303559,0.29562223,0.28794068,0.28056917,0.2735623,0.2669748,0.2608613,0.25527665,0.25030074,0.24595657,0.24221304,0.239039,0.23640354,0.23427546,0.23262377,0.2314173,0.2306251,0.23021606,0.23015907,0.23042315,0.23097719,0.2317901,0.23283082
0.08871922,0.086536005,0.084699884,0.083265714,0.08228828,0.08182242,0.0819229,0.08264455,0.08404219,0.08617061,0.08908461,0.09283906,0.0974887,0.10308837,0.10969288,0.11735704,0.12613565,0.13564476,0.14544393,0.15550312,0.16579233,0.1762816,0.18694088,0.19774017,0.20864949,0.21963882,0.23067813,0.24173746,0.25278682,0.2637961,0.27473545,0.2855747,0.296284,0.30683327,0.3171925,0.32733172,0.33722094,0.34683,0.35612917,0.3650882,0.37367716,0.38186613,0.389625,0.39692384,0.40373257,0.41002136,0.41575992,0.42091846,0.42546692,0.4291249,0.4316683,0.43315214,0.43363103,0.43316007,0.4317938,0.42958713,0.42659485,0.42287177,0.4184728,0.4134526,0.407866,0.40176788,0.3952131,0.38825628,0.3809523,0.3733561,0.36552233,0.35750595,0.3493616,0.34114423,0.33290854,0.32470936,0.31660157,0.30863997,0.30087933,0.29337445,0.28618014,0.27935123,0.2729425,0.26700884,0.26160496,0.25679934,0.25260377,0.24898829,0.24592288,0.24337752,0.24132228,0.23972702,0.23856187,0.23779678,0.23740175,0.23734671,0.23760176,0.23813683,0.23892194,0.23992704
0.08898995,0.08681185,0.08498006,0.08354925,0.082574144,0.082109354,0.08220958,0.08292955,0.08432389,0.08644731,0.0893545,0.0931001,0.09773882,0.1033253,0.109914295,0.117560424,0.12631838,0.1357991,0.1455578,0.15556572,0.16579415,0.17621431,0.18679744,0.19751476,0.20833752,0.21923701,0.23018438,0.24115096,0.25210795,0.26302657,0.27387813,0.28463382,0.29526484,0.30574247,0.316038,0.32612267,0.3359676,0.34554425,0.35482356,0.36377704,0.3723758,0.3805911,0.3883942,0.39575633,0.40264872,0.40904263,0.4149093,0.42021993,0.42494586,0.42879564,0.43153366,0.4332144,0.43389273,0.4336233,0.43246076,0.4304597,0.42767498,0.42416114,0.41997293,0.415165,0.409792,0.4039087,0.39756978,0.3908298,0.38374355,0.3763656,0.36875078,0.3609537,0.35302895,0.34503132,0.33701548,0.3290361,0.32114786,0.31340542,0.30586347,0.29857668,0.29159978,0.28498742,0.27879423,0.27307498,0.26788425,0.26327807,0.2592567,0.2557912,0.25285298,0.2504133,0.24844329,0.2469143,0.24579751,0.24506415,0.2446855,0.24463275,0.24487722,0.2453901,0.24614261,0.24710597
0.08970751,0.087544635,0.085725635,0.08430485,0.08333651,0.08287496,0.082974516,0.08368946,0.08507407,0.08718263,0.0900695,0.09378893,0.09839522,0.10394269,0.110485636,0.11807832,0.12677512,0.13618316,0.14585531,0.15576425,0.16588259,0.1761831,0.18663844,0.19722128,0.20790426,0.21866013,0.22946148,0.24028113,0.25109157,0.26186565,0.27257594,0.28319523,0.29369602,0.30405122,0.31423333,0.32421514,0.33396924,0.3434684,0.35268515,0.36159238,0.37016255,0.37836856,0.3861829,0.39357844,0.40052763,0.40700328,0.41297814,0.41842481,0.42331594,0.42735004,0.43028015,0.43216044,0.4330452,0.43298894,0.43204573,0.43026996,0.4277159,0.4244379,0.42049018,0.4159271,0.41080293,0.40517196,0.39908853,0.39260688,0.38578135,0.37866625,0.37131584,0.3637845,0.35612643,0.3483959,0.34064728,0.33293495,0.32531303,0.31783596,0.31055793,0.30353338,0.2968164,0.29046148,0.28452283,0.2790548,0.27411163,0.2697358,0.26591557,0.2626235,0.25983226,0.25751463,0.2556432,0.2541907,0.25312975,0.2524331,0.25207338,0.2520233,0.25225553,0.2527427,0.25345758,0.25437284
0.09089768,0.088760674,0.086963445,0.08555967,0.08460293,0.08414691,0.08424529,0.08495166,0.086319685,0.088403024,0.09125532,0.09493024,0.0994814,0.104962476,0.1114271,0.11892894,0.1275216,0.13681026,0.1463471,0.1561065,0.16606274,0.17619018,0.18646309,0.19685583,0.20734274,0.21789809,0.22849625,0.23911153,0.2497183,0.26029074,0.27080333,0.28123033,0.29154602,0.30172482,0.31174096,0.32156882,0.33118266,0.3405569,0.34966582,0.35848376,0.366985,0.37514383,0.38293472,0.3903318,0.39730957,0.40384224,0.40990418,0.4154697,0.42051312,0.42472365,0.4278433,0.4299258,0.43102467,0.4311937,0.43048647,0.42895654,0.42665777,0.42364362,0.4199678,0.415684,0.41084582,0.40550694,0.39972103,0.39354163,0.38702247,0.38021716,0.37317944,0.36596283,0.35862106,0.3512078,0.3437766,0.33638126,0.32907522,0.32191226,0.3149461,0.3082302,0.3018183,0.29576412,0.29012123,0.28494325,0.28028393,0.27617136,0.27258092,0.26948687,0.26686355,0.26468533,0.26292646,0.2615613,0.26056418,0.25990945,0.2595713,0.2595243,0.2597425,0.26020044,0.26087233,0.2617325
0.09258622,0.09048637,0.08872036,0.08734098,0.086400874,0.08595278,0.08604943,0.08674351,0.088087775,0.090134926,0.092937656,0.0965487,0.10102077,0.10640661,0.11275888,0.120130345,0.1285737,0.13769361,0.14704376,0.15660034,0.16633952,0.1762375,0.1862704,0.1964145,0.2066459,0.21694085,0.22727545,0.23762596,0.24796848,0.25827926,0.26853454,0.27871037,0.28878298,0.29872862,0.30852333,0.31814343,0.32756504,0.33676434,0.34571758,0.35440084,0.36279032,0.37086233,0.37859285,0.38595825,0.3929346,0.3994981,0.40562496,0.41129133,0.41647348,0.42085195,0.4241586,0.42644602,0.42776695,0.42817423,0.42772037,0.4264583,0.42444053,0.42171994,0.4183492,0.41438103,0.4098681,0.40486312,0.39941892,0.39358804,0.38742334,0.38097745,0.37430313,0.36745316,0.36048016,0.35343683,0.346376,0.33935022,0.33241236,0.32561505,0.31901103,0.31265303,0.30659378,0.30088595,0.29558223,0.29073542,0.28639823,0.28258345,0.279253,0.276383,0.27394962,0.27192912,0.27029762,0.26903135,0.26810643,0.26749906,0.26718548,0.26714182,0.26734427,0.26776898,0.2683922,0.26919007
0.09479893,0.09274804,0.09102324,0.08967599,0.08875783,0.088320196,0.08841458,0.08909249,0.09040539,0.09240479,0.09514218,0.09866901,0.10303679,0.10829702,0.114501156,0.12170071,0.12994716,0.13884649,0.1479559,0.15725364,0.16671799,0.1763272,0.18605956,0.19589335,0.2058068,0.21577822,0.22578585,0.23580796,0.24582282,0.25580874,0.2657439,0.2756067,0.28537527,0.29502794,0.30454296,0.31389865,0.3230733,0.33204505,0.34079227,0.34929317,0.3575261,0.36546925,0.37310097,0.3803994,0.38734296,0.39390978,0.40007824,0.40582654,0.411133,0.41567063,0.4191614,0.42165676,0.42320815,0.42386717,0.42368525,0.4227138,0.42100435,0.41860852,0.41557762,0.41196322,0.4078168,0.4031898,0.39813375,0.3927002,0.3869405,0.38090622,0.37464884,0.36821982,0.36167067,0.35505292,0.34841797,0.3418173,0.33530247,0.32892498,0.32273626,0.31678778,0.31113106,0.3058176,0.30089888,0.29642636,0.29245156,0.28897092,0.2859322,0.2833136,0.28109336,0.27924982,0.27776128,0.27660587,0.27576196,0.27520785,0.27492172,0.27488187,0.27506658,0.27545413,0.27602273,0.27675074
0.09740021,0.09540713,0.09373091,0.09242165,0.09152937,0.09110405,0.091195785,0.091854565,0.093130514,0.09507354,0.09773375,0.101161204,0.1054059,0.110517874,0.11654716,0.12354382,0.13155785,0.14019828,0.14902759,0.15802632,0.1671749,0.17645381,0.18584347,0.19532435,0.20487691,0.21448156,0.22411881,0.23376912,0.24341287,0.2530306,0.26260266,0.27210957,0.2815318,0.29084983,0.300044,0.30909488,0.31798288,0.3266884,0.335192,0.34347406,0.35151502,0.35929543,0.36679557,0.3739961,0.38087738,0.38741988,0.39360395,0.39941013,0.40481895,0.4094971,0.41315794,0.41585138,0.41762745,0.41853628,0.41862783,0.4179522,0.41655934,0.4144994,0.41182235,0.40857828,0.40481707,0.40058893,0.39594382,0.39093173,0.3856028,0.38000697,0.37419432,0.36821496,0.3621188,0.35595587,0.3497764,0.34363016,0.33756742,0.331638,0.32589212,0.3203797,0.3151508,0.31025556,0.30574378,0.30166575,0.29807138,0.29494077,0.2922076,0.2898523,0.28785533,0.28619716,0.28485826,0.28381905,0.28306004,0.28256157,0.28230423,0.2822684,0.2824345,0.28278315,0.28329456,0.28394935
0.10022978,0.09829975,0.096676596,0.09540879,0.09454471,0.094132856,0.09422169,0.09485967,0.09609518,0.09797674,0.10055278,0.10387177,0.107982114,0.11293233,0.11877082,0.12554607,0.1333065,0.14166555,0.1501928,0.1588708,0.16768217,0.17660952,0.18563543,0.19474252,0.20391345,0.21313074,0.22237702,0.23163491,0.240887,0.25011587,0.2593042,0.26843446,0.2774894,0.28645152,0.2953035,0.30402786,0.31260732,0.32102436,0.32926163,0.33730173,0.34512734,0.35272095,0.36006525,0.36714277,0.3739362,0.38042805,0.3866009,0.3924375,0.39792037,0.40271178,0.40651807,0.40938756,0.41136882,0.4125102,0.4128601,0.41246718,0.4113798,0.4096463,0.40731525,0.40443516,0.40105432,0.39722124,0.39298445,0.38839233,0.3834933,0.3783359,0.37296852,0.36743963,0.36179775,0.35609117,0.3503685,0.3446781,0.33906847,0.333588,0.32828525,0.3232086,0.31840658,0.31392744,0.30981982,0.3061321,0.30291277,0.30012646,0.2976939,0.2955976,0.29382032,0.29234448,0.29115278,0.29022786,0.28955236,0.28910875,0.2888797,0.28884777,0.28899568,0.28930593,0.28976107,0.2903439
0.10327641,0.10141448,0.09984859,0.09862546,0.09779188,0.09739456,0.09748025,0.09809573,0.09928766,0.10110285,0.103588045,0.10678993,0.110755295,0.11553089,0.121163435,0.12769966,0.13518636,0.14324279,0.15144694,0.15978353,0.16823722,0.17679286,0.18543503,0.19414857,0.20291808,0.21172838,0.2205641,0.22941005,0.23825091,0.24707136,0.25585613,0.26459005,0.27325764,0.28184387,0.29033324,0.29871055,0.30696052,0.31506792,0.32301742,0.33079368,0.3383815,0.34576562,0.3529307,0.35986152,0.36654264,0.372959,0.37909526,0.38493595,0.39046603,0.39534482,0.39927322,0.40229785,0.40446556,0.40582314,0.40641707,0.40629435,0.40550172,0.40408581,0.40209332,0.39957118,0.39656603,0.39312452,0.38929352,0.3851198,0.38064995,0.37593088,0.37100917,0.36593172,0.36074522,0.35549635,0.3502319,0.3449986,0.33984324,0.33481255,0.3299532,0.32531202,0.32093564,0.31687093,0.31316465,0.30986342,0.30701402,0.30456662,0.30242985,0.30058855,0.29902738,0.2977311,0.2966844,0.29587197,0.2952786,0.29488894,0.2946877,0.29465976,0.29478958,0.2950621,0.29546195,0.29597384
0.10652886,0.10473977,0.10323513,0.10205985,0.10125888,0.10087712,0.100959435,0.10155084,0.10269615,0.10444036,0.10682832,0.10990495,0.113715224,0.118304014,0.12371622,0.12999678,0.13719061,0.14492425,0.15278544,0.16076098,0.16883773,0.17700243,0.18524195,0.19354302,0.20189248,0.21027713,0.21868376,0.22709924,0.23551026,0.24390374,0.2522664,0.26058504,0.2688465,0.27703762,0.28514516,0.29315597,0.3010567,0.30883434,0.3164755,0.3239672,0.33129615,0.33844912,0.34541294,0.3521744,0.35872033,0.36503747,0.3711128,0.37693283,0.38248464,0.38742623,0.39145464,0.39461458,0.39695117,0.39850914,0.39933363,0.39946935,0.3989613,0.39785436,0.3961935,0.39402366,0.39138964,0.38833645,0.38490903,0.38115203,0.37711075,0.37282985,0.36835438,0.36372918,0.35899916,0.3542092,0.34940436,0.3446294,0.33992937,0.33534902,0.33093345,0.32672745,0.32277587,0.3191238,0.31581613,0.31289765,0.31041336,0.30829972,0.3064544,0.3048642,0.30351594,0.30239642,0.30149245,0.30079085,0.3002784,0.29994184,0.2997681,0.29974383,0.29985607,0.3000914,0.3004367,0.30087876
0.10997595,0.10826418,0.10682457,0.10570008,0.10493374,0.10456847,0.10464725,0.105213076,0.10630887,0.10797769,0.11026244,0.11320613,0.1168517,0.12124214,0.12642048,0.13242958,0.13931252,0.14670421,0.15420365,0.16179965,0.16948107,0.17723678,0.18505564,0.19292654,0.20083827,0.20877965,0.21673967,0.22470716,0.23267081,0.24061973,0.24854255,0.2564283,0.26426572,0.27204373,0.27975112,0.28737685,0.29490975,0.30233863,0.3096523,0.31683975,0.32388973,0.33079115,0.33753285,0.34410372,0.35049257,0.35668823,0.36267966,0.3684556,0.374005,0.37898618,0.38309354,0.38637012,0.38885882,0.39060268,0.3916446,0.39202756,0.39179465,0.39098874,0.3896528,0.38782984,0.3855628,0.3828947,0.37986857,0.37652716,0.37291357,0.3690709,0.36504194,0.36086977,0.35659736,0.3522676,0.34792352,0.34360814,0.33936432,0.33523515,0.33126345,0.32749242,0.32396486,0.3207237,0.3178121,0.31527287,0.31314912,0.3113644,0.30980623,0.3084635,0.30732507,0.3063798,0.30561644,0.30502403,0.3045913,0.30430716,0.30416042,0.30413997,0.3042347,0.30443338,0.30472505,0.3050983
0.11360642,0.111976214,0.11060519,0.10953428,0.10880444,0.108456574,0.1085316,0.10907044,0.110114075,0.11170336,0.11387924,0.11668268,0.120154575,0.124335855,0.12926745,0.13499023,0.14154524,0.14857703,0.155697,0.16289598,0.17016487,0.17749453,0.18487585,0.19229977,0.19975707,0.20723869,0.21473552,0.22223845,0.22973832,0.23722601,0.24469246,0.25212854,0.25952506,0.26687288,0.27416316,0.2813864,0.2885337,0.29559588,0.30256385,0.30942854,0.31618074,0.3228114,0.32931134,0.33567142,0.34188256,0.3479357,0.35382178,0.35953143,0.36505577,0.37005463,0.3742213,0.37759677,0.3802219,0.38213766,0.38338497,0.38400477,0.3840379,0.38352534,0.3825081,0.38102695,0.379123,0.37683704,0.37421003,0.37128282,0.36809653,0.36469188,0.3611099,0.3573915,0.35357767,0.34970918,0.34582707,0.3419723,0.33818567,0.33450824,0.3309808,0.32764444,0.32453987,0.32170826,0.31919035,0.31702715,0.31525955,0.31379917,0.31252417,0.31142554,0.31049392,0.30972046,0.30909586,0.3086111,0.30825698,0.30802447,0.30790442,0.30788767,0.30796525,0.30812782,0.3083664,0.30867186
0.11740903,0.11586436,0.11456525,0.11355055,0.11285901,0.11252937,0.11260045,0.11311105,0.11409993,0.11560582,0.11766756,0.12032391,0.12361364,0.12757555,0.13224839,0.13767093,0.143882,0.15053703,0.15726088,0.16404647,0.17088658,0.17777419,0.18470216,0.19166331,0.1986506,0.20565687,0.21267496,0.21969785,0.22671835,0.23372938,0.24072377,0.24769445,0.2546343,0.26153606,0.26839283,0.27519742,0.2819426,0.28862128,0.29522657,0.30175102,0.30818772,0.31452948,0.32076925,0.3268998,0.33291405,0.3388049,0.34456518,0.3501879,0.3556658,0.36066177,0.36486924,0.36832696,0.3710739,0.37314844,0.37458977,0.37543637,0.3757272,0.37550098,0.37479645,0.37365246,0.37210774,0.37020114,0.36797136,0.36545712,0.3626974,0.3597308,0.3565961,0.35333228,0.3499779,0.3465717,0.34315276,0.33975965,0.33643112,0.33320597,0.33012307,0.32722104,0.32453886,0.32211518,0.31998876,0.31819847,0.31678298,0.31564268,0.31464714,0.31378922,0.31306183,0.31245783,0.31197017,0.3115916,0.31131515,0.3111336,0.3110398,0.31102675,0.31108728,0.31121427,0.3114006,0.3116391
0.12137259,0.11991713,0.11869313,0.117737025,0.11708543,0.116774864,0.11684185,0.117322914,0.11825465,0.119673535,0.12161617,0.12411903,0.12721871,0.13095173,0.13535455,0.14046383,0.14631605,0.1525785,0.1588907,0.16524751,0.17164376,0.17807434,0.18453407,0.19101782,0.19752046,0.2040368,0.2105617,0.21709006,0.22361673,0.23013647,0.23664424,0.24313486,0.24960318,0.25604406,0.26245233,0.26882282,0.2751505,0.28143013,0.2876565,0.29382467,0.29992926,0.30596527,0.31192753,0.31781086,0.32361016,0.32932022,0.334936,0.34045222,0.34586376,0.35083768,0.35506865,0.3585932,0.36144787,0.3636692,0.36529374,0.36635807,0.36689863,0.36695206,0.36655486,0.36574352,0.3645546,0.36302474,0.36119032,0.35908794,0.3567542,0.35422558,0.35153866,0.34872988,0.34583583,0.34289315,0.3399382,0.33700767,0.33413798,0.3313658,0.32872757,0.32625985,0.3239992,0.32198206,0.32024518,0.3188248,0.3177577,0.31693342,0.3162138,0.31559372,0.3150679,0.31463128,0.31427875,0.31400517,0.31380528,0.3136741,0.3136063,0.31359684,0.3136406,0.3137324,0.31386706,0.31403944
0.12548582,0.1241231,0.122977026,0.122081846,0.12147175,0.12118094,0.12124367,0.1216941,0.122566484,0.12389502,0.12571391,0.12805738,0.13095962,0.13445483,0.13857725,0.14336109,0.14884058,0.15469573,0.16058184,0.16649568,0.172434,0.17839359,0.1843713,0.19036394,0.19636834,0.2023812,0.20839943,0.21441974,0.22043902,0.22645405,0.23246162,0.23845854,0.24444158,0.25040755,0.25635335,0.26227567,0.2681714,0.27403727,0.27987003,0.28566658,0.29142383,0.29713836,0.3028071,0.30842686,0.31399438,0.3195065,0.32496005,0.33035174,0.33567846,0.34061244,0.34485078,0.3484277,0.3513774,0.3537341,0.355532,0.3568054,0.3575884,0.35791528,0.35782024,0.35733747,0.3565011,0.35534552,0.35390475,0.35221323,0.35030496,0.3482142,0.34597528,0.34362224,0.34118947,0.33871102,0.33622116,0.3337541,0.33134407,0.32902527,0.32683194,0.32479823,0.32295847,0.3213467,0.31999722,0.31894425,0.31822193,0.31771,0.31726304,0.3168779,0.31655133,0.31628016,0.31606117,0.31589127,0.31576714,0.3156856,0.31564358,0.31563768,0.31566483,0.31572187,0.3158055,0.31591254
0.12973754,0.1284707,0.12740529,0.1265731,0.12600595,0.12573561,0.1257939,0.12621267,0.12702367,0.12825868,0.12994955,0.1321281,0.13482612,0.13807537,0.14190769,0.14635493,0.15144877,0.15688314,0.16232975,0.16778733,0.17325467,0.17873043,0.18421343,0.18970227,0.19519582,0.20069276,0.20619175,0.21169162,0.21719109,0.22268882,0.22818363,0.23367417,0.23915926,0.24463756,0.25010788,0.25556883,0.26101923,0.26645783,0.27188334,0.27729446,0.28268993,0.28806853,0.29342887,0.2987698,0.30409008,0.30938837,0.31466338,0.31991386,0.3251386,0.33001605,0.3342469,0.3378628,0.3408957,0.3433773,0.34533945,0.34681395,0.34783262,0.34842724,0.3486295,0.3484714,0.34798473,0.3472012,0.34615257,0.3448708,0.34338754,0.3417347,0.33994398,0.33804736,0.33607638,0.33406314,0.33203927,0.33003658,0.32808685,0.326222,0.3244737,0.32287386,0.32145426,0.32024664,0.3192829,0.3185947,0.31821403,0.3180109,0.31783363,0.31768087,0.31755129,0.31744373,0.31735688,0.31728947,0.31724027,0.31720793,0.31719118,0.31718886,0.31719962,0.3172223,0.31725544,0.3172979
0.1341165,0.1329485,0.1319662,0.13119894,0.13067605,0.1304268,0.13048056,0.1308666,0.13161436,0.13275301,0.134312,0.1363206,0.13880809,0.14180385,0.14533721,0.14943744,0.1541339,0.15913494,0.16412978,0.16911907,0.17410344,0.17908357,0.18406,0.18903352,0.19400464,0.19897401,0.20394242,0.20891033,0.2138785,0.2188475,0.22381799,0.22879061,0.23376599,0.23874483,0.24372774,0.24871528,0.25370824,0.2587071,0.26371264,0.26872543,0.27374607,0.2787753,0.28381371,0.28886202,0.2939207,0.2989905,0.30407205,0.30916598,0.31427294,0.31907877,0.32328835,0.32693112,0.33003616,0.332633,0.33475095,0.33641922,0.33766732,0.33852437,0.33901978,0.33918288,0.339043,0.33862945,0.33797157,0.3370986,0.3360399,0.33482495,0.3334828,0.33204296,0.33053473,0.32898733,0.32743016,0.32589263,0.32440388,0.32299334,0.32169035,0.3205242,0.31952417,0.31871966,0.31813994,0.31781432,0.31777218,0.3178748,0.3179644,0.31804165,0.31810707,0.31816143,0.3182053,0.31823933,0.31826425,0.31828058,0.31828895,0.3182902,0.31828472,0.3182734,0.3182566,0.31823513
0.13861151,0.13754499,0.13664809,0.13594751,0.13547005,0.13524243,0.13529153,0.13564406,0.13632677,0.1373665,0.13879,0.14062402,0.14289533,0.14563072,0.14885698,0.15260087,0.15688914,0.16144547,0.16597733,0.17048724,0.17497776,0.17945139,0.18391071,0.18835819,0.19279638,0.19722784,0.20165507,0.20608062,0.21050696,0.21493676,0.21937244,0.22381656,0.22827165,0.23274018,0.2372248,0.24172796,0.24625227,0.25080016,0.2553742,0.25997692,0.26461086,0.2692786,0.2739826,0.27872536,0.28350955,0.2883376,0.29321203,0.29813543,0.3031102,0.30783054,0.31200647,0.31566468,0.31883216,0.32153544,0.32380152,0.32565695,0.3271287,0.3282435,0.32902798,0.3295091,0.32971355,0.3296681,0.32939953,0.32893452,0.32830012,0.32752287,0.32662955,0.3256471,0.32460207,0.32352132,0.3224317,0.3213599,0.32033277,0.319377,0.3185194,0.31778672,0.31720582,0.3168034,0.31660616,0.31664106,0.31693476,0.31734017,0.3176942,0.3179992,0.31825784,0.31847253,0.31864598,0.31878054,0.31887886,0.31894338,0.31897667,0.3189813,0.31895986,0.31891474,0.31884843,0.3187636
0.14321129,0.1422487,0.1414392,0.14080687,0.14037594,0.14017054,0.14021485,0.14053302,0.14114922,0.14208761,0.14337236,0.14502764,0.14707762,0.14954646,0.15245828,0.15583733,0.1597077,0.16380908,0.1678678,0.17188837,0.1758752,0.17983261,0.18376507,0.187677,0.19157273,0.19545671,0.19933337,0.20320714,0.2070823,0.21096337,0.21485472,0.21876074,0.22268583,0.2266345,0.23061097,0.23461984,0.23866537,0.24275203,0.2468842,0.25106636,0.2553028,0.259598,0.2639563,0.2683822,0.27288008,0.2774543,0.28210932,0.2868495,0.29167917,0.29630154,0.30043247,0.3040962,0.30731693,0.31011882,0.31252596,0.3145626,0.31625295,0.31762105,0.31869105,0.3194873,0.32003382,0.32035476,0.32047433,0.3204167,0.32020605,0.31986657,0.31942225,0.3188975,0.3183163,0.3177029,0.31708142,0.31647602,0.315911,0.3154104,0.3149983,0.31469905,0.3145367,0.31453547,0.31471953,0.31511298,0.31574002,0.31644568,0.31706172,0.31759253,0.3180427,0.31841648,0.31871822,0.31895247,0.3191236,0.31923592,0.31929395,0.31930205,0.3192646,0.31918597,0.31907067,0.31892315
0.1479046,0.14704813,0.14632787,0.14576522,0.14538178,0.14519903,0.14523846,0.14552154,0.14606982,0.1469048,0.14804795,0.14952078,0.15134482,0.15354152,0.15613243,0.15913902,0.16258283,0.16622001,0.16979663,0.17331895,0.17679323,0.18022574,0.18362278,0.18699053,0.19033535,0.1936634,0.19698106,0.20029455,0.20361012,0.206934,0.2102726,0.21363202,0.21701854,0.22043851,0.22389819,0.22740379,0.23096162,0.23457791,0.23825896,0.24201101,0.24584034,0.2497532,0.2537559,0.25785458,0.26205567,0.26636538,0.2707899,0.27533558,0.2800086,0.2845218,0.2885976,0.29225785,0.2955239,0.2984172,0.3009593,0.30317178,0.30507606,0.3066936,0.308046,0.30915475,0.31004128,0.3107271,0.31123385,0.3115828,0.31179568,0.31189382,0.31189883,0.31183207,0.3117153,0.31156972,0.31141704,0.3112787,0.31117618,0.31113097,0.31116465,0.31129864,0.31155452,0.31195366,0.31251764,0.313268,0.31422627,0.31522977,0.3161058,0.31686085,0.31750104,0.3180325,0.31846166,0.3187948,0.3190381,0.3191979,0.31928036,0.31929183,0.31923854,0.3191268,0.31896293,0.31875297
0.15268028,0.15193178,0.15130234,0.15081064,0.15047555,0.15031584,0.15035027,0.1505977,0.15107684,0.15180655,0.15280555,0.15409268,0.1556867,0.15760644,0.15987064,0.16249815,0.16550772,0.16867267,0.17175917,0.1747754,0.17772944,0.18062937,0.18348333,0.18629947,0.18908583,0.19185056,0.19460177,0.19734758,0.2000961,0.20285542,0.20563368,0.20843899,0.21127944,0.21416314,0.21709822,0.22009282,0.22315502,0.22629292,0.22951467,0.23282835,0.23624207,0.23976395,0.2434021,0.2471647,0.25105974,0.25509545,0.25927982,0.26362106,0.26812726,0.27252135,0.27653337,0.2801821,0.28348628,0.2864649,0.2891365,0.29152003,0.29363424,0.29549795,0.29712984,0.2985488,0.29977357,0.30082297,0.30171582,0.30247092,0.30310687,0.30364275,0.30409718,0.30448893,0.30483687,0.3051597,0.30547634,0.30580541,0.30616587,0.30657643,0.3070559,0.30762306,0.30829662,0.30909556,0.31003848,0.3111443,0.3124317,0.31373107,0.31486544,0.31584296,0.31667176,0.31735998,0.31791568,0.318347,0.318662,0.31886894,0.31897572,0.3189906,0.31892157,0.31877697,0.31856468,0.31829292
0.15752707,0.15688822,0.15635094,0.15593128,0.15564528,0.15550897,0.15553835,0.15574953,0.15615849,0.15678132,0.15763399,0.15873256,0.1600931,0.16173165,0.16366422,0.16590683,0.16847558,0.17116132,0.1737509,0.17625423,0.1786813,0.18104205,0.18334644,0.1856044,0.18782587,0.19002083,0.19219919,0.19437094,0.19654597,0.19873433,0.20094584,0.20319054,0.20547831,0.2078192,0.21022303,0.21269988,0.2152596,0.21791217,0.22066753,0.22353566,0.22652647,0.22964993,0.23291597,0.23633456,0.23991562,0.24366915,0.24760509,0.25173327,0.25606382,0.2603304,0.26427084,0.26790127,0.27123764,0.274296,0.27709246,0.279643,0.28196365,0.28407046,0.28597942,0.28770664,0.2892682,0.29068008,0.2919582,0.2931188,0.29417777,0.29515123,0.29605523,0.29690573,0.29771882,0.29851052,0.29929686,0.30009392,0.30091766,0.30178425,0.3027096,0.3037098,0.30480087,0.30599886,0.30731982,0.30877972,0.3103947,0.31198812,0.31337917,0.31457797,0.31559435,0.31643826,0.31711978,0.31764865,0.31803498,0.3182887,0.3184197,0.3184379,0.31835333,0.31817594,0.31791565,0.3175823
0.1624337,0.16190587,0.16146198,0.16111524,0.16087896,0.16076629,0.1607906,0.16096506,0.16130295,0.16181754,0.16252203,0.16342975,0.16455385,0.16590765,0.16750436,0.16935728,0.17147964,0.17368029,0.17576711,0.17775188,0.17964637,0.18146238,0.18321165,0.18490595,0.18655711,0.18817689,0.18977699,0.19136925,0.19296548,0.19457737,0.19621676,0.19789536,0.19962503,0.20141746,0.2032845,0.20523787,0.20728935,0.20945075,0.21173382,0.21415032,0.2167121,0.21943083,0.2223183,0.22538643,0.22864679,0.23211128,0.2357916,0.2396996,0.24384703,0.24797894,0.25184146,0.25544778,0.25881118,0.26194483,0.2648621,0.2675762,0.27010036,0.27244776,0.27463183,0.27666575,0.2785627,0.280336,0.28199878,0.28356445,0.28504622,0.28645733,0.28781095,0.2891204,0.290399,0.29165992,0.29291642,0.2941817,0.29546914,0.2967919,0.29816324,0.29959634,0.30110464,0.30270123,0.3043994,0.30621243,0.3081535,0.31003946,0.31168598,0.3131049,0.31430787,0.3153068,0.3161134,0.3167394,0.31719667,0.31749687,0.31765196,0.31767353,0.31757343,0.3173635,0.31705537,0.31666088
0.16738904,0.16697331,0.16662376,0.16635068,0.16616458,0.16607586,0.16609499,0.16623239,0.16649853,0.16690378,0.1674586,0.16817343,0.16905873,0.17012492,0.1713824,0.17284167,0.1745131,0.17622386,0.17780328,0.1792648,0.18062215,0.18188888,0.18307857,0.18420482,0.18528122,0.18632138,0.18733886,0.1883473,0.18936028,0.19039133,0.19145416,0.19256227,0.1937293,0.19496882,0.19629447,0.19771975,0.19925836,0.20092382,0.20272978,0.2046898,0.20681742,0.20912638,0.21163009,0.21434231,0.21727656,0.22044641,0.22386548,0.2275474,0.2315057,0.23549718,0.23927647,0.24285394,0.24624018,0.24944551,0.25248036,0.25535524,0.2580805,0.2606666,0.26312405,0.2654632,0.2676945,0.26982844,0.2718754,0.27384582,0.2757502,0.27759886,0.27940232,0.281171,0.28291532,0.2846457,0.2863726,0.28810656,0.2898578,0.29163694,0.2934543,0.2953204,0.29724556,0.2992403,0.3013152,0.30348027,0.30574647,0.3079237,0.30982462,0.3114627,0.31285155,0.3140048,0.31493595,0.3156587,0.3161866,0.31653327,0.3167122,0.31673712,0.31662163,0.3163791,0.31602344,0.31556803
0.17238173,0.17207909,0.17182451,0.17162567,0.17149016,0.17142558,0.17143951,0.17153956,0.1717333,0.17202841,0.17243241,0.17295292,0.17359754,0.1743739,0.17528953,0.17635208,0.17756918,0.17878641,0.17985475,0.18078955,0.18160619,0.18232015,0.18294679,0.18350157,0.18399979,0.18445697,0.18488845,0.18530968,0.18573602,0.18618295,0.18666577,0.18719997,0.18780094,0.1884841,0.1892648,0.1901585,0.19118063,0.19234651,0.1936716,0.19517133,0.19686103,0.19875622,0.2008722,0.20322448,0.20582834,0.2086993,0.2118527,0.21530397,0.21906854,0.22291508,0.2266071,0.23015225,0.23355806,0.23683219,0.23998216,0.24301565,0.24594022,0.24876344,0.25149298,0.25413638,0.25670132,0.2591952,0.26162586,0.2640008,0.2663276,0.26861385,0.27086714,0.27309516,0.27530548,0.27750558,0.2797032,0.28190592,0.28412127,0.2863569,0.28862032,0.29091927,0.2932612,0.29565397,0.2981048,0.30062157,0.30321175,0.30567947,0.30783388,0.3096905,0.31126454,0.3125716,0.31362697,0.31444615,0.31504446,0.31543732,0.31564015,0.3156684,0.31553748,0.31526273,0.3148595,0.3143434
0.1774007,0.17721163,0.1770526,0.17692839,0.17684373,0.17680338,0.17681211,0.17687461,0.17699565,0.17717998,0.17743234,0.17775747,0.17816016,0.17864512,0.17921712,0.17988084,0.18064108,0.18136223,0.18191697,0.18232249,0.18259603,0.18275477,0.18281598,0.18279682,0.18271455,0.18258637,0.18242946,0.18226112,0.18209852,0.18195884,0.18185937,0.18181726,0.18184975,0.18197407,0.18220744,0.18256703,0.1830701,0.1837339,0.18457559,0.18561234,0.18686146,0.1883401,0.19006555,0.19205493,0.19432558,0.19689457,0.19977926,0.20299673,0.2065643,0.21026276,0.21386477,0.21737498,0.22079816,0.22413905,0.22740245,0.23059304,0.2337156,0.23677486,0.23977561,0.24272257,0.24562046,0.24847406,0.25128803,0.25406727,0.25681642,0.25954023,0.26224357,0.26493102,0.26760736,0.2702774,0.2729459,0.27561748,0.27829704,0.28098923,0.28369883,0.28643057,0.28918925,0.29197952,0.29480618,0.29767403,0.30058777,0.30334523,0.3057526,0.30782717,0.3095861,0.31104663,0.3122259,0.31314126,0.3138098,0.3142488,0.31447554,0.31450707,0.31436074,0.3140537,0.3136032,0.3130265
0.18243457,0.18235944,0.18229628,0.18224694,0.1822133,0.18219729,0.18220074,0.18222557,0.18227366,0.18234688,0.18244717,0.18257636,0.18273635,0.18292904,0.18315627,0.18341999,0.18372205,0.18394563,0.1839853,0.18386015,0.18358913,0.18319131,0.18268564,0.18209124,0.18142708,0.18071218,0.17996562,0.17920633,0.17845334,0.1777258,0.17704262,0.17642282,0.17588553,0.17544964,0.17513421,0.17495833,0.17494096,0.17510112,0.17545785,0.17603017,0.17683712,0.17789772,0.179231,0.18085594,0.18279159,0.18505695,0.1876711,0.19065304,0.19402173,0.1975704,0.20108068,0.20455454,0.20799382,0.21140042,0.21477616,0.21812305,0.22144288,0.22473755,0.22800896,0.23125902,0.23448958,0.23770255,0.24089979,0.2440832,0.24725468,0.2504161,0.2535693,0.25671625,0.2598588,0.26299888,0.26613826,0.26927894,0.27242276,0.27557158,0.27872735,0.28189194,0.28506714,0.28825498,0.29145724,0.29467583,0.2979127,0.3009595,0.3036196,0.3059119,0.3078554,0.30946916,0.31077224,0.3117836,0.31252235,0.31300747,0.3132579,0.3132928,0.31313106,0.31279188,0.3122941,0.3116568
0.18747222,0.18751116,0.18754388,0.18756944,0.18758689,0.18759519,0.18759339,0.18758054,0.18755561,0.18751763,0.18746573,0.18739879,0.18731593,0.18721609,0.18709837,0.18696177,0.18680528,0.18653093,0.18605518,0.18539894,0.18458307,0.18362829,0.1825555,0.18138546,0.18013908,0.17883715,0.1775005,0.17614996,0.17480637,0.17349055,0.1722233,0.17102553,0.169918,0.16892159,0.16805707,0.16734529,0.16680712,0.1664633,0.16633475,0.16644228,0.16680668,0.16744879,0.16838947,0.16964953,0.17124979,0.17321111,0.1755543,0.17830016,0.18146959,0.18486796,0.18828617,0.19172329,0.19517836,0.19865033,0.20213826,0.20564115,0.2091581,0.21268801,0.21623002,0.21978307,0.22334622,0.22691849,0.23049891,0.23408647,0.23768023,0.24127921,0.24488242,0.24848895,0.2520977,0.25570774,0.2593181,0.26292783,0.26653594,0.27014145,0.27374336,0.27734077,0.2809325,0.28451777,0.2880956,0.291665,0.29522485,0.298561,0.30147365,0.30398354,0.30611157,0.30787867,0.3093054,0.31041282,0.3112217,0.31175286,0.3120271,0.31206524,0.31188825,0.3115168,0.31097177,0.310274
0.19250236,0.19265516,0.19278365,0.19288401,0.19295242,0.19298501,0.19297801,0.19292751,0.1928297,0.19268073,0.19247681,0.1922141,0.19188868,0.19149683,0.19103466,0.1904983,0.18988398,0.18911241,0.18812205,0.18693544,0.18557537,0.18406431,0.182425,0.18068008,0.17885216,0.17696384,0.17503785,0.1730967,0.17116314,0.16925974,0.1674092,0.16563407,0.16395704,0.16240072,0.1609878,0.15974087,0.15868258,0.15783556,0.1572225,0.15686591,0.15678856,0.157013,0.1575619,0.1584579,0.15972361,0.16138174,0.16345482,0.16596559,0.1689366,0.1721856,0.17551255,0.17891368,0.18238513,0.18592305,0.18952361,0.19318302,0.19689734,0.20066284,0.20447567,0.20833197,0.21222785,0.2161596,0.22012328,0.22411504,0.22813118,0.23216769,0.23622093,0.24028687,0.24436173,0.24844177,0.25252306,0.2566018,0.26067415,0.2647363,0.2687843,0.27281448,0.2768229,0.2808058,0.28475928,0.28867942,0.29256257,0.29618815,0.29935357,0.3020813,0.30439398,0.3063143,0.3078649,0.3090684,0.30994746,0.31052467,0.31082278,0.3108642,0.31067184,0.31026816,0.30967587,0.30891752
0.19751385,0.19778007,0.19800395,0.19817881,0.19829802,0.19835481,0.19834258,0.19825456,0.19808415,0.19782463,0.1974693,0.19701149,0.19644451,0.19576171,0.19495636,0.1940218,0.19295135,0.19168442,0.19018118,0.18846603,0.1865635,0.18449798,0.18229392,0.1799758,0.17756797,0.17509502,0.17258132,0.17005128,0.16752942,0.16504017,0.16260792,0.16025719,0.15801238,0.15589795,0.15393835,0.15215805,0.15058145,0.14923304,0.14813724,0.1473185,0.14680126,0.14661002,0.14676917,0.14730313,0.14823645,0.14959349,0.15139869,0.1536766,0.15645152,0.15955336,0.16279106,0.16615798,0.16964744,0.17325275,0.17696722,0.18078417,0.18469684,0.18869872,0.19278298,0.19694301,0.20117207,0.20546354,0.20981067,0.21420684,0.2186453,0.22311942,0.22762254,0.2321479,0.23668887,0.24123876,0.24579084,0.2503385,0.25487497,0.2593937,0.26388785,0.26835084,0.272776,0.27715653,0.2814859,0.28575727,0.28996408,0.29387966,0.2972981,0.300244,0.30274168,0.30481556,0.30649012,0.30778992,0.30873924,0.30936268,0.30968454,0.3097294,0.3095216,0.30908564,0.3084459,0.30762696
0.20249535,0.20287432,0.20319302,0.20344198,0.20361163,0.20369248,0.20367502,0.20354979,0.20330717,0.20293774,0.20243195,0.20178023,0.20097318,0.20000118,0.19885476,0.19752441,0.19600065,0.1942413,0.19222808,0.18998724,0.18754508,0.18492784,0.1821618,0.17927314,0.17628825,0.17323332,0.17013457,0.16701835,0.1639109,0.16083847,0.15782729,0.15490365,0.15209381,0.14942405,0.14692062,0.14460975,0.14251773,0.14067084,0.13909529,0.13781741,0.13686341,0.13625957,0.13603216,0.1362074,0.13681163,0.13787106,0.1394119,0.14146051,0.1440431,0.14700134,0.15015303,0.15348864,0.15699866,0.16067363,0.16450396,0.16848014,0.17259271,0.17683215,0.1811889,0.18565346,0.19021635,0.19486804,0.19959901,0.20439973,0.20926069,0.21417242,0.21912538,0.22411004,0.22911684,0.2341364,0.23915917,0.2441755,0.24917603,0.25415117,0.2590914,0.26398724,0.2688293,0.2736078,0.27831334,0.28293654,0.2874677,0.29167396,0.2953462,0.2985108,0.30119383,0.30342174,0.30522066,0.3066169,0.30763677,0.3083064,0.3086522,0.30870032,0.30847713,0.30800885,0.3073216,0.30644187
0.2074357,0.20792644,0.2083392,0.20866154,0.20888127,0.20898597,0.20896341,0.20880117,0.20848703,0.20800862,0.20735355,0.2065096,0.20546445,0.20420572,0.20272113,0.20099837,0.19902506,0.19677731,0.1942581,0.19149548,0.18851756,0.18535243,0.18202816,0.17857283,0.17501454,0.17138132,0.16770135,0.16400264,0.16031328,0.15666136,0.15307501,0.14958222,0.14621116,0.14298987,0.1399464,0.13710888,0.13450545,0.13216408,0.13011289,0.12837999,0.12699346,0.12598139,0.12537181,0.12519285,0.12547259,0.12623909,0.12752046,0.12934476,0.1317401,0.13455966,0.13762976,0.14093801,0.14447217,0.14821985,0.15216878,0.15630662,0.16062105,0.16509973,0.16973038,0.17450063,0.17939822,0.1844108,0.18952605,0.19473164,0.20001528,0.2053646,0.21076727,0.21621104,0.22168364,0.22717257,0.23266563,0.23815043,0.24361478,0.2490462,0.25443253,0.25976127,0.2650203,0.27019715,0.27527952,0.2802551,0.28511164,0.2896096,0.29353657,0.29692063,0.29978982,0.30217215,0.30409586,0.305589,0.30667946,0.30739564,0.3077654,0.30781683,0.3075782,0.30707735,0.3063425,0.30540174
0.21232362,0.21292497,0.21343069,0.21382572,0.21409495,0.21422328,0.21419558,0.21399681,0.21361186,0.2130256,0.21222301,0.21118888,0.20990819,0.20836584,0.20654672,0.20443574,0.20201781,0.1992868,0.19626665,0.19298726,0.1894785,0.18577036,0.18189271,0.17787546,0.17374852,0.16954185,0.16528527,0.1610088,0.15674226,0.15251562,0.14835878,0.14430165,0.14037415,0.13660617,0.13302764,0.12966846,0.12655859,0.12372786,0.121206254,0.119023666,0.11720996,0.11579511,0.114809014,0.11428158,0.114242725,0.11472233,0.11575037,0.11735669,0.11957124,0.122258395,0.12525253,0.12853847,0.13210124,0.13592564,0.13999663,0.14429909,0.14881797,0.1535381,0.15844443,0.16352183,0.16875526,0.17412956,0.17962967,0.18524048,0.19094694,0.19673389,0.20258622,0.20848894,0.21442688,0.22038493,0.22634797,0.23230097,0.2382288,0.2441164,0.24994867,0.25571045,0.2613867,0.26696232,0.27242213,0.27775118,0.28293425,0.2877253,0.2919081,0.29551253,0.2985686,0.3011062,0.30315524,0.30474558,0.3059072,0.30666995,0.30706388,0.30711868,0.30686438,0.30633095,0.30554828,0.30454618
0.21714796,0.2178584,0.21845591,0.21892262,0.2192407,0.21939227,0.21935959,0.21912475,0.21866992,0.21797732,0.21702905,0.21580729,0.21429424,0.21247202,0.21032283,0.20782879,0.2049721,0.20176409,0.19824915,0.194459,0.19042543,0.18618017,0.181755,0.17718168,0.17249186,0.16771743,0.16289005,0.15804154,0.15320355,0.14840795,0.1436864,0.13907072,0.13459262,0.13028386,0.12617621,0.122301415,0.118691206,0.11537735,0.1123916,0.10976571,0.107531406,0.10572048,0.104364686,0.10349573,0.10314538,0.10334544,0.1041276,0.10552364,0.10756529,0.11012762,0.113052614,0.11632242,0.11991922,0.12382518,0.12802246,0.1324932,0.1372196,0.14218378,0.14736797,0.15275429,0.15832491,0.16406201,0.16994773,0.17596424,0.18209371,0.1883183,0.19462018,0.20098153,0.20738451,0.21381125,0.2202439,0.22666472,0.23305579,0.2393993,0.2456774,0.25187218,0.25796604,0.26394093,0.26977906,0.27546266,0.28097385,0.28605947,0.2904995,0.29432556,0.29756957,0.30026326,0.30243823,0.3041264,0.30535945,0.30616912,0.30658716,0.30664536,0.3063755,0.30580926,0.30497843,0.3039147
0.22189742,0.22271529,0.22340308,0.22394033,0.22430646,0.224481,0.22444335,0.22417304,0.22364946,0.22285214,0.22176053,0.22035412,0.21861234,0.2165147,0.21404065,0.21116963,0.20788115,0.20420347,0.20020095,0.19590724,0.19135584,0.18658046,0.18161464,0.17649205,0.17124622,0.1659108,0.16051933,0.15510553,0.14970285,0.14434503,0.1390656,0.13389817,0.12887636,0.12403379,0.119404,0.11502065,0.11091733,0.10712762,0.10368515,0.10062354,0.09797635,0.0957772,0.094059706,0.09285744,0.092204034,0.09213308,0.09267819,0.09387295,0.09575098,0.09819742,0.10106136,0.10432219,0.10795949,0.11195264,0.11628117,0.12092446,0.12586208,0.13107346,0.13653804,0.14223535,0.14814478,0.15424585,0.16051804,0.16694078,0.17349355,0.18015583,0.18690707,0.19372672,0.20059432,0.20748933,0.2143911,0.22127923,0.22813313,0.2349323,0.24165612,0.2482842,0.2547959,0.26117074,0.26738814,0.27342764,0.27926865,0.2846507,0.2893496,0.29339874,0.29683182,0.2996825,0.30198434,0.30377093,0.30507585,0.3059327,0.30637515,0.30643675,0.30615115,0.30555186,0.30467257,0.3035469
0.22656083,0.22748405,0.22826053,0.22886696,0.22928035,0.22947736,0.22943483,0.22912969,0.22853866,0.22763857,0.2264063,0.22481863,0.2228524,0.2204844,0.2176915,0.21445048,0.21073818,0.20659928,0.20211752,0.19732836,0.19226731,0.18696979,0.18147129,0.17580728,0.17001322,0.16412456,0.15817682,0.15220542,0.14624585,0.14033355,0.13450406,0.12879275,0.12323514,0.11786668,0.11272286,0.107839145,0.10325098,0.09899382,0.09510319,0.09161454,0.088563286,0.08598495,0.08391498,0.08238885,0.08144203,0.08110995,0.08142813,0.08243201,0.084157065,0.086497895,0.08931,0.09257021,0.09625534,0.10034223,0.104807675,0.10962852,0.11478157,0.12024365,0.12599161,0.13200223,0.13825236,0.14471883,0.15137844,0.15820801,0.16518438,0.17228435,0.17948477,0.18676244,0.1940942,0.20145687,0.20882727,0.21618219,0.2234985,0.230753,0.23792253,0.24498387,0.25191388,0.25868934,0.26528716,0.27168405,0.27785695,0.28353766,0.28849724,0.29277104,0.29639462,0.2994035,0.301833,0.3037187,0.305096,0.30600047,0.3064674,0.30653244,0.30623093,0.30559847,0.30467042,0.3034822
0.23112692,0.2321533,0.23301654,0.23369077,0.23415026,0.2343693,0.2343221,0.2339828,0.23332575,0.23232509,0.23095511,0.22919007,0.22700413,0.22437157,0.22126658,0.21766348,0.2135364,0.2089458,0.20399418,0.19871892,0.19315729,0.1873467,0.18132447,0.17512798,0.16879453,0.1623615,0.1558662,0.14934601,0.14283825,0.13638033,0.13000953,0.12376321,0.11767875,0.111793466,0.1061447,0.100769825,0.095706165,0.090991095,0.08666194,0.08275605,0.07931076,0.07636345,0.07395143,0.07211209,0.07088274,0.07030073,0.070403434,0.07122816,0.07281228,0.07505911,0.07782988,0.08109881,0.08484014,0.08902813,0.09363694,0.098640874,0.10401415,0.10973098,0.11576563,0.12209228,0.12868519,0.13551861,0.14256676,0.14980386,0.15720415,0.1647419,0.17239128,0.18012653,0.18792193,0.19575171,0.20359004,0.21141122,0.21918944,0.22689894,0.23451395,0.24200876,0.24935754,0.2565345,0.2635139,0.27027,0.27677706,0.2827588,0.28798118,0.2924815,0.29629713,0.2994654,0.30202365,0.30400935,0.30545965,0.30641195,0.3069037,0.30697218,0.30665478,0.30598867,0.30501142,0.30376035
0.23558447,0.23671152,0.23765936,0.23839974,0.23890431,0.23914482,0.23909295,0.2387204,0.23799889,0.23690014,0.23539583,0.2334577,0.2310574,0.22816668,0.22475725,0.22080079,0.21626902,0.2112374,0.20582643,0.20007531,0.19402339,0.18770982,0.18117385,0.17445475,0.16759178,0.16062413,0.1535911,0.1465319,0.13948578,0.13249198,0.12558974,0.118818335,0.11221698,0.10582492,0.09968139,0.09382565,0.08829696,0.08313452,0.078377604,0.07406544,0.07023729,0.06693239,0.06418996,0.062049285,0.060549576,0.059730094,0.059630077,0.06028876,0.061745398,0.06391118,0.066652276,0.069940396,0.07374723,0.07804451,0.08280392,0.087997176,0.093595974,0.09957204,0.105897054,0.11254273,0.1194808,0.12668294,0.13412085,0.14176625,0.14959088,0.15756638,0.1656645,0.17385693,0.18211538,0.19041155,0.19871716,0.20700392,0.21524349,0.22340766,0.23146802,0.23939638,0.2471644,0.2547438,0.26210627,0.2692235,0.27606726,0.28235278,0.2878403,0.29256916,0.29657853,0.29990768,0.30259582,0.3046823,0.3062063,0.307207,0.3077237,0.3077956,0.30746204,0.30676222,0.30573535,0.30442068
0.23971334,0.2409336,0.24195983,0.24276139,0.24330772,0.24356811,0.24351195,0.2431086,0.24232745,0.2411378,0.23950908,0.23741071,0.23481193,0.23168217,0.22799076,0.22370714,0.2188006,0.21336046,0.20752361,0.2013312,0.19482417,0.18804362,0.18103054,0.17382602,0.16647103,0.1590066,0.15147382,0.14391369,0.13636719,0.12887542,0.121479385,0.11422016,0.10713871,0.100276075,0.09367334,0.08737149,0.08141157,0.0758346,0.07068168,0.065993726,0.061811857,0.058177076,0.05513042,0.052712895,0.050965585,0.049929477,0.049645618,0.05015504,0.05149877,0.053594995,0.056314107,0.059625473,0.06349846,0.067902446,0.07280675,0.078180805,0.08399394,0.09021553,0.09681493,0.1037615,0.111024655,0.1185737,0.12637804,0.13440703,0.14263003,0.15101644,0.15953553,0.16815676,0.17684948,0.18558306,0.19432683,0.2030502,0.21172248,0.22031307,0.22879134,0.23712666,0.2452884,0.25324592,0.2609685,0.2684257,0.27558675,0.28215867,0.28789628,0.2928406,0.29703268,0.30051354,0.3033242,0.30550572,0.30709916,0.30814543,0.30868566,0.30876088,0.3084121,0.30768046,0.3066067,0.30523217
0.24331807,0.24461965,0.24571435,0.24656934,0.2471521,0.24742985,0.24736993,0.24693972,0.24610645,0.24483751,0.2431002,0.24086185,0.23808981,0.23475133,0.2308138,0.22624452,0.22101082,0.21521394,0.20900536,0.2024276,0.19552334,0.18833506,0.18090548,0.17327708,0.16549255,0.15759441,0.14962532,0.14162782,0.1336445,0.125718,0.11789084,0.110205695,0.10270511,0.09543166,0.08842801,0.08173669,0.07540029,0.069461435,0.06396272,0.058946732,0.054456048,0.05053326,0.047220983,0.04456179,0.04259829,0.04137305,0.040928703,0.041307803,0.042552963,0.04458846,0.04728838,0.050620034,0.054550778,0.05904791,0.06407876,0.06961066,0.07561089,0.082046844,0.08888579,0.09609506,0.10364202,0.11149397,0.119618185,0.12798207,0.13655287,0.14529796,0.15418465,0.16318025,0.1722521,0.18136753,0.19049384,0.1995984,0.20864843,0.21761139,0.22645451,0.23514514,0.24365062,0.25193822,0.25997534,0.26772922,0.27516723,0.28198922,0.28794518,0.2930776,0.29742917,0.30104244,0.30396003,0.30622455,0.3078786,0.30896476,0.30952555,0.30960363,0.3092416,0.30848205,0.30736747,0.30594066
0.24642438,0.24779612,0.24894974,0.24985087,0.25046492,0.25075766,0.25069454,0.2502411,0.24936296,0.24802569,0.24619478,0.24383588,0.24091445,0.23739618,0.23324652,0.22843106,0.22291544,0.21681118,0.21028219,0.20337243,0.19612575,0.18858624,0.18079764,0.1728041,0.16464937,0.15637752,0.1480324,0.13965803,0.13129826,0.12299712,0.11479847,0.10674629,0.09888449,0.091257066,0.083907895,0.07688093,0.07022016,0.06396944,0.05817275,0.052874062,0.048117246,0.043946285,0.0404051,0.037537653,0.035387844,0.033999648,0.033416975,0.03368378,0.034844,0.036827166,0.039510544,0.042859692,0.0468402,0.05141761,0.05655748,0.06222538,0.06838689,0.07500754,0.08205294,0.08948862,0.09728012,0.105393045,0.11379294,0.12244543,0.13131593,0.14037016,0.14957358,0.15889183,0.16829036,0.17773485,0.1871908,0.19662382,0.20599945,0.21528323,0.22444072,0.23343755,0.2422392,0.25081125,0.25911942,0.267129,0.27480572,0.2818432,0.2879872,0.29328176,0.2977708,0.30149826,0.30450806,0.30684406,0.3085504,0.30967078,0.31024927,0.31032988,0.30995637,0.30917278,0.30802307,0.3065512
0.2490581,0.2504892,0.2516929,0.25263304,0.2532738,0.2535792,0.25351337,0.25304028,0.25212407,0.25072882,0.24881855,0.24635737,0.2433094,0.23963858,0.23530911,0.23028496,0.2245303,0.21816543,0.2113648,0.20417349,0.1966366,0.18879914,0.18070628,0.17240304,0.16393447,0.15534574,0.14668183,0.1379879,0.12930897,0.120690174,0.11217656,0.1038132,0.09564519,0.087717585,0.0800755,0.072763994,0.06582812,0.05931301,0.0532637,0.047725283,0.04274286,0.03836147,0.034626223,0.03158218,0.029274428,0.027748058,0.02704812,0.027219707,0.02830791,0.030246697,0.032916058,0.036280043,0.040302735,0.04494821,0.05018052,0.055963747,0.062261973,0.06903924,0.07625965,0.08388725,0.09188614,0.10022036,0.108854,0.11775109,0.12687577,0.13619207,0.14566405,0.15525578,0.16493137,0.17465489,0.18439034,0.19410186,0.20375349,0.2133093,0.22273338,0.23198976,0.24104258,0.24985583,0.25839368,0.2666201,0.27449924,0.2817194,0.28802294,0.29345492,0.2980605,0.3018847,0.30497262,0.30736935,0.3091199,0.31026942,0.31086293,0.31094554,0.3105624,0.3097585,0.30857894,0.30706877
0.251245,0.25272548,0.25397068,0.25494322,0.2556061,0.25592205,0.2558539,0.25536448,0.25441673,0.2529733,0.25099722,0.24845114,0.24529798,0.24150059,0.23702176,0.23182432,0.22587118,0.21928991,0.21226375,0.20483868,0.1970607,0.18897595,0.18063036,0.17207003,0.16334088,0.154489,0.1455604,0.13660115,0.12765719,0.11877463,0.109999485,0.10137774,0.09295544,0.084778614,0.07689329,0.069345474,0.062181227,0.055446573,0.0491875,0.043450058,0.038280264,0.03372416,0.029827766,0.026637103,0.024198208,0.022557091,0.02175979,0.021852322,0.02288072,0.024782661,0.027440377,0.030816672,0.034874395,0.039576378,0.044885457,0.050764445,0.057176188,0.06408351,0.07144926,0.07923625,0.08740728,0.09592524,0.10475297,0.11385323,0.12318892,0.13272282,0.14241779,0.15223667,0.16214226,0.17209744,0.18206497,0.19200772,0.20188853,0.21167025,0.22131565,0.23078762,0.24004894,0.24906255,0.25779107,0.26619753,0.27424473,0.28161657,0.28805256,0.2935987,0.29830104,0.30220562,0.3053584,0.30780542,0.30959278,0.31076646,0.31137246,0.31145686,0.3110656,0.31024483,0.3090405,0.3074986
0.25301084,0.2545312,0.2558099,0.25680867,0.25748932,0.25781378,0.2577438,0.25724125,0.2562679,0.25478566,0.25275633,0.25014177,0.24690375,0.2430041,0.23840469,0.2330673,0.22695386,0.22019789,0.21298961,0.20537575,0.19740322,0.18911874,0.18056908,0.1718011,0.16286156,0.15379718,0.14465488,0.13548137,0.12632345,0.11722791,0.10824158,0.0994112,0.090783566,0.0824055,0.07432377,0.06658515,0.0592365,0.05232455,0.045896098,0.039997935,0.034676887,0.029979708,0.025953181,0.022644125,0.020099325,0.01836557,0.017489638,0.017518336,0.018498445,0.020370642,0.02301895,0.026405195,0.030491212,0.035238825,0.040609878,0.046566203,0.053069595,0.060081933,0.067565024,0.07548069,0.08379077,0.092457116,0.101441525,0.11070583,0.12021191,0.12992154,0.13979657,0.14979883,0.15989017,0.17003238,0.1801873,0.19031678,0.20038266,0.21034679,0.22017092,0.22981693,0.23924665,0.24842186,0.25730452,0.26585633,0.27403918,0.28153354,0.28807646,0.29371482,0.29849526,0.30246472,0.30566984,0.3081576,0.3099746,0.3111678,0.31178385,0.31186962,0.31147197,0.31063753,0.30941316,0.30784568
0.2543814,0.25593272,0.2572374,0.2582565,0.25895104,0.25928208,0.25921065,0.25869787,0.25770476,0.25619236,0.25412172,0.2514539,0.24815004,0.24417102,0.23947802,0.23403206,0.22779422,0.2209026,0.21355298,0.20579267,0.19766904,0.18922955,0.18052156,0.17159238,0.16248953,0.15326026,0.14395204,0.13461223,0.12528823,0.11602742,0.106877156,0.097884834,0.08909784,0.0805636,0.07232941,0.06444273,0.056950923,0.049901374,0.043341465,0.03731858,0.031880092,0.027073406,0.022945901,0.019544948,0.016917959,0.01511229,0.014175335,0.014154484,0.015097121,0.01694623,0.01958723,0.022981197,0.02708917,0.031872198,0.037291363,0.043307684,0.049882237,0.05697608,0.064550236,0.0725658,0.080983795,0.08976528,0.098871335,0.10826298,0.11790129,0.1277473,0.13776208,0.14790668,0.15814215,0.16842955,0.17872994,0.18900438,0.19921389,0.20931955,0.21928239,0.22906351,0.23862392,0.2479247,0.2569269,0.26559153,0.2738797,0.28146917,0.28809506,0.29380488,0.2986461,0.3026658,0.30591166,0.30843088,0.31027105,0.31147936,0.3121032,0.31219006,0.31178734,0.31094232,0.30970243,0.30811504
0.25538248,0.2569564,0.2582801,0.259314,0.26001865,0.26035452,0.26028207,0.25976184,0.2587542,0.25721985,0.255119,0.25241235,0.24906032,0.24502337,0.24026205,0.23473677,0.22840801,0.2214174,0.21396443,0.20609711,0.19786319,0.18931048,0.18048677,0.17143996,0.16221778,0.15286809,0.1434387,0.13397746,0.12453213,0.11515054,0.105880566,0.09676997,0.0878666,0.07921824,0.070872724,0.06287788,0.055281535,0.048131473,0.041475534,0.035361547,0.029837307,0.024950631,0.020749364,0.017281292,0.01459426,0.012736066,0.011754549,0.011697507,0.012612766,0.014445006,0.017080685,0.020480284,0.024604287,0.029413195,0.03486749,0.040927656,0.04755417,0.05470753,0.062348217,0.07043674,0.07893355,0.08779915,0.096994035,0.10647868,0.11621358,0.12615922,0.13627607,0.14652464,0.15686542,0.16725887,0.17766549,0.18804576,0.19836019,0.20856924,0.21863346,0.2285132,0.2381691,0.24756156,0.25665107,0.26539811,0.27376324,0.28142208,0.28810862,0.29387075,0.29875615,0.3028127,0.30608818,0.30863056,0.31048748,0.31170687,0.31233644,0.31242415,0.31201768,0.31116495,0.3099137,0.3083118
0.25603977,0.25762856,0.25896475,0.2600084,0.26071975,0.26105875,0.26098564,0.26046047,0.25944343,0.25789446,0.25577387,0.2530417,0.2496581,0.24558306,0.24077684,0.23519945,0.22881109,0.22175537,0.21423467,0.20629708,0.19799072,0.18936361,0.18046397,0.17133985,0.16203935,0.15261057,0.14310165,0.13356058,0.12403563,0.11457476,0.10522616,0.096037894,0.08705806,0.078334816,0.0699162,0.06185033,0.054185316,0.046969257,0.04025028,0.03407645,0.0284959,0.023556707,0.019306986,0.015794866,0.013068402,0.011175731,0.010164939,0.0100841215,0.010981409,0.012802571,0.015434756,0.018838054,0.022972597,0.027798498,0.033275846,0.039364792,0.04602543,0.053217884,0.060902275,0.06903869,0.07758727,0.08650808,0.095761314,0.10530702,0.11510534,0.12511638,0.13530028,0.14561711,0.15602702,0.16649012,0.17696653,0.18741632,0.19779964,0.20807657,0.21820726,0.22815186,0.23787042,0.24732308,0.25646994,0.26527107,0.2736867,0.2813912,0.28811756,0.29391396,0.29882845,0.3029092,0.30620417,0.30876166,0.3106297,0.31185627,0.3124897,0.31257778,0.31216896,0.3113111,0.31005245,0.30844098
0.25637922,0.25797567,0.25931823,0.260367,0.26108173,0.26142237,0.2613489,0.26082116,0.2597992,0.25824288,0.25611207,0.25336668,0.24996673,0.24587205,0.24104263,0.23543838,0.2290192,0.22192991,0.21437417,0.20640029,0.19805652,0.18939105,0.1804522,0.17128816,0.16194722,0.1524776,0.14292756,0.13334538,0.123779275,0.11427746,0.10488828,0.0956599,0.08664062,0.07787867,0.06942229,0.061319757,0.05361929,0.04636917,0.039617617,0.033412915,0.027803265,0.02283696,0.018562248,0.015027357,0.01228054,0.010370055,0.009344149,0.009251077,0.010139075,0.011954528,0.014584895,0.017990105,0.022130083,0.026964756,0.03245402,0.038557827,0.045236096,0.052448735,0.060155664,0.0683168,0.07689209,0.08584147,0.09512481,0.104702055,0.114533134,0.12457796,0.13479646,0.14514855,0.15559417,0.1660932,0.17660561,0.1870913,0.19751015,0.20782217,0.21798725,0.22796528,0.23771617,0.24719992,0.2563764,0.2652055,0.27364722,0.28137517,0.28812215,0.29393622,0.29886577,0.30295897,0.30626404,0.30882934,0.31070307,0.3119334,0.3125687,0.31265712,0.312247,0.31138662,0.310124,0.30850768
0.25642648,0.25802398,0.25936753,0.26041698,0.26113212,0.261473,0.26139945,0.26087147,0.25984877,0.25829133,0.25615907,0.25341195,0.25000966,0.2459123,0.24107966,0.23547165,0.22904818,0.22195421,0.21439362,0.2064147,0.1980657,0.18939492,0.18045056,0.17128097,0.16193439,0.15245906,0.14290334,0.13331541,0.12374357,0.11423607,0.104841225,0.09560726,0.08658249,0.07781515,0.06935352,0.061245874,0.053540487,0.046285618,0.039529517,0.033320513,0.027706826,0.02273676,0.018458553,0.0149204945,0.012170832,0.010257877,0.009229856,0.009135074,0.010021788,0.0118364375,0.014466545,0.017872037,0.022012766,0.026848659,0.032339606,0.038445473,0.04512619,0.052341636,0.060051702,0.068216324,0.07679532,0.08574865,0.09503619,0.104617834,0.11445346,0.12450297,0.1347263,0.14508331,0.15553387,0.16603795,0.17655535,0.18704602,0.19746988,0.20778674,0.21795663,0.2279393,0.2376947,0.2471828,0.25636336,0.26519635,0.27364168,0.281373,0.2881228,0.29393938,0.29887095,0.30296588,0.30627236,0.30883873,0.31071326,0.31194413,0.31257966,0.31266817,0.31225786,0.31139714,0.31013402,0.30851698
0.25620738,0.25779992,0.25913927,0.26018545,0.26089844,0.26123828,0.26116493,0.26063856,0.259619,0.25806645,0.25594082,0.25320214,0.24981047,0.24572575,0.24090809,0.2353174,0.22891381,0.22184153,0.21430355,0.20634803,0.1980232,0.18937717,0.18045817,0.17131436,0.16199388,0.15254492,0.14301571,0.13345434,0.12390906,0.114428006,0.10505937,0.095851295,0.086852,0.07810962,0.06967236,0.0615884,0.053905882,0.046673015,0.039937958,0.03374888,0.028153967,0.023201397,0.018939331,0.015415959,0.012679461,0.010777989,0.009759734,0.009672873,0.010565576,0.01238391,0.015015195,0.018419445,0.022556672,0.02738689,0.03287014,0.03896642,0.04563577,0.052838176,0.060533695,0.06868232,0.077244096,0.086179,0.09544709,0.10500838,0.11482287,0.1248506,0.13505155,0.14538582,0.15581334,0.16629416,0.17678836,0.18725583,0.1976567,0.20795098,0.21809866,0.22805974,0.23779428,0.24726225,0.2564237,0.26523873,0.27366722,0.28138325,0.28811985,0.29392496,0.2988469,0.30293375,0.30623382,0.30879506,0.31066588,0.31189436,0.3125286,0.31261694,0.31220752,0.31134838,0.3100878,0.30847389
0.25574765,0.25732982,0.25866044,0.2596998,0.26040816,0.26074576,0.260673,0.26015,0.25913703,0.25759462,0.2554828,0.25276202,0.24939242,0.24533434,0.24054801,0.23499382,0.22863196,0.22160518,0.21411456,0.2062082,0.19793405,0.18934,0.18047412,0.17138435,0.16211864,0.15272501,0.14325142,0.13374588,0.1242563,0.11483068,0.105516985,0.09636327,0.087417416,0.07872744,0.07034131,0.062307015,0.054672517,0.047485806,0.04079484,0.034647606,0.029092079,0.024176233,0.019948047,0.016455501,0.013746561,0.011869208,0.010871436,0.010801179,0.011706457,0.01353255,0.016166275,0.019567937,0.02369779,0.028516144,0.033983245,0.040059414,0.04670488,0.05387995,0.06154492,0.069660045,0.07818562,0.087081894,0.096309185,0.10582776,0.11559789,0.1255799,0.13573398,0.14602046,0.15639964,0.16683182,0.17727716,0.18769605,0.19804876,0.20829555,0.21839671,0.22831245,0.23800312,0.24742906,0.25655043,0.26532754,0.2737207,0.28140494,0.28811356,0.29389468,0.2987963,0.3028663,0.3061526,0.3087034,0.3105665,0.31178987,0.3124216,0.31250957,0.31210175,0.31124616,0.30999073,0.30838355
0.25507307,0.25664002,0.2579579,0.25898722,0.25968874,0.2600231,0.259951,0.25943303,0.25842997,0.2569023,0.25481087,0.25211617,0.248779,0.24475998,0.24001975,0.23451898,0.22821835,0.22125828,0.21383731,0.20600304,0.19780321,0.18928547,0.18049754,0.17148706,0.16230176,0.15298927,0.14359735,0.13417363,0.1247658,0.11542152,0.10618853,0.09711448,0.08824707,0.07963396,0.07132287,0.06336145,0.05579739,0.048678394,0.042052127,0.035966292,0.030468551,0.0256066,0.021428127,0.017980793,0.015312306,0.013470359,0.012502601,0.012456746,0.013380464,0.015217913,0.017855236,0.0212531,0.02537215,0.030173069,0.035616495,0.041663118,0.048273582,0.055408537,0.06302867,0.07109465,0.079567105,0.088406704,0.09757415,0.10703007,0.11673512,0.12664998,0.13673529,0.14695172,0.15725994,0.16762063,0.1779944,0.188342,0.19862401,0.2088011,0.218834,0.22868325,0.23830965,0.24767378,0.25673628,0.26545784,0.27379924,0.28143662,0.28810444,0.29385036,0.29872212,0.3027673,0.30603367,0.30856887,0.31042063,0.31163657,0.31226438,0.3123518,0.3119465,0.3110961,0.3098484,0.30825093
0.2542095,0.25575697,0.2570584,0.2580749,0.25876772,0.25909793,0.25902674,0.25851524,0.25752458,0.256016,0.2539505,0.2512894,0.24799371,0.24402471,0.23934345,0.23391108,0.22768886,0.22081424,0.21348232,0.20574038,0.1976357,0.18921566,0.18052748,0.17161858,0.16253616,0.15332758,0.14404018,0.13472122,0.12541807,0.11617797,0.10704824,0.098076224,0.089309216,0.08079454,0.07257949,0.064711384,0.05723752,0.050205216,0.0436618,0.037654545,0.03223079,0.027437843,0.02332299,0.019933565,0.01731687,0.015520231,0.014590926,0.01457629,0.01552362,0.017375622,0.020017542,0.023410538,0.027515756,0.032294344,0.03770747,0.04371629,0.050281916,0.057365514,0.06492826,0.07293129,0.08133577,0.09010281,0.09919361,0.10856928,0.11819103,0.12801991,0.13801718,0.14814393,0.15836133,0.16863053,0.17891268,0.18916893,0.19936046,0.20944835,0.21939377,0.22915798,0.23870201,0.24798708,0.25697422,0.26562476,0.27389973,0.2814772,0.28809273,0.29379365,0.29862705,0.30264062,0.30588132,0.30839667,0.31023383,0.3114403,0.3120632,0.3121499,0.31174776,0.3109041,0.30966613,0.30808127
