0.2538514,0.2542826,0.2546452,0.2549284,0.2551215,0.2552135,0.25519362,0.25505117,0.25477508,0.25435472,0.25377923,0.25303778,0.25211957,0.2510137,0.2497093,0.24819575,0.24646203,0.24468222,0.24302869,0.24148843,0.24004832,0.23869532,0.2374164,0.23619847,0.23502846,0.23389328,0.23277986,0.23167521,0.23056616,0.22943963,0.22828273,0.22708222,0.22582504,0.22449823,0.22308859,0.22158317,0.21996887,0.21823256,0.21636128,0.21434188,0.21216127,0.20980655,0.20726442,0.20452198,0.20156607,0.19838367,0.19496171,0.19128715,0.18734682,0.183383,0.17963924,0.17610472,0.17276871,0.1696203,0.16664866,0.16384302,0.1611925,0.15868637,0.15631364,0.15406366,0.15192553,0.1498884,0.14794149,0.14607397,0.14427495,0.14253372,0.14083937,0.13918109,0.13754806,0.1359295,0.13431454,0.13269234,0.13105209,0.12938303,0.12767424,0.12591493,0.124094315,0.12220151,0.12022573,0.11815614,0.115981914,0.11388899,0.112061724,0.11048711,0.109152064,0.10804352,0.10714841,0.10645368,0.10594622,0.105613,0.10544097,0.10541699,0.10552807,0.105761096,0.10610303,0.10654079
0.25425223,0.2546885,0.2550554,0.25534195,0.25553724,0.2556304,0.25561023,0.25546607,0.25518683,0.25476152,0.25417927,0.25342906,0.25249997,0.25138104,0.2500613,0.24852991,0.24677578,0.24497408,0.2432985,0.24173598,0.24027346,0.23889802,0.23759638,0.23635572,0.23516285,0.23400478,0.23286845,0.23174085,0.23060885,0.2294595,0.22827971,0.22705643,0.2257766,0.22442715,0.22299509,0.22146736,0.21983095,0.21807271,0.21617968,0.21413876,0.21193697,0.20956121,0.20699842,0.20423561,0.20125967,0.19805764,0.19461638,0.19092289,0.18696406,0.1829833,0.17922519,0.17567883,0.17233326,0.16917752,0.1662007,0.16339172,0.16073975,0.15823382,0.15586296,0.15361622,0.15148264,0.1494513,0.14751123,0.14565144,0.14386103,0.14212903,0.14044447,0.13879645,0.13717395,0.13556609,0.13396183,0.13235033,0.13072053,0.12906154,0.12736239,0.12561215,0.1237998,0.12191449,0.119945206,0.11788099,0.115710914,0.113621235,0.111796856,0.110224724,0.10889177,0.10778497,0.10689126,0.1061976,0.105690934,0.10535825,0.10518646,0.10516254,0.10527344,0.10550613,0.105847515,0.10628456
0.25458935,0.25502983,0.25540033,0.2556897,0.25588694,0.25598094,0.25596067,0.2558151,0.25553304,0.2551036,0.2545156,0.253758,0.25281987,0.25168997,0.2503574,0.24881096,0.24703965,0.24521956,0.24352539,0.24194421,0.24046282,0.23906836,0.23774779,0.23648791,0.23527588,0.23409854,0.23294297,0.2317961,0.23064485,0.22947618,0.22827719,0.22703473,0.22573581,0.2243674,0.22291645,0.22136995,0.21971491,0.21793827,0.21602699,0.21396798,0.21174832,0.20935489,0.20677474,0.20399478,0.20100202,0.19778341,0.19432591,0.19061652,0.1866422,0.18264717,0.17887701,0.17532067,0.17196704,0.16880514,0.16582388,0.16301218,0.160359,0.15785325,0.15548393,0.15323994,0.15111022,0.14908367,0.14714937,0.14529613,0.14351292,0.14178869,0.1401124,0.13847297,0.13685933,0.13526046,0.13366526,0.13206264,0.13044167,0.12879117,0.12710012,0.1253575,0.12355215,0.12167312,0.11970926,0.11764959,0.115483016,0.1133961,0.11157411,0.11000405,0.10867286,0.107567504,0.10667497,0.10598223,0.10547626,0.105143994,0.10497244,0.104948536,0.1050593,0.105291665,0.10563259,0.10606909
0.25485262,0.2552965,0.25566974,0.25596136,0.25616005,0.2562548,0.25623432,0.25608763,0.25580347,0.25537077,0.25477836,0.2540151,0.25306976,0.25193134,0.25058863,0.24903047,0.24724576,0.24541128,0.24370262,0.24210685,0.24061076,0.23920149,0.23786598,0.23659119,0.23536414,0.23417182,0.23300117,0.23183917,0.23067291,0.22948922,0.22827522,0.2270178,0.22570398,0.22432071,0.22285506,0.22129393,0.21962434,0.21783327,0.21590766,0.21383458,0.21160094,0.2091938,0.20660003,0.20380665,0.20080075,0.19756924,0.19409904,0.19037724,0.18639076,0.1823846,0.178605,0.1750409,0.17168103,0.16851428,0.16552958,0.16271573,0.16006158,0.15755603,0.15518785,0.15294603,0.15081927,0.14879657,0.14686672,0.14501856,0.14324097,0.14152285,0.139853,0.13822028,0.13661358,0.13502173,0.13343358,0.13183798,0.13022384,0.12857999,0.1268953,0.12515855,0.12335871,0.12148458,0.11952499,0.117468834,0.115304984,0.113220215,0.111400135,0.10983168,0.10850185,0.107397646,0.10650604,0.10581402,0.10530856,0.10497665,0.10480525,0.10478141,0.10489201,0.105124176,0.10546475,0.10590079
0.25503206,0.2554782,0.2558534,0.25614646,0.25634623,0.2564414,0.25642088,0.25627336,0.25598782,0.2555529,0.25495738,0.2541902,0.25324008,0.25209582,0.2507462,0.24918008,0.24738623,0.24554195,0.24382344,0.24221763,0.24071155,0.23929219,0.23794654,0.23666158,0.2354243,0.23422173,0.23304082,0.23186861,0.23069204,0.22949815,0.22827387,0.22700627,0.2256823,0.22428891,0.22281316,0.22124207,0.21956258,0.21776168,0.21582635,0.21374366,0.21150053,0.20908394,0.20648092,0.2036785,0.20066357,0.19742325,0.19394442,0.19021416,0.18621941,0.18220568,0.17841965,0.17485021,0.17148606,0.16831608,0.16532901,0.16251369,0.15985887,0.15735343,0.15498607,0.15274568,0.15062101,0.14860088,0.14667405,0.14482942,0.14305569,0.1413417,0.13967621,0.13804808,0.13644607,0.13485901,0.13327567,0.13168488,0.13007541,0.12843607,0.12675567,0.12502299,0.12322686,0.12135607,0.11939939,0.11734566,0.11518367,0.11310038,0.11128155,0.1097142,0.10838534,0.1072819,0.10639089,0.105699375,0.10519425,0.10486258,0.10469133,0.10466748,0.10477802,0.10500997,0.10535035,0.10578608
0.25511765,0.25556484,0.25594094,0.25623477,0.25643495,0.25653037,0.25650978,0.25636193,0.25607568,0.2556397,0.2550427,0.25427368,0.25332126,0.25217423,0.25082132,0.24925141,0.24745317,0.24560425,0.24388099,0.24227045,0.24075961,0.23933545,0.23798496,0.23669513,0.235453,0.23424552,0.23305976,0.2318826,0.2307012,0.22950238,0.22827326,0.22700074,0.22567193,0.22427377,0.2227933,0.22121738,0.21953315,0.21772759,0.21578762,0.21370031,0.21145266,0.2090316,0.20642416,0.20361741,0.20059821,0.19735368,0.19387071,0.19013643,0.18613772,0.18212038,0.1783313,0.17475934,0.17139317,0.16822161,0.16523342,0.1624174,0.1597623,0.15725686,0.15488991,0.15265018,0.15052651,0.14850762,0.14658228,0.14473923,0.14296734,0.14125529,0.13959196,0.13796599,0.13636626,0.13478145,0.13320044,0.1316119,0.13000464,0.12836745,0.12668914,0.1249584,0.12316402,0.12129482,0.11933954,0.11728694,0.115125835,0.11304324,0.111225046,0.10965823,0.10832978,0.10722672,0.106336035,0.105644725,0.105139785,0.104808226,0.10463703,0.10461318,0.10472369,0.104955584,0.10529583,0.1057314
0.25509918,0.25554606,0.25592205,0.25621563,0.25641578,0.25651118,0.2564906,0.25634283,0.25605673,0.25562093,0.25502428,0.25425565,0.25330374,0.2521573,0.25080517,0.24923605,0.24743871,0.24559084,0.24386859,0.24225907,0.24074924,0.2393261,0.23797664,0.2366879,0.23544681,0.2342404,0.23305565,0.23187958,0.23069918,0.22950144,0.22827338,0.22700194,0.2256742,0.224277,0.22279757,0.2212227,0.21953951,0.2177349,0.21579598,0.21370968,0.21146296,0.20904288,0.20643644,0.20363055,0.2006123,0.19736867,0.19388664,0.19015318,0.18615535,0.18213879,0.17835037,0.17477892,0.17141321,0.16824196,0.16525404,0.16243815,0.1597831,0.1572777,0.15491065,0.15267079,0.1505469,0.14852771,0.14660206,0.14475869,0.1429864,0.14127395,0.13961013,0.1379837,0.13638344,0.13479818,0.13321663,0.13162765,0.13001993,0.12838224,0.12670347,0.12497233,0.123177566,0.12130803,0.119352445,0.11729962,0.1151383,0.11305556,0.11123721,0.10967029,0.10834177,0.10723861,0.10634787,0.10565649,0.105151534,0.10481995,0.10464873,0.10462489,0.10473542,0.1049673,0.105307594,0.10574319
0.25496668,0.25541195,0.25578645,0.25607902,0.2562783,0.25637338,0.25635293,0.2562057,0.25592062,0.2554865,0.2548921,0.25412637,0.253178,0.2520359,0.2506888,0.24912553,0.24733503,0.24549428,0.24377944,0.24217728,0.24067482,0.23925917,0.23791716,0.23663591,0.23540242,0.23420353,0.2330264,0.23185791,0.23068507,0.22949491,0.22827436,0.22701044,0.22569019,0.22430053,0.22282843,0.22126098,0.21958508,0.21778777,0.21585599,0.2137768,0.2115371,0.20912398,0.20652434,0.20372523,0.20071359,0.19747646,0.19400078,0.1902736,0.18628184,0.18227088,0.17848723,0.17491972,0.17155714,0.16838832,0.16540208,0.16258733,0.15993276,0.15742724,0.15505962,0.1528187,0.1506933,0.14867221,0.1467443,0.14489836,0.14312324,0.14140773,0.13974063,0.13811083,0.13650714,0.13491832,0.13333325,0.13174069,0.1301295,0.12848851,0.12680654,0.12507242,0.12327491,0.12140292,0.11944518,0.11739055,0.115227886,0.11314406,0.11132477,0.10975704,0.10842781,0.10732407,0.106432855,0.105741166,0.105235904,0.104904145,0.10473286,0.10470899,0.10481959,0.105051614,0.105392046,0.10582789
0.25471008,0.25515214,0.2555239,0.25581425,0.2560122,0.25610653,0.25608617,0.25594002,0.25565708,0.2552261,0.25463605,0.25387594,0.25293446,0.25180066,0.25046343,0.24891163,0.24713415,0.24530748,0.2436067,0.24201874,0.24053067,0.23912941,0.237802,0.23653527,0.23531635,0.23413216,0.23296969,0.23181589,0.2306577,0.22948217,0.22827628,0.22702694,0.22572121,0.22434601,0.22288832,0.22133513,0.21967341,0.21789013,0.21597224,0.2139068,0.21168071,0.209281,0.20669462,0.2039085,0.20090973,0.19768518,0.19422188,0.19050679,0.18652688,0.18252677,0.17875226,0.17519234,0.17183587,0.16867176,0.16568892,0.16287622,0.1602226,0.15771693,0.15534814,0.15310514,0.15097679,0.14895202,0.14701973,0.14516881,0.14338821,0.14166677,0.13999341,0.13835707,0.13674662,0.13515097,0.133559,0.13195963,0.13034177,0.12869436,0.1270062,0.12526625,0.12346344,0.12158663,0.119624764,0.1175667,0.11540137,0.113315426,0.111494325,0.109924994,0.108594425,0.107489616,0.106597506,0.1059051,0.10539934,0.10506725,0.10489577,0.104871884,0.10498259,0.10521485,0.105555624,0.10599191
0.25431934,0.25475642,0.25512403,0.25541118,0.25560683,0.25570014,0.25568,0.2555355,0.25525573,0.25482956,0.25424618,0.25349453,0.25256366,0.25144255,0.25012028,0.24858579,0.2468283,0.2450229,0.24334362,0.24177743,0.24031113,0.2389319,0.23762654,0.23638201,0.23518534,0.23402344,0.23288329,0.23175181,0.23061605,0.22946283,0.22827917,0.22705208,0.22576848,0.22441527,0.22297946,0.22144799,0.21980783,0.21804595,0.21614927,0.21410479,0.21189943,0.20952016,0.20695394,0.20418769,0.20120841,0.19800305,0.19455856,0.1908619,0.18690002,0.18291639,0.17915589,0.17560755,0.17226037,0.16910343,0.16612568,0.16331618,0.16066399,0.1581581,0.1557875,0.15354134,0.15140854,0.14937817,0.14743921,0.14558075,0.14379176,0.14206131,0.1403784,0.13873208,0.13711135,0.13550524,0.13390282,0.13229308,0.13066503,0.12900773,0.12731022,0.12556145,0.12375052,0.12186646,0.119898245,0.11783495,0.11566556,0.11357645,0.11175252,0.110180795,0.108848184,0.10774169,0.10684821,0.106154725,0.10564821,0.10531559,0.10514386,0.105119936,0.10523082,0.10546345,0.10580474,0.1062417
0.25378433,0.25421467,0.2545766,0.2548592,0.25505188,0.25514373,0.2551239,0.25498164,0.25470617,0.2542867,0.25371227,0.2529723,0.25205585,0.25095215,0.2496504,0.24813977,0.24640952,0.24463336,0.24298352,0.24144694,0.24001062,0.23866145,0.23738629,0.23617218,0.23500594,0.23387459,0.23276503,0.2316642,0.23055899,0.22943631,0.22828321,0.22708648,0.22583316,0.22451009,0.22310425,0.22160257,0.21999198,0.21825933,0.21639167,0.21437585,0.21219885,0.2098476,0.20730893,0.20456988,0.20161733,0.19843826,0.1950195,0.19134808,0.18741089,0.18344985,0.17970851,0.176176,0.17284156,0.16969438,0.16672364,0.16391855,0.1612683,0.15876207,0.15638907,0.15413857,0.15199965,0.14996156,0.14801349,0.14614466,0.14434426,0.14260145,0.14090545,0.13924547,0.1376107,0.13599035,0.13437355,0.13274959,0.13110761,0.12943684,0.12772644,0.12596563,0.12414361,0.12224954,0.12027269,0.118202195,0.116027266,0.11393376,0.11210604,0.110531025,0.10919562,0.108086795,0.10719144,0.10649653,0.10598894,0.10565564,0.10548353,0.10545957,0.10557069,0.10580377,0.106145784,0.10658367
0.25309506,0.25351667,0.2538712,0.25414816,0.2543369,0.25442684,0.25440744,0.25426805,0.2539982,0.2535872,0.2530245,0.25229955,0.25140166,0.25032037,0.24904504,0.24756509,0.24586996,0.24413136,0.24251951,0.24102125,0.23962343,0.23831296,0.2370768,0.23590182,0.23477487,0.23368287,0.23261267,0.23155129,0.23048545,0.22940217,0.22828832,0.22713087,0.2259165,0.22463223,0.22326505,0.22180168,0.22022912,0.21853428,0.21670397,0.21472515,0.21258464,0.21026942,0.20776632,0.2050623,0.20214422,0.19899896,0.19561343,0.19197449,0.18806909,0.18413717,0.18042049,0.17690842,0.17359038,0.1704558,0.16749406,0.16469462,0.16204685,0.15954027,0.15716417,0.15490803,0.15276124,0.1507132,0.14875342,0.14687124,0.14505608,0.14329736,0.14158449,0.13990693,0.13825405,0.13661529,0.13498004,0.13333775,0.1316778,0.12998967,0.12826268,0.12648633,0.12465003,0.12274313,0.1207551,0.11867536,0.11649328,0.11439414,0.1125615,0.11098225,0.10964327,0.10853144,0.10763369,0.10693688,0.10642794,0.10609373,0.10592118,0.10589717,0.10600854,0.10624227,0.10658521,0.10702425
0.25224143,0.2526522,0.25299767,0.25326747,0.2534514,0.253539,0.2535201,0.25338438,0.2531214,0.25272095,0.25217268,0.2514663,0.2505915,0.24953794,0.24829535,0.2468534,0.24520177,0.24350978,0.2419449,0.24049397,0.23914391,0.23788147,0.2366935,0.23556693,0.23448865,0.23344536,0.232424,0.23141143,0.23039444,0.22935992,0.22829475,0.22718571,0.22601971,0.22478354,0.22346415,0.22204831,0.22052287,0.21887475,0.21709071,0.21515763,0.21306242,0.21079186,0.20833282,0.20567214,0.2027967,0.19969335,0.19634892,0.19275023,0.18888423,0.18498838,0.18130222,0.17781545,0.1745177,0.17139873,0.16844821,0.16565576,0.16301112,0.16050398,0.15812401,0.15586095,0.1537044,0.15164411,0.14966978,0.14777105,0.14593764,0.14415918,0.14242548,0.1407261,0.1390508,0.13738927,0.13573115,0.13406618,0.13238399,0.1306743,0.12892684,0.12713124,0.1252772,0.12335439,0.12135255,0.11926132,0.11707043,0.11496431,0.11312557,0.11154107,0.110197626,0.109082095,0.10818138,0.107482255,0.106971614,0.106636316,0.10646315,0.106439054,0.106550835,0.10678532,0.10712941,0.10756992
0.2512134,0.25161117,0.25194564,0.2522069,0.252385,0.25246984,0.2524515,0.25232005,0.25206545,0.25167775,0.25114682,0.25046286,0.24961579,0.2485957,0.24739252,0.24599627,0.24439701,0.24276109,0.24125287,0.239859,0.23856638,0.23736177,0.23623195,0.23516378,0.23414394,0.23315936,0.23219673,0.23124297,0.23028481,0.22930904,0.22830242,0.22725183,0.22614402,0.22496578,0.22370398,0.22234531,0.22087665,0.21928477,0.21755648,0.21567856,0.21363781,0.21142103,0.20901504,0.20640661,0.20358251,0.2005296,0.19723469,0.19368452,0.1898659,0.1860135,0.18236415,0.17890781,0.17563455,0.17253436,0.16959725,0.16681324,0.1641724,0.16166463,0.15928,0.15700856,0.15484029,0.15276523,0.15077335,0.1488547,0.14699931,0.14519714,0.14343828,0.14171268,0.14001036,0.13832137,0.13663574,0.13494343,0.13323444,0.13149886,0.12972668,0.12790787,0.12603249,0.12409055,0.12207206,0.11996704,0.11776549,0.11565097,0.11380491,0.11221405,0.11086526,0.10974528,0.108840965,0.10813904,0.10762636,0.107289724,0.107115895,0.107091695,0.1072039,0.10743934,0.107784785,0.10822707
0.2500009,0.2503832,0.25070482,0.250956,0.25112718,0.25120875,0.25119117,0.2510648,0.25082,0.25044724,0.24993688,0.24927934,0.24846502,0.2474843,0.24632765,0.24498533,0.24344787,0.24187817,0.24043663,0.23911008,0.23788524,0.23674878,0.2356875,0.2346881,0.2337374,0.23282203,0.23192877,0.23104434,0.23015548,0.22924896,0.2283115,0.22732976,0.2262906,0.2251807,0.22398682,0.2226956,0.22129393,0.21976839,0.21810581,0.2162929,0.21431644,0.2121631,0.20981966,0.20727284,0.20450936,0.20151597,0.19827944,0.19478644,0.19102375,0.18722259,0.18361661,0.18019621,0.17695178,0.17387377,0.17095251,0.16817845,0.165542,0.16303352,0.16064344,0.15836212,0.15618,0.1540875,0.15207498,0.15013282,0.1482515,0.14642137,0.14463283,0.14287627,0.14114211,0.13942075,0.13770261,0.13597806,0.13423754,0.13247137,0.13067003,0.12882389,0.12692335,0.12495883,0.12292071,0.120799385,0.11858527,0.11646085,0.11460612,0.11300781,0.11165269,0.11052747,0.109618895,0.10891369,0.108398624,0.1080604,0.10788575,0.107861444,0.10797417,0.10821073,0.10855779,0.109002136
0.24859385,0.24895836,0.24926493,0.24950442,0.24966758,0.24974538,0.24972862,0.24960811,0.24937475,0.2490194,0.24853285,0.24790595,0.24712959,0.24619462,0.24509187,0.24381219,0.24234645,0.24085347,0.23948947,0.238241,0.23709479,0.23603746,0.23505574,0.23413621,0.23326562,0.23243056,0.23161775,0.23081382,0.23000543,0.22917926,0.22832201,0.22742027,0.22646077,0.22543013,0.224315,0.22310208,0.2217781,0.22032963,0.2187433,0.21700586,0.21510397,0.21302424,0.21075338,0.20827805,0.20558491,0.20266058,0.19949178,0.19606517,0.19236736,0.18862565,0.18507002,0.1816913,0.17848039,0.17542805,0.17252523,0.16976273,0.16713136,0.16462204,0.1622256,0.15993287,0.15773466,0.15562192,0.15358542,0.15161604,0.14970462,0.147842,0.14601901,0.14422654,0.14245544,0.14069656,0.13894068,0.13717873,0.13540153,0.1335999,0.13176475,0.12988687,0.12795715,0.1259664,0.12390548,0.121765286,0.1195366,0.11740067,0.11553588,0.11392894,0.112566456,0.11143515,0.110521644,0.10981265,0.109294765,0.108954705,0.10877913,0.10875467,0.10886802,0.109105825,0.1094548,0.10990155
0.24698219,0.24732628,0.24761568,0.24784173,0.24799578,0.2480692,0.24805334,0.24793962,0.24771932,0.24738388,0.24692458,0.24633284,0.2456,0.24471742,0.24367645,0.24246848,0.24108486,0.23967986,0.23840457,0.23724556,0.23618942,0.23522274,0.23433208,0.23350407,0.23272525,0.23198219,0.2312615,0.23054978,0.22983356,0.22909945,0.22833404,0.22752391,0.22665563,0.22571576,0.22469096,0.22356774,0.2223327,0.22097242,0.2194735,0.21782249,0.21600601,0.21401061,0.2118229,0.20942944,0.20681682,0.20397162,0.20088041,0.19752981,0.19390637,0.19023274,0.18673477,0.1834038,0.18023123,0.17720838,0.17432661,0.17157733,0.16895187,0.16644156,0.16403782,0.16173199,0.15951541,0.15737946,0.1553155,0.15331489,0.151369,0.14946917,0.14760678,0.14577317,0.14395976,0.14215782,0.14035878,0.13855398,0.13673478,0.13489255,0.13301863,0.13110441,0.12914126,0.12712048,0.12503348,0.12287162,0.12062625,0.118477136,0.116600856,0.11498398,0.113613114,0.112474814,0.11155568,0.110842295,0.11032123,0.10997907,0.1098024,0.1097778,0.10989186,0.110131145,0.110482246,0.110931754
0.24532406,0.24564606,0.24591683,0.24612834,0.2462725,0.24634118,0.24632639,0.24621995,0.24601382,0.24569988,0.24527015,0.2447165,0.24403073,0.2432049,0.24223088,0.24110056,0.2398059,0.2384962,0.23731726,0.23625544,0.2352973,0.2344293,0.23363791,0.2329096,0.2322309,0.23158824,0.23096812,0.23035699,0.22974138,0.22910772,0.22844253,0.22773226,0.22696342,0.22612245,0.22519583,0.22417009,0.22303167,0.22176705,0.22036274,0.2188052,0.21708086,0.21517628,0.21307789,0.21077219,0.20824565,0.20548473,0.20247598,0.19920582,0.1956607,0.19205852,0.18862072,0.18533914,0.18220581,0.17921256,0.17635131,0.17361405,0.17099263,0.16847897,0.16606502,0.16374269,0.16150387,0.15934049,0.15724449,0.15520778,0.15322222,0.15127979,0.14937237,0.14749193,0.14563031,0.1437795,0.1419314,0.14007787,0.13821088,0.13632233,0.13440418,0.13244824,0.13044654,0.12839094,0.12627336,0.12408576,0.12182001,0.119654454,0.11776381,0.11613458,0.11475322,0.11360621,0.112680055,0.11196121,0.11143615,0.111091375,0.110913366,0.11088857,0.11100349,0.11124461,0.11159841,0.11205135
0.24377671,0.24407591,0.24432755,0.24452406,0.24465802,0.24472183,0.2447081,0.24460919,0.24441768,0.24412596,0.24372663,0.24321213,0.24257495,0.2418076,0.24090253,0.23985223,0.23864923,0.2374379,0.23635848,0.23539743,0.23454103,0.23377562,0.23308758,0.23246323,0.23188896,0.23135109,0.23083597,0.23032992,0.22981939,0.22929059,0.22872995,0.22812381,0.22745852,0.22672045,0.22589587,0.22497122,0.22393276,0.22276694,0.22146004,0.21999843,0.21836843,0.21655644,0.21454878,0.21233176,0.20989184,0.20721523,0.2042884,0.20109758,0.19762924,0.19409642,0.19071628,0.18748139,0.18438423,0.18141718,0.17857288,0.17584372,0.17322221,0.17070086,0.16827215,0.16592854,0.16366257,0.16146669,0.15933338,0.1572552,0.15522456,0.15323402,0.15127595,0.14934298,0.14742748,0.14552203,0.14361908,0.14171116,0.13979068,0.13785012,0.13588211,0.13387899,0.13183336,0.12973763,0.12758431,0.1253659,0.12307488,0.12088838,0.1189795,0.11733451,0.11593979,0.114781715,0.11384659,0.113120794,0.112590685,0.11224256,0.112062834,0.1120378,0.11215383,0.11239729,0.112754494,0.1132118
0.2423287,0.24260451,0.24283642,0.24301758,0.24314104,0.2431999,0.24318722,0.24309608,0.24291952,0.24265066,0.24228251,0.24180824,0.2412209,0.2405135,0.23967925,0.23871106,0.23760213,0.23649183,0.23551501,0.23465785,0.23390652,0.23324724,0.23266622,0.23214965,0.23168364,0.23125452,0.23084839,0.23045146,0.23004991,0.22962998,0.2291778,0.22867966,0.22812162,0.22748996,0.22677086,0.22595051,0.22501509,0.22395085,0.22274387,0.22138047,0.21984671,0.21812893,0.21621318,0.21408577,0.21173283,0.20914052,0.2062952,0.20318283,0.19978979,0.19632438,0.19299985,0.18980913,0.18674536,0.18380159,0.18097092,0.1782464,0.17562108,0.17308815,0.17064057,0.16827147,0.16597387,0.16374098,0.1615657,0.15944125,0.15736061,0.15531693,0.15330325,0.15131262,0.14933817,0.14737295,0.14541002,0.14344247,0.1414634,0.1394659,0.13744295,0.13538769,0.13329326,0.13115261,0.12895893,0.12670518,0.12438456,0.12217312,0.12024244,0.118578665,0.11716805,0.115996756,0.11505097,0.11431688,0.1137807,0.11342864,0.11324682,0.113221526,0.11333887,0.1135851,0.1139464,0.11440893
0.2409685,0.24122033,0.24143218,0.24159762,0.24171041,0.24176413,0.24175252,0.24166931,0.24150805,0.2412625,0.24092634,0.24049322,0.23995681,0.23931083,0.23854887,0.23766471,0.23665203,0.23564515,0.23477346,0.234023,0.23337975,0.23282972,0.23235896,0.23195347,0.23159927,0.2312823,0.23098867,0.2307044,0.23041545,0.23010784,0.22976759,0.22938073,0.22893326,0.2284112,0.22780062,0.22708742,0.2262577,0.22529747,0.22419272,0.22292945,0.22149369,0.21987149,0.21804883,0.21601173,0.21374618,0.21123827,0.20847394,0.20543921,0.20212017,0.19872063,0.19544967,0.19230098,0.18926816,0.18634498,0.18352504,0.18080209,0.17816977,0.1756217,0.17315167,0.17075329,0.16842026,0.1661462,0.16392489,0.1617499,0.15961497,0.15751374,0.15543996,0.15338722,0.1513492,0.1493197,0.14729226,0.14526062,0.1432184,0.14115936,0.1390771,0.13696536,0.13481778,0.13262805,0.13038987,0.12809683,0.12574272,0.123502776,0.12154718,0.11986198,0.11843317,0.11724678,0.11628878,0.11554524,0.11500214,0.11464553,0.11446139,0.11443575,0.11455463,0.11480402,0.11516997,0.11563848
0.23968475,0.23991223,0.2401035,0.24025294,0.24035478,0.24040331,0.24039286,0.24031764,0.24017201,0.23995027,0.23964664,0.23925543,0.23877102,0.23818755,0.23749943,0.23670086,0.23578621,0.23488484,0.23412059,0.23347928,0.23294666,0.2325086,0.23215094,0.23185943,0.23161991,0.23141827,0.23124024,0.23107159,0.23089834,0.23070611,0.23048076,0.23020819,0.22987416,0.22946447,0.22896491,0.22836138,0.22763972,0.22678564,0.22578503,0.22462367,0.22328736,0.22176202,0.22003333,0.2180872,0.21590945,0.21348584,0.21080224,0.20784444,0.20459826,0.20126309,0.19804408,0.19493549,0.19193155,0.18902661,0.18621497,0.18349087,0.1808486,0.17828256,0.17578688,0.17335592,0.17098401,0.16866535,0.16639428,0.16416512,0.16197215,0.1598096,0.15767181,0.15555304,0.15344761,0.1513498,0.1492539,0.14715417,0.1450449,0.14292043,0.14077504,0.13860294,0.13639854,0.13415603,0.13186978,0.129534,0.12714304,0.124871455,0.122888304,0.12117931,0.11973034,0.11852719,0.11755568,0.11680166,0.116250895,0.115889244,0.11570252,0.11567652,0.11579704,0.116049975,0.11642109,0.1168962
0.23846585,0.23866855,0.23883899,0.23897216,0.2390629,0.23910616,0.23909682,0.23902981,0.23890004,0.23870249,0.23843192,0.23808336,0.23765168,0.23713182,0.23651865,0.23580708,0.23499207,0.234198,0.23354311,0.23301296,0.23259322,0.23226944,0.2320272,0.23185222,0.23172995,0.2316461,0.23158625,0.23153602,0.23148097,0.23140669,0.23129886,0.23114301,0.23092481,0.23062985,0.23024361,0.2297519,0.2291402,0.22839414,0.22749928,0.22644131,0.22520573,0.22377826,0.2221444,0.22028983,0.2182001,0.21586083,0.21325766,0.21037613,0.20720187,0.20392992,0.20076141,0.19769125,0.19471443,0.19182579,0.18902025,0.18629278,0.18363819,0.18105148,0.17852753,0.17606126,0.17364754,0.17128131,0.16895752,0.16667104,0.16441676,0.16218963,0.15998454,0.15779641,0.15562019,0.15345076,0.15128297,0.14911182,0.14693218,0.144739,0.14252713,0.14029151,0.13802709,0.13572872,0.13339134,0.13100986,0.12857918,0.1262734,0.124260314,0.12252555,0.121054746,0.11983347,0.11884733,0.11808193,0.11752287,0.11715576,0.1169662,0.11693983,0.11706218,0.11731891,0.11769562,0.1181779
0.23730049,0.23747808,0.23762737,0.23774406,0.23782355,0.23786147,0.23785326,0.2377946,0.23768088,0.23750778,0.23727076,0.23696539,0.23658714,0.23613168,0.23559442,0.23497096,0.23425695,0.2335716,0.23302764,0.23261046,0.23230533,0.23209773,0.23197295,0.23191647,0.23191355,0.23194967,0.23201016,0.2320804,0.23214573,0.23219158,0.23220333,0.23216633,0.23206593,0.23188761,0.23161657,0.23123837,0.23073824,0.23010167,0.22931398,0.22836058,0.22722681,0.22589804,0.2243597,0.22259712,0.22059567,0.21834072,0.21581773,0.21301198,0.2099089,0.20669909,0.20357992,0.20054694,0.19759572,0.19472177,0.1919206,0.18918781,0.18651892,0.18390952,0.18135503,0.17885113,0.17639326,0.17397703,0.17159794,0.16925153,0.16693334,0.16463901,0.16236393,0.16010371,0.15785389,0.15561005,0.15336767,0.15112232,0.14886954,0.14660488,0.14432386,0.14202206,0.13969499,0.13733816,0.13494717,0.13251755,0.13004485,0.12770262,0.12565777,0.12389565,0.1224016,0.12116104,0.12015931,0.11938184,0.118813954,0.118441045,0.11824851,0.118221685,0.118346,0.1186068,0.118989445,0.11947931
0.23617712,0.23632932,0.23645732,0.23655732,0.2366255,0.23665798,0.236651,0.23660067,0.2365032,0.23635478,0.23615158,0.23588979,0.23556563,0.23517519,0.2347147,0.23418032,0.23356819,0.2329928,0.23256102,0.23225802,0.23206897,0.23197904,0.23197328,0.23203689,0.232155,0.23231272,0.23249523,0.23268764,0.23287508,0.23304272,0.23317567,0.23325908,0.23327813,0.23321788,0.23306352,0.23280016,0.23241298,0.23188712,0.23120762,0.2303597,0.22932854,0.2280992,0.22665687,0.2249866,0.22307362,0.22090308,0.21846005,0.21572968,0.21269716,0.20954871,0.20647797,0.2034811,0.2005543,0.19769375,0.19489561,0.19215606,0.18947132,0.18683751,0.18425082,0.18170746,0.17920357,0.17673537,0.174299,0.17189068,0.16950652,0.1671428,0.16479559,0.16246115,0.1601356,0.1578152,0.15549602,0.1531743,0.15084623,0.14850797,0.14615566,0.14378555,0.14139375,0.13897651,0.13652998,0.13405028,0.13153368,0.12915336,0.12707524,0.12528442,0.12376608,0.12250534,0.12148732,0.120697185,0.12012006,0.119741105,0.119545415,0.119518176,0.1196445,0.119909525,0.1202984,0.12079628
0.23508431,0.23521097,0.2353175,0.23540069,0.23545744,0.23548447,0.23547864,0.23543674,0.23535569,0.23523217,0.23506309,0.23484522,0.23457545,0.23425053,0.23386729,0.23342258,0.2329132,0.23244846,0.23212981,0.23194204,0.23187011,0.23189887,0.23201324,0.23219816,0.23243847,0.23271902,0.23302478,0.23334058,0.23365135,0.233942,0.23419738,0.23440242,0.23454203,0.23460099,0.23456429,0.23441684,0.23414345,0.23372908,0.23315865,0.23241694,0.23148896,0.23035952,0.22901356,0.22743598,0.22561161,0.22352539,0.22116219,0.21850693,0.2155445,0.21245682,0.20943384,0.20647235,0.20356914,0.20072104,0.19792487,0.19517756,0.19247575,0.18981637,0.18719621,0.18461208,0.18206084,0.17953926,0.17704421,0.17457245,0.17212085,0.16968621,0.16726533,0.16485512,0.16245224,0.16005367,0.15765613,0.15525644,0.15285149,0.15043807,0.14801295,0.14557303,0.14311506,0.14063591,0.13813235,0.13560122,0.13303939,0.1306197,0.12850724,0.12668684,0.1251434,0.123861805,0.12282695,0.12202376,0.121437095,0.12105186,0.120852955,0.12082527,0.12095364,0.12122308,0.12161838,0.12212449
0.23401056,0.23411155,0.23419656,0.23426291,0.23430812,0.23432967,0.23432502,0.23429169,0.234227,0.2341285,0.23399363,0.23381996,0.2336048,0.23334569,0.23304006,0.23268543,0.23227926,0.23192577,0.23172075,0.23164883,0.23169468,0.23184286,0.23207806,0.23238495,0.23274818,0.23315234,0.23358211,0.23402211,0.23445697,0.23487137,0.23524995,0.2355773,0.23583812,0.23601703,0.23609874,0.23606777,0.2359088,0.2356065,0.23514552,0.2345105,0.23368607,0.23265682,0.23140748,0.2299227,0.22818698,0.22618513,0.22390172,0.22132137,0.21842878,0.2154015,0.21242589,0.20949924,0.2066191,0.20378292,0.20098814,0.1982323,0.19551279,0.19282705,0.19017263,0.18754694,0.18494748,0.18237163,0.17981696,0.17728089,0.17476088,0.17225438,0.16975892,0.16727185,0.1647907,0.16231298,0.15983607,0.15735748,0.15487467,0.15238507,0.14988619,0.14737551,0.1448504,0.14230841,0.13974698,0.13716355,0.13455562,0.13209581,0.12994835,0.12809774,0.1265287,0.12522587,0.12417386,0.12335737,0.12276097,0.12236936,0.12216713,0.12213898,0.122269526,0.12254341,0.12294526,0.12345971
0.23294447,0.2330198,0.23308317,0.23313263,0.23316632,0.2331824,0.23317894,0.23315403,0.23310584,0.23303238,0.2329319,0.23280239,0.23264198,0.23244882,0.23222096,0.23195656,0.23165375,0.23141171,0.23132057,0.23136474,0.23152854,0.23179647,0.23215279,0.232582,0.23306844,0.23359647,0.23415056,0.23471507,0.23527433,0.2358128,0.23631486,0.23676483,0.23714721,0.23744634,0.23764661,0.23773243,0.23768808,0.23749807,0.23714678,0.23661856,0.23589782,0.23496892,0.23381633,0.23242435,0.2307774,0.22885989,0.2266562,0.22415069,0.22132781,0.21836086,0.21543233,0.21254042,0.2096831,0.20685862,0.20406497,0.20130031,0.19856279,0.19585045,0.19316144,0.19049387,0.18784581,0.18521543,0.18260075,0.18,0.17741118,0.17483248,0.17226198,0.16969775,0.16713792,0.16458064,0.16202398,0.15946606,0.15690497,0.15433888,0.15176584,0.14918396,0.14659138,0.14398618,0.1413665,0.13873044,0.1360761,0.13357587,0.13139306,0.12951204,0.12791722,0.126593,0.1255237,0.12469373,0.12408756,0.12368949,0.12348397,0.123455375,0.123588026,0.12386642,0.12427488,0.12479781
0.23187459,0.23192422,0.23196593,0.23199855,0.23202078,0.23203138,0.23202907,0.23201269,0.2319809,0.23193252,0.23186629,0.23178093,0.23167524,0.23154795,0.23139778,0.23122354,0.23102403,0.23089334,0.23091596,0.23107609,0.23135778,0.23174523,0.23222257,0.23277391,0.23338343,0.23403521,0.23471345,0.2354023,0.23608583,0.2367482,0.23737359,0.2379461,0.23844986,0.23886904,0.23918773,0.23939015,0.23946036,0.23938254,0.23914081,0.23871937,0.23810224,0.23727362,0.23621769,0.23491853,0.2333603,0.23152716,0.2294032,0.22697257,0.22421946,0.22131285,0.2184316,0.21557443,0.21274011,0.20992738,0.20713502,0.2043617,0.2016063,0.19886751,0.19614406,0.19343473,0.1907383,0.1880535,0.18537906,0.18271373,0.18005636,0.1774056,0.17476025,0.17211904,0.16948076,0.16684411,0.16420789,0.16157085,0.15893172,0.15628926,0.15364225,0.15098943,0.14832954,0.14566134,0.14298357,0.14029501,0.13759443,0.13505393,0.13283598,0.13092467,0.12930416,0.12795857,0.12687205,0.12602875,0.12541278,0.12500831,0.124799475,0.1247704,0.12490521,0.12518805,0.12560312,0.12613447
0.23078944,0.23081344,0.23083365,0.23084944,0.23086022,0.23086537,0.23086423,0.23085628,0.23084088,0.23081745,0.23078538,0.23074405,0.23069286,0.2306312,0.23055848,0.2304741,0.23037745,0.23035765,0.23049362,0.2307692,0.23116829,0.23167476,0.23227246,0.23294537,0.2336774,0.23445234,0.23525412,0.23606668,0.23687385,0.23765951,0.23840764,0.239102,0.23972665,0.24026532,0.24070202,0.2410205,0.2412048,0.24123877,0.24110621,0.2407911,0.2402773,0.23954874,0.23858933,0.23738281,0.23591326,0.23416442,0.2321203,0.2297647,0.22708157,0.2242356,0.22140193,0.21857995,0.215769,0.2129685,0.2101779,0.20739649,0.20462376,0.20185909,0.19910185,0.1963515,0.19360733,0.1908688,0.18813527,0.18540624,0.18268096,0.17995894,0.17723952,0.17452213,0.17180613,0.16909094,0.16637595,0.16366057,0.16094415,0.15822615,0.15550593,0.15278287,0.15005644,0.14732595,0.14459087,0.14185055,0.13910434,0.1365242,0.1342716,0.13233046,0.13068466,0.12931806,0.12821458,0.12735812,0.12673256,0.12632176,0.12610964,0.12608014,0.12621707,0.12650435,0.12692583,0.12746553
0.22967748,0.22967611,0.22967495,0.22967404,0.22967343,0.22967313,0.22967319,0.22967362,0.22967452,0.22967587,0.22967775,0.22968014,0.22968307,0.22968663,0.22969088,0.22969575,0.22970131,0.22979176,0.23004025,0.23043045,0.23094596,0.2315705,0.23228766,0.23308118,0.23393457,0.23483159,0.2357559,0.23669109,0.23762079,0.23852868,0.2393985,0.24021378,0.24095818,0.24161546,0.24216914,0.2426029,0.24290042,0.24304536,0.24302134,0.24281198,0.24240108,0.24177212,0.24090879,0.23979476,0.23841372,0.23674925,0.23478504,0.23250474,0.22989197,0.22710717,0.22432166,0.22153549,0.21874866,0.21596123,0.21317323,0.21038471,0.20759565,0.20480615,0.20201625,0.19922592,0.19643521,0.19364421,0.1908529,0.18806137,0.18526958,0.18247761,0.1796855,0.17689323,0.17410094,0.17130858,0.16851619,0.16572385,0.16293156,0.16013935,0.15734726,0.15455541,0.15176368,0.1489722,0.14618099,0.14339007,0.14059952,0.13798076,0.13569453,0.13372436,0.13205394,0.13066693,0.12954696,0.1286777,0.12804274,0.12762584,0.12741058,0.12738058,0.12751955,0.12781113,0.12823895,0.1287867
0.22852743,0.2285008,0.22847845,0.22846098,0.22844906,0.2284434,0.2284446,0.22845343,0.22847041,0.22849633,0.22853184,0.22857758,0.22863421,0.22870238,0.22878283,0.22887619,0.22898307,0.22918266,0.22954252,0.23004611,0.23067681,0.23141806,0.23225324,0.23316579,0.2341392,0.23515677,0.23620203,0.23725829,0.23830907,0.2393377,0.24032766,0.24126233,0.24212518,0.24289957,0.24356899,0.24411675,0.2445264,0.24478124,0.24486475,0.24476036,0.24445143,0.24392149,0.24315383,0.24213196,0.24083926,0.23925911,0.23737504,0.23517036,0.23262854,0.22990562,0.2271691,0.2244197,0.22165805,0.21888486,0.21610074,0.21330635,0.21050245,0.2076896,0.2048686,0.20203996,0.19920443,0.19636267,0.19351538,0.19066319,0.18780676,0.18494676,0.1820839,0.17921877,0.17635211,0.17348453,0.17061676,0.16774943,0.16488323,0.16201876,0.15915678,0.15629789,0.15344281,0.15059218,0.14774662,0.1449069,0.1420736,0.13941787,0.13709925,0.13510126,0.13340719,0.13200057,0.13086478,0.12998322,0.12933931,0.12891649,0.12869819,0.12866777,0.12880872,0.12910438,0.12953828,0.13009374
0.22732763,0.22727615,0.22723284,0.22719902,0.22717597,0.22716498,0.22716735,0.22718439,0.22721738,0.22726752,0.22733624,0.2274248,0.22753443,0.22766651,0.22782226,0.228003,0.22821,0.22851741,0.22898722,0.2296026,0.23034678,0.23120297,0.23215435,0.23318413,0.23427553,0.23541169,0.23657586,0.23775128,0.23892102,0.24006842,0.24117658,0.24222879,0.24320817,0.24409796,0.24488132,0.24554156,0.24606173,0.24642512,0.2466149,0.2466143,0.24640654,0.24597473,0.24530214,0.24437195,0.24316736,0.24167162,0.2398678,0.23773925,0.23526911,0.23260893,0.22992258,0.22721118,0.2244761,0.22171858,0.21893996,0.2161415,0.21332456,0.2104904,0.20764025,0.2047755,0.20189737,0.19900714,0.19610612,0.19319572,0.19027707,0.18735154,0.1844204,0.18148498,0.17854653,0.17560636,0.17266572,0.16972597,0.1667884,0.16385423,0.16092482,0.15800144,0.1550854,0.15217794,0.14928043,0.14639412,0.14352028,0.1408295,0.13848037,0.13645601,0.13473965,0.13331445,0.13216367,0.13127048,0.13061811,0.1301897,0.12996852,0.12993772,0.13008052,0.13038011,0.1308197,0.13138248
0.22606675,0.22599074,0.22592682,0.22587685,0.22584283,0.22582658,0.22583011,0.22585525,0.2259039,0.22597806,0.22607948,0.22621019,0.22637208,0.22656706,0.226797,0.22706386,0.22736949,0.22778304,0.22836094,0.2290862,0.22994179,0.23091076,0.23197606,0.23312074,0.23432776,0.23558007,0.23686072,0.23815277,0.2394391,0.2407028,0.24192682,0.24309415,0.24418779,0.24519077,0.246086,0.2468566,0.24748549,0.24795574,0.24825026,0.24835205,0.24824421,0.2479096,0.24733132,0.24649233,0.24537557,0.24396417,0.24224098,0.24018914,0.23779151,0.23519537,0.23256035,0.22988848,0.22718163,0.2244417,0.2216706,0.21887027,0.21604253,0.21318938,0.21031268,0.20741434,0.2044963,0.20156047,0.1986087,0.19564296,0.19266511,0.18967709,0.18668084,0.18367818,0.18067107,0.17766142,0.17465115,0.17164215,0.16863632,0.16563562,0.16264185,0.15965702,0.15668303,0.15372172,0.15077506,0.14784493,0.14493324,0.14220995,0.13983238,0.13778354,0.13604642,0.134604,0.13343932,0.13253534,0.13187505,0.13144146,0.1312176,0.13118643,0.13133095,0.13163418,0.1320791,0.13264868
0.22473331,0.22463322,0.224549,0.22448325,0.22443844,0.22441709,0.22442167,0.22445478,0.22451891,0.22461644,0.22475006,0.2249222,0.2251354,0.22539215,0.22569498,0.2260464,0.2264489,0.2269666,0.22765043,0.22848324,0.22944783,0.23052698,0.23170356,0.2329603,0.23428011,0.23564571,0.23703998,0.23844571,0.23984575,0.24122281,0.2425598,0.24383947,0.24504465,0.24615817,0.2471629,0.24804151,0.24877691,0.2493519,0.24974933,0.24995193,0.24994247,0.24970396,0.24921903,0.24847063,0.24744138,0.24611427,0.24447206,0.24249756,0.24017356,0.23764272,0.2350608,0.23243023,0.22975364,0.22703348,0.22427227,0.22147252,0.21863675,0.21576747,0.2128672,0.20993845,0.20698376,0.20400557,0.20100646,0.1979889,0.19495545,0.1919086,0.18885082,0.18578471,0.18271269,0.17963736,0.17656116,0.17348666,0.17041637,0.16735272,0.16429833,0.16125564,0.15822724,0.15521553,0.15222313,0.1492525,0.14630616,0.14355329,0.14114988,0.13907875,0.13732272,0.13586466,0.1346873,0.13377349,0.13310605,0.13266775,0.13244146,0.13240993,0.13255607,0.13286257,0.1333123,0.13388808
0.22331583,0.22319213,0.22308812,0.22300687,0.22295152,0.22292513,0.22293082,0.2229717,0.22305085,0.22317144,0.22333653,0.22354923,0.22381264,0.22412987,0.22450402,0.22493821,0.22543555,0.22605512,0.22684242,0.2277801,0.22885083,0.23003718,0.23132184,0.23268753,0.23411684,0.23559245,0.23709686,0.23861295,0.24012321,0.24161033,0.24305701,0.2444458,0.24575946,0.24698052,0.2480917,0.2490756,0.24991494,0.25059244,0.25109053,0.251392,0.25147948,0.2513356,0.25094298,0.25028437,0.24934235,0.24809961,0.24653867,0.24464229,0.24239318,0.23992924,0.23740219,0.23481508,0.23217103,0.22947316,0.22672461,0.22392844,0.22108771,0.21820568,0.21528524,0.2123297,0.20934202,0.20632538,0.20328285,0.20021759,0.19713263,0.19403113,0.19091617,0.18779084,0.1846583,0.1815216,0.17838386,0.17524819,0.17211771,0.16899548,0.16588469,0.16278836,0.15970962,0.15665157,0.15361735,0.15061001,0.1476327,0.14485365,0.14242734,0.14033653,0.13856383,0.13709188,0.1359033,0.13498083,0.134307,0.13386457,0.13363607,0.13360429,0.13375176,0.1340612,0.1345152,0.13509648
0.22180285,0.22165619,0.22153282,0.22143646,0.22137077,0.22133948,0.22134624,0.22139475,0.22148862,0.22163163,0.22182742,0.22207968,0.22239207,0.22276829,0.22321203,0.22372699,0.22431679,0.22503564,0.22592355,0.22696306,0.22813666,0.2294269,0.23081619,0.2322871,0.2338222,0.23540393,0.2370148,0.23863736,0.24025403,0.2418474,0.24339996,0.24489424,0.2463127,0.24763788,0.24885227,0.2499384,0.25087884,0.251656,0.25225243,0.2526506,0.2528331,0.25278232,0.2524809,0.25191128,0.25105602,0.2498975,0.24841838,0.24660107,0.24442819,0.24203295,0.23956284,0.2370215,0.23441269,0.23174006,0.22900723,0.22621799,0.22337592,0.22048476,0.21754822,0.21456993,0.21155357,0.20850283,0.20542143,0.20231304,0.19918129,0.1960299,0.19286256,0.18968296,0.18649474,0.18330164,0.18010731,0.17691542,0.17372967,0.17055373,0.1673913,0.16424608,0.1611217,0.15802188,0.1549503,0.15191063,0.14890654,0.14610516,0.1436594,0.14155178,0.13976483,0.13828105,0.13708296,0.13615303,0.1354738,0.1350278,0.1347975,0.13476545,0.13491412,0.13522601,0.1356837,0.13626967
0.22018294,0.22001389,0.21987177,0.21976073,0.21968506,0.21964896,0.21965672,0.21971259,0.21982081,0.2199856,0.22021122,0.22050196,0.22086196,0.22129552,0.22180685,0.2224003,0.22308001,0.2238952,0.22488056,0.2260185,0.22729138,0.22868167,0.23017162,0.23174374,0.23338044,0.23506401,0.23677701,0.23850171,0.2402205,0.24191587,0.24357013,0.24516577,0.24668507,0.2481105,0.24942447,0.25060934,0.2516475,0.2525214,0.25321335,0.2537059,0.2539813,0.25402197,0.25381038,0.25332883,0.25255975,0.25148562,0.2500887,0.2483515,0.24625638,0.24393187,0.24152103,0.23902822,0.23645757,0.23381335,0.23109983,0.22832122,0.22548182,0.22258581,0.21963748,0.21664102,0.21360074,0.21052083,0.20740555,0.20425917,0.20108593,0.19789001,0.19467576,0.19144735,0.188209,0.18496501,0.1817196,0.17847703,0.17524153,0.17201732,0.16880873,0.1656199,0.16245511,0.15931864,0.15621467,0.15314752,0.15012139,0.14730197,0.14484052,0.14271937,0.14092095,0.13942768,0.13822187,0.13728598,0.13660242,0.13615353,0.13592175,0.1358895,0.13603911,0.13635303,0.13681364,0.13740331
0.21844465,0.21825397,0.21809359,0.21796831,0.21788296,0.21784228,0.21785104,0.2179141,0.21803616,0.218222,0.21847653,0.21880448,0.21921055,0.21969962,0.22027643,0.22094582,0.22171251,0.2226209,0.22370018,0.22493275,0.22630093,0.22778697,0.22937323,0.23104209,0.23277573,0.23455656,0.2363668,0.2381889,0.2400051,0.24179769,0.24354905,0.2452414,0.24685717,0.24837862,0.249788,0.25106776,0.25220016,0.25316745,0.25395203,0.25453612,0.25490212,0.2550323,0.25490904,0.25451455,0.2538312,0.25284138,0.25152728,0.24987125,0.24785565,0.24560411,0.24325518,0.24081375,0.23828454,0.23567234,0.23298198,0.23021822,0.22738586,0.22448964,0.22153437,0.2185249,0.21546592,0.21236227,0.20921874,0.2060401,0.20283115,0.19959666,0.19634145,0.19307023,0.18978788,0.18649915,0.18320885,0.1799217,0.17664252,0.17337611,0.17012729,0.16690077,0.16370142,0.16053392,0.15740316,0.15431389,0.15127088,0.1484383,0.14596531,0.14383423,0.14202741,0.14052713,0.13931568,0.1383754,0.13768867,0.13723768,0.1370048,0.1369724,0.1371227,0.1374381,0.13790086,0.13849331
0.21657644,0.21636489,0.216187,0.21604808,0.21595334,0.2159082,0.21591796,0.21598788,0.21612328,0.21632949,0.21661183,0.21697564,0.21742608,0.21796867,0.21860857,0.21935114,0.22020172,0.22119966,0.22236903,0.22369215,0.22515117,0.22672844,0.22840622,0.23016672,0.23199235,0.2338652,0.2357676,0.2376818,0.23959014,0.24147484,0.24331808,0.24510233,0.24680969,0.24842241,0.24992286,0.25129324,0.2525158,0.25357285,0.25444666,0.25511947,0.25557357,0.2557912,0.2557546,0.25544608,0.2548479,0.2539423,0.2527116,0.25113803,0.24920382,0.24702767,0.2447435,0.24235672,0.2398725,0.23729631,0.23463334,0.23188892,0.22906849,0.22617716,0.22322036,0.22020337,0.21713151,0.21401007,0.2108444,0.20763978,0.20440154,0.20113494,0.19784535,0.19453804,0.19121838,0.18789163,0.18456309,0.1812381,0.17792194,0.17461997,0.17133746,0.16807973,0.16485211,0.16165987,0.15850835,0.15540288,0.1523487,0.1495082,0.1470283,0.14489125,0.14307937,0.14157486,0.14036003,0.13941713,0.13872844,0.13827619,0.13804272,0.13801019,0.13816094,0.1384772,0.13894126,0.13953535
0.21456695,0.2143354,0.2141407,0.21398859,0.21388493,0.21383552,0.21384622,0.21392272,0.21407096,0.21429662,0.21460566,0.21500382,0.21549691,0.21609075,0.21679117,0.21760398,0.2185349,0.2196186,0.22087389,0.22228295,0.2238281,0.22549158,0.22725564,0.22910249,0.23101452,0.23297377,0.23496264,0.23696336,0.2389581,0.24092922,0.2428589,0.24472946,0.24652311,0.24822213,0.24980865,0.25126508,0.25257364,0.25371644,0.2546759,0.25543422,0.25597358,0.25627637,0.25632474,0.25610098,0.2555873,0.25476602,0.2536193,0.2521295,0.25027874,0.24818064,0.24596433,0.24363567,0.24120045,0.23866448,0.23603357,0.23331355,0.2305102,0.22762936,0.22467683,0.22165835,0.21857987,0.21544716,0.21226598,0.20904225,0.20578162,0.20249003,0.19917323,0.1958371,0.19248734,0.18912989,0.18577047,0.18241493,0.17906907,0.17573872,0.17242968,0.16914779,0.16589883,0.1626886,0.15952295,0.15640764,0.15334855,0.15050581,0.148024,0.14588532,0.14407203,0.14256637,0.14135058,0.14040697,0.13971773,0.13926516,0.13903148,0.13899891,0.13914977,0.13946629,0.1399307,0.14052528
0.21240467,0.21215406,0.21194328,0.21177866,0.21166645,0.211613,0.21162452,0.21170737,0.2118678,0.21211208,0.21244662,0.21287756,0.21341126,0.214054,0.21481211,0.2156918,0.2166995,0.21786478,0.21920139,0.2206916,0.22231767,0.22406197,0.22590666,0.22783405,0.22982642,0.23186608,0.23393525,0.23601624,0.2380913,0.2401428,0.2421529,0.24410394,0.24597815,0.24775788,0.24942535,0.25096282,0.25235257,0.25357696,0.2546181,0.25545847,0.25608027,0.2564657,0.2565972,0.25645682,0.25602695,0.2552899,0.2542279,0.25282332,0.25105828,0.2490411,0.24689603,0.24462928,0.24224724,0.23975612,0.23716229,0.23447192,0.23169143,0.22882706,0.22588506,0.22287175,0.21979348,0.21665649,0.21346703,0.21023147,0.20695604,0.20364706,0.2003108,0.19695361,0.1935817,0.19020145,0.18681906,0.18344091,0.1800732,0.17672229,0.17339443,0.17009594,0.16683309,0.16361219,0.16043955,0.15732138,0.15426408,0.15142535,0.14894702,0.14681134,0.14500059,0.14349703,0.14228296,0.14134066,0.14065242,0.14020044,0.13996707,0.13993458,0.14008524,0.14040132,0.14086507,0.14145882
0.2100781,0.20980942,0.20958348,0.20940696,0.20928665,0.20922934,0.20924172,0.20933051,0.2095025,0.20976447,0.21012309,0.21058512,0.21115734,0.21184647,0.21265925,0.21360244,0.2146828,0.21592517,0.2173383,0.21890439,0.22060588,0.22242506,0.22434433,0.22634599,0.22841236,0.23052585,0.23266876,0.23482348,0.23697226,0.23909749,0.24118155,0.24320675,0.2451554,0.24700993,0.24875261,0.25036582,0.25183192,0.25313312,0.25425196,0.2551706,0.2558715,0.25633705,0.25654942,0.25649112,0.25614432,0.25549152,0.25451505,0.25319713,0.25152025,0.24958713,0.24751684,0.24531613,0.24299182,0.24055052,0.23799913,0.23534426,0.2325927,0.22975123,0.22682655,0.22382544,0.22075464,0.2176209,0.21443087,0.21119146,0.20790929,0.20459118,0.2012438,0.19787395,0.19448839,0.1910938,0.18769698,0.18430462,0.18092355,0.17756043,0.1742221,0.17091517,0.16764653,0.16442282,0.16125081,0.15813729,0.15508896,0.1522609,0.14979185,0.14766416,0.1458602,0.14436227,0.14315279,0.142214,0.14152834,0.14107805,0.1408456,0.1408132,0.1409633,0.14127818,0.1417402,0.14233172
0.20757586,0.20729017,0.2070499,0.20686224,0.20673433,0.2066734,0.20668653,0.20678096,0.20696385,0.20724237,0.2076237,0.208115,0.20872343,0.20945624,0.21032047,0.21132341,0.21247217,0.21378689,0.21527123,0.21690767,0.2186786,0.22056647,0.22255382,0.22462305,0.22675659,0.22893691,0.23114651,0.2333678,0.23558326,0.23777527,0.23992635,0.24201901,0.24403556,0.24595855,0.24777043,0.24945362,0.2509906,0.2523638,0.2535557,0.2545488,0.2553254,0.2558681,0.25615934,0.25618145,0.255917,0.25534847,0.25445825,0.25322878,0.25164253,0.24979675,0.24780513,0.24567482,0.24341306,0.24102692,0.23852368,0.23591049,0.23319449,0.23038279,0.22748269,0.22450128,0.22144575,0.2183233,0.21514109,0.21190625,0.20862602,0.20530753,0.20195793,0.19858445,0.19519421,0.19179446,0.18839228,0.18499485,0.18160944,0.17824313,0.17490308,0.17159653,0.16833065,0.16511257,0.16194946,0.15884851,0.15581691,0.1530066,0.15055305,0.14843872,0.14664611,0.1451576,0.14395566,0.14302282,0.14234145,0.141894,0.14166299,0.14163083,0.14177996,0.14209288,0.14255202,0.1431398
0.2048865,0.2045849,0.20433126,0.20413317,0.20399813,0.20393379,0.20394766,0.20404735,0.20424043,0.20453443,0.20493694,0.20545557,0.20609783,0.20687136,0.20778365,0.20884235,0.21005496,0.21143694,0.21298698,0.21468773,0.21652174,0.21847175,0.22052024,0.22264989,0.22484328,0.22708304,0.22935179,0.23163214,0.23390666,0.23615806,0.23836882,0.24052165,0.24259913,0.24458386,0.24645849,0.2482056,0.24980782,0.2512477,0.25250798,0.25357118,0.2544199,0.25503674,0.2554044,0.25550544,0.25532252,0.25483814,0.25403506,0.25289577,0.2514029,0.24964803,0.24773917,0.24568391,0.24348985,0.24116464,0.23871571,0.23615068,0.23347712,0.23070267,0.22783479,0.22488114,0.22184923,0.21874668,0.21558103,0.21235986,0.20909074,0.20578127,0.20243892,0.19907139,0.19568616,0.19229086,0.18889305,0.18550026,0.18212007,0.17876013,0.1754279,0.17213103,0.16887704,0.16567354,0.16252808,0.15944825,0.15644157,0.1536566,0.1512252,0.14912996,0.14735346,0.14587842,0.14468732,0.14376287,0.14308763,0.14264424,0.14241529,0.14238344,0.14253122,0.14284132,0.14329627,0.1438788
0.2019985,0.20168224,0.20141622,0.20120849,0.20106688,0.20099941,0.20101395,0.20111851,0.20132098,0.20162928,0.2020514,0.20259528,0.20326881,0.20407996,0.20503668,0.20614691,0.20741856,0.20886233,0.2104722,0.21223092,0.2141214,0.21612637,0.2182287,0.2204112,0.22265668,0.224948,0.22726792,0.22959931,0.23192495,0.2342277,0.2364904,0.23869579,0.24082676,0.24286616,0.24479662,0.24660116,0.24826254,0.24976364,0.25108716,0.252216,0.2531329,0.25382078,0.25426245,0.25444072,0.2543383,0.25393817,0.2532231,0.25217584,0.2507793,0.24911895,0.24729724,0.24532197,0.24320121,0.2409428,0.23855469,0.23604487,0.23342124,0.23069175,0.22786433,0.22494692,0.22194748,0.21887389,0.2157342,0.21253628,0.20928805,0.2059975,0.20267253,0.1993211,0.19595112,0.1925706,0.1891874,0.18580951,0.18244484,0.17910135,0.17578696,0.17250963,0.1692773,0.16609788,0.16297933,0.15992965,0.15695664,0.15420505,0.15180278,0.14973266,0.14797753,0.14652012,0.14534336,0.14442997,0.14376284,0.14332476,0.14309856,0.14306705,0.1432131,0.14351943,0.14396897,0.14454448
0.19890039,0.1985707,0.19829348,0.19807689,0.1979293,0.19785894,0.19787414,0.1979831,0.19819415,0.19851553,0.19895557,0.1995225,0.20022456,0.20107013,0.20206742,0.20322473,0.20455028,0.20605017,0.20771359,0.20952363,0.21146338,0.21351592,0.21566431,0.21789166,0.22018103,0.22251552,0.22487822,0.2272522,0.22962052,0.23196629,0.2342726,0.2365225,0.23869911,0.24078546,0.24276471,0.24461982,0.24633406,0.2478903,0.24927175,0.2504615,0.25144258,0.25219807,0.2527111,0.2529647,0.25294194,0.252626,0.25199988,0.2510467,0.24974948,0.24818774,0.24645776,0.24456772,0.242526,0.24034077,0.23802038,0.23557313,0.23300718,0.23033094,0.22755261,0.22468045,0.2217228,0.21868794,0.21558405,0.21241948,0.20920253,0.20594141,0.20264445,0.19931988,0.195976,0.19262108,0.18926342,0.18591125,0.18257292,0.17925663,0.17597067,0.17272337,0.16952294,0.16637768,0.16329588,0.16028585,0.15735576,0.15464611,0.15228043,0.15024182,0.1485134,0.1470782,0.14591932,0.14501989,0.14436288,0.14393148,0.14370874,0.14367773,0.14382152,0.14412324,0.14456591,0.14513268
0.19558075,0.19523904,0.19495164,0.19472714,0.19457416,0.19450122,0.19451694,0.1946299,0.19484869,0.1951818,0.19563794,0.19622563,0.19695343,0.19782993,0.19886376,0.20006338,0.2014375,0.20298743,0.20469786,0.20655215,0.2085337,0.21062592,0.21281219,0.21507594,0.21740058,0.21976946,0.22216605,0.22457367,0.22697575,0.2293557,0.23169692,0.2339828,0.23619676,0.23832218,0.24034248,0.242241,0.24400124,0.2456065,0.24704029,0.24828589,0.24932674,0.2501463,0.25072786,0.25105503,0.25111097,0.2508791,0.250343,0.24948597,0.24829137,0.24683236,0.24519892,0.24339965,0.24144307,0.23933779,0.23709236,0.23471542,0.23221551,0.22960117,0.22688107,0.22406371,0.22115767,0.21817163,0.21511404,0.21199356,0.20881872,0.20559815,0.20234041,0.19905403,0.19574767,0.19242986,0.1891092,0.18579425,0.18249361,0.17921582,0.17596951,0.17276323,0.16960558,0.1665051,0.16347043,0.16051006,0.15763265,0.15497383,0.15265262,0.1506523,0.14895631,0.1475481,0.146411,0.14552838,0.14488377,0.14446045,0.1442419,0.14421149,0.14435256,0.14464861,0.14508298,0.14563908
0.19202815,0.19167575,0.1913794,0.1911479,0.19099012,0.19091494,0.19093114,0.19104762,0.19127323,0.19161677,0.19208714,0.19269314,0.19344363,0.19434747,0.19541351,0.1966506,0.19806755,0.19966123,0.20141172,0.2033028,0.20531829,0.20744196,0.2096575,0.21194878,0.21429956,0.21669358,0.21911463,0.22154653,0.223973,0.22637784,0.22874483,0.23105775,0.23330034,0.23545644,0.23750979,0.23944417,0.2412433,0.24289107,0.24437116,0.2456674,0.24676356,0.2476434,0.2482907,0.24868923,0.2488228,0.24867515,0.24823007,0.24747135,0.24638273,0.2450309,0.24349916,0.24179637,0.23993142,0.23791313,0.23575032,0.23345186,0.2310266,0.2284834,0.22583106,0.2230785,0.22023448,0.2173079,0.2143076,0.21124244,0.20812124,0.20495285,0.20174614,0.19850993,0.19525307,0.19198443,0.18871285,0.18544713,0.18219618,0.17896882,0.17577389,0.17262024,0.16951673,0.16647221,0.1634955,0.16059546,0.15778096,0.1551825,0.15291393,0.150959,0.14930148,0.14792521,0.14681388,0.14595135,0.14532134,0.14490764,0.14469403,0.1446643,0.14480218,0.1450915,0.14551601,0.1460595
0.18846087,0.1880999,0.18779632,0.18755916,0.18739754,0.18732052,0.18733715,0.18745647,0.18768756,0.18803945,0.18852127,0.18914208,0.18991087,0.19083674,0.19192876,0.193196,0.1946475,0.19627585,0.19805706,0.19997524,0.2020147,0.20415954,0.20639396,0.20870218,0.21106842,0.21347675,0.21591148,0.21835671,0.2207967,0.2232156,0.2255976,0.22792688,0.23018768,0.23236416,0.23444049,0.23640087,0.23822945,0.23991053,0.2414282,0.24276668,0.24391016,0.24484283,0.24554889,0.2460125,0.24621785,0.24614914,0.24579054,0.24512632,0.24414058,0.24289368,0.24146251,0.23985612,0.23808359,0.23615399,0.23407635,0.23185974,0.22951326,0.22704592,0.22446685,0.22178504,0.21900961,0.21614958,0.21321402,0.21021207,0.20715265,0.20404491,0.20089792,0.19772072,0.19452232,0.1913119,0.18809848,0.18489103,0.18169872,0.17853056,0.17539565,0.172303,0.16926174,0.16628088,0.16336949,0.16053666,0.15779144,0.15525903,0.15304814,0.15114291,0.14952755,0.14818625,0.14710319,0.1462626,0.1456486,0.1452454,0.14503723,0.14500824,0.14514261,0.14542457,0.1458383,0.14636798
0.18509822,0.18473122,0.18442258,0.1841815,0.1840172,0.18393888,0.18395577,0.18407707,0.18431202,0.18466976,0.18515962,0.18579072,0.18657225,0.18751356,0.18862374,0.189912,0.19138764,0.1930395,0.1948401,0.19677407,0.19882603,0.20098056,0.20322232,0.20553586,0.20790581,0.21031687,0.21275349,0.2152004,0.21764219,0.22006345,0.22244881,0.22478288,0.2270503,0.22923557,0.23132348,0.23329848,0.23514524,0.23684838,0.23839255,0.23976229,0.24094224,0.24191706,0.24267128,0.24318953,0.24345647,0.24345669,0.24317479,0.24259533,0.24170306,0.24055247,0.23921452,0.23769842,0.23601349,0.23416881,0.23217368,0.23003729,0.22776881,0.22537751,0.22287259,0.2202632,0.21755867,0.21476817,0.21190085,0.20896597,0.20597278,0.20293039,0.19984815,0.19673514,0.19360064,0.19045389,0.18730402,0.18416034,0.18103199,0.17792821,0.17485824,0.17183122,0.16885643,0.16594307,0.16310032,0.16033742,0.15766358,0.15519896,0.15304717,0.15119289,0.14962074,0.14831531,0.14726123,0.14644308,0.14584555,0.14545314,0.14525054,0.1452223,0.14535311,0.14562756,0.14603019,0.1465457
0.18193008,0.18155956,0.18124793,0.18100455,0.18083866,0.18075961,0.18077666,0.18089914,0.18113633,0.18149753,0.1819921,0.18262924,0.18341833,0.18436863,0.1854895,0.18679023,0.18828003,0.18994477,0.1917541,0.19369306,0.19574666,0.19789997,0.20013802,0.20244582,0.2048085,0.20721106,0.20963855,0.212076,0.21450843,0.21692099,0.21929859,0.22162637,0.22388937,0.22607256,0.22816107,0.23013987,0.23199409,0.23370868,0.23526876,0.23665938,0.23786546,0.23887219,0.23966455,0.24022762,0.2405464,0.24060594,0.24039137,0.23988761,0.23907977,0.23801723,0.23676555,0.23533405,0.23373203,0.23196875,0.23005356,0.22799572,0.2258046,0.22348946,0.22105956,0.21852423,0.21589279,0.21317457,0.21037881,0.20751485,0.20459197,0.20161946,0.1986067,0.19556287,0.19249737,0.18941946,0.18633845,0.18326363,0.18020433,0.17716983,0.17416945,0.17121246,0.16830818,0.16546589,0.16269496,0.16000462,0.15740423,0.15500887,0.15291761,0.1511155,0.14958762,0.1483189,0.14729449,0.14649934,0.1459186,0.14553723,0.14534031,0.1453129,0.14544,0.14570674,0.14609805,0.14659905
0.1789464,0.17857468,0.17826205,0.1780179,0.17785147,0.17777216,0.17778927,0.17791215,0.17815009,0.17851248,0.17900862,0.17964785,0.18043944,0.18139286,0.1825173,0.18382221,0.18531685,0.18698442,0.18879232,0.190726,0.19277091,0.19491257,0.19713652,0.19942816,0.20177303,0.20415662,0.20656437,0.2089818,0.21139438,0.21378763,0.21614699,0.218458,0.22070612,0.22287682,0.22495562,0.22692798,0.2287794,0.23049536,0.23206139,0.2334629,0.2346854,0.23571445,0.23653546,0.23713394,0.23749532,0.2376052,0.237449,0.23701222,0.23628034,0.23529807,0.23412606,0.23277369,0.23125015,0.2295649,0.22772725,0.22574648,0.22363201,0.22139308,0.2190391,0.2165793,0.2140231,0.2113798,0.20865875,0.20586926,0.20302065,0.20012231,0.19718349,0.1942136,0.19122188,0.18821779,0.18521056,0.18220955,0.17922406,0.17626351,0.17333713,0.17045434,0.1676244,0.16485666,0.16216053,0.15954518,0.15702012,0.15469559,0.15266621,0.15091741,0.14943464,0.14820346,0.14720932,0.1464377,0.14587411,0.14550407,0.14531296,0.14528638,0.14540972,0.14566854,0.14604829,0.14653447
0.17613716,0.17576647,0.17545472,0.1752112,0.17504527,0.17496614,0.17498319,0.17510574,0.17534304,0.17570445,0.1761992,0.17683667,0.17762615,0.17857695,0.17969833,0.18099965,0.18249018,0.18415107,0.18594792,0.18786663,0.18989314,0.19201343,0.19421338,0.1964789,0.19879603,0.2011507,0.20352873,0.20591615,0.20829892,0.21066293,0.21299408,0.21527839,0.2175018,0.21965016,0.2217095,0.22366568,0.22550473,0.22721252,0.22877502,0.23017809,0.23140775,0.23244998,0.23329058,0.2339156,0.23431095,0.23446257,0.23435637,0.23397833,0.23331434,0.23240499,0.23130642,0.23002793,0.22857882,0.22696841,0.225206,0.22330093,0.2212624,0.21909985,0.21682249,0.21443966,0.21196067,0.20939486,0.20675144,0.2040398,0.20126922,0.198449,0.19558847,0.1926969,0.18978363,0.18685797,0.1839292,0.1810066,0.17809951,0.1752173,0.17236914,0.16956441,0.16681248,0.16412257,0.16150396,0.15896603,0.15651809,0.15426584,0.15229952,0.15060508,0.14916845,0.14797553,0.14701228,0.14626469,0.1457186,0.14536002,0.14517488,0.14514913,0.14526862,0.14551944,0.14588736,0.14635842
0.17349228,0.17312467,0.17281552,0.17257403,0.17240943,0.17233105,0.17234795,0.17246942,0.17270476,0.17306317,0.1735538,0.17418592,0.17496881,0.17591166,0.17702366,0.17831407,0.17979217,0.1814374,0.18321419,0.18510881,0.18710767,0.18919729,0.19136399,0.19359416,0.19587415,0.1981904,0.2005294,0.20287746,0.20522092,0.20754634,0.20983995,0.21208823,0.21427758,0.2163944,0.218425,0.22035593,0.22217348,0.2238641,0.22541411,0.22681,0.2280381,0.22908488,0.22993667,0.23057985,0.23100096,0.23118621,0.23112212,0.23079504,0.23019138,0.229348,0.228317,0.22710754,0.22572893,0.22419034,0.22250105,0.22067024,0.21870714,0.21662103,0.2144211,0.21211655,0.20971665,0.20723066,0.2046677,0.2020371,0.19934806,0.1966098,0.19383153,0.1910225,0.18819197,0.18534914,0.18250316,0.17966339,0.17683901,0.17403924,0.17127325,0.16855036,0.1658798,0.16327073,0.16073239,0.15827405,0.15590492,0.15372631,0.15182427,0.15018518,0.14879547,0.14764154,0.14670978,0.14598662,0.14545839,0.14511152,0.14493246,0.14490752,0.14502312,0.1452657,0.14562163,0.1460773
0.17100167,0.17063914,0.17033423,0.17009605,0.16993375,0.1698564,0.16987306,0.16999292,0.170225,0.17057845,0.17106237,0.17168581,0.17245792,0.17338777,0.17448449,0.17575714,0.17721494,0.1788361,0.18058425,0.18244624,0.18440892,0.18645918,0.1885839,0.19076984,0.19300398,0.19527318,0.19756421,0.19986403,0.20215945,0.2044374,0.20668468,0.20888817,0.21103472,0.21311128,0.21510458,0.21700162,0.21878918,0.22045414,0.22198334,0.22336373,0.2245821,0.22562537,0.22648036,0.22713394,0.227573,0.22778434,0.22775494,0.22747155,0.22692113,0.2261372,0.2251682,0.22402324,0.22271141,0.22124189,0.21962366,0.21786584,0.21597762,0.21396804,0.2118462,0.20962119,0.20730217,0.20489821,0.20241836,0.19987182,0.19726755,0.19461481,0.19192262,0.18920009,0.18645628,0.18370038,0.18094145,0.17818856,0.17545083,0.17273743,0.17005736,0.16741978,0.16483374,0.16230841,0.15985285,0.15747613,0.15518747,0.1530837,0.15124701,0.14966428,0.14832231,0.1472081,0.14630832,0.14560999,0.14509991,0.144765,0.14459205,0.14456797,0.14467959,0.14491384,0.14525755,0.14569756
0.16865529,0.16829966,0.16800053,0.1677669,0.16760767,0.16753179,0.16754815,0.16766572,0.1678934,0.1682401,0.16871479,0.16932642,0.17008388,0.17099608,0.17207201,0.17332056,0.1747506,0.17633988,0.1780515,0.17987281,0.18179119,0.18379399,0.18586853,0.18800215,0.19018222,0.19239601,0.1946309,0.19687423,0.19911335,0.20133561,0.2035283,0.20567879,0.20777445,0.20980257,0.21175048,0.21360557,0.21535517,0.21698666,0.21848728,0.2198444,0.22104539,0.2220776,0.22292832,0.22358495,0.22403476,0.22426519,0.22426347,0.22401701,0.22351313,0.22278255,0.22187045,0.22078569,0.21953724,0.21813405,0.21658503,0.2148991,0.21308522,0.21115224,0.20910914,0.20696487,0.20472834,0.20240843,0.20001416,0.19755444,0.19503812,0.1924742,0.18987158,0.1872392,0.18458597,0.1819209,0.1792528,0.17659065,0.17394337,0.17131995,0.16872923,0.1661802,0.16368172,0.16124283,0.15887235,0.15657927,0.1543725,0.15234478,0.15057449,0.14904895,0.14775549,0.14668152,0.14581428,0.1451412,0.14464961,0.14432676,0.14416006,0.14413686,0.14424446,0.14447026,0.14480148,0.14522564
0.16644308,0.16609603,0.16580412,0.16557615,0.16542074,0.16534667,0.16536264,0.16547735,0.16569956,0.16603793,0.16650116,0.16709803,0.16783722,0.16872741,0.16977733,0.17099573,0.1723913,0.17394124,0.17560901,0.17738225,0.17924882,0.18119664,0.18321343,0.18528712,0.18740539,0.18955615,0.19172724,0.19390641,0.19608158,0.19824044,0.20037092,0.2024608,0.20449793,0.20647007,0.2083651,0.21017087,0.21187507,0.21346566,0.21493036,0.21625705,0.21743359,0.2184477,0.21928728,0.2199401,0.22039405,0.22063684,0.2206564,0.22044054,0.21997699,0.21929412,0.2184341,0.21740559,0.21621735,0.21487807,0.21339644,0.21178128,0.2100412,0.20818493,0.20622122,0.20415872,0.20200625,0.1997724,0.19746597,0.19509561,0.1926701,0.19019811,0.18768837,0.1851496,0.18259045,0.18001974,0.17744608,0.17487821,0.17232493,0.16979487,0.1672967,0.16483927,0.1624312,0.16008115,0.15779795,0.15559025,0.1534668,0.15151621,0.14981328,0.14834578,0.1471016,0.14606845,0.14523418,0.14458676,0.14411381,0.14380324,0.1436429,0.14362058,0.1437241,0.14394125,0.14425996,0.14466792
0.164355,0.16401803,0.16373472,0.16351336,0.16336253,0.16329063,0.16330619,0.16341755,0.16363323,0.16396168,0.16441134,0.1649908,0.16570832,0.16657245,0.16759165,0.16877438,0.17012914,0.17163306,0.17325002,0.17496829,0.17677619,0.17866199,0.18061405,0.1826207,0.18467021,0.18675087,0.188851,0.19095896,0.19306299,0.19515143,0.19721262,0.19923481,0.2012064,0.2031156,0.20495078,0.2067002,0.20835221,0.20989513,0.21131726,0.21260685,0.21375233,0.21474184,0.21556385,0.21620663,0.2166584,0.21690758,0.21694243,0.21675125,0.21632238,0.21568194,0.21486956,0.21389356,0.21276256,0.21148495,0.2100692,0.20852372,0.20685704,0.20507753,0.20319374,0.2012141,0.19914702,0.19700101,0.19478449,0.19250603,0.19017395,0.18779674,0.18538293,0.18294087,0.1804791,0.17800604,0.1755302,0.17305996,0.17060383,0.16817021,0.16576765,0.16340457,0.16108939,0.15883061,0.15663669,0.15451607,0.1524772,0.15060475,0.1489701,0.14756137,0.14636703,0.14537528,0.14457452,0.14395295,0.14349897,0.14320089,0.14304696,0.14302553,0.1431249,0.14333336,0.14363925,0.14403091
0.16238092,0.16205561,0.16178201,0.16156828,0.16142267,0.16135326,0.1613682,0.16147573,0.161684,0.16200115,0.16243537,0.16299482,0.16368763,0.16452204,0.16550612,0.16664815,0.16795625,0.1694079,0.17096783,0.17262478,0.17436759,0.17618504,0.17806591,0.17999904,0.18197323,0.18397725,0.18599996,0.18803015,0.19005658,0.19206811,0.19405349,0.19600151,0.19790107,0.1997409,0.20150985,0.20319666,0.20479016,0.20627916,0.20765246,0.20889889,0.21000719,0.2109662,0.21176478,0.21239161,0.21283561,0.21308555,0.21313016,0.21295837,0.21255887,0.21195602,0.21118718,0.2102604,0.20918393,0.2079659,0.20661442,0.20513773,0.20354399,0.20184138,0.20003805,0.19814211,0.1961618,0.19410528,0.19198067,0.18979618,0.18756002,0.18528025,0.18296511,0.18062276,0.17826128,0.17588899,0.17351392,0.17114434,0.16878836,0.16645415,0.16414988,0.16188371,0.15966386,0.15749842,0.15539563,0.15336359,0.15141052,0.14961718,0.14805152,0.14670233,0.14555842,0.1446086,0.14384162,0.14324632,0.14281152,0.14252602,0.14237858,0.14235806,0.14245324,0.14265293,0.14294587,0.14332096
0.16051084,0.16019844,0.15993568,0.1597305,0.15959062,0.15952396,0.15953834,0.15964161,0.15984155,0.16014615,0.1605631,0.16110033,0.16176562,0.16256689,0.16351193,0.16460861,0.16586475,0.1672585,0.16875562,0.17034552,0.17201738,0.17376061,0.17556442,0.17741816,0.17931113,0.18123263,0.18317191,0.18511839,0.18706125,0.18898992,0.19089353,0.19276154,0.19458319,0.1963478,0.19804466,0.19966303,0.20119227,0.20262171,0.20394057,0.20513822,0.20620388,0.20712693,0.20789666,0.20850237,0.20893334,0.20917891,0.20922832,0.20907092,0.20869604,0.20812646,0.20739743,0.20651676,0.2054923,0.20433192,0.20304345,0.2016347,0.20011356,0.19848786,0.1967654,0.19495408,0.19306171,0.19109616,0.18906522,0.18697678,0.18483868,0.18265875,0.18044485,0.17820479,0.17594641,0.17367761,0.17140621,0.16914,0.16688687,0.16465464,0.16245121,0.16028436,0.15816192,0.15609178,0.15408176,0.15213974,0.15027352,0.14856014,0.14706425,0.14577523,0.1446823,0.14377481,0.14304203,0.14247327,0.14205785,0.14178509,0.14164422,0.1416246,0.14171554,0.1419063,0.14218621,0.14254458
0.15873466,0.15843636,0.15818547,0.15798956,0.157856,0.15779237,0.15780607,0.15790467,0.15809564,0.15838644,0.15878455,0.15929754,0.15993282,0.16069788,0.1616002,0.16264737,0.16384676,0.16517745,0.16660666,0.16812427,0.16971996,0.17138368,0.17310508,0.17487411,0.17668052,0.17851406,0.18036461,0.18222201,0.184076,0.18591633,0.1877329,0.18951555,0.19125396,0.19293804,0.19455752,0.1961023,0.1975621,0.19892679,0.20018612,0.20132996,0.202348,0.2032302,0.20396626,0.20454603,0.2049593,0.20519587,0.2052456,0.20509821,0.20474355,0.20420323,0.20351069,0.20267333,0.20169868,0.20059428,0.19936754,0.19802593,0.19657703,0.19502828,0.19338717,0.19166122,0.18985787,0.18798459,0.18604892,0.1840584,0.1820204,0.17994247,0.1778321,0.17569673,0.1735439,0.17138112,0.16921581,0.16705552,0.1649077,0.16277984,0.16067943,0.15861398,0.15659098,0.15461786,0.15270221,0.15085144,0.14907302,0.14744034,0.14601493,0.14478663,0.14374518,0.14288044,0.14218214,0.1416402,0.14124435,0.14098439,0.14085019,0.14083153,0.1409182,0.14109996,0.14136666,0.14170815
0.15704232,0.15675925,0.1565211,0.15633513,0.15620838,0.15614797,0.156161,0.15625457,0.15643583,0.15671186,0.15708973,0.15757658,0.15817952,0.15890571,0.15976214,0.160756,0.1618944,0.16315748,0.16451415,0.16595477,0.16746967,0.1690491,0.17068343,0.172363,0.174078,0.17581886,0.17757589,0.17933938,0.1810996,0.18284693,0.18457165,0.18626413,0.18791458,0.1895134,0.19105089,0.19251733,0.19390307,0.19519843,0.19639368,0.19747916,0.1984452,0.19928212,0.1999802,0.20052977,0.20092113,0.20114464,0.20119056,0.20104925,0.200711,0.20019639,0.1995373,0.19874077,0.19781396,0.19676393,0.19559783,0.19432276,0.19294575,0.19147404,0.18991463,0.18827468,0.18656132,0.1847816,0.18294263,0.18105158,0.17911547,0.17714147,0.17513669,0.17310819,0.17106314,0.16900858,0.16695166,0.16489948,0.16285913,0.16083775,0.15884243,0.15688033,0.15495841,0.15308392,0.15126394,0.14950554,0.14781584,0.14626454,0.14491022,0.14374313,0.14275362,0.14193198,0.14126852,0.14075358,0.14037745,0.14013048,0.14000295,0.13998519,0.14006752,0.14024025,0.14049366,0.14081816
0.15542382,0.1551568,0.15493225,0.15475684,0.15463729,0.15458032,0.1545926,0.15468088,0.15485182,0.15511212,0.15546846,0.15592766,0.15649633,0.15718114,0.15798888,0.1589262,0.1599998,0.16119124,0.1624713,0.16383089,0.16526079,0.16675185,0.16829489,0.16988076,0.1715003,0.17314422,0.17480347,0.17646882,0.17813112,0.17978118,0.18140991,0.18300796,0.18456632,0.18607569,0.18752702,0.18891107,0.19021866,0.19144061,0.19256783,0.19359103,0.19450113,0.19528893,0.19594517,0.19646081,0.19682659,0.19703339,0.19707198,0.19693325,0.19660796,0.196116,0.19548768,0.19472985,0.19384907,0.19285214,0.1917457,0.19053648,0.18923119,0.18783648,0.18635918,0.18480584,0.18318327,0.18149814,0.17975716,0.17796697,0.17613438,0.17426603,0.17236863,0.17044887,0.16851348,0.16656914,0.16462259,0.16268048,0.16074958,0.15883651,0.15694804,0.15509087,0.15327168,0.15149716,0.14977403,0.14810899,0.14650875,0.14503947,0.14375672,0.14265133,0.14171413,0.14093587,0.14030752,0.13981979,0.13946357,0.13922964,0.13910888,0.13909204,0.13917,0.1393336,0.13957365,0.13988094
0.153869,0.1536189,0.15340859,0.1532443,0.15313233,0.15307897,0.15309049,0.15317315,0.15333325,0.15357706,0.15391086,0.15434094,0.15487355,0.15551503,0.15627158,0.15714951,0.15815511,0.1592714,0.16047135,0.16174634,0.16308773,0.16448683,0.16593501,0.16742353,0.16894384,0.17048725,0.17204511,0.17360872,0.17516941,0.1767186,0.17824757,0.17974773,0.18121028,0.18262671,0.18398827,0.18528639,0.1865123,0.18765742,0.18871309,0.18967062,0.19052137,0.19125666,0.19186784,0.19234629,0.19268331,0.19287029,0.1928985,0.19275932,0.19244407,0.19197197,0.19137229,0.1906512,0.18981497,0.1888699,0.1878223,0.18667845,0.18544458,0.18412702,0.182732,0.18126588,0.17973483,0.17814519,0.17650318,0.17481525,0.17308745,0.1713262,0.16953774,0.16772836,0.16590434,0.16407192,0.16223744,0.1604071,0.15858728,0.15678415,0.15500405,0.15325329,0.15153807,0.1498647,0.1482395,0.14666872,0.1451586,0.14377183,0.14256111,0.14151782,0.14063323,0.1398987,0.13930565,0.13884531,0.13850908,0.13828827,0.13817428,0.13815843,0.13823201,0.13838641,0.13861299,0.13890304
0.15236787,0.15213537,0.15193982,0.15178712,0.151683,0.1516334,0.15164411,0.15172096,0.15186979,0.15209648,0.15240677,0.15280657,0.15330176,0.15389809,0.1546014,0.15541758,0.15635243,0.15739065,0.15850753,0.15969495,0.16094479,0.16224892,0.16359915,0.1649874,0.16640548,0.16784526,0.1692986,0.17075738,0.17221346,0.17365865,0.17508489,0.17648397,0.17784777,0.17916816,0.18043703,0.18164618,0.18278746,0.18385279,0.18483402,0.18572298,0.18651153,0.1871916,0.18775493,0.18819347,0.18849906,0.18866353,0.18867876,0.18853658,0.18822894,0.18777451,0.18720141,0.18651547,0.18572251,0.18482842,0.18383895,0.18276002,0.18159738,0.18035693,0.1790445,0.17766593,0.17622703,0.17473371,0.17319167,0.17160688,0.1699851,0.16833219,0.16665402,0.16495635,0.1632451,0.16152602,0.15980503,0.15808791,0.15638056,0.15468875,0.15301833,0.15137514,0.14976506,0.14819388,0.14666744,0.14519157,0.14377214,0.14246833,0.14133006,0.14034915,0.13951747,0.13882692,0.13826932,0.13783655,0.13752042,0.13731281,0.13720563,0.13719071,0.13725993,0.13740508,0.13761806,0.13789079
0.15091033,0.15069598,0.1505157,0.1503749,0.15027896,0.15023322,0.15024307,0.15031393,0.15045117,0.15066011,0.15094621,0.15131482,0.15177132,0.1523211,0.15296952,0.15372202,0.15458389,0.15554161,0.15657303,0.15767051,0.1588264,0.16003308,0.16128291,0.16256835,0.16388172,0.16521539,0.16656175,0.16791323,0.16926216,0.1706009,0.17192188,0.17321745,0.17448002,0.17570195,0.17687558,0.17799337,0.17904764,0.18003081,0.18093522,0.18175328,0.18247737,0.18309982,0.18361306,0.18400946,0.18428142,0.18442129,0.18442143,0.18427429,0.18397216,0.18353356,0.18298553,0.18233348,0.18158273,0.18073875,0.17980684,0.17879245,0.17770094,0.17653763,0.17530799,0.17401737,0.17267112,0.17127466,0.16983335,0.16835257,0.16683772,0.1652942,0.1637273,0.1621425,0.16054514,0.15894061,0.15733427,0.15573157,0.1541378,0.15255836,0.15099867,0.14946409,0.14796,0.1464918,0.14506483,0.14368452,0.14235622,0.14113574,0.1400702,0.13915196,0.13837343,0.137727,0.13720502,0.13679989,0.13650396,0.13630965,0.13620934,0.13619536,0.13626014,0.13639602,0.13659541,0.13685068
0.14948636,0.14929056,0.14912592,0.1489973,0.14890967,0.1488679,0.1488769,0.14894162,0.14906693,0.14925782,0.14951912,0.14985579,0.15027273,0.15077484,0.1513671,0.15205437,0.15284157,0.15371707,0.15466116,0.15566677,0.15672679,0.15783414,0.15898173,0.16016245,0.16136914,0.16259483,0.1638323,0.16507456,0.16631441,0.16754478,0.16875862,0.16994879,0.1711082,0.17222974,0.17330636,0.17433088,0.17529628,0.17619541,0.17702122,0.17776653,0.17842436,0.17898753,0.17944895,0.17980151,0.18003815,0.18015176,0.18013524,0.17998147,0.17968337,0.17925915,0.17873499,0.1781158,0.17740647,0.17661197,0.17573725,0.17478713,0.17376655,0.17268047,0.17153373,0.17033133,0.16907813,0.16777904,0.16643898,0.16506292,0.16365571,0.16222228,0.1607676,0.15929645,0.15781392,0.1563248,0.15483403,0.15334652,0.15186726,0.15040107,0.14895292,0.14752768,0.14613031,0.14476572,0.14343879,0.14215443,0.14091761,0.13978072,0.13878815,0.13793282,0.1372076,0.13660543,0.13611919,0.13574183,0.13546616,0.13528517,0.1351917,0.13517871,0.13523902,0.13536562,0.13555135,0.13578914
0.14808585,0.14790893,0.14776015,0.14764394,0.14756474,0.147527,0.14753515,0.14759359,0.14770685,0.14787932,0.14811544,0.14841968,0.14879641,0.14925015,0.1497853,0.15040633,0.15111765,0.15190956,0.15276505,0.15367752,0.15464039,0.15564711,0.1566911,0.15776576,0.1588645,0.15998079,0.16110806,0.16223972,0.16336916,0.16448984,0.16559519,0.16667861,0.16773354,0.1687534,0.16973162,0.17066163,0.17153682,0.17235066,0.17309657,0.17376794,0.17435823,0.17486084,0.17526923,0.17557679,0.17577691,0.17586313,0.1758288,0.1756673,0.17537215,0.1749613,0.17446019,0.17387319,0.17320473,0.17245935,0.17164141,0.17075536,0.16980568,0.16879678,0.1677331,0.16661908,0.16545919,0.16425781,0.16301945,0.16174853,0.16044946,0.15912671,0.1577847,0.15642792,0.15506075,0.15368767,0.15231308,0.15094149,0.14957732,0.14822493,0.14688888,0.14557353,0.14428334,0.14302276,0.14179629,0.14060822,0.13946313,0.13841,0.1374906,0.13669828,0.1360265,0.13546872,0.13501832,0.13466874,0.13441339,0.13424575,0.13415918,0.13414712,0.13420302,0.13432026,0.13449234,0.1347126
0.14669877,0.14654088,0.14640813,0.14630441,0.14623375,0.14620006,0.14620733,0.14625949,0.14636055,0.14651445,0.14672516,0.14699666,0.14733285,0.14773776,0.14821528,0.14876947,0.14940423,0.15011188,0.15087801,0.15169658,0.15256155,0.15346688,0.15440649,0.1553743,0.15636435,0.15737054,0.1583868,0.1594071,0.16042535,0.16143559,0.16243166,0.16340753,0.16435724,0.16527465,0.16615376,0.16698849,0.16777276,0.16850057,0.16916586,0.16976255,0.1702846,0.17072594,0.17108063,0.17134248,0.1715055,0.17156361,0.17151079,0.171341,0.17104813,0.17065012,0.17017154,0.16961631,0.16898847,0.1682919,0.16753061,0.16670853,0.16582967,0.16489796,0.16391736,0.16289188,0.1618254,0.160722,0.15958549,0.15841995,0.15722933,0.15601757,0.15478861,0.15354648,0.15229508,0.15103841,0.14978042,0.14852504,0.14727628,0.14603807,0.14481443,0.14360927,0.14242655,0.14127026,0.14014438,0.13905284,0.13799958,0.13703033,0.13618416,0.13545497,0.13483675,0.13432339,0.13390887,0.13358714,0.13335213,0.13319783,0.13311814,0.13310707,0.13315848,0.1332664,0.13342474,0.13362746
0.14531502,0.14517623,0.14505953,0.14496833,0.14490621,0.1448766,0.14488299,0.14492887,0.14501773,0.145153,0.14533824,0.14557691,0.14587246,0.14622842,0.14664824,0.14713544,0.14769343,0.14831664,0.14899321,0.1497177,0.1504846,0.15128832,0.15212335,0.15298423,0.15386532,0.1547612,0.15566625,0.15657501,0.1574819,0.15838142,0.15926808,0.1601363,0.16098058,0.16179535,0.16257511,0.16331434,0.16400753,0.16464914,0.16523363,0.16575544,0.16620909,0.16658904,0.16688979,0.16710576,0.16723149,0.16726135,0.1671899,0.1670116,0.16672091,0.1663356,0.16587941,0.16535588,0.1647685,0.16412075,0.16341601,0.1626579,0.16184987,0.16099533,0.16009787,0.15916091,0.15818796,0.15718246,0.15614793,0.1550879,0.15400577,0.15290505,0.15178925,0.15066181,0.14952625,0.14838609,0.14724474,0.14610569,0.14497246,0.14384851,0.14273734,0.14164245,0.1405673,0.13951536,0.13849014,0.13749512,0.13653375,0.13564846,0.13487554,0.13420948,0.13364476,0.13317586,0.1327972,0.13250336,0.13228871,0.13214774,0.13207497,0.13206483,0.1321118,0.13221039,0.13235503,0.13254018
0.14392458,0.14380479,0.14370404,0.14362535,0.1435717,0.14354616,0.14355169,0.14359128,0.14366797,0.14378472,0.14394459,0.14415058,0.14440568,0.14471291,0.14507526,0.14549574,0.1459774,0.14651646,0.14710389,0.1477347,0.14840385,0.14910635,0.14983724,0.15059148,0.15136404,0.15214996,0.15294422,0.15374184,0.15453774,0.15532696,0.1561046,0.15686546,0.1576047,0.15831721,0.15899804,0.15964217,0.16024463,0.16080038,0.16130441,0.16175172,0.16213734,0.16245623,0.1627034,0.16287388,0.16296256,0.16296455,0.1628748,0.1626883,0.16240007,0.16202772,0.16159421,0.1611026,0.16055582,0.15995693,0.15930893,0.15861481,0.15787761,0.15710026,0.15628593,0.15543744,0.1545579,0.15365027,0.15271759,0.15176287,0.15078913,0.14979927,0.14879644,0.14778358,0.14676373,0.14573985,0.14471494,0.14369206,0.14267418,0.14166433,0.1406655,0.13968071,0.13871293,0.13776523,0.13684057,0.13594201,0.13507247,0.13427103,0.13357133,0.13296837,0.13245714,0.13203263,0.13168986,0.13142383,0.13122953,0.1311019,0.13103604,0.13102688,0.1310694,0.13115864,0.13128956,0.1314572
0.14251736,0.14241634,0.1423314,0.14226505,0.14221984,0.14219831,0.14220296,0.14223634,0.142301,0.14239945,0.14253424,0.14270793,0.142923,0.14318204,0.14348759,0.14384213,0.1442482,0.14470409,0.14520329,0.1457413,0.14631367,0.14691593,0.1475436,0.14819214,0.14885715,0.14953409,0.15021852,0.15090588,0.15159176,0.1522717,0.15294118,0.15359572,0.15423085,0.15484205,0.15542488,0.15597485,0.15648748,0.1569583,0.15738282,0.1577565,0.15807498,0.15833369,0.15852816,0.1586539,0.1587065,0.1586814,0.15857415,0.15838027,0.15809527,0.15773657,0.15732636,0.15686707,0.15636136,0.1558117,0.15522061,0.15459062,0.15392433,0.1532242,0.15249282,0.15173268,0.15094635,0.15013637,0.14930524,0.14845553,0.14758977,0.14671047,0.14582019,0.14492147,0.1440168,0.14310879,0.14219993,0.14129275,0.14038977,0.13949361,0.13860668,0.13773163,0.13687094,0.13602714,0.1352028,0.13440041,0.13362253,0.1329048,0.1322782,0.13173822,0.1312804,0.1309003,0.13059331,0.13035509,0.13018106,0.1300668,0.1300078,0.12999956,0.13003764,0.13011757,0.13023482,0.13038492
0.14108333,0.14100076,0.14093131,0.14087707,0.14084014,0.1408225,0.14082631,0.1408536,0.14090645,0.1409869,0.14109711,0.14123906,0.14141487,0.1416266,0.14187633,0.1421661,0.14249805,0.14287218,0.1432846,0.14373136,0.14420843,0.14471196,0.14523791,0.1457823,0.14634123,0.14691073,0.14748682,0.14806557,0.14864296,0.14921509,0.149778,0.1503277,0.15086025,0.15137166,0.15185799,0.15231526,0.15273957,0.15312691,0.15347335,0.15377492,0.15402764,0.15422754,0.15437073,0.15445314,0.15447092,0.15442006,0.1542966,0.15409657,0.15381607,0.1534722,0.1530862,0.15266013,0.15219606,0.1516961,0.15116225,0.15059665,0.15000133,0.14937839,0.14872989,0.14805788,0.14736448,0.14665173,0.1459217,0.1451765,0.14441817,0.14364876,0.14287037,0.14208509,0.14129496,0.1405021,0.13970852,0.13891633,0.1381276,0.13734439,0.1365688,0.13580282,0.13504864,0.13430825,0.13358377,0.1328772,0.13219073,0.13155651,0.13100281,0.13052565,0.13012113,0.12978521,0.12951396,0.12930344,0.12914969,0.12904869,0.12899657,0.1289893,0.12902296,0.12909357,0.12919717,0.12932983
0.13961236,0.13954777,0.13949345,0.13945104,0.13942212,0.13940835,0.13941133,0.13943267,0.13947399,0.13953696,0.13962317,0.1397342,0.13987173,0.14003733,0.14023268,0.14045934,0.140719,0.14101341,0.1413411,0.14169861,0.1420825,0.1424893,0.14291562,0.14335799,0.14381295,0.1442771,0.144747,0.14521919,0.14569025,0.14615665,0.14661509,0.14706203,0.14749406,0.14790776,0.14829968,0.14866637,0.14900436,0.14931029,0.14958063,0.14981197,0.15000091,0.15014401,0.15023775,0.15027873,0.15026358,0.15018876,0.15005088,0.14984648,0.14957212,0.1492446,0.14888416,0.14849237,0.14807086,0.14762121,0.14714515,0.1466442,0.14612003,0.14557421,0.14500843,0.14442429,0.14382337,0.14320733,0.1425778,0.14193633,0.14128461,0.14062428,0.1399569,0.13928412,0.13860759,0.13792886,0.13724957,0.13657139,0.13589591,0.13522477,0.13455954,0.1339019,0.13325344,0.1326158,0.13199054,0.13137937,0.13078387,0.13023286,0.1297518,0.12933725,0.12898579,0.12869392,0.12845828,0.12827536,0.12814178,0.12805402,0.12800875,0.12800245,0.1280317,0.12809303,0.12818304,0.12829831
0.13809441,0.13804726,0.13800755,0.13797656,0.13795546,0.13794538,0.13794756,0.13796315,0.13799335,0.13803935,0.13810232,0.13818349,0.13828397,0.13840503,0.13854776,0.13871343,0.13890317,0.13912044,0.13936599,0.13963687,0.13993017,0.1402429,0.14057228,0.14091526,0.14126895,0.14163044,0.14199682,0.14236513,0.14273247,0.1430959,0.14345253,0.14379941,0.14413361,0.14445223,0.14475234,0.145031,0.14528531,0.14551237,0.14570917,0.14587286,0.1460005,0.14608917,0.14613594,0.1461379,0.14609209,0.14599563,0.14584558,0.14563902,0.14537299,0.14506385,0.14473061,0.1443745,0.14399666,0.14359827,0.1431805,0.14274463,0.14229177,0.14182308,0.14133981,0.1408431,0.14033414,0.13981411,0.13928427,0.13874567,0.13819963,0.13764723,0.1370897,0.13652824,0.13596398,0.13539818,0.13483196,0.13426653,0.1337031,0.1331428,0.13258685,0.13203643,0.13149275,0.13095692,0.13043022,0.12991375,0.12940876,0.12894055,0.1285318,0.12817957,0.12788093,0.12763295,0.12743269,0.1272773,0.12716381,0.12708925,0.12705077,0.1270454,0.12707026,0.12712237,0.12719887,0.12729679
0.13651952,0.136489,0.1364633,0.13644326,0.13642956,0.13642307,0.13642447,0.13643457,0.1364541,0.13648386,0.13652462,0.13657713,0.13664214,0.13672045,0.13681279,0.13691996,0.13704272,0.13718598,0.1373525,0.13753991,0.1377458,0.13796774,0.13820334,0.13845015,0.13870579,0.1389679,0.13923399,0.13950172,0.13976862,0.1400323,0.14029038,0.14054045,0.14078005,0.14100681,0.1412183,0.14141214,0.14158589,0.14173716,0.14186357,0.14196263,0.142032,0.14206925,0.14207198,0.14203778,0.14196421,0.14184889,0.14168943,0.14148335,0.14122833,0.14093995,0.14063601,0.14031722,0.13998438,0.13963829,0.13927966,0.13890927,0.13852789,0.13813633,0.13773526,0.13732556,0.13690792,0.13648312,0.13605192,0.13561513,0.13517345,0.13472773,0.13427866,0.13382703,0.13337362,0.13291919,0.13246453,0.13201033,0.13155742,0.13110657,0.13065855,0.13021407,0.12977393,0.12933892,0.1289098,0.12848729,0.1280722,0.12768635,0.12734951,0.12705924,0.12681311,0.12660874,0.12644376,0.12631565,0.1262221,0.1261607,0.12612896,0.12612456,0.12614502,0.126188,0.12625101,0.12633173
0.13487753,0.13486281,0.13485041,0.13484074,0.13483416,0.13483101,0.1348317,0.13483657,0.13484599,0.13486032,0.13487996,0.13490528,0.13493662,0.13497438,0.13501889,0.13507056,0.13512975,0.13520262,0.13529384,0.13540147,0.13552374,0.1356586,0.13580424,0.13595873,0.13612017,0.13628672,0.1364564,0.1366273,0.13679764,0.1369654,0.13712877,0.1372858,0.13743457,0.13757327,0.13769989,0.13781264,0.13790953,0.13798873,0.13804832,0.1380864,0.13810106,0.13809039,0.13805254,0.13798556,0.13788763,0.13775674,0.13759103,0.13738869,0.13714772,0.13688293,0.13661064,0.1363312,0.13604501,0.1357524,0.13545375,0.13514943,0.1348398,0.1345253,0.1342062,0.13388288,0.1335558,0.13322522,0.13289163,0.13255529,0.13221659,0.13187596,0.1315337,0.13119026,0.13084586,0.13050103,0.13015608,0.12981136,0.12946728,0.12912415,0.1287824,0.12844235,0.12810442,0.12776893,0.1274363,0.12710686,0.126781,0.12647694,0.12621154,0.12598278,0.12578887,0.12562783,0.12549783,0.12539689,0.12532318,0.12527478,0.1252498,0.1252463,0.12526244,0.12529626,0.12534596,0.12540956
0.13315836,0.13315846,0.13315858,0.13315864,0.13315868,0.13315871,0.13315871,0.13315867,0.13315861,0.13315848,0.13315834,0.13315815,0.1331579,0.1331576,0.13315725,0.13315687,0.1331564,0.1331631,0.13318326,0.13321546,0.13325834,0.1333105,0.13337052,0.13343707,0.13350868,0.13358402,0.1336617,0.13374028,0.13381839,0.13389468,0.1339677,0.13403608,0.13409844,0.13415338,0.1341995,0.1342354,0.13425973,0.13427107,0.13426805,0.13424923,0.13421328,0.13415875,0.13408427,0.13398848,0.13386998,0.13372731,0.13355917,0.13336414,0.13314079,0.13290286,0.132665,0.13242719,0.13218944,0.13195172,0.13171405,0.13147645,0.13123888,0.13100132,0.13076384,0.13052636,0.1302889,0.13005152,0.12981412,0.12957676,0.12933941,0.12910208,0.12886475,0.12862745,0.12839015,0.12815283,0.12791553,0.12767823,0.12744094,0.12720361,0.12696628,0.12672895,0.12649159,0.12625422,0.12601683,0.1257794,0.12554194,0.1253191,0.12512454,0.12495686,0.12481471,0.124696694,0.12460137,0.12452741,0.12447336,0.12443787,0.12441957,0.12441702,0.124428846,0.12445366,0.12449009,0.12453667
0.13135198,0.13136584,0.1313775,0.13138656,0.13139276,0.13139571,0.13139507,0.1313905,0.13138166,0.13136813,0.13134967,0.13132589,0.1312964,0.13126089,0.13121904,0.13117042,0.13111478,0.13106008,0.13101396,0.13097554,0.13094394,0.13091828,0.13089766,0.13088116,0.13086796,0.1308571,0.13084775,0.13083898,0.13082989,0.13081963,0.1308073,0.130792,0.13077283,0.13074897,0.13071945,0.13068339,0.13063996,0.13058819,0.13052727,0.13045625,0.13037431,0.13028046,0.13017389,0.1300537,0.12991898,0.12976883,0.12960243,0.12941879,0.12921712,0.12900972,0.12880939,0.1286158,0.12842856,0.12824738,0.12807186,0.12790164,0.12773643,0.12757584,0.12741958,0.1272672,0.12711841,0.12697291,0.12683025,0.12669016,0.12655227,0.12641625,0.12628174,0.12614836,0.1260158,0.12588368,0.12575172,0.12561952,0.12548673,0.12535301,0.12521799,0.1250814,0.124942824,0.12480191,0.12465838,0.1245118,0.12436187,0.124219485,0.12409517,0.123988025,0.12389721,0.12382179,0.1237609,0.12371361,0.12367911,0.123656414,0.12364472,0.123643085,0.12365065,0.12366651,0.12368976,0.12371954
0.12944837,0.1294747,0.12949684,0.12951414,0.12952593,0.12953156,0.12953036,0.12952165,0.12950477,0.12947911,0.12944396,0.12939867,0.1293426,0.12927504,0.12919538,0.12910292,0.12899703,0.12888621,0.1287792,0.12867557,0.12857494,0.12847693,0.12838112,0.12828715,0.12819462,0.12810312,0.12801227,0.1279217,0.12783098,0.12773976,0.12764762,0.12755418,0.12745903,0.12736177,0.12726209,0.12715949,0.12705363,0.12694412,0.12683058,0.12671258,0.12658978,0.12646171,0.12632807,0.12618841,0.12604235,0.12588951,0.12572949,0.12556188,0.12538633,0.1252136,0.12505431,0.1249078,0.12477343,0.1246505,0.124538384,0.124436386,0.12434389,0.12426018,0.12418464,0.12411659,0.12405538,0.12400033,0.123950794,0.123906106,0.12386561,0.12382863,0.123794526,0.12376261,0.12373224,0.12370277,0.1236735,0.12364381,0.123612985,0.123580426,0.12354544,0.12350735,0.12346552,0.1234193,0.123367995,0.12331097,0.12324755,0.12318482,0.12313006,0.123082876,0.12304287,0.123009644,0.12298282,0.12296199,0.122946784,0.12293679,0.12293163,0.12293092,0.12293426,0.12294125,0.12295148,0.12296459
0.12761307,0.12765051,0.127682,0.12770659,0.12772337,0.12773135,0.12772964,0.12771726,0.12769328,0.12765676,0.12760678,0.12754242,0.12746267,0.12736662,0.12725335,0.12712193,0.12697136,0.12681057,0.12664907,0.12648693,0.12632424,0.12616108,0.12599748,0.12583356,0.12566939,0.125505,0.12534048,0.12517594,0.1250114,0.12484698,0.1246827,0.12451867,0.12435497,0.12419166,0.12402879,0.123866476,0.12370475,0.1235437,0.12338345,0.12322396,0.12306539,0.12290777,0.12275123,0.12259578,0.122441515,0.122288525,0.12213686,0.12198661,0.12183781,0.121699676,0.12158064,0.12147978,0.12139615,0.12132881,0.12127682,0.12123925,0.12121515,0.121203594,0.12120363,0.1212143,0.1212347,0.12126388,0.121300854,0.12134476,0.12139459,0.12144946,0.1215084,0.12157046,0.12163472,0.12170023,0.12176608,0.12183127,0.1218949,0.12195601,0.1220137,0.122067,0.12211498,0.12215666,0.122191176,0.12221752,0.12223478,0.12224642,0.122256584,0.12226534,0.122272775,0.12227893,0.12228391,0.12228777,0.1222906,0.12229245,0.12229342,0.122293524,0.12229292,0.12229163,0.12228971,0.122287296
0.12601076,0.1260579,0.12609755,0.1261285,0.12614961,0.12615967,0.1261575,0.12614189,0.12611172,0.12606578,0.12600286,0.1259218,0.1258214,0.1257005,0.12555791,0.12539242,0.12520288,0.12499843,0.124789365,0.12457615,0.124359295,0.124139234,0.12391648,0.12369147,0.12346472,0.1232367,0.123007864,0.12277873,0.12254974,0.12232141,0.122094184,0.12186854,0.12164499,0.121423975,0.121205986,0.1209915,0.12078103,0.12057498,0.12037389,0.12017821,0.11998842,0.11980501,0.11962847,0.11945924,0.11929783,0.11914469,0.11900033,0.118865214,0.1187398,0.11863184,0.11854795,0.118486926,0.1184476,0.118428804,0.11842933,0.11844798,0.11848362,0.118535034,0.118601024,0.11868045,0.1187721,0.118874796,0.11898735,0.119108565,0.11923729,0.11937234,0.119512506,0.11965661,0.11980349,0.11995194,0.12010079,0.12024883,0.120394915,0.120537855,0.12067643,0.1208095,0.12093587,0.12105432,0.12116373,0.121262886,0.121350564,0.12142714,0.121493995,0.12155158,0.12160043,0.12164099,0.12167373,0.121699154,0.121717714,0.12172991,0.12173619,0.12173707,0.121733025,0.12172448,0.12171198,0.12169596
0.12462997,0.1246855,0.124732144,0.124768615,0.12479345,0.1248053,0.12480274,0.124784395,0.12474887,0.124694765,0.12462069,0.124525264,0.12440707,0.12426472,0.124096856,0.123902015,0.123678885,0.12343683,0.123186775,0.12292956,0.12266601,0.12239693,0.122123174,0.12184555,0.12156487,0.12128203,0.12099776,0.12071298,0.12042845,0.120145045,0.11986356,0.11958483,0.11930968,0.119038954,0.11877345,0.11851404,0.118261516,0.118016705,0.11778045,0.11755357,0.11733688,0.11713123,0.11693745,0.11675635,0.11658877,0.11643552,0.11629745,0.11617536,0.11607011,0.115988165,0.115934536,0.11590786,0.115906745,0.11592975,0.11597552,0.11604265,0.11612973,0.11623545,0.11635827,0.11649695,0.11664998,0.11681603,0.116993695,0.11718157,0.11737827,0.11758241,0.117792554,0.11800738,0.11822543,0.11844536,0.11866575,0.1188852,0.11910232,0.11931574,0.11952405,0.11972586,0.11991978,0.120104395,0.12027835,0.12044021,0.12058862,0.12072113,0.120836824,0.12093653,0.12102105,0.12109125,0.121147916,0.121191904,0.12122403,0.121245146,0.121256016,0.12125754,0.1212505,0.121235766,0.121214114,0.1211864
0.12345929,0.12352188,0.123574495,0.12361562,0.12364361,0.12365698,0.123654105,0.12363341,0.12359335,0.12353234,0.12344882,0.123341195,0.12320792,0.1230474,0.1228581,0.122638404,0.12238676,0.12211283,0.12182802,0.1215335,0.12123036,0.12091973,0.12060272,0.12028047,0.11995409,0.11962473,0.1192935,0.11896151,0.118629895,0.11829979,0.117972314,0.11764856,0.11732968,0.1170168,0.11671103,0.116413504,0.11612532,0.11584765,0.11558158,0.11532824,0.115088776,0.114864275,0.11465587,0.11446469,0.114291884,0.114138536,0.1140058,0.11389477,0.1138066,0.11374671,0.11371876,0.113721214,0.11375245,0.11381092,0.11389505,0.11400327,0.114134006,0.114285685,0.11445675,0.11464563,0.11485072,0.11507049,0.11530336,0.11554775,0.11580208,0.11606479,0.11633431,0.11660906,0.11688747,0.117167994,0.11744904,0.11772903,0.1180064,0.118279584,0.118547015,0.11880709,0.119058296,0.119298995,0.119527675,0.11974274,0.1199426,0.12012256,0.12027965,0.12041505,0.12052984,0.120625146,0.12070211,0.12076185,0.12080547,0.12083411,0.12084892,0.12085097,0.12084143,0.12082139,0.12079199,0.12075435
0.12248722,0.12255567,0.12261326,0.12265821,0.122688875,0.122703485,0.12270033,0.1226777,0.12263387,0.12256714,0.122475736,0.122358,0.12221221,0.122036606,0.121829495,0.12158916,0.12131387,0.121013455,0.1206998,0.12037428,0.12003827,0.119693115,0.119340196,0.11898091,0.11861659,0.11824861,0.11787836,0.1175072,0.117136486,0.1167676,0.11640191,0.11604079,0.1156856,0.11533771,0.114998505,0.11466933,0.11435157,0.1140466,0.11375576,0.113480456,0.113222055,0.11298189,0.11276137,0.112561844,0.11238467,0.112231255,0.11210294,0.11200109,0.11192711,0.11188553,0.111878924,0.11190552,0.111963645,0.11205156,0.11216753,0.11230988,0.112476856,0.11266674,0.112877846,0.11310841,0.11335673,0.113621116,0.11389981,0.11419111,0.11449329,0.11480465,0.115123436,0.11544797,0.11577651,0.116107345,0.11643874,0.116769,0.1170964,0.11741921,0.11773572,0.118044205,0.11834295,0.118630245,0.11890436,0.11916356,0.11940617,0.11962551,0.119817026,0.11998203,0.12012194,0.120238125,0.12033191,0.120404735,0.12045791,0.12049283,0.120510876,0.12051339,0.120501734,0.12047731,0.12044148,0.12039561
0.12170229,0.12177549,0.12183707,0.12188516,0.12191793,0.12193358,0.12193019,0.12190599,0.121859126,0.121787764,0.12169003,0.12156414,0.12140821,0.12122041,0.12099894,0.12074191,0.12044753,0.12012574,0.11978878,0.11943826,0.11907571,0.11870267,0.11832078,0.11793156,0.117536604,0.11713745,0.11673568,0.11633288,0.11593061,0.11553042,0.11513389,0.11474257,0.11435805,0.11398191,0.1136157,0.11326097,0.112919316,0.1125923,0.11228149,0.111988455,0.11171475,0.11146194,0.111231625,0.11102534,0.11084468,0.1106912,0.11056645,0.110472016,0.110409476,0.1103827,0.1103933,0.11043943,0.11051926,0.11063092,0.11077263,0.11094253,0.111138776,0.1113595,0.11160291,0.11186716,0.1121504,0.11245076,0.1127665,0.11309567,0.11343649,0.11378713,0.114145726,0.11451044,0.114879444,0.11525089,0.115622975,0.11599381,0.11636161,0.11672449,0.11708064,0.1174282,0.11776536,0.11809024,0.11840104,0.11869592,0.11897304,0.11922417,0.11944344,0.11963238,0.119792596,0.1199256,0.12003302,0.12011639,0.12017729,0.120217256,0.12023791,0.120240785,0.120227456,0.12019949,0.12015847,0.12010593
0.12109305,0.12116997,0.12123465,0.12128515,0.121319585,0.12133598,0.12133246,0.12130705,0.121257804,0.12118284,0.121080205,0.12094798,0.12078418,0.12058693,0.12035429,0.12008432,0.1197751,0.11943672,0.11908171,0.11871175,0.118328586,0.117933944,0.11752955,0.11711711,0.11669836,0.11627502,0.11584879,0.11542144,0.11499466,0.114570156,0.11414968,0.11373496,0.113327675,0.1129296,0.11254242,0.112167895,0.11180768,0.11146355,0.11113722,0.11083041,0.11054484,0.11028221,0.11004431,0.10983278,0.10964939,0.109495856,0.109373875,0.10928521,0.10923157,0.10921627,0.10924023,0.1093015,0.10939818,0.10952831,0.10968999,0.10988125,0.1101002,0.11034489,0.11061337,0.11090374,0.11121408,0.11154243,0.11188685,0.11224544,0.11261626,0.11299737,0.113386855,0.11378277,0.114183195,0.11458617,0.1149898,0.11539217,0.11579129,0.11618527,0.11657218,0.11695009,0.11731703,0.117671125,0.1180104,0.118332945,0.11863684,0.11891267,0.1191535,0.11936101,0.11953697,0.11968305,0.11980102,0.119892575,0.11995945,0.12000336,0.12002603,0.12002922,0.12001456,0.11998386,0.11993879,0.1198811
0.120648086,0.120727696,0.12079463,0.12084689,0.12088253,0.12089954,0.12089586,0.120869555,0.12081859,0.12074097,0.12063475,0.120497875,0.120328374,0.12012421,0.119883426,0.11960402,0.11928398,0.11893349,0.118565224,0.1181811,0.117782906,0.117372446,0.11695162,0.116522215,0.11608609,0.11564509,0.115201004,0.114755705,0.114311025,0.11386879,0.11343082,0.11299898,0.11257509,0.112160966,0.11175849,0.11136947,0.11099572,0.1106391,0.11030143,0.10998458,0.10969034,0.109420545,0.10917706,0.108961724,0.10877636,0.10862277,0.108502835,0.108418375,0.108371206,0.10836429,0.108398,0.108470336,0.10857934,0.10872294,0.108899206,0.109106086,0.109341614,0.10960379,0.10989061,0.11020008,0.1105302,0.11087896,0.11124435,0.11162441,0.11201715,0.11242052,0.11283257,0.11325126,0.113674626,0.11410066,0.11452734,0.11495271,0.11537474,0.115791425,0.116200805,0.11660084,0.11698959,0.11736498,0.11772507,0.11806785,0.11839129,0.118685156,0.11894172,0.1191628,0.119350225,0.11950588,0.11963156,0.11972912,0.11980036,0.11984714,0.1198713,0.119874656,0.11985909,0.11982635,0.11977835,0.11971687
0.120355874,0.12043725,0.12050568,0.120559126,0.12059554,0.12061293,0.12060919,0.12058227,0.12053019,0.12045086,0.12034227,0.12020237,0.120029084,0.11982039,0.11957425,0.119288646,0.11896149,0.118603,0.1182261,0.11783265,0.11742456,0.11700377,0.11657213,0.11613159,0.115684055,0.11523143,0.11477563,0.11431855,0.11386211,0.11340823,0.112958774,0.112515695,0.1120809,0.11165626,0.11124372,0.11084518,0.11046254,0.11009772,0.10975262,0.10942914,0.10912921,0.108854726,0.108607605,0.10838974,0.10820307,0.10804946,0.10793086,0.10784914,0.10780625,0.107804835,0.107844956,0.10792458,0.10804163,0.1081941,0.10837992,0.10859708,0.10884349,0.10911716,0.10941601,0.109738,0.11008111,0.11044329,0.110822454,0.111216635,0.11162375,0.11204175,0.11246859,0.11290225,0.113340676,0.113781825,0.11422367,0.114664145,0.11510121,0.1155328,0.11595693,0.11637153,0.11677455,0.11716397,0.11753771,0.11789375,0.11823005,0.118535735,0.118802644,0.11903264,0.11922764,0.11938955,0.11952029,0.11962178,0.11969588,0.119744554,0.1197697,0.1197732,0.11975696,0.11972292,0.11967298,0.11960904
0.12020502,0.12028728,0.120356485,0.12041052,0.120447375,0.120464906,0.12046115,0.12043394,0.12038127,0.12030105,0.12019123,0.120049775,0.11987454,0.1196635,0.11941461,0.11912579,0.11879496,0.1184324,0.11805101,0.11765274,0.11723955,0.116813384,0.116376184,0.11592988,0.11547649,0.11501787,0.114556,0.114092834,0.11363034,0.11317041,0.11271506,0.112266175,0.11182573,0.11139565,0.11097792,0.110574484,0.110187255,0.10981818,0.10946922,0.10914236,0.108839475,0.108562574,0.10831356,0.108094424,0.107907064,0.10775344,0.10763552,0.10755525,0.107514545,0.10751599,0.107559405,0.107642755,0.107764006,0.107921034,0.10811179,0.10833424,0.1085863,0.1088659,0.109170936,0.109499425,0.10984923,0.110218324,0.11060463,0.11100608,0.11142062,0.11184616,0.11228066,0.112722054,0.11316828,0.113617204,0.11406684,0.11451513,0.11495995,0.11539927,0.11583101,0.11625312,0.11666354,0.11706016,0.11744095,0.11780386,0.11814678,0.11845859,0.11873084,0.118965425,0.119164325,0.11932948,0.11946284,0.11956633,0.119641945,0.1196916,0.11971723,0.11972079,0.11970424,0.11966953,0.11961859,0.119553365
0.12018401,0.12026641,0.120335706,0.12038985,0.12042675,0.12044433,0.120440535,0.120413296,0.12036054,0.12028019,0.12017022,0.12002852,0.11985301,0.11964165,0.119392365,0.11910311,0.11877177,0.11840862,0.1180266,0.11762769,0.117213786,0.116786875,0.11634889,0.11590181,0.11544755,0.11498812,0.11452543,0.114061415,0.11359806,0.11313731,0.11268111,0.11223141,0.11179019,0.11135936,0.11094094,0.11053679,0.11014892,0.10977925,0.109429784,0.10910243,0.10879915,0.10852189,0.10827263,0.10805331,0.10786585,0.10771222,0.10759439,0.107514314,0.107473925,0.10747576,0.10751964,0.107603535,0.107725345,0.10788302,0.10807447,0.10829764,0.10855049,0.1088309,0.10913682,0.10946619,0.10981694,0.11018701,0.110574305,0.110976756,0.111392334,0.11181893,0.11225449,0.11269696,0.11314424,0.11359429,0.11404502,0.11449438,0.11494029,0.115380675,0.115813494,0.11623665,0.11664807,0.1170457,0.1174275,0.11779134,0.11813519,0.118447855,0.118720815,0.11895607,0.11915551,0.11932114,0.11945484,0.119558625,0.119634435,0.11968421,0.119709924,0.1197135,0.1196969,0.11966209,0.11961102,0.1195456
0.120281406,0.12036322,0.12043202,0.12048578,0.120522395,0.12053986,0.120536074,0.12050907,0.12045667,0.1203769,0.12026772,0.12012702,0.11995277,0.119742945,0.11949544,0.11920825,0.11887928,0.118518785,0.118139654,0.11774383,0.11733321,0.11690977,0.11647537,0.11603203,0.11558157,0.11512601,0.1146672,0.11420714,0.11374769,0.11329083,0.11283845,0.11239252,0.111954935,0.11152762,0.11111252,0.11071154,0.11032664,0.10995972,0.10961274,0.10928755,0.10898619,0.108710505,0.10846245,0.10824394,0.10805693,0.10790334,0.10778505,0.107704066,0.10766225,0.10766223,0.107703984,0.107785456,0.107904576,0.108059295,0.10824756,0.10846732,0.108716525,0.10899312,0.109295025,0.10962022,0.109966636,0.110332236,0.11071492,0.111112684,0.11152348,0.11194519,0.112375826,0.112813294,0.11325557,0.11370057,0.11414627,0.114590555,0.115031466,0.115466915,0.11589477,0.116313085,0.11671973,0.11711271,0.117489934,0.11784939,0.11818894,0.11849767,0.11876719,0.118999444,0.11919636,0.11935989,0.119491935,0.119594425,0.11966926,0.11971843,0.11974381,0.119747326,0.11973096,0.11969656,0.11964612,0.119581565
0.120485775,0.12056633,0.12063408,0.120687,0.120723106,0.1207403,0.120736584,0.120709956,0.120658375,0.12057983,0.120472245,0.120333716,0.1201621,0.119955435,0.11971167,0.11942881,0.11910482,0.118749894,0.11837683,0.11798753,0.11758382,0.11716762,0.11674076,0.11630522,0.11586274,0.11541527,0.11496468,0.11451285,0.11406164,0.11361292,0.11316858,0.112730496,0.11230054,0.11188058,0.1114725,0.1110782,0.110699505,0.11033834,0.109996535,0.109675996,0.1093786,0.10910622,0.10886071,0.108643964,0.108457856,0.10830427,0.108185075,0.10810214,0.10805734,0.108053505,0.108090766,0.10816714,0.108280614,0.108429134,0.10861072,0.108823314,0.1090649,0.10933345,0.10962694,0.10994338,0.1102807,0.110636905,0.11100998,0.11139787,0.111798584,0.1122101,0.11263036,0.11305739,0.113489114,0.11392356,0.11435863,0.11479238,0.115222774,0.11564777,0.116065316,0.11647345,0.11687013,0.1172533,0.11762099,0.11797114,0.11830171,0.11860214,0.11886444,0.1190905,0.119282134,0.11944127,0.11956972,0.11966947,0.11974233,0.11979015,0.119814835,0.11981829,0.119802356,0.119768895,0.1197198,0.119656965
0.120785594,0.12086436,0.1209306,0.12098232,0.1210176,0.12103442,0.12103078,0.121004745,0.12095431,0.12087754,0.12077241,0.12063697,0.12046921,0.12026721,0.12002894,0.11975246,0.11943576,0.11908899,0.11872484,0.118345074,0.11795153,0.11754597,0.11713021,0.116706066,0.116275296,0.115839735,0.115401186,0.11496144,0.114522256,0.1140855,0.11365296,0.1132264,0.112807654,0.112398505,0.11200074,0.11161618,0.11124662,0.11089386,0.1105597,0.11024595,0.10995438,0.10968683,0.10944507,0.109230906,0.10904614,0.10889258,0.10877201,0.10868623,0.10863707,0.10862756,0.108658254,0.1087272,0.108832374,0.10897182,0.10914356,0.10934563,0.10957603,0.10983279,0.11011395,0.11041754,0.1107415,0.111083955,0.111442916,0.11181635,0.112202294,0.11259878,0.11300385,0.11341552,0.11383178,0.11425069,0.11467025,0.115088515,0.11550344,0.115913145,0.11631556,0.1167088,0.11709076,0.11745959,0.117813244,0.11814977,0.11846717,0.11875544,0.119007155,0.11922404,0.11940794,0.11956064,0.11968393,0.119779624,0.119849525,0.11989542,0.11991912,0.119922414,0.1199071,0.11987504,0.11982792,0.11976764
0.12116948,0.121245906,0.12131018,0.12136039,0.12139461,0.121410914,0.12140739,0.12138215,0.1213332,0.12125869,0.12115666,0.121025234,0.12086245,0.12066636,0.120435126,0.120166786,0.11985944,0.11952314,0.11917036,0.118802845,0.11842228,0.11803033,0.117628746,0.11721924,0.116803475,0.11638315,0.11596001,0.115535714,0.11511199,0.114690565,0.114273116,0.1138613,0.11345689,0.11306156,0.11267699,0.11230493,0.11194707,0.11160508,0.1112807,0.1109756,0.11069154,0.11043016,0.11019319,0.10998233,0.10979926,0.10964576,0.10952343,0.109434046,0.10937926,0.10936253,0.109384805,0.1094442,0.10953875,0.10966657,0.109825745,0.11001433,0.11023042,0.1104721,0.110737465,0.11102455,0.11133148,0.111656316,0.111997165,0.11235206,0.11271911,0.11309641,0.113482006,0.11387401,0.114270486,0.11466952,0.115069196,0.11546761,0.11586282,0.1162529,0.11663593,0.11701003,0.11737326,0.11772367,0.1180594,0.118378475,0.11867899,0.11895174,0.11918983,0.11939504,0.11956901,0.119713455,0.119830094,0.11992065,0.11998678,0.12003019,0.12005262,0.12005575,0.12004125,0.1200109,0.11996634,0.11990929
