0.13514203,0.13560715,0.13599835,0.1363039,0.13651215,0.13661142,0.13659,0.13643625,0.13613848,0.13568503,0.13506418,0.13426428,0.13327366,0.13208061,0.13067351,0.12904063,0.12717031,0.1250591,0.12272656,0.1201956,0.11748908,0.114629954,0.11164107,0.10854537,0.10536569,0.10212497,0.09884611,0.09555194,0.09226543,0.08900944,0.08580689,0.082680635,0.079653606,0.076748684,0.073988765,0.07139673,0.0689955,0.06680797,0.06485702,0.063165545,0.061756447,0.060652617,0.059876956,0.059452374,0.05940172,0.059747938,0.06051388,0.061722495,0.063396625,0.06543378,0.067708366,0.07020873,0.072923146,0.07584,0.07894756,0.0822342,0.085688174,0.08929789,0.0930516,0.09693764,0.10094437,0.105060086,0.10927311,0.11357178,0.117944375,0.12237927,0.12686476,0.1313892,0.13594085,0.14050809,0.14507921,0.14964256,0.15418643,0.15869915,0.1631691,0.16758454,0.17193379,0.17620519,0.18038708,0.18446773,0.18843555,0.19210264,0.19530416,0.19806303,0.20040217,0.20234443,0.20391276,0.20513006,0.20601916,0.20660298,0.20690443,0.20694642,0.2067518,0.20634349,0.20574442,0.20497744
0.13499805,0.13546914,0.13586529,0.13617471,0.13638562,0.13648613,0.13646445,0.13630876,0.13600719,0.13554798,0.13491927,0.13410918,0.13310596,0.13189778,0.13047276,0.12881918,0.12692508,0.12478735,0.12242604,0.11986432,0.11712532,0.11423211,0.11120786,0.10807568,0.10485871,0.10158007,0.09826289,0.09493028,0.091605395,0.08831134,0.08507124,0.08190823,0.078845434,0.07590599,0.07311301,0.070489615,0.06805894,0.06584412,0.06386826,0.062154524,0.060726,0.05960582,0.058817115,0.05838305,0.0583267,0.05867119,0.05943968,0.060655285,0.062341124,0.06439396,0.06668725,0.06920917,0.0719479,0.07489161,0.07802846,0.081346646,0.08483434,0.08847968,0.0922709,0.09619614,0.10024357,0.104401365,0.10865775,0.113000795,0.117418766,0.12189981,0.1264321,0.13100378,0.13560309,0.14021818,0.1448372,0.1494483,0.15403973,0.1585996,0.16311614,0.16757745,0.17197175,0.17628726,0.18051206,0.1846344,0.18864241,0.19234651,0.19558032,0.19836709,0.20072985,0.20269172,0.20427589,0.20550546,0.20640352,0.20699325,0.20729774,0.20734017,0.20714357,0.20673116,0.20612599,0.20535128
0.13487701,0.13535303,0.13575336,0.13606608,0.1362792,0.13638078,0.13635884,0.13620153,0.13589679,0.1354327,0.13479735,0.13397874,0.13296494,0.13174401,0.13030396,0.1286329,0.12671883,0.1245588,0.12217333,0.11958576,0.11681938,0.11389751,0.11084351,0.10768071,0.104432344,0.101121806,0.097772434,0.09440747,0.091050304,0.08772422,0.08445256,0.08125863,0.07816578,0.07519728,0.07237649,0.0697267,0.06727128,0.06503352,0.06303672,0.061304234,0.059859376,0.058725465,0.0579258,0.057483736,0.05742258,0.05776566,0.058536276,0.05975777,0.061453443,0.06351948,0.06582849,0.068368554,0.071127705,0.07409399,0.07725549,0.08060022,0.08411623,0.0877916,0.09161434,0.09557251,0.099654205,0.10384736,0.108140185,0.11252063,0.11697675,0.1214966,0.12606823,0.13067973,0.13531905,0.13997437,0.14463364,0.14928494,0.15391633,0.15851584,0.16307157,0.1675715,0.17200372,0.17635627,0.1806172,0.18477455,0.1888164,0.19255163,0.19581266,0.19862282,0.2010054,0.2029838,0.20458128,0.20582117,0.20672679,0.2073215,0.20762856,0.2076713,0.20747307,0.2070572,0.20644695,0.2056657
0.13478243,0.13526234,0.13566597,0.13598123,0.13619609,0.1362985,0.13627638,0.13611777,0.13581054,0.13534269,0.13470213,0.13387685,0.13285479,0.1316239,0.1301721,0.12848741,0.12655774,0.124380276,0.121975936,0.11936815,0.11658038,0.113636166,0.11055893,0.107372165,0.104099326,0.10076385,0.097389325,0.09399912,0.090616725,0.08726562,0.08396931,0.08075124,0.07763488,0.074643716,0.07180119,0.06913082,0.066656046,0.064400345,0.062387206,0.060640085,0.059182458,0.058037817,0.057229593,0.056781303,0.056716394,0.05705833,0.05783063,0.05905671,0.060760073,0.06283641,0.06515771,0.06771195,0.07048706,0.073471,0.07665173,0.080017194,0.083555326,0.08725413,0.09110148,0.0950854,0.09919382,0.10341468,0.10773593,0.11214556,0.11663148,0.12118163,0.125784,0.13042656,0.13509719,0.13978392,0.14447464,0.14915736,0.15381995,0.15845045,0.16303676,0.16756687,0.17202866,0.17641017,0.18069929,0.184884,0.18895227,0.1927118,0.19599405,0.19882256,0.20122065,0.20321192,0.2048198,0.20606779,0.2069793,0.20757787,0.20788692,0.20792995,0.20773043,0.20731182,0.20669764,0.20591128
0.13471802,0.13520057,0.1356064,0.13592339,0.13613942,0.13624239,0.13622019,0.13606068,0.13575177,0.13528132,0.13463724,0.13380739,0.13277969,0.13154201,0.13008225,0.12838826,0.12644795,0.12425862,0.1218414,0.119219825,0.11641753,0.113458045,0.11036497,0.10716188,0.103872344,0.10051993,0.09712822,0.09372079,0.09032121,0.08695309,0.08363996,0.080405444,0.07727306,0.07426643,0.07140913,0.06872469,0.066236734,0.06396883,0.061944544,0.060187466,0.05872112,0.05756916,0.056755107,0.056302562,0.0562351,0.056576278,0.057349704,0.058578927,0.060287528,0.06237088,0.06470056,0.067264445,0.07005043,0.07304641,0.07624024,0.079619825,0.08317307,0.086887814,0.09075196,0.09475344,0.09888006,0.103119776,0.10746045,0.11188992,0.11639615,0.12096699,0.12559031,0.13025403,0.13494599,0.13965411,0.1443663,0.14907037,0.15375428,0.15840589,0.16301303,0.16756369,0.17204568,0.17644688,0.18075524,0.18495864,0.1890449,0.19282103,0.19611776,0.19895867,0.20136735,0.2033674,0.20498237,0.20623584,0.20715138,0.20775259,0.208063,0.20810622,0.20790583,0.20748541,0.20686848,0.20607866
0.13468729,0.1351711,0.13557798,0.13589582,0.13611242,0.13621566,0.13619336,0.13603346,0.13572374,0.13525206,0.13460632,0.13377431,0.13274394,0.131503,0.1300394,0.128341,0.12639561,0.12420063,0.12177728,0.11914916,0.116339915,0.11337315,0.11027253,0.10706165,0.10376417,0.10040365,0.09700378,0.09358814,0.09018038,0.08680413,0.083482996,0.08024061,0.07710061,0.074086614,0.07122224,0.06853114,0.066036895,0.06376317,0.06173355,0.0599717,0.058501236,0.057345785,0.05652896,0.05607438,0.056005698,0.05634653,0.057120476,0.0583512,0.060062293,0.062149,0.06448266,0.06705116,0.06984233,0.072844036,0.07604411,0.07943044,0.08299084,0.086713225,0.09058538,0.09459521,0.09873053,0.10297922,0.10732911,0.1117681,0.116284,0.12086468,0.125498,0.1301718,0.13487393,0.13959229,0.14431463,0.14902891,0.15372296,0.15838462,0.16300173,0.1675622,0.17205378,0.17646442,0.18078193,0.1849942,0.18908903,0.19287305,0.19617666,0.19902354,0.2014373,0.20344155,0.20505987,0.20631595,0.20723343,0.20783587,0.20814693,0.20819026,0.20798942,0.20756811,0.20694992,0.20615846
0.13469389,0.13517745,0.13558413,0.13590176,0.13611826,0.13622144,0.13619916,0.13603936,0.13572979,0.13525838,0.13461299,0.13378146,0.13275164,0.13151143,0.13004865,0.1283512,0.12640691,0.124213144,0.12179111,0.11916439,0.11635665,0.11339148,0.11029249,0.107083276,0.10378749,0.100428745,0.09703062,0.093616754,0.09021076,0.08683624,0.08351684,0.08027616,0.07713781,0.07412538,0.07126256,0.06857288,0.06608,0.06380751,0.061779063,0.060018245,0.05854866,0.057393957,0.056577723,0.056123596,0.056055173,0.05639608,0.057169918,0.058400314,0.060110867,0.062196862,0.064529665,0.06709716,0.06988722,0.072887674,0.07608641,0.07947129,0.08303014,0.08675088,0.09062131,0.09462934,0.09876277,0.10300955,0.107357465,0.11179437,0.11630818,0.120886736,0.12551789,0.13018952,0.13488948,0.13960561,0.14432578,0.1490379,0.15372972,0.1583892,0.16300417,0.1675625,0.17205203,0.17646064,0.18077618,0.18498652,0.18907951,0.19286183,0.19616397,0.19900955,0.20142221,0.20342554,0.20504314,0.20629868,0.20721571,0.20781793,0.20812882,0.20817213,0.2079714,0.20755026,0.20693235,0.20614123
0.13474149,0.13522308,0.13562812,0.13594447,0.13616003,0.13626285,0.13624069,0.13608146,0.13577318,0.13530368,0.13466088,0.13383271,0.13280706,0.13157186,0.13011502,0.12842439,0.12648797,0.12430297,0.12189043,0.11927391,0.11647691,0.113522984,0.110435665,0.10723854,0.10395507,0.10060885,0.09722338,0.09382222,0.09042894,0.087067015,0.083760016,0.08053148,0.077404946,0.07440396,0.07155202,0.06887273,0.06638957,0.06412611,0.062105883,0.060352422,0.058889277,0.05773997,0.05692805,0.056477055,0.05641053,0.056751985,0.05752499,0.058753062,0.060459755,0.06254055,0.06486718,0.06742756,0.07020958,0.073201165,0.07639021,0.079764664,0.083312385,0.08702131,0.09087937,0.094874434,0.09899443,0.10322726,0.10756085,0.1119831,0.11648192,0.12104523,0.12566093,0.13031691,0.13500111,0.13970141,0.1444058,0.14910209,0.15377823,0.15842213,0.16302168,0.16756484,0.17203946,0.17643353,0.18073489,0.18493143,0.18901113,0.19278122,0.19607267,0.19890906,0.20131388,0.20331073,0.20492312,0.20617461,0.20708865,0.20768888,0.20799883,0.20804195,0.2078419,0.20742212,0.20680623,0.20601766
0.13483363,0.13531145,0.1357133,0.13602716,0.13624108,0.13634303,0.13632102,0.13616312,0.13585724,0.13539143,0.13475369,0.133932,0.13291441,0.13168892,0.13024348,0.12856618,0.12664495,0.12447695,0.12208281,0.119485945,0.11670977,0.113777675,0.110713005,0.10753919,0.10427961,0.10095767,0.09759673,0.094220206,0.09085147,0.08751393,0.08423095,0.081025936,0.07792231,0.07494341,0.072112665,0.06945344,0.066989146,0.06474315,0.06273885,0.060999643,0.059548944,0.058410104,0.05760653,0.057161596,0.05709873,0.057441276,0.058212653,0.059436258,0.061135463,0.06320621,0.06552086,0.06806743,0.07083391,0.07380828,0.07697861,0.08033283,0.083859004,0.08754509,0.091379136,0.09534913,0.09944306,0.10364895,0.1079548,0.1123486,0.11681839,0.121352166,0.12593788,0.1305636,0.13521732,0.13988702,0.14456072,0.14922644,0.15387213,0.15848586,0.1630556,0.16756934,0.17201516,0.17638098,0.18065484,0.18482473,0.1888787,0.19262506,0.19589584,0.1987144,0.20110413,0.2030884,0.20469067,0.20593427,0.2068426,0.20743905,0.20774701,0.2077899,0.20759113,0.20717394,0.20656192,0.20577835
0.13497397,0.13544603,0.13584302,0.1361531,0.13636443,0.13646516,0.13644342,0.1362874,0.13598523,0.13552503,0.134895,0.13408321,0.13307789,0.13186717,0.13043919,0.1287821,0.12688404,0.12474186,0.12237574,0.1198089,0.117064424,0.11416553,0.11113536,0.10799708,0.10477387,0.10148889,0.09816528,0.094826244,0.09149494,0.088194504,0.08494812,0.08177896,0.078710176,0.07576495,0.072966434,0.07033779,0.06790219,0.065682806,0.06370278,0.061985303,0.06055354,0.059430618,0.05863975,0.05820409,0.058146767,0.058490988,0.059259903,0.06047667,0.06216447,0.06421992,0.06651636,0.069041885,0.07178467,0.07473286,0.07787465,0.081198104,0.08469143,0.08834275,0.09214022,0.096072026,0.100126274,0.10429112,0.10855474,0.11290525,0.11733082,0.12181958,0.12635969,0.13093933,0.13554658,0.14016964,0.14479665,0.1494158,0.15401517,0.15858294,0.16310726,0.16757625,0.17197812,0.17630097,0.18053298,0.18466228,0.18867704,0.1923873,0.19562657,0.19841799,0.20078468,0.20274985,0.20433667,0.20556828,0.20646788,0.2070586,0.20736359,0.20740606,0.20720913,0.20679604,0.20618989,0.20541386
0.13516614,0.13563028,0.13602065,0.13632552,0.13653333,0.13663238,0.13661103,0.13645759,0.13616045,0.13570794,0.13508843,0.13429023,0.1333017,0.1321112,0.13070709,0.1290777,0.12721136,0.12510456,0.12277684,0.12025102,0.11754997,0.11469655,0.11171359,0.10862398,0.105450526,0.10221617,0.09894369,0.09565599,0.092375904,0.089126274,0.08593,0.08280991,0.07978886,0.07688971,0.074135326,0.07154856,0.069152266,0.06696929,0.0650225,0.06333475,0.061928924,0.060827818,0.06005434,0.059631333,0.05958164,0.05992814,0.060693666,0.0619011,0.063573286,0.0656078,0.06787926,0.070376,0.07308638,0.075998716,0.07910139,0.08238273,0.0858311,0.08943482,0.09318224,0.09706177,0.10106168,0.10517033,0.1093761,0.11366732,0.11803234,0.122459516,0.12693717,0.13145368,0.13599738,0.1405566,0.14511973,0.14967504,0.15421097,0.15871583,0.16317798,0.16758569,0.17192742,0.17619146,0.18036614,0.18443984,0.18840094,0.1920618,0.19525793,0.19801213,0.20034735,0.20228633,0.203852,0.20506722,0.20595479,0.20653765,0.2068386,0.20688051,0.20668623,0.2062786,0.20568055,0.20491484
0.13541368,0.13586767,0.13624947,0.13654771,0.13675095,0.13684781,0.13682693,0.1366769,0.13638622,0.13594364,0.1353377,0.13455696,0.13359007,0.13242567,0.13105229,0.12945858,0.1276331,0.12557189,0.123293616,0.12082068,0.118175544,0.115380704,0.11245857,0.10943165,0.10632237,0.103153184,0.099946596,0.096725024,0.09351094,0.09032679,0.08719506,0.08413819,0.08117864,0.078338884,0.07564135,0.073108524,0.07076285,0.068626806,0.066722825,0.06507339,0.06370096,0.06262796,0.0618769,0.061470203,0.061430346,0.061779775,0.062540956,0.063736334,0.06538839,0.06739594,0.06963524,0.072094895,0.0747635,0.07762964,0.08068195,0.08390901,0.08729944,0.09084182,0.09452479,0.09833692,0.102266826,0.106303096,0.11043436,0.114649214,0.11893621,0.12328403,0.12768121,0.1321164,0.13657817,0.14105515,0.14553593,0.1500091,0.15446325,0.15888707,0.16326906,0.16759787,0.1718621,0.17605034,0.18015121,0.18415326,0.18804517,0.1916424,0.19478293,0.19748925,0.19978382,0.20168911,0.20322755,0.20442162,0.2052938,0.20586652,0.20616223,0.20620343,0.20601249,0.20561197,0.2050243,0.20427191
0.13572022,0.13616166,0.13653287,0.13682283,0.13702044,0.13711466,0.13709432,0.13694842,0.13666584,0.13623554,0.13564636,0.1348873,0.13394722,0.13281508,0.1314798,0.12993023,0.12815537,0.12615065,0.12393359,0.12152615,0.11895029,0.11622799,0.11338121,0.11043193,0.10740208,0.10431366,0.101188645,0.09804896,0.09491661,0.09181358,0.088761754,0.08578319,0.082899794,0.08013356,0.07750646,0.07504043,0.07275747,0.07067952,0.06882858,0.067226596,0.06589552,0.064857356,0.064134054,0.06374755,0.06371986,0.064072914,0.06482869,0.06600917,0.06763631,0.069610454,0.07180992,0.07422364,0.0768405,0.07964943,0.08263937,0.085799225,0.0891179,0.092584334,0.09618744,0.09991613,0.10375933,0.10770597,0.11174493,0.11586516,0.120055586,0.124305114,0.12860267,0.13293712,0.13729745,0.14167257,0.14605136,0.15042277,0.1547757,0.15909912,0.1633819,0.16761294,0.17178117,0.17587557,0.17988499,0.18379837,0.18760464,0.191123,0.1941947,0.19684169,0.19908598,0.2009495,0.20245424,0.20362213,0.20447516,0.20503531,0.20532455,0.20536484,0.20517811,0.20478638,0.20421161,0.2034757
0.13608944,0.1365157,0.13687418,0.1371542,0.137345,0.13743597,0.13741635,0.13727547,0.13700259,0.13658704,0.13601811,0.13528511,0.13437732,0.13328405,0.13199459,0.13049828,0.12878433,0.12684764,0.12470432,0.12237575,0.119883336,0.11724841,0.11449236,0.111636564,0.10870241,0.105711244,0.102684446,0.099643424,0.096609525,0.09360413,0.090648584,0.087764286,0.08497263,0.082294956,0.07975265,0.07736709,0.07515965,0.073151685,0.07136458,0.06981973,0.06853851,0.06754226,0.06685235,0.0664902,0.06647715,0.06683458,0.06758388,0.0687464,0.07034353,0.07227744,0.07442893,0.0767873,0.07934188,0.082081914,0.08499674,0.08807564,0.09130792,0.09468288,0.09818981,0.10181803,0.10555681,0.109395474,0.1133233,0.11732961,0.12140371,0.12553483,0.12971239,0.13392554,0.1381637,0.14241615,0.14667213,0.150921,0.15515202,0.15935451,0.16351777,0.16763107,0.17168376,0.1756651,0.17956442,0.18337093,0.18707405,0.19049744,0.19348627,0.19606183,0.19824556,0.20005876,0.20152289,0.20265928,0.20348929,0.20403434,0.20431577,0.20435493,0.20417325,0.2037921,0.20323282,0.2025168
0.13652492,0.13693328,0.13727674,0.13754499,0.13772781,0.13781494,0.13779618,0.13766119,0.13739973,0.13700166,0.13645655,0.1357543,0.13488461,0.13383718,0.13260181,0.13116823,0.12952621,0.12766972,0.12561336,0.12337783,0.120983794,0.11845192,0.11580289,0.11305737,0.11023605,0.10735961,0.104448706,0.101523995,0.0986062,0.09571596,0.092873976,0.09010089,0.08741741,0.08484419,0.0824019,0.080111235,0.07799286,0.07606745,0.07435567,0.07287822,0.07165574,0.07070894,0.070058465,0.06972502,0.06972924,0.07009183,0.070833474,0.07197481,0.073536545,0.075423,0.07751791,0.07981104,0.08229212,0.0849509,0.08777712,0.09076056,0.093890935,0.09715799,0.1005515,0.10406118,0.10767683,0.11138814,0.115184896,0.119056836,0.12299371,0.12698525,0.1310212,0.13509135,0.1391854,0.14329313,0.14740431,0.15150861,0.15559582,0.15965572,0.163678,0.16765246,0.17156883,0.17541684,0.17918627,0.18286683,0.18644828,0.1897597,0.19265072,0.19514202,0.1972543,0.19900818,0.2004244,0.20152363,0.20232649,0.20285371,0.20312591,0.20316383,0.20298807,0.20261936,0.20207839,0.20138578
0.13703026,0.13741788,0.13774386,0.1379985,0.13817205,0.13825475,0.13823693,0.13810876,0.13786066,0.13748276,0.1369654,0.13629879,0.13547325,0.13447906,0.13330644,0.13194571,0.13038711,0.12862368,0.12666824,0.12454068,0.122260824,0.11984852,0.11732369,0.11470615,0.11201576,0.10927244,0.106496,0.1037063,0.10092323,0.09816663,0.0954564,0.0928124,0.09025443,0.08780244,0.08547621,0.083295666,0.08128065,0.07945103,0.07782664,0.07642741,0.07527313,0.074383706,0.07377897,0.07347883,0.07350309,0.07387168,0.07460443,0.075721204,0.07724185,0.07907326,0.081102505,0.08331991,0.08571571,0.08828019,0.09100362,0.09387625,0.09688835,0.100030236,0.103292115,0.10666428,0.11013699,0.11370053,0.11734518,0.12106119,0.124838814,0.12866834,0.13254006,0.13644418,0.14037104,0.14431085,0.14825392,0.15219048,0.15611085,0.16000526,0.16386397,0.16767728,0.17143546,0.17512876,0.17874748,0.1822818,0.1857221,0.1889035,0.19168112,0.19407462,0.19610399,0.19778906,0.19914968,0.20020574,0.20097713,0.20148364,0.20174517,0.2017816,0.20161276,0.20125853,0.20073879,0.20007336
0.13760906,0.13797294,0.13827895,0.13851796,0.13868088,0.13875851,0.13874176,0.1386215,0.13838856,0.13803384,0.13754818,0.13692246,0.13614753,0.13521427,0.13411355,0.13283624,0.13137317,0.12971638,0.12787654,0.12587261,0.12372353,0.121448226,0.11906562,0.116594665,0.114054285,0.1114634,0.10884098,0.106205925,0.10357719,0.10097368,0.09841438,0.09591816,0.09350401,0.091190845,0.08899757,0.08694317,0.08504653,0.08332662,0.08180235,0.080492675,0.07941651,0.07859281,0.07804049,0.07777847,0.077825725,0.07820117,0.07892373,0.080012344,0.08148595,0.08325428,0.08520834,0.087339,0.08963713,0.092093594,0.09469926,0.09744499,0.10032166,0.10332011,0.10643121,0.10964586,0.11295489,0.11634917,0.11981958,0.12335698,0.12695223,0.1305962,0.13427974,0.13799374,0.14172906,0.14547655,0.14922708,0.15297154,0.15670076,0.16040564,0.164077,0.16770573,0.17128272,0.17479879,0.17824484,0.18161173,0.18489031,0.1879229,0.19057047,0.19285202,0.19478643,0.19639267,0.19768965,0.1986963,0.19943155,0.19991437,0.20016366,0.2001984,0.20003742,0.19969979,0.19920434,0.19857006
0.1382273,0.13856564,0.1388502,0.13907245,0.13922395,0.13929611,0.13928057,0.1391687,0.13895212,0.13862228,0.13817067,0.13758881,0.13686824,0.13600041,0.1349769,0.13378915,0.13242866,0.13088629,0.12917048,0.12729919,0.12529032,0.12316188,0.12093173,0.11861786,0.116238214,0.11381072,0.11135332,0.10888394,0.10642057,0.1039811,0.1015835,0.09924573,0.09698568,0.09482134,0.092770614,0.09085146,0.089081846,0.08747969,0.08606291,0.08484949,0.083857335,0.08310442,0.08260867,0.08238803,0.082460456,0.08284386,0.0835562,0.08461543,0.08603947,0.08774111,0.08961542,0.091653965,0.09384825,0.09618975,0.098670006,0.1012805,0.104012735,0.106858246,0.10980849,0.112855,0.11598932,0.119202875,0.12248723,0.1258339,0.12923431,0.13268006,0.13616261,0.13967347,0.14320418,0.14674616,0.15029104,0.15383019,0.15735522,0.16085762,0.16432881,0.16776042,0.17114386,0.17447066,0.1777324,0.18092048,0.18402648,0.18690017,0.18940908,0.19157106,0.19340412,0.19492622,0.19615524,0.19710915,0.1978059,0.19826338,0.19849965,0.19853257,0.19838005,0.19806005,0.19759059,0.19698955
0.13884826,0.13916075,0.13942355,0.13962878,0.1397687,0.13983537,0.139821,0.13971773,0.13951766,0.13921306,0.13879594,0.13825862,0.13759314,0.1367917,0.13584644,0.13474949,0.13349305,0.1320667,0.13047652,0.12873945,0.12687247,0.12489251,0.12281649,0.120661415,0.11844418,0.11618177,0.113891125,0.11158914,0.10929284,0.10701912,0.10478494,0.10260726,0.100503035,0.09848916,0.096582614,0.09480038,0.09315936,0.091676496,0.09036877,0.0892531,0.08834643,0.08766575,0.08722797,0.08705004,0.08714889,0.08754151,0.088244826,0.089275785,0.09065133,0.09228719,0.09408256,0.09602958,0.0981204,0.10034723,0.10270217,0.10517739,0.107765034,0.1104573,0.11324632,0.11612421,0.11908319,0.12211537,0.12521294,0.128368,0.1315728,0.13481939,0.13809998,0.14140674,0.14473177,0.1480673,0.15140541,0.1547383,0.15805815,0.16135703,0.16462718,0.1678607,0.17104976,0.17418656,0.17726322,0.18027185,0.18320465,0.18591903,0.1882888,0.19033091,0.19206229,0.1935,0.19466087,0.1955619,0.19622001,0.19665214,0.19687526,0.19690633,0.19676228,0.19646008,0.19601662,0.19544889
0.13947168,0.13975798,0.13999873,0.14018682,0.14031497,0.14037606,0.14036286,0.14026827,0.14008498,0.1398059,0.13942379,0.13893148,0.13832179,0.13758753,0.13672152,0.13571654,0.13456544,0.1332565,0.13179335,0.13019197,0.12846833,0.12663834,0.12471798,0.12272319,0.120669916,0.11857412,0.11645172,0.1143187,0.112191,0.1100846,0.10801536,0.10599928,0.10405234,0.10219048,0.1004296,0.098785706,0.0972747,0.09591258,0.09471525,0.0936987,0.09287883,0.09227166,0.09189308,0.09175906,0.09188552,0.09228845,0.09298379,0.0939875,0.0953155,0.096886426,0.098603494,0.10045951,0.10244729,0.104559645,0.10678937,0.109129295,0.111572236,0.114111006,0.1167384,0.11944727,0.1222304,0.12508059,0.12799068,0.13095348,0.1339618,0.13700841,0.14008623,0.14318796,0.14630647,0.14943455,0.15256503,0.15569074,0.15880448,0.16189902,0.16496721,0.16800186,0.17099582,0.17394182,0.17683277,0.1796614,0.18242055,0.18497509,0.18720537,0.1891273,0.19075678,0.19210982,0.19320235,0.19405036,0.19466971,0.1950764,0.19528641,0.19531567,0.19518007,0.19489565,0.19447833,0.19394402
0.14009729,0.1403571,0.1405756,0.14074625,0.14086255,0.14091799,0.14090602,0.14082016,0.14065386,0.14040057,0.14005382,0.13960709,0.13905378,0.13838746,0.13760154,0.13668956,0.13564494,0.13445461,0.13311976,0.13165534,0.13007635,0.12839766,0.12663427,0.12480113,0.122913145,0.12098531,0.11903253,0.117069826,0.115112096,0.11317429,0.11127137,0.10941828,0.107629955,0.10592139,0.1043075,0.10280321,0.10142353,0.10018336,0.09909768,0.09818143,0.09744954,0.09691699,0.0965987,0.09650965,0.09666475,0.097079,0.09776731,0.09874465,0.10002595,0.10153271,0.103172086,0.10493755,0.10682258,0.10882067,0.110925294,0.1131299,0.11542799,0.11781305,0.12027853,0.12281794,0.12542476,0.12809245,0.13081446,0.13358432,0.1363955,0.13924146,0.14211565,0.14501159,0.14792277,0.15084262,0.15376465,0.15668236,0.1595892,0.16247858,0.16534413,0.16817918,0.17097732,0.17373197,0.17643659,0.17908472,0.18166979,0.18406421,0.1861546,0.18795602,0.18948334,0.19075158,0.1917756,0.19257042,0.19315098,0.19353215,0.19372901,0.1937564,0.19362932,0.19336274,0.19297156,0.19247077
0.14072482,0.14095789,0.14115387,0.141307,0.14141132,0.14146106,0.14145033,0.14137332,0.14122407,0.14099687,0.14068578,0.14028502,0.13978867,0.13919091,0.13848586,0.1376677,0.13673057,0.13565995,0.13445452,0.13312818,0.13169494,0.13016868,0.12856342,0.12689306,0.12517156,0.12341288,0.12163093,0.11983969,0.1180531,0.116285115,0.11454967,0.11286071,0.111232206,0.10967807,0.10821228,0.10684874,0.10560145,0.10448435,0.103511356,0.102696426,0.10205353,0.1015966,0.10133955,0.101296395,0.10148104,0.10190746,0.10258955,0.1035413,0.10477664,0.10621987,0.10778208,0.109457396,0.11123998,0.11312397,0.11510354,0.11717283,0.119325966,0.121557124,0.12386043,0.12623008,0.12866017,0.13114487,0.13367827,0.13625467,0.13886808,0.14151272,0.1441827,0.14687216,0.1495753,0.15228625,0.15499912,0.15770808,0.16040732,0.16309096,0.16575313,0.168388,0.17098975,0.17355244,0.1760703,0.1785374,0.18094799,0.18318191,0.18513225,0.18681291,0.18823783,0.18942104,0.19037643,0.19111799,0.1916596,0.19201528,0.19219887,0.1922245,0.19210592,0.1918572,0.19149221,0.19102502
0.14135394,0.14156005,0.1417334,0.1418688,0.14196107,0.14200503,0.14199555,0.14192745,0.14179546,0.14159456,0.14131944,0.14096497,0.14052598,0.13999735,0.1393738,0.13865021,0.13782142,0.13687143,0.1357963,0.13460903,0.1333225,0.13194966,0.1305035,0.12899695,0.1274429,0.12585434,0.12424424,0.1226255,0.12101105,0.11941385,0.117846884,0.11632307,0.11485533,0.11345659,0.11213989,0.11091806,0.109804116,0.10881097,0.107951574,0.10723888,0.10668584,0.10630535,0.10611041,0.1061139,0.10632884,0.10676813,0.107444696,0.10837153,0.10956153,0.1109418,0.11242726,0.11401278,0.11569316,0.11746321,0.119317815,0.12125173,0.12325985,0.12533692,0.12747782,0.1296774,0.1319304,0.13423172,0.13657616,0.13895856,0.14137371,0.14381649,0.14628166,0.14876409,0.15125859,0.15376,0.15626311,0.1587628,0.16125388,0.16373113,0.1661894,0.1686235,0.17102836,0.17339863,0.1757293,0.1780151,0.18025088,0.18232399,0.18413396,0.18569364,0.18701607,0.1881141,0.18900073,0.18968889,0.19019158,0.19052164,0.19069204,0.19071576,0.19060576,0.19037493,0.19003622,0.18960264
0.14198436,0.14216337,0.1423139,0.1424315,0.14251164,0.14254983,0.14254157,0.1424824,0.14236784,0.14219333,0.1419544,0.14164656,0.14126536,0.14080624,0.14026475,0.13963637,0.13891661,0.13808799,0.13714398,0.13609646,0.13495743,0.13373883,0.1324526,0.13111064,0.12972489,0.1283073,0.12686981,0.12542439,0.12398294,0.12255741,0.12115971,0.11980184,0.11849568,0.117253184,0.116086334,0.115007,0.11402715,0.11315874,0.112413675,0.11180394,0.11134143,0.1110381,0.11090589,0.11095673,0.11120256,0.11165533,0.112326965,0.11322941,0.1143746,0.115692325,0.11710143,0.118597426,0.12017578,0.12183203,0.1235617,0.12536027,0.12722325,0.12914613,0.13112442,0.13315369,0.13522938,0.13734697,0.13950206,0.14169008,0.14390658,0.14614703,0.14840694,0.15068184,0.15296724,0.1552586,0.1575515,0.15984137,0.16212378,0.16439418,0.16664812,0.16888104,0.17108853,0.17326608,0.1754092,0.1775133,0.17957404,0.18148614,0.18315552,0.18459412,0.1858138,0.18682657,0.18764435,0.18827909,0.18874271,0.18904713,0.1892043,0.1892262,0.18912472,0.18891181,0.18859945,0.18819949
0.14261582,0.14276761,0.14289519,0.14299488,0.14306282,0.14309521,0.14308822,0.14303806,0.14294091,0.142793,0.14259045,0.14232947,0.1420063,0.14161709,0.14115804,0.14062533,0.14001517,0.13930853,0.13849619,0.13758913,0.13659823,0.1355345,0.13440877,0.13323206,0.13201523,0.13076925,0.1295051,0.12823361,0.12696578,0.12571253,0.1244848,0.12329351,0.122149564,0.12106394,0.12004754,0.11911134,0.118266195,0.11752312,0.11689299,0.11638676,0.11601536,0.11578971,0.11572077,0.115819424,0.11609666,0.1165634,0.11723052,0.118109025,0.11920979,0.12046537,0.121798374,0.12320505,0.124681555,0.12622413,0.12782891,0.1294921,0.13120988,0.13297845,0.13479404,0.13665278,0.13855089,0.14048454,0.14244996,0.1444433,0.1464608,0.1484986,0.1505529,0.1526199,0.15469576,0.15677674,0.15885903,0.1609387,0.16301203,0.16507523,0.16712447,0.16915591,0.17116578,0.17315024,0.17510548,0.1770277,0.17891313,0.18066408,0.18219274,0.18351002,0.18462695,0.18555433,0.1863032,0.18688439,0.18730891,0.18758768,0.18773164,0.18775164,0.18765874,0.18746378,0.18717775,0.18681149
0.14324808,0.14337246,0.14347708,0.1435588,0.14361447,0.14364102,0.14363532,0.14359419,0.14351456,0.14339326,0.14322726,0.14301334,0.14274842,0.14242937,0.14205304,0.14161634,0.14111617,0.14053191,0.13985173,0.13908553,0.13824323,0.13733478,0.13637006,0.13535905,0.13431165,0.1332378,0.13214737,0.13105033,0.12995662,0.12887612,0.12781878,0.12679453,0.12581329,0.124884985,0.12401951,0.12322686,0.122516885,0.12189956,0.12138479,0.12098247,0.12070262,0.120555036,0.12054975,0.12069661,0.12100559,0.12148662,0.12214958,0.12300444,0.12406108,0.12525472,0.1265119,0.12782943,0.12920418,0.13063312,0.13211305,0.13364083,0.13521339,0.1368276,0.13848034,0.14016844,0.14188881,0.14363834,0.14541388,0.14721234,0.1490306,0.15086547,0.15271387,0.1545727,0.15643881,0.1583091,0.16018043,0.16204967,0.1639137,0.1657694,0.16761364,0.16944332,0.17125532,0.1730465,0.17481372,0.17655385,0.17826383,0.17985344,0.18124129,0.18243721,0.18345122,0.18429317,0.18497303,0.1855007,0.1858861,0.1861392,0.18626986,0.18628806,0.18620369,0.18602668,0.185767,0.18543449
0.14388077,0.14397775,0.1440593,0.14412303,0.14416645,0.14418714,0.14418268,0.14415063,0.14408852,0.14399399,0.14386456,0.1436978,0.14349122,0.14324251,0.1429491,0.1426087,0.14221874,0.14175716,0.14120938,0.1405843,0.13989088,0.13913803,0.13833463,0.13748957,0.13661188,0.1357104,0.13479404,0.13387175,0.13295242,0.13204497,0.13115835,0.13030143,0.12948316,0.12871245,0.12799823,0.12734939,0.12677486,0.12628354,0.12588438,0.12558629,0.12539817,0.12532893,0.12538752,0.12558284,0.12592377,0.1264193,0.12707831,0.12790972,0.12892243,0.13005434,0.13123575,0.13246422,0.13373734,0.13505268,0.13640775,0.13780016,0.13922748,0.14068726,0.14217705,0.14369442,0.14523698,0.14680226,0.14838782,0.14999121,0.15161009,0.15324187,0.15488425,0.15653475,0.15819094,0.15985033,0.16151056,0.16316915,0.16482371,0.1664717,0.16811085,0.1697386,0.17135257,0.1729503,0.17452937,0.17608735,0.17762178,0.17905001,0.18029691,0.18137142,0.18228246,0.18303895,0.18364976,0.18412384,0.18447013,0.18469754,0.18481493,0.18483126,0.18475549,0.18459646,0.18436311,0.18406439
0.14451365,0.14458321,0.1446417,0.14468737,0.14471851,0.14473334,0.14473014,0.14470716,0.14466263,0.14459485,0.14450204,0.14438245,0.14423434,0.14405602,0.14384562,0.1436015,0.1433219,0.14298311,0.14256781,0.14208403,0.14153959,0.14094242,0.14030044,0.13962151,0.13891362,0.13818462,0.13744245,0.13669501,0.13595022,0.13521594,0.13450013,0.13381067,0.13315551,0.1325425,0.13197963,0.13147473,0.13103573,0.13067056,0.13038711,0.13019332,0.13009706,0.13010627,0.13022883,0.13047267,0.13084568,0.13135582,0.13201092,0.13281892,0.13378781,0.13485803,0.13596375,0.13710326,0.13827471,0.13947646,0.1407067,0.14196374,0.14324576,0.1445511,0.14587794,0.14722459,0.14858925,0.14997025,0.15136577,0.15277408,0.15419346,0.15562214,0.15705839,0.1585005,0.15994662,0.1613951,0.1628441,0.16429202,0.16573702,0.16717736,0.16861129,0.17003708,0.17145294,0.17285718,0.17424804,0.17562377,0.17698263,0.17824942,0.1793554,0.18030849,0.1811165,0.18178749,0.18232927,0.18274975,0.1830569,0.18325858,0.18336271,0.18337722,0.18331,0.18316893,0.18296197,0.18269704
0.14514647,0.14518858,0.14522399,0.14525166,0.14527051,0.1452795,0.14527754,0.14526363,0.14523667,0.14519563,0.14513943,0.14506702,0.1449773,0.14486931,0.14474194,0.14459412,0.14442477,0.14420868,0.14392588,0.14358328,0.14318775,0.14274625,0.14226562,0.14175278,0.14121462,0.14065807,0.14009002,0.13951737,0.138947,0.13838588,0.13784079,0.13731876,0.13682662,0.1363713,0.13595967,0.13559864,0.13529515,0.13505605,0.13488826,0.13479874,0.1347943,0.13488187,0.13506834,0.1353607,0.13576575,0.1362904,0.1369416,0.13772623,0.13865118,0.13965969,0.14068969,0.14174013,0.14280997,0.14389814,0.14500354,0.1461252,0.14726198,0.14841285,0.14957675,0.1507527,0.1519395,0.15313618,0.15434168,0.15555495,0.15677491,0.1580005,0.15923066,0.16046438,0.16170052,0.16293807,0.164176,0.16541322,0.16664869,0.16788131,0.16911007,0.1703339,0.17155172,0.17276253,0.17396522,0.17515872,0.17634203,0.1774474,0.17841245,0.17924404,0.17994913,0.18053463,0.18100737,0.18137434,0.18164232,0.18181828,0.18190913,0.18192181,0.18186316,0.18174008,0.18155947,0.1813283
0.14577891,0.14579362,0.14580601,0.14581569,0.1458223,0.14582545,0.14582478,0.14581987,0.14581046,0.14579608,0.14577644,0.14575107,0.1457197,0.14568192,0.14563735,0.14558564,0.14552638,0.14543281,0.1452823,0.14508066,0.14483382,0.14454772,0.14422822,0.14388119,0.14351255,0.1431282,0.14273404,0.14233597,0.14193983,0.14155152,0.141177,0.14082216,0.14049283,0.14019486,0.13993432,0.13971697,0.13954873,0.13943553,0.13938321,0.13939768,0.13948485,0.13965061,0.13990088,0.14024149,0.14067836,0.1412174,0.14186451,0.14262557,0.14350648,0.14445314,0.14540733,0.1463687,0.14733681,0.14831136,0.14929192,0.15027817,0.15126972,0.15226619,0.15326723,0.15427247,0.15528153,0.15629405,0.1573096,0.15832794,0.15934856,0.16037117,0.16139536,0.16242084,0.16344717,0.164474,0.1655009,0.16652757,0.16755365,0.16857874,0.16960247,0.17062446,0.17164433,0.17266181,0.1736764,0.1746878,0.17569561,0.17663963,0.17746383,0.17817408,0.17877622,0.17927624,0.17967997,0.17999333,0.18022223,0.1803725,0.18045013,0.18046094,0.18041082,0.18030572,0.18015148,0.17995405
0.14641063,0.14639808,0.14638755,0.14637928,0.14637366,0.14637096,0.14637157,0.14637569,0.14638373,0.146396,0.14641276,0.14643434,0.1464611,0.14649329,0.14653128,0.14657539,0.14662589,0.14665444,0.14663576,0.1465747,0.14647618,0.14634508,0.14618629,0.14600468,0.14580518,0.14559264,0.14537193,0.14514796,0.14492565,0.14470983,0.14450543,0.14431731,0.14415038,0.14400952,0.14389959,0.1438255,0.14379215,0.14380443,0.1438672,0.14398535,0.14416377,0.14440739,0.14472105,0.14510962,0.14557804,0.14613114,0.14677389,0.14751111,0.14834772,0.14923231,0.15011048,0.15098259,0.15184893,0.15270977,0.1535655,0.15441634,0.15526268,0.1561048,0.15694308,0.15777779,0.15860918,0.15943767,0.16026354,0.1610871,0.16190861,0.16272847,0.16354698,0.16436443,0.16518113,0.16599745,0.16681363,0.16763006,0.16844697,0.16926473,0.17008363,0.17090401,0.17172621,0.17255047,0.17337719,0.1742066,0.17503908,0.17582186,0.17650528,0.17709419,0.17759354,0.17800811,0.17834291,0.17860276,0.17879255,0.17891717,0.17898154,0.1789905,0.17894892,0.1788618,0.17873392,0.17857018
0.14704148,0.14700173,0.14696832,0.14694223,0.14692448,0.14691597,0.14691779,0.14693093,0.14695637,0.1469951,0.14704813,0.14711645,0.14720103,0.1473029,0.14742309,0.14756255,0.14772229,0.14787243,0.14798509,0.14806406,0.14811327,0.14813662,0.14813799,0.14812122,0.14809021,0.14804885,0.14800104,0.14795062,0.14790152,0.14785759,0.14782271,0.14780077,0.14779566,0.14781122,0.14785141,0.14792001,0.14802103,0.14815824,0.14833553,0.14855686,0.14882606,0.14914702,0.14952357,0.1499597,0.15045917,0.15102594,0.1516639,0.15237689,0.15316883,0.15399103,0.15479296,0.15557562,0.15633997,0.15708704,0.15781786,0.15853335,0.15923455,0.15992244,0.16059805,0.16126236,0.16191636,0.16256106,0.16319744,0.1638265,0.16444924,0.16506667,0.16567977,0.16628954,0.16689703,0.16750315,0.16810896,0.1687154,0.16932353,0.16993433,0.17054875,0.17116788,0.1717926,0.17242399,0.17306302,0.1737107,0.17436802,0.17498976,0.17553255,0.1760003,0.17639686,0.17672615,0.17699206,0.17719844,0.17734918,0.17744814,0.17749926,0.17750639,0.17747341,0.17740417,0.17730261,0.17717256
0.14767104,0.1476043,0.1475482,0.14750436,0.14747448,0.14746027,0.1474633,0.14748536,0.14752811,0.14759316,0.1476822,0.14779697,0.1479391,0.14811027,0.14831212,0.14854635,0.1488147,0.14908575,0.14932896,0.14954728,0.14974348,0.14992051,0.15008126,0.15022856,0.15036537,0.15049444,0.15061873,0.15074112,0.15086444,0.15099163,0.1511255,0.15126899,0.15142493,0.15159623,0.15178573,0.15199639,0.15223096,0.1524924,0.15278359,0.15310737,0.15346667,0.15386434,0.1543032,0.15478621,0.1553162,0.15589613,0.15652874,0.15721703,0.15796378,0.15872319,0.15944847,0.16014145,0.16080366,0.16143684,0.16204268,0.16262284,0.16317897,0.16371274,0.16422588,0.16472003,0.16519688,0.16565806,0.16610529,0.16654024,0.1669646,0.16738002,0.16778815,0.16819075,0.16858937,0.1689858,0.16938168,0.16977863,0.17017843,0.17058267,0.17099303,0.17141125,0.17183891,0.17227782,0.17272948,0.17319573,0.17367816,0.17413902,0.17454135,0.1748881,0.17518206,0.17542617,0.17562324,0.17577623,0.17588799,0.17596135,0.17599924,0.17600451,0.17598008,0.17592876,0.17585346,0.17575707
0.14829913,0.14820558,0.14812692,0.14806548,0.14802359,0.14800364,0.14800794,0.14803883,0.14809874,0.14818992,0.14831479,0.14847565,0.14867483,0.14891475,0.14919771,0.14952607,0.14990216,0.15029326,0.1506662,0.1510229,0.15136525,0.15169506,0.15201427,0.15232474,0.15262833,0.15292692,0.15322238,0.15351659,0.15381142,0.15410878,0.15441048,0.15471846,0.15503453,0.15536062,0.1556986,0.1560503,0.15641762,0.15680243,0.15720662,0.15763208,0.15808065,0.15855423,0.15905465,0.15958384,0.16014363,0.16073593,0.16136262,0.16202551,0.16272655,0.16342261,0.16407092,0.16467382,0.1652337,0.16575284,0.16623366,0.16667844,0.16708961,0.16746943,0.1678203,0.16814455,0.16844454,0.16872264,0.16898115,0.16922244,0.16944884,0.16966274,0.16986647,0.17006233,0.17025274,0.17044002,0.17062652,0.17081457,0.17100656,0.1712048,0.17141166,0.17162946,0.17186058,0.17210735,0.17237213,0.17265724,0.17296505,0.17326535,0.17352748,0.17375337,0.17394494,0.17410398,0.1742324,0.17433205,0.17440486,0.17445266,0.17447737,0.17448078,0.17446484,0.17443141,0.17438236,0.17431957
0.1489254,0.14880528,0.14870428,0.14862537,0.14857161,0.14854598,0.1485515,0.14859119,0.14866811,0.14878517,0.1489455,0.14915203,0.14940783,0.14971589,0.1500792,0.15050086,0.15098381,0.15149389,0.15199551,0.15248959,0.15297693,0.15345849,0.15393507,0.15440758,0.15487686,0.1553438,0.15580936,0.15627429,0.15673952,0.15720585,0.1576743,0.15814562,0.15862076,0.15910055,0.15958588,0.1600776,0.16057661,0.16108379,0.16160001,0.16212611,0.162663,0.16321155,0.16377261,0.16434705,0.16493587,0.16553974,0.16615966,0.1667965,0.16745107,0.16808319,0.16865396,0.16916649,0.1696237,0.17002867,0.1703844,0.17069386,0.17096013,0.17118615,0.17137507,0.17152975,0.1716533,0.17174865,0.17181896,0.1718671,0.17189614,0.17190914,0.17190903,0.1718989,0.17188175,0.17186055,0.17183834,0.17181817,0.17180298,0.17179587,0.17179981,0.17181781,0.17185292,0.1719081,0.17198643,0.17209087,0.17222443,0.17236443,0.17248663,0.17259197,0.17268126,0.1727554,0.1728153,0.17286174,0.1728957,0.17291796,0.17292951,0.17293112,0.17292368,0.17290805,0.1728852,0.17285593
0.14954957,0.14940318,0.14928006,0.14918388,0.14911833,0.1490871,0.14909384,0.14914222,0.14923595,0.14937867,0.14957407,0.14982584,0.15013766,0.15051314,0.15095603,0.15146998,0.15205868,0.15268658,0.1533157,0.1539459,0.15457705,0.15520902,0.15584172,0.15647496,0.15710871,0.15774272,0.158377,0.15901135,0.15964562,0.16027978,0.16091362,0.16154703,0.16217993,0.16281216,0.1634436,0.16407412,0.16470362,0.16533196,0.16595896,0.16658463,0.1672087,0.16783117,0.16845182,0.16907057,0.1696873,0.17030185,0.17091411,0.171524,0.17213136,0.17269878,0.1731915,0.17361318,0.17396744,0.17425801,0.17448854,0.1746627,0.17478421,0.17485671,0.17488386,0.17486939,0.17481689,0.17473012,0.17461272,0.17446835,0.17430072,0.17411348,0.17391032,0.17369491,0.1734709,0.17324203,0.17301187,0.17278424,0.17256269,0.17235094,0.1721527,0.17197157,0.17181128,0.1716755,0.17156789,0.17149213,0.17145191,0.17143199,0.1714146,0.17139962,0.1713869,0.17137635,0.17136784,0.17136121,0.17135638,0.17135322,0.17135157,0.17135136,0.1713524,0.1713546,0.17135786,0.17136206
0.15017144,0.14999902,0.14985403,0.14974079,0.1496636,0.14962684,0.14963473,0.14969175,0.1498021,0.14997017,0.15020026,0.1504967,0.15086387,0.151306,0.15182748,0.15243268,0.15312584,0.15387025,0.15462546,0.15539041,0.15616392,0.15694492,0.15773223,0.15852481,0.15932149,0.16012117,0.16092269,0.16172497,0.16252685,0.16332729,0.16412508,0.16491914,0.16570835,0.16649158,0.16726772,0.16803563,0.16879423,0.16954236,0.1702789,0.17100278,0.17171283,0.17240793,0.17308697,0.17374884,0.1743924,0.17501655,0.17562017,0.17620213,0.17676131,0.17726329,0.17767727,0.17800759,0.17825854,0.17843449,0.17853975,0.17857866,0.17855552,0.17847468,0.1783405,0.17815721,0.17792924,0.17766088,0.17735642,0.17702025,0.17665668,0.17627002,0.1758646,0.17544475,0.1750148,0.17457908,0.17414196,0.17370768,0.17328064,0.17286511,0.17246544,0.172086,0.17173107,0.17140499,0.17111209,0.17085673,0.17064317,0.17046373,0.1703071,0.1701721,0.17005765,0.1699626,0.16988586,0.1698263,0.16978282,0.16975424,0.16973951,0.16973744,0.16974695,0.16976693,0.16979624,0.16983376
0.15079059,0.15059255,0.15042603,0.15029593,0.1502073,0.150165,0.15017413,0.15023957,0.15036637,0.15055938,0.15082371,0.15116425,0.15158598,0.15209392,0.15269299,0.15338814,0.1541844,0.15504377,0.15592358,0.15682168,0.15773599,0.1586644,0.15960479,0.16055502,0.16151303,0.16247664,0.1634438,0.16441235,0.16538022,0.16634524,0.16730538,0.16825841,0.1692023,0.17013496,0.17105421,0.17195798,0.1728441,0.17371051,0.1745551,0.17537571,0.17617029,0.17693667,0.17767277,0.1783765,0.17904565,0.17967822,0.18027201,0.18082498,0.18133496,0.18177055,0.18210503,0.18234344,0.18249069,0.18255179,0.18253165,0.18243532,0.18226773,0.18203382,0.18173864,0.18138708,0.18098415,0.18053488,0.18004411,0.17951688,0.17895819,0.178373,0.17776626,0.17714295,0.17650802,0.1758665,0.17522328,0.1745834,0.17395179,0.17333342,0.17273335,0.17215642,0.17160767,0.17109206,0.17061457,0.17018017,0.16979381,0.16945533,0.16915983,0.1689052,0.1686893,0.16851003,0.16836528,0.16825292,0.16817088,0.16811697,0.16808914,0.16808529,0.16810323,0.16814092,0.16819622,0.16826701
0.15140682,0.15118353,0.15099576,0.15084909,0.15074913,0.15070146,0.15071176,0.15078557,0.1509285,0.15114614,0.1514442,0.15182815,0.15230368,0.15287635,0.15355179,0.15433563,0.15523341,0.1562061,0.15720879,0.15823834,0.15929171,0.16036575,0.16145739,0.16256352,0.16368099,0.16480677,0.16593769,0.1670707,0.16820267,0.16933051,0.17045112,0.17156133,0.17265816,0.17373839,0.17479901,0.17583685,0.17684884,0.17783184,0.17878284,0.17969865,0.18057615,0.18141228,0.18220398,0.18294807,0.18364148,0.18428107,0.18486384,0.18538658,0.18584621,0.18621443,0.18646866,0.18661451,0.18665762,0.18660356,0.18645796,0.18622638,0.18591447,0.18552782,0.18507203,0.18455274,0.18397549,0.18334597,0.18266971,0.18195234,0.18119948,0.1804167,0.17960969,0.17878392,0.17794512,0.17709881,0.17625067,0.17540629,0.17457119,0.17375106,0.17295149,0.17217809,0.17143641,0.17073213,0.17007083,0.16945809,0.16889955,0.16840254,0.16796863,0.16759473,0.1672777,0.16701445,0.1668019,0.16663693,0.16651642,0.1664373,0.16639642,0.16639072,0.1664171,0.16647243,0.16655368,0.16665761
0.15201983,0.15177174,0.15156306,0.15140009,0.151289,0.15123606,0.15124749,0.1513295,0.15148832,0.15173021,0.15206136,0.15248804,0.15301645,0.1536528,0.15440337,0.15527433,0.15627198,0.15735611,0.15847984,0.15963896,0.16082944,0.16204719,0.16328812,0.16454813,0.16582312,0.16710901,0.16840175,0.16969717,0.17099124,0.17227988,0.17355898,0.17482443,0.17607215,0.17729808,0.17849813,0.17966816,0.1808041,0.1819019,0.18295747,0.18396665,0.1849254,0.18582962,0.18667524,0.18745817,0.18817429,0.18881954,0.18938981,0.18988101,0.19028908,0.19058877,0.19076186,0.19081452,0.19075297,0.1905835,0.1903122,0.18994549,0.18948945,0.18895037,0.1883345,0.18764797,0.18689711,0.18608813,0.18522726,0.18432067,0.18337464,0.18239541,0.1813892,0.18036221,0.17932066,0.17827085,0.17721894,0.17617118,0.1751338,0.17411305,0.1731151,0.17214625,0.17121269,0.17032066,0.16947639,0.16868606,0.16795598,0.16730098,0.1667292,0.16623642,0.16581862,0.16547172,0.16519159,0.16497418,0.16481537,0.16471112,0.16465726,0.16464975,0.16468453,0.16475743,0.16486444,0.16500145
0.15262938,0.1523569,0.15212776,0.15194874,0.15182674,0.1517686,0.15178116,0.15187122,0.15204564,0.1523113,0.15267499,0.15314354,0.15372387,0.15442272,0.155247,0.15620354,0.15729916,0.15849279,0.15973549,0.16102213,0.16234764,0.16370697,0.16509506,0.1665068,0.16793711,0.16938098,0.1708333,0.17228898,0.173743,0.17519024,0.17662561,0.17804414,0.17944068,0.18081014,0.18214747,0.18344764,0.18470554,0.1859161,0.18707424,0.18817492,0.18921304,0.19018355,0.19108133,0.19190134,0.19263853,0.19328785,0.19384412,0.19430238,0.19465747,0.19488752,0.19497848,0.19493715,0.19477047,0.19448516,0.19408819,0.19358629,0.19298632,0.19229518,0.19151966,0.19066662,0.1897429,0.18875529,0.18771072,0.18661597,0.18547793,0.18430339,0.1830992,0.18187219,0.18062924,0.17937715,0.1781228,0.17687301,0.17563462,0.17441447,0.17321941,0.17205626,0.17093186,0.1698531,0.16882674,0.1678597,0.16695878,0.16614644,0.16543724,0.1648261,0.16430792,0.16387765,0.16353028,0.16326061,0.16306365,0.1629343,0.16286755,0.16285823,0.16290134,0.16299178,0.1631245,0.1632944
0.15323512,0.15293874,0.15268953,0.15249483,0.15236217,0.15229891,0.15231258,0.15241052,0.15260023,0.15288915,0.15328473,0.15379435,0.15442547,0.15518558,0.15608208,0.15712242,0.15831402,0.15961501,0.16097449,0.16238642,0.16384469,0.16534334,0.16687626,0.16843739,0.17002071,0.17162018,0.17322972,0.1748433,0.17645487,0.17805834,0.17964774,0.18121696,0.18275997,0.18427068,0.1857431,0.18717115,0.18854876,0.18986993,0.19112854,0.19231862,0.19343407,0.19446887,0.19541696,0.19627222,0.19702871,0.19768032,0.19822103,0.19864474,0.19894543,0.1991045,0.19911224,0.1989762,0.19870375,0.19830234,0.19777942,0.1971424,0.19639876,0.1955559,0.1946213,0.19360238,0.1925066,0.19134136,0.19011411,0.18883234,0.18750344,0.18613486,0.18473402,0.18330838,0.18186538,0.18041249,0.17895709,0.17750669,0.17606865,0.17465046,0.17325954,0.17190336,0.17058931,0.16932489,0.1681175,0.16697459,0.16590358,0.16493456,0.16408852,0.1633595,0.16274138,0.16222814,0.16181369,0.161492,0.16125709,0.1611028,0.16102313,0.16101202,0.16106348,0.16117136,0.16132966,0.16153237
0.15383677,0.15351708,0.15324824,0.1530382,0.15289508,0.15282686,0.15284158,0.15294723,0.15315193,0.15346359,0.15389031,0.15444006,0.1551209,0.15594085,0.15690798,0.15803021,0.15931566,0.16072167,0.16219561,0.16373041,0.16531903,0.1669545,0.16862978,0.17033786,0.17207164,0.17382416,0.17558838,0.17735733,0.17912391,0.18088113,0.18262197,0.18433937,0.18602635,0.18767586,0.1892809,0.19083443,0.1923294,0.19375883,0.19511569,0.19639291,0.19758354,0.19868048,0.19967678,0.20056534,0.2013392,0.20199127,0.20251463,0.20290212,0.20314685,0.2032335,0.20315704,0.20292535,0.20254652,0.20202859,0.20137958,0.20060751,0.19972043,0.19872628,0.19763318,0.19644913,0.19518213,0.19384024,0.19243148,0.19096382,0.18944535,0.18788409,0.18628806,0.18466523,0.18302369,0.18137148,0.17971659,0.17806703,0.17643087,0.17481606,0.17323074,0.17168282,0.17018043,0.16873151,0.16734414,0.1660263,0.16478606,0.16366102,0.16267885,0.16183248,0.16111481,0.16051893,0.16003779,0.15966435,0.15939161,0.15921246,0.15912,0.15910712,0.1591668,0.15929207,0.1594759,0.15971118
0.15443408,0.15409164,0.15380362,0.15357865,0.15342534,0.15335226,0.15336803,0.15348122,0.15370046,0.15403433,0.15449141,0.15508032,0.15580966,0.15668802,0.157724,0.15892617,0.16030316,0.16181174,0.16339757,0.16505267,0.16676904,0.16853873,0.17035371,0.172206,0.1740876,0.17599046,0.17790669,0.17982826,0.18174712,0.18365537,0.18554494,0.18740788,0.18923615,0.19102183,0.19275686,0.19443329,0.19604312,0.19757831,0.19903094,0.20039296,0.2016564,0.20281325,0.20385554,0.20477527,0.20556444,0.20621507,0.20671916,0.2070687,0.2072557,0.20726854,0.20710653,0.20677833,0.20629247,0.20565763,0.20488238,0.20397526,0.20294498,0.2018,0.200549,0.1992006,0.19776332,0.19624583,0.19465667,0.1930045,0.19129786,0.18954536,0.18775563,0.18593721,0.18409875,0.18224885,0.18039604,0.17854895,0.17671624,0.17490642,0.17312814,0.17138997,0.1697005,0.16806838,0.1665022,0.16501047,0.16360186,0.16232163,0.16120388,0.1602407,0.15942404,0.15874596,0.15819843,0.15777344,0.15746304,0.15725921,0.15715396,0.15713933,0.15720727,0.1573498,0.15755896,0.15782677
0.15502676,0.15466215,0.1543555,0.15411599,0.15395275,0.15387495,0.15389176,0.15401226,0.15424566,0.15460111,0.1550878,0.15571482,0.15649132,0.1574265,0.15852953,0.15980947,0.16127557,0.16288406,0.16457915,0.16635181,0.16819319,0.1700943,0.17204615,0.17403977,0.17606626,0.17811663,0.18018197,0.18225321,0.18432154,0.1863779,0.18841334,0.19041894,0.1923857,0.19430469,0.19616698,0.19796358,0.1996855,0.20132384,0.20286962,0.20431387,0.20564766,0.20686202,0.207948,0.2088966,0.20969893,0.21034598,0.21082881,0.21113846,0.211266,0.21120334,0.21095459,0.21052884,0.20993531,0.2091831,0.2082814,0.20723931,0.20606604,0.20477073,0.20336254,0.20185056,0.20024405,0.19855209,0.19678384,0.19494846,0.19305512,0.19111294,0.18913113,0.1871188,0.18508509,0.18303916,0.18099023,0.17894736,0.17691976,0.17491658,0.17294697,0.17102002,0.169145,0.16733103,0.16558716,0.16392267,0.16234663,0.16091195,0.15965942,0.15858005,0.15766491,0.15690501,0.15629143,0.15581518,0.15546736,0.15523891,0.15512101,0.15510456,0.15518072,0.15534046,0.15557486,0.15587491
0.15561453,0.15522839,0.15490367,0.15465003,0.15447713,0.15439473,0.15441252,0.15454015,0.15478733,0.15516378,0.15567917,0.15634315,0.1571655,0.15815584,0.15932392,0.1606794,0.16223197,0.16393757,0.16573901,0.16762641,0.16958985,0.17161939,0.1737051,0.17583708,0.17800546,0.18020025,0.18241155,0.18462951,0.18684413,0.18904553,0.1912238,0.193369,0.19547126,0.19752064,0.19950718,0.20142105,0.20325223,0.20499088,0.20662706,0.20815088,0.20955236,0.21082166,0.21194883,0.2129239,0.21373707,0.2143783,0.21483776,0.21510552,0.21517164,0.21503185,0.21469496,0.21417068,0.2134687,0.21259865,0.21157031,0.21039331,0.20907736,0.20763224,0.20606746,0.2043929,0.20261812,0.20075288,0.19880688,0.19678979,0.19471131,0.19258112,0.1904089,0.18820442,0.1859773,0.18373723,0.18149394,0.17925714,0.1770365,0.17484164,0.1726824,0.17056836,0.16850927,0.16651475,0.16459462,0.16275845,0.16101602,0.15942778,0.15804116,0.15684626,0.15583317,0.15499194,0.15431267,0.15378545,0.15340039,0.15314752,0.15301694,0.15299876,0.15308309,0.1532599,0.15351938,0.15385158
0.15619707,0.15579014,0.15544786,0.15518053,0.15499836,0.1549115,0.15493025,0.15506476,0.15532526,0.155722,0.1562652,0.15696502,0.15783171,0.15887548,0.16010654,0.16153513,0.16317147,0.16497122,0.16687608,0.16887508,0.17095745,0.17311227,0.17532869,0.17759582,0.17990282,0.1822388,0.18459289,0.18695422,0.18931194,0.19165514,0.19397302,0.19625466,0.19848916,0.20066573,0.20277347,0.20480147,0.2067389,0.20857489,0.21029857,0.21189906,0.21336548,0.21468699,0.21585272,0.21685176,0.21767327,0.21830639,0.21874024,0.21896395,0.21896665,0.21874794,0.2183215,0.21769753,0.2168863,0.21589798,0.21474276,0.21343091,0.21197262,0.21037811,0.20865759,0.20682126,0.2048794,0.20284218,0.20071983,0.19852252,0.19626054,0.1939441,0.19158335,0.18918854,0.18676992,0.18433765,0.181902,0.17947315,0.1770613,0.17467675,0.17232962,0.17003018,0.16778862,0.16561519,0.16352008,0.16151349,0.15960568,0.15786478,0.15634489,0.15503512,0.15392466,0.15300258,0.15225804,0.15168014,0.15125807,0.1509809,0.15083778,0.15081783,0.15091023,0.15110405,0.15138848,0.15175259
0.15677413,0.15634708,0.15598792,0.15570737,0.15551618,0.15542506,0.15544471,0.15558586,0.15585926,0.1562756,0.1568456,0.15758003,0.15848953,0.15958488,0.16087675,0.16237594,0.16409314,0.1659839,0.16798894,0.17009635,0.17229441,0.17457122,0.17691496,0.17931385,0.18175608,0.1842298,0.18672326,0.18922459,0.19172196,0.19420359,0.19665763,0.19907227,0.20143576,0.2037362,0.20596178,0.20810072,0.21014118,0.21207137,0.21387945,0.21555361,0.21708204,0.21845293,0.2196544,0.22067474,0.22150204,0.22212453,0.2225304,0.22270781,0.22264494,0.22234544,0.22182794,0.22110313,0.22018184,0.21907468,0.21779239,0.21634573,0.21474539,0.21300207,0.21112657,0.20912954,0.20702173,0.20481388,0.20251667,0.20014082,0.1976971,0.19519618,0.1926488,0.19006568,0.18745755,0.18483514,0.18220912,0.17959027,0.17698929,0.17441694,0.17188382,0.1694008,0.1669785,0.16462767,0.16235904,0.16018333,0.15811126,0.15621865,0.15456632,0.15314244,0.15193519,0.15093277,0.15012333,0.1494951,0.14903623,0.14873488,0.1485793,0.14855765,0.1486581,0.14886881,0.14917803,0.14957388
0.15734544,0.15689903,0.1565236,0.15623035,0.15603048,0.15593523,0.15595578,0.15610334,0.15638912,0.1568243,0.15742014,0.1581878,0.15913855,0.16028349,0.16163392,0.16320103,0.164996,0.16697456,0.16907644,0.17128885,0.17359914,0.17599441,0.17846198,0.1809891,0.18356301,0.18617094,0.1888001,0.1914378,0.19407122,0.19668764,0.1992743,0.20181844,0.20430727,0.20672807,0.20906809,0.21131456,0.2134547,0.21547577,0.21736503,0.2191097,0.22069702,0.22211426,0.22334863,0.22438738,0.2252178,0.22582705,0.22620244,0.22633119,0.22620052,0.22581825,0.22520809,0.22438125,0.22334899,0.22212242,0.22071286,0.21913144,0.21738937,0.21549791,0.21346822,0.2113115,0.20903899,0.2066619,0.20419139,0.20163868,0.19901504,0.19633162,0.19359961,0.19083026,0.18803476,0.18522432,0.18241015,0.17960344,0.1768154,0.17405726,0.17134021,0.16867548,0.16607423,0.16354768,0.16110708,0.15876359,0.15652843,0.15448512,0.15270123,0.15116395,0.1498606,0.14877833,0.14790446,0.14722618,0.14673078,0.14640549,0.14623752,0.14621411,0.14632255,0.14655007,0.14688388,0.14731126
0.15787579,0.157412,0.15702192,0.15671724,0.15650962,0.15641063,0.15643199,0.15658526,0.1568822,0.15733436,0.15795341,0.15875103,0.1597388,0.16092837,0.16233143,0.16395961,0.16582455,0.16788216,0.1700716,0.17237917,0.17479128,0.1772943,0.17987454,0.18251845,0.18521233,0.18794255,0.19069552,0.19345757,0.19621511,0.19895445,0.20166196,0.20432402,0.206927,0.20945731,0.2119012,0.21424516,0.2164755,0.21857856,0.22054078,0.2223484,0.22398795,0.2254457,0.22670798,0.22776124,0.22859181,0.22918601,0.22953032,0.22961101,0.2294145,0.22895254,0.22825383,0.22733001,0.22619273,0.22485365,0.22332436,0.22161654,0.2197418,0.21771184,0.21553831,0.21323276,0.2108069,0.20827238,0.20564084,0.20292392,0.20013319,0.19728042,0.19437717,0.19143513,0.18846594,0.18548119,0.18249257,0.17951168,0.17655022,0.17361988,0.17073208,0.16789874,0.16513136,0.16244155,0.15984108,0.15734147,0.15495445,0.15277073,0.15086423,0.14922133,0.1478284,0.14667179,0.14573784,0.14501297,0.14448349,0.14413582,0.14395633,0.14393136,0.14404725,0.14429034,0.1446471,0.14510386
0.1583327,0.1578545,0.15745233,0.15713821,0.15692414,0.15682209,0.15684408,0.15700215,0.1573083,0.15777446,0.15841271,0.15923505,0.16025344,0.16147992,0.1629265,0.16460514,0.1665279,0.16865107,0.17091338,0.1733004,0.17579779,0.17839111,0.18106599,0.18380806,0.18660289,0.18943611,0.1922933,0.19516008,0.19802207,0.20086488,0.2036741,0.20643537,0.20913424,0.21175632,0.2142873,0.21671271,0.2190182,0.22118932,0.22321174,0.22507106,0.22675285,0.22824271,0.22952633,0.23058923,0.23141704,0.23199539,0.23230986,0.23234609,0.23208965,0.23155606,0.23077834,0.22976856,0.22853868,0.22710072,0.22546667,0.22364856,0.2216584,0.21950814,0.21720985,0.21477547,0.21221708,0.20954664,0.20677616,0.20391764,0.20098309,0.19798453,0.1949339,0.1918433,0.18872468,0.18559006,0.18245143,0.1793208,0.17621017,0.17313157,0.170097,0.16711839,0.16420786,0.16137737,0.1586389,0.15600444,0.15348607,0.15118083,0.14916825,0.14743392,0.14596345,0.14474247,0.14375657,0.14299136,0.14243247,0.14206544,0.14187594,0.14184953,0.14197189,0.14222857,0.14260516,0.14308733
0.15871972,0.15823,0.15781814,0.15749647,0.15727724,0.15717274,0.15719527,0.15735716,0.15767062,0.15814804,0.15880166,0.15964377,0.16068667,0.1619427,0.16342412,0.16514316,0.16711222,0.16928808,0.17160931,0.17406084,0.17662771,0.17929481,0.18204717,0.1848697,0.18774737,0.19066516,0.19360797,0.19656086,0.1995087,0.20243652,0.20532921,0.20817178,0.21094923,0.21364637,0.21624833,0.21874,0.22110635,0.2233323,0.22540288,0.22730303,0.2290176,0.23053172,0.23183028,0.2328982,0.23372051,0.23428214,0.23456804,0.23456314,0.23425254,0.23365489,0.23280726,0.23172195,0.23041128,0.22888747,0.2271629,0.22524983,0.22316052,0.22090735,0.21850248,0.21595836,0.21328712,0.21050118,0.20761281,0.20463423,0.20157789,0.19845589,0.19528064,0.19206443,0.18881953,0.18555823,0.18229283,0.17903565,0.17579892,0.17259496,0.16943614,0.16633466,0.16330284,0.16035296,0.15749738,0.15474829,0.15211809,0.14970931,0.14760633,0.14579406,0.14425759,0.14298175,0.14195155,0.14115196,0.14056796,0.14018445,0.1399864,0.13995889,0.14008668,0.1403549,0.14074843,0.14125226
0.15904045,0.15854196,0.15812272,0.15779527,0.15757206,0.15746571,0.15748864,0.15765345,0.15797254,0.15845853,0.15912388,0.15998115,0.16104278,0.16232134,0.16382936,0.16557932,0.1675837,0.1698,0.17216694,0.1746688,0.1772902,0.18001541,0.18282895,0.18571517,0.18865854,0.19164337,0.19465424,0.19767547,0.20069152,0.2036868,0.20664573,0.2095527,0.2123922,0.21514858,0.21780632,0.22034979,0.2227634,0.22503164,0.22713889,0.22906956,0.23080812,0.23233892,0.23364641,0.23471506,0.23552921,0.23607332,0.23633182,0.23628911,0.23592962,0.23527512,0.23436621,0.2332153,0.231835,0.23023777,0.22843611,0.22644259,0.2242697,0.22192991,0.21943581,0.21679984,0.21403462,0.21115258,0.20816623,0.20508811,0.20193072,0.19870657,0.19542825,0.19210817,0.1887589,0.18539295,0.18202282,0.178661,0.17532013,0.17201257,0.1687509,0.16554761,0.1624153,0.15936637,0.15641339,0.15356888,0.15084533,0.14835002,0.14617151,0.1442942,0.1427025,0.14138085,0.14031366,0.13948534,0.13888036,0.13848306,0.13827796,0.1382494,0.1383818,0.13865966,0.1390673,0.1395892
0.15929857,0.1587939,0.1583694,0.15803786,0.1578119,0.15770419,0.15772742,0.15789425,0.15821736,0.15870939,0.15938306,0.16025102,0.16132589,0.16262043,0.16414726,0.16591902,0.16794845,0.17019369,0.17259376,0.17513266,0.17779441,0.18056291,0.18342222,0.18635625,0.18934904,0.19238456,0.19544673,0.19851965,0.20158716,0.20463334,0.2076421,0.21059756,0.21348353,0.2162841,0.21898319,0.22156483,0.22401299,0.22631158,0.2284447,0.23039624,0.23215021,0.23369059,0.23500137,0.2360666,0.23687011,0.23739597,0.23762816,0.23755063,0.23714739,0.23644294,0.2354808,0.23427372,0.23283434,0.23117535,0.2293094,0.22724915,0.22500733,0.22259651,0.22002941,0.21731877,0.21447718,0.2115173,0.20845181,0.20529348,0.20205487,0.19874868,0.19538757,0.1919842,0.18855135,0.18510152,0.18164751,0.17820193,0.17477748,0.17138681,0.16804259,0.16475753,0.16154426,0.15841545,0.15538381,0.15246192,0.14966257,0.14709689,0.1448569,0.14292662,0.14129001,0.13993107,0.13883376,0.1379821,0.13736002,0.13695154,0.13674062,0.13671127,0.13684742,0.13713308,0.13755225,0.1380889
0.15949768,0.15898916,0.15856153,0.15822749,0.15799977,0.15789127,0.15791468,0.1580828,0.1584083,0.15890409,0.15958282,0.16045727,0.16154025,0.16284452,0.16438282,0.16616794,0.16821264,0.17047594,0.1728974,0.17546073,0.17814945,0.18094727,0.18383785,0.1868048,0.1898317,0.19290227,0.19600008,0.19910882,0.2022121,0.20529361,0.20833692,0.21132566,0.2142435,0.21707404,0.21980098,0.22240792,0.22487843,0.22719628,0.22934504,0.23130831,0.23306979,0.23461309,0.23592183,0.23697962,0.23777017,0.23827708,0.23848401,0.23837455,0.23793238,0.23718433,0.23617671,0.23492229,0.2334338,0.23172405,0.2298058,0.22769178,0.2253948,0.22292759,0.22030292,0.21753357,0.2146323,0.21161193,0.20848514,0.20526475,0.20196347,0.19859414,0.19516948,0.19170226,0.18820523,0.18469124,0.18117297,0.17766318,0.17417471,0.17072023,0.1673126,0.16396452,0.16068882,0.15749821,0.15440544,0.15142335,0.14856465,0.14594372,0.14365552,0.14168371,0.14001189,0.1386237,0.13750276,0.13663276,0.13599733,0.13558005,0.13536459,0.13533458,0.13547365,0.1357655,0.13619368,0.13674186
0.15964137,0.15913135,0.15870239,0.15836738,0.158139,0.15803015,0.15805365,0.15822223,0.15854874,0.15904598,0.15972675,0.1606038,0.16169004,0.16299821,0.16454114,0.16633163,0.16838244,0.17065357,0.17308538,0.17566119,0.17836443,0.1811785,0.18408671,0.18707249,0.19011919,0.19321023,0.19632897,0.19945875,0.20258307,0.20568515,0.20874847,0.21175642,0.21469234,0.21753962,0.22028163,0.22290178,0.22538345,0.22770998,0.22986476,0.23183121,0.23359269,0.23513258,0.23643425,0.23748104,0.23825645,0.23874374,0.23892635,0.23878768,0.23831107,0.23752546,0.23647954,0.23518609,0.23365785,0.2319077,0.22994839,0.22779275,0.22545359,0.2229437,0.22027586,0.21746296,0.21451776,0.21145298,0.20828156,0.2050162,0.20166981,0.19825506,0.19478482,0.19127195,0.18772918,0.18416934,0.18060523,0.17704967,0.17351544,0.17001535,0.16656221,0.16316879,0.15984797,0.15661252,0.15347522,0.1504489,0.14754635,0.14488445,0.14256048,0.14055783,0.13885988,0.13745001,0.13631155,0.13542794,0.13478257,0.13435878,0.13413994,0.13410947,0.13425076,0.13454711,0.13498202,0.13553873
0.15973327,0.15922382,0.15879539,0.15846072,0.15823263,0.15812397,0.15814741,0.15831581,0.15864192,0.15913858,0.15981853,0.16069458,0.16177954,0.16308615,0.16462724,0.1664156,0.168464,0.17073342,0.17316523,0.1757425,0.17844854,0.18126655,0.1841797,0.18717118,0.19022426,0.19332214,0.19644798,0.199585,0.20271644,0.2058255,0.20889536,0.21190925,0.2148504,0.21770199,0.22044717,0.22306927,0.2255514,0.22787684,0.23002873,0.23199031,0.2337448,0.2352754,0.23656529,0.23759772,0.23835588,0.23882295,0.2389822,0.23881678,0.23830992,0.23749244,0.23641497,0.23509018,0.23353095,0.23175009,0.22976029,0.2275744,0.22520514,0.22266544,0.21996798,0.21712555,0.21415098,0.21105705,0.20785652,0.20456222,0.20118694,0.19774343,0.19424452,0.19070297,0.18713155,0.18354312,0.17995045,0.17636622,0.17280337,0.1692746,0.16579275,0.16237056,0.15902084,0.15575641,0.15258999,0.14953442,0.14660248,0.14391294,0.14156486,0.1395414,0.1378258,0.13640125,0.13525102,0.13435824,0.13370612,0.13327792,0.13305685,0.13302602,0.13316879,0.13346826,0.13390766,0.13447015
0.15977697,0.15927011,0.15884385,0.15851088,0.15828396,0.15817581,0.15819916,0.15836667,0.15869115,0.15918526,0.15986182,0.1607334,0.16181287,0.16311288,0.16464615,0.16642542,0.16846345,0.17072232,0.17314446,0.17571293,0.17841089,0.18122144,0.18412764,0.18711269,0.19015963,0.19325164,0.1963718,0.19950314,0.20262893,0.20573217,0.20879596,0.21180354,0.21473792,0.21758226,0.22031957,0.2229331,0.22540589,0.22772107,0.22986174,0.23181099,0.233552,0.23506781,0.2363416,0.23735644,0.23809548,0.23854178,0.23867846,0.23848863,0.2379555,0.23711136,0.23600855,0.23465973,0.23307763,0.23127498,0.2292645,0.22705887,0.2246709,0.22211328,0.2193987,0.21653989,0.21354964,0.21044058,0.2072255,0.20391715,0.20052816,0.19707133,0.19355935,0.190005,0.18642092,0.18281986,0.17921461,0.17561781,0.17204222,0.16850056,0.16500553,0.16156994,0.15820639,0.15492773,0.15174659,0.1486757,0.14572787,0.14302304,0.14066166,0.13862672,0.1369014,0.13546878,0.13431202,0.13341416,0.13275836,0.13232775,0.1321054,0.13207443,0.13221796,0.13251913,0.13296099,0.13352673
0.15977609,0.15927364,0.1588511,0.15852103,0.15829611,0.15818886,0.158212,0.1583781,0.15869972,0.15918955,0.15986018,0.16072422,0.16179426,0.16308297,0.1646029,0.16636673,0.168387,0.1706271,0.17303069,0.1755808,0.17826061,0.1810531,0.18394148,0.18690877,0.18993804,0.19301243,0.196115,0.19922884,0.20233703,0.20542267,0.20846891,0.21145867,0.21437523,0.21720156,0.21992083,0.22251607,0.22497037,0.22726683,0.22938856,0.23131867,0.23304012,0.23453614,0.23578978,0.23678412,0.23750216,0.23792715,0.23804213,0.23783013,0.23727424,0.2364084,0.23528604,0.2339198,0.23232235,0.23050624,0.22848412,0.22626857,0.22387229,0.2213078,0.2185877,0.21572466,0.21273129,0.2096202,0.20640399,0.20309526,0.19970669,0.19625078,0.19274029,0.1891877,0.1856057,0.18200687,0.17840385,0.17480925,0.17123562,0.16769563,0.16420195,0.16076712,0.15740374,0.15412444,0.15094188,0.14786863,0.1449173,0.14220873,0.139844,0.1378062,0.13607845,0.13464382,0.13348542,0.1325863,0.13192962,0.13149838,0.13127571,0.1312447,0.13138846,0.13169004,0.13213253,0.13269906
0.15973425,0.1592379,0.1588205,0.15849444,0.1582722,0.1581663,0.15818912,0.15835322,0.15867096,0.15915485,0.15981734,0.1606709,0.16172796,0.16300105,0.16450253,0.16624497,0.16824076,0.17045456,0.17283134,0.17535444,0.17800678,0.18077163,0.18363205,0.18657121,0.18957219,0.19261818,0.19569226,0.19877763,0.20185736,0.2049146,0.20793246,0.21089406,0.21378264,0.2165812,0.21927293,0.22184098,0.22426838,0.2265384,0.22863409,0.2305386,0.23223509,0.23370662,0.23493639,0.23590747,0.23660305,0.23700623,0.23710015,0.23686793,0.23629268,0.23540945,0.23427293,0.23289551,0.23128957,0.22946772,0.22744225,0.22522579,0.22283071,0.2202695,0.21755458,0.21469846,0.21171355,0.2086124,0.20540738,0.20211096,0.19873564,0.19529384,0.19179806,0.18826078,0.1846944,0.18111138,0.1775242,0.17394535,0.17038728,0.16686244,0.1633833,0.15996227,0.15661184,0.15334453,0.15017273,0.14710893,0.14416558,0.14146373,0.13910486,0.1370722,0.13534874,0.13391767,0.13276215,0.13186526,0.13121021,0.13078004,0.13055792,0.13052702,0.1306704,0.13097122,0.13141264,0.13197774
0.1596551,0.15916637,0.15875536,0.15843432,0.15821551,0.15811121,0.1581337,0.15829526,0.15860811,0.15908459,0.1597369,0.16057733,0.16161819,0.1628717,0.16435014,0.16606578,0.16803089,0.17021148,0.17255414,0.17504214,0.17765863,0.18038693,0.18321024,0.18611182,0.18907484,0.1920826,0.19511831,0.19816515,0.20120643,0.20422538,0.20720515,0.21012908,0.21298033,0.21574217,0.21839781,0.22093049,0.22332345,0.22555988,0.22762312,0.22949632,0.23116271,0.23260555,0.23380809,0.23475346,0.23542501,0.23580593,0.23587956,0.23562887,0.23503734,0.23414087,0.23299497,0.23161188,0.23000382,0.2281831,0.22616197,0.22395276,0.22156765,0.21901895,0.21631894,0.21347989,0.21051404,0.20743369,0.20425105,0.20097852,0.19762823,0.1942125,0.19074363,0.18723384,0.18369545,0.18014064,0.17658181,0.17303114,0.16950092,0.16600338,0.16255085,0.15915559,0.15582986,0.15258592,0.14943603,0.14639246,0.14346752,0.14078203,0.13843745,0.13641703,0.13470402,0.13328162,0.13213308,0.13124165,0.13059054,0.13016297,0.12994221,0.12991147,0.130054,0.13035299,0.13079171,0.13135342
0.15954222,0.15906247,0.15865903,0.15834391,0.15812916,0.1580268,0.15804888,0.15820743,0.15851453,0.1589822,0.15962249,0.16044743,0.16146907,0.16269949,0.16415067,0.16583468,0.16776359,0.16990474,0.1722065,0.1746522,0.17722525,0.179909,0.18268692,0.18554236,0.18845868,0.19141929,0.19440764,0.19740702,0.20040089,0.2033726,0.20630553,0.20918311,0.21198872,0.21470568,0.21731749,0.21980748,0.22215904,0.22435565,0.22638051,0.22821714,0.2298489,0.23125918,0.23243141,0.23334897,0.23399514,0.2343534,0.23440716,0.23413981,0.23353463,0.23262864,0.23147775,0.23009406,0.22848955,0.2266763,0.22466636,0.22247173,0.22010453,0.21757671,0.21490039,0.21208759,0.2091503,0.20610066,0.20295063,0.1997123,0.1963977,0.19301884,0.18958779,0.18611662,0.18261737,0.17910205,0.1755827,0.17207137,0.16858013,0.16512102,0.16170606,0.15834725,0.15505674,0.15184651,0.14872861,0.14571507,0.14281794,0.14015745,0.13783473,0.13583316,0.13413607,0.13272692,0.1315891,0.13070597,0.13006093,0.12963733,0.12941864,0.12938818,0.12952936,0.12982559,0.13026023,0.13081673
0.15939918,0.15892972,0.1585349,0.15822649,0.15801634,0.15791613,0.15793778,0.15809292,0.15839346,0.15885116,0.15947777,0.16028507,0.16128492,0.16248903,0.1639092,0.16555727,0.16744496,0.16954117,0.17179596,0.17419297,0.17671572,0.17934786,0.18207298,0.18487467,0.18773647,0.19064206,0.193575,0.19651885,0.19945724,0.20237374,0.20525198,0.20807552,0.21082796,0.21349294,0.21605398,0.21849471,0.22079875,0.22294965,0.22493099,0.22672643,0.22831951,0.22969389,0.23083304,0.2317207,0.23234035,0.2326756,0.23271008,0.23242742,0.23181114,0.23089883,0.22974691,0.2283671,0.22677124,0.2249711,0.22297846,0.22080506,0.21846275,0.21596327,0.21331851,0.21054013,0.20763996,0.2046298,0.2015214,0.19832662,0.19505714,0.19172484,0.18834147,0.18491879,0.18146864,0.17800277,0.17453295,0.171071,0.16762869,0.1642178,0.16085014,0.15753745,0.15429159,0.15112427,0.14804733,0.14507252,0.14221165,0.13958392,0.13728978,0.13531286,0.1336367,0.13224488,0.13112108,0.13024883,0.12961173,0.12919332,0.12897736,0.12894726,0.1290867,0.12937927,0.12980857,0.13035817
0.15922968,0.15877154,0.15838625,0.15808529,0.15788022,0.15778244,0.1578035,0.15795498,0.15824825,0.15869488,0.15930636,0.16009419,0.16106988,0.1622449,0.16363083,0.16523908,0.16708119,0.16912757,0.17133012,0.17367277,0.17613925,0.17871349,0.18137929,0.1841205,0.18692094,0.18976447,0.19263494,0.19551621,0.19839208,0.20124641,0.20406301,0.20682575,0.20951846,0.21212505,0.21462926,0.21701495,0.21926601,0.22136621,0.22329947,0.22504959,0.22660041,0.22793582,0.22903955,0.22989555,0.2304876,0.23079953,0.23081529,0.23051856,0.22989331,0.22897764,0.22782806,0.22645614,0.22487341,0.22309127,0.22112128,0.21897496,0.21666381,0.21419926,0.21159288,0.20885617,0.20600061,0.2030377,0.19997892,0.19683583,0.19361986,0.19034259,0.18701549,0.18365,0.18025774,0.17685011,0.17343865,0.17003484,0.16665024,0.16329628,0.15998447,0.15672636,0.15353341,0.15041715,0.14738907,0.14446066,0.14164343,0.1390553,0.13679573,0.13484855,0.13319764,0.13182679,0.13071992,0.12986077,0.12923329,0.12882122,0.12860845,0.12857886,0.1287162,0.12900437,0.1294272,0.12996851
0.15903726,0.15859142,0.15821643,0.15792358,0.15772396,0.1576288,0.15764934,0.1577967,0.15808214,0.1585168,0.1591119,0.15987863,0.16082816,0.16197175,0.16332051,0.16488567,0.16667844,0.16867076,0.1708165,0.17309988,0.17550494,0.17801583,0.18061669,0.18329163,0.18602479,0.18880029,0.19160222,0.19441475,0.19722195,0.20000803,0.20275706,0.20545319,0.20808049,0.21062313,0.21306525,0.21539097,0.21758436,0.2196296,0.22151074,0.223212,0.2247175,0.2260113,0.22707757,0.22790039,0.2284639,0.22875232,0.22874966,0.22844008,0.22780766,0.22689109,0.2257469,0.22438629,0.22282048,0.22106066,0.21911803,0.21700379,0.21472907,0.21230516,0.20974314,0.20705432,0.2042498,0.20134082,0.19833858,0.19525424,0.19209905,0.18888412,0.1856207,0.18232,0.17899314,0.17565134,0.17230587,0.1689678,0.16564843,0.16235888,0.15911037,0.15591413,0.1527813,0.14972311,0.14675066,0.14387529,0.1411081,0.13856542,0.13634554,0.13443258,0.13281068,0.13146393,0.13037647,0.12953247,0.12891597,0.12851115,0.12830211,0.12827303,0.12840797,0.12869106,0.12910646,0.12963827
0.15882562,0.1583928,0.15802884,0.15774454,0.15755077,0.1574584,0.15747833,0.15762138,0.15789844,0.15832038,0.15889803,0.15964231,0.160564,0.16167407,0.16298331,0.16450262,0.16624282,0.16817755,0.17026268,0.17248262,0.17482191,0.17726491,0.1797961,0.1823999,0.18506074,0.18776311,0.1904914,0.19323002,0.19596352,0.19867623,0.20135264,0.2039772,0.20653431,0.20900841,0.211384,0.2136455,0.2157773,0.21776384,0.21958962,0.22123906,0.2226966,0.22394665,0.22497365,0.22576208,0.22629635,0.2265609,0.22654021,0.22621867,0.22558072,0.22466531,0.22352898,0.22218259,0.220637,0.2189031,0.21699172,0.21491373,0.21268006,0.21030146,0.20778887,0.20515317,0.2024052,0.19955581,0.19661583,0.19359624,0.19050783,0.18736145,0.184168,0.18093829,0.1776833,0.17441377,0.17114064,0.16787475,0.16462697,0.16140817,0.15822919,0.15510094,0.15203425,0.14904,0.14612904,0.14331225,0.14060046,0.13810821,0.13593236,0.13405733,0.13246758,0.13114756,0.13008165,0.12925436,0.1286501,0.12825331,0.12804843,0.12801991,0.12815219,0.12842967,0.12883683,0.1293581
0.15859826,0.15817918,0.1578267,0.15755142,0.1573638,0.15727437,0.15729366,0.15743218,0.15770048,0.15810902,0.15866841,0.15938906,0.16028163,0.16135651,0.16262427,0.16409548,0.16578056,0.16765478,0.16967614,0.17182937,0.1740993,0.17647073,0.17892838,0.18145706,0.18404157,0.18666664,0.18931709,0.1919777,0.19463325,0.19726844,0.19986816,0.20241718,0.20490019,0.20730203,0.2096075,0.21180134,0.21386833,0.21579328,0.21756096,0.21915612,0.22056359,0.22176811,0.22275451,0.22350742,0.22401182,0.22425236,0.2242139,0.22388114,0.22323892,0.22232643,0.2212,0.21987014,0.21834743,0.21664234,0.2147654,0.21272713,0.21053812,0.20820875,0.2057497,0.20317139,0.20048432,0.19769908,0.19482617,0.19187613,0.1888594,0.18578659,0.1826682,0.17951472,0.17633674,0.17314467,0.16994913,0.16676058,0.16358958,0.16044661,0.15734228,0.154287,0.15129134,0.14836583,0.14552099,0.14276731,0.14011532,0.13767752,0.13554923,0.13371515,0.13216016,0.13086894,0.12982634,0.1290171,0.1284261,0.12803794,0.12783757,0.12780967,0.12793903,0.12821043,0.1286087,0.12911859
0.15835887,0.15795399,0.15761349,0.15734753,0.15716626,0.1570799,0.1570985,0.15723233,0.15749153,0.15788625,0.15842664,0.1591229,0.1599852,0.16102363,0.16224843,0.16366976,0.16529776,0.16710927,0.16906442,0.17114839,0.17334627,0.17564324,0.17802444,0.18047495,0.18297999,0.1855246,0.18809403,0.1906734,0.19324774,0.19580229,0.19832218,0.2007925,0.20319845,0.20552512,0.2077577,0.2098813,0.21188103,0.21374209,0.21544951,0.2169886,0.21834435,0.21950196,0.22044657,0.22116332,0.22163732,0.22185375,0.22179769,0.22145434,0.2208088,0.21990049,0.21878554,0.21747409,0.21597624,0.2143022,0.21246219,0.21046628,0.20832472,0.20604762,0.20364517,0.20112753,0.1985048,0.19578725,0.192985,0.19010822,0.18716703,0.18417165,0.18113223,0.17805894,0.1749619,0.17185135,0.16873734,0.16563018,0.16253991,0.15947679,0.1564509,0.15347247,0.15055162,0.14769852,0.14492339,0.14223632,0.1396475,0.13726723,0.13518918,0.13339844,0.13188013,0.13061939,0.12960142,0.1288113,0.1282342,0.12785526,0.12765956,0.12763235,0.12775862,0.12802367,0.12841251,0.12891038
0.15811108,0.15772074,0.15739247,0.15713605,0.1569613,0.15687804,0.15689597,0.15702501,0.15727489,0.15765542,0.1581764,0.15884766,0.15967894,0.16068007,0.16186085,0.16323112,0.1648006,0.16654785,0.16843514,0.17044799,0.1725719,0.17479247,0.17709506,0.17946531,0.18188867,0.18435065,0.18683681,0.18933259,0.19182354,0.19429521,0.19673304,0.19912261,0.20144938,0.20369889,0.20585659,0.2079081,0.20983885,0.21163438,0.21328019,0.21476182,0.21606477,0.2171745,0.21807659,0.21875657,0.21919984,0.21939202,0.21931857,0.21896501,0.21831687,0.21741372,0.21631129,0.21501943,0.2135479,0.21190655,0.2101051,0.20815346,0.2060613,0.20383856,0.20149493,0.19904023,0.19648425,0.19383687,0.1911078,0.18830688,0.18544388,0.18252863,0.17957091,0.17658053,0.17356728,0.17054097,0.16751142,0.16448836,0.16148163,0.15850109,0.15555641,0.1526575,0.1498141,0.14703605,0.14433311,0.1417151,0.1391918,0.1368713,0.13484535,0.13309953,0.13161929,0.13039021,0.12939776,0.12862748,0.12806484,0.1276954,0.12750465,0.1274781,0.12760122,0.12785959,0.12823871,0.12872407
0.15785846,0.15748288,0.15716699,0.15692028,0.15675214,0.15667197,0.15668924,0.15681341,0.15705384,0.15741998,0.15792128,0.15856718,0.15936704,0.16033038,0.16146657,0.16278502,0.16429524,0.16597731,0.16779579,0.1697365,0.17178541,0.17392834,0.1761512,0.17843992,0.18078038,0.18315844,0.18556003,0.187971,0.19037728,0.19276477,0.19511932,0.19742686,0.19967324,0.20184436,0.20392618,0.20590456,0.20776534,0.20949443,0.21107775,0.2125012,0.21375066,0.21481203,0.21567115,0.21631399,0.21672638,0.21689427,0.21680349,0.21643996,0.21578959,0.21489207,0.21380286,0.21253133,0.21108696,0.20947911,0.20771728,0.20581087,0.20376933,0.20160206,0.19931853,0.1969281,0.19444025,0.19186442,0.18920997,0.1864864,0.1837031,0.18086952,0.17799509,0.17508925,0.17216139,0.16922092,0.16627733,0.16334006,0.16041847,0.15752204,0.15466018,0.15184233,0.14907788,0.14637631,0.14374702,0.14119945,0.13874304,0.13648346,0.13451073,0.13281077,0.13136944,0.13017263,0.12920626,0.12845618,0.12790833,0.1275486,0.12736289,0.12733701,0.12745692,0.12770851,0.12807766,0.12855026
0.1576046,0.15724382,0.15694039,0.15670338,0.15654188,0.15646487,0.15648147,0.15660074,0.15683173,0.15718344,0.15766497,0.15828544,0.15905379,0.15997916,0.16107057,0.16233711,0.16378781,0.16540453,0.16715392,0.16902225,0.17099583,0.17306091,0.17520374,0.17741062,0.17966786,0.1819617,0.18427838,0.18660425,0.1889255,0.19122846,0.19349943,0.1957246,0.19789034,0.19998285,0.20198844,0.2038934,0.20568398,0.20734641,0.20886709,0.21023217,0.21142797,0.21244077,0.21325688,0.21386254,0.21424395,0.21438749,0.21427943,0.21390599,0.21325348,0.21236175,0.21128589,0.21003486,0.2086178,0.20704378,0.20532179,0.2034609,0.20147023,0.19935878,0.1971356,0.19480976,0.19239037,0.18988644,0.18730703,0.18466115,0.18195796,0.17920642,0.17641567,0.17359468,0.17075263,0.16789845,0.16504127,0.16219012,0.15935408,0.15654215,0.15376349,0.15102707,0.14834197,0.14571725,0.14316198,0.1406852,0.138296,0.13609767,0.13417844,0.13252458,0.13112232,0.12995797,0.1290178,0.12828808,0.12775509,0.1274051,0.12722439,0.1271992,0.12731588,0.12756063,0.12791981,0.12837958
0.15735316,0.15700708,0.156716,0.15648867,0.15633373,0.15625988,0.15627582,0.15639022,0.15661174,0.15694916,0.15741108,0.15800627,0.15874332,0.159631,0.16067797,0.16189288,0.16328451,0.16483626,0.1665171,0.16831356,0.17021234,0.17220011,0.1742635,0.17638922,0.17856382,0.18077405,0.18300653,0.18524784,0.18748474,0.18970387,0.19189185,0.19403534,0.19612095,0.1981354,0.20006536,0.20189743,0.20361827,0.20521455,0.20667294,0.20797999,0.2091225,0.21008705,0.21086031,0.2114289,0.21177946,0.21189876,0.21177334,0.21138985,0.21073504,0.20984882,0.20878598,0.20755516,0.20616499,0.2046243,0.20294163,0.2011258,0.19918537,0.19712916,0.19496575,0.19270386,0.19035223,0.18791947,0.18541433,0.18284547,0.18022157,0.17755134,0.17484348,0.17210665,0.16934952,0.16658084,0.16380925,0.16104344,0.15829208,0.15556397,0.15286766,0.15021192,0.14760542,0.14505681,0.14257485,0.14016816,0.13784547,0.1357078,0.13384154,0.13223329,0.1308697,0.12973748,0.12882324,0.12811369,0.12759537,0.12725505,0.12707932,0.12705486,0.1271683,0.12740631,0.12775554,0.12820263
0.15710777,0.15677615,0.15649724,0.15627937,0.1561309,0.15606011,0.1560754,0.15618502,0.15639731,0.15672062,0.15716329,0.15773359,0.15843989,0.15929049,0.16029374,0.16145794,0.16279145,0.16427937,0.16589282,0.16761872,0.16944408,0.17135601,0.17334145,0.17538741,0.17748101,0.1796092,0.18175903,0.1839175,0.18607163,0.18820849,0.19031502,0.19237834,0.19438541,0.19632328,0.19817892,0.19993941,0.20159177,0.20312297,0.20452014,0.20577013,0.20686015,0.20777713,0.20850807,0.20904,0.20935999,0.20945504,0.2093122,0.20891842,0.20826077,0.20737945,0.20632882,0.20511724,0.20375301,0.20224448,0.20059998,0.1988278,0.19693628,0.19493374,0.19282855,0.19062898,0.18834342,0.18598008,0.1835474,0.18105367,0.17850724,0.17591634,0.17328937,0.17063467,0.16796057,0.1652753,0.16258734,0.15990487,0.1572363,0.15458995,0.1519741,0.1493971,0.14686728,0.14439297,0.14198248,0.13964416,0.13738632,0.13530777,0.13349308,0.13192928,0.13060342,0.12950249,0.12861355,0.12792356,0.1274196,0.12708867,0.1269178,0.126894,0.12700433,0.12723574,0.12757532,0.1280101
0.15687202,0.15655445,0.15628734,0.1560787,0.15593654,0.15586875,0.15588337,0.15598834,0.15619166,0.15650125,0.15692517,0.15747131,0.15814768,0.15896223,0.15992296,0.1610378,0.1623148,0.16374074,0.16528867,0.16694605,0.16870019,0.1705385,0.17244834,0.17441711,0.17643212,0.17848082,0.18055058,0.18262875,0.1847027,0.1867598,0.18878749,0.1907731,0.19270395,0.19456753,0.19635111,0.19804214,0.19962797,0.20109595,0.20243351,0.203628,0.2046668,0.20553726,0.2062268,0.20672274,0.2070125,0.20708343,0.20692298,0.2065184,0.20585716,0.20497966,0.20394003,0.20274623,0.2014063,0.19992818,0.19831984,0.19658922,0.19474435,0.19279315,0.1907436,0.18860374,0.18638147,0.18408482,0.18172169,0.17930011,0.17682803,0.17431344,0.17176425,0.16918854,0.16659419,0.16398926,0.16138163,0.15877932,0.15619032,0.15362254,0.15108405,0.14858271,0.1461266,0.1437236,0.14138176,0.139109,0.1369133,0.13489138,0.1331261,0.1316049,0.13031515,0.12924424,0.12837948,0.1277083,0.12721808,0.12689617,0.12672992,0.1267068,0.12681411,0.12703924,0.12736955,0.12779249
0.15664949,0.15634541,0.1560897,0.15588994,0.1557538,0.15568893,0.1557029,0.15580343,0.15599811,0.15629454,0.1567004,0.1572233,0.15787087,0.15865079,0.15957063,0.16063806,0.16186073,0.16322704,0.1647122,0.16630387,0.16798975,0.16975762,0.17159511,0.17349,0.17542993,0.17740262,0.17939581,0.18139723,0.18339454,0.18537544,0.18732765,0.18923889,0.19109689,0.19288933,0.19460392,0.19622836,0.19775036,0.19915764,0.20043793,0.20157892,0.2025683,0.20339376,0.20404308,0.2045039,0.20476395,0.20481092,0.20463261,0.2042166,0.20355068,0.2026755,0.20164523,0.20046724,0.19914937,0.19769916,0.19612427,0.19443235,0.192631,0.19072784,0.18873055,0.18664676,0.18448406,0.18225014,0.1799526,0.17759909,0.17519721,0.17275463,0.170279,0.16777788,0.16525894,0.16272986,0.16019821,0.15767166,0.15515783,0.15266435,0.15019888,0.147769,0.14538242,0.14304669,0.14076953,0.13855848,0.13642125,0.13445249,0.13273373,0.13125257,0.12999675,0.128954,0.128112,0.12745851,0.1269812,0.12666772,0.12650588,0.12648337,0.12658784,0.12680703,0.12712869,0.12754045
0.15644383,0.15615258,0.15590763,0.1557163,0.15558591,0.15552378,0.15553717,0.15563345,0.15581991,0.15610386,0.15649259,0.15699343,0.15761374,0.15836078,0.15924186,0.16026428,0.1614354,0.16274522,0.16417092,0.1657005,0.16732195,0.16902336,0.17079267,0.1726179,0.1744871,0.17638825,0.17830943,0.18023853,0.18216367,0.18407284,0.185954,0.18779522,0.18958451,0.19130987,0.19295931,0.19452085,0.1959825,0.19733228,0.19855821,0.19964825,0.2005905,0.20137289,0.20198351,0.20241031,0.20264134,0.2026646,0.20246811,0.20203987,0.2013679,0.2004933,0.19947003,0.19830538,0.19700667,0.19558126,0.19403642,0.19237943,0.19061768,0.1887584,0.18680897,0.18477665,0.1826688,0.18049265,0.1782556,0.17596497,0.17362797,0.17125201,0.16884437,0.16641234,0.16396326,0.16150442,0.15904315,0.15658672,0.15414254,0.15171781,0.14931992,0.14695612,0.14463377,0.14236018,0.14014263,0.13798846,0.13590497,0.1339851,0.13230897,0.1308646,0.12963995,0.12862308,0.12780201,0.12716472,0.12669924,0.12639357,0.12623575,0.12621379,0.12631568,0.12652943,0.12684308,0.12724464
0.15625866,0.15597938,0.1557445,0.15556106,0.15543602,0.15537643,0.1553893,0.15548158,0.15566035,0.15593262,0.15630539,0.15678568,0.15738046,0.15809676,0.15894163,0.15992199,0.16104496,0.16230206,0.16367239,0.16514423,0.16670592,0.16834569,0.17005183,0.17181264,0.17361641,0.17545141,0.17730594,0.17916827,0.18102671,0.18286951,0.184685,0.18646143,0.18818709,0.18985027,0.19143929,0.1929424,0.19434787,0.19564404,0.19681911,0.19786145,0.19875929,0.19950093,0.20007475,0.20046885,0.20067166,0.20067142,0.20045641,0.20001492,0.19933525,0.19845895,0.19744009,0.19628568,0.19500276,0.19359829,0.19207932,0.1904528,0.18872583,0.18690535,0.18499841,0.18301202,0.18095316,0.17882891,0.1766462,0.17441204,0.17213354,0.16981761,0.16747132,0.16510165,0.1627156,0.16032021,0.15792252,0.15552945,0.1531481,0.15078543,0.1484485,0.14614423,0.14387976,0.14166199,0.13949797,0.13739473,0.13535923,0.133483,0.13184494,0.13043337,0.12923656,0.12824278,0.12744033,0.12681752,0.12636262,0.1260639,0.12590967,0.12588818,0.12598777,0.12619667,0.1265032,0.12689562
0.15609756,0.15582931,0.15560366,0.15542746,0.1553073,0.15525004,0.1552624,0.15535109,0.15552284,0.1557844,0.1561425,0.15660384,0.15717523,0.15786333,0.15867497,0.15961678,0.16069554,0.16190435,0.16322412,0.1646434,0.16615073,0.16773461,0.1693835,0.17108597,0.17283057,0.17460573,0.17640007,0.17820206,0.1800002,0.18178307,0.1835391,0.18525691,0.18692495,0.18853176,0.19006585,0.19151577,0.19286999,0.19411707,0.1952455,0.19624384,0.19710055,0.19780421,0.19834332,0.19870636,0.19888192,0.19885845,0.1986245,0.1981686,0.19747928,0.19659862,0.19558106,0.19443327,0.19316204,0.19177404,0.190276,0.1886747,0.18697686,0.18518925,0.18331854,0.1813715,0.17935488,0.17727536,0.17513973,0.17295472,0.17072704,0.16846345,0.16617064,0.16385545,0.16152447,0.15918455,0.15684235,0.1545047,0.15217821,0.14986971,0.14758593,0.14533354,0.14311936,0.14095004,0.13883239,0.1367731,0.1347789,0.13294005,0.13133468,0.12995122,0.1287783,0.12780434,0.12701789,0.12640749,0.12596168,0.12566891,0.12551773,0.12549669,0.12559427,0.12579903,0.12609942,0.12648405
0.1559642,0.1557058,0.1554884,0.15531865,0.15520296,0.15514779,0.1551597,0.15524514,0.15541056,0.15566249,0.15600747,0.1564519,0.15700229,0.15766515,0.15844692,0.15935418,0.16039334,0.16155896,0.16283374,0.16420637,0.16566558,0.1672001,0.16879857,0.1704497,0.17214228,0.17386496,0.17560647,0.1773555,0.17910077,0.18083096,0.18253481,0.18420105,0.18581833,0.18737541,0.18886097,0.19026372,0.19157235,0.19277562,0.19386223,0.19482085,0.19564015,0.19630896,0.1968159,0.1971497,0.19729908,0.19725272,0.19699936,0.19652767,0.19582643,0.19493847,0.19391859,0.19277327,0.19150901,0.19013232,0.18864961,0.18706745,0.18539228,0.18363062,0.18178894,0.1798737,0.17789142,0.1758486,0.17375174,0.17160727,0.16942172,0.16720156,0.16495329,0.1626834,0.16039836,0.15810466,0.15580882,0.1535173,0.1512366,0.14897318,0.14673355,0.14452423,0.14235166,0.14022233,0.13814275,0.13611937,0.13415875,0.13235019,0.13077123,0.12941061,0.12825696,0.12729907,0.12652558,0.12592521,0.12548675,0.12519881,0.12505013,0.12502941,0.12512541,0.12532677,0.12562223,0.12600052
0.15586215,0.15561228,0.15540214,0.15523799,0.15512611,0.1550728,0.1550843,0.1551669,0.15532686,0.15557046,0.15590397,0.15633368,0.15686582,0.15750673,0.1582626,0.1591398,0.1601445,0.16127269,0.16250871,0.16384138,0.1652596,0.16675213,0.16830787,0.16991563,0.1715643,0.1732427,0.17493975,0.17664416,0.1783449,0.18003076,0.18169059,0.18331325,0.18488757,0.18640243,0.18784663,0.18920903,0.19047849,0.1916439,0.19269404,0.19361776,0.19440398,0.19504143,0.19551904,0.1958257,0.19595014,0.19588126,0.19560792,0.19511898,0.19440323,0.19350451,0.19247825,0.19133072,0.1900682,0.18869694,0.1872232,0.18565327,0.18399344,0.18224996,0.18042916,0.17853722,0.17658047,0.17456518,0.17249763,0.17038405,0.16823076,0.16604401,0.16383007,0.16159521,0.15934572,0.15708788,0.15482794,0.15257215,0.1503269,0.1480983,0.14589272,0.14371644,0.14157568,0.13947675,0.1374259,0.13542943,0.13349357,0.13170727,0.1301477,0.1288038,0.12766436,0.12671822,0.12595423,0.12536126,0.12492819,0.124643765,0.12449692,0.124476485,0.124571286,0.12477016,0.12506199,0.12543564
0.15579502,0.1555523,0.15534814,0.15518868,0.15508,0.15502821,0.15503938,0.15511961,0.15527502,0.15551166,0.15583566,0.15625308,0.15677005,0.15739265,0.15812698,0.1589791,0.15995516,0.16105239,0.16225661,0.1635568,0.16494186,0.1664007,0.1679223,0.16949555,0.1711094,0.17275275,0.17441455,0.17608373,0.17774925,0.17939995,0.18102488,0.1826129,0.18415293,0.1856339,0.18704478,0.18837449,0.18961196,0.19074607,0.19176582,0.1926601,0.19341782,0.19402798,0.19447945,0.19476116,0.19486207,0.19477111,0.19447719,0.19396922,0.19323619,0.19232292,0.19128574,0.19013076,0.18886402,0.18749169,0.18601982,0.18445452,0.18280184,0.18106793,0.17925884,0.17738071,0.1754396,0.1734416,0.17139284,0.16929936,0.16716734,0.16500278,0.16281182,0.16060054,0.15837505,0.15614143,0.15390578,0.1516742,0.14945278,0.14724758,0.14506476,0.14291036,0.14079048,0.13871126,0.13667873,0.13469902,0.13277823,0.13100514,0.12945716,0.12812322,0.1269922,0.1260531,0.12529479,0.12470622,0.124276325,0.12399404,0.12384828,0.12382799,0.12392208,0.1241195,0.12440916,0.12478002
0.15574954,0.1555128,0.15531367,0.15515813,0.15505214,0.1550016,0.1550125,0.15509075,0.15524234,0.15547317,0.15578918,0.15619636,0.1567006,0.15730786,0.15802412,0.1588553,0.15980734,0.1608787,0.16205662,0.16333005,0.16468795,0.16611935,0.1676132,0.16915846,0.17074412,0.17235918,0.17399266,0.17563342,0.17727053,0.17889296,0.18048967,0.18204965,0.18356183,0.18501529,0.18639891,0.1877017,0.1889127,0.19002081,0.19101506,0.19188437,0.19261782,0.19320428,0.19363277,0.1938923,0.19397184,0.19386029,0.19354674,0.19302014,0.19226943,0.1913406,0.19029088,0.1891263,0.18785268,0.18647607,0.18500239,0.18343753,0.18178746,0.18005817,0.1782556,0.17638561,0.17445421,0.17246734,0.17043094,0.168351,0.16623332,0.16408399,0.16190888,0.15971397,0.15750523,0.1552885,0.15306982,0.15085508,0.14865029,0.14646135,0.14429413,0.14215474,0.140049,0.13798283,0.1359623,0.13399325,0.13208169,0.13031654,0.12877546,0.1274475,0.12632154,0.12538663,0.12463171,0.12404577,0.1236178,0.12333678,0.12319167,0.123171456,0.12326514,0.123461656,0.12375005,0.12411924
0.15570986,0.15547833,0.15528356,0.15513146,0.15502782,0.15497838,0.15498903,0.15506557,0.15521382,0.15543954,0.1557486,0.15614682,0.15663996,0.15723385,0.15793434,0.1587472,0.15967825,0.16072707,0.161882,0.16313207,0.16446632,0.16587374,0.16734333,0.16886418,0.1704253,0.17201565,0.17362432,0.17524032,0.17685263,0.17845033,0.1800224,0.18155791,0.1830458,0.18447517,0.18583502,0.18711436,0.18830222,0.18938762,0.19035959,0.19120716,0.19191933,0.19248514,0.19289358,0.19313376,0.19319458,0.19306515,0.19273447,0.19219151,0.1914254,0.19048297,0.18942234,0.18824932,0.18696973,0.18558939,0.18411405,0.18254964,0.18090189,0.17917663,0.17737967,0.17551681,0.17359391,0.17161678,0.16959117,0.16752295,0.16541788,0.16328184,0.1611206,0.15893999,0.15674579,0.15454386,0.15233998,0.15014,0.1479497,0.14577487,0.14362139,0.14149502,0.13940161,0.13734695,0.13533683,0.13337709,0.13147357,0.12971534,0.12818033,0.12685756,0.12573601,0.12480477,0.12405278,0.123469144,0.12304286,0.12276295,0.122618414,0.12259826,0.12269159,0.12288736,0.1231746,0.12354233
0.15567568,0.1554486,0.15525763,0.15510848,0.15500684,0.15495838,0.15496883,0.1550439,0.15518923,0.15541059,0.15571366,0.15610413,0.15658766,0.15717006,0.15785697,0.15865402,0.15956703,0.1605964,0.16173154,0.16296145,0.1642753,0.16566204,0.1671108,0.16861059,0.1701505,0.1717196,0.17330694,0.17490156,0.1764925,0.17806892,0.17961974,0.18113415,0.18260114,0.18400972,0.18534908,0.18660821,0.18777618,0.18884198,0.1897948,0.1906236,0.19131742,0.19186541,0.19225663,0.19248007,0.1925248,0.1923799,0.19203447,0.19147746,0.19069807,0.18974392,0.18867388,0.18749359,0.18620886,0.18482527,0.1833486,0.18178453,0.18013875,0.17841695,0.17662488,0.17476821,0.17285258,0.17088379,0.1688675,0.16680938,0.1647152,0.1625906,0.1604413,0.15827298,0.15609139,0.15390217,0.15171106,0.14952378,0.14734596,0.14518334,0.14304166,0.14092654,0.13884376,0.13679893,0.13479784,0.13284613,0.13094957,0.12919731,0.12766749,0.12634917,0.12523146,0.12430335,0.12355394,0.12297228,0.12254743,0.12226844,0.12212441,0.12210433,0.12219734,0.122392446,0.122678705,0.12304521
0.15564662,0.15542339,0.15523568,0.15508899,0.15498902,0.15494141,0.15495166,0.15502548,0.15516838,0.15538603,0.15568398,0.15606795,0.15654337,0.15711598,0.15779136,0.15857507,0.15947273,0.16048561,0.16160396,0.16281681,0.16411334,0.16548257,0.16691361,0.16839558,0.16991754,0.17146857,0.1730378,0.1746143,0.17618716,0.17774548,0.17927836,0.18077485,0.18222408,0.18361513,0.18493712,0.18617909,0.18733011,0.18837936,0.18931587,0.19012877,0.19080713,0.19134001,0.19171655,0.19192585,0.19195697,0.19179893,0.19144097,0.1908721,0.1900814,0.18911731,0.18803927,0.18685287,0.18556373,0.18417744,0.1826996,0.1811358,0.17949171,0.17777285,0.1759849,0.17413342,0.17222401,0.17026234,0.16825393,0.16620442,0.16411941,0.1620045,0.15986535,0.15770747,0.15553652,0.1533581,0.15117781,0.14900126,0.1468341,0.14468181,0.1425501,0.14044453,0.13837075,0.13633433,0.13434087,0.132396,0.13050525,0.12875806,0.12723264,0.12591815,0.12480365,0.12387821,0.12313096,0.122550994,0.12212737,0.121849164,0.121705554,0.12168557,0.12177828,0.12197284,0.12225826,0.12262369
0.15562256,0.1554025,0.15521738,0.15507282,0.15497428,0.15492733,0.15493746,0.15501018,0.1551511,0.15536563,0.1556594,0.15603788,0.1565066,0.1570711,0.15773688,0.15850948,0.15939443,0.16039361,0.16149801,0.1626967,0.16397886,0.16533352,0.16674991,0.16821703,0.16972409,0.17126016,0.17281435,0.17437583,0.17593364,0.17747696,0.17899485,0.18047652,0.181911,0.18328747,0.18459499,0.18582273,0.18695977,0.18799523,0.18891826,0.18971793,0.1903834,0.19090374,0.1912681,0.19146565,0.19148542,0.19131656,0.19094817,0.1903694,0.18956934,0.18859704,0.18751232,0.18632084,0.18502805,0.18363951,0.18216069,0.18059717,0.17895445,0.17723805,0.17545353,0.17360637,0.17170213,0.16974632,0.16774441,0.16570206,0.16362472,0.16151787,0.1593871,0.15723789,0.15507582,0.15290634,0.15073507,0.14856745,0.14640903,0.14426537,0.14214194,0.14004432,0.13797802,0.13594852,0.13396142,0.13202214,0.13013634,0.1283933,0.1268716,0.12556024,0.12444842,0.12352521,0.12277978,0.12220118,0.12177857,0.121501066,0.12135778,0.12133783,0.12143032,0.121624395,0.12190917,0.12227372
0.15560313,0.1553856,0.15520264,0.15505977,0.15496235,0.15491593,0.15492593,0.15499787,0.1551371,0.1553492,0.15563956,0.15601362,0.15647689,0.15703483,0.15769288,0.15845652,0.1593312,0.16031934,0.16141246,0.16259976,0.16387026,0.1652132,0.1666177,0.1680729,0.16956787,0.17109185,0.1726339,0.1741832,0.17572887,0.17726012,0.17876598,0.18023564,0.18165824,0.18302289,0.18431875,0.185535,0.18666068,0.18768507,0.18859716,0.18938619,0.19004124,0.19055149,0.19090605,0.19109404,0.19110465,0.19092697,0.19055024,0.18996349,0.18915589,0.18817687,0.18708687,0.18589124,0.18459553,0.18320514,0.18172555,0.18016224,0.17852063,0.17680623,0.17502443,0.17318077,0.17128067,0.16932963,0.16733307,0.16529647,0.16322525,0.16112493,0.15900093,0.15685874,0.15470378,0.15254158,0.15037754,0.14821711,0.14606585,0.14392911,0.14181237,0.13972117,0.13766089,0.13563702,0.133655,0.13172033,0.12983844,0.12809883,0.12658003,0.12527126,0.12416157,0.12324019,0.12249617,0.1219187,0.121496916,0.121219955,0.12107696,0.12105706,0.12114937,0.121343054,0.12162726,0.121991135
0.15558803,0.1553725,0.15519121,0.15504964,0.15495312,0.1549071,0.15491702,0.15498826,0.15512626,0.15533642,0.1556241,0.15599476,0.15645383,0.1570067,0.15765874,0.15841544,0.15928212,0.1602617,0.1613461,0.16252446,0.16378598,0.16511983,0.16651508,0.16796099,0.16944663,0.17096122,0.17249388,0.17403373,0.17557004,0.17709182,0.1785883,0.18004866,0.18146202,0.18281753,0.18410435,0.18531166,0.18642859,0.18744431,0.18834795,0.18912868,0.18977566,0.19027805,0.19062501,0.19080561,0.19080915,0.19062464,0.1902414,0.18964845,0.18883498,0.1878508,0.18675663,0.1855578,0.18425979,0.18286802,0.1813878,0.17982464,0.17818391,0.17647104,0.17469138,0.17285044,0.17095362,0.16900621,0.16701376,0.16498163,0.16291521,0.16081992,0.15870118,0.15656443,0.15441507,0.15225843,0.15010002,0.14794524,0.14579947,0.14366812,0.1415566,0.13947034,0.13741472,0.13539521,0.13341719,0.13148606,0.12960723,0.12787023,0.12635374,0.12504694,0.12393896,0.12301894,0.12227605,0.12169947,0.12127833,0.12100179,0.12085899,0.12083911,0.120931275,0.1211247,0.12140847,0.121771805
0.155577,0.1553629,0.15518284,0.15504219,0.15494633,0.15490067,0.1549105,0.15498129,0.15511835,0.15532708,0.15561286,0.15598103,0.156437,0.15698613,0.15763381,0.1583854,0.1592463,0.16021957,0.1612976,0.16246949,0.16372444,0.16505164,0.16644016,0.16787925,0.16935807,0.1708658,0.1723916,0.17392457,0.17545395,0.17696889,0.17845854,0.17991209,0.18131872,0.18266755,0.18394776,0.18514854,0.18625906,0.18726848,0.18816593,0.18894058,0.1895817,0.19007836,0.1904197,0.19059499,0.1905933,0.19040383,0.19001584,0.18941833,0.18860057,0.18761262,0.18651544,0.18531427,0.18401459,0.18262176,0.18114111,0.17957808,0.17793795,0.1762262,0.17444819,0.17260918,0.17071469,0.16877002,0.16678055,0.16475168,0.16268875,0.16059716,0.1584823,0.15634948,0.15420413,0.15205164,0.14989737,0.14774665,0.1456049,0.14347748,0.14136977,0.13928713,0.13723497,0.13521864,0.13324349,0.13131495,0.12943836,0.12770328,0.12618849,0.124883115,0.12377633,0.12285735,0.12211531,0.121539354,0.121118665,0.120842434,0.12069979,0.12067992,0.12077201,0.12096518,0.12124868,0.121611565
0.15556978,0.15535662,0.15517735,0.15503733,0.15494192,0.15489644,0.15490626,0.15497668,0.15511312,0.15532093,0.15560545,0.15597197,0.15642594,0.15697265,0.15761743,0.15836568,0.15922275,0.16019192,0.16126575,0.16243337,0.163684,0.16500682,0.16639094,0.1678256,0.16929993,0.17080316,0.17232442,0.17385288,0.17537776,0.17688818,0.17837334,0.17982242,0.18122461,0.18256906,0.18384491,0.18504144,0.18614773,0.18715298,0.1880464,0.1888171,0.18945433,0.18994717,0.19028492,0.19045663,0.19045156,0.19025886,0.18986768,0.1892672,0.18844666,0.18745622,0.18635702,0.18515435,0.18385357,0.18246002,0.18097913,0.17941615,0.17777647,0.17606546,0.17428845,0.17245077,0.17055781,0.1686149,0.16662739,0.16460066,0.16254006,0.16045088,0.15833852,0.15620837,0.15406567,0.15191586,0.14976428,0.14761625,0.14547715,0.1433523,0.14124706,0.13916682,0.13711691,0.13510266,0.13312943,0.13120256,0.12932746,0.12759364,0.12607995,0.12477549,0.12366956,0.12275123,0.12200973,0.121434204,0.12101382,0.12073778,0.12059528,0.120575406,0.12066743,0.12086046,0.12114372,0.12150636
0.15556604,0.15535337,0.15517451,0.15503483,0.15493964,0.15489422,0.15490402,0.15497433,0.15511046,0.15531777,0.1556016,0.15596734,0.15642022,0.15696567,0.15760896,0.15835552,0.1592106,0.16017766,0.1612493,0.16241474,0.16366315,0.16498367,0.16636553,0.16779788,0.16926993,0.17077084,0.17228974,0.17381586,0.17533839,0.17684647,0.17832935,0.17977612,0.181176,0.18251818,0.18379186,0.18498613,0.18609028,0.18709338,0.18798468,0.18875335,0.18938854,0.18987948,0.1902153,0.19038524,0.19037837,0.19018397,0.18979117,0.18918923,0.18836717,0.1873755,0.18627526,0.18507177,0.18377043,0.18237656,0.18089549,0.17933254,0.17769311,0.17598246,0.17420596,0.17236894,0.1704768,0.16853483,0.16654836,0.1645227,0.16246326,0.16037534,0.15826431,0.15613547,0.15399417,0.15184575,0.14969555,0.14754891,0.14541116,0.14328763,0.14118373,0.13910471,0.13705595,0.13504276,0.13307054,0.13114458,0.1292702,0.12753706,0.12602392,0.124719985,0.12361443,0.12269645,0.12195523,0.12137991,0.12095969,0.120683774,0.1205413,0.12052145,0.12061342,0.12080638,0.121089526,0.12145204
0.15556552,0.15535292,0.15517412,0.15503448,0.1549393,0.15489393,0.15490371,0.154974,0.15511009,0.15531734,0.1556011,0.15596668,0.15641943,0.1569647,0.1576078,0.15835409,0.1592089,0.16017568,0.16124699,0.16241217,0.16366023,0.16498049,0.166362,0.16779403,0.16926573,0.1707663,0.17228489,0.17381072,0.17533292,0.1768407,0.17832321,0.17976968,0.18116924,0.18251112,0.18378444,0.18497846,0.18608224,0.18708508,0.18797606,0.18874449,0.1893794,0.18987006,0.19020562,0.19037527,0.19036818,0.19017355,0.18978053,0.18917832,0.18835612,0.18736425,0.18626384,0.1850603,0.18375885,0.18236494,0.18088381,0.17932092,0.17768146,0.17597088,0.17419447,0.17235756,0.1704655,0.16852368,0.16653731,0.16451184,0.16245256,0.16036484,0.15825397,0.15612534,0.15398423,0.151836,0.14968595,0.14753953,0.14540198,0.14327866,0.14117493,0.13909607,0.13704744,0.13503443,0.13306232,0.13113646,0.12926222,0.12752916,0.1260161,0.12471226,0.12360678,0.12268882,0.12194763,0.121372335,0.12095216,0.120676234,0.12053375,0.12051392,0.12060591,0.120798856,0.12108199,0.12144448
0.15556791,0.155355,0.15517595,0.15503609,0.15494078,0.15489534,0.15490516,0.15497552,0.1551118,0.1553194,0.15560356,0.15596968,0.1564231,0.1569692,0.15761326,0.15836066,0.15921676,0.16018488,0.16125762,0.16242419,0.16367371,0.1649954,0.16637838,0.16781193,0.16928512,0.1707872,0.17230731,0.1738346,0.17535831,0.17686762,0.17835161,0.17979959,0.18120062,0.18254396,0.18381874,0.18501413,0.18611936,0.18712352,0.1880159,0.18878563,0.18942186,0.18991375,0.19025053,0.19042139,0.19041544,0.19022188,0.18982992,0.18922871,0.18840744,0.18741637,0.18631664,0.1851136,0.18381254,0.18241884,0.18093781,0.17937489,0.17773531,0.17602447,0.17424771,0.17241037,0.17051782,0.16857536,0.16658837,0.1645622,0.16250214,0.1604136,0.15830189,0.15617236,0.15403037,0.15188122,0.14973035,0.147583,0.14544457,0.14332038,0.14121582,0.13913618,0.13708682,0.1350731,0.13310036,0.13117392,0.1292992,0.12756571,0.12605229,0.124748096,0.123642355,0.12272418,0.12198282,0.121407375,0.120987095,0.12071112,0.12056861,0.12054877,0.12064076,0.120833755,0.12111697,0.12147957
0.155573,0.1553594,0.15517977,0.15503949,0.1549439,0.15489832,0.15490814,0.15497872,0.15511546,0.15532367,0.15560873,0.155976,0.15643083,0.15697864,0.1576247,0.15837444,0.15923321,0.16020423,0.16127992,0.16244943,0.16370198,0.16502671,0.16641282,0.16784945,0.16932577,0.17083098,0.17235428,0.17388476,0.17541163,0.17692405,0.17841122,0.17986228,0.18126643,0.1826128,0.18389064,0.18508905,0.1861972,0.18720433,0.18809955,0.188872,0.18951091,0.1900055,0.19034483,0.19051813,0.19051455,0.19032328,0.18993351,0.18933438,0.18851507,0.18752573,0.18642743,0.18522544,0.18392514,0.18253194,0.18105112,0.17948812,0.17784825,0.1761369,0.17435943,0.1725212,0.17062752,0.16868384,0.16669545,0.16466781,0.16260615,0.1605159,0.1584024,0.15627106,0.15412724,0.15197621,0.14982343,0.1476742,0.14553389,0.14340794,0.14130162,0.1392203,0.13716936,0.1351542,0.13318013,0.13125251,0.12937674,0.12764236,0.1261282,0.12482336,0.12371702,0.1227984,0.12205663,0.12148094,0.121060416,0.12078428,0.12064171,0.120621875,0.12071391,0.12090703,0.12119035,0.12155312
0.1555804,0.15536587,0.15518545,0.15504448,0.15494846,0.15490264,0.15491255,0.15498342,0.15512078,0.15532999,0.15561631,0.15598527,0.1564422,0.15699247,0.1576415,0.15839468,0.15925737,0.1602326,0.16131257,0.16248646,0.16374345,0.16507266,0.16646332,0.16790453,0.16938545,0.17089528,0.17242318,0.17395832,0.17548983,0.17700687,0.17849864,0.17995429,0.18136299,0.18271391,0.18399616,0.18519893,0.18631144,0.1873228,0.18822217,0.18899873,0.18964161,0.19014007,0.19048317,0.19066007,0.19066001,0.19047208,0.19008553,0.18948944,0.188673,0.18768625,0.18658994,0.18538952,0.18409036,0.18269783,0.18121737,0.17965426,0.17801397,0.17630185,0.17452334,0.17268375,0.17078851,0.16884302,0.1668526,0.16482273,0.16275872,0.16066599,0.1585499,0.1564159,0.15426931,0.15211555,0.14996,0.14780803,0.14566502,0.14353639,0.14142749,0.13934374,0.13729052,0.13527319,0.13329718,0.13136782,0.12949055,0.12775488,0.12623952,0.12493374,0.12382661,0.12290728,0.12216496,0.12158884,0.12116801,0.12089166,0.120749,0.120729126,0.12082122,0.12101448,0.12129805,0.12166108
0.15558992,0.15537411,0.15519263,0.15505087,0.15495428,0.15490821,0.15491813,0.15498947,0.15512764,0.15533803,0.15562604,0.15599714,0.15645672,0.15701021,0.15766303,0.15842058,0.15928829,0.16026893,0.16135442,0.16253391,0.16379656,0.16513154,0.16652797,0.16797504,0.16946186,0.17097759,0.17251141,0.1740525,0.17558993,0.17711294,0.17861058,0.1800721,0.1814866,0.18284328,0.18413123,0.18533966,0.18645771,0.18747449,0.1883792,0.18916097,0.18980896,0.19031234,0.19066022,0.19084181,0.1908462,0.19066258,0.19028011,0.18968794,0.18887521,0.18789172,0.18679804,0.18559963,0.1843019,0.18291026,0.18143016,0.17986695,0.17822613,0.17651305,0.17473316,0.17289189,0.17099462,0.16904679,0.16705379,0.16502109,0.16295408,0.16085817,0.15873878,0.15660132,0.15445128,0.15229395,0.15013485,0.14797933,0.14583287,0.14370085,0.14158869,0.13950181,0.13744561,0.13542554,0.13344702,0.13151543,0.12963623,0.12789892,0.12638214,0.12507507,0.123966865,0.12304669,0.12230367,0.12172698,0.12130575,0.12102914,0.12088631,0.12086644,0.120958656,0.121152095,0.1214359,0.12179928
