0.03138758,0.030863289,0.030422363,0.03007796,0.02984324,0.029731356,0.029755484,0.029928789,0.030264422,0.030775553,0.03147533,0.03237692,0.033493496,0.034838215,0.036424235,0.03826472,0.040372837,0.04261257,0.044840023,0.04705642,0.04926307,0.051461257,0.0536522,0.055837236,0.05801759,0.060194563,0.0623694,0.064543374,0.0667178,0.06889393,0.071073,0.07325636,0.07544518,0.07764079,0.07984448,0.082057506,0.08428113,0.08651663,0.08876526,0.091028325,0.09330711,0.09560283,0.09791679,0.10025025,0.10260454,0.10498087,0.107380524,0.10980476,0.112254865,0.11458016,0.11663781,0.11844102,0.12000289,0.12133664,0.122455426,0.12337235,0.12410066,0.12465344,0.12504393,0.12528521,0.12539053,0.12537295,0.12524572,0.12502196,0.124714844,0.12433753,0.123903185,0.12342497,0.12291604,0.12238956,0.12185868,0.12133659,0.1208364,0.12037137,0.11995456,0.119599186,0.11931839,0.11912536,0.1190332,0.11905516,0.11920431,0.11940814,0.119586036,0.11973938,0.11986941,0.11997734,0.12006451,0.120132156,0.120181575,0.120214045,0.120230794,0.12023311,0.1202223,0.12019959,0.12016631,0.12012367
0.029593255,0.029075427,0.028639942,0.028299779,0.028067956,0.027957449,0.027981287,0.028152447,0.028483944,0.028988767,0.029679915,0.030570403,0.031673227,0.033001374,0.03456783,0.036385637,0.03846777,0.04067724,0.042869583,0.045046583,0.047209986,0.049361587,0.051503133,0.05363642,0.0557632,0.057885263,0.060004365,0.062122297,0.06424082,0.06636168,0.06848669,0.07061763,0.07275625,0.074904285,0.07706354,0.07923582,0.081422836,0.08362642,0.08584827,0.088090256,0.090354055,0.092641495,0.09495432,0.09729433,0.09966325,0.1020629,0.10449505,0.10696146,0.10946385,0.11184839,0.11396858,0.11583747,0.11746798,0.1188732,0.1200661,0.12105962,0.12186686,0.12250074,0.1229743,0.123300545,0.123492435,0.123563,0.12352523,0.12339215,0.12317672,0.122891955,0.12255087,0.12216644,0.12175167,0.12131958,0.12088313,0.120455384,0.12004933,0.11967788,0.119354114,0.11909104,0.1189016,0.11879884,0.11879574,0.118905306,0.11914053,0.11942432,0.11967209,0.119885616,0.12006662,0.120216936,0.120338306,0.12043252,0.120501325,0.1205465,0.1205698,0.120573066,0.12055801,0.120526426,0.120480046,0.120420694
0.02808423,0.027571827,0.027140914,0.02680432,0.026574928,0.026465585,0.026489168,0.026658537,0.026986554,0.027486075,0.028169978,0.029051116,0.030142358,0.03145657,0.033006594,0.03480532,0.036865596,0.039049614,0.04121245,0.04335629,0.04548333,0.047595732,0.04969574,0.05178552,0.05386725,0.05594315,0.05801537,0.06008614,0.062157642,0.06423208,0.066311635,0.06839848,0.0704948,0.072602846,0.07472478,0.07686275,0.07901904,0.081195734,0.083395086,0.08561932,0.087870546,0.090151004,0.092462875,0.09480835,0.09718966,0.09960891,0.10206838,0.1045702,0.1071166,0.10955096,0.111723766,0.11364786,0.11533614,0.116801456,0.11805665,0.11911464,0.119988225,0.12069032,0.12123376,0.12163142,0.12189616,0.1220408,0.12207831,0.12202146,0.12188311,0.12167622,0.12141355,0.121107996,0.12077244,0.12041974,0.12006273,0.11971433,0.11938736,0.11909468,0.11884915,0.11866365,0.11855107,0.11852424,0.118596025,0.11877927,0.1190869,0.11943796,0.11974444,0.12000854,0.120232485,0.120418414,0.12056858,0.1206851,0.12077022,0.1208261,0.120854974,0.12085899,0.120840356,0.12080126,0.12074392,0.120670505
0.02690554,0.026397381,0.025970034,0.025636237,0.025408734,0.025300302,0.025323693,0.025491647,0.025816947,0.026312333,0.026990568,0.027864411,0.0289466,0.030249935,0.03178712,0.033570945,0.035614155,0.03777829,0.039918073,0.042036016,0.044134643,0.046216454,0.04828399,0.050339792,0.05238633,0.054426163,0.056461774,0.058495723,0.060530502,0.06256864,0.06461268,0.06666511,0.068728454,0.07080522,0.07289797,0.075009204,0.077141404,0.07929715,0.081478916,0.08368926,0.08593065,0.08820569,0.09051682,0.092866585,0.095257506,0.097692125,0.10017292,0.10270245,0.105283186,0.107756436,0.10997034,0.1119376,0.113670945,0.11518322,0.1164871,0.1175954,0.118520856,0.11927621,0.11987422,0.120327674,0.12064927,0.12085185,0.12094811,0.120950826,0.12087271,0.12072659,0.12052519,0.12028127,0.12000755,0.119716875,0.11942192,0.11913547,0.11887026,0.1186391,0.118454725,0.11832985,0.11827727,0.11830975,0.11844004,0.11868085,0.119045004,0.119448595,0.119800955,0.12010459,0.12036204,0.120575815,0.12074843,0.12088241,0.12098024,0.12104452,0.121077664,0.12108231,0.12106087,0.12101596,0.120950006,0.12086559
0.026102213,0.025596963,0.025172051,0.024840139,0.024613941,0.024506118,0.02452937,0.024696387,0.025019841,0.025512405,0.02618677,0.027055632,0.028131679,0.029427573,0.030956015,0.032729685,0.034761265,0.036911845,0.03903592,0.041136213,0.043215472,0.045276433,0.047321863,0.049354486,0.051377036,0.053392284,0.055402953,0.05741181,0.059421565,0.06143498,0.06345481,0.06548377,0.06752463,0.06958009,0.07165295,0.073745914,0.07586175,0.078003205,0.08017299,0.08237387,0.0846086,0.086879894,0.08919054,0.09154322,0.093940705,0.09638576,0.098881096,0.10142949,0.10403365,0.10653345,0.10877535,0.11077197,0.11253611,0.11408035,0.115417436,0.11655999,0.11752079,0.11831243,0.11894764,0.11943911,0.11979952,0.12004154,0.120177835,0.12022114,0.12018411,0.12007943,0.119919755,0.119717814,0.119486295,0.11923784,0.11898518,0.11874095,0.11851787,0.118328646,0.118185915,0.11810236,0.11809069,0.11816358,0.11833369,0.118613765,0.11901644,0.119455844,0.1198395,0.120170064,0.120450355,0.12068309,0.120871,0.12101686,0.121123396,0.12119336,0.12122946,0.12123451,0.12121119,0.12116226,0.12109046,0.12099858
0.025719315,0.025215445,0.024791686,0.024460703,0.024235114,0.024127591,0.024150776,0.02431733,0.024639893,0.025131118,0.025803648,0.02667015,0.027743246,0.029035605,0.030559879,0.032328703,0.034354746,0.03649887,0.038615435,0.040707324,0.042777356,0.044828393,0.04686328,0.048884843,0.050895985,0.05289951,0.054898296,0.056895193,0.058892984,0.060894635,0.06290291,0.06492069,0.066950805,0.068996154,0.07105954,0.07314382,0.07525185,0.07738647,0.07955057,0.08174694,0.08397846,0.08624799,0.08855838,0.09091247,0.09331307,0.0957631,0.09826539,0.10082277,0.10343809,0.105950534,0.10820575,0.11021641,0.111995175,0.113554664,0.11490757,0.11606649,0.11704412,0.11785307,0.11850602,0.11901562,0.11939448,0.11965533,0.119810686,0.11987335,0.11985589,0.11977094,0.11963119,0.119449265,0.119237825,0.11900954,0.11877702,0.11855294,0.118349925,0.11818065,0.118057765,0.11799393,0.11800174,0.1180939,0.11828303,0.11858179,0.119002834,0.11945931,0.119857825,0.12020127,0.12049242,0.12073419,0.12092943,0.12108095,0.12119162,0.121264294,0.12130183,0.12130706,0.121282816,0.12123201,0.12115742,0.12106193
0.025801904,0.025297737,0.024873734,0.02454254,0.02431682,0.024209244,0.02423243,0.024399102,0.024721839,0.025213348,0.025886279,0.026753297,0.027827037,0.02912015,0.03064532,0.032415196,0.03444242,0.036587935,0.038706146,0.040799838,0.04287186,0.04492503,0.046962183,0.04898614,0.05099974,0.053005803,0.05500714,0.057006598,0.059006996,0.061011173,0.06302194,0.06504213,0.06707457,0.06912211,0.0711875,0.073273666,0.07538338,0.07751949,0.07968481,0.081882134,0.08411437,0.08638428,0.0886947,0.09104852,0.093448445,0.095897384,0.09839819,0.10095362,0.103566535,0.106076255,0.10832861,0.110336214,0.11211186,0.11366807,0.11501752,0.11617293,0.117146924,0.11795217,0.11860126,0.11910697,0.119481854,0.11973861,0.119889885,0.11994837,0.119926676,0.11983746,0.119693436,0.11950718,0.11929141,0.11905877,0.1188219,0.11859348,0.118386164,0.11821257,0.11808541,0.11801731,0.118020914,0.11810892,0.11829396,0.11858869,0.11900577,0.11945856,0.11985388,0.12019451,0.120483354,0.12072317,0.12091681,0.121067114,0.12117689,0.12124901,0.121286206,0.12129142,0.12126737,0.12121697,0.12114298,0.12104827
0.026395008,0.025888711,0.025462897,0.025130305,0.024903629,0.024795586,0.024818905,0.024986248,0.025310371,0.02580396,0.026479743,0.02735043,0.028428704,0.029727323,0.031258944,0.033036314,0.035072133,0.03722766,0.03935746,0.04146418,0.043550488,0.045619074,0.04767254,0.049713615,0.051744923,0.05376911,0.05578888,0.057806868,0.059825763,0.06184818,0.06387682,0.06591435,0.0679634,0.07002663,0.07210674,0.07420635,0.07632818,0.07847482,0.080648996,0.08285332,0.08509047,0.08736313,0.089673914,0.09202557,0.09442068,0.09686191,0.09935195,0.10189345,0.104489096,0.10697921,0.10921088,0.11119683,0.11294974,0.11448233,0.11580728,0.11693741,0.1178853,0.118663706,0.119285375,0.11976299,0.12010925,0.120336875,0.120458595,0.12048709,0.12043509,0.12031529,0.12014044,0.11992319,0.119676314,0.11941244,0.119144365,0.11888475,0.118646346,0.1184418,0.11828386,0.11818528,0.11815869,0.11821686,0.11837245,0.118638195,0.119026855,0.119453214,0.11982542,0.12014619,0.12041815,0.12064395,0.12082632,0.12096784,0.12107122,0.1211391,0.12117417,0.12117903,0.12115642,0.121108934,0.12103928,0.120950095
0.027543671,0.027033232,0.026603952,0.026268635,0.02604012,0.02593119,0.025954675,0.026123412,0.026450174,0.026947804,0.027629104,0.028506897,0.029593995,0.030903209,0.03244735,0.034239233,0.036291692,0.03846659,0.040618844,0.042750802,0.044864815,0.046963196,0.049048316,0.0511225,0.0531881,0.05524745,0.057302892,0.05935678,0.061411444,0.063469246,0.06553251,0.06760355,0.06968476,0.07177847,0.073887,0.0760127,0.07815793,0.08032505,0.08251636,0.08473419,0.08698091,0.089258894,0.09157044,0.093917854,0.09630356,0.09872988,0.101199105,0.103713654,0.106275804,0.10872801,0.110919625,0.11286354,0.114572495,0.11605934,0.11733687,0.118417926,0.119315274,0.12004181,0.12061029,0.12103353,0.12132432,0.12149557,0.121559985,0.12153044,0.12141976,0.12124073,0.12100615,0.12072885,0.12042168,0.1200974,0.119768865,0.11944888,0.11915021,0.118885756,0.118668266,0.11851057,0.118425496,0.118425876,0.11852448,0.11873414,0.11906768,0.119442835,0.11977035,0.120052606,0.1202919,0.1204906,0.120651044,0.12077557,0.120866545,0.12092627,0.120957114,0.120961405,0.12094148,0.120899715,0.12083844,0.120759964
0.029292954,0.02877621,0.028341632,0.028002176,0.027770832,0.027660552,0.027684348,0.027855154,0.028185956,0.028689727,0.029379444,0.03026805,0.031368576,0.032693945,0.034257136,0.036071155,0.038148932,0.04035334,0.042539805,0.044710204,0.046866365,0.049010158,0.051143456,0.053268064,0.055385884,0.05749877,0.059608553,0.061717086,0.063826256,0.06593789,0.06805387,0.070176005,0.072306186,0.07444629,0.07659813,0.07876356,0.08094447,0.083142675,0.085360095,0.08759852,0.089859836,0.09214587,0.09445851,0.09679962,0.099171005,0.10157455,0.104012124,0.10648558,0.108996764,0.1113912,0.113521844,0.11540172,0.11704373,0.1184609,0.11966619,0.12067256,0.121493004,0.122140445,0.12262795,0.12296835,0.12317475,0.123260096,0.12323727,0.12311936,0.122919284,0.12265001,0.12232452,0.12195581,0.121556796,0.12114052,0.120719895,0.120307945,0.119917564,0.119561814,0.119253635,0.11900598,0.11883185,0.118744195,0.118755996,0.11888022,0.11912986,0.119427055,0.11968649,0.119910076,0.120099634,0.12025705,0.120384134,0.120482765,0.12055482,0.12060214,0.120626576,0.12062999,0.12061419,0.12058112,0.12053257,0.12047043
0.031687886,0.031162519,0.030720681,0.030375563,0.03014036,0.030028246,0.030052427,0.030226082,0.030562416,0.0310746,0.03177581,0.032679264,0.033798143,0.03514565,0.036734942,0.03857921,0.04069167,0.04293648,0.045169793,0.047392797,0.04960668,0.051812645,0.054011878,0.056205574,0.05839489,0.060581043,0.06276521,0.064948596,0.06713235,0.06931772,0.07150585,0.07369794,0.07589522,0.078098804,0.08030994,0.08252974,0.084759496,0.08700036,0.089253455,0.091520056,0.09380132,0.09609845,0.09841258,0.100744985,0.1030968,0.105469204,0.107863426,0.1102806,0.11272199,0.11503734,0.11708454,0.11887674,0.12042714,0.12174891,0.12285528,0.12375941,0.124474496,0.12501372,0.12539029,0.12561738,0.1257082,0.1256759,0.12553367,0.12529474,0.1249723,0.12457947,0.12412951,0.123635575,0.12311091,0.12256863,0.12202196,0.12148406,0.12096815,0.12048743,0.12005504,0.11968424,0.11938817,0.119179994,0.119072974,0.11908022,0.11921498,0.11940541,0.11957166,0.11971492,0.11983639,0.119937256,0.1200187,0.12008191,0.12012806,0.12015837,0.12017404,0.12017621,0.12016611,0.12014491,0.12011381,0.12007398
0.034773514,0.034237042,0.03378585,0.03343345,0.033193257,0.03307879,0.033103473,0.033280805,0.033624236,0.03414724,0.0348633,0.03578587,0.036928408,0.038304407,0.039927315,0.041810602,0.043967746,0.04626459,0.04855826,0.050849054,0.05313733,0.05542339,0.057707585,0.059990246,0.06227168,0.064552255,0.066832274,0.06911206,0.071391955,0.0736723,0.07595342,0.07823564,0.08051929,0.08280469,0.08509219,0.08738211,0.08967478,0.091970555,0.094269685,0.09657259,0.09887959,0.10119096,0.103507064,0.10582823,0.10815479,0.110487096,0.112825446,0.115170166,0.117521584,0.1197351,0.12167472,0.12335396,0.124786295,0.12598519,0.12696409,0.12773651,0.12831587,0.12871563,0.12894934,0.12903039,0.12897222,0.1287884,0.12849234,0.12809749,0.12761739,0.1270654,0.12645508,0.12579983,0.1251132,0.12440861,0.123699516,0.122999415,0.12232173,0.12168001,0.12108764,0.1205581,0.120104894,0.1197415,0.11948135,0.11933791,0.11932468,0.11937757,0.11942372,0.119463496,0.11949723,0.11952525,0.11954787,0.11956541,0.11957823,0.11958665,0.119591005,0.11959162,0.11958879,0.11958292,0.11957426,0.11956322
0.0385949,0.038044654,0.0375819,0.03722044,0.036974102,0.036856685,0.036882017,0.037063897,0.037416134,0.037952565,0.038687,0.03963321,0.04080507,0.042216357,0.043880895,0.045812495,0.048024982,0.050386287,0.05275468,0.055129435,0.057509817,0.059895076,0.062284514,0.06467734,0.067072876,0.069470376,0.07186909,0.07426829,0.07666721,0.07906521,0.081461474,0.0838553,0.08624595,0.08863266,0.09101476,0.09339146,0.09576206,0.0981258,0.100481994,0.10282985,0.10516867,0.10749773,0.109816246,0.112123534,0.11441886,0.11670145,0.1189706,0.121225566,0.12346563,0.12555294,0.12735938,0.12889877,0.13018487,0.13123156,0.13205265,0.13266191,0.13307318,0.13330024,0.13335699,0.13325717,0.13301457,0.13264306,0.13215646,0.13156854,0.13089314,0.13014407,0.12933515,0.12848015,0.12759295,0.12668732,0.12577708,0.12487606,0.123998046,0.1231569,0.122366406,0.12164034,0.12099257,0.12043686,0.11998709,0.11965705,0.11946051,0.11934304,0.11924049,0.11915214,0.1190772,0.11901499,0.11896474,0.118925765,0.11889728,0.11887859,0.118868925,0.118867576,0.118873805,0.11888692,0.11890607,0.118930675
0.04319707,0.042630255,0.042153567,0.041781213,0.041527454,0.0414065,0.041432586,0.041619956,0.041982803,0.04253539,0.04329193,0.044266663,0.045473814,0.046927605,0.048642274,0.050632063,0.052911185,0.055350117,0.057808526,0.060284395,0.0627757,0.06528043,0.06779658,0.07032213,0.072855055,0.075393364,0.07793502,0.08047802,0.08302035,0.08556002,0.08809495,0.09062318,0.09314268,0.09565145,0.09814743,0.10062867,0.10309312,0.10553878,0.10796362,0.110365644,0.1127428,0.11509311,0.117414564,0.119705126,0.12196277,0.12418552,0.12637134,0.12851822,0.13062415,0.13255954,0.13420554,0.13557646,0.13668652,0.13754992,0.1381809,0.13859369,0.13880253,0.13882163,0.13866523,0.13834758,0.13788286,0.13728534,0.13656926,0.13574883,0.13483824,0.1338518,0.13280365,0.13170813,0.13057937,0.12943165,0.12827916,0.12713617,0.12601691,0.12493558,0.12390644,0.12294369,0.12206159,0.121274345,0.1205962,0.120041355,0.1196241,0.11930151,0.11901985,0.11877713,0.11857136,0.11840049,0.11826252,0.118155435,0.118077226,0.118025854,0.11799933,0.11799564,0.118012756,0.11804868,0.11810138,0.11816887
0.04862508,0.04803872,0.047545582,0.047160402,0.046897884,0.04677276,0.04679974,0.046993572,0.047368944,0.047940575,0.04872322,0.04973156,0.050980344,0.052484274,0.0542581,0.05631649,0.058674216,0.061204705,0.06376928,0.06636439,0.06898652,0.07163216,0.07429778,0.07697983,0.07967482,0.082379214,0.08508946,0.087802075,0.09051351,0.093220234,0.09591876,0.09860551,0.101277016,0.1039297,0.10656005,0.10916458,0.111739725,0.11428197,0.116787784,0.119253635,0.12167605,0.12405145,0.12637633,0.12864716,0.13086042,0.13301256,0.13510014,0.13711953,0.13906725,0.1408234,0.14228024,0.14345245,0.14435484,0.14500204,0.14540881,0.1455899,0.14555994,0.14533377,0.14492601,0.14435144,0.14362475,0.14276065,0.1417739,0.14067921,0.13949127,0.13822483,0.13689461,0.1355153,0.13410167,0.13266839,0.13123022,0.12980184,0.12839802,0.12703344,0.12572283,0.12448092,0.12332241,0.12226207,0.1213146,0.12049466,0.11981704,0.11925248,0.118759595,0.11833485,0.11797471,0.11767571,0.117434256,0.11724686,0.11710997,0.11702008,0.11697367,0.11696721,0.116997175,0.11706004,0.11715228,0.11727037
0.05492398,0.05431494,0.053802717,0.05340263,0.05312997,0.052999996,0.053028036,0.053229343,0.053619236,0.05421299,0.05502591,0.056073267,0.057370357,0.05893247,0.060774904,0.06291293,0.065361865,0.06799861,0.07068636,0.07341987,0.07619383,0.07900297,0.08184204,0.084705725,0.087588765,0.090485886,0.0933918,0.09630123,0.099208884,0.10210952,0.10499784,0.10786858,0.11071643,0.11353614,0.116322406,0.11907,0.1217736,0.124427915,0.1270277,0.12956768,0.13204257,0.1344471,0.13677594,0.1390239,0.14118564,0.14325589,0.14522938,0.14710084,0.14886498,0.15041316,0.15165046,0.1525921,0.15325347,0.15364984,0.15379642,0.15370856,0.1534016,0.15289073,0.15219131,0.15131858,0.15028787,0.14911443,0.1478136,0.14640066,0.14489083,0.14329949,0.1416419,0.13993333,0.1381891,0.13642447,0.13465473,0.1328952,0.13116115,0.12946786,0.12783065,0.12626481,0.12478558,0.123408295,0.12214823,0.12102069,0.12004094,0.1191956,0.11845758,0.11782161,0.1172824,0.116834655,0.116473116,0.116192505,0.11598756,0.115852974,0.11578348,0.1157738,0.11581864,0.11591278,0.116050884,0.116227694
0.062138803,0.06150377,0.060969703,0.060552552,0.060268257,0.06013275,0.06016197,0.06037188,0.060778406,0.061397493,0.06224508,0.06333712,0.06468955,0.0663183,0.06823934,0.070468575,0.07302198,0.075780414,0.07860929,0.08150129,0.084449165,0.0874456,0.09048332,0.09355505,0.09665349,0.09977136,0.10290137,0.10603624,0.10916868,0.11229141,0.11539714,0.118478574,0.121528454,0.12453945,0.12750432,0.13041575,0.13326648,0.13604921,0.13875665,0.14138152,0.1439165,0.14635438,0.14868781,0.15090954,0.15301226,0.15498869,0.15683155,0.15853354,0.1600874,0.16139737,0.16238318,0.16306077,0.16344608,0.16355509,0.16340367,0.16300783,0.16238347,0.16154656,0.16051303,0.15929882,0.15791987,0.15639214,0.15473154,0.15295404,0.15107557,0.14911208,0.14707951,0.1449938,0.14287087,0.14072672,0.13857724,0.13643838,0.13432609,0.13225631,0.130245,0.12830807,0.12646149,0.1247212,0.123103105,0.121623196,0.120297395,0.119130455,0.11811166,0.11723373,0.11648936,0.115871295,0.11537222,0.114984855,0.11470193,0.11451615,0.114420205,0.11440685,0.11446878,0.11459871,0.11478935,0.115033425
0.06986869,0.069203764,0.06864452,0.06820772,0.06791004,0.067768134,0.06779875,0.06801854,0.06844422,0.06909246,0.069979995,0.07112349,0.07253963,0.07424512,0.076256655,0.078590944,0.08126463,0.08416271,0.08715274,0.09022517,0.093370505,0.0965792,0.099841796,0.103148766,0.10649057,0.10985777,0.113240786,0.116630144,0.12001633,0.12338984,0.12674117,0.13006082,0.13333924,0.13656698,0.13973449,0.14283226,0.14585079,0.1487806,0.15161216,0.15433592,0.15694249,0.15942222,0.16176568,0.16396335,0.16600569,0.16788326,0.16958652,0.17110592,0.17243202,0.17348298,0.17419453,0.17458335,0.1746661,0.17445953,0.17398028,0.17324507,0.17227061,0.17107351,0.1696706,0.16807848,0.16631384,0.16439342,0.16233389,0.16015193,0.15786421,0.15548752,0.15303846,0.1505338,0.14799014,0.14542422,0.1428528,0.14029244,0.13775994,0.13527192,0.13284515,0.13049623,0.12824194,0.12609896,0.12408393,0.12221359,0.1205046,0.118981704,0.117652126,0.116506405,0.115534976,0.11472837,0.11407706,0.11357154,0.113202296,0.11295985,0.11283467,0.11281722,0.112898044,0.113067605,0.1133164,0.11363494
0.07767738,0.07697833,0.07639042,0.07593123,0.07561826,0.0754691,0.075501256,0.07573233,0.07617983,0.076861314,0.07779437,0.07899649,0.080485255,0.08227819,0.08439288,0.086846836,0.089657634,0.0927141,0.09588548,0.09915986,0.10252536,0.1059701,0.1094822,0.11304973,0.11666087,0.120303705,0.12396636,0.12763692,0.13130356,0.13495429,0.13857733,0.1421607,0.14569265,0.14916113,0.15255438,0.15586045,0.15906748,0.16216354,0.16513686,0.1679754,0.1706674,0.17320088,0.17556405,0.17774495,0.1797317,0.18151245,0.18307531,0.18440835,0.18549976,0.18628204,0.18670753,0.1867937,0.1865582,0.18601848,0.1851921,0.18409665,0.18274964,0.18116865,0.17937125,0.17737494,0.1751973,0.17285584,0.17036815,0.16775176,0.16502427,0.16220312,0.15930597,0.15635028,0.15335366,0.15033363,0.14730778,0.14429359,0.14130868,0.13837057,0.13549682,0.13270493,0.1300125,0.12743708,0.12499617,0.12270736,0.12058821,0.11868453,0.11702253,0.11559031,0.11437597,0.113367684,0.112553515,0.11192158,0.11146003,0.11115695,0.111000456,0.110978656,0.111079685,0.11129166,0.11160266,0.11200083
0.08555664,0.08481977,0.084200054,0.08371598,0.08338608,0.08322883,0.08326274,0.08350633,0.08397805,0.084696434,0.08567998,0.08694717,0.088516526,0.09040652,0.092635676,0.09522248,0.09818544,0.101417035,0.10478787,0.10828351,0.1118896,0.115591675,0.11937536,0.123226255,0.12712999,0.1310721,0.13503818,0.13901389,0.14298482,0.14693654,0.15085465,0.15472478,0.15853244,0.16226335,0.16590299,0.16943705,0.1728511,0.17613068,0.17926149,0.18222906,0.18501902,0.1876169,0.1900084,0.19217907,0.19411448,0.19580023,0.19722198,0.19836529,0.19921575,0.19972079,0.19984958,0.19962081,0.19905284,0.19816422,0.19697344,0.19549903,0.19375949,0.19177322,0.18955883,0.1871348,0.18451959,0.18173175,0.1787897,0.17571203,0.17251718,0.16922368,0.16584997,0.16241466,0.15893616,0.15543301,0.15192367,0.14842668,0.14496052,0.14154367,0.13819464,0.13493198,0.13177413,0.1287396,0.12584692,0.123114556,0.120561026,0.11825428,0.11624039,0.114504926,0.11303352,0.111811735,0.11082519,0.110059485,0.10950019,0.10913295,0.10894331,0.1089169,0.10903933,0.10929617,0.10967303,0.1101555
0.09349838,0.09272036,0.09206603,0.091554925,0.091206595,0.09104057,0.09107639,0.091333576,0.09183164,0.092590146,0.09362862,0.094966576,0.09662358,0.09861913,0.100972794,0.103704065,0.1068325,0.11025407,0.113840364,0.11757437,0.12143901,0.12541728,0.12949213,0.13364646,0.13786331,0.14212562,0.1464163,0.15071835,0.15501472,0.15928836,0.16352224,0.16769934,0.17180255,0.1758149,0.17971933,0.18349874,0.1871362,0.19061458,0.19391687,0.197026,0.19992498,0.20259672,0.2050242,0.20719038,0.2090782,0.21067068,0.21195066,0.21290123,0.21350525,0.21372528,0.21354812,0.21299337,0.2120805,0.21082906,0.20925859,0.20738865,0.20523877,0.20282839,0.20017716,0.19730456,0.19423012,0.19097333,0.18755384,0.18399107,0.18030463,0.17651398,0.17263873,0.16869833,0.1647124,0.16070038,0.15668187,0.15267639,0.14870344,0.14478259,0.14093338,0.13717528,0.13352789,0.13001071,0.1266433,0.12344511,0.12043579,0.117706314,0.115323335,0.113269836,0.11152874,0.11008307,0.10891573,0.10800968,0.1073479,0.10691334,0.106688954,0.10665772,0.10680259,0.10710648,0.107552394,0.10812328
0.10149446,0.10067241,0.099981025,0.099441,0.099072956,0.098897554,0.09893537,0.0992071,0.09973338,0.100534804,0.10163205,0.10304574,0.10479653,0.10690502,0.10939189,0.112277746,0.11558325,0.119207665,0.12302341,0.12701061,0.13114953,0.13542034,0.13980332,0.14427865,0.14882651,0.15342712,0.15806076,0.16270754,0.16734776,0.17196156,0.17652923,0.18103091,0.18544689,0.18975729,0.19394238,0.19798233,0.2018574,0.20554782,0.20903374,0.21229538,0.21531299,0.21806674,0.22053687,0.22270359,0.22454712,0.2260477,0.22718544,0.22794062,0.22829345,0.22822183,0.22773059,0.22684032,0.22557168,0.2239453,0.22198187,0.219702,0.21712632,0.21427543,0.21117008,0.20783077,0.2042782,0.20053303,0.19661587,0.19254737,0.18834819,0.18403889,0.1796402,0.17517269,0.17065704,0.16611387,0.16156383,0.15702754,0.15252565,0.1480788,0.14370762,0.13943273,0.1352748,0.1312545,0.12739237,0.12370909,0.12022533,0.11705596,0.11428898,0.11190453,0.10988288,0.1082042,0.10684873,0.10579668,0.10502826,0.10452366,0.10426313,0.10422685,0.10439503,0.104747914,0.105265714,0.1059286
0.10953671,0.108668156,0.1079377,0.10736711,0.10697828,0.10679294,0.10683291,0.107119985,0.10767604,0.1085228,0.10968208,0.1111757,0.11302549,0.11525322,0.11788068,0.12092974,0.12442213,0.1282604,0.13231736,0.13657041,0.1409969,0.14557423,0.15027978,0.15509093,0.159985,0.16493943,0.16993158,0.17493878,0.17993845,0.18490794,0.18982464,0.19466597,0.19940923,0.20403183,0.2085111,0.21282451,0.21694933,0.220863,0.22454289,0.22796632,0.23111075,0.23395349,0.23647195,0.2386435,0.24044548,0.24185531,0.24285036,0.24340793,0.24350552,0.2431366,0.2423243,0.24109042,0.23945682,0.23744524,0.2350775,0.23237546,0.2293609,0.22605553,0.2224813,0.21865992,0.21461324,0.21036299,0.2059311,0.20133929,0.1966094,0.19176319,0.1868225,0.18180914,0.17674491,0.17165159,0.16655102,0.16146494,0.15641522,0.15142368,0.14651206,0.1417022,0.1370159,0.13247496,0.1281012,0.123916425,0.11994242,0.11631861,0.11315489,0.11042857,0.10811703,0.106197685,0.10464787,0.10344497,0.10256635,0.10198941,0.101691514,0.101650044,0.10184235,0.10224583,0.10283787,0.10359579
0.11761697,0.116699934,0.11592867,0.11532625,0.11491568,0.11472,0.114762194,0.115065314,0.11565239,0.11654644,0.11777047,0.11934747,0.121300556,0.12365269,0.12642688,0.1296462,0.13333361,0.1373947,0.14170267,0.14623198,0.150957,0.15585235,0.1608924,0.16605155,0.17130437,0.17662533,0.18198882,0.18736935,0.19274135,0.1980793,0.2033577,0.20855092,0.21363352,0.21857992,0.22336456,0.22796194,0.23234652,0.23649271,0.24037507,0.24396798,0.24724595,0.2501834,0.25275484,0.2549347,0.25669748,0.2580176,0.2588695,0.25922775,0.25906673,0.25839576,0.25725678,0.2556726,0.2536664,0.25126112,0.24847984,0.24534552,0.24188119,0.2381099,0.23405474,0.22973858,0.22518454,0.22041565,0.2154549,0.2103253,0.20504992,0.19965175,0.19415377,0.1885791,0.18295069,0.17729156,0.17162476,0.16597337,0.16036029,0.15480864,0.14934137,0.14398156,0.1387522,0.13367634,0.12877697,0.12407712,0.119599834,0.11550962,0.111938685,0.10886146,0.10625242,0.10408602,0.10233673,0.100979,0.0999873,0.09933611,0.098999865,0.09895305,0.099170126,0.099625535,0.100293756,0.10114926
0.1257271,0.12475998,0.1239466,0.12331127,0.12287828,0.12267193,0.12271643,0.123036094,0.12365523,0.12459809,0.12588899,0.12755217,0.12961188,0.13209248,0.13501817,0.1384133,0.14230211,0.14659315,0.15115978,0.15597346,0.1610057,0.16622803,0.17161186,0.17712875,0.18275018,0.18844762,0.19419253,0.19995652,0.20571098,0.21142744,0.21707736,0.22263224,0.22806361,0.23334292,0.23844169,0.24333136,0.24798355,0.2523696,0.25646108,0.2602295,0.26364627,0.26668298,0.26931104,0.27150196,0.27322733,0.27445853,0.27516702,0.2753244,0.27490216,0.27392557,0.27245536,0.27051568,0.26813093,0.26532528,0.26212308,0.25854856,0.25462607,0.25037986,0.24583416,0.24101332,0.23594157,0.23064321,0.22514254,0.21946377,0.21363127,0.20766927,0.20160206,0.19545388,0.18924908,0.18301189,0.17676663,0.17053758,0.16434893,0.15822506,0.15219021,0.14626868,0.14048472,0.13486266,0.1294267,0.12420118,0.119210385,0.114644326,0.110657975,0.10722274,0.104310155,0.10189173,0.09993894,0.098423265,0.0973162,0.09658926,0.0962139,0.09616164,0.09640396,0.09691235,0.097658314,0.09861333
0.13385898,0.13284059,0.13198414,0.13131514,0.13085924,0.13064192,0.13068877,0.13102539,0.13167733,0.13267016,0.13402943,0.13578068,0.13794956,0.14056154,0.14364226,0.14721726,0.1513121,0.15583825,0.16066912,0.16577314,0.17111886,0.17667466,0.18240917,0.18829075,0.19428788,0.20036907,0.20650284,0.21265762,0.21880186,0.2249041,0.23093277,0.23685634,0.24264336,0.24826227,0.2536815,0.2588696,0.26379502,0.26842624,0.27273172,0.27667996,0.28023943,0.28337863,0.28606597,0.28827006,0.28995925,0.29110208,0.29166695,0.29162252,0.29093707,0.2896522,0.2878475,0.2855485,0.28278086,0.27956998,0.27594158,0.27192113,0.26753426,0.26280648,0.25776345,0.2524306,0.24683356,0.24099796,0.2349493,0.22871315,0.22231506,0.21578062,0.20913541,0.202405,0.19561486,0.18879071,0.181958,0.17514233,0.16836931,0.16166441,0.15505326,0.14856145,0.14221455,0.13603804,0.13005754,0.124298595,0.11878681,0.11373809,0.10933031,0.10553196,0.10231149,0.0996374,0.09747816,0.09580227,0.094578184,0.09377438,0.093359336,0.09330156,0.09356949,0.094131626,0.094956435,0.09601241
0.1420044,0.14093408,0.14003393,0.1393308,0.13885166,0.13862322,0.13867249,0.13902627,0.13971148,0.14075495,0.14218357,0.14402418,0.14630371,0.14904895,0.15228689,0.15604427,0.160348,0.16511251,0.17021102,0.17560914,0.18127221,0.18716572,0.19325505,0.19950569,0.20588304,0.21235257,0.21887971,0.2254299,0.23196852,0.2384611,0.24487305,0.25116977,0.25731668,0.26327926,0.269023,0.27451327,0.2797155,0.2845952,0.28911775,0.29324856,0.2969531,0.30019686,0.30294517,0.30516365,0.30681747,0.3078723,0.30829346,0.3080464,0.30709666,0.30550185,0.30336064,0.3006999,0.2975466,0.29392758,0.2898696,0.28539962,0.2805445,0.27533114,0.26978633,0.263937,0.25781,0.25143224,0.24483058,0.23803177,0.2310629,0.22395064,0.21672195,0.20940371,0.20202279,0.19460604,0.1871803,0.17977248,0.17240947,0.16511807,0.15792525,0.15085778,0.14394261,0.13720657,0.13067652,0.124379374,0.11834193,0.11280627,0.10797335,0.10380861,0.10027753,0.097345516,0.09497801,0.09314046,0.09179832,0.09091699,0.09046191,0.090398535,0.09069231,0.09130869,0.092213064,0.09337088
0.1501553,0.14903271,0.14808863,0.1473512,0.14684862,0.14660907,0.14666072,0.1470318,0.14775044,0.14884485,0.1503432,0.15227367,0.15466444,0.1575437,0.16093965,0.16488045,0.16939428,0.17439835,0.17976604,0.1854597,0.1914417,0.1976745,0.2041204,0.21074185,0.2175012,0.22436085,0.23128322,0.23823062,0.24516551,0.25205025,0.25884718,0.26551884,0.2720274,0.2783354,0.2844052,0.29019916,0.2956796,0.30080912,0.30554986,0.30986437,0.31371498,0.3170641,0.31987408,0.32210737,0.3237262,0.32469317,0.32497054,0.32452077,0.3233061,0.32140067,0.31892216,0.3158988,0.31235874,0.30833024,0.30384144,0.29892048,0.29359558,0.28789496,0.28184667,0.27547908,0.26882023,0.26189837,0.25474158,0.24737822,0.23983634,0.2321441,0.22432981,0.21642156,0.20844756,0.20043595,0.19241498,0.1844128,0.17645758,0.1685775,0.16080076,0.15315552,0.14567,0.13837236,0.13129076,0.12445345,0.11788854,0.11186418,0.10660463,0.10207226,0.09822943,0.09503861,0.0924621,0.09046234,0.08900171,0.08804256,0.087547325,0.08747838,0.087798074,0.08846886,0.08945307,0.09071309
0.15830347,0.15712878,0.15614085,0.1553692,0.15484329,0.15459263,0.15464671,0.15503499,0.15578699,0.15693219,0.15850008,0.16052012,0.16302188,0.16603479,0.16958834,0.17371206,0.17843539,0.18367845,0.1893145,0.19530295,0.20160314,0.20817436,0.21497601,0.22196737,0.22910784,0.2363567,0.24367335,0.2510171,0.25834733,0.26562327,0.27280444,0.27985,0.28671938,0.29337198,0.29976702,0.3058639,0.31162196,0.31700057,0.321959,0.3264566,0.33045274,0.33390683,0.3367781,0.33902594,0.34060976,0.34148872,0.34162232,0.34096983,0.33949062,0.33727485,0.33445948,0.33107394,0.32714772,0.32271037,0.31779134,0.31242016,0.3066262,0.30043915,0.2938883,0.28700328,0.27981353,0.2723485,0.26463777,0.25671068,0.24859695,0.24032587,0.231927,0.22342984,0.21486387,0.20625858,0.19764346,0.18904799,0.18050168,0.172034,0.16367447,0.15545255,0.14739774,0.13953955,0.13190742,0.12453088,0.11743941,0.11092723,0.10524177,0.10034241,0.096188426,0.0927392,0.08995407,0.08779238,0.08621347,0.08517667,0.084641315,0.08456679,0.0849124,0.085637465,0.08670137,0.08806344
0.16644077,0.16521454,0.1641833,0.16337779,0.16282882,0.16256718,0.16262358,0.16302891,0.16381392,0.16500932,0.16664602,0.16875468,0.17136614,0.17451122,0.17822063,0.18252522,0.18745573,0.19293518,0.19883688,0.20511718,0.21173236,0.2186388,0.22579275,0.23315053,0.24066852,0.24830303,0.25601032,0.2637467,0.2714685,0.27913213,0.28669375,0.29410985,0.3013366,0.30833036,0.31504747,0.32144427,0.32747707,0.3331021,0.33827576,0.3429543,0.34709412,0.3506515,0.3535828,0.35584417,0.3573922,0.35818294,0.35817292,0.35731825,0.3555754,0.35305068,0.34990004,0.3461542,0.341844,0.33700022,0.33165362,0.32583505,0.3195752,0.31290498,0.30585504,0.29845625,0.29073927,0.28273508,0.2744743,0.26598784,0.25730634,0.24846071,0.23948166,0.23039998,0.22124651,0.21205199,0.20284718,0.19366294,0.18452998,0.1754791,0.1665411,0.15774676,0.14912684,0.14071219,0.13253352,0.124621615,0.11700733,0.11001073,0.103902414,0.09863858,0.09417562,0.090469815,0.08747753,0.08515506,0.083458684,0.082344785,0.08176961,0.08168953,0.082060836,0.08283985,0.08398288,0.08544627
0.17455904,0.17328233,0.17220859,0.17136991,0.17079832,0.17052586,0.17058462,0.17100666,0.17182398,0.17306864,0.17477274,0.1769683,0.17968735,0.182962,0.18682423,0.19130614,0.1964398,0.2021511,0.20831357,0.2148805,0.22180523,0.22904113,0.23654145,0.24425955,0.2521488,0.2601625,0.26825395,0.27637655,0.28448358,0.29252842,0.30046436,0.3082447,0.3158228,0.323152,0.33018565,0.336877,0.3431795,0.34904638,0.35443097,0.3592867,0.36356676,0.3672246,0.37021348,0.3724868,0.3739978,0.3746999,0.37454632,0.37349048,0.37148565,0.3686543,0.3651712,0.36106846,0.35637805,0.35113212,0.34536263,0.3391017,0.33238137,0.32523364,0.31769064,0.3097844,0.3015469,0.2930103,0.28420663,0.27516785,0.26592612,0.2565134,0.24696182,0.23730339,0.2275702,0.21779425,0.2080076,0.19824238,0.1885305,0.17890413,0.16939528,0.160036,0.15085836,0.1418944,0.13317615,0.124735706,0.11660508,0.109130114,0.102604076,0.096980326,0.09221221,0.088253036,0.08505614,0.08257485,0.08076249,0.079572424,0.078957945,0.07887235,0.07926906,0.08010133,0.081322536,0.08288599
0.1826502,0.18132436,0.18020938,0.17933843,0.17874488,0.17846197,0.17852297,0.17896122,0.17980994,0.18110251,0.18287209,0.18515205,0.18797563,0.19137613,0.19538684,0.20004103,0.205372,0.21130875,0.21772498,0.22457114,0.23179756,0.23935467,0.24719289,0.25526258,0.26351413,0.27189797,0.2803645,0.2888641,0.29734713,0.30576408,0.31406522,0.32220107,0.3301219,0.3377783,0.3451204,0.35209882,0.35866392,0.364766,0.3703555,0.37538287,0.37979838,0.38355258,0.38659582,0.38887843,0.39035082,0.39096352,0.39066666,0.38941097,0.3871466,0.38401186,0.38020048,0.37574553,0.3706803,0.36503828,0.35885254,0.35215652,0.34498334,0.33736643,0.32933903,0.32093439,0.31218576,0.30312657,0.29378995,0.28420928,0.27441782,0.26444885,0.25433564,0.24411148,0.23380964,0.22346345,0.21310616,0.20277105,0.19249143,0.18230055,0.17223172,0.1623182,0.15259328,0.14309028,0.13384245,0.124883085,0.116245456,0.10830064,0.101364404,0.09538719,0.09031936,0.08611133,0.082713485,0.080076255,0.07814999,0.07688509,0.07623197,0.07614102,0.07656267,0.07744726,0.07874523,0.080406934
0.19070598,0.189333,0.18817829,0.18727633,0.18666165,0.18636866,0.18643187,0.18688567,0.18776464,0.18910319,0.19093582,0.19329692,0.19622104,0.19974263,0.20389612,0.20871605,0.21423683,0.2203906,0.2270516,0.23416726,0.2416852,0.24955295,0.25771797,0.26612785,0.27473015,0.2834723,0.29230195,0.3011665,0.31001365,0.31879073,0.3274455,0.33592534,0.34417787,0.3521505,0.35979086,0.36704648,0.37386483,0.3801935,0.38598,0.39117193,0.3957167,0.39956182,0.40265507,0.4049438,0.40637547,0.4068978,0.40645817,0.40500417,0.40248334,0.39904967,0.39491516,0.39011422,0.38468137,0.37865102,0.3720577,0.36493585,0.35731995,0.3492445,0.34074387,0.33185264,0.3226052,0.31303602,0.30317968,0.29307052,0.2827431,0.2722318,0.26157114,0.2507956,0.23993967,0.2290377,0.21812427,0.20723379,0.1964008,0.18565972,0.17504504,0.16459121,0.15433267,0.14430393,0.13453948,0.12507375,0.11594123,0.10753768,0.100200996,0.093878664,0.088518254,0.08406725,0.080473244,0.07768372,0.075646244,0.074308306,0.073617496,0.0735213,0.07396729,0.07490295,0.07627584,0.0780335
0.19871838,0.19730046,0.19610798,0.19517653,0.19454178,0.19423918,0.19430445,0.19477311,0.19568084,0.19706316,0.1989557,0.20139402,0.20441376,0.20805047,0.21233985,0.21731736,0.22301868,0.22937918,0.23627375,0.24364711,0.25144398,0.25960925,0.2680875,0.27682358,0.28576225,0.29484817,0.30402625,0.3132411,0.3224376,0.33156043,0.3405543,0.34936407,0.3579344,0.36621007,0.3741359,0.38165662,0.38871688,0.39526156,0.40123534,0.40658298,0.4112493,0.41517898,0.41831687,0.4206076,0.42199594,0.42242676,0.42184475,0.4201946,0.41742113,0.41369382,0.40924275,0.4041035,0.39831156,0.3919027,0.38491237,0.37737626,0.36932996,0.360809,0.35184908,0.34248576,0.3327546,0.32269108,0.3123311,0.30170998,0.29086345,0.2798271,0.26863644,0.25732723,0.24593481,0.23449501,0.22304334,0.2116154,0.2002468,0.18897308,0.17782995,0.16685288,0.15607753,0.1455395,0.13527434,0.12531772,0.11570519,0.106856644,0.099131465,0.09247432,0.086830035,0.08214335,0.07835899,0.07542177,0.07327638,0.07186761,0.071140215,0.07103893,0.07150851,0.07249375,0.07393933,0.07579008
0.20667912,0.20521906,0.20399116,0.203032,0.20237832,0.20206675,0.20213397,0.20261657,0.20355129,0.20497468,0.20692348,0.20943432,0.21254389,0.21628875,0.22070561,0.22583118,0.23170203,0.238257,0.24537194,0.25298887,0.2610498,0.26949695,0.2782723,0.28731802,0.29657605,0.30598855,0.31549758,0.3250453,0.3345736,0.34402466,0.35334072,0.36246353,0.3713355,0.37989846,0.38809463,0.39586595,0.40315467,0.40990275,0.41605228,0.42154533,0.426324,0.4303304,0.43350658,0.43579453,0.43713656,0.4374745,0.43675053,0.43490672,0.43188518,0.42787057,0.4231106,0.41764203,0.41150144,0.4047255,0.39735088,0.38941425,0.38095224,0.37200144,0.36259857,0.3527803,0.3425833,0.33204406,0.3211995,0.31008607,0.29874057,0.28719953,0.27549964,0.26367757,0.25177002,0.23981355,0.22784488,0.21590064,0.20401748,0.1922321,0.18058108,0.16910113,0.1578289,0.14680102,0.13605416,0.12562498,0.11555014,0.10627287,0.09817332,0.091193646,0.08527589,0.0803621,0.07639442,0.07331485,0.071065515,0.069588475,0.06882585,0.06871965,0.06921199,0.07024495,0.071760595,0.07370101
0.21458016,0.21308108,0.21182032,0.21083562,0.21016449,0.2098446,0.20991358,0.21040906,0.21136871,0.21283022,0.21483102,0.21740891,0.2206015,0.2244464,0.22898129,0.23424368,0.24027133,0.24700657,0.25432652,0.26217064,0.27047843,0.2791895,0.2882432,0.2975793,0.307137,0.31685606,0.32667595,0.33653614,0.34637615,0.35613546,0.36575374,0.3751704,0.38432494,0.39315698,0.4016059,0.4096113,0.4171127,0.4240496,0.43036145,0.4359879,0.4408684,0.4449425,0.44814962,0.45042944,0.45172137,0.4519649,0.45109966,0.4490651,0.44580063,0.44150603,0.43644625,0.43065882,0.4241815,0.41705185,0.40930748,0.4009861,0.39212528,0.38276267,0.37293595,0.3626827,0.3520406,0.34104717,0.32974023,0.3181572,0.3063359,0.2943139,0.2821288,0.26981828,0.25741988,0.24497136,0.23251024,0.22007424,0.20770098,0.19542806,0.18329313,0.17133385,0.15958779,0.14809264,0.136886,0.12600553,0.115488835,0.10580166,0.09734428,0.0900562,0.08387697,0.07874609,0.074603066,0.071387455,0.06903874,0.06749645,0.06670011,0.06658923,0.067103334,0.06818192,0.06976453,0.07179067
0.22241326,0.22087878,0.2195883,0.21858029,0.21789335,0.2175659,0.21763654,0.21814372,0.21912606,0.22062197,0.22267006,0.2253088,0.22857675,0.23251244,0.2371544,0.242541,0.24871099,0.25561047,0.26311803,0.27117077,0.2797058,0.28866026,0.2979711,0.3075756,0.31741077,0.32741362,0.33752137,0.34767103,0.35779977,0.36784458,0.3777426,0.38743097,0.39684677,0.40592697,0.4146088,0.4228293,0.4305256,0.43763477,0.44409388,0.44983998,0.45481032,0.4589418,0.4621716,0.4644369,0.4656747,0.46582207,0.46481618,0.46259406,0.4590928,0.45452654,0.44917703,0.44308272,0.43628213,0.42881387,0.42071643,0.41202834,0.40278807,0.39303416,0.38280517,0.37213957,0.3610759,0.34965274,0.33790854,0.32588184,0.3136112,0.30113503,0.288492,0.27572054,0.2628592,0.2499465,0.23702095,0.22412108,0.21128541,0.19855247,0.1859608,0.17354888,0.16135526,0.14941844,0.13777696,0.12646934,0.1155341,0.10545842,0.09666187,0.089081496,0.08265446,0.077317804,0.07300864,0.06966405,0.06722116,0.06561702,0.06478874,0.064673394,0.065208115,0.06632996,0.06797604,0.07008344
0.2301703,0.22860448,0.22728767,0.22625907,0.22555801,0.22522387,0.22529593,0.22581352,0.22681592,0.2283424,0.23043239,0.2331251,0.2364598,0.24047594,0.24521269,0.25070947,0.25700548,0.26405108,0.27172673,0.27996734,0.28870764,0.29788256,0.30742684,0.3172753,0.32736275,0.33762404,0.3479939,0.35840735,0.368799,0.37910372,0.38925636,0.3991917,0.40884462,0.41814986,0.42704234,0.43545675,0.443328,0.45059082,0.45718008,0.46303064,0.46807727,0.47225472,0.475498,0.47774175,0.47892076,0.47897002,0.47782418,0.47541818,0.47168675,0.46685818,0.46123028,0.45484242,0.4477339,0.4399441,0.43151212,0.42247742,0.4128793,0.40275708,0.39214998,0.3810975,0.36963874,0.35781303,0.34565982,0.33321828,0.32052788,0.30762777,0.2945574,0.28135586,0.26806268,0.25471705,0.24135835,0.22802584,0.21475889,0.20159674,0.1885787,0.17574413,0.16313231,0.15078253,0.13873412,0.1270264,0.11569869,0.10525848,0.09614367,0.08828909,0.08162951,0.07609979,0.07163475,0.06816915,0.06563788,0.06397569,0.06311744,0.06299794,0.06355199,0.06471443,0.06642008,0.06860371
0.23784316,0.23625046,0.23491101,0.23386474,0.23315169,0.23281182,0.2328851,0.23341158,0.23443119,0.23598394,0.23810972,0.24084869,0.24424067,0.24832572,0.2531439,0.25873503,0.26513925,0.2723109,0.2801331,0.28853858,0.29745984,0.30682987,0.31658116,0.32664645,0.3369585,0.34745,0.35805368,0.3687022,0.37932834,0.3898647,0.40024406,0.4103991,0.42026255,0.4297671,0.43884546,0.44743028,0.4554544,0.46285045,0.4695511,0.47548902,0.48059702,0.48480785,0.48805407,0.4902685,0.4913838,0.49133265,0.49004775,0.48746186,0.48350772,0.47842717,0.47253355,0.46586695,0.45846722,0.45037454,0.44162866,0.43226972,0.42233774,0.41187257,0.40091428,0.38950282,0.37767822,0.36548033,0.35294935,0.3401251,0.32704765,0.31375694,0.30029294,0.28669566,0.2730051,0.2592612,0.24550398,0.23177342,0.2181095,0.20455222,0.19114153,0.17791747,0.16491994,0.15218899,0.13976459,0.12768677,0.1159954,0.1052172,0.09580734,0.087698475,0.080823325,0.075114585,0.07050498,0.066927195,0.06431396,0.062598,0.061711945,0.061588578,0.062160574,0.06336064,0.065121494,0.067375824
0.2454237,0.24380897,0.24245101,0.24139029,0.2406674,0.24032284,0.24039716,0.24093089,0.24196458,0.24353875,0.24569394,0.2484707,0.25190958,0.2560511,0.26093572,0.2666041,0.27309674,0.28037262,0.2883177,0.29686263,0.3059383,0.31547546,0.32540485,0.33565736,0.34616357,0.35685447,0.36766067,0.37851304,0.38934234,0.4000793,0.41065484,0.4209996,0.43104434,0.4407199,0.4499572,0.45868674,0.46683943,0.47434598,0.4811374,0.48714426,0.4922973,0.4965275,0.49976543,0.50194204,0.50298786,0.502834,0.50141096,0.49864975,0.494481,0.48915973,0.4830143,0.47608504,0.46841264,0.46003762,0.45100048,0.44134185,0.43110213,0.42032194,0.40904182,0.39730224,0.38514382,0.37260702,0.3597325,0.3465606,0.33313203,0.31948724,0.3056668,0.29171127,0.2776611,0.26355687,0.24943918,0.23534848,0.22132538,0.20741037,0.19364397,0.18006676,0.16671924,0.15364197,0.1408755,0.12846032,0.116437,0.105349965,0.09567045,0.087329194,0.08025701,0.07438468,0.069643006,0.06596271,0.06327456,0.06150942,0.060598016,0.0604711,0.06105949,0.06229393,0.06410525,0.06642417
0.25290376,0.25127235,0.24990037,0.2488287,0.24809834,0.24775027,0.2478253,0.24836451,0.2494089,0.2509993,0.25317675,0.2559822,0.25945652,0.26364082,0.26857585,0.27430278,0.2808624,0.28821865,0.29626077,0.30491778,0.31411883,0.32379287,0.33386895,0.34427613,0.35494354,0.36580008,0.37677497,0.38779706,0.39879555,0.40969938,0.42043778,0.4309396,0.44113395,0.45094985,0.46031642,0.46916267,0.47741762,0.48501045,0.49187002,0.49792546,0.5031059,0.5073402,0.51055753,0.5126869,0.5136574,0.5133982,0.5118381,0.5089062,0.5045316,0.49898207,0.49259964,0.4854255,0.47750056,0.46886566,0.45956185,0.44963005,0.43911132,0.4280464,0.41647646,0.40444228,0.3919849,0.3791453,0.36596444,0.35248324,0.33874264,0.32478362,0.31064713,0.29637405,0.28200552,0.26758233,0.2531454,0.23873588,0.22439465,0.2101626,0.19608067,0.18218993,0.1685312,0.15514557,0.14207387,0.12935714,0.11703633,0.10567209,0.09575057,0.08720079,0.07995181,0.07393267,0.069072425,0.06530013,0.06254479,0.0607355,0.0598013,0.059671216,0.06027431,0.06153964,0.063396215,0.06577313
0.26027516,0.25863287,0.25725165,0.25617287,0.25543764,0.25508717,0.25516275,0.2557056,0.25675693,0.258358,0.26055,0.26337415,0.26687175,0.27108398,0.27605203,0.2818172,0.28842068,0.2958315,0.30394283,0.3126822,0.32197723,0.33175534,0.34194413,0.3524712,0.36326388,0.37424982,0.38535655,0.39651158,0.4076425,0.41867676,0.42954195,0.44016558,0.45047513,0.46039817,0.46986222,0.47879496,0.4871237,0.49477604,0.50167954,0.5077618,0.51295024,0.5171724,0.5203558,0.52242804,0.5233166,0.52294904,0.521253,0.51815563,0.51358485,0.5078202,0.50121737,0.49381736,0.48566145,0.476791,0.467247,0.45707095,0.44630393,0.4349872,0.42316186,0.41086936,0.3981509,0.3850476,0.37160063,0.3578514,0.34384102,0.32961074,0.31520182,0.3006555,0.28601298,0.27131546,0.25660422,0.24192047,0.22730537,0.21280028,0.19844633,0.18428479,0.17035687,0.15670383,0.14336686,0.1303872,0.117806114,0.10619896,0.09606533,0.08733279,0.07992884,0.073781036,0.06881691,0.06496394,0.062149715,0.060301747,0.059347566,0.059214722,0.059830695,0.061123077,0.063019365,0.06544708
0.26752976,0.26588273,0.26449767,0.26341572,0.26267833,0.26232693,0.2624027,0.2629471,0.26400146,0.2656071,0.26780534,0.27063766,0.27414525,0.27836955,0.28335187,0.28913352,0.295756,0.3031936,0.31134427,0.32013407,0.32948938,0.33933634,0.34960133,0.36021045,0.37109008,0.3821663,0.3933655,0.40461394,0.41583765,0.4269631,0.43791643,0.44862396,0.45901185,0.4690063,0.47853374,0.48752025,0.4958921,0.5035756,0.5104969,0.5165824,0.5217582,0.52595055,0.52908564,0.53108996,0.53188956,0.53141063,0.5295797,0.5263227,0.5215659,0.5156006,0.5087946,0.50118923,0.49282584,0.4837458,0.47399032,0.46360084,0.45261884,0.44108537,0.4290421,0.41653025,0.403591,0.39026603,0.3765963,0.36262354,0.34838882,0.33393353,0.31929922,0.30452695,0.28965828,0.27473453,0.2597969,0.24488683,0.23004574,0.21531482,0.20073558,0.18634926,0.17219727,0.1583209,0.14476152,0.13156049,0.11875916,0.10694587,0.09663232,0.087744705,0.08020929,0.07395231,0.06890001,0.06497866,0.062114462,0.060233667,0.059262536,0.05912734,0.05975426,0.061069578,0.062999524,0.06547035
0.27465943,0.2730143,0.27163082,0.27055013,0.26981366,0.26946265,0.2695383,0.27008215,0.27113524,0.27273902,0.2749347,0.2777637,0.28126723,0.2854866,0.29046318,0.29623806,0.30285278,0.3102876,0.31844547,0.32725152,0.33663106,0.34650922,0.35681126,0.36746234,0.37838766,0.38951245,0.40076196,0.41206127,0.4233356,0.4345103,0.44551042,0.45626125,0.46668795,0.47671568,0.48626977,0.49527526,0.50365746,0.51134175,0.5182529,0.5243163,0.5294574,0.53360116,0.53667283,0.5385975,0.53930056,0.53870714,0.5367425,0.53333175,0.5284001,0.5222494,0.515259,0.50747013,0.49892417,0.48966232,0.47972593,0.4691563,0.45799467,0.44628248,0.4340609,0.42137122,0.40825477,0.39475292,0.38090685,0.366758,0.35234758,0.33771688,0.32290724,0.3079599,0.29291618,0.2778174,0.2627049,0.24761991,0.23260374,0.21769775,0.20294312,0.18838124,0.1740534,0.16000086,0.14626497,0.132887,0.11990827,0.10792827,0.09746913,0.08845609,0.080814324,0.07446904,0.06934544,0.06536872,0.06246409,0.060556784,0.05957195,0.05943483,0.060070597,0.06140448,0.06336165,0.065867364
0.281656,0.2800199,0.2786439,0.27756912,0.27683672,0.27648753,0.27656287,0.2771037,0.27815104,0.2797461,0.28192982,0.28474337,0.28822783,0.29242417,0.2973735,0.30311695,0.30969557,0.31709597,0.32522696,0.33401287,0.34337822,0.3532474,0.36354485,0.374195,0.3851223,0.39625102,0.4075058,0.41881093,0.43009093,0.44127005,0.4522729,0.4630238,0.47344723,0.4834676,0.49300936,0.5019968,0.5103544,0.51800674,0.52487814,0.5308929,0.5359756,0.5400506,0.5430424,0.5448754,0.54547393,0.54476243,0.5426655,0.53910726,0.53401244,0.5276927,0.52053785,0.51258886,0.50388694,0.49447304,0.48438826,0.47367367,0.46237043,0.4505194,0.43816194,0.42533892,0.4120915,0.39846063,0.38448757,0.3702133,0.3556789,0.34092537,0.32599393,0.31092554,0.2957614,0.28054237,0.2653097,0.25010443,0.23496759,0.21994027,0.20506361,0.19037859,0.17592633,0.16174786,0.14788431,0.13437673,0.12126621,0.10916141,0.09859337,0.08948645,0.0817651,0.07535373,0.07017678,0.06615864,0.063223764,0.061296582,0.0603015,0.060162943,0.06080533,0.0621531,0.06413068,0.06666249
0.28851134,0.28689173,0.28552958,0.28446564,0.28374055,0.28339493,0.28346944,0.28400484,0.2850417,0.28662065,0.28878245,0.29156765,0.29501703,0.29917115,0.30407068,0.30975634,0.31626874,0.32360116,0.33166903,0.34039614,0.34970662,0.35952422,0.36977294,0.3803767,0.39125937,0.40234485,0.4135572,0.42482033,0.436058,0.44719425,0.45815307,0.46885824,0.47923377,0.48920345,0.49869144,0.50762147,0.51591754,0.5235036,0.5303034,0.5362411,0.54124045,0.54522556,0.5481201,0.54984814,0.5503336,0.54950047,0.5472725,0.54357374,0.5383281,0.53185666,0.5245585,0.5164743,0.5076446,0.49811006,0.48791152,0.4770895,0.4656846,0.45373762,0.4412892,0.42837986,0.41505045,0.40134156,0.38729376,0.3729478,0.35834438,0.343524,0.32852757,0.3133955,0.29816854,0.28288746,0.26759273,0.25232518,0.23712538,0.222034,0.20709172,0.19233917,0.17781702,0.16356598,0.1496266,0.13603967,0.12284576,0.11066076,0.10002263,0.090855345,0.08308281,0.07662893,0.07141766,0.06737289,0.064418554,0.06247859,0.061476905,0.06133743,0.06198409,0.063340805,0.06533148,0.06788006
0.29521734,0.29362208,0.29228047,0.29123262,0.2905184,0.29017794,0.29025137,0.2907787,0.29179993,0.2933551,0.29548433,0.29822764,0.30162504,0.3057166,0.31054243,0.31614247,0.32255676,0.32978585,0.3377522,0.34637973,0.35559213,0.3653131,0.37546632,0.38597548,0.39676446,0.40775678,0.41887623,0.43004662,0.4411915,0.45223472,0.46309996,0.4737108,0.4839912,0.49386472,0.50325507,0.51208603,0.5202814,0.5277645,0.53445965,0.5402901,0.54517967,0.5490521,0.55183125,0.55344063,0.5538041,0.5528453,0.55048794,0.5466557,0.54127246,0.53466755,0.5272486,0.5190552,0.5101277,0.50050586,0.49023005,0.47934008,0.46787614,0.45587826,0.44338638,0.4304406,0.41708112,0.4033478,0.38928074,0.37491992,0.36030558,0.34547755,0.33047608,0.31534103,0.30011255,0.2848307,0.26953545,0.254267,0.23906519,0.2239702,0.2090221,0.19426088,0.17972656,0.16545926,0.15149897,0.13788578,0.12465973,0.112441555,0.101774506,0.09258227,0.08478859,0.07831716,0.07309169,0.06903593,0.066073574,0.064128324,0.06312392,0.06298406,0.06363248,0.06499289,0.066988975,0.06954449
0.3017658,0.30020332,0.29888922,0.2978628,0.29716325,0.2968299,0.2969018,0.2974182,0.2984185,0.29994175,0.3020273,0.30471426,0.308042,0.31204954,0.31677634,0.3222614,0.32854408,0.3356323,0.34345692,0.35194167,0.36101064,0.37058732,0.3805958,0.39095974,0.40160304,0.41244942,0.4234229,0.43444708,0.44544587,0.45634308,0.4670626,0.4775281,0.48766357,0.49739265,0.5066393,0.51532733,0.52338046,0.53072256,0.5372774,0.5429689,0.5477209,0.55145717,0.5541014,0.5555777,0.55580956,0.5547209,0.5522357,0.5482776,0.54277056,0.53605175,0.52853525,0.52026033,0.5112666,0.50159264,0.49127808,0.48036203,0.46888372,0.45688242,0.44439736,0.43146774,0.41813275,0.4044316,0.39040375,0.37608808,0.36152402,0.34675074,0.33180752,0.31673354,0.301568,0.2863502,0.2711193,0.2559145,0.2407752,0.22574039,0.21084945,0.19614159,0.18165596,0.16743188,0.15350851,0.1399251,0.12672089,0.114519246,0.1038666,0.09468679,0.08690364,0.08044096,0.07522255,0.07117227,0.06821391,0.06627129,0.06526825,0.06512858,0.06577612,0.06713466,0.06912806,0.07168014
0.30814856,0.3066276,0.30534846,0.3043493,0.30366838,0.30334383,0.3034138,0.30391657,0.30489025,0.30637306,0.30840313,0.31101868,0.31425792,0.31815898,0.3227601,0.32809943,0.33421513,0.34112316,0.34876344,0.35706025,0.36593783,0.3753204,0.38513228,0.39529762,0.4057407,0.41638583,0.42715722,0.4379791,0.4487757,0.45947134,0.46999016,0.4802565,0.49019462,0.4997287,0.50878304,0.5172819,0.52514935,0.53230995,0.5386877,0.5442069,0.5487919,0.55236685,0.554856,0.5561837,0.55627406,0.5550514,0.5524399,0.5483639,0.5427477,0.53593504,0.5283461,0.52001894,0.5109917,0.5013026,0.49098986,0.48009166,0.4686461,0.45669153,0.44426596,0.4314077,0.41815484,0.40454558,0.39061815,0.37641072,0.36196142,0.3473085,0.33249012,0.31754446,0.3025097,0.28742403,0.27232563,0.2572527,0.24224342,0.22733591,0.21256846,0.19797918,0.18360627,0.16948791,0.1556623,0.14216761,0.12904203,0.11690912,0.1063165,0.097188406,0.08944911,0.08302283,0.07783384,0.073806375,0.07086468,0.068932995,0.0679356,0.06779673,0.068440616,0.069791526,0.07177369,0.074311376
0.31397286,0.31249964,0.31126064,0.3102929,0.30963328,0.30931902,0.30938676,0.30987373,0.31081682,0.31225303,0.31421933,0.3167528,0.3198903,0.3236688,0.32812545,0.333297,0.33922067,0.34592026,0.3533451,0.36142007,0.37007025,0.37922055,0.38879594,0.39872155,0.4089222,0.41932288,0.4298486,0.4404244,0.4509751,0.46142587,0.4717015,0.4817271,0.49142757,0.50072795,0.5095532,0.5178282,0.525478,0.5324277,0.5386022,0.5439263,0.54832524,0.5517238,0.554047,0.55522,0.5551675,0.5538147,0.5510864,0.54690796,0.5412037,0.53432345,0.52669126,0.51834387,0.50931865,0.49965233,0.48938188,0.47854438,0.46717674,0.455316,0.4429991,0.43026304,0.4171449,0.4036815,0.3899099,0.37586707,0.36159,0.34711573,0.33248118,0.31772333,0.30287918,0.28798574,0.2730799,0.2581988,0.2433793,0.22865847,0.21407321,0.19966054,0.18545745,0.17150095,0.15782799,0.14447552,0.13148059,0.1194645,0.10897384,0.09993364,0.09226883,0.08590442,0.080765374,0.07677668,0.073863305,0.07195022,0.07096244,0.07082489,0.071462594,0.07280047,0.07476357,0.07727684
0.31888112,0.317459,0.31626293,0.31532884,0.31469208,0.31438863,0.31445402,0.31492412,0.31583455,0.317221,0.31911916,0.32156476,0.32459345,0.32824102,0.33254313,0.3375355,0.34325376,0.34972948,0.35692087,0.36475393,0.3731546,0.38204888,0.3913627,0.4010221,0.41095293,0.42108113,0.4313328,0.44163385,0.4519101,0.4620878,0.4720926,0.48185068,0.49128795,0.5003302,0.5089037,0.5169342,0.52434766,0.5310702,0.5370276,0.54214597,0.5463511,0.5495691,0.5517258,0.5527474,0.5525596,0.55108863,0.5482602,0.54400015,0.5382349,0.5313173,0.5236739,0.51534003,0.50635177,0.49674448,0.4865543,0.4758166,0.4645671,0.45284158,0.44067582,0.42810535,0.41516605,0.40189353,0.38832334,0.37449148,0.3604335,0.34618503,0.33178186,0.31725976,0.30265427,0.2880012,0.27333623,0.2586951,0.24411345,0.22962698,0.21527149,0.20108257,0.18709594,0.17334731,0.15987246,0.14670697,0.13388664,0.122028135,0.11167512,0.10275349,0.09518923,0.08890832,0.083836675,0.079900295,0.077025145,0.075137176,0.074162334,0.074026585,0.07465592,0.07597628,0.07791361,0.0803939
0.32291856,0.32155067,0.32040027,0.3195016,0.31888917,0.3185973,0.31866023,0.3191124,0.31998807,0.32132173,0.32314754,0.32549986,0.32841322,0.33192173,0.3360598,0.34086186,0.3463622,0.35259935,0.3595403,0.36711234,0.37524253,0.38385814,0.39288634,0.40225443,0.4118894,0.42171857,0.43166903,0.4416682,0.45164296,0.46152064,0.4712285,0.48069352,0.48984316,0.49860442,0.5069045,0.5146707,0.52183,0.5283099,0.53403723,0.5389396,0.5429437,0.5459772,0.5479669,0.5488402,0.54852414,0.54694617,0.5440333,0.53971267,0.5339116,0.5269853,0.5193608,0.51107246,0.50215435,0.49264112,0.4825669,0.47196624,0.46087325,0.44932243,0.437348,0.42498446,0.41226593,0.39922693,0.38590184,0.37232476,0.3585303,0.3445527,0.33042628,0.31618527,0.30186424,0.28749737,0.2731191,0.2587637,0.24446557,0.23025897,0.2161783,0.20225789,0.18853207,0.17503521,0.16180162,0.1488657,0.13626169,0.124599665,0.11441813,0.1056443,0.09820536,0.09202847,0.08704087,0.083169706,0.080342166,0.078485474,0.077526785,0.07739329,0.078012206,0.079310685,0.081215926,0.08365513
0.32613018,0.32481942,0.32371706,0.32285604,0.32226923,0.3219895,0.3220498,0.3224831,0.32332218,0.32459998,0.32634953,0.3286036,0.33139512,0.334757,0.33872208,0.34332347,0.34859386,0.3545785,0.36125287,0.3685456,0.37638548,0.38470098,0.3934209,0.40247387,0.41178834,0.42129317,0.43091682,0.4405882,0.4502357,0.45978808,0.469174,0.47832194,0.4871608,0.4956191,0.5036254,0.51110846,0.5179969,0.52421933,0.52970445,0.5343809,0.53817725,0.5410221,0.5428445,0.5435724,0.54313505,0.5414608,0.5384784,0.53411645,0.52830374,0.521396,0.5138195,0.50560653,0.49679047,0.48740393,0.47747996,0.46705148,0.4561513,0.44481242,0.43306765,0.42094997,0.40849227,0.39572743,0.3826884,0.369408,0.35591927,0.34225497,0.32844815,0.31453162,0.30053836,0.2865011,0.27245298,0.25842673,0.24445535,0.23057173,0.2168088,0.20319934,0.1897764,0.17657283,0.16362154,0.15095541,0.1386074,0.12717862,0.11720074,0.108602405,0.10131225,0.095258914,0.09037109,0.08657733,0.083806366,0.08198681,0.08104729,0.080916464,0.081523,0.082795486,0.08466263,0.08705304
0.328561,0.32731017,0.32625827,0.32543668,0.32487673,0.32460982,0.32466745,0.32508078,0.32588148,0.3271008,0.32877028,0.33092117,0.33358496,0.3367929,0.34057662,0.34496734,0.3499965,0.35571542,0.36210796,0.3691044,0.37663504,0.38463023,0.3930203,0.4017355,0.41070625,0.4198628,0.42913556,0.43845472,0.44775054,0.45695364,0.46599403,0.47480223,0.48330837,0.49144298,0.49913615,0.50631845,0.51291996,0.5188712,0.52410233,0.5285437,0.53212583,0.53477865,0.5364328,0.5370185,0.53646606,0.53470576,0.53166795,0.527283,0.5214812,0.51461804,0.50711644,0.49900776,0.49032336,0.48109475,0.4713533,0.46113035,0.45045727,0.43936563,0.42788672,0.41605195,0.40389258,0.3914403,0.37872624,0.36578202,0.3526389,0.33932832,0.32588166,0.31233037,0.29870576,0.2850393,0.27136236,0.25770634,0.24410269,0.23058276,0.21717796,0.2039197,0.19083937,0.17796837,0.16533811,0.15297998,0.14092536,0.12976466,0.12002081,0.11162414,0.10450497,0.09859362,0.09382042,0.09011567,0.08740969,0.0856328,0.08471534,0.084587574,0.08517987,0.08642253,0.08824586,0.09058021
0.330256,0.3290679,0.32806867,0.3272882,0.32675627,0.32650277,0.3265574,0.32695013,0.32771075,0.32886904,0.33045483,0.33249798,0.33502832,0.3380757,0.3416699,0.34584072,0.3506181,0.35605887,0.36215514,0.368839,0.37604275,0.38369843,0.3917384,0.40009484,0.4086998,0.4174856,0.4263844,0.43532848,0.4442498,0.4530808,0.46175364,0.4702004,0.47835335,0.48614472,0.4935066,0.50037134,0.5066711,0.5123378,0.51730406,0.52150184,0.52486336,0.52732086,0.52880645,0.5292524,0.52859104,0.52675414,0.52367437,0.5192837,0.5135144,0.50671995,0.49931902,0.49134138,0.482817,0.4737755,0.46424687,0.45426092,0.44384742,0.43303615,0.42185712,0.41034004,0.3985147,0.38641104,0.37405875,0.36148778,0.3487278,0.33580878,0.32276058,0.30961293,0.29639572,0.28313866,0.2698717,0.25662458,0.24342725,0.23030943,0.21730094,0.20443167,0.19173142,0.17923002,0.16695727,0.15494305,0.14321718,0.13235731,0.12287613,0.11470581,0.10777855,0.102026574,0.097382024,0.09377716,0.091144115,0.08941511,0.088522375,0.08839808,0.088974394,0.09018354,0.09195776,0.09422917
0.33126032,0.33013737,0.32919294,0.32845518,0.3279525,0.32771283,0.32776454,0.3281357,0.32885462,0.3299494,0.3314483,0.33337942,0.3357711,0.33865145,0.3420486,0.34599078,0.35050625,0.3556573,0.36144382,0.36780003,0.37466016,0.3819585,0.38962936,0.39760697,0.40582556,0.41421947,0.42272297,0.43127024,0.4397956,0.44823334,0.45651773,0.46458295,0.47236326,0.4797931,0.48680663,0.49333814,0.4993218,0.50469196,0.50938296,0.51332897,0.5164643,0.5187231,0.5200398,0.52034867,0.51958364,0.51767945,0.5145701,0.5101899,0.50447315,0.49777025,0.4904941,0.48267284,0.47433475,0.46550798,0.45622072,0.44650126,0.4363776,0.42587814,0.41503093,0.4038642,0.3924062,0.38068506,0.36872894,0.35656613,0.34422466,0.33173293,0.31911904,0.30641112,0.2936375,0.28082624,0.26800555,0.25520366,0.24244882,0.22976913,0.2171928,0.20474803,0.19246303,0.18036595,0.16848506,0.15684848,0.14548442,0.13495621,0.12576456,0.11784378,0.11112807,0.10555173,0.10104905,0.09755425,0.09500162,0.09332544,0.09245994,0.092339434,0.09289818,0.09407041,0.095790416,0.097992465
0.33161905,0.33056352,0.3296758,0.3289824,0.3285098,0.32828462,0.32833317,0.32868204,0.3293578,0.33038685,0.3317957,0.33361083,0.33585882,0.33856612,0.34175926,0.34546468,0.3497089,0.35455936,0.36002344,0.36603776,0.3725388,0.379463,0.3867469,0.39432713,0.4021401,0.41012233,0.41821045,0.42634085,0.43445003,0.44247454,0.4503511,0.45801592,0.46540567,0.47245687,0.47910598,0.48528957,0.49094415,0.49600622,0.5004122,0.50409883,0.5070025,0.5090598,0.5102071,0.5103809,0.509518,0.50755465,0.50442755,0.500073,0.49442768,0.4878376,0.4807087,0.47306743,0.4649404,0.456354,0.44733486,0.4379093,0.42810404,0.41794544,0.40746,0.39667425,0.38561466,0.37430766,0.36278003,0.35105795,0.33916804,0.32713687,0.31499082,0.30275646,0.29046026,0.27812877,0.2657884,0.25346568,0.24118717,0.22897929,0.21686856,0.20488155,0.19304465,0.18138447,0.1699274,0.15869999,0.14772873,0.13756093,0.12868397,0.12103433,0.11454854,0.10916311,0.10481457,0.1014394,0.098974176,0.097355366,0.096519515,0.09640314,0.09694273,0.09807484,0.09973595,0.101862624
0.33137718,0.33039126,0.329562,0.32891437,0.328473,0.3282626,0.328308,0.32863387,0.32926503,0.3302262,0.33154207,0.3332376,0.33533725,0.33786607,0.34084857,0.34430954,0.34827387,0.3528136,0.3579436,0.36360276,0.36973014,0.3762647,0.38314512,0.39031065,0.39770004,0.40525228,0.4129063,0.42060104,0.42827538,0.43586835,0.4433187,0.45056573,0.457548,0.46420452,0.47047445,0.47629648,0.4816097,0.48635298,0.49046513,0.49388537,0.49655232,0.49840525,0.49938273,0.49942398,0.4984678,0.49645326,0.49331915,0.48900437,0.483448,0.47699055,0.47002977,0.46259055,0.45469752,0.44637552,0.43764913,0.42854333,0.41908276,0.40929216,0.39919627,0.38881993,0.3781878,0.3673246,0.35625517,0.3450043,0.3335966,0.3220569,0.31040993,0.2986805,0.2868933,0.27507314,0.26324466,0.2514327,0.239662,0.22795734,0.21634339,0.20484495,0.1934868,0.18229365,0.17129023,0.16050132,0.14995168,0.14017111,0.13163216,0.12427385,0.11803503,0.11285468,0.10867173,0.10542512,0.10305374,0.101496585,0.100692585,0.10058062,0.101099685,0.10218867,0.10378653,0.1058322
0.33057967,0.32966536,0.3288964,0.32829583,0.32788643,0.32769138,0.3277335,0.32803568,0.328621,0.3295123,0.33073264,0.33230498,0.33425212,0.33659723,0.33936304,0.34257266,0.346249,0.35046855,0.35525355,0.3605455,0.36628586,0.3724162,0.37887794,0.38561273,0.39256197,0.39966714,0.4068699,0.41411155,0.42133373,0.42847797,0.43548572,0.44229844,0.44885767,0.45510498,0.46098188,0.4664298,0.47139025,0.47580478,0.47961488,0.48276213,0.4851879,0.48683366,0.4876412,0.4875518,0.48650694,0.4844483,0.48131725,0.4770553,0.47160405,0.46529764,0.45852447,0.45130754,0.4436698,0.4356342,0.42722368,0.4184612,0.4093698,0.39997238,0.39029178,0.38035107,0.3701732,0.35978103,0.3491977,0.338446,0.32754883,0.31652933,0.30541041,0.29421487,0.28296587,0.27168617,0.2603989,0.24912697,0.2378932,0.22672068,0.2156323,0.20465104,0.19379987,0.1831017,0.17257951,0.16225627,0.15215488,0.1427863,0.134607,0.1275586,0.12158258,0.116620444,0.112613656,0.10950379,0.10723232,0.10574077,0.104970604,0.10486335,0.10536057,0.10640369,0.10793425,0.10989373
0.3292716,0.3284308,0.3277237,0.32717133,0.32679486,0.3266154,0.32665417,0.32693207,0.32747036,0.32829005,0.3294124,0.33085835,0.3326491,0.33480576,0.33734944,0.3403012,0.34368217,0.347573,0.352003,0.35691643,0.36225742,0.36797032,0.3739994,0.38028866,0.38678253,0.39342505,0.40016055,0.4069333,0.41368744,0.4203672,0.42691672,0.43328047,0.43940243,0.44522685,0.4506981,0.45576027,0.46035758,0.4644343,0.46793467,0.47080287,0.47298315,0.47441968,0.47505677,0.47483858,0.4737093,0.47161314,0.46849442,0.4642974,0.45896608,0.4528275,0.44625965,0.43928376,0.4319208,0.42419204,0.41611847,0.4077212,0.39902136,0.3900401,0.38079846,0.37131757,0.36161858,0.35172263,0.34165064,0.33142397,0.32106355,0.31059048,0.30002603,0.28939125,0.27870706,0.26799494,0.2572756,0.24657042,0.2359004,0.2252867,0.21475035,0.20431255,0.19399436,0.18381688,0.17380124,0.16396855,0.15433992,0.14540605,0.13760634,0.13088499,0.12518626,0.120454356,0.11663352,0.11366795,0.11150189,0.11007953,0.10934509,0.10924283,0.109716944,0.11071168,0.11217125,0.1140398
0.32749817,0.32673246,0.3260885,0.32558545,0.3252427,0.3250793,0.32511452,0.32536763,0.32585782,0.32660437,0.3276263,0.3289431,0.3305739,0.33253777,0.33485416,0.33754218,0.34062108,0.3441753,0.3482412,0.35276592,0.35769644,0.36297983,0.3685632,0.37439364,0.38041815,0.38658383,0.3928377,0.39912692,0.40539852,0.41159943,0.4176769,0.4235779,0.4292495,0.4346388,0.43969288,0.44435874,0.44858342,0.45231414,0.4554978,0.4580815,0.46001235,0.46123752,0.46170378,0.46135846,0.46014857,0.45802107,0.45492315,0.4508018,0.44560406,0.43964872,0.43330252,0.42658463,0.41951433,0.4121108,0.40439337,0.39638117,0.38809344,0.3795494,0.3707682,0.3617692,0.35257155,0.34319457,0.3336573,0.3239791,0.31417912,0.30427667,0.2942909,0.28424102,0.27414635,0.264026,0.25389928,0.24378534,0.23370343,0.2236728,0.21371268,0.20384224,0.19408073,0.18444736,0.17496136,0.16564201,0.15650843,0.14803006,0.14062797,0.13424927,0.12884107,0.124350436,0.12072439,0.11791,0.11585438,0.11450452,0.11380756,0.11371049,0.11416044,0.11510445,0.1164896,0.118262924
0.32530427,0.3246152,0.32403564,0.3235831,0.32327458,0.3231275,0.32315922,0.323387,0.32382813,0.32449988,0.3254196,0.32660457,0.3280721,0.3298394,0.331924,0.33434287,0.33711362,0.34032413,0.34401777,0.34814444,0.35265434,0.35749733,0.36262354,0.367983,0.37352562,0.3792016,0.38496074,0.3907533,0.39652914,0.40223843,0.407831,0.41325712,0.41846663,0.4234095,0.428036,0.432296,0.43613958,0.4395167,0.44237733,0.44467172,0.44634968,0.44736135,0.44765675,0.44718578,0.44589868,0.4437453,0.4406758,0.43663993,0.43158808,0.42582986,0.41971993,0.41327542,0.4065138,0.39945242,0.39210844,0.38449925,0.37664202,0.36855426,0.360253,0.35175586,0.34307986,0.33424243,0.3252608,0.31615233,0.3069344,0.29762408,0.28823882,0.27879593,0.2693127,0.2598064,0.25029433,0.24079372,0.23132205,0.22189642,0.21253428,0.20325285,0.1940694,0.18500133,0.17606588,0.16728032,0.15866202,0.1506578,0.14366975,0.13764785,0.13254215,0.12830265,0.1248794,0.12222245,0.12028179,0.11900744,0.11834944,0.11825781,0.1186826,0.1195738,0.12088147,0.122555606
0.32273495,0.32212394,0.32161,0.32120857,0.32093504,0.32080463,0.32083276,0.3210348,0.32142594,0.32202166,0.3228373,0.3238881,0.3251895,0.32675683,0.32860538,0.3307505,0.3332076,0.3360681,0.33938205,0.3431026,0.3471827,0.3515756,0.35623428,0.3611119,0.36616147,0.37133613,0.37658903,0.38187316,0.38714167,0.39234757,0.3974441,0.40238434,0.40712115,0.41160786,0.4157974,0.419643,0.42309773,0.42611462,0.4286467,0.43064728,0.43206918,0.4328657,0.43298984,0.43239468,0.43103343,0.42885908,0.42582464,0.42188334,0.41698825,0.4114395,0.4055788,0.39942154,0.39298305,0.38627863,0.3793237,0.37213346,0.3647234,0.35710874,0.34930494,0.34132725,0.333191,0.3249116,0.3165044,0.3079847,0.29936785,0.2906691,0.28190392,0.27308756,0.26423553,0.25536296,0.24648528,0.23761785,0.22877596,0.21997501,0.21123026,0.20255713,0.19397092,0.185487,0.17712067,0.1688873,0.16080223,0.15328896,0.1467295,0.14107698,0.13628443,0.13230498,0.12909171,0.12659772,0.12477608,0.12357992,0.12296228,0.12287628,0.12327499,0.12411153,0.125339,0.12691045
0.3198354,0.31930354,0.31885615,0.3185068,0.3182687,0.31815514,0.31817967,0.3183555,0.31869596,0.3192145,0.3199244,0.32083905,0.32197183,0.32333606,0.324945,0.3268122,0.32895085,0.3314558,0.33438367,0.33769065,0.34133312,0.3452673,0.34944934,0.3538356,0.35838225,0.3630456,0.3677819,0.37254727,0.37729818,0.3819907,0.38658106,0.3910257,0.39528066,0.39930227,0.40304682,0.40647057,0.4095297,0.41218042,0.41437906,0.41608188,0.4172451,0.4178249,0.41777763,0.41705945,0.41562673,0.41343567,0.41044235,0.40660325,0.40187454,0.39654616,0.39094642,0.38508838,0.37898555,0.37265137,0.366099,0.35934198,0.35239342,0.34526694,0.3379758,0.3305333,0.3229528,0.31524768,0.30743128,0.29951695,0.29151803,0.283448,0.27532002,0.26714754,0.25894397,0.2507225,0.24249664,0.23427968,0.22608498,0.21792586,0.20981574,0.20176789,0.1937957,0.18591253,0.17813177,0.1704667,0.1629307,0.15592314,0.14980513,0.14453304,0.14006306,0.13635142,0.13335443,0.13102828,0.12932923,0.12821357,0.1276375,0.1275573,0.1279292,0.12870944,0.12985428,0.13131994
0.3166505,0.31619883,0.31581897,0.31552222,0.31532007,0.31522372,0.3152445,0.31539378,0.31568292,0.31612322,0.31672606,0.31750283,0.31846473,0.3196232,0.32098958,0.3225751,0.32439125,0.3265357,0.32907194,0.33195922,0.33515713,0.3386251,0.3423227,0.3462094,0.35024464,0.35438788,0.35859874,0.3628365,0.3670608,0.37123102,0.37530681,0.3792475,0.38301265,0.38656166,0.38985413,0.39284948,0.39550722,0.39778677,0.3996476,0.40104944,0.40195143,0.4023132,0.40209433,0.4012543,0.39975238,0.39754826,0.39460135,0.3908711,0.3863171,0.38121858,0.37588954,0.37034124,0.3645851,0.35863233,0.3524944,0.34618267,0.3397084,0.3330829,0.32631758,0.31942376,0.3124127,0.30529588,0.29808462,0.29079008,0.2834238,0.275997,0.2685211,0.2610074,0.25346732,0.24591199,0.23835292,0.23080142,0.2232688,0.21576646,0.20830569,0.20089783,0.19355418,0.18628617,0.17910509,0.17202224,0.16504906,0.15855984,0.15289445,0.14801235,0.143873,0.14043596,0.13766065,0.1355066,0.13393325,0.13290009,0.13236666,0.13229239,0.13263674,0.13335928,0.13441941,0.13577671
0.31322536,0.31285474,0.31254312,0.31229967,0.31213373,0.31205466,0.3120717,0.3121942,0.31243142,0.31279272,0.31328732,0.3139247,0.31471387,0.3156644,0.31678545,0.31808645,0.31957653,0.32135656,0.32349634,0.32595864,0.32870615,0.33170187,0.33490837,0.33828852,0.34180516,0.34542093,0.34909883,0.3528015,0.35649177,0.3601325,0.36368626,0.36711606,0.37038454,0.37345466,0.3762891,0.3788506,0.38110197,0.38300613,0.3845257,0.3856235,0.3862624,0.38640508,0.38601443,0.3850533,0.38348415,0.38127014,0.3783739,0.37475824,0.37038594,0.3655252,0.36047527,0.35524553,0.34984514,0.34428364,0.33856997,0.33271378,0.32672423,0.32061058,0.31438223,0.30804843,0.30161855,0.29510176,0.28850752,0.28184497,0.27512354,0.2683525,0.26154113,0.25469884,0.24783465,0.24095818,0.23407862,0.22720519,0.2203473,0.21351422,0.20671529,0.19995973,0.19325688,0.18661611,0.1800466,0.17355777,0.16715886,0.16119872,0.15599526,0.15151122,0.14770938,0.14455259,0.14200355,0.14002512,0.13858005,0.13763115,0.13714118,0.13707297,0.13738926,0.1380529,0.1390266,0.1402732
0.309605,0.30931613,0.30907333,0.30888358,0.3087543,0.30869266,0.30870596,0.30880144,0.30898634,0.30926788,0.30965334,0.31014997,0.3107651,0.31150582,0.31237948,0.3133933,0.31455454,0.3159669,0.31770644,0.31973946,0.32203192,0.32455012,0.32726017,0.33012828,0.33312044,0.33620286,0.33934173,0.3425032,0.34565336,0.3487583,0.35178438,0.35469753,0.35746405,0.36004993,0.36242154,0.36454472,0.36638588,0.367911,0.36908635,0.36987793,0.3702521,0.3701748,0.36961228,0.36853066,0.36689612,0.36467472,0.36183262,0.3583361,0.35415116,0.3495347,0.34477064,0.33986655,0.33482948,0.3296668,0.3243856,0.31899333,0.31349713,0.30790415,0.30222183,0.29645735,0.2906179,0.2847108,0.27874336,0.2727226,0.26665604,0.26055074,0.25441405,0.24825317,0.2420754,0.23588802,0.22969814,0.22351308,0.21734014,0.21118657,0.20505951,0.19896637,0.19291428,0.1869105,0.18096232,0.17507698,0.16926172,0.16383938,0.15910545,0.155026,0.1515672,0.14869525,0.14637622,0.14457631,0.14326166,0.14239836,0.1419526,0.14189057,0.1421783,0.14278203,0.14366789,0.14480202
0.3058345,0.305628,0.30545434,0.30531868,0.3052263,0.30518225,0.30519173,0.30525997,0.3053922,0.30559346,0.3058691,0.30622414,0.30666384,0.3071935,0.30781814,0.30854297,0.30937323,0.31041524,0.3117517,0.31335205,0.31518582,0.3172227,0.31943223,0.32178375,0.32424703,0.32679144,0.32938668,0.33200225,0.3346076,0.33717233,0.33966607,0.34205824,0.34431848,0.3464163,0.34832117,0.35000274,0.35143054,0.35257408,0.35340288,0.35388657,0.35399467,0.35369667,0.35296214,0.35176072,0.35006177,0.347835,0.34504995,0.34167603,0.3376828,0.33331543,0.32884267,0.32426968,0.31960166,0.31484383,0.31000128,0.30507928,0.30008295,0.29501748,0.28988814,0.28470007,0.2794584,0.27416828,0.26883507,0.2634638,0.25805974,0.25262803,0.2471738,0.24170235,0.23621872,0.23072824,0.22523603,0.21974725,0.21426713,0.20880087,0.20335357,0.19793049,0.19253673,0.18717758,0.18185817,0.17658365,0.17135926,0.16648142,0.16222283,0.15855302,0.15544157,0.15285797,0.15077184,0.1491527,0.14796999,0.1471934,0.14679241,0.14673658,0.14699543,0.14753856,0.14833544,0.1493557
0.30195892,0.30183512,0.301731,0.30164966,0.30159426,0.30156785,0.3015736,0.3016145,0.30169374,0.3018144,0.30197957,0.3021925,0.30245614,0.30277357,0.30314803,0.30358255,0.30408025,0.30475026,0.30568147,0.3068469,0.30821955,0.30977237,0.31147832,0.3133104,0.31524158,0.31724483,0.31929314,0.32135946,0.32341677,0.32543802,0.3273962,0.3292644,0.33101544,0.33262226,0.33405796,0.33529544,0.3363077,0.3370678,0.3375486,0.33772308,0.3375643,0.3370451,0.33613852,0.3348176,0.33305523,0.3308244,0.32809815,0.3248493,0.32105097,0.31693628,0.3127584,0.30852035,0.3042254,0.29987657,0.29547697,0.29102978,0.286538,0.28200477,0.27743328,0.27282652,0.26818773,0.26351988,0.2588261,0.25410962,0.24937338,0.24462055,0.23985432,0.23507771,0.23029383,0.22550583,0.22071682,0.2159298,0.21114804,0.20637454,0.20161241,0.19686481,0.1921348,0.18742554,0.18274005,0.17808153,0.17345303,0.16912436,0.16534524,0.16208862,0.15932745,0.15703475,0.15518346,0.15374658,0.15269709,0.1520079,0.15165204,0.15160252,0.15183225,0.1523142,0.15302137,0.15392675
0.2980232,0.29798236,0.29794806,0.29792118,0.29790285,0.29789418,0.29789606,0.29790953,0.29793572,0.2979755,0.2980301,0.29810038,0.29818738,0.29829222,0.29841575,0.29855922,0.29872352,0.29902044,0.29954523,0.30027446,0.30118448,0.30225167,0.3034525,0.30476338,0.30616066,0.3076209,0.30912036,0.31063566,0.31214303,0.31361893,0.31503987,0.31638214,0.31762227,0.3187366,0.31970164,0.32049376,0.32108933,0.32146487,0.3215967,0.32146126,0.32103506,0.32029438,0.3192158,0.31777558,0.31595024,0.31371617,0.3110498,0.3079275,0.30432573,0.30046564,0.29658467,0.2926839,0.2887643,0.28482693,0.28087276,0.2769029,0.2729183,0.2689201,0.26490912,0.2608867,0.25685352,0.2528108,0.24875957,0.24470074,0.2406355,0.23656476,0.2324896,0.22841099,0.22433,0.22024763,0.21616493,0.2120829,0.20800258,0.203925,0.19985116,0.19578214,0.19171892,0.18766254,0.18361403,0.17957439,0.17554468,0.17176788,0.16847053,0.16562909,0.16321994,0.16121954,0.15960425,0.15835054,0.15743485,0.15683354,0.1565231,0.15647984,0.15668026,0.15710081,0.15771782,0.15850778
0.2940725,0.29411468,0.29415008,0.29417777,0.29419664,0.29420558,0.29420367,0.29418972,0.29416278,0.2941217,0.2940655,0.29399306,0.29390338,0.29379535,0.293668,0.29352018,0.29335085,0.2932744,0.29339257,0.29368526,0.29413223,0.29471344,0.2954087,0.2961979,0.29706094,0.2979776,0.29892787,0.29989156,0.30084857,0.30177867,0.30266178,0.30347788,0.3042067,0.30482814,0.30532208,0.30566838,0.305847,0.30583772,0.30562037,0.30517483,0.30448106,0.30351895,0.30226818,0.3007088,0.29882059,0.29658347,0.29397726,0.29098186,0.28757715,0.28397214,0.28038865,0.27682558,0.2732819,0.2697566,0.2662485,0.26275662,0.2592799,0.25581726,0.25236768,0.24893011,0.24550337,0.24208657,0.23867859,0.23527834,0.23188479,0.22849685,0.2251135,0.22173373,0.21835636,0.21498042,0.21160485,0.20822856,0.20485048,0.20146963,0.19808489,0.1946952,0.19129956,0.18789682,0.184486,0.18106602,0.17763582,0.17441152,0.17159656,0.16917078,0.16711408,0.1654063,0.16402736,0.16295707,0.16217531,0.16166198,0.16139695,0.16136004,0.16153112,0.16189013,0.16241689,0.16309126
0.2901519,0.29027686,0.290382,0.29046407,0.29052,0.29054672,0.29054093,0.2904996,0.29041964,0.29029778,0.29013097,0.289916,0.28964993,0.28932938,0.28895125,0.2885126,0.28801006,0.2875608,0.28727293,0.2871296,0.28711435,0.28721026,0.2874008,0.28766924,0.28799888,0.28837296,0.28877497,0.289188,0.28959554,0.28998074,0.2903271,0.29061773,0.2908361,0.29096535,0.29098907,0.2908903,0.29065245,0.29025888,0.28969276,0.2889376,0.28797653,0.286793,0.28537017,0.28369144,0.2817402,0.27949968,0.27695307,0.27408382,0.27087528,0.26752436,0.26423734,0.26101092,0.25784203,0.25472745,0.25166422,0.24864905,0.24567889,0.24275048,0.23986086,0.23700675,0.23418505,0.23139267,0.22862642,0.22588316,0.22315978,0.22045313,0.2177601,0.21507752,0.21240225,0.20973116,0.20706113,0.20438898,0.20171165,0.1990259,0.19632865,0.19361678,0.19088714,0.18813658,0.18536197,0.18256013,0.179728,0.17705488,0.17472114,0.17271006,0.1710049,0.1695891,0.16844584,0.16755852,0.16691044,0.16648482,0.16626512,0.1662345,0.16637635,0.16667397,0.16711068,0.16766979
0.28630635,0.28651386,0.28668848,0.28682482,0.28691778,0.2869621,0.28695247,0.28688386,0.28675097,0.2865486,0.28627154,0.28591466,0.28547257,0.28494018,0.28431225,0.28358358,0.28274897,0.2819282,0.2812357,0.28065813,0.2801824,0.27979505,0.2794829,0.2792327,0.2790312,0.27886498,0.27872095,0.27858573,0.27844614,0.27828878,0.27810052,0.27786803,0.277578,0.2772172,0.2767724,0.27623025,0.27557757,0.27480102,0.27388728,0.27282327,0.2715956,0.27019095,0.26859614,0.26679787,0.26478285,0.2625379,0.26004955,0.25730476,0.25429016,0.251191,0.24819772,0.24530517,0.24250816,0.23980145,0.2371799,0.23463827,0.23217131,0.22977383,0.22744063,0.22516645,0.22294615,0.22077447,0.21864627,0.21655616,0.21449915,0.21246992,0.21046324,0.20847395,0.20649685,0.20452665,0.20255819,0.20058629,0.1986057,0.19661117,0.19459757,0.19255964,0.19049217,0.18839,0.18624784,0.18406053,0.18182285,0.17969757,0.17784211,0.17624319,0.1748875,0.17376183,0.1728529,0.17214742,0.17163214,0.17129378,0.17111906,0.17109478,0.17120756,0.17144418,0.17179139,0.17223589
0.2825809,0.28287062,0.28311422,0.2833046,0.28343433,0.28349614,0.28348276,0.283387,0.28320155,0.2829191,0.28253236,0.28203416,0.2814171,0.280674,0.27979752,0.27878043,0.27761546,0.27642515,0.2753304,0.27432126,0.27338785,0.27252036,0.2717089,0.27094355,0.2702144,0.26951164,0.26882526,0.26814556,0.26746258,0.26676634,0.26604712,0.26529494,0.2644999,0.26365218,0.26274183,0.2617591,0.26069394,0.25953662,0.25827712,0.25690565,0.2554123,0.2537872,0.25202042,0.25010216,0.24802245,0.24577141,0.24333929,0.24071603,0.23789191,0.23504037,0.2323367,0.22977367,0.22734398,0.22504038,0.2228556,0.22078231,0.21881329,0.21694125,0.21515895,0.21345906,0.2118343,0.21027747,0.20878124,0.20733833,0.20594148,0.20458347,0.20325693,0.2019547,0.20066938,0.19939376,0.1981206,0.19684257,0.19555242,0.19424288,0.19290668,0.19153652,0.19012514,0.18866526,0.18714961,0.18557096,0.183922,0.18233919,0.18095732,0.1797665,0.17875691,0.17791855,0.17724162,0.17671622,0.17633247,0.17608047,0.17595036,0.17593224,0.17601624,0.17619249,0.17645104,0.17678212
0.27902058,0.27939188,0.27970418,0.27994803,0.28011426,0.28019357,0.28017646,0.2800537,0.27981603,0.27945405,0.27895847,0.27831995,0.27752918,0.27657685,0.2754536,0.27415016,0.27265728,0.2711002,0.26960647,0.26816928,0.2667823,0.26543894,0.26413268,0.26285687,0.2616051,0.26037076,0.25914735,0.25792828,0.25670695,0.25547704,0.25423178,0.25296474,0.25166935,0.25033903,0.2489674,0.24754769,0.24607351,0.2445383,0.24293546,0.2412585,0.2395009,0.23765601,0.23571737,0.23367848,0.23153275,0.22927363,0.22689457,0.22438905,0.22175054,0.21914122,0.21672143,0.21448189,0.21241318,0.21050605,0.20875116,0.20713925,0.20566088,0.20430683,0.20306776,0.20193431,0.20089719,0.19994704,0.1990746,0.1982705,0.19752543,0.1968301,0.19617511,0.19555125,0.19494908,0.19435936,0.19377278,0.19317997,0.19257164,0.19193842,0.19127102,0.19056012,0.18979643,0.18897061,0.18807328,0.18709517,0.18602699,0.1849793,0.18406463,0.18327643,0.18260813,0.18205322,0.18160513,0.1812574,0.18100335,0.18083654,0.18075046,0.18073845,0.18079405,0.18091069,0.18108185,0.181301
0.27567053,0.27612257,0.27650288,0.27679986,0.27700227,0.27709877,0.27707788,0.27692845,0.27663907,0.2761983,0.27559486,0.27481738,0.27385452,0.27269495,0.27132726,0.26974013,0.26792225,0.266002,0.2641133,0.2622528,0.2604173,0.2586035,0.25680822,0.25502813,0.25325996,0.25150052,0.24974646,0.2479946,0.24624166,0.24448434,0.24271944,0.24094371,0.23915385,0.23734656,0.23551866,0.23366685,0.23178793,0.22987853,0.22793551,0.22595552,0.22393537,0.22187178,0.21976143,0.21760117,0.21538764,0.21311766,0.21078792,0.20839518,0.20593618,0.20356213,0.2014189,0.19949508,0.19777934,0.1962603,0.19492671,0.19376709,0.19277021,0.19192463,0.19121903,0.1906421,0.19018243,0.18982868,0.1895695,0.18939361,0.18928955,0.18924604,0.18925172,0.18929525,0.18936522,0.18945037,0.18953927,0.1896206,0.18968304,0.18971522,0.18970574,0.18964332,0.18951659,0.18931417,0.18902475,0.18863696,0.18813945,0.18761751,0.18716188,0.18676917,0.18643625,0.18615979,0.1859366,0.18576333,0.18563679,0.18555368,0.18551078,0.18550482,0.18553251,0.18559061,0.18567589,0.18578508
0.27257577,0.27310768,0.2735551,0.27390456,0.27414283,0.2742563,0.2742318,0.27405596,0.2737154,0.27319676,0.27248666,0.27157182,0.27043885,0.26907435,0.26746497,0.2655974,0.26345828,0.26117918,0.25890055,0.2566223,0.2543444,0.2520668,0.2497895,0.24751244,0.24523553,0.24295871,0.240682,0.23840533,0.23612867,0.23385188,0.23157507,0.22929803,0.2270208,0.22474334,0.22246554,0.2201874,0.21790892,0.21562998,0.21335053,0.21107054,0.20878997,0.20650877,0.20422691,0.20194432,0.19966097,0.1973768,0.19509175,0.19280578,0.19051884,0.18837169,0.18649606,0.18487866,0.18350609,0.18236503,0.1814421,0.18072398,0.18019728,0.17984866,0.17966476,0.17963222,0.17973767,0.17996779,0.18030919,0.18074857,0.1812725,0.18186767,0.18252072,0.18321827,0.183947,0.18469353,0.18544452,0.1861866,0.18690643,0.18759063,0.18822587,0.1887988,0.18929604,0.1897042,0.19001001,0.19020006,0.19026099,0.19025344,0.19024684,0.19024116,0.19023633,0.1902323,0.19022907,0.19022657,0.19022472,0.19022352,0.19022289,0.19022283,0.19022319,0.19022407,0.19022529,0.19022688
0.2697812,0.270392,0.2709057,0.27130696,0.27158043,0.27171075,0.2716826,0.27148074,0.2710897,0.27049425,0.26967898,0.2686286,0.2673278,0.26576117,0.2639134,0.26176915,0.25931317,0.25668022,0.2540175,0.25132808,0.24861509,0.24588151,0.24313046,0.24036504,0.23758836,0.23480345,0.2320134,0.22922133,0.22643025,0.22364329,0.2208635,0.21809398,0.21533783,0.21259813,0.2098779,0.20718026,0.2045083,0.2018651,0.19925375,0.19667728,0.19413884,0.19164145,0.18918823,0.18678223,0.18442655,0.18212429,0.17987849,0.17769225,0.17556866,0.17363842,0.17201996,0.17069799,0.16965713,0.16888206,0.16835743,0.16806792,0.16799824,0.16813298,0.16845684,0.1689545,0.16961062,0.17040983,0.17133684,0.17237629,0.17351288,0.17473125,0.17601605,0.17735194,0.17872366,0.18011579,0.18151304,0.1829001,0.18426158,0.18558213,0.18684651,0.18803929,0.18914519,0.19014889,0.19103499,0.19178823,0.19239321,0.19288664,0.19331741,0.19368862,0.19400339,0.19426474,0.19447574,0.19463953,0.19475918,0.19483773,0.19487828,0.19488396,0.19485776,0.19480282,0.1947222,0.19461899
0.26733208,0.26802042,0.26859936,0.26905158,0.26935974,0.26950663,0.26947495,0.2692474,0.26880673,0.26813564,0.26721686,0.26603308,0.26456708,0.2628015,0.26071912,0.25830257,0.25553465,0.2525538,0.24951373,0.24642073,0.24328087,0.2401003,0.23688507,0.23364128,0.23037511,0.22709265,0.22379999,0.22050323,0.21720856,0.21392201,0.21064971,0.20739779,0.20417239,0.20097956,0.19782543,0.19471614,0.19165781,0.18865654,0.18571839,0.1828495,0.18005604,0.17734404,0.17471968,0.17218906,0.16975825,0.16743337,0.16522057,0.16312598,0.16115561,0.15943095,0.15805763,0.1570184,0.15629601,0.15587318,0.15573259,0.155857,0.1562291,0.15683162,0.15764727,0.15865876,0.15984884,0.16120023,0.16269559,0.16431773,0.16604929,0.16787302,0.16977163,0.17172787,0.1737244,0.17574398,0.17776932,0.17978315,0.18176816,0.18370707,0.18558268,0.18737763,0.1890746,0.19065641,0.19210568,0.19340523,0.19453771,0.19551672,0.19637145,0.19710797,0.19773248,0.19825102,0.1986697,0.1989947,0.19923206,0.19938794,0.1994684,0.19947961,0.19942766,0.19931866,0.1991587,0.19895396
0.2652733,0.26603785,0.26668084,0.26718304,0.26752526,0.26768845,0.26765326,0.26740053,0.26691115,0.26616576,0.26514533,0.2638306,0.26220238,0.26024148,0.2579287,0.25524482,0.25217068,0.24884833,0.24543868,0.2419507,0.23839344,0.23477595,0.23110723,0.22739637,0.22365236,0.21988429,0.21610114,0.21231195,0.20852584,0.20475167,0.20099868,0.19727574,0.193592,0.18995644,0.18637806,0.18286599,0.17942922,0.17607674,0.17281768,0.16966097,0.16661575,0.16369095,0.16089572,0.15823899,0.15572986,0.15337734,0.15119047,0.14917831,0.14734985,0.14581779,0.14467601,0.14390531,0.14348646,0.1434003,0.14362761,0.14414923,0.14494598,0.14599861,0.14728796,0.14879484,0.15050007,0.1523844,0.15442872,0.15661375,0.15892035,0.16132931,0.16382146,0.16637757,0.16897848,0.17160495,0.17423785,0.17685793,0.17944606,0.18198295,0.18444951,0.1868265,0.18909469,0.19123496,0.19322807,0.19505484,0.19669609,0.19814324,0.19940676,0.20049556,0.20141867,0.2021852,0.2028041,0.2032845,0.2036354,0.20386581,0.20398475,0.20400131,0.20392455,0.20376338,0.20352697,0.20322426
0.26365,0.2644891,0.2651948,0.26574603,0.26612172,0.26630077,0.26626214,0.26598477,0.2654476,0.26462954,0.26350954,0.2620665,0.26027945,0.2581272,0.25558877,0.25264308,0.24926902,0.24561262,0.24184181,0.23796837,0.2340042,0.22996111,0.22585095,0.22168553,0.2174767,0.21323635,0.20897624,0.20470822,0.20044416,0.1961959,0.19197522,0.18779403,0.18366414,0.17959736,0.17560557,0.17170058,0.16789426,0.1641984,0.16062486,0.15718548,0.1538921,0.15075657,0.14779067,0.1450063,0.14241527,0.14002943,0.13786061,0.13592066,0.13422139,0.1328676,0.13194217,0.131424,0.13129205,0.13152522,0.13210247,0.13300274,0.13420494,0.13568805,0.13743095,0.13941258,0.1416119,0.14400785,0.14657933,0.14930531,0.1521647,0.15513645,0.15819946,0.16133271,0.16451511,0.1677256,0.17094313,0.17414658,0.17731494,0.1804271,0.18346205,0.18639868,0.18921594,0.19189276,0.19440807,0.19674082,0.19886993,0.2007659,0.20242117,0.20384759,0.205057,0.20606121,0.20687209,0.20750143,0.20796113,0.208263,0.20841886,0.20844054,0.20833991,0.20812882,0.20781907,0.20742252
0.262345,0.2632533,0.26401722,0.2646139,0.2650205,0.2652144,0.26517254,0.26487234,0.2642909,0.2634053,0.26219288,0.2606309,0.2586964,0.25636664,0.2536188,0.25043008,0.24677777,0.24281155,0.23870604,0.23447576,0.23013493,0.22569808,0.22117966,0.21659395,0.21195538,0.20727848,0.20257755,0.19786698,0.19316128,0.18847467,0.18382177,0.17921689,0.1746744,0.17020874,0.16583432,0.1615656,0.1574169,0.15340264,0.14953728,0.14583512,0.14231074,0.13897838,0.13585253,0.13294753,0.13027787,0.12785791,0.1257021,0.12382478,0.12224037,0.12104669,0.12031668,0.12002753,0.120156445,0.120680615,0.12157724,0.12282353,0.12439665,0.12627384,0.12843229,0.13084914,0.13350165,0.13636696,0.13942231,0.14264493,0.14601192,0.14950053,0.15308796,0.15675142,0.1604681,0.16421516,0.16796984,0.17170928,0.17541075,0.17905141,0.18260846,0.18605906,0.18938047,0.19254984,0.19554439,0.19834128,0.2009178,0.20322517,0.20523968,0.20697565,0.20844749,0.2096696,0.21065642,0.21142235,0.2119818,0.21234919,0.21253887,0.21256527,0.21244283,0.21218589,0.21180892,0.21132635
0.2612056,0.26217437,0.26298907,0.26362553,0.2640592,0.26426592,0.26422134,0.26390108,0.26328096,0.26233652,0.26104352,0.25937754,0.25731432,0.25482956,0.25189894,0.24849811,0.24460278,0.24036607,0.23596841,0.23142645,0.22675689,0.2219763,0.21710135,0.21214871,0.20713507,0.20207702,0.19699116,0.19189428,0.18680291,0.18173374,0.17670341,0.17172858,0.16682594,0.16201203,0.15730362,0.15271725,0.14826964,0.1439774,0.13985725,0.13592574,0.1321996,0.1286954,0.1254299,0.12241965,0.11968134,0.1172316,0.11508711,0.11326447,0.11178036,0.11072645,0.11016706,0.11007785,0.11043452,0.11121274,0.1123882,0.11393656,0.11583354,0.11805479,0.12057599,0.12337281,0.12642097,0.12969612,0.13317387,0.13683003,0.14064026,0.14458013,0.14862542,0.15275176,0.15693483,0.16115037,0.165374,0.16958141,0.17374831,0.17785032,0.18186319,0.18576258,0.1895241,0.19312349,0.19653645,0.19973862,0.20270568,0.20537229,0.20770036,0.20970656,0.21140756,0.21281993,0.21396036,0.21484554,0.21549205,0.2159166,0.2161358,0.21616635,0.21602483,0.21572793,0.21529226,0.21473454
0.26022378,0.26124465,0.26210317,0.26277375,0.26323074,0.26344863,0.26340163,0.26306418,0.2624107,0.2614155,0.2600529,0.25829738,0.25612333,0.25350505,0.25041687,0.24683324,0.24272853,0.23825872,0.23360926,0.22879879,0.22384585,0.21876904,0.21358694,0.20831813,0.20298117,0.1975947,0.19217718,0.18674733,0.18132368,0.1759248,0.17056921,0.16527565,0.16006258,0.15494859,0.14995229,0.14509226,0.14038712,0.13585533,0.13151559,0.12738644,0.123486444,0.119834214,0.11644833,0.11334735,0.11054986,0.10807448,0.10593973,0.10416423,0.10276656,0.10183309,0.1014207,0.1015038,0.10205674,0.1030539,0.10446963,0.10627832,0.108454354,0.11097211,0.11380593,0.11693018,0.12031927,0.123947546,0.12778936,0.13181914,0.13601124,0.14034,0.14477982,0.14930508,0.15389013,0.15850931,0.16313706,0.16774778,0.17231573,0.17681533,0.18122098,0.18550703,0.18964788,0.19361782,0.19739133,0.20094274,0.20424637,0.20722254,0.20982084,0.21205992,0.21395832,0.21553467,0.21680748,0.21779542,0.21851699,0.21899082,0.21923548,0.21926953,0.21911162,0.21878023,0.218294,0.21767151
0.25939137,0.2604563,0.26135197,0.2620516,0.26252842,0.2627556,0.26270655,0.26235455,0.26167285,0.26063454,0.25921306,0.25738165,0.25511354,0.252382,0.24916027,0.24542166,0.24113943,0.23647197,0.23160909,0.22657089,0.22137775,0.21604978,0.21060723,0.2050703,0.19945925,0.1937943,0.18809563,0.18238346,0.17667806,0.17099959,0.16536835,0.15980446,0.15432821,0.1489598,0.14371946,0.13862738,0.1337038,0.12896897,0.12444306,0.12014632,0.11609895,0.11232119,0.10883325,0.105655335,0.102807686,0.100310534,0.098184094,0.09644855,0.09512415,0.094292805,0.09400507,0.09423426,0.09495359,0.09613636,0.097755834,0.099785246,0.10219786,0.10496699,0.10806587,0.11146774,0.115145884,0.11907357,0.12322407,0.1275706,0.13208652,0.13674498,0.14151932,0.14638276,0.15130861,0.15627009,0.1612405,0.16619307,0.17110108,0.1759378,0.18067649,0.1852904,0.18975283,0.19403698,0.19811618,0.20196363,0.20555268,0.20879127,0.2116187,0.21405523,0.21612105,0.21783638,0.21922144,0.22029647,0.22108167,0.22159731,0.22186352,0.2219006,0.2217287,0.22136815,0.22083905,0.22016168
0.25870013,0.25980178,0.26072824,0.26145193,0.2619451,0.2621802,0.26212955,0.26176536,0.26106012,0.2599861,0.25851572,0.25662127,0.25427508,0.25144947,0.24811688,0.24424958,0.23981991,0.23498835,0.22994822,0.22472101,0.21932836,0.21379183,0.20813304,0.20237353,0.19653487,0.19063868,0.18470654,0.17875998,0.17282063,0.16691001,0.16104981,0.15526153,0.14956677,0.14398709,0.13854405,0.13325933,0.12815443,0.12325092,0.11857046,0.114134535,0.1099648,0.10608279,0.10251012,0.09926834,0.096379034,0.09386383,0.09174422,0.090041876,0.088778324,0.08803176,0.087847546,0.08819803,0.08905556,0.09039244,0.092181064,0.09439375,0.09700287,0.0999807,0.10329966,0.106932074,0.11085022,0.115026526,0.11943331,0.12404288,0.12882763,0.13375992,0.13881198,0.14395626,0.14916508,0.15441075,0.15966567,0.16490215,0.17009252,0.17520913,0.18022434,0.1851105,0.18983996,0.194385,0.19871804,0.20281136,0.20663734,0.21009386,0.21311155,0.21571201,0.21791682,0.21974756,0.22122586,0.2223732,0.22321127,0.22376156,0.22404572,0.22408529,0.22390185,0.22351699,0.22295229,0.22222936
0.25814196,0.25927323,0.2602246,0.26096776,0.26147422,0.26171562,0.26166353,0.26128963,0.26056543,0.2594626,0.25795263,0.25600722,0.253598,0.2506965,0.24727437,0.24330315,0.23875445,0.23379041,0.2286071,0.22322726,0.21767356,0.21196863,0.20613518,0.20019598,0.19417351,0.1880906,0.18196994,0.17583412,0.16970587,0.16360785,0.15756273,0.15159324,0.145722,0.13997173,0.13436511,0.12892479,0.12367347,0.11863382,0.113828525,0.10928023,0.10501169,0.10104552,0.097404405,0.09411106,0.09118814,0.088658325,0.086544275,0.08486872,0.08365429,0.0829762,0.082875565,0.08332401,0.084293075,0.08575443,0.08767963,0.09004033,0.09280804,0.09595445,0.09945111,0.10326962,0.10738161,0.111758664,0.11637239,0.12119437,0.1261962,0.1313495,0.13662589,0.14199694,0.14743425,0.1529094,0.15839405,0.16385974,0.16927813,0.17462078,0.17985927,0.18496525,0.18991031,0.19466601,0.199204,0.20349586,0.20751318,0.21114562,0.21431696,0.21704979,0.21936688,0.22129081,0.22284433,0.22405015,0.22493084,0.22550912,0.22580777,0.22584933,0.22565657,0.22525212,0.22465865,0.22389892
0.25770876,0.258863,0.25983372,0.26059192,0.2611087,0.26135495,0.26130185,0.26092035,0.26018146,0.25905615,0.2575156,0.2555307,0.25307256,0.25011212,0.24662042,0.24256858,0.2379275,0.23286057,0.22756621,0.22206791,0.21638912,0.21055357,0.20458463,0.19850577,0.19234075,0.18611294,0.17984591,0.17356321,0.16728832,0.1610448,0.15485625,0.14874607,0.14273793,0.13685524,0.1311216,0.12556054,0.12019554,0.1150502,0.11014801,0.10551256,0.101167284,0.09713578,0.09344159,0.0901082,0.087159164,0.08461804,0.082508296,0.08085354,0.07967725,0.07905229,0.079016514,0.07954099,0.08059667,0.08215462,0.08418585,0.086661376,0.08955222,0.09282946,0.09646403,0.100427024,0.10468946,0.10922232,0.11399664,0.11898349,0.124153815,0.12947874,0.13492917,0.14047623,0.14609085,0.15174413,0.15740709,0.16305074,0.16864604,0.1741641,0.17957594,0.18485254,0.18996492,0.19488412,0.19958119,0.20402713,0.20819294,0.21196198,0.21525253,0.21808815,0.22049232,0.22248861,0.22410057,0.22535163,0.22626548,0.22686553,0.22717537,0.22721851,0.22701846,0.22659889,0.2259831,0.22519478
0.25739238,0.2585634,0.25954822,0.26031744,0.2608417,0.2610916,0.26103765,0.2606506,0.25990096,0.25875935,0.25719634,0.2551826,0.2526887,0.24968523,0.24614279,0.24203202,0.23732346,0.23218146,0.22680593,0.22122106,0.21545102,0.20951997,0.20345202,0.19727132,0.19100209,0.18466844,0.17829451,0.17190452,0.16552255,0.1591728,0.15287939,0.1466665,0.14055829,0.13457891,0.12875248,0.123103224,0.11765526,0.11243272,0.107459776,0.1027606,0.098359294,0.09428011,0.090547115,0.08718447,0.08421639,0.08166697,0.07956041,0.077920824,0.07677238,0.07618625,0.07619785,0.07677784,0.07789678,0.07952527,0.08163393,0.08419336,0.08717417,0.09054693,0.09428227,0.09835077,0.10272307,0.10736973,0.112261385,0.117368616,0.12266205,0.12811224,0.13368985,0.13936545,0.14510962,0.15089302,0.15668617,0.16245979,0.16818437,0.17383055,0.17936896,0.18477018,0.19000478,0.19504346,0.19985671,0.20441519,0.20868947,0.21255825,0.21593589,0.21884656,0.22131434,0.22336349,0.2250181,0.22630231,0.22724032,0.22785625,0.22817431,0.2282186,0.22801328,0.22758251,0.22695045,0.22614126
0.25718462,0.25836667,0.2593607,0.26013717,0.26066637,0.26091862,0.26086423,0.26047346,0.2597168,0.25856444,0.25698674,0.2549541,0.25243667,0.24940495,0.24582916,0.24167968,0.23692684,0.2317355,0.2263067,0.22066502,0.214835,0.20884123,0.20270827,0.19646072,0.19012305,0.18371989,0.17727582,0.17081535,0.16436303,0.15794349,0.1515813,0.14530092,0.13912703,0.13308416,0.12719683,0.12148963,0.11598716,0.11071394,0.10569455,0.100953504,0.09651546,0.0924049,0.08864643,0.08526464,0.082284,0.07972918,0.077624656,0.07599504,0.074864894,0.07430425,0.07434698,0.07496341,0.076123886,0.07779871,0.07995821,0.082572736,0.08561258,0.08904808,0.092849605,0.09698738,0.10143183,0.10615324,0.11112193,0.11630822,0.12168244,0.12721495,0.13287605,0.13863607,0.14446528,0.15033412,0.15621284,0.16207172,0.16788118,0.17361152,0.17923304,0.1847161,0.190031,0.19514808,0.20003764,0.20467,0.20901553,0.21294983,0.2163846,0.21934457,0.22185418,0.22393796,0.22562055,0.22692654,0.22788046,0.22850682,0.22883025,0.22887526,0.22866647,0.22822843,0.22758569,0.22676279
0.2570773,0.25826505,0.25926387,0.26004416,0.26057586,0.26082933,0.26077467,0.26038206,0.2596217,0.2584638,0.2568785,0.25483605,0.25230652,0.2492602,0.24566722,0.24149777,0.23672208,0.23150527,0.22604892,0.22037789,0.21451692,0.20849083,0.20232427,0.1960421,0.18966915,0.18323013,0.1767498,0.17025293,0.16376433,0.15730879,0.150911,0.14459583,0.13838804,0.13231234,0.12639357,0.12065649,0.11512585,0.10982645,0.104783066,0.10002045,0.09556339,0.09143665,0.08766506,0.08427332,0.08128624,0.07872858,0.07662515,0.0750007,0.07387999,0.0733325,0.07339129,0.07402655,0.075208485,0.07690724,0.07909299,0.08173594,0.08480628,0.08827421,0.092109844,0.09628342,0.100765124,0.105525106,0.11053359,0.115760684,0.12117667,0.12675165,0.13245584,0.13825946,0.14413263,0.15004554,0.15596843,0.16187139,0.16772468,0.17349844,0.17916287,0.18468817,0.1900445,0.19520207,0.20013101,0.20480157,0.20918387,0.21315199,0.21661632,0.2196017,0.22213286,0.2242346,0.22593164,0.22724888,0.22821099,0.22884274,0.22916894,0.22921437,0.22900376,0.22856195,0.2279137,0.2270837
0.25706238,0.25825086,0.25925046,0.2600312,0.26056325,0.26081687,0.2607622,0.26036933,0.2596085,0.2584498,0.2568635,0.2548196,0.25228843,0.24924003,0.24564467,0.24147247,0.23669356,0.2314732,0.22601303,0.22033796,0.21447264,0.20844203,0.20227082,0.19598384,0.18960598,0.18316194,0.17667654,0.17017461,0.16368096,0.15722042,0.15081768,0.14449766,0.13828516,0.13220486,0.12628174,0.120540485,0.11500594,0.109702885,0.10465616,0.09989052,0.09543083,0.09130185,0.087528415,0.08413529,0.081147306,0.07858927,0.07648597,0.07486223,0.073742844,0.0731972,0.07325821,0.07389611,0.07508101,0.07678311,0.078972496,0.081619434,0.08469402,0.08816642,0.09200684,0.09618541,0.10067228,0.10543765,0.11045165,0.11568445,0.12110623,0.12668714,0.13239735,0.13820702,0.14408629,0.15000534,0.15593438,0.16184351,0.1677029,0.17348272,0.17915311,0.18468432,0.19004641,0.19520961,0.20014402,0.20481987,0.2092073,0.21318014,0.21664861,0.21963751,0.22217166,0.2242759,0.225975,0.22729376,0.228257,0.22888952,0.22921613,0.22926153,0.22905073,0.22860838,0.22795936,0.22712839
0.2571316,0.25831646,0.25931293,0.26009122,0.26062173,0.26087454,0.26082,0.26042837,0.25966987,0.25851482,0.2569333,0.2548958,0.25237247,0.24933349,0.24574925,0.24158987,0.23682576,0.23162182,0.22617944,0.22052328,0.21467799,0.20866823,0.2025187,0.19625407,0.189899,0.1834781,0.17701611,0.17053768,0.16406745,0.15763015,0.15125038,0.14495286,0.13876222,0.13270313,0.1268003,0.121078365,0.11556197,0.11027582,0.10524457,0.10049288,0.09604546,0.09192692,0.08816196,0.08477524,0.08179144,0.07923522,0.07713122,0.07550416,0.07437867,0.0738245,0.073875174,0.07450093,0.07567198,0.0773586,0.07953107,0.08215965,0.08521453,0.08866603,0.0924844,0.09663985,0.1011027,0.10584316,0.11083148,0.116037935,0.12143275,0.12698624,0.13266861,0.13845015,0.14430106,0.15019165,0.15609215,0.16197285,0.16780394,0.1735557,0.17919843,0.18470234,0.19003768,0.19517474,0.2000837,0.20473495,0.2090986,0.21304964,0.21649903,0.21947151,0.22199173,0.22408442,0.22577415,0.22708566,0.22804365,0.22867265,0.22899741,0.22904265,0.22883298,0.22839308,0.22774762,0.22692123
0.25727692,0.25845405,0.259444,0.26021734,0.2607443,0.2609955,0.26094133,0.2605522,0.25979865,0.25865108,0.2570799,0.25505564,0.25254872,0.24952954,0.2459686,0.24183626,0.23710312,0.23193368,0.22652861,0.22091217,0.21510878,0.20914291,0.20303881,0.19682097,0.19051373,0.18414146,0.17772856,0.17129943,0.16487838,0.15848984,0.1521582,0.14590785,0.13976315,0.13374849,0.12788823,0.12220679,0.11672854,0.111477844,0.10647911,0.101756655,0.09733493,0.09323832,0.08949118,0.086117886,0.08314285,0.08059042,0.078485005,0.07685094,0.075712666,0.075140685,0.07516961,0.07576983,0.07691183,0.07856608,0.080702975,0.08329302,0.08630662,0.08971425,0.09348634,0.09759334,0.10200573,0.106693916,0.111628324,0.1167795,0.1221178,0.12761374,0.13323773,0.13896023,0.14475167,0.15058254,0.1564232,0.16224419,0.16801596,0.17370887,0.17929345,0.18474016,0.19001935,0.19510154,0.19995724,0.2045567,0.2088706,0.21277578,0.21618521,0.21912323,0.22161426,0.22368264,0.2253528,0.2266491,0.22759597,0.22821768,0.2285387,0.22858344,0.22837615,0.22794133,0.22730336,0.22648656
0.2574901,0.258656,0.25963643,0.26040223,0.2609242,0.261173,0.26111928,0.26073402,0.25998765,0.25885108,0.257295,0.25529018,0.2528073,0.24981715,0.2462904,0.24219784,0.23751011,0.23239128,0.22704084,0.22148277,0.21574093,0.20983933,0.20380199,0.1976528,0.19141574,0.18511483,0.17877392,0.17241706,0.1660682,0.15975125,0.15349025,0.14730912,0.14123182,0.13528232,0.12948455,0.12386256,0.11844024,0.11324156,0.10829047,0.10361098,0.09922701,0.09516255,0.091441534,0.08808794,0.085125744,0.08257889,0.08047133,0.07882705,0.07767002,0.07707189,0.077068865,0.07763168,0.078731075,0.08033776,0.082422495,0.084956,0.087909,0.091252245,0.09495648,0.098992385,0.103330694,0.1079422,0.11279762,0.117867626,0.123123035,0.12853453,0.1340728,0.13970867,0.14541283,0.15115602,0.15690896,0.1626424,0.16832705,0.17393364,0.17943293,0.1847956,0.18999249,0.19499421,0.19977154,0.20429526,0.20853603,0.212374,0.2157247,0.2186122,0.22106032,0.22309314,0.22473457,0.22600855,0.22693908,0.2275501,0.22786562,0.22790956,0.22770587,0.22727855,0.22665153,0.22584884
0.25776306,0.25891444,0.2598827,0.26063907,0.26115453,0.2614002,0.2613472,0.26096666,0.2602296,0.25910714,0.2575704,0.25559044,0.25313842,0.25018537,0.2467024,0.2426607,0.23803118,0.23297718,0.22769676,0.22221327,0.2165502,0.210731,0.20477904,0.19871774,0.19257058,0.18636093,0.18011226,0.17384794,0.16759147,0.1613662,0.15519558,0.14910308,0.14311208,0.13724601,0.13152832,0.12598237,0.12063165,0.115499556,0.11060952,0.105984986,0.10164934,0.097626045,0.093938485,0.09061013,0.08766438,0.08512465,0.08301437,0.08135702,0.080175936,0.07954434,0.079500414,0.08001533,0.08106016,0.082606,0.084623925,0.08708506,0.08996047,0.09322129,0.09683859,0.10078345,0.10502702,0.109540366,0.114294544,0.11926069,0.12440991,0.1297133,0.13514194,0.14066687,0.14625931,0.15189025,0.15753084,0.16315217,0.16872531,0.17422138,0.17961147,0.18486667,0.18995805,0.19485678,0.19953391,0.20396051,0.20810771,0.21185964,0.21513522,0.21795794,0.22035119,0.2223384,0.22394301,0.22518846,0.22609814,0.22669546,0.22700386,0.22704686,0.22684777,0.22643,0.22581704,0.22503227
