0.18200469,0.18276802,0.18340994,0.18391137,0.18425311,0.18441598,0.18438086,0.18412855,0.1836399,0.18289576,0.18187694,0.18056433,0.17893872,0.17698094,0.17467187,0.17199232,0.16892314,0.16541632,0.16146712,0.15712129,0.15242466,0.14742294,0.14216188,0.1366873,0.13104486,0.12528044,0.11943973,0.1135685,0.10771256,0.1019176,0.096229404,0.0906938,0.08535647,0.08026323,0.0754598,0.07099196,0.066905476,0.063246086,0.060059596,0.057391763,0.055288307,0.053795014,0.052957654,0.052821964,0.053433754,0.054838736,0.057082705,0.06021141,0.064270616,0.06901153,0.07414208,0.0796431,0.08549543,0.09167993,0.098177396,0.10496869,0.11203463,0.1193561,0.1269139,0.13468882,0.14266185,0.15081365,0.15912516,0.1675772,0.17615062,0.18482625,0.19358487,0.20240739,0.2112746,0.2201674,0.22906652,0.23795289,0.24680738,0.25561076,0.2643438,0.27298754,0.28152257,0.2899299,0.29819036,0.3062847,0.31419376,0.32152343,0.32792246,0.33343682,0.3381122,0.34199437,0.34512907,0.34756207,0.34933916,0.35050616,0.3511087,0.3511926,0.3508036,0.3499875,0.34879005,0.34725702
0.18200536,0.18277577,0.18342362,0.1839297,0.1842746,0.184439,0.18440352,0.18414886,0.18365572,0.18290466,0.18187644,0.18055163,0.17891093,0.17693503,0.17460454,0.17190014,0.16880247,0.16526358,0.16127904,0.15689497,0.15215743,0.14711261,0.14180648,0.13628528,0.13059498,0.124781795,0.11889177,0.112971015,0.10706565,0.1012217,0.09548535,0.089902654,0.084519744,0.079382695,0.07453761,0.07003059,0.06590775,0.06221518,0.05899897,0.056305245,0.054180082,0.052669596,0.05181988,0.05167701,0.052287154,0.053696364,0.05595074,0.059096374,0.0631794,0.06794955,0.07311294,0.07865024,0.084542125,0.09076923,0.097312234,0.10415179,0.11126852,0.11864313,0.12625632,0.13408865,0.14212085,0.15033351,0.1587074,0.16722307,0.17586127,0.18460259,0.19342773,0.20231733,0.21125208,0.22021256,0.22917949,0.23813361,0.24705543,0.25592571,0.264725,0.2734342,0.28203365,0.29050422,0.29882655,0.30698115,0.31494892,0.32233262,0.328779,0.33433416,0.339044,0.3429549,0.34611276,0.34856373,0.35035405,0.35152957,0.35213652,0.35222104,0.35182923,0.3510071,0.34980077,0.34825644
0.1820059,0.18278223,0.18343513,0.18394512,0.1842927,0.18445836,0.18442261,0.18416598,0.18366902,0.18291217,0.18187596,0.18054092,0.17888758,0.1768964,0.17454787,0.17182258,0.16870098,0.1651351,0.1611208,0.15670456,0.15193269,0.14685155,0.1415076,0.1359472,0.13021669,0.124362476,0.11843098,0.11246858,0.10652159,0.10063648,0.094859585,0.0892373,0.08381606,0.07864215,0.07376206,0.06922208,0.06506867,0.061348166,0.058106977,0.055391476,0.05324805,0.051723115,0.050862994,0.05071412,0.051322866,0.052735597,0.05499873,0.058158625,0.06226168,0.0670564,0.07224744,0.07781525,0.08374039,0.09000335,0.096584626,0.10346475,0.11062424,0.118043564,0.12570328,0.13358387,0.14166585,0.14992972,0.15835603,0.16692524,0.17561789,0.1844145,0.19329558,0.2022416,0.21123311,0.22025058,0.22927457,0.23828559,0.24726406,0.25619057,0.26504567,0.27380982,0.28246343,0.2909872,0.29936153,0.30756694,0.315584,0.32301325,0.3294994,0.33508876,0.33982772,0.3437627,0.34694,0.34940615,0.3512074,0.35239026,0.35300097,0.353086,0.35269174,0.35186452,0.35065082,0.3490969
0.18200633,0.18278731,0.18344413,0.18395717,0.18430682,0.18447347,0.18443753,0.18417938,0.18367939,0.18291803,0.18187562,0.18053257,0.1788693,0.1768662,0.17450362,0.17176199,0.16862173,0.16503474,0.16099727,0.15655589,0.15175715,0.14664769,0.14127415,0.13568312,0.12992117,0.12403495,0.11807105,0.11207609,0.10609663,0.10017935,0.0943708,0.08871762,0.08326638,0.078063734,0.07315626,0.06859056,0.06441324,0.06067095,0.05741023,0.05467774,0.05252007,0.0509838,0.050115563,0.049962,0.050569654,0.051985156,0.054255128,0.057426147,0.061544854,0.066358805,0.0715714,0.07716305,0.083114155,0.08940511,0.096016295,0.10292812,0.11012097,0.1175752,0.1252713,0.13318957,0.14131045,0.14961433,0.15808159,0.16669261,0.17542781,0.18426761,0.19319233,0.20218244,0.2112183,0.22028027,0.22934878,0.23840423,0.24742703,0.25639752,0.26529607,0.27410316,0.28279915,0.29136443,0.29977944,0.3080245,0.31608003,0.32354486,0.3300621,0.33567816,0.34043983,0.3443936,0.34758618,0.35006416,0.35187405,0.35306248,0.35367614,0.3537616,0.35336545,0.35253432,0.35131475,0.34975344
0.18200663,0.18279079,0.18345027,0.18396537,0.18431644,0.18448377,0.18444768,0.18418849,0.18368648,0.182922,0.18187538,0.18052688,0.17885688,0.17684564,0.17447348,0.17172071,0.16856769,0.1649664,0.16091308,0.15645453,0.15163752,0.14650877,0.14111505,0.13550313,0.12971976,0.12381172,0.11782575,0.11180859,0.10580702,0.09986779,0.0940377,0.08836342,0.08289179,0.07766951,0.072743386,0.06816016,0.06396657,0.0602094,0.056935385,0.05419131,0.052023914,0.050479952,0.049606193,0.049449403,0.050056323,0.051473703,0.053748343,0.05692694,0.061056316,0.065883346,0.07111065,0.07671855,0.08268736,0.0889974,0.095628954,0.10256238,0.109777965,0.11725604,0.1249769,0.13292089,0.14106825,0.14939936,0.15789455,0.16653407,0.1752983,0.1841675,0.19312201,0.20214215,0.2112082,0.22030047,0.2293994,0.23848511,0.24753806,0.2565385,0.26546678,0.2743031,0.283028,0.2916216,0.30006427,0.30833632,0.3164181,0.3239072,0.33044556,0.33607993,0.340857,0.34482366,0.3480266,0.35051256,0.35232833,0.3535207,0.35413635,0.35422203,0.35382465,0.35299075,0.35176724,0.3502009
0.18200675,0.18279243,0.18345319,0.1839693,0.18432103,0.18448867,0.18445253,0.1841928,0.18368988,0.18292391,0.18187529,0.18052417,0.17885093,0.17683583,0.17445908,0.17170106,0.16854195,0.16493377,0.16087294,0.15640622,0.15158045,0.14644253,0.14103921,0.13541734,0.12962379,0.123705305,0.11770881,0.11168109,0.10566901,0.09971931,0.09387891,0.0881946,0.08271324,0.07748162,0.07254661,0.067955025,0.063753664,0.059989396,0.056709073,0.05395946,0.051787432,0.050239794,0.049363416,0.04920509,0.04981164,0.051229943,0.053506784,0.056689017,0.060823463,0.06565673,0.07089103,0.076506704,0.08248394,0.088803075,0.09544435,0.10238808,0.10961452,0.11710389,0.124836564,0.13279279,0.14095283,0.14929692,0.15780541,0.1664585,0.17523655,0.18411978,0.19308847,0.20212291,0.21120337,0.22031018,0.22942343,0.23852366,0.24759097,0.2566057,0.26554814,0.27439848,0.28313705,0.29174414,0.30020005,0.30848494,0.31657922,0.32407987,0.3306283,0.33627138,0.34105584,0.34502864,0.34823656,0.35072634,0.35254493,0.35373902,0.35435566,0.35444155,0.35404342,0.35320836,0.35198295,0.35041407
0.18200672,0.18279205,0.18345255,0.18396844,0.18432003,0.18448761,0.18445148,0.18419188,0.18368915,0.1829235,0.18187529,0.18052475,0.17885223,0.1768379,0.1744622,0.17170529,0.1685475,0.16494082,0.1608816,0.15641662,0.15159278,0.14645681,0.14105555,0.13543582,0.1296445,0.123728275,0.11773403,0.1117086,0.10569876,0.09975133,0.093913145,0.08823101,0.08275172,0.07752214,0.07258905,0.067999266,0.06379959,0.06003687,0.05675787,0.054009464,0.05183843,0.05029159,0.049415775,0.04925779,0.049864415,0.051282518,0.053558886,0.056740344,0.06087369,0.06570561,0.07093841,0.07655239,0.08252781,0.08884499,0.09548418,0.10242565,0.10964977,0.11713673,0.12486684,0.13282041,0.14097768,0.14931901,0.1578246,0.16647479,0.17524984,0.18413006,0.19309573,0.20212705,0.21120442,0.22030808,0.22941828,0.23851538,0.24757954,0.25659123,0.26553056,0.27437788,0.28311348,0.29171768,0.30017075,0.3084529,0.3165445,0.32404265,0.3305889,0.33623004,0.34101295,0.3449844,0.34819123,0.35068017,0.3524982,0.35369197,0.35430834,0.35439423,0.35399628,0.35316136,0.3519364,0.3503681
0.18200652,0.18278952,0.18344802,0.18396236,0.18431292,0.18448001,0.18444398,0.18418516,0.1836839,0.18292058,0.18187544,0.18052895,0.17886141,0.17685315,0.17448448,0.17173576,0.1685874,0.16499129,0.16094378,0.15649147,0.15168111,0.1465594,0.14117303,0.13556875,0.12979318,0.12389309,0.11791517,0.11190609,0.10591258,0.09998135,0.09415909,0.08849251,0.08302834,0.0778132,0.07289387,0.06831703,0.06412939,0.06037762,0.05710847,0.054368585,0.052204758,0.0506636,0.04979185,0.049636237,0.050243426,0.051660124,0.053933058,0.057108898,0.06123438,0.06605664,0.071278594,0.076880574,0.08284293,0.089146,0.09577012,0.1026957,0.109902985,0.117372386,0.1250842,0.1330188,0.14115652,0.14947769,0.15796271,0.16659184,0.17534551,0.184204,0.19314763,0.20215681,0.21121189,0.2202931,0.22938095,0.23845565,0.24749759,0.2564871,0.2654045,0.27423027,0.2829446,0.29152787,0.29996046,0.30822268,0.31629485,0.32377508,0.33030576,0.3359335,0.34070495,0.3446669,0.34786606,0.35034916,0.35216272,0.35335368,0.35396862,0.3540542,0.35365725,0.35282436,0.35160235,0.35003778
0.1820061,0.18278454,0.18343925,0.18395063,0.18429917,0.18446527,0.18442944,0.18417212,0.1836738,0.18291485,0.18187581,0.18053709,0.1788792,0.17688254,0.17452757,0.17179477,0.16866463,0.16508909,0.16106416,0.15663639,0.15185219,0.14675806,0.14140053,0.13582607,0.13008118,0.12421229,0.11826593,0.112288564,0.10632669,0.100426845,0.09463544,0.08899898,0.08356397,0.07837689,0.07348422,0.068932466,0.0647681,0.061037596,0.05778745,0.055064153,0.052914206,0.05138406,0.05052024,0.050369192,0.050977446,0.052391443,0.05465771,0.057822715,0.061932947,0.06673649,0.07193741,0.07751615,0.08345319,0.089728996,0.096324004,0.103218645,0.11039344,0.117828794,0.12550516,0.13340305,0.14150286,0.1497851,0.15823019,0.16681857,0.17553073,0.18434714,0.19324823,0.20221448,0.21122631,0.22026418,0.22930862,0.23833998,0.24733877,0.25628543,0.2651605,0.27394432,0.28261742,0.2911602,0.2995532,0.3077768,0.31581149,0.3232571,0.32975742,0.33535904,0.34010845,0.34405205,0.34723634,0.34970787,0.3515131,0.35269856,0.35331067,0.35339582,0.3530007,0.35217166,0.35095525,0.34939802
0.18200545,0.18277702,0.18342592,0.1839328,0.18427818,0.18444285,0.18440734,0.1841523,0.18365836,0.18290617,0.18187635,0.18054952,0.17890628,0.17692733,0.17459325,0.1718847,0.16878228,0.16523798,0.16124757,0.15685709,0.15211272,0.14706063,0.14174703,0.13621798,0.13051973,0.12469837,0.11880009,0.11287104,0.106957376,0.10110528,0.09536083,0.08977026,0.08437971,0.07923532,0.07438327,0.0698697,0.065740764,0.062042635,0.05882145,0.056123402,0.053994592,0.052481227,0.05162946,0.0514854,0.052095253,0.05350516,0.055761266,0.058909755,0.06299677,0.067771815,0.07294069,0.07848407,0.08438258,0.090616815,0.09716745,0.10401505,0.111140326,0.118523836,0.12614624,0.13398819,0.14203028,0.15025319,0.15863748,0.16716383,0.17581284,0.18456517,0.19340141,0.20230226,0.21124831,0.22022012,0.22919844,0.23816384,0.24709694,0.25597844,0.26478887,0.27350894,0.2821192,0.29060036,0.298933,0.30709776,0.31507528,0.32246804,0.32892236,0.33448428,0.33920002,0.3431157,0.34627733,0.3487314,0.35052383,0.3517008,0.3523085,0.3523932,0.3520009,0.3511777,0.34996995,0.34842366
0.1820046,0.18276675,0.18340766,0.1839083,0.18424952,0.18441214,0.18437706,0.18412514,0.18363726,0.18289427,0.18187706,0.18056646,0.17894338,0.17698865,0.17468315,0.17200775,0.16894333,0.16544187,0.1614986,0.1571592,0.1524694,0.14747486,0.14222135,0.13675456,0.13112016,0.12536386,0.11953142,0.11366851,0.1078208,0.10203407,0.09635397,0.09082622,0.08549652,0.0804106,0.075614125,0.07115287,0.06707246,0.06341864,0.06023712,0.057573598,0.055473782,0.05398338,0.053148072,0.0530136,0.05362565,0.055029932,0.057272162,0.060398024,0.064453244,0.069189265,0.07431431,0.07980926,0.085655,0.09183234,0.09832218,0.105105415,0.11216288,0.11947541,0.12702395,0.13478932,0.14275236,0.15089403,0.15919511,0.16763648,0.17619906,0.18486369,0.19361116,0.20242244,0.21127835,0.22015984,0.22904761,0.2379227,0.2467659,0.255558,0.26428,0.27291274,0.281437,0.2898338,0.29808384,0.30616814,0.3140674,0.32138792,0.3277791,0.3332867,0.3379562,0.34183362,0.3449644,0.34739447,0.34916937,0.35033485,0.35093668,0.35102046,0.35063192,0.34981686,0.34862092,0.34708974
0.18200348,0.18275343,0.18338414,0.18387677,0.18421252,0.18437257,0.18433803,0.18409015,0.18361005,0.18287896,0.18187797,0.18058829,0.17899114,0.17706767,0.174799,0.1721663,0.16915086,0.16570456,0.16182205,0.15754847,0.15292893,0.14800856,0.14283252,0.13744587,0.13189374,0.12622133,0.120473675,0.11469595,0.10893326,0.103230745,0.097633526,0.0921867,0.08693543,0.081924826,0.07719999,0.07280608,0.06878821,0.06519151,0.06206107,0.059442043,0.057379548,0.05591872,0.055104673,0.054982528,0.055597425,0.056994468,0.059218794,0.062315524,0.06632978,0.07101552,0.07608408,0.08151662,0.08729435,0.09339841,0.09980997,0.106510215,0.113480315,0.12070145,0.12815478,0.13582149,0.14368273,0.15171969,0.15991357,0.1682455,0.17669664,0.18524823,0.19388138,0.2025773,0.21131715,0.22008213,0.22885333,0.23761198,0.24633932,0.25501645,0.26362443,0.27214465,0.28055814,0.28884614,0.29698983,0.30497032,0.31276882,0.31999624,0.3263061,0.33174357,0.33635378,0.34018183,0.34327286,0.34567195,0.3474243,0.34857497,0.34916908,0.3492518,0.34886828,0.34806356,0.34688285,0.3453712
0.1820021,0.18273696,0.183355,0.18383776,0.18416674,0.18432355,0.18428972,0.18404682,0.18357638,0.18285996,0.18187915,0.1806154,0.17905031,0.1771655,0.17494243,0.17236269,0.16940784,0.16602984,0.16222262,0.15803058,0.15349805,0.14866953,0.14358938,0.13830201,0.13285182,0.12728322,0.12164061,0.11596838,0.11031098,0.10471277,0.09921817,0.09387161,0.08871744,0.08380011,0.079164,0.07485351,0.07091308,0.06738707,0.06431991,0.06175601,0.059739742,0.05831555,0.05752781,0.057420943,0.05803935,0.059427425,0.061629586,0.06469021,0.06865375,0.073277235,0.07827585,0.08363113,0.08932462,0.09533789,0.10165252,0.10825,0.11511191,0.12221981,0.12955526,0.13709977,0.14483494,0.15274227,0.16080333,0.1689997,0.17731293,0.1857245,0.19421606,0.2027691,0.2113652,0.21998586,0.22861269,0.23722725,0.24581102,0.2543456,0.26281255,0.2711934,0.27946973,0.28762308,0.29563496,0.30348694,0.3111606,0.31827268,0.32448193,0.32983258,0.33436927,0.33813623,0.3411779,0.34353873,0.3452631,0.3463954,0.3469801,0.34706149,0.34668404,0.34589216,0.34473026,0.3432427
0.18200044,0.18271717,0.18331993,0.18379073,0.1841116,0.18426456,0.18423155,0.18399468,0.18353583,0.18283713,0.18188049,0.180648,0.17912158,0.1772833,0.1751152,0.1725992,0.16971734,0.16642164,0.16270506,0.15861113,0.15418349,0.14946553,0.1445009,0.13933308,0.13400564,0.12856206,0.12304596,0.117500834,0.111970186,0.106497616,0.10112662,0.09590075,0.09086354,0.08605854,0.08152925,0.07731928,0.07347208,0.07003125,0.06704028,0.06454274,0.06258217,0.0612021,0.06044605,0.060357578,0.06098021,0.062357485,0.06453294,0.06755011,0.07145256,0.07600106,0.08091541,0.086177625,0.09176972,0.09767368,0.10387152,0.11034526,0.117076896,0.1240484,0.13124186,0.13863924,0.14622252,0.15397374,0.16187489,0.16990803,0.17805508,0.18629809,0.19461909,0.20300007,0.21142301,0.21986997,0.2283229,0.23676386,0.24517481,0.25353786,0.26183483,0.27004784,0.2781589,0.28615004,0.29400322,0.30170044,0.3092238,0.31619698,0.32228497,0.3275312,0.33197922,0.33567265,0.3386549,0.34096968,0.3426604,0.3437706,0.34434378,0.34442365,0.34405357,0.34327713,0.34213793,0.34067944
0.18199846,0.1826938,0.18327855,0.18373528,0.18404657,0.18419491,0.18416293,0.1839331,0.18348798,0.18281017,0.18188213,0.18068643,0.17920564,0.1774223,0.17531896,0.17287813,0.17008239,0.16688372,0.16327405,0.15929593,0.15499188,0.15040436,0.145576,0.14054917,0.13536647,0.13007042,0.1247035,0.11930821,0.113927126,0.10860275,0.10337752,0.09829404,0.09339477,0.08872225,0.08431898,0.080227494,0.0764903,0.0731499,0.07024882,0.067829564,0.065934666,0.064606614,0.06388796,0.063821174,0.0644488,0.06581333,0.067957304,0.07092323,0.0747536,0.07921367,0.08402865,0.0891811,0.09465357,0.1004286,0.10648872,0.11281648,0.119394444,0.12620516,0.13323113,0.14045493,0.14785911,0.1554262,0.16313876,0.1709793,0.1789304,0.1869746,0.19509445,0.20327248,0.21149127,0.21973325,0.22798112,0.2362173,0.24442446,0.25258496,0.2606816,0.26869664,0.2766129,0.28441268,0.2920787,0.29959345,0.30693942,0.31374887,0.31969377,0.32481676,0.3291604,0.33276698,0.33567923,0.33793953,0.33959055,0.34067467,0.34123448,0.34131238,0.340951,0.34019288,0.33908036,0.33765614
0.18199621,0.18266664,0.18323052,0.18367091,0.18397109,0.18411414,0.1840833,0.18386169,0.18343247,0.18277885,0.18188399,0.18073104,0.17930318,0.17758358,0.17555541,0.17320181,0.170506,0.16741991,0.16393434,0.16009058,0.15592997,0.15149386,0.14682354,0.1419604,0.13694568,0.13182075,0.12662697,0.12140563,0.116198055,0.1110456,0.10598956,0.1010713,0.096332096,0.09181334,0.087556295,0.08360234,0.07999276,0.076768935,0.07397216,0.07164374,0.06982504,0.06855738,0.06788208,0.06784048,0.06847388,0.06982364,0.07193108,0.07483751,0.078584276,0.08294172,0.08764139,0.09266646,0.09800012,0.10362551,0.109525815,0.11568421,0.12208385,0.12870792,0.13553956,0.14256197,0.1497583,0.15711169,0.16460536,0.17222251,0.1799462,0.18775967,0.19564609,0.2035886,0.2115704,0.21957462,0.22758445,0.23558308,0.24355367,0.25147933,0.25934333,0.2671287,0.27481878,0.2823966,0.28984544,0.29714832,0.30428857,0.31090787,0.3166869,0.32166687,0.32588914,0.32939512,0.33222607,0.3344233,0.3360282,0.33708203,0.33762622,0.337702,0.33735073,0.33661366,0.33553228,0.3341478
0.1819936,0.18263558,0.18317549,0.18359722,0.18388462,0.18402164,0.18399207,0.18377988,0.18336889,0.18274303,0.18188615,0.18078217,0.17941491,0.1777683,0.17582624,0.17357258,0.1709912,0.16803409,0.16469063,0.16100077,0.1570045,0.15274176,0.14825253,0.14357679,0.13875452,0.13382563,0.12883013,0.12380801,0.118799195,0.113843694,0.10898143,0.1042524,0.09969656,0.09535389,0.09126434,0.0874679,0.084004536,0.0809142,0.07823689,0.07601254,0.07428112,0.073082626,0.072457,0.07244423,0.07308428,0.07441711,0.07648268,0.07932098,0.082971975,0.087211855,0.09177945,0.09665863,0.1018333,0.10728731,0.11300456,0.11896894,0.12516433,0.13157462,0.13818367,0.14497536,0.15193361,0.1590423,0.16628529,0.17364646,0.1811097,0.1886589,0.19627795,0.2039507,0.21166107,0.21939291,0.22713017,0.2348566,0.24255627,0.2502129,0.25781044,0.2653328,0.27276382,0.28008735,0.28728735,0.2943477,0.30125222,0.3076538,0.3132427,0.31805888,0.3221423,0.32553297,0.32827082,0.3303958,0.3319479,0.33296704,0.33349332,0.33356658,0.33322686,0.33251408,0.33146828,0.3301293
0.18199895,0.18261015,0.18312418,0.18352564,0.18379928,0.18392974,0.1839016,0.1836996,0.1833083,0.18271245,0.18189666,0.1808456,0.17954394,0.17797628,0.17612737,0.17398179,0.17152421,0.16870658,0.1655167,0.16199309,0.15817422,0.15409867,0.14980486,0.1453314,0.1407167,0.13599935,0.13121781,0.1264106,0.1216162,0.11687317,0.11221998,0.10769516,0.1033372,0.09918462,0.095275894,0.09164959,0.088344194,0.08539819,0.08285011,0.08073845,0.07910173,0.07797841,0.077407084,0.0774262,0.07807427,0.07938982,0.08141133,0.08417735,0.08772636,0.09184081,0.09626725,0.10099036,0.105994746,0.111265115,0.11678606,0.122542314,0.12851846,0.13469926,0.14106926,0.14761315,0.15431558,0.16116123,0.16813476,0.17522083,0.18240406,0.18966907,0.19700061,0.20438331,0.21180181,0.21924078,0.22668482,0.23411867,0.24152693,0.24889429,0.2562054,0.2634449,0.2705974,0.2776476,0.28458026,0.2913799,0.2980312,0.30419883,0.30958357,0.31422377,0.31815797,0.32142475,0.32406262,0.32610995,0.3276053,0.3285872,0.32909426,0.32916483,0.32883754,0.3281508,0.3271432,0.32585314
0.1820195,0.18259907,0.1830865,0.18346716,0.18372662,0.18385029,0.18382363,0.18363206,0.18326105,0.18269606,0.18192253,0.1809259,0.17969164,0.17820519,0.176452,0.17441751,0.1720872,0.16941282,0.16638052,0.16302735,0.15939033,0.15550645,0.15141279,0.14714627,0.14274406,0.13824308,0.1336804,0.12909304,0.12451802,0.11999238,0.11555312,0.111237295,0.10708189,0.103123955,0.09940053,0.09594861,0.09280525,0.09000744,0.08759225,0.08559668,0.08405774,0.08301248,0.08249792,0.082551084,0.083209015,0.08450867,0.08648717,0.08918149,0.09262864,0.09661735,0.10090187,0.1054677,0.11030026,0.115384996,0.12070738,0.12625284,0.13200685,0.13795486,0.14408231,0.15037464,0.15681732,0.16339578,0.17009549,0.1769019,0.18380044,0.19077665,0.19781582,0.20490354,0.21202515,0.21916619,0.22631212,0.23344828,0.24056023,0.24763337,0.2546532,0.26160508,0.2684746,0.275247,0.2819079,0.28844273,0.2948369,0.30076718,0.3059446,0.31040612,0.314189,0.31732988,0.31986615,0.32183468,0.32327247,0.32421663,0.32470408,0.324772,0.32445735,0.323797,0.32282814,0.32158786
0.18205371,0.18260087,0.18306099,0.1834204,0.18366535,0.18378213,0.18375692,0.18357608,0.18322583,0.18269245,0.18196216,0.18102132,0.17985609,0.17845276,0.17679766,0.17487699,0.17267706,0.17014934,0.16727823,0.16409926,0.16064797,0.15695982,0.15307039,0.14901519,0.14482976,0.1405496,0.13621019,0.13184716,0.1274959,0.12319205,0.11897108,0.11486852,0.110919885,0.10716071,0.103626505,0.10035281,0.09737516,0.09472904,0.092449985,0.09057353,0.08913519,0.08817049,0.08771498,0.087804124,0.0884735,0.0897586,0.09169494,0.094318084,0.09766352,0.10152616,0.1056681,0.110075586,0.114734896,0.11963228,0.12475399,0.13008633,0.13561554,0.1413279,0.14720966,0.15324707,0.15942644,0.16573396,0.17215598,0.17867874,0.18528846,0.19197144,0.19871393,0.20550221,0.21232253,0.21916123,0.22600442,0.23283854,0.2396497,0.24642424,0.25314844,0.2598085,0.26639077,0.27288148,0.27926683,0.28553316,0.29166675,0.29735637,0.3023237,0.30660418,0.31023347,0.313247,0.31568038,0.317569,0.31894848,0.31985432,0.320322,0.32038713,0.32008517,0.31945163,0.3185222,0.31733218
0.18210001,0.18261403,0.18304636,0.18338402,0.18361413,0.1837238,0.18370016,0.18353026,0.18320116,0.18270008,0.182014,0.18113004,0.18003531,0.17871694,0.17716196,0.17535749,0.17329066,0.1709126,0.1682059,0.1652045,0.16194238,0.15845358,0.15477213,0.15093195,0.14696713,0.1429116,0.13879943,0.13466458,0.13054106,0.12646289,0.122464046,0.118578546,0.114840396,0.1112836,0.10794215,0.104850076,0.10204134,0.099549964,0.097409956,0.09565534,0.094320066,0.09343816,0.09304366,0.09317052,0.09385278,0.095124416,0.097019464,0.099571854,0.10281569,0.10655205,0.11055078,0.11479898,0.11928378,0.12399226,0.1289115,0.13402861,0.1393307,0.14480482,0.15043809,0.15621763,0.16213052,0.16816384,0.1743047,0.18054019,0.1868574,0.19324343,0.19968541,0.20617035,0.21268544,0.21921775,0.22575434,0.23228231,0.2387888,0.24526083,0.25168562,0.25805008,0.2643415,0.27054694,0.27665344,0.28264797,0.28851786,0.293964,0.29871884,0.30281612,0.30629012,0.30917472,0.31150392,0.31331176,0.3146322,0.3154993,0.31594697,0.3160093,0.31572038,0.3151139,0.31422415,0.31308505
0.18215677,0.18263713,0.18304107,0.1833566,0.18357165,0.18367413,0.18365201,0.18349326,0.18318579,0.18271749,0.18207641,0.18125038,0.18022744,0.17899548,0.17754245,0.17585626,0.17392491,0.1716992,0.16915962,0.16633864,0.16326876,0.1599824,0.15651213,0.15289028,0.14914939,0.14532192,0.14144033,0.1375371,0.13364473,0.12979558,0.12602225,0.12235712,0.118832685,0.11548142,0.112335764,0.10942822,0.10679124,0.104457304,0.10245886,0.10082837,0.09959832,0.098801196,0.09846942,0.098635495,0.099331886,0.100591056,0.102445446,0.10492756,0.10806986,0.11167968,0.11553467,0.119622804,0.12393202,0.12845021,0.1331654,0.13806549,0.1431384,0.14837208,0.15375447,0.15927356,0.16491725,0.1706734,0.17653014,0.18247528,0.18849678,0.1945826,0.20072062,0.2068989,0.21310529,0.21932779,0.22555429,0.23177272,0.2379711,0.24413727,0.2502593,0.256325,0.2623224,0.26823935,0.27406397,0.279784,0.28538746,0.29058766,0.29512775,0.29904017,0.3023573,0.30511162,0.3073357,0.30906188,0.31032276,0.31115064,0.31157818,0.3116376,0.31136167,0.31078273,0.30993313,0.30884546
0.18222247,0.1826686,0.18304378,0.18333687,0.18353659,0.1836318,0.18361127,0.1834638,0.1831782,0.18274328,0.18214782,0.18138061,0.18043052,0.17928626,0.1779367,0.17637056,0.17457673,0.17250554,0.17013547,0.1674974,0.16462234,0.16154107,0.15828466,0.15488394,0.15136985,0.14777325,0.14412518,0.14045647,0.13679808,0.13318092,0.1296359,0.12619393,0.12288599,0.11974291,0.11679567,0.11407514,0.11161232,0.10943807,0.107583314,0.106078975,0.104956,0.10424529,0.103977725,0.10418428,0.104895845,0.106143355,0.10795771,0.11036987,0.11341071,0.11689382,0.12060465,0.124532,0.1286647,0.13299151,0.13750127,0.14218277,0.14702475,0.15201609,0.15714557,0.16240196,0.16777414,0.17325078,0.17882079,0.18447292,0.19019601,0.19597878,0.2018101,0.20767878,0.21357355,0.21948332,0.2253968,0.23130277,0.2371901,0.24304754,0.24886394,0.25462803,0.2603287,0.2659547,0.2714949,0.27693796,0.2822728,0.28722507,0.29154864,0.29527447,0.29843336,0.3010564,0.30317435,0.30481827,0.30601898,0.30680743,0.30721456,0.30727127,0.3070084,0.306457,0.305648,0.30461216
0.18229553,0.18270704,0.18305312,0.18332346,0.18350767,0.18359546,0.18357654,0.18344052,0.18317708,0.18277591,0.18222664,0.18151897,0.1806426,0.1795871,0.17834225,0.17689766,0.17524302,0.17332818,0.17112957,0.16867645,0.16599827,0.16312431,0.160084,0.15690668,0.1536217,0.1502584,0.14684619,0.14341442,0.1399924,0.13660957,0.13329524,0.13007875,0.12698948,0.12405682,0.12131012,0.11877871,0.116492,0.114479326,0.112770006,0.11139348,0.11037904,0.10975608,0.10955398,0.10980204,0.110529676,0.11176622,0.11354104,0.11588351,0.11882297,0.1221792,0.12574545,0.12951149,0.13346691,0.13760136,0.1419046,0.14636625,0.15097593,0.15572336,0.1605982,0.16559018,0.17068884,0.17588398,0.18116514,0.18652211,0.1919445,0.197422,0.20294423,0.20850094,0.21408172,0.21967629,0.2252743,0.23086542,0.23643932,0.24198568,0.24749415,0.25295445,0.25835615,0.26368904,0.26894265,0.2741067,0.27917102,0.2838736,0.28797922,0.2915172,0.2945169,0.29700765,0.2990188,0.30057982,0.30172,0.3024687,0.30285525,0.30290908,0.3026595,0.3021359,0.30136767,0.30038407
0.18237434,0.18275088,0.1830676,0.18331496,0.18348357,0.18356392,0.18354657,0.18342209,0.18318106,0.18281393,0.18231128,0.18166375,0.18086177,0.17989591,0.17875671,0.17743483,0.17592067,0.17416362,0.17213796,0.1698714,0.16739176,0.16472685,0.16190442,0.15895228,0.15589826,0.1527701,0.14959563,0.14640266,0.14321892,0.14007224,0.13699041,0.13400123,0.1311325,0.12841195,0.12586747,0.12352681,0.121417746,0.11956808,0.11800561,0.11675815,0.115853466,0.11531935,0.1151836,0.115474015,0.11621841,0.11744453,0.11918019,0.121453196,0.12429134,0.12752055,0.130942,0.1345462,0.13832377,0.14226516,0.14636096,0.15060171,0.154978,0.15948032,0.1640992,0.16882525,0.173649,0.17856099,0.18355171,0.18861179,0.19373174,0.1989021,0.20411345,0.20935628,0.2146212,0.21989869,0.22517934,0.23045373,0.23571233,0.24094567,0.24614443,0.25129905,0.25640005,0.2614381,0.2664037,0.27128723,0.2760795,0.28053108,0.2844175,0.28776652,0.29060602,0.29296386,0.2948677,0.2963454,0.2974247,0.29813337,0.29849938,0.29855034,0.29831406,0.29781845,0.29709113,0.29616007
0.18245734,0.18279871,0.18308584,0.18331012,0.18346296,0.18353578,0.18352006,0.18340722,0.18318869,0.18285589,0.18240017,0.18181315,0.18108606,0.18021044,0.17917773,0.17797929,0.17660658,0.17500843,0.17315681,0.17107795,0.16879806,0.16634344,0.16374014,0.16101454,0.15819278,0.15530115,0.15236579,0.1494129,0.14646882,0.14355968,0.1407117,0.13795114,0.13530418,0.13279706,0.13045603,0.12830724,0.12637699,0.1246914,0.1232768,0.122159295,0.12136524,0.12092075,0.12085205,0.121185444,0.12194706,0.12316315,0.12485996,0.12706365,0.12980048,0.13290262,0.13617903,0.13962112,0.14322034,0.14696814,0.15085588,0.15487504,0.15901709,0.1632734,0.16763538,0.17209448,0.17664216,0.1812699,0.18596897,0.19073091,0.19554712,0.20040904,0.20530815,0.21023577,0.21518345,0.22014248,0.22510442,0.23006064,0.23500258,0.23992166,0.24480927,0.24965695,0.25445604,0.25919798,0.26387423,0.2684762,0.2729953,0.27719483,0.28086123,0.2840207,0.2866995,0.2889238,0.29071987,0.29211387,0.29313207,0.29380065,0.2941459,0.29419398,0.29397115,0.29350355,0.2928175,0.29193908
0.18254298,0.18284902,0.18310644,0.18330751,0.18344451,0.18350981,0.18349575,0.18339457,0.18319865,0.18290025,0.18249175,0.18196543,0.18131362,0.18052861,0.17960271,0.17852831,0.17729765,0.175859,0.17418216,0.17229171,0.17021236,0.16796872,0.16558546,0.16308717,0.16049856,0.15784422,0.1551488,0.15243694,0.14973333,0.14706255,0.1444493,0.14191817,0.13949384,0.1372009,0.13506405,0.13310792,0.13135715,0.12983634,0.1285702,0.12758331,0.12690035,0.12654597,0.12654483,0.1269215,0.12770069,0.12890695,0.13056506,0.13269958,0.13533513,0.13831012,0.14144136,0.14472115,0.14814176,0.15169561,0.15537493,0.15917206,0.16307934,0.16708903,0.17119351,0.17538506,0.17965604,0.18399869,0.18840541,0.19286844,0.19738016,0.20193282,0.20651883,0.21113038,0.21575993,0.2203997,0.22504205,0.22967923,0.23430361,0.23890755,0.24348329,0.24802311,0.2525195,0.2569646,0.26135084,0.26567045,0.2699158,0.2738627,0.2773085,0.28027794,0.28279555,0.28488603,0.28657407,0.2878842,0.28884122,0.28946954,0.28979403,0.28983924,0.2896298,0.2891903,0.28854546,0.28771994
0.18262964,0.18290032,0.18312797,0.18330579,0.18342695,0.18348472,0.18347223,0.18338275,0.18320952,0.18294561,0.18258436,0.18211886,0.18154241,0.18084818,0.18002936,0.17907916,0.17799081,0.17671195,0.17521009,0.17350839,0.17162986,0.16959758,0.16743462,0.165164,0.1628088,0.16039214,0.15793702,0.15546653,0.15300371,0.15057166,0.14819343,0.14589205,0.14369063,0.1416122,0.13967988,0.13791667,0.13634565,0.1349899,0.13387246,0.13301642,0.13244484,0.13218074,0.13224727,0.13266742,0.13346428,0.13466088,0.13628034,0.13834569,0.14087999,0.14372784,0.14671381,0.14983118,0.15307313,0.1564329,0.15990359,0.1634785,0.16715083,0.17091373,0.17476045,0.17868422,0.18267812,0.18673551,0.19084954,0.19501333,0.1992202,0.20346329,0.20773585,0.21203105,0.21634212,0.22066224,0.22498462,0.22930248,0.23360899,0.23789741,0.2421609,0.2463927,0.25058594,0.25473392,0.25882977,0.2628668,0.26683807,0.2705321,0.27375716,0.27653638,0.2788927,0.28084922,0.28242913,0.28365535,0.284551,0.2851391,0.28544277,0.28548506,0.28528896,0.2848777,0.2842742,0.28350157
0.1827158,0.18295115,0.18314904,0.18330361,0.18340896,0.18345916,0.18344834,0.18337056,0.18321992,0.18299052,0.1826764,0.18227175,0.1817706,0.18116704,0.18045518,0.1796291,0.17868291,0.17756368,0.17623672,0.17472361,0.17304575,0.17122468,0.16928181,0.16723871,0.16511683,0.16293761,0.16072266,0.15849334,0.15627119,0.15407766,0.15193427,0.14986251,0.14788386,0.1460198,0.1442918,0.14272138,0.14132997,0.14013915,0.13917032,0.13844499,0.13798462,0.13781077,0.13794486,0.1384084,0.13922285,0.14040974,0.14199054,0.1439867,0.14641975,0.14914042,0.15198122,0.15493624,0.15799953,0.16116524,0.16442744,0.16778022,0.17121768,0.17473389,0.178323,0.18197902,0.18569611,0.18946831,0.19328976,0.19715452,0.20105672,0.20499043,0.20894971,0.21292871,0.21692148,0.22092208,0.22492473,0.22892338,0.23291221,0.23688531,0.24083667,0.24476054,0.24865091,0.25250193,0.25630763,0.2600621,0.2637595,0.26720074,0.2702052,0.27279416,0.2749893,0.27681202,0.2782837,0.2794261,0.28026038,0.28080827,0.28109118,0.28113055,0.28094795,0.2805648,0.28000256,0.2792828
0.18279988,0.18299992,0.18316822,0.18329965,0.18338925,0.18343191,0.18342271,0.18335658,0.1832285,0.18303345,0.18276636,0.18242231,0.1819962,0.18148303,0.18087776,0.1801754,0.1793709,0.17841078,0.17725818,0.17593305,0.17445526,0.17284474,0.1711214,0.16930513,0.16741584,0.1654735,0.16349792,0.1615091,0.15952693,0.15757127,0.15566207,0.15381928,0.15206274,0.15041238,0.14888814,0.1475099,0.14629757,0.14527112,0.14445037,0.14385529,0.14350575,0.14342171,0.14362304,0.1441297,0.14496149,0.14613843,0.14768043,0.14960732,0.15193911,0.15453267,0.15722837,0.16002116,0.16290604,0.16587804,0.16893202,0.17206302,0.17526603,0.17853601,0.18186794,0.18525681,0.18869755,0.1921852,0.1957147,0.19928102,0.20287919,0.20650414,0.21015081,0.21381424,0.2174894,0.22117126,0.22485483,0.22853498,0.23220679,0.23586525,0.23950519,0.24312176,0.24670987,0.25026447,0.25378063,0.25725317,0.2606772,0.26386616,0.26665032,0.26904958,0.27108377,0.27277285,0.2741367,0.27519527,0.2759685,0.27647617,0.27673838,0.27677482,0.27660567,0.27625057,0.27572954,0.27506256
0.18288024,0.18304528,0.1831841,0.18329255,0.18336643,0.18340163,0.18339404,0.18333948,0.18323383,0.18307288,0.18285264,0.18256879,0.18221729,0.18179397,0.18129466,0.18071528,0.18005165,0.17924972,0.17827053,0.17713234,0.17585358,0.17445253,0.17294754,0.17135699,0.16969916,0.16799243,0.16625513,0.16450562,0.16276218,0.16104323,0.15936707,0.15775202,0.15621647,0.15477875,0.1534572,0.15227011,0.1512359,0.15037285,0.14969932,0.14923364,0.14899419,0.14899927,0.14926723,0.14981644,0.15066521,0.15183188,0.15333481,0.15519232,0.15742275,0.15988928,0.16244009,0.16507097,0.16777782,0.1705565,0.1734028,0.1763127,0.179282,0.1823065,0.18538211,0.18850473,0.19167008,0.19487418,0.19811277,0.20138174,0.20467694,0.20799431,0.21132958,0.21467867,0.2180374,0.22140172,0.22476737,0.22813027,0.23148623,0.23483117,0.238161,0.24147141,0.24475835,0.24801765,0.25124517,0.25443685,0.25758842,0.26052603,0.26309064,0.26530075,0.26717454,0.26873046,0.26998684,0.27096197,0.27167422,0.27214193,0.27238336,0.272417,0.2722611,0.271934,0.2714541,0.27083972
0.1829554,0.1830857,0.18319528,0.18328092,0.18333924,0.18336704,0.18336104,0.18331794,0.18323456,0.18310753,0.18293357,0.18270949,0.18243194,0.1820977,0.18170351,0.18124604,0.18072206,0.18007706,0.17926982,0.17831719,0.17723592,0.17604278,0.17475455,0.17338805,0.17196001,0.17048721,0.1689865,0.16747455,0.16596821,0.16448425,0.16303943,0.16165054,0.1603344,0.15910767,0.15798722,0.15698986,0.15613233,0.15543137,0.1549038,0.15456636,0.1544359,0.15452915,0.1548629,0.15545392,0.15631898,0.15747489,0.15893842,0.16072634,0.16285542,0.16519505,0.16760117,0.17007054,0.17259988,0.17518596,0.17782544,0.18051511,0.18325165,0.18603182,0.18885234,0.19170995,0.19460133,0.19752327,0.2004725,0.20344566,0.20643958,0.20945092,0.21247643,0.21551292,0.21855696,0.22160539,0.22465491,0.22770225,0.23074414,0.23377733,0.23679847,0.23980436,0.24279173,0.24575736,0.24869774,0.25160986,0.25449038,0.2571778,0.259524,0.26154587,0.2632601,0.2646835,0.26583287,0.26672494,0.26737654,0.2678044,0.26802534,0.2680561,0.26791343,0.26761425,0.2671752,0.2666131
0.18302369,0.18311967,0.18320039,0.18326342,0.1833064,0.18332686,0.18332246,0.18329072,0.1832293,0.18313573,0.18300764,0.1828426,0.18263823,0.1823921,0.18210179,0.18176489,0.18137905,0.1808892,0.18025216,0.17948318,0.17859745,0.1776102,0.1765367,0.17539209,0.17419167,0.17295064,0.17168425,0.17040768,0.16913623,0.16788507,0.1666694,0.16550452,0.16440558,0.16338791,0.16246663,0.16165702,0.16097432,0.16043375,0.16005048,0.15983981,0.15981694,0.15999706,0.16039546,0.16102733,0.16190791,0.16305242,0.16447608,0.16619411,0.16822177,0.17043462,0.17269641,0.17500482,0.1773574,0.17975171,0.18218541,0.18465601,0.18716116,0.18969844,0.19226544,0.19485971,0.19747892,0.20012057,0.20278229,0.20546173,0.20815639,0.21086392,0.21358185,0.21630785,0.21903946,0.2217743,0.22450988,0.22724395,0.22997394,0.23269755,0.23541227,0.23811577,0.24080558,0.24347942,0.24613473,0.24876916,0.25138032,0.2538191,0.2559483,0.25778317,0.25933883,0.26063058,0.26167366,0.2624832,0.2630745,0.26346278,0.26366326,0.26369116,0.2635618,0.26329023,0.2628918,0.26238164
0.18308361,0.18314573,0.18319793,0.18323871,0.18326652,0.18327977,0.1832769,0.18325637,0.18321663,0.18315612,0.18307321,0.18296646,0.18283422,0.182675,0.18248713,0.18226919,0.1820195,0.18168275,0.1812137,0.18062605,0.17993343,0.17914958,0.17828815,0.17736287,0.1763874,0.17537543,0.17434067,0.17329676,0.17225741,0.1712363,0.17024717,0.16930363,0.16841942,0.16760819,0.16688365,0.16625947,0.16574936,0.16536698,0.16512604,0.16504021,0.16512321,0.16538869,0.16585034,0.16652186,0.16741696,0.16854928,0.16993253,0.17158039,0.17350654,0.1755928,0.17771073,0.17985879,0.18203543,0.1842391,0.18646823,0.18872125,0.19099662,0.19329278,0.19560817,0.19794123,0.20029038,0.20265406,0.20503077,0.20741887,0.20981689,0.21222317,0.21463628,0.21705449,0.2194764,0.22190037,0.22432488,0.2267483,0.22916916,0.23158588,0.23399684,0.23640059,0.23879546,0.24117994,0.24355246,0.24591148,0.24825548,0.25044763,0.2523616,0.25401083,0.25540915,0.2565703,0.2575078,0.25823554,0.25876704,0.25911602,0.25929624,0.25932133,0.259205,0.2589609,0.2586028,0.25814432
0.18313359,0.18316235,0.18318658,0.18320547,0.18321835,0.18322447,0.18322317,0.18321367,0.18319522,0.18316719,0.18312877,0.18307926,0.18301797,0.18294415,0.18285707,0.18275605,0.18264033,0.18245418,0.18215047,0.18174139,0.18123904,0.1806556,0.18000327,0.17929415,0.17854045,0.17775437,0.17694798,0.17613348,0.17532302,0.17452879,0.17376298,0.17303765,0.17236504,0.1717573,0.17122658,0.17078502,0.17044485,0.17021815,0.17011715,0.17015398,0.17034075,0.17068975,0.17121303,0.17192277,0.17283118,0.17395039,0.17529254,0.17686984,0.17869441,0.18065426,0.18262881,0.18461734,0.1866191,0.18863338,0.19065948,0.19269663,0.19474414,0.19680135,0.1988674,0.20094165,0.20302337,0.20511182,0.20720634,0.2093061,0.2114105,0.2135187,0.21563004,0.21774378,0.21985924,0.22197564,0.22409227,0.22620843,0.2283234,0.23043641,0.23254682,0.23465382,0.23675671,0.23885484,0.24094741,0.2430337,0.24511304,0.24706091,0.24876146,0.250227,0.25146952,0.2525012,0.25333425,0.25398088,0.25445315,0.25476328,0.2549234,0.25494573,0.2548423,0.2546254,0.2543072,0.2538998
0.18317197,0.18316813,0.18316483,0.1831623,0.18316059,0.18315974,0.18315993,0.18316121,0.18316369,0.18316747,0.18317264,0.18317929,0.18318754,0.18319751,0.18320923,0.18322283,0.18323845,0.1832,0.18305859,0.18282488,0.18250945,0.18212304,0.18167625,0.18117975,0.18064415,0.18008019,0.17949842,0.1789096,0.17832433,0.17775324,0.17720701,0.17669629,0.17623174,0.17582399,0.17548375,0.17522159,0.17504826,0.17497429,0.17501046,0.17516732,0.17545557,0.17588589,0.1764689,0.17721523,0.17813562,0.1792406,0.18054092,0.18204719,0.18377008,0.1856038,0.18743555,0.1892654,0.19109349,0.19291987,0.19474466,0.19656797,0.19838989,0.20021048,0.2020299,0.20384821,0.20566553,0.2074819,0.20929748,0.2111124,0.21292663,0.21474034,0.21655369,0.21836664,0.22017947,0.22199208,0.22380464,0.22561729,0.2274301,0.22924323,0.23105663,0.23287052,0.23468502,0.23650008,0.23831593,0.24013264,0.24195023,0.24365653,0.24514617,0.24642982,0.24751826,0.24842203,0.24915172,0.24971814,0.25013185,0.2504035,0.25054374,0.2505633,0.25047272,0.25028276,0.25000396,0.24964713
0.1831973,0.1831615,0.1831314,0.18310784,0.18309186,0.18308419,0.18308586,0.18309769,0.1831206,0.18315548,0.18320325,0.18326484,0.18334109,0.18343286,0.18354113,0.1836668,0.18381074,0.18391673,0.18393417,0.18387218,0.18373995,0.18354662,0.18330133,0.18301329,0.18269171,0.18234564,0.1819843,0.18161687,0.18125243,0.18090028,0.18056953,0.18026924,0.18000874,0.17979708,0.17964345,0.17955703,0.17954698,0.17962243,0.17979258,0.18006663,0.18045364,0.18096288,0.18160342,0.1823845,0.18331525,0.18440484,0.18566243,0.1870972,0.18871826,0.19042614,0.19211572,0.19378793,0.19544367,0.19708386,0.19870934,0.20032105,0.20191991,0.20350678,0.20508252,0.20664814,0.2082044,0.20975234,0.21129276,0.21282661,0.21435475,0.2158781,0.21739757,0.21891403,0.22042839,0.22194153,0.22345442,0.22496791,0.2264829,0.22800024,0.22952086,0.23104571,0.23257568,0.23411162,0.23565441,0.23720501,0.23876432,0.24023207,0.24151348,0.24261771,0.24355392,0.24433129,0.244959,0.24544626,0.24580207,0.24603575,0.24615638,0.2461732,0.24609531,0.24593191,0.24569209,0.24538514
0.18320787,0.183141,0.18308476,0.18304081,0.18301089,0.1829966,0.18299969,0.18302178,0.1830646,0.18312979,0.18321909,0.1833341,0.18347654,0.1836481,0.18385036,0.18408518,0.18435408,0.18460086,0.18477324,0.18487899,0.18492566,0.18492104,0.18487285,0.1847887,0.18467638,0.1845435,0.1843978,0.184247,0.18409874,0.18396075,0.18384068,0.1837463,0.18368524,0.18366526,0.18369399,0.18377918,0.18392847,0.18414962,0.18445027,0.18483815,0.18532096,0.18590635,0.18660204,0.18741576,0.18835516,0.18942796,0.19064184,0.19200452,0.19352365,0.19510598,0.19665416,0.19816989,0.1996548,0.20111066,0.20253907,0.20394175,0.20532036,0.20667656,0.20801207,0.20932856,0.21062768,0.21191114,0.21318066,0.21443777,0.21568426,0.21692185,0.21815215,0.21937685,0.22059761,0.22181617,0.22303413,0.22425325,0.22547516,0.22670151,0.22793405,0.2291744,0.23042427,0.23168537,0.23295933,0.23424783,0.23555252,0.23678513,0.23786126,0.2387886,0.23957483,0.2402277,0.24075484,0.24116403,0.2414629,0.2416591,0.2417604,0.24177456,0.24170911,0.24157186,0.24137051,0.2411127
0.1832022,0.18310516,0.18302354,0.1829598,0.18291637,0.18289565,0.18290012,0.18293221,0.18299432,0.18308893,0.18321843,0.18338537,0.18359204,0.18384093,0.18413453,0.18447521,0.1848654,0.18524893,0.18557197,0.18584086,0.18606183,0.18624112,0.18638499,0.18649963,0.1865914,0.18666655,0.18673122,0.18679172,0.18685432,0.1869252,0.18701074,0.18711708,0.18725052,0.1874173,0.18762368,0.18787593,0.18818024,0.18854289,0.18897015,0.18946825,0.19004346,0.19070202,0.1914502,0.19229423,0.19324034,0.19429481,0.19546393,0.19675387,0.19817095,0.19962808,0.20103565,0.20239614,0.20371196,0.20498554,0.20621936,0.20741577,0.2085773,0.20970635,0.21080534,0.21187674,0.21292293,0.21394637,0.21494952,0.21593478,0.21690471,0.21786156,0.21880786,0.21974608,0.2206786,0.22160783,0.22253628,0.22346637,0.22440049,0.22534108,0.22629066,0.22725162,0.22822638,0.22921734,0.230227,0.23125777,0.23231207,0.23331334,0.23418748,0.23494083,0.23557949,0.23610982,0.23653804,0.2368704,0.23711321,0.23727256,0.23735489,0.23736633,0.23731318,0.23720175,0.23703817,0.2368287
0.18317872,0.1830525,0.18294637,0.18286347,0.18280695,0.18278003,0.18278587,0.18282758,0.18290836,0.1830314,0.18319981,0.18341687,0.18368565,0.18400934,0.18439111,0.18483415,0.18534163,0.18585736,0.18632643,0.18675357,0.18714364,0.18750153,0.187832,0.18813993,0.18843015,0.18870747,0.18897673,0.18924277,0.18951043,0.18978451,0.19006988,0.19037135,0.1906938,0.19104199,0.19142085,0.1918351,0.19228964,0.19278929,0.19333889,0.1939432,0.1946072,0.1953356,0.19613327,0.19700508,0.19795582,0.19899036,0.20011345,0.20133,0.20264484,0.20397715,0.20524503,0.2064517,0.2076002,0.20869386,0.20973574,0.21072905,0.21167694,0.21258257,0.21344915,0.21427979,0.21507774,0.21584606,0.21658804,0.21730672,0.21800539,0.21868715,0.21935517,0.22001262,0.22066271,0.22130853,0.22195332,0.2226002,0.2232524,0.22391304,0.22458524,0.2252723,0.2259773,0.22670344,0.22745381,0.22823168,0.22904015,0.22981425,0.23049009,0.23107249,0.23156622,0.23197626,0.23230731,0.23256429,0.232752,0.23287521,0.23293887,0.23294774,0.23290665,0.23282047,0.232694,0.23253207
0.18313581,0.18298155,0.18285178,0.18275046,0.18268138,0.1826485,0.18265559,0.18270658,0.18280536,0.18295571,0.1831616,0.18342693,0.18375544,0.1841511,0.18461776,0.18515931,0.1857796,0.18642277,0.18703263,0.18761268,0.18816632,0.18869701,0.1892082,0.18970329,0.1901858,0.19065909,0.19112666,0.19159192,0.19205832,0.19252935,0.19300838,0.19349888,0.19400434,0.19452815,0.19507372,0.19564457,0.19624414,0.19687584,0.19754307,0.19824938,0.19899815,0.19979279,0.2006368,0.2015336,0.20248665,0.20349933,0.2045752,0.20571762,0.20693004,0.20813796,0.20926711,0.21032141,0.21130468,0.21222085,0.21307378,0.21386729,0.21460532,0.2152917,0.21593033,0.21652506,0.21707974,0.21759832,0.21808456,0.21854249,0.21897583,0.21938854,0.21978445,0.22016749,0.22054143,0.22091024,0.22127777,0.2216479,0.22202446,0.2224113,0.22281243,0.22323157,0.22367267,0.2241396,0.22463618,0.22516641,0.225734,0.22628544,0.22676694,0.22718185,0.22753356,0.22782572,0.22806154,0.2282446,0.22837831,0.22846608,0.22851147,0.22851779,0.22848848,0.22842708,0.22833696,0.22822164
0.1830719,0.18289077,0.18273842,0.18261944,0.18253833,0.18249965,0.18250799,0.1825679,0.18268386,0.18286045,0.18310222,0.18341371,0.18379948,0.1842641,0.18481205,0.18544793,0.18617627,0.18694161,0.18768679,0.18841392,0.18912508,0.18982232,0.19050778,0.1911835,0.19185159,0.19251414,0.19317317,0.19383085,0.19448923,0.19515038,0.19581638,0.19648935,0.19717132,0.19786441,0.19857073,0.19929226,0.20003122,0.2007896,0.2015695,0.20237303,0.20320225,0.20405926,0.20494616,0.20586498,0.20681782,0.20780681,0.20883396,0.20990144,0.21101126,0.21209522,0.2130867,0.2139903,0.21481052,0.21555188,0.216219,0.21681637,0.21734858,0.21782015,0.21823563,0.2185996,0.21891654,0.21919109,0.21942768,0.21963096,0.21980543,0.21995562,0.22008617,0.22020149,0.22030628,0.22040494,0.22050212,0.2206023,0.22071008,0.22082998,0.22096658,0.2211244,0.22130796,0.22152184,0.22177057,0.22205873,0.22239085,0.22272459,0.22301593,0.22326703,0.22347993,0.22365667,0.22379942,0.22391018,0.2239911,0.22404425,0.22407167,0.2240755,0.22405778,0.22402063,0.22396614,0.22389628
0.18298544,0.18277869,0.18260482,0.18246903,0.18237643,0.18233235,0.18234187,0.1824102,0.18254255,0.1827441,0.18302006,0.18337557,0.18381585,0.18434606,0.18497148,0.18569723,0.18652852,0.18741038,0.18828495,0.18915288,0.19001506,0.19087219,0.19172505,0.19257435,0.19342089,0.19426535,0.19510864,0.19595137,0.19679435,0.19763835,0.19848415,0.19933245,0.20018399,0.20103961,0.20190004,0.20276599,0.20363824,0.20451763,0.20540477,0.20630048,0.20720558,0.20812073,0.20904677,0.20998442,0.2109344,0.2118975,0.21287452,0.21386614,0.2148732,0.21583368,0.21668863,0.21744324,0.2181027,0.2186722,0.21915695,0.2195621,0.21989284,0.22015437,0.22035195,0.2204907,0.22057576,0.22061239,0.22060582,0.22056118,0.22048363,0.22037844,0.22025073,0.22010575,0.21994863,0.21978463,0.21961886,0.21945652,0.21930292,0.21916308,0.21904233,0.21894577,0.21887861,0.21884607,0.21885332,0.21890554,0.21900792,0.21912919,0.21923506,0.21932629,0.21940365,0.21946788,0.21951972,0.21955998,0.21958938,0.21960866,0.21961865,0.21962006,0.2196136,0.21960011,0.21958032,0.21955493
0.18287483,0.18264386,0.18244962,0.18229789,0.1821945,0.18214521,0.18215585,0.18223217,0.18238005,0.18260519,0.1829135,0.18331066,0.18380259,0.184395,0.18509373,0.18590453,0.18683325,0.18782558,0.18882315,0.1898253,0.19083154,0.19184138,0.19285421,0.19386955,0.19488683,0.19590557,0.19692518,0.19794516,0.19896497,0.19998403,0.20100187,0.2020179,0.20303163,0.20404251,0.20505002,0.20605361,0.20705274,0.2080469,0.2090355,0.2100181,0.21099405,0.21196288,0.21292411,0.21387708,0.21482137,0.2157564,0.21668161,0.21759652,0.21850052,0.21933804,0.2200577,0.2206652,0.22116643,0.22156714,0.22187313,0.22209023,0.22222419,0.2222809,0.22226605,0.22218549,0.22204503,0.22185043,0.22160749,0.22132204,0.22099988,0.22064681,0.2202686,0.21987104,0.21946,0.21904123,0.21862045,0.21820357,0.21779639,0.21740463,0.21703415,0.21669072,0.21638016,0.21610826,0.21588081,0.21570362,0.21558246,0.21549688,0.21542218,0.21535778,0.21530321,0.21525787,0.21522127,0.21519287,0.2151721,0.21515848,0.21515144,0.21515046,0.215155,0.21516453,0.21517852,0.21519645
0.18273854,0.18248479,0.18227138,0.18210466,0.18199109,0.1819369,0.18194857,0.18203248,0.18219492,0.18244232,0.18278101,0.18321736,0.18375778,0.18440862,0.18517625,0.18606704,0.18708736,0.1881838,0.18929753,0.19042677,0.19156972,0.19272456,0.19388956,0.1950629,0.19624281,0.19742745,0.19861512,0.19980396,0.20099218,0.20217806,0.20335975,0.20453547,0.20570347,0.20686188,0.208009,0.209143,0.21026208,0.2113645,0.21244843,0.2135121,0.2145537,0.21557146,0.2165636,0.2175283,0.21846382,0.21936832,0.22024003,0.22107719,0.22187795,0.2225931,0.22317867,0.2236411,0.22398674,0.22422197,0.22435315,0.22438665,0.2243288,0.22418605,0.22396475,0.22367126,0.22331187,0.22289309,0.2224212,0.22190258,0.22134365,0.22075073,0.22013019,0.21948844,0.21883179,0.21816668,0.21749945,0.21683642,0.21618406,0.21554866,0.21493661,0.21435432,0.2138081,0.21330437,0.21284947,0.21244979,0.21211168,0.21182525,0.2115752,0.21135971,0.211177,0.21102531,0.21090281,0.21080774,0.21073827,0.21069266,0.21066916,0.21066587,0.21068105,0.21071295,0.21075974,0.21081965
0.18257493,0.18229996,0.18206866,0.18188804,0.18176492,0.18170625,0.1817189,0.1818098,0.18198583,0.18225393,0.18262096,0.18309386,0.1836795,0.18438481,0.18521667,0.186182,0.18728773,0.18848144,0.18970418,0.19095296,0.19222474,0.19351655,0.19482532,0.19614817,0.19748199,0.19882384,0.20017065,0.2015195,0.20286734,0.20421122,0.20554802,0.20687485,0.20818867,0.20948648,0.21076526,0.212022,0.21325377,0.21445748,0.21563019,0.21676888,0.21787049,0.2189321,0.21995068,0.22092322,0.22184671,0.22271815,0.22353454,0.22429292,0.22499023,0.2255835,0.22603644,0.22635591,0.22654879,0.22662202,0.22658248,0.2264371,0.22619277,0.22585642,0.22543487,0.22493511,0.22436403,0.22372848,0.22303541,0.22229171,0.2215043,0.22068009,0.21982592,0.21894877,0.21805552,0.21715301,0.21624829,0.21534814,0.21445943,0.2135892,0.21274425,0.21193153,0.21115795,0.21043035,0.20975567,0.20914088,0.20859277,0.20811187,0.20769204,0.20733026,0.2070235,0.2067688,0.20656312,0.20640348,0.20628689,0.20621035,0.20617078,0.2061653,0.20619082,0.20624436,0.20632292,0.2064235
0.18238248,0.1820879,0.18184012,0.18164662,0.18151473,0.18145183,0.1814654,0.1815628,0.18175139,0.18203858,0.1824318,0.18293843,0.1835658,0.1843214,0.1852126,0.18624677,0.18743132,0.18871509,0.19003923,0.19139953,0.19279183,0.19421203,0.19565582,0.1971191,0.1985977,0.20008743,0.20158409,0.20308356,0.20458168,0.20607415,0.20755692,0.20902579,0.2104765,0.21190502,0.21330707,0.21467856,0.21601517,0.21731289,0.21856745,0.21977466,0.22093044,0.2220305,0.22307079,0.22404703,0.22495511,0.22579077,0.22654995,0.2272284,0.22782199,0.22829406,0.22861579,0.2287945,0.22883764,0.2287526,0.22854672,0.22822747,0.22780219,0.22727832,0.22666323,0.22596434,0.225189,0.22434461,0.22343864,0.2224784,0.22147132,0.22042483,0.21934628,0.21824306,0.21712261,0.21599224,0.21485947,0.21373163,0.2126161,0.21152025,0.21045156,0.20941739,0.20842512,0.20748214,0.20659587,0.2057737,0.205023,0.20435439,0.20377064,0.2032676,0.20284107,0.20248698,0.20220098,0.20197906,0.20181693,0.20171048,0.20165552,0.20164783,0.20168333,0.20175777,0.20186703,0.20200685
0.1821596,0.18184714,0.1815843,0.18137904,0.18123914,0.18117246,0.18118688,0.18129013,0.18149018,0.18179482,0.18221189,0.18274926,0.18341477,0.18421625,0.18516155,0.18625851,0.18751499,0.18888123,0.1902987,0.19176215,0.19326627,0.19480573,0.19637524,0.19796947,0.19958317,0.20121096,0.20284764,0.20448785,0.20612626,0.20775764,0.20937662,0.21097793,0.21255627,0.21410637,0.2156228,0.21710038,0.21853381,0.21991773,0.22124682,0.22251587,0.22371951,0.22485243,0.22590934,0.226885,0.22777402,0.22857115,0.22927102,0.22986841,0.23035797,0.23070951,0.23090151,0.23094186,0.2308384,0.23059896,0.23023134,0.2297435,0.22914319,0.22843826,0.22763662,0.22674607,0.22577442,0.22472957,0.22361936,0.2224516,0.22123417,0.2199749,0.2186816,0.21736223,0.21602449,0.21467632,0.21332552,0.21197996,0.21064748,0.20933588,0.20805308,0.2068069,0.20560516,0.20445572,0.20336641,0.2023451,0.20139961,0.20055035,0.1998089,0.19916993,0.1986282,0.19817838,0.19781516,0.19753325,0.19732735,0.19719213,0.19712232,0.19711259,0.19715767,0.19725221,0.19739097,0.1975686
0.18190473,0.18157618,0.18129984,0.181084,0.18093693,0.18086681,0.18088192,0.18099052,0.18120086,0.18152118,0.18195972,0.18252471,0.18322447,0.18406717,0.1850611,0.1862145,0.18753563,0.18897633,0.19047876,0.1920365,0.19364317,0.19529241,0.19697782,0.19869304,0.20043163,0.20218728,0.20395356,0.20572408,0.20749249,0.20925237,0.21099737,0.21272108,0.21441713,0.21607915,0.21770072,0.21927547,0.22079706,0.22225904,0.22365507,0.22497874,0.22622368,0.22738351,0.22845185,0.2294223,0.23028846,0.231044,0.2316825,0.23219758,0.23258287,0.2328145,0.23287845,0.2327829,0.23253612,0.23214641,0.23162195,0.23097102,0.23020186,0.22932272,0.22834188,0.22726752,0.22610793,0.22487135,0.22356606,0.22220027,0.22078222,0.21932021,0.21782245,0.21629718,0.21475267,0.21319716,0.2116389,0.21008615,0.20854715,0.20703013,0.20554337,0.2040951,0.20269354,0.201347,0.20006369,0.19885187,0.19771978,0.19669732,0.19580469,0.19503546,0.19438328,0.19384173,0.19340445,0.19306506,0.19281715,0.19265436,0.19257033,0.19255863,0.19261287,0.19272672,0.19289377,0.1931076
0.1816335,0.18129165,0.18100415,0.18077956,0.18062656,0.18055362,0.18056937,0.18068236,0.18090117,0.18123443,0.18169068,0.18227851,0.18300654,0.18388331,0.1849174,0.1861174,0.18749191,0.18899451,0.19056816,0.19220555,0.19389929,0.19564205,0.19742645,0.19924517,0.20109083,0.2029561,0.20483363,0.20671606,0.20859604,0.21046618,0.21231923,0.21414775,0.21594441,0.21770184,0.21941271,0.2210697,0.22266544,0.22419254,0.22564368,0.22701152,0.22828864,0.22946775,0.23054148,0.23150252,0.23234347,0.23305698,0.23363572,0.23407234,0.23435949,0.23447931,0.23442462,0.23420404,0.23382615,0.23329948,0.23263265,0.23183422,0.23091283,0.22987698,0.22873531,0.22749636,0.22616875,0.22476098,0.22328179,0.22173963,0.22014311,0.21850081,0.21682134,0.21511328,0.21338518,0.21164566,0.20990324,0.20816655,0.20644419,0.2047447,0.20307666,0.20144868,0.19986933,0.19834718,0.19689086,0.19550887,0.19420986,0.19303238,0.19200437,0.19111848,0.19036742,0.18974376,0.18924019,0.1888493,0.18856384,0.18837637,0.18827957,0.1882661,0.1883286,0.18845966,0.18865204,0.18889832
0.18136255,0.18101105,0.18071546,0.18048455,0.18032718,0.18025215,0.18026836,0.18038455,0.18060954,0.18095222,0.18142143,0.18202585,0.18277444,0.18367597,0.18473935,0.18597324,0.18738663,0.18893471,0.19056158,0.19225901,0.19401897,0.19583322,0.19769368,0.19959205,0.20152035,0.20347041,0.205434,0.20740303,0.20936938,0.21132483,0.21326128,0.21517058,0.21704453,0.21887511,0.22065403,0.22237322,0.22402453,0.22559977,0.22709087,0.22848962,0.22978784,0.23097749,0.23205039,0.23299831,0.2338132,0.23448682,0.23501116,0.23537791,0.23557906,0.23560198,0.23544547,0.23511836,0.23462954,0.23398769,0.23320173,0.23228046,0.2312327,0.2300673,0.22879305,0.2274188,0.2259534,0.2244056,0.22278425,0.22109824,0.21935628,0.21756731,0.21574007,0.21388343,0.21200621,0.21011719,0.20822527,0.20633923,0.20446783,0.20262,0.20080459,0.1990303,0.19730598,0.19564055,0.19404277,0.19252144,0.19108541,0.18978052,0.1886413,0.18765956,0.18682723,0.18613608,0.18557805,0.18514487,0.18482849,0.18462075,0.1845135,0.18449853,0.1845678,0.18471307,0.18492626,0.1851992
0.181092,0.18073425,0.18043339,0.1801984,0.18003824,0.17996193,0.17997837,0.18009663,0.18032563,0.18067439,0.18115184,0.18176702,0.18252888,0.18344638,0.18452853,0.18578433,0.18722276,0.18880078,0.19046369,0.1922027,0.19400899,0.1958738,0.19778831,0.19974387,0.20173156,0.20374271,0.20576845,0.20780006,0.2098287,0.2118457,0.21384215,0.2158094,0.2177386,0.21962094,0.22144774,0.2232101,0.22489937,0.22650667,0.22802328,0.22944039,0.23074922,0.23194104,0.233007,0.23393837,0.2347264,0.23536223,0.23583712,0.23614234,0.23626901,0.23620924,0.23596682,0.23555085,0.23497023,0.23423387,0.23335086,0.23233017,0.23118074,0.22991161,0.22853167,0.22704995,0.22547543,0.22381712,0.22208394,0.22028491,0.21842904,0.21652523,0.2145825,0.21260987,0.21061626,0.20861067,0.2066021,0.20459953,0.20261191,0.20064823,0.19871749,0.19682863,0.19499072,0.19321266,0.19150344,0.18987206,0.18832749,0.18692145,0.18569393,0.18463616,0.18373933,0.18299459,0.18239331,0.1819266,0.18158568,0.18136185,0.18124627,0.18123016,0.18130481,0.18146136,0.18169102,0.18198511
0.18082169,0.180461,0.18015766,0.17992067,0.17975919,0.17968221,0.17969882,0.17981806,0.18004896,0.18040062,0.18088204,0.18150231,0.18227051,0.18319565,0.18428679,0.18555301,0.18700334,0.18859658,0.19027925,0.19204217,0.193876,0.19577152,0.19771951,0.19971067,0.20173575,0.20378548,0.2058507,0.20792209,0.20999034,0.21204627,0.21408062,0.21608411,0.21804751,0.21996155,0.22181697,0.22360454,0.22531499,0.22693905,0.22846751,0.22989108,0.23120053,0.2323866,0.23344,0.23435153,0.23511186,0.23571184,0.23614214,0.23639351,0.23645672,0.23632772,0.23601457,0.23552637,0.23487213,0.23406096,0.23310187,0.23200394,0.2307762,0.22942773,0.22796763,0.22640486,0.22474852,0.22300765,0.22119136,0.21930867,0.2173686,0.21538024,0.21335262,0.21129484,0.20921595,0.20712498,0.205031,0.20294298,0.20087013,0.19882141,0.1968059,0.19483262,0.19291067,0.19104908,0.18925689,0.18754326,0.1859171,0.1844349,0.18314086,0.18202576,0.1810803,0.18029521,0.17966133,0.17916933,0.17880994,0.17857398,0.17845213,0.17843516,0.17851381,0.17867883,0.178921,0.17923103
0.18055166,0.1801911,0.17988779,0.17965095,0.17948952,0.17941257,0.17942916,0.17954834,0.1797792,0.18013074,0.18061203,0.1812321,0.18200004,0.18292488,0.18401574,0.18528153,0.18673143,0.18832588,0.19001299,0.1917831,0.1936267,0.1955342,0.19749601,0.19950253,0.20154414,0.20361136,0.20569453,0.20778409,0.20987047,0.21194404,0.21399528,0.21601458,0.21799232,0.21991897,0.2217849,0.22358061,0.22529642,0.22692288,0.22845022,0.22986902,0.2311696,0.23234242,0.23337787,0.2342664,0.2349984,0.23556432,0.23595458,0.23615952,0.23616964,0.23598407,0.23561446,0.2350698,0.2343592,0.23349172,0.23247637,0.2313222,0.23003827,0.22863369,0.22711743,0.22549859,0.22378619,0.22198926,0.22011697,0.21817827,0.21618225,0.21413793,0.21205437,0.20994067,0.20780581,0.20565893,0.203509,0.2013651,0.19923629,0.19713162,0.19506015,0.19303091,0.191053,0.18913542,0.18728726,0.18551752,0.1838353,0.18230046,0.18096048,0.17980574,0.17882672,0.1780138,0.17735739,0.17684789,0.17647575,0.17623143,0.17610525,0.17608769,0.17616913,0.17634,0.17659077,0.17691182
0.1802819,0.17992434,0.17962359,0.17938873,0.1792286,0.17915234,0.17916882,0.17928697,0.17951588,0.1798645,0.18034178,0.18095668,0.18171819,0.18263529,0.18371703,0.18497226,0.18641004,0.18799256,0.18966958,0.19143121,0.19326788,0.19516961,0.1971268,0.19912955,0.20116812,0.2032327,0.2053137,0.20740113,0.20948529,0.21155648,0.21360485,0.21562059,0.21759404,0.21951535,0.22137478,0.22316252,0.2248688,0.22648394,0.22799806,0.2294014,0.23068425,0.23183675,0.23284921,0.23371184,0.23441479,0.23494838,0.23530282,0.23546827,0.23543507,0.23520496,0.23479235,0.23420617,0.23345542,0.23254909,0.23149613,0.23030552,0.22898623,0.22754724,0.22599758,0.22434618,0.22260198,0.22077404,0.21887128,0.21690267,0.21487723,0.21280392,0.2106917,0.20854953,0.20638643,0.20421138,0.20203336,0.19986126,0.19770415,0.195571,0.19347076,0.1914124,0.18940489,0.18745723,0.18557842,0.18377736,0.18206315,0.18049788,0.17913134,0.17795373,0.17695527,0.17612626,0.1754568,0.17493723,0.17455772,0.17430848,0.17417984,0.17416194,0.17424498,0.17441928,0.17467497,0.17500238
0.1800124,0.1796606,0.17936467,0.17913358,0.17897604,0.17890096,0.17891712,0.17903346,0.1792587,0.17960171,0.18007128,0.18067633,0.18142565,0.18232806,0.18339238,0.18462749,0.18604219,0.18760043,0.18925372,0.19099227,0.19280614,0.19468553,0.19662075,0.1986018,0.20061891,0.2026622,0.20472193,0.20678817,0.20885116,0.21090105,0.21292797,0.21492215,0.21687368,0.21877278,0.2206096,0.22237433,0.22405715,0.22564816,0.22713757,0.22851557,0.22977228,0.2308979,0.23188256,0.2327165,0.23338982,0.23389272,0.23421532,0.23434785,0.23428044,0.23401704,0.23357406,0.23296034,0.23218468,0.23125584,0.23018284,0.22897433,0.22763926,0.22618641,0.22462463,0.22296272,0.22120956,0.21937394,0.21746475,0.21549077,0.21346085,0.2113838,0.20926851,0.20712374,0.20495842,0.20278127,0.20060118,0.19842699,0.19626752,0.19413163,0.19202812,0.18996577,0.18795352,0.18600017,0.18411447,0.1823054,0.18058164,0.1790068,0.17763188,0.17644708,0.17544253,0.17460836,0.17393488,0.17341211,0.17303026,0.17277953,0.17265005,0.17263205,0.17271562,0.17289096,0.17314826,0.17347766
0.17974314,0.17939961,0.17911065,0.17888498,0.17873116,0.1786579,0.17867367,0.17878722,0.17900719,0.17934209,0.17980063,0.18039146,0.18112311,0.18200423,0.1830435,0.18424954,0.18563092,0.18715334,0.18877022,0.19047178,0.19224824,0.19408984,0.19598684,0.19792941,0.19990782,0.20191225,0.20393299,0.20596026,0.20798422,0.2099952,0.21198337,0.21393894,0.21585223,0.21771336,0.21951261,0.22124025,0.22288641,0.22444144,0.22589548,0.22723879,0.22846156,0.22955406,0.23050654,0.23130918,0.23195224,0.23242594,0.2327205,0.23282619,0.23273318,0.23244704,0.2319855,0.23135725,0.23057087,0.22963497,0.22855826,0.22734924,0.22601664,0.22456904,0.22301503,0.2213633,0.21962243,0.21780112,0.21590787,0.21395142,0.21194033,0.20988321,0.20778877,0.20566559,0.20352224,0.20136741,0.19920969,0.19705775,0.19492017,0.19280553,0.1907226,0.18867987,0.18668602,0.18474971,0.18287948,0.18108399,0.17937191,0.17780696,0.17644067,0.1752633,0.17426509,0.17343616,0.17276688,0.1722474,0.17186797,0.1716188,0.17149018,0.17147224,0.17155531,0.17172958,0.17198522,0.17231254
0.17947409,0.17914118,0.17886122,0.17864254,0.17849354,0.17842248,0.17843783,0.17854783,0.17876095,0.1790855,0.17952979,0.18010227,0.18081124,0.18166505,0.18267211,0.18384074,0.18517926,0.18665513,0.18822381,0.18987557,0.19160092,0.19339028,0.19523396,0.19712245,0.19904612,0.20099542,0.20296067,0.20493229,0.20690075,0.2088564,0.21078971,0.21269096,0.21455066,0.2163592,0.21810694,0.21978435,0.2213818,0.2228896,0.22429833,0.22559825,0.22677985,0.22783351,0.22874963,0.2295186,0.23013087,0.23057681,0.23084679,0.2309313,0.23082066,0.23052153,0.23005246,0.22942182,0.22863795,0.22770928,0.22664405,0.22545066,0.22413753,0.22271296,0.22118534,0.21956295,0.21785426,0.21606755,0.21421118,0.21229352,0.21032296,0.20830779,0.20625643,0.20417723,0.20207854,0.19996865,0.19785602,0.19574893,0.19365577,0.1915849,0.18954472,0.18754347,0.18558961,0.18369152,0.18185742,0.18009575,0.17841491,0.17687798,0.17553619,0.1743799,0.17339951,0.17258549,0.17192817,0.17141797,0.17104535,0.17080066,0.17067431,0.17065671,0.17073828,0.17090942,0.17116052,0.17148194
0.17920525,0.17888519,0.17861605,0.1784058,0.17826252,0.17819421,0.17820896,0.17831475,0.1785196,0.17883164,0.17925881,0.1798092,0.18049082,0.18131167,0.18227986,0.18340336,0.18469025,0.18610965,0.18761908,0.18920924,0.19087084,0.19259457,0.19437109,0.19619103,0.19804516,0.19992419,0.20181867,0.20371938,0.205617,0.20750219,0.20936567,0.21119803,0.21299008,0.21473242,0.21641576,0.21803078,0.21956818,0.2210186,0.2223728,0.22362135,0.22475505,0.22576451,0.2266405,0.22737356,0.2279545,0.22837393,0.22862262,0.22869113,0.22857027,0.22826721,0.22780076,0.22717899,0.2264099,0.22550155,0.22446199,0.22329919,0.22202124,0.22063617,0.21915199,0.2175768,0.21591857,0.21418531,0.21238513,0.21052599,0.20861599,0.20666313,0.20467548,0.202661,0.2006278,0.19858389,0.19653736,0.1944961,0.19246823,0.1904618,0.18848486,0.18654542,0.1846515,0.18281108,0.18103233,0.17932318,0.17769173,0.1761996,0.17489688,0.17377429,0.1728225,0.17203215,0.171394,0.1708987,0.17053694,0.17029937,0.1701767,0.17015964,0.17023881,0.17040497,0.17064874,0.17096081
0.17893657,0.1786314,0.17837472,0.17817426,0.17803763,0.1779725,0.17798655,0.1780874,0.1782828,0.1785803,0.17898765,0.17951247,0.18016243,0.18094519,0.18186842,0.18293977,0.18416691,0.18552066,0.18696083,0.18847853,0.19006473,0.19171056,0.19340706,0.19514525,0.19691625,0.19871107,0.20052078,0.20233649,0.20414917,0.20595,0.2077299,0.20948002,0.2111914,0.21285509,0.21446218,0.21600369,0.2174707,0.21885428,0.22014545,0.22133532,0.22241493,0.2233753,0.2242076,0.22490276,0.22545189,0.22584607,0.22607632,0.22613376,0.22600941,0.2257107,0.22525625,0.22465365,0.2239106,0.22303478,0.2220338,0.22091527,0.219687,0.21835653,0.21693163,0.21541987,0.2138289,0.21216649,0.21044023,0.2086577,0.2068267,0.20495482,0.2030498,0.2011192,0.19917068,0.19721204,0.19525076,0.19329464,0.19135123,0.18942831,0.18753348,0.18567438,0.18385872,0.18209411,0.18038826,0.1787488,0.17718339,0.17575145,0.1745013,0.17342398,0.17251058,0.17175217,0.17113975,0.17066441,0.17031722,0.17008926,0.16997156,0.16995516,0.17003115,0.17019062,0.17042454,0.17072402
0.17866808,0.1783796,0.17813697,0.17794748,0.1778183,0.17775676,0.17777,0.17786539,0.17805004,0.17833133,0.17871635,0.17921247,0.17982686,0.1805668,0.18143952,0.18245225,0.18361224,0.18489209,0.18625383,0.18768908,0.18918931,0.19074607,0.19235083,0.1939952,0.19567062,0.19736859,0.19908075,0.20079857,0.20251358,0.20421724,0.20590109,0.20755672,0.20917568,0.21074937,0.21226937,0.21372724,0.21511443,0.2164225,0.21764301,0.21876748,0.2197873,0.22069418,0.22147952,0.2221349,0.22265181,0.22302182,0.22323643,0.2232871,0.22316545,0.22287877,0.22244477,0.22187078,0.22116399,0.22033171,0.21938111,0.21831946,0.21715401,0.21589199,0.21454065,0.21310721,0.21159896,0.21002308,0.20838685,0.20669754,0.20496237,0.20318854,0.20138332,0.19955403,0.19770773,0.19585183,0.19399354,0.19214006,0.19029863,0.18847653,0.186681,0.18491924,0.18319854,0.1815261,0.17990921,0.17835508,0.17687094,0.17551327,0.17432791,0.17330647,0.17244044,0.17172128,0.17114067,0.17068999,0.17036082,0.17014463,0.17003302,0.17001748,0.17008953,0.1702407,0.17046249,0.17074649
0.17839974,0.1781296,0.1779024,0.17772497,0.17760405,0.1775464,0.17755882,0.17764814,0.17782104,0.1780844,0.17844494,0.1789095,0.17948478,0.18017763,0.18099484,0.1819431,0.18302931,0.18422768,0.18550277,0.1868466,0.18825129,0.18970886,0.19121137,0.19275089,0.19431955,0.19590937,0.19751237,0.19912067,0.20072633,0.20232143,0.20389798,0.20544814,0.20696387,0.2084373,0.2098605,0.21122548,0.21252435,0.21374919,0.21489204,0.21594496,0.21690005,0.21774931,0.2184849,0.21909882,0.21958312,0.21992992,0.22013128,0.2201792,0.22006582,0.21979792,0.2193922,0.21885526,0.21819402,0.21741529,0.21652575,0.21553218,0.2144415,0.21326035,0.21199557,0.21065393,0.20924218,0.20776719,0.20623568,0.20465443,0.20303021,0.20136982,0.19968006,0.1979677,0.19623952,0.19450228,0.19276278,0.1910278,0.18930414,0.18759854,0.18591781,0.18426877,0.18265812,0.18109265,0.17957923,0.17812458,0.17673543,0.17546467,0.17435525,0.1733992,0.17258859,0.17191552,0.17137206,0.1709502,0.17064212,0.17043978,0.17033534,0.17032081,0.17038822,0.17052972,0.17073731,0.1710031
0.17813152,0.17788123,0.17767073,0.17750631,0.17739424,0.17734085,0.17735237,0.17743507,0.17759533,0.17783932,0.17817341,0.17860384,0.1791369,0.17977887,0.18053602,0.1814147,0.18242112,0.18353134,0.18471234,0.18595675,0.18725732,0.18860671,0.18999752,0.19142254,0.19287439,0.19434574,0.19582933,0.1973178,0.19880378,0.20028004,0.2017392,0.203174,0.20457703,0.20594099,0.20725866,0.20852262,0.20972557,0.21086021,0.21191916,0.21289518,0.21378088,0.21456902,0.2152522,0.21582316,0.21627453,0.21659902,0.21678929,0.21683803,0.21673791,0.21649495,0.21612422,0.21563204,0.21502465,0.21430835,0.21348937,0.21257406,0.21156871,0.21047959,0.2093129,0.2080751,0.20677227,0.20541085,0.20399706,0.2025372,0.20103754,0.19950433,0.19794393,0.19636257,0.19476652,0.19316214,0.19155566,0.18995336,0.18836153,0.18678643,0.18523441,0.18371168,0.1822246,0.18077938,0.17938234,0.17803974,0.17675792,0.17558539,0.17456175,0.1736796,0.17293172,0.17231068,0.17180923,0.17142001,0.17113572,0.17094906,0.17085268,0.17083926,0.17090145,0.17103204,0.17122357,0.17146884
0.17786345,0.17763427,0.17744157,0.17729104,0.17718843,0.17713952,0.17715009,0.1772258,0.1773725,0.17759594,0.17790179,0.17829587,0.1787839,0.17937165,0.18006487,0.18086931,0.18179072,0.1828069,0.18388727,0.18502526,0.18621421,0.1874474,0.18871827,0.19002016,0.1913464,0.19269037,0.19404542,0.19540489,0.19676214,0.19811054,0.19944346,0.20075418,0.20203614,0.20328264,0.20448707,0.20564276,0.2067431,0.20778139,0.20875102,0.20964533,0.21045776,0.21118154,0.21181007,0.21233672,0.21275485,0.21305779,0.21323892,0.21329157,0.21320911,0.21299651,0.21266687,0.21222605,0.21167974,0.2110337,0.21029371,0.20946555,0.20855491,0.20756751,0.20650922,0.20538573,0.20420277,0.20296612,0.20168157,0.20035475,0.19899157,0.19759767,0.19617884,0.19474088,0.19328941,0.19183034,0.19036931,0.18891212,0.18746458,0.18603234,0.18462119,0.18323685,0.18188517,0.18057182,0.17930259,0.17808317,0.17691942,0.17585512,0.17492598,0.17412525,0.17344636,0.17288266,0.17242748,0.17207423,0.17181617,0.17164671,0.17155923,0.17154704,0.17160353,0.17172205,0.17189594,0.17211848
0.17759544,0.17738855,0.17721456,0.17707866,0.17698605,0.17694189,0.17695142,0.17701979,0.17715226,0.17735393,0.17763008,0.17798586,0.17842647,0.17895713,0.17958295,0.18030925,0.18114115,0.18205816,0.1830323,0.18405776,0.18512855,0.18623877,0.18738252,0.18855387,0.1897469,0.19095571,0.19217439,0.19339702,0.19461766,0.19583042,0.19702937,0.19820862,0.1993622,0.20048428,0.20156887,0.20261005,0.20360199,0.20453872,0.2054143,0.20622282,0.20695838,0.2076151,0.20818704,0.20866826,0.20905286,0.20933494,0.20950855,0.20956783,0.2095068,0.20932914,0.20904583,0.20866217,0.20818326,0.20761432,0.20696053,0.20622714,0.20541924,0.20454215,0.20360097,0.20260097,0.20154722,0.20044506,0.19929959,0.19811603,0.1968996,0.19565545,0.1943888,0.19310483,0.19180873,0.1905057,0.18920098,0.1878997,0.18660706,0.18532829,0.18406858,0.18283306,0.18162699,0.18045558,0.17932396,0.17823736,0.17720097,0.17625353,0.17542635,0.17471355,0.17410919,0.17360736,0.17320216,0.17288767,0.17265795,0.17250714,0.17242922,0.17241839,0.17246868,0.17257416,0.17272891,0.1729271
0.17732756,0.17714387,0.17698939,0.17686875,0.17678648,0.17674732,0.17675576,0.17681646,0.17693406,0.17711313,0.17735827,0.17767416,0.17806534,0.17853646,0.17909208,0.1797369,0.18047543,0.18128896,0.18215218,0.18305993,0.18400714,0.18498859,0.18599917,0.18703376,0.18808715,0.18915428,0.19023,0.19130912,0.19238654,0.1934571,0.19451568,0.19555712,0.19657627,0.19756797,0.19852719,0.19944865,0.20032728,0.20115796,0.20193549,0.20265478,0.20331065,0.20389798,0.20441166,0.20484652,0.20519736,0.20545913,0.20562665,0.20569481,0.20565839,0.20551962,0.2052871,0.20496537,0.20455916,0.20407297,0.20351149,0.20287932,0.20218104,0.2014213,0.20060468,0.1997358,0.19881928,0.1978597,0.19686171,0.19582991,0.19476889,0.19368325,0.19257767,0.1914567,0.19032499,0.18918714,0.18804775,0.18691142,0.18578276,0.18466641,0.18356697,0.18248908,0.18143727,0.18041624,0.17943051,0.1784848,0.17758362,0.17676029,0.17604144,0.175422,0.17489679,0.17446066,0.17410852,0.17383525,0.17363559,0.17350452,0.17343682,0.1734274,0.17347112,0.1735628,0.17369731,0.1738695
0.17705972,0.17690003,0.17676573,0.17666084,0.17658933,0.17655523,0.1765626,0.17661542,0.17671761,0.17687331,0.17708646,0.17736106,0.17770118,0.17811073,0.17859384,0.17915443,0.17979655,0.18050313,0.18125157,0.18203753,0.18285665,0.18370463,0.18457715,0.18546987,0.18637848,0.18729864,0.18822603,0.18915626,0.19008504,0.19100809,0.19192103,0.1928195,0.19369926,0.19455594,0.19538517,0.19618262,0.19694406,0.19766507,0.19834135,0.19896856,0.19954236,0.20005846,0.2005125,0.20090017,0.20121711,0.20145904,0.2016216,0.20170045,0.20169127,0.20159453,0.20141631,0.20116055,0.20083131,0.20043258,0.19996835,0.19944265,0.1988595,0.19822289,0.19753686,0.19680536,0.19603245,0.19522208,0.1943784,0.19350521,0.19260669,0.19168678,0.19074951,0.18979885,0.18883882,0.18787348,0.18690681,0.1859428,0.18498543,0.18403882,0.18310688,0.18219362,0.18130313,0.18043935,0.17960629,0.17880799,0.17804843,0.17735504,0.17674968,0.17622805,0.17578574,0.17541848,0.17512196,0.17489177,0.17472363,0.17461327,0.17455627,0.17454834,0.1745851,0.17466232,0.1747756,0.17492062
0.17679192,0.1766568,0.17654319,0.17645442,0.17639397,0.17636509,0.17637134,0.176416,0.17650248,0.17663424,0.17681457,0.1770469,0.17733467,0.17768124,0.17808996,0.17856428,0.17910759,0.17970453,0.18033522,0.18099613,0.18168378,0.1823947,0.18312542,0.1838724,0.18463221,0.18540126,0.18617617,0.1869534,0.18772945,0.18850085,0.18926412,0.19001575,0.19075228,0.19147015,0.19216597,0.1928362,0.19347736,0.19408591,0.19465843,0.19519138,0.19568135,0.19612475,0.19651814,0.19685803,0.19714095,0.19736335,0.1975218,0.19761278,0.19763283,0.19758062,0.19745941,0.19727267,0.1970237,0.19671595,0.1963528,0.19593762,0.19547386,0.19496483,0.19441397,0.19382472,0.19320033,0.19254433,0.19186005,0.19115093,0.19042028,0.18967155,0.18890816,0.18813342,0.18735081,0.18656364,0.18577531,0.18498929,0.18420893,0.18343759,0.18267867,0.18193558,0.18121178,0.18051052,0.1798353,0.17918947,0.17857645,0.17801757,0.17752962,0.17710918,0.17675269,0.17645663,0.17621765,0.17603214,0.17589664,0.17580764,0.17576171,0.17575534,0.17578499,0.17584719,0.17593852,0.17605542
0.17652422,0.17641407,0.17632148,0.1762491,0.17619981,0.17617631,0.17618139,0.17621781,0.17628828,0.17639562,0.17654261,0.17673205,0.17696658,0.177249,0.17758216,0.17796879,0.17841157,0.17889701,0.17940785,0.17994148,0.18049529,0.18106662,0.18165284,0.18225135,0.1828595,0.18347469,0.1840942,0.18471551,0.18533592,0.18595284,0.18656363,0.18716563,0.18775626,0.18833286,0.18889277,0.18943343,0.18995216,0.19044635,0.19091338,0.19135061,0.19175537,0.1921251,0.19245712,0.19274883,0.19299759,0.19320077,0.19335572,0.19345987,0.19351049,0.1935045,0.1934423,0.19332664,0.19316027,0.19294599,0.19268656,0.19238475,0.1920433,0.19166502,0.19125259,0.19080889,0.19033654,0.18983844,0.18931729,0.18877588,0.18821694,0.18764327,0.18705758,0.18646276,0.18586141,0.18525638,0.18465045,0.18404639,0.18344688,0.18285477,0.18227279,0.18170375,0.18115032,0.18061538,0.18010157,0.1796118,0.17914867,0.1787275,0.17835975,0.17804289,0.1777742,0.1775511,0.17737095,0.17723116,0.17712905,0.177062,0.17702736,0.17702255,0.17704485,0.17709179,0.17716058,0.17724872
0.1762565,0.1761716,0.1761002,0.17604442,0.17600642,0.17598832,0.17599219,0.17602026,0.17607462,0.17615739,0.1762707,0.17641671,0.17659752,0.17681527,0.1770721,0.17737015,0.17771152,0.17808434,0.17847419,0.17887928,0.17929783,0.17972815,0.1801684,0.18061684,0.18107179,0.18153138,0.18199395,0.18245766,0.18292077,0.18338157,0.18383823,0.18428905,0.18473223,0.18516605,0.18558873,0.18599848,0.18639362,0.18677232,0.18713284,0.18747343,0.18779236,0.18808779,0.18835804,0.18860133,0.18881586,0.18899992,0.18915173,0.18926956,0.18935159,0.18939282,0.18939067,0.18934733,0.18926491,0.18914558,0.18899138,0.18880455,0.18858714,0.1883413,0.18806922,0.18777299,0.18745466,0.1871165,0.18676056,0.18638898,0.18600392,0.18560748,0.1852018,0.18478902,0.18437128,0.18395068,0.18352936,0.1831095,0.18269317,0.18228252,0.18187968,0.18148682,0.181106,0.18073943,0.18038914,0.18005738,0.17974618,0.17946447,0.17921853,0.17900662,0.17882691,0.17867771,0.17855723,0.17846373,0.1783954,0.17835057,0.17832743,0.1783242,0.17833912,0.17837055,0.17841654,0.17847544
0.17598878,0.17592916,0.17587902,0.17583987,0.17581318,0.17580046,0.17580321,0.17582293,0.17586108,0.17591918,0.17599875,0.17610128,0.17622824,0.17638113,0.17656147,0.17677075,0.17701043,0.17727044,0.17753895,0.17781514,0.17809814,0.17838706,0.17868097,0.178979,0.17928027,0.17958395,0.17988908,0.18019475,0.18050022,0.18080442,0.1811066,0.1814058,0.18170121,0.18199186,0.18227693,0.18255553,0.1828267,0.18308961,0.18334341,0.18358718,0.18382002,0.18404105,0.18424943,0.18444422,0.18462454,0.18478952,0.18493828,0.18506995,0.1851836,0.18527223,0.18533045,0.18535972,0.18536158,0.18533747,0.18528897,0.18521747,0.18512455,0.18501166,0.18488033,0.18473202,0.18456826,0.18439052,0.1842003,0.18399908,0.18378846,0.18356982,0.18334468,0.18311456,0.18288097,0.18264534,0.18240924,0.18217415,0.18194151,0.1817129,0.1814898,0.18127364,0.18106598,0.18086825,0.18068205,0.1805088,0.18035002,0.18020827,0.18008451,0.17997785,0.17988744,0.17981233,0.17975172,0.17970465,0.17967029,0.17964774,0.17963608,0.17963447,0.17964199,0.17965776,0.17968091,0.17971055
0.17572108,0.1756866,0.17565766,0.17563504,0.17561959,0.17561224,0.17561385,0.17562522,0.17564727,0.17568088,0.1757268,0.17578606,0.1758594,0.17594777,0.17605194,0.17617287,0.17631136,0.17645901,0.17660688,0.17675485,0.17690293,0.17705117,0.17719945,0.1773479,0.17749633,0.17764483,0.17779335,0.17794189,0.17809042,0.17823893,0.17838742,0.17853579,0.17868418,0.17883241,0.17898057,0.17912859,0.17927648,0.17942421,0.17957176,0.17971909,0.17986625,0.18001316,0.1801598,0.18030624,0.18045238,0.18059824,0.18074377,0.18088897,0.18103383,0.18116944,0.18128747,0.18138878,0.18147421,0.18154466,0.181601,0.18164411,0.1816748,0.18169391,0.18170242,0.18170111,0.18169089,0.18167254,0.18164703,0.18161514,0.18157783,0.18153587,0.18149017,0.18144159,0.18139102,0.18133926,0.18128721,0.18123575,0.18118574,0.18113801,0.18109345,0.18105295,0.18101737,0.18098752,0.18096429,0.18094859,0.1809412,0.1809385,0.18093611,0.18093409,0.18093233,0.18093088,0.18092974,0.18092886,0.1809282,0.18092772,0.18092754,0.1809275,0.18092765,0.18092793,0.1809284,0.18092895
0.17545332,0.17544377,0.17543568,0.17542937,0.17542511,0.17542309,0.17542352,0.17542666,0.17543283,0.17544213,0.1754549,0.17547138,0.17549175,0.17551629,0.17554525,0.17557886,0.17561737,0.17565405,0.17568263,0.17570399,0.17571889,0.17572826,0.17573285,0.17573357,0.1757312,0.17572658,0.17572056,0.17571402,0.17570776,0.1757026,0.17569937,0.17569897,0.17570217,0.17570983,0.1757228,0.17574191,0.175768,0.17580193,0.17584445,0.1758965,0.17595884,0.17603233,0.17611785,0.17621623,0.17632823,0.17645471,0.17659661,0.17675465,0.17692974,0.17711107,0.17728752,0.17745931,0.17762671,0.17778996,0.17794926,0.17810488,0.17825706,0.17840604,0.17855205,0.17869535,0.17883614,0.17897469,0.17911123,0.17924607,0.17937931,0.17951131,0.17964223,0.17977244,0.17990199,0.18003127,0.18016045,0.18028982,0.18041958,0.18054995,0.18068123,0.18081363,0.18094736,0.1810827,0.18121992,0.18135917,0.1815008,0.18163486,0.18175189,0.18185276,0.18193826,0.1820093,0.18206662,0.1821111,0.18214361,0.18216495,0.18217596,0.1821775,0.1821704,0.18215549,0.18213353,0.18210556
0.17518553,0.17520034,0.17521282,0.17522255,0.17522919,0.17523235,0.17523165,0.17522678,0.17521729,0.17520283,0.17518304,0.17515755,0.17512596,0.17508796,0.1750431,0.17499104,0.17493144,0.17485929,0.17477101,0.17466831,0.17455278,0.17442612,0.17429003,0.17414618,0.17399615,0.17384171,0.17368448,0.17352615,0.17336835,0.17321281,0.17306113,0.17291506,0.17277618,0.1726462,0.17252678,0.1724196,0.17232636,0.17224863,0.17218815,0.17214662,0.17212562,0.17212687,0.17215207,0.17220283,0.17228083,0.17238776,0.17252524,0.172695,0.1728987,0.1731238,0.17335647,0.17359637,0.17384306,0.17409621,0.17435543,0.17462038,0.17489061,0.17516585,0.17544566,0.17572974,0.17601761,0.176309,0.17660344,0.17690063,0.1772002,0.17750171,0.17780486,0.17810924,0.17841452,0.17872027,0.17902614,0.17933175,0.17963676,0.17994078,0.18024346,0.18054436,0.18084319,0.18113951,0.18143295,0.18172318,0.18200985,0.18227705,0.18251033,0.18271138,0.18288182,0.18302335,0.18313763,0.1832263,0.18329108,0.18333365,0.1833556,0.18335867,0.1833445,0.18331474,0.18327107,0.1832152
0.17491765,0.17495623,0.17498867,0.175014,0.17503126,0.17503953,0.17503776,0.17502499,0.1750003,0.17496271,0.17491125,0.17484489,0.17476274,0.17466378,0.1745471,0.1744117,0.17425661,0.1740786,0.17387672,0.17365342,0.17341122,0.17315257,0.17287996,0.17259577,0.17230253,0.17200273,0.17169884,0.17139328,0.17108853,0.17078708,0.17049141,0.17020395,0.16992721,0.1696636,0.16941564,0.16918577,0.16897647,0.16879025,0.16862953,0.16849673,0.16839445,0.16832504,0.16829102,0.16829483,0.16833897,0.16842589,0.16855809,0.16873801,0.16896811,0.1692343,0.16952018,0.1698248,0.17014714,0.17048627,0.17084125,0.17121105,0.17159472,0.17199132,0.17239986,0.17281939,0.1732489,0.17368747,0.17413409,0.17458783,0.17504768,0.17551269,0.17598192,0.17645437,0.17692907,0.1774051,0.17788143,0.17835708,0.17883119,0.17930265,0.17977059,0.18023401,0.18069191,0.18114337,0.18158744,0.1820231,0.18244939,0.18284474,0.18318993,0.18348739,0.18373957,0.18394901,0.1841181,0.18424933,0.18434519,0.18440813,0.18444063,0.18444516,0.18442418,0.18438014,0.18431558,0.18423288
0.17464972,0.17471123,0.17476295,0.17480333,0.17483088,0.174844,0.17484117,0.17482083,0.17478147,0.17472151,0.17463945,0.17453368,0.17440276,0.17424504,0.17405903,0.17384318,0.17359592,0.17331578,0.17300443,0.17266507,0.17230102,0.17191538,0.17151147,0.17109247,0.17066164,0.1702222,0.16977736,0.16933039,0.16888452,0.1684429,0.16800885,0.16758555,0.16717623,0.16678415,0.16641255,0.1660646,0.16574356,0.16545266,0.16519512,0.16497417,0.16479307,0.16465499,0.16456322,0.16452096,0.16453142,0.1645979,0.16472356,0.16491163,0.16516535,0.1654692,0.16580442,0.16616951,0.16656291,0.16698305,0.16742839,0.16789742,0.16838859,0.1689003,0.16943106,0.16997936,0.17054357,0.17112221,0.1717137,0.17231648,0.17292908,0.17354989,0.17417741,0.17481005,0.17544633,0.17608464,0.17672345,0.17736126,0.17799649,0.1786276,0.17925307,0.17987129,0.18048081,0.18108,0.18166737,0.18224138,0.18280046,0.18331763,0.18376915,0.18415827,0.18448819,0.1847621,0.18498333,0.18515499,0.1852804,0.18536271,0.18540522,0.18541117,0.1853837,0.18532611,0.18524162,0.18513346
0.17438173,0.17446513,0.17453526,0.17459005,0.17462738,0.17464516,0.17464133,0.17461379,0.1745604,0.1744791,0.17436777,0.17422435,0.17404671,0.17383285,0.17358053,0.17328775,0.1729524,0.17257471,0.1721589,0.17170896,0.17122878,0.17072232,0.17019352,0.16964637,0.16908471,0.16851257,0.16793385,0.1673525,0.16677247,0.16619772,0.16563214,0.1650797,0.16454434,0.16403,0.16354062,0.16308016,0.16265252,0.16226168,0.16191159,0.16160618,0.16134934,0.16114509,0.16099732,0.16090998,0.16088702,0.16093239,0.16105002,0.16124386,0.16151783,0.16185519,0.1622351,0.16265549,0.16311431,0.16360937,0.16413864,0.16470002,0.16529143,0.1659107,0.16655585,0.1672247,0.1679152,0.16862524,0.1693527,0.17009555,0.17085165,0.17161891,0.17239523,0.17317857,0.17396672,0.17475773,0.17554946,0.17633973,0.17712653,0.17790776,0.17868131,0.17944507,0.18019697,0.18093494,0.18165684,0.18236059,0.18304408,0.1836754,0.18422656,0.18470152,0.18510422,0.1854386,0.1857086,0.18591815,0.18607122,0.18617171,0.18622366,0.18623087,0.18619736,0.18612705,0.18602392,0.18589187
0.17411357,0.17421775,0.17430528,0.17437369,0.1744203,0.17444254,0.17443772,0.17440332,0.17433664,0.17423515,0.17409617,0.17391711,0.17369536,0.17342828,0.17311327,0.17274775,0.17232908,0.17185917,0.17134486,0.1707907,0.17020129,0.1695812,0.1689351,0.16826753,0.1675831,0.1668864,0.16618201,0.16547461,0.16476871,0.164069,0.16337995,0.16270626,0.16205245,0.16142322,0.16082305,0.16025661,0.15972853,0.15924332,0.15880561,0.15842003,0.15809108,0.15782352,0.15762182,0.15749063,0.15743452,0.1574581,0.15756597,0.1577627,0.15805295,0.15841888,0.15883802,0.15930767,0.15982522,0.1603881,0.16099368,0.16163935,0.16232246,0.16304047,0.16379064,0.16457051,0.16537738,0.16620864,0.16706169,0.16793388,0.16882263,0.16972534,0.17063938,0.1715621,0.17249097,0.17342329,0.1743565,0.17528798,0.17621504,0.17713521,0.17804572,0.17894408,0.17982762,0.18069373,0.18153977,0.1823632,0.18316133,0.18389767,0.1845406,0.18509461,0.18556431,0.18595432,0.18626924,0.18651369,0.18669221,0.18680947,0.18686996,0.18687841,0.18683933,0.18675736,0.18663704,0.18648304
0.17384534,0.17396884,0.17407267,0.17415382,0.17420909,0.17423543,0.17422976,0.17418894,0.17410988,0.17398949,0.17382468,0.17361236,0.17334932,0.17303258,0.17265901,0.17222553,0.17172897,0.17117308,0.17056704,0.16991602,0.16922522,0.16849986,0.16774507,0.16696607,0.16616805,0.16535619,0.16453567,0.16371174,0.16288951,0.1620742,0.16127098,0.16048507,0.15972161,0.15898587,0.15828298,0.15761814,0.15699649,0.15642332,0.15590374,0.15544295,0.15504618,0.15471855,0.15446533,0.15429163,0.1542027,0.15420367,0.15429977,0.15449618,0.15479809,0.15518701,0.15563901,0.15615089,0.15671964,0.15734214,0.15801524,0.1587359,0.15950099,0.16030739,0.16115205,0.16203184,0.16294366,0.16388443,0.16485102,0.16584034,0.1668493,0.16787481,0.16891372,0.16996302,0.17101951,0.17208013,0.17314179,0.17420141,0.17525585,0.17630199,0.1773368,0.17835712,0.1793599,0.18034199,0.18130031,0.18223177,0.18313326,0.18396425,0.18468976,0.18531497,0.18584502,0.18628518,0.18664056,0.18691644,0.1871179,0.18725021,0.1873185,0.18732803,0.18728392,0.18719141,0.18705565,0.18688183
0.17357692,0.17371829,0.1738371,0.17392991,0.1739932,0.17402335,0.17401688,0.17397013,0.17387968,0.1737419,0.17355329,0.1733103,0.17300934,0.17264688,0.17221941,0.17172335,0.17115514,0.17052023,0.16983013,0.16909055,0.16830732,0.167486,0.16663235,0.16575207,0.1648509,0.16393444,0.16300857,0.16207883,0.161151,0.16023082,0.1593239,0.158436,0.15757287,0.15674014,0.15594354,0.15518878,0.1544816,0.15382765,0.15323265,0.15270232,0.15224233,0.15185846,0.15155634,0.15134178,0.15122032,0.1511978,0.15127988,0.15147227,0.15178065,0.15218623,0.15266389,0.15321018,0.15382148,0.15449429,0.15522502,0.15601018,0.15684617,0.15772943,0.15865651,0.15962379,0.16062768,0.16166471,0.16273129,0.16382387,0.16493897,0.16607296,0.1672223,0.1683835,0.16955297,0.17072716,0.17190254,0.17307556,0.17424266,0.17540026,0.1765449,0.17767301,0.17878099,0.17986529,0.18092242,0.18194883,0.18294089,0.18385476,0.18465258,0.18534009,0.18592303,0.18640704,0.18679786,0.18710123,0.1873228,0.18746828,0.18754342,0.18755388,0.18750541,0.18740363,0.18725432,0.18706319
0.17330839,0.1734658,0.1735982,0.1737016,0.17377208,0.17380567,0.17379844,0.17374639,0.17364563,0.17349216,0.17328206,0.17301136,0.17267609,0.17227235,0.17179614,0.17124353,0.17061058,0.1699044,0.16913885,0.16832009,0.16745424,0.16654746,0.16560587,0.16463563,0.16364288,0.16263375,0.16161439,0.16059092,0.1595695,0.15855628,0.15755738,0.15657896,0.15562715,0.15470807,0.1538279,0.15299277,0.1522088,0.15148214,0.15081896,0.15022534,0.1497075,0.14927149,0.14892353,0.14866972,0.14851621,0.14846915,0.14853467,0.14871891,0.14902802,0.1494431,0.14993852,0.15051037,0.15115467,0.15186745,0.15264478,0.15348269,0.15437728,0.15532455,0.15632056,0.15736134,0.15844297,0.15956149,0.16071293,0.16189335,0.16309883,0.16432534,0.165569,0.16682585,0.1680919,0.1693632,0.17063585,0.17190585,0.17316926,0.17442213,0.17566052,0.17688048,0.17807803,0.17924923,0.18039013,0.1814968,0.18256526,0.18354882,0.1844075,0.1851475,0.18577488,0.18629584,0.18671648,0.18704295,0.18728141,0.18743803,0.18751888,0.18753013,0.18747793,0.18736842,0.18720773,0.18700202
0.17305629,0.17322797,0.17337233,0.17348506,0.17356196,0.1735986,0.1735907,0.17353396,0.17342405,0.1732567,0.17302755,0.17273234,0.17236672,0.17192641,0.1714071,0.17080446,0.1701142,0.16934508,0.168513,0.16762453,0.16668619,0.16570446,0.16468582,0.16363683,0.16256398,0.16147372,0.16037269,0.15926729,0.15816407,0.15706947,0.15599014,0.15493247,0.15390298,0.1529082,0.15195465,0.15104885,0.15019728,0.14940645,0.14868288,0.14803305,0.14746346,0.14698067,0.14659116,0.14630145,0.14611804,0.14604743,0.14609616,0.1462707,0.14657758,0.14699805,0.1475061,0.14809752,0.14876795,0.14951307,0.15032856,0.15121017,0.15215354,0.15315436,0.15420836,0.1553112,0.15645859,0.15764609,0.1588696,0.1601247,0.16140711,0.16271248,0.16403653,0.16537495,0.16672345,0.16807768,0.16943334,0.17078613,0.17213173,0.17346582,0.17478414,0.17608234,0.17735611,0.17860115,0.17981316,0.18098782,0.18212081,0.18316321,0.18407324,0.18485746,0.18552239,0.18607451,0.18652034,0.18686634,0.1871191,0.18728502,0.18737073,0.18738268,0.18732738,0.18721126,0.18704098,0.18682297
0.17283617,0.17302029,0.17317516,0.17329608,0.17337848,0.17341779,0.17340933,0.17334847,0.17323057,0.1730511,0.1728054,0.17248878,0.17209665,0.1716244,0.17106749,0.17042114,0.16968086,0.16885674,0.16796659,0.16701727,0.16601564,0.16496845,0.16388258,0.16276479,0.161622,0.16046101,0.1592886,0.15811169,0.15693702,0.15577148,0.15462185,0.153495,0.15239769,0.15133688,0.15031926,0.14935175,0.14844112,0.14759423,0.14681795,0.14611903,0.1455043,0.14498065,0.14455493,0.14423387,0.14402434,0.14393318,0.14396723,0.14413328,0.14443822,0.14486334,0.14538246,0.14599095,0.14668424,0.14745758,0.14830643,0.14922614,0.15021208,0.1512597,0.1523643,0.15352127,0.15472603,0.15597391,0.15726031,0.15858063,0.15993017,0.1613044,0.16269863,0.16410829,0.16552874,0.1669553,0.16838348,0.16980855,0.17122588,0.1726309,0.17401904,0.17538552,0.17672583,0.17803536,0.17930946,0.18054347,0.18173279,0.18282652,0.1837814,0.18460429,0.18530199,0.18588127,0.1863491,0.18671215,0.18697733,0.18715148,0.18724138,0.1872539,0.18719585,0.1870741,0.18689539,0.18666664
0.17264651,0.17284134,0.17300521,0.1731332,0.17322043,0.17326201,0.17325303,0.17318864,0.17306389,0.17287399,0.1726139,0.17227885,0.17186393,0.17136419,0.17077476,0.17009081,0.16930743,0.16843592,0.16749574,0.16649403,0.16543782,0.1643342,0.16319034,0.16201335,0.16081029,0.1595883,0.15835445,0.15711586,0.15587962,0.15465291,0.15344273,0.15225627,0.15110058,0.14998277,0.14890997,0.14788924,0.14692779,0.14603262,0.14521088,0.14446965,0.14381605,0.14325719,0.14280017,0.1424521,0.1422201,0.14211124,0.14213262,0.14229141,0.14259464,0.14302383,0.14355247,0.14417574,0.14488862,0.14568628,0.14656384,0.14751641,0.14853907,0.149627,0.15077521,0.15197885,0.15323305,0.15453291,0.1558735,0.15724999,0.15865745,0.16009097,0.16154571,0.16301674,0.1644992,0.16598819,0.16747877,0.16896613,0.17044532,0.17191146,0.17335966,0.17478503,0.17618273,0.1775478,0.17887536,0.18016052,0.18139842,0.1825364,0.18352994,0.18438616,0.18511207,0.18571478,0.18620153,0.1865793,0.18685518,0.1870364,0.18712993,0.18714297,0.18708256,0.18695588,0.18676995,0.18653193
0.17248572,0.17268963,0.17286116,0.1729951,0.17308637,0.1731299,0.17312051,0.17305313,0.17292257,0.17272377,0.17245157,0.17210089,0.17166659,0.17114356,0.17052665,0.16981077,0.16899079,0.16807915,0.16709654,0.16605037,0.16494787,0.16379647,0.1626035,0.16137625,0.16012208,0.15884835,0.15756239,0.15627153,0.15498313,0.1537045,0.15244302,0.15120597,0.15000075,0.14883468,0.14771506,0.1466493,0.14564468,0.14470856,0.14384831,0.14307122,0.14238463,0.14179593,0.14131242,0.14094147,0.14069036,0.14056647,0.14057717,0.14072974,0.14103155,0.14146419,0.14200094,0.14263663,0.14336619,0.14418449,0.14508642,0.14606684,0.14712065,0.14824267,0.1494279,0.15067111,0.15196724,0.15331109,0.15469769,0.15612179,0.15757833,0.15906218,0.16056818,0.16209127,0.1636263,0.16516817,0.16671176,0.16825189,0.16978349,0.17130147,0.17280066,0.17427598,0.17572224,0.17713441,0.17850731,0.17983587,0.18111493,0.18229046,0.18331675,0.18420118,0.18495104,0.18557367,0.18607642,0.18646663,0.18675166,0.1869388,0.18703547,0.18704888,0.18698652,0.1868556,0.18666358,0.18641773
0.17235216,0.17256367,0.17274149,0.17288043,0.1729751,0.17302023,0.17301048,0.17294058,0.17280519,0.17259906,0.1723168,0.17195311,0.17150272,0.1709603,0.17032062,0.16957822,0.1687279,0.1677829,0.1667651,0.16568193,0.16454108,0.16334994,0.1621162,0.16084722,0.1595506,0.15823394,0.15690473,0.15557048,0.15423873,0.15291703,0.15161291,0.15033391,0.14908753,0.14788136,0.1467229,0.14561968,0.14457925,0.14360918,0.14271691,0.14191002,0.14119612,0.14058259,0.14007707,0.13968709,0.13942015,0.1392838,0.13928564,0.13943304,0.13973366,0.14016916,0.14071257,0.14135864,0.14210203,0.14293748,0.14385962,0.14486319,0.14594282,0.14709327,0.14830914,0.14958525,0.15091616,0.15229663,0.15372138,0.15518503,0.15668231,0.15820791,0.1597565,0.16132282,0.16290149,0.16448727,0.16607478,0.16765878,0.16923398,0.17079495,0.17233647,0.17385319,0.17533989,0.17679115,0.17820174,0.17956628,0.18087953,0.18208623,0.18313971,0.18404754,0.1848173,0.18545642,0.18597256,0.18637307,0.18666565,0.18685777,0.18695696,0.1869708,0.18690674,0.18677238,0.18657525,0.18632287
0.17224434,0.17246191,0.17264488,0.17278783,0.17288521,0.17293164,0.17292167,0.17284971,0.17271042,0.17249833,0.17220795,0.1718338,0.17137043,0.17081237,0.17015424,0.16939043,0.16851561,0.16754368,0.16649742,0.16538446,0.16421261,0.16298942,0.16172272,0.16042006,0.15908918,0.15773782,0.1563737,0.15500435,0.15363763,0.15228115,0.15094262,0.14962973,0.14835016,0.14711162,0.14592177,0.14478834,0.14371896,0.14272143,0.14180335,0.1409724,0.14023636,0.13960285,0.13907957,0.13867423,0.1383945,0.1382481,0.13824269,0.13838597,0.13868567,0.13912344,0.1396723,0.14032671,0.14108132,0.14193057,0.14286906,0.14389126,0.14499177,0.14616509,0.14740582,0.14870842,0.15006745,0.15147749,0.15293302,0.1544286,0.15595882,0.1575181,0.15910111,0.16070229,0.16231622,0.16393746,0.16556054,0.16717991,0.1687902,0.17038596,0.1719617,0.1735119,0.17503113,0.17651397,0.17795497,0.17934859,0.18068944,0.1819213,0.18299678,0.18392356,0.18470933,0.18536182,0.18588866,0.18629757,0.18659621,0.18679233,0.18689361,0.18690772,0.18684237,0.18670517,0.18650393,0.18624626
0.17216067,0.17238297,0.17256992,0.17271596,0.17281549,0.1728629,0.17285267,0.1727792,0.1726369,0.17242019,0.17212345,0.17174117,0.17126773,0.17069757,0.17002508,0.16924469,0.16835085,0.16735798,0.16628966,0.16515362,0.16395764,0.16270956,0.16141726,0.1600885,0.15873106,0.15735278,0.1559615,0.15456499,0.15317109,0.15178761,0.15042238,0.14908318,0.14777783,0.14651418,0.14529997,0.14414304,0.1430513,0.14203241,0.14109427,0.14024471,0.13949147,0.13884243,0.13830532,0.13788812,0.13759845,0.13744423,0.13743323,0.1375733,0.13787225,0.1383118,0.13886485,0.13952579,0.14028907,0.14114903,0.1421002,0.14313693,0.1442536,0.14544472,0.14670467,0.14802788,0.14940871,0.15084168,0.15232114,0.15384153,0.15539725,0.15698276,0.15859242,0.1602207,0.16186203,0.16351075,0.16516134,0.16680822,0.16844581,0.17006852,0.17167075,0.17324692,0.1747915,0.17629889,0.17776343,0.17917964,0.1805419,0.18179329,0.18288581,0.1838273,0.18462554,0.18528832,0.18582354,0.18623894,0.18654232,0.18674156,0.18684442,0.18685876,0.18679234,0.18665302,0.18644857,0.18618686
0.17209953,0.17232531,0.17251514,0.17266345,0.17276452,0.17281272,0.17280228,0.17272767,0.17258318,0.17236307,0.17206174,0.17167354,0.17119274,0.17061369,0.16993074,0.16913825,0.1682305,0.16722241,0.16613792,0.16498496,0.1637714,0.16250518,0.1611942,0.15984632,0.15846948,0.15707153,0.15566044,0.1542441,0.15283035,0.15142716,0.15004238,0.14868397,0.14735979,0.14607775,0.14484577,0.14367178,0.14256358,0.14152916,0.14057638,0.13971315,0.1389474,0.13828698,0.13773985,0.1373139,0.13701701,0.13685706,0.136842,0.13697974,0.13727812,0.13771899,0.1382751,0.13894078,0.1397104,0.14057821,0.14153862,0.1425859,0.14371446,0.14491856,0.14619254,0.1475308,0.1489276,0.15037732,0.15187421,0.15341271,0.15498708,0.15659167,0.15822086,0.15986896,0.1615302,0.16319907,0.1648698,0.16653675,0.16819428,0.16983663,0.17145826,0.17305341,0.17461646,0.17614175,0.17762354,0.17905624,0.18043415,0.1816998,0.18280478,0.18375696,0.18456434,0.18523468,0.18577598,0.18619609,0.18650296,0.18670446,0.1868085,0.186823,0.18675585,0.18661492,0.18640812,0.18614344
0.1720594,0.1722874,0.17247918,0.172629,0.17273112,0.17277975,0.17276926,0.17269385,0.1725479,0.17232558,0.17202123,0.17162912,0.17114347,0.1705586,0.16986883,0.16906834,0.16815145,0.16713333,0.1660383,0.16487423,0.16364913,0.162371,0.16104771,0.15968731,0.15829767,0.15688685,0.15546277,0.15403332,0.15260658,0.15119044,0.14979288,0.14842184,0.14708528,0.14579123,0.14454754,0.14336227,0.14224334,0.14119866,0.14023629,0.1393641,0.13859013,0.13792226,0.13736852,0.13693686,0.13663517,0.13647151,0.13645378,0.13658993,0.13688798,0.1373297,0.13788785,0.13855664,0.13933039,0.14020339,0.14116983,0.14222409,0.14336042,0.14457303,0.14585626,0.14720437,0.14861165,0.15007237,0.15158074,0.15313111,0.15471776,0.15633489,0.15797688,0.15963793,0.16131237,0.16299438,0.16467835,0.16635847,0.16802905,0.16968437,0.17131872,0.17292635,0.17450152,0.17603858,0.17753172,0.17897521,0.1803634,0.18163842,0.18275157,0.18371083,0.1845241,0.18519944,0.18574475,0.18616796,0.18647712,0.18668011,0.18678494,0.18679953,0.18673186,0.18658988,0.18638158,0.1861149
0.17203867,0.17226785,0.17246065,0.17261119,0.1727138,0.1727627,0.17275217,0.17267641,0.17252967,0.17230624,0.17200033,0.17160617,0.17111805,0.1705302,0.16983682,0.16903226,0.16811067,0.16708739,0.16598685,0.16481702,0.163586,0.16230167,0.1609721,0.15960519,0.15820898,0.1567915,0.15536067,0.15392452,0.15249105,0.15106821,0.14966403,0.14828648,0.14694357,0.14564328,0.14439358,0.14320245,0.14207797,0.14102802,0.1400607,0.13918388,0.13840564,0.13773394,0.13717681,0.13674214,0.13643806,0.13627243,0.13625331,0.1363887,0.13668655,0.13712871,0.13768788,0.1383583,0.1391342,0.14000984,0.14097945,0.14203729,0.1431776,0.14439462,0.14568262,0.14703585,0.14844854,0.1499149,0.1514292,0.15298572,0.15457869,0.15620232,0.1578509,0.15951864,0.16119985,0.16288869,0.1645795,0.16626643,0.16794376,0.16960576,0.17124669,0.17286073,0.1744422,0.17598528,0.17748424,0.17893337,0.18032685,0.1816067,0.18272407,0.18368699,0.1845034,0.18518123,0.18572861,0.18615347,0.18646377,0.18666755,0.18677275,0.18678741,0.18671948,0.18657698,0.18636788,0.18610018
0.17203578,0.17226516,0.17245804,0.17260873,0.17271142,0.17276035,0.1727498,0.17267396,0.17252713,0.17230353,0.1719974,0.17160296,0.1711145,0.17052624,0.1698324,0.16902722,0.16810498,0.16708095,0.16597967,0.16480908,0.1635772,0.16229205,0.16096157,0.15959376,0.15819664,0.15677823,0.15534645,0.1539094,0.15247495,0.15105122,0.14964612,0.14826763,0.14692383,0.14562266,0.1443721,0.14318024,0.14205495,0.14100426,0.14003621,0.1391588,0.13837998,0.13770773,0.13715011,0.13671507,0.1364106,0.1362447,0.13622542,0.13636068,0.13665849,0.13710073,0.13766001,0.13833067,0.13910687,0.13998291,0.14095296,0.14201127,0.14315213,0.1443698,0.14565845,0.14701241,0.1484258,0.14989297,0.15140814,0.15296547,0.15455933,0.15618385,0.15783337,0.15950207,0.16118419,0.16287401,0.16456573,0.16625361,0.16793188,0.16959484,0.17123665,0.1728516,0.17443395,0.17597787,0.17747766,0.17892756,0.18032177,0.1816023,0.18272027,0.18368366,0.18450047,0.18517873,0.18572637,0.18615143,0.18646191,0.18666576,0.18677106,0.18678573,0.18671776,0.18657519,0.18636599,0.18609816
0.17204916,0.17227778,0.17247003,0.17262019,0.17272255,0.17277133,0.1727608,0.17268527,0.17253888,0.17231606,0.1720109,0.17161779,0.1711309,0.17054458,0.16985303,0.16905053,0.16813132,0.16711068,0.16601287,0.16484599,0.16361795,0.16233678,0.16101038,0.15964676,0.15825391,0.15683976,0.15541233,0.1539796,0.15254955,0.15113011,0.14972925,0.148355,0.14701533,0.14571817,0.14447154,0.14328337,0.14216168,0.14111441,0.1401496,0.13927516,0.13849905,0.13782932,0.1372739,0.13684075,0.13653785,0.13637324,0.13635483,0.13649058,0.13678853,0.1372305,0.13778913,0.13845873,0.13923353,0.14010783,0.14107588,0.14213188,0.14327016,0.14448498,0.14577055,0.14712119,0.14853112,0.14999458,0.15150592,0.15305933,0.15464911,0.15626946,0.1579147,0.15957907,0.1612568,0.16294222,0.16462953,0.16631304,0.16798694,0.1696456,0.17128316,0.17289396,0.17447224,0.17601225,0.17750826,0.17895457,0.18034536,0.18162279,0.18273799,0.18369904,0.1845139,0.18519045,0.1857368,0.18616082,0.18647054,0.1866739,0.18677893,0.18679354,0.18672572,0.18658352,0.18637483,0.18610765
0.17207725,0.17230423,0.17249516,0.1726443,0.17274594,0.17279439,0.17278394,0.17270891,0.17256358,0.17234227,0.17203923,0.17164886,0.17116538,0.1705831,0.16989636,0.16909939,0.16818659,0.16717291,0.16608258,0.16492344,0.16370349,0.16243064,0.16111282,0.15975796,0.15837403,0.15696894,0.15555063,0.154127,0.15270603,0.15129565,0.14990374,0.14853834,0.14720732,0.14591858,0.14468011,0.1434998,0.14238566,0.14134556,0.14038743,0.13951924,0.13874894,0.1380844,0.13753358,0.13710445,0.13680486,0.13664286,0.13662633,0.13676317,0.13706137,0.13750271,0.13805996,0.1387274,0.13949926,0.14036998,0.14133374,0.14238489,0.14351778,0.1447266,0.14600573,0.14734948,0.14875205,0.15020788,0.15171118,0.1532563,0.15483747,0.15644905,0.15808532,0.15974058,0.16140918,0.16308536,0.16476344,0.1664377,0.16810247,0.16975208,0.17138073,0.17298284,0.17455263,0.17608441,0.17757252,0.17901123,0.18039486,0.18166567,0.18277524,0.18373135,0.18454197,0.1852151,0.18575862,0.18618047,0.18648861,0.18669093,0.18679543,0.18680999,0.18674251,0.18660101,0.1863934,0.1861276
0.17211841,0.17234309,0.17253207,0.17267968,0.17278028,0.17282824,0.17281789,0.17274359,0.17259978,0.1723807,0.17208083,0.17169443,0.17121592,0.17063963,0.16995989,0.16917111,0.16826768,0.1672643,0.16618483,0.16503707,0.16382895,0.16256838,0.16126312,0.15992112,0.15855029,0.15715843,0.15575346,0.15434326,0.15293564,0.15153855,0.1501598,0.14880735,0.14748898,0.14621261,0.14498614,0.1438174,0.14271428,0.14168467,0.1407364,0.1398774,0.13911551,0.13845862,0.13791461,0.13749133,0.13719669,0.13703851,0.1370247,0.13716316,0.1374617,0.13790217,0.13845734,0.13912156,0.13988918,0.14075464,0.14171214,0.14275618,0.14388105,0.14508115,0.14635079,0.14768443,0.14907625,0.15052079,0.15201233,0.15354522,0.15511386,0.15671253,0.15833569,0.15997763,0.16163275,0.16329537,0.1649599,0.16662063,0.16827196,0.16990829,0.17152391,0.17311321,0.17467058,0.1761903,0.17766677,0.17909437,0.18046744,0.18172869,0.18282983,0.18377872,0.18458323,0.18525127,0.18579066,0.18620932,0.18651512,0.18671593,0.18681961,0.18683408,0.1867671,0.1866267,0.18642063,0.18615685
0.17217118,0.17239286,0.17257932,0.17272496,0.17282422,0.17287153,0.17286132,0.17278801,0.17264609,0.17242998,0.17213406,0.1717528,0.17128061,0.17071196,0.17004128,0.16926298,0.16837148,0.1673813,0.1663157,0.16518256,0.16398963,0.16274467,0.16145556,0.16013007,0.15877596,0.15740106,0.15601316,0.15462008,0.1532296,0.15184952,0.15048763,0.1491517,0.1478496,0.14658906,0.14537792,0.14422397,0.143135,0.1421188,0.14118317,0.14033592,0.13958485,0.13893777,0.13840245,0.13798666,0.13769826,0.13754502,0.13753474,0.13767521,0.13797423,0.1384136,0.13896611,0.13962625,0.14038841,0.14124705,0.1421966,0.1432315,0.14434616,0.14553505,0.14679258,0.1481132,0.14949133,0.15092139,0.15239787,0.15391514,0.15546766,0.15704988,0.1586562,0.1602811,0.16191898,0.16356425,0.16521138,0.16685481,0.168489,0.17010833,0.17170721,0.17328013,0.17482154,0.17632584,0.17778747,0.17920083,0.18056041,0.18180935,0.18289974,0.18383938,0.18463603,0.18529753,0.18583167,0.1862463,0.1865491,0.18674794,0.18685059,0.1868649,0.18679862,0.18665957,0.18645552,0.18619427
