0.01010385,0.009346029,0.008708694,0.008210881,0.0078716,0.0077098906,0.0077447714,0.007995262,0.008480403,0.009219194,0.0102306865,0.0115338955,0.013147834,0.015091548,0.017384052,0.020044362,0.023091517,0.026255473,0.029264232,0.032133847,0.03488037,0.037519854,0.04006835,0.04254192,0.04495664,0.047328535,0.04967367,0.05200808,0.054347865,0.05670906,0.059107702,0.061559875,0.06408162,0.066689,0.06939803,0.072224826,0.07518541,0.078295864,0.08157222,0.08503055,0.088686906,0.09255728,0.096657805,0.101004526,0.105613485,0.110500716,0.11568231,0.12117434,0.1269928,0.13278008,0.13818052,0.14321318,0.147897,0.1522511,0.15629447,0.16004607,0.16352503,0.16675028,0.16974092,0.17251591,0.17509434,0.1774952,0.17973751,0.1818403,0.1838226,0.18570349,0.18750186,0.18923686,0.19092748,0.19259268,0.19425155,0.19592315,0.19762643,0.19938044,0.20120421,0.20311676,0.20513712,0.2072843,0.20957734,0.21203525,0.21467714,0.21724868,0.21949375,0.22142847,0.22306879,0.22443083,0.22553065,0.22638425,0.22700778,0.22741717,0.22762856,0.227658,0.22752152,0.22723521,0.22681506,0.22627723
0.008318592,0.0075703273,0.00694103,0.0064494954,0.006114494,0.005954827,0.00598926,0.006236598,0.0067156088,0.007445095,0.008443822,0.009730593,0.01132418,0.013243373,0.015506953,0.018133707,0.021142423,0.024261957,0.02721975,0.030032588,0.03271713,0.035290156,0.037768394,0.04016855,0.04250735,0.04480156,0.04706786,0.04932303,0.05158378,0.053866837,0.056188937,0.05856678,0.06101711,0.06355666,0.0662022,0.06897043,0.07187803,0.07494179,0.07817839,0.08160463,0.085237205,0.08909284,0.09318824,0.09754018,0.102165334,0.1070805,0.11230233,0.117847666,0.12373313,0.12959698,0.1350789,0.1401977,0.14497201,0.14942078,0.15356268,0.15741661,0.16100125,0.16433541,0.1674379,0.17032754,0.17302303,0.17554316,0.1779068,0.1801327,0.18223959,0.18424632,0.18617159,0.18803428,0.18985316,0.19164696,0.19343452,0.19523458,0.19706598,0.1989475,0.20089784,0.20293589,0.20508033,0.20735003,0.20976374,0.21234028,0.21509838,0.21777788,0.2201172,0.22213311,0.22384231,0.22526154,0.2264075,0.22729695,0.22794662,0.22837321,0.22859347,0.22862417,0.22848196,0.22818363,0.22774588,0.22718541
0.0068171723,0.006076947,0.0054544127,0.004968155,0.004636755,0.0044788066,0.0045128716,0.0047575505,0.0052314214,0.0059530614,0.0069410624,0.008214006,0.0097904755,0.011689041,0.013928302,0.016526833,0.01950324,0.022585377,0.025500339,0.028265392,0.030897835,0.033414967,0.0358341,0.038172506,0.040447507,0.042676374,0.044876404,0.0470649,0.049259186,0.05147652,0.053734224,0.056049548,0.05843987,0.06092239,0.06351451,0.06623342,0.06909649,0.07212097,0.075324215,0.078723446,0.08233603,0.08617923,0.09027031,0.09462663,0.09926546,0.104204066,0.10945979,0.115049906,0.120991714,0.12692001,0.13247044,0.1376616,0.14251211,0.14704047,0.15126531,0.15520522,0.15887876,0.16230454,0.1655011,0.16848709,0.17128101,0.17390154,0.17636722,0.17869654,0.18090826,0.18302077,0.18505284,0.18702294,0.18894969,0.19085164,0.1927474,0.19465554,0.19659472,0.19858336,0.20064017,0.20278375,0.20503257,0.20740527,0.20992053,0.21259676,0.21545264,0.21822295,0.22064154,0.2227257,0.22449288,0.22596015,0.22714493,0.22806457,0.2287362,0.22917725,0.22940499,0.22943674,0.22928968,0.22898126,0.22852863,0.2279492
0.005644435,0.004910483,0.0042932276,0.003811095,0.0034825085,0.0033258917,0.0033596754,0.003602272,0.004072124,0.00478765,0.0057672597,0.0070294067,0.008592503,0.010474966,0.01269524,0.015271726,0.018222872,0.021275833,0.024157315,0.02688506,0.029476797,0.031950284,0.03432325,0.036613423,0.038838558,0.041016378,0.043164667,0.045301102,0.047443457,0.04960944,0.051816832,0.054083373,0.05642678,0.05886479,0.061415125,0.064095564,0.06692384,0.06991766,0.07309481,0.07647297,0.080069914,0.08390343,0.08799114,0.092350885,0.09700037,0.10195733,0.10723948,0.11286459,0.118850425,0.124828994,0.130433,0.13568072,0.14059067,0.14518122,0.14947082,0.15347794,0.15722089,0.16071822,0.16398828,0.16704951,0.16992037,0.17261925,0.17516458,0.17757481,0.17986834,0.18206356,0.184179,0.18623298,0.18824397,0.1902304,0.19221069,0.19420324,0.19622652,0.19829899,0.20043892,0.20266487,0.20499527,0.20744848,0.21004292,0.21279708,0.21572936,0.21857055,0.22105107,0.22318864,0.22500099,0.22650583,0.22772096,0.2286641,0.22935297,0.2298053,0.23003888,0.2300714,0.22992058,0.22960429,0.22914007,0.22854584
0.0048451703,0.0041154996,0.0035018418,0.0030225227,0.0026958538,0.002540145,0.0025737341,0.0028149234,0.0032820292,0.003993381,0.0049672807,0.006222075,0.0077760443,0.0096475445,0.011854859,0.014416338,0.017350264,0.02038332,0.023242002,0.025944315,0.028508324,0.030952046,0.033293545,0.03555086,0.037742015,0.039885078,0.04199806,0.044099003,0.046205975,0.048336998,0.050510116,0.052743364,0.055054788,0.057462454,0.059984367,0.062638596,0.06544311,0.068416044,0.07157538,0.0749392,0.078525506,0.08235239,0.08643784,0.09079989,0.09545663,0.100426085,0.10572627,0.11137526,0.117391065,0.12340396,0.1290444,0.13433069,0.13928114,0.14391409,0.14824784,0.1523007,0.15609102,0.15963711,0.16295728,0.16606979,0.16899309,0.17174533,0.17434499,0.17681032,0.17915961,0.1814112,0.18358344,0.1856946,0.18776304,0.18980701,0.19184487,0.193895,0.19597565,0.19810513,0.20030178,0.20258394,0.20496984,0.20747788,0.2101264,0.21293361,0.21591794,0.21880747,0.22133018,0.22350411,0.22534728,0.22687775,0.22811355,0.22907269,0.22977331,0.23023334,0.23047088,0.23050396,0.23035061,0.23002887,0.22955683,0.22895245
0.0044642165,0.0037365844,0.003124645,0.0026466688,0.0023209006,0.0021656472,0.0021991273,0.0024396405,0.002905446,0.0036148,0.0045859907,0.005837268,0.007386904,0.009253161,0.011454305,0.014008617,0.016934354,0.019957934,0.02280573,0.025495932,0.028046707,0.030476259,0.03280277,0.03504441,0.037219357,0.039345838,0.04144201,0.04352605,0.04561615,0.047730513,0.04988728,0.052104674,0.05440087,0.056794036,0.059302393,0.061944116,0.064737365,0.06770033,0.07085119,0.074208155,0.0777894,0.08161309,0.085697465,0.09006067,0.09472084,0.099696256,0.105005,0.11066539,0.11669546,0.12272473,0.12838252,0.13368721,0.138657,0.14331016,0.14766492,0.15173963,0.15555248,0.15912178,0.16246584,0.16560283,0.16855106,0.17132884,0.17395435,0.17644593,0.1788218,0.18110025,0.18329956,0.185438,0.18753378,0.18960524,0.19167057,0.19374807,0.19585606,0.19801272,0.20023641,0.20254532,0.20495768,0.20749192,0.21016614,0.2129987,0.21600783,0.21892041,0.22146322,0.22365446,0.22551233,0.227055,0.22830065,0.22926746,0.22997363,0.23043734,0.23067679,0.23071013,0.23055553,0.23023127,0.22975545,0.22914626
0.0045463787,0.003818308,0.0032060044,0.0027277377,0.0024017747,0.002246418,0.0022799224,0.0025205808,0.0029866705,0.0036964482,0.0046682283,0.0059202677,0.0074708303,0.009338219,0.011540708,0.0140965665,0.017024055,0.020049693,0.022899823,0.025592636,0.028146269,0.030578895,0.032908607,0.03515363,0.03733209,0.039462145,0.041561928,0.04364964,0.045743372,0.047861315,0.050021615,0.052242443,0.05454192,0.056938216,0.059449494,0.06209388,0.06488959,0.06785469,0.07100737,0.07436584,0.07794817,0.081772536,0.08585715,0.0902201,0.09487954,0.09985365,0.10516058,0.11081849,0.11684551,0.12287122,0.12852529,0.13382597,0.13879159,0.1434404,0.14779063,0.15186062,0.15566863,0.15923291,0.1625718,0.16570354,0.16864641,0.17141865,0.17403859,0.17652452,0.17889467,0.18116733,0.1833608,0.18549332,0.18758321,0.18964873,0.19170816,0.19377978,0.19588183,0.19803266,0.20025049,0.20255363,0.20496033,0.2074889,0.21015757,0.21298468,0.21598844,0.21889606,0.22143453,0.22362204,0.22547673,0.2270168,0.2282603,0.22922544,0.22993043,0.23039335,0.23063236,0.23066565,0.23051132,0.23018761,0.2297126,0.22910443
0.005136489,0.0044052526,0.00379029,0.0033099484,0.00298258,0.0028265435,0.0028601987,0.0031018946,0.0035700072,0.004282875,0.005258863,0.0065163374,0.008073632,0.0099491365,0.012161168,0.0147281075,0.017668314,0.02070863,0.02357562,0.026287206,0.028861316,0.03131588,0.03366885,0.035938147,0.03814169,0.04029742,0.042423274,0.04453714,0.04665702,0.04880078,0.050986405,0.05323179,0.05555486,0.057973582,0.060505856,0.063169636,0.06598282,0.06896336,0.072129205,0.075498216,0.079088435,0.08291772,0.08700397,0.09136522,0.0960193,0.10098421,0.10627779,0.11191809,0.117922984,0.123923376,0.12955053,0.13482277,0.13975842,0.14437592,0.14869358,0.1527298,0.15650284,0.16003112,0.16333306,0.16642691,0.16933104,0.17206387,0.17464374,0.17708896,0.17941792,0.18164897,0.1838005,0.18589082,0.18793832,0.18996133,0.19197825,0.19400735,0.1960671,0.19817577,0.20035174,0.20261344,0.20497912,0.20746718,0.21009599,0.21288387,0.2158492,0.21872117,0.2212285,0.22338912,0.22522105,0.2267422,0.22797045,0.2289238,0.22962007,0.23007731,0.23031344,0.23034626,0.23019388,0.22987409,0.22940493,0.22880426
0.0062793596,0.0055420045,0.0049218927,0.004437534,0.004107425,0.003950079,0.00398402,0.004227737,0.004699763,0.0054186042,0.0064027635,0.0076707527,0.009241087,0.011132268,0.01336282,0.015951253,0.018916056,0.021984823,0.024884429,0.027632376,0.030246155,0.03274326,0.03514122,0.037457515,0.039709643,0.04191511,0.04409139,0.04625602,0.048426498,0.05062028,0.052854914,0.055147868,0.057516664,0.059978794,0.062551744,0.065253004,0.06810011,0.07111055,0.07430182,0.077691376,0.08129682,0.08513552,0.08922508,0.09358297,0.09822668,0.10317371,0.108441554,0.114047736,0.12000971,0.1259611,0.1315361,0.13675317,0.14163092,0.14618783,0.15044236,0.15441306,0.15811847,0.16157705,0.16480735,0.16782783,0.17065704,0.17331348,0.17581569,0.17818213,0.18043135,0.18258184,0.1846521,0.18666068,0.18862604,0.19056676,0.19250126,0.19444813,0.19642584,0.19845292,0.20054789,0.20272924,0.20501547,0.20742512,0.20997663,0.21268864,0.21557955,0.21838237,0.22082937,0.22293803,0.22472587,0.2262104,0.22740911,0.22833951,0.22901903,0.22946526,0.22969566,0.22972776,0.22957903,0.22926699,0.22880906,0.22822282
0.008019796,0.0072731376,0.006645185,0.006154703,0.0058204215,0.0056610815,0.0056954483,0.005942259,0.006420253,0.007148166,0.008144774,0.009428782,0.011018963,0.012934055,0.015192796,0.017813932,0.020816222,0.0239283,0.02687758,0.029680898,0.032355078,0.03491699,0.037383456,0.039771315,0.042097434,0.044378635,0.046631753,0.048873655,0.051121183,0.05339117,0.05570043,0.05806584,0.060504243,0.063032456,0.06566736,0.06842572,0.07132448,0.07438042,0.07761041,0.081031255,0.08465986,0.08851302,0.092607565,0.09696035,0.10158825,0.10650808,0.111736655,0.11729087,0.12318757,0.12906428,0.13455981,0.13969298,0.14448251,0.14894708,0.15310554,0.15697652,0.16057888,0.16393128,0.16705249,0.16996127,0.17267635,0.17521651,0.17760044,0.1798469,0.18197465,0.18400244,0.18594898,0.18783303,0.18967335,0.19148871,0.19329777,0.1951194,0.19697219,0.19887501,0.20084657,0.20290558,0.20507081,0.20736103,0.20979494,0.2123913,0.21516888,0.21786645,0.22022155,0.22225106,0.2239718,0.22540058,0.22655427,0.22744969,0.22810374,0.22853325,0.22875501,0.22878586,0.22864269,0.22834235,0.22790165,0.22733743
0.010402646,0.009643213,0.009004532,0.008505672,0.008165673,0.00800362,0.00803858,0.008289599,0.008775755,0.00951612,0.010529746,0.011835703,0.013453055,0.015400866,0.017698213,0.020364137,0.023417726,0.026589118,0.029606415,0.03248553,0.035242416,0.03789302,0.04045329,0.042939153,0.045366563,0.04775144,0.050109766,0.052457474,0.05481048,0.057184745,0.059596214,0.0620608,0.06459449,0.06721322,0.06993292,0.072769515,0.075738974,0.07885722,0.08214023,0.085603885,0.08926422,0.093137115,0.09723849,0.101584345,0.10619057,0.11107316,0.11624802,0.12173109,0.12753835,0.13331282,0.13869964,0.14371787,0.14838655,0.15272482,0.15675163,0.16048616,0.16394739,0.1671544,0.17012632,0.17288218,0.17544097,0.17782189,0.1800439,0.18212612,0.18408756,0.18594733,0.18772452,0.18943812,0.19110727,0.19275099,0.1943883,0.19603837,0.19772021,0.19945292,0.20125549,0.20314705,0.20514666,0.20727332,0.20954615,0.21198425,0.21460663,0.2171601,0.21938941,0.22131053,0.22293936,0.22429182,0.2253839,0.22623153,0.2268506,0.22725715,0.22746707,0.22749628,0.22736076,0.22707644,0.2266593,0.22612524
0.013472708,0.012696846,0.012044331,0.011534663,0.011187315,0.011021764,0.011057467,0.011313917,0.0118106045,0.012566986,0.013602559,0.014936781,0.01658914,0.01857911,0.020926181,0.023649823,0.026769508,0.030017318,0.033122227,0.036099017,0.038962457,0.04172735,0.044408463,0.047020584,0.04957849,0.052096985,0.05459085,0.057074845,0.059563767,0.06207241,0.06461553,0.067207955,0.06986444,0.07259975,0.07542866,0.07836605,0.081426606,0.08462517,0.08797647,0.0914953,0.095196486,0.09909479,0.10320499,0.10754186,0.112120196,0.116954796,0.122060426,0.12745187,0.1331439,0.13878666,0.14403339,0.1489035,0.15341659,0.157592,0.16144931,0.16500793,0.16828738,0.17130712,0.17408669,0.17664549,0.17900297,0.18117869,0.18319209,0.18506266,0.18680987,0.18845323,0.19001211,0.19150612,0.19295467,0.19437729,0.19579335,0.19722241,0.19868396,0.20019743,0.20178233,0.2034581,0.20524429,0.2071603,0.20922565,0.2114598,0.21388222,0.21625008,0.21831733,0.22009875,0.22160916,0.22286329,0.22387597,0.22466199,0.22523604,0.22561303,0.2258077,0.2258348,0.22570914,0.2254455,0.22505865,0.22456343
0.017274797,0.016478568,0.015808951,0.015285904,0.014929434,0.014759537,0.014796183,0.015059374,0.015569078,0.016345311,0.017408049,0.018777285,0.020473009,0.022515194,0.02492385,0.027718952,0.030920494,0.03426295,0.03747638,0.040574115,0.043569524,0.04647594,0.049306717,0.052075204,0.054794744,0.057478704,0.060140386,0.062793195,0.06545044,0.06812547,0.070831686,0.07358238,0.0763909,0.07927064,0.08223488,0.08529704,0.0884704,0.091768384,0.09520427,0.09879144,0.102543265,0.106473036,0.11059415,0.11491993,0.11946373,0.124238886,0.12925877,0.13453671,0.14008608,0.14556572,0.15063894,0.15532567,0.15964596,0.16361974,0.16726708,0.17060794,0.17366223,0.17645004,0.17899133,0.1813061,0.18341428,0.1853359,0.18709096,0.18869944,0.19018129,0.19155656,0.19284521,0.19406721,0.19524258,0.1963913,0.1975334,0.19868879,0.19987746,0.20111951,0.20243481,0.20384337,0.20536524,0.20702034,0.2088287,0.21081027,0.2129851,0.21512304,0.21698959,0.21859804,0.21996176,0.22109415,0.22200851,0.2227182,0.22323652,0.22357693,0.22375265,0.22377713,0.22366369,0.22342563,0.22307634,0.2226292
0.021853736,0.021033,0.020342752,0.019803606,0.019436162,0.019261027,0.019298796,0.019570101,0.020095503,0.020895638,0.021991106,0.0234025,0.025150431,0.027255498,0.02973832,0.032619495,0.03591962,0.03937606,0.042720165,0.04596358,0.04911791,0.052194778,0.055205796,0.0581626,0.061076805,0.06396,0.06682384,0.06967994,0.07253991,0.07541536,0.07831793,0.08125924,0.08425091,0.087304525,0.09043176,0.09364418,0.09695343,0.100371145,0.10390892,0.10757837,0.11139113,0.115358844,0.11949306,0.12380548,0.12830769,0.13301127,0.1379279,0.14306915,0.1484467,0.15372987,0.15859409,0.16305996,0.16714814,0.1708791,0.17427358,0.17735213,0.18013528,0.18264377,0.18489814,0.18691896,0.18872689,0.19034252,0.19178641,0.19307925,0.19424157,0.19529402,0.19625713,0.19715163,0.19799799,0.19881693,0.19962898,0.20045474,0.20131491,0.20222996,0.20322056,0.20430736,0.20551088,0.20685178,0.20835064,0.21002804,0.21190467,0.21376574,0.21539053,0.21679066,0.21797782,0.21896352,0.21975946,0.22037725,0.22082844,0.22112474,0.22127773,0.22129905,0.22120027,0.22099306,0.22068901,0.22029977
0.027254358,0.026404694,0.025690135,0.025131987,0.024751604,0.024570288,0.024609402,0.024890244,0.025434166,0.026262488,0.027396552,0.028857674,0.030667193,0.032846436,0.035416737,0.03839942,0.041815817,0.045406677,0.04890494,0.052320164,0.05566193,0.058939833,0.062163454,0.06534235,0.06848611,0.071604334,0.07470661,0.07780247,0.08090155,0.084013365,0.08714757,0.09031368,0.09352134,0.096780084,0.10009949,0.103489175,0.1069587,0.110517606,0.11417555,0.11794205,0.12182674,0.12583914,0.1299889,0.13428552,0.13873863,0.14335781,0.14815265,0.15313269,0.15830755,0.16335903,0.16797681,0.1721822,0.17599654,0.17944114,0.18253736,0.1853065,0.18776993,0.18994892,0.19186486,0.19353902,0.19499284,0.19624752,0.19732447,0.19824497,0.19903041,0.19970208,0.20028135,0.20078945,0.20124787,0.20167778,0.20210057,0.20253764,0.20301023,0.20353968,0.20414737,0.20485461,0.20568267,0.20665297,0.2077868,0.2091055,0.21063036,0.21216488,0.21350454,0.21465902,0.21563783,0.2164506,0.21710685,0.21761623,0.21798827,0.21823259,0.21835871,0.21837628,0.21829484,0.21812397,0.21787329,0.21755233
0.033521444,0.032638237,0.031895455,0.03131527,0.030919852,0.030731387,0.03077204,0.031063972,0.03162938,0.032490417,0.033669267,0.035188094,0.037069082,0.039334394,0.042006202,0.04510669,0.048658017,0.052404884,0.056082003,0.059696604,0.0632559,0.066767074,0.07023738,0.07367402,0.07708422,0.080475174,0.083854094,0.0872282,0.090604715,0.09399086,0.097393826,0.10082086,0.10427914,0.1077759,0.11131834,0.114913724,0.118569195,0.12229203,0.12608938,0.12996852,0.13393664,0.13800094,0.14216866,0.14644697,0.15084319,0.1553644,0.1600179,0.16481087,0.16975054,0.17453314,0.17886491,0.18276799,0.1862646,0.18937686,0.19212699,0.19453709,0.19662943,0.19842611,0.19994934,0.2012213,0.20226412,0.20309995,0.20375109,0.20423958,0.20458764,0.20481744,0.20495118,0.20501101,0.20501912,0.20499761,0.20496878,0.2049547,0.20497756,0.20505956,0.20522285,0.20548959,0.20588204,0.20642227,0.2071325,0.20803489,0.20915163,0.21030715,0.21131597,0.21218532,0.21292242,0.21353444,0.21402866,0.21441221,0.21469238,0.21487635,0.21497135,0.2149846,0.21492325,0.21479458,0.21460582,0.21436414
0.040699862,0.03977821,0.039003104,0.038397666,0.03798504,0.037788376,0.037830792,0.038135435,0.038725443,0.039623965,0.04085411,0.042439044,0.044401884,0.046765774,0.04955386,0.05278927,0.05649515,0.0604207,0.064302705,0.06814567,0.0719541,0.07573251,0.07948539,0.08321725,0.086932585,0.09063591,0.094331734,0.09802455,0.10171887,0.1054192,0.10913004,0.11285589,0.11660125,0.120370656,0.124168575,0.12799953,0.13186802,0.13577855,0.13973564,0.14374377,0.14780743,0.1519312,0.15611951,0.16037689,0.16470784,0.16911687,0.17360848,0.17818716,0.18285745,0.1873321,0.19133626,0.19489312,0.19802578,0.20075737,0.20311105,0.20510997,0.20677724,0.208136,0.20920943,0.2100206,0.21059269,0.21094884,0.21111217,0.21110581,0.21095294,0.21067664,0.21030007,0.2098464,0.20933874,0.20880023,0.20825401,0.20772322,0.20723096,0.20680043,0.20645474,0.206217,0.20611039,0.20615803,0.20638305,0.2068086,0.20745783,0.2081793,0.20880915,0.20935196,0.20981216,0.21019427,0.21050283,0.21074232,0.21091725,0.21103211,0.21109141,0.21109968,0.21106139,0.21098107,0.2108632,0.21071228
0.048354708,0.04738917,0.04657715,0.045942888,0.045510616,0.04530458,0.045349024,0.045668174,0.046286285,0.04722757,0.0485163,0.050176695,0.052233003,0.05470945,0.057630293,0.061019767,0.064902104,0.06903106,0.073145255,0.077246204,0.08133547,0.08541453,0.08948494,0.093548216,0.09760589,0.1016595,0.10571056,0.10976061,0.11381118,0.11786376,0.12191992,0.12598115,0.13004902,0.13412504,0.13821071,0.1423076,0.14641722,0.1505411,0.15468074,0.1588377,0.1630135,0.16720966,0.17142773,0.17566916,0.17993557,0.1842285,0.18854937,0.19289976,0.19728126,0.20142424,0.20507436,0.20825589,0.21099302,0.21330999,0.21523103,0.21678041,0.2179824,0.21886115,0.21944097,0.21974608,0.21980067,0.21962906,0.21925549,0.21870412,0.21799923,0.21716511,0.2162259,0.21520591,0.21412939,0.21302052,0.2119036,0.21080282,0.20974244,0.2087467,0.20783982,0.20704606,0.20638967,0.20589487,0.20558593,0.20548701,0.20562245,0.20586708,0.20608063,0.20626467,0.20642072,0.20655032,0.20665492,0.20673612,0.20679545,0.20683439,0.20685449,0.2068573,0.20684429,0.20681708,0.20677711,0.20672594
0.056020487,0.055005588,0.05415205,0.053485367,0.053030994,0.052814424,0.05286114,0.053196605,0.053846307,0.05483573,0.056190345,0.057935636,0.060097072,0.06270013,0.06577032,0.069333084,0.073413916,0.07777062,0.08214297,0.086529315,0.09092807,0.09533764,0.09975631,0.10418254,0.10861473,0.11305121,0.1174904,0.12193066,0.12637037,0.13080792,0.13524173,0.13967013,0.14409152,0.14850429,0.15290679,0.15729749,0.16167468,0.16603675,0.17038219,0.1747092,0.17901637,0.18330193,0.18756431,0.19180189,0.19601306,0.2001962,0.20434971,0.20847192,0.2125613,0.21636613,0.21965297,0.22244713,0.22477421,0.22665967,0.22812898,0.2292076,0.22992107,0.23029476,0.23035426,0.230125,0.22963245,0.2289021,0.22795941,0.22682992,0.22553903,0.22411229,0.22257511,0.22095302,0.21927147,0.21755591,0.21583192,0.21412487,0.21246032,0.21086371,0.2093605,0.20797618,0.20673627,0.20566621,0.20479147,0.20413756,0.20372994,0.20347095,0.20324482,0.20304994,0.20288475,0.20274755,0.20263676,0.20255083,0.20248805,0.20244679,0.2024255,0.20242251,0.2024363,0.20246512,0.20250744,0.20256163
0.06369607,0.06262689,0.06172771,0.06102536,0.0605467,0.06031854,0.06036775,0.060721163,0.061405618,0.062447954,0.06387501,0.06571364,0.06799069,0.07073296,0.07396734,0.07772066,0.08201973,0.08662602,0.09127978,0.095976114,0.1007101,0.105476834,0.1102714,0.11508888,0.119924374,0.12477296,0.12962973,0.13448976,0.13934816,0.14420003,0.14904043,0.15386446,0.1586672,0.16344377,0.16818923,0.17289864,0.17756714,0.1821898,0.18676169,0.19127797,0.19573364,0.20012382,0.20444359,0.20868808,0.21285236,0.21693148,0.2209206,0.2248147,0.22860898,0.23206985,0.23498495,0.23738112,0.2392852,0.24072403,0.24172442,0.24231328,0.24251743,0.24236366,0.24187885,0.24108985,0.24002348,0.23870659,0.23716603,0.23542865,0.23352125,0.2314707,0.22930382,0.22704753,0.22472855,0.22237381,0.22001012,0.21766432,0.21536328,0.21313377,0.2110027,0.2089969,0.2071432,0.20546842,0.20399946,0.20276307,0.20178619,0.20099953,0.20031275,0.19972093,0.19921915,0.19880255,0.19846608,0.19820495,0.19801426,0.19788899,0.19782433,0.19781533,0.19785705,0.19794466,0.19807313,0.19823772
0.07138032,0.070252515,0.06930404,0.06856318,0.06805826,0.06781761,0.06786951,0.068242304,0.06896428,0.07006378,0.071569085,0.07350853,0.07591041,0.078803085,0.082214795,0.08617391,0.0907087,0.095583886,0.10053967,0.105567716,0.110659696,0.11580726,0.12100208,0.12623578,0.13150011,0.13678664,0.14208707,0.14739305,0.15269628,0.15798838,0.16326103,0.16850585,0.17371456,0.17887881,0.18399025,0.18904051,0.19402131,0.1989243,0.20374109,0.2084634,0.21308288,0.2175912,0.22197996,0.22624087,0.2303656,0.23434576,0.2381731,0.2418392,0.24533577,0.24844751,0.2509835,0.2529722,0.2544417,0.25542054,0.25593692,0.25601912,0.25569555,0.25499445,0.25394413,0.25257292,0.2509092,0.24898122,0.2468173,0.24444571,0.24189481,0.23919293,0.23636837,0.23344938,0.23046435,0.22744158,0.22440939,0.22139609,0.21842991,0.21553929,0.21275243,0.21009779,0.2076035,0.20529798,0.20320953,0.20136648,0.19979711,0.19846158,0.19729559,0.1962908,0.19543892,0.19473156,0.19416039,0.19371705,0.19339323,0.1931806,0.19307081,0.19305551,0.19312643,0.19327511,0.1934933,0.19377261
0.07907213,0.07788192,0.07688094,0.076099105,0.07556624,0.07531227,0.07536705,0.07576047,0.07652238,0.077682726,0.079271324,0.08131808,0.08385287,0.086905584,0.09050611,0.094684266,0.09947001,0.10463085,0.10990656,0.115285225,0.12075498,0.12630393,0.1319202,0.13759196,0.14330724,0.14905418,0.15482093,0.16059567,0.16636638,0.17212127,0.17784841,0.18353601,0.18917207,0.19474481,0.20024228,0.20565262,0.21096398,0.21616441,0.22124211,0.22618514,0.23098166,0.23561977,0.2400876,0.24437323,0.24846482,0.25235045,0.2560183,0.25945646,0.26265305,0.26541114,0.26756167,0.26913455,0.27015963,0.27066678,0.2706859,0.2702469,0.26937956,0.26811382,0.2664796,0.26450676,0.26222515,0.25966465,0.2568552,0.2538266,0.25060874,0.24723151,0.24372482,0.24011855,0.23644257,0.23272671,0.22900093,0.22529499,0.22163895,0.21806253,0.21459572,0.21126828,0.20811023,0.20515132,0.20242152,0.19995065,0.19776864,0.19586574,0.19420442,0.1927728,0.19155902,0.1905511,0.18973726,0.18910562,0.18864425,0.18834126,0.18818487,0.1881631,0.18826409,0.18847592,0.18878682,0.18918486
0.08677033,0.0855145,0.08445835,0.0836334,0.083071165,0.082803175,0.082860984,0.08327609,0.08408003,0.085304335,0.086980514,0.08914012,0.091814645,0.09503568,0.09883466,0.10324317,0.10829277,0.113753565,0.11936442,0.12510976,0.13097411,0.13694194,0.14299771,0.14912592,0.15531105,0.16153754,0.16778992,0.17405263,0.18031016,0.18654701,0.19274764,0.19889656,0.20497821,0.2109771,0.21687762,0.22266437,0.22832178,0.23383434,0.23918645,0.24436268,0.24934754,0.25412548,0.25868088,0.26299828,0.26706216,0.27085704,0.27436736,0.2775776,0.28047225,0.2828729,0.2846325,0.28578258,0.2863547,0.28638026,0.28589097,0.28491828,0.2834936,0.2816486,0.2794148,0.27682364,0.2739068,0.27069563,0.26722172,0.26351666,0.2596119,0.255539,0.25132945,0.24701488,0.24262668,0.23819654,0.2337558,0.22933611,0.22496895,0.22068593,0.21651842,0.21249807,0.2086564,0.20502484,0.20163502,0.19851844,0.19570667,0.19322067,0.19105032,0.18918003,0.18759434,0.18627758,0.18521443,0.18438925,0.18378648,0.18339069,0.18318634,0.18315789,0.1832898,0.18356657,0.18397273,0.1844927
0.09447381,0.093149744,0.09203619,0.09116636,0.09057357,0.09029104,0.09035198,0.09078964,0.09163729,0.09292812,0.094695434,0.09697243,0.09979234,0.10318844,0.10719394,0.11184208,0.117166154,0.12293867,0.12889715,0.13502245,0.14129522,0.14769632,0.15420644,0.16080636,0.16747683,0.1741986,0.18095244,0.1877191,0.19447938,0.20121399,0.2079037,0.2145293,0.22107147,0.22751102,0.23382868,0.2400053,0.24602154,0.25185817,0.25749597,0.2629157,0.26809815,0.273024,0.27767405,0.28202897,0.28606972,0.28977692,0.2931313,0.29611367,0.29870483,0.3007449,0.30210906,0.30283058,0.3029427,0.3024786,0.30147162,0.2999549,0.29796174,0.2955254,0.29267907,0.28945604,0.2858895,0.2820127,0.27785894,0.27346137,0.2688533,0.26406792,0.25913852,0.25409833,0.24898055,0.24381846,0.23864526,0.23349424,0.22839864,0.22339168,0.21850659,0.21377662,0.20923503,0.20491503,0.20084986,0.1970728,0.19361708,0.19053514,0.18784444,0.18552576,0.18355985,0.18192747,0.18060943,0.17958634,0.17883912,0.17834844,0.17809509,0.1780598,0.17822334,0.1785665,0.17907001,0.17971464
0.10218146,0.100787036,0.099614315,0.0986983,0.09807402,0.09777647,0.09784063,0.098301575,0.09919423,0.10055366,0.10241485,0.1048128,0.10778251,0.11135904,0.11557733,0.120472424,0.12607932,0.13217275,0.13848878,0.14500438,0.15169649,0.15854214,0.16551827,0.17260185,0.17976984,0.18699928,0.1942671,0.20155023,0.20882569,0.21607046,0.2232615,0.23037578,0.23739028,0.24428196,0.25102782,0.25760484,0.26398993,0.27016017,0.27609238,0.28176367,0.28715098,0.29223123,0.2969814,0.30137852,0.30539957,0.3090215,0.31222123,0.31497583,0.31726214,0.31893918,0.3199044,0.3201928,0.31983942,0.31887922,0.31734735,0.31527865,0.31270823,0.30967093,0.306202,0.3023363,0.29810882,0.29355472,0.28870878,0.28360617,0.27828187,0.27277082,0.26710814,0.2613287,0.25546765,0.2495599,0.24364044,0.23774436,0.23190662,0.2261622,0.22054614,0.21509351,0.20983921,0.20481828,0.20006573,0.1956166,0.19150583,0.18781771,0.18459785,0.18182312,0.17947055,0.17751712,0.17593981,0.17471555,0.17382136,0.17323416,0.17293099,0.1728888,0.1730845,0.17349514,0.17409766,0.17486905
0.10989213,0.108425826,0.10719269,0.10622948,0.10557302,0.10526013,0.10532762,0.10581227,0.106750965,0.108180426,0.11013751,0.11265902,0.11578181,0.11954262,0.123978265,0.12912558,0.1350214,0.1414425,0.14812319,0.15503669,0.16215603,0.16945446,0.17690508,0.18448102,0.19215545,0.1999015,0.20769231,0.21550101,0.2233008,0.23106474,0.23876603,0.24637778,0.25387317,0.26122528,0.26840737,0.2753924,0.28215373,0.2886643,0.29489744,0.3008261,0.30642354,0.31166288,0.3165173,0.32095996,0.32496384,0.3285023,0.33154827,0.334075,0.33605573,0.33736783,0.33793154,0.33778355,0.33696073,0.33549985,0.33343762,0.3308111,0.32765692,0.32401192,0.31991303,0.31539682,0.31050026,0.30526015,0.29971328,0.29389647,0.28784657,0.28160024,0.27519456,0.26866603,0.26205164,0.25538823,0.24871251,0.24206133,0.23547153,0.22897987,0.22262318,0.21643823,0.21046196,0.20473105,0.19928236,0.19415268,0.18937883,0.1850772,0.18132164,0.17808533,0.17534137,0.17306295,0.17122325,0.16979533,0.1687524,0.16806753,0.16771391,0.16766465,0.16789295,0.16837189,0.16907465,0.1699744
0.11760465,0.11606557,0.114771195,0.113760166,0.11307112,0.112742685,0.11281354,0.11332227,0.11430753,0.115807965,0.11786223,0.12050894,0.12378675,0.12773426,0.13239013,0.13779303,0.14398155,0.15073451,0.15778439,0.16510044,0.172652,0.18040836,0.18833879,0.19641252,0.2045989,0.2128672,0.22118671,0.22952667,0.2378564,0.24614514,0.25436226,0.26247698,0.27045858,0.27827635,0.2858996,0.29329762,0.30043963,0.30729488,0.31383282,0.32002264,0.32583356,0.33123493,0.33619612,0.3406862,0.34467465,0.3481306,0.35102347,0.3533225,0.35499686,0.35594308,0.3561036,0.35551712,0.35422236,0.35225782,0.34966213,0.34647405,0.34273216,0.3384751,0.3337415,0.32857,0.32299924,0.31706786,0.3108144,0.30427775,0.29749635,0.29050878,0.28335392,0.2760702,0.2686963,0.2612709,0.25383267,0.24642015,0.23907202,0.23182698,0.22472353,0.21780045,0.2110963,0.20464973,0.19849941,0.19268395,0.18724196,0.18232216,0.1780269,0.17432551,0.17118728,0.16858149,0.16647737,0.16484426,0.16365139,0.16286816,0.1624637,0.16240741,0.1626685,0.16321623,0.16402003,0.16504906
0.12531796,0.12370569,0.12234977,0.12129067,0.120568864,0.120224826,0.12029903,0.12083194,0.12186406,0.12343584,0.12558779,0.12836033,0.13179396,0.13592918,0.14080642,0.1464662,0.15294896,0.16003542,0.16745621,0.17517678,0.18316253,0.19137886,0.1997912,0.20836495,0.21706548,0.2258583,0.23470874,0.24358225,0.25244418,0.26126006,0.2699952,0.27861503,0.28708503,0.2953705,0.30343696,0.31124976,0.31877434,0.3259761,0.33282042,0.33927277,0.3452986,0.35086316,0.35593197,0.36047047,0.364444,0.367818,0.37055796,0.37262917,0.37399712,0.3745769,0.37433362,0.3733079,0.37154007,0.3690707,0.36594027,0.36218923,0.35785803,0.35298714,0.34761703,0.3417883,0.33554122,0.3289164,0.3219543,0.3146954,0.30718017,0.29944897,0.29154253,0.2835011,0.2753652,0.26717535,0.25897205,0.25079566,0.24268678,0.23468582,0.22683328,0.21916959,0.21173528,0.20457081,0.19771661,0.19121328,0.18510115,0.17956133,0.17472474,0.17055693,0.16702321,0.16408904,0.16171975,0.15988085,0.15853764,0.15765569,0.15720026,0.15713686,0.15743086,0.15804769,0.15895274,0.16011141
0.13303088,0.13134561,0.12992832,0.12882127,0.12806676,0.12770717,0.12778474,0.12834178,0.12942061,0.13106357,0.13331291,0.13621098,0.13980006,0.14412245,0.14922051,0.15513651,0.16191274,0.16933186,0.17712276,0.18524687,0.1936658,0.2023411,0.21123426,0.22030687,0.22952051,0.23883672,0.24821691,0.25762284,0.26701593,0.2763577,0.28560978,0.2947337,0.30369094,0.31244314,0.3209518,0.32917848,0.33708465,0.344632,0.351782,0.35849613,0.36473602,0.37046325,0.3756393,0.38022572,0.38418412,0.3874759,0.39006275,0.39190623,0.39296782,0.39318135,0.39253464,0.39107007,0.3888298,0.38585624,0.3821916,0.37787825,0.37295854,0.36747473,0.3614691,0.354984,0.34806168,0.34074455,0.33307484,0.32509485,0.31684688,0.3083734,0.29971647,0.29091862,0.28202197,0.27306893,0.2641018,0.25516278,0.24629438,0.23753877,0.22893831,0.22053526,0.21237196,0.20449072,0.19693379,0.18974356,0.18296231,0.1768034,0.17142637,0.16679275,0.16286415,0.15960202,0.156968,0.15492353,0.15343028,0.15244971,0.15194346,0.15187293,0.15219977,0.15288556,0.15389173,0.15517992
0.14074226,0.13898477,0.13750674,0.13635224,0.13556542,0.13519041,0.13527131,0.1358522,0.1369773,0.13869065,0.1410364,0.14405869,0.14780161,0.15230927,0.15762581,0.16379538,0.17086205,0.1786105,0.18676785,0.19529174,0.2041399,0.21327002,0.22263981,0.23220697,0.24192926,0.2517643,0.26166984,0.27160355,0.28152323,0.29138646,0.30115095,0.31077453,0.3202149,0.32942954,0.33837637,0.34701312,0.3552973,0.36318672,0.37063915,0.37761223,0.38406363,0.38995114,0.39523235,0.3998651,0.40380698,0.40701574,0.40944913,0.4110647,0.4118204,0.41166866,0.4106198,0.408718,0.40600723,0.40253174,0.3983356,0.39346293,0.38795793,0.3818646,0.37522712,0.3680896,0.36049613,0.3524909,0.34411797,0.33542156,0.3264457,0.3172345,0.30783206,0.29828265,0.28863022,0.27891898,0.26919302,0.2594965,0.24987353,0.24036823,0.23102464,0.22188699,0.21299933,0.20440583,0.19615062,0.18827769,0.18083136,0.17405704,0.16814277,0.16304615,0.158725,0.15513693,0.15223968,0.14999102,0.14834853,0.14727,0.14671311,0.1466356,0.14699507,0.14774935,0.14885604,0.15027298
0.14845102,0.14662264,0.14508495,0.14388388,0.14306535,0.14267515,0.14275931,0.14336367,0.14453416,0.14631666,0.14875701,0.15190125,0.15579519,0.16048472,0.16601577,0.17243426,0.17978607,0.18785799,0.19637552,0.20529257,0.21456303,0.2241408,0.23397976,0.24403387,0.25425702,0.26460308,0.27502593,0.28547958,0.29591784,0.30629462,0.31656384,0.32667938,0.3365952,0.34626514,0.35564324,0.36468315,0.37333894,0.38156462,0.38931382,0.39654064,0.4031989,0.40924254,0.41462544,0.41930157,0.42322472,0.42634892,0.42862797,0.4300158,0.43046632,0.42995083,0.42850208,0.42616594,0.4229882,0.41901487,0.4142918,0.40886497,0.40278023,0.39608344,0.3888205,0.38103744,0.37278003,0.36409417,0.35502592,0.34562093,0.3359253,0.32598487,0.3158455,0.30555317,0.2951537,0.28469303,0.2742171,0.2637717,0.2534029,0.24315642,0.23307824,0.22321433,0.21361051,0.20431264,0.19536671,0.18681863,0.17871419,0.17133096,0.16488503,0.15933032,0.15462077,0.15071017,0.1475525,0.14510167,0.14331158,0.14213607,0.14152914,0.14144464,0.14183645,0.14265852,0.14386474,0.14540899
0.15615602,0.15425865,0.15266292,0.15141648,0.15056701,0.15016215,0.15024945,0.15087663,0.1520913,0.15394105,0.15647358,0.15973648,0.16377741,0.168644,0.17438382,0.18104458,0.1886739,0.1970609,0.2059297,0.21523044,0.22491327,0.2349284,0.24522598,0.25575617,0.26646906,0.27731487,0.28824374,0.2992059,0.3101514,0.32103047,0.33179316,0.34238988,0.35277048,0.36288533,0.37268445,0.3821181,0.3911364,0.39968956,0.4077276,0.41520083,0.42205933,0.42825332,0.4337329,0.43844822,0.4423495,0.44538686,0.44751045,0.44867042,0.44881698,0.44794005,0.4460945,0.44332817,0.43968844,0.43522316,0.42997974,0.42400602,0.4173495,0.41005796,0.40217885,0.39375994,0.3848488,0.37549308,0.3657404,0.35563844,0.34523472,0.33457705,0.32371292,0.31269,0.30155593,0.29035842,0.27914494,0.2679633,0.256861,0.24588577,0.23508514,0.22450683,0.21419843,0.2042076,0.19458193,0.18536912,0.17661676,0.16863382,0.16166437,0.15565848,0.15056635,0.14633814,0.14292403,0.14027412,0.13833858,0.13706763,0.1364114,0.13632002,0.13674366,0.13763252,0.1389367,0.14060637
0.1638561,0.16189213,0.16024046,0.15895031,0.15807104,0.15765198,0.15774234,0.15839154,0.15964879,0.16156344,0.16418481,0.16756219,0.17174485,0.17678215,0.18272336,0.18961778,0.19751477,0.20620587,0.21541429,0.22508642,0.23516883,0.24560797,0.25635034,0.26734242,0.27853072,0.28986168,0.30128187,0.31273764,0.32417572,0.33554238,0.34678417,0.3578476,0.3686792,0.37922528,0.3894326,0.39924744,0.40861633,0.41748586,0.4258024,0.4335125,0.44056267,0.44689935,0.452469,0.45721817,0.46109337,0.46404102,0.46600765,0.46693972,0.4667838,0.46554834,0.46331024,0.460119,0.45602384,0.45107403,0.44531897,0.43880793,0.43159005,0.42371488,0.4152316,0.40618947,0.39663795,0.38662624,0.37620363,0.36541948,0.35432303,0.34296358,0.3313906,0.31965318,0.30780074,0.29588258,0.28394794,0.27204618,0.26022664,0.24853852,0.2370312,0.22575401,0.2147562,0.20408708,0.19379592,0.18393211,0.17454492,0.16597427,0.15849176,0.15204374,0.14657675,0.14203727,0.13837178,0.13552682,0.13344882,0.13208432,0.13137974,0.13128166,0.1317365,0.13269077,0.13409096,0.13588353
0.17155014,0.1695227,0.16781753,0.16648567,0.16557793,0.16514528,0.16523859,0.16590881,0.16720675,0.16918334,0.17188953,0.17537616,0.17969412,0.18489441,0.1910278,0.19814532,0.20629774,0.2152796,0.22481328,0.2348417,0.24530783,0.25615454,0.26732472,0.27876136,0.29040724,0.3022054,0.31409875,0.32603008,0.33794236,0.34977865,0.36148167,0.3729944,0.38425973,0.39522055,0.40581992,0.41600055,0.42570552,0.43487763,0.44345984,0.45139512,0.4586263,0.4650963,0.47074804,0.4755244,0.4793684,0.48222288,0.48403072,0.48473486,0.4842783,0.48268774,0.4800623,0.47645286,0.47191015,0.46648523,0.46022892,0.45319217,0.44542584,0.4369808,0.4279081,0.4182585,0.40808293,0.39743227,0.38635752,0.37490943,0.363139,0.3510971,0.33883467,0.32640254,0.31385157,0.3012328,0.28859708,0.27599534,0.26347837,0.2510971,0.23890252,0.22694549,0.21527682,0.20394753,0.19300844,0.18251052,0.17250462,0.1633611,0.15537836,0.14849934,0.14266689,0.137824,0.13391349,0.13087834,0.12866144,0.12720571,0.12645406,0.12634937,0.12683465,0.12785272,0.12934648,0.13125892
0.17923711,0.17714962,0.17539406,0.17402281,0.17308824,0.17264284,0.17273888,0.17342888,0.17476521,0.17680028,0.17958647,0.18317616,0.18762183,0.19297585,0.19929062,0.20661855,0.21501203,0.22426863,0.23411061,0.2444774,0.25530845,0.26654318,0.27812102,0.28998145,0.30206394,0.31430796,0.32665285,0.33903816,0.3514032,0.36368755,0.37583065,0.38777182,0.39945057,0.41080648,0.4217788,0.432307,0.44233063,0.45178914,0.4606218,0.46876827,0.4761679,0.48276007,0.48848432,0.49328,0.49708667,0.49984378,0.5014906,0.5019668,0.5012117,0.49927056,0.4962637,0.49224383,0.48726314,0.48137414,0.4746292,0.46708062,0.45878103,0.4497827,0.44013795,0.42989942,0.41911918,0.40785,0.3961441,0.3840538,0.37163165,0.35893008,0.34600136,0.3328979,0.31967223,0.3063767,0.29306364,0.27978554,0.26659483,0.25354388,0.24068496,0.22807068,0.21575339,0.2037854,0.19221921,0.18110721,0.17050174,0.16080289,0.1523353,0.14503846,0.13885178,0.1337147,0.1295667,0.12634718,0.12399566,0.12245151,0.121654205,0.1215432,0.122057885,0.1231378,0.12472232,0.1267509
0.18691567,0.18477245,0.18296994,0.18156205,0.18060255,0.18014519,0.1802438,0.18095227,0.18232429,0.18441373,0.18727437,0.19096003,0.19552453,0.20102164,0.2075052,0.21502896,0.22364676,0.23315969,0.24329026,0.25397456,0.26514873,0.2767489,0.28871113,0.30097145,0.3134662,0.32613117,0.3389028,0.351717,0.36450982,0.37721747,0.38977605,0.40212163,0.41419032,0.42591828,0.43724152,0.44809625,0.4584185,0.4681444,0.4772101,0.4855515,0.49310496,0.4998065,0.50559217,0.5103981,0.51416045,0.5168153,0.5182987,0.51854664,0.5174956,0.51520866,0.5118276,0.5074063,0.5019987,0.49565837,0.4884392,0.4803951,0.4715798,0.46204698,0.45185065,0.44104445,0.42968237,0.41781804,0.4055053,0.39279804,0.37975,0.36641502,0.35284686,0.33909932,0.3252263,0.3112815,0.2973188,0.2833919,0.26955473,0.255861,0.24236462,0.22911932,0.21617885,0.20359713,0.19142792,0.17972502,0.16854224,0.15830836,0.14937367,0.14167427,0.1351463,0.12972584,0.12534904,0.12195192,0.11947066,0.117841326,0.11700004,0.11688291,0.117426015,0.11856547,0.12023741,0.122377895
0.19458486,0.19239056,0.1905451,0.18910366,0.18812129,0.187653,0.18775403,0.18847935,0.18988405,0.19202328,0.19495213,0.19872558,0.20339882,0.2090269,0.21566495,0.22336796,0.23219115,0.24193934,0.2523361,0.26331434,0.27480692,0.28674677,0.2990668,0.3117,0.3245791,0.3376372,0.35080707,0.3640217,0.3772139,0.3903167,0.40326297,0.41598552,0.4284174,0.44049144,0.4521406,0.46329772,0.47389576,0.4838676,0.49314618,0.50166446,0.5093551,0.51615125,0.5219858,0.52679163,0.5305016,0.5330487,0.53436565,0.5343856,0.53304136,0.5304142,0.526667,0.52185464,0.5160325,0.5092554,0.5015787,0.4930571,0.48374608,0.47370055,0.46297553,0.45162627,0.43970767,0.42727503,0.41438326,0.40108758,0.38744295,0.37350452,0.35932744,0.34496668,0.33047742,0.31591472,0.3013336,0.28678924,0.2723367,0.25803104,0.24392737,0.23008078,0.21654636,0.20337917,0.19063431,0.1783669,0.16663198,0.15588614,0.1465045,0.13841996,0.13156545,0.12587385,0.1212781,0.11771104,0.11510567,0.11339482,0.11251145,0.11238845,0.11295874,0.11415521,0.11591076,0.11815832
0.20224349,0.20000337,0.19811945,0.19664796,0.19564502,0.19516706,0.19527014,0.19601059,0.19744463,0.19962846,0.20261838,0.20647061,0.2112413,0.2169868,0.22376329,0.23162705,0.24063425,0.25059426,0.26123217,0.2724778,0.28426114,0.29651195,0.3091601,0.3221356,0.33536816,0.34878775,0.3623242,0.3759074,0.3894672,0.40293357,0.4162363,0.42930526,0.4420703,0.4544613,0.4664083,0.47784096,0.48868918,0.49888304,0.5083521,0.5170265,0.5248359,0.53171045,0.53757966,0.5423737,0.5460224,0.54845554,0.549603,0.54939455,0.5477605,0.5447994,0.5406949,0.53550315,0.5292804,0.5220829,0.5139668,0.50498855,0.49520415,0.48466995,0.47344217,0.46157703,0.44913077,0.43615964,0.4227199,0.40886778,0.39465946,0.38015118,0.36539924,0.35045987,0.3353892,0.32024366,0.3050793,0.28995246,0.2749193,0.26003614,0.2453592,0.23094466,0.21684882,0.2031279,0.18983811,0.17703569,0.1647769,0.153545,0.143739,0.13528876,0.12812418,0.122175135,0.11737149,0.11364307,0.110919856,0.10913162,0.10820828,0.10807973,0.108675785,0.109926395,0.11176137,0.11411058
0.20989043,0.2076104,0.20569289,0.20419516,0.20317443,0.20268786,0.20279281,0.20354645,0.20500605,0.20722876,0.21027197,0.21419282,0.21904857,0.22489646,0.23179367,0.23979756,0.2489653,0.25911108,0.26996234,0.28144613,0.29348952,0.30601934,0.31896278,0.33224687,0.3457985,0.35954478,0.37341267,0.38732916,0.4012214,0.41501635,0.42864096,0.44202232,0.4550874,0.46776325,0.47997683,0.49165532,0.50272554,0.51311463,0.5227494,0.5315573,0.5394649,0.5463995,0.5522879,0.55705744,0.5606348,0.5629471,0.5639215,0.56348485,0.5615642,0.5582763,0.5538245,0.548266,0.5416582,0.53405833,0.5255234,0.51611096,0.50587803,0.49488202,0.48318008,0.47082922,0.45788708,0.44441062,0.43045723,0.41608408,0.4013484,0.38630742,0.37101853,0.35553873,0.3399254,0.32423577,0.30852702,0.29285648,0.27728128,0.26185876,0.24664612,0.23170058,0.21707937,0.20283978,0.18903904,0.17573431,0.16298293,0.15129358,0.14108819,0.13229379,0.124837436,0.118646115,0.1136468,0.10976656,0.106932424,0.10507138,0.104110435,0.10397663,0.10459698,0.105898485,0.10780821,0.11025312
0.21752451,0.21521102,0.21326536,0.21174562,0.21070985,0.21021618,0.21032266,0.21108739,0.21256837,0.21482384,0.21791172,0.22189014,0.22681719,0.23275098,0.23974955,0.24787095,0.25717336,0.2674764,0.27851057,0.29020044,0.30247015,0.31524417,0.3284468,0.3420025,0.35583553,0.3698702,0.38403103,0.39824218,0.4124282,0.4265134,0.44042206,0.45407853,0.46740726,0.4803325,0.4927788,0.5046703,0.51593155,0.5264866,0.5362602,0.5451765,0.5531598,0.56013453,0.5660251,0.57075584,0.574251,0.576435,0.5772324,0.5765673,0.5743641,0.57075685,0.5659687,0.5600576,0.5530817,0.54509926,0.536168,0.5263462,0.5156921,0.5042634,0.49211854,0.4793153,0.46591198,0.45196664,0.4375373,0.422682,0.4074588,0.391926,0.3761414,0.36016327,0.3440496,0.32785848,0.31164798,0.2954762,0.2794013,0.26348123,0.24777408,0.23233797,0.21723104,0.20251125,0.18823677,0.17446563,0.16125591,0.14914057,0.13856322,0.12944831,0.12172018,0.11530318,0.11012168,0.10610003,0.10316258,0.10123371,0.10023776,0.10009907,0.10074205,0.102090985,0.10407029,0.10660432
0.22514464,0.22280471,0.22083674,0.21929955,0.21825197,0.21775264,0.2178603,0.21863379,0.22013181,0.22241302,0.22553629,0.2295603,0.2345438,0.24054554,0.24762423,0.25583875,0.26524767,0.27567685,0.2868609,0.2987218,0.3111813,0.32416138,0.33758402,0.35137105,0.36544442,0.379726,0.39413777,0.40860155,0.4230393,0.437373,0.4515244,0.46541557,0.47896835,0.4921046,0.5047463,0.51681536,0.52823365,0.5389233,0.54880583,0.55780345,0.5658379,0.57283115,0.57870525,0.5833819,0.58678305,0.5888307,0.5894467,0.5885531,0.5860716,0.5821533,0.57704055,0.57079214,0.5634666,0.55512303,0.5458199,0.5356159,0.52457,0.51274085,0.50018716,0.4869676,0.47314107,0.45876637,0.443902,0.42860687,0.41293973,0.39695922,0.3807242,0.36429337,0.34772542,0.3310792,0.31441334,0.2977867,0.2812579,0.2648858,0.24872908,0.23284653,0.21729682,0.20213878,0.18743108,0.17323253,0.15960184,0.14709459,0.13617517,0.12676544,0.11878738,0.112162806,0.106813714,0.102662,0.09962952,0.097638264,0.096610084,0.096466936,0.097130686,0.09852329,0.10056661,0.103182584
0.23274975,0.23039082,0.2284069,0.2268573,0.22580121,0.22529785,0.22540641,0.22618622,0.2276963,0.22999598,0.23314454,0.23720112,0.24222495,0.24827527,0.25541127,0.26369223,0.2731773,0.28369913,0.29499722,0.30699128,0.31960097,0.33274615,0.3463463,0.36032116,0.37459055,0.3890741,0.4036914,0.4183623,0.4330064,0.44754344,0.4618931,0.4759752,0.48970914,0.50301486,0.5158119,0.52802014,0.5395591,0.55034864,0.56030834,0.5693579,0.57741696,0.58440536,0.5902428,0.59484875,0.59814316,0.6000456,0.6004757,0.5993533,0.5965981,0.5923778,0.58695334,0.580384,0.572729,0.5640474,0.55439866,0.5438419,0.53243613,0.5202411,0.5073153,0.4937186,0.47950986,0.46474844,0.44949344,0.43380424,0.41773993,0.4013598,0.38472304,0.36788887,0.3509165,0.33386523,0.3167942,0.29976264,0.28282982,0.26605487,0.24949709,0.23321564,0.21726978,0.20171875,0.1866217,0.1720379,0.15802658,0.14516443,0.13393514,0.12425841,0.11605394,0.1092414,0.10374052,0.09947096,0.09635249,0.094304696,0.093247324,0.09310013,0.093782715,0.09521483,0.09731614,0.10000635
0.24033858,0.23796888,0.23597586,0.23441917,0.23335828,0.23285258,0.23296162,0.23374493,0.23526196,0.23757224,0.2407352,0.24481037,0.24985723,0.2559353,0.263104,0.27142298,0.2809515,0.2915298,0.30290344,0.3149901,0.32770747,0.34097335,0.3547055,0.36882147,0.38323918,0.39787626,0.4126505,0.42747954,0.44228122,0.45697317,0.4714731,0.4856989,0.49956807,0.5129985,0.5259079,0.5382139,0.5498344,0.5606869,0.5706893,0.5797593,0.58781457,0.5947728,0.60055196,0.6050695,0.60824317,0.6099909,0.6102303,0.6088791,0.605855,0.6013423,0.5956199,0.58874756,0.5807844,0.57179004,0.56182396,0.5509458,0.5392148,0.5266906,0.5134327,0.49950057,0.48495367,0.46985146,0.4542536,0.4382194,0.4218084,0.40508017,0.3880941,0.37090975,0.3535866,0.33618408,0.3187618,0.30137914,0.28409562,0.26697075,0.25006405,0.23343493,0.21714298,0.20124757,0.18580832,0.17088464,0.15653607,0.14335869,0.13185424,0.12194037,0.11353485,0.10655535,0.100919686,0.096545525,0.09335059,0.09125263,0.09016937,0.090018556,0.09071786,0.09218505,0.09433787,0.09709399
0.2479101,0.24553819,0.24354348,0.2419854,0.24092354,0.24041739,0.24052654,0.24131052,0.24282892,0.2451413,0.2483071,0.25238588,0.25743726,0.26352078,0.2706959,0.27902228,0.28855938,0.2991556,0.31056353,0.32269928,0.33547884,0.34881827,0.36263347,0.37684062,0.39135563,0.4060946,0.4209735,0.4359085,0.4508154,0.46561038,0.48020944,0.49452856,0.50848365,0.5219911,0.5349666,0.5473262,0.5589861,0.5698623,0.5798706,0.58892727,0.59694815,0.6038494,0.60954714,0.61395717,0.61699545,0.6185783,0.6186217,0.61704147,0.6137537,0.608959,0.60295355,0.5957969,0.5875485,0.5782681,0.5680152,0.5568492,0.54482967,0.5320164,0.51846856,0.50424594,0.48940796,0.4740143,0.45812437,0.44179788,0.42509422,0.40807298,0.39079368,0.37331596,0.35569927,0.33800322,0.32028726,0.302611,0.28503406,0.2676158,0.25041595,0.23349392,0.21690938,0.20072179,0.18499069,0.16977562,0.15513618,0.14168611,0.12994358,0.11982453,0.111245066,0.10412114,0.09836883,0.093904145,0.0906431,0.08850172,0.08739605,0.0872421,0.08795589,0.08945345,0.0916508,0.09446398
0.25546315,0.2530984,0.2511097,0.24955624,0.24849759,0.24799296,0.24810182,0.24888344,0.25039726,0.25270262,0.25585893,0.25992545,0.26496166,0.27102685,0.27818036,0.2864817,0.29599008,0.30656305,0.31796142,0.33010003,0.34289324,0.35625577,0.3701022,0.38434714,0.3989052,0.41369095,0.42861915,0.4436041,0.45856073,0.4734035,0.48804688,0.50240564,0.51639444,0.5299278,0.5429203,0.5552866,0.56694114,0.5777988,0.58777386,0.5967812,0.60473543,0.61155105,0.61714244,0.62142473,0.6243121,0.6257192,0.62556076,0.62375146,0.62020564,0.6151399,0.6088671,0.60144645,0.5929375,0.5833995,0.5728919,0.56147414,0.54920524,0.5361449,0.5223524,0.5078871,0.49280846,0.47717553,0.46104795,0.44448507,0.42754617,0.4102907,0.39277798,0.3750673,0.3572182,0.33928984,0.32134178,0.3034332,0.28562367,0.2679724,0.2505388,0.23338223,0.2165621,0.20013769,0.18416847,0.16871372,0.15383285,0.14015536,0.12821424,0.117924094,0.10919953,0.10195514,0.096105576,0.091565385,0.088249184,0.086071596,0.08494723,0.084790684,0.08551654,0.087039426,0.089273944,0.09213467
0.26299655,0.2606488,0.25867432,0.25713208,0.25608096,0.25557998,0.25568804,0.2564641,0.25796703,0.2602559,0.26338953,0.2674269,0.27242693,0.27844858,0.28555083,0.2937926,0.30323276,0.31373882,0.32508117,0.33717334,0.3499288,0.36326104,0.3770835,0.3913097,0.40585315,0.4206273,0.43554565,0.4505216,0.46546882,0.48030066,0.4949306,0.5092722,0.52323884,0.5367441,0.5497014,0.56202424,0.57362616,0.5844206,0.594321,0.6032409,0.6110939,0.61779326,0.6232526,0.6273853,0.6301049,0.63132495,0.63095886,0.62892014,0.6251223,0.61979717,0.61327356,0.6056105,0.59686685,0.58710164,0.57637364,0.564742,0.55226547,0.539003,0.5250138,0.51035655,0.49509022,0.4792739,0.46296626,0.44622648,0.42911333,0.41168597,0.39400312,0.37612376,0.3581069,0.3400115,0.32189646,0.30382067,0.28584316,0.26802278,0.25041857,0.23308936,0.21609412,0.19949183,0.18334144,0.16770186,0.15263201,0.1387751,0.12667733,0.11625219,0.10741321,0.100073814,0.09414747,0.08954774,0.08618805,0.08398191,0.08284278,0.08268418,0.08341956,0.084962405,0.08722625,0.090124525
0.27050924,0.26818886,0.26623735,0.26471308,0.26367426,0.26317906,0.2632859,0.2640529,0.26553836,0.26780054,0.27089757,0.27488795,0.2798297,0.28578123,0.2928007,0.30094638,0.3102766,0.32066953,0.3319066,0.34390038,0.3565637,0.36980906,0.3835492,0.3976969,0.41216475,0.42686543,0.4417117,0.45661607,0.4714914,0.4862503,0.50080544,0.5150695,0.5289553,0.5423753,0.5552422,0.56746894,0.5789679,0.589652,0.5994338,0.60822594,0.6159411,0.6224921,0.62779146,0.63175195,0.6342862,0.63530695,0.63472706,0.6324588,0.6284151,0.6228429,0.6160862,0.60820335,0.5992525,0.589292,0.57837987,0.5665747,0.55393445,0.54051757,0.5263822,0.5115866,0.49618906,0.48024788,0.46382126,0.44696745,0.42974463,0.41221115,0.3944253,0.37644526,0.35832924,0.34013563,0.3219225,0.3037483,0.28567117,0.26774937,0.25004116,0.2326048,0.21549854,0.19878061,0.18250933,0.16674285,0.15153952,0.13755402,0.12534398,0.11482209,0.105901055,0.09849354,0.09251221,0.08786976,0.08447891,0.082252294,0.08110258,0.08094249,0.08168471,0.083241895,0.08552672,0.0884519
0.2780001,0.275718,0.27379873,0.27229962,0.27127796,0.270791,0.27089602,0.2716503,0.27311128,0.27533603,0.27838203,0.28230646,0.28716663,0.2930199,0.2999234,0.30793458,0.31711066,0.32734188,0.3384217,0.3502624,0.362776,0.37587494,0.38947138,0.4034774,0.4178053,0.43236735,0.44707575,0.4618426,0.4765802,0.49120075,0.5056164,0.5197396,0.5334823,0.54675686,0.5594753,0.57155,0.58289325,0.593417,0.6030338,0.6116556,0.6191946,0.6255632,0.6306736,0.6344379,0.63676816,0.63757694,0.63677627,0.6342783,0.6299954,0.6241892,0.6172181,0.60913926,0.60001016,0.58988816,0.5788302,0.56689394,0.5541363,0.54061496,0.526387,0.5115096,0.49604037,0.4800363,0.46355495,0.4466534,0.429389,0.41181898,0.39400083,0.37599164,0.35784876,0.33962953,0.32139117,0.30319104,0.2850863,0.26713443,0.24939258,0.23191816,0.21476832,0.19800043,0.18167178,0.16583963,0.15056136,0.13650078,0.124225244,0.11364691,0.10467801,0.09723073,0.091217324,0.08654999,0.08314093,0.08090235,0.079746515,0.07958556,0.08033175,0.08189728,0.08419437,0.08713524
0.28546792,0.28323564,0.28135833,0.27989197,0.27889264,0.27841628,0.27851903,0.27925685,0.28068584,0.28286207,0.2858415,0.28968018,0.29443422,0.30015957,0.30691236,0.31474853,0.3237242,0.33374247,0.34461045,0.35624027,0.36854398,0.38143376,0.39482164,0.40861976,0.4227402,0.43709502,0.45159632,0.4661563,0.48068693,0.49510032,0.50930864,0.52322394,0.53675836,0.54982394,0.56233275,0.574197,0.5853287,0.59564,0.6050429,0.6134496,0.62077206,0.62692255,0.6318131,0.63535583,0.6374627,0.63804597,0.6370176,0.63428986,0.6297747,0.6237481,0.6165821,0.60833263,0.59905577,0.5888076,0.57764405,0.56562126,0.5527952,0.539222,0.5249576,0.51005816,0.49457958,0.47857797,0.46210936,0.44522983,0.42799532,0.410462,0.3926858,0.37472284,0.35662907,0.33846065,0.32027346,0.3021237,0.2840673,0.26616037,0.2484589,0.23101896,0.21389657,0.19714777,0.18082863,0.16499515,0.14970337,0.13562414,0.12333226,0.11273988,0.10375904,0.096301876,0.09028048,0.08560693,0.08219333,0.07995179,0.0787944,0.07863324,0.07938042,0.08094804,0.08324818,0.08619295
0.29245323,0.2902793,0.28845105,0.287023,0.28604972,0.28558585,0.28568596,0.28640446,0.2877962,0.28991547,0.29281706,0.2965555,0.30118534,0.30676115,0.31333745,0.32096893,0.32971007,0.33947715,0.3500917,0.36146596,0.37351224,0.38614294,0.39927042,0.41280696,0.42666504,0.44075668,0.45499456,0.4692908,0.48355785,0.49770802,0.5116536,0.5253071,0.53858066,0.5513867,0.56363744,0.57524556,0.586123,0.5961824,0.6053359,0.61349595,0.6205747,0.62648475,0.6311384,0.6344477,0.6363253,0.6366834,0.63543457,0.63249093,0.62776464,0.62154496,0.61421573,0.6058311,0.5964461,0.5861152,0.57489276,0.56283355,0.54999197,0.5364229,0.5221806,0.50731987,0.49189517,0.4759611,0.45957226,0.44278315,0.4256484,0.40822262,0.39056033,0.37271607,0.35474452,0.33670017,0.3186377,0.3006115,0.28267637,0.26488665,0.24729718,0.22996229,0.21293671,0.19627497,0.18003164,0.16426127,0.1490185,0.13497812,0.1227202,0.11215704,0.10320102,0.095764406,0.08975962,0.08509899,0.08169483,0.07945946,0.07830527,0.07814456,0.07888966,0.08045296,0.08274675,0.085683405
0.29852724,0.2964166,0.29464144,0.2932549,0.2923099,0.2918595,0.29195666,0.29265437,0.29400557,0.29606327,0.29888052,0.30251023,0.30700544,0.3124192,0.31880435,0.32621396,0.334701,0.3441943,0.35452932,0.365619,0.37737626,0.38971403,0.40254518,0.41578263,0.42933944,0.4431285,0.45706257,0.47105467,0.4850178,0.49886483,0.5125087,0.5258622,0.53883857,0.55135053,0.56331086,0.57463276,0.5852291,0.5950125,0.60389644,0.6117934,0.61861634,0.6242784,0.6286923,0.6317713,0.6334279,0.63357514,0.6321263,0.6289937,0.6240908,0.61771715,0.610266,0.6017904,0.59234345,0.581978,0.570747,0.55870366,0.54590064,0.5323912,0.5182282,0.50346464,0.4881535,0.47234783,0.4561006,0.43946484,0.42249337,0.40523937,0.38775572,0.3700955,0.35231155,0.33445698,0.31658477,0.2987479,0.28099933,0.26339203,0.24597907,0.22881335,0.21194793,0.19543576,0.17932981,0.16368313,0.14854866,0.13460226,0.122426376,0.111933894,0.1030378,0.09565101,0.08968641,0.08505693,0.08167557,0.079455175,0.078308694,0.078149036,0.07888917,0.08044201,0.08272044,0.08563743
0.30373487,0.30169195,0.29997393,0.29863197,0.29771733,0.29728138,0.29737538,0.29805067,0.29935843,0.30135006,0.30407673,0.3075898,0.31194055,0.31718025,0.3233602,0.3305317,0.33874592,0.34794384,0.3579747,0.3687522,0.38019037,0.39220288,0.40470362,0.41760644,0.4308252,0.4442737,0.45786583,0.47151542,0.4851363,0.4986422,0.51194715,0.524965,0.5376092,0.549794,0.5614331,0.57244045,0.5827297,0.59221494,0.6008097,0.608428,0.6149838,0.62039065,0.6245626,0.6274134,0.6288567,0.6288068,0.62717724,0.6238818,0.6188346,0.6123442,0.6048109,0.59628606,0.586821,0.5764671,0.56527543,0.5532975,0.54058427,0.52718735,0.5131578,0.4985472,0.4834065,0.46778724,0.45174047,0.4353177,0.41857007,0.40154892,0.38430554,0.36689126,0.34935725,0.3317548,0.3141353,0.2965501,0.2790503,0.26168725,0.24451225,0.22757661,0.21093155,0.19462839,0.17871846,0.163253,0.14828329,0.13448323,0.12243509,0.11205276,0.10325004,0.09594077,0.09003875,0.08545789,0.08211199,0.07991489,0.078780435,0.07862248,0.07935485,0.08089138,0.083145924,0.086032294
0.30812073,0.3061501,0.3044928,0.30319828,0.30231598,0.30189544,0.3019862,0.30263752,0.30389908,0.30582023,0.30845052,0.31183934,0.3160363,0.3210907,0.3270521,0.33397,0.3418938,0.3507759,0.36047906,0.37091836,0.38200876,0.3936655,0.40580347,0.41833788,0.43118364,0.44425595,0.45746985,0.4707403,0.48398253,0.4971115,0.51004213,0.52268976,0.5349694,0.54679596,0.5580846,0.56875044,0.5787083,0.5878735,0.5961612,0.603486,0.6097634,0.61490846,0.61883575,0.62146086,0.6226987,0.6224643,0.6206727,0.617239,0.6120783,0.60550624,0.59792835,0.5893939,0.57995254,0.5696535,0.55854654,0.5466812,0.5341063,0.5208721,0.5070277,0.49262246,0.47770616,0.4623281,0.44653773,0.43038464,0.4139181,0.39718777,0.38024312,0.36313346,0.34590843,0.32861736,0.3113099,0.29403532,0.27684328,0.25978315,0.24290441,0.22625656,0.20988901,0.19385129,0.17819284,0.1629632,0.14821176,0.13460776,0.12273083,0.112495966,0.10381829,0.096612826,0.09079469,0.08627889,0.08298053,0.08081465,0.07969633,0.07954062,0.080262564,0.081777275,0.083999775,0.086845145
0.31172976,0.3098355,0.3082425,0.30699807,0.30615005,0.30574587,0.305833,0.30645916,0.3076718,0.30951852,0.31204683,0.31530425,0.31933844,0.32419693,0.32992724,0.3365769,0.34419352,0.3527404,0.36209378,0.3721701,0.38288593,0.39415783,0.40590248,0.41803652,0.43047637,0.44313863,0.45593992,0.46879685,0.48162603,0.49434388,0.5068671,0.5191123,0.5309961,0.54243493,0.5533452,0.56364405,0.5732476,0.5820726,0.5900356,0.5970533,0.603042,0.60791844,0.6115993,0.61400104,0.6150402,0.6146337,0.61269754,0.6091486,0.60390353,0.5972834,0.5896961,0.58118963,0.57181114,0.56160843,0.5506291,0.5389205,0.5265302,0.5135062,0.49989522,0.4857456,0.47110453,0.45601958,0.44053835,0.42470846,0.40857732,0.39219254,0.3756018,0.35885242,0.3419921,0.32506844,0.30812892,0.29122105,0.27439246,0.25769067,0.24116331,0.22485778,0.20882179,0.1931028,0.17774841,0.16280611,0.14832357,0.13496257,0.12329781,0.1132458,0.104723126,0.09764639,0.09193219,0.08749707,0.08425764,0.08213043,0.08103208,0.08087917,0.0815882,0.083075844,0.08525865,0.088053204
0.31460673,0.31279284,0.31126726,0.31007573,0.30926362,0.30887654,0.30896005,0.30955958,0.31072086,0.3124893,0.31491038,0.3180297,0.32189286,0.3265453,0.33203262,0.3384003,0.345694,0.3538876,0.3628702,0.37256014,0.382876,0.39373603,0.40505853,0.416762,0.42876464,0.44098508,0.4533415,0.46575245,0.47813606,0.4904109,0.5024952,0.5143075,0.52576613,0.5367893,0.5472957,0.55720323,0.56643087,0.57489645,0.5825186,0.58921564,0.594906,0.599508,0.60294014,0.60512066,0.6059678,0.6054003,0.6033362,0.5996941,0.5943922,0.58775514,0.580192,0.5717487,0.5624703,0.5524028,0.5415914,0.5300817,0.51791924,0.50514984,0.49181867,0.47797137,0.46365353,0.44891068,0.43378836,0.41833207,0.4025874,0.3865998,0.37041494,0.35407832,0.33763534,0.32113174,0.30461287,0.28812444,0.27171183,0.25542074,0.23929651,0.22338487,0.20773129,0.19238125,0.17738035,0.16277412,0.14860809,0.13553439,0.12412043,0.11428455,0.105945155,0.09902058,0.09342924,0.08908949,0.08591971,0.083838224,0.08276351,0.08261386,0.083307676,0.084763326,0.08689919,0.08963366
0.3167965,0.31506658,0.31361172,0.31247535,0.31170088,0.31133172,0.31141123,0.3119831,0.3130906,0.3147771,0.3170861,0.32006097,0.32374522,0.32818225,0.3334155,0.3394883,0.34644425,0.35426727,0.36285958,0.37214145,0.38203338,0.39245585,0.4033292,0.41457376,0.4261102,0.43785888,0.44974008,0.46167442,0.47358215,0.48538384,0.4969998,0.5083506,0.51935655,0.52993804,0.54001576,0.54950976,0.5583407,0.56642914,0.5736951,0.58005935,0.5854421,0.58976394,0.5929454,0.59490657,0.59556824,0.59485054,0.59267384,0.588959,0.583626,0.5770015,0.56949407,0.56114703,0.5520037,0.54210746,0.5315021,0.52023065,0.5083369,0.495864,0.48285547,0.46935472,0.45540524,0.44105044,0.42633367,0.41129842,0.39598814,0.3804462,0.36471608,0.34884125,0.33286497,0.3168309,0.30078232,0.28476268,0.2688155,0.25298402,0.23731185,0.2218423,0.20661889,0.19168499,0.17708403,0.16285948,0.14905477,0.1363099,0.12518303,0.11559457,0.10746493,0.10071455,0.095263824,0.09103322,0.08794316,0.08591407,0.08486637,0.08472049,0.085396856,0.0868159,0.088898055,0.091563724
0.31834394,0.3167014,0.3153201,0.3142411,0.3135058,0.31315532,0.31323087,0.31377378,0.3148253,0.31642655,0.31861883,0.32144338,0.3249414,0.32915416,0.3341229,0.3398888,0.34649312,0.35392976,0.36211327,0.3709666,0.3804124,0.39037335,0.40077212,0.4115316,0.42257443,0.43382335,0.44520098,0.45663026,0.4680336,0.4793341,0.49045414,0.5013167,0.5118443,0.5219597,0.5315858,0.54064524,0.5490606,0.5567547,0.5636505,0.5696704,0.57473695,0.5787734,0.5817021,0.5834461,0.58392775,0.58306986,0.5807953,0.57702684,0.5716869,0.56510264,0.5576801,0.5494602,0.5404844,0.53079396,0.5204298,0.5094336,0.49784636,0.48570922,0.47306362,0.45995063,0.44641155,0.43248776,0.41822016,0.40365025,0.38881922,0.37376818,0.35853857,0.34317148,0.32770813,0.31218988,0.2966578,0.2811533,0.26571745,0.2503916,0.23521689,0.22023468,0.20548609,0.19101235,0.17685482,0.16305462,0.149653,0.13727584,0.12647,0.11715814,0.10926304,0.10270741,0.09741395,0.0933054,0.09030449,0.08833393,0.087316446,0.08717478,0.08783163,0.089209735,0.091231816,0.09382058
0.31929374,0.31774184,0.31643677,0.31541732,0.31472257,0.3143914,0.31446284,0.3149758,0.31596923,0.31748217,0.31955343,0.3222221,0.32552713,0.32950747,0.334202,0.33964968,0.3458896,0.35292482,0.36068264,0.3690884,0.37806726,0.38754448,0.3974453,0.407695,0.41821885,0.42894194,0.4397897,0.45068726,0.4615599,0.4723329,0.48293146,0.4932808,0.50330627,0.51293296,0.5220863,0.53069127,0.53867346,0.54595786,0.5524698,0.5581345,0.56287724,0.56662315,0.5692976,0.57082593,0.57113314,0.5701444,0.56778556,0.5639813,0.55865675,0.55213845,0.544828,0.53676414,0.52798617,0.51853293,0.50844336,0.49775642,0.486511,0.47474617,0.4625009,0.44981405,0.43672463,0.4232716,0.40949392,0.39543048,0.38112038,0.3666025,0.35191575,0.3370992,0.3221917,0.30723226,0.29225984,0.27731332,0.2624318,0.2476542,0.23301941,0.21856646,0.20433424,0.19036178,0.17668796,0.1633518,0.15039226,0.13841893,0.12796563,0.11895758,0.11132007,0.104978316,0.09985756,0.09588306,0.092980064,0.0910738,0.09008953,0.08995246,0.09058789,0.09192102,0.09387713,0.09638144
0.31969082,0.31823254,0.31700608,0.31604818,0.31539533,0.31508413,0.31515118,0.31563327,0.3165668,0.31798843,0.31993484,0.32244256,0.32554826,0.32928848,0.33369994,0.3388191,0.3446826,0.35130274,0.35861906,0.36655962,0.37505236,0.38402528,0.39340633,0.40312356,0.41310483,0.42327815,0.43357155,0.44391292,0.45423037,0.4644517,0.47450504,0.4843182,0.49381933,0.50293624,0.5115971,0.51972973,0.5272622,0.53412235,0.5402382,0.5455379,0.5499492,0.5534001,0.55581874,0.5571329,0.5572709,0.55616015,0.5537291,0.5499054,0.5446173,0.5381885,0.53101534,0.52313435,0.5145823,0.50539553,0.4956109,0.48526496,0.47439423,0.46303546,0.45122513,0.43899983,0.42639637,0.41345114,0.40020084,0.38668197,0.37293142,0.35898554,0.3448811,0.33065453,0.31634256,0.30198178,0.28760883,0.27326027,0.25897273,0.24478278,0.23072708,0.21684226,0.20316485,0.1897315,0.17657883,0.16374345,0.15126194,0.13972588,0.12965427,0.12097521,0.1136166,0.10750644,0.102572694,0.09874333,0.09594636,0.09410971,0.09316136,0.093029305,0.09364153,0.094925985,0.09681066,0.099223495
0.3195799,0.31821793,0.31707254,0.31617787,0.31556812,0.3152775,0.3153402,0.3157904,0.31666228,0.31798998,0.31980783,0.32214993,0.32505044,0.32854366,0.33266366,0.33744478,0.34292108,0.34911337,0.3559737,0.363433,0.37142193,0.3798717,0.38871303,0.39787677,0.40729398,0.41689542,0.42661205,0.4363747,0.44611436,0.4557619,0.46524817,0.47450408,0.48346058,0.49204844,0.5001988,0.5078423,0.51490986,0.5213326,0.5270412,0.53196657,0.5360397,0.5391916,0.5413528,0.5424546,0.5424275,0.54120266,0.53871083,0.53488326,0.52965045,0.52333295,0.51632017,0.5086466,0.5003461,0.49145296,0.48200133,0.47202545,0.46155944,0.45063764,0.43929413,0.427563,0.41547868,0.40307525,0.39038682,0.37744775,0.36429211,0.35095403,0.33746794,0.32386777,0.31018785,0.29646227,0.2827254,0.26901126,0.25535417,0.2417882,0.2283476,0.21506655,0.20197925,0.18911995,0.17652272,0.16422187,0.15225148,0.14118333,0.13152032,0.123193346,0.11613323,0.11027092,0.105537295,0.10186327,0.09917975,0.09741761,0.09650774,0.096381046,0.096968435,0.09820078,0.10000899,0.10232396
0.31900588,0.31774268,0.3166804,0.31585065,0.3152851,0.31501555,0.31507376,0.3154913,0.31629986,0.3175313,0.3192173,0.32138947,0.32407963,0.32731944,0.33114058,0.33557484,0.34065387,0.34640694,0.35279796,0.3597612,0.36723045,0.37513974,0.38342303,0.3920143,0.40084767,0.40985715,0.41897655,0.42813993,0.43728137,0.44633475,0.45523414,0.46391353,0.47230676,0.48034808,0.4879713,0.49511057,0.5016997,0.50767267,0.51296365,0.5175066,0.5212354,0.52408415,0.52598673,0.5268773,0.52668965,0.5253579,0.52281606,0.518998,0.5138379,0.5076517,0.5008207,0.49337658,0.48535118,0.4767761,0.46768305,0.45810375,0.44806993,0.43761334,0.42676565,0.41555852,0.4040237,0.39219302,0.38009802,0.3677705,0.35524204,0.3425446,0.32970962,0.31676897,0.3037544,0.29069752,0.27763,0.26458365,0.25159016,0.23868124,0.22588861,0.21324393,0.20077899,0.18852538,0.17651497,0.16477935,0.15335028,0.14277811,0.13354811,0.12559423,0.1188505,0.113250874,0.10872939,0.105220005,0.10265672,0.10097354,0.10010442,0.09998343,0.10054449,0.101721615,0.1034488,0.10566006
0.31801355,0.31685147,0.3158741,0.31511068,0.31459042,0.31434244,0.3143959,0.31478003,0.31552398,0.31665695,0.31820804,0.32020652,0.3226815,0.32566217,0.3291777,0.33325723,0.33793,0.34323332,0.3491433,0.3555971,0.36253202,0.36988524,0.37759408,0.38559574,0.39382765,0.40222675,0.41073048,0.41927606,0.4278007,0.43624163,0.44453618,0.45262152,0.46043506,0.46791378,0.47499508,0.48161626,0.48771444,0.49322695,0.49809107,0.5022438,0.50562274,0.508165,0.5098077,0.5104883,0.51014394,0.50871176,0.50612915,0.50233334,0.49726155,0.49122453,0.48459432,0.47740006,0.46967086,0.46143606,0.45272467,0.44356596,0.43398914,0.42402327,0.41369763,0.4030413,0.3920835,0.38085338,0.36938015,0.35769302,0.3458212,0.33379355,0.32163963,0.3093885,0.29706922,0.28471103,0.27234313,0.25999475,0.2476949,0.23547292,0.22335784,0.21137893,0.19956535,0.1879463,0.17655088,0.16540831,0.15454778,0.14449687,0.13572197,0.12816022,0.121749,0.11642548,0.112126924,0.108790554,0.10635367,0.104753464,0.103927225,0.10381219,0.10434559,0.105464675,0.10710669,0.109208934
0.31664777,0.31558865,0.314698,0.31400234,0.31352812,0.31330216,0.31335092,0.31370094,0.3143789,0.3154114,0.316825,0.31864625,0.3209018,0.32361823,0.326822,0.33053988,0.33479837,0.3396427,0.34506083,0.35099337,0.35738102,0.36416435,0.371284,0.37868074,0.38629505,0.3940677,0.40193924,0.40985042,0.41774175,0.42555392,0.4332277,0.44070345,0.44792214,0.45482412,0.4613503,0.46744108,0.4730373,0.47807947,0.48250827,0.48626447,0.4892885,0.49152106,0.49290293,0.49337462,0.49287683,0.49135014,0.4887352,0.48497272,0.48000336,0.47413152,0.4677191,0.4607926,0.4533787,0.44550386,0.43719485,0.42847812,0.41938034,0.40992802,0.40014774,0.3900662,0.37970987,0.3691054,0.35827944,0.3472584,0.33606905,0.3247378,0.31329143,0.3017564,0.2901593,0.27852675,0.26688543,0.25526172,0.24368237,0.23217393,0.22076298,0.20947608,0.19833992,0.18738092,0.17662579,0.16610111,0.15583342,0.14632635,0.13802622,0.1308737,0.12480938,0.11977388,0.11570792,0.112552084,0.11024703,0.10873342,0.10795189,0.10784308,0.1083476,0.109406136,0.11095933,0.11294779
0.31495327,0.31399897,0.31319642,0.3125696,0.31214234,0.31193867,0.3119826,0.31229806,0.31290892,0.3138393,0.31511298,0.31675404,0.31878638,0.321234,0.32412085,0.3274708,0.3313079,0.33568507,0.34060198,0.34600285,0.3518318,0.35803297,0.36455056,0.37132877,0.37831163,0.38544345,0.3926683,0.39993042,0.4071739,0.41434294,0.42138168,0.4282344,0.434845,0.44115788,0.44711703,0.45266682,0.45775124,0.4623145,0.4663008,0.4696543,0.47231904,0.47423935,0.47535935,0.47562307,0.47497487,0.47335878,0.47071904,0.46699968,0.462145,0.4564525,0.45027283,0.44363,0.436548,0.42905068,0.42116207,0.4129062,0.40430683,0.3953881,0.38617387,0.37668824,0.36695492,0.35699806,0.34684157,0.33650935,0.3260254,0.31541377,0.3046982,0.29390287,0.28305158,0.2721684,0.2612772,0.25040197,0.23956667,0.22879529,0.21811171,0.20753998,0.19710395,0.18682766,0.17673501,0.16685003,0.15719661,0.14825326,0.14044529,0.13371687,0.1280121,0.1232752,0.11945032,0.11648162,0.11431326,0.11288939,0.11215418,0.11205181,0.11252647,0.11352223,0.114983305,0.11685386
0.31297496,0.312127,0.31141388,0.3108568,0.31047714,0.3102962,0.31033525,0.31061557,0.31115842,0.31198502,0.31311682,0.31457508,0.316381,0.31855595,0.32112116,0.3240979,0.32750756,0.33141047,0.33581805,0.3406782,0.3459386,0.35154703,0.35745135,0.36359933,0.3699388,0.3764174,0.3829831,0.3895835,0.3961666,0.4026801,0.40907174,0.4152893,0.42128068,0.42699355,0.4323758,0.43737513,0.44193932,0.44601628,0.44955373,0.45249945,0.45480123,0.45640686,0.4572641,0.4573208,0.45652473,0.45482364,0.45216537,0.44849768,0.44376835,0.43826735,0.43233338,0.42598796,0.4192522,0.41214746,0.404695,0.39691624,0.38883218,0.38046432,0.37183395,0.36296234,0.35387066,0.34458038,0.3351127,0.3254888,0.31573018,0.30585796,0.29589358,0.28585818,0.2757731,0.26565966,0.25553912,0.24543281,0.2353619,0.22534782,0.21541177,0.20557503,0.19585897,0.18628486,0.17687388,0.16764744,0.15862678,0.15026431,0.14296348,0.13667206,0.13133784,0.12690862,0.123332135,0.12055628,0.11852874,0.11719736,0.11650991,0.1164142,0.11685798,0.11778908,0.11915529,0.12090434
0.31075764,0.31001726,0.30939457,0.30890822,0.30857676,0.30841875,0.30845279,0.30869755,0.30917153,0.3098933,0.31088147,0.31215474,0.31373152,0.31563047,0.31787017,0.32046923,0.32344624,0.32686895,0.33076042,0.33507225,0.33975577,0.3447626,0.35004422,0.35555223,0.36123797,0.36705303,0.37294894,0.3788772,0.38478923,0.3906367,0.39637095,0.40194356,0.40730605,0.41240987,0.41720662,0.4216476,0.42568463,0.429269,0.4323522,0.43488583,0.43682143,0.43811038,0.4387043,0.43855464,0.4376129,0.4358306,0.43315923,0.42955026,0.42495534,0.419656,0.41397876,0.4079422,0.4015648,0.3948653,0.38786215,0.38057405,0.37301952,0.36521718,0.3571856,0.34894335,0.3405091,0.33190125,0.32313865,0.31423965,0.305223,0.29610717,0.28691083,0.27765244,0.26835075,0.25902432,0.24969162,0.24037136,0.23108208,0.22184238,0.21267079,0.20358595,0.19460641,0.1857508,0.1770377,0.16848569,0.16011335,0.15234624,0.14556514,0.13972162,0.13476713,0.13065326,0.1273314,0.124753125,0.122869946,0.12163335,0.120994836,0.12090592,0.12131814,0.12218292,0.12345186,0.12507643
0.308346,0.30771428,0.307183,0.30676803,0.30648518,0.30635032,0.3063794,0.30658823,0.30699265,0.30760857,0.30845174,0.3095381,0.31088358,0.3125039,0.31441495,0.31663266,0.31917286,0.32211056,0.32548037,0.3292376,0.3333376,0.33773562,0.34238693,0.34724683,0.3522707,0.3574138,0.36263135,0.36787874,0.3731112,0.37828407,0.38335264,0.3882722,0.39299792,0.39748546,0.40168977,0.40556616,0.40907007,0.41215682,0.41478148,0.41689962,0.41846642,0.41943708,0.41976705,0.41941157,0.418326,0.41646546,0.4137853,0.41024095,0.40578765,0.4006984,0.3952866,0.38956836,0.3835592,0.37727517,0.3707322,0.36394587,0.35693234,0.3497074,0.34228674,0.33468643,0.3269221,0.31900987,0.31096548,0.30280474,0.2945435,0.2861978,0.2777833,0.26931596,0.26081157,0.25228608,0.24375525,0.23523507,0.22674125,0.21828976,0.20989643,0.2015771,0.19334768,0.18522394,0.17722179,0.16935714,0.16164574,0.1544857,0.14823464,0.14284782,0.1382806,0.13448822,0.13142604,0.12904927,0.12731329,0.12617333,0.12558474,0.1255028,0.12588276,0.12667999,0.12784973,0.12934728
0.30578506,0.30526277,0.3048235,0.30448037,0.30424654,0.30413514,0.3041591,0.30433172,0.30466622,0.30517536,0.3058725,0.30677068,0.30788308,0.3092227,0.3108027,0.31263623,0.3147364,0.31718528,0.32002926,0.32322723,0.32673845,0.33052203,0.33453715,0.3387429,0.34309852,0.34756303,0.35209566,0.35665563,0.36120182,0.3656936,0.37009007,0.3743503,0.37843356,0.38229886,0.38590536,0.3892123,0.3921788,0.3947639,0.39692685,0.39862671,0.39982274,0.40047395,0.40053955,0.39997864,0.39875048,0.39681408,0.39412862,0.39065328,0.3863472,0.3814744,0.37633502,0.37094218,0.36530885,0.35944828,0.35337356,0.34709772,0.34063405,0.33399546,0.3271952,0.3202463,0.31316188,0.30595514,0.29863906,0.29122686,0.28373164,0.27616647,0.2685445,0.26087874,0.25318247,0.24546872,0.23775053,0.23004113,0.22235358,0.21470101,0.20709649,0.19955318,0.19208416,0.18470256,0.17742151,0.17025405,0.16321337,0.15666944,0.15095629,0.146033,0.14185877,0.13839272,0.13559403,0.1334218,0.13183518,0.13079333,0.13025536,0.1301805,0.13052775,0.13125637,0.13232547,0.13369419
0.3031195,0.3027072,0.30236048,0.30208963,0.30190504,0.30181703,0.30183604,0.3019723,0.30223626,0.30263817,0.3031885,0.30389756,0.3047757,0.3058332,0.3070805,0.3085279,0.3101858,0.31214333,0.3144583,0.3170937,0.32001257,0.32317778,0.32655257,0.33009988,0.33378282,0.3375643,0.3414074,0.34527516,0.3491305,0.35293669,0.35665655,0.36025313,0.36368954,0.36692876,0.36993387,0.37266788,0.37509373,0.3771745,0.37887335,0.3801531,0.38097692,0.38130778,0.38110873,0.38034278,0.37897304,0.37696236,0.37427393,0.37087077,0.36671582,0.36206397,0.3572017,0.35213935,0.34688717,0.34145552,0.33585492,0.33009547,0.32418782,0.3181421,0.31196865,0.30567795,0.2992803,0.292786,0.28620544,0.279549,0.272827,0.26604977,0.25922775,0.2523712,0.24549045,0.23859593,0.23169799,0.22480689,0.21793309,0.21108684,0.20427857,0.19751863,0.19081733,0.18418503,0.17763208,0.17116886,0.1648057,0.15888417,0.15371445,0.14925943,0.14548226,0.14234592,0.1398134,0.1378478,0.1364121,0.13546933,0.13498256,0.13491474,0.135229,0.13588835,0.13685574,0.13809426
0.30039424,0.3000922,0.29983824,0.29963985,0.29950467,0.29944023,0.2994541,0.29955393,0.29974726,0.30004168,0.30044475,0.30096412,0.30160728,0.30238187,0.30329543,0.3043556,0.30556992,0.30703467,0.308819,0.31088987,0.31321424,0.315759,0.31849113,0.32137752,0.32438517,0.32748097,0.33063182,0.33380485,0.33696675,0.3400846,0.3431253,0.3460558,0.34884304,0.35145387,0.3538554,0.35601443,0.35789797,0.35947293,0.3607062,0.36156482,0.36201566,0.3620257,0.36156178,0.360591,0.3590801,0.35699618,0.35430607,0.35097685,0.34697533,0.34254703,0.33796456,0.33323556,0.3283676,0.32336816,0.3182449,0.3130054,0.30765715,0.30220792,0.29666504,0.2910364,0.28532937,0.27955154,0.27371055,0.26781398,0.26186937,0.25588435,0.24986647,0.2438233,0.23776245,0.23169151,0.22561802,0.21954955,0.21349376,0.2074582,0.20145044,0.19547805,0.18954858,0.18366972,0.17784894,0.17209388,0.1664121,0.16111667,0.15649348,0.1525095,0.14913163,0.14632687,0.14406215,0.14230432,0.14102043,0.14017731,0.139742,0.13968137,0.1399624,0.14055203,0.14141715,0.1425247
0.29765397,0.29746237,0.29730123,0.29717535,0.29708958,0.29704872,0.29705757,0.29712084,0.2972435,0.29743037,0.29768607,0.29801562,0.2984236,0.29891506,0.29949468,0.3001673,0.30093774,0.30190927,0.30316254,0.30466846,0.30639786,0.3083215,0.31041032,0.31263527,0.314967,0.3173765,0.31983456,0.32231203,0.3247798,0.3272087,0.32956964,0.33183336,0.33397081,0.33595276,0.33775014,0.3393338,0.34067455,0.34174326,0.34251076,0.34294787,0.3430256,0.34271458,0.3419858,0.34081015,0.33915836,0.33700132,0.33430994,0.3310551,0.3272075,0.32300338,0.31870148,0.31430653,0.30982348,0.30525693,0.30061188,0.2958931,0.2911054,0.2862535,0.28134227,0.27637652,0.27136108,0.26630077,0.26120034,0.25606462,0.2508985,0.2457067,0.24049407,0.2352654,0.2300255,0.22477917,0.21953121,0.21428652,0.20904982,0.20382594,0.19861971,0.1934359,0.18827938,0.18315493,0.17806734,0.17302145,0.16802205,0.16335356,0.15927774,0.15576543,0.15278748,0.15031481,0.14831819,0.14676848,0.14563659,0.14489332,0.14450955,0.14445609,0.14470387,0.14522369,0.14598635,0.1469628
0.29494363,0.29486227,0.29479387,0.29474038,0.29470396,0.29468656,0.2946903,0.29471722,0.29476932,0.29484862,0.29495725,0.29509717,0.2952705,0.29547918,0.29572532,0.29601097,0.29633814,0.29681715,0.2975403,0.2984822,0.2996176,0.3009213,0.3023681,0.3039327,0.30558985,0.30731428,0.30908084,0.31086415,0.31263915,0.31438044,0.31606287,0.31766108,0.31914985,0.32050407,0.32169843,0.32270768,0.32350647,0.32406965,0.32437196,0.3243882,0.32409316,0.32346144,0.32246792,0.32108727,0.31929433,0.3170638,0.31437048,0.31118906,0.30749434,0.30351305,0.2994903,0.2954281,0.29132828,0.2871932,0.2830247,0.2788249,0.27459583,0.27033946,0.2660579,0.26175326,0.2574275,0.2530827,0.24872077,0.24434392,0.23995416,0.23555346,0.23114394,0.2267276,0.22230649,0.2178826,0.21345814,0.209035,0.20461525,0.20020095,0.19579412,0.19139685,0.18701114,0.18263906,0.17828262,0.1739439,0.16962494,0.1655816,0.16205154,0.15900956,0.15643041,0.15428883,0.15255953,0.15121742,0.15023707,0.14959331,0.14926095,0.14921466,0.14942925,0.14987941,0.15054001,0.15138568
0.29230797,0.29233643,0.29236037,0.29237908,0.29239184,0.29239792,0.29239658,0.29238716,0.29236895,0.2923412,0.2923032,0.29225427,0.29219362,0.2921206,0.2920345,0.2919346,0.29182017,0.29180858,0.2920036,0.29238385,0.29292792,0.29361445,0.2944221,0.29532945,0.29631516,0.29735786,0.29843616,0.2995287,0.30061412,0.3016711,0.3026781,0.30361396,0.30445722,0.3051865,0.3057804,0.30621767,0.3064768,0.30653647,0.30637535,0.305972,0.30530512,0.3043533,0.30309516,0.30150938,0.29957455,0.29726934,0.2945723,0.29146218,0.28791746,0.28415588,0.28040892,0.2766757,0.2729556,0.26924783,0.26555178,0.26186675,0.25819185,0.25452656,0.25087005,0.2472216,0.24358058,0.23994626,0.23631777,0.23269464,0.22907601,0.22546118,0.22184946,0.21824011,0.21463242,0.21102567,0.20741922,0.20381226,0.2002041,0.19659403,0.19298133,0.18936534,0.18574524,0.18212043,0.17849012,0.17485361,0.1712102,0.1677875,0.16479926,0.16222423,0.16004094,0.15822808,0.15676427,0.15562811,0.15479824,0.15425332,0.15397193,0.15393278,0.15411443,0.15449551,0.15505467,0.15577057
0.28979185,0.28992948,0.29004526,0.29013565,0.29019728,0.2902267,0.29022038,0.29017487,0.29008675,0.28995255,0.28976882,0.2895321,0.28923896,0.28888583,0.28846937,0.28798607,0.2874326,0.2869334,0.28660378,0.28642616,0.286383,0.28645682,0.28663003,0.28688502,0.2872044,0.28757054,0.2879659,0.28837293,0.28877413,0.28915194,0.28948885,0.28976724,0.28996968,0.2900786,0.29007635,0.28994545,0.28966847,0.28922775,0.28860578,0.28778508,0.28674802,0.28547707,0.2839547,0.2821634,0.28008568,0.27770382,0.27500045,0.271958,0.26855883,0.26501182,0.26153514,0.2581252,0.2547786,0.251492,0.24826176,0.24508452,0.24195686,0.23887523,0.23583625,0.23283646,0.22987232,0.22694047,0.22403741,0.2211597,0.21830386,0.21546648,0.21264403,0.20983316,0.2070303,0.20423208,0.20143497,0.19863561,0.19583046,0.19301611,0.19018908,0.18734594,0.18448317,0.18159741,0.17868513,0.1757429,0.17276725,0.16995797,0.16750528,0.1653917,0.16359971,0.16211174,0.16091026,0.15997772,0.15929657,0.15884934,0.15861838,0.15858622,0.15873528,0.15904811,0.15950704,0.16009466
0.28744003,0.287686,0.28789288,0.2880544,0.28816456,0.28821707,0.2882057,0.2881244,0.28796694,0.28772718,0.28739884,0.28697583,0.28645197,0.28582114,0.285077,0.28421354,0.28322452,0.28224173,0.28139216,0.28066194,0.28003728,0.27950448,0.2790497,0.2786592,0.27831915,0.27801585,0.27773553,0.27746433,0.2771886,0.27689448,0.27656826,0.2761961,0.27576423,0.275259,0.27466646,0.27397293,0.2731647,0.27222785,0.2711487,0.26991346,0.2685084,0.26691973,0.26513362,0.2631364,0.2609141,0.25845322,0.25573975,0.25276,0.2495003,0.24616078,0.24294685,0.2398523,0.23687094,0.23399664,0.23122317,0.22854441,0.22595416,0.22344622,0.22101447,0.2186527,0.21635471,0.21411438,0.21192549,0.2097819,0.20767742,0.20560586,0.20356107,0.20153685,0.19952703,0.19752549,0.19552597,0.19352235,0.19150844,0.18947805,0.187425,0.18534316,0.18322633,0.18106832,0.17886299,0.1766041,0.17428556,0.1720797,0.17015389,0.16849434,0.16708727,0.16591896,0.16497554,0.16424331,0.1637085,0.16335729,0.16317596,0.16315073,0.16326778,0.16351338,0.16387376,0.16433512
0.28529736,0.28565055,0.28594753,0.28617957,0.28633764,0.28641304,0.28639674,0.28628004,0.28605393,0.28570962,0.28523827,0.28463092,0.28387877,0.282973,0.28190455,0.2806648,0.27924472,0.27778366,0.2764201,0.2751439,0.27394497,0.27281335,0.2717388,0.27071133,0.26972082,0.26875716,0.26781037,0.2668703,0.26592684,0.26497,0.26398954,0.26297557,0.26191783,0.26080632,0.25963095,0.2583816,0.2570483,0.2556209,0.25408924,0.25244325,0.25067297,0.24876827,0.24671903,0.24451514,0.24214657,0.23960322,0.23687504,0.23395184,0.23082364,0.22768265,0.22472198,0.22193272,0.21930596,0.21683288,0.21450466,0.21231234,0.21024714,0.20830014,0.2064625,0.20472534,0.20307977,0.201517,0.20002809,0.19860418,0.19723642,0.195916,0.19463393,0.19338146,0.19214968,0.1909297,0.18971269,0.18848976,0.18725206,0.18599072,0.18469685,0.1833616,0.18197614,0.18053155,0.179019,0.1774296,0.1757545,0.17413945,0.17272948,0.17151442,0.17048423,0.16962878,0.16893809,0.16840199,0.1680104,0.16775326,0.16762052,0.16760203,0.16768773,0.16786757,0.16813141,0.1684692
0.2834087,0.28386766,0.2842537,0.28455523,0.28476077,0.28485867,0.28483754,0.28468582,0.28439197,0.28394452,0.28333187,0.2825425,0.28156498,0.2803877,0.27899915,0.2773879,0.27554223,0.27360916,0.27173877,0.26992476,0.2681604,0.26643938,0.2647551,0.2631011,0.2614709,0.25985804,0.25825602,0.25665826,0.2550584,0.25344986,0.25182614,0.2501808,0.24850737,0.24679929,0.24505013,0.24325334,0.24140246,0.23949102,0.23751254,0.23546045,0.23332833,0.23110965,0.22879797,0.22638676,0.22386955,0.22123979,0.21849109,0.21561688,0.2126107,0.20965733,0.20693831,0.20444205,0.20215702,0.20007177,0.19817473,0.19645436,0.19489914,0.19349757,0.19223817,0.19110928,0.19009951,0.18919729,0.1883911,0.18766938,0.18702067,0.1864334,0.18589607,0.18539715,0.18492512,0.18446842,0.18401562,0.18355511,0.18307537,0.18256496,0.18201225,0.1814058,0.18073402,0.17998542,0.17914851,0.17821169,0.17716351,0.17612392,0.17521635,0.17443423,0.1737711,0.1732205,0.1727759,0.17243083,0.17217875,0.17201324,0.17192781,0.17191586,0.17197105,0.1720868,0.17225665,0.17247407
0.28181875,0.282382,0.2828557,0.2832257,0.28347787,0.28359804,0.2835721,0.28338596,0.28302535,0.28247628,0.28172454,0.28075597,0.27955642,0.27811176,0.2764079,0.2744307,0.27216595,0.26976833,0.26739973,0.26505727,0.2627379,0.2604386,0.25815636,0.2558881,0.25363094,0.25138187,0.24913771,0.2468956,0.24465245,0.2424054,0.2401512,0.23788702,0.23560977,0.23331648,0.23100413,0.22866969,0.22631016,0.22392257,0.22150382,0.21905097,0.21656099,0.2140309,0.21145761,0.2088382,0.2061696,0.20344882,0.20067286,0.19783865,0.19494331,0.19216473,0.18967375,0.18745612,0.18549766,0.18378438,0.182302,0.18103643,0.17997353,0.17909917,0.17839922,0.17785951,0.17746589,0.17720427,0.17706048,0.17702037,0.17706984,0.17719471,0.17738084,0.1776141,0.17788036,0.17816548,0.1784553,0.1787357,0.17899252,0.17921168,0.17937893,0.17948022,0.17950141,0.1794283,0.17924681,0.17894277,0.17850204,0.17801984,0.1775989,0.17723612,0.17692852,0.17667317,0.17646696,0.17630687,0.17618996,0.17611322,0.17607357,0.17606807,0.17609362,0.17614733,0.1762261,0.17632695
0.2805725,0.2812381,0.2817979,0.28223518,0.28253317,0.2826752,0.2826446,0.28242454,0.28199846,0.28134954,0.28046104,0.27931643,0.2778988,0.27619153,0.2741779,0.27184126,0.2691648,0.2663111,0.2634541,0.26059422,0.25773174,0.25486693,0.2520002,0.24913195,0.24626242,0.24339195,0.24052095,0.2376497,0.23477858,0.23190793,0.22903803,0.2261693,0.22330204,0.22043656,0.21757324,0.21471244,0.21185446,0.20899962,0.20614836,0.2033009,0.20045763,0.1976189,0.19478506,0.19195643,0.18913332,0.18631613,0.18350516,0.18070075,0.17790328,0.17528482,0.17300615,0.17105053,0.16940127,0.16804172,0.16695504,0.16612458,0.16553366,0.16516557,0.16500355,0.16503091,0.16523096,0.16558696,0.16608223,0.16670002,0.16742368,0.16823645,0.16912164,0.1700625,0.17104238,0.17204452,0.17305224,0.1740488,0.17501754,0.17594169,0.17680459,0.1775895,0.17827973,0.17885853,0.17930926,0.17961511,0.17975946,0.17981389,0.17986143,0.17990239,0.17993708,0.17996596,0.17998922,0.1800073,0.18002048,0.18002915,0.18003362,0.18003426,0.18003136,0.1800253,0.1800164,0.180005
0.27971464,0.28048053,0.28112474,0.2816279,0.28197083,0.28213423,0.282099,0.2818458,0.2813555,0.28060874,0.2795864,0.27826926,0.276638,0.27467346,0.2723564,0.26966754,0.2665877,0.26328766,0.25995338,0.25658837,0.25319624,0.24978042,0.24634455,0.24289216,0.23942675,0.23595189,0.23247114,0.22898802,0.22550607,0.22202884,0.21855992,0.21510278,0.211661,0.20823814,0.20483772,0.20146322,0.19811831,0.19480647,0.19153126,0.18829617,0.1851048,0.1819607,0.17886735,0.17582838,0.17284727,0.16992757,0.16707285,0.16428663,0.16157249,0.15909743,0.15701336,0.15530105,0.1539413,0.15291484,0.15220243,0.15178485,0.15164292,0.15175733,0.15210897,0.15267847,0.15344669,0.15439437,0.1555023,0.15675123,0.15812194,0.15959527,0.16115186,0.16277252,0.1644381,0.1661293,0.16782695,0.16951172,0.17116447,0.17276593,0.1742969,0.17573814,0.1770704,0.17827447,0.17933111,0.1802211,0.18092525,0.18149279,0.18198833,0.18241532,0.18277736,0.18307799,0.18332072,0.18350913,0.18364672,0.18373708,0.18378375,0.18379027,0.1837601,0.18369691,0.18360424,0.18348551
0.27929,0.28015396,0.2808805,0.28144804,0.28183484,0.28201917,0.2819794,0.28169388,0.28114077,0.28029853,0.27914542,0.2776597,0.27581975,0.2736039,0.2709903,0.26795748,0.26448363,0.26074803,0.25694877,0.2530925,0.2491857,0.24523501,0.24124704,0.23722833,0.23318547,0.22912508,0.22505368,0.22097793,0.21690434,0.21283954,0.20879012,0.20476264,0.20076369,0.19679986,0.19287771,0.18900383,0.18518482,0.18142729,0.17773776,0.17412286,0.17058915,0.16714323,0.16379167,0.16054107,0.15739802,0.15436906,0.1514608,0.14867984,0.14603275,0.14368251,0.1417733,0.1402834,0.13919115,0.1384748,0.13811274,0.13808325,0.13836461,0.13893518,0.1397732,0.14085709,0.14216506,0.14367548,0.14536664,0.14721686,0.14920442,0.15130767,0.15350491,0.15577441,0.15809457,0.16044362,0.16279991,0.16514172,0.1674474,0.16969523,0.17186356,0.17393066,0.17587484,0.17767446,0.17930776,0.18075313,0.1819888,0.1830433,0.18396392,0.18475729,0.18542992,0.18598843,0.18643941,0.18678945,0.18704513,0.18721302,0.18729968,0.18731177,0.1872558,0.18713838,0.18696612,0.18674555
0.2791088,0.2800635,0.28086653,0.28149372,0.28192112,0.28212485,0.28208098,0.2817653,0.28115422,0.28022334,0.27894896,0.27730718,0.2752739,0.27282506,0.2699369,0.26658523,0.26274627,0.25860724,0.25437787,0.25006738,0.2456852,0.24124065,0.23674306,0.23220184,0.22762631,0.22302581,0.21840979,0.2137875,0.20916829,0.20456159,0.19997668,0.19542299,0.19090982,0.18644658,0.18204254,0.1777071,0.17344967,0.1692795,0.16520602,0.16123855,0.15738647,0.15365909,0.15006581,0.14661597,0.14331895,0.14018406,0.13722068,0.13443816,0.13184586,0.12960343,0.1278484,0.12655674,0.1257045,0.12526774,0.12522243,0.12554468,0.12621045,0.12719579,0.12847678,0.13002937,0.13182966,0.13385366,0.13607739,0.13847688,0.1410282,0.14370733,0.14649035,0.14935325,0.15227206,0.15522285,0.15818161,0.16112441,0.16402727,0.16686618,0.16961722,0.17225638,0.17475975,0.17710336,0.17926316,0.18121524,0.18293566,0.18443397,0.18574208,0.18686935,0.18782508,0.18861869,0.18925951,0.18975689,0.19012018,0.19035871,0.19048187,0.19049904,0.1904195,0.19025266,0.19000788,0.18969451
0.2789506,0.2799847,0.28085425,0.28153357,0.28199643,0.28221714,0.2821695,0.28182775,0.28116578,0.28015772,0.27877754,0.27699935,0.27479717,0.27214512,0.2690171,0.2653872,0.26122946,0.25673833,0.25213337,0.2474264,0.24262916,0.23775338,0.23281094,0.22781351,0.22277293,0.21770096,0.21260934,0.20750989,0.20241435,0.19733451,0.19228216,0.18726903,0.18230695,0.17740762,0.17258291,0.16784456,0.16320427,0.1586739,0.1542652,0.1499899,0.14585987,0.14188679,0.1380825,0.13445872,0.13102727,0.1277999,0.124788366,0.12200447,0.11946,0.11731174,0.11569129,0.11457269,0.113930024,0.11373732,0.11396857,0.11459789,0.11559925,0.116946764,0.11861442,0.12057626,0.12280637,0.12527873,0.12796742,0.1308465,0.13388999,0.1370719,0.14036632,0.14374724,0.14718874,0.15066487,0.15414962,0.15761708,0.16104127,0.16439627,0.16765605,0.17079471,0.17378627,0.17660476,0.17922422,0.18161874,0.18376228,0.1856481,0.18729453,0.1887133,0.18991624,0.19091508,0.19172157,0.19234759,0.1928048,0.19310503,0.19326006,0.19328165,0.19318157,0.19297162,0.19266349,0.19226907
0.27881435,0.27991664,0.28084376,0.28156787,0.2820614,0.2822966,0.28224584,0.2818815,0.28117576,0.28010115,0.2786298,0.27673414,0.27438653,0.27155915,0.26822448,0.26435477,0.25992236,0.25512773,0.2501992,0.2451505,0.2399956,0.23474826,0.22942244,0.2240319,0.21859054,0.21311228,0.20761086,0.20210019,0.19659418,0.19110663,0.18565147,0.18024245,0.1748935,0.16961847,0.1644312,0.15934554,0.15437542,0.14953463,0.14483704,0.14029653,0.13592692,0.13174212,0.12775595,0.12398231,0.12043503,0.11712792,0.114074945,0.11128988,0.108786635,0.10671945,0.105215,0.10424555,0.10378348,0.103801064,0.10427065,0.105164595,0.106455155,0.10811476,0.11011562,0.11243014,0.11503061,0.11788938,0.12097877,0.124271095,0.12773867,0.13135387,0.13508897,0.13891633,0.1428082,0.14673704,0.15067509,0.15459469,0.15846816,0.16226783,0.16596605,0.1695351,0.17294733,0.17617509,0.1791907,0.18196644,0.18447466,0.18669437,0.18863232,0.19030231,0.19171822,0.19289395,0.19384329,0.1945801,0.19511828,0.19547169,0.19565415,0.19567955,0.19556175,0.1953146,0.19495198,0.19448772
0.27869877,0.279859,0.2808348,0.281597,0.2821164,0.282364,0.28231063,0.28192708,0.28118432,0.28005317,0.27850452,0.27650926,0.27403829,0.27106237,0.26755247,0.26347947,0.25881413,0.25376222,0.2485593,0.24322093,0.23776275,0.23220038,0.22654946,0.22082563,0.2150445,0.20922169,0.20337284,0.19751358,0.19165955,0.1858263,0.18002962,0.1742849,0.16860794,0.16301432,0.1575197,0.15213965,0.14688982,0.14178583,0.13684331,0.13207793,0.12750524,0.123140894,0.11900057,0.115099825,0.1114543,0.10807967,0.10499149,0.10220545,0.09973714,0.09773875,0.096332625,0.095489636,0.09518065,0.09537656,0.09604823,0.09716649,0.098702304,0.10062647,0.10290988,0.1055234,0.108437896,0.11162427,0.11505338,0.118696064,0.122523256,0.12650578,0.13061453,0.13482037,0.13909419,0.14340681,0.14772916,0.15203215,0.15628651,0.16046324,0.16453314,0.16846715,0.17223606,0.17581078,0.1791622,0.1822612,0.18507862,0.18758143,0.18976657,0.19164956,0.19324607,0.19457173,0.19564214,0.19647296,0.19707976,0.19747823,0.19768398,0.19771263,0.19757983,0.19730112,0.19689226,0.19636874
0.27860272,0.2798111,0.28082743,0.28162116,0.2821621,0.28242,0.28236437,0.28196496,0.2811914,0.28001338,0.27840057,0.2763226,0.27374917,0.27064988,0.2669945,0.2627526,0.25789392,0.25262833,0.24719755,0.24161865,0.23590869,0.23008472,0.22416392,0.21816331,0.21210004,0.20599121,0.19985385,0.19370514,0.18756206,0.18144186,0.17536145,0.16933812,0.1633888,0.15753068,0.15178078,0.14615625,0.14067419,0.13535167,0.1302058,0.12525368,0.120512344,0.11599895,0.11173056,0.10772429,0.10399725,0.100566484,0.09744913,0.09466226,0.09222295,0.090281665,0.088957205,0.08821922,0.08803735,0.08838133,0.08922079,0.090525396,0.09226479,0.09440863,0.09692664,0.09978846,0.102963686,0.106422074,0.11013326,0.11406691,0.118192665,0.122480236,0.12689924,0.13141935,0.13601027,0.14064161,0.14528307,0.14990434,0.154475,0.15896478,0.1633434,0.16758035,0.17164546,0.17550832,0.1791386,0.18250598,0.18558012,0.18831804,0.1907084,0.19276828,0.19451472,0.19596484,0.19713582,0.19804463,0.19870847,0.19914438,0.19936946,0.1994008,0.1992555,0.19895063,0.19850333,0.19793071
0.2785253,0.2797725,0.28082132,0.28164065,0.282199,0.2824652,0.28240776,0.28199548,0.28119713,0.27998126,0.27831656,0.2761718,0.27351567,0.2703168,0.26654392,0.2621657,0.2571509,0.25171283,0.2460981,0.24032493,0.2344116,0.22837645,0.22223766,0.21601361,0.20972253,0.2033827,0.1970124,0.19062993,0.18425351,0.17790149,0.17159215,0.1653437,0.15917447,0.15310276,0.1471468,0.1413249,0.1356553,0.13015631,0.124846235,0.11974329,0.11486582,0.11023208,0.10586031,0.101768844,0.09797593,0.09449986,0.09135893,0.08857138,0.086155504,0.08426034,0.08300181,0.08234859,0.08226941,0.08273294,0.083707884,0.0851629,0.0870667,0.08938792,0.092095375,0.09515764,0.098543465,0.10222149,0.10616045,0.11032902,0.11469587,0.119229734,0.12389925,0.12867312,0.13352008,0.13840881,0.14330792,0.14818616,0.15301228,0.15775488,0.16238263,0.16686432,0.17116857,0.17526406,0.17911953,0.18270363,0.18598507,0.18891282,0.19146886,0.19367157,0.19553909,0.19708979,0.1983419,0.19931377,0.2000236,0.20048973,0.20073041,0.20076393,0.20060852,0.20028253,0.19980428,0.1991919
0.27846515,0.27974245,0.28081673,0.28165582,0.28222767,0.28250027,0.28244138,0.28201923,0.2812015,0.27995625,0.27825135,0.2760548,0.2733344,0.27005827,0.26619422,0.26171017,0.25657415,0.2510022,0.24524467,0.23932077,0.23324963,0.2270505,0.22074263,0.2143451,0.2078772,0.2013581,0.19480698,0.18824306,0.18168558,0.17515367,0.16866656,0.16224349,0.15590358,0.14966604,0.1435501,0.13757499,0.13175985,0.1261239,0.12068636,0.11546641,0.11048324,0.105756044,0.10130409,0.097146474,0.09330245,0.08979121,0.08663198,0.08384389,0.08144623,0.07958683,0.07837949,0.07779209,0.07779256,0.07834891,0.079428986,0.08100074,0.08303216,0.0854911,0.088345535,0.09156343,0.09511266,0.098961174,0.10307692,0.10742783,0.11198181,0.11670683,0.12157079,0.12654167,0.13158736,0.13667578,0.14177491,0.14685267,0.15187697,0.15681577,0.161637,0.16630855,0.17079842,0.17507449,0.17910472,0.18285702,0.18629938,0.18937446,0.19205913,0.19437264,0.19633415,0.19796285,0.19927804,0.2002988,0.20104435,0.20153393,0.2017867,0.20182191,0.20165874,0.20131634,0.20081393,0.2001708
0.27842122,0.27972054,0.2808133,0.28166685,0.2822486,0.2825259,0.28246602,0.28203654,0.28120476,0.27993804,0.27820382,0.2759693,0.27320212,0.26986945,0.2659388,0.26137748,0.25615293,0.2504832,0.24462134,0.23858729,0.2324009,0.22608204,0.21965058,0.21312642,0.20652935,0.1998793,0.19319615,0.1864997,0.17980993,0.17314665,0.1665297,0.15997905,0.15351443,0.14715584,0.14092305,0.13483605,0.1289146,0.12317863,0.11764797,0.11234254,0.10728219,0.10248676,0.09797616,0.09377025,0.089888915,0.086351976,0.083179384,0.08039094,0.07800654,0.0761733,0.075003326,0.07446398,0.07452269,0.07514678,0.07630367,0.0779607,0.080085315,0.082644835,0.08560666,0.08893819,0.09260679,0.096579835,0.1008247,0.10530877,0.10999945,0.114864096,0.11987007,0.12498481,0.13017564,0.13541,0.14065517,0.14587864,0.15104774,0.15612984,0.16109233,0.16590263,0.17052805,0.174936,0.17909387,0.18296908,0.18652895,0.18971165,0.19249025,0.1948847,0.19691487,0.1986006,0.19996177,0.20101827,0.20178989,0.20229664,0.20255828,0.20259468,0.20242576,0.20207143,0.20155147,0.20088579
0.2783924,0.27970618,0.2808111,0.28167412,0.28226233,0.28254265,0.2824822,0.28204793,0.28120685,0.27992606,0.27817246,0.27591318,0.27311516,0.26974547,0.26577106,0.26115897,0.2558763,0.25014234,0.24421205,0.23810571,0.23184364,0.22544616,0.21893352,0.21232614,0.20564426,0.19890821,0.19213836,0.18535493,0.17857829,0.17182869,0.16512653,0.15849204,0.15194564,0.14550748,0.13919802,0.13303751,0.12704626,0.121244594,0.1156528,0.110291235,0.1051802,0.10033995,0.09579086,0.09155325,0.087647386,0.084093615,0.080912225,0.078123525,0.07574786,0.07393178,0.07278635,0.07227859,0.07237547,0.07304408,0.07425138,0.075964436,0.078150265,0.08077582,0.08380817,0.087214306,0.09096129,0.0950161,0.09934576,0.10391729,0.10869772,0.11365405,0.118753314,0.12396249,0.12924866,0.13457876,0.1399199,0.14523904,0.15050322,0.15567943,0.16073471,0.16563606,0.17035052,0.17484511,0.17908679,0.18304265,0.18667969,0.18993305,0.19277336,0.19522098,0.1972962,0.19901936,0.20041074,0.20149069,0.2022795,0.20279743,0.20306489,0.20310214,0.20292947,0.20256722,0.20203574,0.20135528
0.2783775,0.27969873,0.28080994,0.2816779,0.2822694,0.28255138,0.28249052,0.2820538,0.28120795,0.27991983,0.2781564,0.27588424,0.2730703,0.26968145,0.26568452,0.26104623,0.2557335,0.24996641,0.24400072,0.23785701,0.23155583,0.22511779,0.21856327,0.2119129,0.20518729,0.19840685,0.19159219,0.18476382,0.17794234,0.17114817,0.16440201,0.1577243,0.15113556,0.14465639,0.1383073,0.13210885,0.12608156,0.12024594,0.1146226,0.10923205,0.10409483,0.09923147,0.09466253,0.090408534,0.08649,0.0829275,0.0797416,0.07695278,0.07458161,0.072774395,0.07164164,0.07115014,0.071266785,0.071958385,0.07319175,0.0749337,0.077151105,0.07981078,0.08287952,0.086324215,0.09011164,0.09420868,0.09858214,0.10319881,0.10802557,0.11302926,0.11817666,0.12343464,0.12877001,0.1341496,0.13954026,0.1449088,0.15022203,0.15544686,0.16055003,0.16549842,0.17025886,0.17479815,0.17908314,0.18308066,0.18675752,0.19004737,0.19291952,0.1953946,0.1974931,0.19923559,0.20064257,0.20173462,0.20253228,0.20305605,0.2033265,0.20336415,0.20318957,0.20282324,0.2022858,0.2015977
0.27837542,0.27969766,0.2808098,0.28167844,0.2822704,0.28255257,0.2824917,0.28205463,0.28120816,0.279919,0.2781541,0.27588016,0.27306405,0.2696725,0.2656724,0.26103052,0.2557136,0.24994187,0.24397126,0.2378224,0.23151575,0.22507206,0.2185117,0.21185538,0.20512366,0.19833703,0.19151615,0.18468156,0.17785376,0.17105347,0.16430114,0.15761736,0.15102276,0.14453791,0.1381833,0.13197957,0.12594724,0.1201069,0.114479154,0.109084584,0.10394372,0.09907714,0.094505414,0.090249136,0.086328864,0.08276516,0.079578586,0.07678976,0.074419215,0.072613254,0.07148225,0.07099304,0.071112424,0.07180721,0.0730442,0.07479019,0.07701197,0.07967639,0.082750216,0.08620029,0.08999335,0.09409626,0.098475814,0.10309877,0.10793199,0.11294225,0.118096374,0.12336115,0.12870336,0.13408984,0.13948739,0.14486282,0.15018292,0.15541449,0.16052434,0.16547927,0.17024606,0.17479162,0.1790826,0.18308596,0.18676837,0.19006327,0.19293988,0.19541878,0.19752052,0.19926569,0.20067488,0.2017686,0.20256747,0.20309204,0.2033629,0.20340063,0.20322576,0.20285891,0.20232062,0.20163146
0.27838504,0.2797025,0.28081053,0.281676,0.2822658,0.28254694,0.28248635,0.28205088,0.2812074,0.279923,0.27816454,0.27589887,0.27309301,0.26971388,0.2657283,0.26110333,0.2558058,0.2500555,0.2441077,0.23798291,0.23170158,0.22528403,0.21875072,0.21212214,0.20541868,0.19866072,0.19186874,0.18506311,0.17826432,0.17149276,0.16476884,0.15811303,0.15154572,0.14508733,0.13875832,0.13257906,0.12657,0.12075159,0.11514424,0.109768376,0.104644395,0.09979273,0.09523385,0.09098812,0.08707602,0.08351795,0.080334336,0.07754557,0.07517212,0.07336042,0.07222123,0.07172152,0.07182816,0.0725081,0.07372828,0.075455606,0.077657014,0.08029941,0.08334971,0.0867749,0.090541855,0.09461751,0.09896877,0.1035626,0.1083659,0.11334561,0.118468635,0.12370191,0.12901235,0.1343669,0.1397325,0.14507604,0.15036441,0.1555646,0.16064355,0.16556811,0.17030525,0.17482191,0.17908499,0.1830614,0.18671812,0.18998945,0.19284552,0.19530669,0.19739343,0.19912611,0.2005252,0.20161112,0.20240428,0.2029251,0.20319404,0.20323145,0.20305786,0.20269364,0.20215918,0.20147495
0.27840522,0.27971262,0.28081208,0.28167087,0.28225622,0.2825352,0.282475,0.28204286,0.28120595,0.27993137,0.27818638,0.27593812,0.27315384,0.2698006,0.26584566,0.26125613,0.25599924,0.25029382,0.24439402,0.23831978,0.23209128,0.22572875,0.21925221,0.21268182,0.20603763,0.1993398,0.19260848,0.18586375,0.17912568,0.17241445,0.16575015,0.15915294,0.15264288,0.1462401,0.1399647,0.13383684,0.12787664,0.12210417,0.11653955,0.11120292,0.106114395,0.101294085,0.09676213,0.092538595,0.088643625,0.085097335,0.08191986,0.079131275,0.07675172,0.07492801,0.07377168,0.073249884,0.07332979,0.07397862,0.07516351,0.07685167,0.07901028,0.08160648,0.0846075,0.087980494,0.091692634,0.095711075,0.100003056,0.104535714,0.10927627,0.11419182,0.119249634,0.12441684,0.12966067,0.13494822,0.14024672,0.1455233,0.15074521,0.15587963,0.16089366,0.16575453,0.17042941,0.17488551,0.17908995,0.18300994,0.1866127,0.18983461,0.19264755,0.1950715,0.19712673,0.19883324,0.20021118,0.20128073,0.20206188,0.20257483,0.20283972,0.20287663,0.2027056,0.20234688,0.2018205,0.20114662
0.2784348,0.2797273,0.28081438,0.2816635,0.28224215,0.28251797,0.28245848,0.2820312,0.28120375,0.27994367,0.27821848,0.27599573,0.27324295,0.26992786,0.26601774,0.2614803,0.25628307,0.25064358,0.244814,0.23881398,0.2326632,0.22638133,0.21998803,0.213503,0.20694584,0.20033625,0.1936939,0.18703845,0.18038951,0.17376684,0.16719002,0.16067876,0.15425268,0.14793153,0.14173487,0.1356824,0.12979382,0.12408876,0.11858686,0.11330786,0.10827134,0.10349702,0.09900454,0.09481355,0.09094373,0.08741476,0.08424627,0.08145795,0.07906945,0.07722811,0.07604661,0.07549242,0.07553312,0.076136276,0.07726943,0.07890012,0.08099593,0.083524354,0.08645301,0.08974942,0.09338114,0.09731569,0.101520665,0.10596359,0.11061201,0.11543352,0.12039563,0.12546588,0.1306119,0.13580117,0.1410012,0.14617965,0.15130395,0.1563418,0.16126062,0.16602805,0.1706116,0.17497881,0.17909724,0.18293448,0.186458,0.18960743,0.192357,0.1947265,0.19673546,0.19840355,0.19975048,0.20079592,0.20155953,0.20206094,0.20231985,0.2023559,0.20218875,0.20183808,0.20132355,0.20066483
0.2784727,0.27974626,0.28081727,0.28165394,0.2822241,0.28249583,0.2824372,0.28201628,0.28120095,0.2799594,0.27825952,0.27606946,0.27335715,0.2700907,0.2662381,0.26176733,0.25664645,0.2510913,0.2453517,0.23944667,0.23339537,0.22721678,0.22093005,0.2145543,0.20810857,0.20161195,0.19508353,0.18854235,0.18200757,0.17549825,0.16903344,0.16263221,0.15631367,0.15009698,0.14400111,0.13804518,0.13224831,0.12662956,0.12120799,0.1160027,0.11103278,0.10631732,0.10187539,0.097726084,0.09388848,0.09038165,0.08722469,0.0844367,0.08203675,0.08017287,0.078959085,0.07836343,0.07835395,0.07889863,0.07996553,0.081522666,0.08353806,0.08597974,0.08881574,0.092014104,0.09554284,0.099369995,0.103463575,0.1077916,0.11232212,0.11702319,0.12186278,0.12680893,0.13182971,0.13689308,0.14196715,0.14701988,0.15201934,0.15693352,0.16173048,0.16637824,0.17084482,0.17509827,0.17910655,0.18283778,0.18625996,0.18931654,0.1919851,0.19428472,0.19623445,0.19785339,0.19916065,0.20017526,0.20091636,0.20140299,0.20165427,0.20168926,0.20152704,0.20118672,0.20068735,0.20004804
