0.21046986,0.21101817,0.21147929,0.21183947,0.2120849,0.21220192,0.21217668,0.21199544,0.21164444,0.21110992,0.21037813,0.20943524,0.20826757,0.2068613,0.20520264,0.20327795,0.20107332,0.19870962,0.19631875,0.19390345,0.19146655,0.18901092,0.18653934,0.18405461,0.18155956,0.17905699,0.17654976,0.17404065,0.17153245,0.16902801,0.16653015,0.1640417,0.1615654,0.15910412,0.15666066,0.15423785,0.15183853,0.14946546,0.1471215,0.1448094,0.14253205,0.14029223,0.13809276,0.13593645,0.1338261,0.13176459,0.12975462,0.12779914,0.12590086,0.12417669,0.12273239,0.121554196,0.12062836,0.1199411,0.119478665,0.1192273,0.11917321,0.119302616,0.11960183,0.12005703,0.12065447,0.12138033,0.122220956,0.123162515,0.1241912,0.12529336,0.12645511,0.12766276,0.12890252,0.13016067,0.1314234,0.13267691,0.13390751,0.1351014,0.1362448,0.137324,0.13832517,0.13923463,0.14003849,0.14072312,0.14127466,0.14172553,0.14211915,0.1424584,0.14274597,0.14298481,0.14317761,0.14332728,0.14343661,0.14350837,0.14354543,0.14355062,0.14352667,0.14347649,0.14340283,0.14330852
0.21123886,0.21179716,0.21226668,0.21263345,0.21288343,0.21300253,0.21297681,0.21279229,0.21243489,0.2118906,0.21114539,0.21018532,0.20899627,0.20756426,0.20587534,0.20391542,0.20167048,0.19926311,0.19682713,0.19436552,0.19188121,0.18937716,0.18685637,0.18432176,0.18177626,0.17922294,0.17666464,0.17410438,0.17154513,0.16898979,0.16644137,0.16390282,0.16137707,0.15886712,0.15637589,0.15390639,0.15146153,0.14904429,0.14665762,0.14430448,0.14198786,0.1397107,0.13747591,0.13528654,0.13314547,0.13105568,0.12902017,0.12704185,0.12512368,0.123383746,0.121928856,0.12074493,0.11981793,0.1191339,0.11867879,0.11843863,0.118399315,0.11854689,0.11886738,0.11934666,0.119970836,0.12072578,0.12159756,0.12257209,0.1236354,0.12477347,0.12597227,0.1272178,0.12849602,0.12979294,0.1310945,0.13238677,0.13365565,0.13488719,0.13606727,0.137182,0.13821727,0.1391591,0.13999349,0.1407064,0.14128381,0.14175776,0.14217153,0.14252809,0.14283037,0.14308143,0.14328413,0.14344145,0.14355634,0.14363179,0.14367075,0.14367618,0.14365104,0.14359826,0.1435208,0.14342171
0.21188554,0.2124523,0.21292892,0.21330118,0.21355493,0.21367592,0.21364978,0.21346244,0.21309966,0.21254715,0.2117907,0.21081609,0.20960909,0.2081555,0.20644104,0.20445152,0.20217271,0.1997286,0.19725467,0.19475412,0.19222993,0.18968517,0.18712296,0.1845464,0.18195856,0.17936248,0.17676127,0.17415802,0.17155576,0.16895762,0.16636668,0.16378604,0.1612187,0.15866779,0.1561364,0.15362759,0.15114447,0.14869007,0.1462675,0.14387986,0.1415302,0.13922161,0.13695715,0.13473992,0.13257302,0.13045952,0.12840246,0.12640494,0.12447006,0.12271691,0.12125306,0.120064296,0.11913635,0.11845504,0.118006095,0.11777532,0.117748484,0.11791134,0.11824969,0.118749276,0.11939589,0.12017527,0.12107323,0.12207555,0.12316797,0.12433624,0.12556618,0.12684356,0.12815414,0.12948368,0.13081796,0.13214277,0.13344383,0.13470699,0.13591796,0.13706253,0.1381265,0.13909562,0.13995562,0.14069232,0.14129153,0.14178483,0.14221554,0.14258672,0.14290139,0.14316268,0.14337367,0.1435374,0.14365704,0.14373557,0.14377612,0.1437818,0.14375561,0.14370066,0.14362007,0.1435169
0.21239069,0.212964,0.21344618,0.2138228,0.21407947,0.21420184,0.21417542,0.2139859,0.21361889,0.21305998,0.21229473,0.21130879,0.2100878,0.2086173,0.20688291,0.2048703,0.20256498,0.20009215,0.19758868,0.1950576,0.19250226,0.18992573,0.18733124,0.18472187,0.1821009,0.17947145,0.17683671,0.1741999,0.17156409,0.16893256,0.16630837,0.16369483,0.16109501,0.15851212,0.15594934,0.15340987,0.15089683,0.14841342,0.14596282,0.14354819,0.1411727,0.13883962,0.13655195,0.13431302,0.1321259,0.12999383,0.12791994,0.12590745,0.12395951,0.12219602,0.120725214,0.11953263,0.118603975,0.117924765,0.11748066,0.11725724,0.11724011,0.117414914,0.11776721,0.118282646,0.11894679,0.11974529,0.12066371,0.121687725,0.12280284,0.123994745,0.12524901,0.12655127,0.1278871,0.12924214,0.13060196,0.13195214,0.13327838,0.13456628,0.13580135,0.13696925,0.1380556,0.139046,0.13992606,0.14068134,0.14129755,0.141806,0.14224996,0.14263248,0.14295682,0.14322616,0.14344363,0.14361241,0.1437357,0.14381664,0.14385846,0.14386429,0.14383729,0.14378068,0.1436976,0.14359125
0.21273495,0.21331277,0.21379869,0.21417828,0.21443698,0.21456024,0.21453366,0.21434268,0.2139728,0.21340945,0.21263824,0.2116446,0.210414,0.20893203,0.2071841,0.20515569,0.20283234,0.20033997,0.19781627,0.1952645,0.19268787,0.1900897,0.18747313,0.18484148,0.18219793,0.17954576,0.17688818,0.17422844,0.17156976,0.16891542,0.16626865,0.16363266,0.16101068,0.15840603,0.15582183,0.15326145,0.15072803,0.14822486,0.14575514,0.14332214,0.14092912,0.13857923,0.1362758,0.13402201,0.13182116,0.12967643,0.12759112,0.1255684,0.12361156,0.12184103,0.12036546,0.11917032,0.11824113,0.1175634,0.117122546,0.11690415,0.116893664,0.11707656,0.117438406,0.11796464,0.11864073,0.11945223,0.12038462,0.12142338,0.12255401,0.123762,0.12503284,0.12635206,0.1277051,0.12907748,0.13045472,0.13182229,0.13316564,0.13447036,0.13572185,0.13690566,0.13800727,0.13901219,0.13990588,0.14067388,0.14130165,0.14182046,0.1422734,0.14266369,0.1429946,0.14326942,0.1434913,0.14366351,0.1437893,0.14387192,0.14391455,0.1439205,0.14389297,0.14383517,0.14375044,0.14364193
0.21289903,0.213479,0.21396676,0.21434774,0.21460734,0.21473113,0.21470442,0.21451272,0.21414144,0.21357605,0.21280196,0.21180466,0.2105695,0.20908204,0.2073276,0.20529169,0.20295978,0.20045808,0.19792475,0.1953631,0.19277637,0.19016786,0.1875408,0.18489848,0.18224417,0.17958117,0.1769127,0.17424205,0.17157246,0.16890725,0.16624972,0.16360301,0.16097052,0.15835544,0.1557611,0.15319073,0.15064758,0.148135,0.14565615,0.1432144,0.14081296,0.13845514,0.13614416,0.13388336,0.1316759,0.12952518,0.12743437,0.1254068,0.12344571,0.12167184,0.120193996,0.11899764,0.1180682,0.11739115,0.11695187,0.11673585,0.116728514,0.11691534,0.11728168,0.11781305,0.118494846,0.11931256,0.1202516,0.12129739,0.1224354,0.12365106,0.12492984,0.12625709,0.12761834,0.12899902,0.13038453,0.13176033,0.1331119,0.13442463,0.13568397,0.13687538,0.13798423,0.1389961,0.13989627,0.14067031,0.1413036,0.1418273,0.14228456,0.1426786,0.14301264,0.14329004,0.14351402,0.14368786,0.14381486,0.14389825,0.1439413,0.14394727,0.1439195,0.14386117,0.14377563,0.14366607
0.21286364,0.21344315,0.21393049,0.21431115,0.2145706,0.21469425,0.21466762,0.214476,0.21410508,0.2135401,0.21276666,0.21177016,0.21053596,0.20904967,0.20729665,0.2052624,0.2029323,0.2004326,0.19790135,0.19534181,0.1927573,0.190151,0.18752621,0.18488619,0.18223421,0.1795735,0.1769074,0.1742391,0.17157191,0.16890903,0.16625378,0.16360943,0.16097918,0.15836637,0.1557742,0.15320598,0.15066494,0.14815436,0.14567754,0.14323762,0.14083803,0.1384819,0.13617256,0.13391328,0.13170725,0.12955782,0.1274682,0.12544169,0.12348149,0.12170835,0.120230995,0.11903489,0.11810552,0.117428295,0.11698868,0.11677216,0.11676415,0.1169501,0.11731548,0.117845744,0.11852631,0.119342685,0.12028028,0.12132458,0.12246099,0.123674974,0.124952026,0.12627758,0.12763706,0.12901591,0.13039969,0.13177371,0.13312349,0.1344345,0.13569213,0.1368819,0.13798924,0.13899957,0.13989836,0.14067109,0.14130318,0.14182585,0.14228214,0.14267537,0.14300877,0.14328559,0.14350913,0.14368261,0.14380933,0.14389256,0.14393553,0.1439415,0.14391378,0.14385559,0.14377017,0.14366086
0.21260947,0.21318564,0.21367022,0.21404873,0.21430668,0.2144296,0.2144031,0.21421264,0.2138438,0.2132821,0.21251301,0.2115222,0.21029513,0.2088173,0.20707431,0.20505165,0.20273492,0.20024963,0.1977333,0.1951891,0.19262023,0.19002995,0.1874214,0.1847979,0.18216257,0.17951867,0.1768694,0.17421803,0.17156771,0.16892165,0.16628312,0.1636553,0.16104144,0.15844469,0.15586834,0.15331554,0.15078954,0.14829358,0.14583085,0.14340453,0.1410179,0.13867413,0.13637644,0.13412808,0.13193223,0.12979212,0.12771098,0.12569198,0.12373838,0.12197042,0.1204966,0.1193024,0.11837338,0.117695116,0.11725305,0.11703285,0.11701994,0.11719989,0.117558256,0.118080534,0.118752286,0.11955905,0.120486334,0.12151972,0.12264471,0.12384682,0.12511164,0.12642466,0.12777142,0.12913747,0.1305084,0.13186961,0.13320675,0.13450529,0.13575082,0.13692884,0.1380249,0.13902451,0.13991323,0.1406766,0.14130014,0.14181517,0.14226483,0.1426523,0.14298086,0.14325365,0.14347391,0.14364488,0.14376976,0.14385179,0.14389412,0.1439,0.14387266,0.14381532,0.14373118,0.14362346
0.21211718,0.21268697,0.21316613,0.21354039,0.21379551,0.21391708,0.21389087,0.21370251,0.2133378,0.21278232,0.21202186,0.21104203,0.20982862,0.20836727,0.20664372,0.20464356,0.20235261,0.19989535,0.19740787,0.19489329,0.1923548,0.1897955,0.18721847,0.18462689,0.18202385,0.17941245,0.17679588,0.17417718,0.17155959,0.16894612,0.16633998,0.1637442,0.16116197,0.15859644,0.15605062,0.15352774,0.15103088,0.1485632,0.14612778,0.14372775,0.14136626,0.1390464,0.13677134,0.13454415,0.13236797,0.13024594,0.12818116,0.12617679,0.12423591,0.122478046,0.12101098,0.11982048,0.11889219,0.11821186,0.117765136,0.11753775,0.117515355,0.11768367,0.11802844,0.11853527,0.11918994,0.11997809,0.12088544,0.121897675,0.12300051,0.12417965,0.12542073,0.12670952,0.12803167,0.12937288,0.13071889,0.13205534,0.13336797,0.13464245,0.13586448,0.13701974,0.13809398,0.13907287,0.13994206,0.14068732,0.14129429,0.14179458,0.14223133,0.14260772,0.14292681,0.14319177,0.14340577,0.14357182,0.14369312,0.14377277,0.14381391,0.14381962,0.14379306,0.14373738,0.14365563,0.143551
0.21136758,0.21192755,0.21239847,0.21276635,0.21301706,0.21313654,0.21311077,0.21292567,0.21256718,0.21202126,0.21127382,0.21031083,0.20911822,0.20768194,0.20598792,0.20402211,0.20177044,0.19935575,0.19691223,0.19444285,0.1919506,0.18943845,0.1869094,0.18436643,0.18181255,0.1792507,0.17668389,0.17411505,0.17154722,0.1689834,0.16642648,0.16387956,0.16134556,0.15882747,0.15632825,0.15385091,0.15139844,0.1489738,0.14658,0.14422001,0.14189678,0.13961336,0.1373727,0.13517776,0.13303155,0.13093701,0.12889722,0.12691507,0.12499361,0.12325104,0.12179434,0.12060944,0.119682305,0.11899879,0.118544936,0.11830661,0.1182698,0.11842043,0.11874444,0.1192278,0.11985639,0.12061622,0.121493176,0.122473285,0.12354236,0.124686465,0.12589145,0.12714334,0.12842797,0.1297314,0.1310395,0.13233821,0.1336135,0.1348513,0.13603756,0.13715822,0.13819921,0.13914646,0.13998593,0.14070359,0.14128536,0.14176315,0.14218028,0.14253975,0.14284454,0.14309758,0.14330193,0.14346053,0.1435764,0.14365245,0.14369173,0.14369719,0.14367186,0.14361864,0.14354058,0.14344065
0.21034119,0.2108878,0.21134749,0.21170655,0.21195127,0.2120679,0.21204275,0.21186206,0.21151215,0.21097928,0.21024969,0.2093097,0.2081456,0.20674363,0.20509009,0.20317124,0.20097338,0.19861701,0.19623366,0.19382611,0.19139719,0.18894966,0.18648629,0.18400991,0.18152331,0.17902923,0.17653053,0.17402995,0.1715303,0.16903439,0.16654499,0.1640649,0.16159688,0.15914376,0.15670833,0.15429333,0.15190162,0.14953594,0.1471991,0.1448939,0.14262313,0.14038955,0.13819598,0.1360452,0.13394004,0.1318832,0.12987757,0.12792587,0.12603095,0.124309406,0.12286687,0.12168964,0.120763995,0.12007622,0.119612545,0.11935928,0.11930272,0.11942911,0.11972475,0.120175906,0.120768875,0.1214899,0.122325286,0.123261325,0.12428421,0.12538035,0.1265359,0.12773721,0.12897058,0.13022219,0.1314784,0.13272546,0.13394967,0.13513726,0.13627453,0.13734776,0.13834326,0.13924722,0.14004605,0.14072591,0.14127311,0.14172016,0.1421104,0.14244668,0.14273183,0.14296861,0.14315979,0.14330816,0.14341655,0.14348774,0.14352448,0.1435296,0.14350587,0.14345607,0.14338307,0.14328957
0.20901883,0.20954819,0.20999338,0.21034114,0.21057813,0.2106911,0.2106667,0.21049173,0.21015285,0.20963679,0.20893022,0.20801988,0.20689248,0.20553471,0.20393333,0.20207499,0.19994643,0.19766518,0.19535938,0.1930315,0.19068415,0.18831985,0.18594112,0.18355052,0.18115059,0.17874388,0.17633297,0.17392033,0.17150854,0.16910014,0.16669767,0.16430368,0.16192071,0.15955131,0.15719801,0.15486339,0.15254991,0.15026022,0.14799678,0.14576216,0.14355893,0.14138962,0.13925675,0.13716286,0.13511053,0.13310228,0.13114065,0.12922822,0.12736747,0.12567298,0.12424868,0.12308135,0.12215766,0.12146432,0.120988056,0.12071555,0.120633505,0.12072869,0.12098779,0.12139748,0.1219445,0.12261556,0.123397365,0.12427663,0.12524004,0.12627435,0.12736624,0.12850244,0.12966964,0.13085458,0.13204393,0.13322441,0.13438275,0.13550568,0.13657984,0.137592,0.13852885,0.13937712,0.14012346,0.14075467,0.14125738,0.14166476,0.14202036,0.14232685,0.14258668,0.14280245,0.14297666,0.14311188,0.14321063,0.1432755,0.143309,0.14331365,0.14329204,0.14324668,0.14318013,0.14309493
0.20738114,0.20788915,0.20831642,0.20865013,0.20887756,0.20898595,0.20896259,0.20879467,0.20846944,0.20797418,0.20729612,0.20642248,0.20534055,0.20403753,0.20250072,0.20071734,0.19867463,0.19648646,0.19427665,0.19204748,0.18980113,0.18753988,0.185266,0.18298163,0.18068905,0.17839052,0.17608829,0.17378452,0.17148153,0.16918153,0.16688676,0.16459939,0.16232173,0.16005602,0.15780447,0.15556931,0.1533528,0.15115716,0.14898466,0.14683749,0.14471789,0.14262812,0.14057042,0.13854702,0.13656011,0.13461201,0.13270488,0.13084105,0.12902266,0.12736167,0.12596,0.12480492,0.12388364,0.12318344,0.12269156,0.1223952,0.12228166,0.12233815,0.12255197,0.12291032,0.12340042,0.12400961,0.124725044,0.12553403,0.12642376,0.1273815,0.12839457,0.1294501,0.1305354,0.1316377,0.13274428,0.13384232,0.13491914,0.13596193,0.13695797,0.13789445,0.1387587,0.13953792,0.14021933,0.14079025,0.14123787,0.14159611,0.14190888,0.14217842,0.14240691,0.14259666,0.14274986,0.14286877,0.14295565,0.14301267,0.14304212,0.14304622,0.1430272,0.14298733,0.14292881,0.14285386
0.20540884,0.20589115,0.20629677,0.20661362,0.20682956,0.20693249,0.20691028,0.20675085,0.20644207,0.20597188,0.20532812,0.20449872,0.20347154,0.20223449,0.20077544,0.19908231,0.19714299,0.19506685,0.1929727,0.19086233,0.18873769,0.18660057,0.18445286,0.18229648,0.1801332,0.17796496,0.17579362,0.17362101,0.17144905,0.16927956,0.16711444,0.16495554,0.16280472,0.16066387,0.15853485,0.15641953,0.15431976,0.15223742,0.15017438,0.1481325,0.14611365,0.14411968,0.14215252,0.14021397,0.13830589,0.13643022,0.13458878,0.13278343,0.13101605,0.12939543,0.12802099,0.12688062,0.12596227,0.1252538,0.1247431,0.124418035,0.12426653,0.12427649,0.12443576,0.12473226,0.12515385,0.1256885,0.12632403,0.12704834,0.12784936,0.12871493,0.129633,0.1305914,0.13157809,0.13258088,0.13358773,0.13458651,0.13556509,0.13651142,0.13741331,0.13825874,0.13903551,0.13973159,0.14033481,0.14083311,0.14121439,0.14151348,0.1417746,0.14199957,0.14219038,0.1423488,0.14247672,0.14257602,0.14264855,0.14269613,0.14272071,0.14272416,0.14270827,0.14267497,0.1426261,0.14256354
0.20308265,0.20353465,0.20391475,0.20421165,0.204414,0.20451047,0.20448966,0.20434026,0.20405091,0.20361029,0.20300698,0.20222971,0.20126714,0.20010786,0.19874056,0.19715387,0.19533648,0.19339256,0.19143474,0.18946458,0.1874834,0.18549268,0.18349385,0.18148836,0.1794776,0.17746301,0.17544606,0.17342815,0.1714107,0.1693952,0.167383,0.16537556,0.16337436,0.16138081,0.15939629,0.15742229,0.15546021,0.1535115,0.15157759,0.14965989,0.14775987,0.1458789,0.14401849,0.14218003,0.14036494,0.1385747,0.13681069,0.13507435,0.13336714,0.1317941,0.13045177,0.12932886,0.12841392,0.1276957,0.12716277,0.12680387,0.1266076,0.1265626,0.12665756,0.12688112,0.12722193,0.12766865,0.1282099,0.12883438,0.12953073,0.13028762,0.13109367,0.1319375,0.13280782,0.1336933,0.13458255,0.1354642,0.13632698,0.13715948,0.13795038,0.13868833,0.13936199,0.13995999,0.14047101,0.14088368,0.14118667,0.14141601,0.1416162,0.14178875,0.14193504,0.1420565,0.14215456,0.1422307,0.14228629,0.1423228,0.14234164,0.14234428,0.14233214,0.14230655,0.1422691,0.14222114
0.20038323,0.20080002,0.20115054,0.20142432,0.20161094,0.20169985,0.20168069,0.20154291,0.20127611,0.20086977,0.20031346,0.19959672,0.19870907,0.19764003,0.19637917,0.19491602,0.19324012,0.19144955,0.18965006,0.18784252,0.18602787,0.18420704,0.182381,0.1805506,0.17871681,0.17688054,0.17504278,0.17320436,0.17136621,0.16952933,0.16769464,0.16586304,0.16403541,0.16221274,0.16039592,0.15858592,0.15678364,0.15498999,0.15320593,0.15143234,0.1496702,0.14792039,0.14618388,0.14446157,0.14275436,0.14106323,0.13938908,0.13773286,0.13609546,0.13457765,0.1332726,0.13216984,0.1312589,0.13052936,0.12997071,0.12957251,0.12932427,0.12921551,0.12923585,0.12937477,0.12962179,0.12996648,0.13039838,0.13090703,0.1314819,0.1321126,0.13278863,0.13349953,0.13423489,0.13498418,0.13573696,0.13648275,0.1372111,0.13791154,0.13857365,0.1391869,0.13974084,0.14022505,0.14062905,0.14094236,0.14115451,0.14130288,0.14143243,0.14154406,0.14163868,0.14171727,0.14178075,0.14182998,0.14186595,0.14188957,0.14190178,0.14190347,0.14189559,0.14187905,0.14185481,0.14182381
0.19729125,0.19766773,0.19798437,0.19823168,0.19840024,0.19848059,0.19846326,0.19833882,0.1980978,0.19773075,0.19722825,0.19658081,0.195779,0.19481336,0.19367445,0.19235277,0.19083895,0.18922408,0.18760584,0.18598461,0.18436071,0.18273449,0.1811063,0.17947648,0.1778454,0.17621338,0.1745808,0.17294799,0.17131528,0.16968304,0.1680516,0.16642132,0.16479257,0.16316566,0.16154094,0.15991877,0.1582995,0.15668346,0.15507102,0.15346253,0.1518583,0.15025872,0.14866412,0.14707485,0.14549123,0.14391364,0.14234243,0.14077792,0.13922049,0.13776596,0.13650358,0.13542396,0.13451758,0.13377507,0.13318694,0.1327437,0.13243595,0.13225421,0.13218905,0.13223101,0.13237064,0.13259849,0.1329051,0.13328099,0.13371678,0.13420297,0.13473012,0.13528876,0.13586946,0.13646276,0.13705921,0.13764939,0.13822377,0.13877296,0.1392875,0.13975795,0.14017482,0.14052868,0.14081009,0.14100955,0.14111769,0.14117333,0.14122193,0.14126377,0.14129925,0.14132874,0.14135253,0.141371,0.14138448,0.14139335,0.14139791,0.14139855,0.1413956,0.1413894,0.14138031,0.14136869
0.19390531,0.19423832,0.19451834,0.1947371,0.1948862,0.19495723,0.19494192,0.19483183,0.19461869,0.19429404,0.19384955,0.19327691,0.19256777,0.19171365,0.1907063,0.18953733,0.18819837,0.18677306,0.1853505,0.18393037,0.1825124,0.18109626,0.17968176,0.17826857,0.17685638,0.17544496,0.17403404,0.17262323,0.17121236,0.16980113,0.16838922,0.16697639,0.16556235,0.16414681,0.16272946,0.16131008,0.15988839,0.158464,0.15703677,0.15560634,0.15417242,0.15273477,0.15129313,0.14984713,0.14839658,0.14694114,0.14548054,0.14401455,0.14254281,0.1411559,0.13993898,0.13888368,0.13798164,0.13722451,0.13660395,0.13611151,0.13573895,0.13547783,0.13531986,0.13525657,0.13527967,0.13538082,0.1355516,0.13578373,0.13606879,0.13639842,0.13676427,0.13715804,0.13757129,0.13799566,0.13842283,0.13884443,0.13925207,0.13963747,0.13999219,0.14030789,0.14057623,0.14078882,0.14093734,0.1410134,0.14100865,0.14096366,0.14092441,0.14089051,0.14086181,0.140838,0.14081876,0.14080383,0.14079292,0.14078574,0.14078209,0.14078155,0.14078392,0.14078896,0.14079626,0.14080569
0.19034857,0.19063704,0.19087964,0.19106919,0.19119835,0.1912599,0.19124663,0.19115125,0.1909666,0.1906853,0.19030023,0.18980415,0.18918975,0.18844981,0.1875771,0.18656437,0.18540438,0.18417315,0.18295088,0.18173672,0.18052968,0.17932883,0.17813326,0.17694204,0.17575425,0.17456889,0.1733851,0.17220198,0.1710185,0.1698338,0.16864689,0.1674569,0.16626288,0.16506392,0.16385902,0.16264735,0.16142792,0.16019975,0.15896203,0.1577137,0.15645395,0.15518172,0.15389621,0.15259646,0.15128145,0.14995034,0.14860217,0.147236,0.14585094,0.14453214,0.14336056,0.14232907,0.1414303,0.14065711,0.14000219,0.13945833,0.13901828,0.13867478,0.13842058,0.13824852,0.13815124,0.1381216,0.13815232,0.13823614,0.1383658,0.13853414,0.1387338,0.13895766,0.13919842,0.13944876,0.13970159,0.13994955,0.14018549,0.14040205,0.14059208,0.14074834,0.14086352,0.14093043,0.14094184,0.14089043,0.14076906,0.14062005,0.14048989,0.14037779,0.1402827,0.14020379,0.14014004,0.14009055,0.14005445,0.14003068,0.14001843,0.14001673,0.14002463,0.14004123,0.1400656,0.14009678
0.18663864,0.18688175,0.18708616,0.18724583,0.18735465,0.18740654,0.18739535,0.18731499,0.1871594,0.18692243,0.18659799,0.18617997,0.18566228,0.18503885,0.18430352,0.1834502,0.18247284,0.18143965,0.18042192,0.17941807,0.17842646,0.17744547,0.17647363,0.17550918,0.17455064,0.17359632,0.1726447,0.17169414,0.17074303,0.1697898,0.16883284,0.16787057,0.1669013,0.1659236,0.1649357,0.16393608,0.16292316,0.16189532,0.16085093,0.15978839,0.15870619,0.1576026,0.15647613,0.15532511,0.15414798,0.15294316,0.151709,0.15044391,0.14914633,0.14789599,0.14676978,0.14576153,0.14486513,0.14407451,0.14338359,0.14278623,0.1422763,0.14184777,0.1414945,0.14121038,0.14098927,0.14082517,0.14071192,0.14064342,0.14061354,0.14061624,0.14064537,0.14069483,0.14075854,0.14083038,0.14090425,0.14097404,0.14103371,0.14107704,0.14109804,0.14109054,0.14104852,0.14096574,0.14083621,0.14065377,0.14041239,0.14015624,0.13993263,0.1397399,0.13957652,0.13944085,0.13933131,0.13924631,0.13918418,0.13914342,0.13912235,0.13911943,0.139133,0.13916154,0.13920338,0.13925698
0.1827933,0.1829902,0.18315572,0.18328503,0.18337312,0.18341517,0.18340613,0.18334104,0.18321499,0.18302311,0.18276039,0.18242185,0.1820026,0.18149771,0.18090221,0.18021119,0.17941967,0.17858805,0.17777856,0.17698881,0.17621662,0.17545965,0.17471565,0.17398228,0.17325729,0.1725384,0.17182334,0.17110975,0.17039543,0.1696781,0.16895537,0.16822508,0.16748486,0.16673245,0.16596557,0.16518196,0.16437927,0.1635553,0.1627077,0.16183423,0.16093253,0.1600004,0.1590355,0.15803558,0.15699834,0.15592149,0.15480274,0.15363982,0.15243047,0.15124899,0.15016803,0.14918256,0.14828774,0.14747852,0.14675009,0.1460974,0.14551556,0.14499956,0.14454457,0.14414552,0.1437976,0.14349583,0.14323516,0.14301078,0.14281769,0.14265092,0.14250562,0.14237675,0.14225945,0.1421487,0.14203963,0.14192724,0.14180665,0.14167285,0.14152093,0.14134595,0.14114298,0.14090705,0.14063324,0.14031658,0.13995217,0.1395862,0.13926674,0.13899139,0.13875794,0.13856411,0.1384076,0.13828614,0.13819744,0.13813916,0.13810906,0.13810486,0.13812427,0.13816504,0.13822484,0.13830137
0.17883016,0.1789801,0.17910618,0.17920467,0.1792718,0.17930378,0.17929688,0.17924733,0.17915134,0.17900518,0.17880505,0.17854723,0.17822793,0.17784339,0.17738983,0.17686354,0.1762607,0.17563373,0.17503566,0.17446342,0.1739141,0.17338465,0.17287213,0.17237356,0.1718859,0.17140622,0.17093156,0.17045882,0.16998512,0.1695074,0.16902275,0.16852817,0.16802062,0.16749716,0.16695479,0.16639054,0.16580139,0.16518441,0.16453657,0.1638549,0.1631364,0.16237809,0.161577,0.16073015,0.15983452,0.1588872,0.15788512,0.15682532,0.15570483,0.15459251,0.15355673,0.1525937,0.15169969,0.15087089,0.15010363,0.14939405,0.14873843,0.14813298,0.14757398,0.14705758,0.14658011,0.14613777,0.1457268,0.14534344,0.14498389,0.14464442,0.14432125,0.14401065,0.14370883,0.14341202,0.14311647,0.14281844,0.14251408,0.14219972,0.14187154,0.1415258,0.14115873,0.14076658,0.14034557,0.13989191,0.13940191,0.13892378,0.13850638,0.13814665,0.13784167,0.1375884,0.13738394,0.13722523,0.13710931,0.13703316,0.13699387,0.1369884,0.13701378,0.13706702,0.1371451,0.13724515
0.1747669,0.17486931,0.17495543,0.1750227,0.17506856,0.17509039,0.17508571,0.17505182,0.17498627,0.17488644,0.17474973,0.17457364,0.17435554,0.17409286,0.17378303,0.17342354,0.17301176,0.17259209,0.17220816,0.17185628,0.1715328,0.17123392,0.170956,0.17069529,0.17044823,0.17021097,0.1699799,0.16975129,0.16952145,0.16928668,0.16904329,0.16878754,0.16851577,0.16822432,0.16790941,0.16756737,0.16719455,0.16678724,0.16634163,0.16585419,0.16532111,0.16473874,0.16410336,0.16341126,0.16265875,0.16184217,0.16095778,0.16000193,0.15897086,0.15792793,0.15693733,0.1559964,0.15510264,0.15425341,0.15344618,0.15267837,0.15194741,0.15125073,0.15058574,0.14994994,0.14934064,0.14875539,0.14819154,0.14764656,0.14711784,0.14660287,0.146099,0.14560369,0.14511444,0.14462858,0.14414357,0.14365686,0.14316586,0.14266801,0.14216073,0.14164144,0.1411076,0.14055659,0.13998589,0.13939294,0.13877508,0.13818279,0.13766572,0.13722008,0.13684231,0.13652858,0.13627528,0.13607869,0.13593505,0.13584077,0.13579206,0.13578528,0.13581672,0.13588265,0.13597943,0.13610332
0.17062117,0.17067556,0.17072132,0.17075707,0.17078142,0.170793,0.17079052,0.17077251,0.1707377,0.17068467,0.17061204,0.17051849,0.17040265,0.17026311,0.17009853,0.16990754,0.1696888,0.16947858,0.16931108,0.16918185,0.16908656,0.16902076,0.16897994,0.16895983,0.16895592,0.16896378,0.16897899,0.16899717,0.16901387,0.1690247,0.16902515,0.1690109,0.16897751,0.16892055,0.16883557,0.16871816,0.16856393,0.16836838,0.1681272,0.1678359,0.1674901,0.16708532,0.16661716,0.16608123,0.16547312,0.16478834,0.16402252,0.1631712,0.16223003,0.16125676,0.16031124,0.15939216,0.15849811,0.15762772,0.15677966,0.15595251,0.15514494,0.15435562,0.15358308,0.15282607,0.15208314,0.15135297,0.15063418,0.14992543,0.14922528,0.14853245,0.14784552,0.1471632,0.146484,0.14580663,0.14512971,0.14445192,0.1437718,0.14308807,0.14239931,0.14170423,0.14100137,0.1402894,0.13956699,0.1388327,0.13808526,0.13737713,0.13675892,0.13622618,0.13577454,0.13539946,0.13509661,0.13486157,0.13468987,0.13457714,0.13451892,0.13451083,0.1345484,0.13462727,0.13474293,0.13489105
0.16641062,0.16641663,0.16642168,0.16642562,0.1664283,0.16642962,0.16642934,0.16642734,0.16642353,0.16641764,0.16640964,0.16639929,0.16638649,0.16637109,0.1663529,0.1663318,0.16630766,0.16630854,0.16635923,0.16645454,0.16658936,0.16675854,0.16695693,0.16717938,0.16742069,0.16767572,0.16793938,0.16820641,0.16847177,0.16873027,0.16897672,0.16920601,0.16941296,0.16959248,0.16973934,0.1698484,0.16991451,0.16993257,0.16989739,0.1698038,0.16964668,0.16942087,0.16912119,0.16874251,0.1682797,0.16772756,0.16708098,0.16633476,0.16548382,0.16458036,0.16367994,0.16278246,0.16188774,0.16099562,0.16010597,0.15921867,0.15833347,0.15745033,0.15656903,0.15568943,0.1548114,0.15393479,0.15305944,0.15218519,0.15131189,0.15043938,0.14956751,0.14869618,0.1478252,0.14695442,0.14608368,0.14521283,0.14434174,0.14347024,0.14259821,0.14172547,0.14085187,0.13997725,0.13910149,0.13822441,0.13734588,0.13652067,0.13580021,0.13517939,0.13465299,0.13421592,0.13386297,0.13358906,0.133389,0.13325758,0.13318978,0.13318029,0.13322407,0.13331597,0.13345079,0.1336234
0.16215299,0.16211031,0.16207446,0.16204643,0.16202733,0.16201824,0.16202018,0.16203427,0.16206159,0.1621032,0.16216013,0.1622335,0.16232437,0.16243379,0.16256285,0.16271263,0.16288418,0.1630974,0.16336755,0.16368876,0.16405511,0.16446069,0.16489968,0.16536617,0.16585422,0.16635798,0.16687158,0.16738905,0.16790462,0.16841228,0.16890624,0.16938053,0.16982932,0.17024672,0.1706268,0.1709637,0.17125152,0.17148441,0.17165641,0.17176166,0.17179428,0.17174837,0.17161807,0.17139745,0.17108063,0.17066175,0.17013489,0.16949414,0.16873369,0.16790015,0.16704483,0.16616881,0.16527313,0.16435888,0.16342714,0.16247898,0.16151547,0.16053769,0.15954672,0.15854356,0.15752937,0.15650515,0.15547203,0.15443103,0.15338326,0.1523298,0.15127169,0.15020998,0.14914581,0.14808019,0.14701423,0.14594898,0.14488548,0.14382486,0.14276817,0.14171648,0.14067087,0.13963237,0.13860208,0.1375811,0.13657048,0.13562721,0.1348037,0.13409404,0.13349237,0.13299277,0.13258934,0.13227624,0.1320475,0.13189736,0.13181983,0.131809,0.1318591,0.1319641,0.1321182,0.1323155
0.15786588,0.15777439,0.15769744,0.15763731,0.15759635,0.15757681,0.15758105,0.15761127,0.15766986,0.15775912,0.15788125,0.15803859,0.15823346,0.1584682,0.15874505,0.15906632,0.15943426,0.15986063,0.16035104,0.16089892,0.16149765,0.1621406,0.16282108,0.16353251,0.16426824,0.16502166,0.16578616,0.16655506,0.16732176,0.16807957,0.16882196,0.16954221,0.17023377,0.17088997,0.17150414,0.17206974,0.17258005,0.17302848,0.17340845,0.1737132,0.17393623,0.17407086,0.17411049,0.17404841,0.17387803,0.17359276,0.17318594,0.17265095,0.17198113,0.17121759,0.17040733,0.16955264,0.16865584,0.16771923,0.16674507,0.16573568,0.16469339,0.16362047,0.1625192,0.1613919,0.16024084,0.15906835,0.15787672,0.15666825,0.15544522,0.15420994,0.1529647,0.15171179,0.15045355,0.14919221,0.14793015,0.14666958,0.14541285,0.14416224,0.14292008,0.14168863,0.14047018,0.13926706,0.13808154,0.13691598,0.13577256,0.13471068,0.1337836,0.13298467,0.13230729,0.13174488,0.13129067,0.1309382,0.13068075,0.13051169,0.1304244,0.13041225,0.13046859,0.13058682,0.1307603,0.1309824
0.15356705,0.15342662,0.15330853,0.15321626,0.15315337,0.15312345,0.15312986,0.15317628,0.15326619,0.15340309,0.15359052,0.15383206,0.1541311,0.15449132,0.1549161,0.15540908,0.15597376,0.15661353,0.15732455,0.1580995,0.15893094,0.15981156,0.16073392,0.16169071,0.16267447,0.16367795,0.1646937,0.16571441,0.16673258,0.16774102,0.16873218,0.16969875,0.17063344,0.17152876,0.17237741,0.173172,0.17390515,0.1745695,0.17515765,0.17566226,0.17607595,0.17639135,0.17660108,0.17669778,0.17667404,0.17652255,0.17623588,0.17580669,0.17522758,0.17453408,0.17376886,0.17293552,0.17203748,0.17107841,0.17006171,0.16899097,0.16786967,0.16670138,0.16548961,0.16423792,0.16294973,0.16162872,0.16027828,0.15890197,0.15750334,0.15608592,0.15465324,0.15320882,0.15175611,0.15029874,0.14884016,0.14738399,0.14593366,0.14449273,0.14306475,0.14165318,0.14026164,0.13889359,0.13755254,0.13624206,0.13496566,0.13378489,0.13275403,0.1318657,0.13111246,0.13048708,0.12998208,0.12959012,0.12930383,0.1291158,0.12901877,0.12900525,0.12906791,0.1291994,0.12939231,0.12963927
0.14927405,0.14908475,0.14892553,0.14880115,0.14871642,0.14867601,0.14868473,0.14874728,0.14886849,0.14905304,0.14930573,0.14963132,0.15003447,0.15052006,0.15109274,0.15175736,0.15251856,0.1533716,0.15430304,0.15530485,0.15636885,0.15748696,0.15865102,0.15985294,0.16108462,0.16233794,0.16360481,0.16487704,0.16614658,0.16740529,0.16864513,0.16985786,0.17103544,0.17216976,0.1732527,0.17427614,0.17523193,0.17611204,0.17690831,0.17761257,0.1782168,0.17871286,0.1790926,0.17934795,0.17947076,0.17945297,0.17928638,0.17896296,0.17847452,0.17785104,0.17713088,0.17631885,0.1754197,0.17443815,0.173379,0.17224689,0.17104676,0.16978322,0.1684611,0.16708507,0.16565996,0.16419047,0.16268137,0.16113743,0.15956338,0.15796399,0.15634403,0.15470818,0.15306126,0.151408,0.14975318,0.14810151,0.14645775,0.14482671,0.14321303,0.14162157,0.14005706,0.13852419,0.13702779,0.13557255,0.13416326,0.13286375,0.13172916,0.13075148,0.12992254,0.12923421,0.12867844,0.12824704,0.12793197,0.1277251,0.12761827,0.12760338,0.12767234,0.12781703,0.12802935,0.12830114
0.14500464,0.14476658,0.14456636,0.14441,0.1443034,0.14425261,0.14426355,0.14434224,0.14449467,0.14472675,0.14504448,0.14545386,0.14596085,0.14657144,0.14729162,0.14812726,0.14908451,0.15015021,0.15130149,0.15252948,0.15382533,0.1551802,0.15658525,0.1580316,0.15951039,0.16101278,0.16252993,0.16405302,0.16557314,0.16708145,0.1685691,0.17002727,0.17144702,0.17281961,0.1741361,0.17538771,0.17656556,0.17766075,0.1786645,0.1795679,0.18036218,0.18103838,0.18158768,0.18200128,0.18227029,0.18238586,0.18233913,0.18212129,0.18172343,0.1811699,0.1804948,0.17970417,0.17880403,0.17780022,0.17669883,0.17550583,0.17422716,0.17286876,0.17143667,0.16993687,0.16837531,0.16675796,0.16509081,0.16337985,0.16163102,0.15985031,0.15804368,0.15621719,0.15437672,0.1525283,0.15067787,0.14883143,0.14699495,0.14517441,0.14337577,0.14160505,0.13986817,0.13817114,0.1365199,0.13492051,0.13337885,0.13196105,0.13072322,0.12965652,0.12875213,0.12800117,0.1273948,0.12692416,0.1265804,0.12635468,0.12623812,0.12622191,0.12629715,0.12645498,0.12668662,0.12698317
0.14077646,0.14048988,0.14024888,0.14006065,0.13993236,0.13987124,0.1398844,0.13997912,0.14016254,0.14044194,0.14082442,0.14131716,0.14192745,0.14266245,0.14352931,0.14453526,0.14568749,0.14696474,0.14833471,0.14978772,0.15131423,0.15290464,0.15454938,0.15623882,0.15796342,0.15971361,0.16147974,0.16325231,0.16502166,0.1667782,0.16851237,0.17021464,0.17187534,0.17348492,0.1750338,0.17651239,0.17791107,0.17922032,0.1804305,0.18153206,0.18251537,0.18337089,0.18408903,0.18466015,0.18507475,0.1853232,0.18539588,0.18528327,0.18497574,0.18449204,0.18386206,0.18309298,0.18219204,0.18116638,0.18002327,0.17876978,0.17741321,0.17596075,0.17441952,0.17279679,0.17109972,0.1693355,0.1675113,0.1656344,0.1637119,0.16175105,0.15975901,0.15774302,0.15571022,0.15366784,0.15162304,0.14958306,0.14755507,0.14554626,0.14356382,0.14161493,0.13970684,0.13784671,0.1360417,0.13429907,0.13262598,0.1310907,0.12975031,0.12859528,0.12761591,0.12680277,0.12614618,0.12563652,0.12526429,0.12501986,0.12489364,0.12487609,0.12495753,0.1251285,0.1253793,0.12570041
0.13660717,0.13627245,0.13599096,0.1357711,0.13562125,0.1355498,0.13556524,0.13567585,0.13589013,0.1362164,0.13666318,0.13723876,0.13795155,0.13881005,0.13982256,0.14099754,0.14234334,0.14383067,0.14541768,0.14709406,0.14884949,0.15067366,0.15255626,0.15448698,0.15645553,0.15845154,0.16046475,0.16248485,0.16450152,0.16650441,0.16848324,0.17042771,0.17232753,0.17417233,0.17595181,0.17765567,0.17927362,0.18079531,0.18221045,0.18350874,0.18467987,0.18571347,0.18659928,0.18732701,0.18788627,0.18826684,0.18845834,0.18845049,0.18823297,0.18781894,0.1872341,0.1864868,0.18558541,0.1845384,0.18335412,0.18204105,0.1806075,0.17906192,0.17741269,0.17566828,0.173837,0.17192732,0.16994764,0.16790628,0.16581178,0.1636724,0.16149664,0.15929286,0.15706946,0.15483487,0.15259746,0.1503657,0.14814793,0.14595252,0.14378797,0.14166263,0.13958487,0.13756315,0.13560586,0.13372138,0.13191812,0.13026656,0.12882467,0.12758212,0.1265286,0.12565385,0.1249475,0.12439927,0.123998836,0.12373589,0.12360013,0.123581216,0.12366887,0.12385278,0.124122575,0.124468006
0.13251443,0.13213202,0.13181041,0.13155922,0.13138802,0.13130642,0.13132405,0.13145041,0.13169523,0.13206802,0.1325784,0.13323602,0.13405044,0.13503122,0.136188,0.13753042,0.139068,0.14076337,0.14256535,0.1444629,0.14644499,0.14850062,0.15061872,0.15278831,0.15499832,0.15723772,0.15949552,0.16176069,0.16402215,0.16626893,0.16848998,0.17067425,0.17281076,0.17488843,0.17689623,0.17882323,0.18065828,0.18239042,0.18400857,0.18550175,0.18685897,0.18806909,0.18912116,0.19000413,0.190707,0.19121866,0.19152819,0.1916245,0.19149655,0.19115204,0.1906123,0.189887,0.18898566,0.18791795,0.18669343,0.18532167,0.1838124,0.18217506,0.18041934,0.17855483,0.17659111,0.17453781,0.1724045,0.17020078,0.16793627,0.16562052,0.16326322,0.16087392,0.1584622,0.15603767,0.15360995,0.15118864,0.14878334,0.14640361,0.1440591,0.14175938,0.13951406,0.13733274,0.13522503,0.13320054,0.1312688,0.12950248,0.12796037,0.12663153,0.12550484,0.12456928,0.12381383,0.12322751,0.12279927,0.12251805,0.12237284,0.12235262,0.12244635,0.12264304,0.1229316,0.12330103
0.12851594,0.12808642,0.12772515,0.12744302,0.12725072,0.12715906,0.12717883,0.1273208,0.12759578,0.12801453,0.12858783,0.12932649,0.13024126,0.13134295,0.1326423,0.13415016,0.13587727,0.13777822,0.1397926,0.14190865,0.14411466,0.14639887,0.14874958,0.15115505,0.15360352,0.1560833,0.15858261,0.16108975,0.16359302,0.16608062,0.16854084,0.17096195,0.17333217,0.17563987,0.17787325,0.18002059,0.18207018,0.18401021,0.18582906,0.18751489,0.18905605,0.19044079,0.19165732,0.19269396,0.19353898,0.1941806,0.19460711,0.19480684,0.19476797,0.1944927,0.19399814,0.19329517,0.19239442,0.19130683,0.19004309,0.18861401,0.18703035,0.18530291,0.18344252,0.18145989,0.17936587,0.1771712,0.17488663,0.172523,0.17009106,0.16760164,0.16506551,0.1624934,0.15989612,0.15728447,0.15466924,0.1520612,0.14947112,0.14690983,0.14438803,0.14191657,0.13950622,0.13716775,0.13491194,0.13274962,0.13069151,0.12881231,0.12717168,0.1257579,0.12455918,0.12356388,0.12276017,0.12213637,0.12168075,0.121381566,0.1212271,0.12120557,0.121305324,0.121514544,0.12182156,0.1222146
0.124629356,0.124153346,0.12375303,0.12344033,0.123227246,0.12312569,0.123147584,0.123304926,0.12360965,0.124073684,0.124709025,0.12552758,0.12654132,0.12776218,0.12920211,0.1308731,0.13278706,0.13489066,0.13711438,0.13944577,0.1418724,0.14438184,0.14696169,0.14959951,0.1522829,0.15499939,0.1577366,0.16048211,0.16322345,0.16594824,0.16864404,0.17129844,0.173899,0.1764333,0.17888887,0.1812534,0.18351437,0.18565941,0.18767604,0.18955189,0.19127454,0.19283149,0.19421043,0.19539884,0.19638436,0.19715449,0.19769686,0.19799909,0.19804868,0.19784236,0.19739306,0.19671273,0.19581333,0.19470677,0.19340508,0.1919201,0.19026387,0.18844832,0.1864854,0.184387,0.18216516,0.17983177,0.1773988,0.17487822,0.17228194,0.16962194,0.16691013,0.16415852,0.161379,0.15858357,0.15578412,0.15299268,0.15022112,0.14748144,0.14478558,0.14214551,0.13957314,0.13708042,0.1346793,0.13238177,0.13019976,0.12820993,0.1264727,0.12497569,0.123706415,0.1226525,0.12180148,0.12114096,0.120658524,0.12034172,0.12017815,0.12015537,0.12026096,0.12048254,0.12080761,0.12122379
0.12087235,0.120350644,0.1199119,0.1195692,0.119335644,0.119224325,0.11924833,0.119420744,0.11975476,0.12026333,0.12095968,0.1218568,0.122967854,0.12430593,0.12588413,0.12771553,0.12981322,0.13211608,0.13454561,0.13708863,0.13973208,0.14246286,0.14526783,0.14813395,0.15104806,0.15399712,0.15696803,0.15994766,0.16292292,0.1658807,0.16880792,0.17169152,0.17451833,0.17727531,0.17994928,0.18252723,0.18499605,0.18734261,0.1895538,0.19161654,0.19351777,0.19524436,0.19678319,0.19812116,0.19924526,0.20014223,0.20079917,0.20120282,0.20134017,0.20120244,0.20079844,0.2001412,0.19924389,0.19811955,0.19678128,0.1952422,0.19351539,0.19161393,0.18955097,0.18733957,0.18499285,0.18252388,0.17994574,0.17727163,0.1745145,0.17168754,0.16880381,0.16587646,0.16291854,0.15994318,0.1569634,0.15399237,0.15104319,0.14812893,0.14526267,0.14245753,0.13972664,0.13708301,0.13453986,0.13211016,0.1298071,0.1277092,0.12587766,0.124299325,0.12296113,0.121850014,0.12095276,0.1202564,0.119747736,0.11941375,0.11924128,0.1192173,0.11932861,0.119562194,0.11990492,0.12034371
0.117262594,0.11669608,0.116219655,0.115847476,0.11559385,0.11547294,0.11549902,0.1156863,0.11604896,0.11660126,0.11735739,0.1183316,0.11953813,0.12099119,0.12270495,0.12469368,0.12697163,0.12946996,0.13210124,0.13485172,0.13770762,0.14065526,0.14368086,0.14677061,0.1499108,0.15308768,0.15628745,0.15949641,0.16270079,0.16588685,0.16904077,0.17214887,0.17519738,0.17817251,0.18106055,0.1838477,0.18652023,0.18906441,0.19146647,0.19371262,0.19578914,0.19768229,0.19937825,0.20086335,0.20212379,0.20314582,0.20391567,0.20441961,0.20464388,0.20457442,0.20421576,0.20358212,0.20268776,0.20154685,0.20017369,0.19858244,0.19678733,0.1948026,0.19264244,0.1903211,0.18785281,0.18525179,0.18253225,0.17970838,0.17679447,0.17380467,0.17075329,0.16765445,0.16452245,0.1613715,0.15821582,0.1550696,0.1519471,0.1488625,0.14583005,0.14286399,0.1399785,0.13718785,0.13450623,0.13194785,0.12952697,0.127324,0.12540068,0.123743296,0.12233805,0.121171206,0.12022905,0.119497776,0.118963644,0.11861291,0.118431814,0.11840658,0.11852349,0.11876878,0.11912868,0.119589455
0.11381772,0.113207385,0.11269407,0.112293124,0.11201987,0.11188963,0.11191771,0.11211945,0.11251019,0.11310524,0.11391989,0.11496953,0.11626939,0.11783487,0.119681284,0.12182393,0.12427814,0.1269676,0.12979612,0.13274941,0.13581297,0.13897254,0.14221357,0.14552179,0.14888278,0.15228212,0.15570544,0.1591384,0.16256651,0.16597547,0.1693508,0.1726782,0.17594327,0.17913157,0.18222876,0.18522039,0.18809208,0.19082952,0.19341822,0.19584385,0.19809201,0.20014833,0.20199834,0.20362774,0.20502208,0.206167,0.2070481,0.20765103,0.20796132,0.20795965,0.20764638,0.20703693,0.2061465,0.20499052,0.20358422,0.20194302,0.20008217,0.198017,0.19576286,0.19333507,0.19074893,0.18801981,0.18516295,0.18219373,0.1791275,0.17597954,0.1727652,0.16949974,0.16619852,0.1628769,0.15955015,0.15623364,0.15294266,0.14969255,0.14649859,0.14337617,0.14034055,0.13740712,0.13459115,0.13190797,0.12937291,0.12706812,0.1250559,0.12332193,0.12185174,0.120631,0.11964528,0.11888022,0.118321404,0.11795446,0.117765,0.117738634,0.117860936,0.118117586,0.118494086,0.118976146
0.110555455,0.10990237,0.10935309,0.10892403,0.10863163,0.1084923,0.108522356,0.10873825,0.109156325,0.10979305,0.11066477,0.111787945,0.113178864,0.11485403,0.11682976,0.11912252,0.12174864,0.12462444,0.12764525,0.13079615,0.13406199,0.13742794,0.14087881,0.14439973,0.1479757,0.15159164,0.15523256,0.15888353,0.16252948,0.16615543,0.16974637,0.17328729,0.17676319,0.1801591,0.18346,0.18665086,0.1897167,0.19264252,0.19541329,0.19801404,0.20042975,0.20264544,0.2046461,0.20641668,0.20794223,0.20920774,0.21019818,0.21089858,0.2112939,0.21135956,0.21109179,0.21050708,0.20962174,0.2084522,0.20701484,0.2053261,0.20340234,0.20125997,0.19891538,0.19638492,0.1936851,0.1908322,0.18784268,0.18473291,0.18151933,0.17821829,0.17484617,0.17141941,0.16795443,0.16446756,0.16097522,0.15749383,0.15403971,0.15062937,0.14727916,0.14400545,0.14082462,0.13775311,0.13480732,0.13200365,0.12935844,0.12695548,0.124857575,0.12304973,0.121516965,0.1202442,0.11921651,0.118418865,0.117836244,0.11745369,0.11725614,0.117228635,0.11735615,0.11762371,0.118016295,0.11851889
0.10749348,0.10679878,0.106214575,0.10575822,0.1054472,0.10529897,0.10533096,0.10556056,0.10600531,0.106682524,0.107609734,0.108804375,0.11028384,0.112065606,0.11416708,0.11660573,0.11939899,0.12245592,0.12566358,0.12900636,0.13246863,0.13603486,0.13968943,0.14341676,0.14720127,0.15102732,0.15487939,0.15874183,0.1625991,0.16643555,0.17023566,0.17398377,0.17766434,0.18126175,0.1847604,0.18814474,0.19139916,0.19450806,0.19745588,0.20022696,0.2028058,0.20517671,0.20732416,0.2092326,0.21088636,0.21226992,0.21336761,0.21416385,0.21464314,0.21477556,0.21455342,0.21399412,0.21311502,0.21193372,0.21046747,0.20873389,0.20675035,0.20453422,0.20210302,0.1994742,0.19666514,0.19369331,0.19057617,0.18733113,0.1839756,0.18052709,0.177003,0.1734208,0.16979788,0.1661517,0.16249977,0.15885942,0.15524815,0.15168336,0.14818251,0.1447631,0.14144245,0.13823815,0.13516748,0.13224795,0.12949704,0.12699991,0.12481983,0.12294116,0.12134828,0.120025665,0.11895772,0.11812881,0.11752338,0.11712579,0.11692054,0.11689193,0.11702446,0.11730249,0.117710456,0.11823274
0.10464939,0.10391443,0.10329635,0.102813534,0.10248451,0.102327675,0.10236151,0.10260445,0.10307492,0.10379143,0.1047724,0.10603628,0.10760148,0.109486535,0.11170987,0.11428988,0.11724507,0.12047744,0.12386594,0.12739441,0.13104671,0.13480671,0.13865823,0.1425851,0.14657119,0.15060037,0.15465645,0.15872331,0.16278477,0.16682473,0.17082699,0.17477538,0.1786538,0.1824461,0.18613608,0.18970762,0.19314459,0.1964308,0.19955009,0.20248637,0.20522343,0.20774513,0.21003534,0.21207789,0.21385661,0.21535543,0.2165581,0.21744849,0.21801049,0.21820916,0.21803272,0.21749948,0.21662803,0.21543674,0.21394414,0.21216854,0.21012858,0.20784253,0.20532897,0.2026063,0.19969293,0.19660743,0.1933681,0.18999349,0.18650204,0.18291219,0.17924236,0.17551103,0.17173667,0.16793768,0.16413257,0.16033976,0.15657768,0.15286481,0.14921959,0.14566047,0.14220591,0.13887437,0.13568425,0.13265407,0.12980223,0.12721533,0.12495682,0.12301057,0.12136043,0.11999026,0.11888388,0.11802514,0.11739794,0.11698609,0.11677341,0.11674379,0.11688109,0.11716913,0.11759177,0.11813283
0.1020409,0.101267084,0.100616276,0.10010796,0.09976151,0.099596396,0.099631995,0.09988781,0.10038315,0.10113756,0.10217041,0.10350114,0.10514914,0.1071339,0.109474756,0.11219126,0.11530274,0.118704386,0.12226728,0.1259748,0.12981021,0.13375683,0.13779801,0.141917,0.14609718,0.15032186,0.1545743,0.1588379,0.16309595,0.16733176,0.1715286,0.17566986,0.1797388,0.18371882,0.18759312,0.19134513,0.1949581,0.19841535,0.20170023,0.20479605,0.20768607,0.21035369,0.21278219,0.2149549,0.21685511,0.21846612,0.21977133,0.22075394,0.2213974,0.22166172,0.22153099,0.22102469,0.22016229,0.21896312,0.21744664,0.21563229,0.21353948,0.21118769,0.2085963,0.20578472,0.20277244,0.19957878,0.19622327,0.19272532,0.18910429,0.18537973,0.18157089,0.17769735,0.17377847,0.16983366,0.16588241,0.1619441,0.15803818,0.15418404,0.15040118,0.14670892,0.14312679,0.13967414,0.1363704,0.13323507,0.13028753,0.12761551,0.1252827,0.12327243,0.121568024,0.12015278,0.11901001,0.11812303,0.11747519,0.1170498,0.116830125,0.11679953,0.116941355,0.11723887,0.11767538,0.11823427
0.099685684,0.098874494,0.09819226,0.097659394,0.09729624,0.09712313,0.09716047,0.0974286,0.09794791,0.09873874,0.099821426,0.101216406,0.102943994,0.10502458,0.1074785,0.11032615,0.113587864,0.1171522,0.12088261,0.12476194,0.12877302,0.13289864,0.13712162,0.14142479,0.14579092,0.15020293,0.15464355,0.15909564,0.163542,0.16796541,0.17234878,0.17667486,0.1809265,0.18508649,0.18913764,0.1930628,0.19684476,0.20046636,0.2039104,0.20715971,0.21019712,0.21300542,0.21556741,0.21786599,0.2198839,0.22160396,0.22300903,0.22408192,0.22480538,0.22513463,0.2250498,0.22457129,0.22371937,0.2225145,0.220977,0.21912727,0.21698561,0.21457244,0.2119081,0.20901297,0.20590739,0.20261176,0.19914643,0.19553176,0.1917881,0.18793584,0.18399534,0.17998692,0.17593102,0.17184797,0.1677581,0.1636818,0.15963948,0.15565147,0.1517381,0.14791977,0.14421684,0.14064968,0.13723862,0.1340041,0.13096641,0.12821434,0.1258117,0.123741224,0.12198573,0.12052811,0.11935112,0.11843757,0.117770314,0.11733216,0.11710592,0.11707444,0.11722048,0.11752688,0.11797651,0.11855212
0.09760138,0.09675443,0.09604214,0.09548579,0.09510661,0.0949259,0.09496488,0.09524482,0.09578702,0.0966127,0.097743124,0.09919957,0.10100331,0.10317558,0.10573769,0.10871084,0.11211632,0.115836225,0.119726755,0.12377023,0.127949,0.13224544,0.13664187,0.14112067,0.14566417,0.15025476,0.15487476,0.15950648,0.16413234,0.1687347,0.17329584,0.1777982,0.18222405,0.18655574,0.19077569,0.19486624,0.19880973,0.20258848,0.20618482,0.20958118,0.21275988,0.21570331,0.21839373,0.22081356,0.22294512,0.22477081,0.22627293,0.22743385,0.22823587,0.22862938,0.22859055,0.22814067,0.22730096,0.2260927,0.2245372,0.22265564,0.22046934,0.21799956,0.21526751,0.21229449,0.2091018,0.20571063,0.20214228,0.19841802,0.19455911,0.19058679,0.18652233,0.182387,0.17820206,0.17398877,0.16976836,0.16556217,0.16139138,0.15727733,0.15324123,0.14930432,0.14548795,0.14181326,0.13830163,0.13497429,0.13185243,0.12902577,0.12655793,0.12443131,0.122628234,0.12113106,0.11992217,0.11898387,0.11829852,0.11784849,0.11761611,0.11758375,0.11773376,0.11804848,0.11851031,0.1191015
0.095805675,0.094924696,0.09418379,0.09360506,0.09321065,0.09302267,0.09306321,0.09335442,0.09391839,0.09477725,0.09595314,0.09746812,0.09934433,0.1016039,0.104268976,0.10736162,0.11090398,0.114771955,0.11881469,0.1230141,0.1273521,0.13181064,0.13637163,0.14101696,0.14572859,0.15048845,0.15527841,0.1600804,0.1648764,0.16964832,0.17437802,0.17904747,0.18363859,0.18813327,0.19251347,0.19676109,0.20085804,0.2047863,0.2085277,0.21206425,0.21537784,0.21845038,0.2212638,0.22380002,0.22604097,0.22796854,0.22956468,0.23081131,0.23169035,0.23214734,0.23215461,0.23173434,0.23090857,0.22969948,0.22812912,0.22621961,0.22399312,0.22147174,0.21867758,0.21563278,0.21235943,0.20887966,0.20521562,0.20138931,0.19742301,0.19333872,0.18915857,0.18490472,0.18059926,0.17626436,0.17192203,0.16759446,0.16330375,0.15907201,0.15492137,0.15087396,0.14695185,0.14317721,0.13957211,0.13615869,0.13295907,0.13006353,0.12753561,0.12535715,0.12351019,0.121976525,0.12073816,0.119777024,0.11907498,0.11861397,0.11837597,0.11834281,0.11849649,0.11881886,0.1192919,0.11989754
0.094316244,0.093403056,0.09263505,0.092035174,0.091626324,0.09143146,0.0914735,0.09177536,0.09235993,0.093250215,0.0944691,0.09603949,0.09798432,0.10032654,0.103089064,0.10629481,0.10996669,0.113974735,0.11816132,0.12250797,0.12699623,0.13160762,0.13632368,0.14112592,0.1459959,0.15091515,0.15586512,0.16082744,0.16578361,0.17071512,0.17560358,0.18043047,0.18517728,0.18982561,0.19435696,0.19875288,0.20299487,0.20706448,0.21094324,0.21461266,0.2180543,0.22124967,0.22418027,0.2268277,0.22917342,0.23119904,0.23288605,0.2342159,0.23517027,0.23568997,0.23574351,0.23535383,0.23454385,0.2333365,0.23175465,0.22982134,0.2275594,0.22499183,0.22214147,0.21903129,0.21568424,0.21212319,0.2083711,0.20445092,0.20038548,0.19619784,0.19191082,0.18754739,0.18313046,0.17868297,0.17422783,0.169788,0.16538636,0.16104585,0.15678939,0.15263996,0.14862038,0.14475368,0.14106272,0.13757047,0.13429983,0.13134155,0.12875882,0.1265332,0.124646194,0.12307935,0.121814154,0.12083216,0.12011493,0.11964395,0.11940075,0.119366884,0.11952389,0.11985328,0.12033655,0.12095532
0.093150765,0.092207275,0.0914138,0.090794004,0.090371616,0.09017027,0.09021372,0.09052558,0.09112956,0.09204937,0.09330867,0.094931155,0.096940525,0.099360414,0.10221459,0.10552666,0.109320365,0.11346,0.11778157,0.122266285,0.12689528,0.13164973,0.13651086,0.14145981,0.14647777,0.15154593,0.15664543,0.16175753,0.1668633,0.171944,0.17698081,0.18195488,0.18684736,0.19163945,0.19631235,0.20084727,0.2052253,0.20942767,0.21343556,0.21723017,0.22079262,0.22410409,0.22714585,0.22989902,0.23234473,0.2344642,0.23623869,0.23764925,0.23867711,0.23925866,0.23935862,0.23900057,0.23820834,0.23700559,0.23541588,0.23346302,0.23117065,0.22856252,0.22566222,0.2224935,0.21908002,0.21544546,0.21161357,0.20760791,0.20345227,0.19917029,0.19478567,0.19032215,0.18580331,0.18125288,0.17669459,0.17215209,0.16764905,0.16320914,0.15885614,0.15461364,0.15050538,0.14655499,0.14278623,0.13922276,0.13588822,0.1328737,0.13024187,0.1279739,0.126051,0.12445432,0.123165086,0.12216443,0.12143353,0.1209536,0.12070577,0.12067126,0.12083124,0.12116691,0.121659376,0.122289896
0.092326894,0.091355145,0.090537876,0.08989953,0.08946449,0.089257136,0.08930186,0.08962307,0.09024514,0.0911925,0.09248953,0.09416061,0.09623015,0.098722555,0.101662196,0.10507349,0.108980834,0.113243155,0.117690384,0.12230345,0.12706313,0.13195036,0.136946,0.14203091,0.14718595,0.15239199,0.15762998,0.16288066,0.16812499,0.17334378,0.17851797,0.1836284,0.18865591,0.1935814,0.19838575,0.2030498,0.20755441,0.21188049,0.21600892,0.2199205,0.2235962,0.2270168,0.23016323,0.23301633,0.23555696,0.23776598,0.23962432,0.24111283,0.24221236,0.24285485,0.24300131,0.24267612,0.24190369,0.24070841,0.23911466,0.23714685,0.23482937,0.23218662,0.22924303,0.2260229,0.2225507,0.21885082,0.21494766,0.21086557,0.20662901,0.2022623,0.19778986,0.19323617,0.18862553,0.18398234,0.17933106,0.17469598,0.17010163,0.16557229,0.16113241,0.1568064,0.1526186,0.14859346,0.14475533,0.14112864,0.13773775,0.13467379,0.13199882,0.12969367,0.1277392,0.12611637,0.12480595,0.12378889,0.123046,0.1225582,0.12230635,0.122271255,0.12243387,0.12277499,0.12327557,0.12391642
0.0918623,0.090864405,0.090025194,0.089369684,0.08892294,0.08871,0.08875593,0.08908577,0.089724585,0.09069741,0.092029296,0.09374531,0.095870495,0.0984299,0.10144859,0.10495159,0.108963974,0.113339595,0.11790269,0.12263386,0.12751372,0.13252287,0.13764192,0.14285147,0.14813212,0.15346448,0.1588292,0.16420683,0.169578,0.1749233,0.18022335,0.18545875,0.19061013,0.19565806,0.20058319,0.20536608,0.20998734,0.21442762,0.21866748,0.22268754,0.22646843,0.22999072,0.23323503,0.236182,0.2388122,0.24110623,0.24304472,0.24460824,0.24577743,0.24647994,0.2466731,0.24638192,0.24563147,0.2444468,0.24285296,0.24087498,0.23853794,0.23586689,0.23288688,0.22962295,0.22610016,0.22234355,0.21837817,0.2142291,0.20992136,0.20548001,0.20093013,0.19629672,0.19160487,0.18687962,0.18214601,0.1774291,0.17275394,0.1681456,0.16362908,0.1592295,0.15497187,0.15088125,0.14698268,0.14330123,0.13986194,0.1367557,0.13404384,0.1317069,0.12972549,0.12808026,0.1267518,0.1257207,0.12496758,0.12447303,0.12421769,0.124182135,0.12434698,0.12469284,0.12520029,0.12584999
0.09178593,0.09076567,0.08990763,0.08923741,0.08878065,0.08856294,0.088609904,0.08894713,0.089600265,0.0905949,0.09195667,0.09371119,0.09588402,0.09850083,0.101587206,0.10516879,0.109271154,0.113743715,0.1184057,0.12323754,0.12821962,0.13333231,0.13855605,0.14387123,0.14925832,0.15469764,0.16016966,0.16565467,0.17113316,0.17658554,0.18199219,0.18733354,0.19258995,0.19774185,0.20276964,0.20765372,0.21237452,0.21691236,0.22124776,0.22536105,0.22923265,0.23284295,0.2361724,0.23920134,0.24191025,0.24427943,0.24628936,0.24792047,0.24915306,0.24991098,0.25014806,0.24989001,0.24916236,0.24799074,0.2464008,0.24441808,0.24206828,0.23937695,0.23636977,0.23307224,0.22951008,0.22570884,0.22169417,0.21749167,0.21312697,0.20862563,0.20401333,0.19931561,0.19455819,0.18976659,0.18496646,0.18018337,0.17544298,0.17077091,0.16619277,0.16173418,0.15742067,0.1532779,0.14933155,0.14560716,0.14213036,0.13899167,0.13625146,0.13389005,0.13188794,0.13022552,0.12888317,0.12784128,0.12708029,0.12658057,0.12632258,0.12628664,0.12645322,0.1268027,0.12731545,0.12797193
0.0921021,0.09106456,0.090192005,0.08951045,0.08904594,0.08882456,0.0888723,0.089215256,0.08987943,0.09089091,0.09227573,0.09405991,0.09626954,0.09893061,0.10206923,0.105711386,0.10988318,0.11443037,0.11916826,0.12407707,0.12913716,0.1343287,0.13963203,0.14502743,0.15049516,0.15601549,0.16156869,0.16713503,0.1726948,0.1782283,0.18371572,0.18913741,0.19447365,0.19970466,0.20481074,0.20977218,0.21456924,0.21918215,0.22359128,0.2277768,0.23171914,0.23539834,0.23879486,0.24188896,0.24466082,0.24709076,0.24915914,0.2508461,0.25213197,0.25293723,0.2532129,0.25298497,0.25227958,0.25112268,0.24954034,0.24755864,0.24520361,0.24250126,0.23947766,0.2361589,0.23257099,0.22874002,0.22469194,0.22045285,0.21604882,0.21150586,0.20685004,0.20210741,0.19730401,0.19246584,0.18761903,0.18278955,0.17800355,0.17328691,0.1686658,0.16416629,0.15981434,0.15563601,0.15165745,0.14790456,0.14440347,0.1412441,0.13848577,0.1361088,0.13409351,0.13242012,0.13106892,0.13002017,0.12925416,0.12875114,0.12849143,0.12845525,0.12862292,0.12897472,0.12949085,0.13015167
0.09279146,0.09174154,0.09085855,0.090168856,0.08969881,0.08947479,0.0895231,0.089870155,0.09054226,0.091565825,0.09296718,0.0947727,0.09700871,0.09970158,0.102877714,0.1065634,0.110785045,0.11538566,0.12017753,0.12514088,0.13025591,0.1355028,0.14086187,0.14631326,0.15183717,0.15741384,0.16302352,0.16864637,0.1742626,0.17985249,0.18539618,0.19087395,0.19626595,0.20155247,0.20671363,0.21172974,0.21658094,0.22124755,0.22570965,0.22994752,0.23394144,0.23767151,0.241118,0.2442611,0.24708104,0.24955808,0.25167236,0.25340417,0.25473365,0.25557867,0.2558877,0.2556872,0.25500345,0.25386283,0.25229168,0.25031638,0.24796326,0.24525876,0.24222921,0.23890086,0.23530017,0.23145346,0.22738712,0.22312751,0.21870093,0.2141338,0.20945242,0.20468323,0.1998525,0.19498667,0.190112,0.18525492,0.18044178,0.17569892,0.17105272,0.1665295,0.16215566,0.15795751,0.15396146,0.15019386,0.14668103,0.1435121,0.1407455,0.13836141,0.13634002,0.13466161,0.13330632,0.13225444,0.13148609,0.13098161,0.13072112,0.13068482,0.130853,0.13120583,0.13172355,0.13238634
0.09383476,0.09277706,0.091887526,0.091192715,0.09071918,0.09049347,0.09054215,0.09089178,0.09156888,0.092600025,0.094011776,0.09583068,0.09808327,0.100796126,0.1039958,0.1077088,0.111961745,0.11659567,0.121420816,0.12641734,0.13156551,0.13684553,0.14223762,0.14772202,0.15327892,0.15888856,0.16453123,0.17018698,0.17583622,0.18145907,0.18703574,0.19254653,0.19797158,0.20329113,0.20848544,0.21353474,0.21841918,0.22311907,0.22761454,0.23188588,0.23591328,0.239677,0.2431572,0.24633412,0.24918805,0.25169912,0.25384757,0.25561374,0.25697765,0.25785518,0.2581927,0.25801688,0.2573543,0.25623143,0.25467482,0.25271112,0.2503668,0.24766845,0.2446426,0.24131578,0.23771465,0.23386566,0.22979537,0.2255304,0.22109723,0.21652243,0.21183257,0.20705421,0.2022139,0.19733818,0.19245362,0.18758675,0.18276411,0.17801234,0.17335787,0.16882731,0.1644473,0.16024424,0.15624478,0.15247545,0.14896278,0.14579496,0.14302935,0.14064607,0.13862541,0.13694757,0.13559277,0.13454123,0.1337732,0.13326886,0.13300845,0.13297218,0.13314028,0.133493,0.13401054,0.1346731
0.09521266,0.09415155,0.093259126,0.09256207,0.09208702,0.091860585,0.09190942,0.092260174,0.092939466,0.09397395,0.09539028,0.097215034,0.09947494,0.102196574,0.10540657,0.10913162,0.11339831,0.118046544,0.12288532,0.12789486,0.13305552,0.13834755,0.14375131,0.14924704,0.15481499,0.16043553,0.16608891,0.1717554,0.17741533,0.18304901,0.18863669,0.19415869,0.19959524,0.20492671,0.21013336,0.21519548,0.22009337,0.2248073,0.22931759,0.23360449,0.23764834,0.24142937,0.24492797,0.24812432,0.25099885,0.25353166,0.25570318,0.25749367,0.25888348,0.2597866,0.26014805,0.25999445,0.25935248,0.25824875,0.25670996,0.25476268,0.2524336,0.2497493,0.24673644,0.24342169,0.23983163,0.23599301,0.23193237,0.22767636,0.22325163,0.21868485,0.21400261,0.20923159,0.2043984,0.1995297,0.19465211,0.18979232,0.18497688,0.1802325,0.17558579,0.1710634,0.16669194,0.16249813,0.15850852,0.15474974,0.15124853,0.14809187,0.14533599,0.14296108,0.14094752,0.13927557,0.13792557,0.13687772,0.13611238,0.13560978,0.13535032,0.13531418,0.13548167,0.13583316,0.13634886,0.13700911
0.096905895,0.095845446,0.09495363,0.09425702,0.09378226,0.09355599,0.09360479,0.0939553,0.09463416,0.09566799,0.09708337,0.09890696,0.1011654,0.10388525,0.10709319,0.11081581,0.115079746,0.11972438,0.124558255,0.12956187,0.13471559,0.1399998,0.14539503,0.15088154,0.15643992,0.1620505,0.16769366,0.17334995,0.17899963,0.1846233,0.19020122,0.1957139,0.20114173,0.20646513,0.21166453,0.21672031,0.22161298,0.22632286,0.2308304,0.23511608,0.23916025,0.24294336,0.24644583,0.24964811,0.25253052,0.25507358,0.25725764,0.25906315,0.26047057,0.2613929,0.26177385,0.26164013,0.26101837,0.2599352,0.25841707,0.2564909,0.25418302,0.25152025,0.24852915,0.24523629,0.24166834,0.23785195,0.23381373,0.22958022,0.22517815,0.22063409,0.21597469,0.2112265,0.20641623,0.20157047,0.19671577,0.19187889,0.18708636,0.18236482,0.17774089,0.1732412,0.16889237,0.164721,0.16075376,0.15701722,0.15353803,0.150402,0.14766407,0.14530465,0.14330426,0.14164323,0.14030202,0.139261,0.13850065,0.13800137,0.13774355,0.13770768,0.13787408,0.13822325,0.1387356,0.13939153
0.09889512,0.09783922,0.096951224,0.096257605,0.09578489,0.09555957,0.09560814,0.09595717,0.09663312,0.0976625,0.09907185,0.10088761,0.103136346,0.10584456,0.10903873,0.112745404,0.11699104,0.121615246,0.12642694,0.13140672,0.13653523,0.14179301,0.14716071,0.15261893,0.15814827,0.16372934,0.1693427,0.17496905,0.18058887,0.18618287,0.19173162,0.19721569,0.2026157,0.2079123,0.21308605,0.21811756,0.22298744,0.22767629,0.23216468,0.23643328,0.2404627,0.2442335,0.24772629,0.2509216,0.25380015,0.25634253,0.2585293,0.2603411,0.2617585,0.26269394,0.26309034,0.2629743,0.26237231,0.26131076,0.25981638,0.2579154,0.25563452,0.25300032,0.25003904,0.24677745,0.24324186,0.23945893,0.23545508,0.23125686,0.2268907,0.2223832,0.21776086,0.21305016,0.20827755,0.20346963,0.19865288,0.1938538,0.18909891,0.18441468,0.17982766,0.17536438,0.17105126,0.16691484,0.16298169,0.15927824,0.15583108,0.15272447,0.1500123,0.14767508,0.1456935,0.14404806,0.14271943,0.14168823,0.14093502,0.14044042,0.14018504,0.14014949,0.14031434,0.14066024,0.14116777,0.14181754
0.10116105,0.1001133,0.09923215,0.098543875,0.09807481,0.09785124,0.09789946,0.0982458,0.098916516,0.09993795,0.1013364,0.10313815,0.10536953,0.108056806,0.11122633,0.11490437,0.11911723,0.12370526,0.12847854,0.13341784,0.13850404,0.14371797,0.14904049,0.1544524,0.1599346,0.16546789,0.17103307,0.17661105,0.18218264,0.18772872,0.19323,0.19866748,0.20402195,0.20927419,0.21440512,0.21939552,0.22422625,0.22887819,0.23333207,0.23756887,0.24156934,0.24531436,0.24878469,0.2519613,0.2548249,0.25735644,0.25953677,0.26134655,0.26276678,0.2637097,0.2641178,0.26401728,0.26343462,0.262396,0.26092777,0.25905618,0.2568077,0.2542084,0.25128472,0.24806297,0.24456944,0.24083038,0.23687214,0.23272099,0.22840329,0.22394529,0.21937329,0.21471366,0.20999263,0.20523654,0.20047162,0.19572431,0.1910208,0.18638748,0.18185055,0.17743638,0.1731713,0.16908152,0.16519341,0.16153327,0.1581274,0.1550586,0.1523794,0.15007061,0.14811307,0.14648767,0.14517522,0.14415652,0.14341247,0.14292388,0.14267163,0.14263648,0.14279935,0.14314105,0.14364238,0.14428425
0.10368436,0.102648124,0.101776674,0.10109596,0.10063203,0.10041092,0.100458615,0.10080113,0.101464495,0.102474704,0.103857785,0.105639756,0.10784662,0.11050438,0.11363909,0.11727671,0.1214433,0.12598057,0.1307003,0.13558364,0.1406117,0.14576556,0.15102638,0.15637535,0.16179347,0.16726196,0.17276189,0.1782744,0.18378069,0.1892617,0.19469874,0.20007281,0.20536512,0.21055676,0.21562883,0.22056252,0.22533888,0.22993907,0.23434423,0.23853539,0.24249382,0.24620049,0.2496367,0.25278342,0.2556218,0.25813308,0.26029828,0.2620985,0.26351494,0.26446006,0.26487613,0.2647894,0.2642256,0.26321092,0.2617714,0.25993305,0.25772175,0.25516355,0.2522846,0.2491108,0.24566814,0.24198273,0.2380805,0.23398755,0.2297298,0.22533333,0.22082414,0.21622822,0.2115716,0.20688026,0.20218036,0.19749774,0.19285844,0.18828852,0.18381402,0.17946091,0.17525521,0.17122293,0.16739005,0.1637827,0.1604268,0.15740345,0.15476398,0.15248941,0.15056092,0.1489596,0.14766662,0.14666304,0.14592999,0.14544868,0.14520015,0.14516553,0.145326,0.14566259,0.1461565,0.14678888
0.10644577,0.10542416,0.10456497,0.10389388,0.10343649,0.103218496,0.10326552,0.10360321,0.1042572,0.10525317,0.10661676,0.10837359,0.11054932,0.11316961,0.11626012,0.11984647,0.12395428,0.12842728,0.13307948,0.1378925,0.14284766,0.14792652,0.15311044,0.15838093,0.16371946,0.16910742,0.17452629,0.17995752,0.18538257,0.19078289,0.19613996,0.20143516,0.20665003,0.21176599,0.21676444,0.22162691,0.22633481,0.23086955,0.23521267,0.23934561,0.24324982,0.24690665,0.25029767,0.25340432,0.25620803,0.25869018,0.26083237,0.26261598,0.26402244,0.26496482,0.26538572,0.26531082,0.26476568,0.263776,0.26236746,0.2605656,0.25839612,0.25588474,0.25305703,0.24993858,0.2465552,0.24293241,0.23909588,0.23507126,0.23088425,0.22656043,0.22212546,0.21760502,0.21302474,0.20841023,0.20378722,0.19918126,0.19461808,0.19012327,0.18572251,0.18144143,0.1773057,0.17334093,0.1695728,0.16602698,0.16272901,0.15975836,0.1571648,0.15492986,0.15303491,0.15146148,0.15019096,0.1492049,0.14848463,0.14801168,0.14776748,0.14773346,0.1478911,0.14822188,0.14870718,0.14932853
0.109425955,0.108421825,0.1075773,0.106917694,0.106468126,0.10625387,0.10630008,0.10663197,0.10727482,0.10825373,0.10959403,0.11132083,0.11345938,0.11603487,0.11907253,0.122597545,0.12663518,0.13103141,0.13560331,0.14033282,0.14520164,0.1501917,0.15528472,0.16046257,0.16570708,0.17100006,0.17632337,0.1816588,0.18698812,0.19229326,0.19755593,0.20275801,0.20788136,0.21290773,0.21781904,0.22259694,0.22722343,0.23168024,0.2359492,0.24001218,0.24385093,0.24744734,0.2507832,0.2538403,0.25660053,0.25904566,0.2611575,0.26291797,0.2643088,0.26524407,0.26566675,0.26560205,0.26507524,0.26411146,0.26273587,0.2609738,0.2588504,0.2563909,0.25362048,0.25056437,0.24724771,0.24369586,0.2399339,0.23598704,0.23188055,0.2276396,0.22328943,0.21885523,0.21436217,0.20983556,0.20530045,0.20078227,0.19630602,0.19189702,0.1875805,0.18338154,0.17932546,0.17543747,0.17174271,0.16826643,0.16503385,0.16212237,0.15958051,0.15739009,0.15553291,0.15399085,0.15274566,0.1517792,0.1510733,0.15060976,0.15037042,0.15033711,0.1504916,0.15081578,0.15129144,0.15190041
0.11260563,0.111621544,0.11079395,0.110147476,0.1097069,0.10949692,0.10954221,0.10986749,0.110497475,0.11145685,0.112770356,0.11446264,0.116558455,0.11908249,0.12205945,0.12551405,0.12947096,0.13377911,0.13825904,0.14289297,0.14766318,0.15255184,0.15754122,0.16261347,0.16775094,0.1729358,0.17815025,0.18337657,0.18859693,0.19379362,0.19894886,0.20404483,0.20906381,0.21398802,0.21879968,0.223481,0.22801426,0.23238163,0.23656541,0.24054776,0.24431093,0.24783716,0.25110868,0.2541077,0.25681645,0.25921714,0.26129216,0.2630235,0.26439354,0.2653176,0.2657393,0.26568335,0.26517454,0.26423746,0.26289687,0.26117745,0.25910395,0.25670096,0.25399342,0.25100583,0.24776292,0.24428946,0.24061012,0.2367496,0.23273264,0.22858389,0.2243281,0.21998994,0.21559416,0.21116546,0.2067285,0.202308,0.19792868,0.19361526,0.18939239,0.18528484,0.18131727,0.17751439,0.17390095,0.1705016,0.16734105,0.16449477,0.16200979,0.1598684,0.15805282,0.15654525,0.15532796,0.15438314,0.15369305,0.1532399,0.15300591,0.15297332,0.15312436,0.15344128,0.1539063,0.15450162
0.115965486,0.11500382,0.11419504,0.11356332,0.11313279,0.11292758,0.11297184,0.11328973,0.113905355,0.11484289,0.11612642,0.11778018,0.119828284,0.12229481,0.12520395,0.12857987,0.13244669,0.13665652,0.14103389,0.14556146,0.15022185,0.15499784,0.159872,0.164827,0.16984558,0.17491038,0.18000402,0.18510929,0.19020875,0.19528508,0.20032097,0.20529914,0.21020214,0.21501279,0.21971363,0.22428738,0.22871678,0.23298435,0.23707291,0.240965,0.24464336,0.24809074,0.25128964,0.2542228,0.25687292,0.25922266,0.26125464,0.2629516,0.2642962,0.26520535,0.26562354,0.26557505,0.26508394,0.2641743,0.26287037,0.26119623,0.25917608,0.25683403,0.25419426,0.25128084,0.24811792,0.24472976,0.24114029,0.23737384,0.2334545,0.22940639,0.22525364,0.22102043,0.21673094,0.21240923,0.20807941,0.20376575,0.19949234,0.19528326,0.1911627,0.18715483,0.18328376,0.17957366,0.17604862,0.17273283,0.16965042,0.16687468,0.16445138,0.1623631,0.16059251,0.15912233,0.15793523,0.15701383,0.15634085,0.15589893,0.15567075,0.15563898,0.15578628,0.15609533,0.15654881,0.15712938
0.11948622,0.118549064,0.117760904,0.11714527,0.11672572,0.11652575,0.11656887,0.11687866,0.11747857,0.11839224,0.119643055,0.121254645,0.12325054,0.12565425,0.12848923,0.13177909,0.13554734,0.13964972,0.1439151,0.14832656,0.15286727,0.1575204,0.16226907,0.16709639,0.17198554,0.17691967,0.18188189,0.18685536,0.19182317,0.19676854,0.20167455,0.20652437,0.21130112,0.21598798,0.220568,0.2250245,0.2293404,0.23349898,0.23748332,0.24127665,0.24486205,0.24822256,0.2513415,0.25420195,0.25678697,0.25907984,0.26106352,0.2627213,0.26403627,0.26492718,0.2653397,0.26529735,0.2648237,0.26394227,0.2626766,0.26105008,0.25908637,0.256809,0.25424144,0.25140724,0.24832992,0.24503301,0.24154004,0.23787458,0.23406008,0.23012012,0.22607821,0.22195788,0.21778262,0.21357602,0.20936157,0.20516282,0.20100325,0.19690645,0.1928959,0.18899511,0.18522769,0.1816171,0.17818688,0.17496057,0.17196168,0.1692614,0.16690388,0.16487235,0.16314985,0.16171962,0.16056477,0.15966839,0.15901369,0.15858378,0.15836178,0.15833089,0.15847419,0.15877485,0.15921599,0.1597808
0.12314851,0.12223769,0.12147172,0.12087341,0.12046563,0.12027128,0.12031322,0.12061425,0.12119735,0.12208528,0.12330094,0.12486724,0.12680696,0.12914307,0.13189833,0.13509567,0.13875791,0.14274482,0.14688988,0.15117674,0.15558904,0.16011044,0.16472451,0.16941498,0.17416546,0.17895952,0.18378088,0.18861315,0.19343996,0.19824496,0.20301177,0.20772403,0.21236543,0.21691951,0.22137001,0.22570047,0.22989465,0.23393603,0.23780842,0.24149536,0.24498044,0.24824741,0.2512799,0.2540614,0.25657573,0.2588064,0.26073715,0.26235157,0.26363322,0.2645031,0.26490793,0.2648708,0.2644144,0.26356167,0.2623355,0.2607587,0.25885415,0.2566448,0.25415343,0.25140285,0.24841607,0.24521586,0.24182506,0.2382666,0.23456338,0.23073815,0.22681385,0.22281337,0.21875949,0.21467516,0.21058318,0.20650642,0.20246781,0.19849016,0.19459637,0.1908093,0.18715173,0.18364666,0.18031687,0.17718525,0.17427464,0.17165399,0.16936605,0.16739441,0.16572274,0.16433471,0.1632139,0.16234398,0.16170858,0.16129135,0.16107592,0.16104594,0.16118501,0.1614768,0.16190495,0.16245307
0.12693307,0.1260502,0.12530772,0.124727786,0.12433254,0.12414416,0.12418478,0.1244766,0.12504177,0.12590246,0.12708081,0.12859903,0.13047926,0.13274364,0.13541438,0.1385136,0.14206347,0.1459279,0.14994551,0.15410037,0.15837671,0.16275868,0.16723038,0.17177606,0.17637977,0.18102574,0.18569814,0.19038107,0.19505875,0.19971527,0.20433488,0.20890164,0.21339974,0.21781339,0.22212668,0.22632384,0.23038891,0.23430616,0.23805973,0.24163371,0.24501242,0.2481798,0.25112012,0.2538176,0.25625625,0.2584204,0.26029396,0.26186135,0.26310664,0.26395285,0.2643484,0.2643155,0.26387617,0.26305273,0.26186725,0.26034188,0.2584989,0.2563605,0.25394863,0.25128552,0.2483935,0.2452946,0.24201089,0.2385648,0.23497824,0.23127349,0.22747272,0.2235981,0.21967171,0.2157158,0.21175249,0.20780395,0.20389235,0.20003986,0.19626865,0.19260086,0.18905866,0.18566419,0.18243968,0.17940725,0.17658906,0.17405172,0.1718365,0.16992755,0.16830908,0.16696516,0.16587998,0.16503772,0.16442253,0.16401856,0.16380997,0.16378093,0.16391557,0.16419809,0.16461264,0.16514333
0.13082057,0.129967,0.12924917,0.12868845,0.12830633,0.12812416,0.12816347,0.1284456,0.12899205,0.12982418,0.13096344,0.13243127,0.13424912,0.13643835,0.13902044,0.14201684,0.14544895,0.1491851,0.15306921,0.15708591,0.16121991,0.16545594,0.16977869,0.17417285,0.1786231,0.18311419,0.18763076,0.1921575,0.19667923,0.20118052,0.20564607,0.21006061,0.21440887,0.21867552,0.22284529,0.2269028,0.23083277,0.23461989,0.23824893,0.24170457,0.24497147,0.24803431,0.2508778,0.2534867,0.25584564,0.25793934,0.2597525,0.26126984,0.262476,0.26329648,0.2636813,0.26365176,0.26322943,0.2624357,0.2612919,0.2598196,0.25804013,0.2559749,0.25364548,0.25107315,0.2482794,0.24528566,0.24211332,0.23878388,0.23531872,0.23173927,0.22806701,0.22432326,0.22052951,0.21670721,0.2128778,0.20906259,0.20528316,0.20156088,0.19791713,0.19437338,0.1909511,0.18767165,0.18455645,0.181627,0.1789047,0.17645375,0.17431398,0.17247006,0.17090665,0.1696085,0.1685603,0.16774672,0.16715246,0.16676228,0.1665608,0.16653271,0.16666283,0.16693571,0.1673361,0.16784872
0.13479176,0.13396859,0.13327627,0.1327355,0.13236699,0.13219133,0.13222921,0.1325013,0.1330283,0.1338308,0.13492952,0.1363451,0.13809824,0.14020956,0.14269975,0.14558949,0.14889942,0.15250252,0.1562482,0.16012168,0.16410822,0.16819306,0.1723615,0.17659873,0.18089004,0.18522067,0.18957591,0.19394098,0.1983011,0.20264155,0.20694764,0.21120453,0.21539754,0.2195119,0.22353281,0.22744563,0.23123556,0.23488785,0.2383877,0.24172047,0.24487135,0.2478255,0.2505684,0.2530851,0.255361,0.25738126,0.25913113,0.2605959,0.2617608,0.26255384,0.2629267,0.2629001,0.26249453,0.2617308,0.26062953,0.25921142,0.257497,0.25550717,0.25326243,0.25078344,0.24809092,0.24520552,0.24214792,0.23893876,0.23559873,0.23214845,0.22860865,0.225,0.22134311,0.21765862,0.21396725,0.2102897,0.20664658,0.20305854,0.1995463,0.1961305,0.19283178,0.18967086,0.18666834,0.18384495,0.18122132,0.17885931,0.17679717,0.17502013,0.17351346,0.17226242,0.17125222,0.17046815,0.16989547,0.16951941,0.16932526,0.16929822,0.16942357,0.16968656,0.17007242,0.17056647
0.13882725,0.1380353,0.13736928,0.13684902,0.13649447,0.1363255,0.13636194,0.1366237,0.1371307,0.13790277,0.13895981,0.14032169,0.14200835,0.14403957,0.14643535,0.14921546,0.15239985,0.15586625,0.15946974,0.16319612,0.16703123,0.17096084,0.1749708,0.179047,0.18317509,0.18734105,0.19153066,0.19572972,0.199924,0.20409942,0.20824175,0.21233682,0.21637042,0.22032842,0.22419655,0.2279608,0.2316068,0.2351205,0.23848762,0.24169408,0.24472564,0.24756813,0.25020736,0.2526292,0.2548194,0.25676382,0.25844827,0.25985852,0.26098058,0.2617449,0.262105,0.2620806,0.26169187,0.26095843,0.25990024,0.25853726,0.25688925,0.25497618,0.25281787,0.2504343,0.24784525,0.24507058,0.24213032,0.23904425,0.23583224,0.23251419,0.22910994,0.22563954,0.22212267,0.21857929,0.21502928,0.21149255,0.20798892,0.20453832,0.20116062,0.19787572,0.19470349,0.19166376,0.18877648,0.1860615,0.18353875,0.18126757,0.17928474,0.17757602,0.17612733,0.17492439,0.17395303,0.17319915,0.17264846,0.1722869,0.1721002,0.17207421,0.1721947,0.17244756,0.17281863,0.17329368
0.1429078,0.14214768,0.14150839,0.14100902,0.14066872,0.1405065,0.14054151,0.14079277,0.14127935,0.14202046,0.14303502,0.14434223,0.14596114,0.14791079,0.1502103,0.15287879,0.15593526,0.15926242,0.16272108,0.16629764,0.16997848,0.17375004,0.17759871,0.18151085,0.18547283,0.18947116,0.19349213,0.19752218,0.2015477,0.20555508,0.20953068,0.21346097,0.21733229,0.22113109,0.22484367,0.22845653,0.23195599,0.23532845,0.2385604,0.24163811,0.24454811,0.24727663,0.2498102,0.25213513,0.2542379,0.25610486,0.25772238,0.2590769,0.2601548,0.26088944,0.2612361,0.26121387,0.26084167,0.26013875,0.2591241,0.25781688,0.25623614,0.25440094,0.2523304,0.25004354,0.24755955,0.24489741,0.24207625,0.23911513,0.23603317,0.23284948,0.229583,0.22625297,0.2228784,0.21947834,0.21607198,0.21267836,0.20931648,0.20600556,0.20276456,0.19961262,0.19656882,0.19365226,0.19088198,0.18827708,0.18585667,0.1836777,0.18177536,0.18013602,0.17874612,0.17759202,0.1766601,0.17593682,0.1754085,0.17506161,0.17488247,0.17485751,0.17497316,0.17521578,0.17557174,0.1760275
0.1470141,0.14628612,0.14567386,0.14519563,0.1448697,0.14471437,0.14474788,0.14498849,0.14545454,0.14616425,0.14713596,0.14838788,0.14993829,0.15180552,0.15400779,0.15656343,0.15949066,0.1626771,0.1659894,0.16941461,0.17293964,0.17655155,0.18023722,0.18398365,0.18777789,0.19160682,0.19545747,0.1993168,0.20317177,0.2070094,0.21081665,0.21458048,0.21828786,0.22192577,0.2254812,0.22894114,0.23229255,0.23552237,0.23861764,0.24156529,0.24435228,0.2469657,0.24939238,0.25161937,0.25363365,0.25542217,0.25697193,0.25826985,0.25930303,0.2600075,0.2603404,0.26031992,0.25996438,0.25929207,0.2583212,0.25707012,0.25555706,0.2538004,0.25181827,0.24962904,0.24725093,0.24470225,0.24200128,0.23916627,0.23621552,0.23316728,0.23003986,0.22685154,0.22362053,0.22036518,0.2171037,0.21385443,0.21063566,0.20746559,0.20436251,0.20134476,0.19843055,0.1956382,0.19298597,0.19049212,0.18817492,0.18608893,0.18426771,0.18269837,0.18136775,0.18026288,0.17937076,0.17867829,0.17817256,0.17784043,0.17766894,0.17764507,0.17775577,0.17798805,0.17832881,0.1787651
0.15112683,0.15043107,0.14984594,0.14938886,0.14907737,0.14892891,0.14896092,0.14919093,0.14963631,0.15031464,0.1512433,0.15243979,0.1539216,0.15570614,0.15781093,0.16025342,0.16305105,0.1660964,0.16926198,0.17253546,0.17590427,0.17935611,0.18287838,0.1864587,0.19008471,0.19374387,0.19742376,0.20111191,0.20479596,0.20846345,0.21210185,0.21569878,0.21924181,0.22271848,0.22611637,0.22942294,0.23262595,0.23571274,0.23867096,0.2414882,0.24415195,0.24664985,0.24896942,0.25109816,0.25302365,0.25473356,0.2562153,0.25745648,0.2584447,0.2591189,0.2594379,0.25941917,0.25908023,0.2584386,0.25751162,0.25631675,0.25487158,0.25319353,0.25130004,0.24920852,0.24693659,0.24450164,0.24192108,0.23921244,0.23639326,0.23348074,0.23049265,0.22744632,0.22435929,0.22124891,0.21813266,0.21502814,0.21195267,0.20892382,0.20595904,0.20307572,0.2002914,0.19762354,0.19508955,0.19270699,0.19049326,0.1885004,0.18676054,0.18526128,0.18399009,0.18293455,0.18208224,0.18142071,0.18093756,0.18062031,0.18045649,0.18043365,0.18053944,0.18076132,0.18108688,0.18150368
0.15522671,0.15456298,0.15400483,0.15356882,0.15327168,0.15313004,0.1531606,0.15337998,0.1538049,0.15445194,0.15533778,0.15647918,0.15789266,0.15959501,0.16160281,0.16393273,0.16660148,0.16950643,0.17252609,0.17564857,0.17886198,0.18215452,0.18551423,0.18892932,0.19238791,0.19587812,0.1993881,0.20290601,0.20641996,0.2099181,0.21338855,0.21681945,0.22019902,0.22351521,0.22675629,0.22991036,0.23296563,0.23591016,0.23873213,0.2414196,0.24396078,0.24634376,0.24855673,0.25058782,0.2524251,0.25405684,0.25547096,0.25665584,0.25759944,0.25824356,0.25854886,0.25853205,0.2582097,0.2575986,0.25671536,0.25557667,0.25419903,0.25259927,0.25079405,0.2488,0.24663375,0.24431194,0.24185131,0.2392685,0.23658021,0.23380299,0.23095356,0.22804862,0.22510481,0.22213873,0.21916716,0.21620665,0.21327396,0.21038567,0.20755847,0.20480905,0.202154,0.19961013,0.19719394,0.19492212,0.19281143,0.19091135,0.18925251,0.18782301,0.18661101,0.18560463,0.18479198,0.18416128,0.1837006,0.18339808,0.1832419,0.18322013,0.183321,0.18353255,0.18384296,0.18424037
0.15929441,0.15866235,0.15813076,0.15771554,0.15743257,0.1572977,0.15732677,0.15753573,0.15794033,0.15855657,0.15940018,0.16048716,0.16183326,0.16345441,0.16536653,0.16758539,0.17012689,0.17289332,0.17576891,0.17874233,0.1818023,0.1849376,0.18813682,0.19138873,0.19468202,0.19800545,0.20134768,0.20469742,0.2080434,0.21137436,0.21467897,0.21794592,0.22116399,0.2243218,0.22740811,0.23041168,0.23332113,0.23612519,0.23881263,0.24137212,0.24379233,0.24606201,0.24816991,0.25010464,0.25185505,0.25340968,0.2547574,0.25588685,0.25678667,0.25740138,0.25769347,0.25767875,0.2573731,0.25679246,0.2559526,0.25486943,0.25355887,0.2520367,0.25031883,0.24842109,0.24635945,0.24414964,0.24180765,0.23934932,0.23679042,0.23414691,0.23143467,0.22866951,0.22586732,0.223044,0.22021541,0.21739736,0.21460576,0.21185648,0.20916535,0.2065483,0.20402119,0.20159985,0.19930016,0.19713798,0.1951292,0.19332096,0.19174227,0.19038184,0.18922837,0.18827064,0.18749729,0.18689705,0.18645862,0.18617073,0.18602207,0.18600139,0.18609732,0.18629868,0.18659411,0.18697233
0.16331059,0.16270952,0.16220397,0.16180913,0.16154002,0.16141173,0.1614394,0.16163811,0.16202289,0.16260889,0.1634112,0.16444491,0.16572508,0.16726683,0.16908519,0.17119533,0.17361231,0.17624316,0.17897768,0.18180521,0.18471493,0.18769614,0.1907382,0.19383025,0.19696166,0.20012166,0.20329954,0.20648456,0.20966604,0.2128332,0.2159753,0.21908171,0.22214161,0.22514428,0.22807902,0.23093513,0.23370187,0.23636843,0.23892416,0.24135838,0.24366035,0.24581915,0.24782436,0.24966504,0.25133052,0.2528101,0.25409302,0.2551685,0.25602597,0.25661227,0.25689188,0.25687963,0.25659075,0.25604033,0.25524342,0.25421512,0.25297046,0.2515247,0.24989271,0.24808978,0.24613093,0.24403119,0.24180573,0.23946957,0.23703788,0.23452565,0.2319481,0.22932021,0.22665712,0.22397387,0.22128563,0.21860747,0.21595442,0.21334161,0.21078415,0.20829709,0.20589559,0.20359465,0.2014094,0.19935495,0.19744638,0.19572839,0.19422852,0.192936,0.19184014,0.19093019,0.19019546,0.18962516,0.18920864,0.18893512,0.18879387,0.1887742,0.1888654,0.18905668,0.18933733,0.18969665
0.16725603,0.16668497,0.16620472,0.1658296,0.16557395,0.1654521,0.16547838,0.16566712,0.16603269,0.16658942,0.16735162,0.16833365,0.1695498,0.17101447,0.17274196,0.17474663,0.17704278,0.17954205,0.18213968,0.1848255,0.18758936,0.19042103,0.19331037,0.19624719,0.19922133,0.20222259,0.20524083,0.20826587,0.21128748,0.21429554,0.21727984,0.22023024,0.22313654,0.22598858,0.2287761,0.23148912,0.23411724,0.23665047,0.23907846,0.2413912,0.24357836,0.24562994,0.24753557,0.24928522,0.25086865,0.2522757,0.2534962,0.25451994,0.25533676,0.25589624,0.2561642,0.256155,0.25588298,0.25536248,0.25460783,0.25363332,0.25245336,0.2510822,0.2495343,0.24782388,0.24596536,0.24397297,0.24186121,0.23964423,0.2373365,0.2349523,0.23250596,0.23001185,0.2274843,0.22493762,0.2223862,0.21984422,0.21732625,0.2148465,0.2124193,0.21005896,0.20777988,0.20559642,0.2035228,0.20157345,0.1997627,0.19813284,0.19670993,0.19548374,0.19444409,0.19358084,0.19288379,0.19234277,0.1919476,0.19168812,0.19155414,0.19153549,0.19162197,0.19180344,0.19206974,0.19241062
0.17111139,0.1705692,0.17011322,0.16975707,0.16951431,0.16939865,0.16942358,0.16960281,0.16994989,0.17047845,0.17120212,0.17213449,0.17328918,0.17467979,0.17631993,0.17822324,0.18040329,0.1827761,0.18524212,0.18779168,0.19041519,0.19310296,0.1958454,0.19863282,0.2014556,0.2043041,0.20716868,0.21003968,0.21290745,0.21576232,0.21859474,0.22139506,0.22415355,0.2268606,0.22950661,0.2320819,0.23457687,0.23698181,0.2392871,0.24148306,0.2435602,0.24550878,0.24731907,0.24898149,0.25048655,0.25182435,0.25298545,0.25396007,0.25473863,0.25527304,0.25553074,0.2555252,0.2552702,0.25477922,0.25406596,0.25314394,0.2520269,0.25072834,0.24926192,0.2476412,0.2458799,0.24399145,0.24198969,0.23988807,0.23770022,0.23543979,0.23312038,0.23075561,0.2283591,0.22594443,0.22352523,0.22111505,0.21872759,0.21637644,0.2140752,0.21183743,0.20967688,0.20760699,0.20564148,0.20379397,0.20207797,0.2005336,0.19918524,0.1980233,0.19703816,0.19622016,0.19555965,0.19504704,0.19467257,0.19442669,0.19429971,0.19428205,0.19436401,0.19453596,0.19478828,0.1951113
0.17485732,0.17434262,0.17390968,0.17357157,0.17334113,0.17323129,0.17325497,0.17342512,0.17375462,0.17425644,0.17494348,0.17582865,0.17692487,0.17824508,0.17980218,0.18160917,0.18367884,0.1859314,0.18827221,0.19069211,0.19318204,0.19573283,0.19833533,0.20098045,0.20365904,0.206362,0.20908013,0.21180438,0.2145256,0.21723463,0.21992235,0.22257966,0.22519736,0.22776642,0.2302776,0.23272188,0.23509006,0.23737305,0.23956168,0.24164686,0.24361946,0.24547033,0.24719031,0.24877034,0.25020126,0.25147387,0.25257912,0.2535079,0.25425106,0.25476265,0.25501147,0.25501055,0.25477266,0.25431082,0.25363788,0.2527668,0.25171047,0.2504819,0.24909398,0.24755956,0.24589162,0.24410304,0.24220686,0.24021584,0.23814303,0.23600128,0.2338035,0.2315627,0.22929175,0.22700354,0.22471103,0.22242714,0.22016479,0.21793687,0.21575636,0.21363617,0.21158916,0.20962833,0.20776656,0.2060168,0.20439193,0.20292968,0.20165306,0.20055296,0.19962025,0.19884576,0.19822037,0.19773503,0.19738048,0.19714768,0.19702747,0.19701074,0.19708835,0.19725114,0.19749002,0.19779587
0.17847456,0.17798561,0.1775744,0.17725317,0.17703427,0.17692994,0.17695245,0.17711408,0.17742708,0.17790377,0.1785564,0.17939726,0.1804386,0.18169273,0.18317188,0.18488838,0.18685447,0.18899405,0.19121718,0.19351523,0.1958795,0.19830139,0.20077223,0.20328338,0.20582622,0.20839216,0.21097241,0.21355847,0.21614163,0.21871325,0.22126478,0.22378744,0.22627267,0.22871181,0.23109627,0.23341735,0.2356664,0.2378348,0.23991393,0.24189515,0.24376978,0.24552923,0.24716477,0.24866788,0.25002983,0.25124207,0.2522958,0.25318253,0.25389355,0.254385,0.25462684,0.2546313,0.2544108,0.25397745,0.25334364,0.25252157,0.25152358,0.25036198,0.24904896,0.24759677,0.24601783,0.24432419,0.24252838,0.24064249,0.23867887,0.23664978,0.23456746,0.23244429,0.23029242,0.22812419,0.2259519,0.2237878,0.22164412,0.21953319,0.21746723,0.21545862,0.21351956,0.2116623,0.20989916,0.20824242,0.20670435,0.20532039,0.20411216,0.20307095,0.20218816,0.20145519,0.2008633,0.2004039,0.20006838,0.19984806,0.19973426,0.19971842,0.19979186,0.19994594,0.20017205,0.20046152
0.18194383,0.1814787,0.1810875,0.18078198,0.18057375,0.18047448,0.18049589,0.18064965,0.1809474,0.18140082,0.18202163,0.18282151,0.18381208,0.18500504,0.1864121,0.1880449,0.18991512,0.19195023,0.19406438,0.19624943,0.19849718,0.20079948,0.2031481,0.20553489,0.20795168,0.21039031,0.21284254,0.21530025,0.2177552,0.22019927,0.22262424,0.22502196,0.22738424,0.22970286,0.2319697,0.23417658,0.23631528,0.23837762,0.24035546,0.2422406,0.24402486,0.2457,0.24725801,0.24869055,0.2499895,0.25114664,0.25215387,0.25300285,0.25368565,0.25415993,0.2543968,0.25440782,0.25420484,0.25379947,0.25320336,0.25242823,0.25148574,0.25038752,0.2491453,0.24777076,0.24627554,0.24467137,0.24296986,0.24118271,0.23932168,0.23739828,0.23542432,0.23341146,0.23137133,0.22931564,0.22725604,0.22520426,0.22317192,0.2211707,0.21921232,0.21730843,0.2154707,0.2137108,0.21204044,0.2104713,0.209015,0.20770495,0.2065612,0.20557554,0.20473985,0.20404601,0.20348571,0.20305082,0.20273319,0.20252462,0.20241691,0.20240192,0.20247145,0.20261729,0.20283134,0.20310535
0.18524575,0.18480228,0.18442932,0.18413803,0.18393947,0.18384485,0.18386525,0.18401185,0.18429574,0.18472806,0.18531996,0.18608257,0.18702702,0.18816446,0.189506,0.19106273,0.19284588,0.19478595,0.19680093,0.19888307,0.20102462,0.20321786,0.20545499,0.2077283,0.21003003,0.2123524,0.21468772,0.21702816,0.21936606,0.22169359,0.22400305,0.22628671,0.22853675,0.23074548,0.23290512,0.23500796,0.23704615,0.23901208,0.24089788,0.24269585,0.24439828,0.24599738,0.24748541,0.24885458,0.2500972,0.25120544,0.25217167,0.25298804,0.25364685,0.25410742,0.25434154,0.25436047,0.2541753,0.25379717,0.25323713,0.25250646,0.25161615,0.25057748,0.24940147,0.2480993,0.24668203,0.24516092,0.24354699,0.24185145,0.24008538,0.23825994,0.23638622,0.23447546,0.23253867,0.23058708,0.22863176,0.22668384,0.2247545,0.22285482,0.22099598,0.21918915,0.21744533,0.21577576,0.21419154,0.21270378,0.21132368,0.21008243,0.2089988,0.20806496,0.20727317,0.2066158,0.2060849,0.2056729,0.20537196,0.20517436,0.20507233,0.20505811,0.20512399,0.20526215,0.20546496,0.20572458
0.18836108,0.18793684,0.18758005,0.1873014,0.18711144,0.18702091,0.18704045,0.18718068,0.18745226,0.18786584,0.18843207,0.18916163,0.19006513,0.19115323,0.1924366,0.19392587,0.1956317,0.19748735,0.19941409,0.2014046,0.20345147,0.20554738,0.20768495,0.20985687,0.21205574,0.21427424,0.21650496,0.21874063,0.2209738,0.2231972,0.22540344,0.22758512,0.22973497,0.2318456,0.23390964,0.23591976,0.23786855,0.23974873,0.24155289,0.2432737,0.24490382,0.24643585,0.2478625,0.24917635,0.2503701,0.25143635,0.25236773,0.25315696,0.25379664,0.25424728,0.25448132,0.25450948,0.2543424,0.25399068,0.25346503,0.25277606,0.25193447,0.25095084,0.24983585,0.24860018,0.24725443,0.2458093,0.24427544,0.24266343,0.24098398,0.23924772,0.23746535,0.23564745,0.2338047,0.23194776,0.23008728,0.22823387,0.22639821,0.22459099,0.22282279,0.2211043,0.21944615,0.21785901,0.21635352,0.21494035,0.21363011,0.21245214,0.21142368,0.21053746,0.20978606,0.20916212,0.20865831,0.2082673,0.20798168,0.20779416,0.2076973,0.20768383,0.20774636,0.2078775,0.20806994,0.20831633
0.19119115,0.19078374,0.19044107,0.19017345,0.18999104,0.1899041,0.1899229,0.19005752,0.19031835,0.1907155,0.19125931,0.19195993,0.19282763,0.19387257,0.19510505,0.19653526,0.19817345,0.19995518,0.20180464,0.20371471,0.20567852,0.20768899,0.20973913,0.21182193,0.21393046,0.21605763,0.2181965,0.22033995,0.2224811,0.22461295,0.22672844,0.2288206,0.23088239,0.23290688,0.23488703,0.2368158,0.23868626,0.2404913,0.24222407,0.24387744,0.24544448,0.24691813,0.24829146,0.24955744,0.25070906,0.25173923,0.25264114,0.2534077,0.2540318,0.25447506,0.2547103,0.25474784,0.25459787,0.25427058,0.25377628,0.2531251,0.25232732,0.25139323,0.2503329,0.24915673,0.24787486,0.24649748,0.24503493,0.24349734,0.24189496,0.24023807,0.23853682,0.2368015,0.23504233,0.23326951,0.23149325,0.22972383,0.22797146,0.22624636,0.22455879,0.22291894,0.22133704,0.21982327,0.21838799,0.21704131,0.21579355,0.21467209,0.21369308,0.21284932,0.212134,0.21154006,0.21106042,0.21068817,0.21041627,0.21023773,0.21014556,0.2101327,0.21019222,0.21031709,0.21050029,0.21073486
0.19366194,0.19326921,0.19293888,0.19268093,0.19250514,0.19242129,0.19243938,0.19256915,0.19282061,0.19320345,0.1937276,0.194403,0.19523937,0.19624664,0.19743472,0.19881336,0.2003925,0.20210975,0.20389163,0.20573159,0.20762289,0.20955876,0.21153252,0.21353757,0.21556719,0.2176146,0.21967322,0.22173624,0.22379708,0.22584899,0.22788523,0.22989921,0.23188421,0.23383345,0.2357403,0.2375981,0.23940013,0.24113964,0.24281003,0.24440451,0.24591653,0.24733919,0.24866599,0.24989013,0.25100496,0.25200376,0.25287992,0.25362656,0.25423715,0.2546739,0.25491026,0.25495592,0.2548209,0.25451496,0.254048,0.2534298,0.25267038,0.25177938,0.25076687,0.24964264,0.24841647,0.24709836,0.24569798,0.24422537,0.24269034,0.24110267,0.23947228,0.23780905,0.23612285,0.23442341,0.23272076,0.23102465,0.22934502,0.22769162,0.22607437,0.22450319,0.22298783,0.22153822,0.22016418,0.2188756,0.2176823,0.21661028,0.21567431,0.21486773,0.21418388,0.2136161,0.21315758,0.21280172,0.2125418,0.21237111,0.21228297,0.2122707,0.2123276,0.21244697,0.2126221,0.21284637
0.1957911,0.19541104,0.1950914,0.19484173,0.19467154,0.19459045,0.19460793,0.19473356,0.1949769,0.19534741,0.19585471,0.19650829,0.19731772,0.19829255,0.19944228,0.20077652,0.20230475,0.20396635,0.20569012,0.20746961,0.20929836,0.21116994,0.21307799,0.215016,0.2169776,0.2189563,0.22094579,0.22293952,0.22493106,0.22691411,0.22888215,0.23082873,0.23274745,0.23463191,0.23647563,0.23827225,0.24001528,0.24169835,0.24331497,0.24485877,0.2463233,0.24770206,0.24898878,0.25017688,0.25125998,0.2522317,0.25308555,0.2538152,0.25441408,0.25484532,0.25508252,0.2551353,0.2550131,0.25472555,0.25428215,0.25369242,0.25296593,0.25211227,0.25114083,0.2500613,0.24888323,0.24761607,0.2462694,0.24485275,0.24337567,0.24184774,0.24027842,0.23867731,0.23705393,0.23541784,0.23377857,0.23214564,0.23052862,0.22893704,0.22738047,0.22586837,0.22441041,0.22301601,0.2216948,0.22045626,0.21930997,0.2182804,0.21738164,0.21660708,0.21595035,0.21540508,0.21496478,0.21462305,0.21437342,0.21420954,0.21412493,0.21411312,0.21416774,0.21428238,0.2144506,0.21466589
0.19759634,0.197227,0.19691634,0.19667375,0.1965084,0.19642961,0.19644658,0.19656865,0.1968051,0.19716518,0.19765815,0.19829327,0.19907983,0.20002715,0.20114443,0.20244099,0.20392607,0.20554054,0.20721501,0.20894319,0.21071896,0.21253605,0.21438833,0.21626952,0.21817341,0.22009389,0.22202474,0.22395965,0.22589257,0.22781718,0.22972728,0.2316168,0.23347938,0.23530884,0.23709908,0.23884383,0.24053687,0.24217205,0.24374312,0.24524388,0.24666813,0.24800971,0.2492624,0.25041997,0.2514762,0.25242496,0.25325996,0.25397512,0.2545641,0.25499064,0.25522858,0.25528735,0.25517607,0.2549041,0.25448063,0.25391504,0.25321656,0.25239444,0.25145793,0.2504164,0.24927898,0.24805507,0.24675383,0.2453847,0.24395682,0.24247941,0.24096188,0.23941347,0.23784338,0.2362609,0.23467539,0.23309605,0.23153214,0.229993,0.22848779,0.22702588,0.22561653,0.224269,0.22299252,0.22179642,0.22068997,0.21969649,0.21882917,0.21808177,0.2174481,0.21692191,0.21649702,0.21616727,0.21592641,0.21576825,0.21568657,0.2156752,0.21572793,0.21583854,0.21600083,0.21620862
0.19909528,0.19873485,0.19843172,0.19819494,0.1980336,0.1979567,0.1979733,0.19809243,0.19832315,0.19867451,0.19915558,0.19977541,0.20054303,0.20146748,0.20255779,0.20382304,0.20527232,0.20684765,0.20848118,0.21016677,0.21189852,0.21367036,0.21547632,0.21731032,0.2191664,0.22103852,0.22292063,0.22480679,0.22669087,0.228567,0.23042911,0.23227113,0.2340871,0.23587097,0.23761676,0.23931845,0.24096996,0.24256535,0.24409859,0.24556364,0.24695447,0.24826515,0.24948962,0.25062177,0.25165576,0.25258544,0.2534048,0.2541079,0.25468868,0.2551113,0.2553499,0.2554136,0.25531137,0.25505227,0.2546455,0.2540999,0.25342464,0.2526287,0.2517212,0.2507111,0.24960756,0.2484196,0.24715613,0.24582641,0.24443929,0.24300395,0.24152938,0.24002472,0.23849888,0.236961,0.23542008,0.23388521,0.23236544,0.23086978,0.22940728,0.22798704,0.22661804,0.2253094,0.22407012,0.22290923,0.22183582,0.22087236,0.2200312,0.21930629,0.2186917,0.21818134,0.21776931,0.2174495,0.2172159,0.21706247,0.21698332,0.21697228,0.21702339,0.21713068,0.21728809,0.21748962
0.20030566,0.19995238,0.19965532,0.19942328,0.19926517,0.19918975,0.19920605,0.19932278,0.19954892,0.19989328,0.20036475,0.2009722,0.20172448,0.20263046,0.20369902,0.20493902,0.20635936,0.20790309,0.2095035,0.21115476,0.21285099,0.21458632,0.21635486,0.21815073,0.21996814,0.22180119,0.22364402,0.22549078,0.22733554,0.22917251,0.23099577,0.23279952,0.23457782,0.23632486,0.23803475,0.2397016,0.24131967,0.24288298,0.24438563,0.24582183,0.24718574,0.24847144,0.24967307,0.2507848,0.25180075,0.25271502,0.25352177,0.25421512,0.25478926,0.2552087,0.25544783,0.25551552,0.25542063,0.25517207,0.25477856,0.25424922,0.25359264,0.2528179,0.25193378,0.25094917,0.24987292,0.24871387,0.24748099,0.246183,0.24482888,0.24342749,0.24198768,0.24051821,0.23902817,0.2375263,0.2360214,0.23452242,0.23303826,0.23157775,0.23014973,0.2287631,0.22742672,0.22614948,0.2249402,0.22380777,0.22276106,0.22182178,0.22100174,0.22029504,0.21969588,0.21919838,0.21879669,0.2184849,0.21825711,0.21810757,0.21803036,0.21801962,0.21806945,0.21817403,0.2183275,0.21852395
0.20124505,0.2008974,0.20060502,0.2003767,0.20022102,0.20014684,0.20016286,0.20027775,0.20050031,0.2008392,0.20130324,0.20190108,0.20264149,0.20353313,0.20458479,0.20580521,0.20720309,0.20872226,0.21029705,0.21192163,0.21359026,0.21529719,0.21703672,0.21880306,0.22059047,0.22239321,0.22420552,0.22602166,0.2278359,0.22964247,0.23143561,0.23320962,0.2349587,0.23667717,0.2383592,0.23999912,0.24159108,0.24312948,0.24460845,0.24602227,0.2473652,0.24863155,0.24981552,0.25091127,0.25191325,0.2528155,0.2536125,0.25429833,0.25486732,0.25528434,0.2555238,0.25559464,0.25550544,0.25526494,0.25488192,0.25436503,0.25372303,0.2529648,0.25209877,0.25113386,0.25007883,0.24894235,0.24773307,0.24645986,0.24513127,0.24375623,0.24234334,0.24090135,0.23943901,0.237965,0.23648809,0.23501706,0.23356052,0.23212725,0.230726,0.22936547,0.2280544,0.2268015,0.22561552,0.22450517,0.22347923,0.22255868,0.22175501,0.22106247,0.22047529,0.21998772,0.21959405,0.21928847,0.21906526,0.21891871,0.21884303,0.21883251,0.21888135,0.21898387,0.21913423,0.2193268
0.20193121,0.20158765,0.2012987,0.201073,0.20091918,0.2008459,0.20086169,0.20097527,0.20119521,0.20153016,0.20198871,0.20257956,0.20331125,0.20419246,0.20523182,0.20643789,0.20781934,0.20932062,0.21087666,0.2124817,0.21413021,0.21581645,0.21753475,0.21927951,0.22104499,0.22282559,0.22461562,0.22640942,0.22820131,0.22998573,0.23175687,0.23350917,0.23523693,0.23693447,0.23859619,0.24021633,0.24178937,0.24330954,0.24477115,0.24616864,0.2474963,0.24874848,0.24991947,0.25100368,0.25199538,0.25288898,0.25367886,0.2543591,0.25492433,0.25533956,0.25557944,0.25565243,0.25556734,0.25533283,0.25495735,0.25444964,0.2538184,0.253072,0.25221926,0.25126883,0.2502293,0.24910916,0.2479172,0.24666205,0.24535216,0.24399635,0.24260311,0.24118114,0.23973906,0.23828548,0.23682901,0.23537827,0.23394194,0.23252863,0.2311469,0.22980544,0.22851285,0.22727777,0.22610879,0.22501457,0.22400376,0.22309694,0.22230524,0.221623,0.22104456,0.22056426,0.22017643,0.21987543,0.21965554,0.21951117,0.21943665,0.21942627,0.21947436,0.21957533,0.21972348,0.21991315
0.2023818,0.20204088,0.20175423,0.20153026,0.20137766,0.20130491,0.20132063,0.20143327,0.20165151,0.20198387,0.20243883,0.20302509,0.20375109,0.20462538,0.20565662,0.20685329,0.20822403,0.2097135,0.21125722,0.21284954,0.21448477,0.21615739,0.21786179,0.21959236,0.22134347,0.22310954,0.22488493,0.22666404,0.22844134,0.23021108,0.23196782,0.23370583,0.2354196,0.23710345,0.23875178,0.240359,0.24191953,0.24342775,0.24487801,0.24626476,0.24758239,0.24882524,0.24998777,0.25106436,0.25204936,0.25293726,0.25372234,0.25439903,0.25496176,0.25537583,0.25561577,0.25569043,0.25560805,0.2553773,0.25500688,0.25450528,0.2538809,0.25314242,0.25229844,0.25135744,0.25032803,0.24921879,0.24803811,0.24679475,0.24549724,0.244154,0.24277373,0.24136488,0.23993613,0.2384959,0.23705286,0.2356155,0.2341924,0.23279217,0.23142327,0.23009434,0.22881389,0.2275905,0.22643268,0.22534908,0.2243482,0.22345036,0.22266653,0.22199108,0.22141838,0.22094283,0.22055887,0.22026084,0.22004315,0.21990024,0.21982643,0.21981613,0.21986379,0.21996376,0.22011042,0.22029822
0.20261444,0.20227495,0.2019894,0.20176639,0.20161438,0.20154195,0.20155756,0.20166978,0.20188713,0.20221815,0.20267127,0.20325513,0.20397814,0.20484892,0.20587602,0.20706782,0.20843296,0.20991643,0.21145375,0.21303944,0.21466783,0.21633346,0.21803069,0.21975389,0.22149758,0.22325613,0.22502397,0.22679552,0.22856522,0.2303275,0.23207673,0.2338074,0.23551396,0.23719068,0.23883212,0.24043268,0.24198674,0.2434888,0.24493317,0.2463144,0.24762686,0.2488649,0.25002304,0.25109568,0.25207725,0.25296208,0.2537448,0.25441965,0.25498113,0.25539446,0.2556346,0.25570995,0.255629,0.25540036,0.25503248,0.25453392,0.25391313,0.2531788,0.2523393,0.25140318,0.25037903,0.24927534,0.24810058,0.24686332,0.24557206,0.24423541,0.2428618,0.24145974,0.24003783,0.23860459,0.23716845,0.23573801,0.23432176,0.23292823,0.231566,0.23024353,0.22896934,0.22775199,0.22659996,0.22552183,0.22452605,0.22363289,0.2228531,0.22218116,0.2216114,0.22113833,0.2207563,0.22045985,0.22024332,0.2201011,0.22002771,0.22001746,0.22006488,0.2201643,0.2203102,0.22049701
0.20264682,0.2023075,0.20202217,0.20179927,0.20164734,0.20157494,0.20159055,0.20170268,0.20191993,0.2022507,0.20270361,0.20328714,0.2040098,0.20488009,0.20590654,0.20709768,0.20846204,0.20994465,0.2114811,0.21306588,0.21469334,0.21635799,0.21805419,0.2197764,0.22151904,0.22327653,0.22504334,0.22681385,0.22858247,0.23034373,0.23209193,0.23382156,0.23552707,0.23720281,0.2388433,0.24044293,0.24199608,0.24349728,0.24494085,0.24632134,0.247633,0.24887043,0.25002795,0.25110003,0.25208113,0.2529656,0.2537479,0.25442252,0.2549838,0.25539714,0.25563726,0.25571266,0.25563198,0.25540358,0.25503603,0.2545379,0.25391766,0.25318384,0.252345,0.2514096,0.25038615,0.2492832,0.2481093,0.24687289,0.24558252,0.24424675,0.24287404,0.24147299,0.24005201,0.23861971,0.23718451,0.23575507,0.23433976,0.2329472,0.23158586,0.23026426,0.22899099,0.22777446,0.22662322,0.22554584,0.22455081,0.22365826,0.22287907,0.22220759,0.22163825,0.22116555,0.22078386,0.22048756,0.22027117,0.22012907,0.2200557,0.22004546,0.22009283,0.22019225,0.22033803,0.2205247
0.20249662,0.20215642,0.20187032,0.20164682,0.20149451,0.20142193,0.20143758,0.20155004,0.20176782,0.2020995,0.2025536,0.20313862,0.20386316,0.20473574,0.20576493,0.20695922,0.20832716,0.20981368,0.21135424,0.21294326,0.21457517,0.21624433,0.21794516,0.2196721,0.22141953,0.22318189,0.22495358,0.22672899,0.22850248,0.23026858,0.23202163,0.233756,0.23546615,0.23714651,0.23879145,0.2403954,0.24195272,0.24345785,0.24490526,0.2462893,0.24760433,0.24884483,0.25000522,0.2510798,0.2520631,0.25294948,0.25373343,0.2544092,0.2549713,0.255385,0.25562507,0.25570002,0.25561842,0.25538874,0.25501955,0.2545194,0.25389686,0.25316033,0.25231862,0.25138006,0.25035322,0.24924669,0.24806899,0.2468286,0.2455342,0.2441942,0.24281721,0.24141175,0.23998633,0.23854953,0.23710993,0.235676,0.23425624,0.23285934,0.23149374,0.23016798,0.22889063,0.22767022,0.22651528,0.22543436,0.22443599,0.22354047,0.22275862,0.2220849,0.22151367,0.22103932,0.22065635,0.22035909,0.22014195,0.2199994,0.2199258,0.21991551,0.21996304,0.22006275,0.22020906,0.22039634
0.20218155,0.20183948,0.20155175,0.20132704,0.20117392,0.20110095,0.20111667,0.20122974,0.20144871,0.20178221,0.20223877,0.20282705,0.2035556,0.204433,0.20546782,0.20666866,0.20804419,0.20953892,0.21108809,0.21268608,0.21432717,0.21600589,0.21771646,0.21945332,0.22121082,0.22298332,0.2247652,0.2265509,0.22833464,0.23011097,0.23187406,0.23361847,0.2353384,0.2370283,0.23868258,0.24029557,0.24186169,0.24337517,0.24483052,0.24622203,0.24754408,0.24879116,0.24995743,0.25103742,0.2520254,0.25291583,0.25370297,0.2543813,0.25494513,0.25535968,0.2555996,0.25567353,0.25559,0.2553576,0.25498486,0.2544805,0.25385302,0.25311112,0.25226328,0.2513181,0.25028414,0.24917006,0.2479844,0.24673577,0.2454327,0.24408393,0.24269786,0.24128318,0.23984854,0.23840241,0.23695338,0.23551005,0.23408106,0.23267505,0.23130046,0.22996598,0.22868009,0.2274515,0.22628872,0.22520041,0.22419511,0.22329329,0.22250594,0.22182749,0.22125225,0.2207746,0.22038889,0.22008954,0.21987088,0.21972731,0.21965317,0.21964286,0.2196907,0.21979108,0.21993847,0.22012709
0.20171921,0.20137437,0.20108435,0.20085783,0.20070346,0.20062989,0.20064574,0.20075974,0.20098045,0.20131664,0.2017769,0.20236987,0.20310426,0.20398876,0.20503187,0.20624237,0.20762894,0.20913571,0.21069755,0.21230866,0.21396334,0.21565597,0.21738087,0.21913226,0.22090453,0.22269197,0.2244889,0.22628962,0.22808841,0.22987963,0.2316576,0.2334166,0.23515093,0.23685496,0.23852293,0.24014917,0.24172811,0.24325384,0.24472085,0.2461234,0.2474558,0.24871227,0.24988733,0.25097516,0.25197002,0.25286636,0.2536583,0.25434035,0.2549067,0.2553225,0.25556222,0.25563455,0.2555482,0.25531182,0.25493407,0.2544235,0.2537889,0.25303885,0.25218207,0.25122717,0.25018278,0.2490576,0.24786031,0.24659953,0.24528392,0.24392211,0.2425228,0.2410947,0.23964635,0.23818645,0.23672363,0.23526667,0.23382406,0.23240459,0.23101686,0.22966947,0.22837119,0.2271306,0.22595637,0.22485718,0.22384168,0.22293061,0.22213522,0.22144982,0.22086863,0.22038609,0.2199965,0.21969402,0.21947315,0.2193281,0.2192532,0.21924278,0.21929114,0.21939258,0.2195414,0.21973194
0.20112726,0.2007789,0.20048594,0.20025712,0.20010117,0.20002681,0.20004287,0.20015799,0.20038101,0.20072061,0.20118557,0.20178463,0.2025265,0.20341997,0.20447375,0.2056966,0.20709729,0.20861958,0.21019755,0.21182546,0.21349756,0.21520807,0.2169512,0.21872126,0.22051245,0.22231898,0.22413512,0.22595508,0.22777316,0.22958356,0.23138048,0.23315817,0.23491098,0.23663297,0.23831852,0.23996176,0.24155708,0.24309851,0.24458049,0.24599712,0.24734269,0.24861145,0.24979764,0.25089544,0.25189915,0.25280294,0.25360113,0.25428793,0.2548575,0.25527486,0.2555143,0.25558472,0.2554948,0.2552533,0.25486895,0.25435054,0.25370672,0.25294635,0.25207812,0.25111073,0.25005305,0.24891374,0.24770145,0.24642512,0.24509338,0.24371497,0.24229869,0.24085331,0.2393875,0.23791,0.23642959,0.23495503,0.23349504,0.23205833,0.23065378,0.22928993,0.2279757,0.22671972,0.22553085,0.22441778,0.22338916,0.22246629,0.22166057,0.22096625,0.22037753,0.21988878,0.21949403,0.2191877,0.21896394,0.21881698,0.2187411,0.21873057,0.21877955,0.21888232,0.21903308,0.2192261
