0.14668454,0.14689523,0.14707243,0.14721085,0.14730515,0.1473501,0.1473404,0.1472708,0.14713588,0.14693047,0.14664927,0.14628696,0.14583823,0.14529781,0.14466046,0.14392084,0.14307365,0.14222144,0.14146379,0.14079086,0.14019294,0.1396602,0.13918285,0.13875113,0.13835533,0.13798556,0.1376321,0.13728514,0.13693494,0.13657172,0.13618563,0.13576697,0.13530593,0.13479276,0.13421763,0.1335708,0.13284247,0.13202287,0.13110219,0.13007076,0.12891863,0.12763616,0.12621352,0.12464094,0.12290863,0.1210068,0.11892572,0.116655536,0.11418655,0.111670405,0.10926182,0.10695549,0.10474613,0.10262845,0.10059716,0.09864698,0.09677262,0.09496879,0.09323017,0.09155152,0.08992751,0.08835289,0.08682232,0.08533057,0.0838723,0.08244224,0.08103511,0.0796456,0.07826844,0.07689833,0.07552998,0.0741581,0.07277742,0.07138262,0.06996844,0.06852956,0.06706072,0.065556616,0.06401195,0.06242145,0.060779817,0.059213538,0.057846103,0.056667726,0.055668637,0.054839034,0.054169163,0.053649243,0.053269494,0.053020127,0.05289137,0.052873448,0.052956574,0.05313096,0.053386837,0.053714443
0.14599603,0.14620343,0.14637786,0.1465141,0.14660694,0.1466512,0.14664166,0.14657311,0.14644034,0.14623816,0.14596131,0.14560467,0.14516298,0.14463101,0.1440036,0.14327554,0.1424416,0.14160416,0.14086235,0.14020637,0.13962626,0.13911213,0.13865408,0.13824224,0.1378667,0.13751751,0.13718487,0.1368588,0.13652945,0.13618691,0.13582124,0.1354226,0.13498105,0.13448672,0.13392968,0.1333001,0.132588,0.13178355,0.13087678,0.12985785,0.12871684,0.12744386,0.12602898,0.12446235,0.122734055,0.12083417,0.11875285,0.11648012,0.114006184,0.11148294,0.109065585,0.10674891,0.10452767,0.10239667,0.100350715,0.09838462,0.096493125,0.09467106,0.09291322,0.09121438,0.089569345,0.08797292,0.08641988,0.084905006,0.08342311,0.08196901,0.08053743,0.07912324,0.07772118,0.07632607,0.07493268,0.07353584,0.072130315,0.07071091,0.06927241,0.06780961,0.066317305,0.064790286,0.06322336,0.0616113,0.059948906,0.058363546,0.05697946,0.055786718,0.054775458,0.053935762,0.053257734,0.052731484,0.052347094,0.052094705,0.051964372,0.051946223,0.05203036,0.052206878,0.052465886,0.052797474
0.14541699,0.14562163,0.14579374,0.14592816,0.14601976,0.14606343,0.146054,0.14598635,0.14585537,0.14565589,0.14538276,0.14503084,0.14459506,0.14407021,0.1434512,0.14273284,0.14191006,0.14108497,0.14035656,0.13971476,0.13914965,0.13865119,0.13820937,0.13781424,0.13745573,0.13712391,0.13680875,0.13650028,0.13618842,0.13586326,0.13551478,0.13513297,0.13470781,0.13422936,0.13368757,0.13307245,0.132374,0.13158225,0.13068718,0.12967879,0.1285471,0.12728211,0.12587379,0.124312155,0.12258724,0.120689,0.11860747,0.11633261,0.11385447,0.11132528,0.10890058,0.10657516,0.10434392,0.10220174,0.10014345,0.098163955,0.096258074,0.09442069,0.09264667,0.09093086,0.08926813,0.08765337,0.0860814,0.084547095,0.08304535,0.081571,0.08011889,0.07868392,0.077260934,0.075844795,0.074430354,0.07301251,0.0715861,0.07014599,0.06868704,0.06720412,0.0656921,0.0641458,0.06256015,0.060929954,0.059250113,0.0576487,0.056250595,0.055045802,0.054024305,0.05317611,0.05249121,0.051959656,0.051571373,0.051316418,0.051184773,0.051166438,0.05125142,0.05142973,0.05169135,0.052026298
0.14496474,0.1451672,0.14533745,0.14547044,0.14556108,0.1456043,0.14559497,0.14552808,0.14539847,0.14520109,0.14493082,0.14458266,0.14415146,0.14363219,0.14301969,0.14230894,0.14149487,0.14067945,0.13996147,0.13933079,0.13877739,0.13829115,0.13786201,0.13747993,0.13713475,0.13681644,0.13651496,0.13622019,0.13592204,0.13561049,0.1352754,0.13490675,0.13449441,0.13402832,0.1334984,0.1328946,0.13220686,0.13142504,0.1305391,0.12953895,0.12841456,0.12715578,0.12575257,0.12419485,0.12247255,0.12057559,0.11849389,0.11621738,0.113735996,0.11120215,0.1087717,0.10643945,0.10420041,0.10204948,0.099981576,0.0979916,0.096074484,0.09422513,0.09243845,0.0907094,0.08903286,0.08740377,0.085817024,0.08426756,0.082750276,0.081260115,0.07979196,0.07834077,0.07690143,0.07546887,0.07403801,0.07260375,0.07116101,0.069704734,0.06822981,0.06673117,0.06520374,0.06364241,0.062042106,0.06039777,0.058704283,0.057090346,0.055681292,0.05446708,0.05343758,0.052582737,0.05189249,0.051356748,0.050965447,0.050708495,0.050575823,0.05055735,0.050642993,0.05082269,0.051086366,0.051423933
0.14465648,0.14485748,0.1450265,0.14515851,0.14524853,0.14529139,0.14528218,0.14521572,0.14508706,0.14489111,0.14462285,0.1442772,0.14384915,0.14333366,0.14272562,0.14202005,0.1412119,0.14040308,0.13969219,0.1390691,0.13852371,0.13804577,0.1376253,0.13725206,0.136916,0.13660692,0.13631476,0.13602933,0.13574053,0.13543819,0.13511227,0.13475256,0.13434894,0.13389131,0.13336952,0.13277343,0.13209292,0.13131788,0.1304382,0.12944365,0.1283242,0.12706967,0.12566996,0.12411489,0.1223944,0.120498314,0.11841651,0.11613885,0.11365525,0.111118235,0.1086838,0.10634696,0.104102634,0.10194571,0.09987123,0.09787414,0.09594934,0.09409183,0.092296556,0.090558454,0.088872515,0.08723365,0.08563683,0.08407702,0.082549185,0.08104823,0.07956915,0.0781069,0.07665643,0.075212665,0.07377059,0.07232515,0.070871316,0.069404006,0.0679182,0.06640886,0.0648709,0.06329933,0.061689045,0.060035054,0.058332287,0.056709815,0.055293307,0.054072656,0.053037707,0.052178357,0.051484454,0.05094587,0.05055249,0.05029418,0.050160803,0.05014223,0.050228335,0.050408985,0.050674047,0.051013403
0.14450958,0.14470986,0.1448783,0.14500986,0.14509952,0.14514229,0.14513305,0.14506684,0.14493863,0.14474338,0.14447604,0.14413162,0.14370506,0.14319137,0.14258544,0.14188236,0.14107704,0.14027135,0.13956387,0.13894439,0.13840276,0.13792884,0.13751245,0.13714348,0.13681172,0.13650703,0.13621931,0.13593835,0.13565399,0.13535608,0.13503453,0.13467906,0.13427961,0.13382599,0.13330807,0.13271569,0.13203862,0.13126682,0.13039008,0.12939823,0.12828112,0.12702863,0.12563057,0.12407679,0.12235714,0.12046148,0.11837959,0.116101414,0.11361675,0.11107822,0.108641945,0.10630288,0.104056,0.10189626,0.09981866,0.09781814,0.0958897,0.0940283,0.09222893,0.09048653,0.08879608,0.08715258,0.085550964,0.08398622,0.082453325,0.08094726,0.079462975,0.07799545,0.07653964,0.07509056,0.07364313,0.07219237,0.07073322,0.06926067,0.06776967,0.06625523,0.06471226,0.063135795,0.06152077,0.05986219,0.058154978,0.05652844,0.05510837,0.053884655,0.052847102,0.051985607,0.05128997,0.050750047,0.050355665,0.0500967,0.049962997,0.049944375,0.050030697,0.05021181,0.05047753,0.050817735
0.14454126,0.14474167,0.14491026,0.14504191,0.14513166,0.14517441,0.1451652,0.14509895,0.14497064,0.14477524,0.14450772,0.14416301,0.14373612,0.14322206,0.14261569,0.14191207,0.14110613,0.14029977,0.13959154,0.13897127,0.1384288,0.13795407,0.1375368,0.13716689,0.13683422,0.13652863,0.1362399,0.13595797,0.13567266,0.1353738,0.13505128,0.1346949,0.13429457,0.13384008,0.13332132,0.1327281,0.13205034,0.13127783,0.13040043,0.12940802,0.12829043,0.12703747,0.12563907,0.124085,0.12236518,0.12046941,0.118387565,0.116109505,0.11362505,0.111086845,0.108650975,0.1063124,0.10406605,0.101906925,0.09983,0.09783021,0.09590257,0.09404201,0.09224351,0.090502046,0.08881256,0.08717006,0.08556948,0.08400581,0.08247399,0.080969036,0.07948586,0.07801948,0.07656483,0.0751169,0.07367062,0.07222102,0.07076299,0.06929157,0.06780171,0.06628834,0.064746484,0.063171074,0.061557073,0.059899475,0.05819323,0.05656755,0.055148263,0.0539252,0.05288823,0.052027185,0.051331915,0.05079227,0.05039813,0.0501393,0.05000566,0.049987055,0.050073322,0.050254334,0.050519913,0.050859936
0.14476883,0.14497036,0.14513983,0.14527224,0.14536245,0.14540544,0.1453962,0.14532956,0.14520055,0.14500408,0.1447351,0.14438854,0.14395937,0.14344247,0.14283283,0.14212534,0.14131503,0.14050384,0.13979037,0.1391645,0.13861617,0.13813524,0.13771158,0.13733512,0.13699573,0.1366833,0.13638774,0.13609889,0.1358067,0.135501,0.13517174,0.13480875,0.13440195,0.13394123,0.13341647,0.1328176,0.13213447,0.13135691,0.13047498,0.12947838,0.12835713,0.12710103,0.12570006,0.12414404,0.122422904,0.120526485,0.118444726,0.116167486,0.11368467,0.11114882,0.10871585,0.106380686,0.10413828,0.10198353,0.09991144,0.09791695,0.09599496,0.09414041,0.09234828,0.09061347,0.08893096,0.08729566,0.085702516,0.08414646,0.08262248,0.08112545,0.07965038,0.07819216,0.07674572,0.07530606,0.07386806,0.07242669,0.07097689,0.06951361,0.06803177,0.06652633,0.06499222,0.063424386,0.061817743,0.060167257,0.058467872,0.05684851,0.055434726,0.054216415,0.053183448,0.05232574,0.051633175,0.05109563,0.05070302,0.05044519,0.05031208,0.05029353,0.05037947,0.05055978,0.05082434,0.051163033
0.14520957,0.14541322,0.14558448,0.14571826,0.14580944,0.14585286,0.1458435,0.1457762,0.14564583,0.14544731,0.14517552,0.14482531,0.14439164,0.14386933,0.14325331,0.14253846,0.14171964,0.140899,0.14017534,0.13953868,0.13897894,0.13848606,0.13805008,0.13766095,0.13730852,0.13698293,0.13667402,0.13637182,0.13606629,0.13574733,0.135405,0.13502921,0.13460994,0.13413715,0.13360082,0.1329909,0.13229738,0.13151015,0.13061927,0.12961467,0.12848632,0.12722416,0.1258182,0.12425836,0.122534655,0.120637015,0.11855538,0.11627978,0.11380014,0.11126882,0.10884145,0.10651293,0.10427812,0.10213193,0.10006922,0.09808492,0.09617387,0.094331004,0.09255119,0.09082929,0.08916024,0.087538905,0.08596015,0.0844189,0.08291002,0.081428416,0.07996896,0.07852656,0.07709606,0.0756724,0.07425042,0.07282505,0.071391165,0.069943614,0.06847736,0.066987224,0.06546813,0.06391494,0.062322576,0.060685888,0.058999795,0.057392646,0.055989515,0.05478039,0.05375524,0.052903995,0.05221664,0.051683158,0.0512935,0.051037624,0.050905515,0.0508871,0.050972402,0.05115135,0.051413905,0.05175005
0.1458808,0.14608766,0.1462616,0.14639749,0.1464901,0.14653423,0.14652473,0.14645635,0.14632393,0.14612228,0.14584619,0.14549047,0.14504994,0.1445194,0.14389367,0.14316756,0.14233583,0.14150083,0.14076169,0.14010853,0.13953139,0.13902038,0.13856557,0.13815704,0.1377849,0.13743919,0.13711,0.13678743,0.13646159,0.13612248,0.13576023,0.13536495,0.13492666,0.13443547,0.13388151,0.13325481,0.13254543,0.13174346,0.13083905,0.12982222,0.12868305,0.12741165,0.12599811,0.12443246,0.122704834,0.120805286,0.11872391,0.116450794,0.11397599,0.111451566,0.10903274,0.10671431,0.10449109,0.10235788,0.100309476,0.0983407,0.09644636,0.09462123,0.09286017,0.091157965,0.08950941,0.087909326,0.08635252,0.08483378,0.08334793,0.081889786,0.08045415,0.079035796,0.07762958,0.07623029,0.07483272,0.07343169,0.07202201,0.07059848,0.06915593,0.06768911,0.06619288,0.06466203,0.06309137,0.061475705,0.05980985,0.0582213,0.0568344,0.05563928,0.054625966,0.053784586,0.053105198,0.05257788,0.052192733,0.05193981,0.051809218,0.05179105,0.05187534,0.05205222,0.05231176,0.052644007
0.14679976,0.14701103,0.14718866,0.14732744,0.147422,0.14746708,0.14745738,0.14738752,0.14725232,0.14704636,0.14676444,0.14640115,0.14595126,0.14540944,0.1447704,0.14402883,0.14317943,0.14232478,0.14156444,0.1408887,0.14028779,0.13975193,0.13927136,0.13883632,0.13843709,0.13806388,0.13770695,0.13735649,0.13700281,0.1366361,0.13624659,0.13582465,0.13536033,0.13484399,0.13426581,0.13361609,0.13288504,0.13206293,0.13113995,0.13010636,0.12895241,0.12766837,0.12624444,0.12467083,0.12293784,0.121035695,0.11895465,0.116684906,0.114216745,0.11170179,0.10929465,0.10699006,0.10478268,0.102667235,0.10063841,0.0986909,0.0968194,0.095018595,0.09328323,0.09160795,0.08998746,0.088416465,0.08688968,0.08540178,0.083947465,0.08252144,0.08111839,0.07973303,0.078360036,0.076994106,0.07562995,0.07426225,0.07288572,0.07149505,0.07008493,0.06865006,0.06718515,0.06568486,0.06414393,0.06255704,0.06091888,0.059355788,0.05799114,0.05681517,0.05581811,0.05499021,0.054321706,0.053802848,0.053423874,0.053175006,0.053046517,0.05302863,0.05311158,0.05328562,0.053540975,0.053867918
0.14798376,0.14820068,0.1483831,0.14852558,0.1486227,0.14866899,0.148659,0.1485873,0.14844844,0.14823699,0.14794746,0.14757445,0.14711249,0.14655615,0.14589995,0.14513852,0.14426634,0.14338635,0.1425987,0.14189388,0.1412623,0.14069442,0.14018066,0.1397115,0.13927738,0.13886873,0.138476,0.13808967,0.13770011,0.13729784,0.13687325,0.13641684,0.135919,0.13537024,0.13476098,0.1340816,0.13332264,0.1324745,0.13152762,0.13047247,0.12929948,0.1279991,0.12656176,0.12497794,0.12323805,0.12133258,0.11925192,0.11698655,0.11452693,0.11202416,0.10963208,0.10734533,0.105158366,0.10306582,0.10106221,0.0991421,0.09730004,0.09553057,0.093828276,0.092187695,0.09060339,0.089069895,0.087581776,0.086133614,0.08471992,0.08333528,0.081974216,0.08063133,0.07930114,0.0779782,0.07665709,0.075332336,0.07399852,0.07265018,0.07128187,0.06988815,0.068463564,0.067002684,0.065500066,0.063950226,0.062347762,0.060817484,0.059481483,0.058330186,0.057354055,0.05654353,0.055889066,0.055381097,0.05501008,0.054766435,0.054640643,0.054623116,0.05470433,0.054874722,0.055124715,0.05544479
0.14945008,0.149674,0.14986232,0.15000942,0.15010966,0.15015747,0.15014713,0.15007316,0.14992979,0.14971146,0.14941257,0.1490275,0.1485506,0.1479763,0.14729889,0.14651279,0.14561239,0.14470103,0.14387959,0.14313874,0.14246918,0.14186165,0.14130677,0.14079536,0.14031802,0.13986552,0.13942847,0.13899764,0.13856368,0.13811734,0.13764933,0.13715027,0.13661097,0.136022,0.13537417,0.1346581,0.13386454,0.13298419,0.13200773,0.13092585,0.12972927,0.12840867,0.12695476,0.12535827,0.123609856,0.12170021,0.119620085,0.117360145,0.11491107,0.11242337,0.110049985,0.107785285,0.10562364,0.103559434,0.10158706,0.09970087,0.097895265,0.09616461,0.09450329,0.092905685,0.09136617,0.08987912,0.0884389,0.08703992,0.08567654,0.08434315,0.08303411,0.081743814,0.08046664,0.07919695,0.07792914,0.076657586,0.07537666,0.07408075,0.07276421,0.07142145,0.07004683,0.068634726,0.06717953,0.06567561,0.06411736,0.0626277,0.061327174,0.060206458,0.05925624,0.05846724,0.05783015,0.05733567,0.056974497,0.056737322,0.05661486,0.056597814,0.056676872,0.05684274,0.05708609,0.05739767
0.15121596,0.15144835,0.15164378,0.15179643,0.15190047,0.15195003,0.15193935,0.15186255,0.15171377,0.15148723,0.15117708,0.15077747,0.15028259,0.14968657,0.1489836,0.14816786,0.1472335,0.14628437,0.14542215,0.14463793,0.14392269,0.14326735,0.14266302,0.14210063,0.14157128,0.14106591,0.14057551,0.14009112,0.13960373,0.13910432,0.13858394,0.13803358,0.13744424,0.13680692,0.13611266,0.1353524,0.13451721,0.13359803,0.13258591,0.13147189,0.13024688,0.12890194,0.12742808,0.12581632,0.124057606,0.122142985,0.12006347,0.117810026,0.1153737,0.11290416,0.11055327,0.10831513,0.10618396,0.10415392,0.10221914,0.10037383,0.09861212,0.0969282,0.095316224,0.09377038,0.09228479,0.09085367,0.08947115,0.08813142,0.086828634,0.08555697,0.08431057,0.08308362,0.08187027,0.080664724,0.07946111,0.07825362,0.07703639,0.0758036,0.07454944,0.07326803,0.07195358,0.07060024,0.069202155,0.06775354,0.066248514,0.0648078,0.06354999,0.06246608,0.06154708,0.060784,0.060167834,0.0596896,0.059340283,0.059110913,0.05899248,0.058975983,0.059052445,0.05921286,0.05944823,0.059749566
0.15329877,0.15354112,0.15374492,0.15390411,0.1540126,0.15406433,0.15405317,0.15397307,0.15381792,0.15358168,0.15325822,0.15284146,0.15232535,0.15170376,0.15097068,0.15011992,0.1491455,0.14815177,0.14724158,0.14640614,0.14563696,0.14492533,0.14426263,0.14364019,0.14304946,0.14248174,0.1419284,0.14138082,0.14083037,0.14026843,0.1396863,0.13907538,0.1384271,0.13773271,0.13698368,0.1361713,0.13528694,0.13432202,0.13326791,0.13211589,0.13085736,0.12948373,0.12798636,0.12635656,0.12458572,0.12266521,0.12058641,0.11834067,0.11591935,0.11347125,0.11114685,0.10894009,0.10684484,0.104855075,0.10296467,0.10116754,0.099457614,0.09782881,0.09627505,0.09479021,0.09336826,0.09200309,0.09068864,0.089418784,0.088187456,0.08698859,0.08581607,0.08466384,0.0835258,0.082395874,0.08126799,0.08013603,0.07899395,0.07783562,0.076655,0.07544599,0.07420249,0.072918445,0.07158775,0.07020434,0.0687621,0.0673791,0.06617167,0.06513119,0.064249,0.0635165,0.06292502,0.062465932,0.062130608,0.061910428,0.06179674,0.0617809,0.061854303,0.06200828,0.062234227,0.0625235
0.15571573,0.15596963,0.15618317,0.15634994,0.15646364,0.1565178,0.15650615,0.15642218,0.15625967,0.15601215,0.15567324,0.15523662,0.15469584,0.15404461,0.15327652,0.1523852,0.15136427,0.15031885,0.14935286,0.1484581,0.14762628,0.1468493,0.14611886,0.14542677,0.14476478,0.1441247,0.14349838,0.14287746,0.14225385,0.14161922,0.14096549,0.14028433,0.13956763,0.13880703,0.13799442,0.13712156,0.13618022,0.1351622,0.13405928,0.13286321,0.13156584,0.1301589,0.12863415,0.12698346,0.12519854,0.12327121,0.12119327,0.11895644,0.116552554,0.11412932,0.11183569,0.1096653,0.10761175,0.10566871,0.10382978,0.10208859,0.100438766,0.09887393,0.097387694,0.095973715,0.09462559,0.09333696,0.092101455,0.09091269,0.0897643,0.088649906,0.08756312,0.0864976,0.08544695,0.08440478,0.083364755,0.082320474,0.08126557,0.08019366,0.07909839,0.07797337,0.07681223,0.07560859,0.074356094,0.07304834,0.071678974,0.070362955,0.069214,0.06822391,0.06738443,0.06668739,0.06612455,0.0656877,0.06536863,0.06515911,0.065050915,0.06503586,0.06510569,0.06525223,0.06546723,0.06574248
0.15848413,0.1587513,0.15897597,0.15915146,0.15927106,0.15932809,0.1593158,0.15922746,0.15905645,0.15879601,0.15843943,0.15798002,0.15741105,0.15672585,0.15591769,0.15497985,0.15390566,0.152801,0.15177117,0.1508084,0.14990492,0.14905304,0.14824502,0.1474731,0.14672956,0.14600661,0.1452966,0.14459172,0.14388429,0.14316653,0.14243071,0.14166911,0.14087398,0.14003757,0.13915215,0.13821,0.13720338,0.13612452,0.13496572,0.13371922,0.1323773,0.1309322,0.12937619,0.12770154,0.1259005,0.12396537,0.12188836,0.119661756,0.11727782,0.114883065,0.112624675,0.11049596,0.1084902,0.10660068,0.10482071,0.10314358,0.101562575,0.100071,0.09866214,0.09732928,0.09606573,0.09486477,0.093719706,0.09262384,0.09157043,0.09055279,0.08956421,0.088598005,0.08764743,0.086705804,0.08576643,0.08482256,0.08386752,0.0828946,0.08189708,0.080868274,0.07980145,0.07868992,0.07752697,0.076305896,0.07501999,0.07378067,0.0726987,0.07176632,0.07097579,0.07031938,0.06978934,0.06937797,0.069077484,0.06888017,0.0687783,0.06876411,0.06882988,0.068967864,0.06917034,0.06942955
0.16139589,0.16167721,0.16191377,0.16209856,0.16222452,0.16228454,0.1622716,0.1621786,0.16199853,0.16172428,0.16134879,0.16086502,0.16026591,0.15954436,0.15869334,0.15770578,0.1565746,0.15540655,0.15430811,0.15327212,0.1522914,0.15135871,0.15046686,0.14960864,0.14877678,0.14796418,0.14716361,0.14636777,0.1455696,0.14476179,0.14393719,0.14308856,0.14220874,0.14129043,0.14032649,0.13930972,0.1382329,0.13708887,0.13587034,0.13457015,0.13318111,0.13169596,0.13010752,0.12840866,0.12659207,0.12465057,0.12257698,0.12036409,0.118004665,0.115643755,0.113426425,0.11134565,0.10939434,0.10756547,0.10585191,0.104246676,0.10274265,0.1013328,0.10001006,0.09876733,0.097597614,0.096493796,0.09544884,0.09445566,0.0935072,0.09259642,0.09171626,0.09085961,0.09001947,0.08918871,0.08836034,0.08752725,0.086682364,0.085818686,0.084929086,0.08400654,0.083043985,0.082034305,0.080970526,0.07984552,0.07865224,0.077498145,0.07649054,0.07562225,0.07488608,0.07427481,0.073781215,0.07339811,0.07311829,0.072934546,0.072839685,0.072826475,0.072887726,0.07301622,0.07320478,0.07344617
0.16423617,0.16453177,0.16478036,0.16497451,0.16510686,0.16516991,0.16515633,0.1650586,0.16486937,0.16458124,0.16418672,0.16367844,0.16304894,0.16229081,0.16139667,0.16035905,0.15917057,0.15793839,0.15677042,0.15565985,0.1546002,0.15358472,0.15260689,0.15165997,0.15073739,0.14983247,0.14893866,0.1480492,0.14715761,0.1462571,0.14534116,0.14440307,0.14343627,0.14243409,0.14138988,0.14029703,0.13914894,0.13793887,0.13666034,0.13530658,0.13387105,0.13234703,0.13072795,0.12900719,0.12717807,0.12523396,0.12316827,0.12097432,0.11864549,0.11632495,0.11415527,0.11212905,0.11023889,0.10847733,0.106836975,0.1053104,0.10389017,0.10256891,0.101339154,0.10019347,0.09912448,0.09812475,0.09718686,0.09630339,0.09546691,0.09466999,0.09390524,0.09316523,0.09244253,0.091729715,0.09101938,0.0903041,0.08957644,0.08882902,0.08805436,0.087245084,0.08639376,0.08549297,0.08453529,0.0835133,0.082419574,0.081357166,0.08042961,0.079630315,0.07895265,0.07838992,0.077935554,0.077582896,0.07732531,0.07715616,0.07706883,0.077056654,0.07711303,0.077231325,0.0774049,0.077627115
0.16701247,0.16732241,0.16758303,0.16778661,0.16792537,0.16799152,0.16797727,0.16787483,0.1676764,0.16737428,0.1669606,0.16642763,0.16576762,0.1649727,0.16403516,0.1629472,0.161701,0.16040426,0.15916574,0.15797944,0.15683936,0.1557394,0.15467362,0.15363587,0.15262027,0.15162076,0.15063128,0.14964576,0.14865828,0.14766274,0.14665319,0.14562352,0.14456773,0.14347984,0.14235377,0.14118357,0.13996312,0.1386865,0.13734756,0.1359404,0.13445888,0.13289706,0.13124888,0.12950836,0.12766944,0.12572607,0.12367226,0.12150198,0.119209215,0.11693487,0.11481874,0.112853035,0.11102995,0.10934177,0.10778062,0.10633881,0.10500852,0.103781946,0.102651335,0.10160891,0.10064688,0.099757485,0.09893291,0.09816538,0.09744715,0.0967704,0.09612736,0.09551028,0.09491134,0.09432277,0.0937368,0.093145646,0.092541516,0.09191664,0.091263235,0.09057353,0.089839734,0.08905406,0.08820873,0.087295994,0.086308025,0.08534312,0.08450071,0.08377477,0.08315926,0.0826482,0.08223552,0.081915244,0.0816813,0.08152768,0.08144835,0.08143731,0.08148851,0.08159594,0.08175359,0.0819554
0.16973212,0.17005646,0.17032923,0.17054231,0.17068753,0.17075671,0.17074178,0.1706346,0.17042693,0.17011076,0.16967781,0.16912007,0.16842932,0.16759746,0.16661629,0.16547768,0.16417351,0.16281168,0.16150191,0.16023876,0.15901689,0.15783091,0.15667544,0.15554509,0.1544345,0.15333827,0.15225096,0.15116729,0.1500818,0.14898914,0.14788392,0.14676076,0.14561424,0.14443906,0.14322974,0.14198096,0.14068729,0.1393434,0.13794391,0.13648334,0.13495643,0.13335772,0.13168186,0.12992343,0.12807707,0.1261374,0.124099046,0.1219566,0.11970471,0.11748176,0.115424395,0.113524444,0.11177377,0.110164225,0.10868767,0.10733599,0.106101,0.104974575,0.1039486,0.1030149,0.10216531,0.10139173,0.100686006,0.100039996,0.09944555,0.09889454,0.09837881,0.09789021,0.097420625,0.096961886,0.09650587,0.09604443,0.0955694,0.09507268,0.09454608,0.093981504,0.09337078,0.092705764,0.09197832,0.091180325,0.09030361,0.08944135,0.08868856,0.08803984,0.08748983,0.08703314,0.08666438,0.08637814,0.08616909,0.0860318,0.08596092,0.085951045,0.085996814,0.08609281,0.08623368,0.08641403
0.17240252,0.17274137,0.17302632,0.17324887,0.17340057,0.17347287,0.17345728,0.17334528,0.17312838,0.17279804,0.17234583,0.17176312,0.17104153,0.17017248,0.16914755,0.16795807,0.16659567,0.16516832,0.16378655,0.16244562,0.16114084,0.15986751,0.15862088,0.15739627,0.15618894,0.15499419,0.15380728,0.15262352,0.15143818,0.15024655,0.14904395,0.1478256,0.14658685,0.14532292,0.14402914,0.14270082,0.1413332,0.13992153,0.13846119,0.1369474,0.13537546,0.13374065,0.13203828,0.13026361,0.12841195,0.12647854,0.12445871,0.12234773,0.12014087,0.11797384,0.115979746,0.114150114,0.11247644,0.11095019,0.109562896,0.10830599,0.10717104,0.106149495,0.10523285,0.10441263,0.103680275,0.103027314,0.102445275,0.101925574,0.101459764,0.10103932,0.10065573,0.10030049,0.09996512,0.09964107,0.09931987,0.098992966,0.098651916,0.09828816,0.09789326,0.09745862,0.09697581,0.09643626,0.09583151,0.09515304,0.09439237,0.09363722,0.092977956,0.09240981,0.091928154,0.09152818,0.09120523,0.09095456,0.09077147,0.09065125,0.09058917,0.090580545,0.09062061,0.09070468,0.090828046,0.090986
0.17503107,0.17538442,0.17568159,0.17591372,0.17607193,0.17614734,0.17613108,0.17601429,0.17578807,0.17544354,0.17497192,0.17436425,0.17361164,0.17270532,0.17163639,0.17039585,0.16897501,0.16748177,0.16602744,0.16460794,0.16321929,0.16185744,0.16051838,0.1591981,0.15789258,0.15659778,0.15530968,0.15402426,0.15273748,0.15144534,0.15014386,0.14882894,0.14749661,0.14614281,0.14476356,0.14335476,0.14191246,0.14043267,0.13891128,0.1373443,0.13572775,0.1340575,0.13232967,0.13054013,0.12868492,0.12675999,0.124761276,0.12268483,0.12052662,0.118419304,0.11649237,0.11473695,0.113144174,0.11170515,0.11041103,0.10925293,0.108221985,0.10730931,0.10650608,0.10580338,0.105192326,0.10466408,0.104209736,0.10382049,0.10348742,0.103201635,0.10295432,0.10273658,0.10253951,0.10235428,0.10217201,0.10198381,0.101780854,0.10155425,0.10129508,0.10099453,0.100643724,0.10023375,0.09975577,0.099200904,0.098560296,0.097916074,0.097353645,0.09686897,0.09645806,0.09611684,0.09584132,0.09562748,0.095471285,0.095368706,0.09531576,0.095308386,0.09534258,0.09541432,0.09551955,0.095654294
0.17762507,0.17799306,0.17830253,0.17854424,0.17870897,0.17878747,0.17877053,0.17864892,0.17841336,0.17805463,0.17756353,0.17693079,0.17614713,0.17520337,0.17409025,0.17279859,0.17131907,0.16975968,0.16823225,0.16673352,0.1652602,0.16380893,0.1623764,0.16095935,0.1595544,0.15815829,0.1567677,0.1553793,0.15398984,0.15259592,0.15119427,0.14978163,0.14835462,0.14690998,0.14544438,0.14395447,0.142437,0.14088863,0.13930602,0.13768595,0.13602504,0.13431999,0.1325675,0.13076425,0.12890695,0.12699226,0.12501685,0.12297752,0.12087085,0.11882643,0.116969794,0.11529179,0.11378311,0.11243456,0.11123689,0.11018085,0.10925722,0.10845674,0.1077702,0.10718836,0.10670195,0.10630176,0.10597856,0.10572309,0.10552612,0.10537843,0.105270766,0.105193876,0.10513855,0.10509554,0.1050556,0.10500952,0.104948044,0.10486192,0.10474195,0.104578845,0.10436341,0.104086384,0.10373853,0.10331066,0.102793455,0.10226329,0.10180043,0.101401575,0.10106339,0.10078258,0.100555845,0.10037987,0.10025132,0.1001669,0.10012332,0.10011727,0.10014539,0.10020443,0.10029106,0.10040194
0.18019208,0.18057466,0.1808964,0.18114771,0.18131898,0.18140061,0.18138303,0.18125658,0.18101166,0.1806387,0.18012804,0.17947014,0.17865539,0.1776741,0.17651677,0.17517376,0.17363545,0.17200965,0.17040877,0.16883032,0.16727167,0.16573018,0.16420339,0.16268864,0.16118337,0.15968494,0.15819085,0.15669847,0.15520523,0.15370855,0.15220582,0.15069453,0.14917201,0.14763573,0.14608312,0.14451154,0.14291842,0.14130121,0.13965733,0.13798417,0.13627917,0.13453971,0.13276325,0.13094717,0.12908894,0.1271859,0.12523554,0.12323526,0.12118245,0.11920336,0.11741956,0.11582148,0.114399455,0.11314392,0.11204523,0.11109384,0.1102801,0.10959442,0.109027185,0.10856881,0.10820967,0.10794019,0.107750736,0.10763171,0.107573524,0.10756655,0.10760121,0.10766787,0.10775695,0.10785883,0.10796392,0.1080626,0.10814526,0.10820232,0.10822417,0.10820119,0.10812379,0.10798237,0.1077673,0.10746899,0.10707785,0.10666419,0.10630308,0.10599186,0.10572799,0.1055089,0.105332,0.10519469,0.105094396,0.10502855,0.10499453,0.10498979,0.10501175,0.1050578,0.10512538,0.1052119
0.18273932,0.18313655,0.18347065,0.18373157,0.18390939,0.18399414,0.1839759,0.18384457,0.18359031,0.18320304,0.18267286,0.18198979,0.1811438,0.18012495,0.17892331,0.17752886,0.17593166,0.17423928,0.17256473,0.17090613,0.1692617,0.16762955,0.16600782,0.16439475,0.1627884,0.16118696,0.15958866,0.15799153,0.1563938,0.1547936,0.15318912,0.15157847,0.14995985,0.14833137,0.14669126,0.14503756,0.1433685,0.14168228,0.13997701,0.1382508,0.13650186,0.13472833,0.13292836,0.13110013,0.12924178,0.12735148,0.12542737,0.12346757,0.12147032,0.11955839,0.11784923,0.11633287,0.11499934,0.11383866,0.11284084,0.11199595,0.111294,0.11072499,0.11027898,0.109945975,0.10971603,0.109579146,0.10952537,0.10954473,0.10962725,0.109762944,0.10994187,0.110154,0.110389404,0.11063814,0.11089017,0.11113556,0.111364335,0.11156652,0.11173212,0.111851186,0.11191378,0.11190986,0.1118295,0.111662716,0.11139951,0.11110417,0.11084631,0.110624105,0.1104357,0.110279255,0.11015294,0.11005491,0.10998331,0.10993628,0.109912,0.10990863,0.1099243,0.10995719,0.11000544,0.11006722
0.1852743,0.18568619,0.1860326,0.18630314,0.18648757,0.18657544,0.1865565,0.18642035,0.18615666,0.18575513,0.18520537,0.18449704,0.18361981,0.18256338,0.18131739,0.1798715,0.17821531,0.17645626,0.17470779,0.17296885,0.17123833,0.16951513,0.16779816,0.16608633,0.16437852,0.16267364,0.16097057,0.15926823,0.15756558,0.15586141,0.1541547,0.15244433,0.15072921,0.14900818,0.14728025,0.14554423,0.1437991,0.14204367,0.1402769,0.13849771,0.13670494,0.13489753,0.13307439,0.13123438,0.12937646,0.12749949,0.1256024,0.12368404,0.12174335,0.11989972,0.11826634,0.116832845,0.11558895,0.11452427,0.11362852,0.11289128,0.112302266,0.111851126,0.111527525,0.11132108,0.11122152,0.11121846,0.111301556,0.11146049,0.111684926,0.111964494,0.11228886,0.11264773,0.11303069,0.11342746,0.11382767,0.114220984,0.11459707,0.11494556,0.11525617,0.115518525,0.115722254,0.11585706,0.11591258,0.1158785,0.115744464,0.115568526,0.11541495,0.115282565,0.11517036,0.11507715,0.11500193,0.11494353,0.11490088,0.114872865,0.114858404,0.11485637,0.11486573,0.11488531,0.114914045,0.11495085
0.1878043,0.18823089,0.18858963,0.18886983,0.18906079,0.18915185,0.18913218,0.1889912,0.18871813,0.18830228,0.18773293,0.1869994,0.18609095,0.18499689,0.18370648,0.18220906,0.18049388,0.17866808,0.17684565,0.1750263,0.1732096,0.17139526,0.16958286,0.16777213,0.16596265,0.16415413,0.16234615,0.16053846,0.15873064,0.15692237,0.15511324,0.15330295,0.15149112,0.14967747,0.14786161,0.14604314,0.14422177,0.14239717,0.1405689,0.13873668,0.13690014,0.13505895,0.13321276,0.13136114,0.12950383,0.12764052,0.12577069,0.12389413,0.12201046,0.120235555,0.11867839,0.11732827,0.11617445,0.11520628,0.114412986,0.113783896,0.1133083,0.11297549,0.112774745,0.11269537,0.11272665,0.11285789,0.11307837,0.11337735,0.11374416,0.11416811,0.11463845,0.11514448,0.11567548,0.116220795,0.116769634,0.117311366,0.11783523,0.11833058,0.11878665,0.11919273,0.11953811,0.11981213,0.12000404,0.12010315,0.12009873,0.12004267,0.11999371,0.11995155,0.11991577,0.11988609,0.119862095,0.119843476,0.11982989,0.119820975,0.11981636,0.11981572,0.11981868,0.119824946,0.11983411,0.11984584
0.19033682,0.19077805,0.1911491,0.19143896,0.1916365,0.19173065,0.19171034,0.1915645,0.19128203,0.19085188,0.19026297,0.18950422,0.18856451,0.18743284,0.18609807,0.18454915,0.18277499,0.18088248,0.17898616,0.17708638,0.17518358,0.17327806,0.17137036,0.16946079,0.16754976,0.16563769,0.16372493,0.16181192,0.15989907,0.15798672,0.15607528,0.15416518,0.1522568,0.15035053,0.14844678,0.14654596,0.1446484,0.14275458,0.14086488,0.13897963,0.13709931,0.13522427,0.13335493,0.13149168,0.12963487,0.12778498,0.12594232,0.124107406,0.12228054,0.120574124,0.11909294,0.117825955,0.11676201,0.115890056,0.11519903,0.11467787,0.11431545,0.11410074,0.11402264,0.11407006,0.114231974,0.11449724,0.114854835,0.11529367,0.11580263,0.116370685,0.11698673,0.11763969,0.11831853,0.119012095,0.11970939,0.120399274,0.121070705,0.12171262,0.122313894,0.12286348,0.12335029,0.12376326,0.12409132,0.12432336,0.12444834,0.12451191,0.12456742,0.12461527,0.12465583,0.12468946,0.124716684,0.12473776,0.12475319,0.124763325,0.12476853,0.12476927,0.1247659,0.12475882,0.12474842,0.12473513
0.19287914,0.19333503,0.19371843,0.1940179,0.19422199,0.1943193,0.19429828,0.19414763,0.19385576,0.19341135,0.19280285,0.1920189,0.19104798,0.1898787,0.1884996,0.18689923,0.1850662,0.18310706,0.18113694,0.17915694,0.17716824,0.17517191,0.17316915,0.17116109,0.16914885,0.16713357,0.1651164,0.16309847,0.1610809,0.15906484,0.15705147,0.15504189,0.15303725,0.15103865,0.14904727,0.14706422,0.14509067,0.14312778,0.1411766,0.13923837,0.13731417,0.13540514,0.13351241,0.13163713,0.12978049,0.12794353,0.12612745,0.124333374,0.12256247,0.12092367,0.1195176,0.118332766,0.11735779,0.11658116,0.11599145,0.115577266,0.115327105,0.11522954,0.11527313,0.11544643,0.11573797,0.116136365,0.11663009,0.11720777,0.117857926,0.11856914,0.11932993,0.12012886,0.120954506,0.12179542,0.12264013,0.123477235,0.12429525,0.12508276,0.12582827,0.12652038,0.12714767,0.12769866,0.12816188,0.1285259,0.12877932,0.12896165,0.12912083,0.12925799,0.12937431,0.12947085,0.12954882,0.12960936,0.12965356,0.1296826,0.1296976,0.12969968,0.12969,0.1296697,0.1296399,0.12960178
0.19543871,0.19590925,0.19630496,0.19661403,0.19682468,0.1969251,0.19690344,0.1967479,0.19644672,0.19598798,0.19535998,0.19455084,0.19354878,0.19234198,0.19091864,0.1892669,0.187375,0.18534938,0.18330576,0.18124585,0.17917165,0.17708497,0.1749877,0.1728817,0.17076884,0.16865098,0.16653004,0.16440782,0.16228624,0.16016717,0.15805243,0.1559439,0.15384354,0.1517531,0.14967452,0.14760967,0.14556037,0.14352858,0.14151607,0.13952474,0.1375565,0.13561317,0.13369666,0.13180882,0.12995152,0.12812664,0.12633605,0.124581605,0.122865185,0.12129239,0.119959846,0.11885561,0.11796795,0.117285036,0.11679504,0.11648616,0.116346605,0.116364524,0.116528146,0.11682564,0.11724517,0.11777498,0.11840321,0.119118065,0.11990769,0.12076037,0.1216642,0.122607425,0.1235782,0.12456473,0.12555517,0.12653777,0.12750065,0.12843207,0.12932016,0.13015312,0.13091914,0.13160643,0.13220315,0.13269752,0.13307768,0.13337718,0.13363868,0.13386402,0.13405505,0.1342137,0.1343418,0.1344412,0.13451383,0.13456151,0.13458616,0.13458955,0.13457367,0.13454032,0.13449141,0.13442875
0.19802295,0.19850804,0.19891603,0.19923471,0.19945191,0.19955541,0.19953309,0.19937275,0.19906217,0.19858922,0.19794174,0.19710751,0.19607437,0.19483012,0.19336256,0.19165963,0.18970901,0.18761717,0.18550028,0.18336098,0.18120185,0.17902549,0.17683442,0.17463131,0.1724187,0.1701992,0.16797537,0.16574983,0.16352516,0.16130391,0.1590887,0.15688214,0.15468678,0.15250522,0.15034007,0.14819387,0.14606926,0.14396875,0.14189501,0.1398506,0.13783811,0.1358601,0.1339192,0.13201796,0.13015899,0.12834491,0.12657818,0.12486157,0.12319754,0.12168855,0.12042721,0.119401306,0.11859868,0.118007146,0.11761455,0.11740868,0.11737733,0.11750841,0.117789686,0.11820899,0.118754126,0.11941294,0.120173246,0.12102283,0.12194957,0.12294127,0.12398573,0.1250708,0.12618427,0.12731397,0.12844779,0.1295734,0.13067877,0.13175166,0.13277987,0.13375126,0.13465364,0.13547486,0.13620265,0.13682497,0.13732949,0.13774395,0.13810578,0.13841762,0.13868195,0.13890146,0.1390787,0.1392163,0.13931678,0.13938278,0.13941683,0.1394216,0.1393996,0.13935344,0.13928573,0.13919905
0.20063914,0.20113882,0.20155904,0.2018873,0.20211098,0.20221758,0.20219462,0.20202947,0.2017096,0.20122243,0.20055553,0.19969624,0.1986321,0.19735053,0.19583896,0.1940849,0.19207574,0.18991794,0.18772829,0.1855102,0.1832669,0.1810017,0.17871784,0.17641862,0.1741074,0.17178741,0.1694619,0.16713427,0.16480766,0.1624855,0.16017094,0.1578674,0.15557808,0.15330628,0.15105532,0.14882842,0.14662896,0.14446016,0.14232531,0.14022776,0.13817072,0.13615754,0.13419145,0.13227575,0.13041377,0.12860876,0.12686403,0.12518282,0.12356845,0.12212033,0.12092727,0.11997669,0.11925611,0.11875299,0.11845472,0.118348815,0.11842269,0.11866382,0.11905965,0.11959769,0.12026529,0.121050015,0.12193926,0.1229205,0.12398118,0.12510876,0.1262907,0.12751444,0.12876746,0.1300372,0.13131115,0.1325767,0.13382137,0.13503256,0.1361978,0.13730447,0.13834006,0.13929202,0.14014782,0.1408949,0.14152071,0.1420472,0.14250687,0.14290294,0.1432388,0.14351767,0.14374283,0.14391759,0.14404525,0.14412907,0.14417237,0.14417838,0.14415044,0.14409183,0.14400579,0.14389569
0.2032948,0.203809,0.20424138,0.20457913,0.20480932,0.20491906,0.20489538,0.20472543,0.20439625,0.20389497,0.20320873,0.20232451,0.20122947,0.19991069,0.19835524,0.19655025,0.19448279,0.19225928,0.18999751,0.18770134,0.1853748,0.18302181,0.18064635,0.17825243,0.17584391,0.17342485,0.17099917,0.16857088,0.16614391,0.16372222,0.16130978,0.15891054,0.1565285,0.15416756,0.15183178,0.14952503,0.14725134,0.14501463,0.14281891,0.14066812,0.1385662,0.13651717,0.13452493,0.1325935,0.13072678,0.12892883,0.12720352,0.12555486,0.123986825,0.12259592,0.12146752,0.1205887,0.11994649,0.11952802,0.11932038,0.11931068,0.119485974,0.1198334,0.12034002,0.12099294,0.12177924,0.12268602,0.123700365,0.12480937,0.12600014,0.12725973,0.12857527,0.12993382,0.1313225,0.13272838,0.1341386,0.13554019,0.13692026,0.13826592,0.13956425,0.14080232,0.14196727,0.14304617,0.14402609,0.14489414,0.14563741,0.14627236,0.14682671,0.14730443,0.14770944,0.14804575,0.14831732,0.1485281,0.14868201,0.1487831,0.1488353,0.14884257,0.14880888,0.14873818,0.14863446,0.14850166
0.20599717,0.20652582,0.20697038,0.20731762,0.20755425,0.20766713,0.20764278,0.20746802,0.20712963,0.20661427,0.20590873,0.20499969,0.20387387,0.20251805,0.20091891,0.19906323,0.19693765,0.19464895,0.19231562,0.18994227,0.18753359,0.18509409,0.18262847,0.18014131,0.17763722,0.17512082,0.17259672,0.17006958,0.16754393,0.16502444,0.16251574,0.16002244,0.15754913,0.1551004,0.15268093,0.15029527,0.1479481,0.145644,0.14338759,0.14118347,0.13903627,0.13695061,0.13493112,0.13298234,0.13110897,0.1293156,0.12760682,0.12598726,0.124461554,0.12312366,0.12205559,0.12124406,0.12067587,0.120337695,0.12021627,0.12029835,0.12057062,0.12101984,0.12163274,0.12239603,0.123296455,0.124320745,0.12545562,0.12668784,0.12800409,0.1293911,0.13083562,0.13232438,0.13384412,0.13538155,0.13692339,0.1384564,0.13996726,0.14144278,0.14286962,0.14423452,0.14552423,0.14672545,0.14782496,0.1488094,0.14966561,0.15040478,0.1510501,0.1516062,0.15207772,0.15246922,0.15278536,0.15303071,0.15320994,0.15332761,0.15338838,0.15339682,0.15335763,0.15327528,0.15315455,0.15299994
0.20875378,0.20929676,0.2097534,0.2101101,0.21035321,0.21046907,0.21044411,0.21026464,0.20991696,0.20938763,0.20866287,0.20772913,0.20657276,0.20518002,0.20353745,0.20163131,0.19944796,0.19709447,0.19469036,0.19224091,0.1897513,0.18722677,0.1846726,0.18209401,0.17949621,0.17688446,0.174264,0.17164002,0.16901779,0.16640255,0.16379951,0.16121392,0.15865101,0.15611607,0.15361425,0.15115081,0.14873101,0.14636004,0.14404319,0.14178567,0.13959269,0.13746953,0.13542141,0.13345355,0.13157122,0.12977959,0.12808397,0.12648955,0.12500155,0.12371166,0.12269894,0.12194978,0.12145051,0.12118753,0.12114719,0.12131588,0.121679954,0.12222579,0.12293973,0.12380818,0.12481747,0.125954,0.1272041,0.12855418,0.12999062,0.13149975,0.13306794,0.13468158,0.13632701,0.13799061,0.13965878,0.14131786,0.14295419,0.1445542,0.1461042,0.1475906,0.14899978,0.15031806,0.15153183,0.15262747,0.15359132,0.15442978,0.1551618,0.15579261,0.15632746,0.15677154,0.15713014,0.15740849,0.15761174,0.15774524,0.15781416,0.15782377,0.15777929,0.15768592,0.15754893,0.15737353
0.21157193,0.21212919,0.21259788,0.21296398,0.21321349,0.21333237,0.2133067,0.2131225,0.21276578,0.21222244,0.21147867,0.21052033,0.2093335,0.20790415,0.20621832,0.204262,0.20202124,0.19960348,0.19712949,0.19460504,0.19203597,0.18942812,0.18678728,0.18411927,0.18142992,0.17872506,0.17601052,0.17329207,0.17057556,0.16786681,0.16517164,0.1624959,0.15984534,0.15722585,0.1546432,0.15210322,0.14961176,0.14717466,0.14479762,0.14248657,0.14024733,0.13808563,0.13600744,0.1340184,0.13212445,0.1303314,0.12864505,0.12707119,0.12561569,0.124368176,0.12340516,0.12271261,0.12227655,0.12208297,0.12211793,0.122367375,0.12281738,0.12345388,0.12426298,0.12523061,0.12634282,0.12758556,0.12894492,0.13040687,0.13195744,0.13358262,0.13526842,0.13700083,0.1387659,0.14054964,0.14233802,0.1441171,0.14587285,0.14759126,0.14925845,0.1508603,0.15238285,0.15381216,0.15513425,0.15633501,0.15740058,0.15833272,0.15914658,0.15984787,0.16044252,0.16093624,0.16133489,0.1616443,0.16187035,0.16201873,0.16209537,0.16210605,0.16205657,0.16195276,0.16180047,0.16160552
0.21445903,0.21503049,0.21551111,0.2158865,0.21614239,0.21626434,0.21623805,0.2160491,0.21568327,0.21512617,0.2143634,0.21338063,0.21216357,0.21069784,0.20896903,0.20696288,0.20466502,0.20218363,0.19964068,0.19704258,0.19439566,0.19170634,0.18898089,0.18622577,0.18344727,0.18065186,0.17784579,0.17503548,0.17222732,0.16942762,0.16664277,0.16387914,0.16114311,0.15844102,0.15577926,0.15316421,0.15060218,0.14809954,0.14566271,0.14329803,0.14101185,0.13881055,0.13670051,0.1346881,0.13277963,0.1309815,0.1293001,0.12774178,0.12631287,0.12510148,0.124181755,0.12353944,0.12316013,0.12302952,0.12313321,0.123456895,0.12398622,0.12470684,0.12560439,0.12666453,0.12787296,0.12921527,0.13067712,0.13224417,0.13390212,0.13563657,0.13743316,0.1392776,0.14115554,0.14305258,0.14495441,0.14684665,0.14871499,0.1505451,0.15232258,0.15403315,0.15566237,0.15719594,0.15861958,0.15991884,0.1610794,0.16209903,0.16298917,0.16375628,0.16440666,0.16494673,0.16538277,0.16572125,0.16596843,0.16613078,0.16621462,0.16622628,0.16617218,0.16605863,0.16589205,0.1656788
0.21742249,0.21800803,0.21850054,0.21888515,0.2191474,0.21927232,0.21924537,0.21905175,0.21867692,0.21810605,0.21732445,0.21631749,0.21507034,0.21356846,0.21179706,0.20974138,0.20738687,0.20484246,0.20223168,0.19956137,0.1968384,0.19406964,0.19126195,0.18842219,0.18555729,0.18267405,0.17977935,0.17688009,0.17398311,0.17109528,0.1682235,0.16537458,0.16255544,0.15977295,0.15703395,0.1543453,0.15171391,0.14914665,0.14665033,0.14423187,0.14189811,0.13965593,0.13751222,0.13547382,0.13354759,0.13174044,0.13005918,0.12851079,0.12710199,0.12591968,0.12503631,0.12443712,0.12410745,0.12403261,0.12419786,0.124588504,0.12518987,0.12598729,0.12696595,0.12811126,0.12940846,0.13084285,0.13239977,0.13406447,0.1358223,0.13765855,0.13955846,0.14150737,0.1434906,0.14549345,0.14750116,0.1494991,0.15147252,0.15340674,0.15528706,0.15709877,0.1588272,0.16045761,0.16197532,0.16336563,0.16461383,0.16571395,0.16667442,0.16750209,0.1682038,0.16878653,0.16925703,0.16962217,0.16988893,0.1700641,0.17015451,0.17016712,0.17010872,0.16998622,0.16980651,0.1695764
0.22046967,0.22106922,0.22157346,0.22196727,0.22223568,0.22236368,0.2223361,0.22213788,0.22175407,0.2211696,0.22036931,0.21933827,0.21806139,0.21652359,0.21470988,0.2126051,0.21019436,0.20758767,0.20491022,0.20216931,0.1993722,0.1965263,0.19363888,0.19071731,0.18776885,0.18480091,0.1818207,0.17883566,0.175853,0.17288016,0.1699244,0.16699305,0.16409342,0.16123287,0.15841869,0.15565823,0.15295881,0.15032771,0.14777233,0.14529991,0.14291787,0.14063343,0.13845398,0.13638687,0.13443933,0.13261877,0.13093247,0.12938778,0.12799196,0.12683111,0.12597631,0.12541254,0.12512468,0.12509772,0.1253166,0.12576634,0.12643172,0.12729786,0.12834963,0.12957194,0.13094983,0.1324682,0.13411196,0.13586614,0.13771562,0.13964538,0.14164038,0.14368555,0.14576586,0.1478662,0.14997159,0.1520669,0.15413716,0.15616727,0.1581422,0.1600469,0.16186626,0.16358534,0.16518898,0.16666217,0.16798988,0.16916291,0.17018703,0.17106956,0.17181778,0.17243911,0.17294078,0.17333017,0.17361456,0.17380133,0.17389777,0.1739112,0.17384894,0.17371835,0.17352669,0.17328136
0.22360794,0.22422136,0.22473724,0.22514021,0.22541489,0.22554575,0.22551748,0.22531475,0.22492206,0.22432402,0.22350529,0.22245036,0.22114398,0.2195706,0.21771495,0.21556157,0.21309502,0.21042688,0.20768401,0.20487419,0.20200513,0.19908455,0.19612017,0.19311975,0.19009098,0.18704161,0.18397933,0.18091194,0.17784713,0.17479262,0.17175612,0.16874535,0.16576812,0.16283208,0.15994498,0.15711455,0.15434852,0.15165462,0.14904055,0.14651407,0.1440829,0.14175473,0.13953733,0.13743845,0.13546576,0.13362703,0.13192996,0.13038222,0.1289917,0.12784395,0.12700938,0.12647252,0.12621799,0.12623037,0.12649429,0.12699436,0.12771513,0.12864123,0.1297573,0.13104786,0.1324976,0.13409102,0.13581276,0.13764748,0.13957971,0.14159407,0.14367518,0.14580762,0.14797597,0.15016486,0.1523589,0.15454267,0.15670075,0.1588178,0.16087833,0.16286705,0.16476847,0.16656725,0.16824797,0.16979519,0.17119357,0.17243123,0.17351179,0.17444295,0.17523243,0.17588797,0.17641726,0.17682813,0.17712821,0.17732525,0.17742701,0.17744115,0.1773755,0.17723769,0.17703547,0.17677662
0.22684473,0.2274719,0.22799933,0.2284113,0.2286921,0.22882591,0.2287971,0.22858976,0.22818828,0.22757685,0.2267398,0.22566123,0.2243256,0.22271706,0.2208198,0.21861817,0.21609643,0.21336763,0.21056078,0.20768397,0.20474519,0.20175262,0.19871427,0.19563825,0.19253263,0.18940546,0.18626481,0.18311879,0.17997548,0.17684293,0.17372923,0.17064244,0.16759063,0.16458191,0.16162431,0.15872593,0.15589485,0.15313916,0.15046687,0.1478861,0.14540498,0.14303151,0.14077374,0.1386398,0.13663776,0.1347757,0.13306165,0.13150376,0.13011006,0.12896645,0.12814298,0.12762395,0.12739348,0.127436,0.12773564,0.1282767,0.12904343,0.13002011,0.13119094,0.13254026,0.13405222,0.13571115,0.13750128,0.13940687,0.1414122,0.14350149,0.145659,0.14786898,0.15011568,0.15238343,0.1546564,0.15691885,0.15915512,0.16134936,0.16348587,0.16554892,0.16752273,0.1693916,0.17113973,0.17275143,0.17421092,0.1755043,0.17663348,0.17760652,0.17843151,0.17911659,0.1796697,0.18009904,0.1804126,0.18061852,0.18072484,0.18073966,0.18067099,0.18052703,0.1803157,0.18004519
0.2301874,0.23082815,0.23136705,0.23178795,0.23207483,0.23221155,0.23218206,0.23197027,0.23156005,0.23093544,0.23008019,0.22897832,0.22761366,0.22597024,0.22403193,0.22178255,0.21920615,0.21641758,0.21354824,0.21060641,0.20760044,0.20453873,0.20142964,0.1982815,0.19510274,0.19190162,0.18868661,0.18546599,0.18224819,0.17904149,0.17585438,0.1726951,0.16957206,0.16649361,0.16346814,0.16050401,0.15760954,0.15479313,0.15206316,0.14942795,0.14689589,0.14447531,0.14217462,0.14000215,0.13796626,0.13607535,0.13433774,0.13276184,0.13135596,0.13020678,0.12938471,0.12887362,0.12865742,0.12872007,0.12904544,0.12961745,0.13042003,0.1314371,0.13265255,0.1340503,0.13561429,0.13732842,0.13917656,0.1411427,0.14321068,0.1453645,0.147588,0.1498651,0.15217976,0.15451586,0.15685733,0.15918806,0.16149198,0.16375305,0.16595508,0.16808207,0.1701179,0.1720465,0.17385177,0.17551762,0.17702799,0.17836742,0.17953683,0.18054454,0.18139894,0.18210839,0.18268125,0.18312585,0.1834506,0.18366386,0.18377396,0.1837893,0.18371823,0.18356907,0.1833503,0.18307012
0.2336434,0.23429757,0.23484777,0.23527753,0.2355704,0.23570997,0.2356799,0.23546365,0.23504485,0.23440708,0.23353386,0.23240893,0.23101567,0.22933774,0.22735873,0.22506218,0.22243169,0.2195844,0.21665417,0.21364945,0.21057893,0.20745115,0.20427474,0.20105824,0.19781028,0.1945394,0.1912542,0.18796332,0.18467526,0.18139866,0.1781421,0.17491418,0.17172344,0.16857852,0.16548795,0.16246036,0.15950431,0.15662844,0.15384123,0.15115139,0.14856738,0.14609791,0.14375149,0.14153671,0.13946223,0.13753653,0.13576826,0.13416599,0.13273829,0.1315732,0.1307421,0.13022847,0.13001592,0.13008805,0.13042846,0.13102067,0.13184828,0.13289486,0.13414402,0.1355793,0.13718429,0.13894254,0.1408377,0.14285329,0.14497286,0.14718005,0.14945838,0.15179147,0.1541629,0.15655622,0.15895498,0.16134281,0.16370328,0.16601995,0.16827638,0.17045619,0.17254293,0.1745202,0.17637153,0.17808053,0.17963079,0.18100597,0.18220666,0.18324131,0.18411852,0.18484692,0.18543509,0.18589158,0.18622501,0.18644397,0.18655702,0.18657276,0.1864998,0.18634667,0.186122,0.18583435
0.23721999,0.23788746,0.23844884,0.23888734,0.23918612,0.23932858,0.23929787,0.2390772,0.23864992,0.23799923,0.23710826,0.23596047,0.23453891,0.23282693,0.23080772,0.22846453,0.22578067,0.22287567,0.21988618,0.21682093,0.21368864,0.21049814,0.20725802,0.20397714,0.20066422,0.19732797,0.19397716,0.19062053,0.1872668,0.18392478,0.1806031,0.17731057,0.17405592,0.17084788,0.16769522,0.16460665,0.16159093,0.15865676,0.15581298,0.15306824,0.15043132,0.14791092,0.14551584,0.14325479,0.14113651,0.13916974,0.13736324,0.13572572,0.13426599,0.13307393,0.13222262,0.13169527,0.13147515,0.13154548,0.13188948,0.13249041,0.13333155,0.1343961,0.13566732,0.13712844,0.13876274,0.14055344,0.14248376,0.14453697,0.1466963,0.14894502,0.15126634,0.15364349,0.15605976,0.15849838,0.16094257,0.1633756,0.16578071,0.16814114,0.17044011,0.1726609,0.1747867,0.17680082,0.17868645,0.18042685,0.1820053,0.18340534,0.18462768,0.185681,0.1865741,0.18731566,0.18791445,0.1883792,0.18871865,0.18894154,0.18905663,0.18907267,0.18899836,0.18884248,0.18861373,0.1883209
0.24092473,0.2416053,0.24217768,0.24262476,0.24292946,0.24307469,0.24304333,0.24281842,0.2423827,0.24171922,0.24081078,0.2396404,0.23819095,0.2364453,0.23438641,0.23199722,0.22926061,0.22629899,0.22325209,0.2201287,0.21693766,0.21368782,0.21038796,0.20704694,0.20367356,0.20027663,0.19686499,0.19344747,0.19003291,0.18663013,0.18324792,0.1798951,0.17658056,0.17331302,0.17010143,0.16695449,0.16388112,0.1608901,0.15799025,0.1551904,0.15249938,0.14992604,0.14747912,0.14516753,0.14300007,0.14098555,0.1391328,0.1374506,0.13594788,0.13471718,0.13383394,0.13328099,0.13304128,0.13309774,0.13343325,0.13403082,0.13487323,0.13594344,0.13722439,0.13869902,0.14035018,0.14216082,0.14411382,0.14619212,0.14837866,0.15065631,0.153008,0.15541665,0.15786514,0.16033643,0.16281341,0.16527902,0.16771613,0.17010769,0.1724366,0.17468579,0.17683811,0.17887658,0.18078402,0.18254338,0.1841376,0.18555088,0.18678474,0.18784802,0.1887495,0.18949804,0.19010247,0.19057165,0.19091429,0.1911393,0.19125545,0.19127165,0.19119664,0.19103931,0.19080842,0.1905128
0.24476483,0.24545838,0.2460416,0.2464972,0.24680772,0.24695571,0.24692377,0.24669454,0.24625057,0.24557443,0.24464874,0.24345614,0.2419791,0.24020033,0.23810227,0.23566766,0.23287907,0.229862,0.2267596,0.22358066,0.22033404,0.21702853,0.213673,0.21027629,0.20684716,0.20339453,0.19992718,0.19645391,0.19298361,0.18952508,0.18608713,0.18267865,0.17930838,0.17598526,0.17271803,0.16951554,0.16638665,0.16334012,0.1603849,0.15752971,0.1547834,0.15215486,0.14965282,0.14728624,0.14506383,0.14299445,0.14108697,0.13935019,0.13779294,0.13651119,0.13558349,0.13499239,0.1347205,0.13475038,0.13506462,0.13564585,0.13647662,0.13753957,0.13881719,0.14029218,0.14194709,0.14376448,0.14572695,0.14781713,0.15001754,0.15231083,0.1546796,0.15710634,0.15957375,0.16206434,0.16456075,0.16704556,0.16950133,0.17191073,0.17425622,0.17652051,0.1786861,0.18073565,0.1826517,0.18441686,0.18601371,0.1874279,0.18866254,0.1897265,0.19062857,0.19137762,0.19198243,0.19245188,0.19279476,0.19301991,0.19313616,0.19315235,0.1930773,0.19291985,0.1926888,0.19239299
0.2487478,0.24945407,0.250048,0.250512,0.25082824,0.2509789,0.25094643,0.25071296,0.25026077,0.24957226,0.24862958,0.24741505,0.2459109,0.24409935,0.24196282,0.23948348,0.2366436,0.23357232,0.23041639,0.22718461,0.22388574,0.2205285,0.2171216,0.2136739,0.21019411,0.20669095,0.20317322,0.19964965,0.19612898,0.19261996,0.18913144,0.18567204,0.1822506,0.17887582,0.17555653,0.17230141,0.16911924,0.16601878,0.16300876,0.16009797,0.15729517,0.15460908,0.15204845,0.1496221,0.14733867,0.145207,0.14323586,0.14143394,0.13981001,0.13846418,0.13747889,0.13683636,0.13651893,0.13650884,0.1367883,0.13733965,0.13814518,0.13918708,0.14044769,0.14190924,0.143554,0.14536424,0.14732227,0.14941029,0.15161063,0.15390551,0.15627722,0.15870805,0.16118024,0.16367611,0.16617785,0.16866776,0.17112814,0.17354126,0.17588931,0.17815466,0.18031953,0.18236616,0.1842769,0.18603398,0.18761963,0.18902178,0.19024588,0.19130076,0.19219515,0.1929378,0.19353747,0.19400291,0.19434285,0.19456609,0.19468135,0.1946974,0.194623,0.19446689,0.19423781,0.19394457
0.25288096,0.2535998,0.2542043,0.25467652,0.25499833,0.25515172,0.25511864,0.25488102,0.25442088,0.2537201,0.25276068,0.25152454,0.24999365,0.24814999,0.2459755,0.24345209,0.24056175,0.23743755,0.23423028,0.23094851,0.22760084,0.22419593,0.2207423,0.21724856,0.21372333,0.21017514,0.20661266,0.20304444,0.1994791,0.19592519,0.19239135,0.18888618,0.1854182,0.18199609,0.17862839,0.1753237,0.17209065,0.1689378,0.16587374,0.1629071,0.16004644,0.15730035,0.15467747,0.15218632,0.14983556,0.14763375,0.14558949,0.14371139,0.142008,0.14058435,0.13952763,0.13881978,0.13844278,0.13837856,0.13860911,0.13911635,0.13988224,0.14088872,0.14211781,0.1435514,0.14517145,0.14695993,0.1488988,0.15097,0.15315549,0.15543722,0.15779716,0.16021723,0.16267942,0.1651657,0.16765794,0.17013818,0.17258835,0.17499039,0.17732626,0.17957792,0.18172732,0.1837564,0.18564714,0.18738149,0.1889414,0.19031782,0.19151954,0.19255508,0.19343308,0.19416212,0.19475079,0.19520769,0.19554141,0.19576055,0.19587371,0.19588946,0.1958164,0.19566317,0.19543828,0.19515039
0.25691026,0.25764066,0.25825492,0.2587347,0.25906166,0.2592176,0.259184,0.25894248,0.25847492,0.2577629,0.25678802,0.25553194,0.25397637,0.2521031,0.24989355,0.2473295,0.24439263,0.24122007,0.23796667,0.23464087,0.231251,0.22780536,0.22431238,0.22078043,0.21721782,0.21363291,0.21003409,0.20642966,0.20282803,0.19923759,0.19566661,0.19212349,0.18861659,0.18515424,0.18174486,0.17839676,0.17511831,0.17191789,0.1688038,0.16578443,0.16286817,0.16006334,0.1573783,0.15482146,0.15240107,0.15012558,0.14800331,0.14604263,0.1442519,0.14274144,0.14160386,0.14082074,0.14037378,0.1402447,0.14041507,0.1408666,0.14158098,0.14253983,0.14372483,0.14511764,0.14669989,0.14845334,0.15035956,0.15240024,0.15455708,0.15681171,0.15914576,0.16154094,0.16397889,0.16644134,0.16890988,0.17136617,0.17379193,0.1761688,0.1784784,0.18070248,0.18282261,0.18482052,0.18667784,0.18837626,0.18989742,0.19123611,0.19240479,0.19341193,0.19426583,0.19497487,0.19554737,0.19599174,0.1963163,0.19652943,0.1966395,0.1966548,0.19658376,0.19643475,0.19621602,0.19593605
0.26058805,0.2613283,0.26195094,0.26243722,0.2627687,0.26292658,0.26289254,0.26264787,0.26217395,0.26145223,0.26046413,0.25919113,0.2576145,0.25571573,0.25347632,0.25087756,0.2479009,0.24468744,0.24139611,0.23803484,0.23461184,0.23113504,0.2276126,0.2240525,0.22046289,0.21685176,0.2132272,0.20959727,0.20597003,0.2023535,0.19875582,0.195185,0.19164911,0.18815622,0.18471438,0.18133162,0.1780161,0.17477576,0.17161879,0.16855313,0.1655869,0.16272815,0.15998496,0.15736543,0.15487748,0.15252928,0.1503289,0.14828435,0.14640372,0.14480285,0.1435799,0.14271623,0.14219332,0.1419925,0.14209524,0.14248294,0.14313705,0.14403896,0.14517005,0.14651178,0.14804557,0.14975278,0.15161487,0.15361327,0.15572935,0.15794456,0.1602403,0.16259797,0.16499904,0.16742486,0.16985692,0.17227656,0.1746652,0.17700431,0.17927527,0.18145955,0.18353842,0.18549347,0.18730602,0.18895747,0.19042929,0.19172041,0.19284768,0.19381908,0.19464265,0.19532655,0.19587873,0.19630733,0.19662036,0.19682598,0.19693208,0.19694686,0.19687836,0.19673459,0.19652365,0.1962536
0.26393172,0.2646803,0.26530987,0.2658016,0.26613668,0.26629645,0.26626205,0.26601458,0.26553538,0.26480556,0.26380646,0.2625191,0.26092482,0.2590048,0.25674024,0.2541124,0.2511024,0.2478552,0.24453361,0.24114515,0.23769763,0.2341987,0.23065618,0.22707762,0.22347082,0.21984346,0.21620327,0.21255793,0.20891517,0.20528269,0.20166819,0.19807938,0.19452393,0.19100964,0.1875441,0.1841351,0.18079035,0.17751755,0.17432435,0.17121848,0.16820769,0.16529964,0.16250207,0.15982269,0.15726915,0.1548492,0.15257056,0.1504409,0.14846797,0.14677328,0.14546071,0.14451149,0.14390677,0.14362781,0.14365584,0.14397196,0.14455748,0.14539358,0.14646144,0.14774229,0.14921737,0.15086779,0.15267484,0.15461974,0.15668361,0.15884776,0.16109331,0.1634015,0.16575354,0.16813067,0.17051405,0.1728849,0.1752244,0.17751381,0.17973433,0.18186712,0.18389341,0.18579443,0.1875514,0.18914546,0.19055787,0.19179223,0.19286995,0.19379862,0.19458601,0.19523981,0.19576775,0.19617748,0.19647677,0.19667329,0.19677477,0.19678886,0.19672339,0.19658597,0.19638428,0.19612609
0.26695848,0.26771384,0.26834905,0.2688453,0.26918346,0.26934466,0.26930982,0.26906016,0.26857665,0.26784018,0.266832,0.26553306,0.26392436,0.26198694,0.2597019,0.25705022,0.25401297,0.25073892,0.24739428,0.24398641,0.2405226,0.23701015,0.23345636,0.22986847,0.22625387,0.22261976,0.21897349,0.21532242,0.21167372,0.20803478,0.20441285,0.20081525,0.19724925,0.19372219,0.19024135,0.18681401,0.18344752,0.18014911,0.17692614,0.17378584,0.1707356,0.16778262,0.16493423,0.16219775,0.15958047,0.15708967,0.15473267,0.15251677,0.15044922,0.14865743,0.14725122,0.14621164,0.1455197,0.14515646,0.14510298,0.1453402,0.14584929,0.1466112,0.14760695,0.14881766,0.1502243,0.15180793,0.1535496,0.15543033,0.15743116,0.15953313,0.16171727,0.1639646,0.16625617,0.16857305,0.17089623,0.1732068,0.17548579,0.17771415,0.17987302,0.18194337,0.18390626,0.18574275,0.18743384,0.1889606,0.19030403,0.19147286,0.19249327,0.19337267,0.19411826,0.19473734,0.19523725,0.19562522,0.19590862,0.1960947,0.19619079,0.19620414,0.19614212,0.19601199,0.19582105,0.19557656
0.2696856,0.27044633,0.27108607,0.27158576,0.27192637,0.2720887,0.27205363,0.27180222,0.27131522,0.27057365,0.26955828,0.26825014,0.26663,0.26467893,0.26237774,0.25970727,0.2566485,0.25335395,0.24999331,0.24657337,0.243101,0.23958309,0.23602642,0.23243788,0.22882426,0.2251924,0.22154911,0.21790133,0.21425578,0.21061935,0.20699891,0.20340124,0.19983317,0.19630158,0.19281329,0.18937513,0.18599395,0.18267658,0.17942983,0.1762606,0.1731757,0.17018187,0.16728608,0.1644951,0.16181582,0.15925503,0.15681958,0.15451628,0.15235198,0.15046,0.14895634,0.14782189,0.14703758,0.14658424,0.14644282,0.14659429,0.14701945,0.14769924,0.14861454,0.14974633,0.15107541,0.15258275,0.15424922,0.15605576,0.15798321,0.16001254,0.16212462,0.16430037,0.1665207,0.16876647,0.17101859,0.173258,0.17546557,0.17762223,0.17970884,0.18170631,0.18359558,0.18535759,0.18697315,0.1884232,0.18968862,0.19078358,0.19173959,0.19256341,0.19326185,0.19384181,0.19431011,0.19467358,0.19493908,0.1951134,0.19520342,0.19521599,0.19515784,0.19503592,0.19485703,0.19462802
0.27213043,0.27289513,0.2735383,0.27404055,0.27438298,0.27454612,0.27451092,0.27425814,0.27376863,0.27302313,0.2720025,0.27068737,0.26905885,0.2670975,0.26478416,0.26209974,0.25902492,0.25571585,0.25234562,0.24892059,0.24544702,0.24193129,0.23837969,0.23479858,0.2311943,0.22757313,0.22394136,0.22030543,0.21667159,0.21304618,0.20943557,0.20584601,0.2022839,0.1987555,0.19526719,0.19182526,0.18843603,0.1851059,0.18184114,0.17864802,0.175533,0.1725023,0.16956228,0.16671926,0.16397962,0.16134958,0.15883555,0.15644383,0.15418077,0.15218572,0.150581,0.14934745,0.14846587,0.14791696,0.1476817,0.1477408,0.14807501,0.1486652,0.14949214,0.1505367,0.15177964,0.15320171,0.15478384,0.15650667,0.15835112,0.16029795,0.16232796,0.16442195,0.16656077,0.16872519,0.17089598,0.17305398,0.17518002,0.17725481,0.17925924,0.18117408,0.18298012,0.18465815,0.18618907,0.18755354,0.18873249,0.18974577,0.1906305,0.19139284,0.1920392,0.1925759,0.19300932,0.19334565,0.19359136,0.19375266,0.19383594,0.19384755,0.19379379,0.19368094,0.19351542,0.19330348
0.27431026,0.27507773,0.2757231,0.27622724,0.27657074,0.2767346,0.27669922,0.2764456,0.27595428,0.2752061,0.2741818,0.27286208,0.2712277,0.26925933,0.26693782,0.26424378,0.26115802,0.25784016,0.2544665,0.25104284,0.2475749,0.24406853,0.24052945,0.23696342,0.23337622,0.22977367,0.22616148,0.22254542,0.21893133,0.21532491,0.21173196,0.20815824,0.20460951,0.2010916,0.19761026,0.19417119,0.1907802,0.18744309,0.18416561,0.18095353,0.17781265,0.17474869,0.17176743,0.16887468,0.16607618,0.1633777,0.16078502,0.1583039,0.15594015,0.15383926,0.15213013,0.15079345,0.14981003,0.14916049,0.14882569,0.14878628,0.14902297,0.14951658,0.1502478,0.15119736,0.15234601,0.15367447,0.15516348,0.15679377,0.15854608,0.1604012,0.16233975,0.16434251,0.1663902,0.16846363,0.17054346,0.17261046,0.17464535,0.17662886,0.17854172,0.1803647,0.18207844,0.1836638,0.18510143,0.1863721,0.18745653,0.18838082,0.18918781,0.18988316,0.19047274,0.19096231,0.19135764,0.19166444,0.19188851,0.19203569,0.19211169,0.19212224,0.1920732,0.19197027,0.19181928,0.19162595
0.2762423,0.2770113,0.27765802,0.27816314,0.27850744,0.27867153,0.2786361,0.27838188,0.27788964,0.27714,0.27611363,0.27479127,0.27315354,0.2711813,0.26885507,0.2661556,0.2630637,0.25974232,0.25637096,0.25295472,0.24949887,0.24600853,0.24248888,0.23894507,0.23538236,0.23180579,0.22822066,0.22463202,0.22104517,0.21746516,0.21389723,0.21034655,0.20681828,0.20331758,0.19984967,0.19641967,0.19303279,0.18969412,0.186409,0.1831824,0.18001965,0.17692585,0.17390618,0.1709658,0.16810992,0.16534369,0.16267228,0.16010086,0.15763462,0.15542535,0.15360864,0.15216514,0.1510756,0.15032062,0.149881,0.14973734,0.14987038,0.15026084,0.15088938,0.15173668,0.15278353,0.1540105,0.15539835,0.15692778,0.15857945,0.1603341,0.16217239,0.16407506,0.16602273,0.16799615,0.16997604,0.17194301,0.17387785,0.1757612,0.17757374,0.1792962,0.18090928,0.18239368,0.18373005,0.18489912,0.18588158,0.18670997,0.1874332,0.1880565,0.1885849,0.18902367,0.18937798,0.18965296,0.18985382,0.18998569,0.19005382,0.19006325,0.19001932,0.18992709,0.18979172,0.1896185
0.27794394,0.27871335,0.2793604,0.27986583,0.28021032,0.28037453,0.2803391,0.28008476,0.27959222,0.2788421,0.27781513,0.27649203,0.27485344,0.27288002,0.27055246,0.2678515,0.2647578,0.2614378,0.25807405,0.25467098,0.25123316,0.2477651,0.24427135,0.24075645,0.2372249,0.23368129,0.23013012,0.22657591,0.2230232,0.2194766,0.2159405,0.21241955,0.20891827,0.20544115,0.20199272,0.19857757,0.19520016,0.1918651,0.1885769,0.18534005,0.18215913,0.17903863,0.17598313,0.17299716,0.17008525,0.1672519,0.16450167,0.16183907,0.15926869,0.1569487,0.1550215,0.1534677,0.15226805,0.15140317,0.15085378,0.1506006,0.15062425,0.15090543,0.15142487,0.1521632,0.15310109,0.15421933,0.15549849,0.15691933,0.15846245,0.16010863,0.1618385,0.16363274,0.16547209,0.16733713,0.16920866,0.1710673,0.17289372,0.1746687,0.1763728,0.17798677,0.17949127,0.18086703,0.1820947,0.18315494,0.18402849,0.18475464,0.18538861,0.1859349,0.1863981,0.18678267,0.18709324,0.18733431,0.18751033,0.18762593,0.18768565,0.18769395,0.1876554,0.18757457,0.18745594,0.18730408
0.27943236,0.28020114,0.2808478,0.28135282,0.281697,0.2818611,0.2818257,0.28157157,0.28107938,0.28032982,0.27930367,0.27798158,0.2763442,0.27437228,0.27204654,0.26934764,0.2662562,0.26294222,0.25959098,0.25620624,0.25279197,0.24935195,0.24589005,0.24241023,0.23891619,0.23541187,0.23190112,0.22838776,0.22487576,0.22136888,0.21787101,0.21438596,0.21091765,0.20746993,0.20404664,0.20065165,0.19728883,0.19396198,0.190675,0.18743177,0.1842361,0.1810919,0.17800298,0.17497323,0.17200649,0.16910665,0.16627753,0.16352302,0.16084692,0.15841405,0.15637359,0.15470628,0.15339284,0.15241395,0.15175027,0.15138261,0.15129155,0.15145786,0.15186217,0.1524853,0.15330783,0.1543105,0.15547405,0.15677907,0.15820637,0.15973662,0.16135049,0.16302869,0.16475195,0.16650093,0.16825633,0.1699989,0.1717093,0.17336819,0.17495632,0.17645438,0.17784308,0.17910312,0.18021517,0.18115994,0.18191813,0.18253611,0.18307564,0.18354055,0.18393469,0.18426202,0.18452634,0.18473145,0.18488128,0.18497968,0.18503046,0.18503754,0.18500473,0.18493594,0.18483499,0.18470572
0.28072488,0.28149223,0.2821375,0.2826416,0.2829851,0.2831488,0.28311348,0.28285986,0.28236866,0.28162062,0.2805965,0.27927697,0.27764285,0.27567485,0.2733536,0.27066007,0.2675748,0.264271,0.26093674,0.25757524,0.25418952,0.25078288,0.24735838,0.24391918,0.24046843,0.23700927,0.23354487,0.23007835,0.22661296,0.22315168,0.21969782,0.21625437,0.21282461,0.20941164,0.20601864,0.20264871,0.19930501,0.19599074,0.192709,0.18946292,0.18625568,0.18309045,0.17997034,0.1768985,0.1738781,0.17091231,0.16800421,0.16515702,0.16237384,0.159826,0.15766981,0.15588608,0.15445548,0.15335879,0.15257668,0.15208997,0.15187933,0.15192556,0.15220937,0.15271148,0.15341263,0.1542936,0.15533504,0.15651777,0.15782247,0.15922995,0.16072088,0.16227604,0.16387612,0.16550191,0.16713412,0.16875346,0.17034069,0.17187661,0.17334184,0.17471719,0.1759834,0.17712119,0.17811127,0.17893443,0.17957139,0.18007575,0.18051606,0.1808955,0.18121725,0.1814844,0.18170007,0.1818675,0.18198976,0.18207009,0.18211156,0.18211731,0.18209055,0.18203442,0.181952,0.1818465
0.2818388,0.2826037,0.28324705,0.28374958,0.28409198,0.28425527,0.28422,0.2839672,0.28347754,0.28273174,0.2817108,0.2803954,0.2787663,0.27680436,0.27449042,0.2718051,0.26872942,0.26543957,0.2621265,0.25879255,0.25544015,0.25207165,0.24868952,0.2452961,0.24189389,0.23848522,0.23507261,0.23165837,0.22824492,0.2248347,0.22143003,0.21803346,0.21464732,0.21127397,0.20791596,0.20457555,0.20125525,0.1979574,0.19468448,0.19143882,0.1882229,0.18503907,0.1818898,0.17877744,0.1757044,0.17267317,0.16968603,0.16674551,0.16385397,0.16118933,0.15891518,0.15701228,0.15546145,0.15424348,0.15333912,0.15272929,0.15239465,0.15231605,0.15247428,0.15285018,0.15342453,0.1541781,0.15509167,0.15614605,0.15732211,0.15860054,0.15996219,0.16138786,0.16285834,0.16435441,0.16585688,0.1673466,0.16880427,0.17021072,0.17154679,0.17279325,0.17393082,0.17494042,0.17580283,0.17649876,0.17700906,0.17739487,0.17773172,0.17802195,0.17826806,0.1784724,0.17863737,0.17876546,0.17885903,0.17892042,0.17895214,0.17895655,0.1789361,0.17889313,0.17883012,0.1787494
0.28279144,0.2835532,0.28419384,0.28469428,0.28503534,0.28519797,0.2851629,0.28491107,0.28442335,0.28368077,0.28266397,0.28135395,0.27973154,0.2777777,0.2754732,0.27279902,0.26973593,0.26646358,0.26317534,0.25987294,0.2565579,0.25323197,0.24989665,0.24655381,0.24320492,0.2398516,0.23649558,0.23313846,0.22978184,0.22642747,0.2230769,0.21973185,0.21639387,0.21306461,0.20974576,0.20643899,0.20314582,0.19986802,0.19660713,0.19336487,0.19014284,0.18694267,0.183766,0.1806145,0.17748983,0.17439356,0.17132737,0.16829291,0.16529185,0.16250877,0.16011459,0.1580901,0.15641627,0.15507387,0.15404387,0.15330711,0.15284444,0.15263681,0.15266499,0.15290995,0.1533525,0.15397355,0.15475398,0.15567465,0.15671645,0.15786022,0.15908685,0.1603773,0.1617123,0.16307287,0.16443975,0.16579393,0.1671162,0.16838749,0.16958863,0.17070054,0.17170411,0.17258017,0.17330955,0.17387325,0.17425208,0.17451486,0.17474428,0.17494197,0.17510961,0.1752488,0.17536114,0.1754484,0.17551208,0.17555393,0.17557554,0.17557856,0.1755646,0.17553535,0.17549239,0.17543742
0.28360003,0.28435796,0.28499538,0.2854933,0.28583258,0.28599438,0.2859595,0.28570896,0.28522375,0.2844848,0.28347316,0.28216976,0.2805555,0.27861145,0.27631867,0.27365792,0.2706102,0.26735842,0.26409838,0.260831,0.25755712,0.25427765,0.2509933,0.24770504,0.24441366,0.24112004,0.23782496,0.23452936,0.23123401,0.2279398,0.22464758,0.22135815,0.21807243,0.21479122,0.21151538,0.20824574,0.20498317,0.20172854,0.19848265,0.19524638,0.19202054,0.188806,0.18560363,0.18241425,0.17923869,0.17607787,0.17293257,0.16980363,0.16669197,0.16378896,0.16127291,0.15912466,0.15732531,0.15585576,0.154697,0.15383002,0.1532358,0.15289523,0.15278938,0.15289913,0.15320553,0.15368953,0.15433209,0.1551142,0.15601683,0.15702091,0.15810747,0.15925746,0.16045181,0.16167158,0.16289766,0.16411108,0.16529274,0.16642371,0.16748491,0.16845727,0.1693218,0.17005953,0.17065136,0.17107825,0.17132123,0.171457,0.17157556,0.17167768,0.17176428,0.17183618,0.17189425,0.17193933,0.17197223,0.17199384,0.17200503,0.17200656,0.17199937,0.17198423,0.17196207,0.17193367
0.28428185,0.28503537,0.28566903,0.28616402,0.28650135,0.2866622,0.28662744,0.28637838,0.28589603,0.28516144,0.28415567,0.28285992,0.2812552,0.27932253,0.2770431,0.27439794,0.27136815,0.26813957,0.2649107,0.2616815,0.2584521,0.2552224,0.25199255,0.24876258,0.24553244,0.2423023,0.23907205,0.23584177,0.23261148,0.22938128,0.22615111,0.2229211,0.21969122,0.21646148,0.21323198,0.2100027,0.2067737,0.20354502,0.20031667,0.19708867,0.19386108,0.19063394,0.18740727,0.18418108,0.18095544,0.1777304,0.1745059,0.1712821,0.16805889,0.16503468,0.1623951,0.16012125,0.15819417,0.156595,0.15530482,0.15430467,0.15357566,0.15309887,0.15285535,0.15282628,0.15299265,0.15333559,0.15383612,0.15447539,0.1552345,0.15609449,0.15703641,0.15804143,0.15909056,0.16016491,0.1612456,0.16231366,0.16335018,0.16433628,0.16525298,0.16608143,0.16680269,0.16739784,0.16784795,0.16813417,0.16823745,0.16824271,0.16824727,0.1682512,0.16825452,0.16825731,0.16825953,0.16826129,0.16826259,0.1682634,0.16826381,0.16826387,0.16826361,0.16826303,0.16826215,0.16826105
0.2848542,0.28560272,0.28623223,0.28672397,0.28705913,0.2872188,0.28718436,0.2869369,0.28645775,0.28572798,0.28472885,0.28344166,0.28184748,0.27992758,0.2776632,0.27503544,0.2720256,0.26882267,0.26562738,0.26243907,0.25925687,0.25608003,0.25290772,0.24973921,0.24657355,0.24341013,0.24024796,0.2370864,0.2339245,0.2307616,0.22759673,0.22442926,0.22125833,0.2180831,0.2149028,0.21171662,0.20852377,0.20532343,0.20211482,0.19889715,0.19566956,0.1924313,0.18918155,0.18591954,0.18264444,0.17935544,0.17605178,0.17273259,0.16939712,0.16625056,0.1634861,0.16108494,0.1590283,0.15729739,0.1558734,0.15473758,0.1538711,0.15325515,0.15287101,0.15269981,0.15272282,0.15292116,0.15327618,0.15376897,0.15438077,0.15509279,0.15588625,0.15674235,0.15764229,0.1585673,0.15949854,0.1604173,0.16130471,0.16214201,0.16291042,0.16359113,0.16416535,0.16461428,0.16491917,0.16506119,0.16502152,0.16489321,0.16478115,0.16468464,0.16460276,0.1645348,0.16447991,0.16443732,0.16440621,0.16438578,0.16437525,0.16437374,0.16438058,0.16439487,0.16441582,0.16444266
0.28533432,0.2860775,0.28670245,0.2871906,0.28752333,0.2876819,0.28764772,0.28740206,0.28692627,0.28620183,0.28520995,0.28393206,0.28234938,0.28044334,0.2781953,0.27558658,0.27259845,0.269423,0.26626348,0.26311833,0.2599858,0.2568643,0.25375214,0.2506477,0.2475493,0.24445528,0.24136402,0.23827389,0.23518324,0.23209034,0.22899356,0.22589135,0.2227819,0.2196637,0.21653505,0.2133943,0.21023974,0.20706977,0.20388281,0.20067708,0.197451,0.19420293,0.19093116,0.18763411,0.18431005,0.18095739,0.17757447,0.17415962,0.1707112,0.16744135,0.16455084,0.162021,0.15983318,0.15796876,0.15640903,0.15513535,0.15412909,0.1533716,0.15284418,0.15252817,0.152405,0.15245594,0.15266232,0.15300551,0.1534669,0.15402775,0.15466942,0.15537332,0.15612075,0.15689303,0.15767156,0.15843762,0.15917261,0.15985784,0.16047466,0.16100442,0.16142848,0.16172816,0.16188478,0.16187975,0.16169436,0.16142994,0.16119905,0.16100012,0.16083142,0.16069135,0.16057828,0.16049048,0.16042636,0.16038427,0.16036253,0.1603595,0.16037352,0.16040298,0.1604462,0.16050151
0.28573957,0.28647694,0.2870971,0.28758147,0.28791156,0.28806898,0.28803498,0.28779134,0.2873192,0.2866004,0.28561622,0.28434816,0.2827778,0.28088656,0.27865595,0.27606738,0.2731025,0.26995623,0.26683423,0.26373404,0.2606531,0.25758892,0.25453895,0.2515008,0.24847183,0.24544957,0.24243146,0.23941506,0.23639783,0.23337723,0.23035079,0.22731593,0.22427021,0.22121108,0.218136,0.21504249,0.21192805,0.20879015,0.20562626,0.20243388,0.19921051,0.19595361,0.1926607,0.1893292,0.1859567,0.18254058,0.17907839,0.17556758,0.17200568,0.16861176,0.1655942,0.16293456,0.16061431,0.15861484,0.15691784,0.1555046,0.15435673,0.15345564,0.15278289,0.15231994,0.15204825,0.15194932,0.15200469,0.1521958,0.15250415,0.15291122,0.15339848,0.15394749,0.15453969,0.15515654,0.1557796,0.1563903,0.1569701,0.1575006,0.1579632,0.15833944,0.15861075,0.15875866,0.15876466,0.15861018,0.15827681,0.15787418,0.15752266,0.15721974,0.15696293,0.15674965,0.15657748,0.1564438,0.1563462,0.1562821,0.156249,0.15624437,0.15626574,0.15631054,0.15637636,0.15646058
0.28608727,0.28681856,0.28743365,0.28791404,0.28824148,0.28839752,0.28836387,0.28812215,0.28765392,0.28694096,0.28596485,0.28470722,0.2831497,0.28127396,0.27906162,0.2764943,0.27355367,0.27043775,0.26735464,0.26430085,0.26127294,0.2582677,0.25528163,0.25231135,0.24935348,0.24640463,0.24346144,0.24052055,0.23757851,0.23463197,0.2316775,0.22871171,0.22573127,0.2227328,0.21971285,0.21666804,0.21359509,0.21049047,0.20735084,0.20417285,0.20095311,0.19768819,0.19437476,0.19100937,0.18758868,0.1841093,0.18056783,0.17696089,0.17328507,0.16976646,0.16662118,0.16383085,0.16137712,0.1592416,0.15740599,0.1558519,0.15456097,0.15351479,0.15269507,0.15208343,0.15166152,0.15141097,0.15131338,0.15135045,0.15150379,0.15175508,0.1520859,0.15247793,0.1529128,0.15337215,0.15383759,0.15429084,0.15471347,0.15508713,0.15539347,0.15561412,0.15573077,0.15572502,0.1555785,0.15527287,0.15478973,0.15424733,0.15377374,0.15336567,0.15301967,0.15273234,0.15250038,0.15232034,0.15218884,0.15210246,0.15205784,0.15205164,0.15208045,0.15214084,0.15222946,0.1523429
0.2863946,0.28711966,0.2877295,0.28820583,0.28853047,0.28868517,0.28865176,0.28841206,0.28794792,0.287241,0.28627318,0.28502628,0.28348207,0.28162226,0.2794288,0.2768834,0.2739678,0.2708832,0.26783982,0.2648334,0.26185963,0.25891435,0.25599325,0.25309205,0.25020653,0.24733233,0.24446528,0.24160108,0.23873544,0.2358641,0.23298283,0.23008735,0.22717333,0.22423656,0.2212728,0.21827778,0.2152472,0.21217676,0.20906222,0.20589937,0.20268391,0.19941153,0.19607805,0.19267909,0.18921047,0.18566792,0.18204713,0.17834386,0.17455387,0.17091016,0.16763663,0.16471504,0.16212714,0.15985478,0.15787974,0.1561838,0.15474878,0.1535565,0.15258868,0.1518272,0.15125382,0.1508503,0.1505985,0.15048018,0.15047717,0.15057123,0.15074417,0.15097778,0.15125388,0.15155426,0.15186065,0.15215494,0.15241891,0.15263431,0.152783,0.15284671,0.15280727,0.15264647,0.15234615,0.15188804,0.15125397,0.15057062,0.14997406,0.14945997,0.14902408,0.14866215,0.14836992,0.14814308,0.14797743,0.14786863,0.14781246,0.14780462,0.14784089,0.14791697,0.14802861,0.14817153
0.28667882,0.28739756,0.28800213,0.2884742,0.288796,0.28894937,0.28891632,0.2886787,0.2882186,0.2875179,0.28655854,0.28532255,0.28379187,0.28194827,0.27977404,0.27725083,0.27436084,0.27130792,0.2683048,0.2653463,0.26242736,0.25954267,0.2566872,0.25385574,0.2510432,0.24824439,0.24545415,0.24266733,0.23987879,0.23708339,0.23427595,0.23145138,0.2286045,0.22573012,0.22282319,0.2198784,0.21689077,0.21385506,0.21076608,0.20761876,0.20440793,0.20112841,0.19777513,0.19434285,0.19082643,0.18722075,0.18352066,0.179721,0.17581663,0.17204764,0.16864553,0.16559228,0.16286984,0.1604602,0.15834522,0.15650694,0.1549273,0.15358824,0.15247172,0.15155967,0.15083411,0.15027696,0.14987016,0.14959565,0.14943549,0.14937153,0.14938575,0.14946014,0.14957663,0.14971717,0.14986372,0.14999825,0.15010267,0.15015903,0.15014921,0.15005518,0.14985888,0.1495423,0.1490874,0.14847612,0.14769039,0.14686553,0.14614537,0.1455248,0.1449986,0.14456174,0.14420894,0.14393514,0.14373513,0.1436038,0.143536,0.14352657,0.14357035,0.14366218,0.14379692,0.14396945
0.2869574,0.28766972,0.2882688,0.2887368,0.2890557,0.2892078,0.28917494,0.28893945,0.28848344,0.287789,0.2868381,0.2856131,0.28409588,0.28226873,0.28011373,0.27761292,0.2747485,0.27172756,0.2687648,0.26585448,0.2629903,0.26016638,0.2573767,0.2546152,0.25187573,0.24915245,0.24643919,0.24372995,0.2410187,0.23829941,0.23556608,0.23281255,0.230033,0.22722115,0.22437109,0.22147678,0.2185322,0.21553132,0.21246801,0.20933637,0.20613027,0.2028437,0.19947064,0.19600508,0.19244091,0.18877213,0.18499272,0.18109667,0.17707789,0.17318352,0.1696528,0.16646785,0.16361074,0.16106366,0.15880865,0.15682788,0.15510345,0.15361747,0.15235206,0.15128933,0.15041141,0.14970039,0.14913844,0.1487076,0.14839005,0.14816788,0.14802319,0.14793813,0.14789478,0.14787531,0.14786176,0.1478363,0.14778106,0.1476781,0.14750957,0.14725761,0.14690429,0.14643171,0.14582205,0.1450574,0.14411987,0.1431533,0.14230944,0.14158224,0.14096567,0.14045374,0.14004032,0.13971949,0.13948514,0.13933125,0.1392518,0.13924073,0.13929202,0.13939963,0.13955757,0.13975972
0.28724742,0.28795344,0.28854722,0.28901103,0.28932717,0.28947785,0.28944534,0.28921196,0.28875995,0.28807163,0.2871292,0.28591505,0.2844113,0.28260037,0.28046444,0.27798578,0.27514678,0.2721574,0.2692349,0.2663723,0.26356277,0.2607993,0.25807506,0.2553831,0.25271654,0.25006837,0.2474318,0.24479978,0.2421655,0.23952192,0.2368623,0.23417956,0.23146686,0.22871727,0.22592384,0.22307971,0.2201779,0.21721156,0.21417375,0.21105748,0.20785598,0.2045622,0.20116927,0.19767028,0.19405831,0.19032642,0.1864677,0.18247528,0.17834215,0.17432255,0.17066334,0.16734685,0.1643553,0.161671,0.1592762,0.15715323,0.15528429,0.1536517,0.15223771,0.15102462,0.1499947,0.14913021,0.14841343,0.14782666,0.14735213,0.14697213,0.14666896,0.14642487,0.14622213,0.14604303,0.14586984,0.1456848,0.14547026,0.14520842,0.14488162,0.14447209,0.14396212,0.14333396,0.14256991,0.14165227,0.14056325,0.13945529,0.138488,0.13765444,0.13694768,0.13636087,0.13588698,0.13551922,0.13525057,0.13507418,0.1349831,0.13497044,0.13502923,0.1351526,0.1353336,0.13556533
0.28756624,0.28826606,0.28885475,0.28931445,0.28962782,0.2897772,0.2897449,0.28951362,0.28906557,0.28838325,0.2874491,0.2862455,0.28475496,0.2829599,0.2808426,0.27838576,0.27557155,0.27261314,0.2697301,0.26691464,0.2641589,0.26145512,0.2587956,0.25617236,0.25357774,0.2510039,0.24844308,0.24588741,0.24332921,0.2407605,0.23817375,0.23556094,0.23291431,0.23022616,0.22748864,0.22469398,0.22183432,0.21890189,0.21588892,0.21278761,0.20959017,0.20628877,0.20287563,0.199343,0.19568302,0.19188793,0.18794994,0.1838612,0.17961401,0.17546938,0.17168209,0.16823448,0.16510898,0.16228805,0.15975407,0.15748952,0.15547682,0.15369837,0.15213664,0.15077403,0.14959298,0.14857595,0.1477053,0.14696352,0.14633301,0.1457962,0.14533554,0.14493346,0.14457235,0.14423467,0.14390287,0.14355935,0.14318655,0.14276688,0.14228277,0.1417167,0.14105104,0.14026825,0.13935077,0.13828099,0.13704139,0.13579282,0.1347028,0.13376349,0.13296707,0.13230577,0.1317718,0.13135734,0.13105462,0.13085584,0.13075319,0.13073891,0.13080518,0.1309442,0.13114816,0.13140932
0.28793117,0.28862506,0.28920868,0.28966448,0.2899752,0.2901233,0.2900913,0.28986195,0.28941768,0.28874123,0.28781503,0.2866217,0.28514382,0.283364,0.28126478,0.27882877,0.27603856,0.27311024,0.27026558,0.26749608,0.26479295,0.26214767,0.25955147,0.25699565,0.25447163,0.25197074,0.24948426,0.24700361,0.24452004,0.24202491,0.23950957,0.23696533,0.2343836,0.23175555,0.22907272,0.22632629,0.22350767,0.22060819,0.21761914,0.21453193,0.21133783,0.20802818,0.20459437,0.20102765,0.19731942,0.193461,0.1894437,0.1852589,0.1808979,0.1766288,0.17271398,0.16913597,0.16587728,0.16292061,0.16024843,0.15784341,0.15568806,0.153765,0.15205677,0.150546,0.14921525,0.14804707,0.1470241,0.14612885,0.14534396,0.14465195,0.14403546,0.14347701,0.1429592,0.14246467,0.14197591,0.14147553,0.14094613,0.14037026,0.13973056,0.1390095,0.13818978,0.13725388,0.13618441,0.13496399,0.13357516,0.1321873,0.13097563,0.12993151,0.12904623,0.12831117,0.12771758,0.1272569,0.1269204,0.12669945,0.12658536,0.12656948,0.1266431,0.12679765,0.12702438,0.12731466
0.28835946,0.28904766,0.28962654,0.2900787,0.2903869,0.2905337,0.29050204,0.29027453,0.2898339,0.289163,0.28824425,0.28706068,0.28559485,0.28382954,0.28174746,0.27933127,0.27656382,0.2736641,0.2708564,0.26813135,0.2654792,0.2628906,0.26035598,0.25786585,0.25541052,0.25298065,0.25056666,0.24815905,0.24574827,0.24332465,0.24087897,0.23840147,0.23588273,0.23331314,0.23068328,0.2279836,0.22520453,0.22233655,0.21937019,0.21629587,0.21310407,0.20978531,0.20633003,0.20272873,0.19897188,0.19504994,0.19095339,0.18667273,0.1821984,0.1778055,0.17376395,0.17005645,0.16666572,0.1635745,0.16076548,0.15822144,0.155925,0.15385902,0.1520061,0.150349,0.14887047,0.1475532,0.14637995,0.14533338,0.14439625,0.14355126,0.14278117,0.14206864,0.14139646,0.14074731,0.14010392,0.139449,0.13876528,0.1380355,0.13724233,0.13636859,0.13539688,0.13431002,0.13309066,0.13172154,0.13018543,0.12866004,0.12732826,0.12618065,0.12520762,0.12439967,0.12374729,0.12324095,0.12287109,0.12262822,0.12250283,0.12248539,0.122566335,0.12273617,0.1229854,0.12330443
0.28886843,0.28955144,0.29012585,0.29057446,0.29088035,0.29102606,0.2909946,0.2907688,0.29033163,0.28966576,0.2887541,0.28757957,0.28612503,0.28437322,0.28230703,0.27990937,0.27716306,0.2742903,0.27151775,0.26883504,0.26623186,0.2636978,0.26122242,0.2587956,0.25640672,0.25404543,0.25170147,0.24936444,0.24702394,0.24466954,0.24229105,0.23987795,0.23741992,0.2349066,0.2323276,0.22967258,0.22693112,0.22409292,0.22114757,0.21808472,0.21489397,0.21156497,0.20808734,0.20445073,0.20064479,0.19665912,0.19248335,0.1881071,0.18352003,0.17900413,0.1748369,0.17100115,0.16747974,0.16425551,0.16131142,0.15863019,0.15619472,0.1539879,0.15199253,0.15019153,0.14856769,0.14710385,0.14578292,0.14458774,0.14350115,0.14250602,0.14158517,0.14072149,0.13989781,0.13909702,0.13830191,0.13749537,0.13666026,0.13577943,0.1348357,0.133812,0.13269113,0.13145591,0.13008927,0.12857403,0.12689301,0.1252323,0.12378241,0.122532986,0.12147363,0.12059403,0.11988377,0.11933251,0.11892983,0.11866545,0.11852893,0.11850995,0.118598044,0.11878295,0.11905428,0.11940163
0.28947535,0.29015356,0.29072392,0.29116943,0.29147306,0.2916178,0.2915866,0.2913624,0.29092824,0.29026708,0.28936183,0.2881956,0.28675115,0.2850117,0.28296006,0.28057927,0.27785224,0.2750043,0.27226463,0.2696219,0.26706514,0.264583,0.26216424,0.2597978,0.2574724,0.2551768,0.25289986,0.25063044,0.24835728,0.24606915,0.24375491,0.24140342,0.23900336,0.23654358,0.23401286,0.23140004,0.22869395,0.22588338,0.22295704,0.21990386,0.21671258,0.21337198,0.20987092,0.2061982,0.20234255,0.19829285,0.19403788,0.18956643,0.18486732,0.18022943,0.17593774,0.1719752,0.16832483,0.16496955,0.16189238,0.15907626,0.1565042,0.15415916,0.15202406,0.15008196,0.14831582,0.14670856,0.14524318,0.14390266,0.14266998,0.1415281,0.14046,0.13944864,0.13847701,0.1375281,0.13658485,0.13563025,0.13464728,0.13361892,0.13252813,0.13135788,0.13009112,0.12871088,0.1272001,0.12554176,0.123718835,0.121925496,0.12035984,0.11901065,0.11786673,0.11691688,0.1161499,0.11555463,0.11511983,0.11483431,0.1146869,0.11466635,0.114761524,0.114961214,0.11525418,0.11562926
0.2901975,0.29087147,0.29143828,0.291881,0.2921827,0.2923265,0.2922955,0.29207274,0.29164127,0.29098424,0.29008472,0.28892574,0.28749043,0.28576177,0.283723,0.28135714,0.27864718,0.27582166,0.27311212,0.2705067,0.26799324,0.26555985,0.26319447,0.26088512,0.25861982,0.25638646,0.25417313,0.25196785,0.24975853,0.2475332,0.2452799,0.24298652,0.24064118,0.23823176,0.23574634,0.23317288,0.2304994,0.22771385,0.22480427,0.22175863,0.21856494,0.21521121,0.21168536,0.20797548,0.20406953,0.19995548,0.19562136,0.19105512,0.18624482,0.18148611,0.17707145,0.17298386,0.16920649,0.16572239,0.1625146,0.15956628,0.15686047,0.15438023,0.15210867,0.15002888,0.1481239,0.14637685,0.14477079,0.14328879,0.14191398,0.14062938,0.13941811,0.13826323,0.1371478,0.13605498,0.13496777,0.1338693,0.13274261,0.13157082,0.130337,0.1290242,0.12761553,0.12609409,0.12444289,0.12264507,0.1206837,0.11876099,0.117082305,0.115635775,0.1144093,0.113390915,0.1125686,0.11193034,0.11146417,0.11115806,0.110999994,0.11097801,0.11108002,0.111294106,0.111608215,0.11201038
0.2910522,0.2917225,0.29228628,0.29272664,0.29302675,0.29316977,0.29313892,0.29291737,0.29248822,0.29183465,0.29094,0.28978726,0.28835958,0.28664023,0.2846124,0.28225914,0.2795638,0.27675778,0.27407545,0.27150384,0.26903042,0.2666422,0.26432648,0.2620704,0.25986126,0.25768623,0.2555325,0.25338724,0.2512378,0.24907133,0.24687491,0.24463585,0.2423415,0.23997885,0.2375352,0.23499778,0.23235378,0.22959039,0.22669487,0.2236544,0.22045617,0.21708742,0.21353534,0.20978718,0.20583011,0.20165133,0.1972381,0.19257757,0.18765703,0.18277885,0.1782429,0.17403229,0.1701302,0.1665198,0.16318426,0.1601068,0.15727048,0.1546586,0.15225427,0.15004063,0.14800091,0.14611825,0.14437585,0.14275685,0.14124441,0.13982172,0.138472,0.13717835,0.13592397,0.134692,0.13346565,0.13222809,0.13096249,0.12965202,0.12827982,0.1268291,0.12528302,0.12362475,0.12183748,0.119904324,0.1178085,0.11576003,0.1139716,0.11243045,0.11112378,0.11003879,0.10916269,0.1084827,0.10798605,0.1076599,0.107491516,0.10746806,0.10757678,0.10780486,0.10813952,0.10856798
0.29205662,0.29272407,0.2932854,0.29372382,0.29402268,0.29416507,0.29413435,0.29391372,0.29348648,0.29283577,0.29194492,0.2907971,0.28937572,0.2876638,0.2856447,0.28330168,0.28061795,0.27782828,0.27516958,0.2726283,0.2701909,0.26784384,0.26557356,0.26336643,0.26120907,0.2590878,0.25698918,0.2548995,0.2528053,0.25069308,0.24854922,0.24636026,0.2441125,0.24179253,0.23938675,0.23688158,0.23426352,0.23151903,0.22863454,0.22559644,0.22239129,0.21900547,0.21542546,0.21163772,0.20762864,0.20338476,0.19889244,0.19413821,0.18910848,0.18411241,0.17945705,0.17512566,0.17110142,0.16736767,0.16390751,0.16070434,0.15774135,0.15500174,0.1524688,0.15012576,0.14795586,0.14594235,0.14406848,0.14231749,0.1406726,0.13911706,0.13763417,0.13620712,0.13481915,0.13345353,0.1320935,0.13072228,0.12932317,0.12787937,0.12637411,0.12479067,0.12311227,0.12132218,0.11940362,0.11733982,0.11511408,0.11294401,0.11104944,0.10941681,0.108032584,0.1068832,0.1059551,0.105234765,0.104708605,0.10436312,0.10418474,0.104159884,0.104275055,0.10451667,0.1048712,0.10532509
0.29322815,0.29389355,0.29445308,0.29489014,0.29518804,0.29533002,0.29529938,0.29507947,0.2946535,0.29400486,0.29311684,0.29197267,0.29055566,0.28884912,0.28683642,0.28450075,0.28182545,0.27904856,0.27640966,0.27389452,0.2714889,0.26917845,0.2669489,0.264786,0.26267543,0.26060298,0.2585543,0.25651512,0.25447118,0.25240827,0.25031197,0.24816811,0.24596238,0.24368046,0.24130814,0.23883109,0.23623508,0.23350573,0.2306289,0.22759019,0.2243754,0.22097023,0.21736038,0.21353158,0.20946957,0.20516004,0.20058876,0.1957414,0.19060369,0.18549144,0.18071884,0.17626914,0.17212568,0.16827174,0.16469063,0.16136563,0.15828003,0.15541714,0.15276027,0.1502927,0.14799774,0.14585866,0.14385876,0.14198138,0.14020976,0.13852726,0.13691711,0.13536264,0.13384716,0.13235393,0.13086629,0.12936752,0.12784088,0.12626971,0.124637306,0.12292693,0.12112192,0.119205564,0.11716113,0.11497195,0.1126213,0.11033428,0.108337596,0.10661698,0.10515814,0.103946805,0.10296869,0.10220953,0.10165502,0.10129091,0.101102896,0.10107673,0.1011981,0.10145274,0.10182638,0.10230473
0.29441148,0.2950752,0.2956335,0.2960695,0.29636663,0.29650834,0.29647782,0.29625833,0.29583338,0.29518634,0.29430035,0.29315886,0.2917452,0.29004276,0.28803474,0.28570455,0.28303564,0.28026888,0.27764663,0.27515405,0.27277604,0.2704977,0.26830402,0.26618013,0.2641111,0.26208183,0.2600776,0.25808328,0.25608394,0.25406474,0.2520106,0.24990672,0.24773796,0.2454895,0.24314636,0.24069358,0.23811622,0.23539935,0.23252797,0.22948717,0.226262,0.22283748,0.21919869,0.21533069,0.21121848,0.20684716,0.20220174,0.1972673,0.19202888,0.18680845,0.18192685,0.17736745,0.1731135,0.16914842,0.1654555,0.16201812,0.1588196,0.15584323,0.1530724,0.1504904,0.14808059,0.14582637,0.14371094,0.14171778,0.13983011,0.13803135,0.13630477,0.13463372,0.13300157,0.13139164,0.12978728,0.12817179,0.12652855,0.124840856,0.123092055,0.12126552,0.11934453,0.117312446,0.115152635,0.11284836,0.11038303,0.10798858,0.10589809,0.10409662,0.10256927,0.10130103,0.100276954,0.099482134,0.098901585,0.09852036,0.098323524,0.098296106,0.09842319,0.09868977,0.09908099,0.0995818
0.29544452,0.2961069,0.29666403,0.2970991,0.29739574,0.297537,0.29750654,0.2972876,0.29686356,0.29621777,0.29533365,0.29419455,0.29278383,0.29108477,0.28908098,0.28675562,0.28409216,0.28133434,0.27872658,0.2762536,0.27389973,0.27164942,0.26948708,0.26739725,0.2653645,0.26337308,0.2614075,0.25945234,0.257492,0.25551096,0.25349364,0.25142455,0.24928819,0.24706888,0.24475124,0.24231963,0.23975861,0.23705254,0.23418601,0.23114334,0.2279091,0.22446768,0.22080363,0.2169014,0.21274537,0.20832007,0.20360997,0.19859949,0.19327314,0.18795823,0.18298155,0.1783263,0.17397594,0.16991383,0.16612332,0.1625878,0.15929064,0.15621522,0.15334488,0.150663,0.14815298,0.14579816,0.14358191,0.14148764,0.13949865,0.13759837,0.13577014,0.13399734,0.13226333,0.13055152,0.12884527,0.12712789,0.12538281,0.123593405,0.121743,0.119815014,0.11779277,0.11565967,0.11339909,0.11099438,0.10842891,0.10594066,0.10376829,0.101896256,0.10030906,0.098991126,0.09792696,0.09710097,0.0964977,0.09610153,0.095897004,0.095868506,0.09600055,0.0962776,0.09668413,0.09720456
0.29633477,0.29699594,0.29755208,0.29798645,0.29828244,0.29842356,0.29839313,0.29817456,0.29775128,0.29710662,0.29622412,0.295087,0.29367873,0.2919828,0.2899825,0.2876613,0.28500256,0.2822524,0.27965727,0.2772012,0.27486813,0.27264193,0.27050662,0.26844618,0.26644456,0.26448572,0.2625536,0.2606322,0.25870535,0.2567572,0.25477165,0.25273263,0.25062403,0.24842991,0.24613419,0.24372087,0.2411739,0.23847723,0.23561479,0.23257054,0.22932847,0.22587255,0.2221867,0.21825494,0.21406116,0.20958933,0.20482346,0.19974749,0.19434536,0.18894912,0.18389037,0.17915258,0.17471914,0.1705734,0.16669878,0.16307871,0.15969658,0.15653577,0.15357971,0.15081175,0.14821535,0.14577386,0.1434707,0.14128931,0.13921298,0.13722529,0.13530944,0.13344894,0.13162719,0.12982757,0.12803349,0.12622835,0.1243955,0.12251842,0.12058047,0.11856505,0.11645556,0.114235416,0.111887984,0.10939672,0.10674497,0.104175866,0.101932935,0.10000011,0.09836133,0.0970006,0.095901854,0.09504906,0.09442617,0.09401713,0.09380594,0.09377655,0.09391288,0.094198935,0.09461864,0.095156
0.29708952,0.29774982,0.29830498,0.29873872,0.29903433,0.29917517,0.29914477,0.29892653,0.2985039,0.2978602,0.29697895,0.29584366,0.29443753,0.29274416,0.29074696,0.2884292,0.28577453,0.28303087,0.28044638,0.27800462,0.27568913,0.2734834,0.27137095,0.2693355,0.2673603,0.26542902,0.26352522,0.26163244,0.25973412,0.25781387,0.25585517,0.25384158,0.25175664,0.24958387,0.24730678,0.24490896,0.24237387,0.23968506,0.23682615,0.23378056,0.2305319,0.22706363,0.22335933,0.21940252,0.21517675,0.21066551,0.20585234,0.20072085,0.19525445,0.18978919,0.18466096,0.17985314,0.17534925,0.1711326,0.16718672,0.16349493,0.16004077,0.15680759,0.15377878,0.15093787,0.1482682,0.14575325,0.14337642,0.14112115,0.13897082,0.13690892,0.13491887,0.13298397,0.13108781,0.12921374,0.1273452,0.12546562,0.12355842,0.12160699,0.11959479,0.11750527,0.115321815,0.11302783,0.11060681,0.10804213,0.10531723,0.1026796,0.10037684,0.09839243,0.096709974,0.09531292,0.09418487,0.09330932,0.09266981,0.09224987,0.09203305,0.092002854,0.092142835,0.0924365,0.09286743,0.09341909
0.29771623,0.29837564,0.2989302,0.29936334,0.29965863,0.29979935,0.2997689,0.29955098,0.2991288,0.29848605,0.2976059,0.29647192,0.2950676,0.29337642,0.2913817,0.28906685,0.2864155,0.28367722,0.28110158,0.27867177,0.27637085,0.27418214,0.27208877,0.27007386,0.26812068,0.26621237,0.2643321,0.262463,0.26058835,0.25869125,0.25675485,0.25476247,0.25269708,0.25054204,0.24828039,0.24589543,0.24337028,0.24068806,0.23783201,0.23478533,0.23153117,0.22805266,0.224333,0.22035538,0.21610306,0.21155906,0.2067067,0.20152906,0.1960093,0.19048674,0.1853008,0.18043488,0.17587246,0.17159694,0.16759183,0.16384056,0.16032654,0.15703325,0.1539441,0.1510426,0.14831214,0.14573617,0.14329812,0.14098153,0.13876973,0.13664624,0.13459446,0.1325979,0.13063996,0.12870409,0.12677373,0.124832325,0.12286331,0.120850176,0.11877635,0.11662529,0.11438039,0.11202516,0.10954298,0.10691735,0.10413171,0.10143719,0.09908472,0.097057514,0.09533875,0.093911566,0.09275918,0.09186473,0.091211416,0.09078243,0.090560935,0.0905301,0.090673074,0.09097309,0.09141331,0.09197689
0.2982223,0.29888102,0.29943505,0.29986772,0.3001627,0.30030322,0.3002729,0.30005512,0.2996335,0.29899132,0.2981121,0.29697925,0.2955764,0.2938869,0.2918941,0.28958178,0.28693306,0.28419915,0.2816306,0.2792104,0.27692127,0.2747463,0.2726683,0.27067015,0.26873475,0.26684487,0.2649836,0.26313373,0.26127812,0.25939965,0.25748137,0.255506,0.25345647,0.2513157,0.2490666,0.24669197,0.24417481,0.24149795,0.23864424,0.23559663,0.232338,0.22885121,0.22511923,0.22112486,0.21685103,0.2122806,0.2073965,0.20218161,0.19661883,0.19105001,0.18581744,0.1809046,0.17629497,0.17197189,0.16791898,0.16411965,0.1605573,0.15721548,0.15407759,0.15112711,0.14834756,0.14572231,0.14323492,0.14086877,0.13860737,0.13643415,0.1343326,0.13228616,0.1302783,0.12829253,0.12631224,0.12432094,0.12230207,0.120239116,0.1181155,0.115914725,0.11362023,0.11121551,0.10868398,0.10600914,0.10317445,0.10043396,0.09804139,0.09597962,0.09423154,0.09278003,0.091607966,0.09069827,0.09003382,0.08959749,0.08937224,0.089340866,0.089486316,0.08979145,0.09023915,0.09081235
0.29861513,0.29927334,0.29982686,0.30025923,0.30055386,0.3006944,0.30066407,0.30044648,0.3000251,0.29938343,0.29850492,0.29737303,0.29597127,0.29428306,0.29229194,0.28998134,0.28733474,0.28460422,0.2820412,0.27962846,0.27734858,0.27518424,0.27311817,0.2711329,0.26921126,0.26733583,0.26548925,0.26365423,0.2618134,0.25994956,0.2580452,0.25608313,0.25404587,0.25191623,0.2496768,0.24731024,0.24479924,0.24212651,0.23927462,0.23622634,0.23296426,0.22947107,0.22572944,0.22172205,0.21743159,0.21284065,0.20793195,0.20268814,0.1970919,0.19148716,0.18621846,0.18126915,0.17662284,0.17226289,0.16817288,0.16433623,0.1607364,0.15735692,0.15418121,0.15119275,0.1483751,0.14571162,0.14318584,0.14078125,0.13848132,0.13626954,0.13412933,0.13204421,0.12999763,0.12797308,0.12595408,0.12392403,0.12186645,0.11976477,0.11760257,0.11536322,0.11303024,0.11058708,0.108017266,0.10530423,0.10243147,0.09965533,0.097231604,0.09514301,0.09337217,0.09190176,0.09071446,0.08979294,0.08911984,0.08867784,0.088449635,0.08841786,0.08856519,0.0888743,0.08932784,0.08990849
0.29890195,0.29955986,0.30011308,0.30054516,0.3008397,0.3009801,0.30094975,0.3007323,0.3003112,0.29966992,0.29879192,0.29766065,0.29625967,0.29457247,0.29258248,0.2902732,0.28762814,0.2849001,0.28234118,0.2799338,0.27766067,0.2755041,0.2734467,0.27147096,0.26955932,0.26769432,0.2658586,0.26403445,0.2622045,0.26035112,0.2584571,0.25650463,0.25447637,0.25235483,0.2501225,0.24776182,0.24525538,0.2425856,0.23973511,0.23668624,0.23342168,0.22992377,0.22617516,0.22215827,0.2178556,0.2132497,0.20832303,0.20305811,0.19743745,0.1918065,0.18651132,0.18153545,0.17686234,0.17247547,0.16835836,0.16449443,0.16086723,0.15746021,0.15425687,0.15124068,0.14839518,0.1457038,0.14315003,0.14071737,0.13838927,0.13614927,0.13398086,0.13186748,0.12979263,0.12773979,0.12569247,0.123634115,0.12154825,0.119418375,0.11722791,0.114960395,0.11259929,0.1101281,0.10753028,0.10478934,0.10188879,0.09908659,0.096640155,0.094531946,0.09274448,0.09126027,0.09006183,0.08913166,0.08845226,0.08800612,0.08777576,0.08774368,0.08789239,0.0882044,0.08866221,0.0892483
0.2990904,0.29974794,0.30030102,0.30073294,0.30102736,0.3011677,0.30113742,0.30092,0.30049908,0.29985803,0.29898027,0.2978495,0.2964491,0.29476252,0.29277325,0.2904649,0.28782082,0.28509438,0.28253812,0.28013435,0.2778656,0.27571416,0.27366242,0.27169287,0.2697879,0.26792985,0.26610112,0.26428413,0.26246125,0.2606149,0.25872752,0.25678143,0.25475904,0.25264284,0.25041515,0.24805835,0.24555486,0.24288712,0.24003749,0.23698826,0.23372202,0.23022108,0.22646783,0.22244468,0.21813403,0.21351828,0.20857982,0.20330103,0.19766435,0.19201615,0.18670368,0.1817103,0.17701963,0.17261505,0.16848011,0.16459832,0.16095313,0.15752803,0.15430658,0.1512722,0.14840834,0.14569864,0.14312649,0.1406754,0.13832884,0.13607033,0.13388336,0.13175143,0.129658,0.12758659,0.12552066,0.123443745,0.12133931,0.11919087,0.11698189,0.11469588,0.11231631,0.1098267,0.1072105,0.10445127,0.10153243,0.09871314,0.09625174,0.094130665,0.0923323,0.090839036,0.08963327,0.088697426,0.08801388,0.08756502,0.087333255,0.08730099,0.08745061,0.08776452,0.08822511,0.08881478
0.29918766,0.2998451,0.30039805,0.30082992,0.30112422,0.30126455,0.30123425,0.301017,0.30059606,0.2999551,0.29907763,0.29794705,0.29654688,0.29486063,0.29287177,0.29056385,0.28792033,0.2851947,0.2826398,0.28023788,0.27797142,0.27582252,0.27377385,0.27180752,0.26990587,0.26805145,0.26622632,0.26441303,0.26259375,0.2607511,0.25886717,0.2569244,0.25490505,0.25279158,0.25056624,0.24821147,0.24570951,0.24304277,0.24019355,0.23714422,0.23387711,0.23037459,0.22661895,0.22259258,0.2182778,0.21365698,0.20871243,0.20342648,0.19778152,0.19212446,0.186803,0.1818006,0.17710082,0.17268713,0.16854298,0.16465196,0.16099748,0.15756308,0.15433222,0.15128842,0.14841518,0.14569598,0.14311434,0.14065371,0.13829762,0.13602954,0.13383302,0.13169149,0.12958847,0.12750748,0.12543197,0.12334545,0.12123144,0.11907342,0.116854884,0.11455931,0.1121702,0.10967108,0.107045405,0.1042767,0.10134844,0.0985203,0.09605121,0.09392348,0.09211949,0.090621546,0.08941201,0.08847323,0.08778753,0.08733727,0.08710479,0.08707241,0.0872225,0.08753738,0.08799942,0.08859095
0.2992012,0.29985863,0.30041158,0.30084345,0.30113775,0.30127802,0.30124775,0.30103043,0.3006096,0.29996866,0.29909116,0.29796064,0.2965605,0.29487434,0.29288545,0.29057762,0.28793418,0.28520867,0.28265393,0.28025234,0.2779861,0.2758377,0.27378935,0.27182344,0.26992238,0.26806834,0.26624382,0.26443097,0.26261228,0.26077005,0.2588866,0.25694424,0.2549254,0.2528123,0.2505873,0.24823277,0.24573104,0.24306445,0.24021529,0.23716594,0.23389873,0.23039596,0.22664002,0.22261317,0.21829781,0.2136763,0.20873085,0.20344391,0.19779783,0.19213949,0.18681678,0.18181318,0.17711212,0.17269719,0.16855174,0.16465943,0.16100363,0.15756795,0.1543358,0.15129068,0.14841615,0.14569563,0.14311264,0.14065069,0.13829327,0.13602388,0.133826,0.13168316,0.1295788,0.12749647,0.12541963,0.12333178,0.121216424,0.11905709,0.11683718,0.11454029,0.11214985,0.10964941,0.107022405,0.10425238,0.101322815,0.098493434,0.096023284,0.093894646,0.092089854,0.090591274,0.0893812,0.088442005,0.087756,0.08730555,0.08707296,0.08704059,0.08719074,0.087505765,0.08796801,0.08855977
0.29913837,0.2997959,0.30034885,0.30078083,0.3010752,0.30121553,0.30118522,0.3009679,0.30054697,0.29990593,0.2990284,0.29789767,0.29649737,0.29481092,0.29282194,0.29051372,0.28786996,0.28514388,0.28258827,0.2801855,0.27791783,0.27576768,0.27371746,0.27174944,0.26984617,0.2679898,0.2661629,0.26434773,0.2625267,0.26068217,0.25879648,0.256852,0.2548311,0.25271624,0.2504897,0.24813393,0.24563122,0.24296397,0.24011451,0.23706527,0.23379861,0.23029685,0.22654244,0.22251773,0.218205,0.21358673,0.20864527,0.20336299,0.19772221,0.1920696,0.18675269,0.18175487,0.1770597,0.17265064,0.16851112,0.1646248,0.16097502,0.15754531,0.15431923,0.1512802,0.14841175,0.14569734,0.1431205,0.1406647,0.13831344,0.1360502,0.1338585,0.13172184,0.12962368,0.12754753,0.12547687,0.12339523,0.12128607,0.119132884,0.11691919,0.114628464,0.11224419,0.10974987,0.10712901,0.10436507,0.1014416,0.09861793,0.09615274,0.0940284,0.09222725,0.090731665,0.08952405,0.088586755,0.08790214,0.08745259,0.08722046,0.08718815,0.087338,0.087652385,0.088113695,0.08870429
0.29900664,0.29966435,0.30021742,0.3006495,0.30094394,0.30108434,0.30105403,0.30083662,0.30041558,0.29977444,0.29889664,0.2977656,0.2963649,0.29467803,0.2926885,0.2903797,0.28773522,0.285008,0.28245056,0.28004524,0.27777448,0.2756208,0.2735665,0.27159426,0.2696863,0.26782516,0.26599333,0.26417315,0.2623471,0.26049766,0.25860727,0.25665843,0.25463346,0.25251484,0.25028506,0.24792653,0.24542175,0.2427531,0.23990305,0.23685409,0.23358856,0.23008896,0.22633773,0.2223174,0.21801029,0.2133989,0.20846568,0.20319304,0.19756353,0.19192299,0.18661821,0.18163261,0.17694971,0.17255302,0.16842602,0.16455215,0.16091494,0.1574979,0.15428448,0.15125819,0.14840251,0.14570093,0.14313693,0.14069404,0.13835569,0.13610545,0.13392669,0.131803,0.12971781,0.12765469,0.125597,0.12352836,0.1214322,0.119292006,0.11709123,0.11481344,0.11244209,0.10996066,0.10735264,0.10460153,0.101690814,0.098879114,0.096424356,0.09430901,0.0925155,0.09102625,0.08982375,0.08889044,0.08820871,0.08776106,0.08752993,0.08749775,0.08764696,0.08796003,0.08841936,0.08900746
0.29881337,0.2994713,0.3000246,0.30045685,0.30075133,0.3008918,0.3008615,0.30064404,0.3002228,0.29958135,0.29870322,0.29757178,0.29617053,0.29448298,0.29249272,0.29018307,0.2875375,0.28480867,0.28224847,0.27983946,0.2775642,0.27540526,0.27334517,0.27136648,0.26945174,0.26758358,0.26574445,0.26391697,0.26208368,0.26022705,0.25832978,0.2563744,0.25434336,0.25221932,0.24998471,0.24762228,0.2451144,0.24244374,0.2395928,0.23654416,0.2332803,0.22978388,0.22603743,0.22202349,0.21772458,0.21312329,0.20820218,0.20294379,0.19733068,0.1917078,0.18642086,0.18145315,0.17678834,0.17240976,0.16830102,0.16444555,0.1608268,0.15742828,0.15423352,0.15122588,0.14838897,0.14570619,0.14316107,0.14073712,0.13841772,0.13618647,0.13402674,0.13192208,0.12985598,0.12781188,0.1257733,0.12372372,0.12164659,0.119525425,0.11734368,0.115084864,0.11273246,0.11026994,0.107680775,0.10494846,0.10205648,0.099262334,0.09682291,0.094720766,0.09293844,0.09145851,0.09026351,0.089336,0.08865855,0.08821369,0.087984,0.087952025,0.0881003,0.088411406,0.088867895,0.089452304
0.29856586,0.29922417,0.29977772,0.30021015,0.30050483,0.30064532,0.300615,0.3003974,0.29997605,0.2993343,0.29845563,0.29732367,0.29592174,0.2942334,0.29224205,0.2899312,0.28728437,0.28455344,0.28198975,0.27957603,0.27729502,0.27512935,0.27306172,0.2710749,0.26915148,0.26727423,0.26542583,0.26358894,0.26174632,0.25988063,0.25797448,0.25601074,0.25397196,0.25184095,0.24960025,0.24723274,0.2447209,0.24204768,0.23919556,0.23614733,0.23288569,0.22939336,0.22565293,0.22164716,0.21735877,0.21277042,0.2078648,0.20262466,0.19703259,0.19143239,0.18616816,0.18122347,0.17658173,0.17222643,0.16814105,0.16430907,0.16071397,0.15733917,0.15416819,0.15118453,0.14837164,0.14571299,0.14319201,0.14079222,0.13849713,0.1362902,0.13415481,0.13207455,0.13003284,0.12801315,0.12599899,0.1239738,0.12192106,0.11982427,0.11766687,0.115432374,0.11310423,0.110665895,0.108100876,0.10539262,0.10252463,0.09975295,0.097333156,0.09524791,0.09347991,0.0920119,0.0908265,0.08990646,0.08923445,0.08879316,0.088565335,0.088533595,0.0886807,0.08898929,0.0894421,0.09002182
