0.16776843,0.16839445,0.16892096,0.16933222,0.1696125,0.16974606,0.1697173,0.16951032,0.16910955,0.16849925,0.16766365,0.16658704,0.16525376,0.16364804,0.1617542,0.1595565,0.15703923,0.15428296,0.15138827,0.14836948,0.14524092,0.1420169,0.13871177,0.1353398,0.1319153,0.12845266,0.12496613,0.12147006,0.117978774,0.11450658,0.111067764,0.1076767,0.10434769,0.10109504,0.09793307,0.0948761,0.09193844,0.089134455,0.08647839,0.083984636,0.08166747,0.07954121,0.07762019,0.07591871,0.07445111,0.073231705,0.07227478,0.0715947,0.071205765,0.0711322,0.071378194,0.07192807,0.07276605,0.07387647,0.07524358,0.07685167,0.07868506,0.08072798,0.08296474,0.08537964,0.08795694,0.09068091,0.09353587,0.09650608,0.09957583,0.1027294,0.105951086,0.10922513,0.112535864,0.11586754,0.11920451,0.12253094,0.12583119,0.12908953,0.13229024,0.13541761,0.13845594,0.14138947,0.14420252,0.14687936,0.14940426,0.1516976,0.15369983,0.15542524,0.1568881,0.1581028,0.1590836,0.15984488,0.16040093,0.16076604,0.16095458,0.16098082,0.16085911,0.16060375,0.16022909,0.15974942
0.16848283,0.1691199,0.16965565,0.17007414,0.17035934,0.17049529,0.17046595,0.1702554,0.16984758,0.1692265,0.16837622,0.16728072,0.16592397,0.16429003,0.16236286,0.16012655,0.15756498,0.1547607,0.15181637,0.14874658,0.14556567,0.14228825,0.13892874,0.13550162,0.13202144,0.1285026,0.12495964,0.12140703,0.11785924,0.11433077,0.11083608,0.10738968,0.10400602,0.10069963,0.09748496,0.09437651,0.091388755,0.08853618,0.08583328,0.0832945,0.080934376,0.07876735,0.07680793,0.0750706,0.07356984,0.07232012,0.07133593,0.07063176,0.07022209,0.07013243,0.070367955,0.07091269,0.07175062,0.07286576,0.07424212,0.0758637,0.07771452,0.07977856,0.08203987,0.08448242,0.08709023,0.089847334,0.0927377,0.09574533,0.09885426,0.10204849,0.105312005,0.10862884,0.11198301,0.11535847,0.1187393,0.12210944,0.12545295,0.1287538,0.13199599,0.13516356,0.1382405,0.14121081,0.14405851,0.14676763,0.14932215,0.15164194,0.15366721,0.15541254,0.15689227,0.15812096,0.1591131,0.15988314,0.16044559,0.16081493,0.16100565,0.16103217,0.16090907,0.16065077,0.1602718,0.15978658
0.16908367,0.16973,0.17027354,0.1706981,0.17098746,0.1711254,0.17109564,0.17088199,0.17046826,0.16983815,0.16897553,0.16786407,0.16648765,0.16482994,0.16287476,0.16060589,0.15800714,0.15516247,0.15217644,0.14906366,0.14583881,0.14251643,0.13911124,0.13563776,0.13211071,0.12854463,0.12495421,0.121354036,0.11775872,0.11418291,0.11064125,0.107148275,0.10371869,0.1003671,0.0971081,0.09395636,0.09092645,0.08803302,0.08529071,0.082714096,0.08031783,0.07811654,0.076124825,0.074357316,0.07282867,0.07155346,0.07054634,0.06982192,0.06939483,0.06929162,0.069518335,0.07005875,0.07089662,0.07201575,0.07339988,0.07503279,0.07689828,0.0789801,0.081262045,0.08372787,0.08636135,0.08914627,0.092066415,0.09510552,0.098247424,0.10147584,0.10477456,0.10812736,0.11151806,0.11493038,0.118348055,0.12175497,0.12513483,0.1284714,0.13174851,0.1349499,0.13805932,0.14106058,0.14393745,0.1466737,0.14925309,0.15159513,0.15363984,0.15540184,0.1568958,0.15813626,0.1591379,0.15991531,0.16048317,0.16085601,0.16104856,0.16107537,0.16095108,0.16069031,0.16030769,0.15981783
0.169553,0.17020653,0.17075615,0.17118548,0.17147808,0.17161757,0.17158745,0.17137145,0.17095307,0.17031592,0.1694436,0.16831975,0.1669279,0.16525166,0.1632746,0.16098037,0.15835251,0.1554763,0.15245764,0.14931138,0.14605212,0.14269467,0.13925375,0.13574411,0.13218042,0.12857749,0.12494996,0.12131265,0.11768022,0.11406743,0.11048904,0.10695974,0.103494264,0.10010737,0.096813746,0.093628176,0.09056535,0.087640025,0.08486691,0.08226074,0.07983625,0.07760819,0.07559126,0.0738002,0.072249755,0.07095466,0.0699296,0.069189355,0.06874864,0.06863487,0.068854704,0.06939176,0.07022958,0.071351804,0.072742,0.07438378,0.07626072,0.07835642,0.08065449,0.08313848,0.08579203,0.088598676,0.09154207,0.094605796,0.097773425,0.10102853,0.10435474,0.107735686,0.11115487,0.11459595,0.118042484,0.121478096,0.124886364,0.12825087,0.13155518,0.13478297,0.1379178,0.14094323,0.14384286,0.1466003,0.14919916,0.15155856,0.15361844,0.15539353,0.15689853,0.15814818,0.15915726,0.15994048,0.1605125,0.16088815,0.1610821,0.16110912,0.16098389,0.16072118,0.16033573,0.15984224
0.16987287,0.17053133,0.1710851,0.17151764,0.17181246,0.17195295,0.17192265,0.171705,0.17128347,0.17064153,0.16976267,0.16863029,0.16722792,0.16553907,0.1635471,0.16123556,0.1585879,0.15569016,0.1526493,0.14948016,0.14619751,0.14281616,0.13935092,0.13581657,0.13222794,0.12859984,0.12494705,0.12128441,0.11762672,0.113988735,0.110385306,0.10683122,0.103341304,0.09993033,0.09661315,0.0934045,0.090319246,0.08737217,0.08457808,0.08195177,0.07950804,0.07726172,0.07522761,0.0734205,0.07185521,0.07054654,0.069509275,0.06875825,0.06830824,0.06818727,0.068402424,0.068937175,0.06977497,0.070899315,0.07229364,0.07394147,0.075826205,0.07793137,0.080240406,0.082736805,0.08540399,0.08822549,0.091184735,0.09426519,0.097450376,0.1007237,0.10406866,0.10746871,0.110907346,0.114368044,0.117834225,0.12128938,0.12471701,0.12810053,0.13142346,0.13466923,0.13782132,0.14086324,0.1437784,0.14655028,0.14916238,0.15153363,0.15360382,0.15538782,0.1569004,0.15815634,0.15917048,0.15995759,0.1605325,0.16091001,0.16110496,0.16113213,0.16100627,0.16074225,0.16035488,0.15985891
0.17002529,0.1706861,0.1712419,0.17167598,0.17197183,0.17211285,0.17208241,0.171864,0.17144097,0.1707967,0.16991471,0.16877832,0.16737095,0.16567607,0.16367698,0.16135721,0.15870008,0.1557921,0.15274067,0.14956065,0.1462668,0.14287406,0.1393972,0.1358511,0.13225059,0.12861052,0.124945685,0.121270984,0.117601216,0.113951206,0.11033589,0.10676998,0.103268385,0.099845946,0.096517526,0.093297906,0.09020195,0.0872445,0.08444039,0.081804484,0.07935162,0.07709659,0.07505428,0.07323954,0.07166716,0.07035201,0.069308914,0.06855278,0.06809834,0.067973934,0.06818684,0.06872051,0.069558285,0.07068364,0.07207995,0.073730625,0.0756191,0.07772877,0.08004304,0.08254534,0.085219055,0.0880476,0.091014415,0.09410286,0.09729637,0.1005784,0.10393229,0.10734148,0.11078939,0.11425941,0.117734954,0.12119945,0.12463629,0.12802888,0.13136066,0.134615,0.13777536,0.14082514,0.14374767,0.14652646,0.14914486,0.15152176,0.15359685,0.15538515,0.15690124,0.15816022,0.15917675,0.15996575,0.16054204,0.16092047,0.16111587,0.16114308,0.16101693,0.16075228,0.16036397,0.15986682
0.16999243,0.17065276,0.17120808,0.17164183,0.17193744,0.17207836,0.17204796,0.1718297,0.17140697,0.17076322,0.16988188,0.16874637,0.1673401,0.1656465,0.16364898,0.16133095,0.15867588,0.15577014,0.15272096,0.14954329,0.14625187,0.14286156,0.13938724,0.13584363,0.13224569,0.1286082,0.124946,0.12127387,0.11760671,0.11395931,0.11034653,0.10678319,0.10328412,0.099864155,0.096538134,0.09332089,0.090227254,0.08727204,0.0844701,0.08183626,0.079385355,0.0771322,0.075091675,0.07327856,0.07170771,0.07039396,0.06935214,0.06859709,0.06814361,0.06801996,0.06823334,0.06876722,0.06960502,0.070730165,0.07212602,0.073776096,0.075663775,0.077772476,0.08008562,0.082586624,0.085258946,0.08808598,0.09105115,0.0941379,0.09732962,0.10060974,0.10396169,0.10736893,0.110814825,0.114282854,0.11775637,0.12121886,0.12465368,0.12804434,0.1313742,0.13462672,0.13778527,0.14083332,0.1437543,0.14653163,0.14914866,0.15152434,0.15359838,0.15538572,0.1569011,0.15815938,0.15917541,0.159964,0.16054,0.16091824,0.16111352,0.1611407,0.16101463,0.1607501,0.160362,0.1598651
0.16975628,0.17041294,0.17096521,0.17139658,0.17169058,0.1718307,0.17180048,0.1715834,0.17116302,0.17052285,0.16964635,0.1685171,0.16711856,0.1654343,0.16344777,0.16114256,0.15850212,0.1556122,0.15257946,0.14941865,0.14614452,0.1427719,0.13931547,0.13579014,0.13221061,0.12859169,0.12494814,0.12129471,0.11764622,0.114017434,0.11042313,0.10687806,0.10339704,0.09999486,0.09668625,0.09348604,0.09040895,0.087469794,0.084683344,0.08206437,0.07962768,0.077388,0.07536015,0.073558904,0.071999006,0.07069528,0.06966248,0.068915375,0.06846876,0.06835041,0.068567276,0.06910285,0.06994067,0.07106425,0.07245705,0.07410268,0.075984575,0.078086294,0.08039133,0.0828832,0.08554542,0.0883615,0.09131497,0.094389334,0.09756811,0.10083479,0.10417292,0.10756602,0.11099758,0.1144511,0.117910154,0.12135817,0.12477872,0.12815532,0.13147146,0.1347107,0.13785651,0.14089237,0.1438019,0.14656854,0.14917581,0.15154272,0.15360917,0.15538992,0.1568997,0.15815338,0.15916565,0.15995133,0.16052523,0.16090204,0.16109662,0.16112372,0.1609981,0.16073458,0.1603479,0.15985282
0.1692989,0.16994855,0.1704949,0.17092162,0.17121246,0.17135109,0.17132117,0.17110646,0.17069058,0.17005727,0.16919017,0.16807304,0.16668952,0.16502334,0.16305815,0.16077764,0.15816554,0.15530637,0.15230538,0.14917725,0.14593661,0.14259818,0.13917659,0.13568653,0.13214268,0.12855971,0.12495227,0.12133506,0.11772272,0.11412995,0.11057145,0.107061826,0.10361577,0.10024799,0.09697312,0.093805835,0.09076085,0.08785278,0.08509635,0.08250618,0.080096975,0.07788341,0.07588013,0.074101835,0.07256319,0.07127884,0.070263505,0.06953182,0.06909847,0.06899044,0.069214,0.06975287,0.07059073,0.07171126,0.07309816,0.074735165,0.07660589,0.07869408,0.080983415,0.08345757,0.08610026,0.08889516,0.09182596,0.094876364,0.09803004,0.10127071,0.10458206,0.107947744,0.111351505,0.11477701,0.11820792,0.121627994,0.12502088,0.12837027,0.13165982,0.13487333,0.1379944,0.14100674,0.14389408,0.14664003,0.14922835,0.15157835,0.15363002,0.15539801,0.15689705,0.15814173,0.15914679,0.15992686,0.16049665,0.16087075,0.16106395,0.16109084,0.16096613,0.16070448,0.16032054,0.15982904
0.16860242,0.1692413,0.16977862,0.17019832,0.17048435,0.17062066,0.17059125,0.17038009,0.1699711,0.16934824,0.16849549,0.1673968,0.16603614,0.16439748,0.16246475,0.16022192,0.15765297,0.15484063,0.15188803,0.14880969,0.14562002,0.14233366,0.13896504,0.13552874,0.13203919,0.128511,0.12495856,0.121396504,0.11783924,0.11430136,0.1107973,0.10734164,0.10394885,0.100633465,0.09740998,0.0942929,0.091296755,0.08843605,0.08572528,0.083179,0.08081168,0.07863784,0.076671995,0.074928656,0.073422335,0.07216754,0.071178794,0.070470594,0.07005746,0.0699651,0.07019888,0.070742734,0.07158067,0.072696604,0.07407451,0.075698346,0.07755207,0.07961967,0.08188507,0.08433225,0.08694519,0.08970782,0.092604086,0.09561802,0.09873348,0.10193451,0.10520506,0.10852905,0.11189046,0.11527328,0.11866143,0.12203891,0.12538962,0.12869759,0.13194674,0.13512103,0.13820444,0.14118093,0.14403443,0.14674895,0.1493084,0.1516326,0.1536618,0.1554104,0.15689297,0.15812401,0.15911803,0.15988955,0.16045305,0.1608231,0.16101417,0.16104078,0.16091743,0.16065867,0.16027895,0.15979283
0.16764885,0.16827305,0.168798,0.16920805,0.16948749,0.16962068,0.16959196,0.16938561,0.16898604,0.1683775,0.16754436,0.16647096,0.16514158,0.16354059,0.16165231,0.1594611,0.15695125,0.15420298,0.15131661,0.14830637,0.14518659,0.1419715,0.13867547,0.13531268,0.13189755,0.12844428,0.12496722,0.12148059,0.117998764,0.114535995,0.111106545,0.10772475,0.10440487,0.1011612,0.09800807,0.09495972,0.09203046,0.08923458,0.08658638,0.084100135,0.08179015,0.07967073,0.07775613,0.07606066,0.0745986,0.073384255,0.07243193,0.071755864,0.07137039,0.07129952,0.071547285,0.072097994,0.07293599,0.07404562,0.075411186,0.07701703,0.07884748,0.080886886,0.08311955,0.085529804,0.088102,0.090820424,0.09366946,0.09663341,0.0996966,0.10284337,0.10605803,0.10932494,0.11262839,0.11595274,0.11928234,0.12260148,0.12589447,0.12914574,0.1323395,0.13546014,0.13849202,0.14141938,0.14422661,0.14689805,0.149418,0.15170693,0.15370528,0.15542735,0.1568874,0.15809974,0.15907869,0.15983847,0.16039343,0.16075785,0.16094603,0.16097224,0.16085076,0.1605959,0.16022195,0.15974322
0.16642024,0.16702555,0.16753456,0.16793218,0.16820313,0.1683323,0.16830443,0.16810438,0.1677169,0.16712683,0.16631895,0.16527809,0.16398908,0.16243665,0.16060564,0.15848084,0.15604712,0.15338145,0.1505804,0.14765795,0.14462812,0.14150488,0.1383023,0.13503434,0.13171503,0.12835836,0.12497835,0.121589005,0.1182043,0.1148383,0.11150497,0.108218335,0.104992405,0.10184117,0.09877865,0.09581884,0.092975765,0.09026343,0.08769581,0.08528697,0.083050855,0.081001505,0.07915293,0.07751913,0.0761141,0.074951865,0.07404644,0.07341181,0.07306199,0.07301878,0.07328456,0.07384409,0.07468219,0.075783685,0.07713338,0.07871605,0.080516495,0.082519576,0.08471005,0.08707274,0.08959243,0.09225393,0.09504208,0.09794165,0.100937456,0.1040143,0.10715697,0.11035033,0.11357912,0.11682821,0.12008231,0.123326294,0.12654498,0.12972312,0.13284555,0.13589704,0.13886248,0.14172661,0.14447421,0.14709012,0.1495592,0.15180267,0.15376133,0.15544917,0.15688021,0.15806848,0.15902795,0.15977268,0.16031659,0.1606738,0.16085824,0.16088389,0.16076483,0.16051503,0.16014853,0.1596793
0.16489871,0.16548054,0.16596986,0.16635208,0.16661255,0.1667367,0.16670994,0.1665176,0.16614515,0.16557792,0.16480136,0.16380084,0.16256168,0.16106942,0.15930936,0.15726686,0.15492742,0.15236403,0.14966866,0.14685494,0.14393649,0.14092703,0.1378402,0.13468963,0.131489,0.12825194,0.124992125,0.12172321,0.11845886,0.1152127,0.1119984,0.108829625,0.105720036,0.10268326,0.09973297,0.09688283,0.09414648,0.091537565,0.089069776,0.08675675,0.084612146,0.0826496,0.08088279,0.07932536,0.07799097,0.076893285,0.076045945,0.0754626,0.07515693,0.07514801,0.075436085,0.07600654,0.07684479,0.07793621,0.07926621,0.080820166,0.08258349,0.08454156,0.08667977,0.08898353,0.09143822,0.09402924,0.09674197,0.09956184,0.10247418,0.105464436,0.108518,0.11162025,0.11475656,0.11791237,0.12107302,0.12422395,0.12735052,0.13043816,0.13347226,0.13643815,0.13932133,0.14210707,0.14478086,0.14732805,0.14973406,0.1519212,0.1538307,0.1554762,0.15687133,0.15802976,0.15896519,0.15969118,0.16022147,0.16056968,0.16074948,0.1607745,0.16065845,0.16041495,0.16005762,0.15960015
0.1630663,0.1636199,0.16408545,0.16444914,0.16469695,0.16481508,0.1647896,0.16460663,0.16425224,0.16371255,0.16297364,0.1620217,0.1608427,0.15942284,0.15774818,0.15580486,0.15357892,0.15113872,0.1485706,0.1458878,0.14310355,0.1402311,0.13728365,0.13427447,0.13121676,0.12812378,0.1250087,0.12188487,0.11876539,0.1156636,0.11259265,0.10956583,0.106596336,0.10369742,0.100882284,0.09816421,0.09555639,0.09307208,0.09072448,0.08852686,0.086492434,0.08463443,0.08296609,0.08150064,0.08025132,0.07923136,0.07845397,0.07793241,0.0776799,0.07771225,0.07802718,0.07861081,0.07944922,0.08052852,0.08183482,0.08335421,0.08507279,0.08697669,0.08905196,0.09128477,0.09366117,0.09616729,0.098789215,0.101513036,0.10432492,0.1072109,0.11015708,0.113149606,0.116174564,0.11921805,0.12226616,0.12530503,0.12832071,0.13129935,0.134227,0.13708983,0.13987386,0.14256528,0.14515015,0.14761457,0.14994465,0.15206398,0.15391429,0.15550874,0.1568606,0.15798315,0.15888956,0.15959305,0.1601069,0.1604443,0.16061853,0.1606428,0.16053031,0.16029434,0.1599481,0.15950485
0.16090506,0.16142537,0.16186291,0.1622047,0.1624376,0.16254863,0.1625247,0.16235271,0.16201966,0.16151243,0.160818,0.1599233,0.15881526,0.1574808,0.15590689,0.15408048,0.15198848,0.14969356,0.1472755,0.14474712,0.14212115,0.13941029,0.13662727,0.13378482,0.13089569,0.1279726,0.1250283,0.122075506,0.119126976,0.116195396,0.11329354,0.110434115,0.107629865,0.10489355,0.102237836,0.09967553,0.097219296,0.094881915,0.09267611,0.0906146,0.08871013,0.08697545,0.085423246,0.08406628,0.08291728,0.08198899,0.081294134,0.080845416,0.08065563,0.08073665,0.08108329,0.08168242,0.08252103,0.08358602,0.08486436,0.086342975,0.0880088,0.08984878,0.09184984,0.093998946,0.096283,0.09868899,0.1012038,0.1038144,0.10650773,0.10927072,0.112090304,0.11495342,0.11784702,0.12075803,0.12367342,0.12658006,0.12946495,0.132315,0.1351172,0.1378584,0.14052562,0.14310572,0.14558572,0.14795251,0.15019304,0.1522324,0.15401284,0.15554713,0.15684798,0.15792814,0.15880032,0.1594773,0.15997173,0.16029643,0.16046408,0.1604874,0.16037917,0.16015212,0.15981892,0.1593924
0.15839708,0.15887874,0.15928379,0.15960015,0.1598158,0.15991858,0.15989637,0.1597372,0.15942886,0.15895933,0.1583165,0.15748824,0.1564625,0.1552272,0.15377021,0.15207945,0.15014283,0.1480165,0.14577265,0.1434235,0.14098114,0.13845779,0.13586555,0.1332166,0.1305231,0.1277972,0.12505104,0.12229677,0.11954654,0.11681253,0.11410687,0.111441724,0.10882924,0.10628156,0.10381086,0.10142931,0.09914901,0.096982144,0.09494087,0.093037315,0.09128366,0.08969204,0.08827461,0.08704354,0.08601097,0.08518906,0.08458994,0.0842258,0.08410877,0.084246315,0.08462969,0.085246846,0.08608568,0.08713407,0.08837998,0.089811265,0.091415875,0.09318167,0.095096625,0.09714858,0.0993255,0.10161528,0.1040058,0.106484994,0.10904077,0.11166103,0.11433368,0.11704664,0.11978782,0.122545116,0.12530644,0.1280597,0.13079278,0.13349369,0.13615023,0.1387503,0.14128193,0.1437329,0.14609118,0.14834467,0.15048128,0.15242784,0.15412724,0.15559168,0.15683335,0.15786433,0.15869682,0.15934296,0.15981491,0.16012482,0.16028485,0.16030714,0.16020383,0.15998708,0.15966909,0.15926196
0.15552442,0.15596178,0.15632962,0.15661691,0.15681273,0.15690605,0.15688592,0.15674137,0.15646137,0.15603498,0.15545122,0.1546991,0.15376763,0.15264586,0.1513228,0.14978744,0.14802882,0.14609556,0.14405125,0.14190733,0.13967535,0.13736677,0.13499309,0.13256578,0.13009635,0.12759627,0.12507705,0.122550175,0.120027125,0.117519386,0.11503848,0.11259585,0.11020301,0.10787146,0.105612665,0.10343812,0.10135934,0.09938777,0.09753494,0.09581231,0.0942314,0.092803665,0.09154062,0.09045374,0.089554526,0.08885446,0.08836503,0.088097736,0.08806405,0.0882663,0.0886918,0.08932958,0.090168655,0.09119805,0.0924068,0.093783885,0.09531835,0.09699922,0.09881551,0.10075623,0.10281042,0.10496708,0.10721525,0.10954393,0.11194214,0.11439893,0.11690329,0.11944424,0.12201081,0.12459204,0.12717693,0.12975448,0.13231374,0.1348437,0.13733345,0.13977192,0.14214818,0.14445125,0.14667012,0.14879386,0.15081143,0.15265165,0.15425825,0.15564272,0.15681656,0.15779123,0.15857826,0.1591891,0.15963528,0.15992826,0.16007954,0.16010061,0.16000295,0.15979806,0.15949741,0.15911251
0.15238094,0.15277064,0.15309836,0.15335433,0.15352881,0.15361194,0.153594,0.1534652,0.15321574,0.15283583,0.1523157,0.15164559,0.15081571,0.14981624,0.14863741,0.14726944,0.14570256,0.14397734,0.14214796,0.1402253,0.13822007,0.13614303,0.13400497,0.13181666,0.12958884,0.12733231,0.12505782,0.12277619,0.12049812,0.11823441,0.115995854,0.11379317,0.111637145,0.109538585,0.10750822,0.105556816,0.10369516,0.10193402,0.1002842,0.09875638,0.0973614,0.09611003,0.095013,0.09408112,0.09332512,0.09275581,0.09238391,0.09222024,0.09227554,0.09254663,0.09301666,0.09367581,0.0945143,0.09552237,0.09669022,0.09800808,0.09946617,0.101054676,0.10276386,0.10458389,0.10650501,0.10851744,0.1106114,0.11277711,0.11500475,0.11728459,0.11960682,0.121961646,0.1243393,0.12673,0.12912396,0.1315114,0.13388254,0.1362276,0.13853677,0.14080027,0.1430084,0.14515124,0.1472191,0.1492022,0.15109073,0.15281563,0.15432154,0.15561926,0.15671949,0.15763311,0.15837084,0.1589434,0.15936159,0.15963624,0.15977803,0.15979776,0.15970625,0.15951416,0.15923238,0.1588716
0.14908312,0.14942414,0.14971098,0.149935,0.15008767,0.15016045,0.15014476,0.15003204,0.14981373,0.14948124,0.14902607,0.14843959,0.14771332,0.1468386,0.14580692,0.14460975,0.1432385,0.14172553,0.14011565,0.13841885,0.13664527,0.13480479,0.13290751,0.13096346,0.12898266,0.12697509,0.124950804,0.12291986,0.12089226,0.118878014,0.11688717,0.114929736,0.11301574,0.111155234,0.10935821,0.107634716,0.10599475,0.10444837,0.1030056,0.101676434,0.10047092,0.09939909,0.09847095,0.097696535,0.0970859,0.096649006,0.096395925,0.09633668,0.09648128,0.09682103,0.0973349,0.09801429,0.0988506,0.09983533,0.1009599,0.10221576,0.103594325,0.10508705,0.10668534,0.10838068,0.110164486,0.1120282,0.11396326,0.1159611,0.118013166,0.120110914,0.12224574,0.12440909,0.12659241,0.12878719,0.1309848,0.13317673,0.13535435,0.13750917,0.1396326,0.14171605,0.14375097,0.14572883,0.14764106,0.14947908,0.15123437,0.15284011,0.15424205,0.1554501,0.15647441,0.1573249,0.15801167,0.1585447,0.15893403,0.15918966,0.15932167,0.15934007,0.15925482,0.15907606,0.15881371,0.15847787
0.14564697,0.14593852,0.14618367,0.14637516,0.14650567,0.14656788,0.14655447,0.1464581,0.14627148,0.1459873,0.14559816,0.14509687,0.14447601,0.1437283,0.1428464,0.14182304,0.14065084,0.13935395,0.13796757,0.13650091,0.13496326,0.13336389,0.13171202,0.13001697,0.1282879,0.12653421,0.124765016,0.1229897,0.12121744,0.11945755,0.11771925,0.116011836,0.11434453,0.11272663,0.111167364,0.109676026,0.108261846,0.10693411,0.10570205,0.10457495,0.10356207,0.102672644,0.10191595,0.10130126,0.10083784,0.10053492,0.10040177,0.100447655,0.10068185,0.10109012,0.1016472,0.10234577,0.10317851,0.104138106,0.105217226,0.10640859,0.10770484,0.10909869,0.11058278,0.11214981,0.11379247,0.11550344,0.11727539,0.119101025,0.120973,0.12288401,0.12482672,0.12679383,0.12877804,0.13077201,0.13276838,0.1347599,0.13673921,0.13869902,0.14063196,0.14253078,0.14438811,0.14619666,0.14794911,0.14963813,0.1512564,0.15273961,0.15403454,0.15515043,0.15609653,0.15688214,0.1575165,0.15800884,0.15836844,0.15860458,0.1587265,0.15874349,0.15866475,0.15849964,0.1582573,0.1579471
0.14208843,0.14232966,0.14253254,0.14269103,0.14279905,0.1428505,0.14283942,0.14275967,0.14260523,0.14237006,0.14204803,0.14163317,0.14111936,0.14050063,0.13977085,0.13892394,0.1379539,0.1368765,0.13571714,0.13448429,0.13318647,0.13183215,0.1304298,0.12898791,0.1275149,0.12601933,0.1245096,0.12299422,0.12148166,0.119980425,0.118498944,0.11704574,0.11562926,0.11425798,0.11294039,0.11168496,0.11050018,0.1093945,0.108376406,0.1074544,0.10663692,0.10593246,0.10534951,0.104896516,0.10458199,0.104414366,0.10440217,0.104553826,0.104877844,0.105354466,0.10595424,0.10667111,0.10749899,0.10843186,0.10946366,0.11058831,0.11179978,0.113092,0.11445892,0.11589446,0.1173926,0.11894727,0.12055239,0.12220196,0.12388983,0.12561005,0.12735648,0.12912314,0.1309039,0.13269272,0.13448359,0.13627042,0.13804714,0.13980775,0.1415461,0.14325619,0.144932,0.14656743,0.1481564,0.1496929,0.15117083,0.15252848,0.15371381,0.15473522,0.15560123,0.15632032,0.15690096,0.15735163,0.15768076,0.15789692,0.15800855,0.15802406,0.15795204,0.1578009,0.15757906,0.15729512
0.13842344,0.13861375,0.13877381,0.13889879,0.13898401,0.13902462,0.13901587,0.13895294,0.13883114,0.13864559,0.13839158,0.1380643,0.13765903,0.13717093,0.13659519,0.13592711,0.13516194,0.1343069,0.13337766,0.13238187,0.1313273,0.13022146,0.1290722,0.12788709,0.12667383,0.1254401,0.12419359,0.122941956,0.12169289,0.120454036,0.119233094,0.11803776,0.11687568,0.11575455,0.114682004,0.11366577,0.1127135,0.111832894,0.111031584,0.11031728,0.10969763,0.10918036,0.108773075,0.10848352,0.10831934,0.1082882,0.1083978,0.108655795,0.109069884,0.10961472,0.110256724,0.110991076,0.111813016,0.11271777,0.11370057,0.11475664,0.11588115,0.11706937,0.11831654,0.119617864,0.1209685,0.12236375,0.123798825,0.12526892,0.1267693,0.12829512,0.12984169,0.13140416,0.13297778,0.1345578,0.13613936,0.13771777,0.1392882,0.14084592,0.1423861,0.14390396,0.14539476,0.14685376,0.14827608,0.14965698,0.15099174,0.15222117,0.15329455,0.15421952,0.15500377,0.15565497,0.15618077,0.15658888,0.15688698,0.15708274,0.1571838,0.15719788,0.15713263,0.15699574,0.15679489,0.1565377
0.13466798,0.13480681,0.13492355,0.13501471,0.13507684,0.13510647,0.13510007,0.13505419,0.13496533,0.13483003,0.13464478,0.13440607,0.13411045,0.13375442,0.13333455,0.13284726,0.13228917,0.13165899,0.13096252,0.13020654,0.12939797,0.12854367,0.12765048,0.12672527,0.12577488,0.12480619,0.12382611,0.12284142,0.12185902,0.12088577,0.11992851,0.11899417,0.118089534,0.11722151,0.11639693,0.115622655,0.1149056,0.114252545,0.11367043,0.113166064,0.11274633,0.1124181,0.112188205,0.11206353,0.11205093,0.112157285,0.112389416,0.1127542,0.11325855,0.11387151,0.11455533,0.115306504,0.11612157,0.11699704,0.11792943,0.11891525,0.119950995,0.12103324,0.122158416,0.12332311,0.12452381,0.12575704,0.12701929,0.1283071,0.12961698,0.13094544,0.13228905,0.13364421,0.13500752,0.13637549,0.13774462,0.1391114,0.1404724,0.1418241,0.14316303,0.14448568,0.14578858,0.14706829,0.14832127,0.14954399,0.1507331,0.15183213,0.15279163,0.1536185,0.15431952,0.15490165,0.15537168,0.15573649,0.15600295,0.15617791,0.15626828,0.15628086,0.15622252,0.15610017,0.15592061,0.15569073
0.13083805,0.13092487,0.13099791,0.13105495,0.13109383,0.13111234,0.13110836,0.13107964,0.13102406,0.13093941,0.13082352,0.13067417,0.13048926,0.1302665,0.13000382,0.12969904,0.12934987,0.12894665,0.12848504,0.12797116,0.12741101,0.1268106,0.126176,0.1255132,0.12482828,0.12412729,0.12341618,0.12270109,0.12198804,0.12128301,0.12059206,0.119921245,0.119276576,0.118664086,0.11808984,0.11755985,0.117080174,0.1166568,0.116295815,0.11600328,0.11578514,0.11564748,0.115596354,0.11563777,0.11577778,0.11602241,0.1163777,0.11684969,0.11744441,0.11812542,0.11885071,0.11961816,0.120425604,0.12127083,0.12215165,0.12306586,0.124011345,0.12498592,0.12598732,0.12701349,0.12806219,0.1291312,0.13021837,0.13132155,0.13243853,0.13356711,0.13470517,0.13585047,0.13700089,0.13815421,0.13930824,0.14046082,0.14160979,0.1427529,0.14388804,0.14501303,0.14612566,0.14722371,0.1483051,0.14936756,0.15040898,0.15137576,0.15221977,0.1529471,0.1535638,0.15407585,0.15448932,0.15481022,0.15504465,0.15519854,0.155278,0.15528908,0.1552378,0.15513013,0.1549722,0.15476999
0.12694956,0.12698407,0.12701306,0.12703574,0.12705117,0.12705855,0.12705694,0.12704553,0.12702349,0.12698984,0.12694378,0.12688446,0.12681095,0.1267225,0.12661813,0.126497,0.12635829,0.12618358,0.12595864,0.12568858,0.12537864,0.12503405,0.124659985,0.12426165,0.12384425,0.12341295,0.12297303,0.12252959,0.12208792,0.12165315,0.12123054,0.120825276,0.12044254,0.12008753,0.11976546,0.11948157,0.11924097,0.119048975,0.11891068,0.11883133,0.11881617,0.11887032,0.11899902,0.11920749,0.1195009,0.11988448,0.12036339,0.12094286,0.121628106,0.122377045,0.12314359,0.1239269,0.12472606,0.12554027,0.12636858,0.12721023,0.12806426,0.12892984,0.12980612,0.13069217,0.13158718,0.1324903,0.13340062,0.13431734,0.13523948,0.13616627,0.1370968,0.13803026,0.13896568,0.1399023,0.14083917,0.14177549,0.14271036,0.14364293,0.14457229,0.14549764,0.1464181,0.14733276,0.14824076,0.14914128,0.15003341,0.15086645,0.15159376,0.15222052,0.15275188,0.15319312,0.15354942,0.15382592,0.15402791,0.15416054,0.15422906,0.15423854,0.15419436,0.1541016,0.15396547,0.15379128
0.12301852,0.123000376,0.12298517,0.1229733,0.12296518,0.12296132,0.122962154,0.12296815,0.12297972,0.12299737,0.12302152,0.12305265,0.123091206,0.12313763,0.123192385,0.12325589,0.1233287,0.12338369,0.12339659,0.1233717,0.12331336,0.12322596,0.12311385,0.12298141,0.12283296,0.122672886,0.12250558,0.12233534,0.12216654,0.12200358,0.121850796,0.12171256,0.12159317,0.121497035,0.12142854,0.121392034,0.12139182,0.12143229,0.12151784,0.1216528,0.12184151,0.12208835,0.12239772,0.1227739,0.1232213,0.123744264,0.124347165,0.12503436,0.1258102,0.12662706,0.12743466,0.12823348,0.12902395,0.12980661,0.1305818,0.13135,0.13211173,0.13286737,0.13361745,0.13436231,0.13510254,0.1358385,0.13657069,0.13729954,0.13802549,0.13874905,0.1394706,0.1401907,0.1409097,0.14162807,0.14234634,0.14306489,0.14378418,0.14450468,0.1452269,0.14595118,0.14667808,0.14740798,0.14814137,0.1488787,0.14962044,0.15031873,0.15092836,0.15145373,0.15189913,0.15226899,0.15256765,0.15279943,0.15296875,0.1530799,0.15313733,0.15314528,0.15310825,0.15303048,0.15291643,0.15277037
0.11906083,0.118989974,0.11893037,0.11888382,0.11885209,0.11883698,0.11884024,0.11886366,0.118909046,0.1189781,0.11907271,0.11919455,0.119345464,0.119527265,0.11974162,0.1199904,0.120275326,0.12056082,0.12081229,0.121033326,0.12122742,0.121398106,0.121548854,0.12168321,0.12180468,0.12191677,0.12202301,0.12212689,0.12223196,0.12234173,0.12245969,0.12258932,0.12273425,0.12289786,0.123083755,0.123295434,0.12353638,0.12381016,0.1241202,0.12447008,0.12486336,0.12530345,0.1257939,0.12633826,0.12694001,0.12760268,0.1283298,0.12912482,0.12999131,0.13087605,0.13172458,0.13253872,0.13332024,0.13407095,0.13479258,0.13548696,0.13615583,0.13680094,0.13742413,0.13802719,0.13861181,0.13917987,0.13973309,0.14027327,0.14080219,0.14132157,0.14183329,0.14233908,0.1428407,0.14333999,0.14383863,0.14433849,0.14484131,0.14534888,0.14586294,0.14638534,0.14691779,0.14746213,0.1480201,0.14859349,0.14918405,0.14974692,0.15023834,0.15066181,0.15102087,0.151319,0.15155971,0.15174657,0.15188304,0.15197267,0.15201892,0.15202537,0.15199548,0.15193282,0.15184085,0.15172313
0.115092546,0.114968844,0.11486481,0.11478357,0.11472817,0.114701755,0.11470746,0.114748366,0.11482755,0.114948116,0.11511324,0.11532596,0.1155894,0.115906656,0.11628086,0.11671507,0.117212474,0.11772867,0.1182191,0.11868643,0.11913327,0.11956235,0.11997632,0.12037782,0.12076956,0.12115419,0.121534385,0.121912755,0.122292064,0.12267494,0.12306399,0.12346195,0.123871475,0.1242952,0.12473585,0.12519604,0.12567846,0.12618576,0.12672064,0.12728573,0.12788375,0.1285173,0.1291891,0.12990178,0.13065803,0.13146052,0.13231188,0.13321485,0.13417202,0.1351246,0.136014,0.13684344,0.13761587,0.13833453,0.13900244,0.13962273,0.14019853,0.14073288,0.14122903,0.14168988,0.14211868,0.14251852,0.14289246,0.14324361,0.14357512,0.14389004,0.14419155,0.14448266,0.14476655,0.14504628,0.14532498,0.14560576,0.14589174,0.14618593,0.14649157,0.14681171,0.1471494,0.14750782,0.14789003,0.14829916,0.14873832,0.14916551,0.14953844,0.14985988,0.15013236,0.15035862,0.15054132,0.15068313,0.15078668,0.15085469,0.15088984,0.15089472,0.15087204,0.1508245,0.1507547,0.15066534
0.11112955,0.11095308,0.11080462,0.110688694,0.110609666,0.110572,0.110580124,0.11063846,0.11075144,0.110923536,0.1111591,0.11146261,0.11183849,0.11229119,0.11282512,0.11344468,0.11415437,0.11490118,0.11563036,0.11634379,0.117043234,0.11773054,0.118407555,0.11907602,0.11973787,0.12039482,0.12104878,0.121701516,0.12235483,0.123010576,0.123670585,0.12433664,0.12501061,0.1256943,0.12638947,0.12709807,0.12782179,0.1285625,0.12932205,0.13010223,0.13090485,0.1317318,0.1325848,0.13346575,0.1343764,0.13531865,0.13629429,0.13730507,0.13835293,0.13937336,0.14030372,0.14114842,0.14191185,0.1425985,0.14321278,0.1437591,0.14424194,0.14466569,0.1450348,0.14535367,0.14562677,0.1458585,0.14605336,0.14621565,0.14634992,0.14646055,0.14655198,0.14662865,0.14669497,0.14675537,0.14681432,0.14687619,0.14694548,0.14702658,0.14712392,0.14724194,0.14738506,0.14755775,0.14776437,0.1480094,0.14829728,0.14858891,0.14884351,0.14906295,0.14924897,0.14940344,0.14952818,0.14962499,0.14969566,0.14974211,0.14976612,0.14976944,0.14975393,0.14972147,0.14967385,0.14961283
0.10718786,0.10695867,0.10676594,0.10661544,0.10651282,0.10646394,0.106474474,0.10655021,0.10669693,0.10692035,0.107226215,0.1076203,0.10810836,0.10869613,0.10938936,0.110193826,0.111115284,0.11209206,0.11305944,0.1140183,0.11496968,0.11591457,0.11685388,0.11778861,0.1187198,0.11964835,0.12057529,0.12150157,0.122428186,0.1233561,0.12428629,0.12521972,0.12615742,0.1271003,0.12804942,0.12900572,0.12997013,0.13094366,0.1319273,0.13292202,0.13392882,0.13494864,0.1359825,0.13703132,0.13809614,0.13917787,0.14027756,0.14139616,0.14253463,0.14362298,0.14459433,0.1454544,0.1462091,0.14686406,0.14742501,0.14789777,0.14828806,0.14860165,0.14884427,0.1490217,0.14913972,0.14920399,0.14922032,0.14919448,0.14913219,0.14903924,0.14892136,0.14878428,0.14863378,0.14847563,0.14831552,0.14815927,0.14801264,0.14788131,0.1477711,0.1476877,0.14763694,0.14762452,0.14765622,0.14773777,0.14787492,0.14803155,0.14816828,0.1482861,0.148386,0.14846896,0.14853592,0.14858791,0.14862591,0.14865084,0.14866373,0.1486655,0.1486572,0.14863974,0.14861417,0.1485814
0.10328339,0.10300181,0.10276499,0.10257998,0.10245394,0.102393866,0.102406815,0.10249987,0.102680154,0.102954686,0.10333054,0.10381478,0.104414515,0.10513677,0.10598863,0.10697717,0.108109444,0.10931524,0.11051965,0.11172286,0.11292498,0.11412618,0.11532657,0.11652629,0.11772554,0.11892438,0.120123,0.121321514,0.12252009,0.123718835,0.12491793,0.1261175,0.12731764,0.12851855,0.12972035,0.13092317,0.1321272,0.13333249,0.13453926,0.13574764,0.13695772,0.13816968,0.13938366,0.1405998,0.14181824,0.14303909,0.14426252,0.1454887,0.14671774,0.14787401,0.14888652,0.14976238,0.1505086,0.15113232,0.15164055,0.1520404,0.15233892,0.15254317,0.15266022,0.15269719,0.15266109,0.152559,0.152398,0.15218517,0.15192759,0.15163223,0.1513063,0.15095678,0.15059079,0.15021536,0.14983755,0.14946447,0.14910321,0.14876075,0.14844422,0.1481607,0.14791721,0.14772086,0.14757873,0.14749786,0.14748532,0.14750785,0.14752746,0.14754444,0.14755876,0.1475707,0.14758033,0.14758782,0.14759327,0.14759682,0.14759867,0.14759897,0.14759777,0.14759524,0.14759158,0.14758687
0.09943216,0.099098474,0.09881783,0.09859862,0.09844922,0.09837802,0.098393366,0.09850367,0.0987173,0.09904262,0.09948803,0.10006188,0.10077256,0.10162846,0.1026379,0.103809364,0.10515114,0.10658443,0.108024366,0.10947033,0.11092151,0.11237729,0.11383698,0.115299895,0.11676533,0.11823258,0.11970097,0.121169865,0.122638516,0.12410623,0.12557237,0.12703617,0.12849702,0.12995417,0.13140698,0.13285473,0.13429676,0.13573237,0.13716081,0.1385815,0.13999368,0.14139666,0.14278981,0.1441724,0.14554372,0.14690314,0.14824988,0.14958334,0.15090281,0.15212707,0.15318102,0.15407297,0.15481135,0.15540451,0.15586084,0.15618874,0.15639657,0.15649267,0.15648547,0.15638332,0.15619461,0.15592769,0.15559098,0.15519282,0.15474163,0.15424573,0.15371352,0.1531534,0.15257376,0.15198293,0.1513893,0.15080129,0.15022719,0.14967544,0.14915442,0.14867249,0.14823805,0.14785947,0.14754507,0.14730328,0.14714248,0.14703222,0.14693595,0.14685297,0.14678262,0.14672421,0.14667705,0.14664045,0.1466137,0.14659613,0.14658707,0.1465858,0.14659166,0.14660397,0.14662196,0.14664504
0.09565014,0.09526474,0.09494064,0.0946875,0.09451498,0.09443274,0.09445048,0.09457785,0.09482456,0.09520025,0.09571461,0.09637731,0.09719804,0.098186456,0.09935224,0.10070507,0.1022546,0.103913516,0.10558698,0.10727353,0.10897159,0.11067976,0.11239642,0.114120126,0.115849346,0.11758261,0.11931837,0.12105512,0.12279139,0.124525666,0.12625638,0.1279821,0.12970129,0.13141245,0.13311404,0.1348046,0.13648258,0.1381465,0.13979489,0.14142615,0.14303885,0.14463143,0.14620245,0.14775035,0.14927363,0.15077078,0.1522403,0.15368073,0.15509047,0.15638281,0.15747847,0.15838706,0.15911828,0.15968183,0.16008736,0.16034448,0.16046302,0.16045254,0.16032273,0.16008326,0.15974385,0.15931414,0.1588038,0.15822253,0.15757997,0.15688582,0.15614973,0.15538141,0.1545905,0.1537867,0.1529797,0.1521791,0.15139465,0.15063602,0.14991283,0.1492348,0.1486116,0.14805289,0.14756835,0.14716765,0.14686048,0.14661913,0.1464084,0.14622682,0.14607283,0.145945,0.1458418,0.14576164,0.14570317,0.14566472,0.14564486,0.1456421,0.1456549,0.14568178,0.14572124,0.14577171
0.09195321,0.0915167,0.091149606,0.09086285,0.09066744,0.090574265,0.09059438,0.09073864,0.0910181,0.09144364,0.09202626,0.09277691,0.09370654,0.09482612,0.096146606,0.09767896,0.09943411,0.10131628,0.10322078,0.10514538,0.107087635,0.109045364,0.11101618,0.11299776,0.11498785,0.116984084,0.11898419,0.12098582,0.1229867,0.12498447,0.12697688,0.12896155,0.13093622,0.13289854,0.13484621,0.13677695,0.1386884,0.1405783,0.14244427,0.14428404,0.14609532,0.14787576,0.14962305,0.15133488,0.15300897,0.15464297,0.15623453,0.15778145,0.1592813,0.16064188,0.16177955,0.16270544,0.16343038,0.16396539,0.1643214,0.16450937,0.16454032,0.16442513,0.1641748,0.16380024,0.16331248,0.16272247,0.16204107,0.16127934,0.16044821,0.15955862,0.15862158,0.15764797,0.15664881,0.15563504,0.15461761,0.15360749,0.15261565,0.15165302,0.15073058,0.14985925,0.14905004,0.14831388,0.14766173,0.14710456,0.14665332,0.14628297,0.14595963,0.14568102,0.14544477,0.1452486,0.14509024,0.14496727,0.1448775,0.14481853,0.14478809,0.14478384,0.1448035,0.14484476,0.14490522,0.1449827
0.0883574,0.087870374,0.087460816,0.087140895,0.08692285,0.086818926,0.086841345,0.08700232,0.0873141,0.087788865,0.08843891,0.08927642,0.090313606,0.09156274,0.09303602,0.09474565,0.09670392,0.09880657,0.100939214,0.10309871,0.105282016,0.10748602,0.10970757,0.11194361,0.11419103,0.11644669,0.118707545,0.12097048,0.12323235,0.12549011,0.12774062,0.1299808,0.13220753,0.13441773,0.13660826,0.13877605,0.14091799,0.143031,0.14511192,0.14715771,0.14916524,0.1511314,0.15305308,0.15492722,0.15675071,0.15852043,0.16023324,0.16188613,0.16347593,0.16490479,0.16608502,0.16702889,0.1677486,0.16825637,0.1685645,0.16868514,0.16863053,0.16841286,0.16804445,0.16753748,0.16690415,0.16615671,0.16530736,0.1643684,0.16335197,0.16227037,0.16113573,0.15996036,0.15875648,0.15753631,0.15631203,0.1550959,0.15390015,0.15273704,0.15161872,0.15055747,0.14956553,0.14865506,0.14783832,0.1471276,0.14653501,0.14603819,0.14560442,0.14523062,0.14491372,0.14465056,0.14443807,0.14427316,0.1441527,0.14407359,0.14403273,0.14402708,0.14405343,0.14410873,0.14418991,0.14429384
0.084878676,0.08434188,0.083890416,0.08353782,0.08329749,0.08318295,0.08320766,0.083385095,0.08372872,0.084252045,0.08496851,0.08589162,0.08703484,0.08841162,0.09003547,0.09191986,0.09407825,0.09639817,0.09875552,0.101146445,0.10356707,0.10601354,0.10848191,0.110968396,0.11346907,0.11598008,0.11849753,0.1210176,0.123536356,0.12604995,0.12855451,0.13104613,0.13352099,0.13597518,0.13840485,0.14080611,0.14317508,0.14550792,0.1478007,0.15004961,0.15225069,0.15440017,0.15649413,0.15852866,0.16049995,0.16240409,0.1642372,0.16599543,0.1676749,0.16917218,0.17039546,0.17135824,0.17207392,0.17255603,0.17281803,0.17287342,0.17273562,0.17241813,0.17193446,0.17129809,0.17052244,0.16962102,0.16860728,0.16749473,0.16629684,0.16502708,0.1636989,0.16232583,0.16092129,0.1594988,0.15807183,0.15665384,0.15525828,0.15389867,0.15258847,0.15134114,0.15017024,0.14908914,0.14811134,0.14725034,0.14651962,0.14589916,0.14535752,0.14489073,0.144495,0.14416638,0.14390104,0.14369509,0.14354463,0.14344588,0.14339486,0.14338776,0.1434207,0.14348978,0.14359112,0.14372091
0.08153297,0.08094723,0.08045463,0.080069855,0.07980761,0.079682626,0.07970958,0.07990321,0.08027817,0.08084921,0.08163101,0.08263829,0.08388574,0.08538807,0.08715999,0.0892162,0.091571406,0.09410491,0.09668312,0.099301405,0.10195515,0.104639746,0.10735053,0.11008291,0.112832226,0.115593895,0.11836326,0.12113571,0.123906605,0.12667136,0.1294253,0.13216384,0.13488233,0.13757618,0.14024071,0.14287134,0.14546342,0.14801233,0.15051346,0.15296215,0.15535386,0.15768386,0.15994762,0.1621404,0.16425766,0.16629475,0.16824709,0.17010997,0.17187884,0.17344475,0.17471166,0.17569429,0.17640734,0.17686547,0.17708343,0.17707594,0.17685768,0.17644332,0.17584766,0.17508529,0.17417099,0.17311946,0.17194541,0.17066348,0.16928843,0.16783498,0.16631778,0.16475159,0.16315106,0.16153093,0.15990593,0.15829071,0.15669999,0.15514849,0.15365094,0.15222195,0.15087633,0.14962871,0.14849387,0.14748643,0.14662115,0.14588043,0.1452337,0.14467643,0.14420392,0.14381158,0.14349477,0.1432489,0.1430693,0.14295137,0.14289048,0.14288199,0.14292127,0.14300376,0.14312479,0.14327973
0.07833628,0.07770253,0.07716953,0.07675323,0.07646948,0.07633424,0.07636343,0.0765729,0.0769786,0.077596456,0.07844236,0.0795322,0.08088189,0.0825074,0.08442457,0.086649336,0.08919763,0.09194062,0.09473535,0.09757649,0.10045866,0.10337653,0.1063247,0.109297894,0.11229068,0.11529777,0.11831376,0.12133331,0.12435111,0.12736177,0.1303599,0.13334021,0.13629733,0.1392259,0.14212057,0.14497596,0.14778678,0.1505476,0.15325311,0.15589799,0.1584768,0.16098428,0.16341501,0.16576369,0.16802487,0.1701933,0.1722636,0.1742304,0.17608836,0.17772304,0.17903423,0.18003783,0.18074971,0.18118589,0.18136212,0.18129446,0.1809987,0.18049084,0.17978673,0.17890228,0.17785348,0.1766562,0.17532627,0.1738797,0.17233236,0.17070016,0.16899903,0.16724485,0.16545357,0.16364105,0.16182324,0.16001604,0.15823537,0.1564971,0.15481716,0.1532115,0.15169597,0.15028651,0.14899905,0.14784947,0.14685366,0.1459963,0.14524776,0.14460273,0.14405581,0.14360172,0.14323503,0.14295043,0.14274256,0.14260603,0.14253555,0.14252575,0.14257126,0.14266671,0.14280678,0.1429861
0.075304545,0.07462382,0.074051306,0.073604114,0.073299356,0.07315409,0.073185414,0.07341044,0.07384622,0.074509874,0.07541847,0.07658913,0.07803891,0.07978492,0.08184423,0.084233955,0.086971164,0.0899191,0.09292558,0.095984556,0.09908993,0.102235705,0.105415784,0.1086241,0.11185467,0.11510135,0.11835816,0.12161897,0.12487778,0.12812851,0.13136512,0.13458152,0.1377717,0.14092956,0.1440491,0.14712419,0.15014887,0.15311699,0.15602253,0.15885945,0.16162167,0.16430315,0.16689786,0.16939968,0.17180258,0.17410053,0.17628747,0.17835732,0.18030402,0.18200772,0.18336391,0.18438968,0.18510215,0.18551843,0.18565553,0.18553062,0.18516074,0.18456303,0.18375452,0.18275231,0.18157353,0.18023522,0.17875451,0.1771485,0.1754342,0.17362879,0.17174932,0.1698129,0.16783659,0.1658375,0.1638327,0.16183929,0.15987438,0.15795504,0.15609835,0.15432142,0.15264133,0.15107515,0.14964005,0.14835301,0.14723119,0.14626126,0.14541446,0.14468472,0.14406599,0.14355227,0.14313745,0.14281552,0.14258033,0.1424259,0.14234619,0.14233507,0.14238656,0.14249451,0.14265297,0.14285588
0.07245375,0.07172715,0.07111608,0.070638776,0.07031347,0.07015842,0.07019187,0.07043205,0.070897184,0.07160555,0.07257534,0.07382487,0.07537231,0.07723593,0.07943396,0.08198467,0.08490627,0.08805417,0.091267146,0.09453845,0.09786136,0.10122914,0.10463503,0.108072385,0.11153438,0.115014344,0.11850552,0.122001186,0.12549457,0.128979,0.13244775,0.13589405,0.13931118,0.14269243,0.14603104,0.1493203,0.15255344,0.1557238,0.15882458,0.16184908,0.16479057,0.16764235,0.17039764,0.17304969,0.17559186,0.17801732,0.1803194,0.18249135,0.18452643,0.18629931,0.18770134,0.18875065,0.18946557,0.18986431,0.18996511,0.1897862,0.18934585,0.18866229,0.18775375,0.18663847,0.18533473,0.18386072,0.1822347,0.18047494,0.17859964,0.17662701,0.17457539,0.17246294,0.17030793,0.16812861,0.1659432,0.16376996,0.16162711,0.1595329,0.15750559,0.15556341,0.15372458,0.15200737,0.15042998,0.14901072,0.14776777,0.1466897,0.14574853,0.1449375,0.14424981,0.14367884,0.14321779,0.14285995,0.14259855,0.14242691,0.14233832,0.14232595,0.14238317,0.14250319,0.14267933,0.14290479
0.06979983,0.06902862,0.068380006,0.06787337,0.067528106,0.06736353,0.067399025,0.06765396,0.06814766,0.068899535,0.06992891,0.07125517,0.07289766,0.07487575,0.077208795,0.07991616,0.083017215,0.08635966,0.089773394,0.09325107,0.096785285,0.10036865,0.10399381,0.1076534,0.11134003,0.11504634,0.11876493,0.12248844,0.12620947,0.12992068,0.13361469,0.1372841,0.14092158,0.14451969,0.14807111,0.15156841,0.15500431,0.15837133,0.16166215,0.1648694,0.16798568,0.17100361,0.17391582,0.17671496,0.17939365,0.18194447,0.1843601,0.18663314,0.1887562,0.19059856,0.19204718,0.19312152,0.1938409,0.19422469,0.19429222,0.1940629,0.19355604,0.19279104,0.19178724,0.19056404,0.18914077,0.18753676,0.18577144,0.18386413,0.18183418,0.17970096,0.17748387,0.17520222,0.1728754,0.17052278,0.1681637,0.16581753,0.16350359,0.16124134,0.15905,0.15694909,0.15495789,0.15309574,0.15138203,0.14983611,0.14847738,0.14729612,0.14626479,0.14537609,0.14462258,0.1439969,0.1434917,0.14309958,0.14281318,0.1426251,0.142528,0.14251447,0.14257717,0.1427087,0.14290167,0.14314876
0.06735879,0.06654426,0.06585924,0.06532417,0.0649595,0.0647857,0.06482317,0.065092415,0.06561386,0.066407934,0.067495115,0.06889582,0.07063055,0.07271968,0.07518373,0.07804309,0.081318244,0.084849365,0.08845771,0.09213528,0.09587408,0.099666096,0.10350341,0.10737797,0.111281835,0.115206994,0.11914547,0.12308927,0.12703039,0.13096088,0.13487273,0.13875794,0.14260855,0.14641657,0.150174,0.15387285,0.15750515,0.16106291,0.16453813,0.16792282,0.17120904,0.17438874,0.17745398,0.1803967,0.183209,0.18588287,0.18841028,0.19078332,0.19299391,0.19490594,0.19640222,0.19750312,0.19822916,0.19860075,0.19863835,0.19836238,0.19779338,0.19695166,0.19585778,0.19453216,0.19299522,0.19126745,0.18936928,0.18732111,0.18514346,0.18285677,0.18048145,0.17803797,0.17554678,0.17302832,0.17050305,0.1679914,0.16551387,0.16309084,0.16074279,0.15849017,0.1563534,0.15435298,0.15250932,0.15084289,0.14937411,0.14809485,0.14697802,0.14601557,0.14519958,0.14452201,0.14397489,0.14355025,0.14324011,0.1430364,0.14293125,0.1429166,0.14298451,0.14312693,0.14333594,0.14360349
0.06514656,0.06429015,0.06356992,0.063007355,0.06262394,0.062441204,0.062480614,0.062763676,0.06331193,0.06414683,0.065289885,0.06676261,0.0685865,0.07078305,0.07337375,0.076380104,0.07982363,0.08353714,0.08733343,0.09120394,0.095140114,0.09913334,0.103175126,0.107256874,0.111370005,0.115505986,0.11965623,0.12381222,0.12796532,0.13210699,0.1362287,0.14032185,0.1443779,0.1483883,0.15234444,0.15623778,0.16005976,0.16380182,0.1674554,0.17101191,0.17446277,0.17779954,0.18101351,0.18409616,0.18703896,0.18983331,0.1924707,0.19494249,0.19724016,0.19922216,0.20076704,0.20189622,0.20263124,0.20299365,0.20300485,0.20268643,0.2020598,0.20114654,0.19996813,0.19854604,0.19690177,0.19505687,0.19303276,0.19085105,0.18853314,0.18610057,0.18357486,0.1809774,0.17832984,0.17565362,0.1729702,0.17030115,0.16766791,0.16509202,0.16259496,0.16019821,0.15792333,0.15579173,0.15382499,0.15204458,0.15047197,0.1491004,0.14790292,0.14687103,0.1459961,0.14526965,0.14468305,0.14422774,0.1438952,0.14367682,0.14356408,0.14354838,0.14362118,0.14377388,0.14399795,0.14428483
0.06317911,0.062282376,0.0615282,0.060939133,0.060537662,0.0603463,0.060387574,0.060683988,0.061258066,0.062132295,0.0633292,0.064871304,0.06678112,0.06908113,0.07179388,0.074941866,0.078547604,0.08243676,0.0864139,0.09046993,0.094595745,0.09878222,0.103020296,0.107300855,0.11161478,0.11595296,0.120306335,0.12466578,0.12902217,0.13336645,0.13768949,0.14198214,0.1462354,0.1504401,0.15458715,0.15866745,0.1626719,0.16659139,0.1704168,0.1741391,0.1777491,0.18123777,0.18459593,0.18781455,0.19088449,0.19379668,0.19654198,0.1991113,0.20149553,0.20354784,0.2051424,0.20630166,0.20704821,0.20740458,0.20739321,0.20703669,0.20635745,0.20537807,0.20412104,0.20260887,0.20086403,0.19890913,0.1967666,0.19445898,0.19200876,0.18943849,0.18677066,0.18402782,0.18123242,0.17840703,0.17557411,0.17275621,0.16997583,0.1672555,0.16461767,0.16208492,0.15967974,0.15742467,0.15534218,0.15345477,0.15178502,0.15032715,0.14905436,0.14795752,0.14702755,0.14625539,0.14563188,0.14514795,0.14479448,0.14456235,0.14444251,0.14442582,0.14450318,0.14466552,0.1449037,0.14520863
0.06147242,0.06053696,0.059750237,0.05913574,0.058716916,0.0585173,0.058560345,0.058869563,0.05946843,0.060380407,0.061628982,0.063237675,0.06522994,0.06762926,0.070459135,0.07374303,0.077504456,0.081562065,0.08571249,0.08994611,0.094253354,0.09862459,0.103050224,0.10752066,0.11202632,0.11655757,0.12110484,0.12565848,0.13020894,0.1347466,0.13926184,0.14374508,0.14818671,0.15257719,0.1569068,0.16116604,0.16534527,0.16943486,0.17342524,0.17730689,0.18107003,0.18470521,0.1882028,0.19155313,0.19474666,0.19777377,0.2006249,0.2032904,0.20576066,0.20788352,0.20952888,0.21072021,0.211481,0.21183471,0.21180484,0.21141492,0.21068834,0.20964864,0.20831929,0.20672382,0.20488568,0.2028283,0.20057526,0.19815,0.19557598,0.19287673,0.19007571,0.18719642,0.18426232,0.18129687,0.17832363,0.17536606,0.17244758,0.1695918,0.1668221,0.16416197,0.1616349,0.15926446,0.15707405,0.15508717,0.15332726,0.15178952,0.150447,0.14929011,0.1483092,0.14749475,0.14683707,0.14632663,0.14595379,0.14570896,0.14558257,0.14556497,0.14564659,0.14581779,0.14606902,0.14639065
0.06004244,0.059070006,0.058252156,0.057613358,0.057177987,0.056970477,0.05701524,0.057336673,0.057959203,0.05890725,0.0602052,0.061877493,0.06394854,0.066442735,0.06938451,0.07279825,0.07670841,0.08092686,0.08524253,0.08964536,0.094125286,0.09867225,0.103276215,0.107927114,0.11261485,0.11732945,0.122060806,0.12679885,0.13153355,0.13625485,0.14095265,0.14561696,0.1502377,0.15480478,0.15930815,0.16373779,0.16808364,0.17233562,0.17648366,0.18051775,0.18442777,0.18820372,0.19183552,0.19531314,0.19862647,0.20176551,0.20472014,0.20748037,0.2100361,0.2122299,0.21392727,0.21515271,0.21593054,0.21628524,0.21624118,0.21582277,0.21505447,0.21396066,0.21256572,0.21089412,0.20897025,0.20681854,0.20446338,0.20192918,0.19924039,0.19642138,0.19349654,0.19049038,0.18742725,0.18433157,0.18122771,0.17814018,0.17509331,0.17211153,0.1692193,0.16644096,0.163801,0.16132376,0.15903367,0.15695521,0.15511271,0.15350197,0.15209568,0.15088384,0.14985639,0.14900325,0.14831436,0.14777966,0.14738914,0.1471327,0.14700025,0.14698184,0.14706731,0.14724664,0.14750981,0.14784671
0.05890515,0.05789755,0.057050128,0.05638822,0.05593711,0.0557221,0.055768482,0.056101535,0.056746572,0.057728894,0.0590738,0.06080656,0.06295248,0.06553686,0.068585016,0.07212221,0.076173745,0.080544986,0.0850174,0.08958053,0.09422391,0.09893708,0.103709586,0.10853091,0.11339064,0.11827827,0.12318333,0.12809539,0.13300395,0.13789858,0.14276874,0.14760403,0.15239397,0.15712808,0.16179591,0.16638696,0.17089076,0.17529686,0.17959486,0.18377417,0.18782438,0.19173503,0.19549567,0.19909579,0.20252495,0.20577262,0.20882845,0.21168187,0.21432246,0.21658751,0.21833828,0.21959992,0.22039786,0.22075732,0.22070362,0.22026205,0.21945785,0.21831645,0.21686305,0.21512292,0.21312147,0.21088389,0.20843549,0.20580164,0.20300755,0.20007855,0.19703995,0.19391702,0.19073506,0.18751936,0.18429527,0.18108802,0.17792292,0.1748253,0.17182043,0.16893359,0.1661901,0.16361523,0.16123429,0.15907261,0.15715547,0.15547888,0.15401517,0.15275384,0.1516844,0.15079643,0.15007938,0.14952286,0.14911634,0.14884943,0.1487116,0.14869238,0.14878139,0.14896807,0.14924194,0.14959261
0.0580765,0.057035647,0.056160282,0.05547655,0.055010565,0.054788455,0.054836366,0.0551804,0.05584672,0.056861445,0.05825071,0.06004062,0.06225733,0.06492697,0.06807565,0.07172952,0.0759147,0.08043021,0.085050434,0.0897645,0.094561614,0.09943094,0.10436163,0.10934286,0.114363804,0.119413644,0.12448155,0.12955663,0.13462812,0.13968517,0.14471696,0.14971264,0.15466139,0.15955235,0.16437475,0.16911769,0.1737704,0.17832202,0.18276171,0.18707865,0.19126204,0.195301,0.1991847,0.20290232,0.20644306,0.20979606,0.2129505,0.21589553,0.21862036,0.22095707,0.22276248,0.22406268,0.22488384,0.2252521,0.22519356,0.22473432,0.22390063,0.22271843,0.22121407,0.21941347,0.21734291,0.21502848,0.21249628,0.20977245,0.20688313,0.20385443,0.20071253,0.19748352,0.19419354,0.19086874,0.18753521,0.18421908,0.18094654,0.17774367,0.17463659,0.17165145,0.16881442,0.16615155,0.16368902,0.16145296,0.15946949,0.15773474,0.15622024,0.15491512,0.15380856,0.15288976,0.15214784,0.15157199,0.15115143,0.1508752,0.15073262,0.15071276,0.15080482,0.15099797,0.15128137,0.15164421
0.057572458,0.05650039,0.055598784,0.054894548,0.054414578,0.054185815,0.05423516,0.054589525,0.055275816,0.056320965,0.057751883,0.059595473,0.06187865,0.06462833,0.067871444,0.071634874,0.075945556,0.0805964,0.08535499,0.09021015,0.09515074,0.100165635,0.105243675,0.11037372,0.115544625,0.120745264,0.12596448,0.13119109,0.136414,0.14162207,0.14680412,0.151949,0.15704563,0.16208282,0.16704941,0.17193429,0.1767263,0.1814143,0.18598716,0.19043368,0.19474278,0.1989033,0.20290408,0.206734,0.21038187,0.2138366,0.21708702,0.22012198,0.22293034,0.2253391,0.22720061,0.22854179,0.22938956,0.22977081,0.22971249,0.22924149,0.2283847,0.2271691,0.22562154,0.22376893,0.22163828,0.21925637,0.2166502,0.21384667,0.21087268,0.20775518,0.20452102,0.20119716,0.1978105,0.19438794,0.19095644,0.18754287,0.18417412,0.1808772,0.17767891,0.17460626,0.1716861,0.16894537,0.16641098,0.16410984,0.16206886,0.16028395,0.15872565,0.15738279,0.15624423,0.15529883,0.15453547,0.15394297,0.1535102,0.15322605,0.15307932,0.15305887,0.1531536,0.15335235,0.15364395,0.15401725
0.057424363,0.056325037,0.05540049,0.054678347,0.05418618,0.053951595,0.054002196,0.054365564,0.055069316,0.056141056,0.05760835,0.05949882,0.06184007,0.06465968,0.06798526,0.07184438,0.07626469,0.08103361,0.085912615,0.0908903,0.095955305,0.10109623,0.106301695,0.11156031,0.11686065,0.12219137,0.12754107,0.13289838,0.13825189,0.1435902,0.14890195,0.15417574,0.15940017,0.16456386,0.16965546,0.17466351,0.17957667,0.18438356,0.18907274,0.19363289,0.19805261,0.20232044,0.20642506,0.21035504,0.21409906,0.2176457,0.22098354,0.2241012,0.2269873,0.22946404,0.23137966,0.2327617,0.23363775,0.23403543,0.2339824,0.23350613,0.23263435,0.23139453,0.22981437,0.2279214,0.2257433,0.22330758,0.22064191,0.21777381,0.21473095,0.21154088,0.20823121,0.20482957,0.20136352,0.1978607,0.19434866,0.19085501,0.18740743,0.18403333,0.1807605,0.17761642,0.17462876,0.17182507,0.169233,0.16688006,0.16479392,0.16296995,0.16137756,0.1600053,0.15884182,0.15787573,0.15709569,0.1564902,0.156048,0.15575756,0.15560767,0.15558675,0.15568359,0.15588666,0.15618464,0.15656614
0.05764095,0.05651998,0.055577245,0.054840885,0.054339025,0.054099817,0.054151416,0.05452194,0.055239547,0.056332383,0.057828568,0.059756257,0.062143598,0.0650187,0.068409756,0.07234488,0.076852195,0.081714675,0.086688764,0.09176296,0.09692565,0.10216536,0.107470475,0.11282951,0.118230864,0.12366301,0.12911442,0.13457347,0.14002873,0.14546861,0.15088148,0.15625592,0.16158026,0.16684307,0.17203274,0.1771377,0.18214644,0.18704742,0.19182906,0.19647983,0.20098819,0.20534253,0.20953141,0.21354322,0.2173664,0.22098942,0.22440079,0.22758886,0.23054214,0.23307866,0.23504302,0.23646325,0.23736762,0.23778415,0.23774107,0.23726648,0.23638855,0.23513532,0.2335351,0.23161589,0.22940591,0.22693327,0.22422612,0.22131261,0.21822083,0.214979,0.21161522,0.20815763,0.20463435,0.2010736,0.19750345,0.19395205,0.19044757,0.18701811,0.18369186,0.18049692,0.17746143,0.17461357,0.17198148,0.16959326,0.1674771,0.16562751,0.16401282,0.1626213,0.16144156,0.16046192,0.15967093,0.159057,0.15860856,0.15831406,0.15816206,0.15814085,0.15823904,0.15844497,0.15874712,0.159134
0.058204297,0.057067033,0.056110587,0.055363517,0.054854367,0.054611683,0.054664023,0.055039942,0.05576798,0.056876697,0.058394644,0.060350362,0.06277241,0.06568933,0.06912969,0.07312201,0.077694885,0.0826276,0.08767272,0.09281859,0.09805363,0.10336616,0.108744584,0.11417727,0.11965258,0.12515888,0.13068458,0.13621804,0.1417476,0.14726166,0.15274863,0.15819679,0.16359459,0.16893041,0.17419256,0.1793694,0.1844494,0.18942091,0.19427224,0.1989918,0.20356794,0.20798907,0.21224354,0.21631974,0.220206,0.2238908,0.22736233,0.23060916,0.23361953,0.23620807,0.238216,0.23967205,0.24060461,0.2410423,0.24101368,0.24054728,0.23967163,0.23841536,0.23680693,0.2348749,0.23264787,0.23015435,0.22742297,0.22448215,0.22136053,0.21808665,0.21468906,0.21119624,0.20763688,0.20403942,0.20043245,0.1968445,0.19330414,0.18983991,0.18648036,0.18325408,0.18018956,0.17731538,0.1746601,0.17225224,0.1701204,0.16825813,0.16663226,0.16523123,0.16404332,0.16305695,0.1622605,0.16164233,0.16119082,0.16089433,0.16074125,0.1607199,0.16081874,0.16102609,0.16133034,0.16171986
0.05909646,0.057947967,0.056982074,0.056227624,0.055713445,0.055468358,0.055521224,0.055900857,0.056636084,0.057755757,0.05928868,0.061263718,0.063709706,0.06665543,0.07012976,0.07416152,0.07877955,0.0837604,0.0888537,0.09404778,0.09933104,0.10469185,0.110118546,0.115599506,0.12112313,0.12667777,0.13225178,0.13783354,0.14341146,0.14897385,0.1545091,0.16000554,0.16545166,0.1708357,0.17614612,0.18137121,0.1864994,0.19151902,0.19641843,0.20118609,0.2058103,0.21027943,0.21458182,0.21870588,0.22264001,0.22637251,0.2298918,0.23318624,0.23624419,0.23887728,0.24092409,0.24241346,0.24337424,0.2438353,0.24382538,0.24337338,0.24250807,0.24125837,0.23965305,0.23772098,0.23549093,0.23299181,0.23025241,0.22730157,0.22416812,0.22088088,0.21746875,0.21396045,0.21038492,0.20677093,0.20314734,0.19954292,0.19598663,0.1925072,0.18913347,0.18589428,0.18281852,0.17993495,0.17727245,0.17485982,0.17272589,0.17086306,0.16923675,0.16783527,0.166647,0.16566035,0.16486363,0.1642453,0.16379362,0.16349703,0.1633439,0.16332261,0.16342147,0.16362888,0.16393319,0.16432281
0.06029951,0.05914459,0.058173265,0.057414584,0.056897514,0.056651063,0.056704216,0.05708598,0.057825334,0.05895128,0.06049281,0.062478915,0.06493862,0.067900866,0.07139468,0.075449064,0.08009298,0.08510109,0.09022098,0.09544106,0.10074979,0.106135584,0.1115869,0.11709219,0.12263988,0.12821838,0.13381617,0.13942166,0.14502332,0.15060951,0.15616876,0.16168946,0.16716005,0.17256899,0.17790467,0.18315558,0.18831016,0.19335681,0.19828399,0.20308009,0.20773363,0.21223299,0.21656664,0.220723,0.22469051,0.22845764,0.23201273,0.23534432,0.2384408,0.24111144,0.24319254,0.24471308,0.24570206,0.24618846,0.24620125,0.24576949,0.24492218,0.24368824,0.24209674,0.24017663,0.23795691,0.23546651,0.23273453,0.22978996,0.22666173,0.22337887,0.21997033,0.21646519,0.2128924,0.20928094,0.2056598,0.20205797,0.19850451,0.19502836,0.19165853,0.18842396,0.18535371,0.18247682,0.17982216,0.17741877,0.17529568,0.1734438,0.171827,0.17043374,0.16925251,0.16827163,0.1674796,0.1668649,0.16641587,0.16612105,0.16596884,0.16594762,0.16604589,0.1662521,0.16655464,0.16694197
0.06179551,0.060638644,0.059665706,0.058905754,0.05838784,0.05814097,0.05819421,0.058576595,0.0593172,0.060445026,0.06198912,0.06397857,0.066442356,0.06940956,0.07290919,0.076970346,0.08162202,0.08663768,0.09176379,0.09698893,0.10230169,0.107690595,0.113144256,0.11865126,0.12420014,0.12977949,0.1353779,0.14098392,0.14658612,0.15217307,0.1577334,0.16325562,0.16872834,0.17414013,0.17947952,0.18473513,0.18989551,0.19494928,0.19988497,0.20469116,0.2093564,0.21386932,0.21821845,0.22239235,0.22637968,0.23016892,0.23374869,0.23710755,0.24023408,0.24293569,0.24504676,0.24659637,0.24761343,0.24812718,0.24816655,0.2477606,0.24693835,0.24572885,0.24416116,0.24226439,0.24006741,0.2375994,0.23488937,0.23196639,0.22885944,0.22559759,0.22220995,0.21872543,0.21517316,0.21158217,0.20798153,0.2044002,0.2008673,0.19741185,0.1940629,0.19084945,0.1878006,0.18494537,0.18231282,0.17993191,0.17783177,0.17600171,0.17440394,0.17302708,0.17185968,0.17089038,0.1701077,0.16950019,0.16905646,0.16876508,0.16861467,0.1685937,0.16869085,0.16889459,0.1691936,0.16957638
0.06356652,0.06241196,0.06144098,0.06068253,0.060165647,0.05991927,0.059972405,0.060354035,0.06109315,0.062218726,0.06375975,0.0657452,0.068204075,0.07116536,0.074658,0.07871104,0.08335343,0.088358164,0.093471415,0.09868197,0.10397858,0.109350055,0.11478516,0.12027262,0.12580127,0.13135985,0.13693714,0.1425219,0.14810295,0.153669,0.1592089,0.16471131,0.17016509,0.17555901,0.18088186,0.18612236,0.1912693,0.19631146,0.20123759,0.20603648,0.21069695,0.21520771,0.21955757,0.22373524,0.22772959,0.23152931,0.23512323,0.23850009,0.24164869,0.24437508,0.24651207,0.24808875,0.249134,0.24967684,0.2497463,0.24937132,0.24858087,0.24740395,0.24586955,0.24400677,0.24184437,0.23941143,0.236737,0.23384996,0.23077941,0.22755423,0.2242035,0.22075613,0.21724112,0.2136875,0.21012418,0.20658013,0.20308451,0.19966613,0.196354,0.19317718,0.19016455,0.18734515,0.18474801,0.18240204,0.1803363,0.17853817,0.1769683,0.17561549,0.17446852,0.17351612,0.1727471,0.17215022,0.17171428,0.17142795,0.17128013,0.17125957,0.17135501,0.17155519,0.17184898,0.17222504
0.0655946,0.064446315,0.06348061,0.06272629,0.06221219,0.061967164,0.062020022,0.062399574,0.06313466,0.06425413,0.06578678,0.06776145,0.07020696,0.07315214,0.076625824,0.08065685,0.08527402,0.09025054,0.09533308,0.10051067,0.10577236,0.11110716,0.11650408,0.12195225,0.12744057,0.13295817,0.13849407,0.14403723,0.14957677,0.15510166,0.16060096,0.16606374,0.17147899,0.17683569,0.18212295,0.1873298,0.19244525,0.19745833,0.20235807,0.20713353,0.2117737,0.21626769,0.22060436,0.22477296,0.2287624,0.23256174,0.23615995,0.23954616,0.24270937,0.2454547,0.2476139,0.24921583,0.2502891,0.25086284,0.2509657,0.25062653,0.2498742,0.24873745,0.24724518,0.24542625,0.24330938,0.24092348,0.23829739,0.23545983,0.23243977,0.2292659,0.22596712,0.22257227,0.21911016,0.2156096,0.21209943,0.2086085,0.20516557,0.20179956,0.19853917,0.1954134,0.19245097,0.18968073,0.18713142,0.18483204,0.18281125,0.18105464,0.17952096,0.17819937,0.17707883,0.1761484,0.17539711,0.17481402,0.17438808,0.17410842,0.17396402,0.17394389,0.17403713,0.17423274,0.17451969,0.17488714
0.06786182,0.06672349,0.06576616,0.065018386,0.06450875,0.06426585,0.06431825,0.064694494,0.06542322,0.06653299,0.06805233,0.07000988,0.072434194,0.07535384,0.07879741,0.082793444,0.0873706,0.09230282,0.09733805,0.1024656,0.10767483,0.112955056,0.11829567,0.12368601,0.12911542,0.13457324,0.14004882,0.14553143,0.15101056,0.15647548,0.16191551,0.16732007,0.17267844,0.17797999,0.18321408,0.18837002,0.19343719,0.19840494,0.20326263,0.20799953,0.21260506,0.21706854,0.22137935,0.22552675,0.22950016,0.23328896,0.23688245,0.24026991,0.24344075,0.24619967,0.24837756,0.25000295,0.2511044,0.25171056,0.2518499,0.25155103,0.2508426,0.24975313,0.24831125,0.24654543,0.24448435,0.2421565,0.23959056,0.23681504,0.2338585,0.23074959,0.22751684,0.22418879,0.22079411,0.2173613,0.21391897,0.21049568,0.20712003,0.20382056,0.20062593,0.19756462,0.19466524,0.19195643,0.18946667,0.18722457,0.18525876,0.18355241,0.1820627,0.180779,0.17969052,0.17878677,0.178057,0.17749059,0.17707689,0.17680521,0.17666498,0.17664541,0.17673597,0.17692597,0.17720473,0.1775616
0.070350245,0.06922528,0.06827919,0.0675402,0.067036554,0.0667965,0.06684827,0.06722012,0.0679403,0.069037005,0.070538536,0.072473094,0.07486893,0.0777543,0.08115744,0.08510658,0.089629956,0.09450304,0.09947557,0.10453728,0.109677844,0.114887014,0.12015446,0.12546992,0.13082312,0.13620377,0.14160153,0.14700617,0.15240738,0.15779483,0.16315833,0.16848752,0.17377211,0.17900185,0.18416645,0.18925555,0.19425896,0.19916634,0.20396736,0.20865187,0.21320945,0.21762985,0.22190282,0.22601803,0.22996512,0.23373398,0.23731416,0.24069548,0.24386759,0.24663514,0.24882846,0.25047573,0.25160527,0.25224525,0.252424,0.25216967,0.25151053,0.2504749,0.24909094,0.24738684,0.24539095,0.24313146,0.24063662,0.2379347,0.23505385,0.23202248,0.22886865,0.22562075,0.22230689,0.2189554,0.21559447,0.21225241,0.20895739,0.2057377,0.20262155,0.1996372,0.19681287,0.19417682,0.19175732,0.18958257,0.18768081,0.186033,0.1845944,0.18335466,0.18230353,0.18143079,0.18072602,0.18017904,0.17977954,0.1795172,0.17938173,0.17936288,0.1794503,0.17963378,0.17990299,0.18024765
0.07304195,0.071933486,0.07100126,0.07027311,0.06977684,0.069540314,0.06959132,0.06995774,0.070667334,0.071747966,0.07322747,0.07513367,0.07749436,0.08033742,0.08369063,0.08758185,0.0920389,0.09683917,0.10173489,0.10671622,0.11177326,0.11689613,0.122074954,0.12729988,0.13256101,0.1378485,0.14315243,0.14846292,0.15377016,0.1590642,0.16433524,0.16957329,0.1747686,0.1799112,0.18499133,0.18999895,0.19492432,0.1997575,0.20448864,0.20910782,0.21360525,0.21797098,0.22219516,0.2262679,0.23017935,0.23391962,0.2374788,0.2408471,0.24401455,0.24678612,0.24899183,0.2506596,0.25181723,0.25249243,0.2527132,0.25250724,0.25190237,0.2509265,0.24960743,0.24797298,0.24605094,0.24386919,0.24145563,0.23883787,0.23604397,0.23310162,0.2300387,0.226883,0.22366236,0.22040464,0.21713763,0.2138892,0.21068712,0.20755924,0.20453341,0.20163746,0.1988992,0.1963464,0.19400698,0.19190872,0.1900795,0.18849769,0.18711674,0.18592672,0.18491775,0.18407995,0.18340345,0.18287838,0.1824949,0.18224303,0.182113,0.18209492,0.18217883,0.18235499,0.1826134,0.18294422
0.07591898,0.07482987,0.07391392,0.07319848,0.07271088,0.07247848,0.07252861,0.072888605,0.07358582,0.07464759,0.07610126,0.077974156,0.080293655,0.08308707,0.08638173,0.09020501,0.09458424,0.09929923,0.104105294,0.10899298,0.11395293,0.11897564,0.12405175,0.12917183,0.13432644,0.13950619,0.14470164,0.14990336,0.15510195,0.16028796,0.16545202,0.17058465,0.17567645,0.18071805,0.18569994,0.19061276,0.19544706,0.20019348,0.20484252,0.20938478,0.21381086,0.21811135,0.2222768,0.22629781,0.23016493,0.23386876,0.23739989,0.24074887,0.24390632,0.24667776,0.24889322,0.25058013,0.25176576,0.25247744,0.25274253,0.2525884,0.2520424,0.25113177,0.249884,0.24832633,0.2464861,0.24439074,0.24206752,0.23954378,0.23684683,0.23400414,0.23104292,0.22799058,0.2248744,0.22172183,0.2185601,0.21541663,0.21231872,0.20929372,0.20636897,0.20357178,0.20092958,0.19846964,0.19621931,0.19420597,0.19245689,0.19094802,0.18963067,0.18849549,0.18753299,0.18673384,0.18608852,0.18558766,0.1852218,0.18498158,0.18485753,0.18484025,0.18492034,0.18508834,0.18533486,0.18565045
0.07896341,0.07789624,0.076998726,0.0762977,0.075819924,0.075592205,0.07564132,0.075994074,0.07667723,0.07771763,0.07914201,0.08097721,0.08324999,0.08598714,0.08921546,0.09296173,0.09725277,0.101871215,0.10657598,0.1113581,0.11620865,0.12111874,0.1260794,0.1310817,0.13611674,0.14117561,0.14624931,0.15132904,0.15640572,0.16147055,0.1665145,0.17152871,0.17650425,0.18143219,0.18630359,0.19110952,0.19584104,0.20048925,0.20504522,0.20950003,0.21384473,0.21807045,0.22216813,0.22612898,0.22994402,0.23360433,0.237101,0.24042504,0.24356762,0.24633513,0.2485579,0.2502627,0.25147632,0.2522256,0.25253725,0.25243813,0.25195497,0.25111467,0.24994385,0.24846947,0.24671824,0.24471691,0.24249236,0.24007142,0.2374807,0.23474711,0.23189738,0.22895847,0.22595695,0.22291979,0.2198736,0.21684529,0.2138617,0.2109495,0.20813555,0.2054466,0.20290951,0.200551,0.19839789,0.196477,0.19481504,0.19338524,0.19213697,0.19106129,0.19014926,0.18939197,0.18878047,0.18830585,0.18795922,0.1877316,0.18761405,0.18759768,0.18767357,0.18783274,0.18806633,0.1883654
0.082157314,0.08111437,0.08023725,0.07955213,0.07908521,0.07886265,0.07891066,0.0792554,0.079923056,0.08093981,0.08233186,0.08412536,0.086346515,0.0890215,0.092176504,0.0958377,0.10003129,0.104543164,0.10913624,0.113802105,0.118532345,0.1233186,0.12815242,0.13302547,0.13792926,0.14285547,0.14779566,0.15274149,0.15768453,0.16261631,0.16752852,0.17241275,0.1772606,0.18206362,0.18681346,0.19150172,0.19612001,0.20065986,0.20511295,0.20947088,0.21372522,0.21786757,0.22188953,0.22578274,0.22953877,0.23314919,0.23660564,0.23989981,0.24302313,0.24578336,0.24801123,0.2497329,0.2509745,0.25176233,0.2521225,0.25208113,0.25166455,0.25089884,0.24981028,0.24842496,0.24676903,0.24486874,0.24275033,0.24043982,0.23796351,0.23534761,0.23261823,0.22980152,0.22692387,0.22401118,0.22108977,0.21818583,0.21532555,0.21253507,0.20984058,0.2072683,0.20484437,0.20259503,0.20054637,0.19872464,0.19715603,0.19581087,0.19463645,0.19362445,0.1927664,0.19205391,0.19147862,0.19103213,0.19070598,0.1904918,0.19038121,0.19036582,0.19043721,0.19058697,0.19080673,0.1910881
0.08548271,0.08446604,0.08361103,0.08294315,0.08248799,0.08227105,0.08231783,0.08265389,0.08330474,0.08429589,0.08565288,0.08740123,0.08956644,0.09217408,0.09524962,0.09881862,0.10290659,0.10730305,0.11177532,0.116315536,0.12091582,0.1255684,0.13026538,0.13499896,0.13976133,0.14454453,0.14934085,0.15414236,0.1589413,0.16372974,0.16849993,0.17324394,0.177954,0.18262228,0.18724087,0.19180197,0.19629775,0.20072035,0.20506194,0.20931467,0.21347074,0.21752223,0.22146139,0.22528034,0.2289712,0.23252629,0.2359375,0.23919722,0.24229753,0.24504752,0.24727851,0.2490161,0.25028574,0.25111297,0.2515233,0.25154233,0.25119543,0.2505083,0.24950641,0.24821517,0.24666025,0.24486712,0.24286124,0.24066819,0.23831359,0.23582278,0.23322138,0.23053493,0.2277889,0.22500888,0.2222203,0.21944875,0.21671975,0.21405879,0.2114914,0.20904319,0.20673959,0.20460613,0.20266834,0.20095176,0.19948189,0.19822623,0.19712996,0.19618526,0.19538428,0.19471923,0.19418219,0.19376539,0.19346093,0.19326098,0.1931578,0.19314343,0.19321007,0.1933499,0.19355498,0.19381766
0.08892175,0.08793306,0.087101616,0.08645214,0.08600953,0.08579856,0.085844055,0.08617085,0.08680376,0.08776761,0.089087196,0.090787366,0.092892915,0.0954287,0.0984195,0.10189017,0.10586549,0.11013891,0.11448247,0.11888889,0.12335091,0.12786135,0.13241288,0.13699825,0.14161023,0.14624158,0.15088496,0.15553321,0.16017905,0.16481522,0.16943446,0.17402951,0.17859313,0.18311803,0.187597,0.19202277,0.19638808,0.20068571,0.20490834,0.20904878,0.2130997,0.21705393,0.22090414,0.22464314,0.22826359,0.23175836,0.23512009,0.23834157,0.24141553,0.24415267,0.2463852,0.24813788,0.24943547,0.2503029,0.25076488,0.25084633,0.25057206,0.2499668,0.24905545,0.24786279,0.24641366,0.24473292,0.24284531,0.24077566,0.23854887,0.23618971,0.23372291,0.23117349,0.2285661,0.2259256,0.22327685,0.22064464,0.2180538,0.21552917,0.21309552,0.2107777,0.2086005,0.20658882,0.2047674,0.20316109,0.20179468,0.2006327,0.19961827,0.19874404,0.19800286,0.19738741,0.19689047,0.19650473,0.19622302,0.19603802,0.19594248,0.19592918,0.19599086,0.19612023,0.19631009,0.19655311
0.0924564,0.091497235,0.09069056,0.09006048,0.089631066,0.08942636,0.08947052,0.089787565,0.090401605,0.0913367,0.092616946,0.0942664,0.096309155,0.09876929,0.10167088,0.10503802,0.10889478,0.11303871,0.11724692,0.121512756,0.12582953,0.13019063,0.13458937,0.13901916,0.14347337,0.14794524,0.15242822,0.15691563,0.16140081,0.16587715,0.17033796,0.17477661,0.17918648,0.18356088,0.18789317,0.1921767,0.19640484,0.20057096,0.20466836,0.20869042,0.2126305,0.21648195,0.22023812,0.22389232,0.22743799,0.23086841,0.23417695,0.23735696,0.24040182,0.24312405,0.24535665,0.24712372,0.24844931,0.24935754,0.24987245,0.25001815,0.24981867,0.2492982,0.24848068,0.24739026,0.24605107,0.24448708,0.2427225,0.24078126,0.23868757,0.23646541,0.23413894,0.23173219,0.22926925,0.22677419,0.22427112,0.22178409,0.21933725,0.21695453,0.21466018,0.21247818,0.21043262,0.20854759,0.2068472,0.20535547,0.20409653,0.20303176,0.2021022,0.20130114,0.20062198,0.20005803,0.19960265,0.19924921,0.19899106,0.19882156,0.19873405,0.19872184,0.19877833,0.19889688,0.19907084,0.19929354
0.09606879,0.09514031,0.09435944,0.093749516,0.09333385,0.09313572,0.09317845,0.09348534,0.09407973,0.094984904,0.096224174,0.09782086,0.099798284,0.10217971,0.10498847,0.1082479,0.11198127,0.115990505,0.12005795,0.124177635,0.12834345,0.13254942,0.13678953,0.14105774,0.14534804,0.14965439,0.15397078,0.15829119,0.16260958,0.16691996,0.17121628,0.17549253,0.17974268,0.18396069,0.18814057,0.19227627,0.19636178,0.20039113,0.20435816,0.20825702,0.21208155,0.2158258,0.2194837,0.22304927,0.22651649,0.22987929,0.23313169,0.23626766,0.23928113,0.24198665,0.24421816,0.24599911,0.24735267,0.24830215,0.24887103,0.24908243,0.2489597,0.24852625,0.2478053,0.24682015,0.24559417,0.24415062,0.24251284,0.24070412,0.23874772,0.23666705,0.23448542,0.23222598,0.2299123,0.22756742,0.2252148,0.22287771,0.2205795,0.2183434,0.21619284,0.21415104,0.21224128,0.21048695,0.2089113,0.2075377,0.2063894,0.20542476,0.20458259,0.20385686,0.20324154,0.20273061,0.20231807,0.20199788,0.201764,0.20161042,0.2015311,0.20152009,0.20157126,0.20167868,0.20183626,0.20203803
0.09974096,0.09884407,0.09808981,0.097500645,0.0970991,0.09690772,0.09694901,0.09724548,0.09781962,0.09869399,0.09989107,0.1014334,0.10334349,0.10564387,0.10835701,0.11150547,0.11511176,0.11898227,0.12290482,0.12687404,0.13088453,0.13493092,0.13900782,0.14310983,0.1472316,0.1513677,0.1555128,0.15966147,0.16380836,0.16794808,0.17207521,0.17618437,0.18027028,0.18432741,0.18835045,0.19233407,0.19627275,0.20016122,0.20399404,0.20776586,0.21147127,0.21510491,0.21866134,0.22213528,0.22552125,0.22881389,0.23200786,0.23509769,0.23807809,0.24076554,0.24299517,0.24478947,0.24617104,0.24716228,0.24778579,0.24806403,0.24801956,0.24767487,0.2470525,0.24617495,0.24506474,0.24374437,0.24223638,0.24056323,0.23874754,0.23681173,0.23477837,0.23266996,0.23050898,0.228318,0.22611953,0.22393607,0.22179012,0.21970426,0.21770088,0.21580258,0.21403192,0.21241136,0.21096341,0.20971058,0.20867538,0.20781308,0.20706028,0.20641151,0.20586148,0.20540474,0.20503597,0.20474972,0.20454063,0.20440336,0.20433244,0.20432259,0.20436835,0.2044644,0.20460525,0.2047856
0.10345501,0.102590375,0.10186321,0.10129523,0.10090814,0.10072363,0.10076343,0.10104924,0.10160273,0.102445655,0.1035997,0.105086565,0.10692798,0.10914561,0.1117612,0.11479643,0.118273035,0.122002,0.12577675,0.12959255,0.13344467,0.13732833,0.14123881,0.14517142,0.14912139,0.15308397,0.15705442,0.16102806,0.16500011,0.16896588,0.17292057,0.17685945,0.18077785,0.184671,0.18853416,0.19236255,0.19615151,0.19989626,0.20359209,0.20723426,0.21081802,0.21433866,0.21779144,0.22117157,0.22447439,0.22769512,0.23082902,0.23387136,0.23681745,0.23948589,0.24171303,0.24352042,0.24492991,0.24596317,0.24664192,0.2469878,0.24702254,0.2467679,0.24624555,0.2454772,0.24448453,0.24328928,0.24191315,0.2403779,0.23870508,0.23691653,0.2350339,0.23307897,0.23107333,0.22903882,0.22699702,0.22496971,0.22297858,0.22104537,0.21919167,0.2174393,0.21580996,0.21432528,0.21300702,0.21187688,0.21095662,0.21019816,0.209536,0.20896542,0.20848164,0.20807992,0.20775555,0.20750384,0.20731995,0.20719917,0.20713684,0.20712815,0.20716836,0.20725283,0.20737673,0.20753536
0.10719292,0.10636091,0.105661206,0.10511465,0.10474217,0.10456462,0.104602925,0.10487794,0.10541054,0.10622167,0.107332185,0.10876297,0.11053488,0.112668864,0.11518577,0.11810648,0.12145192,0.12503774,0.12866305,0.1323237,0.13601564,0.13973482,0.14347708,0.14723843,0.1510147,0.15480188,0.15859586,0.16239254,0.16618788,0.1699778,0.17375815,0.17752492,0.181274,0.18500134,0.1887028,0.19237432,0.19601186,0.1996113,0.20316856,0.20667958,0.21014027,0.2135465,0.21689428,0.22017948,0.22339801,0.22654577,0.22961877,0.2326128,0.23552386,0.2381728,0.24039699,0.24221733,0.2436548,0.24473023,0.24546447,0.24587844,0.24599303,0.24582915,0.24540763,0.24474938,0.24387534,0.24280633,0.24156328,0.240167,0.23863848,0.23699853,0.23526806,0.23346806,0.23161922,0.22974257,0.22785895,0.22598925,0.22415432,0.2223752,0.22067262,0.21906751,0.21758075,0.21623321,0.21504588,0.21403949,0.21323505,0.2125814,0.2120107,0.2115189,0.21110195,0.21075574,0.21047617,0.21025918,0.2101007,0.20999664,0.20994288,0.20993544,0.20997007,0.21004291,0.21014968,0.2102864
0.110936835,0.11013755,0.10946533,0.10894028,0.108582444,0.10841188,0.108448654,0.108712874,0.10922456,0.11000377,0.11107062,0.11244514,0.114147395,0.116197474,0.118615426,0.12142132,0.1246352,0.12807749,0.13155289,0.13505799,0.13858934,0.14214356,0.14571714,0.14930676,0.15290892,0.15652022,0.1601372,0.1637565,0.16737467,0.17098822,0.1745938,0.17818798,0.18176731,0.18532832,0.1888677,0.19238193,0.19586761,0.1993213,0.20273961,0.20611915,0.20945634,0.2127479,0.21599036,0.2191803,0.22231427,0.22538884,0.22840063,0.23134618,0.23422205,0.23685132,0.23907256,0.24090579,0.24237119,0.24348877,0.24427864,0.24476086,0.2449554,0.24488243,0.24456194,0.24401408,0.24325885,0.24231635,0.24120666,0.23994976,0.2385658,0.23707482,0.23549688,0.23385204,0.23216043,0.23044208,0.22871695,0.22700529,0.22532703,0.22370227,0.2221511,0.22069359,0.21934974,0.21813968,0.21708351,0.21620117,0.21551281,0.2149641,0.2144851,0.21407227,0.21372227,0.21343166,0.21319702,0.21301483,0.21288185,0.21279448,0.21274938,0.21274307,0.21277224,0.2128333,0.21292295,0.2130377
0.11466879,0.113902025,0.11325719,0.1127535,0.11241021,0.1122466,0.11228188,0.11253534,0.113026194,0.11377371,0.11479712,0.116115704,0.11774871,0.11971535,0.12203486,0.12472659,0.12780967,0.13110922,0.13443558,0.13778599,0.14115761,0.14454775,0.1479536,0.15137239,0.15480137,0.15823773,0.16167869,0.16512153,0.1685634,0.17200159,0.17543334,0.17885584,0.18226631,0.185662,0.18904012,0.19239788,0.19573258,0.19904137,0.20232151,0.20557022,0.20878471,0.21196222,0.2151,0.21819529,0.22124526,0.22424716,0.22719823,0.23009564,0.23293673,0.23554656,0.23776501,0.23961128,0.24110463,0.24226433,0.24310961,0.24365981,0.24393404,0.24395159,0.24373181,0.24329382,0.2426569,0.24184036,0.24086341,0.23974527,0.23850526,0.2371625,0.23573636,0.23424613,0.23271093,0.23115008,0.22958282,0.22802839,0.226506,0.22503495,0.2236345,0.22232386,0.22112232,0.22004913,0.21912351,0.21836466,0.21779196,0.21734782,0.21696006,0.2166259,0.21634258,0.21610728,0.21591733,0.21576993,0.21566221,0.21559152,0.21555501,0.21554992,0.21557347,0.21562293,0.21569552,0.21578836
0.11837087,0.11763617,0.117018275,0.11653565,0.116206735,0.11604996,0.11608377,0.11632661,0.11679697,0.11751322,0.11849382,0.119757265,0.12132195,0.12320633,0.12542889,0.12800802,0.13096216,0.13412099,0.13730037,0.14049818,0.14371231,0.14694062,0.15018098,0.15343128,0.15668936,0.15995312,0.16322045,0.16648915,0.16975717,0.17302236,0.1762826,0.17953572,0.1827796,0.18601218,0.18923125,0.19243474,0.1956205,0.19878644,0.20193034,0.20505014,0.20814374,0.21120897,0.21424367,0.21724577,0.22021315,0.22314362,0.2260351,0.22888544,0.23169252,0.23428364,0.23649976,0.23835917,0.23988049,0.24108212,0.24198255,0.24260007,0.24295327,0.24306053,0.24294032,0.24261104,0.24209121,0.24139924,0.24055353,0.2395726,0.23847486,0.2372787,0.23600265,0.23466514,0.23328452,0.23187937,0.23046808,0.22906905,0.22770074,0.22638167,0.22513025,0.22396484,0.222904,0.22196606,0.22116956,0.22053291,0.22007453,0.2197338,0.21943636,0.21917996,0.21896265,0.21878217,0.21863647,0.21852335,0.21844074,0.2183865,0.2183585,0.21835458,0.21837267,0.2184106,0.21846628,0.21853755
0.1220251,0.121321745,0.12073022,0.120268166,0.11995326,0.119803175,0.119835526,0.12006804,0.12051833,0.121204,0.122142844,0.12335238,0.12485033,0.12665439,0.12878214,0.13125128,0.13407944,0.13710074,0.14013648,0.14318515,0.14624526,0.1493153,0.15239383,0.1554793,0.15857026,0.16166517,0.1647626,0.16786103,0.17095894,0.17405486,0.17714731,0.18023479,0.18331578,0.18638884,0.18945242,0.19250506,0.19554529,0.19857152,0.20158237,0.20457631,0.20755184,0.21050748,0.21344171,0.21635306,0.21924001,0.2221011,0.22493482,0.22773969,0.23051423,0.23308763,0.23530208,0.23717509,0.23872437,0.23996761,0.24092244,0.24160646,0.24203746,0.24223298,0.24221076,0.24198838,0.24158351,0.24101394,0.24029711,0.23945087,0.23849271,0.23744048,0.23631169,0.23512407,0.23389518,0.23264277,0.23138446,0.23013797,0.22892089,0.22775091,0.22664563,0.2256228,0.2247,0.22389491,0.22322524,0.2227086,0.2223626,0.22212352,0.22191487,0.22173496,0.22158246,0.22145589,0.2213536,0.22127424,0.22121632,0.2211782,0.22115856,0.22115582,0.2211685,0.22119518,0.22123422,0.22128418
0.12561357,0.124940515,0.124374494,0.12393238,0.123631045,0.12348742,0.123518415,0.12374087,0.124171704,0.1248279,0.12572624,0.12688364,0.12831704,0.13004331,0.13207935,0.13444209,0.13714835,0.14003655,0.14293317,0.1458374,0.14874831,0.15166502,0.15458667,0.15751243,0.16044135,0.16337264,0.16630536,0.1692387,0.1721717,0.17510357,0.17803337,0.18096028,0.18388341,0.18680188,0.18971482,0.19262135,0.1955206,0.19841173,0.20129383,0.204166,0.2070274,0.20987724,0.21271451,0.21553838,0.21834801,0.22114252,0.22392099,0.22668256,0.22942643,0.2319837,0.23419741,0.23608446,0.2376617,0.23894612,0.23995447,0.24070387,0.241211,0.24149282,0.24156632,0.24144833,0.2411557,0.24070534,0.2401142,0.23939912,0.23857708,0.23766492,0.23667952,0.23563781,0.23455667,0.23345304,0.23234375,0.23124568,0.23017582,0.22915101,0.22818816,0.22730413,0.22651592,0.22584026,0.22529419,0.22489451,0.22465822,0.2245184,0.22439632,0.22429109,0.22420189,0.22412784,0.224068,0.22402161,0.2239877,0.22396544,0.22395393,0.22395237,0.22395976,0.22397535,0.2239982,0.2240274
0.12911837,0.12847434,0.12793273,0.12750964,0.12722132,0.12708391,0.12711354,0.12732641,0.12773871,0.12836657,0.12922613,0.13033363,0.13170521,0.13335703,0.13530527,0.13756609,0.14015564,0.14291635,0.14567973,0.14844547,0.15121332,0.15398294,0.15675414,0.1595266,0.16230007,0.16507424,0.16784891,0.17062375,0.17339848,0.17617287,0.1789466,0.1817194,0.18449107,0.18726125,0.19002974,0.1927962,0.19556038,0.19832204,0.20108083,0.20383655,0.20658892,0.20933765,0.21208245,0.21482308,0.21755925,0.22029068,0.22301714,0.22573829,0.2284539,0.2309969,0.23321114,0.23511277,0.23671798,0.23804303,0.23910394,0.23991698,0.24049824,0.24086396,0.24103025,0.2410133,0.2408293,0.2404944,0.24002476,0.23943658,0.23874602,0.23796913,0.23712228,0.23622146,0.23528296,0.23432292,0.23335747,0.2324028,0.23147507,0.23059049,0.22976512,0.22901525,0.22835697,0.22780651,0.22737998,0.22709359,0.22696349,0.22691981,0.22688162,0.22684874,0.22682081,0.22679767,0.22677898,0.22676452,0.22675392,0.22674693,0.22674337,0.22674285,0.22674513,0.22675,0.22675718,0.2267663
0.13252147,0.13190496,0.13138638,0.1309814,0.13070537,0.13057378,0.13060215,0.13080597,0.13120064,0.13180174,0.1326247,0.13368496,0.13499802,0.13657944,0.13844459,0.140609,0.14308815,0.14572822,0.14836536,0.1509999,0.15363209,0.15626226,0.15889072,0.16151775,0.16414365,0.16676876,0.16939338,0.17201774,0.17464226,0.17726716,0.17989275,0.18251939,0.18514733,0.1877769,0.19040836,0.19304208,0.19567834,0.19831741,0.20095961,0.2036053,0.20625472,0.20890816,0.21156597,0.21422842,0.21689585,0.21956857,0.22224684,0.224931,0.2276213,0.23015226,0.23236851,0.23428556,0.23591876,0.2372837,0.23839585,0.23927061,0.23992354,0.24037012,0.24062571,0.24070597,0.24062625,0.24040206,0.24004889,0.23958223,0.23901747,0.23837021,0.23765592,0.23688993,0.2360879,0.23526524,0.23443738,0.23361984,0.23282811,0.23207767,0.23138398,0.2307625,0.23022875,0.22979821,0.22948632,0.22930855,0.22928043,0.22932908,0.22937156,0.22940819,0.22943921,0.22946496,0.2294858,0.2295019,0.22951372,0.22952151,0.22952549,0.22952601,0.22952347,0.229518,0.2295101,0.2294999
0.13580509,0.13521414,0.13471718,0.13432895,0.1340644,0.13393831,0.13396548,0.13416083,0.13453911,0.13511524,0.13590395,0.1369202,0.1381787,0.13969438,0.14148204,0.14355652,0.14593266,0.14846013,0.15097935,0.15349123,0.15599655,0.15849619,0.16099097,0.16348179,0.16596948,0.16845492,0.1709389,0.17342234,0.17590605,0.17839089,0.1808777,0.18336739,0.18586077,0.18835871,0.19086203,0.1933716,0.19588831,0.19841294,0.20094639,0.20348953,0.20604315,0.20860815,0.2111854,0.21377572,0.21637997,0.21899901,0.22163367,0.22428483,0.22695331,0.229475,0.23169501,0.23362826,0.23528947,0.23669359,0.23785535,0.23878962,0.23951133,0.24003518,0.24037603,0.24054879,0.24056824,0.24044923,0.24020661,0.2398552,0.2394098,0.23888528,0.23829651,0.23765825,0.2369854,0.23629273,0.23559517,0.23490748,0.23424451,0.23362108,0.23305209,0.23255228,0.23213658,0.23181976,0.23161666,0.23154217,0.23161107,0.23174769,0.23186693,0.23196971,0.23205686,0.23212925,0.23218761,0.23223297,0.2322661,0.23228785,0.23229906,0.23230061,0.23229337,0.23227818,0.23225583,0.23222728
0.13895112,0.13838369,0.13790648,0.13753372,0.13727966,0.13715857,0.13718471,0.13737227,0.13773553,0.1382887,0.1390461,0.14002192,0.14123039,0.14268577,0.14440235,0.14639433,0.14867598,0.1511001,0.153511,0.15590999,0.1582985,0.16067788,0.1630495,0.1654147,0.16777486,0.17013143,0.17248566,0.174839,0.1771928,0.17954843,0.18190724,0.18427064,0.18663996,0.18901661,0.19140191,0.19379728,0.19620402,0.19862358,0.20105733,0.20350657,0.2059727,0.20845713,0.21096118,0.21348627,0.21603371,0.21860488,0.22120121,0.22382401,0.22647467,0.22899015,0.23121598,0.23316638,0.23485562,0.23629795,0.23750758,0.23849882,0.23928583,0.23988296,0.24030437,0.2405643,0.24067707,0.24065684,0.24051793,0.24027458,0.23994096,0.23953137,0.23906009,0.23854128,0.23798925,0.23741823,0.2368425,0.2362762,0.23573366,0.2352291,0.23477681,0.23439097,0.23408587,0.2338757,0.23377481,0.23379731,0.23395757,0.23417701,0.23436864,0.23453373,0.23467371,0.23478992,0.23488382,0.23495664,0.23500985,0.2350448,0.23506282,0.23506534,0.2350537,0.23502925,0.23499337,0.2349475
0.14194176,0.14139542,0.14093594,0.14057705,0.14033246,0.1402159,0.14024104,0.14042161,0.14077137,0.14130397,0.1420332,0.14297272,0.14413625,0.1455375,0.14719024,0.14910813,0.1513049,0.15363613,0.15594943,0.1582467,0.16052978,0.16280054,0.16506077,0.16731237,0.1695572,0.17179708,0.17403387,0.17626943,0.1785056,0.18074425,0.18298721,0.18523632,0.18749349,0.18976052,0.1920393,0.1943316,0.1966394,0.19896445,0.20130862,0.20367377,0.2060618,0.20847449,0.2109137,0.21338132,0.2158792,0.21840914,0.22097303,0.22357272,0.22621006,0.22872283,0.2309567,0.23292542,0.23464267,0.2361222,0.23737772,0.23842292,0.23927157,0.23993728,0.2404339,0.240775,0.24097444,0.24104582,0.24100295,0.24085946,0.24062909,0.24032561,0.23996271,0.23955405,0.2391134,0.2386545,0.23819098,0.23773661,0.23730512,0.2369102,0.23656555,0.23628494,0.23608202,0.23597056,0.23596422,0.23607677,0.23632191,0.23661846,0.23687734,0.23710047,0.23728964,0.23744671,0.23757355,0.23767197,0.23774391,0.23779106,0.23781547,0.23781888,0.23780313,0.23777011,0.23772165,0.23765965
0.144759,0.1442311,0.14378713,0.14344034,0.143204,0.14309137,0.14311564,0.14329015,0.14362809,0.14414275,0.14484735,0.14575516,0.14687945,0.14823344,0.1498304,0.15168358,0.15380624,0.15605621,0.15828401,0.16049193,0.16268228,0.16485734,0.16701941,0.16917077,0.17131373,0.17345059,0.17558363,0.17771514,0.17984739,0.18198271,0.18412338,0.18627168,0.18842995,0.19060043,0.19278541,0.19498724,0.19720815,0.19945046,0.20171648,0.20400847,0.20632875,0.2086796,0.21106331,0.21348219,0.21593851,0.21843456,0.22097267,0.2235551,0.22618414,0.22869812,0.23094262,0.23293088,0.23467618,0.2361918,0.23749089,0.23858683,0.23949279,0.24022205,0.24078786,0.24120347,0.24148214,0.24163714,0.24168167,0.24162899,0.24149239,0.24128515,0.24102041,0.24071154,0.24037175,0.24001428,0.2396524,0.23929934,0.23896837,0.23867275,0.23842573,0.23824054,0.23813047,0.23810872,0.2381886,0.23838334,0.23870617,0.23907341,0.23939404,0.23967032,0.23990457,0.24009907,0.24025613,0.24037804,0.24046709,0.24052556,0.24055576,0.24055995,0.24054047,0.24049959,0.24043956,0.24036275
0.14731598,0.14680403,0.14637345,0.14603718,0.14580798,0.14569871,0.14572228,0.14589149,0.14621921,0.1467183,0.14740162,0.148282,0.14937231,0.15068537,0.15223406,0.15403122,0.15608968,0.15826924,0.1604228,0.1625531,0.1646628,0.16675457,0.16883112,0.17089513,0.17294931,0.17499632,0.1770388,0.17907953,0.18112119,0.18316637,0.18521786,0.18727829,0.18935035,0.19143677,0.1935402,0.1956633,0.19780883,0.19997942,0.20217776,0.20440659,0.20666857,0.20896631,0.21130261,0.21368009,0.21610147,0.21856944,0.22108664,0.22365579,0.22627959,0.22879662,0.23105234,0.23305963,0.23483123,0.23638007,0.23771904,0.2388609,0.23981859,0.24060486,0.24123266,0.24171478,0.24206412,0.24229348,0.24241576,0.24244379,0.24239038,0.24226846,0.24209084,0.24187039,0.24161996,0.24135238,0.24108051,0.24081722,0.24057537,0.24036774,0.24020725,0.24010676,0.2400791,0.2401371,0.24029365,0.24056159,0.24095374,0.2413841,0.24175982,0.24208361,0.2423581,0.24258603,0.24277012,0.24291293,0.2430173,0.2430858,0.24312119,0.2431261,0.24310333,0.24305536,0.24298507,0.24289507
0.14954828,0.14905028,0.14863145,0.14830431,0.14808135,0.14797509,0.147998,0.14816263,0.14848143,0.14896691,0.14963166,0.15048803,0.15154865,0.152826,0.15433253,0.1560808,0.15808326,0.16020134,0.16229013,0.16435261,0.1663919,0.16841094,0.17041285,0.17240058,0.17437725,0.1763458,0.17830932,0.18027075,0.18223323,0.18419978,0.18617336,0.18815708,0.19015391,0.19216694,0.19419914,0.19625355,0.19833322,0.20044124,0.20258051,0.20475417,0.20696521,0.20921662,0.2115115,0.21385288,0.21624374,0.21868712,0.22118612,0.22374368,0.22636288,0.22888264,0.23114817,0.23317197,0.2349666,0.23654447,0.2379182,0.23910017,0.24010299,0.24093907,0.24162097,0.24216117,0.24257216,0.2428665,0.24305663,0.24315512,0.24317437,0.24312699,0.2430254,0.24288215,0.24270968,0.24252063,0.24232735,0.24214242,0.24197832,0.24184757,0.24176267,0.24173607,0.24178036,0.24190797,0.24213147,0.24246328,0.24291599,0.24340142,0.24382529,0.24419048,0.24450019,0.24475726,0.24496494,0.24512607,0.24524376,0.24532104,0.24536096,0.2453665,0.24534076,0.2452867,0.24520738,0.24510589
0.15147199,0.15098605,0.15057728,0.15025799,0.1500404,0.14993672,0.14995909,0.15011975,0.15043084,0.15090464,0.15155336,0.15238912,0.15342416,0.15467072,0.15614086,0.157847,0.15980119,0.16186628,0.1638992,0.16590333,0.16788194,0.16983832,0.17177589,0.17369792,0.17560771,0.1775087,0.17940411,0.18129729,0.18319157,0.18509029,0.18699682,0.18891437,0.19084637,0.19279619,0.194767,0.19676217,0.19878517,0.20083919,0.20292757,0.2050537,0.20722084,0.20943233,0.21169154,0.21400179,0.21636635,0.21878861,0.22127184,0.22381945,0.22643466,0.22895676,0.23123069,0.23326883,0.23508322,0.23668614,0.23808981,0.23930639,0.24034807,0.2412271,0.24195561,0.24254587,0.24301001,0.24336034,0.243609,0.24376813,0.24384996,0.2438668,0.24383073,0.24375398,0.2436488,0.24352732,0.24340178,0.24328436,0.2431873,0.24312277,0.24310295,0.24314013,0.2432464,0.24343403,0.24371518,0.24410208,0.24460693,0.24513988,0.24560514,0.24600613,0.24634607,0.24662833,0.24685629,0.24703318,0.2471624,0.24724723,0.24729104,0.24729715,0.24726886,0.24720955,0.24712248,0.247011
0.15310301,0.15262718,0.15222704,0.15191446,0.15170144,0.1515999,0.15162177,0.15177906,0.1520837,0.15254755,0.15318266,0.15400091,0.15501428,0.15623471,0.15767412,0.15934448,0.16125776,0.16327792,0.16526352,0.1672181,0.16914523,0.17104854,0.17293152,0.17479785,0.17665105,0.17849466,0.18033235,0.18216762,0.18400408,0.18584536,0.18769494,0.18955645,0.19143352,0.19332963,0.19524844,0.19719346,0.19916834,0.2011766,0.20322181,0.2053076,0.20743759,0.20961525,0.21184418,0.214128,0.21647029,0.2188746,0.22134453,0.22388366,0.22649555,0.22901958,0.23130073,0.23335092,0.23518214,0.2368063,0.23823532,0.23948123,0.24055587,0.24147125,0.24223931,0.24287203,0.24338125,0.243779,0.24407724,0.24428783,0.24442282,0.24449404,0.24451356,0.24449319,0.244445,0.24438086,0.24431272,0.24425258,0.24421236,0.24420398,0.24423939,0.24433051,0.24448942,0.24472791,0.24505796,0.24549153,0.2460406,0.2466138,0.24711427,0.2475455,0.24791113,0.24821474,0.24845992,0.24865015,0.24878912,0.24888036,0.2489275,0.24893412,0.24890366,0.24883983,0.24874617,0.24862628
0.15445732,0.15398997,0.1535969,0.15328987,0.15308063,0.15298091,0.15300241,0.15315689,0.15345612,0.15391172,0.15453555,0.15533929,0.15633464,0.15753339,0.15894723,0.16058794,0.16246718,0.1644501,0.16639636,0.16830982,0.1701943,0.17205341,0.17389114,0.17571117,0.17751731,0.17931333,0.1811031,0.1828903,0.1846788,0.18647227,0.18827464,0.19008963,0.19192101,0.19377261,0.19564818,0.19755155,0.19948646,0.20145676,0.20346616,0.20551848,0.20761755,0.20976707,0.21197094,0.21423283,0.2165566,0.21894607,0.2214049,0.22393698,0.2265461,0.22907175,0.23135884,0.23341909,0.23526427,0.23690602,0.23835616,0.23962638,0.24072841,0.241674,0.24247493,0.24314283,0.24368954,0.24412665,0.24446605,0.24471937,0.2448984,0.2450149,0.24508052,0.24510701,0.24510615,0.2450896,0.2450692,0.24505657,0.2450635,0.24510175,0.24518299,0.24531898,0.24552147,0.24580224,0.24617286,0.24664532,0.24723102,0.2478377,0.24836732,0.24882367,0.24921066,0.24953198,0.2497914,0.24999274,0.25013983,0.25023645,0.25028628,0.25029323,0.25026104,0.2501935,0.25009438,0.24996752
0.1555509,0.15509035,0.15470304,0.1544005,0.1541943,0.15409604,0.15411724,0.15426946,0.15456426,0.15501326,0.155628,0.15641995,0.15740079,0.15858202,0.1599752,0.16159196,0.16344377,0.16539656,0.16731112,0.16919136,0.1710413,0.17286482,0.17466599,0.17644864,0.17821679,0.17997442,0.18172546,0.18347387,0.18522353,0.1869785,0.18874271,0.19052011,0.19231467,0.1941303,0.19597103,0.19784074,0.19974336,0.20168297,0.20366345,0.20568876,0.20776287,0.20988972,0.21207327,0.21431747,0.2166263,0.21900372,0.22145365,0.22398004,0.2265869,0.2291139,0.23140578,0.23347417,0.23533058,0.23698656,0.23845373,0.23974362,0.24086775,0.24183774,0.24266514,0.24336152,0.24393837,0.24440737,0.24478002,0.24506783,0.24528247,0.2454354,0.2455383,0.24560261,0.24563996,0.24566191,0.24567994,0.24570572,0.24575078,0.24582666,0.24594489,0.24611716,0.24635486,0.24666971,0.24707322,0.24757682,0.2481923,0.24882591,0.2493791,0.24985585,0.25026,0.2505956,0.25086653,0.25107697,0.25123057,0.2513314,0.2513835,0.25139076,0.25135714,0.25128657,0.2511831,0.25105053
0.15639968,0.1559444,0.15556157,0.15526249,0.15505867,0.15496153,0.15498246,0.15513296,0.1554244,0.15586822,0.15647587,0.15725873,0.1582283,0.15939592,0.16077308,0.16237123,0.16420175,0.1661312,0.16802105,0.16987559,0.17169872,0.17349464,0.17526738,0.17702104,0.17875972,0.18048751,0.1822085,0.18392675,0.18564637,0.18737143,0.18910605,0.19085427,0.19262019,0.19440791,0.19622155,0.19806513,0.19994278,0.20185857,0.20381658,0.2058209,0.20787565,0.20998488,0.2121527,0.21438317,0.21668041,0.21904846,0.22149146,0.22401345,0.22661857,0.2291466,0.23144221,0.23351689,0.23538205,0.23704906,0.23852947,0.23983456,0.24097586,0.24196479,0.24281275,0.24353124,0.24413158,0.24462526,0.24502368,0.24533834,0.24558057,0.24576184,0.24589363,0.24598728,0.2460543,0.24610607,0.24615401,0.24620958,0.24628423,0.2463893,0.2465363,0.2467366,0.24700174,0.24734305,0.24777193,0.24829993,0.24893835,0.24959294,0.25016445,0.2506569,0.2510744,0.25142112,0.2517011,0.25191835,0.25207707,0.2521813,0.25223514,0.25224262,0.25220785,0.25213498,0.252028,0.2518911
0.15701963,0.15656824,0.15618859,0.1558921,0.15569003,0.15559371,0.15561447,0.15576366,0.15605263,0.15649268,0.15709515,0.1578714,0.15883267,0.15999041,0.1613559,0.16294044,0.16475539,0.16666776,0.16853963,0.1703753,0.1721789,0.1739546,0.1757066,0.17743912,0.17915627,0.18086228,0.18256134,0.18425757,0.18595521,0.18765841,0.1893714,0.19109832,0.19284336,0.19461071,0.19640452,0.19822904,0.20008838,0.20198682,0.20392843,0.20591743,0.20795804,0.21005441,0.21221069,0.21443117,0.21671991,0.2190812,0.22151908,0.22403789,0.2266417,0.22917049,0.23146881,0.2335481,0.23541962,0.23709473,0.23858474,0.239901,0.24105489,0.24205764,0.24292062,0.24365522,0.24427265,0.24478437,0.24520169,0.24553588,0.24579832,0.24600029,0.24615315,0.24626827,0.24635692,0.24643044,0.24650027,0.2465776,0.24667385,0.2468003,0.24696824,0.2471891,0.2474742,0.24783482,0.24828231,0.24882804,0.24948327,0.25015315,0.250738,0.251242,0.2516693,0.25202408,0.25231063,0.25253302,0.2526954,0.252802,0.25285706,0.2528648,0.25282922,0.2527546,0.25264522,0.25250503
0.15742671,0.15697785,0.1566004,0.15630555,0.15610458,0.15600881,0.15602948,0.15617783,0.15646517,0.15690273,0.15750185,0.15827367,0.15922958,0.1603808,0.16173854,0.1633142,0.16511893,0.16702007,0.16888015,0.17070347,0.1724942,0.17425668,0.17599505,0.17771365,0.17941667,0.18110839,0.18279302,0.1844748,0.18615799,0.1878469,0.18954565,0.19125858,0.19298992,0.19474386,0.19652472,0.19833669,0.20018405,0.20207101,0.20400189,0.20598082,0.20801212,0.21010004,0.21224882,0.21446267,0.21674584,0.21910264,0.22153726,0.22405387,0.2266569,0.22918613,0.23148629,0.23356858,0.23544428,0.23712473,0.23862106,0.23994465,0.24110672,0.24211855,0.24299145,0.2437366,0.24436535,0.2448889,0.24531856,0.24566558,0.24594122,0.24615681,0.24632356,0.2464528,0.24655569,0.24664351,0.24672763,0.24681923,0.24692968,0.2470701,0.24725185,0.24748625,0.24778447,0.24815778,0.2486175,0.24917486,0.24984114,0.25052103,0.2511147,0.25162622,0.2520599,0.2524201,0.25271085,0.25293654,0.2531014,0.25320962,0.2532656,0.25327334,0.25323728,0.25316152,0.25305045,0.25290826
0.15763691,0.15718935,0.15681298,0.15651901,0.15631866,0.15622318,0.15624374,0.1563917,0.15667818,0.15711446,0.15771179,0.15848139,0.15943451,0.16058235,0.16193615,0.16350718,0.16530667,0.16720201,0.169056,0.1708729,0.17265703,0.17441264,0.176144,0.1778554,0.17955114,0.18123546,0.18291265,0.18458697,0.18626273,0.18794417,0.18963563,0.19134131,0.19306558,0.19481261,0.19658674,0.19839227,0.20023343,0.2021145,0.20403975,0.20601356,0.20804007,0.2101236,0.21226847,0.21447894,0.21675923,0.21911374,0.22154662,0.22406217,0.22666474,0.22919427,0.23149534,0.23357919,0.23545708,0.2371402,0.23863982,0.23996718,0.24113354,0.24215008,0.24302801,0.24377863,0.24441317,0.24494287,0.24537888,0.24573256,0.2460151,0.24623765,0.24641158,0.24654804,0.24665825,0.24675351,0.24684504,0.24694407,0.24706176,0.24720944,0.24739832,0.24763967,0.24794464,0.2483245,0.24879052,0.24935393,0.2500259,0.25071102,0.25130916,0.25182456,0.2522616,0.2526245,0.25291753,0.25314495,0.25331104,0.25342014,0.25347647,0.25348428,0.25344795,0.2533717,0.25325972,0.25311643
0.15766615,0.15721881,0.1568426,0.15654874,0.15634845,0.15625298,0.15627359,0.15642144,0.15670781,0.15714394,0.15774103,0.15851034,0.15946303,0.1606104,0.16196367,0.16353406,0.1653328,0.16722731,0.16908048,0.1708965,0.17267969,0.17443436,0.17616473,0.17787515,0.17956986,0.18125315,0.18292929,0.18460256,0.18627732,0.18795773,0.18964817,0.19135283,0.19307607,0.19482216,0.1965954,0.19839999,0.2002403,0.20212056,0.20404509,0.20601809,0.20804393,0.21012688,0.21227123,0.2144812,0.21676113,0.21911526,0.22154786,0.22406335,0.22666584,0.22919537,0.23149654,0.23358065,0.2354588,0.23714234,0.23864245,0.23997033,0.24113724,0.2421544,0.24303313,0.24378453,0.24441983,0.24495035,0.24538733,0.24574187,0.24602535,0.24624892,0.24642387,0.24656132,0.24667256,0.24676885,0.24686137,0.2469614,0.24708013,0.2472288,0.24741875,0.24766101,0.24796697,0.24834774,0.2488146,0.24937886,0.25005162,0.25073752,0.25133622,0.25185218,0.2522897,0.25265297,0.25294632,0.25317398,0.25334024,0.25344947,0.2535058,0.2535137,0.25347728,0.25340086,0.25328887,0.2531454
0.15753047,0.15708226,0.15670535,0.15641093,0.15621027,0.15611462,0.15613528,0.1562834,0.1565703,0.15700725,0.15760547,0.1583762,0.15933076,0.16048028,0.16183612,0.16340946,0.16521162,0.16710988,0.16896696,0.17078711,0.1725746,0.17433366,0.17606857,0.17778364,0.17948304,0.1811711,0.18285206,0.18453017,0.18620971,0.18789491,0.18959007,0.19129941,0.19302724,0.1947778,0.19655535,0.19836411,0.2002084,0.20209248,0.20402059,0.20599698,0.2080259,0.21011166,0.21225852,0.21447067,0.21675248,0.2191081,0.22154187,0.22405799,0.22666076,0.22919014,0.23149075,0.23357385,0.23545057,0.23713236,0.23863034,0.23995575,0.24111997,0.24213412,0.24300948,0.24375734,0.24438897,0.24491553,0.24534836,0.24569868,0.24597768,0.24619672,0.24636698,0.24649975,0.2466063,0.24669783,0.2467856,0.24688089,0.24699485,0.24713892,0.24732417,0.24756198,0.24786352,0.2482401,0.24870293,0.24926326,0.24993235,0.25061482,0.2512107,0.25172412,0.25215954,0.25252098,0.2528129,0.2530394,0.2532049,0.2533136,0.2533697,0.2533775,0.2533413,0.25326526,0.25315377,0.25301105
0.15724576,0.1567958,0.15641737,0.1561218,0.15592031,0.15582433,0.15584503,0.15599377,0.15628184,0.15672049,0.1573211,0.15809487,0.15905316,0.16020729,0.16156846,0.16314806,0.16495737,0.16686346,0.16872883,0.17055759,0.17235407,0.17412242,0.17586687,0.17759164,0.17930093,0.180999,0.18269001,0.18437827,0.18606785,0.18776314,0.1894682,0.19118734,0.19292477,0.19468468,0.1964713,0.19828887,0.20014155,0.20203361,0.20396923,0.20595264,0.2079881,0.21007976,0.21223187,0.21444865,0.21673429,0.21909307,0.22152917,0.2240468,0.22665016,0.22917919,0.2314785,0.23355949,0.23543333,0.23711137,0.2386049,0.23992528,0.24108371,0.24209148,0.24295995,0.24370044,0.24432416,0.24484244,0.24526657,0.24560791,0.24587776,0.24608725,0.24624781,0.24637079,0.24646734,0.24654886,0.24662656,0.24671187,0.24681598,0.2469502,0.24712583,0.2473542,0.24764654,0.24801426,0.24846855,0.24902068,0.2496821,0.25035754,0.25094727,0.2514555,0.2518863,0.2522441,0.25253296,0.25275722,0.25292093,0.25302848,0.253084,0.25309172,0.2530559,0.2529807,0.25287032,0.25272906
0.15682803,0.15637545,0.15599485,0.15569754,0.15549491,0.15539835,0.15541916,0.15556878,0.15585852,0.15629971,0.15690377,0.15768206,0.15864594,0.15980673,0.1611758,0.16276455,0.16458432,0.16650192,0.1683794,0.17022088,0.17203051,0.17381246,0.17557088,0.17730996,0.17903373,0.18074647,0.18245228,0.18415533,0.18585978,0.18756974,0.18928938,0.19102289,0.1927744,0.19454804,0.196348,0.19817838,0.2000434,0.20194717,0.20389384,0.20588763,0.20793258,0.21003293,0.21219277,0.21441634,0.2167077,0.21907108,0.22151053,0.22403035,0.22663456,0.22916311,0.2314606,0.2335385,0.23540804,0.23708062,0.23856768,0.23988047,0.24103045,0.24202894,0.24288732,0.24361692,0.2442291,0.2447352,0.24514674,0.2454748,0.24573098,0.24592657,0.24607296,0.24618141,0.24626343,0.24633025,0.24639325,0.24646385,0.24655342,0.24667324,0.24683477,0.2470493,0.24732818,0.24768288,0.24812461,0.24866486,0.2493149,0.24998003,0.25056076,0.2510612,0.25148547,0.2518378,0.2521223,0.25234306,0.25250432,0.2526102,0.2526649,0.25267252,0.2526372,0.2525631,0.25245452,0.25231534
0.15629324,0.15583734,0.15545388,0.1551544,0.15495029,0.15485302,0.15487397,0.15502468,0.15531656,0.155761,0.15636955,0.15715356,0.15812452,0.15929388,0.16067305,0.16227351,0.16410673,0.16603905,0.16793205,0.16978978,0.17161626,0.17341566,0.17519194,0.17694925,0.17869166,0.18042319,0.1821479,0.18386996,0.18559335,0.18732215,0.1890605,0.19081236,0.19258188,0.19437313,0.19619012,0.19803697,0.19991778,0.20183654,0.20379737,0.20580433,0.20786153,0.20997295,0.2121427,0.2143749,0.21667363,0.21904285,0.22148672,0.2240093,0.2266146,0.2291425,0.23143765,0.23351154,0.23537557,0.23704122,0.2385199,0.23982313,0.2409623,0.24194886,0.2427943,0.24350992,0.24410735,0.24459797,0.24499312,0.24530439,0.24554321,0.24572091,0.24584909,0.24593903,0.24600235,0.24605036,0.24609455,0.24614643,0.24621734,0.2463187,0.2464621,0.24665894,0.24692059,0.24725862,0.24768436,0.24820924,0.24884482,0.24949677,0.25006598,0.25055644,0.25097233,0.25131765,0.25159642,0.25181288,0.25197086,0.25207478,0.2521283,0.25213578,0.2521012,0.25202855,0.2519221,0.2517857
