0.18791117,0.18863077,0.18923599,0.18970868,0.19003089,0.19018443,0.19015132,0.18991345,0.18945275,0.18875124,0.18779072,0.18655321,0.18502064,0.1831749,0.18099798,0.17847176,0.17557824,0.17242642,0.16914633,0.16575122,0.1622544,0.15866905,0.15500852,0.15128608,0.14751491,0.1437084,0.13987976,0.13604228,0.13220921,0.12839381,0.124609426,0.12086925,0.1171866,0.113574706,0.11004692,0.10661639,0.10329651,0.10010045,0.09704156,0.09413308,0.09138827,0.0888204,0.08644277,0.08426863,0.08231126,0.08058392,0.07909991,0.07787246,0.07691487,0.07628632,0.076025106,0.07611316,0.07653243,0.07726483,0.07829232,0.079596795,0.08116024,0.08296454,0.08499168,0.08722351,0.08964208,0.09222925,0.09496694,0.09783715,0.100821756,0.1039027,0.10706196,0.11028141,0.11354305,0.11682876,0.120120466,0.12340017,0.12664972,0.12985113,0.1329863,0.13603713,0.13898563,0.14181367,0.14450318,0.14703616,0.14939448,0.15152012,0.15337592,0.15497512,0.15633102,0.15745686,0.15836595,0.15907158,0.15958694,0.15992537,0.1601001,0.16012442,0.16001162,0.15977494,0.15942767,0.15898308
0.18808484,0.18881617,0.18943118,0.18991162,0.19023903,0.19039507,0.19036141,0.19011968,0.18965152,0.18893856,0.18796246,0.18670481,0.18514732,0.1832716,0.18105929,0.17849201,0.17555144,0.17234787,0.16901296,0.16556032,0.16200347,0.15835603,0.15463158,0.15084378,0.14700612,0.14313222,0.13923568,0.13533008,0.131429,0.12754607,0.123694845,0.119888894,0.11614181,0.1124672,0.10887864,0.10538977,0.10201409,0.09876522,0.09565678,0.09270234,0.08991548,0.08730978,0.08489885,0.082696274,0.080715634,0.07897051,0.0774745,0.07624117,0.07528416,0.07466258,0.07441431,0.074521005,0.07496426,0.07572575,0.076787144,0.07813004,0.079736054,0.081586905,0.08366416,0.08594952,0.08842457,0.09107097,0.09387038,0.096804425,0.09985475,0.10300297,0.10623076,0.109519765,0.1128516,0.11620788,0.11957033,0.122920506,0.12624009,0.12951073,0.13271406,0.13583168,0.1388453,0.14173648,0.14448695,0.14707828,0.14949213,0.15166846,0.15356849,0.15520585,0.15659405,0.15774675,0.15867755,0.15939997,0.1599276,0.16027412,0.160453,0.16047795,0.16036245,0.16012011,0.15976457,0.15930936
0.18823093,0.18897206,0.18959537,0.19008225,0.19041407,0.19057225,0.19053811,0.19029313,0.18981868,0.18909612,0.18810686,0.18683234,0.18525387,0.18335292,0.18111086,0.17850901,0.1755289,0.1722818,0.16890082,0.16539973,0.16179243,0.15809278,0.15431464,0.15047182,0.14657822,0.14264768,0.13869402,0.13473116,0.1307729,0.12683308,0.12292563,0.11906439,0.11526313,0.11153575,0.10789614,0.10435813,0.10093556,0.09764229,0.09449219,0.09149909,0.08867688,0.08603938,0.083600424,0.08137394,0.079373695,0.07761362,0.07610753,0.074869275,0.073912725,0.07329702,0.073059626,0.07318197,0.07364544,0.074431404,0.07552129,0.07689647,0.078538336,0.08042829,0.082547724,0.08487805,0.087400615,0.09009686,0.09294815,0.095935896,0.099041454,0.102246284,0.10553173,0.1088792,0.11227009,0.11568577,0.11910767,0.12251714,0.12589562,0.12922448,0.13248512,0.1356589,0.13872729,0.1416716,0.14447328,0.1471137,0.14957426,0.1517932,0.1537305,0.15539987,0.15681528,0.15799059,0.15893959,0.15967618,0.16021417,0.16056743,0.16074987,0.16077524,0.1606575,0.16041043,0.16004793,0.1595838
0.18834502,0.18909386,0.18972363,0.19021556,0.1905508,0.19071063,0.19067612,0.1904286,0.18994921,0.18921919,0.18821968,0.18693192,0.18533711,0.18341641,0.1811511,0.17852232,0.17551129,0.17223017,0.16881318,0.16527429,0.1616276,0.15788718,0.15406704,0.15018131,0.14624397,0.14226918,0.13827093,0.13426334,0.1302604,0.1262762,0.12232484,0.11842034,0.11457679,0.11080823,0.107128695,0.103552334,0.10009312,0.09676519,0.09358252,0.090559244,0.087709375,0.08504704,0.082586214,0.080341056,0.07832553,0.07655377,0.07503979,0.07379769,0.07284151,0.07223037,0.072001494,0.07213607,0.0726153,0.07342039,0.07453253,0.075932935,0.0776028,0.07952331,0.081675686,0.084041126,0.08660083,0.08933598,0.09222782,0.09525749,0.09840625,0.10165523,0.10498571,0.10837886,0.11181583,0.115277946,0.11874626,0.12220208,0.12562653,0.12900087,0.13230628,0.13552397,0.13863511,0.14162092,0.14446262,0.14714137,0.1496384,0.15189064,0.153857,0.15555143,0.15698811,0.15818104,0.1591443,0.15989192,0.16043797,0.16079657,0.1609817,0.1610075,0.16088796,0.16063717,0.16026923,0.15979813
0.18842278,0.18917686,0.18981104,0.1903064,0.19064398,0.1908049,0.19077021,0.19052096,0.1900382,0.18930306,0.18829656,0.18699981,0.18539381,0.18345973,0.18117855,0.17853136,0.17549929,0.17219505,0.16875349,0.16518882,0.16151525,0.15774702,0.15389831,0.14998327,0.14601618,0.14201124,0.13798258,0.13394448,0.12991112,0.12589668,0.121915385,0.117981456,0.11410903,0.11031237,0.10660571,0.10300316,0.09951899,0.096167386,0.092962556,0.089918695,0.08705002,0.0843707,0.081895016,0.0796371,0.07761116,0.07583143,0.0743121,0.07306737,0.07211144,0.07150344,0.071280345,0.07142326,0.071913235,0.07273136,0.07385867,0.075276256,0.076965205,0.07890655,0.08108137,0.08347074,0.08605575,0.08881744,0.091736875,0.09479514,0.09797332,0.10125242,0.1046136,0.10803785,0.11150628,0.114999995,0.11849997,0.12198733,0.12544313,0.12884846,0.13218442,0.13543199,0.1385723,0.14158636,0.14445534,0.14716023,0.14968213,0.15195706,0.1539432,0.15565474,0.15710588,0.15831082,0.1592838,0.16003893,0.1605905,0.16095272,0.16113971,0.16116574,0.161045,0.16079171,0.16042005,0.15994425
0.18845984,0.18921638,0.1898527,0.1903497,0.1906884,0.19084986,0.19081503,0.19056496,0.1900806,0.18934302,0.1883332,0.18703215,0.18542086,0.18348037,0.18119161,0.1785357,0.17549355,0.17217828,0.168725,0.16514808,0.16146173,0.15768024,0.15381786,0.14988893,0.14590761,0.14188826,0.13784514,0.13379252,0.12974462,0.12571578,0.121720225,0.11777222,0.11388609,0.11007603,0.106356375,0.102741405,0.099245325,0.09588246,0.092667066,0.08961339,0.086735725,0.084048375,0.08156556,0.079301566,0.07727067,0.07548715,0.07396525,0.07271925,0.07176347,0.07115694,0.07093663,0.07108351,0.071578614,0.07240295,0.073537484,0.07496326,0.07666131,0.07861257,0.08079811,0.0831989,0.08579594,0.088570274,0.09150288,0.09457478,0.09776697,0.10106043,0.10443622,0.107875325,0.111358754,0.11486749,0.118382566,0.12188498,0.12535574,0.12877584,0.13212632,0.13538815,0.13854235,0.14156991,0.14445187,0.14716922,0.14970295,0.15198873,0.15398431,0.15570398,0.15716203,0.1583727,0.15935028,0.160109,0.16066319,0.16102712,0.16121504,0.1612412,0.16111988,0.16086538,0.16049197,0.16001388
0.18845184,0.18920785,0.18984371,0.19034037,0.19067882,0.19084017,0.19080539,0.19055547,0.19007148,0.18933442,0.18832532,0.18702517,0.18541501,0.18347591,0.18118879,0.17853478,0.17549479,0.1721819,0.16873115,0.16515686,0.16147327,0.15769461,0.15383524,0.14990927,0.14593107,0.1419148,0.1378748,0.1338253,0.12978053,0.12575477,0.1217623,0.11781736,0.113934174,0.11012702,0.106410176,0.10279787,0.099304326,0.09594391,0.092730805,0.08967926,0.08680353,0.08411793,0.08163663,0.07937395,0.07734412,0.0755614,0.074040055,0.072794355,0.07183853,0.07123168,0.07101077,0.071156785,0.07165078,0.072473764,0.07360675,0.07503078,0.07672685,0.078675985,0.080859184,0.08325753,0.08585197,0.08862355,0.09155332,0.09462231,0.09781147,0.10110183,0.10447449,0.1079104,0.11139057,0.11489606,0.11840789,0.12190708,0.1253746,0.12879151,0.13213886,0.1353976,0.1385488,0.14157344,0.14445263,0.14716731,0.14969847,0.15198192,0.15397544,0.15569335,0.15714993,0.15835933,0.15933593,0.16009389,0.16064753,0.1610111,0.1611988,0.16122493,0.16110373,0.16084951,0.16047643,0.15999883
0.18839443,0.18914658,0.18977918,0.19027327,0.19061004,0.19077054,0.1907359,0.19048728,0.1900058,0.18927248,0.18826851,0.18697508,0.18537317,0.18344395,0.18116856,0.17852809,0.17550366,0.17220785,0.16877525,0.16521998,0.16155623,0.15779811,0.1539598,0.15005545,0.14609922,0.14210525,0.1380877,0.13406068,0.13003843,0.126035,0.122064635,0.11814141,0.11427953,0.11049309,0.10679631,0.10320333,0.09972826,0.09638528,0.09318853,0.09015216,0.08729035,0.08461724,0.082146935,0.07989366,0.07787154,0.07609471,0.07457733,0.073333554,0.07237753,0.07176838,0.07154318,0.07168308,0.072169125,0.0729825,0.07410427,0.07551561,0.0771976,0.07913135,0.08129799,0.08367864,0.08625442,0.08900643,0.091915816,0.09496366,0.098131105,0.10139924,0.104749225,0.108162135,0.11161912,0.11510131,0.118589744,0.12206558,0.12550998,0.12890404,0.1322288,0.1354655,0.13859518,0.14159897,0.144458,0.14715336,0.14966618,0.15193287,0.15391178,0.15561709,0.15706298,0.1582635,0.1592329,0.15998535,0.1605349,0.16089578,0.16108212,0.16110805,0.16098778,0.1607354,0.16036507,0.15989098
0.18828323,0.1890279,0.18965417,0.19014339,0.19047679,0.19063568,0.19060142,0.19035527,0.18987854,0.18915257,0.1881586,0.18687801,0.18529205,0.18338205,0.18112932,0.17851512,0.17552084,0.17225814,0.16886064,0.16534218,0.16171686,0.15799849,0.15420108,0.15033858,0.14642493,0.1424741,0.1385,0.13451658,0.13053785,0.12657772,0.122650094,0.118769,0.114948384,0.11120211,0.107544206,0.103988595,0.10054922,0.097240046,0.09407502,0.09106809,0.08823317,0.085584275,0.083135314,0.08090023,0.07889301,0.07712756,0.075617865,0.07437785,0.07342147,0.07280786,0.07257437,0.072702326,0.07317302,0.073967755,0.07506784,0.0764546,0.0781093,0.080013275,0.08214782,0.08449423,0.087033816,0.089747906,0.092617795,0.09562478,0.09875015,0.10197524,0.10528132,0.108649746,0.11206177,0.11549874,0.118941925,0.12237264,0.12577222,0.12912194,0.13240309,0.13559702,0.13868502,0.14164838,0.1444684,0.14712639,0.1496037,0.15183789,0.15378849,0.15546937,0.15689456,0.15807794,0.15903346,0.15977508,0.16031681,0.1606725,0.16085619,0.16088176,0.16076317,0.16051443,0.1601494,0.1596821
0.18811391,0.18884718,0.18946385,0.18994558,0.19027384,0.19043033,0.19039658,0.19015421,0.1896848,0.18896991,0.18799117,0.18673019,0.18516853,0.18328778,0.18106954,0.17849536,0.17554696,0.17233473,0.16899064,0.16552833,0.16196147,0.15830368,0.15456854,0.15076976,0.14692096,0.1430358,0.13912788,0.1352109,0.13129844,0.1274042,0.12354176,0.11972478,0.11596693,0.112281844,0.10868312,0.105184466,0.10179944,0.09854176,0.095425025,0.09246289,0.08966899,0.087056965,0.08464048,0.08243313,0.080448575,0.07870047,0.07720246,0.07596816,0.07501124,0.07439083,0.07414472,0.07425453,0.0747018,0.07546818,0.07653524,0.07788453,0.079497725,0.08135633,0.083441995,0.0857363,0.0882208,0.09087712,0.09368684,0.09663158,0.099692896,0.10285238,0.10609166,0.1093923,0.11273587,0.11610399,0.11947826,0.12284024,0.12617154,0.12945378,0.13266851,0.1357973,0.13882183,0.1417236,0.14448422,0.14708532,0.14950848,0.15169328,0.15360072,0.15524445,0.1566381,0.1577953,0.1587297,0.15945493,0.15998465,0.16033249,0.16051209,0.16053712,0.16042118,0.1601779,0.15982097,0.15936401
0.1878821,0.18859974,0.18920329,0.18967475,0.18999603,0.1901492,0.19011617,0.18987891,0.18941951,0.18871985,0.18776196,0.18652786,0.18499945,0.18315873,0.18098773,0.17846838,0.17558274,0.17243958,0.16916865,0.16578318,0.1622964,0.15872143,0.15507159,0.15136006,0.14760005,0.1438048,0.13998753,0.13616142,0.13233976,0.12853572,0.1247625,0.12103332,0.117361456,0.113760084,0.110242404,0.1068217,0.10351112,0.100323945,0.097273335,0.09437252,0.09163477,0.08907323,0.086701155,0.0845318,0.08257831,0.08085398,0.079371944,0.078145474,0.07718779,0.076558076,0.07629469,0.076379634,0.076794885,0.07752241,0.07854423,0.07984229,0.08139859,0.08319509,0.08521384,0.08743676,0.08984585,0.09242309,0.095150486,0.09800996,0.100983605,0.104053296,0.10720106,0.1104089,0.11365875,0.11693266,0.12021255,0.12348043,0.12671831,0.1299081,0.13303185,0.13607152,0.13900912,0.14182656,0.1445059,0.14702909,0.14937814,0.1514953,0.15334368,0.15493649,0.156287,0.15740836,0.1583138,0.1590166,0.15952991,0.15986696,0.160041,0.16006525,0.15995291,0.15971716,0.15937129,0.15892848
0.18758342,0.18828094,0.1888676,0.18932582,0.1896381,0.18978696,0.18975487,0.18952428,0.18907773,0.1883977,0.18746668,0.18626712,0.18478154,0.18299246,0.1808823,0.1784336,0.17562883,0.1725747,0.16939801,0.16611153,0.16272789,0.15925974,0.15571974,0.15212062,0.14847502,0.14479563,0.1410951,0.13738617,0.1336814,0.12999359,0.1263353,0.12271927,0.11915817,0.11566465,0.11225143,0.108931154,0.10571647,0.102620065,0.0996547,0.096832916,0.09416745,0.091670975,0.089356184,0.08723571,0.08532226,0.0836285,0.0821671,0.08095072,0.079992056,0.079350345,0.07906473,0.079117626,0.07949159,0.08016909,0.08113261,0.08236464,0.08384768,0.08556419,0.08749669,0.08962766,0.09193957,0.09441494,0.09703623,0.099785924,0.102646545,0.10560055,0.10863045,0.11171872,0.11484784,0.1180003,0.12115862,0.124305256,0.1274227,0.13049345,0.1335,0.13642482,0.1392504,0.14195926,0.14453384,0.14695665,0.14921021,0.15124021,0.15301247,0.15453973,0.1558346,0.15690981,0.157778,0.15845183,0.15894401,0.1592672,0.15943408,0.15945733,0.15934959,0.15912357,0.15879193,0.15836732
0.18721351,0.18788613,0.18845183,0.18889368,0.18919481,0.18933834,0.18930736,0.18908507,0.18865447,0.18799871,0.18710095,0.18594423,0.1845117,0.18278652,0.18075174,0.17839049,0.17568588,0.17274198,0.16968209,0.16651818,0.16326226,0.15992634,0.15652244,0.15306251,0.14955862,0.14602269,0.14246677,0.13890286,0.13534294,0.13179901,0.1282831,0.124807194,0.12138329,0.118023366,0.11473947,0.111543566,0.10844765,0.105463736,0.10260384,0.09987994,0.09730404,0.09488816,0.09264426,0.09058436,0.088720486,0.08706462,0.08562873,0.08442487,0.083464995,0.08280844,0.08249521,0.08250849,0.082831316,0.08344685,0.08433818,0.08548844,0.08688075,0.088498175,0.090323895,0.09234097,0.094532564,0.096881725,0.09937161,0.10198531,0.104706004,0.107516736,0.11040063,0.11334083,0.116320424,0.119322516,0.122330256,0.12532674,0.12829508,0.13121837,0.13407977,0.13686237,0.13954924,0.14212358,0.14456843,0.14686695,0.14900224,0.15092428,0.1526023,0.15404834,0.15527433,0.15629238,0.1571144,0.1577524,0.15821843,0.15852442,0.15868242,0.15870441,0.15860243,0.15838842,0.1580744,0.15767242
0.18676803,0.18741064,0.18795112,0.18837325,0.18866096,0.1887981,0.1887685,0.18855609,0.18814471,0.18751821,0.18666047,0.18555538,0.18418677,0.18253851,0.18059452,0.17833859,0.17575465,0.17294349,0.17002417,0.1670079,0.16390586,0.16072918,0.15748915,0.15419687,0.1508636,0.14750049,0.14411874,0.1407295,0.13734399,0.13397339,0.13062893,0.12732175,0.12406303,0.12086401,0.11773588,0.11468976,0.11173687,0.108888425,0.10615557,0.103549555,0.10108152,0.098762654,0.09660417,0.09461724,0.09281305,0.09120279,0.08979766,0.088608846,0.08764752,0.08697307,0.08662668,0.08659217,0.08685342,0.087394334,0.08819874,0.08925051,0.090533525,0.09203166,0.093728736,0.09560866,0.097655304,0.09985252,0.10218417,0.10463412,0.10718624,0.109824434,0.11253255,0.11529441,0.1180939,0.12091489,0.12374131,0.12655693,0.1293457,0.13209143,0.13477798,0.13738927,0.13990915,0.14232147,0.14461008,0.1467589,0.14875178,0.1505438,0.15210831,0.15345655,0.15459964,0.1555488,0.15631521,0.15691008,0.15734455,0.15762986,0.15777719,0.15779771,0.1577026,0.15750305,0.15721029,0.15683547
0.18624263,0.18684985,0.18736053,0.18775944,0.1880313,0.18816088,0.18813293,0.18793221,0.18754347,0.18695149,0.18614098,0.18509673,0.1838035,0.18224603,0.18040904,0.17827737,0.17583573,0.17318112,0.17042765,0.16758549,0.1646649,0.1616761,0.15862933,0.1555348,0.15240277,0.14924343,0.14606707,0.14288388,0.1397041,0.13653795,0.13339567,0.1302875,0.12722369,0.12421442,0.12126996,0.11840052,0.11561635,0.11292764,0.110344686,0.107877664,0.105536856,0.10333243,0.101274654,0.09937378,0.09763999,0.09608356,0.094714686,0.09354362,0.09258059,0.09188505,0.091499485,0.09140865,0.09159728,0.092050165,0.09275203,0.093687646,0.09484177,0.09619917,0.09774458,0.099462725,0.10133843,0.103356406,0.10550141,0.10775823,0.11011158,0.112546235,0.11504697,0.1175985,0.12018561,0.122793004,0.12540554,0.12800789,0.13058484,0.13312112,0.13560152,0.13801077,0.14033364,0.14255486,0.14465924,0.1466315,0.14845635,0.15009503,0.15152569,0.15275855,0.15380384,0.1546718,0.1553726,0.15591659,0.15631388,0.15657479,0.15670948,0.15672825,0.15664129,0.15645884,0.15619111,0.15584837
0.18563287,0.18619908,0.1866752,0.18704711,0.18730061,0.18742141,0.18739538,0.18720822,0.1868458,0.18629381,0.18553813,0.18456452,0.18335873,0.1819066,0.18019387,0.17820635,0.17592981,0.17345694,0.17089586,0.16825576,0.16554575,0.16277492,0.15995242,0.15708737,0.1541889,0.15126604,0.14832802,0.14538394,0.14244285,0.13951392,0.13660632,0.13372912,0.13089141,0.12810238,0.12537104,0.12270663,0.12011822,0.11761492,0.11520589,0.11290019,0.110706985,0.10863538,0.106694505,0.10489346,0.1032414,0.101747386,0.10042061,0.09927015,0.09830513,0.09758511,0.09715411,0.09699789,0.09710226,0.09745298,0.09803587,0.098836705,0.09984126,0.101035334,0.10240472,0.103935145,0.10561249,0.10742248,0.10935093,0.11138358,0.113506265,0.11570474,0.11796482,0.12027227,0.122612916,0.124972485,0.12733681,0.12969163,0.13202281,0.13431606,0.13655716,0.13873199,0.14082623,0.1428257,0.14471626,0.14648362,0.14811355,0.14957432,0.15084961,0.15194859,0.15288037,0.15365408,0.1542788,0.1547637,0.15511787,0.15535043,0.1554705,0.15548724,0.15540972,0.15524706,0.15500844,0.15470289
0.18493451,0.18545365,0.18589026,0.18623127,0.18646368,0.18657444,0.18655056,0.18637896,0.18604665,0.18554054,0.18484764,0.18395491,0.18284929,0.18151781,0.17994736,0.17812498,0.17603758,0.17377278,0.17143215,0.16902351,0.16655467,0.16403355,0.16146794,0.1588657,0.1562347,0.15358277,0.15091775,0.1482475,0.14557987,0.1429227,0.14028387,0.13767117,0.13509248,0.13255563,0.13006851,0.12763892,0.12527473,0.1229838,0.120773956,0.118653044,0.11662892,0.11470945,0.112902455,0.11121578,0.109657295,0.10823484,0.106956236,0.10582938,0.10486208,0.104114026,0.10363096,0.10339987,0.10340772,0.10364145,0.10408805,0.10473449,0.10556772,0.10657473,0.10774248,0.109057926,0.11050803,0.11207981,0.11376015,0.115536086,0.11739455,0.11932252,0.121306986,0.12333488,0.12539318,0.12746885,0.12954889,0.13162023,0.13366985,0.13568471,0.13765177,0.13955803,0.14139044,0.14313598,0.14478157,0.14631422,0.1477209,0.14897783,0.1500752,0.15102087,0.15182261,0.15248838,0.15302593,0.15344319,0.15374792,0.15394804,0.15405138,0.15406574,0.15399906,0.1538591,0.15365377,0.15339085
0.18425345,0.1847218,0.18511567,0.18542328,0.18563294,0.1857329,0.18571137,0.18555655,0.18525676,0.18480016,0.18417507,0.1833697,0.18237232,0.18117115,0.17975444,0.17811042,0.17622732,0.1741875,0.17208543,0.16992754,0.16772027,0.16547006,0.16318335,0.1608666,0.15852627,0.15616871,0.15380046,0.15142791,0.14905746,0.14669561,0.14434884,0.14202347,0.13972609,0.137463,0.13524069,0.13306564,0.13094424,0.12888294,0.12688828,0.12496647,0.12312417,0.12136774,0.11970363,0.11813825,0.116678074,0.11532952,0.11409904,0.112993084,0.11201808,0.11123413,0.11068927,0.110371694,0.11026967,0.11037144,0.11066524,0.11113932,0.111781895,0.11258126,0.11352562,0.114603214,0.1158023,0.11711114,0.11851795,0.12001095,0.121578455,0.123208635,0.12488974,0.12661009,0.12835783,0.13012125,0.13188861,0.1336481,0.13538803,0.13709663,0.13876206,0.14037263,0.1419166,0.14338219,0.14475766,0.14603122,0.1471911,0.14822266,0.14912322,0.14989927,0.15055728,0.15110363,0.15154478,0.15188722,0.15213732,0.15230154,0.15238637,0.15239814,0.1523434,0.15222855,0.15206005,0.15184426
0.1836905,0.18410671,0.18445675,0.1847302,0.18491656,0.18500534,0.18498619,0.18484862,0.18458216,0.1841764,0.18362083,0.18290505,0.18201861,0.18095106,0.17969193,0.17823078,0.17655717,0.17474835,0.17289178,0.17099239,0.16905521,0.16708514,0.16508704,0.16306591,0.16102669,0.15897429,0.15691367,0.15484974,0.1527875,0.15073183,0.14868765,0.14665991,0.14465362,0.14267363,0.1407249,0.1388124,0.13694102,0.13511576,0.13334148,0.13162313,0.12996568,0.12837408,0.12685324,0.12540808,0.12404357,0.12276463,0.121576205,0.12048323,0.11949062,0.11865958,0.118041016,0.117624454,0.11739945,0.11735559,0.11748239,0.11776941,0.1182062,0.11878233,0.11948731,0.12031071,0.12124212,0.12227103,0.123387024,0.12457963,0.12583844,0.12715296,0.12851277,0.12990743,0.1313264,0.13275938,0.13419582,0.13562529,0.13703732,0.13842154,0.13976738,0.1410645,0.1423024,0.1434706,0.14455876,0.14555632,0.14645289,0.1472436,0.14793399,0.14852883,0.14903325,0.14945209,0.14979024,0.15005277,0.15024444,0.15037034,0.15043534,0.1504444,0.15040244,0.1503144,0.1501852,0.15001984
0.18323338,0.18359636,0.18390162,0.18414006,0.18430258,0.18438004,0.1843633,0.18424334,0.18401098,0.1836571,0.18317263,0.18254843,0.18177544,0.18084441,0.17974637,0.17847216,0.17701268,0.17544019,0.17383534,0.1722015,0.17054205,0.16886021,0.16715941,0.165443,0.16371435,0.16197674,0.16023354,0.15848814,0.15674384,0.15500398,0.15327199,0.15155108,0.1498447,0.1481562,0.14648889,0.14484611,0.14323126,0.14164765,0.1400986,0.13858749,0.13711767,0.13569248,0.13431525,0.13298938,0.13171816,0.13050498,0.12935314,0.12826605,0.12724699,0.12635875,0.1256558,0.12512906,0.12476935,0.12456758,0.12451466,0.1246015,0.1248189,0.1251578,0.1256091,0.12616368,0.12681241,0.12754618,0.1283559,0.12923242,0.13016666,0.1311495,0.13217187,0.13322456,0.13429855,0.1353847,0.13647383,0.13755691,0.13862485,0.13966843,0.14067861,0.14164628,0.14256231,0.14341758,0.14420296,0.14490941,0.14552781,0.14606392,0.14653195,0.14693533,0.14727733,0.1475613,0.14779057,0.14796856,0.14809856,0.14818387,0.14822796,0.14823413,0.14820565,0.14814596,0.14805837,0.14794624
0.1828699,0.18317862,0.18343826,0.18364106,0.18377924,0.18384513,0.1838309,0.18372886,0.18353125,0.1832303,0.18281825,0.18228738,0.18162994,0.18083815,0.17990431,0.17882057,0.1775793,0.17624794,0.17490035,0.17353821,0.17216314,0.17077687,0.1693811,0.16797744,0.16656764,0.16515332,0.16373625,0.16231802,0.16090034,0.15948495,0.15807347,0.15666755,0.15526897,0.15387931,0.15250038,0.1511337,0.14978108,0.14844413,0.14712456,0.14582403,0.14454426,0.14328693,0.14205365,0.14084618,0.13966615,0.13851531,0.13739528,0.13630773,0.13525441,0.13430008,0.13350335,0.13285646,0.13235165,0.13198116,0.13173728,0.13161223,0.13159822,0.13168755,0.13187249,0.13214523,0.1324981,0.13292329,0.13341303,0.13395959,0.13455528,0.13519228,0.13586289,0.13655931,0.1372738,0.13799867,0.13872607,0.13944833,0.14015765,0.14084636,0.14150658,0.14213069,0.14271085,0.14323941,0.14370847,0.14411038,0.14443739,0.14470671,0.14494185,0.14514445,0.14531626,0.14545889,0.14557406,0.14566348,0.14572878,0.14577165,0.14579378,0.14579687,0.14578259,0.14575261,0.14570856,0.14565225
0.18258788,0.1828414,0.18305466,0.1832212,0.18333471,0.18338883,0.18337716,0.18329336,0.18313104,0.18288387,0.18254544,0.18210945,0.18156947,0.18091916,0.18015213,0.17926206,0.17824258,0.17715652,0.17607093,0.1749858,0.17390104,0.17281663,0.17173252,0.17064863,0.16956493,0.16848138,0.16739789,0.16631447,0.16523099,0.16414747,0.16306382,0.16198002,0.16089597,0.15981165,0.15872703,0.15764202,0.1565566,0.15547071,0.1543843,0.15329729,0.15220968,0.15112136,0.15003236,0.14894253,0.14785193,0.14676042,0.14566801,0.14457457,0.14348012,0.14245199,0.14155331,0.14077762,0.14011863,0.13957003,0.13912533,0.13877825,0.13852246,0.1383515,0.13825902,0.1382387,0.13828416,0.138389,0.13854693,0.1387515,0.13899638,0.13927522,0.13958167,0.13990931,0.14025182,0.14060278,0.14095588,0.14130475,0.141643,0.14196429,0.1422622,0.14253043,0.14276262,0.14295232,0.14309327,0.14317901,0.14320327,0.14319514,0.14318807,0.14318195,0.14317675,0.14317249,0.143169,0.1431663,0.14316435,0.14316306,0.14316235,0.14316228,0.14316273,0.14316362,0.14316493,0.14316663
0.18237507,0.18257271,0.18273892,0.18286878,0.18295723,0.1829994,0.1829903,0.18292496,0.18279845,0.18260577,0.18234201,0.18200213,0.18158123,0.18107434,0.18047646,0.17978266,0.178988,0.17815071,0.17733122,0.17652768,0.17573825,0.17496106,0.17419429,0.17343612,0.17268468,0.17193815,0.1711947,0.17045245,0.16970961,0.16896433,0.16821471,0.16745897,0.16669525,0.16592175,0.16513662,0.16433798,0.16352402,0.16269289,0.16184273,0.16097172,0.1600781,0.15915988,0.15821534,0.15724258,0.1562398,0.15520512,0.15413672,0.15303276,0.15189143,0.15078284,0.14977518,0.14886343,0.14804265,0.14730786,0.1466541,0.14607644,0.14556986,0.14512941,0.14475024,0.14442724,0.14415553,0.14393012,0.14374606,0.14359835,0.14348212,0.14339231,0.14332403,0.1432723,0.1432321,0.14319853,0.14316663,0.14313138,0.14308791,0.1430312,0.14295629,0.14285824,0.14273205,0.14257278,0.14237551,0.14213519,0.14184694,0.14155236,0.14129518,0.14107357,0.14088568,0.14072965,0.14060365,0.1405059,0.14043444,0.14038752,0.14036332,0.14035995,0.1403756,0.14040843,0.1404565,0.14051811
0.18221928,0.18236035,0.182479,0.18257172,0.18263486,0.18266499,0.18265848,0.18261182,0.18252155,0.18238397,0.18219562,0.181953,0.18165247,0.18129055,0.18086374,0.18036841,0.17980106,0.17921548,0.17866543,0.17814723,0.1776572,0.1771917,0.17674693,0.17631935,0.17590527,0.17550094,0.17510276,0.17470704,0.17431007,0.17390822,0.17349778,0.17307511,0.17263651,0.17217828,0.17169686,0.17118844,0.1706494,0.17007607,0.1694648,0.16881187,0.16811365,0.16736645,0.16656652,0.16571032,0.16479407,0.16381416,0.16276687,0.16164856,0.16045555,0.15926114,0.15813877,0.15708487,0.15609592,0.15516838,0.1542987,0.1534833,0.15271871,0.15200132,0.15132762,0.1506941,0.15009715,0.14953329,0.14899893,0.14849053,0.14800459,0.14753753,0.14708585,0.14664595,0.14621429,0.14578739,0.14536165,0.14493357,0.14449957,0.14405613,0.14359969,0.14312677,0.14263372,0.14211707,0.14157327,0.14099875,0.14039001,0.13980155,0.13928777,0.13884504,0.13846967,0.138158,0.13790631,0.13771097,0.13756828,0.13747458,0.13742623,0.13741949,0.13745072,0.13751626,0.1376124,0.13773547
0.18210822,0.1821923,0.18226303,0.18231823,0.1823559,0.18237384,0.18236998,0.18234216,0.18228835,0.18220638,0.18209414,0.18194954,0.1817705,0.18155487,0.18130052,0.18100537,0.18066728,0.18033569,0.18005773,0.1798278,0.1796404,0.17948997,0.17937097,0.17927782,0.17920505,0.17914703,0.1790983,0.1790532,0.1790063,0.17895198,0.17888473,0.17879899,0.17868923,0.17854989,0.17837542,0.1781603,0.17789896,0.17758584,0.17721544,0.17678219,0.17628056,0.17570497,0.1750499,0.17430978,0.17347911,0.17255229,0.17152385,0.17038818,0.16913973,0.16785525,0.16661365,0.16541286,0.1642508,0.16312529,0.1620343,0.16097562,0.15994725,0.15894699,0.15797277,0.15702246,0.156094,0.15518521,0.154294,0.15341827,0.15255591,0.15170482,0.1508629,0.15002798,0.149198,0.14837083,0.14754438,0.14671649,0.14588511,0.14504805,0.1442033,0.1433487,0.1424821,0.14160147,0.14070468,0.13978954,0.13885401,0.1379658,0.13719037,0.13652213,0.13595557,0.13548513,0.13510528,0.1348104,0.13459508,0.13445367,0.13438067,0.1343705,0.13441764,0.13451654,0.13466163,0.13484739
0.18202977,0.18205647,0.18207893,0.18209647,0.18210842,0.18211411,0.18211292,0.18210407,0.18208697,0.18206093,0.18202528,0.18197936,0.18192251,0.18185404,0.18177326,0.18167953,0.18157215,0.1814962,0.18149221,0.18155272,0.18167031,0.18183751,0.18204689,0.18229105,0.18256241,0.18285368,0.18315734,0.183466,0.18377215,0.18406834,0.1843472,0.18460125,0.18482305,0.18500513,0.18514007,0.18522047,0.18523878,0.18518767,0.1850596,0.18484719,0.18454298,0.18413953,0.1836294,0.1830051,0.18225928,0.18138441,0.18037307,0.17921785,0.17791125,0.17653355,0.17516947,0.17381838,0.17247954,0.17115234,0.16983607,0.16853015,0.16723375,0.1659463,0.16466716,0.16339561,0.16213097,0.16087255,0.15961978,0.15837188,0.15712826,0.1558882,0.15465106,0.15341614,0.15218276,0.15095033,0.1497181,0.14848539,0.14725159,0.14601602,0.14477794,0.14353676,0.14229181,0.14104237,0.13978778,0.13852741,0.1372605,0.13606833,0.13502751,0.13413061,0.13337013,0.13273866,0.13222878,0.13183306,0.131544,0.13135418,0.13125621,0.13124256,0.13130584,0.13143854,0.13163333,0.13188265
0.18197165,0.18194075,0.1819148,0.18189451,0.18188064,0.18187408,0.18187551,0.18188572,0.18190548,0.1819356,0.18197684,0.18202998,0.18209577,0.18217501,0.18226852,0.18237695,0.18250118,0.18268195,0.18295312,0.1833054,0.18372943,0.18421586,0.1847553,0.18533841,0.18595584,0.18659821,0.1872562,0.18792039,0.1885815,0.18923013,0.18985692,0.19045249,0.19100754,0.19151267,0.19195856,0.19233577,0.19263503,0.19284698,0.19296221,0.19297136,0.19286512,0.19263409,0.19226897,0.19176033,0.19109887,0.19027516,0.18927993,0.1881038,0.18673736,0.18526454,0.1837759,0.1822723,0.18075448,0.17922321,0.17767927,0.17612343,0.1745565,0.1729792,0.17139234,0.16979668,0.16819301,0.16658211,0.16496475,0.16334169,0.16171373,0.16008162,0.15844616,0.1568081,0.15516824,0.15352735,0.15188622,0.15024556,0.14860621,0.14696893,0.14533451,0.14370371,0.14207728,0.14045604,0.13884072,0.13723218,0.13563108,0.13413228,0.13282372,0.13169612,0.13074006,0.12994619,0.1293052,0.12880765,0.12844428,0.12820566,0.12808245,0.12806524,0.12814482,0.12831168,0.12855656,0.12887004
0.18192174,0.18183315,0.18175863,0.18170047,0.18166079,0.1816419,0.18164597,0.18167529,0.18173195,0.18181832,0.18193655,0.18208891,0.18227755,0.18250477,0.1827727,0.18308368,0.18343988,0.1838777,0.18442455,0.18506917,0.18580022,0.18660651,0.18747666,0.18839948,0.18936364,0.19035791,0.19137093,0.19239151,0.1934083,0.19441007,0.19538552,0.19632335,0.19721232,0.19804116,0.19879855,0.19947323,0.2000539,0.2005293,0.20088819,0.20111923,0.20121112,0.2011527,0.20093256,0.20053953,0.19996221,0.19918944,0.19820987,0.1970122,0.19558525,0.19401652,0.19240256,0.1907456,0.18904786,0.18731157,0.18553898,0.18373227,0.1818937,0.1800255,0.17812982,0.17620897,0.17426513,0.17230056,0.17031738,0.16831797,0.16630442,0.16427906,0.16224404,0.16020161,0.15815398,0.15610342,0.15405208,0.15200225,0.14995609,0.14791587,0.14588383,0.14386216,0.14185308,0.13985884,0.13788164,0.1359237,0.13398728,0.13218077,0.1306036,0.12924449,0.12809215,0.12713534,0.12636271,0.12576304,0.12532507,0.12503748,0.12488892,0.12486826,0.12496413,0.12516527,0.1254604,0.12583826
0.18186772,0.18172148,0.18159848,0.18150242,0.18143699,0.18140577,0.18141247,0.18146083,0.18155442,0.181697,0.18189217,0.18214363,0.18245505,0.18283011,0.18327248,0.18378578,0.18437375,0.18506846,0.18589072,0.18682738,0.18786517,0.18899098,0.19019154,0.19145371,0.19276424,0.19411,0.19547772,0.19685425,0.19822639,0.19958091,0.20090464,0.20218441,0.20340697,0.20455915,0.20562775,0.20659958,0.20746145,0.20820014,0.20880246,0.2092552,0.20954521,0.20965925,0.20958418,0.20930669,0.20881371,0.20809194,0.20712827,0.20590945,0.20442227,0.20275801,0.2010191,0.1992092,0.19733204,0.19539122,0.19339046,0.19133337,0.18922369,0.18706506,0.18486115,0.18261565,0.18033223,0.17801452,0.17566621,0.173291,0.17089255,0.16847448,0.16604052,0.16359434,0.16113959,0.15867995,0.15621907,0.15376066,0.15130833,0.14886582,0.14643675,0.14402483,0.14163372,0.13926706,0.13692854,0.13462187,0.13235067,0.13023698,0.12839165,0.12680145,0.12545319,0.124333665,0.12342967,0.12272806,0.122215584,0.12187907,0.12170532,0.12168112,0.12179329,0.12202862,0.12237394,0.12281605
0.1817974,0.18159369,0.18142238,0.18128857,0.18119738,0.18115394,0.1811633,0.18123063,0.18136105,0.18155962,0.1818315,0.18218176,0.18261558,0.183138,0.18375419,0.18446925,0.18528831,0.18623903,0.18733579,0.1885634,0.18990678,0.19135085,0.19288047,0.19448057,0.19613606,0.1978318,0.1995527,0.20128371,0.20300964,0.20471546,0.20638603,0.20800626,0.20956108,0.21103534,0.21241395,0.21368183,0.21482384,0.21582495,0.21666999,0.21734388,0.21783154,0.21811785,0.21818769,0.218026,0.21761762,0.2169475,0.21600051,0.21476161,0.21321563,0.21145737,0.20959514,0.20763408,0.20557927,0.2034358,0.20120881,0.1989034,0.19652468,0.1940778,0.19156785,0.18899997,0.18637922,0.18371077,0.18099968,0.17825109,0.1754701,0.17266187,0.16983148,0.16698402,0.16412462,0.16125847,0.15839055,0.15552606,0.15267012,0.14982776,0.14700419,0.14420448,0.14143372,0.13869707,0.13599962,0.1333465,0.13074279,0.12832406,0.1262124,0.124392726,0.12284989,0.12156878,0.120534375,0.11973147,0.11914505,0.11875997,0.11856115,0.11853345,0.11866179,0.11893113,0.119326256,0.11983215
0.18169859,0.18143773,0.18121837,0.181047,0.18093023,0.18087457,0.18088657,0.1809728,0.18113978,0.18139407,0.18174224,0.18219082,0.18274634,0.18341537,0.18420447,0.18512017,0.18616901,0.18737438,0.18874389,0.1902606,0.1919075,0.1936676,0.19552395,0.19745956,0.19945744,0.2015006,0.20357206,0.20565484,0.20773198,0.20978644,0.21180132,0.21375957,0.21564421,0.2174383,0.21912482,0.2206868,0.22210726,0.22336923,0.2244557,0.22534971,0.22603427,0.22649239,0.22670709,0.22666141,0.22633831,0.22572087,0.2247921,0.22353499,0.22193256,0.22008307,0.21810038,0.21599115,0.21376182,0.211419,0.20896922,0.20641904,0.20377497,0.20104359,0.19823147,0.19534512,0.19239111,0.18937597,0.18630627,0.18318854,0.18002935,0.1768352,0.17361273,0.17036837,0.16710876,0.16384043,0.16056988,0.15730375,0.15404847,0.15081069,0.14759691,0.14441372,0.1412676,0.13816515,0.1351129,0.13211742,0.12918524,0.12646522,0.124090455,0.12204408,0.12030902,0.11886835,0.117705025,0.11680214,0.11614264,0.1157096,0.11548598,0.11545486,0.1155992,0.11590205,0.116346434,0.11691534
0.18155907,0.18124151,0.18097444,0.18076581,0.18062364,0.18055587,0.18057048,0.18067546,0.18087877,0.18118833,0.18161218,0.1821583,0.18283461,0.18364911,0.18460974,0.18572454,0.18700142,0.18845932,0.1900992,0.19190234,0.1938498,0.19592285,0.19810253,0.20037018,0.2027068,0.20509367,0.20751192,0.20994271,0.21236725,0.21476667,0.21712215,0.21941486,0.22162598,0.22373667,0.2257281,0.22758143,0.22927782,0.23079845,0.23212454,0.23323719,0.2341176,0.2347469,0.23510633,0.23517704,0.23494014,0.23437689,0.23346835,0.2321958,0.23054034,0.22860344,0.22650445,0.22425134,0.22185203,0.21931459,0.21664688,0.213857,0.21095277,0.20794232,0.20483352,0.20163435,0.19835281,0.19499686,0.19157448,0.18809365,0.18456231,0.18098846,0.17738006,0.17374507,0.17009151,0.1664273,0.16276044,0.15909888,0.15545063,0.15182362,0.14822587,0.14466529,0.1411499,0.13768764,0.13428654,0.1309545,0.12769955,0.1246835,0.12205033,0.11978123,0.11785735,0.1162599,0.11496998,0.113968804,0.11323755,0.11275738,0.112509444,0.11247492,0.11263497,0.11297077,0.11346353,0.11409434
0.18136661,0.18099289,0.18067862,0.18043317,0.18026586,0.18018612,0.1802033,0.1803268,0.18056603,0.18093036,0.18142912,0.18207176,0.18286763,0.1838261,0.18495657,0.1862684,0.18777099,0.18947873,0.19138591,0.19347195,0.19571622,0.19809803,0.20059675,0.20319185,0.20586258,0.20858832,0.21134844,0.21412235,0.21688935,0.21962892,0.22232027,0.22494282,0.22747597,0.22989903,0.23219146,0.23433253,0.23630166,0.23807816,0.2396414,0.24097078,0.2420457,0.24284545,0.2433494,0.24353695,0.24338745,0.24288025,0.24199475,0.24071027,0.2390062,0.23698698,0.23477696,0.23238556,0.22982222,0.22709624,0.22421701,0.22119394,0.21803644,0.21475384,0.2113555,0.20785086,0.20424926,0.20056011,0.19679281,0.19295667,0.18906116,0.18511559,0.18112935,0.17711188,0.17307249,0.16902058,0.16496557,0.16091679,0.15688367,0.15287556,0.14890186,0.14497189,0.14109513,0.13728091,0.13353859,0.12987761,0.12630731,0.12300213,0.12011656,0.11762996,0.11552166,0.11377104,0.1123575,0.11126035,0.110459,0.109932795,0.109661065,0.10962327,0.10979865,0.110166684,0.11070663,0.11139794
0.18110901,0.18067987,0.18031898,0.1800371,0.17984498,0.1797534,0.17977315,0.17991498,0.18018968,0.18060805,0.18118082,0.18191876,0.18283264,0.18393327,0.1852314,0.18673782,0.18846327,0.1904175,0.19258817,0.19495283,0.19748916,0.20017473,0.20298718,0.2059041,0.20890309,0.21196179,0.2150578,0.2181688,0.22127222,0.22434588,0.22736727,0.23031402,0.23316377,0.23589414,0.23848267,0.24090707,0.24314488,0.24517372,0.24697126,0.24851508,0.24978274,0.25075194,0.2514002,0.25170523,0.25164452,0.25119582,0.25033665,0.24904464,0.24729744,0.245202,0.24288757,0.24036486,0.23764461,0.23473768,0.23165478,0.22840668,0.22500415,0.22145797,0.21777897,0.21397787,0.21006544,0.20605248,0.2019497,0.19776794,0.193518,0.18921056,0.18485647,0.18046644,0.17605129,0.17162177,0.16718863,0.16276269,0.15835471,0.15397547,0.14963573,0.14534627,0.14111786,0.1369612,0.13288721,0.12890653,0.12503004,0.12144425,0.1183137,0.11561595,0.11332866,0.11142943,0.10989586,0.108705565,0.10783616,0.10726528,0.10697051,0.10692947,0.10711977,0.10751902,0.10810482,0.108854815
0.18077405,0.18029034,0.17988352,0.17956579,0.1793492,0.17924601,0.17926826,0.17942815,0.1797378,0.18020938,0.18085498,0.18168677,0.18271694,0.18395756,0.1854208,0.1871188,0.18906373,0.19126053,0.19369009,0.19632834,0.19915116,0.20213448,0.20525426,0.20848638,0.21180679,0.21519141,0.21861614,0.22205694,0.2254897,0.22889036,0.23223487,0.23549911,0.238659,0.24169043,0.24456944,0.24727191,0.2497737,0.25205082,0.2540791,0.25583446,0.2572929,0.2584304,0.25922272,0.25964585,0.25967574,0.25928834,0.25845948,0.25716516,0.25538126,0.25321707,0.25080594,0.24816008,0.24529158,0.24221258,0.23893529,0.23547176,0.23183422,0.22803469,0.2240855,0.21999864,0.21578628,0.21146058,0.20703374,0.20251781,0.19792499,0.19326742,0.18855721,0.18380652,0.1790275,0.17423227,0.16943303,0.16464186,0.15987094,0.15513241,0.15043838,0.14580104,0.14123252,0.13674495,0.13235044,0.12806122,0.12388933,0.120033026,0.11666628,0.11376501,0.11130513,0.109262615,0.10761334,0.10633327,0.10539827,0.10478431,0.10446731,0.10442316,0.10462782,0.10505718,0.10568721,0.106493756
0.18034947,0.17981218,0.17936032,0.1790073,0.1787668,0.17865214,0.17867686,0.17885445,0.17919843,0.17972228,0.1804394,0.18136339,0.1825077,0.18388581,0.18551122,0.1873974,0.18955787,0.19199272,0.19467592,0.1975818,0.20068465,0.20395881,0.20737857,0.2109182,0.21455206,0.21825443,0.22199962,0.22576195,0.22951567,0.23323515,0.23689471,0.2404686,0.24393119,0.24725673,0.2504195,0.25339395,0.2561542,0.2586747,0.26092964,0.26289353,0.2645404,0.2658448,0.26678088,0.26732296,0.26744545,0.26712263,0.2663287,0.265038,0.26322496,0.26100045,0.2585017,0.2557422,0.25273535,0.24949469,0.24603373,0.24236594,0.23850484,0.23446386,0.23025651,0.2258963,0.2213967,0.2167712,0.21203329,0.20719649,0.20227423,0.19728003,0.19222741,0.18712978,0.1820007,0.17685366,0.17170209,0.16655953,0.16143945,0.1563553,0.15132064,0.14634894,0.14145368,0.13664834,0.13194641,0.1273614,0.122906744,0.11879159,0.115198836,0.11210283,0.10947785,0.107298225,0.10553824,0.10417224,0.10317451,0.102519326,0.10218101,0.10213394,0.102352306,0.1028105,0.103482805,0.10434354
0.17982316,0.17923336,0.17873733,0.17834991,0.17808583,0.17795998,0.17798713,0.17818207,0.17855963,0.17913465,0.17992187,0.18093613,0.18219222,0.18370497,0.18548922,0.18755968,0.18993121,0.19259891,0.1955298,0.1986966,0.20207219,0.20562929,0.20934062,0.21317902,0.21711728,0.22112812,0.22518435,0.22925875,0.23332404,0.23735306,0.24131852,0.24519324,0.24894996,0.2525615,0.25600058,0.25924003,0.26225254,0.26501104,0.26748815,0.26965666,0.27148935,0.2729591,0.27403858,0.2747006,0.27491796,0.27466336,0.27390954,0.27262947,0.2707957,0.26852062,0.2659445,0.2630821,0.25994825,0.25655773,0.25292534,0.24906595,0.24499434,0.24072528,0.23627359,0.23165418,0.22688167,0.22197099,0.21693695,0.21179429,0.20655784,0.20124248,0.19586292,0.190434,0.18497054,0.17948732,0.17399919,0.16852091,0.16306736,0.15765321,0.15229341,0.1470027,0.14179592,0.13668779,0.13169321,0.12682696,0.12210384,0.11774306,0.11393595,0.11065518,0.10787356,0.105563864,0.103698865,0.10225132,0.101194054,0.10049978,0.10014129,0.10009134,0.10032278,0.10080831,0.101520754,0.10243283
0.17918283,0.17854175,0.17800263,0.17758153,0.17729454,0.17715774,0.17718723,0.17739913,0.1778095,0.17843448,0.17929012,0.1803925,0.18175778,0.18340197,0.18534124,0.18759164,0.19016927,0.193064,0.19623587,0.19965608,0.20329617,0.20712733,0.21112098,0.21524836,0.21948087,0.22378983,0.22814655,0.23252238,0.23688869,0.24121672,0.24547791,0.24964352,0.2536849,0.2575734,0.2612804,0.26477712,0.26803496,0.27102524,0.2737193,0.2760885,0.27810404,0.27973744,0.28095993,0.2817429,0.2820576,0.2818754,0.28116772,0.27990574,0.2780609,0.27574605,0.27310395,0.27015078,0.2669025,0.26337534,0.25958526,0.25554845,0.25128093,0.24679892,0.2421183,0.23725535,0.23222613,0.22704667,0.22173311,0.21630147,0.21076795,0.20514861,0.19945954,0.19371681,0.18793654,0.1821348,0.17632769,0.17053132,0.16476177,0.15903513,0.1533675,0.14777498,0.14227365,0.13687962,0.13160895,0.12647778,0.121502176,0.1169107,0.11290214,0.109447785,0.10651902,0.104087114,0.10212344,0.10059933,0.09948611,0.098755084,0.098377645,0.098325096,0.09856874,0.09908,0.09983011,0.10079044
0.17841628,0.17772532,0.17714427,0.17669035,0.17638105,0.1762336,0.17626542,0.17649381,0.1769361,0.17760971,0.1785319,0.17972007,0.18119155,0.1829637,0.18505387,0.18747936,0.19025752,0.19337288,0.19677827,0.20044369,0.20433913,0.2084346,0.21270011,0.21710567,0.22162122,0.22621675,0.23086232,0.2355279,0.24018346,0.24479905,0.24934456,0.25379017,0.25810564,0.2622611,0.2662266,0.26997203,0.27346742,0.2766828,0.2795881,0.2821534,0.28434858,0.28614366,0.28750876,0.2884138,0.28882873,0.28872356,0.28806838,0.28683302,0.28498766,0.28264508,0.27994975,0.2769192,0.27357057,0.26992133,0.2659887,0.2617902,0.25734302,0.2526646,0.24777217,0.24268317,0.23741499,0.23198493,0.22641028,0.22070844,0.21489674,0.20899256,0.20301318,0.19697598,0.19089833,0.18479754,0.17869098,0.17259595,0.16652985,0.16051002,0.15455377,0.14867848,0.14290148,0.13724011,0.13171174,0.1263337,0.121123314,0.11631759,0.11212196,0.10850643,0.10544097,0.10289559,0.100840285,0.09924504,0.098079875,0.09731478,0.09691971,0.096864685,0.09711975,0.09765482,0.09843995,0.09944506
0.17751129,0.17677198,0.17615022,0.17566456,0.17533359,0.17517582,0.17520988,0.1754542,0.1759275,0.17664821,0.177635,0.17890638,0.18048087,0.18237707,0.18461354,0.1872088,0.1901815,0.19351038,0.1971412,0.20104265,0.20518352,0.2095326,0.21405864,0.21873039,0.2235167,0.22838624,0.23330784,0.23825026,0.2431823,0.2480727,0.2528902,0.25760365,0.2621817,0.26659325,0.27080697,0.27479172,0.27851617,0.28194922,0.28505948,0.2878159,0.2901871,0.2921419,0.29364908,0.2946774,0.2951957,0.2951726,0.29457703,0.29337767,0.2915433,0.28918615,0.2864516,0.28335825,0.2799247,0.27616927,0.2721108,0.26776776,0.26315865,0.25830212,0.25321668,0.24792084,0.24243322,0.23677248,0.230957,0.2250054,0.21893625,0.21276815,0.20651959,0.20020919,0.19385548,0.18747702,0.1810924,0.17472011,0.16837876,0.16208693,0.15586309,0.14972593,0.14369391,0.13778564,0.13201965,0.12641451,0.12098879,0.11598689,0.111619964,0.10785682,0.104666196,0.10201691,0.099877685,0.09821731,0.09700456,0.09620822,0.09579706,0.09573978,0.09600524,0.09656215,0.09737933,0.098425515
0.17645563,0.1756696,0.17500855,0.17449223,0.17414029,0.17397258,0.17400876,0.17426857,0.17477176,0.17553806,0.17658718,0.1779389,0.17961293,0.18162896,0.1840068,0.18676613,0.18992668,0.1934615,0.19730885,0.2014364,0.20581183,0.21040283,0.21517701,0.2201021,0.22514573,0.23027559,0.2354593,0.24066454,0.24585909,0.2510105,0.25608647,0.26105464,0.26588273,0.2705384,0.27498928,0.27920303,0.28314736,0.28678998,0.29009843,0.2930405,0.2955838,0.297696,0.29934475,0.30049783,0.30112273,0.3011873,0.30065906,0.29950577,0.29769504,0.29533765,0.29257905,0.28943884,0.28593698,0.28209305,0.27792674,0.2734579,0.26870626,0.26369148,0.25843337,0.25295156,0.24726583,0.24139601,0.2353617,0.22918266,0.22287866,0.21646944,0.2099747,0.20341417,0.19680764,0.19017471,0.18353531,0.176909,0.17031555,0.16377477,0.15730634,0.15093,0.1446655,0.13853249,0.13255084,0.12674014,0.12112022,0.115941726,0.11142067,0.10752469,0.10422145,0.101478636,0.0992639,0.09754494,0.09628938,0.09546494,0.095039226,0.09497994,0.09525478,0.09583136,0.09667736,0.097760454
0.17523715,0.17440619,0.1737073,0.17316143,0.1727894,0.17261204,0.17265029,0.172925,0.17345697,0.17426707,0.17537622,0.17680523,0.17857498,0.18070634,0.18322013,0.18613726,0.18947859,0.19321099,0.19726533,0.20160832,0.20620656,0.21102682,0.21603583,0.2212002,0.22648668,0.231862,0.2372928,0.24274577,0.24818769,0.25358522,0.258905,0.26411375,0.26917827,0.27406514,0.27874112,0.28317285,0.2873271,0.2911705,0.2946698,0.29779172,0.30050287,0.30277002,0.3045599,0.30583912,0.3065743,0.30673242,0.30627993,0.30518362,0.30341017,0.30106798,0.2983017,0.29513204,0.29157987,0.2876662,0.28341177,0.27883735,0.27396408,0.26881254,0.26340377,0.25775853,0.25189772,0.24584222,0.2396129,0.23323056,0.22671609,0.22009037,0.21337429,0.2065886,0.19975428,0.19289213,0.18602303,0.17916787,0.17234743,0.16558264,0.15889437,0.1523034,0.14583066,0.13949704,0.13332331,0.12733041,0.12153913,0.116205335,0.111548655,0.107535824,0.1041335,0.10130841,0.09902727,0.09725674,0.09596352,0.09511433,0.09467585,0.09461482,0.09489788,0.09549175,0.09636314,0.09747875
0.17384356,0.17296953,0.17223446,0.17166032,0.17126901,0.17108251,0.17112274,0.17141165,0.17197117,0.17282325,0.17398985,0.17549287,0.1773543,0.17959605,0.18224005,0.1853083,0.18882272,0.19274382,0.19699486,0.20154166,0.20635015,0.21138611,0.21661553,0.2220042,0.22751798,0.23312278,0.23878452,0.24446896,0.25014204,0.25576955,0.2613175,0.26675162,0.27203792,0.2771422,0.28203028,0.28666812,0.2910216,0.29505637,0.29873863,0.30203408,0.30490857,0.30732802,0.30925825,0.31066525,0.3115147,0.3117727,0.311405,0.31037745,0.30865592,0.3063457,0.30358925,0.30040863,0.29682574,0.2928625,0.2885409,0.28388286,0.27891025,0.27364516,0.26810938,0.262325,0.25631383,0.25009784,0.24369907,0.23713936,0.23044066,0.22362494,0.21671416,0.20973027,0.20269513,0.19563074,0.18855903,0.18150198,0.17448147,0.16751951,0.16063797,0.15385883,0.14720404,0.14069553,0.13435525,0.1282051,0.12226709,0.116800785,0.112028435,0.10791592,0.10442907,0.10153382,0.09919602,0.09738151,0.096056156,0.09518587,0.0947365,0.09467395,0.094964035,0.095572665,0.09646571,0.09760902
0.17226268,0.17134768,0.17057812,0.16997704,0.16956736,0.16937213,0.16941422,0.1697167,0.17030244,0.17119451,0.17241581,0.17398939,0.17593813,0.17828503,0.18105312,0.1842653,0.18794456,0.19204484,0.19648157,0.20121995,0.20622513,0.21146229,0.21689673,0.22249356,0.22821803,0.2340353,0.23991059,0.24580906,0.2516959,0.25753638,0.26329562,0.26893887,0.27443135,0.27973807,0.2848245,0.28965566,0.29419678,0.29841307,0.30226976,0.30573198,0.30876493,0.31133386,0.313404,0.31494036,0.31590837,0.31627306,0.3159997,0.31505346,0.31339955,0.311139,0.3084114,0.30523962,0.30164677,0.29765573,0.29328945,0.28857094,0.28352323,0.27816918,0.27253184,0.2666341,0.26049906,0.25414956,0.24760868,0.24089932,0.2340445,0.22706713,0.21999024,0.21283679,0.20562969,0.198392,0.19114664,0.18391658,0.17672485,0.16959436,0.16254807,0.155609,0.14880012,0.14214434,0.13566472,0.12938416,0.12332566,0.11775129,0.1128846,0.10869075,0.105134994,0.10218248,0.09979843,0.09794807,0.09659651,0.095709026,0.095250785,0.095186986,0.0954828,0.096103474,0.09701416,0.098180085
0.17048228,0.16952842,0.16872625,0.16809966,0.1676726,0.16746908,0.16751297,0.16782825,0.16843887,0.1693688,0.17064194,0.17228226,0.17431372,0.17676021,0.17964576,0.18299425,0.18682963,0.19109893,0.19570965,0.20062637,0.20581388,0.21123685,0.21685994,0.2226478,0.22856517,0.23457673,0.2406471,0.24674109,0.2528233,0.25885838,0.26481104,0.27064604,0.27632797,0.28182158,0.28709146,0.2921024,0.29681906,0.30120605,0.30522814,0.30885,0.31203625,0.31475165,0.31696087,0.31862858,0.31971943,0.32019818,0.32002944,0.31917793,0.31760833,0.3154165,0.31273773,0.30959603,0.30601525,0.30201948,0.2976325,0.2928784,0.2877811,0.28236452,0.27665251,0.27066913,0.26443836,0.2579841,0.25133023,0.24450083,0.2375197,0.23041089,0.2231983,0.21590586,0.2085576,0.20117739,0.1937892,0.18641692,0.17908463,0.17181616,0.16463551,0.15756659,0.15063341,0.1438598,0.13726982,0.13088736,0.1247364,0.11907996,0.11414163,0.10988605,0.10627795,0.103282,0.10086284,0.09898521,0.09761379,0.09671323,0.096248224,0.096183494,0.09648368,0.09711348,0.09803757,0.09922066
0.16849019,0.16749983,0.16666691,0.16601633,0.16557291,0.16536157,0.16540717,0.16573456,0.16636854,0.16733406,0.16865596,0.17035909,0.1724683,0.17500849,0.17800449,0.1814812,0.18546346,0.18989098,0.1946632,0.19974442,0.20509902,0.2106913,0.21648565,0.2224464,0.22853784,0.2347244,0.2409704,0.24724019,0.25349802,0.25970834,0.2658355,0.2718438,0.27769753,0.28336114,0.28879893,0.29397526,0.29885444,0.30340078,0.3075787,0.31135258,0.31468672,0.31754535,0.31989294,0.32169384,0.32291234,0.3235128,0.3234596,0.322717,0.32124949,0.3191464,0.31653786,0.3134486,0.30990353,0.30592752,0.30154535,0.296782,0.2916623,0.28621098,0.28045303,0.2744134,0.26811677,0.26158813,0.25485227,0.2479341,0.24085842,0.23365018,0.22633417,0.2189353,0.21147841,0.20398837,0.19649005,0.18900831,0.18156798,0.17419398,0.16691115,0.15974432,0.15271841,0.14585823,0.13918868,0.13273458,0.12652087,0.12080998,0.1158241,0.11152758,0.10788474,0.10485992,0.10241749,0.100521795,0.09913715,0.09822794,0.097758465,0.09769309,0.09799616,0.09863203,0.09956503,0.100759506
0.16627419,0.16524969,0.1643881,0.16371514,0.1632565,0.16303788,0.16308506,0.16342364,0.16407949,0.16507822,0.1664456,0.16820735,0.17038915,0.17301674,0.17611586,0.17971222,0.1838315,0.18840587,0.19332644,0.19855739,0.20406292,0.20980723,0.21575443,0.22186877,0.22811447,0.23445563,0.24085648,0.24728121,0.253694,0.26005912,0.26634055,0.27250263,0.2785096,0.2843255,0.2899146,0.29524106,0.300269,0.30496278,0.3092865,0.31320426,0.31668037,0.31967896,0.32216418,0.32410035,0.32545143,0.32618183,0.32625568,0.32563704,0.32429028,0.3222974,0.31978154,0.31676847,0.31328392,0.30935353,0.30500308,0.30025828,0.2951449,0.2896885,0.28391498,0.2778499,0.27151915,0.2649484,0.2581632,0.2511894,0.24405283,0.23677897,0.22939374,0.22192274,0.21439175,0.20682648,0.19925259,0.1916959,0.18418205,0.17673677,0.16938582,0.16215488,0.15506966,0.14815593,0.14143936,0.13494569,0.12870063,0.12296448,0.117956564,0.11364102,0.109982096,0.10694392,0.104490675,0.10258659,0.10119585,0.100282595,0.09981105,0.09974538,0.10004979,0.10068849,0.10162559,0.10282536
0.16382194,0.162766,0.16187792,0.16118424,0.16071148,0.16048615,0.16053477,0.1608838,0.1615598,0.16258925,0.16399868,0.16581461,0.16806352,0.17077193,0.17396638,0.17767331,0.1819193,0.18662848,0.19168353,0.19704866,0.20268811,0.20856608,0.21464682,0.22089447,0.22727337,0.23374765,0.24028157,0.24683931,0.25338516,0.2598833,0.26629797,0.27259335,0.27873373,0.28468323,0.29040617,0.29586667,0.3010291,0.30585754,0.31031632,0.3143695,0.3179815,0.32111642,0.3237385,0.32581195,0.32730108,0.32816997,0.32838297,0.32790422,0.32669795,0.32483768,0.32243833,0.3195265,0.31612864,0.31227127,0.30798092,0.30328408,0.29820728,0.292777,0.2870198,0.28096214,0.2746305,0.26805145,0.26125154,0.25425714,0.24709493,0.2397913,0.23237278,0.22486594,0.2172972,0.2096931,0.20208022,0.19448498,0.18693393,0.17945358,0.1720704,0.16481096,0.15770172,0.15076923,0.14404,0.13754047,0.13129725,0.12556665,0.12056356,0.11625219,0.112596795,0.10956153,0.10711069,0.10520844,0.103819035,0.10290666,0.10243558,0.102369964,0.102674104,0.10331216,0.104248375,0.105446965
0.1611214,0.16003662,0.15912431,0.15841174,0.15792608,0.15769461,0.15774453,0.1581031,0.15879753,0.15985507,0.16130294,0.1631684,0.16547863,0.16826093,0.17154248,0.17535055,0.17971233,0.1845437,0.18971863,0.19520162,0.20095707,0.20694949,0.2131433,0.21950297,0.22599298,0.23257774,0.23922175,0.24588947,0.25254536,0.25915384,0.2656794,0.2720864,0.2783395,0.284403,0.29024136,0.2958191,0.30110067,0.30605054,0.3106331,0.31481287,0.31855428,0.32182178,0.32457986,0.32679296,0.32842556,0.32944205,0.32980695,0.3294847,0.32843977,0.32673573,0.32447788,0.3216936,0.31841004,0.3146544,0.31045398,0.30583605,0.3008277,0.2954563,0.28974897,0.28373307,0.2774357,0.2708842,0.26410574,0.25712758,0.24997695,0.2426811,0.23526722,0.22776255,0.22019434,0.21258982,0.20497623,0.1973808,0.18983075,0.18235333,0.17497575,0.16772528,0.16062911,0.1537145,0.14700864,0.14053886,0.13433228,0.12863962,0.12366964,0.11938681,0.11575558,0.11274043,0.110305786,0.108416125,0.10703591,0.10612959,0.10566162,0.10559646,0.105898574,0.1065324,0.10746242,0.10865308
0.15833835,0.15722927,0.15629654,0.15556794,0.1550714,0.15483473,0.15488581,0.1552524,0.15596241,0.15704367,0.15852399,0.16043124,0.1627933,0.16563797,0.1689931,0.1728865,0.17734608,0.18227947,0.18755232,0.19312948,0.19897594,0.20505646,0.211336,0.2177794,0.22435164,0.23101744,0.23774186,0.24448961,0.25122568,0.25791487,0.26452228,0.27101246,0.27735052,0.28350136,0.28942966,0.29510057,0.3004787,0.30552915,0.3102167,0.31450626,0.31836268,0.32175085,0.32463574,0.3269821,0.3287549,0.32991895,0.33043933,0.3302806,0.3294079,0.32787406,0.32577413,0.32313588,0.3199871,0.3163558,0.31226972,0.3077566,0.30284446,0.29756108,0.2919343,0.285992,0.2797619,0.27327195,0.26655,0.25962383,0.2525214,0.2452704,0.2378988,0.23043433,0.22290494,0.2153384,0.2077626,0.20020533,0.19269447,0.18525787,0.17792334,0.17071876,0.163672,0.15681082,0.15016308,0.14375667,0.13761947,0.1319948,0.1270842,0.12285253,0.1192647,0.11628556,0.11388002,0.11201293,0.1106492,0.10975371,0.10929134,0.10922695,0.10952544,0.110151716,0.11107061,0.11224704
0.155644,0.15451653,0.15356834,0.15282774,0.15232298,0.15208238,0.1521343,0.15250696,0.1532287,0.15432785,0.15583268,0.1577715,0.16017263,0.16306435,0.16647495,0.1704328,0.17496616,0.17997512,0.18531787,0.19095987,0.19686669,0.2030037,0.20933633,0.21583012,0.22245054,0.22916305,0.23593311,0.24272618,0.24950776,0.25624326,0.26289818,0.26943803,0.2758283,0.28203428,0.28802168,0.2937558,0.29920214,0.30432618,0.30909345,0.31346935,0.31741935,0.3209089,0.32390353,0.32636872,0.3282698,0.32957235,0.33024198,0.33024386,0.3295436,0.32818365,0.32624817,0.32376537,0.32076374,0.31727153,0.313317,0.30892846,0.3041343,0.2989627,0.29344204,0.28760058,0.2814666,0.27506852,0.26843452,0.26159298,0.25457224,0.24740048,0.24010609,0.23271735,0.22526255,0.21777005,0.21026811,0.20278499,0.19534907,0.18798865,0.18073198,0.17360741,0.16664325,0.1598677,0.15330924,0.14699604,0.14095648,0.13542569,0.1305971,0.12643602,0.1229081,0.11997869,0.11761329,0.11577738,0.11443641,0.11355586,0.11310119,0.11303788,0.1133314,0.11394722,0.11485078,0.11600759
0.15303393,0.1518938,0.15093498,0.150186,0.1496756,0.14943232,0.14948474,0.14986163,0.1505915,0.15170297,0.15322472,0.15518534,0.15761344,0.16053765,0.16398662,0.16798894,0.17257324,0.17763263,0.18301868,0.18869764,0.19463566,0.20079894,0.20715371,0.21366617,0.22030252,0.22702903,0.2338118,0.24061713,0.24741116,0.25416017,0.26083028,0.26738784,0.2737989,0.2800298,0.2860466,0.29181567,0.2973031,0.30247518,0.307298,0.31173795,0.31576112,0.3193337,0.32242197,0.3249921,0.32701024,0.3284427,0.32925564,0.32941526,0.32888785,0.32770506,0.3259403,0.32362217,0.32077926,0.31744033,0.31363377,0.30938852,0.3047329,0.2996956,0.29430535,0.28859082,0.2825804,0.2763029,0.2697868,0.26306093,0.2561537,0.24909385,0.24190995,0.23463066,0.2272846,0.21990038,0.21250658,0.20513189,0.19780488,0.1905542,0.1834085,0.17639634,0.1695464,0.1628872,0.15644751,0.15025584,0.1443409,0.1389286,0.13420342,0.13013153,0.12667914,0.123812534,0.1214978,0.11970123,0.11838898,0.11752731,0.11708237,0.11702041,0.11730765,0.117910266,0.11879447,0.1199265
0.15050377,0.14935637,0.14839141,0.1476377,0.147124,0.14687918,0.14693195,0.14731123,0.1480457,0.14916435,0.1506958,0.15266895,0.1551126,0.15805548,0.16152649,0.16555436,0.17016797,0.17525403,0.18065819,0.18634753,0.19228914,0.19845015,0.20479764,0.21129864,0.21792033,0.22462976,0.23139404,0.23818026,0.24495551,0.25168684,0.25834146,0.26488638,0.27128863,0.2775155,0.28353393,0.289311,0.29481384,0.3000096,0.3048653,0.30934814,0.3134251,0.31706324,0.32022977,0.3228918,0.32501635,0.32657042,0.32752132,0.32783598,0.32748157,0.3264792,0.3248911,0.32274613,0.32007298,0.3169007,0.3132578,0.3091733,0.30467597,0.29979455,0.29455778,0.28899464,0.28313377,0.2770041,0.27063444,0.26405346,0.25729012,0.25037313,0.24333131,0.23619345,0.2289884,0.22174495,0.21449189,0.20725803,0.20007215,0.19296314,0.1859597,0.17909071,0.17238495,0.1658712,0.1595783,0.15353505,0.14777024,0.14249979,0.13789842,0.13393322,0.13057135,0.12777978,0.1255257,0.12377619,0.12249835,0.12165925,0.121225975,0.12116566,0.12144535,0.12203218,0.122893214,0.123995595
0.1480492,0.14689966,0.1459328,0.14517762,0.14466296,0.14441767,0.14447054,0.14485054,0.14558649,0.1467072,0.14824161,0.15021852,0.15266682,0.15561537,0.159093,0.16312863,0.16775104,0.17284122,0.17823961,0.18391435,0.18983346,0.19596517,0.20227754,0.20873867,0.21531674,0.22197984,0.22869603,0.23543352,0.24216038,0.24884473,0.25545463,0.2619583,0.2683238,0.27451923,0.2805128,0.2862725,0.29176658,0.29696304,0.30183005,0.30633566,0.3104482,0.31413552,0.31736583,0.32010734,0.32232806,0.32399613,0.32507968,0.32554686,0.32536566,0.32454675,0.323141,0.32117724,0.31868446,0.31569132,0.31222692,0.30832002,0.3039994,0.29929388,0.29423252,0.28884414,0.2831574,0.27720138,0.27100483,0.2645967,0.25800574,0.25126085,0.24439092,0.2374248,0.23039132,0.22331937,0.21623775,0.20917542,0.2021612,0.19522393,0.18839243,0.18169567,0.17516246,0.16882159,0.16270202,0.15683256,0.1512421,0.14613552,0.14167725,0.13783534,0.13457793,0.1318732,0.12968922,0.1279941,0.12675598,0.12594298,0.1255232,0.12546471,0.12573573,0.12630431,0.12713857,0.12820666
0.14566588,0.1445189,0.14355426,0.14280081,0.14228728,0.14204253,0.14209531,0.14247447,0.14320873,0.14432694,0.14585783,0.14783028,0.15027305,0.15321492,0.15668468,0.16071115,0.16532312,0.17039618,0.17576633,0.18140282,0.18727487,0.19335179,0.19960289,0.20599735,0.21250452,0.21909362,0.22573395,0.23239477,0.23904532,0.24565491,0.2521928,0.25862825,0.26493052,0.27106893,0.27701268,0.28273106,0.28819346,0.293369,0.2982269,0.3027366,0.30686733,0.3105883,0.31386873,0.31667805,0.31898543,0.3207602,0.3219715,0.32258877,0.32258114,0.3219485,0.32073033,0.31895554,0.31665286,0.31385094,0.31057882,0.30686525,0.30273876,0.29822844,0.29336298,0.28817114,0.28268182,0.27692372,0.27092564,0.26471648,0.2583248,0.25177965,0.2451097,0.2383438,0.23151071,0.22463918,0.21775807,0.21089616,0.20408224,0.19734512,0.1907136,0.18421641,0.17788239,0.17174035,0.1658191,0.16014735,0.154754,0.14983207,0.14553498,0.14183202,0.13869242,0.1360855,0.13398048,0.13234667,0.13115332,0.1303697,0.1299651,0.12990876,0.13016996,0.13071798,0.13152206,0.13255154
0.1433494,0.1422095,0.14125083,0.14050205,0.13999173,0.13974847,0.13980094,0.1401777,0.14090745,0.14201874,0.14354017,0.14550039,0.14792803,0.15085165,0.15429993,0.15830149,0.16288488,0.16792093,0.17324172,0.17881781,0.18461971,0.19061798,0.19678316,0.20308578,0.20949647,0.21598564,0.22252391,0.22908182,0.23562993,0.24213879,0.24857885,0.25492075,0.26113504,0.26719224,0.27306286,0.27871746,0.2841266,0.28926083,0.29409078,0.29858682,0.30271953,0.3064596,0.30977738,0.31264362,0.31502867,0.3169032,0.3182377,0.31900275,0.31916887,0.3187252,0.3176997,0.31612098,0.31401753,0.31141815,0.30835137,0.30484572,0.30092996,0.29663265,0.29198238,0.28700778,0.28173754,0.27620015,0.2704243,0.2644386,0.25827166,0.2519521,0.24550861,0.23896964,0.2323639,0.22572,0.21906659,0.21243228,0.20584565,0.19933532,0.19292991,0.18665805,0.18054834,0.17462945,0.16892992,0.16347839,0.15830348,0.15358572,0.14946687,0.14591753,0.14290817,0.14040937,0.13839169,0.13682564,0.1356818,0.13493069,0.13454285,0.13448884,0.13473924,0.13526453,0.13603526,0.137022
0.14109538,0.13996683,0.13901772,0.13827631,0.13777107,0.13753025,0.13758218,0.13795523,0.1386777,0.13977796,0.14128426,0.14322506,0.14562857,0.14852321,0.15193728,0.1558991,0.160437,0.16541742,0.17066915,0.1761641,0.18187426,0.1877715,0.19382781,0.2000151,0.2063053,0.21267033,0.21908215,0.22551267,0.23193382,0.23831755,0.24463585,0.25086054,0.25696364,0.26291698,0.26869264,0.27426246,0.27959839,0.28467235,0.28945628,0.29392216,0.29804188,0.3017873,0.30513048,0.30804336,0.31049776,0.3124657,0.31391904,0.31482974,0.3151698,0.31491765,0.31408945,0.3127134,0.31081805,0.30843154,0.30558223,0.3022985,0.29860872,0.2945411,0.29012403,0.28538597,0.28035507,0.2750598,0.26952836,0.26378915,0.25787058,0.25180084,0.24560836,0.23932135,0.23296829,0.22657746,0.22017719,0.21379581,0.20746166,0.201203,0.19504829,0.18902577,0.1831638,0.17749073,0.17203487,0.16682458,0.16188811,0.15739276,0.1534681,0.15008606,0.14721859,0.14483757,0.14291501,0.14142278,0.14033286,0.13961716,0.13924764,0.13919619,0.13943474,0.13993526,0.14066967,0.14160988
0.13889953,0.13778622,0.13684988,0.13611852,0.13562006,0.13538252,0.13543375,0.13580173,0.13651448,0.13759984,0.13908589,0.14100045,0.14337157,0.14622714,0.14959511,0.15350348,0.15798014,0.16288759,0.16805185,0.17344648,0.17904478,0.18482028,0.19074629,0.19679634,0.20294379,0.20916212,0.21542478,0.2217051,0.22797658,0.2342126,0.24038665,0.24647214,0.25244248,0.2582711,0.26393136,0.26939684,0.27464086,0.2796369,0.28435835,0.2887786,0.29287118,0.2966094,0.2999668,0.3029168,0.3054327,0.30748808,0.3090563,0.31011078,0.31062493,0.3105666,0.30993998,0.30877298,0.30709356,0.30492967,0.3023093,0.29926026,0.29581073,0.29198846,0.2878215,0.28333774,0.2785652,0.27353173,0.26826543,0.26279408,0.2571458,0.25134838,0.24542983,0.2394182,0.23334126,0.22722712,0.22110365,0.21499878,0.2089405,0.20295678,0.19707555,0.19132473,0.1857323,0.18032622,0.17513439,0.17018482,0.16550542,0.16124944,0.15753378,0.15433185,0.15161705,0.14936282,0.14754261,0.14612989,0.14509799,0.14442039,0.14407057,0.14402181,0.1442477,0.14472152,0.14541687,0.14630702
0.13675748,0.13566296,0.13474251,0.13402352,0.13353351,0.13329998,0.13335037,0.13371214,0.13441278,0.1354798,0.13694066,0.13882284,0.14115375,0.143961,0.14727195,0.15111414,0.15551499,0.16033345,0.16539337,0.17066976,0.17613767,0.18177211,0.18754809,0.19344063,0.19942479,0.2054756,0.211568,0.21767706,0.22377774,0.2298452,0.23585431,0.24178016,0.24759783,0.25328225,0.2588084,0.26415142,0.26928633,0.27418795,0.27883157,0.28319213,0.28724444,0.2909638,0.29432505,0.29730338,0.29987362,0.30201086,0.30369022,0.3048866,0.3055751,0.30571285,0.30529174,0.30433953,0.30288357,0.30095133,0.2985703,0.29576793,0.29257175,0.28900927,0.28510785,0.280895,0.2763983,0.2716451,0.26666296,0.26147923,0.25612155,0.25061736,0.24499406,0.23927917,0.23350012,0.22768456,0.22185977,0.21605326,0.21029255,0.20460515,0.19901851,0.19356008,0.18825735,0.1831378,0.17822888,0.17355813,0.16915298,0.16515209,0.16165905,0.15864904,0.15609694,0.15397783,0.15226676,0.15093862,0.14996862,0.14933164,0.14900275,0.14895692,0.14916925,0.1496147,0.15026835,0.15110517
0.13466483,0.13359253,0.1326907,0.13198628,0.13150622,0.13127741,0.13132675,0.1316812,0.13236766,0.13341306,0.1348443,0.13668834,0.13897201,0.14172237,0.14496621,0.14873052,0.15304221,0.15775692,0.16269688,0.1678387,0.17315912,0.17863488,0.18424268,0.18995914,0.19576108,0.20162508,0.20752797,0.21344638,0.21935697,0.22523654,0.23106177,0.23680933,0.24245594,0.24797823,0.25335306,0.25855705,0.26356682,0.2683592,0.27291083,0.27719846,0.28119874,0.28488836,0.2882441,0.29124257,0.29386055,0.29607472,0.29786173,0.29919842,0.30006135,0.300397,0.3001853,0.2994531,0.29822743,0.2965351,0.29440308,0.2918583,0.28892764,0.2856381,0.2820165,0.27808985,0.27388495,0.26942888,0.26474848,0.2598705,0.25482225,0.24963029,0.24432173,0.23892343,0.23346227,0.22796531,0.2224593,0.21697126,0.21152811,0.20615672,0.20088404,0.19573699,0.19074248,0.18592742,0.18131876,0.1769434,0.1728283,0.16909689,0.16583918,0.16303189,0.1606517,0.15867534,0.15707949,0.15584083,0.15493616,0.15434209,0.15403531,0.15399265,0.15419063,0.15460612,0.15521573,0.15599617
0.13261725,0.13157015,0.1306895,0.13000168,0.1295329,0.12930945,0.12935762,0.12970376,0.13037404,0.1313949,0.13279249,0.13459314,0.13682315,0.1395088,0.14267643,0.14635219,0.15056248,0.15516005,0.15996577,0.16495809,0.1701155,0.17541648,0.18083942,0.18636289,0.1919653,0.19762513,0.20332083,0.20903088,0.21473382,0.22040798,0.22603193,0.2315841,0.23704295,0.24238697,0.24759462,0.25264436,0.2575147,0.26218402,0.26663086,0.27083367,0.2747709,0.27842104,0.28176254,0.2847739,0.2874336,0.28972,0.29161164,0.293087,0.29412454,0.29465994,0.2946609,0.29415372,0.29316443,0.29171956,0.2898454,0.2875681,0.28491408,0.28190953,0.27858075,0.2749541,0.2710558,0.26691216,0.26254943,0.25799397,0.25327206,0.24840985,0.24343379,0.23837006,0.23324509,0.22808498,0.22291613,0.21776484,0.21265733,0.20761992,0.20267889,0.19786057,0.19319117,0.18869704,0.18440442,0.18033963,0.17652896,0.1730802,0.17006926,0.16747458,0.16527471,0.16344804,0.16197307,0.16082826,0.15999208,0.15944304,0.15915948,0.15912001,0.15930307,0.15968704,0.16025046,0.16097179
0.13061033,0.1295912,0.1287341,0.12806459,0.12760833,0.12739086,0.12743779,0.12777463,0.12842707,0.12942064,0.1307809,0.13253348,0.13470396,0.1373179,0.14040092,0.1439786,0.14807649,0.15254475,0.15720344,0.16203278,0.1670131,0.1721247,0.1773479,0.18266301,0.18805034,0.19349016,0.19896281,0.20444863,0.20992787,0.2153808,0.22078782,0.22612917,0.2313852,0.23653619,0.24156249,0.24644434,0.25116208,0.25569603,0.2600264,0.2641337,0.26799807,0.2715998,0.27491927,0.27793676,0.2806327,0.28298718,0.28498068,0.2865934,0.28780568,0.28854248,0.28875914,0.28848112,0.287734,0.28654346,0.28493503,0.28293425,0.2805668,0.2778582,0.27483404,0.2715199,0.2679414,0.264124,0.26009354,0.25587544,0.25149524,0.24697861,0.2423511,0.2376383,0.23286581,0.22805928,0.22324412,0.21844602,0.21369061,0.2090034,0.20441003,0.19993603,0.19560702,0.19144857,0.18748629,0.18374574,0.18025252,0.17709824,0.17434442,0.17197135,0.16995935,0.16828866,0.16693966,0.16589265,0.16512786,0.16462564,0.16436635,0.16433026,0.16449764,0.16484886,0.16536418,0.1660239
0.12863977,0.12765104,0.12681949,0.12616998,0.1257273,0.12551636,0.12556185,0.12588866,0.12652163,0.12748556,0.12880524,0.13050556,0.13261127,0.13514724,0.13813828,0.1416092,0.14558487,0.14991304,0.15441315,0.15906748,0.16385818,0.16876744,0.17377749,0.1788706,0.18402892,0.18923466,0.19447003,0.19971733,0.20495865,0.21017626,0.21535237,0.22046918,0.22550891,0.23045374,0.23528592,0.23998764,0.24454118,0.24892865,0.25313228,0.25713435,0.26091704,0.26446253,0.26775306,0.27077082,0.273498,0.2759169,0.27800968,0.27975848,0.2811456,0.28208536,0.2825204,0.28247547,0.28197557,0.28104538,0.2797098,0.2779936,0.27592158,0.27351865,0.27080956,0.26781917,0.26457223,0.26109368,0.25740826,0.2535408,0.24951619,0.24535915,0.24109454,0.23674718,0.23234195,0.22790357,0.22345695,0.2190269,0.21463816,0.21031564,0.20608415,0.2019685,0.19799349,0.19418398,0.19056474,0.18716064,0.18399648,0.18114737,0.1786599,0.1765164,0.17469901,0.17318995,0.17197143,0.17102568,0.17033489,0.1698813,0.16964704,0.16961443,0.16976565,0.17008288,0.17054833,0.17114426
0.12670119,0.12574501,0.12494084,0.12431273,0.12388464,0.123680584,0.123724595,0.12404066,0.12465281,0.12558496,0.12686121,0.12850554,0.13054194,0.13299437,0.13588694,0.13924356,0.14308833,0.14726686,0.15159838,0.15606707,0.16065708,0.16535257,0.17013773,0.17499678,0.17991382,0.18487309,0.18985873,0.19485493,0.19984582,0.20481564,0.20974852,0.21462864,0.21944022,0.22416738,0.2287943,0.23330519,0.23768416,0.24191542,0.24598321,0.24987166,0.25356483,0.25704715,0.26030254,0.26331532,0.2660696,0.26854956,0.27073935,0.27262324,0.2741854,0.2753292,0.27598506,0.27617678,0.27592838,0.275264,0.27420747,0.2727828,0.27101412,0.26892543,0.26654068,0.26388383,0.26097894,0.25785002,0.25452107,0.25101608,0.24735902,0.24357396,0.23968497,0.23571584,0.2316907,0.22763364,0.2235685,0.21951942,0.21551035,0.21156526,0.20770821,0.20396318,0.20035414,0.19690515,0.1936402,0.1905833,0.18775845,0.18522376,0.18301088,0.18110393,0.17948708,0.17814462,0.17706057,0.1762192,0.17560466,0.17520109,0.17499273,0.17496374,0.17509824,0.17538044,0.17579457,0.1763247
0.124790214,0.12386843,0.123093225,0.12248771,0.12207505,0.12187836,0.12192079,0.122225456,0.122815534,0.12371417,0.12494449,0.1265296,0.1284927,0.1308569,0.13364533,0.13688116,0.14058751,0.14460817,0.14876236,0.15303628,0.15741606,0.16188791,0.16643804,0.17105263,0.17571786,0.1804199,0.18514498,0.18987927,0.19460896,0.19932024,0.20399927,0.20863228,0.21320541,0.2177049,0.2221169,0.22642764,0.23062325,0.23469,0.238614,0.24238144,0.2459786,0.24939153,0.25260657,0.25560978,0.25838742,0.26092568,0.26321068,0.26522872,0.26696584,0.26831502,0.26919362,0.26962486,0.2696319,0.26923782,0.26846576,0.26733887,0.26588032,0.26411322,0.2620607,0.25974602,0.25719208,0.25442222,0.25145954,0.24832712,0.24504817,0.2416458,0.23814318,0.2345634,0.23092964,0.22726499,0.22359261,0.21993572,0.2163174,0.21276073,0.20928898,0.20592512,0.20269248,0.1996141,0.1967131,0.19401266,0.19153592,0.18932375,0.18739243,0.18572812,0.18431702,0.18314533,0.18219925,0.18146491,0.18092857,0.18057638,0.18039453,0.18036921,0.1804866,0.18073295,0.18109433,0.18155701
0.12290248,0.122016706,0.12127175,0.12068988,0.12029331,0.120104305,0.12014506,0.12043786,0.121004894,0.12186844,0.123050734,0.124574,0.12646043,0.12873235,0.13141192,0.13452145,0.1380831,0.14193898,0.14590852,0.14997992,0.15414146,0.15838137,0.16268788,0.16704929,0.17145374,0.1758896,0.18034501,0.18480828,0.18926762,0.19371131,0.19812757,0.20250458,0.20683074,0.21109414,0.21528313,0.21938585,0.22339065,0.22728571,0.23105934,0.2346997,0.23819509,0.24153374,0.24470389,0.24769379,0.25049165,0.2530858,0.25546438,0.25761566,0.25952798,0.26108336,0.26218656,0.26285985,0.26312542,0.26300564,0.26252252,0.26169854,0.26055574,0.25911653,0.25740308,0.2554375,0.2532422,0.25083935,0.24825113,0.24549994,0.24260782,0.23959714,0.23649013,0.23330893,0.23007593,0.2268132,0.22354306,0.22028776,0.21706955,0.21391065,0.21083325,0.20785965,0.20501204,0.2023127,0.19978382,0.19744764,0.19532646,0.1934436,0.19179977,0.19038321,0.18918219,0.18818492,0.18737966,0.18675464,0.18629812,0.18599834,0.18584356,0.18582201,0.18592195,0.1861316,0.1864392,0.186833
0.12103366,0.12018515,0.11947152,0.11891411,0.11853424,0.118353166,0.118392214,0.1186727,0.11921588,0.120043136,0.12117566,0.12263484,0.12444199,0.12661833,0.12918523,0.13216391,0.13557577,0.13926125,0.14304015,0.14690281,0.15083957,0.15484075,0.15889673,0.16299781,0.16713431,0.1712966,0.17547499,0.17965984,0.18384144,0.18801016,0.19215634,0.19627032,0.20034239,0.20436291,0.20832224,0.21221067,0.21601854,0.2197362,0.22335403,0.22686233,0.23025139,0.23351157,0.23663321,0.23960671,0.24242227,0.24507034,0.24754119,0.24982522,0.25191268,0.25367504,0.25500423,0.25592157,0.2564484,0.256606,0.25641558,0.25589862,0.25507632,0.25397,0.2526009,0.25099048,0.24915986,0.24713044,0.24492349,0.24256036,0.24006231,0.23745063,0.23474663,0.23197167,0.22914697,0.22629386,0.22343373,0.22058769,0.2177772,0.21502352,0.21234794,0.20977177,0.20731632,0.2050029,0.20285276,0.20088722,0.19912763,0.19757959,0.19622807,0.19506343,0.19407594,0.193256,0.19259396,0.19208011,0.19170474,0.19145827,0.19133104,0.19131331,0.19139546,0.19156782,0.19182074,0.1921445
0.11917936,0.11836907,0.117687635,0.11715534,0.11679258,0.11661968,0.116656944,0.11692478,0.11744352,0.11823349,0.119314976,0.120708406,0.12243412,0.124512374,0.1269636,0.12980808,0.13306622,0.13657694,0.14016062,0.14380969,0.14751667,0.15127397,0.15507403,0.15890932,0.16277228,0.16665539,0.17055106,0.17445177,0.17834994,0.18223807,0.1861086,0.18995394,0.19376661,0.19753899,0.20126358,0.20493278,0.2085391,0.21207497,0.21553285,0.21890515,0.22218437,0.22536297,0.22843337,0.23138805,0.23421939,0.23691997,0.23948203,0.24189828,0.244161,0.24613084,0.24768713,0.24885006,0.24964009,0.25007752,0.25018272,0.24997596,0.24947765,0.24870819,0.24768773,0.24643677,0.24497561,0.24332461,0.24150407,0.23953442,0.23743585,0.2352288,0.2329336,0.23057058,0.22816019,0.22572264,0.22327824,0.22084746,0.21845056,0.2161079,0.21383983,0.21166672,0.20960888,0.20768662,0.20592034,0.20433034,0.20293698,0.201728,0.20067249,0.1997629,0.19899173,0.1983514,0.19783431,0.19743301,0.19713986,0.19694738,0.19684799,0.19683418,0.1968983,0.19703293,0.19723044,0.19748333
0.11733527,0.11656389,0.115915164,0.11540845,0.11506311,0.1148985,0.114934,0.11518898,0.115682796,0.116434775,0.11746438,0.11879085,0.12043365,0.12241214,0.1247456,0.12745346,0.13055508,0.13388799,0.13727327,0.1407054,0.14417908,0.14768885,0.15122925,0.15479493,0.15838046,0.16198042,0.16558939,0.16920199,0.17281277,0.17641632,0.18000728,0.18358016,0.1871296,0.1906502,0.19413647,0.19758308,0.20098455,0.20433551,0.20763056,0.21086423,0.21403119,0.21712595,0.22014312,0.22307728,0.22592303,0.22867501,0.23132768,0.23387574,0.23631372,0.23849152,0.2402756,0.24168529,0.24273995,0.24345897,0.24386165,0.2439674,0.24379563,0.24336559,0.24269675,0.24180852,0.24072006,0.23945095,0.23802045,0.23644787,0.23475273,0.23295425,0.23107189,0.22912498,0.22713287,0.22511494,0.22309057,0.22107913,0.21909992,0.21717235,0.21531582,0.21354963,0.21189317,0.21036583,0.20898697,0.20777592,0.20675208,0.2058851,0.20512818,0.20447592,0.20392288,0.20346373,0.20309293,0.20280513,0.20259497,0.20245692,0.20238565,0.20237572,0.20242175,0.20251827,0.2026599,0.20284125
0.115496956,0.11476488,0.114149235,0.113668345,0.11334059,0.11318438,0.11321807,0.11346006,0.11392871,0.11464238,0.1156195,0.116878375,0.11843745,0.12031509,0.12252962,0.12509952,0.12804307,0.13119645,0.13438147,0.13759474,0.14083306,0.14409322,0.14737186,0.1506657,0.15397157,0.15728617,0.16060618,0.16392834,0.16724949,0.17056623,0.17387535,0.1771736,0.18045765,0.18372431,0.18697028,0.1901923,0.19338708,0.19655138,0.19968191,0.2027754,0.20582865,0.20883828,0.21180116,0.21471389,0.21757329,0.22037604,0.22311892,0.22579862,0.22841188,0.23079787,0.23281024,0.23446724,0.2357873,0.23678888,0.2374902,0.23790973,0.23806587,0.23797694,0.23766144,0.23713754,0.23642379,0.23553851,0.23450008,0.23332685,0.23203728,0.23064962,0.22918233,0.22765386,0.22608241,0.22448657,0.22288449,0.22129472,0.21973555,0.21822542,0.21678264,0.21542569,0.2141728,0.21304248,0.21205305,0.2112229,0.21057041,0.21004714,0.20959032,0.20919667,0.20886292,0.2085858,0.20836203,0.2081883,0.20806143,0.20797811,0.20793512,0.20792912,0.2079569,0.20801516,0.20810065,0.20821005
0.113660105,0.11296747,0.11238495,0.11192994,0.11161984,0.111472026,0.1115039,0.11173285,0.11217626,0.11285153,0.11377602,0.11496716,0.11644229,0.11821883,0.12031419,0.12274573,0.12553081,0.12850426,0.13148853,0.13448247,0.137485,0.14049496,0.14351128,0.14653283,0.14955848,0.15258709,0.15561756,0.15864877,0.16167964,0.16470902,0.16773576,0.17075878,0.17377698,0.1767892,0.17979433,0.18279123,0.18577887,0.18875602,0.19172168,0.19467461,0.19761379,0.20053805,0.20344628,0.20633736,0.20921016,0.21206357,0.21489652,0.21770784,0.22049642,0.22309068,0.22533135,0.22723584,0.22882155,0.23010588,0.23110618,0.2318398,0.23232423,0.23257683,0.23261487,0.23245592,0.2321173,0.2316164,0.23097052,0.23019718,0.2293137,0.22833742,0.22728588,0.22617634,0.22502622,0.22385292,0.22267383,0.2215063,0.22036774,0.21927561,0.21824722,0.2173,0.21645127,0.21571845,0.21511899,0.21467021,0.21438956,0.21421045,0.2140541,0.21391933,0.2138051,0.21371025,0.21363367,0.2135742,0.21353076,0.21350226,0.21348755,0.2134855,0.21349499,0.21351494,0.21354419,0.21358164
0.111820355,0.11116693,0.11061738,0.11018812,0.10989559,0.10975614,0.10978623,0.110002205,0.11042051,0.111057565,0.11192969,0.113053404,0.11444502,0.11612102,0.11809773,0.12039157,0.12301901,0.12581335,0.12859781,0.13137339,0.1341411,0.136902,0.13965705,0.14240733,0.14515387,0.14789766,0.15063973,0.15338114,0.15612291,0.15886597,0.16161151,0.16436039,0.16711377,0.16987258,0.1726379,0.17541075,0.17819212,0.18098308,0.18378462,0.18659775,0.18942358,0.19226307,0.19511722,0.19798711,0.20087373,0.20377815,0.20670134,0.20964433,0.21260822,0.21541059,0.21787941,0.2200311,0.22188206,0.22344863,0.22474729,0.22579443,0.2266064,0.22719967,0.22759064,0.22779566,0.2278312,0.2277136,0.22745934,0.22708477,0.2266063,0.2260403,0.22540328,0.22471157,0.22398156,0.22322968,0.22247234,0.22172593,0.22100681,0.22033155,0.21971636,0.21917771,0.21873207,0.21839575,0.21818523,0.21811686,0.21820706,0.21837126,0.21851462,0.21863818,0.21874288,0.21882989,0.2189001,0.2189546,0.21899442,0.21902058,0.21903406,0.21903591,0.21902722,0.21900892,0.2189821,0.21894772
0.109973334,0.10935862,0.108841635,0.108437836,0.108162634,0.10803145,0.108059734,0.10826294,0.10865646,0.10925574,0.110076204,0.111133315,0.11244248,0.11401911,0.115878694,0.11803661,0.12050831,0.12312575,0.12571271,0.12827232,0.1308077,0.13332209,0.13581857,0.13830033,0.14077052,0.14323235,0.14568883,0.14814329,0.15059875,0.15305842,0.15552545,0.15800305,0.16049427,0.1630023,0.16553037,0.16808155,0.170659,0.17326596,0.1759055,0.17858079,0.18129496,0.18405126,0.18685278,0.18970267,0.19260412,0.19556019,0.19857419,0.20164914,0.20478825,0.20779845,0.2104949,0.212893,0.21500814,0.21685581,0.21845141,0.2198104,0.22094817,0.22188024,0.2226219,0.2231887,0.22359605,0.22385935,0.22399403,0.2240156,0.22393936,0.22378087,0.22355549,0.22327863,0.22296582,0.2226324,0.22229385,0.22196561,0.22166306,0.22140166,0.22119687,0.2210641,0.22101875,0.22107626,0.22125211,0.22156174,0.2220205,0.2225259,0.2229671,0.22334732,0.22366968,0.22393738,0.22415349,0.22432125,0.2244438,0.22452427,0.22456576,0.22457157,0.22454475,0.22448848,0.22440593,0.22430024
0.10811468,0.1075379,0.107052855,0.106673956,0.10641573,0.106292665,0.10631921,0.10650986,0.10687909,0.10744139,0.10821121,0.109203085,0.11043142,0.11191075,0.11365554,0.11568028,0.117999434,0.120443426,0.122836515,0.12518403,0.12749113,0.12976316,0.13200536,0.13422297,0.13642128,0.13860558,0.14078109,0.14295308,0.14512683,0.14730763,0.14950068,0.1517113,0.1539447,0.15620618,0.15850104,0.16083446,0.16321178,0.16563824,0.16811904,0.1706596,0.17326498,0.1759406,0.17869169,0.18152347,0.18444125,0.18745029,0.1905558,0.19376312,0.19707747,0.20029506,0.2032182,0.20586146,0.20823923,0.21036603,0.21225631,0.21392459,0.21538527,0.21665297,0.21774207,0.21866703,0.21944238,0.2200826,0.22060217,0.22101554,0.22133718,0.22158164,0.22176334,0.22189677,0.22199638,0.2220767,0.22215225,0.2222374,0.2223467,0.22249459,0.22269557,0.22296418,0.22331482,0.22376198,0.22432011,0.22500378,0.22582738,0.22667056,0.22740668,0.22804104,0.22857885,0.22902542,0.22938602,0.2296659,0.22987033,0.23000461,0.23007387,0.23008355,0.2300388,0.22994494,0.22980721,0.22963086
0.10624004,0.10570013,0.10524607,0.104891405,0.104649685,0.10453449,0.10455931,0.10473778,0.10508341,0.105609775,0.1063304,0.10725886,0.10840871,0.1097935,0.11142677,0.11332208,0.11549301,0.11776831,0.11997262,0.122113295,0.12419762,0.126233,0.12822679,0.1301863,0.13211887,0.13403185,0.1359326,0.13782847,0.13972677,0.14163488,0.14356008,0.14550981,0.14749134,0.14951204,0.15157922,0.1537003,0.15588261,0.15813342,0.16046011,0.16287005,0.16537058,0.16796903,0.17067273,0.17348905,0.17642532,0.17948888,0.18268707,0.18602726,0.18951678,0.1929411,0.1960898,0.19897647,0.20161466,0.20401786,0.20619974,0.20817378,0.2099535,0.21155253,0.21298437,0.21426262,0.2154008,0.2164125,0.21731119,0.21811053,0.21882404,0.21946521,0.22004764,0.22058496,0.22109058,0.22157821,0.22206123,0.22255337,0.22306804,0.22361888,0.22421938,0.22488318,0.22562377,0.22645473,0.2273896,0.22844195,0.22962531,0.23080158,0.23182853,0.2327135,0.23346381,0.23408687,0.2345899,0.23498037,0.23526557,0.23545286,0.23554955,0.235563,0.23550054,0.2353696,0.23517741,0.23493142
0.10434506,0.10384064,0.10341643,0.103085086,0.10285925,0.10275163,0.102774836,0.10294155,0.10326448,0.10375623,0.104429476,0.105296895,0.10637116,0.1076649,0.1091908,0.11096151,0.11298973,0.11510241,0.117124334,0.11906493,0.120933525,0.122739546,0.1244924,0.12620144,0.12787604,0.12952565,0.1311596,0.13278729,0.13441809,0.13606142,0.13772666,0.13942318,0.14116035,0.14294763,0.14479434,0.14670989,0.14870365,0.15078504,0.15296341,0.15524818,0.1576487,0.16017441,0.16283461,0.1656388,0.1685963,0.17171647,0.17500877,0.17848253,0.18214716,0.18577737,0.18915011,0.19227804,0.19517383,0.19785008,0.2003195,0.2025948,0.20468858,0.2066135,0.20838226,0.21000749,0.21150187,0.21287806,0.21414872,0.21532653,0.21642415,0.21745421,0.2184294,0.2193624,0.22026585,0.2211524,0.22203474,0.22292551,0.2238374,0.224783,0.2257751,0.22682627,0.22794923,0.22915654,0.23046097,0.23187518,0.23341177,0.23491526,0.23622783,0.23735894,0.23831795,0.23911428,0.23975728,0.24025634,0.2406209,0.24086025,0.2409838,0.24100104,0.24092126,0.24075383,0.24050821,0.24019378
0.10242537,0.10195478,0.10155902,0.101249896,0.101039216,0.10093879,0.10096043,0.101116,0.10141726,0.10187602,0.10250413,0.10331337,0.10431557,0.105522566,0.106946126,0.10859809,0.11049027,0.11244767,0.11429503,0.11604371,0.11770514,0.11929064,0.120811634,0.12227948,0.12370562,0.12510139,0.1264782,0.12784739,0.12922041,0.13060857,0.13202332,0.133476,0.13497801,0.13654076,0.13817562,0.13989393,0.14170712,0.14362659,0.14566371,0.1478298,0.15013635,0.15259467,0.15521617,0.15801226,0.16099428,0.1641736,0.16756168,0.17116983,0.17500949,0.17884465,0.18243957,0.18580611,0.18895605,0.19190124,0.19465342,0.19722448,0.19962622,0.20187046,0.20396897,0.20593357,0.20777611,0.20950842,0.21114224,0.21268944,0.2141618,0.21557121,0.21692939,0.21824816,0.2195394,0.2208149,0.22208644,0.22336584,0.22466496,0.22599557,0.22736955,0.22879857,0.23029459,0.23186935,0.2335347,0.2353024,0.23718435,0.23900779,0.24059972,0.24197158,0.24313468,0.24410045,0.24488033,0.2454856,0.2459277,0.24621801,0.24636787,0.24638875,0.24629197,0.24608897,0.24579106,0.24540965
0.10047659,0.1000379,0.099668935,0.09938073,0.09918432,0.09909071,0.0991109,0.09925591,0.09953675,0.09996447,0.10055003,0.101304464,0.10223879,0.10336402,0.10469118,0.10623126,0.10799529,0.10980609,0.11148803,0.11305446,0.11451871,0.115894094,0.117193945,0.11843159,0.11962037,0.12077357,0.121904574,0.1230267,0.124153264,0.1252976,0.12647304,0.12769292,0.12897055,0.13031927,0.13175242,0.1332833,0.13492528,0.13669163,0.13859573,0.14065091,0.14287047,0.14526777,0.14785612,0.15064885,0.1536593,0.15690076,0.16038662,0.16413015,0.16814476,0.17218365,0.1759986,0.17960061,0.18300074,0.18620993,0.18923922,0.19209968,0.19480222,0.19735795,0.19977786,0.2020729,0.20425418,0.2063326,0.20831929,0.21022522,0.21206138,0.21383879,0.21556845,0.21726145,0.21892872,0.22058132,0.22223023,0.22388649,0.22556113,0.22726512,0.2290095,0.23080526,0.23266347,0.23459508,0.23661113,0.23872261,0.2409406,0.2430755,0.24493939,0.24654555,0.24790737,0.24903814,0.24995118,0.25065985,0.25117755,0.2515174,0.2516929,0.25171733,0.25160402,0.25136632,0.25101754,0.25057104
0.0984944,0.09808532,0.097741276,0.09747254,0.09728939,0.0972021,0.09722091,0.09735615,0.09761803,0.09801684,0.09856288,0.09926638,0.10013763,0.10118689,0.102424435,0.103860535,0.10550546,0.10717962,0.10870672,0.110101976,0.11138061,0.11255781,0.11364878,0.11466878,0.11563299,0.116556644,0.11745494,0.11834308,0.119236305,0.1201498,0.12109881,0.122098535,0.12316418,0.124310926,0.12555407,0.12690875,0.12839021,0.13001364,0.13179432,0.13374738,0.13588808,0.1382316,0.1407932,0.14358808,0.1466314,0.14993845,0.15352443,0.1574045,0.1615939,0.16583519,0.16986768,0.17370158,0.17734723,0.18081488,0.18411475,0.18725714,0.19025238,0.19311063,0.1958422,0.19845745,0.20096652,0.20337974,0.20570739,0.20795971,0.21014702,0.21227951,0.21436751,0.21642132,0.2184511,0.22046722,0.22247994,0.22449946,0.22653612,0.22860014,0.2307019,0.23285149,0.23505935,0.23733562,0.23969068,0.24213469,0.24467802,0.24711464,0.24924196,0.25107515,0.25262943,0.25392,0.2549621,0.25577092,0.25636172,0.25674966,0.25694996,0.25697783,0.25684857,0.25657725,0.25617918,0.25566953
0.09647444,0.09609242,0.09577113,0.09552018,0.09534915,0.09526763,0.09528523,0.095411494,0.09565605,0.09602847,0.09653837,0.09719531,0.098008886,0.09898871,0.10014435,0.10148542,0.10302147,0.10457026,0.10595443,0.107191026,0.10829708,0.10928962,0.11018565,0.111002214,0.11175635,0.112465076,0.113145426,0.11381442,0.114489086,0.11518646,0.115923576,0.11671743,0.11758509,0.11854357,0.11960988,0.120801084,0.122134164,0.1236262,0.12529418,0.12715514,0.12922612,0.13152415,0.13406621,0.1368694,0.13995072,0.14332719,0.14701585,0.15103371,0.15539782,0.15983999,0.16408719,0.16814898,0.17203493,0.17575465,0.17931774,0.18273377,0.18601234,0.18916303,0.19219543,0.19511916,0.19794378,0.20067888,0.20333408,0.20591895,0.20844303,0.21091603,0.21334745,0.2157469,0.21812397,0.22048824,0.22284931,0.22521679,0.22760026,0.2300093,0.23245347,0.23494245,0.23748572,0.24009296,0.24277376,0.2455376,0.2483942,0.25112152,0.25350264,0.25555456,0.25729427,0.25873882,0.25990525,0.26081055,0.2614718,0.26190606,0.26213023,0.26216152,0.26201668,0.26171306,0.26126745,0.260697
0.094412304,0.09405451,0.09375361,0.093518585,0.09335841,0.09328206,0.09329854,0.093416795,0.09364583,0.09399463,0.09447218,0.09508744,0.09584941,0.09676707,0.0978494,0.09910537,0.10054398,0.10197995,0.1032345,0.10432641,0.105274454,0.10609738,0.10681397,0.107442975,0.108003184,0.10851333,0.10899222,0.10945858,0.1099312,0.11042885,0.11097029,0.11157427,0.11225959,0.11304498,0.113949224,0.1149911,0.116189346,0.117562756,0.11913009,0.1209101,0.12292156,0.12518324,0.12771392,0.13053232,0.13365725,0.13710748,0.14090174,0.14505881,0.14959748,0.1542389,0.15869765,0.16298278,0.16710319,0.17106795,0.17488603,0.17856635,0.18211794,0.18554977,0.18887082,0.19209008,0.1952165,0.19825913,0.20122688,0.20412877,0.20697376,0.20977087,0.21252905,0.21525729,0.21796457,0.2206599,0.2233522,0.2260505,0.22876379,0.231501,0.23427114,0.23708321,0.23994619,0.24286905,0.24586076,0.24893029,0.2520867,0.25509244,0.25771663,0.25997794,0.26189524,0.26348725,0.26477274,0.2657705,0.26649925,0.2669778,0.26722488,0.26725927,0.26709977,0.2667651,0.26627403,0.26564538
0.09245589,0.092119426,0.09183645,0.09161544,0.09146481,0.09139302,0.09140851,0.09151971,0.09173511,0.092063114,0.092512205,0.093090795,0.09380737,0.09467034,0.09568816,0.0968693,0.09822218,0.09955856,0.10069814,0.10166127,0.102468334,0.10313965,0.1036956,0.10415656,0.10454284,0.10487485,0.105172925,0.10545741,0.10574869,0.106067136,0.10643306,0.106866874,0.10738889,0.10801949,0.10877904,0.10968789,0.110766366,0.1120349,0.1135138,0.115223445,0.11718415,0.11941635,0.121940345,0.12477651,0.12794523,0.1314668,0.13536161,0.13965008,0.1443525,0.14918,0.15383573,0.15832818,0.16266578,0.16685694,0.17091016,0.17483385,0.17863648,0.1823265,0.18591234,0.18940242,0.19280525,0.19612922,0.19938281,0.20257446,0.20571259,0.2088057,0.21186219,0.21489055,0.21789919,0.22089657,0.22389114,0.2268913,0.22990556,0.23294239,0.23601013,0.23911728,0.24227235,0.24548373,0.2487598,0.25210917,0.25554013,0.25880095,0.26164782,0.26410115,0.26618108,0.26790828,0.2693029,0.27038527,0.27117586,0.27169505,0.2719631,0.27200046,0.27182737,0.27146426,0.27093154,0.27024955
0.090747856,0.09043002,0.0901627,0.08995391,0.0898116,0.08974378,0.08975842,0.08986347,0.09006695,0.0903768,0.09080105,0.091347635,0.092024565,0.0928398,0.0938013,0.0949171,0.09619514,0.09744459,0.09848379,0.0993345,0.10001845,0.10055742,0.10097312,0.101287335,0.101521805,0.10169827,0.101838484,0.1019642,0.10209717,0.102259144,0.102471866,0.10275707,0.10313654,0.103631996,0.10426521,0.10505794,0.10603187,0.1072088,0.108610496,0.110258706,0.11217514,0.11438156,0.11689973,0.119751416,0.12295832,0.12654221,0.13052484,0.13492799,0.13977338,0.14476335,0.14959104,0.1542645,0.15879168,0.16318054,0.16743906,0.1715752,0.17559703,0.17951241,0.18332939,0.18705598,0.19070008,0.19426969,0.19777283,0.20121747,0.20461154,0.20796306,0.21128,0.21457039,0.2178421,0.22110318,0.22436166,0.22762537,0.2309024,0.23420079,0.23752834,0.24089317,0.24430326,0.24776644,0.2512909,0.25488442,0.25855514,0.2620387,0.26508003,0.26770082,0.2699229,0.271768,0.27325785,0.27441418,0.27525887,0.27581346,0.27609977,0.2761397,0.27595484,0.27556694,0.2749979,0.27426925
0.08927598,0.08897417,0.08872035,0.088522084,0.08838695,0.088322565,0.08833647,0.08843623,0.088629425,0.08892368,0.08932649,0.08984549,0.09048826,0.09126234,0.09217533,0.093234815,0.09444834,0.09562288,0.09657558,0.0973294,0.09790728,0.09833218,0.098627046,0.09881484,0.09891846,0.098960884,0.09896507,0.09895396,0.098950505,0.09897764,0.09905833,0.099215515,0.099472135,0.09985112,0.10037547,0.101068094,0.10195194,0.10304999,0.104385145,0.10598039,0.10785864,0.11004288,0.11255605,0.11542107,0.118660904,0.12229851,0.12635681,0.1308588,0.13582736,0.14095734,0.14593324,0.15076268,0.1554532,0.16001241,0.16444784,0.16876714,0.17297776,0.17708743,0.18110363,0.18503396,0.18888597,0.19266728,0.19638546,0.20004807,0.20366271,0.20723693,0.21077831,0.21429445,0.21779291,0.22128129,0.22476707,0.22825797,0.23176147,0.23528516,0.23883666,0.24242349,0.24605331,0.24973355,0.25347194,0.25727603,0.26115328,0.26482883,0.26803762,0.2708029,0.27314737,0.27509412,0.27666605,0.27788612,0.27877718,0.2793624,0.27966455,0.2797067,0.27951163,0.27910236,0.2785019,0.27773312
0.08802803,0.08773983,0.08749744,0.087308116,0.08717909,0.087117575,0.087130845,0.087226115,0.08741062,0.08769158,0.08807626,0.08857188,0.08918566,0.08992489,0.09079673,0.09180849,0.092967324,0.09407835,0.094957694,0.09562938,0.096117325,0.09644552,0.09663791,0.096718475,0.09671117,0.09663999,0.09652883,0.096401714,0.09628259,0.096195415,0.096164145,0.09621275,0.09636522,0.09664548,0.09707752,0.097685285,0.09849276,0.09952388,0.10080265,0.10235299,0.104198895,0.106364325,0.10887324,0.11174957,0.11501732,0.118700475,0.12282292,0.12740868,0.13248171,0.13773039,0.14283195,0.1477936,0.15262271,0.15732628,0.16191176,0.16638625,0.17075706,0.17503136,0.17921646,0.18331952,0.18734787,0.19130869,0.19520918,0.19905657,0.20285822,0.20662127,0.21035294,0.21406053,0.21775116,0.22143222,0.22511086,0.22879429,0.23248978,0.2362046,0.23994592,0.24372101,0.24753712,0.2514014,0.25532123,0.25930372,0.26335618,0.26719436,0.27054533,0.27343294,0.27588126,0.2779142,0.2795557,0.28082976,0.2817604,0.2823714,0.28268698,0.28273097,0.2825272,0.28209987,0.28147283,0.28067002
0.0869918,0.08671488,0.086482,0.086300105,0.086176135,0.08611705,0.08612978,0.08622132,0.08639859,0.08666856,0.08703815,0.08751435,0.088104084,0.08881434,0.08965203,0.09062412,0.09173756,0.092795834,0.0936143,0.09421776,0.094631046,0.09487893,0.09498625,0.094977826,0.09487839,0.09471284,0.09450591,0.094282486,0.09406729,0.09388518,0.093760975,0.093719445,0.09378542,0.0939837,0.09433909,0.0948764,0.09562045,0.09659603,0.09782795,0.09934101,0.10116005,0.10330984,0.1058152,0.108700976,0.1119919,0.115712844,0.11988857,0.12454389,0.12970367,0.13505092,0.14025684,0.14532833,0.15027234,0.15509593,0.1598059,0.16440928,0.16891307,0.17332415,0.17764948,0.18189603,0.18607071,0.19018054,0.19423245,0.1982334,0.20219024,0.20611006,0.20999974,0.2138663,0.21771659,0.2215576,0.22539628,0.22923963,0.23309454,0.23696804,0.24086697,0.24479836,0.24876916,0.2527863,0.25685674,0.26098743,0.2651853,0.26915866,0.27262753,0.27561685,0.2781513,0.28025576,0.2819551,0.28327405,0.28423744,0.28487003,0.28519657,0.28524217,0.28503126,0.28458884,0.28393975,0.2831087
0.08615511,0.08588728,0.085662074,0.085486166,0.08536627,0.08530913,0.08532145,0.08540997,0.0855814,0.08584248,0.08619991,0.08666042,0.08723075,0.08791762,0.08872771,0.0896678,0.090744585,0.09176026,0.09252955,0.09307796,0.09343092,0.093613975,0.09365259,0.09357227,0.09339849,0.093156725,0.09287248,0.09257126,0.092278525,0.09201978,0.091820486,0.09170619,0.09170234,0.0918344,0.0921279,0.092608325,0.093301155,0.094231874,0.09542598,0.09690895,0.098706275,0.10084347,0.103345975,0.10623931,0.109548986,0.113300435,0.11751919,0.12223072,0.12746051,0.13288735,0.13817748,0.14333765,0.14837456,0.15329494,0.1581055,0.162813,0.16742413,0.17194559,0.17638418,0.18074657,0.18503948,0.18926962,0.19344378,0.19756863,0.20165089,0.20569727,0.20971456,0.21370941,0.21768859,0.2216588,0.22562677,0.22959921,0.23358287,0.23758446,0.24161069,0.2456683,0.24976406,0.25390455,0.25809658,0.26234692,0.26666227,0.27074468,0.27430883,0.2773802,0.27998433,0.28214654,0.28389254,0.28524774,0.28623748,0.2868875,0.28722307,0.2872698,0.2870531,0.28659856,0.28593165,0.2850778
0.08550567,0.08524495,0.08502568,0.08485442,0.0847377,0.08468207,0.08469406,0.084780246,0.08494716,0.08520133,0.0855493,0.08599764,0.08655291,0.08722162,0.0880103,0.088925526,0.08997387,0.090956494,0.09168762,0.09219328,0.092499435,0.092632174,0.092617474,0.09248137,0.09224984,0.09194894,0.091604695,0.0912431,0.09089017,0.09057191,0.09031439,0.09014358,0.090085514,0.090166226,0.09041167,0.09084794,0.09150102,0.09239693,0.09356168,0.09502128,0.09680178,0.09892916,0.10142947,0.10432871,0.10765289,0.11142803,0.11568017,0.12043531,0.12571947,0.13120806,0.1365636,0.1417926,0.14690158,0.1518971,0.15678574,0.16157402,0.16626845,0.17087568,0.17540212,0.1798544,0.18423906,0.18856265,0.19283167,0.19705266,0.20123222,0.20537688,0.20949322,0.21358769,0.21766685,0.22173737,0.22580564,0.2298783,0.23396191,0.23806293,0.24218796,0.24634348,0.25053617,0.25477245,0.25905892,0.2634021,0.26780862,0.27197567,0.27561378,0.2787489,0.281407,0.28361413,0.28539637,0.28677952,0.2877899,0.28845334,0.2887959,0.2888436,0.28862247,0.28815845,0.2874777,0.28660616
0.08503132,0.084775776,0.084560856,0.084393,0.084278576,0.084224045,0.084235825,0.08432029,0.08448387,0.08473301,0.085074104,0.085513555,0.0860578,0.08671324,0.0874863,0.0883834,0.08941093,0.090369426,0.09107266,0.091547094,0.09181907,0.091915056,0.09186141,0.09168454,0.091410846,0.09106676,0.090678684,0.09027298,0.089876086,0.089514405,0.08921431,0.08900225,0.0889046,0.08894775,0.08915815,0.089562155,0.09018619,0.09105667,0.09219998,0.09364251,0.095410705,0.09753097,0.10002963,0.102933176,0.106267974,0.11006042,0.11433694,0.11912393,0.12444779,0.12998152,0.13538481,0.14066404,0.1458257,0.15087612,0.15582179,0.16066904,0.16542436,0.17009415,0.17468484,0.17920278,0.18365441,0.18804622,0.19238454,0.19667579,0.20092644,0.20514287,0.20933151,0.21349873,0.21765101,0.22179472,0.22593631,0.2300822,0.23423871,0.23841237,0.24260958,0.24683674,0.25110018,0.25540644,0.2597618,0.26417285,0.26864594,0.27287483,0.27656695,0.27974856,0.28244615,0.2846861,0.28649464,0.28789842,0.28892383,0.28959703,0.28994465,0.2899931,0.28976867,0.28929782,0.28860694,0.2877224
0.08471984,0.0844677,0.084255636,0.08408999,0.08397712,0.083923295,0.08393492,0.084018245,0.08417967,0.084425494,0.08476205,0.085195675,0.08573268,0.08637944,0.08714223,0.08802739,0.089041285,0.0899839,0.09066887,0.09112279,0.09137232,0.09144416,0.091364935,0.09116131,0.09085994,0.09048749,0.09007062,0.089635946,0.0892102,0.08881998,0.088491954,0.08825279,0.088129126,0.08814763,0.08833499,0.08871783,0.08932282,0.090176575,0.091305815,0.092737146,0.09449725,0.0966128,0.09911043,0.1020168,0.10535854,0.109162375,0.1134549,0.1182628,0.12361275,0.12917611,0.13461073,0.139923,0.1451192,0.15020569,0.15518877,0.16007482,0.16487008,0.16958095,0.17421381,0.1787749,0.18327056,0.1877071,0.19209096,0.19642833,0.20072566,0.20498921,0.20922533,0.21344037,0.2176406,0.22183241,0.22602215,0.23021604,0.23442052,0.2386419,0.24288644,0.24716052,0.25147048,0.2558227,0.2602234,0.26467898,0.2691957,0.2734653,0.27719286,0.280405,0.28312844,0.2853899,0.2872159,0.28863314,0.28966835,0.2903481,0.29069912,0.2907479,0.29052138,0.29004598,0.28934848,0.28845543
0.08455903,0.084308624,0.08409803,0.08393355,0.08382144,0.08376801,0.08377954,0.08386231,0.084022604,0.08426671,0.08460093,0.08503153,0.08556482,0.08620706,0.08696457,0.08784358,0.08885042,0.08978486,0.09046037,0.09090369,0.09114164,0.09120102,0.09110858,0.09089114,0.09057549,0.09018839,0.08975665,0.08930704,0.08886637,0.08846142,0.08811896,0.087865815,0.08772873,0.08773453,0.08790999,0.088281885,0.08887701,0.08972216,0.09084412,0.09226969,0.09402561,0.09613873,0.09863581,0.101543635,0.10488899,0.10869869,0.11299947,0.117818184,0.123181574,0.12876023,0.13421103,0.13954036,0.14475442,0.14985952,0.15486194,0.15976797,0.1645839,0.16931602,0.17397061,0.17855392,0.18307231,0.18753201,0.19193932,0.19630058,0.200622,0.20490988,0.20917054,0.2134102,0.21763521,0.22185189,0.22606649,0.23028518,0.23451433,0.23876037,0.24302937,0.24732773,0.25166178,0.25603765,0.2604617,0.2649403,0.2694796,0.27377018,0.277516,0.280744,0.2834808,0.2857533,0.2875883,0.2890125,0.2900527,0.2907359,0.2910886,0.2911377,0.29090998,0.2904323,0.28973138,0.28883395
0.08453662,0.084286466,0.08407609,0.08391176,0.083799765,0.083746396,0.0837579,0.08384057,0.08400074,0.0842446,0.0845785,0.08500869,0.08554144,0.08618306,0.08693981,0.08781799,0.08882385,0.08975715,0.090431325,0.09087318,0.09110952,0.09116716,0.09107289,0.09085353,0.09053587,0.090146735,0.08971292,0.08926125,0.0888185,0.088411495,0.08806703,0.08781192,0.08767298,0.087676995,0.08785081,0.08822118,0.08881494,0.08965889,0.09077984,0.09220458,0.09395995,0.096072726,0.09856971,0.10147775,0.10482362,0.10863412,0.11293605,0.11775626,0.12312152,0.1287023,0.13415541,0.13948709,0.14470361,0.14981131,0.15481643,0.15972522,0.16454406,0.16927913,0.17393671,0.17852318,0.1830447,0.18750766,0.19191822,0.1962828,0.20060754,0.20489882,0.20916289,0.21340601,0.21763447,0.22185461,0.2260726,0.23029481,0.23452745,0.23877686,0.24304931,0.24735105,0.25168836,0.25606757,0.2604949,0.2649767,0.26951915,0.27381262,0.27756104,0.28079122,0.28352988,0.285804,0.28764015,0.28906536,0.2901063,0.29078984,0.2911428,0.291192,0.29096413,0.29048607,0.2897847,0.28888664
0.08464046,0.084389165,0.08417784,0.08401276,0.08390026,0.08384663,0.08385821,0.08394126,0.08410213,0.084347114,0.08468251,0.08511464,0.085649826,0.08629432,0.0870545,0.08793664,0.088947065,0.08988563,0.09056592,0.091014616,0.09125845,0.09132411,0.09123839,0.09102793,0.09071951,0.090339825,0.08991562,0.08947358,0.08904046,0.08864296,0.08830782,0.08806174,0.08793147,0.0879437,0.088125184,0.088502616,0.08910274,0.08995224,0.09107789,0.09250637,0.094264425,0.096378766,0.098876126,0.10178321,0.10512674,0.10893346,0.11323008,0.11804331,0.12339988,0.12897082,0.13441345,0.1397341,0.14493912,0.1500348,0.15502743,0.15992333,0.1647288,0.16945018,0.17409372,0.1786658,0.18317269,0.1876207,0.1920161,0.19636525,0.20067447,0.20495006,0.20919827,0.21342546,0.21763799,0.22184202,0.226044,0.23025014,0.23446684,0.23870036,0.24295698,0.24724306,0.25156492,0.2559288,0.26034108,0.26480797,0.2693359,0.27361578,0.27735242,0.28057235,0.28330237,0.2855693,0.2873997,0.28882045,0.28985813,0.29053956,0.29089135,0.29094037,0.29071322,0.29023662,0.2895375,0.28864226
0.08485828,0.08460463,0.08439128,0.08422466,0.084111094,0.08405697,0.08406863,0.0841525,0.08431488,0.08456218,0.084900744,0.08533695,0.08587718,0.08652779,0.087295145,0.088185616,0.08920558,0.09015526,0.09084834,0.09131135,0.09157088,0.091653444,0.09158559,0.09139386,0.09110479,0.09074495,0.09034087,0.08991909,0.08950614,0.089128606,0.088813,0.088585876,0.08847379,0.08850325,0.088700846,0.08909308,0.08970653,0.09056774,0.09170322,0.093139544,0.09490323,0.09702086,0.09951896,0.10242407,0.10576274,0.1095615,0.11384692,0.11864553,0.12398386,0.12953407,0.13495475,0.14025235,0.1454332,0.15050367,0.15547012,0.16033894,0.16511644,0.16980903,0.17442314,0.17896505,0.18344116,0.18785784,0.19222145,0.19653833,0.20081492,0.2050575,0.2092725,0.21346632,0.21764523,0.22181569,0.22598399,0.23015656,0.23433971,0.23853989,0.24276339,0.24701658,0.25130594,0.25563768,0.2600183,0.264454,0.2689514,0.27320284,0.27691466,0.28011325,0.28282517,0.2850771,0.2868953,0.28830662,0.2893374,0.29001427,0.29036382,0.2904125,0.29018685,0.2897134,0.2890189,0.28812966
0.085177906,0.084920764,0.084704496,0.084535584,0.08442045,0.0843656,0.08437742,0.08446241,0.08462704,0.08487773,0.08522093,0.08566315,0.08621081,0.086870335,0.08764821,0.08855093,0.08958489,0.09055083,0.0912627,0.09174678,0.09202932,0.09213665,0.09209504,0.09193077,0.09167012,0.09133937,0.09096483,0.090572774,0.09018944,0.089841194,0.08955426,0.08935495,0.08926951,0.089324266,0.089545496,0.08995947,0.090592496,0.09147084,0.09262077,0.09406857,0.095840566,0.09796302,0.100462206,0.10336441,0.10669593,0.110483035,0.114752,0.119529165,0.12484075,0.13036054,0.13574904,0.14101279,0.14615814,0.1511916,0.15611963,0.16094871,0.16568519,0.17033567,0.17490648,0.17940412,0.18383509,0.18820581,0.19252269,0.19679229,0.20102094,0.2052152,0.20938149,0.2135262,0.21765593,0.221777,0.22589597,0.2300192,0.23415321,0.23830442,0.24247932,0.24668427,0.25092587,0.25521055,0.25954464,0.26393473,0.26838717,0.272597,0.27627245,0.27943966,0.28212497,0.28435475,0.28615522,0.2875527,0.28857338,0.28924364,0.28958976,0.28963792,0.28941447,0.28894573,0.28825802,0.28737748
0.08558709,0.08532551,0.08510547,0.08493364,0.084816515,0.08476068,0.084772736,0.08485921,0.085026674,0.08528173,0.08563089,0.08608076,0.0866379,0.08730888,0.08810027,0.08901861,0.09007051,0.091057286,0.091793194,0.09230419,0.09261625,0.09275529,0.09274726,0.09261815,0.092393875,0.0921004,0.09176366,0.09140962,0.09106425,0.090753466,0.09050324,0.09033953,0.09028826,0.0903754,0.09062687,0.091068685,0.09172675,0.092627004,0.09379544,0.09525798,0.09704058,0.0991692,0.10166977,0.10456827,0.10789064,0.11166283,0.11591076,0.12066044,0.12593777,0.13141863,0.13676596,0.14198633,0.14708626,0.15207237,0.15695122,0.16172937,0.16641337,0.17100982,0.17552526,0.17996627,0.18433942,0.18865128,0.19290839,0.19711737,0.20128475,0.20541707,0.20952094,0.21360293,0.2176696,0.22172749,0.2257832,0.2298433,0.23391436,0.23800291,0.24211554,0.24625883,0.25043938,0.25466365,0.2589383,0.26326984,0.26766488,0.27182132,0.2754502,0.27857727,0.2812286,0.28343013,0.28520778,0.2865875,0.2875952,0.28825697,0.2885987,0.28864625,0.28842568,0.2879629,0.28728387,0.2864145
