0.0780209,0.07749188,0.07704699,0.076699466,0.076462634,0.07634974,0.0763741,0.07654894,0.07688761,0.07740334,0.07810943,0.07901916,0.080145806,0.081502624,0.08310295,0.08496002,0.08708713,0.0892514,0.09122423,0.09302547,0.09467489,0.09619231,0.097597525,0.098910294,0.100150496,0.1013379,0.1024923,0.103633486,0.10478126,0.10595547,0.107175834,0.10846223,0.10983446,0.111312285,0.11291547,0.11466392,0.11657736,0.11867558,0.12097847,0.12350575,0.12627724,0.12931275,0.13263208,0.13625503,0.14020139,0.144491,0.14914359,0.15417904,0.1596171,0.16512364,0.17036013,0.17533985,0.18007612,0.18458216,0.18887131,0.1929568,0.19685197,0.20057003,0.20412433,0.20752808,0.2107946,0.21393721,0.21696909,0.21990359,0.22275402,0.2255336,0.22825561,0.23093337,0.23358017,0.23620918,0.23883381,0.24146733,0.24412292,0.24681395,0.24955371,0.25235543,0.2552324,0.25819787,0.26126522,0.2644476,0.26775843,0.27092993,0.27369884,0.2760849,0.27810788,0.2797877,0.28114408,0.28219685,0.2829658,0.28347075,0.28373146,0.28376776,0.28359944,0.28324634,0.2827282,0.28206483
0.07726615,0.076736756,0.07629154,0.07594376,0.07570676,0.07559377,0.07561814,0.07579314,0.07613204,0.07664815,0.07735475,0.07826515,0.07939261,0.08075044,0.08235192,0.084210366,0.08633903,0.08850372,0.09047471,0.09227204,0.09391574,0.09542587,0.09682243,0.098125495,0.09935507,0.100531206,0.10167398,0.102803364,0.10393945,0.10510223,0.106311776,0.10758811,0.108951285,0.11042135,0.11201828,0.11376216,0.11567303,0.11777095,0.1200759,0.12260793,0.12538715,0.12843353,0.13176708,0.1354079,0.13937601,0.14369145,0.14837424,0.15344444,0.15892205,0.16447058,0.16974881,0.17477012,0.17954774,0.18409503,0.18842524,0.19255166,0.19648756,0.20024629,0.20384108,0.20728527,0.2105921,0.21377492,0.21684696,0.21982157,0.22271197,0.22553152,0.22829345,0.23101111,0.23369773,0.23636664,0.23903112,0.24170446,0.24439998,0.24713086,0.24991055,0.25275224,0.25566918,0.25867483,0.26178232,0.265005,0.2683561,0.2715656,0.2743675,0.2767821,0.27882934,0.2805292,0.28190184,0.28296718,0.28374532,0.28425625,0.28452012,0.28455687,0.28438652,0.28402916,0.28350487,0.28283358
0.07663142,0.0761017,0.07565618,0.07530822,0.07507106,0.07495802,0.07498239,0.075157486,0.07549661,0.076013036,0.07672007,0.077631034,0.078759186,0.08011786,0.081720315,0.0835799,0.08570988,0.08787493,0.08984437,0.091638416,0.09327729,0.09478128,0.09617059,0.09746543,0.098686114,0.0998528,0.10098576,0.10210525,0.10323147,0.10438467,0.10558509,0.10685297,0.10820854,0.10967207,0.11126374,0.1130038,0.11491253,0.11701014,0.11931684,0.1218529,0.12463857,0.12769406,0.1310396,0.13469544,0.13868183,0.14301902,0.14772716,0.15282659,0.15833753,0.16392128,0.16923466,0.17429093,0.17910337,0.18368536,0.18805009,0.19221088,0.19618113,0.19997402,0.20360291,0.20708108,0.21042185,0.21363847,0.21674427,0.21975254,0.22267662,0.22552979,0.22832528,0.23107646,0.2337966,0.23649906,0.23919702,0.2419039,0.2446329,0.24739741,0.2502106,0.25308594,0.2560366,0.2590759,0.26221716,0.26547372,0.2688588,0.2721001,0.27492988,0.2773685,0.27943605,0.28115284,0.28253907,0.283615,0.28440085,0.28491694,0.28518337,0.28522047,0.28504848,0.28468755,0.28415802,0.28348005
0.07613562,0.07560565,0.07515992,0.0748118,0.074574515,0.07446142,0.074485816,0.074660994,0.07500027,0.075516954,0.07622432,0.07713572,0.0782644,0.07962374,0.08122697,0.083087444,0.08521844,0.08738378,0.089352,0.091143474,0.09277861,0.09427779,0.095661424,0.09694988,0.09816357,0.0993229,0.10044821,0.10155995,0.10267848,0.103824176,0.10501747,0.10627875,0.10762839,0.109086804,0.110674344,0.11241144,0.11431847,0.11641586,0.11872394,0.121263154,0.124053866,0.12711649,0.13047138,0.13413899,0.13813965,0.14249381,0.1472218,0.15234408,0.15788096,0.16349229,0.16883309,0.17391665,0.1787563,0.18336535,0.18775702,0.19194476,0.19594173,0.19976136,0.20341688,0.20692159,0.21028881,0.21353188,0.21666403,0.21969865,0.22264902,0.22552837,0.22835012,0.23112752,0.23387387,0.23660246,0.23932663,0.24205968,0.2448149,0.24760559,0.25044504,0.25334662,0.25632355,0.25938916,0.26255688,0.2658399,0.26925144,0.27251768,0.2753692,0.2778265,0.27990997,0.2816399,0.2830368,0.28412098,0.2849129,0.2854329,0.2857014,0.28573886,0.28556544,0.28520176,0.2846682,0.28398502
0.07579773,0.07526758,0.07482172,0.074473456,0.0742361,0.074122995,0.07414739,0.07432262,0.07466201,0.07517885,0.075886466,0.07679814,0.07792722,0.07928697,0.08089073,0.08275181,0.08488351,0.087049074,0.08901644,0.09080618,0.09243874,0.09393466,0.09531443,0.09659852,0.09780747,0.09896174,0.10008186,0.101188295,0.10230159,0.1034422,0.104630634,0.10588741,0.10723299,0.108687915,0.11027268,0.112007745,0.11391362,0.11601082,0.11831987,0.1208612,0.123655364,0.12672284,0.13008413,0.13375969,0.13777012,0.14213584,0.14687735,0.15201515,0.15756981,0.1631999,0.16855937,0.17366157,0.17851976,0.18314722,0.18755731,0.19176334,0.19577862,0.1996164,0.20329006,0.20681287,0.21019813,0.21345921,0.21660939,0.21966192,0.22263023,0.22552745,0.22836708,0.23116234,0.2339265,0.23667297,0.23941496,0.24216582,0.2449389,0.24774744,0.25060478,0.25352427,0.2565191,0.25960273,0.26278841,0.26608935,0.26951903,0.27280214,0.27566856,0.27813864,0.2802329,0.28197187,0.283376,0.2844659,0.2852619,0.28578457,0.2860545,0.28609207,0.28591788,0.28555223,0.2850159,0.2843292
0.07563668,0.075106435,0.074660525,0.07431222,0.07407483,0.07396168,0.07398608,0.07416135,0.07450078,0.0750177,0.07572543,0.07663725,0.077766486,0.07912646,0.08073047,0.08259185,0.084723875,0.0868895,0.08885648,0.090645395,0.09227675,0.09377112,0.095149025,0.096431054,0.09763772,0.09878961,0.09990725,0.10101117,0.10212195,0.10326012,0.10444625,0.10570089,0.10704453,0.10849778,0.110081226,0.11181532,0.11372065,0.115817815,0.11812726,0.12066961,0.123465426,0.1265352,0.12989955,0.13357894,0.13759398,0.14196523,0.14671318,0.1518584,0.1574215,0.16306055,0.16842896,0.17354001,0.17840698,0.1830433,0.18746215,0.19167687,0.19570084,0.19954732,0.20322964,0.20676109,0.21015495,0.2134246,0.21658333,0.2196444,0.22262123,0.22552702,0.22837515,0.23117892,0.2339516,0.23670655,0.23945703,0.24221644,0.244998,0.24781506,0.25068092,0.25360897,0.25661236,0.25970453,0.2628987,0.26620835,0.26964656,0.27293783,0.27581125,0.27828744,0.28038692,0.28213012,0.28353772,0.28463024,0.28542823,0.28595224,0.2862228,0.2862605,0.28608575,0.28571934,0.28518164,0.28449318
0.07567142,0.0751412,0.07469529,0.074346974,0.074109614,0.07399646,0.07402087,0.07419612,0.07453554,0.075052455,0.075760156,0.07667196,0.07780116,0.079161085,0.08076505,0.08262636,0.08475831,0.08692393,0.088891,0.09068008,0.09231169,0.093806386,0.09518469,0.09646717,0.097674325,0.09882674,0.09994491,0.10104937,0.10216069,0.10329939,0.10448602,0.1057411,0.10708518,0.108538814,0.11012251,0.11185681,0.11376229,0.115859434,0.11816881,0.120710954,0.12350638,0.12657565,0.12993935,0.13361791,0.13763198,0.14200202,0.14674859,0.15189222,0.15745345,0.1630906,0.16845706,0.17356622,0.17843132,0.1830657,0.18748267,0.19169553,0.19571763,0.19956224,0.20324263,0.20677224,0.21016426,0.21343207,0.21658891,0.2196482,0.22262315,0.22552711,0.22837342,0.23117535,0.23394619,0.23669928,0.23944795,0.24220553,0.24498525,0.24780044,0.25066453,0.25359067,0.25659224,0.25968254,0.26287487,0.2661827,0.26961908,0.2729086,0.2757805,0.27825534,0.28035367,0.28209597,0.28350285,0.28459474,0.28539237,0.2859161,0.28618652,0.28622413,0.2860496,0.28568327,0.2851459,0.28445786
0.07592089,0.07539081,0.07494499,0.07459677,0.07435946,0.07424635,0.07427073,0.07444595,0.0747853,0.07530209,0.0760096,0.07692118,0.078050114,0.07940971,0.08101329,0.08287414,0.0850056,0.08717105,0.089138746,0.09092912,0.09256262,0.09405973,0.0954409,0.09672659,0.09793727,0.0990934,0.100215375,0.10132376,0.102438964,0.10358142,0.104771644,0.10603004,0.10737713,0.10883329,0.11041907,0.11215489,0.11406119,0.11615846,0.11846716,0.121007726,0.12380063,0.12686634,0.13022526,0.13389795,0.13790482,0.1422663,0.14700289,0.15213504,0.1576832,0.16330647,0.16865917,0.17375454,0.17860597,0.18322673,0.18763012,0.19182947,0.19583806,0.19966921,0.20333627,0.2068525,0.21023121,0.21348572,0.21662931,0.21967535,0.22263706,0.22552782,0.22836089,0.23114961,0.23390734,0.23664723,0.23938276,0.2421271,0.24489371,0.24769571,0.25054657,0.25345948,0.25644785,0.2595249,0.262704,0.2659984,0.26942152,0.2726985,0.2755595,0.2780249,0.2801152,0.2818509,0.28325233,0.28434017,0.2851347,0.28565645,0.28592584,0.2859633,0.28578943,0.28542453,0.28488916,0.28420374
0.07640405,0.0758742,0.075428605,0.07508055,0.07484334,0.074730285,0.07475466,0.0749298,0.07526899,0.075785525,0.07649271,0.07740388,0.07853228,0.07989124,0.08149407,0.08335405,0.085484505,0.08764969,0.08961856,0.091411434,0.093048595,0.09455037,0.095937096,0.09722901,0.098446466,0.09960977,0.10073923,0.10185518,0.10297789,0.10412764,0.10532479,0.106589615,0.10794248,0.10940365,0.11099343,0.11273214,0.11464008,0.1167376,0.11904492,0.121582456,0.12437042,0.12742917,0.130779,0.13444026,0.13843319,0.14277814,0.14749542,0.15260532,0.15812816,0.16372456,0.16905051,0.17411928,0.1789442,0.18353859,0.18791568,0.19208883,0.19607136,0.19987649,0.20351759,0.20700793,0.21036084,0.2135896,0.21670748,0.21972786,0.22266398,0.22552913,0.22833669,0.2310999,0.23383203,0.2365465,0.2392565,0.24197535,0.24471635,0.24749286,0.25031814,0.2532055,0.2561682,0.2592196,0.26237294,0.26564166,0.26903886,0.27229166,0.27513137,0.27757856,0.27965337,0.28137618,0.28276733,0.28384703,0.2846357,0.28515357,0.28542095,0.2854582,0.28528556,0.2849234,0.284392,0.28371167
0.07713984,0.076610364,0.0761651,0.075817294,0.07558025,0.07546725,0.07549163,0.07566664,0.076005585,0.076521754,0.07722846,0.07813894,0.079266556,0.08062455,0.08222624,0.08408489,0.08621383,0.08837859,0.09034928,0.09214594,0.09378868,0.09529757,0.096692726,0.097994134,0.09922194,0.10039621,0.10153703,0.10266442,0.10379855,0.10495944,0.10616718,0.10744184,0.108803496,0.11027223,0.11186811,0.113611266,0.11552168,0.117619544,0.119924836,0.1224577,0.12523817,0.12828635,0.13162228,0.13526611,0.13923785,0.14355764,0.14824545,0.15332147,0.15880576,0.16436122,0.16964646,0.17467476,0.17945932,0.1840135,0.18835057,0.19248383,0.19642659,0.20019212,0.20379369,0.20724462,0.2105582,0.21374777,0.21682654,0.21980783,0.22270496,0.22553119,0.22829978,0.23102415,0.23371741,0.23639299,0.2390641,0.24174413,0.24444629,0.2471839,0.24997027,0.2528186,0.25574234,0.25875467,0.26186886,0.26509824,0.26845616,0.2716719,0.27447945,0.2768988,0.2789501,0.2806533,0.28202865,0.28309608,0.28387576,0.2843877,0.28465208,0.28468892,0.28451827,0.28416023,0.28363484,0.28296226
0.078147195,0.077618256,0.077173404,0.07682594,0.07658913,0.07647627,0.076500595,0.076675445,0.07701407,0.07752973,0.07823573,0.07914535,0.080271855,0.08162851,0.08322865,0.085085474,0.08721234,0.08937651,0.09134969,0.093151554,0.09480195,0.09632057,0.09772723,0.09904166,0.10028364,0.10147291,0.102629244,0.10377241,0.104922146,0.106098235,0.107320465,0.10860855,0.10998226,0.11146137,0.113065645,0.114814855,0.11672871,0.118827015,0.12112953,0.123656,0.12642622,0.1294599,0.13277684,0.13639678,0.14033954,0.1446248,0.14927237,0.15430199,0.15973343,0.16523296,0.17046244,0.17543522,0.18016455,0.18466368,0.18894598,0.19302462,0.19691297,0.20062421,0.20417173,0.2075687,0.2108285,0.21396434,0.21698955,0.21991736,0.22276102,0.22553392,0.22824927,0.23092034,0.23356047,0.23618285,0.23880082,0.24142765,0.24407655,0.24676093,0.24949399,0.252289,0.25515923,0.25811806,0.26117867,0.26435432,0.26765838,0.27082357,0.27358687,0.27596816,0.27798712,0.27966365,0.2810173,0.28206795,0.2828354,0.28333926,0.28359947,0.2836357,0.28346774,0.2831153,0.28259823,0.28193617
0.07944511,0.07891682,0.07847253,0.0781255,0.077888995,0.07777625,0.07780056,0.07797519,0.07831338,0.078828394,0.07953351,0.08044198,0.08156708,0.082922034,0.08452014,0.08637464,0.08849882,0.09066226,0.092638604,0.0944472,0.09610742,0.0976386,0.09906007,0.10039129,0.10165151,0.102860115,0.10403647,0.10519992,0.106369816,0.10756552,0.10880639,0.11011175,0.111500986,0.11299349,0.114608526,0.11636552,0.118283786,0.12038271,0.12268164,0.1251999,0.12795688,0.13097191,0.13426438,0.1378536,0.14175893,0.14599977,0.15059543,0.15556526,0.16092867,0.16635604,0.17151374,0.17641503,0.18107314,0.18550143,0.18971309,0.19372137,0.19753958,0.20118093,0.20465878,0.20798628,0.2111767,0.2142434,0.21719953,0.22005844,0.22283334,0.22553751,0.2281842,0.23078673,0.23335822,0.2359121,0.23846154,0.24101987,0.24360022,0.24621597,0.24888037,0.25160667,0.2544081,0.2572979,0.26028946,0.2633959,0.26663056,0.2697305,0.27243698,0.27476922,0.27674654,0.27838847,0.27971426,0.28074333,0.28149486,0.28198844,0.2822433,0.28227878,0.28211424,0.28176907,0.28126264,0.28061426
0.08105247,0.080525,0.08008141,0.079734914,0.07949878,0.07938621,0.0794105,0.07958485,0.07992253,0.08043673,0.08114075,0.08204779,0.08317112,0.08452397,0.086119585,0.0879712,0.09009206,0.092254564,0.09423486,0.096051775,0.09772417,0.099270895,0.10071081,0.10206274,0.103345536,0.104578085,0.10577924,0.10696781,0.10816265,0.10938263,0.11064658,0.111973405,0.113381885,0.114890926,0.116519324,0.11828597,0.12020971,0.12230938,0.12460384,0.12711194,0.12985252,0.13284445,0.13610658,0.13965772,0.14351681,0.14770257,0.15223394,0.15712978,0.16240889,0.16774693,0.17281567,0.17762843,0.18219842,0.18653892,0.19066311,0.19458428,0.19831562,0.20187046,0.20526193,0.20850337,0.21160795,0.21458896,0.21745959,0.22023317,0.22292283,0.22554195,0.22810364,0.23062119,0.23310784,0.23557682,0.23804142,0.24051481,0.2430103,0.2455411,0.24812044,0.2507616,0.25347775,0.2562822,0.25918818,0.2622089,0.26535764,0.26837686,0.27101278,0.27328432,0.27521014,0.27680928,0.2781005,0.27910277,0.27983478,0.2803155,0.28056365,0.28059822,0.280438,0.2801018,0.27960858,0.27897713
0.08298825,0.08246179,0.08201903,0.0816732,0.08143749,0.08132514,0.08134939,0.08152341,0.081860416,0.08237368,0.08307636,0.083981715,0.08510292,0.08645322,0.088045835,0.089893974,0.09201084,0.09417223,0.09615726,0.097984195,0.09967127,0.10123671,0.102698766,0.1040757,0.10538573,0.10664712,0.10787809,0.1090969,0.1103218,0.11157102,0.1128628,0.11421542,0.11564706,0.11717603,0.11882053,0.1205988,0.12252913,0.12462971,0.1269188,0.12941463,0.1321355,0.13509959,0.13832518,0.14183049,0.14563379,0.1497533,0.15420726,0.15901394,0.16419157,0.16942197,0.17438363,0.17908978,0.1835536,0.18778838,0.19180724,0.19562346,0.19925024,0.20270082,0.20598838,0.20912611,0.21212731,0.21500514,0.21777284,0.2204436,0.22303069,0.22554728,0.22800656,0.23042183,0.23280622,0.23517305,0.2375354,0.23990658,0.24229985,0.24472828,0.24720523,0.24974382,0.25235736,0.25505894,0.25786188,0.26077938,0.2638246,0.2667466,0.26929763,0.27149597,0.2733598,0.27490747,0.2761571,0.2771271,0.27783552,0.2783007,0.2785409,0.2785744,0.2784193,0.278094,0.2776166,0.27700537
0.0852714,0.08474611,0.08430434,0.083959274,0.08372409,0.083611995,0.08363619,0.08380982,0.08414609,0.0846582,0.08535933,0.08626266,0.08738138,0.088728674,0.09031775,0.09216177,0.09427393,0.096434,0.09842464,0.100263394,0.101967745,0.10355528,0.10504346,0.106449865,0.10779199,0.109087385,0.110353574,0.111608066,0.11286839,0.11415211,0.11547671,0.11685974,0.11831872,0.11987119,0.12153466,0.12332667,0.12526472,0.12736636,0.12964913,0.13213055,0.13482814,0.13775939,0.14094189,0.14439318,0.14813069,0.15217203,0.15653466,0.16123621,0.16629414,0.17139761,0.17623298,0.18081337,0.18515201,0.18926205,0.19315667,0.19684914,0.20035258,0.20368019,0.20684512,0.20986062,0.21273986,0.21549599,0.21814226,0.2206918,0.22315785,0.22555353,0.22789209,0.23018672,0.23245052,0.23469675,0.23693863,0.23918925,0.24146184,0.24376966,0.24612576,0.24854349,0.25103584,0.2536162,0.25629762,0.25909334,0.26201653,0.26482376,0.26727474,0.2693867,0.27117744,0.27266434,0.27386492,0.27479684,0.27547744,0.2759244,0.27615517,0.27618727,0.27603835,0.27572575,0.27526715,0.27467996
0.087920874,0.08739695,0.08695631,0.086612135,0.08637757,0.08626577,0.08628989,0.08646306,0.08679847,0.08730925,0.08800857,0.08890955,0.09002539,0.091369204,0.09295416,0.09479342,0.09690012,0.09905867,0.10105581,0.10290827,0.10463268,0.10624582,0.10776435,0.10920495,0.11058432,0.11191919,0.113226235,0.11452214,0.1158236,0.11714731,0.118510015,0.11992836,0.121419065,0.1229988,0.12468427,0.1264922,0.12843923,0.13054214,0.13281757,0.13528219,0.13795277,0.14084597,0.14397846,0.147367,0.15102817,0.1549788,0.1592355,0.16381504,0.16873404,0.17369024,0.178379,0.18281348,0.1870068,0.19097216,0.19472264,0.19827145,0.20163177,0.20481665,0.20783935,0.21071297,0.2134507,0.21606562,0.21857098,0.22097987,0.22330542,0.22556086,0.22775927,0.22991388,0.23203775,0.2341441,0.23624608,0.2383568,0.24048945,0.24265721,0.24487315,0.2471505,0.24950238,0.251942,0.2544824,0.25713673,0.2599183,0.26259246,0.26492718,0.26693916,0.26864496,0.27006134,0.27120504,0.27209273,0.27274114,0.27316687,0.27338675,0.2734173,0.27327535,0.27297762,0.27254075,0.27198142
0.09095561,0.090433225,0.08999391,0.08965075,0.089416884,0.089305416,0.089329466,0.089502126,0.08983654,0.09034581,0.09104304,0.09194136,0.09305387,0.09439369,0.095973946,0.097807735,0.09990818,0.10206498,0.10406957,0.10593772,0.107685156,0.10932763,0.11088088,0.11236066,0.11378272,0.115162775,0.1165166,0.11785993,0.11920849,0.120578066,0.121984385,0.123443164,0.124970175,0.12658115,0.12829188,0.13011801,0.13207537,0.13417971,0.1364467,0.13889216,0.1415318,0.14438134,0.14745657,0.15077321,0.15434702,0.15819372,0.1623291,0.16676885,0.17152874,0.17631626,0.18083711,0.18510443,0.18913133,0.19293092,0.1965163,0.19990063,0.20309696,0.20611842,0.20897816,0.2116893,0.21426488,0.21671808,0.219062,0.22130975,0.22347444,0.2255692,0.22760713,0.22960131,0.23156494,0.23351106,0.23545282,0.23740332,0.23937568,0.24138299,0.24343838,0.245555,0.24774592,0.25002426,0.25240317,0.2548957,0.257515,0.26003677,0.2622384,0.2641356,0.26574415,0.26707986,0.26815832,0.2689954,0.26960683,0.27000833,0.27021563,0.27024448,0.27011064,0.26982987,0.2694179,0.26889044
0.09421558,0.093694285,0.09325586,0.09291343,0.09268005,0.09256882,0.09259281,0.09276511,0.09309883,0.09360703,0.094302796,0.09519924,0.09630944,0.09764646,0.09922342,0.10105339,0.10314945,0.10530686,0.10732198,0.109209485,0.11098414,0.11266066,0.114253774,0.115778185,0.1172486,0.11867977,0.12008641,0.121483244,0.12288495,0.12430632,0.12576202,0.12726682,0.1288354,0.13048247,0.13222276,0.13407105,0.13604198,0.1381503,0.14041078,0.14283805,0.14544696,0.14825206,0.15126823,0.15451008,0.15799238,0.16172983,0.16573723,0.1700292,0.17462048,0.17922895,0.18357132,0.18766065,0.1915101,0.19513267,0.1985415,0.20174967,0.20477033,0.20761642,0.21030113,0.21283747,0.21523866,0.21751769,0.21968766,0.22176166,0.22375277,0.22567411,0.22753868,0.22935967,0.23115012,0.23292309,0.23469172,0.23646905,0.23826827,0.24010235,0.24198438,0.24392752,0.2459448,0.24804932,0.25025415,0.25257245,0.25501725,0.2573751,0.25943354,0.26120746,0.2627115,0.26396036,0.2649687,0.2657514,0.26632303,0.26669845,0.26689234,0.26691923,0.2667941,0.2665316,0.2661464,0.26565322
0.09752468,0.097003415,0.09656503,0.09622261,0.09598924,0.095878005,0.09590201,0.09607432,0.096408,0.09691618,0.097611934,0.09850832,0.09961844,0.100955404,0.10253226,0.10436212,0.10645807,0.10862074,0.110651165,0.112563014,0.11437,0.11608579,0.11772405,0.119298466,0.120822735,0.1223105,0.12377546,0.12523131,0.12669171,0.12817039,0.12968098,0.13123713,0.13285261,0.13454103,0.13631609,0.13819148,0.14018084,0.14229791,0.14455636,0.14696981,0.149552,0.15231659,0.1552773,0.15844773,0.16184163,0.16547263,0.16935445,0.17350073,0.17792521,0.18235593,0.18652055,0.19043218,0.1941039,0.19754876,0.20077993,0.20381042,0.20665336,0.2093218,0.21182886,0.21418764,0.21641116,0.21851256,0.2205049,0.22240128,0.22421478,0.22595847,0.22764547,0.22928889,0.2309017,0.23249711,0.23408815,0.23568793,0.2373095,0.23896597,0.24067038,0.24243595,0.24427561,0.24620248,0.24822977,0.25037035,0.25263757,0.25482866,0.25674164,0.2583901,0.25978777,0.26094833,0.26188543,0.26261267,0.26314393,0.26349285,0.26367295,0.263698,0.26358175,0.26333776,0.2629798,0.26252154
0.10087786,0.10035568,0.09991653,0.09957348,0.09933972,0.09922828,0.09925232,0.09942492,0.0997592,0.10026828,0.10096525,0.10186324,0.10297534,0.10431467,0.10589433,0.10772743,0.10982709,0.11199918,0.114049226,0.11598987,0.11783374,0.11959346,0.12128161,0.12291087,0.12449385,0.12604317,0.12757142,0.12909128,0.13061534,0.13215622,0.1337266,0.135339,0.13700615,0.13874058,0.14055501,0.14246197,0.14447418,0.14660418,0.14886464,0.15126814,0.15382738,0.1565549,0.15946336,0.16256541,0.16587362,0.16940066,0.17315915,0.17716165,0.18142088,0.185675,0.18966259,0.19339672,0.19689047,0.20015708,0.2032095,0.20606098,0.20872447,0.21121322,0.21354027,0.21571879,0.21776183,0.21968253,0.22149397,0.22320926,0.22484154,0.22640389,0.22790945,0.2293713,0.23080257,0.23221639,0.23362581,0.23504397,0.23648398,0.23795891,0.23948196,0.24106617,0.24272466,0.24447055,0.24631694,0.24827696,0.25036368,0.25238562,0.25415087,0.255672,0.25696173,0.25803265,0.25889736,0.2595685,0.2600588,0.2603807,0.26054695,0.26057005,0.2604627,0.26023754,0.2599073,0.25948438
0.10427004,0.103746094,0.103305444,0.10296125,0.10272668,0.10261487,0.102639005,0.102812186,0.103147596,0.1036584,0.10435773,0.10525874,0.10637461,0.107718445,0.10930346,0.11114278,0.11324953,0.11543471,0.11750822,0.119481556,0.12136636,0.12317413,0.12491644,0.12660477,0.12825081,0.129866,0.13146193,0.1330502,0.1346423,0.1362498,0.13788429,0.13955723,0.14128028,0.14306493,0.14492275,0.1468653,0.14890414,0.1510508,0.15331686,0.15571387,0.15825337,0.16094689,0.16380604,0.16684231,0.17006734,0.17349261,0.17712966,0.18099011,0.1850855,0.18916406,0.1929752,0.196532,0.19984767,0.20293535,0.20580816,0.2084793,0.21096194,0.21326914,0.21541412,0.21741007,0.2192701,0.2210073,0.22263496,0.22416611,0.22561395,0.2269917,0.22831239,0.22958925,0.23083544,0.23206408,0.23328835,0.23452136,0.23577629,0.2370663,0.23840454,0.23980421,0.24127837,0.24284023,0.2445029,0.24627961,0.24818347,0.25003397,0.2516496,0.25304174,0.25422218,0.2552023,0.2559937,0.256608,0.25705662,0.25735125,0.25750333,0.25752458,0.25742632,0.2572203,0.25691798,0.25653094
0.10769611,0.107169665,0.10672693,0.106381096,0.10614539,0.10603306,0.106057286,0.1062313,0.10656832,0.10708157,0.10778422,0.108689524,0.109810725,0.11116099,0.11275355,0.11460162,0.116718434,0.11891992,0.12102017,0.12302967,0.124958895,0.12681828,0.12861834,0.13036957,0.13208239,0.1337673,0.13543472,0.13709518,0.13875912,0.14043704,0.14213939,0.1438766,0.14565925,0.14749771,0.14940251,0.1513841,0.15345292,0.15561949,0.15789427,0.16028772,0.16281033,0.16547254,0.16828485,0.1712577,0.17440163,0.17772703,0.1812444,0.18496424,0.18889698,0.19280091,0.1964361,0.19981578,0.20295314,0.20586145,0.20855388,0.21104364,0.21334402,0.21546815,0.21742927,0.21924062,0.22091539,0.22246681,0.22390813,0.22525246,0.22651315,0.2277033,0.22883624,0.2299251,0.2309831,0.23202352,0.23305948,0.23410429,0.2351711,0.23627318,0.2374237,0.23863591,0.23992302,0.24129821,0.24277477,0.24436587,0.24608468,0.24776182,0.2492261,0.25048786,0.25155774,0.25244603,0.2531633,0.25372002,0.25412667,0.25439364,0.2545316,0.25455076,0.25446174,0.254275,0.25400105,0.25365028
0.11115102,0.110621445,0.110176064,0.10982818,0.109591104,0.1094781,0.10950246,0.10967749,0.110016525,0.11053279,0.11123964,0.11215032,0.113278136,0.11463642,0.11623842,0.118097454,0.120226815,0.122447304,0.12457714,0.1266257,0.12860234,0.13051645,0.13237739,0.13419461,0.13597742,0.13773522,0.1394774,0.14121331,0.14295234,0.1447039,0.14647731,0.148282,0.15012737,0.15202273,0.15397747,0.15600099,0.15810269,0.16029193,0.16257806,0.16497052,0.16747864,0.1701118,0.17287943,0.17579083,0.17885542,0.18208256,0.1854817,0.18906216,0.19283332,0.19656333,0.20002304,0.20322575,0.20618469,0.20891322,0.21142456,0.21373208,0.21584901,0.21778874,0.21956447,0.2211895,0.2226772,0.2240408,0.22529356,0.22644891,0.22752,0.2285202,0.2294628,0.23036109,0.23122832,0.23207787,0.23292296,0.23377691,0.23465306,0.23556463,0.23652492,0.23754732,0.238645,0.23983133,0.2411196,0.24252307,0.24405506,0.24555726,0.24686873,0.24799891,0.24895714,0.24975277,0.25039527,0.25089395,0.25125813,0.2514973,0.25162077,0.251638,0.2515582,0.25139096,0.25114557,0.25083137
0.114629626,0.114096425,0.11364801,0.113297746,0.113059014,0.11294525,0.11296978,0.11314603,0.11348737,0.1140072,0.11471887,0.1156358,0.11677137,0.11813896,0.119751945,0.12162374,0.123767726,0.12600945,0.1281712,0.13026118,0.13228771,0.13425903,0.13618347,0.13806926,0.13992469,0.14175805,0.14357762,0.14539167,0.14720847,0.14903632,0.15088348,0.15275823,0.15466888,0.15662365,0.15863083,0.16069874,0.16283563,0.16504978,0.16734947,0.16974303,0.17223863,0.17484462,0.17756927,0.18042083,0.18340763,0.18653794,0.18981998,0.19326203,0.19687247,0.2004292,0.20371383,0.20673971,0.20952007,0.21206845,0.2143982,0.21652268,0.2184553,0.2202095,0.22179852,0.22323586,0.2245349,0.22570902,0.22677156,0.22773598,0.22861557,0.2294238,0.23017398,0.2308796,0.23155394,0.23221043,0.23286246,0.23352344,0.23420674,0.23492572,0.23569377,0.2365243,0.2374307,0.23842628,0.23952456,0.2407388,0.24208246,0.2434083,0.24456589,0.24556346,0.2464092,0.24711148,0.24767853,0.24811864,0.24844009,0.24865119,0.24876016,0.24877536,0.24870498,0.24855745,0.24834079,0.24806343
0.11812691,0.11758966,0.11713784,0.116784915,0.116544396,0.11642976,0.11645448,0.11663206,0.116975985,0.117499754,0.11821682,0.11914068,0.12028484,0.12166282,0.12328802,0.12517397,0.12733418,0.12959895,0.13179441,0.13392772,0.13600604,0.13803658,0.14002645,0.14198285,0.14391302,0.145824,0.14772308,0.14961736,0.15151402,0.15342025,0.15534322,0.15729009,0.15926802,0.16128421,0.1633458,0.16545998,0.16763394,0.1698748,0.17218974,0.174586,0.17707066,0.17965093,0.182334,0.18512705,0.18803717,0.19107164,0.19423755,0.19754209,0.20099244,0.20437644,0.20748623,0.21033527,0.21293701,0.215305,0.21745268,0.21939357,0.22114114,0.2227089,0.22411029,0.22535883,0.226468,0.22745134,0.22832222,0.22909422,0.2297808,0.23039547,0.23095164,0.23146287,0.23194265,0.23240441,0.23286173,0.23332801,0.23381679,0.23434153,0.23491572,0.23555285,0.23626639,0.23706986,0.23797674,0.23900048,0.24015464,0.24130315,0.24230586,0.24316996,0.24390255,0.24451087,0.24500212,0.24538334,0.24566181,0.24584468,0.24593906,0.24595222,0.24589126,0.24576342,0.24557577,0.24533555
0.12163774,0.12109616,0.12064068,0.12028493,0.120042466,0.119926915,0.119951844,0.12013085,0.12047756,0.121005505,0.12172836,0.1226597,0.123813085,0.12520213,0.12684043,0.12874159,0.1309192,0.13320827,0.13543878,0.1376168,0.13974833,0.14183949,0.14389628,0.14592484,0.14793117,0.14992136,0.15190141,0.15387748,0.15585552,0.15784167,0.15984192,0.16186243,0.16390914,0.16598816,0.16810557,0.1702674,0.17247973,0.17474863,0.17708011,0.17948024,0.1819551,0.18451075,0.18715325,0.18988864,0.19272299,0.19566235,0.19871275,0.20188034,0.20517111,0.20838271,0.2113179,0.21399024,0.21641327,0.21860068,0.220566,0.2223229,0.22388485,0.22526558,0.22647859,0.2275375,0.22845595,0.2292475,0.22992574,0.23050429,0.23099673,0.23141666,0.23177764,0.23209333,0.23237732,0.23264316,0.23290445,0.23317482,0.23346785,0.23379713,0.23417626,0.23461887,0.23513852,0.23574877,0.23646326,0.2372956,0.23825936,0.23922974,0.24007696,0.24080701,0.241426,0.24193999,0.24235497,0.24267711,0.24291243,0.24306688,0.24314663,0.24315776,0.24310629,0.2429982,0.24283966,0.24263671
0.12515703,0.124610946,0.124151684,0.12379297,0.12354848,0.12343195,0.123457104,0.1236376,0.12398717,0.12451954,0.12524845,0.12618752,0.1273505,0.12875113,0.13040309,0.13232012,0.13451588,0.13683002,0.1390964,0.14131995,0.14350559,0.14565827,0.14778295,0.14988454,0.15196799,0.15403827,0.15610033,0.15815909,0.16021949,0.16228649,0.16436504,0.16646002,0.16857646,0.17071927,0.17289335,0.1751037,0.17735527,0.17965296,0.18200171,0.18440652,0.18687229,0.18940394,0.19200648,0.19468485,0.1974439,0.20028868,0.20322406,0.20625506,0.20938653,0.21242598,0.21518664,0.2176823,0.2199266,0.22193332,0.22371607,0.22528863,0.22666469,0.22785795,0.22888215,0.22975099,0.23047811,0.23107734,0.2315623,0.23194674,0.23224431,0.23246883,0.23263389,0.23275328,0.23284066,0.23290977,0.23297432,0.23304796,0.2331445,0.23327762,0.23346098,0.23370832,0.23403332,0.23444976,0.23497124,0.23561162,0.23638445,0.23717624,0.23786746,0.23846318,0.23896822,0.2393876,0.23972623,0.23998909,0.24018106,0.2403071,0.24037218,0.24038126,0.24033922,0.24025105,0.24012172,0.23995613
0.12867971,0.12812905,0.12766595,0.12730421,0.12705766,0.12694016,0.12696551,0.12714754,0.12750004,0.1280369,0.12877192,0.12971886,0.13089164,0.13230403,0.13396984,0.13590296,0.13811716,0.14045675,0.14275934,0.14502877,0.14726885,0.14948343,0.1516763,0.1538513,0.15601228,0.15816306,0.1603075,0.16244934,0.16459246,0.1667407,0.16889788,0.17106779,0.17325427,0.17546119,0.17769234,0.17995155,0.18224268,0.1845695,0.18693586,0.18934561,0.19180256,0.19431052,0.19687338,0.1994949,0.20217888,0.20492928,0.20774978,0.2106443,0.21361664,0.216484,0.21907026,0.22138926,0.2234548,0.22528076,0.22688085,0.22826901,0.22945899,0.23046468,0.23129989,0.23197839,0.23251401,0.23292063,0.23321208,0.2334021,0.2335046,0.23353338,0.23350221,0.23342498,0.23331548,0.23318759,0.23305506,0.2329317,0.23283142,0.23276803,0.23275536,0.23280717,0.23293729,0.23315954,0.23348783,0.23393594,0.23451766,0.23513065,0.23566577,0.23612699,0.23651801,0.23684266,0.23710482,0.23730828,0.23745687,0.23755446,0.23760489,0.23761192,0.23757936,0.2375111,0.23741098,0.23728277
0.13220073,0.13164552,0.13117859,0.13081382,0.13056527,0.1304468,0.13047233,0.13065588,0.1310113,0.13155259,0.13229366,0.13324845,0.13443093,0.13585496,0.13753457,0.13948365,0.14171614,0.14408097,0.14641961,0.14873478,0.15102911,0.15330537,0.15556629,0.15781455,0.16005284,0.16228394,0.1645105,0.16673529,0.16896091,0.1711902,0.17342584,0.17567044,0.17792685,0.1801977,0.18248574,0.18479362,0.18712412,0.18947992,0.19186375,0.19427831,0.19672629,0.19921044,0.20173344,0.20429802,0.20690688,0.20956273,0.2122683,0.21502629,0.21783942,0.22053462,0.22294645,0.2250888,0.22697558,0.22862077,0.2300383,0.23124209,0.23224607,0.23306428,0.23371053,0.23419881,0.23454307,0.23475721,0.23485523,0.234851,0.23475854,0.23459168,0.23436448,0.23409079,0.23378459,0.23345979,0.23313034,0.23281017,0.23251325,0.23225352,0.23204485,0.23190127,0.23183665,0.23186499,0.23200013,0.23225613,0.23264684,0.23308112,0.23346023,0.23378697,0.23406398,0.23429397,0.23447971,0.23462383,0.23472913,0.23479828,0.23483397,0.23483896,0.23481591,0.23476754,0.23469661,0.23460579
0.13571495,0.13515534,0.13468468,0.13431706,0.1340665,0.1339471,0.13397285,0.13415784,0.13451609,0.13506165,0.13580862,0.136771,0.1379628,0.13939817,0.14109108,0.14305563,0.14530583,0.14769529,0.15006928,0.15242946,0.15477738,0.15711464,0.15944289,0.1617636,0.16407849,0.16638911,0.1686971,0.17100401,0.17331141,0.17562097,0.1779343,0.18025291,0.18257844,0.18491252,0.18725668,0.1896126,0.1919818,0.19436596,0.1967666,0.19918536,0.2016238,0.20408359,0.20656626,0.20907345,0.21160674,0.21416771,0.21675797,0.21937913,0.2220328,0.22455567,0.22679295,0.2287586,0.23046668,0.23193121,0.23316632,0.234186,0.23500428,0.2356352,0.23609291,0.23639141,0.23654467,0.2365669,0.23647198,0.23627406,0.23598716,0.23562531,0.2352026,0.23473303,0.23423065,0.2337097,0.2331839,0.23266752,0.23217456,0.23171908,0.23131506,0.23097666,0.23071785,0.23055272,0.23049529,0.2305596,0.23075971,0.23101565,0.23123913,0.23143168,0.2315949,0.23173048,0.23183993,0.2319249,0.23198697,0.2320277,0.23204874,0.23205167,0.23203808,0.2320096,0.2319678,0.23191425
0.13921732,0.13865355,0.13817942,0.13780904,0.13755666,0.13743636,0.1374623,0.13764866,0.13800956,0.1385592,0.13931164,0.14028117,0.14148182,0.14292781,0.14463328,0.14661238,0.14887926,0.15129222,0.15370044,0.15610445,0.1585047,0.1609017,0.16329591,0.16568787,0.16807799,0.17046684,0.17285489,0.1752426,0.17763047,0.18001899,0.18240865,0.18479995,0.18719333,0.18958937,0.19198845,0.19439113,0.1967979,0.19920927,0.20162563,0.20404756,0.2064755,0.20890999,0.21135145,0.21380042,0.21625733,0.21872278,0.22119717,0.223681,0.22617477,0.22852504,0.23058757,0.23237647,0.23390587,0.23518996,0.23624283,0.23707877,0.2377118,0.2381561,0.23842588,0.23853526,0.23849836,0.23832938,0.23804241,0.23765172,0.23717134,0.23661552,0.23599838,0.23533401,0.23463668,0.23392044,0.23319945,0.23248793,0.23179999,0.23114981,0.23055153,0.23001924,0.22956719,0.22920953,0.22896034,0.22883382,0.22884409,0.22892238,0.22899072,0.22904964,0.22909957,0.22914104,0.22917451,0.2292005,0.22921948,0.22923194,0.22923839,0.2292393,0.22923513,0.22922641,0.22921364,0.22919723
0.1427027,0.14213516,0.14165784,0.14128505,0.14103092,0.1409098,0.14093594,0.14112353,0.14148687,0.1420402,0.1427977,0.14377372,0.14498243,0.1464381,0.14815499,0.15014738,0.15242943,0.15486434,0.15730508,0.15975124,0.16220206,0.164657,0.1671154,0.16957669,0.1720402,0.17450535,0.17697154,0.17943817,0.18190455,0.18437013,0.18683428,0.18929636,0.1917558,0.19421196,0.19666423,0.19911201,0.20155463,0.20399153,0.2064221,0.20884567,0.2112617,0.21366955,0.21606855,0.21845813,0.22083771,0.22320662,0.22556427,0.22791007,0.2302433,0.23242055,0.23430802,0.23592009,0.23727092,0.23837475,0.23924589,0.23989858,0.24034698,0.24060543,0.24068819,0.24060948,0.2403835,0.24002457,0.23954687,0.23896468,0.23829226,0.23754385,0.23673369,0.2358761,0.2349852,0.23407534,0.23316072,0.23225558,0.23137416,0.23053081,0.22973962,0.22901501,0.22837107,0.22782215,0.22738245,0.2270663,0.22688776,0.22678939,0.22670344,0.22662942,0.22656666,0.22651453,0.22647242,0.22643977,0.22641593,0.22640026,0.22639215,0.226391,0.22639625,0.22640723,0.2264233,0.22644386
0.14616607,0.14559524,0.14511514,0.14474015,0.14448458,0.14436275,0.14438902,0.1445777,0.14494315,0.14549968,0.14626162,0.1472433,0.14845905,0.1499232,0.15165013,0.15365408,0.15594944,0.15840411,0.16087534,0.16336134,0.16586049,0.168371,0.17089123,0.17341943,0.1759539,0.17849292,0.18103482,0.18357779,0.18612024,0.18866041,0.19119659,0.19372706,0.19625011,0.19876409,0.20126723,0.20375778,0.20623411,0.20869449,0.21113719,0.2135605,0.21596278,0.21834219,0.22069715,0.22302589,0.22532669,0.2275978,0.22983763,0.23204435,0.23421636,0.23621991,0.23793206,0.23936714,0.24053952,0.24146347,0.24215335,0.24262345,0.2428882,0.24296181,0.24285871,0.24259317,0.24217956,0.24163221,0.2409654,0.24019343,0.23933078,0.23839173,0.2373905,0.23634155,0.23525915,0.23415762,0.23305136,0.2319546,0.23088175,0.2298471,0.22886506,0.22794981,0.22711582,0.22637738,0.22574876,0.22524439,0.22487853,0.22460468,0.22436558,0.22415955,0.2239849,0.22383982,0.2237227,0.22363178,0.22356538,0.22352177,0.2234993,0.22349615,0.22351073,0.22354119,0.2235859,0.22364317
0.14960234,0.14902873,0.14854638,0.14816959,0.1479128,0.1477904,0.1478168,0.1480064,0.14837357,0.14893275,0.14969832,0.15068468,0.15190622,0.15337737,0.15511249,0.157126,0.15943228,0.16190423,0.16440319,0.16692637,0.16947098,0.17203425,0.17461331,0.17720547,0.17980786,0.1824177,0.1850322,0.18764858,0.19026402,0.19287576,0.19548096,0.19807678,0.20066056,0.20322941,0.20578055,0.20831119,0.21081853,0.21329977,0.21575211,0.21817282,0.22055902,0.22290798,0.22521682,0.2274828,0.22970313,0.23187496,0.2339956,0.23606218,0.2380719,0.23990111,0.24143751,0.24269553,0.24368949,0.24443391,0.24494317,0.24523161,0.24531363,0.24520373,0.24491619,0.24446546,0.24386595,0.2431321,0.24227816,0.24131867,0.24026796,0.23914048,0.23795064,0.23671271,0.23544124,0.23415056,0.23285507,0.23156923,0.23030733,0.22908387,0.22791316,0.22680967,0.22578776,0.22486189,0.2240464,0.22335568,0.22280414,0.22235641,0.22196549,0.22162859,0.22134298,0.22110581,0.22091435,0.22076571,0.22065711,0.22058582,0.22054902,0.2205439,0.22056764,0.22061752,0.22069067,0.2207843
0.15300636,0.15243079,0.15194671,0.15156858,0.15131089,0.15118806,0.15121454,0.1514048,0.15177329,0.15233444,0.15310271,0.15409252,0.1553184,0.15679473,0.15853596,0.16055657,0.16287099,0.16535714,0.16788068,0.17043781,0.17302455,0.17563716,0.17827162,0.18092419,0.18359095,0.18626803,0.18895152,0.19163765,0.19432244,0.1970021,0.19967271,0.20233044,0.20497137,0.2075917,0.21018751,0.21275492,0.2152901,0.21778913,0.22024822,0.22266339,0.22503087,0.22734672,0.22960715,0.23180819,0.233946,0.2360168,0.23801659,0.23994164,0.24178794,0.2434419,0.24480197,0.24588272,0.24669854,0.24726394,0.2475933,0.24770108,0.24760173,0.24730974,0.24683952,0.2462055,0.2454222,0.244504,0.2434654,0.24232087,0.24108478,0.23977162,0.23839587,0.23697194,0.23551425,0.2340374,0.23255566,0.23108354,0.22963552,0.22822605,0.22686954,0.22558048,0.22437328,0.22326246,0.22226238,0.22138757,0.22065242,0.22003257,0.21949139,0.21902508,0.21862967,0.21830139,0.21803628,0.21783052,0.21768025,0.21758156,0.21753061,0.21752352,0.21755639,0.21762541,0.21772666,0.21785629
0.15637311,0.1557963,0.15531118,0.15493229,0.15467405,0.15455095,0.15457751,0.15476817,0.15513745,0.15569976,0.15646964,0.15746158,0.15869002,0.16016945,0.16191438,0.16393925,0.16625857,0.16875541,0.17129996,0.1738872,0.17651224,0.17917019,0.18185607,0.18456496,0.18729194,0.19003205,0.19278038,0.19553205,0.198282,0.20102543,0.20375729,0.20647274,0.20916687,0.21183465,0.21447122,0.21707162,0.21963093,0.22214423,0.22460656,0.227013,0.22935861,0.23163849,0.23384771,0.23598123,0.23803431,0.24000187,0.24187902,0.24366084,0.24534236,0.24682008,0.24800336,0.24890667,0.24954452,0.24993137,0.25008166,0.25000995,0.24973068,0.24925834,0.24860741,0.2477924,0.2468277,0.24572782,0.2445073,0.2431806,0.24176222,0.24026658,0.23870815,0.2371015,0.23546107,0.2338013,0.23213671,0.2304818,0.22885099,0.2272588,0.2257197,0.22424822,0.22285876,0.22156584,0.22038394,0.21932752,0.21841112,0.2176213,0.21693178,0.21633753,0.21583372,0.21541539,0.21507761,0.21481542,0.21462394,0.21449815,0.21443325,0.21442424,0.21446614,0.21455409,0.21468307,0.21484831
0.15969747,0.15912035,0.15863502,0.1582559,0.15799752,0.15787439,0.15790093,0.15809171,0.15846114,0.15902375,0.15979406,0.16078651,0.16201562,0.16349582,0.16524163,0.16726758,0.1695881,0.17209165,0.17465296,0.1772661,0.17992507,0.18262385,0.18535656,0.18811713,0.19089961,0.19369805,0.19650646,0.19931884,0.20212923,0.20493163,0.2077201,0.21048862,0.21323128,0.21594205,0.21861497,0.22124404,0.22382328,0.22634676,0.22880846,0.2312024,0.23352265,0.23576315,0.23791803,0.23998122,0.24194679,0.24380872,0.24556115,0.24719796,0.24871318,0.25001356,0.2510193,0.251745,0.25220504,0.25241402,0.25238624,0.2521364,0.25167885,0.25102812,0.25019875,0.24920516,0.24806187,0.24678327,0.24538404,0.24387853,0.24228129,0.24060668,0.23886937,0.23708376,0.23526433,0.23342559,0.23158199,0.22974809,0.22793832,0.22616719,0.22444917,0.22279878,0.22123049,0.21975878,0.21839817,0.21716309,0.21606807,0.21511067,0.21427481,0.21355453,0.21294384,0.21243674,0.21202728,0.21170947,0.21147732,0.21132492,0.2112462,0.21123528,0.21128605,0.21139267,0.21154909,0.21174929
0.1629744,0.16239798,0.16191326,0.16153464,0.16127658,0.16115358,0.1611801,0.1613706,0.1617396,0.16230153,0.16307086,0.16406205,0.1652896,0.16676795,0.16851158,0.17053498,0.1728526,0.17535836,0.17793185,0.18056607,0.18325405,0.18598866,0.18876301,0.19157009,0.19440283,0.19725427,0.20011738,0.20298518,0.20585062,0.20870672,0.21154648,0.21436286,0.2171489,0.21989754,0.22260189,0.22525479,0.22784926,0.2303784,0.23283505,0.2352124,0.23750329,0.23970072,0.24179775,0.24378729,0.24566247,0.24741612,0.24904133,0.25053108,0.25187838,0.25300014,0.2538276,0.2543755,0.25465798,0.25468963,0.254485,0.25405842,0.25342453,0.25259766,0.2515923,0.250423,0.24910414,0.2476503,0.24607576,0.24439517,0.2426229,0.24077348,0.23886138,0.23690103,0.23490688,0.23289347,0.23087525,0.22886667,0.2268822,0.22493632,0.22304349,0.2212182,0.21947487,0.21782804,0.21629211,0.21488164,0.21361104,0.21248873,0.21150894,0.2106646,0.20994872,0.2093543,0.20887433,0.20850177,0.20822966,0.208051,0.20795871,0.2079459,0.20800547,0.20813043,0.20831375,0.20854852
0.16619876,0.16562419,0.16514102,0.16476363,0.1645064,0.16438381,0.16441023,0.16460016,0.16496794,0.16552804,0.1662949,0.1672829,0.16850649,0.16998008,0.17171808,0.17373498,0.17604509,0.17854813,0.18112864,0.18377864,0.1864901,0.18925504,0.19206537,0.19491315,0.19779035,0.20068891,0.20360081,0.20651808,0.20943269,0.21233661,0.21522179,0.21808027,0.22090401,0.22368497,0.22641516,0.22908652,0.2316911,0.23422086,0.23666777,0.23902379,0.24128088,0.2434311,0.24546643,0.24737878,0.24916017,0.2508026,0.25229806,0.2536385,0.25481588,0.25575766,0.2564061,0.25677577,0.256881,0.25673622,0.25635585,0.2557543,0.254946,0.25394544,0.25276694,0.251425,0.249934,0.24830842,0.24656266,0.24471104,0.24276815,0.24074833,0.23866598,0.23653558,0.2343715,0.23218822,0.23000008,0.22782168,0.2256672,0.22355118,0.22148809,0.21949227,0.21757822,0.21576032,0.214053,0.2124707,0.21102777,0.20974357,0.20862244,0.2076563,0.2068371,0.20615692,0.20560771,0.20518143,0.20487006,0.20466563,0.20456006,0.20454533,0.20461349,0.20475647,0.20496628,0.20523486
0.16936545,0.16879405,0.16831347,0.16793808,0.16768228,0.16756032,0.16758664,0.16777553,0.16814132,0.1686984,0.1694611,0.17044379,0.17166074,0.17312637,0.174855,0.17686094,0.1791586,0.18165344,0.18423533,0.18689533,0.18962434,0.19241346,0.19525358,0.19813581,0.20105101,0.20399025,0.20694451,0.20990475,0.21286201,0.21580726,0.21873151,0.22162569,0.22448084,0.22728795,0.23003802,0.232722,0.23533097,0.2378558,0.24028762,0.24261725,0.24483585,0.2469343,0.2489036,0.25073484,0.2524189,0.25394684,0.25530964,0.25649822,0.2575037,0.25826392,0.25873247,0.2589237,0.25885186,0.25853142,0.25797665,0.2572019,0.2562216,0.25504997,0.25370142,0.25219032,0.2505309,0.24873771,0.24682488,0.24480687,0.24269804,0.24051267,0.23826519,0.2359698,0.23364098,0.23129307,0.22894035,0.22659715,0.22427796,0.22199696,0.21976852,0.2176071,0.21552691,0.21354242,0.21166788,0.20991766,0.20830612,0.20686327,0.20560361,0.20451811,0.20359772,0.20283352,0.20221646,0.20173757,0.20138773,0.20115797,0.2010394,0.20102286,0.20109943,0.20126007,0.20149581,0.20179757
0.17246947,0.17190251,0.17142569,0.17105326,0.17079942,0.17067844,0.17070453,0.17089193,0.1712549,0.17180762,0.17256436,0.17353936,0.17474681,0.17620103,0.17791614,0.17990647,0.18218617,0.18466689,0.18724407,0.18990771,0.1926478,0.19545442,0.19831757,0.20122729,0.2041736,0.2071465,0.21013604,0.21313222,0.21612507,0.21910462,0.2220609,0.2249839,0.2278637,0.23069027,0.23345369,0.2361439,0.23875098,0.24126497,0.24367583,0.24597368,0.24814843,0.2501902,0.25208893,0.25383475,0.25541753,0.2568274,0.2580544,0.25908852,0.25991976,0.26049677,0.26078445,0.26079687,0.26054832,0.26005316,0.25932547,0.25837958,0.25722957,0.25588986,0.25437456,0.25269797,0.25087434,0.24891776,0.24684264,0.24466315,0.24239351,0.24004793,0.23764071,0.23518601,0.23269811,0.23019123,0.22767964,0.22517751,0.22269908,0.22025862,0.21787035,0.21554852,0.21330734,0.21116106,0.20912386,0.20721005,0.20543383,0.20383592,0.20244083,0.20123866,0.2002194,0.199373,0.19868962,0.19815919,0.19777174,0.19751738,0.197386,0.19736771,0.19745249,0.19763039,0.19789149,0.19822568
0.17550567,0.17494464,0.1744728,0.17410426,0.17385307,0.17373334,0.17375915,0.17394462,0.17430377,0.17485072,0.17559956,0.17656438,0.17775922,0.1791982,0.1808954,0.18286493,0.18512082,0.18758103,0.1901468,0.19280726,0.19555141,0.19836839,0.20124725,0.20417704,0.20714691,0.21014589,0.21316305,0.21618754,0.21920836,0.22221467,0.22519542,0.22813982,0.23103686,0.23387568,0.23664531,0.23933488,0.24193339,0.24443004,0.2468138,0.2490738,0.25119913,0.25317875,0.25500196,0.2566577,0.25813493,0.25942302,0.2605108,0.26138744,0.26204205,0.26243412,0.26253974,0.26237315,0.26194826,0.26127923,0.26038018,0.2592652,0.2579483,0.2564436,0.25476518,0.25292718,0.2509436,0.24882853,0.24659611,0.24426043,0.24183553,0.23933554,0.2367745,0.23416647,0.23152564,0.22886601,0.22620165,0.22354673,0.22091523,0.21832132,0.21577905,0.21330251,0.2109058,0.20860298,0.20640811,0.20433535,0.20239872,0.20064954,0.19912241,0.19780646,0.19669068,0.19576418,0.19501612,0.19443546,0.19401138,0.19373289,0.19358909,0.19356906,0.19366191,0.19385669,0.19414242,0.19450828
0.178469,0.17791544,0.17744993,0.17708628,0.17683847,0.17672034,0.17674585,0.17692879,0.17728315,0.17782281,0.17856161,0.17951353,0.18069242,0.18211216,0.18378668,0.18572986,0.1879556,0.19038843,0.19293572,0.1955856,0.19832626,0.20114584,0.20403251,0.20697445,0.20995978,0.2129767,0.21601336,0.21905787,0.22209847,0.22512327,0.22812048,0.23107816,0.2339846,0.23682785,0.23959613,0.24227759,0.24486041,0.24733266,0.24968264,0.25189835,0.25396815,0.25588003,0.25762218,0.25918284,0.26055005,0.26171216,0.26265714,0.26337323,0.26384857,0.26405367,0.26397625,0.26363015,0.26302922,0.2621875,0.26111877,0.259837,0.25835603,0.25668976,0.25485206,0.25285694,0.2507182,0.24844976,0.24606553,0.24357931,0.24100521,0.23835692,0.23564842,0.23289356,0.23010634,0.22730055,0.22449018,0.22168902,0.21891104,0.21617013,0.21348016,0.210855,0.20830867,0.20585494,0.20350774,0.20128095,0.19918856,0.19729225,0.19563667,0.19421,0.19300039,0.191996,0.19118497,0.19055553,0.19009575,0.18979381,0.18963794,0.18961623,0.18971688,0.18992803,0.19023782,0.19063443
0.18135433,0.18080997,0.18035215,0.17999458,0.17975086,0.1796347,0.17965972,0.17983972,0.18018818,0.18071887,0.18144542,0.18238153,0.18354088,0.18493706,0.18658379,0.18849471,0.19068353,0.19308159,0.19560274,0.19823425,0.2009633,0.20377722,0.20666331,0.20960881,0.21260098,0.21562713,0.21867442,0.22173029,0.22478186,0.22781646,0.2308214,0.23378384,0.23669116,0.23953053,0.24228932,0.24495475,0.24751407,0.2499546,0.25226358,0.2544282,0.25643596,0.2582738,0.2599293,0.26138958,0.26264185,0.26367354,0.2644718,0.26502392,0.26531723,0.26533335,0.2650716,0.26454568,0.26376912,0.26275575,0.26151916,0.26007307,0.25843105,0.25660685,0.2546141,0.25246647,0.25017762,0.24776123,0.24523093,0.24260043,0.2398834,0.23709346,0.23424432,0.2313496,0.22842301,0.22547822,0.22252883,0.21958858,0.2166711,0.21379004,0.21095914,0.20819196,0.20550229,0.20290367,0.20040981,0.19803444,0.19579113,0.19375211,0.19197193,0.19043791,0.18913727,0.18805729,0.18718523,0.18650837,0.18601403,0.18568939,0.18552175,0.18549845,0.18560664,0.18583366,0.18616678,0.18659328
0.18415657,0.18362322,0.18317464,0.18282428,0.18258548,0.18247166,0.18249623,0.18267252,0.18301398,0.18353395,0.18424587,0.18516311,0.18629903,0.18766706,0.18928058,0.19115297,0.19329764,0.19565311,0.19814003,0.20074469,0.20345359,0.20625307,0.20912959,0.21206956,0.21505935,0.21808538,0.22113408,0.22419183,0.22724503,0.23028018,0.23328353,0.23624162,0.23914078,0.2419675,0.24470809,0.24734902,0.2498767,0.2522775,0.2545378,0.2566441,0.25858277,0.2603402,0.26190278,0.26325697,0.2643892,0.2652858,0.26593322,0.2663178,0.266426,0.26625097,0.2658036,0.26509735,0.2641457,0.26296183,0.26155937,0.2599515,0.25815177,0.25617346,0.25403002,0.25173485,0.24930127,0.24674273,0.24407259,0.2413043,0.23845115,0.23552665,0.23254406,0.22951691,0.22645846,0.22338217,0.22030139,0.21722957,0.21418007,0.21116626,0.20820157,0.20529933,0.20247303,0.19973592,0.19710152,0.19458315,0.19219422,0.1900172,0.18811658,0.18647869,0.18509002,0.18393692,0.18300587,0.18228322,0.18175538,0.18140878,0.18122981,0.1812049,0.18132044,0.18156284,0.18191849,0.18237384
0.18687071,0.18635024,0.18591247,0.18557058,0.18533756,0.18522647,0.18525045,0.18542251,0.18575573,0.18626313,0.18695784,0.18785293,0.1889614,0.19029638,0.19187093,0.19369811,0.19579096,0.19809553,0.20053953,0.20310853,0.2057881,0.20856385,0.21142128,0.21434604,0.21732368,0.22033976,0.2233799,0.22642964,0.22947457,0.23250031,0.23549238,0.23843639,0.24131785,0.24412242,0.2468356,0.24944307,0.25193036,0.254283,0.2564866,0.25852683,0.2603891,0.26205903,0.26352233,0.2647644,0.26577097,0.26652744,0.2670196,0.2672329,0.2671529,0.26678425,0.26614997,0.26526302,0.26413655,0.2627836,0.26121718,0.2594504,0.25749642,0.25536808,0.25307867,0.25064117,0.2480686,0.24537411,0.2425707,0.23967148,0.23668954,0.23363787,0.23052956,0.22737773,0.22419542,0.22099565,0.21779154,0.21459617,0.21142256,0.20828378,0.20519291,0.20216304,0.19920719,0.19633846,0.19356991,0.19091463,0.18838564,0.18607558,0.1840588,0.18232088,0.18084735,0.17962386,0.17863588,0.1778691,0.177309,0.17694122,0.17675132,0.17672488,0.17684746,0.17710468,0.17748208,0.17796522
0.18949164,0.18898603,0.18856081,0.1882287,0.18800235,0.18789443,0.18791774,0.18808484,0.18840852,0.18890141,0.18957624,0.19044572,0.19152248,0.19281924,0.19434872,0.19612359,0.19815654,0.20040143,0.2027934,0.20531732,0.2079579,0.21069996,0.21352828,0.2164276,0.21938275,0.22237848,0.22539957,0.22843081,0.231457,0.23446289,0.2374332,0.24035288,0.24320653,0.24597904,0.24865514,0.25121963,0.2536573,0.2559529,0.2580912,0.26005706,0.26183516,0.26341036,0.26476738,0.26589102,0.26676604,0.2673773,0.26770946,0.26774743,0.26747587,0.26691124,0.26608855,0.2650204,0.26371965,0.2621988,0.26047063,0.25854793,0.25644323,0.2541693,0.25173882,0.24916449,0.24645905,0.2436351,0.24070536,0.23768261,0.23457941,0.23140855,0.22818266,0.22491445,0.22161669,0.21830195,0.21498302,0.21167251,0.20838317,0.20512767,0.2019187,0.19876902,0.19569123,0.19269803,0.18980218,0.18701631,0.18435314,0.18191537,0.1797871,0.17795305,0.17639805,0.17510687,0.17406428,0.17325509,0.17266403,0.17227593,0.1720755,0.17204759,0.17217697,0.1724484,0.17284666,0.17335655
0.19201419,0.19152565,0.19111475,0.19079381,0.19057506,0.19047081,0.1904933,0.19065478,0.19096754,0.19144385,0.19209597,0.19293614,0.19397667,0.19522977,0.19670777,0.19842288,0.2003874,0.20256327,0.20489363,0.20736255,0.20995395,0.21265194,0.21544053,0.21830364,0.2212254,0.22418974,0.22718078,0.23018242,0.23317876,0.23615377,0.23909149,0.241976,0.24479115,0.24752115,0.2501498,0.25266135,0.2550397,0.25726882,0.25933284,0.26121566,0.26290143,0.26437405,0.26561755,0.26661602,0.26735345,0.26781383,0.26798114,0.2678395,0.26737285,0.26660958,0.26559693,0.26434717,0.26287255,0.26118526,0.25929767,0.25722206,0.25497058,0.25255558,0.24998938,0.24728405,0.24445204,0.24150558,0.23845685,0.23531821,0.23210187,0.22882016,0.22548522,0.22210944,0.21870506,0.21528432,0.2118595,0.20844278,0.20504658,0.20168303,0.19836448,0.19510321,0.19191138,0.18880136,0.18578537,0.1828757,0.18008456,0.17752463,0.17528966,0.17336373,0.17173079,0.1703749,0.16928007,0.1684303,0.16780965,0.16740204,0.16719164,0.16716234,0.16729817,0.16758323,0.16800141,0.16853689
0.19443339,0.19396406,0.19356938,0.19326107,0.19305097,0.19295083,0.19297242,0.19312754,0.193428,0.1938855,0.19451192,0.195319,0.19631849,0.19752222,0.19894195,0.20058948,0.20247655,0.20457368,0.20683229,0.20923576,0.21176733,0.21441028,0.21714792,0.21996352,0.22284043,0.22576185,0.22871113,0.23167157,0.23462641,0.237559,0.24045259,0.24329051,0.24605596,0.24873233,0.25130287,0.25375092,0.25605965,0.25821248,0.26019266,0.2619834,0.26356813,0.26493004,0.26605245,0.26691866,0.26751196,0.26781565,0.267813,0.2674873,0.26682183,0.26585722,0.26465303,0.26322106,0.26157308,0.25972092,0.25767627,0.255451,0.25305682,0.2505056,0.24780902,0.24497893,0.24202707,0.23896529,0.2358053,0.2325589,0.22923791,0.22585404,0.22241914,0.21894498,0.2154433,0.21192592,0.20840463,0.20489118,0.20139736,0.19793497,0.1945158,0.19115157,0.18785413,0.18463522,0.18150663,0.1784802,0.17556763,0.17289138,0.17055488,0.16854143,0.16683431,0.16541682,0.16427225,0.16338387,0.162735,0.16230892,0.1620889,0.1620583,0.16220032,0.1624983,0.16293553,0.16349527
0.19660023,0.19615123,0.19577359,0.19547863,0.19527765,0.19518179,0.1952025,0.19535089,0.19563831,0.19607605,0.19667535,0.1974475,0.19840375,0.19955538,0.20091368,0.20248993,0.20429534,0.20630878,0.20848995,0.21082157,0.2132862,0.21586654,0.21854523,0.2213049,0.22412822,0.22699776,0.22989629,0.23280632,0.23571065,0.23859173,0.2414324,0.24421524,0.24692282,0.2495379,0.252043,0.25442088,0.2566541,0.25872546,0.2606174,0.26231265,0.26379395,0.26504377,0.2660449,0.26677996,0.26723155,0.2673823,0.26721495,0.26671204,0.2658563,0.26469997,0.26331443,0.2617109,0.25990084,0.2578953,0.25570565,0.25334322,0.2508192,0.24814488,0.24533154,0.24239042,0.2393329,0.2361701,0.23291339,0.22957402,0.22616324,0.22269242,0.21917263,0.21561533,0.21203174,0.2084331,0.20483074,0.2012358,0.19765978,0.19411372,0.19060901,0.18715692,0.18376869,0.18045563,0.17722897,0.17410003,0.17108004,0.16830046,0.1658738,0.16378264,0.16200964,0.16053744,0.15934868,0.15842603,0.15775213,0.15730958,0.1570811,0.15704927,0.15719679,0.15750624,0.15796034,0.15854174
0.19838181,0.19795293,0.1975922,0.19731046,0.19711845,0.19702688,0.19704665,0.19718842,0.197463,0.19788112,0.19845356,0.19919112,0.20010456,0.20120461,0.20250209,0.20400769,0.20573224,0.20766225,0.20976506,0.21202278,0.2144176,0.21693161,0.21954693,0.22224568,0.22500996,0.22782193,0.23066369,0.23351735,0.23636511,0.23918901,0.2419712,0.24469376,0.24733889,0.24988861,0.2523252,0.2546306,0.25678706,0.25877658,0.2605814,0.26218367,0.26356542,0.26470867,0.26559582,0.2662088,0.26652974,0.26654086,0.26622406,0.2655618,0.2645359,0.26320928,0.2616637,0.25990996,0.25795883,0.25582102,0.2535074,0.25102863,0.24839556,0.24561894,0.24270947,0.23967801,0.23653534,0.23329213,0.22995915,0.22654724,0.22306718,0.21952963,0.21594545,0.21232536,0.20868018,0.20502064,0.2013575,0.19770153,0.19406356,0.19045424,0.1868844,0.18336482,0.17990628,0.17651948,0.17321528,0.17000435,0.1668975,0.16403402,0.1615341,0.15937977,0.15755323,0.15603653,0.1548119,0.15386137,0.15316713,0.15271124,0.1524758,0.15244305,0.15259503,0.15291385,0.15338165,0.15398057
0.19979706,0.19938809,0.19904412,0.1987755,0.19859236,0.1985051,0.19852394,0.19865915,0.19892097,0.19931965,0.1998655,0.20056881,0.20143983,0.20248877,0.20372593,0.20516162,0.20680608,0.2086528,0.21067633,0.21285832,0.21518056,0.21762468,0.2201724,0.22280551,0.22550566,0.22825459,0.23103397,0.23382558,0.23661105,0.23937212,0.2420906,0.24474804,0.24732628,0.24980697,0.2521718,0.25440264,0.256481,0.25838876,0.2601074,0.2616189,0.26290485,0.26394698,0.26472688,0.26522645,0.26542735,0.2653112,0.26485986,0.26405495,0.2628782,0.2614016,0.25971627,0.25783238,0.25576037,0.2535103,0.25109255,0.24851744,0.24579507,0.24293582,0.23994997,0.2368478,0.23363951,0.23033535,0.22694568,0.22348069,0.21995068,0.21636592,0.21273667,0.20907316,0.20538571,0.20168462,0.19798006,0.19428237,0.19060177,0.18694857,0.18333298,0.17976531,0.17625587,0.17281483,0.16945252,0.16617921,0.1630051,0.16007608,0.1575189,0.1553153,0.15344696,0.15189557,0.15064289,0.14967065,0.14896047,0.14849414,0.14825334,0.14821981,0.14837527,0.1487014,0.14917995,0.14979255
0.20086494,0.20047572,0.20014839,0.19989271,0.19971843,0.19963537,0.19965328,0.19978197,0.2000311,0.20041056,0.20093007,0.20159945,0.20242837,0.20342672,0.20460413,0.2059705,0.20753558,0.20929927,0.21124268,0.2133471,0.21559407,0.21796498,0.22044118,0.2230041,0.22563525,0.22831592,0.23102757,0.23375164,0.23646949,0.23916256,0.24181227,0.24440001,0.24690719,0.24931525,0.2516056,0.25375965,0.25575876,0.25758442,0.259218,0.26064092,0.26183456,0.26278043,0.26345986,0.2638543,0.26394507,0.26371375,0.2631416,0.26221004,0.2609006,0.2592934,0.2574875,0.2554927,0.2533187,0.25097537,0.24847241,0.24581966,0.24302687,0.24010374,0.23706013,0.23390579,0.23065044,0.2273039,0.22387597,0.22037633,0.21681485,0.21320122,0.20954522,0.20585673,0.20214541,0.19842103,0.19469339,0.1909723,0.1872675,0.18358874,0.17994578,0.17634846,0.17280652,0.16932967,0.16592778,0.16261055,0.1593878,0.15641068,0.15381154,0.15157174,0.1496727,0.14809588,0.14682262,0.14583436,0.14511256,0.14463855,0.14439382,0.14435978,0.14451775,0.14484924,0.14533563,0.14595827
0.20160441,0.20123476,0.20092389,0.20068108,0.20051557,0.20043671,0.20045367,0.20057593,0.2008125,0.20117289,0.20166628,0.20230195,0.20308924,0.20403734,0.20515557,0.20645319,0.20793954,0.20962037,0.21148282,0.21350804,0.21567729,0.21797173,0.22037263,0.22286126,0.22541867,0.22802627,0.23066512,0.23331654,0.23596165,0.2385817,0.24115795,0.24367158,0.24610381,0.24843585,0.25064895,0.25272417,0.25464302,0.25638646,0.2579358,0.25927228,0.26037702,0.26123133,0.2618164,0.26211342,0.26210362,0.26176822,0.26108846,0.2600455,0.25862056,0.25690097,0.25499272,0.25290495,0.25064713,0.24822848,0.24565822,0.24294564,0.24010007,0.23713082,0.23404703,0.23085812,0.2275733,0.22420187,0.2207531,0.2172363,0.21366069,0.21003558,0.20637032,0.20267409,0.1989562,0.19522597,0.1914926,0.18776543,0.1840537,0.18036677,0.17671385,0.17310424,0.16954722,0.16605204,0.16262804,0.15928446,0.15603057,0.15302187,0.15039513,0.1481316,0.1462124,0.14461882,0.14333205,0.1423333,0.14160383,0.14112484,0.1408775,0.14084308,0.14100273,0.14133774,0.14182927,0.14245856
0.20203443,0.20168418,0.20138966,0.20115954,0.20100276,0.20092803,0.20094416,0.2010599,0.20128411,0.20162556,0.20209302,0.20269531,0.2034412,0.2043395,0.205399,0.2066285,0.20803677,0.20963493,0.21141565,0.21336003,0.21544921,0.21766427,0.2199863,0.22239657,0.22487599,0.22740582,0.22996713,0.232541,0.23510857,0.237651,0.24014933,0.24258472,0.24493828,0.24719115,0.24932437,0.2513191,0.25315648,0.2548176,0.25628355,0.25753546,0.2585545,0.2593217,0.25981823,0.2600252,0.25992373,0.2594949,0.25871983,0.25757965,0.2560555,0.25424075,0.25224724,0.25008368,0.24775894,0.2452818,0.24266104,0.2399055,0.23702388,0.23402506,0.2309178,0.22771087,0.2244131,0.2210333,0.2175802,0.21406259,0.21048932,0.20686916,0.20321089,0.19952333,0.19581522,0.19209543,0.18837267,0.18465579,0.18095359,0.17727481,0.17362824,0.17002276,0.16646707,0.16297002,0.15954034,0.1561869,0.15291843,0.14989369,0.14725292,0.14497729,0.14304788,0.14144579,0.14015216,0.13914813,0.13841476,0.13793318,0.13768454,0.1376499,0.13781044,0.13814723,0.13864136,0.13927402
0.2021739,0.20184293,0.20156458,0.20134716,0.20119898,0.20112838,0.20114356,0.20125301,0.20146486,0.20178756,0.20222926,0.20279843,0.20350327,0.20435219,0.20535338,0.20651518,0.207846,0.20936161,0.21105994,0.212922,0.21492887,0.21706171,0.21930167,0.22162974,0.22402711,0.22647488,0.2289541,0.23144594,0.23393147,0.23639186,0.23880813,0.24116139,0.2434328,0.24560346,0.24765441,0.24956687,0.25132182,0.25290048,0.25428382,0.25545308,0.25638935,0.25707367,0.25748712,0.25761095,0.2574261,0.2569138,0.2560551,0.2548311,0.25322294,0.25132915,0.24926642,0.24704306,0.24466734,0.24214761,0.23949221,0.23670937,0.23380744,0.23079476,0.22767954,0.22447017,0.22117499,0.21780224,0.21436024,0.21085733,0.20730178,0.20370193,0.20006604,0.19640249,0.19271953,0.1890255,0.18532866,0.18163745,0.17796005,0.1743048,0.17068003,0.16709399,0.1635551,0.16007154,0.15665169,0.15330382,0.15003635,0.14701015,0.14436811,0.14209142,0.14016107,0.13855822,0.137264,0.13625945,0.13552573,0.13504395,0.13479516,0.13476051,0.13492112,0.13525808,0.13575245,0.13638541
0.20204175,0.20172995,0.2014677,0.20126283,0.20112322,0.20105669,0.20107104,0.20117414,0.20137377,0.20167777,0.20209396,0.20263024,0.20329435,0.20409419,0.2050375,0.20613219,0.20738606,0.20881936,0.21043456,0.21221288,0.21413544,0.21618342,0.21833807,0.22058053,0.222892,0.22525366,0.22764666,0.2300522,0.23245148,0.2348257,0.23715596,0.23942353,0.2416095,0.2436952,0.24566165,0.24749012,0.24916176,0.25065777,0.25195938,0.25304767,0.2539039,0.25450918,0.25484478,0.2548918,0.25463152,0.254045,0.25311348,0.2518182,0.25014028,0.24818254,0.24606563,0.24379742,0.24138567,0.23883817,0.23616281,0.23336743,0.23045987,0.2274479,0.22433937,0.22114213,0.21786398,0.21451283,0.21109636,0.20762253,0.2040991,0.20053393,0.1969348,0.19330962,0.18966614,0.18601221,0.18235572,0.17870444,0.17506617,0.17144881,0.16786017,0.16430801,0.16080025,0.15734468,0.15394913,0.15062138,0.14736935,0.14435536,0.14172399,0.13945644,0.13753384,0.13593748,0.13464844,0.13364795,0.13291721,0.13243735,0.13218957,0.13215506,0.132315,0.13265061,0.133143,0.1337734
0.20165703,0.20136422,0.20111792,0.20092556,0.20079444,0.20073198,0.20074543,0.20084225,0.2010297,0.20131518,0.20170602,0.20220965,0.20283331,0.2035844,0.20447022,0.20549819,0.2066757,0.2080268,0.20955826,0.21125151,0.21308784,0.21504858,0.21711503,0.21926863,0.22149064,0.22376241,0.22606531,0.2283806,0.2306897,0.23297392,0.23521459,0.23739302,0.23949061,0.2414887,0.24336852,0.24511161,0.24669904,0.24811234,0.24933279,0.25034174,0.2511205,0.25165042,0.25191286,0.25188917,0.2515606,0.25090855,0.24991441,0.24855943,0.24682495,0.24481735,0.24266025,0.24036105,0.23792703,0.23536563,0.23268409,0.22988993,0.22699031,0.2239927,0.22090442,0.2177328,0.21448523,0.21116905,0.20779161,0.20436025,0.20088233,0.19736521,0.19381623,0.19024274,0.18665212,0.18305169,0.1794488,0.17585078,0.17226505,0.1686989,0.16515972,0.16165486,0.15819168,0.15477747,0.15141962,0.14812547,0.14490242,0.1419133,0.13930364,0.1370548,0.13514812,0.13356492,0.13228649,0.13129432,0.13056959,0.13009366,0.12984794,0.12981373,0.12997234,0.13030517,0.13079353,0.1314187
0.20103864,0.20076469,0.20053427,0.20035428,0.20023166,0.2001732,0.20018579,0.20027635,0.20045173,0.2007188,0.20108448,0.20155556,0.202139,0.20284168,0.20367043,0.20463218,0.2057337,0.20700273,0.20844992,0.2100569,0.2118052,0.21367638,0.21565205,0.2177137,0.21984299,0.2220214,0.22423053,0.22645198,0.22866724,0.23085798,0.2330057,0.23509192,0.2370983,0.23900636,0.24079765,0.24245377,0.24395628,0.24528676,0.24642679,0.24735779,0.24806154,0.24851944,0.24871312,0.24862419,0.24823412,0.24752456,0.24647701,0.24507312,0.24329442,0.24124992,0.23906556,0.23674825,0.23430486,0.23174226,0.2290673,0.2262869,0.22340792,0.22043726,0.21738175,0.21424828,0.21104375,0.20777507,0.20444907,0.2010726,0.19765258,0.1941959,0.19070938,0.18719995,0.18367447,0.18013984,0.17660291,0.1730706,0.16954969,0.16604711,0.1625698,0.15912455,0.15571831,0.1523579,0.14905022,0.14580216,0.14262055,0.13966805,0.13709036,0.13486905,0.13298573,0.13142195,0.13015921,0.12917913,0.12846327,0.12799323,0.12775052,0.12771672,0.12787339,0.12820213,0.12868452,0.12930205
0.20020546,0.19995026,0.19973567,0.19956802,0.19945377,0.19939934,0.19941106,0.19949542,0.19965877,0.19990757,0.2002482,0.200687,0.20123048,0.201885,0.20265694,0.20355277,0.20457888,0.20576592,0.20712833,0.20864795,0.21030658,0.21208617,0.2139685,0.2159355,0.21796899,0.22005089,0.22216298,0.2242872,0.22640532,0.2284993,0.23055094,0.2325421,0.23445466,0.23627053,0.2379715,0.23953947,0.2409563,0.24220379,0.24326393,0.24411842,0.24474926,0.24513829,0.24526729,0.24511823,0.24467285,0.24391311,0.24282083,0.2413779,0.23956615,0.23749667,0.23529696,0.2329734,0.23053238,0.22798032,0.22532357,0.22256865,0.21972188,0.21678971,0.21377853,0.21069473,0.20754471,0.20433493,0.20107177,0.19776158,0.19441083,0.19102596,0.1876133,0.18417928,0.18073031,0.17727283,0.17381318,0.17035782,0.16691312,0.1634855,0.1600814,0.1567072,0.15336928,0.15007403,0.14682795,0.14363737,0.14050874,0.13760367,0.13506736,0.13288173,0.13102865,0.12948996,0.12824748,0.12728314,0.1265788,0.12611626,0.12587747,0.12584423,0.12599838,0.12632185,0.12679647,0.12740406
0.1991765,0.19893998,0.19874108,0.1985857,0.19847982,0.19842933,0.19844022,0.19851843,0.19866982,0.19890039,0.19921611,0.19962281,0.20012656,0.20073317,0.20144866,0.20227896,0.20322996,0.2043352,0.20561229,0.20704351,0.20861103,0.2102971,0.21208392,0.21395369,0.21588865,0.2178711,0.21988311,0.22190702,0.22392498,0.22591926,0.22787201,0.22976549,0.23158197,0.23330359,0.23491262,0.23639123,0.23772167,0.23888613,0.23986693,0.24064615,0.24120611,0.241529,0.24159709,0.2413925,0.24089746,0.24009418,0.23896502,0.23749207,0.23565757,0.23357405,0.23136975,0.22905073,0.2266228,0.22409198,0.22146414,0.21874528,0.21594127,0.21305817,0.21010177,0.20707813,0.20399311,0.20085268,0.19766277,0.19442928,0.19115822,0.18785547,0.18452701,0.18117878,0.17781664,0.17444663,0.17107463,0.16770656,0.16434838,0.16100611,0.15768556,0.15439272,0.15113352,0.14791392,0.14473982,0.1416172,0.13855198,0.13570413,0.13321783,0.13107528,0.12925868,0.12775029,0.12653233,0.12558699,0.12489648,0.124443114,0.124209,0.1241764,0.12432751,0.12464461,0.12510988,0.12570553
0.19797072,0.19775282,0.19756949,0.19742632,0.19732875,0.19728227,0.19729228,0.1973643,0.19750385,0.1977163,0.1980072,0.19838198,0.19884613,0.19940512,0.2000644,0.20082943,0.20170575,0.20272927,0.20392066,0.20526256,0.2067376,0.20832844,0.21001773,0.21178801,0.21362202,0.21550226,0.21741156,0.21933241,0.2212474,0.22313927,0.22499065,0.22678411,0.22850229,0.23012792,0.23164345,0.23303169,0.23427515,0.23535658,0.23625849,0.23696357,0.23745443,0.23771374,0.23772411,0.2374682,0.23692863,0.23608798,0.23492892,0.23343408,0.23158613,0.22949834,0.22729936,0.22499456,0.22258942,0.22008948,0.21750017,0.21482697,0.21207535,0.20925078,0.20635872,0.20340471,0.20039408,0.19733243,0.19422513,0.19107778,0.18789575,0.18468453,0.1814496,0.17819647,0.17493053,0.17165734,0.16838229,0.16511086,0.16184862,0.15860094,0.15537335,0.15217124,0.14900014,0.14586553,0.14277287,0.13972762,0.13673526,0.13395351,0.13152497,0.12943216,0.12765774,0.12618439,0.12499469,0.12407131,0.123396866,0.12295397,0.12272532,0.122693464,0.1228411,0.123150826,0.12360528,0.12418711
0.19660702,0.19640763,0.19623986,0.19610885,0.19601955,0.195977,0.1959862,0.1960521,0.19617979,0.19637422,0.19664043,0.19698338,0.19740814,0.19791968,0.198523,0.19922312,0.20002508,0.20096694,0.20207219,0.20332399,0.20470536,0.20619945,0.20778933,0.20945813,0.21118887,0.21296474,0.21476878,0.21658407,0.21839371,0.22018081,0.22192852,0.22361983,0.22523789,0.22676577,0.22818659,0.22948349,0.23063946,0.23163766,0.23246115,0.23309313,0.23351653,0.2337145,0.23367026,0.23336674,0.2327871,0.23191448,0.23073184,0.22922243,0.2273693,0.22528605,0.22310098,0.22081919,0.2184455,0.21598506,0.21344288,0.21082391,0.20813313,0.20537564,0.2025564,0.19968043,0.19675265,0.19377819,0.190762,0.18770906,0.18462445,0.18151315,0.1783801,0.17523038,0.17206903,0.16890098,0.16573122,0.16256483,0.15940678,0.15626207,0.15313573,0.15003274,0.14695816,0.14391692,0.1409141,0.13795465,0.13504359,0.13233595,0.12997198,0.12793492,0.12620774,0.124773614,0.123615585,0.122716784,0.12206029,0.121629216,0.12140664,0.12137564,0.121519335,0.12182077,0.122263156,0.12282948
0.19510439,0.19492339,0.19477117,0.19465226,0.1945712,0.19453257,0.1945409,0.19460075,0.19471663,0.1948931,0.19513471,0.195446,0.1958315,0.19629577,0.19684336,0.19747882,0.19820663,0.19906695,0.20008571,0.20124671,0.20253336,0.20392936,0.20541829,0.20698376,0.20860934,0.21027867,0.21197532,0.21368289,0.215385,0.21706526,0.2187073,0.22029461,0.22181086,0.22323969,0.22456461,0.22576931,0.22683729,0.22775227,0.22849773,0.22905737,0.22941476,0.22955346,0.22945711,0.22910933,0.22849369,0.22759376,0.22639321,0.22487557,0.22302449,0.22095352,0.2187901,0.21653888,0.21420433,0.211791,0.20930345,0.20674624,0.20412387,0.20144092,0.19870192,0.19591138,0.19307397,0.19019409,0.18727638,0.18432526,0.18134545,0.17834137,0.17531759,0.17227869,0.16922918,0.16617358,0.16311648,0.16006242,0.15701592,0.15398155,0.15096383,0.14796732,0.14499658,0.14205612,0.1391505,0.13628428,0.13346195,0.13083534,0.12854214,0.12656602,0.12489053,0.123499334,0.12237597,0.121504076,0.12086722,0.120449044,0.120233126,0.12020303,0.12034245,0.120634906,0.12106401,0.12161339
0.19348176,0.19331911,0.19318233,0.1930755,0.19300264,0.19296798,0.19297545,0.1930292,0.19313334,0.1932919,0.193509,0.19378869,0.19413507,0.19455226,0.19504431,0.19561528,0.19626927,0.19704805,0.19798014,0.1990496,0.20024067,0.20153739,0.20292401,0.20438461,0.20590334,0.20746432,0.2090518,0.21064979,0.21224251,0.21381411,0.21534869,0.21683045,0.21824344,0.21957189,0.22079997,0.22191171,0.22289132,0.22372302,0.2243908,0.2248789,0.22517145,0.22525255,0.22510648,0.22471723,0.22406901,0.22314595,0.22193217,0.22041188,0.21856919,0.21651712,0.21438204,0.21216802,0.20987912,0.20751946,0.2050931,0.20260414,0.20005666,0.1974547,0.19480243,0.19210385,0.18936308,0.1865842,0.1837713,0.18092848,0.17805974,0.17516929,0.17226109,0.1693393,0.166408,0.16347122,0.16053313,0.1575977,0.15466912,0.1517514,0.1488487,0.145965,0.14310446,0.14027116,0.13746914,0.13470252,0.13197537,0.12943578,0.1272186,0.12530799,0.123688065,0.12234296,0.121256836,0.12041381,0.119798094,0.11939377,0.11918501,0.11915594,0.11929071,0.11957347,0.11998838,0.120519534
0.19175808,0.19161373,0.19149236,0.19139756,0.19133294,0.19130212,0.19130878,0.19135648,0.1914489,0.19158962,0.19178224,0.19203047,0.19233784,0.19270805,0.19314468,0.19365136,0.19423173,0.19492908,0.19577417,0.19675168,0.19784632,0.19904283,0.20032592,0.20168036,0.20309082,0.204542,0.20601869,0.20750554,0.20898727,0.21044867,0.21187441,0.21324916,0.21455777,0.21578488,0.21691515,0.2179334,0.21882431,0.21957263,0.220163,0.2205802,0.220809,0.22083402,0.22064,0.22021168,0.2195338,0.21859105,0.21736816,0.21584986,0.21402083,0.21199332,0.20989212,0.20772089,0.2054832,0.20318268,0.20082304,0.19840781,0.19594066,0.19342516,0.19086501,0.18826377,0.18562509,0.18295263,0.1802499,0.17752063,0.17476842,0.17199688,0.16920964,0.16641036,0.16360255,0.16078997,0.15797615,0.15516475,0.15235941,0.14956373,0.1467813,0.1440158,0.14127082,0.13855006,0.13585702,0.1331954,0.13056877,0.12812136,0.12598462,0.12414332,0.12258216,0.12128586,0.12023914,0.11942673,0.11883333,0.11844369,0.11824249,0.11821447,0.11834436,0.11861687,0.119016685,0.11952859
0.1899523,0.18982624,0.18972021,0.18963741,0.18958098,0.18955407,0.18955986,0.18960153,0.18968225,0.18980515,0.18997341,0.1901902,0.19045867,0.19078201,0.19116338,0.19160588,0.1921128,0.19272879,0.19348665,0.19437176,0.19536938,0.1964649,0.19764355,0.19889075,0.20019177,0.20153193,0.20289654,0.20427096,0.20564047,0.20699042,0.20830613,0.20957287,0.21077602,0.21190087,0.21293278,0.21385701,0.21465892,0.21532384,0.21583705,0.21618387,0.21634968,0.21631975,0.21607943,0.21561398,0.21490878,0.21394919,0.21272044,0.21120785,0.20939684,0.2073984,0.20533568,0.20321175,0.20102975,0.19879296,0.19650441,0.19416739,0.19178501,0.18936041,0.18689677,0.1843973,0.18186507,0.17930333,0.17671521,0.17410389,0.17147253,0.16882429,0.16616233,0.16348982,0.16080993,0.15812583,0.15544066,0.15275761,0.15007982,0.14741048,0.14475274,0.14210978,0.13948473,0.1368808,0.13430113,0.13174886,0.12922722,0.12687606,0.124823384,0.12305449,0.12155474,0.12030943,0.11930388,0.11852342,0.11795339,0.11757904,0.11738576,0.11735886,0.11748364,0.11774541,0.11812954,0.118621275
0.18808334,0.18797551,0.18788484,0.187814,0.18776575,0.18774273,0.1877477,0.18778335,0.18785235,0.18795748,0.18810141,0.18828683,0.18851645,0.18879299,0.1891192,0.18949772,0.18993129,0.1904659,0.19113642,0.19192877,0.1928289,0.19382279,0.19489631,0.19603547,0.19722612,0.19845434,0.19970593,0.20096692,0.20222323,0.20346081,0.2046655,0.20582338,0.20692034,0.20794232,0.2088753,0.20970514,0.21041785,0.21099932,0.21143551,0.2117124,0.2118159,0.21173191,0.21144646,0.21094541,0.21021476,0.2092404,0.20800832,0.20650445,0.2047147,0.20274891,0.20072807,0.19865492,0.19653213,0.19436243,0.1921485,0.1898931,0.18759884,0.18526854,0.18290482,0.18051046,0.17808813,0.17564051,0.17317028,0.17068028,0.1681731,0.16565149,0.16311817,0.16057582,0.15802714,0.15547487,0.15292165,0.15037027,0.1478234,0.14528376,0.14275403,0.14023694,0.13773517,0.13525149,0.13278852,0.13034903,0.12793568,0.12568396,0.123718105,0.12202402,0.12058769,0.11939505,0.11843203,0.11768459,0.11713863,0.11678015,0.116595045,0.11656927,0.116688766,0.11693947,0.117307335,0.11777832
0.18617016,0.18608057,0.1860052,0.18594636,0.18590623,0.18588713,0.18589124,0.18592086,0.18597823,0.18606557,0.18618518,0.18633929,0.18653014,0.18675998,0.18703103,0.18734562,0.18770593,0.18815921,0.18874228,0.18944168,0.19024397,0.19113578,0.19210365,0.1931342,0.19421393,0.19532947,0.1964674,0.19761424,0.19875665,0.19988114,0.20097432,0.2020227,0.20301297,0.2039316,0.20476526,0.20550047,0.20612378,0.20662183,0.20698117,0.20718832,0.20722996,0.2070926,0.2067628,0.20622723,0.20547237,0.2044848,0.20325115,0.20175797,0.19999185,0.19806112,0.19608468,0.19406472,0.19200358,0.1899034,0.18776646,0.18559504,0.18339136,0.18115774,0.17889632,0.17660941,0.17429927,0.17196815,0.16961826,0.16725187,0.16487123,0.1624786,0.16007623,0.15766637,0.15525122,0.15283312,0.15041421,0.14799686,0.14558324,0.14317562,0.14077622,0.13838734,0.13601123,0.13365006,0.13130622,0.1289818,0.12667917,0.12452909,0.12265197,0.12103439,0.11966291,0.1185241,0.11760457,0.11689085,0.11636957,0.11602725,0.11585049,0.1158259,0.11594,0.11617939,0.11653066,0.11698036
0.18423179,0.18416035,0.18410031,0.18405342,0.18402144,0.1840062,0.18400948,0.18403308,0.18407881,0.1841484,0.18424374,0.18436654,0.18451859,0.18470176,0.18491776,0.18516843,0.18545555,0.18582751,0.18632303,0.18692936,0.18763368,0.18842316,0.18928507,0.19020668,0.19117509,0.19217764,0.19320147,0.19423382,0.1952619,0.19627295,0.19725417,0.19819279,0.19907603,0.19989109,0.20062523,0.20126562,0.20179945,0.20221406,0.20249657,0.20263423,0.20261425,0.20242383,0.20205024,0.20148067,0.20070232,0.19970244,0.19846822,0.19698693,0.19524573,0.19335149,0.19142082,0.1894555,0.18745731,0.18542802,0.18336946,0.18128343,0.17917168,0.17703605,0.17487831,0.1727003,0.17050368,0.16829038,0.16606212,0.16382071,0.16156796,0.15930565,0.15703556,0.15475951,0.15247926,0.15019664,0.14791341,0.14563136,0.14335233,0.14107805,0.13881037,0.13655107,0.13430189,0.13206464,0.12984116,0.12763324,0.12544265,0.123395495,0.121608235,0.120068096,0.11876226,0.117677994,0.11680248,0.11612293,0.11562657,0.115300655,0.11513238,0.11510895,0.11521758,0.11544552,0.11577995,0.11620812
0.18228704,0.18223383,0.18218909,0.18215416,0.18213032,0.18211897,0.18212143,0.182139,0.18217303,0.18222491,0.18229593,0.18238743,0.18250075,0.18263723,0.18279818,0.18298496,0.1831989,0.18348958,0.18389754,0.18441075,0.18501699,0.18570411,0.18645999,0.18727255,0.1881296,0.18901904,0.18992868,0.19084641,0.19176012,0.1926576,0.19352679,0.19435552,0.19513169,0.19584307,0.19647764,0.19702317,0.1974676,0.19779873,0.19800441,0.19807261,0.19799106,0.19774772,0.19733043,0.19672702,0.19592538,0.19491337,0.19367886,0.19220974,0.19049379,0.1886364,0.18675184,0.18484145,0.18290661,0.18094859,0.17896871,0.17696841,0.17494896,0.1729117,0.17085797,0.16878907,0.1667064,0.16461119,0.16250493,0.16038884,0.15826432,0.15613264,0.1539952,0.1518533,0.14970827,0.14756148,0.14541419,0.14326788,0.14112373,0.13898319,0.13684751,0.13471806,0.1325962,0.13048322,0.12838049,0.12628938,0.124211125,0.122267224,0.12057011,0.11910765,0.11786768,0.116838075,0.1160067,0.11536143,0.11489013,0.114580624,0.114420846,0.11439859,0.11450175,0.114718184,0.115035765,0.11544234
0.18035492,0.18031992,0.18029048,0.18026748,0.18025184,0.18024437,0.18024598,0.18025756,0.18027997,0.18031406,0.1803608,0.18042098,0.18049552,0.18058528,0.18069117,0.18081404,0.18095477,0.18116415,0.1814846,0.18190473,0.18241298,0.18299788,0.18364792,0.18435161,0.18509746,0.18587394,0.18666957,0.18747292,0.1882724,0.18905658,0.18981391,0.19053292,0.19120212,0.19181001,0.19234507,0.19279586,0.19315083,0.1933985,0.19352739,0.19352597,0.1933828,0.19308633,0.19262506,0.19198757,0.19116226,0.1901377,0.18890238,0.1874448,0.18575348,0.18393221,0.18209308,0.18023698,0.17836474,0.17647728,0.17457548,0.17266022,0.17073232,0.16879274,0.16684233,0.16488194,0.16291246,0.16093478,0.1589498,0.15695839,0.15496139,0.1529597,0.15095422,0.1489458,0.14693534,0.14492369,0.14291175,0.14090039,0.13889053,0.13688298,0.13487865,0.13287844,0.13088319,0.12889382,0.12691118,0.124936126,0.122969605,0.12112831,0.1195208,0.11813553,0.11696099,0.11598574,0.115198255,0.114587046,0.11414062,0.113847464,0.11369611,0.11367502,0.11377275,0.11397777,0.11427857,0.11466369
0.1784544,0.17843762,0.17842352,0.17841248,0.17840497,0.17840141,0.17840217,0.17840774,0.17841846,0.17843482,0.1784572,0.17848606,0.1785218,0.17856483,0.17861558,0.1786745,0.17874195,0.17886995,0.17910305,0.17943026,0.17984077,0.1803237,0.18086822,0.18146348,0.18209855,0.1827626,0.18344475,0.18413414,0.18481992,0.1854912,0.18613717,0.18674687,0.18730952,0.1878142,0.18825006,0.18860625,0.18887189,0.18903615,0.1890881,0.18901695,0.18881176,0.1884617,0.18795593,0.18728353,0.18643367,0.18539548,0.18415809,0.18271066,0.18104227,0.17925538,0.17745993,0.17565633,0.17384502,0.17202637,0.17020088,0.16836892,0.16653094,0.16468735,0.16283855,0.16098496,0.15912701,0.15726516,0.15539981,0.15353133,0.15166022,0.14978683,0.14791164,0.14603503,0.14415744,0.14227928,0.140401,0.13852301,0.13664569,0.13476951,0.13289487,0.1310222,0.12915191,0.12728447,0.1254202,0.1235596,0.121703066,0.11996283,0.11844348,0.11713421,0.11602414,0.11510239,0.11435812,0.11378045,0.113358505,0.11308143,0.11293838,0.112918444,0.11301079,0.113204576,0.11348889,0.11385286
0.1766044,0.17660588,0.17660712,0.17660809,0.17660874,0.17660904,0.17660896,0.17660849,0.17660755,0.17660612,0.17660415,0.17660163,0.1765985,0.17659472,0.17659026,0.17658512,0.1765792,0.17662585,0.1767716,0.17700619,0.17731938,0.17770086,0.17814048,0.17862791,0.1791529,0.17970525,0.18027468,0.18085094,0.18142378,0.18198298,0.18251826,0.18301934,0.18347603,0.18387802,0.18421511,0.18447706,0.18465354,0.18473434,0.18470928,0.18456802,0.18430032,0.18389596,0.18334468,0.1826362,0.18176033,0.18070678,0.1794653,0.17802563,0.17637756,0.17462225,0.17286767,0.17111385,0.16936065,0.16760808,0.16585617,0.1641048,0.16235396,0.16060361,0.15885371,0.15710422,0.15535514,0.15360641,0.15185794,0.15010977,0.14836183,0.1466141,0.14486654,0.14311907,0.1413717,0.13962437,0.13787709,0.13612974,0.13438234,0.13263486,0.13088721,0.12913941,0.1273914,0.12564315,0.123894595,0.12214574,0.12039653,0.11875475,0.11732139,0.11608622,0.11503897,0.11416939,0.11346723,0.11292225,0.112524204,0.112262815,0.11212785,0.11210906,0.11219617,0.11237897,0.112647206,0.112990595
0.1748239,0.17484365,0.17486027,0.1748732,0.17488207,0.1748863,0.17488536,0.17487885,0.17486621,0.17484696,0.17482056,0.17478661,0.17474453,0.17469387,0.17463411,0.17456475,0.17448533,0.17445056,0.17450918,0.1746515,0.17486784,0.17514858,0.17548402,0.17586456,0.17628048,0.17672218,0.17717995,0.17764418,0.17810518,0.17855328,0.17897888,0.17937227,0.17972386,0.18002388,0.18026276,0.18043081,0.18051839,0.18051586,0.1804135,0.18020171,0.17987081,0.17941114,0.17881304,0.17806688,0.17716299,0.17609167,0.17484334,0.17340827,0.17177686,0.17004925,0.16833171,0.16662376,0.1649249,0.16323465,0.16155247,0.15987796,0.15821052,0.15654968,0.15489496,0.15324587,0.15160191,0.14996257,0.14832735,0.14669576,0.14506736,0.14344159,0.14181794,0.14019594,0.13857514,0.13695498,0.13533498,0.13371465,0.13209349,0.130471,0.1288467,0.1272201,0.12559068,0.12395796,0.12232142,0.12068057,0.11903497,0.117488176,0.11613778,0.11497405,0.11398741,0.11316813,0.112506606,0.11199317,0.11161814,0.111371875,0.11124472,0.11122703,0.11130909,0.11148132,0.111734025,0.112057544
0.17313176,0.17316988,0.17320187,0.1732269,0.17324395,0.17325208,0.17325033,0.17323774,0.17321336,0.17317623,0.1731254,0.1730599,0.17297882,0.17288111,0.1727659,0.17263222,0.17247908,0.17236288,0.17233457,0.17238507,0.17250527,0.17268606,0.17291838,0.17319314,0.17350125,0.1738336,0.17418107,0.17453465,0.17488515,0.17522354,0.17554076,0.17582762,0.1760751,0.17627409,0.1764155,0.17649023,0.1764892,0.17640333,0.17622347,0.17594059,0.17554556,0.17502931,0.17438276,0.17359678,0.17266233,0.17157026,0.1703115,0.16887698,0.16725758,0.16555274,0.16386734,0.16220045,0.16055109,0.15891826,0.15730108,0.15569855,0.15410976,0.15253367,0.15096939,0.14941595,0.14787239,0.14633775,0.14481105,0.1432914,0.14177777,0.14026928,0.13876492,0.13726372,0.13576478,0.13426712,0.13276975,0.13127176,0.12977217,0.12827003,0.12676439,0.12525426,0.123738766,0.12221688,0.12068764,0.119150124,0.117603384,0.116147146,0.114875786,0.1137802,0.112851314,0.11208003,0.111457214,0.11097385,0.110620774,0.11038893,0.110269204,0.11025254,0.11032983,0.110491954,0.110729866,0.11103445
0.17154703,0.17160352,0.17165099,0.1716881,0.17171338,0.17172542,0.17172284,0.17170417,0.17166804,0.17161298,0.17153761,0.17144048,0.17132021,0.17117539,0.17100456,0.17080633,0.17057927,0.17038155,0.1702666,0.17022583,0.1702507,0.17033258,0.17046303,0.1706334,0.17083518,0.17105977,0.17129862,0.1715432,0.17178491,0.17201519,0.17222553,0.17240733,0.17255202,0.17265105,0.17269586,0.17267796,0.17258869,0.17241947,0.17216183,0.1718072,0.17134698,0.17077261,0.17007554,0.16924722,0.1682791,0.16716257,0.16588911,0.16445015,0.16283716,0.16114914,0.15948999,0.15785821,0.15625243,0.15467119,0.15311316,0.15157685,0.15006082,0.14856374,0.1470841,0.14562057,0.14417167,0.14273602,0.14131214,0.13989869,0.1384942,0.13709728,0.1357065,0.13432045,0.13293773,0.13155685,0.13017647,0.12879515,0.12741147,0.12602398,0.12463132,0.12323204,0.12182472,0.12040795,0.118980326,0.11754038,0.11608678,0.1147157,0.11351869,0.11248719,0.11161261,0.11088641,0.11030004,0.109844916,0.10951249,0.10929421,0.1091815,0.10916579,0.10923858,0.10939123,0.10961522,0.10990198
0.17008862,0.17016353,0.17022653,0.17027575,0.17030929,0.1703253,0.17032184,0.17029709,0.17024915,0.17017606,0.17007609,0.16994724,0.16978769,0.16959552,0.1693689,0.1691059,0.16880466,0.16852535,0.16832405,0.16819267,0.16812316,0.1681074,0.1681374,0.16820498,0.16830224,0.16842094,0.16855311,0.16869067,0.16882554,0.16894965,0.16905494,0.16913332,0.16917676,0.16917714,0.16912644,0.16901655,0.16883948,0.16858704,0.16825128,0.16782406,0.16729735,0.16666304,0.16591308,0.16503944,0.164034,0.16288868,0.16159548,0.16014631,0.15853308,0.15685485,0.1552149,0.15361132,0.15204218,0.15050569,0.14899988,0.14752291,0.1460729,0.14464796,0.14324622,0.14186583,0.14050482,0.13916142,0.13783367,0.13651969,0.13521767,0.13392565,0.13264176,0.13136417,0.13009097,0.12882024,0.12755018,0.12627885,0.12500441,0.12372491,0.12243853,0.121143386,0.11983756,0.11851922,0.117186435,0.11583737,0.114470124,0.113177866,0.11204967,0.11107745,0.11025316,0.10956871,0.10901603,0.10858708,0.10827377,0.10806804,0.10796181,0.107947014,0.10801558,0.108159475,0.10837059,0.108640864
0.16877547,0.1688689,0.16894747,0.16900887,0.1690507,0.16907063,0.16906634,0.16903545,0.16897564,0.16888453,0.16875982,0.16859913,0.16840014,0.16816047,0.1678778,0.16754977,0.16717404,0.16681308,0.16652578,0.16630456,0.1661417,0.1660297,0.16596091,0.16592765,0.16592237,0.1659374,0.16596512,0.16599792,0.1660282,0.16604833,0.16605061,0.16602758,0.16597146,0.16587469,0.16572964,0.16552876,0.16526431,0.16492873,0.16451442,0.16401371,0.163419,0.16272268,0.16191712,0.16099468,0.15994777,0.15876871,0.15744995,0.15598384,0.15436275,0.15268627,0.15105751,0.14947407,0.14793365,0.14643387,0.14497244,0.14354695,0.1421551,0.14079452,0.13946289,0.13815781,0.13687699,0.13561808,0.13437867,0.13315652,0.1319492,0.1307544,0.12956972,0.12839292,0.12722157,0.12605333,0.12488592,0.123716906,0.12254399,0.12136481,0.12017706,0.118978344,0.117766336,0.11653867,0.11529304,0.114027075,0.11273844,0.111517705,0.110451944,0.10953354,0.108754866,0.1081083,0.107586205,0.10718098,0.106885,0.106690675,0.106590316,0.10657633,0.10664113,0.10677705,0.10697648,0.107231796
0.1676265,0.16773859,0.1678328,0.1679064,0.16795655,0.16798049,0.16797532,0.16793829,0.16786654,0.1677573,0.16760775,0.16741507,0.16717644,0.16688901,0.1665501,0.16615675,0.1657062,0.16526346,0.16489059,0.16458032,0.16432545,0.1641188,0.16395308,0.16382107,0.16371559,0.16362935,0.16355519,0.16348581,0.16341402,0.16333261,0.16323435,0.16311198,0.16295831,0.16276611,0.16252811,0.16223712,0.16188592,0.16146727,0.16097394,0.1603987,0.15973435,0.15897362,0.15810932,0.15713426,0.15604109,0.15482268,0.15347183,0.1519812,0.15034369,0.14865978,0.14703311,0.14546081,0.14394005,0.14246811,0.14104205,0.13965914,0.13831659,0.1370115,0.13574114,0.13450265,0.1332932,0.13211003,0.13095027,0.12981117,0.12868989,0.12758361,0.12648948,0.12540475,0.1243266,0.12325218,0.12217872,0.12110337,0.12002333,0.11893579,0.117837936,0.11672696,0.11560004,0.11445437,0.11328713,0.11209552,0.11087671,0.10971925,0.108708724,0.107837915,0.1070996,0.10648654,0.10599151,0.10560731,0.10532667,0.10514239,0.105047256,0.105033986,0.10509542,0.10522428,0.10541338,0.10565548
0.16666073,0.16679147,0.16690144,0.16698731,0.16704586,0.16707377,0.16706775,0.16702451,0.16694082,0.16681334,0.16663884,0.166414,0.16613552,0.16580015,0.16540462,0.16494565,0.16441989,0.16389528,0.16343723,0.16303894,0.16269344,0.16239385,0.16213334,0.16190496,0.16170183,0.16151707,0.16134381,0.1611751,0.16100414,0.16082397,0.16062774,0.16040853,0.16015948,0.1598737,0.15954427,0.15916431,0.15872698,0.15822533,0.15765248,0.15700157,0.15626569,0.15543796,0.15451148,0.15347937,0.15233476,0.15107071,0.14968038,0.14815685,0.14649326,0.1447918,0.14315705,0.14158578,0.14007472,0.13862051,0.13721994,0.1358697,0.1345665,0.13330705,0.13208812,0.13090637,0.12975855,0.12864134,0.12755151,0.12648574,0.12544076,0.1244133,0.12340005,0.12239774,0.1214031,0.12041283,0.11942365,0.11843229,0.11743545,0.11642986,0.11541224,0.114379294,0.11332776,0.11225434,0.11115574,0.1100287,0.10886993,0.10776653,0.106803216,0.105973095,0.10526927,0.104684845,0.10421295,0.10384668,0.103579156,0.10340348,0.10331277,0.103300154,0.10335871,0.10348156,0.10366183,0.1038926
0.16584623,0.16599457,0.1661193,0.16621678,0.16628318,0.16631484,0.16630806,0.16625899,0.166164,0.16601938,0.16582136,0.16556627,0.16525032,0.16486982,0.16442107,0.1639003,0.16330378,0.16270229,0.1621646,0.1616841,0.16125421,0.16086835,0.16051987,0.16020223,0.1599088,0.15963294,0.1593681,0.15910764,0.158845,0.15857352,0.15828669,0.15797783,0.15764037,0.15726772,0.15685321,0.15639034,0.15587246,0.15529294,0.15464525,0.1539227,0.1531188,0.15222682,0.15124027,0.15015252,0.14895688,0.14764686,0.14621587,0.14465721,0.14296433,0.14124122,0.1395939,0.13801853,0.13651146,0.13506897,0.13368726,0.13236268,0.13109149,0.12986994,0.12869431,0.12756091,0.12646599,0.12540582,0.1243767,0.12337491,0.12239666,0.1214383,0.12049609,0.11956626,0.11864514,0.11772899,0.11681407,0.11589668,0.11497307,0.11403953,0.11309233,0.112127766,0.1111421,0.11013159,0.109092526,0.1080212,0.10691386,0.10585661,0.104933545,0.10413813,0.10346372,0.10290372,0.10245156,0.10210061,0.101844266,0.101675935,0.10158902,0.10157693,0.101633035,0.101750754,0.10192347,0.102144614
0.16513512,0.16529883,0.16543652,0.16554408,0.16561736,0.16565226,0.16564475,0.16559063,0.16548583,0.16532622,0.16510771,0.16482617,0.16447753,0.16405764,0.16356239,0.16298765,0.16232936,0.16166075,0.16105351,0.16050127,0.15999773,0.15953651,0.1591113,0.1587157,0.15834337,0.15798798,0.15764318,0.1573026,0.15695994,0.1566088,0.15624283,0.1558557,0.15544106,0.15499257,0.1545038,0.15396854,0.15338033,0.15273285,0.15201978,0.15123473,0.1503714,0.14942339,0.14838436,0.14724796,0.1460079,0.14465773,0.14319119,0.14160183,0.1398834,0.13814145,0.1364831,0.13490416,0.13340063,0.13196824,0.13060308,0.12930089,0.12805763,0.12686916,0.12573136,0.12464017,0.12359145,0.12258107,0.12160496,0.12065897,0.11973902,0.11884098,0.11796078,0.11709425,0.11623733,0.11538586,0.114535786,0.11368297,0.112823285,0.11195265,0.11106695,0.11016207,0.10923389,0.10827833,0.107291244,0.10626854,0.10520612,0.10418913,0.10330124,0.10253611,0.1018874,0.10134874,0.100913785,0.1005762,0.10032963,0.100167714,0.10008411,0.100072466,0.10012645,0.10023967,0.10040582,0.100618534
0.16452236,0.16469929,0.1648481,0.16496436,0.16504356,0.16508135,0.1650732,0.16501473,0.16490145,0.16472892,0.16449273,0.16418841,0.1638116,0.16335769,0.1628224,0.1622012,0.16148968,0.1607632,0.16009602,0.15948196,0.15891497,0.15838882,0.15789744,0.15743467,0.15699442,0.1565705,0.1561568,0.1557472,0.15533553,0.1549157,0.1544816,0.15402699,0.15354584,0.15303196,0.15247923,0.15188158,0.15123276,0.15052673,0.14975733,0.1489184,0.14800388,0.14700755,0.14592327,0.14474504,0.1434666,0.14208186,0.14058468,0.13896891,0.13722846,0.13547023,0.13380238,0.13222039,0.13071984,0.12929629,0.12794527,0.12666245,0.12544324,0.124283254,0.12317809,0.12212325,0.12111431,0.12014686,0.119216405,0.11831855,0.11744883,0.11660278,0.11577598,0.114964016,0.11416239,0.11336669,0.11257248,0.11177533,0.11097074,0.11015431,0.10932159,0.10846816,0.107589535,0.10668129,0.10573901,0.10475821,0.10373449,0.1027522,0.1018946,0.10115559,0.10052901,0.10000873,0.09958862,0.09926256,0.0990244,0.09886802,0.09878726,0.098776005,0.09882814,0.09893751,0.09909799,0.09930344
0.1640028,0.16419096,0.16434921,0.16447286,0.16455708,0.16459724,0.16458859,0.16452642,0.16440591,0.16422245,0.16397129,0.1636477,0.16324693,0.1627643,0.16219501,0.16153438,0.16077775,0.16000223,0.15928423,0.15861778,0.15799691,0.15741575,0.15686826,0.15634853,0.15585066,0.15536866,0.15489651,0.15442838,0.15395828,0.15348017,0.15298827,0.15247647,0.15193895,0.15136965,0.15076268,0.1501121,0.14941193,0.14865626,0.14783907,0.14695448,0.14599653,0.14495926,0.14383663,0.14262287,0.14131196,0.13989788,0.13837472,0.13673656,0.13497745,0.13320544,0.13152952,0.12994492,0.12844692,0.12703085,0.12569189,0.12442538,0.12322659,0.1220908,0.12101325,0.11998927,0.11901409,0.118083,0.117191285,0.1163342,0.11550705,0.114705086,0.11392361,0.113157876,0.11240315,0.111654736,0.110907905,0.1101579,0.109400034,0.10862958,0.10784179,0.10703194,0.10619535,0.10532725,0.10442294,0.10347768,0.10248676,0.10153389,0.10070199,0.0999851,0.099377304,0.09887259,0.09846509,0.09814877,0.09791775,0.09776605,0.09768772,0.09767681,0.09772739,0.09783348,0.09798915,0.09818843
0.16357137,0.16376889,0.16393496,0.16406472,0.16415314,0.1641953,0.16418616,0.16412094,0.16399446,0.16380191,0.16353834,0.16319868,0.16277808,0.16227151,0.16167405,0.16098073,0.16018659,0.15937036,0.15861014,0.15790014,0.15723467,0.15660773,0.15601368,0.15544671,0.15490095,0.15437071,0.15385008,0.15333337,0.15281464,0.15228823,0.1517483,0.15118904,0.15060465,0.14998937,0.14933737,0.14864285,0.14790003,0.14710309,0.14624625,0.14532375,0.14432973,0.14325842,0.14210407,0.14086077,0.13952284,0.13808443,0.13653971,0.13488294,0.13310832,0.13132487,0.12964226,0.12805554,0.12655964,0.12514971,0.12382078,0.12256788,0.12138604,0.12027029,0.119215705,0.118217334,0.11727017,0.11636929,0.115509726,0.114686534,0.11389474,0.11312937,0.11238548,0.11165816,0.11094238,0.110233225,0.10952571,0.1088149,0.108095825,0.10736351,0.10661303,0.10583942,0.10503769,0.104202926,0.10333016,0.10241439,0.10145071,0.100522265,0.09971171,0.0990132,0.09842097,0.09792923,0.09753216,0.09722397,0.09699887,0.096851036,0.096774705,0.096764095,0.09681336,0.096916735,0.09706842,0.097262606
0.16322306,0.16342807,0.16360052,0.16373514,0.16382696,0.16387072,0.16386127,0.16379349,0.16366225,0.16346239,0.16318873,0.16283613,0.16239947,0.16187364,0.16125341,0.16053367,0.15970926,0.15886012,0.15806584,0.15732072,0.15661913,0.15595531,0.15532365,0.15471853,0.15413414,0.15356489,0.15300512,0.1524491,0.1518912,0.15132578,0.15074708,0.15014948,0.1495273,0.14887485,0.14818645,0.14745645,0.1466792,0.14584897,0.14496012,0.14400698,0.14298387,0.14188513,0.14070502,0.13943793,0.13807818,0.1366201,0.13505802,0.13338621,0.13159907,0.12980638,0.12811835,0.12652984,0.12503573,0.12363079,0.122309946,0.12106801,0.11989985,0.11880028,0.11776425,0.11678655,0.115862,0.11498554,0.114151925,0.11335608,0.11259283,0.11185703,0.11114354,0.11044718,0.10976287,0.10908541,0.10840965,0.10773046,0.10704271,0.10634122,0.10562086,0.10487649,0.10410294,0.103295065,0.10244776,0.101555824,0.10061414,0.099705435,0.09891209,0.098228425,0.09764879,0.097167484,0.09677886,0.09647721,0.09625689,0.09611219,0.0960375,0.096027106,0.096075326,0.09617651,0.096324965,0.09651504
0.16295268,0.16316354,0.16334088,0.16347939,0.1635738,0.16361879,0.16360907,0.1635394,0.1634044,0.16319886,0.16291738,0.16255471,0.16210566,0.16156481,0.16092691,0.16018665,0.15933877,0.1584641,0.1576434,0.156871,0.15614137,0.15544891,0.15478814,0.1541533,0.15353893,0.15293947,0.15234928,0.15176281,0.15117449,0.15057877,0.14996998,0.14934263,0.14869109,0.1480098,0.14729315,0.14653565,0.14573166,0.14487559,0.14396189,0.142985,0.14193925,0.1408192,0.13961917,0.13833357,0.13695693,0.13548361,0.13390797,0.1322245,0.13042766,0.12862778,0.12693557,0.12534577,0.12385292,0.12245186,0.12113728,0.11990389,0.11874634,0.117659375,0.1166377,0.11567603,0.11476907,0.113911524,0.11309806,0.11232344,0.11158234,0.1108695,0.11017957,0.10950729,0.10884737,0.10819451,0.1075434,0.10688876,0.106225334,0.10554777,0.104850784,0.104129106,0.1033774,0.10259044,0.10176287,0.10088944,0.09996483,0.099071436,0.09829145,0.09761931,0.09704944,0.09657626,0.09619416,0.09589759,0.09568099,0.09553876,0.095465325,0.095455095,0.0955025,0.09560197,0.09574792,0.09593479
0.16275518,0.16297033,0.16315125,0.16329257,0.1633889,0.1634348,0.16342488,0.16335382,0.16321607,0.16300634,0.16271919,0.16234921,0.16189104,0.16133927,0.16068844,0.15993322,0.15906818,0.15817489,0.15733482,0.15654252,0.15579244,0.15507907,0.15439689,0.15374045,0.1531042,0.15248264,0.15187027,0.15126155,0.15065101,0.15003313,0.14940238,0.14875329,0.14808032,0.14737794,0.14664072,0.1458631,0.14503956,0.14416462,0.14323275,0.1422385,0.1411763,0.14004064,0.13882603,0.13752699,0.13613795,0.13465346,0.133068,0.13137603,0.12957205,0.12776698,0.12607169,0.12448084,0.122989014,0.12159078,0.120280765,0.119053565,0.117903784,0.11682602,0.115814865,0.11486492,0.11397077,0.113127045,0.11232832,0.1115692,0.1108443,0.11014818,0.1094755,0.10882079,0.1081787,0.107543804,0.10691071,0.106274,0.1056283,0.10496822,0.10428831,0.10358321,0.10284749,0.10207578,0.10126264,0.10040271,0.09949057,0.09860835,0.09783813,0.09717442,0.09661168,0.09614442,0.09576711,0.09547424,0.095260344,0.0951199,0.09504738,0.095037304,0.0950841,0.09518234,0.09532646,0.09551097
0.16262552,0.16284344,0.16302674,0.16316989,0.16326745,0.16331398,0.16330394,0.1632319,0.16309239,0.1628799,0.16258901,0.16221428,0.16175011,0.16119115,0.16053183,0.15976676,0.15889047,0.15798494,0.1571322,0.15632682,0.15556331,0.15483621,0.15414003,0.15346937,0.15281875,0.15218268,0.15155572,0.15093242,0.15030724,0.14967483,0.14902966,0.14836629,0.14767922,0.14696305,0.1462123,0.14542143,0.1445851,0.14369777,0.142754,0.14174831,0.14067528,0.1395294,0.13830523,0.13699733,0.13560018,0.13410836,0.1325164,0.13081881,0.1290102,0.12720166,0.12550437,0.123912886,0.1224217,0.12102533,0.11971831,0.11849524,0.11735055,0.11627879,0.11527454,0.11433227,0.11344657,0.11261193,0.11182286,0.111073926,0.110359654,0.10967455,0.10901317,0.108369984,0.107739605,0.10711651,0.10649524,0.105870314,0.10523628,0.104587644,0.10391896,0.10322474,0.10249951,0.10173782,0.100934185,0.10008308,0.09917915,0.098304264,0.09754047,0.09688229,0.09632421,0.09586084,0.095486656,0.09519626,0.09498415,0.09484486,0.09477295,0.09476293,0.09480937,0.09490676,0.09504969,0.09523268
0.16255857,0.16277795,0.16296245,0.16310653,0.16320477,0.16325158,0.16324149,0.16316897,0.16302852,0.16281463,0.16252184,0.16214457,0.16167733,0.16111463,0.160451,0.15968087,0.15879874,0.15788688,0.15702757,0.15621543,0.15544496,0.15471075,0.1540074,0.15332939,0.15267134,0.15202779,0.15139326,0.15076244,0.15012972,0.1494898,0.14883724,0.14816646,0.14747214,0.14674883,0.14599104,0.1451934,0.14435042,0.14345671,0.14250678,0.14149521,0.14041658,0.1392654,0.13803631,0.13672382,0.1353225,0.13382688,0.1322316,0.13053116,0.12872012,0.1269098,0.12521148,0.12361963,0.12212878,0.120733365,0.11942791,0.11820692,0.11706486,0.11599624,0.11499554,0.11405729,0.113175906,0.112345934,0.11156187,0.1108182,0.11010942,0.10942998,0.10877443,0.10813723,0.10751287,0.10689589,0.10628071,0.10566187,0.105033845,0.10439114,0.10372826,0.10303965,0.102319844,0.101563305,0.10076456,0.09991808,0.09901834,0.09814727,0.097386785,0.09673145,0.09617579,0.09571441,0.09534188,0.095052734,0.094841525,0.094702855,0.09463124,0.094621286,0.094667494,0.09476449,0.094906814,0.09508899
0.16254923,0.16276881,0.16295348,0.16309775,0.16319603,0.16324289,0.16323279,0.16316022,0.16301964,0.16280557,0.1625125,0.16213487,0.16166721,0.16110401,0.16043973,0.15966888,0.15878594,0.15787321,0.15701301,0.15619995,0.1554285,0.15469334,0.15398893,0.15330991,0.15265082,0.15200622,0.15137069,0.15073878,0.15010503,0.14946407,0.14881043,0.14813861,0.1474433,0.14671901,0.14596026,0.14516166,0.14431776,0.14342314,0.14247237,0.14145999,0.14038056,0.13922866,0.13799888,0.13668574,0.13528381,0.13378769,0.13219193,0.13049106,0.12867972,0.12686919,0.12517068,0.1235788,0.12208799,0.120692715,0.11938748,0.118166775,0.11702511,0.11595689,0.11495671,0.114018984,0.11313821,0.11230892,0.11152554,0.11078258,0.11007455,0.10939591,0.1087412,0.10810482,0.1074813,0.10686515,0.106250845,0.10563285,0.105005674,0.10436379,0.1037017,0.10301387,0.10229481,0.10153901,0.10074094,0.0998951,0.09899596,0.098125406,0.09736537,0.09671042,0.09615512,0.09569404,0.095321715,0.095032744,0.09482169,0.09468308,0.09461152,0.09460155,0.09464774,0.09474469,0.0948869,0.09506896
0.16259246,0.1628111,0.16299501,0.16313861,0.16323651,0.16328315,0.16327311,0.16320084,0.16306087,0.16284768,0.16255586,0.16217983,0.1617142,0.16115336,0.16049194,0.15972437,0.15884519,0.15793653,0.15708056,0.15627183,0.1555049,0.15477426,0.15407456,0.15340029,0.15274596,0.1521062,0.15147552,0.15084851,0.15021962,0.1495835,0.14893468,0.14826764,0.14757697,0.14685728,0.14610305,0.14530887,0.14446925,0.14357877,0.14263195,0.14162338,0.14054754,0.13939908,0.13817248,0.13686231,0.13546312,0.1339694,0.13237579,0.13067679,0.12886702,0.1270576,0.1253598,0.123768136,0.122277096,0.120881185,0.119574964,0.11835291,0.1172095,0.116139315,0.11513682,0.11419652,0.11331293,0.112480596,0.11169403,0.11094768,0.1102361,0.109553814,0.10889529,0.108255096,0.10762768,0.10700759,0.10638934,0.10576742,0.10513634,0.10449065,0.10382482,0.103133366,0.10241081,0.10165167,0.10085044,0.10000163,0.09909976,0.09822676,0.0974646,0.09680781,0.096250944,0.09578855,0.09541519,0.09512542,0.09491374,0.09477476,0.09470298,0.094693,0.09473932,0.094836526,0.09497915,0.09516174
0.16268313,0.16289984,0.16308206,0.16322441,0.1633214,0.16336767,0.16335769,0.16328606,0.16314735,0.16293608,0.16264687,0.16227424,0.16181275,0.16125695,0.16060145,0.15984075,0.15896946,0.15806936,0.15722227,0.15642269,0.15566511,0.15494412,0.15425421,0.15358986,0.15294562,0.15231597,0.1516955,0.15107872,0.15046003,0.14983405,0.1491953,0.14853826,0.14785747,0.14714746,0.14640267,0.14561774,0.14478707,0.14390528,0.14296678,0.14196616,0.14089793,0.13975662,0.1385367,0.13723272,0.1358392,0.13435064,0.13276154,0.13106647,0.12925991,0.1274529,0.12575653,0.12416532,0.12267385,0.121276654,0.1199683,0.11874337,0.117596425,0.11652202,0.11551468,0.11456902,0.11367955,0.11284087,0.1120475,0.11129405,0.11057506,0.10988504,0.10921862,0.108570345,0.10793475,0.10730641,0.106679894,0.10604973,0.10541052,0.10475679,0.104083106,0.103384055,0.102654174,0.10188801,0.10108015,0.10022514,0.09931756,0.098439425,0.097672775,0.09701212,0.09645199,0.095986865,0.09561131,0.09531981,0.095106915,0.09496711,0.094894916,0.09488488,0.09493146,0.095029235,0.0951727,0.095356375
0.1628162,0.16303004,0.16320984,0.16335028,0.16344601,0.16349167,0.16348182,0.16341114,0.16327427,0.16306582,0.16278042,0.16241275,0.16195735,0.16140895,0.16076212,0.16001153,0.15915179,0.15826426,0.15743019,0.15664405,0.15590025,0.15519337,0.1545178,0.15386803,0.15323853,0.15262382,0.1520183,0.15141645,0.15081279,0.15020172,0.14957778,0.1489354,0.14826904,0.1475732,0.14684232,0.1460709,0.14525342,0.14438432,0.14345807,0.14246917,0.14141205,0.14028122,0.13907114,0.13777624,0.13639104,0.13490997,0.13332754,0.13163821,0.12983645,0.12803298,0.12633865,0.12474808,0.123255946,0.12185686,0.12054544,0.11931632,0.11816414,0.11708353,0.11606914,0.11511556,0.11421746,0.11336946,0.112566195,0.111802295,0.11107238,0.11037107,0.109693065,0.109032914,0.108385324,0.107744865,0.107106216,0.10646398,0.1058128,0.10514729,0.104462124,0.1037519,0.10301125,0.1022348,0.10141722,0.10055312,0.09963713,0.09875144,0.09797822,0.09731191,0.09674695,0.09627785,0.095899075,0.09560506,0.09539035,0.09524933,0.09517654,0.09516639,0.09521339,0.09531201,0.095456704,0.09564193
0.16298655,0.1631967,0.16337341,0.16351148,0.16360554,0.16365038,0.16364072,0.16357125,0.16343674,0.16323188,0.1629514,0.16259004,0.16214252,0.16160354,0.16096786,0.1602302,0.15938523,0.1585138,0.15769635,0.1569274,0.15620127,0.15551245,0.15485525,0.15422417,0.15361357,0.1530179,0.15243152,0.15184885,0.15126438,0.15067242,0.1500674,0.14944376,0.14879592,0.14811826,0.14740518,0.14665112,0.14585046,0.14499766,0.14408708,0.14311312,0.14207026,0.14095284,0.13975531,0.13847207,0.13709755,0.1356261,0.13405219,0.13237022,0.13057454,0.12877561,0.12708391,0.12549423,0.12400124,0.1225997,0.12128433,0.12004984,0.11889097,0.11780244,0.11677896,0.11581526,0.11490612,0.11404618,0.113230206,0.112452924,0.111709066,0.11099331,0.110300444,0.10962515,0.10896218,0.10830622,0.107652046,0.10699431,0.10632783,0.10564726,0.10494734,0.10422281,0.10346839,0.1026788,0.10184875,0.100973,0.10004625,0.09915093,0.09836927,0.0976957,0.097124584,0.09665037,0.09626749,0.09597028,0.09575321,0.095610656,0.095537074,0.0955268,0.095574334,0.095674016,0.09582029,0.09600754
