0.14865188,0.14815041,0.14772865,0.14739922,0.14717472,0.14706771,0.1470908,0.14725655,0.14757757,0.14806649,0.14873582,0.1495982,0.15066619,0.15195243,0.15346944,0.1552299,0.1572463,0.15951109,0.16199325,0.16467033,0.16751981,0.17051919,0.17364602,0.17687778,0.18019196,0.18356614,0.18697783,0.1904045,0.19382364,0.19721285,0.20054957,0.2038113,0.20697556,0.21001995,0.21292189,0.2156589,0.21820857,0.2205483,0.22265568,0.2245082,0.22608334,0.2273587,0.22831172,0.2289199,0.22916077,0.2290119,0.22845075,0.22745483,0.22600165,0.22418015,0.22210269,0.2197818,0.21723013,0.21446024,0.21148475,0.20831618,0.20496713,0.20145027,0.19777815,0.19396335,0.1900184,0.18595602,0.1817887,0.17752904,0.17318965,0.16878314,0.16432203,0.15981899,0.15528658,0.15073739,0.14618398,0.14163893,0.13711491,0.13262446,0.12818016,0.12379465,0.119480416,0.11525014,0.1111164,0.107091755,0.1031888,0.09958704,0.096442506,0.09373272,0.09143524,0.08952753,0.08798712,0.086791515,0.08591826,0.08534483,0.08504872,0.085007496,0.08519863,0.08559967,0.0861881,0.08694145
0.14862964,0.14812374,0.1476983,0.14736596,0.14713947,0.1470315,0.14705479,0.14722203,0.14754587,0.14803907,0.1487143,0.14958428,0.15066168,0.15195924,0.15348962,0.15526555,0.15729973,0.15958424,0.16208757,0.16478717,0.1676603,0.17068438,0.17383674,0.17709477,0.18043582,0.18383722,0.18727638,0.1907306,0.1941773,0.19759384,0.20095749,0.20424572,0.20743583,0.21050516,0.21343116,0.21619108,0.21876235,0.22112231,0.22324833,0.22511776,0.22670797,0.22799629,0.2289601,0.22957681,0.22982368,0.22967811,0.22911748,0.22811916,0.22666049,0.22483073,0.2227427,0.2204092,0.21784282,0.2150563,0.21206234,0.20887364,0.20550293,0.20196286,0.19826613,0.19442548,0.1904536,0.1863632,0.18216693,0.17787755,0.17350775,0.16907017,0.16457759,0.16004266,0.15547809,0.15089658,0.14631087,0.1417336,0.13717751,0.13265528,0.1281796,0.12376321,0.1194188,0.11515906,0.11099666,0.106944345,0.1030148,0.099388584,0.096222736,0.093494594,0.09118151,0.08926088,0.087710015,0.08650632,0.085627116,0.08504981,0.08475169,0.08471019,0.08490264,0.085306376,0.0858988,0.08665725
0.14861092,0.14810131,0.14767274,0.14733797,0.14710982,0.14700107,0.14702453,0.14719298,0.1475192,0.14801604,0.14869623,0.14957258,0.15065788,0.15196499,0.15350659,0.15529557,0.15734467,0.15964575,0.16216691,0.16488539,0.16777843,0.17082329,0.17399715,0.17727727,0.18064086,0.18406516,0.18752745,0.19100487,0.19447476,0.19791423,0.2013006,0.20461108,0.20782286,0.21091327,0.21385942,0.21663865,0.2192281,0.22160509,0.22374678,0.2256304,0.22723325,0.22853254,0.22950543,0.23012921,0.23038113,0.23023841,0.22967821,0.22867787,0.22721456,0.22537786,0.22328101,0.22093678,0.21835807,0.21555756,0.2125481,0.2093425,0.2059535,0.20239389,0.19867654,0.19481416,0.19081962,0.18670565,0.18248509,0.17817068,0.17377524,0.16931161,0.1647925,0.16023076,0.15563914,0.15103053,0.1464176,0.1418132,0.13723013,0.13268119,0.12817915,0.12373681,0.11936696,0.11508241,0.110895954,0.106820375,0.10286845,0.09922172,0.09603792,0.09329432,0.09096814,0.08903663,0.08747697,0.08626646,0.085382275,0.08480168,0.08450191,0.084460154,0.084653676,0.08505973,0.085655496,0.086418256
0.14859629,0.14808379,0.14765279,0.14731611,0.14708664,0.1469773,0.1470009,0.14717028,0.1474984,0.14799802,0.14868209,0.14956345,0.15065494,0.15196945,0.15351985,0.15531899,0.15737978,0.15969378,0.16222887,0.16496213,0.16787073,0.17093177,0.17412242,0.17741978,0.18080103,0.18424325,0.18772355,0.1912191,0.19470705,0.1981645,0.20156857,0.20489645,0.2081252,0.21123199,0.21419396,0.2169882,0.21959189,0.22198218,0.22413608,0.22603084,0.22764356,0.22895136,0.22993137,0.23056073,0.2308166,0.23067603,0.23011622,0.2291143,0.22764735,0.22580521,0.22370145,0.22134891,0.21876054,0.2159491,0.21292754,0.2097087,0.20630544,0.20273061,0.19899711,0.1951178,0.19110548,0.18697314,0.18273357,0.17839961,0.1739842,0.16950016,0.16496035,0.16037765,0.15576497,0.15113509,0.14650095,0.14187537,0.13727124,0.13270141,0.12817878,0.12371617,0.11932648,0.11502256,0.110817306,0.106723525,0.102754146,0.09909136,0.095893554,0.09313789,0.09080148,0.08886146,0.08729494,0.08607911,0.085191034,0.08460789,0.08430678,0.08426487,0.084459245,0.08486707,0.08546546,0.086231545
0.14858633,0.14807187,0.14763917,0.14730121,0.14707088,0.1469611,0.14698476,0.14715482,0.14748418,0.14798577,0.14867248,0.1495572,0.15065292,0.1519725,0.15352887,0.15533496,0.15740368,0.1597265,0.16227107,0.16501443,0.16793363,0.17100574,0.17420782,0.17751697,0.18091018,0.18436457,0.1878572,0.19136512,0.19486536,0.19833508,0.20175125,0.20509094,0.20833124,0.21144925,0.21442196,0.21722646,0.21983984,0.22223914,0.22440143,0.22630374,0.2279232,0.22923683,0.23022166,0.23085482,0.23111334,0.23097427,0.23041473,0.22941169,0.2279423,0.22609645,0.22398797,0.22162977,0.2190348,0.21621598,0.21318613,0.20995829,0.2065453,0.20296007,0.19921558,0.19532469,0.19130033,0.18715543,0.18290289,0.17855567,0.1741266,0.16962865,0.16507477,0.16047779,0.1558507,0.1512064,0.14655776,0.14191774,0.13729928,0.13271524,0.12817852,0.123702124,0.11929889,0.114981785,0.11076369,0.10665754,0.10267624,0.09900252,0.09579517,0.09303127,0.090687886,0.08874208,0.08717091,0.08595142,0.0850607,0.08447581,0.084173806,0.084131755,0.084326714,0.08473574,0.08533595,0.08610433
0.1485816,0.14806616,0.14763269,0.14729412,0.14706336,0.14695337,0.14697711,0.14714745,0.1474774,0.1479799,0.14866786,0.14955424,0.15065193,0.15197396,0.15353316,0.15534256,0.15741508,0.15974213,0.16229118,0.16503935,0.1679636,0.171041,0.17424855,0.17756325,0.18096222,0.18442242,0.18792091,0.19143471,0.19494082,0.19841635,0.20183828,0.20518363,0.20842946,0.21155278,0.2145306,0.21734002,0.21995802,0.22236164,0.22452791,0.22643381,0.22805648,0.22937281,0.23036,0.23099498,0.23125479,0.23111644,0.23055698,0.22955345,0.22808288,0.22623529,0.22412458,0.22176367,0.21916555,0.21634316,0.21330939,0.21007724,0.2066596,0.20306946,0.1993197,0.19542333,0.19139318,0.18724233,0.18298364,0.17863001,0.17419448,0.16968992,0.16512927,0.16052553,0.15589157,0.15124036,0.14658485,0.14193793,0.13731259,0.13272178,0.12817842,0.1236954,0.119285725,0.11496235,0.11073813,0.10662608,0.10263911,0.09896016,0.095748276,0.092980474,0.09063375,0.08868517,0.08711177,0.085890554,0.08499858,0.08441285,0.08411042,0.08406832,0.084263556,0.08467319,0.0852742,0.086043686
0.14858261,0.14806738,0.1476341,0.14729565,0.14706495,0.14695503,0.14697874,0.14714906,0.14747888,0.14798117,0.14866887,0.14955488,0.15065216,0.15197363,0.15353227,0.15534094,0.15741263,0.15973875,0.16228688,0.16503398,0.16795714,0.17103338,0.17423974,0.17755327,0.18095098,0.18440993,0.18790717,0.19141968,0.19492455,0.19839883,0.20181952,0.20516366,0.20840828,0.21153043,0.21450719,0.21731551,0.21993254,0.22233523,0.22450061,0.22640574,0.2280277,0.2293435,0.23033017,0.23096476,0.23122425,0.23108578,0.23052631,0.22952293,0.22805257,0.22620535,0.2240951,0.22173479,0.21913736,0.21631572,0.21328281,0.2100516,0.20663492,0.20304586,0.19929723,0.19540204,0.19137315,0.18722358,0.18296623,0.17861398,0.17417985,0.1696767,0.16511752,0.16051522,0.15588276,0.15123305,0.14657901,0.14193359,0.13730973,0.13272038,0.12817842,0.12369685,0.119288586,0.11496653,0.110743664,0.10663285,0.10264712,0.0989693,0.095758386,0.09299141,0.090645425,0.088697456,0.08712453,0.08590368,0.08501199,0.08442644,0.084124096,0.084082,0.08427717,0.084686674,0.08528752,0.086056754
0.14858998,0.14807622,0.14764413,0.14730664,0.14707664,0.14696698,0.14699064,0.14716049,0.14748937,0.14799024,0.14867596,0.14955945,0.15065366,0.1519714,0.15352559,0.15532914,0.15739498,0.1597146,0.16225567,0.16499539,0.1679107,0.17097881,0.1741767,0.17748156,0.1808704,0.18432036,0.18780848,0.19131187,0.19480766,0.19827288,0.20168465,0.20502003,0.20825614,0.21137007,0.21433884,0.21713963,0.2197495,0.22214545,0.22430474,0.22620428,0.22782126,0.22913277,0.23011585,0.2307476,0.23100518,0.23086555,0.23030593,0.22930327,0.22783479,0.22599027,0.22388354,0.22152743,0.21893483,0.21611871,0.21309188,0.2098673,0.20645785,0.20287646,0.19913594,0.19524926,0.19122931,0.18708898,0.18284118,0.17849877,0.17407468,0.16958185,0.16503307,0.16044132,0.15581945,0.15118039,0.14653704,0.1419023,0.13728903,0.1327102,0.1281786,0.123707235,0.11930894,0.11499665,0.110783234,0.10668158,0.10270463,0.0990349,0.09583103,0.09307014,0.09072928,0.08878559,0.0872161,0.085997954,0.08510821,0.084523946,0.08422228,0.084180266,0.084375024,0.08478363,0.08538315,0.086150706
0.14860421,0.14809328,0.14766358,0.14732796,0.1470992,0.14699018,0.14701368,0.14718257,0.14750965,0.14800777,0.14868973,0.1495684,0.15065655,0.15196702,0.15351267,0.15530632,0.15736076,0.15966779,0.16219531,0.16492058,0.16782078,0.17087306,0.17405461,0.17734264,0.18071432,0.18414685,0.18761738,0.19110313,0.19458127,0.19802901,0.20142348,0.20474193,0.2079615,0.21105945,0.21401283,0.21679898,0.21939495,0.22177799,0.22392528,0.22581403,0.22742142,0.22872457,0.22970079,0.23032711,0.23058084,0.23043908,0.22987908,0.228878,0.22741306,0.22557384,0.2234738,0.22112581,0.21854264,0.21573712,0.21272212,0.20951042,0.20611489,0.20254833,0.19882356,0.19495341,0.19095072,0.18682833,0.18259901,0.17827567,0.17387106,0.16939805,0.16486947,0.16029814,0.15569687,0.15107846,0.14645581,0.1418417,0.13724898,0.13269044,0.12817897,0.12372736,0.11934839,0.11505497,0.11085989,0.10677596,0.10281603,0.09916192,0.09597172,0.09322259,0.09089171,0.08895629,0.08739351,0.08618053,0.085294574,0.08471281,0.084412426,0.0843706,0.08456452,0.084971376,0.085568346,0.086332634
0.14862591,0.14811929,0.14769319,0.14736038,0.14713356,0.14702547,0.14704877,0.14721625,0.14754057,0.14803448,0.14871071,0.14958195,0.15066095,0.15196039,0.153493,0.15527153,0.15730868,0.15959646,0.16210337,0.16480671,0.16768384,0.17071201,0.1738687,0.17713109,0.1804766,0.18388256,0.18732633,0.19078518,0.19423652,0.1976576,0.2010258,0.2043184,0.20751286,0.21058641,0.21351637,0.21628016,0.21885507,0.22121842,0.22334751,0.22521979,0.2268125,0.228103,0.22906862,0.22968672,0.22993463,0.22978961,0.22922908,0.22823034,0.22677076,0.22493961,0.22284985,0.22051418,0.21794535,0.21515605,0.21215904,0.20896694,0.20559257,0.20204861,0.19834782,0.19450285,0.19052646,0.18643135,0.18223026,0.1779359,0.17356096,0.16911823,0.16462034,0.16008009,0.15551014,0.15092325,0.14633209,0.14174944,0.13718797,0.13266045,0.12817952,0.12375796,0.11940849,0.11514379,0.11097661,0.106919676,0.10298568,0.09935538,0.09618595,0.09345474,0.091139056,0.089216255,0.087663636,0.08645857,0.085578404,0.085000426,0.084701985,0.08466043,0.0848531,0.08525731,0.08585039,0.086609684
0.1486556,0.14815485,0.14773373,0.14740482,0.14718062,0.14707378,0.14709683,0.14726233,0.1475829,0.14807108,0.14873941,0.14960052,0.15066697,0.15195128,0.15346609,0.15522392,0.15723737,0.15949886,0.16197747,0.16465077,0.16749631,0.17049156,0.1736141,0.17684148,0.1801512,0.18352082,0.18692788,0.19034992,0.19376446,0.19714907,0.20048127,0.20373859,0.20689854,0.20993873,0.21283667,0.21556987,0.21811587,0.22045223,0.2225565,0.22440618,0.22597884,0.22725199,0.22820319,0.22880997,0.22904986,0.22890042,0.22833917,0.22734365,0.2258914,0.22407128,0.22199556,0.21967682,0.21712762,0.21436052,0.21138805,0.20822288,0.20487751,0.20136449,0.19769649,0.19388598,0.18994558,0.18588786,0.18172538,0.17747071,0.1731364,0.16873506,0.16427928,0.15978158,0.15525451,0.15071072,0.14616272,0.14162311,0.13710444,0.13261932,0.12818027,0.12379989,0.119490735,0.1152654,0.11113645,0.10711642,0.10321793,0.09962024,0.096479274,0.09377259,0.09147769,0.08957217,0.0880335,0.086839266,0.085966974,0.08539418,0.08509843,0.08505726,0.085248195,0.08564876,0.08623652,0.08698901
0.14869386,0.14820072,0.14778596,0.14746206,0.14724128,0.14713602,0.14715873,0.14732173,0.14763743,0.14811818,0.14877641,0.14962445,0.15067472,0.15193957,0.15343139,0.15516259,0.15714549,0.15937307,0.16181533,0.1644499,0.1672547,0.17020749,0.1732861,0.1764683,0.17973192,0.18305472,0.18641451,0.18978913,0.1931563,0.19649391,0.1997797,0.2029915,0.2061071,0.20910434,0.21196091,0.21465471,0.21716352,0.21946512,0.2215373,0.22335793,0.22490473,0.22615555,0.22708814,0.22768037,0.22790998,0.2277548,0.22719258,0.22620122,0.22475842,0.22295254,0.22089493,0.21859795,0.21607405,0.21333551,0.21039474,0.20726418,0.20395619,0.20048308,0.1968573,0.19309121,0.18919718,0.18518762,0.18107489,0.17687134,0.1725894,0.16824146,0.16383983,0.15939696,0.15492517,0.15043691,0.14594449,0.14146034,0.13699685,0.13256633,0.12818123,0.12385389,0.11959672,0.1154221,0.111342356,0.10736993,0.103517175,0.09996148,0.09685719,0.094182104,0.091914,0.09003071,0.08851002,0.087329715,0.086467616,0.08590152,0.08560921,0.085568525,0.085757226,0.08615312,0.08673403,0.08747772
0.14874128,0.14825752,0.14785068,0.14753291,0.14731632,0.14721312,0.14723538,0.1473953,0.14770496,0.14817655,0.14882223,0.14965409,0.15068431,0.15192506,0.15338846,0.1550866,0.1570317,0.15921733,0.16161443,0.1642011,0.16695552,0.16985573,0.17287992,0.17600617,0.17921266,0.18247747,0.18577872,0.18909456,0.19240314,0.19568253,0.19891085,0.2020663,0.20512694,0.20807092,0.21087638,0.21352136,0.21598408,0.21824263,0.22027515,0.22205973,0.22357453,0.22479767,0.22570722,0.22628137,0.22649828,0.22633597,0.22577262,0.22478637,0.22335531,0.22156705,0.21953182,0.21726184,0.21476924,0.21206611,0.20916462,0.20607692,0.20281518,0.19939148,0.19581804,0.19210692,0.18827033,0.1843204,0.18026927,0.17612909,0.17191198,0.1676301,0.16329563,0.15892062,0.15451732,0.1500978,0.14567424,0.14125878,0.13686357,0.13250072,0.12818244,0.12392078,0.119727984,0.11561612,0.11159735,0.10768387,0.10388777,0.10038409,0.09732521,0.09468926,0.092454344,0.0905986,0.089100145,0.08793713,0.08708763,0.08652981,0.0862418,0.0862017,0.086387634,0.08677775,0.08735013,0.088082954
0.14879832,0.1483259,0.1479286,0.14761826,0.14740677,0.14730595,0.1473277,0.14748387,0.14778627,0.14824684,0.14887738,0.14968981,0.1506959,0.15190761,0.1533367,0.15499511,0.15689465,0.15902978,0.16137251,0.16390148,0.16659516,0.16943207,0.17239073,0.17544961,0.17858729,0.18178228,0.18501304,0.18825813,0.19149606,0.19470537,0.1978645,0.20095207,0.20394652,0.20682637,0.2095702,0.21215643,0.21456367,0.21677035,0.21875508,0.22049628,0.22197254,0.22316231,0.22404419,0.22459662,0.22479811,0.22462729,0.22406253,0.22308242,0.2216655,0.21989845,0.21789025,0.21565278,0.21319784,0.21053734,0.20768315,0.20464708,0.20144105,0.19807684,0.1945664,0.19092155,0.18715413,0.183276,0.17929909,0.17523515,0.17109613,0.16689385,0.1626402,0.15834701,0.1540261,0.14968939,0.14534879,0.14101604,0.13670306,0.13242172,0.12818389,0.12400133,0.11988602,0.115849815,0.11190448,0.108061954,0.10433407,0.10089304,0.09788885,0.09530003,0.093105085,0.091282524,0.089810856,0.088668644,0.087834336,0.087286495,0.08700362,0.08696424,0.087146856,0.08752998,0.08809215,0.08881187
0.14886563,0.14840655,0.14802048,0.14771894,0.1475134,0.14741544,0.1474366,0.1475883,0.14788218,0.14832972,0.14894246,0.14973189,0.15070955,0.15188695,0.15327568,0.1548872,0.15673305,0.1588085,0.16108721,0.1635481,0.16617016,0.16893241,0.17181373,0.17479317,0.17784972,0.1809623,0.18410997,0.18727158,0.19042623,0.19355282,0.19663039,0.19963786,0.20255426,0.2053585,0.20802963,0.2105466,0.21288835,0.21503389,0.21696223,0.21865228,0.22008304,0.22123352,0.22208266,0.22260948,0.2227929,0.22261192,0.22204559,0.22107273,0.21967247,0.2179304,0.21595408,0.2137549,0.21134444,0.20873426,0.20593579,0.20296067,0.19982034,0.1965263,0.1930902,0.18952343,0.1858376,0.18204421,0.1781548,0.17418082,0.1701339,0.16602549,0.16186714,0.1576704,0.15344676,0.14920771,0.1449649,0.14072973,0.13651375,0.1323285,0.12818554,0.12409635,0.12007248,0.11612541,0.11226672,0.10850789,0.10486047,0.10149332,0.09855367,0.09602041,0.09387261,0.092089176,0.09064912,0.0895314,0.088715024,0.08817896,0.08790215,0.08786362,0.0880423,0.08841721,0.0889673,0.08967156
0.14894372,0.14850016,0.14812711,0.14783576,0.14763717,0.14754252,0.14756294,0.14770956,0.14799352,0.14842592,0.14901796,0.14978075,0.15072541,0.15186307,0.15320486,0.15476198,0.1565455,0.15855178,0.16075613,0.16313802,0.165677,0.16835253,0.1711442,0.17403144,0.1769938,0.18001081,0.18306199,0.18612678,0.18918476,0.19221541,0.19519827,0.19811286,0.2009386,0.20365515,0.20624189,0.20867844,0.21094424,0.21301883,0.21488172,0.2165124,0.21789044,0.21899527,0.21980646,0.22030354,0.22046597,0.22027327,0.21970499,0.21874061,0.21735968,0.21564668,0.21370725,0.21155258,0.20919374,0.20664188,0.20390813,0.20100366,0.19793959,0.19472699,0.19137715,0.18790102,0.18430986,0.18061477,0.1768269,0.17295735,0.16901724,0.16501783,0.16097008,0.15688525,0.15277445,0.14864878,0.14451942,0.14039746,0.13629408,0.13222037,0.1281875,0.124206595,0.12028881,0.116445236,0.11268705,0.10902537,0.10547132,0.10218993,0.09932511,0.096856385,0.09476326,0.093025245,0.09162185,0.09053261,0.08973702,0.0892146,0.088944845,0.08890729,0.08908144,0.08944679,0.089982875,0.0906692
0.14903319,0.14860737,0.14824928,0.14796957,0.14777893,0.14768806,0.14770767,0.14784843,0.14812101,0.14853612,0.14910445,0.14983669,0.15074353,0.15183565,0.15312377,0.15461855,0.15633067,0.15825772,0.1603769,0.16266832,0.16511211,0.16768837,0.17037728,0.17315893,0.17601344,0.17892097,0.18186161,0.18481547,0.18776274,0.19068351,0.1935579,0.19636604,0.19908807,0.20170408,0.20419425,0.20653865,0.20871745,0.21071075,0.2124987,0.2140614,0.21537898,0.21643156,0.2171993,0.21766227,0.21780066,0.21759455,0.21702407,0.21606937,0.21471056,0.21303082,0.21113375,0.20903,0.20673026,0.20424522,0.20158564,0.19876209,0.19578536,0.19266607,0.18941495,0.1860427,0.18255997,0.17897749,0.1753059,0.17155594,0.16773827,0.16386358,0.1599426,0.15598595,0.15200438,0.14800854,0.14400916,0.1400169,0.13604246,0.13209651,0.12818976,0.1243329,0.120536625,0.116811596,0.11316852,0.1096181,0.106171004,0.102987826,0.10020875,0.097813904,0.095783435,0.09409743,0.09273606,0.09167941,0.09090763,0.09040083,0.090139166,0.090102725,0.09027165,0.090626076,0.09114612,0.09181191
0.14911309,0.14870612,0.14836389,0.14809655,0.14791432,0.1478275,0.14784624,0.14798075,0.1482413,0.14863802,0.1491812,0.14988108,0.15074779,0.15179163,0.15302274,0.15445137,0.15608776,0.15793075,0.15995958,0.16215503,0.16449784,0.16696885,0.16954876,0.1722184,0.17495856,0.17774993,0.18057342,0.18340965,0.1862395,0.18904369,0.19180308,0.19449832,0.19711028,0.19961974,0.20200741,0.20425412,0.20634063,0.2082477,0.20995614,0.21144664,0.21270008,0.21369722,0.21441878,0.21484555,0.21495835,0.21473792,0.21416503,0.21322049,0.21188502,0.21024042,0.2083881,0.20633826,0.20410112,0.20168684,0.19910572,0.19636793,0.19348373,0.19046323,0.18731686,0.18405458,0.18068677,0.17722358,0.17367528,0.17005204,0.16636409,0.16262168,0.15883495,0.15501419,0.1511696,0.14731136,0.14344975,0.13959491,0.13575715,0.1319466,0.12817349,0.12444809,0.12078059,0.11718119,0.113660105,0.11022761,0.10689384,0.10381473,0.10112649,0.09880995,0.09684584,0.09521497,0.09389809,0.09287599,0.09212944,0.09163923,0.091386095,0.09135085,0.09151427,0.09185708,0.092360154,0.09300416
0.14916423,0.1487759,0.14844938,0.14819433,0.14802048,0.14793763,0.1479555,0.14808385,0.14833242,0.14871094,0.14922921,0.14989695,0.15072387,0.15171973,0.15289432,0.1542574,0.15581867,0.15757829,0.15951754,0.16161782,0.16386054,0.16622716,0.16869907,0.17125767,0.17388447,0.17656077,0.17926805,0.1819877,0.18470119,0.18738988,0.19003524,0.19261862,0.19512153,0.19752526,0.1998114,0.20196125,0.20395622,0.20577778,0.20740731,0.20882629,0.21001606,0.21095808,0.21163377,0.21202455,0.21211183,0.21187702,0.21130155,0.21036685,0.2090543,0.20744433,0.20563614,0.20363948,0.2014641,0.19911978,0.19661625,0.19396326,0.19117053,0.18824783,0.18520492,0.18205155,0.17879745,0.17545237,0.17202605,0.16852821,0.16496871,0.16135715,0.15770338,0.15401714,0.15030813,0.14658612,0.14286089,0.13914216,0.13543962,0.1317631,0.12812233,0.12452704,0.120987006,0.117511936,0.114111625,0.110795766,0.10757415,0.104598,0.101999685,0.09976059,0.09786217,0.09628586,0.095013,0.09402509,0.0933035,0.09282968,0.09258502,0.09255094,0.09270889,0.09304028,0.09352648,0.09414896
0.14918946,0.14881976,0.1485088,0.14826593,0.14810038,0.14802147,0.14803849,0.1481607,0.14839739,0.14875783,0.14925136,0.14988717,0.15067461,0.1516229,0.15274142,0.1540394,0.15552607,0.15720294,0.1590533,0.16105913,0.16320258,0.16546564,0.1678304,0.17027888,0.17279318,0.17535535,0.17794736,0.18055138,0.18314943,0.18572357,0.18825576,0.19072819,0.19312285,0.19542181,0.19760711,0.19966084,0.20156498,0.20330167,0.20485292,0.2062008,0.20732737,0.20821466,0.20884475,0.20919965,0.20926149,0.2090123,0.2084341,0.20750898,0.20621897,0.20464307,0.20287846,0.20093437,0.1988201,0.19654496,0.19411822,0.19154914,0.18884702,0.18602109,0.18308075,0.18003517,0.1768937,0.17366561,0.17036012,0.1669866,0.16355428,0.16007248,0.1565504,0.15299742,0.14942276,0.14583577,0.14224564,0.13866171,0.13509324,0.13154955,0.12803987,0.12457351,0.12115975,0.11780787,0.11452716,0.11132691,0.10821637,0.1053422,0.102832906,0.10067057,0.09883721,0.09731488,0.096085675,0.0951316,0.09443475,0.093977146,0.09374088,0.093707986,0.0938605,0.09418054,0.09465009,0.09525125
0.14919183,0.14884058,0.14854512,0.14831431,0.14815705,0.14808206,0.14809825,0.14821437,0.1484393,0.14878178,0.1492507,0.14985482,0.15060301,0.15150407,0.15256685,0.1538001,0.15521273,0.15680738,0.15856943,0.1604815,0.16252631,0.16468656,0.1669449,0.16928408,0.1716867,0.17413546,0.1766131,0.1791023,0.18158573,0.1840461,0.18646601,0.18882823,0.19111542,0.19331029,0.19539556,0.19735377,0.19916773,0.2008201,0.20229357,0.20357083,0.20463458,0.20546742,0.20605217,0.20637138,0.20640783,0.20614418,0.20556311,0.20464735,0.2033795,0.20183732,0.20011573,0.19822367,0.19616988,0.19396324,0.19161254,0.18912666,0.18651432,0.18378435,0.18094565,0.17800698,0.17497718,0.17186508,0.16867948,0.16542915,0.16212302,0.15876983,0.15537845,0.15195763,0.14851627,0.14506312,0.14160705,0.13815685,0.13472132,0.13130933,0.12792972,0.124591224,0.12130273,0.11807302,0.11491092,0.11182525,0.108824864,0.106051795,0.10363081,0.10154456,0.09977568,0.09830692,0.097120956,0.09620044,0.09552812,0.09508663,0.094858654,0.09482691,0.09497408,0.09528284,0.09573588,0.09631586
0.1491744,0.14884144,0.14856133,0.14834262,0.14819351,0.14812249,0.14813782,0.14824787,0.14846103,0.14878567,0.14923012,0.14980279,0.15051195,0.15136606,0.15237342,0.15354234,0.1548813,0.15639424,0.15806852,0.15988736,0.16183415,0.16389222,0.1660448,0.16827528,0.17056692,0.17290309,0.17526709,0.17764215,0.18001166,0.18235898,0.1846673,0.18692005,0.18910044,0.19119188,0.1931776,0.19504099,0.19676527,0.19833383,0.19972995,0.20093699,0.20193815,0.2027169,0.20325643,0.20354015,0.20355123,0.20327313,0.2026891,0.20178244,0.20053647,0.19902755,0.19734864,0.19550806,0.19351426,0.19137558,0.18910031,0.18669689,0.18417363,0.18153892,0.17880109,0.17596854,0.17304958,0.17005262,0.16698599,0.16385804,0.16067713,0.15745167,0.15418999,0.15090045,0.14759134,0.14427117,0.14094818,0.13763072,0.13432722,0.13104603,0.12779549,0.124583945,0.12141979,0.118311346,0.115267016,0.11229512,0.10940403,0.10673136,0.104397975,0.10238721,0.10068236,0.09926677,0.09812372,0.09723653,0.09658852,0.09616301,0.09594331,0.09591272,0.09605456,0.09635214,0.09678877,0.09734779
0.14914003,0.14882524,0.14856055,0.14835376,0.14821285,0.14814569,0.1481602,0.1482642,0.14846574,0.14877261,0.1491927,0.14973399,0.15040438,0.15121171,0.15216392,0.15326887,0.15453453,0.15596613,0.15755306,0.1592792,0.16112848,0.16308488,0.16513228,0.16725463,0.16943596,0.17166007,0.17391099,0.17617258,0.17842881,0.18066365,0.182861,0.1850048,0.18707898,0.1890675,0.19095428,0.19272326,0.19435835,0.1958435,0.1971627,0.19829977,0.19923879,0.1999636,0.20045812,0.20070632,0.20069219,0.20039955,0.19981246,0.19891475,0.19769043,0.19621442,0.1945778,0.19278838,0.19085407,0.18878281,0.18658248,0.18426092,0.1818262,0.17928605,0.17664847,0.17392135,0.17111255,0.16823,0.1652816,0.16227522,0.15921885,0.1561203,0.15298752,0.1498284,0.14665085,0.14346275,0.14027204,0.13708654,0.13391426,0.13076305,0.1276408,0.12455544,0.12151483,0.11852693,0.115599595,0.11274075,0.1099583,0.10738534,0.105139025,0.10320328,0.101562046,0.10019927,0.099098876,0.098244786,0.09762097,0.09721132,0.09699981,0.096970364,0.09710692,0.097393386,0.09781371,0.098351896
0.14909177,0.14879514,0.1485457,0.14835085,0.14821808,0.14815478,0.14816841,0.14826648,0.14845634,0.1487455,0.14914142,0.14965148,0.15028316,0.15104394,0.15194122,0.15298246,0.1541751,0.15552576,0.15702567,0.15865949,0.16041169,0.16226685,0.16420953,0.1662243,0.1682957,0.17040826,0.17254661,0.17469521,0.17683873,0.1789616,0.18104842,0.18308379,0.18505222,0.18693829,0.18872656,0.19040148,0.19194777,0.19334988,0.19459242,0.19565989,0.19653687,0.19720796,0.19765763,0.19787046,0.19783108,0.19752395,0.19693367,0.1960448,0.19484188,0.1933986,0.19180387,0.19006525,0.18819012,0.18618584,0.18405999,0.18181998,0.17947316,0.17702712,0.17448923,0.17186694,0.16916774,0.16639903,0.16356824,0.16068283,0.1577503,0.15477805,0.15177351,0.14874417,0.14569743,0.14264078,0.13958168,0.1365275,0.13348573,0.13046382,0.12746926,0.1245094,0.12159175,0.11872376,0.115912825,0.11316643,0.11049203,0.108018264,0.10585854,0.10399743,0.10241949,0.10110923,0.100051254,0.0992301,0.09863033,0.098236494,0.09803313,0.09800481,0.098136105,0.09841153,0.09881568,0.09933309
0.14903252,0.14875405,0.14851981,0.14833686,0.14821213,0.14815272,0.14816552,0.14825761,0.14843592,0.14870743,0.14907917,0.14955813,0.15015128,0.1508656,0.15170814,0.15268587,0.15380575,0.15507568,0.15648891,0.15803067,0.15968612,0.16144042,0.16327874,0.16518632,0.16714817,0.1691496,0.17117575,0.1732118,0.17524287,0.17725421,0.17923093,0.18115823,0.18302125,0.18480523,0.18649526,0.18807656,0.18953432,0.19085366,0.19201975,0.19301784,0.19383301,0.19445047,0.19485545,0.19503295,0.19496836,0.19464672,0.19405323,0.19317305,0.19199137,0.19058058,0.18902759,0.18733947,0.18552311,0.1835856,0.18153386,0.17937498,0.17711577,0.1747634,0.17232479,0.16980693,0.16721682,0.16456145,0.1618478,0.1590829,0.1562737,0.1534272,0.15055045,0.14765033,0.14473394,0.14180821,0.13888015,0.13595675,0.13304502,0.13015193,0.12728445,0.12444963,0.12165442,0.11890583,0.11621083,0.11357645,0.11100964,0.10863465,0.106561184,0.10477438,0.10325945,0.102001525,0.100985795,0.10019741,0.09962159,0.09924347,0.09904823,0.09902104,0.09914709,0.09941153,0.099799536,0.10029627
0.14896537,0.14870493,0.14848587,0.1483148,0.14819816,0.1481426,0.14815457,0.14824067,0.14840741,0.14866133,0.14900897,0.14945689,0.15001161,0.15067965,0.15146758,0.15238188,0.15342918,0.15461856,0.15594535,0.15739529,0.15895425,0.1606079,0.16234216,0.16414268,0.16599537,0.16788591,0.16980019,0.17172395,0.1736429,0.17554297,0.17740987,0.17922935,0.18098728,0.1826694,0.18426144,0.18574934,0.18711875,0.1883555,0.18944538,0.1903742,0.19112773,0.1916917,0.19205196,0.1921943,0.19210449,0.19176829,0.19117154,0.19029999,0.18913941,0.18776096,0.18624954,0.1846117,0.18285403,0.18098296,0.17900515,0.17692702,0.17475522,0.17249621,0.17015652,0.16774277,0.16526143,0.16271909,0.16012226,0.15747745,0.15479127,0.15207016,0.14932074,0.14654952,0.14376308,0.14096788,0.13817053,0.13537751,0.13259543,0.12983076,0.12709005,0.124379866,0.12170674,0.119077206,0.11649781,0.11397506,0.11151552,0.109239034,0.10725152,0.10553883,0.104086675,0.10288091,0.10190729,0.10115162,0.10059967,0.10023723,0.1000501,0.10002404,0.10014485,0.10039833,0.100770235,0.10124638
0.14889325,0.14865081,0.14844696,0.14828768,0.14817913,0.14812744,0.14813861,0.1482187,0.14837393,0.14861025,0.14893383,0.14935075,0.14986703,0.15048885,0.15122224,0.1520733,0.15304807,0.15415707,0.15539747,0.15675576,0.15821831,0.15977155,0.16140185,0.1630956,0.16483924,0.16661912,0.16842169,0.17023328,0.17204034,0.17382933,0.17558655,0.17729841,0.17895138,0.18053178,0.18202612,0.18342066,0.18470189,0.1858562,0.18686996,0.1877296,0.18842152,0.1889321,0.18924777,0.1893549,0.18923984,0.18888915,0.18828908,0.18742612,0.18628657,0.1849404,0.18347038,0.18188275,0.18018354,0.17837882,0.17647472,0.17447728,0.17239262,0.17022678,0.16798592,0.16567604,0.1633033,0.16087379,0.1583935,0.15586859,0.15330516,0.1507092,0.14808695,0.14544438,0.1427876,0.14012274,0.13745584,0.13479297,0.13214026,0.1295038,0.12688963,0.12430387,0.121752575,0.1192419,0.11677785,0.114366546,0.112014085,0.10983587,0.107934184,0.10629541,0.104905985,0.103752285,0.10282069,0.10209764,0.10156951,0.10122273,0.10104367,0.101018734,0.10113432,0.10137686,0.101732716,0.1021883
0.14881915,0.14859474,0.14840601,0.1482586,0.14815813,0.14811024,0.14812055,0.14819473,0.14833839,0.14855716,0.14885668,0.14924261,0.14972058,0.15029615,0.15097502,0.15176281,0.15266517,0.15369378,0.15484789,0.15611462,0.15748087,0.1589337,0.16046011,0.16204713,0.16368179,0.16535105,0.16704193,0.16874152,0.17043678,0.17211471,0.17376235,0.17536665,0.17691475,0.17839354,0.17979011,0.18109141,0.18228452,0.18335643,0.1842941,0.18508463,0.18571497,0.18617214,0.18644321,0.18651512,0.18637495,0.18600973,0.18540633,0.18455188,0.18343338,0.18211937,0.18069081,0.17915331,0.17751256,0.17577413,0.17394367,0.17202686,0.17002924,0.16795655,0.16581433,0.16360833,0.16134407,0.15902723,0.15666346,0.15425837,0.15181759,0.14934672,0.14685151,0.1443375,0.14181034,0.13927566,0.13673909,0.1342063,0.13168289,0.12917449,0.12668678,0.12422533,0.121795826,0.119403906,0.11705511,0.11475515,0.112509705,0.11042969,0.10861375,0.107048884,0.10572208,0.10462042,0.10373084,0.10304037,0.102536075,0.102204904,0.10203394,0.10201012,0.10212049,0.1023521,0.10269191,0.103126936
0.14874601,0.14853963,0.14836603,0.14823046,0.14813809,0.14809403,0.14810352,0.14817174,0.14830387,0.14850509,0.14878058,0.14913549,0.14957505,0.1501044,0.15072876,0.15145329,0.15228318,0.15323138,0.1542992,0.15547426,0.15674417,0.15809658,0.15951909,0.16099936,0.16252498,0.1640836,0.16566284,0.16725034,0.1688337,0.17040057,0.17193857,0.17343532,0.17487846,0.17625561,0.17755438,0.17876244,0.17986742,0.18085685,0.18171844,0.18243982,0.1830086,0.1834124,0.18363886,0.18367557,0.18351021,0.18313038,0.18252373,0.18167782,0.18058036,0.17929858,0.17791142,0.1764241,0.17484179,0.1731697,0.17141293,0.16957673,0.16766626,0.16568671,0.16364327,0.16154107,0.15938537,0.1571813,0.15493406,0.15264879,0.15033072,0.14798504,0.14561687,0.14323147,0.14083394,0.13842954,0.13602337,0.13362066,0.13122661,0.12884638,0.12648514,0.12414807,0.12184037,0.11956723,0.117333755,0.11514524,0.1130068,0.111025035,0.10929488,0.10780393,0.1065398,0.105490156,0.104642585,0.10398477,0.10350428,0.10318876,0.103025846,0.10300316,0.10310833,0.10332899,0.10365274,0.10406725
0.14867689,0.14848854,0.1483301,0.14820638,0.14812209,0.14808188,0.14809054,0.14815281,0.1482734,0.14845702,0.1487084,0.1490323,0.1494334,0.14991651,0.15048626,0.15114745,0.15190478,0.1527725,0.15375392,0.15483722,0.15601069,0.15726252,0.158581,0.15995437,0.16137083,0.16281866,0.16428609,0.16576137,0.1672327,0.16868839,0.1701166,0.17150564,0.17284372,0.1741191,0.17531997,0.17643464,0.1774513,0.17835823,0.17914364,0.17979582,0.18030293,0.1806533,0.18083511,0.18083662,0.18064605,0.18025166,0.17964175,0.17880444,0.17772807,0.17647856,0.17513297,0.17369589,0.17217214,0.17056645,0.16888352,0.1671281,0.16530488,0.16341864,0.16147408,0.15947592,0.1574289,0.15533777,0.15320721,0.15104198,0.14884683,0.14662644,0.14438558,0.1421289,0.13986124,0.13758726,0.13531171,0.13303934,0.13077481,0.1285229,0.12628831,0.124075815,0.12189008,0.11973591,0.11761799,0.115541,0.11350976,0.1116264,0.109982155,0.10856522,0.107363865,0.10636633,0.10556086,0.1049357,0.104479045,0.10417921,0.10402437,0.10400284,0.104102775,0.10431247,0.10462016,0.105014086
0.14861469,0.14844443,0.14830121,0.14818935,0.14811315,0.14807682,0.14808464,0.14814094,0.14824991,0.14841594,0.14864317,0.14893597,0.1492986,0.1497353,0.15025038,0.1508481,0.15153271,0.1523198,0.15321462,0.15420595,0.15528274,0.15643384,0.15764801,0.15891424,0.16022132,0.16155812,0.16291347,0.16427629,0.16563532,0.16697954,0.16829778,0.16957884,0.17081162,0.171985,0.17308778,0.17410886,0.17503709,0.1758613,0.17657037,0.17715316,0.17759852,0.17789532,0.17803241,0.17799866,0.1777829,0.17737399,0.17676081,0.17593221,0.17487702,0.17365998,0.172356,0.17096935,0.1695044,0.16796532,0.16635641,0.16468197,0.16294627,0.16115358,0.15930821,0.15741435,0.15547632,0.15349841,0.15148486,0.14943999,0.14736801,0.14527327,0.14316002,0.14103247,0.13889499,0.1367518,0.13460718,0.13246539,0.13033074,0.1282075,0.12609991,0.12401229,0.12194888,0.119913995,0.11791186,0.11594673,0.11402298,0.112238295,0.11068017,0.10933749,0.10819905,0.10725377,0.10649051,0.10589809,0.105465375,0.10518123,0.105034515,0.10501409,0.105108805,0.10530752,0.10559909,0.10597236
0.14856243,0.14841029,0.14828236,0.14818242,0.14811432,0.14808184,0.14808884,0.14813915,0.14823651,0.14838482,0.1485879,0.14884953,0.14917351,0.14956371,0.15002392,0.15055798,0.15116969,0.15187588,0.1526838,0.15358295,0.15456274,0.15561277,0.15672237,0.1578811,0.15907845,0.1603038,0.16154677,0.16279669,0.16404314,0.16527554,0.1664834,0.16765618,0.16878334,0.16985436,0.17085874,0.17178595,0.17262544,0.17336673,0.1739992,0.17451248,0.17489594,0.17513904,0.17523131,0.17516223,0.17492118,0.1744978,0.17388141,0.17306156,0.17202774,0.17084332,0.16958122,0.1682453,0.1668393,0.16536716,0.16383262,0.16223952,0.1605917,0.15889288,0.15714705,0.15535791,0.15352929,0.15166503,0.14976893,0.14784487,0.14589657,0.1439279,0.14194268,0.13994476,0.1379379,0.13592598,0.13391274,0.1319021,0.1298978,0.12790367,0.12592356,0.123961285,0.122020625,0.12010545,0.11821955,0.11636673,0.114550844,0.11286522,0.11139356,0.11012538,0.109050125,0.10815733,0.107436396,0.10687685,0.106468156,0.10619979,0.10606121,0.10604191,0.10613139,0.10631907,0.10659444,0.10694701
0.1485231,0.14838918,0.14827652,0.14818853,0.14812858,0.14810002,0.14810616,0.14815044,0.14823617,0.14836676,0.1485455,0.14877582,0.14906104,0.14940456,0.1498097,0.15027985,0.1508184,0.15144335,0.15216412,0.15297066,0.15385312,0.15480159,0.1558062,0.156857,0.15794413,0.15905768,0.1601877,0.16132435,0.16245769,0.1635778,0.16467483,0.16573888,0.16675998,0.16772826,0.16863383,0.1694668,0.17021722,0.1708752,0.17143087,0.17187431,0.17219563,0.17238489,0.1724322,0.17232767,0.17206141,0.17162348,0.17100403,0.17019306,0.1691808,0.1680292,0.16680932,0.16552436,0.16417775,0.1627729,0.1613131,0.15980177,0.15824226,0.1566379,0.15499207,0.15330818,0.15158947,0.14983942,0.14806132,0.14625862,0.14443459,0.14259265,0.14073609,0.13886838,0.13699278,0.13511275,0.13323155,0.1313526,0.12947924,0.1276149,0.12576285,0.12392649,0.12210921,0.12031431,0.11854522,0.11680523,0.115097776,0.11351167,0.112126924,0.1109336,0.109921865,0.10908177,0.10840342,0.107876904,0.107492335,0.10723984,0.10710945,0.1070913,0.10717546,0.107352056,0.107611194,0.107942924
0.14849967,0.14838403,0.1482868,0.1482108,0.14815903,0.14813434,0.14813966,0.14817789,0.14825192,0.14836466,0.14851902,0.14871787,0.14896415,0.14926077,0.14961061,0.15001658,0.15048155,0.15102495,0.15165804,0.15237156,0.15315618,0.15400265,0.15490173,0.15584408,0.15682043,0.15782154,0.1588381,0.15986085,0.16088052,0.16188782,0.16287348,0.1638282,0.1647427,0.16560774,0.16641402,0.16715223,0.16781318,0.1683875,0.16886598,0.16923928,0.16949819,0.16963337,0.16963558,0.16949555,0.16920394,0.16875157,0.1681291,0.16732724,0.1663367,0.16521831,0.16404086,0.16280733,0.16152051,0.16018343,0.1587989,0.15736987,0.1558992,0.15438983,0.15284465,0.15126659,0.14965855,0.14802337,0.146364,0.14468338,0.14298433,0.14126982,0.13954273,0.13780592,0.13606237,0.13431498,0.13256657,0.1308201,0.1290785,0.12734465,0.12562141,0.12391172,0.122218475,0.12054462,0.11889302,0.11726656,0.11566815,0.11418218,0.11288485,0.11176688,0.11081901,0.110031955,0.10939643,0.108903185,0.108542904,0.10830632,0.10818416,0.108167134,0.10824601,0.10841146,0.10865424,0.10896504
0.14849511,0.14839788,0.14831607,0.14825217,0.14820862,0.14818789,0.14819235,0.1482245,0.14828674,0.14838158,0.1485114,0.14867865,0.14888574,0.1491352,0.14942943,0.14977081,0.15016188,0.15062325,0.15116823,0.15178813,0.15247434,0.15321822,0.15401113,0.15484436,0.1557093,0.1565973,0.15749975,0.15840793,0.15931322,0.16020697,0.16108057,0.16192535,0.16273262,0.16349383,0.16420022,0.16484317,0.1654141,0.16590431,0.16630512,0.16660798,0.16680412,0.16688502,0.1668419,0.16666621,0.16634926,0.16588241,0.16525702,0.16446444,0.16349602,0.16241114,0.16127662,0.1600949,0.15886843,0.15759963,0.15629093,0.15494484,0.15356371,0.15215002,0.15070628,0.14923483,0.14773814,0.14621867,0.14467885,0.14312115,0.14154796,0.13996176,0.13836497,0.13676004,0.13514943,0.1335356,0.13192089,0.13030784,0.12869883,0.12709635,0.12550282,0.12392072,0.1223524,0.12080037,0.11926708,0.11775494,0.116266385,0.11488127,0.11367199,0.11262993,0.11174637,0.11101274,0.11042034,0.10996055,0.10962471,0.1094042,0.109290324,0.10927449,0.109348,0.10950221,0.109728515,0.11001822
0.14851241,0.14843367,0.14836742,0.14831571,0.14828044,0.14826363,0.14826724,0.14829329,0.14834371,0.14842047,0.14852561,0.14866102,0.14882874,0.14903073,0.14926894,0.1495454,0.14986207,0.15024087,0.15069714,0.15122288,0.15181,0.1524506,0.15313657,0.15385994,0.15461272,0.15538684,0.15617432,0.15696718,0.1577573,0.15853676,0.15929754,0.16003162,0.16073096,0.16138752,0.16199338,0.1625405,0.1630208,0.16342632,0.16374902,0.16398092,0.164114,0.16414027,0.16405164,0.16384013,0.16349778,0.16301651,0.16238832,0.16160522,0.16065924,0.1596083,0.15851718,0.15738784,0.15622224,0.15502241,0.15379025,0.1525278,0.15123697,0.14991981,0.1485783,0.14721434,0.14582996,0.1444271,0.14300783,0.14157401,0.14012769,0.13867082,0.13720538,0.13573338,0.13425674,0.13277747,0.13129753,0.1298189,0.12834358,0.12687354,0.12541074,0.123957165,0.12251476,0.12108561,0.119671546,0.11827466,0.11689688,0.11561343,0.11449294,0.11352736,0.112708665,0.11202891,0.11147999,0.111053966,0.11074281,0.110538445,0.11043296,0.11041826,0.11048637,0.11062926,0.11083895,0.111107394
0.14855458,0.14849445,0.1484439,0.14840443,0.1483775,0.14836466,0.14836742,0.14838731,0.14842577,0.1484844,0.14856464,0.148668,0.14879605,0.14895023,0.1491321,0.1493431,0.14958484,0.14988048,0.15024744,0.15067823,0.15116557,0.15170206,0.1522803,0.15289296,0.15353268,0.15419205,0.1548637,0.15554021,0.15621436,0.15687862,0.15752567,0.15814817,0.15873873,0.15928997,0.1597945,0.160245,0.16063401,0.16095422,0.16119827,0.16135879,0.16142836,0.16139965,0.16126522,0.16101778,0.16064994,0.16015428,0.15952349,0.15875013,0.1578269,0.15681045,0.15576324,0.15468688,0.15358284,0.15245265,0.15129782,0.15011984,0.14892022,0.14770049,0.14646217,0.14520667,0.14393567,0.14265053,0.1413528,0.14004405,0.13872571,0.13739933,0.13606642,0.13472848,0.13338697,0.1320435,0.13069952,0.12935655,0.12801608,0.12667961,0.12534873,0.12402485,0.12270955,0.121404305,0.120110616,0.11883001,0.117564,0.1163832,0.1153523,0.11446392,0.11371071,0.1130853,0.112580284,0.11218832,0.11190204,0.111714035,0.11161698,0.11160344,0.11166612,0.1117976,0.11199049,0.112237476
0.14862457,0.14858322,0.14854847,0.14852133,0.14850281,0.14849399,0.14849591,0.14850956,0.14853601,0.1485763,0.14863147,0.14870258,0.14879057,0.14889657,0.14902161,0.1491667,0.14933291,0.14954473,0.14982156,0.15015669,0.15054338,0.1509749,0.1514445,0.1519455,0.15247117,0.15301475,0.15356956,0.15412886,0.1546859,0.15523396,0.15576635,0.15627635,0.15675716,0.15720212,0.1576045,0.15795757,0.15825456,0.15848882,0.15865357,0.15874211,0.15874772,0.15866362,0.15848316,0.15819964,0.15780617,0.15729618,0.15666291,0.15589963,0.15499958,0.15401803,0.1530154,0.15199271,0.15095098,0.14989129,0.1488146,0.14772205,0.1466146,0.14549333,0.14435929,0.14321344,0.14205688,0.14089064,0.13971578,0.13853326,0.13734423,0.13614962,0.13495052,0.13374798,0.132543,0.13133664,0.13012995,0.12892394,0.12771966,0.12651813,0.12532045,0.12412756,0.12294057,0.1217605,0.120588385,0.11942528,0.11827217,0.11719504,0.11625466,0.115444325,0.11475725,0.11418676,0.11372609,0.11336853,0.11310736,0.112935886,0.11284735,0.11283504,0.11289217,0.11301212,0.11318808,0.113413356
0.14872536,0.14870295,0.14868414,0.14866942,0.14865942,0.14865465,0.14865565,0.14866309,0.1486774,0.14869922,0.14872912,0.14876758,0.14881527,0.14887267,0.14894037,0.14901894,0.14910896,0.14923622,0.14942215,0.14966072,0.1499458,0.15027139,0.15063135,0.1510196,0.15143016,0.1518569,0.15229374,0.15273464,0.15317352,0.15360427,0.15402094,0.15441728,0.15478738,0.1551251,0.15542434,0.15567908,0.15588322,0.15603074,0.15611552,0.15613149,0.1560726,0.15593275,0.15570591,0.15538602,0.15496694,0.15444267,0.15380707,0.15305415,0.1521778,0.15123181,0.15027435,0.14930609,0.1483275,0.14733917,0.14634164,0.14533553,0.14432134,0.14329968,0.14227107,0.1412361,0.14019533,0.13914931,0.13809863,0.13704377,0.13598539,0.13492401,0.1338602,0.13279451,0.13172752,0.13065976,0.12959182,0.12852427,0.12745765,0.12639248,0.12532945,0.124269,0.12321175,0.12215824,0.12110902,0.12006469,0.11902578,0.118053526,0.11720468,0.11647322,0.11585305,0.11533808,0.11492226,0.114599496,0.11436379,0.11420899,0.11412905,0.11411793,0.11416953,0.11427779,0.11443663,0.11463999
0.14885993,0.14885665,0.14885394,0.14885181,0.14885035,0.14884965,0.14884982,0.14885089,0.14885296,0.14885613,0.14886047,0.14886607,0.14887302,0.14888136,0.14889121,0.14890264,0.14891574,0.14895761,0.14905177,0.14919282,0.14937529,0.14959383,0.14984299,0.15011743,0.15041165,0.15072033,0.15103799,0.1513593,0.15167876,0.15199102,0.15229067,0.1525723,0.15283048,0.15305984,0.15325497,0.15341039,0.15352078,0.15358068,0.15358475,0.15352747,0.15340352,0.15320751,0.15293394,0.15257746,0.15213266,0.15159415,0.15095645,0.15021423,0.14936207,0.14845225,0.14754078,0.14662775,0.14571317,0.14479722,0.14387989,0.14296135,0.14204161,0.1411208,0.14019898,0.13927624,0.13835263,0.13742828,0.13650323,0.1355776,0.13465145,0.13372487,0.13279791,0.13187067,0.13094327,0.13001576,0.1290882,0.12816072,0.12723336,0.12630624,0.12537938,0.124452926,0.12352694,0.12260151,0.12167666,0.12075255,0.11982924,0.11896312,0.11820695,0.11755531,0.11700285,0.116544105,0.116173685,0.11588617,0.11567618,0.11553828,0.115467094,0.11545718,0.11550314,0.11559958,0.11574107,0.11592223
0.14903128,0.14904736,0.14906085,0.14907141,0.14907864,0.14908205,0.14908129,0.14907598,0.14906569,0.14905003,0.14902858,0.14900097,0.14896674,0.14892553,0.14887694,0.14882052,0.14875592,0.14871155,0.14871296,0.1487554,0.14883415,0.14894454,0.14908172,0.149241,0.14941764,0.14960691,0.14980409,0.15000443,0.15020317,0.15039562,0.15057701,0.15074262,0.1508877,0.1510075,0.15109731,0.15115239,0.15116802,0.15113944,0.1510619,0.1509307,0.15074109,0.15048832,0.15016767,0.1497744,0.14930378,0.14875107,0.1481115,0.14738038,0.14655295,0.14568004,0.14481531,0.1439584,0.14310884,0.14226633,0.14143041,0.14060062,0.13977663,0.13895804,0.13814442,0.13733539,0.13653047,0.13572936,0.13493162,0.13413681,0.13334458,0.13255447,0.13176611,0.1309791,0.13019304,0.12940754,0.12862214,0.1278365,0.12705016,0.12626275,0.12547387,0.124683104,0.12389006,0.12309432,0.122295484,0.12149315,0.12068692,0.11992835,0.11926606,0.11869534,0.11821146,0.11780969,0.11748524,0.117233425,0.117049515,0.11692875,0.116866365,0.116857685,0.11689795,0.11698241,0.11710635,0.117265
0.14924239,0.14927799,0.14930792,0.14933132,0.14934725,0.14935485,0.14935322,0.14934145,0.14931865,0.14928393,0.14923643,0.1491752,0.14909938,0.14900808,0.14890036,0.14877535,0.14863221,0.14850062,0.14840826,0.14835101,0.14832486,0.14832577,0.14834963,0.14839242,0.14845009,0.14851856,0.14859381,0.14867173,0.14874832,0.1488195,0.14888124,0.14892942,0.14896005,0.14896905,0.14895238,0.14890596,0.14882572,0.14870766,0.1485477,0.14834176,0.1480858,0.14777578,0.14740762,0.14697729,0.14648072,0.14591387,0.14527266,0.14455302,0.14375097,0.14291568,0.14209859,0.14129879,0.14051533,0.13974741,0.13899405,0.1382544,0.13752761,0.13681269,0.13610882,0.13541505,0.13473053,0.13405436,0.13338564,0.13272345,0.13206694,0.1314152,0.13076732,0.13012242,0.12947962,0.12883802,0.1281967,0.12755476,0.12691136,0.12626559,0.1256165,0.12496326,0.124304965,0.12364069,0.1229696,0.12229072,0.121603236,0.12095368,0.12038663,0.11989794,0.11948363,0.1191396,0.11886181,0.118646204,0.118488714,0.118385285,0.118331894,0.11832447,0.118358955,0.118431255,0.11853739,0.11867322
0.14949623,0.14955159,0.14959814,0.14963451,0.14965932,0.14967112,0.14966857,0.14965026,0.14961483,0.14956085,0.14948696,0.14939173,0.14927384,0.14913183,0.14896433,0.14876997,0.14854738,0.14832756,0.14814025,0.1479821,0.14784974,0.14773981,0.14764896,0.1475738,0.14751098,0.14745714,0.14740889,0.14736289,0.14731577,0.14726417,0.14720471,0.14713404,0.14704877,0.14694557,0.14682105,0.14667189,0.14649472,0.14628607,0.1460427,0.14576119,0.14543818,0.14507031,0.14465423,0.14418657,0.14366394,0.143083,0.14244038,0.14173271,0.14095664,0.14015985,0.13939129,0.13864961,0.13793343,0.13724132,0.13657193,0.13592385,0.13529567,0.13468605,0.13409357,0.13351682,0.13295445,0.13240504,0.13186723,0.1313396,0.13082077,0.13030936,0.12980397,0.1293032,0.12880571,0.12831004,0.12781484,0.12731872,0.12682027,0.12631813,0.1258109,0.12529717,0.12477558,0.124244705,0.123703174,0.12314959,0.122582585,0.12204373,0.12157327,0.12116785,0.12082413,0.120538704,0.120308265,0.12012938,0.11999872,0.11991292,0.11986864,0.11986248,0.119891085,0.11995108,0.120039105,0.120151795
0.14979577,0.14987116,0.14993453,0.14998402,0.15001778,0.15003385,0.1500304,0.15000547,0.14995724,0.14988373,0.14978315,0.14965355,0.14949304,0.14929973,0.14907172,0.14880714,0.14850408,0.1481949,0.14791149,0.14765114,0.1474112,0.147189,0.1469819,0.14678723,0.1466023,0.1464245,0.14625114,0.14607953,0.14590703,0.14573099,0.14554876,0.14535761,0.14515494,0.14493813,0.14470437,0.14445111,0.1441757,0.14387538,0.14354758,0.14318961,0.14279877,0.14237244,0.14190798,0.14140266,0.14085388,0.14025891,0.13961516,0.13891992,0.13817054,0.13741307,0.13669409,0.13601166,0.13536395,0.13474901,0.13416499,0.13360998,0.13308209,0.13257945,0.1321001,0.13164222,0.1312039,0.13078323,0.13037834,0.1299873,0.12960824,0.12923932,0.12887858,0.1285241,0.1281741,0.1278266,0.1274797,0.12713158,0.12678027,0.12642395,0.12606066,0.12568855,0.12530573,0.12491029,0.124500334,0.124074005,0.12362936,0.12320291,0.12283059,0.122509755,0.12223772,0.12201185,0.121829465,0.12168791,0.1215845,0.12151663,0.121481575,0.12147666,0.12149932,0.1215468,0.12161648,0.12170566
0.15014401,0.15023968,0.15032007,0.15038292,0.15042575,0.15044613,0.15044172,0.15041013,0.1503489,0.15025565,0.15012802,0.14996356,0.1497599,0.14951459,0.1492253,0.14888957,0.14850503,0.14810537,0.14772452,0.1473606,0.1470116,0.1466756,0.14635064,0.14603478,0.14572607,0.14542255,0.14512229,0.14482333,0.14452371,0.14422148,0.14391471,0.14360148,0.14327975,0.14294766,0.14260319,0.14224449,0.14186947,0.14147629,0.14106297,0.1406276,0.14016813,0.13968267,0.13916932,0.13862605,0.13805094,0.13744205,0.13679743,0.13611512,0.13539317,0.13467598,0.13400759,0.13338561,0.13280767,0.13227135,0.13177422,0.13131392,0.13088803,0.13049413,0.13012986,0.12979281,0.12948053,0.1291907,0.12892085,0.12866862,0.12843159,0.12820739,0.12799354,0.12778772,0.12758751,0.12739049,0.12719429,0.12699649,0.12679465,0.12658642,0.12636942,0.12614118,0.12589936,0.12564151,0.12536527,0.12506823,0.12474796,0.12443578,0.124163195,0.12392832,0.12372919,0.12356384,0.12343032,0.123326674,0.12325098,0.123201266,0.12317562,0.123172045,0.123188615,0.123223394,0.12327436,0.12333967
0.15054396,0.15066013,0.1507578,0.15083411,0.15088615,0.15091094,0.15090558,0.15086716,0.15079282,0.15067956,0.1505245,0.15032472,0.1500773,0.14977933,0.1494279,0.1490201,0.14855295,0.14806153,0.14758195,0.14711295,0.14665332,0.1462019,0.14575736,0.14531855,0.14488421,0.14445317,0.14402413,0.14359592,0.14316733,0.14273708,0.14230396,0.1418668,0.14142433,0.14097531,0.14051856,0.1400528,0.1395769,0.13908954,0.13858955,0.13807571,0.13754676,0.1370015,0.1364387,0.13585712,0.13525559,0.13463283,0.13398768,0.13331883,0.13262509,0.13194914,0.13133252,0.13077226,0.13026546,0.12980923,0.12940064,0.12903672,0.12871467,0.1284315,0.12818424,0.12797005,0.12778604,0.12762925,0.12749673,0.12738562,0.12729298,0.12721588,0.12715141,0.12709665,0.12704875,0.1270047,0.12696163,0.12691662,0.12686676,0.12680908,0.12674075,0.1266588,0.12656032,0.12644239,0.12630212,0.12613656,0.1259428,0.12574682,0.12557574,0.12542829,0.12530327,0.12519947,0.12511566,0.12505062,0.12500308,0.1249719,0.12495579,0.12495354,0.12496394,0.12498577,0.12501779,0.12505877
0.15099852,0.15113553,0.15125076,0.15134074,0.15140207,0.1514313,0.151425,0.15137972,0.15129201,0.15115847,0.15097558,0.15074,0.15044823,0.15009682,0.14968236,0.14920144,0.14865054,0.14806604,0.14748627,0.14691067,0.1463388,0.14577018,0.14520426,0.14464062,0.14407878,0.14351822,0.14295845,0.14239904,0.14183946,0.14127919,0.14071782,0.14015485,0.13958976,0.13902211,0.13845135,0.13787703,0.13729867,0.13671581,0.13612793,0.13553455,0.1349352,0.13432938,0.13371661,0.1330964,0.13246827,0.13183174,0.13118628,0.13053149,0.12986681,0.12923317,0.12866946,0.12817225,0.12773807,0.12736355,0.12704517,0.12677953,0.1265632,0.12639275,0.12626468,0.12617561,0.12612209,0.12610064,0.12610787,0.12614033,0.12619457,0.12626715,0.12635463,0.12645356,0.12656055,0.12667209,0.1267848,0.1268952,0.12699988,0.1270954,0.12717833,0.12724514,0.12729251,0.12731694,0.12731497,0.12728323,0.12721823,0.12714057,0.12707275,0.12701431,0.12696475,0.12692362,0.12689039,0.12686461,0.12684578,0.12683344,0.12682705,0.12682615,0.1268303,0.12683892,0.1268516,0.12686785
0.15151072,0.15166889,0.15180187,0.15190576,0.15197656,0.1520103,0.15200305,0.15195076,0.1518495,0.15169533,0.15148427,0.15121235,0.15087555,0.15046994,0.14999154,0.14943638,0.14880054,0.14812161,0.14744009,0.14675626,0.14607036,0.14538272,0.14469354,0.14400308,0.1433117,0.1426196,0.14192702,0.14123425,0.14054163,0.1398493,0.13915764,0.13846685,0.13777722,0.13708904,0.13640253,0.13571797,0.13503566,0.13435586,0.1336788,0.13300475,0.13233401,0.13166685,0.13100351,0.13034426,0.1296894,0.12903915,0.1283938,0.12775362,0.1271189,0.12652867,0.12601912,0.12558636,0.12522636,0.1249352,0.12470887,0.124543406,0.12443487,0.124379255,0.1243726,0.12441094,0.12449031,0.1246067,0.12475621,0.124934845,0.12513858,0.12536351,0.12560566,0.12586103,0.12612568,0.12639558,0.12666684,0.12693544,0.12719741,0.12744883,0.12768565,0.12790398,0.12809978,0.12826915,0.12840807,0.12851258,0.12857871,0.12862153,0.12865889,0.12869112,0.12871842,0.12874109,0.1287594,0.1287736,0.12878399,0.12879081,0.12879434,0.1287948,0.12879257,0.12878779,0.12878078,0.12877184
0.15208359,0.1522632,0.15241423,0.1525322,0.15261261,0.15265094,0.15264267,0.15258332,0.15246835,0.15229325,0.15205355,0.15174468,0.1513622,0.15090154,0.15035824,0.14972778,0.14900562,0.14823079,0.14744595,0.14665216,0.14585045,0.14504184,0.14422739,0.14340806,0.14258498,0.14175916,0.14093158,0.14010333,0.1392754,0.13844888,0.13762477,0.13680409,0.1359879,0.13517722,0.1343731,0.13357654,0.13278861,0.13201034,0.13124272,0.13048686,0.12974373,0.12901439,0.12829986,0.1276012,0.12691942,0.12625556,0.12561066,0.12498574,0.124381855,0.12383617,0.12338215,0.12301531,0.122731134,0.1225251,0.12239271,0.12232945,0.12233082,0.12239231,0.122509405,0.12267759,0.12289238,0.12314925,0.1234437,0.12377119,0.124127254,0.12450737,0.124907,0.12532167,0.12574686,0.12617809,0.12661079,0.12704049,0.12746267,0.12787282,0.12826647,0.12863906,0.12898609,0.12930308,0.1295855,0.12982883,0.13002859,0.1301942,0.13033877,0.13046336,0.130569,0.1306567,0.13072754,0.1307825,0.13082266,0.13084903,0.13086264,0.13086453,0.13085574,0.1308373,0.13081026,0.13077562
0.15268184,0.15288192,0.15305023,0.15318163,0.15327118,0.15331388,0.15330465,0.1532385,0.15311046,0.15291539,0.15264837,0.15230437,0.1518783,0.15136516,0.15075995,0.15005764,0.14925323,0.14838693,0.14750358,0.14660488,0.1456926,0.14476857,0.1438345,0.14289215,0.14194338,0.14098987,0.14003344,0.1390758,0.13811876,0.13716406,0.13621354,0.13526884,0.13433182,0.13340425,0.13248791,0.13158448,0.13069578,0.12982358,0.12896968,0.12813576,0.12732369,0.1265352,0.12577203,0.12503594,0.124328755,0.12365221,0.12300807,0.12239812,0.1218241,0.12132139,0.1209208,0.120617285,0.120405875,0.12028152,0.120239206,0.12027388,0.12038055,0.12055419,0.12078976,0.12108227,0.121426664,0.12181795,0.12225107,0.122721024,0.1232228,0.12375135,0.12430169,0.12486871,0.12544751,0.12603298,0.12662014,0.12720393,0.12777936,0.12834142,0.12888503,0.12940522,0.12989692,0.13035516,0.1307749,0.13115112,0.13147877,0.13176192,0.13200912,0.13222213,0.1324028,0.13255271,0.13267381,0.1327678,0.13283646,0.13288154,0.13290484,0.13290806,0.13289306,0.1328615,0.13281524,0.13275602
0.15326884,0.15348707,0.15367065,0.15381402,0.15391175,0.15395832,0.15394826,0.15387611,0.1537364,0.15352361,0.15323228,0.15285692,0.15239207,0.15183224,0.15117198,0.15040576,0.14952813,0.14858043,0.14760931,0.14661717,0.14560646,0.1445796,0.14353897,0.14248705,0.14142627,0.14035897,0.13928767,0.13821477,0.13714264,0.13607374,0.1350105,0.13395533,0.13291071,0.13187897,0.13086261,0.12986402,0.12888563,0.12792985,0.12699911,0.12609588,0.1252225,0.12438145,0.123575166,0.12280602,0.12207646,0.12138894,0.12074584,0.120149605,0.11960266,0.11913867,0.11878615,0.11853953,0.11839336,0.11834223,0.11838053,0.11850287,0.11870375,0.1189777,0.11931924,0.11972283,0.120183095,0.12069448,0.121251546,0.12184876,0.12248073,0.12314188,0.123826794,0.12452997,0.12524591,0.12596919,0.12669426,0.1274157,0.12812804,0.12882571,0.12950331,0.13015534,0.13077629,0.13136075,0.1319032,0.13239816,0.13284014,0.13322836,0.1335673,0.13385937,0.13410701,0.13431263,0.13447864,0.13460751,0.13470167,0.13476346,0.1347954,0.13479984,0.13477921,0.13473602,0.13467255,0.13459139
0.15384494,0.15407927,0.15427636,0.15443029,0.15453519,0.15458517,0.15457441,0.15449692,0.15434691,0.15411846,0.15380572,0.15340275,0.15290369,0.15230264,0.15159377,0.15077117,0.14982893,0.1488094,0.14776084,0.1466862,0.14558853,0.14447081,0.14333604,0.14218724,0.14102744,0.13985963,0.13868678,0.13751197,0.13633813,0.13516833,0.13400547,0.13285272,0.13171296,0.13058922,0.12948452,0.12840188,0.12734427,0.12631471,0.12531623,0.124351814,0.12342445,0.122537196,0.12169299,0.12089492,0.12014591,0.119449005,0.118807204,0.118223526,0.11770098,0.11727175,0.116962135,0.11676625,0.11667825,0.11669218,0.11680222,0.11700243,0.117286995,0.117649995,0.11808553,0.11858775,0.11915076,0.11976869,0.12043561,0.12114568,0.121893,0.122671716,0.12347592,0.12429972,0.12513725,0.12598266,0.12683,0.12767343,0.12850702,0.12932497,0.13012132,0.13089022,0.13162577,0.1323221,0.13297337,0.13357364,0.13411705,0.13459848,0.1350188,0.135381,0.1356881,0.1359431,0.13614902,0.13630882,0.13642555,0.1365022,0.13654177,0.1365473,0.13652173,0.13646814,0.13638946,0.13628878
0.15441078,0.1546592,0.15486805,0.15503122,0.15514243,0.15519542,0.15518396,0.1551019,0.1549429,0.15470074,0.15436926,0.15394217,0.15341322,0.15277618,0.15202487,0.15115298,0.15015435,0.14907205,0.14795576,0.14680897,0.14563522,0.144438,0.14322087,0.14198734,0.14074089,0.139485,0.13822334,0.1369593,0.13569643,0.13443823,0.13318826,0.13195,0.130727,0.12952277,0.12834084,0.12718464,0.12605777,0.124963775,0.12390608,0.122888304,0.12191389,0.12098637,0.120109275,0.11928613,0.11852043,0.11781569,0.11717546,0.11660322,0.11610253,0.115704216,0.1154327,0.115281746,0.115245074,0.11531648,0.115489736,0.115758605,0.116116814,0.11655819,0.117076434,0.11766536,0.11831871,0.119030274,0.11979376,0.12060299,0.12145171,0.122333676,0.123242676,0.124172434,0.12511678,0.1260694,0.1270241,0.12797467,0.12891483,0.12983836,0.13073905,0.13161063,0.1324469,0.13324155,0.13398844,0.13468127,0.13531385,0.1358773,0.13636917,0.13679305,0.13715243,0.13745087,0.13769181,0.13787887,0.13801543,0.13810515,0.13815147,0.13815792,0.13812801,0.13806528,0.13797323,0.13785538
0.15496702,0.15522753,0.15544654,0.15561767,0.15573429,0.15578988,0.15577789,0.15569179,0.15552503,0.1552711,0.15492344,0.15447553,0.15392077,0.1532527,0.15246473,0.15155034,0.15050301,0.1493665,0.14819174,0.1469826,0.14574306,0.14447713,0.14318871,0.1418818,0.14056037,0.13922836,0.13788977,0.13654853,0.13520858,0.13387394,0.13254856,0.13123636,0.12994136,0.12866749,0.1274187,0.126199,0.12501231,0.12386261,0.12275389,0.12169006,0.12067511,0.119713,0.118807696,0.11796317,0.11718337,0.11647228,0.115833834,0.115272,0.114790775,0.114419796,0.11418181,0.11407021,0.1140785,0.11420015,0.11442862,0.11475733,0.11517979,0.115689404,0.1162797,0.11694409,0.11767605,0.11846905,0.11931654,0.12021197,0.12114884,0.122120574,0.123120636,0.1241425,0.1251796,0.12622547,0.12727347,0.12831713,0.12934987,0.13036521,0.13135657,0.1323174,0.13324118,0.13412136,0.1349514,0.13572478,0.13643496,0.13706972,0.1376239,0.13810146,0.13850637,0.13884258,0.13911405,0.13932477,0.13947867,0.13957973,0.1396319,0.1396392,0.13960548,0.1395348,0.1394311,0.13929833
0.1555141,0.15578488,0.15601261,0.15619047,0.1563117,0.15636949,0.15635705,0.1562675,0.1560942,0.1558302,0.15546878,0.15500315,0.15442649,0.15373197,0.15291286,0.15196231,0.15087357,0.14969097,0.14846636,0.14720409,0.14590849,0.14458394,0.14323474,0.14186527,0.14047986,0.13908285,0.13767861,0.13627146,0.13486578,0.13346587,0.13207613,0.13070084,0.1293444,0.12801114,0.12670541,0.12543157,0.12419392,0.122996844,0.12184466,0.12074175,0.11969244,0.11870107,0.117772,0.11690957,0.116118126,0.11540202,0.1147656,0.11421317,0.11374915,0.11340212,0.11319332,0.11311593,0.113163166,0.11332823,0.11360432,0.11398465,0.11446243,0.1150308,0.11568304,0.11641231,0.11721183,0.11807479,0.11899441,0.11996385,0.12097637,0.12202514,0.12310336,0.12420423,0.12532099,0.12644678,0.12757485,0.12869838,0.12981062,0.13090469,0.13197385,0.13301127,0.13401017,0.1349638,0.13586527,0.13670784,0.13748468,0.1381808,0.13878852,0.13931225,0.13975625,0.14012498,0.14042269,0.14065371,0.1408225,0.14093333,0.14099054,0.14099854,0.14096157,0.14088406,0.14077035,0.14062475
0.15605263,0.156332,0.15656695,0.15675049,0.15687557,0.15693517,0.15692231,0.15683,0.15665111,0.15637878,0.15600589,0.15552545,0.15493046,0.15421392,0.15336879,0.15238802,0.15126468,0.15004356,0.14877732,0.14747058,0.14612804,0.14475435,0.14335419,0.14193226,0.1404932,0.13904168,0.13758238,0.13611993,0.1346591,0.13320449,0.1317607,0.13033256,0.12892462,0.12754162,0.12618817,0.12486896,0.12358872,0.12235202,0.12116358,0.120028086,0.11895021,0.11793458,0.11698591,0.11610885,0.11530805,0.114588216,0.11395401,0.11341009,0.11296114,0.112634875,0.11245121,0.11240315,0.112483665,0.11268575,0.11300238,0.113426566,0.11395129,0.114569515,0.11527423,0.11605844,0.11691516,0.11783729,0.11881788,0.11984992,0.12092635,0.12204021,0.12318444,0.12435208,0.12553608,0.12672941,0.12792507,0.12911606,0.13029538,0.131456,0.1325909,0.13369307,0.13475548,0.13577113,0.13673304,0.13763414,0.13846746,0.1392155,0.13986854,0.14043133,0.1409085,0.14130469,0.1416246,0.14187293,0.14205427,0.1421734,0.14223488,0.14224344,0.14220373,0.14212047,0.14199822,0.14184178
0.15658313,0.15686952,0.1571104,0.1572985,0.15742671,0.15748784,0.15747465,0.15738001,0.15719667,0.15691747,0.15653521,0.15604272,0.1554328,0.15469825,0.15383193,0.15282656,0.15167505,0.1504225,0.1491222,0.14777908,0.1463981,0.1449842,0.14354229,0.14207736,0.14059426,0.13909802,0.13759355,0.1360858,0.13457964,0.13308011,0.13159212,0.13012059,0.12867045,0.12724665,0.12585415,0.12449785,0.12318275,0.12191373,0.12069574,0.11953377,0.1184327,0.11739753,0.11643311,0.11554446,0.114736475,0.11401414,0.11338235,0.11284605,0.112410195,0.1121017,0.111939415,0.1119161,0.112024605,0.112257734,0.11260829,0.113069095,0.11363293,0.114292644,0.11504102,0.11587088,0.116775036,0.11774629,0.11877746,0.11986138,0.12099079,0.12215858,0.123357505,0.1245804,0.12582006,0.12706932,0.12832096,0.12956783,0.13080269,0.13201843,0.13320775,0.13436355,0.1354786,0.13654573,0.13755773,0.13850741,0.13938761,0.14017877,0.14086953,0.14146475,0.14196943,0.1423885,0.14272687,0.14298949,0.1431813,0.14330727,0.14337233,0.14338136,0.14333935,0.14325127,0.14312202,0.14295654
0.1571062,0.15739812,0.15764366,0.1578354,0.1579661,0.1580284,0.15801495,0.15791847,0.1577316,0.15744698,0.15705734,0.15655535,0.15593368,0.15518492,0.15430185,0.15327705,0.15210329,0.15082589,0.14949866,0.1481267,0.14671522,0.14526933,0.14379424,0.14229505,0.14077695,0.13924511,0.13770466,0.13616079,0.13461861,0.13308331,0.13156007,0.13005401,0.1285703,0.12711412,0.1256906,0.12430488,0.122962154,0.12166759,0.120426305,0.119243495,0.11812429,0.11707387,0.11609737,0.11519996,0.11438679,0.11366306,0.113033846,0.112504385,0.11207979,0.11178631,0.11164183,0.11163907,0.11177062,0.112029225,0.112407535,0.1128982,0.11349392,0.11418736,0.114971176,0.11583803,0.11678062,0.1177916,0.11886368,0.11998949,0.12116173,0.122373015,0.123616084,0.12488358,0.12616816,0.12746252,0.12875934,0.13005126,0.13133098,0.13259116,0.13382445,0.13502352,0.1361811,0.13728982,0.13834235,0.13933134,0.1402495,0.14107564,0.14179692,0.14241844,0.14294544,0.143383,0.14373633,0.14401056,0.14421088,0.14434242,0.14441033,0.14441977,0.14437592,0.14428392,0.14414898,0.14397618
0.1576224,0.15791847,0.15816748,0.15836196,0.15849452,0.15855771,0.15854412,0.15844622,0.15825668,0.15796803,0.15757284,0.1570637,0.15643309,0.15567367,0.15477797,0.15373859,0.15254806,0.15125196,0.14990431,0.14851049,0.14707582,0.14560561,0.1441052,0.14257993,0.14103514,0.1394761,0.13790822,0.13633673,0.13476706,0.13320449,0.13165434,0.13012198,0.1286127,0.12713183,0.12568471,0.12427668,0.12291306,0.1215992,0.12034038,0.119141966,0.11800927,0.116947636,0.11596238,0.11505886,0.11424236,0.11351823,0.1128918,0.112368405,0.11195336,0.111672334,0.11154245,0.11155626,0.111706346,0.11198529,0.112385616,0.11289992,0.11352077,0.11424075,0.11505239,0.11594827,0.11692094,0.11796299,0.119067006,0.12022554,0.12143111,0.122676335,0.12395378,0.12525602,0.12657557,0.12790507,0.12923703,0.130564,0.13187863,0.1331734,0.13444094,0.13567378,0.13686451,0.13800567,0.13908985,0.14010961,0.14105754,0.14191107,0.14265628,0.14329842,0.14384289,0.14429496,0.14466,0.14494336,0.14515032,0.14528622,0.14535634,0.14536612,0.1453208,0.1452258,0.14508635,0.14490783
0.15813223,0.15843123,0.15868272,0.15887912,0.15901299,0.15907678,0.159063,0.15896419,0.15877277,0.15848126,0.15808219,0.15756804,0.15693127,0.1561644,0.15525988,0.15421025,0.15300803,0.1516988,0.1503368,0.14892751,0.1474764,0.14598891,0.14447045,0.14292656,0.14136267,0.13978422,0.13819668,0.1366055,0.13501614,0.13343406,0.13186471,0.13031353,0.12878603,0.1272876,0.12582377,0.12439991,0.123021565,0.12169412,0.120423056,0.119213864,0.11807196,0.1170028,0.11601189,0.11510462,0.114286505,0.11356294,0.11293944,0.112421446,0.1120144,0.11174347,0.11162514,0.111651964,0.11181638,0.11211093,0.11252803,0.11306026,0.11370008,0.11443998,0.11527246,0.116189994,0.11718509,0.11825025,0.11937797,0.120560735,0.12179105,0.12306134,0.12436422,0.1256921,0.1270375,0.12839288,0.12975076,0.13110366,0.13244408,0.13376443,0.13505727,0.1363151,0.13753039,0.13869564,0.13980332,0.14084594,0.14181605,0.14269005,0.1434531,0.14411066,0.14466818,0.1451311,0.14550488,0.145795,0.14600691,0.14614604,0.14621788,0.14622791,0.14618151,0.1460842,0.14594139,0.14575863
0.1586363,0.15893707,0.15919001,0.15938759,0.15952225,0.15958641,0.15957257,0.15947315,0.15928061,0.1589874,0.158586,0.15806878,0.15742825,0.15665683,0.15574701,0.15469119,0.15348189,0.15216462,0.15079375,0.14937484,0.14791343,0.14641502,0.1448852,0.14332949,0.14175346,0.14016265,0.1385626,0.13695884,0.13535695,0.13376243,0.13218088,0.13061777,0.1290787,0.12756924,0.12609486,0.12466117,0.12327367,0.121937916,0.12065948,0.11944387,0.11829665,0.11722338,0.116229594,0.11532082,0.11450259,0.11378049,0.11316005,0.11264681,0.11224635,0.11198336,0.111873895,0.11191042,0.11208535,0.11239118,0.11282033,0.113365225,0.114018366,0.11477218,0.11561911,0.11655161,0.11756214,0.118643135,0.119787045,0.12098633,0.12223343,0.12352082,0.12484091,0.12618616,0.12754905,0.128922,0.13029745,0.1316679,0.13302572,0.13436344,0.13567346,0.13694827,0.13818027,0.13936195,0.14048572,0.14154406,0.14252941,0.14341754,0.14419293,0.14486109,0.14542761,0.14589801,0.14627784,0.14657263,0.14678796,0.14692938,0.14700238,0.14701253,0.14696543,0.14686652,0.14672144,0.14653568
0.1591352,0.15943669,0.15969022,0.15988828,0.16002324,0.16008757,0.1600737,0.15997404,0.15978104,0.15948713,0.15908472,0.15856627,0.15792419,0.15715091,0.15623885,0.15518048,0.15396823,0.15264755,0.15127282,0.14984955,0.14838335,0.14687984,0.1453446,0.14378329,0.14220138,0.1406046,0.13899848,0.13738862,0.13578065,0.13418011,0.13259262,0.13102382,0.12947927,0.12796459,0.12648533,0.12504712,0.12365556,0.12231624,0.12103478,0.11981673,0.118667714,0.11759337,0.1165992,0.11569091,0.11487402,0.11415415,0.1135369,0.11302787,0.11263265,0.112375684,0.11227261,0.11231587,0.112497896,0.11281107,0.113247916,0.113800794,0.11446215,0.115224466,0.116080105,0.11702153,0.11804114,0.11913142,0.12028476,0.12149361,0.1227504,0.12404755,0.12537749,0.12673265,0.12810549,0.12948842,0.13087387,0.1322543,0.13362207,0.13496968,0.13628952,0.13757408,0.1388157,0.1400069,0.14114007,0.14220761,0.14320202,0.14409855,0.14488125,0.14555575,0.1461276,0.14660244,0.14698586,0.14728348,0.14750084,0.14764355,0.14771728,0.14772753,0.14767994,0.14758015,0.14743367,0.14724614
0.15962937,0.1599307,0.1601841,0.16038197,0.1605169,0.16058119,0.16056731,0.16046773,0.16027482,0.15998112,0.15957898,0.15906084,0.15841918,0.15764637,0.15673493,0.15567726,0.15446576,0.15314583,0.15177162,0.15034865,0.14888266,0.14737922,0.14584394,0.14428243,0.14270034,0.14110325,0.1394968,0.13788663,0.1362783,0.13467745,0.13308975,0.13152076,0.1299761,0.12846142,0.12698232,0.1255444,0.12415331,0.122814655,0.12153403,0.12031711,0.11916946,0.11809672,0.1171045,0.11619842,0.11538411,0.11466718,0.11405321,0.11354791,0.11315679,0.1129041,0.1128052,0.11285255,0.11303857,0.1133557,0.11379634,0.114353016,0.115018085,0.115784,0.116643205,0.11758813,0.11861121,0.1197049,0.120861605,0.122073784,0.123333886,0.12463431,0.12596753,0.12732592,0.128702,0.13008817,0.13147685,0.13286048,0.1342315,0.13558237,0.13690548,0.13819332,0.13943826,0.1406328,0.14176935,0.14284036,0.14383823,0.14473802,0.1455236,0.14620055,0.14677453,0.14725111,0.14763592,0.14793463,0.1481528,0.14829604,0.14837004,0.14838031,0.14833255,0.14823239,0.14808539,0.14789718
0.16011952,0.16041978,0.16067232,0.1608696,0.16100404,0.1610681,0.16105427,0.16095501,0.1607628,0.16047005,0.16006924,0.15955287,0.15891333,0.15814313,0.15723473,0.15618059,0.15497315,0.15365757,0.15228774,0.15086932,0.14940786,0.14790903,0.14637835,0.14482155,0.14324415,0.14165178,0.14005008,0.13844463,0.13684107,0.13524497,0.13366196,0.13209766,0.13055769,0.12904759,0.12757306,0.12613966,0.12475303,0.12341874,0.122142434,0.120929696,0.11978619,0.11871747,0.11772916,0.1168269,0.11601623,0.115302846,0.11469229,0.11419022,0.11380223,0.11355228,0.113455646,0.11350476,0.113692045,0.114010036,0.11445115,0.11500785,0.1156726,0.11643787,0.11729613,0.118239805,0.11926139,0.120353326,0.12150811,0.12271816,0.123975955,0.12527393,0.1266046,0.12796041,0.12933376,0.13071722,0.13210315,0.1334841,0.13485247,0.13620071,0.13752133,0.13880679,0.14004946,0.14124195,0.14237657,0.14344592,0.1444424,0.14534098,0.1461255,0.14680158,0.14737473,0.14785069,0.148235,0.14853328,0.14875115,0.1488942,0.1489681,0.14897838,0.1489307,0.14883064,0.14868383,0.14849588
0.16060609,0.16090466,0.16115576,0.16135189,0.16148557,0.1615493,0.16153553,0.16143684,0.16124572,0.16095462,0.16055611,0.16004266,0.15940677,0.15864097,0.15773773,0.15668955,0.155489,0.1541809,0.1528189,0.15140854,0.14995539,0.14846508,0.14694315,0.14539514,0.14382675,0.14224343,0.14065082,0.13905454,0.13746005,0.13587305,0.13429902,0.13274366,0.1312124,0.12971091,0.12824477,0.12681954,0.12544076,0.12411411,0.122845046,0.12163922,0.12050221,0.119439565,0.11845689,0.11755976,0.11675373,0.116044424,0.11543738,0.11493818,0.11455241,0.11430392,0.11420785,0.114256695,0.11444296,0.11475913,0.11519775,0.115751326,0.11641233,0.11717327,0.118026644,0.118964955,0.11998075,0.12106652,0.12221471,0.123417914,0.124668576,0.12595922,0.12728232,0.12863043,0.129996,0.13137157,0.13274968,0.13412277,0.13548334,0.13682395,0.13813709,0.1394152,0.1406509,0.1418366,0.14296483,0.14402807,0.14501888,0.14591238,0.14669243,0.14736468,0.14793463,0.14840786,0.14878999,0.14908658,0.14930321,0.14944549,0.14951892,0.14952916,0.14948174,0.14938225,0.14923626,0.1490494
0.16108967,0.16138597,0.16163515,0.16182974,0.1619624,0.16202562,0.16201197,0.16191404,0.16172439,0.16143554,0.1610401,0.16053058,0.15989958,0.1591397,0.15824339,0.15720336,0.15601203,0.15471406,0.15336266,0.15196338,0.15052173,0.14904323,0.14753345,0.14599785,0.14444196,0.14287136,0.14129156,0.13970804,0.13812643,0.13655213,0.13499072,0.13344778,0.13192876,0.13043922,0.12898466,0.12757063,0.12620267,0.12488628,0.123627,0.122430354,0.121301875,0.12024705,0.11927147,0.11838063,0.11757999,0.11687522,0.11627174,0.11577509,0.11539081,0.11514267,0.115045756,0.115092635,0.11527588,0.115588054,0.11602173,0.11656944,0.11722377,0.11797726,0.11882248,0.119752005,0.120758414,0.1218342,0.122972004,0.12416433,0.12540378,0.1266829,0.12799425,0.12933035,0.13068384,0.13204727,0.13341317,0.13477409,0.13612263,0.13745134,0.13875276,0.14001949,0.14124404,0.14241903,0.14353698,0.14459048,0.14557207,0.14645724,0.14722997,0.14789592,0.1484605,0.14892933,0.14930789,0.14960171,0.1498163,0.14995721,0.15002999,0.15004012,0.14999317,0.14989458,0.14975,0.14956485
0.16157085,0.16186437,0.16211118,0.16230397,0.16243538,0.16249804,0.1624845,0.1623875,0.1621996,0.16191347,0.16152173,0.16101702,0.16039191,0.15963916,0.15875131,0.157721,0.15654086,0.15525517,0.1539167,0.15253095,0.15110335,0.14963937,0.14814448,0.14662412,0.14508374,0.14352879,0.14196478,0.1403971,0.13883124,0.13727267,0.13572682,0.13419917,0.13269515,0.1312203,0.12977996,0.12837961,0.12702483,0.12572095,0.124473445,0.12328782,0.12216945,0.1211239,0.12015658,0.119272925,0.11847838,0.11777847,0.11717863,0.11668427,0.11630088,0.11605215,0.11595327,0.11599683,0.11617546,0.11648181,0.11690852,0.1174482,0.11809348,0.11883702,0.11967143,0.12058935,0.121583395,0.122646205,0.12377042,0.12494867,0.12617359,0.12743783,0.12873396,0.13005464,0.13139257,0.13274029,0.13409047,0.13543575,0.13676871,0.13808207,0.13936839,0.14062032,0.14183047,0.14299156,0.14409615,0.14513685,0.14610633,0.14698043,0.14774363,0.14840125,0.1489588,0.1494218,0.14979564,0.1500858,0.15029773,0.1504369,0.15050875,0.15051875,0.15047237,0.15037505,0.15023226,0.15004942
0.16205017,0.16234052,0.16258468,0.16277543,0.16290542,0.1629674,0.162954,0.16285802,0.16267219,0.1623891,0.16200158,0.16150227,0.16088392,0.16013922,0.15926085,0.15824161,0.15707415,0.15580238,0.15447862,0.15310828,0.15169673,0.15024935,0.14877148,0.14726853,0.14574587,0.14420888,0.14266293,0.14111342,0.13956565,0.13802506,0.13649704,0.13498694,0.13350011,0.13204196,0.13061786,0.12923321,0.12789331,0.12660362,0.12536947,0.12419625,0.123089336,0.122054115,0.12109593,0.12022018,0.11943224,0.11873749,0.11814126,0.117649004,0.117266074,0.11701606,0.11691434,0.1169535,0.1171263,0.11742543,0.11784364,0.11837361,0.119008034,0.11973967,0.120561205,0.12146533,0.1224448,0.12349228,0.124600515,0.1257622,0.12697004,0.12821676,0.12949505,0.1307977,0.13211729,0.13344663,0.13477838,0.13610528,0.13742004,0.13871539,0.13998395,0.14121853,0.1424118,0.14355646,0.14464526,0.14567089,0.14662604,0.1474871,0.14823885,0.14888665,0.14943588,0.14989193,0.15026022,0.15054601,0.15075476,0.15089186,0.15096265,0.15097252,0.15092681,0.15083094,0.15069027,0.15051018
0.16252817,0.16281511,0.16305642,0.16324493,0.16337338,0.16343462,0.1634214,0.16332656,0.16314289,0.16286315,0.16248016,0.16198671,0.16137561,0.16063966,0.15977165,0.15876433,0.1576106,0.1563539,0.1550461,0.15369248,0.15229835,0.15086895,0.14940967,0.14792567,0.14642234,0.14490488,0.1433786,0.1418488,0.1403208,0.1387998,0.13729116,0.13580014,0.134332,0.13289207,0.13148561,0.13011792,0.12879425,0.12751994,0.12630023,0.12514043,0.12404581,0.12302166,0.12207325,0.121205926,0.12042493,0.11973553,0.11914301,0.118652694,0.11826985,0.11801815,0.11791292,0.11794694,0.11811304,0.11840397,0.1188126,0.119331665,0.119954005,0.12067236,0.12147956,0.12236841,0.12333168,0.124362215,0.12545277,0.12659612,0.12778512,0.12901251,0.13027117,0.1315538,0.13285324,0.1341623,0.13547373,0.13678038,0.13807505,0.13935047,0.14059949,0.14181489,0.14298949,0.14411604,0.14518738,0.14619629,0.14713556,0.14798212,0.1487212,0.14935808,0.1498981,0.15034646,0.15070853,0.15098953,0.15119481,0.15132956,0.15139918,0.15140885,0.15136394,0.15126966,0.15113138,0.15095428
0.16300544,0.16328882,0.16352716,0.16371332,0.16384017,0.16390066,0.1638876,0.16379394,0.16361254,0.16333625,0.16295801,0.1624707,0.16186716,0.16114032,0.16028306,0.15928826,0.15814883,0.15690783,0.1556167,0.15428057,0.15290466,0.15149415,0.15005425,0.1485901,0.14710692,0.1456099,0.14410427,0.14259516,0.14108776,0.1395873,0.13809893,0.13662788,0.13517931,0.13375841,0.13237041,0.13102046,0.12971373,0.12845545,0.12725084,0.126105,0.12502319,0.12401056,0.1230723,0.12221367,0.121439755,0.120755844,0.12016708,0.11967861,0.1192957,0.11904197,0.118932925,0.11896138,0.11912028,0.11940249,0.11980091,0.12030841,0.12091787,0.121622205,0.12241425,0.12328695,0.12423316,0.12524576,0.12631766,0.1274417,0.12861085,0.12981789,0.13105579,0.1323174,0.13359559,0.13488327,0.13617335,0.13745867,0.1387321,0.1399866,0.14121501,0.14241025,0.14356509,0.14467256,0.14572549,0.14671676,0.14763924,0.14847049,0.14919621,0.14982158,0.1503518,0.1507921,0.1511476,0.15142351,0.15162505,0.15175737,0.15182574,0.15183525,0.15179113,0.15169857,0.15156277,0.15138888
0.16348253,0.1637623,0.16399762,0.16418141,0.16430667,0.16436638,0.16435349,0.16426103,0.16408192,0.16380912,0.1634357,0.16295455,0.16235869,0.16164108,0.16079466,0.15981248,0.15868747,0.1574624,0.15618809,0.15486963,0.15351215,0.15212071,0.15070038,0.14925629,0.14779358,0.14631723,0.14483242,0.14334422,0.1418577,0.14037797,0.13891014,0.13745923,0.13603047,0.13462883,0.13325948,0.13192743,0.13063782,0.1293958,0.12820636,0.12707467,0.12600577,0.12500477,0.124076776,0.12322689,0.12246019,0.12178176,0.121196695,0.12071009,0.12032707,0.12007126,0.11995826,0.11998106,0.120132655,0.12040598,0.120794035,0.1212898,0.12188624,0.122576326,0.123353034,0.12420936,0.12513825,0.12613273,0.12718573,0.1282902,0.1294392,0.13062567,0.13184257,0.13308285,0.13433956,0.1356056,0.13687399,0.13813773,0.13938974,0.140623,0.14183053,0.1430053,0.14414021,0.14522833,0.1462626,0.14723599,0.14814147,0.14895722,0.14966938,0.15028305,0.15080342,0.15123545,0.15158431,0.15185508,0.15205286,0.15218274,0.1522498,0.15225914,0.15221585,0.15212503,0.15199177,0.15182114
0.16395997,0.16423623,0.16446857,0.16465008,0.16477376,0.16483271,0.16482,0.16472869,0.16455184,0.16428249,0.16391373,0.16343865,0.16285028,0.16214167,0.16130593,0.16033609,0.15922526,0.15801573,0.1567579,0.15545678,0.15411727,0.15274449,0.15134336,0.1499189,0.14847612,0.14702003,0.14555559,0.1440878,0.1426217,0.14116226,0.1397145,0.13828334,0.1368739,0.1354911,0.13413998,0.1328255,0.13155265,0.1303265,0.129152,0.12803411,0.1269779,0.12598835,0.1250704,0.12422915,0.1234695,0.12279653,0.12221518,0.121730454,0.1213474,0.12108964,0.120972894,0.12099028,0.12113477,0.12139949,0.121777505,0.12226186,0.12284561,0.12352187,0.124283634,0.12512402,0.12603608,0.12701286,0.12804747,0.1291329,0.13026229,0.13142863,0.13262507,0.13384457,0.1350803,0.13632528,0.13757256,0.1388152,0.14004627,0.14125891,0.14244607,0.14360085,0.14471637,0.14578563,0.1468017,0.14775766,0.14864661,0.14944723,0.1501462,0.15074857,0.15125924,0.15168327,0.15202568,0.15229145,0.15248556,0.15261303,0.15267883,0.15268801,0.15264553,0.15255642,0.15242559,0.15225813
0.16443837,0.1647113,0.16494083,0.16512012,0.16524234,0.16530056,0.165288,0.16519777,0.16502304,0.16475697,0.16439268,0.16392332,0.16334204,0.16264202,0.16181636,0.16085823,0.15976079,0.15856603,0.15732378,0.15603898,0.1547165,0.15336137,0.15197836,0.15057242,0.14914848,0.14771147,0.14626624,0.14481777,0.14337091,0.14193062,0.14050177,0.13908932,0.13769813,0.13633311,0.1349992,0.1337013,0.13244434,0.13123322,0.1300728,0.12896807,0.1279239,0.1269452,0.1260369,0.12520388,0.1244511,0.123783395,0.123205744,0.12272302,0.12234016,0.12208081,0.12196078,0.121973194,0.122111246,0.12236807,0.1227368,0.1232106,0.12378259,0.12444598,0.12519385,0.12601939,0.1269157,0.12787598,0.12889338,0.129961,0.13107203,0.13221958,0.13339683,0.13459693,0.13581301,0.13703828,0.13826576,0.1394887,0.14070022,0.14189346,0.14306161,0.14419776,0.14529505,0.1463467,0.14734583,0.14828555,0.14915904,0.14994556,0.15063226,0.151224,0.1517257,0.15214227,0.15247868,0.15273973,0.15293044,0.15305568,0.15312034,0.15312932,0.15308759,0.15300003,0.15287152,0.15270701
0.16491824,0.16518813,0.1654151,0.16559242,0.16571324,0.16577081,0.16575842,0.16566919,0.16549641,0.1652333,0.16487305,0.16440894,0.16383414,0.1631419,0.16232541,0.16137794,0.16029274,0.1591114,0.15788333,0.1566134,0.15530638,0.15396719,0.15260056,0.1512114,0.14980453,0.14838475,0.14695695,0.1455259,0.14409645,0.14267346,0.14126176,0.13986616,0.1384915,0.1371426,0.13582432,0.1345415,0.13329893,0.13210148,0.13095398,0.12986125,0.1288281,0.12785941,0.12695998,0.12613468,0.1253883,0.12472568,0.12415168,0.1236711,0.12328881,0.123028405,0.122905776,0.12291411,0.123046726,0.12329675,0.123657435,0.124122,0.12468372,0.12533574,0.12607136,0.12688377,0.12776616,0.12871185,0.12971397,0.13076577,0.13186046,0.13299133,0.13415155,0.13533436,0.13653295,0.1377406,0.13895053,0.14015591,0.14134999,0.14252603,0.14367719,0.14479674,0.14587793,0.14691392,0.14789796,0.14882329,0.14968312,0.15045722,0.151133,0.15171538,0.15220913,0.15261912,0.1529502,0.15320714,0.15339482,0.15351808,0.1535817,0.15359055,0.15354948,0.15346327,0.15333684,0.15317494
0.16540015,0.16566743,0.16589218,0.16606775,0.1661874,0.16624443,0.16623214,0.1661438,0.1659727,0.16571213,0.16535544,0.16489582,0.16432664,0.16364115,0.16283263,0.16189443,0.16081978,0.15965006,0.15843421,0.15717706,0.15588331,0.1545578,0.15320523,0.1518304,0.15043812,0.14903311,0.14762013,0.146204,0.14478944,0.14338125,0.1419842,0.14060304,0.1392425,0.13790743,0.13660258,0.13533269,0.13410257,0.13291691,0.13178058,0.13069828,0.12967478,0.1287149,0.12782338,0.127005,0.12626448,0.12560664,0.12503624,0.124558054,0.12417683,0.12391614,0.12379188,0.12379731,0.12392577,0.12417054,0.124524884,0.1249821,0.1255355,0.12617835,0.12690398,0.12770562,0.1285766,0.1295102,0.13049974,0.13153844,0.13261963,0.13373663,0.1348827,0.13605115,0.13723525,0.13842829,0.13962355,0.14081438,0.14199397,0.14315571,0.14429282,0.14539866,0.14646643,0.1474895,0.14846113,0.14937457,0.15022321,0.15098709,0.15165399,0.15222867,0.15271592,0.15312052,0.15344723,0.15370077,0.15388599,0.15400758,0.15407039,0.15407912,0.15403858,0.15395355,0.15382876,0.15366897
0.16588469,0.16614984,0.16637282,0.166547,0.16666569,0.16672227,0.16671008,0.16662243,0.1664527,0.1661942,0.1658403,0.16538434,0.16481964,0.16413958,0.16333751,0.1624067,0.16134056,0.16018012,0.15897405,0.157727,0.15644377,0.15512903,0.15378754,0.15242402,0.15104316,0.14964968,0.14824837,0.1468439,0.145441,0.14404438,0.14265881,0.14128898,0.1399396,0.13861547,0.13732117,0.13606153,0.13484128,0.13366511,0.13253774,0.13146389,0.13044833,0.12949571,0.12861082,0.12779835,0.12706302,0.12640956,0.12584269,0.12536715,0.12498765,0.12472763,0.124602996,0.12460702,0.12473309,0.124974504,0.12532468,0.12577692,0.12632453,0.12696092,0.1276794,0.12847333,0.12933604,0.13026087,0.13124117,0.13227029,0.13334155,0.13444835,0.13558397,0.13674174,0.1379151,0.13909733,0.14028175,0.14146173,0.14263064,0.1437818,0.14490852,0.14600423,0.14706218,0.14807576,0.14903831,0.14994317,0.15078369,0.15154023,0.15220071,0.15276986,0.15325245,0.15365314,0.15397668,0.15422782,0.15441124,0.15453169,0.15459388,0.15460254,0.1545624,0.15447815,0.15435459,0.15419635
0.16637237,0.16663603,0.16685773,0.16703099,0.16714904,0.16720526,0.16719313,0.16710602,0.1669372,0.16668016,0.16632827,0.16587482,0.16531333,0.16463707,0.16383947,0.16291392,0.16185376,0.16069981,0.15950045,0.15826036,0.15698424,0.1556768,0.15434273,0.15298672,0.1516135,0.15022773,0.14883415,0.14743741,0.14604224,0.14465334,0.14327542,0.14191315,0.14057124,0.13925439,0.1379673,0.13671471,0.13550124,0.13433161,0.1332106,0.13214284,0.13113299,0.13018581,0.129306,0.12849826,0.12776725,0.1271177,0.1265543,0.12608173,0.12570477,0.1254466,0.12532304,0.12532744,0.1254532,0.1256937,0.12604229,0.1264924,0.12703736,0.12767054,0.12838542,0.1291753,0.13003354,0.13095361,0.13192882,0.13295254,0.13401823,0.1351192,0.13624883,0.13740055,0.1385677,0.13974367,0.14092189,0.14209567,0.14325838,0.14440349,0.14552432,0.14661425,0.14766666,0.14867498,0.14963253,0.1505327,0.15136892,0.15212159,0.15277869,0.15334493,0.15382504,0.1542237,0.15454559,0.15479545,0.15497795,0.15509777,0.15515965,0.15516825,0.15512832,0.15504453,0.15492153,0.15476413
0.1668638,0.16712672,0.1673478,0.1675205,0.16763823,0.16769432,0.16768223,0.16759533,0.16742702,0.16717072,0.16681978,0.16636765,0.16580774,0.1651334,0.16433807,0.16341515,0.16235799,0.16120724,0.16001108,0.15877417,0.1575012,0.1561969,0.154866,0.15351312,0.15214305,0.1507604,0.14936993,0.14797632,0.1465843,0.14519851,0.14382371,0.14246462,0.14112586,0.13981216,0.13852824,0.13727877,0.1360685,0.13490209,0.13378426,0.13271971,0.13171315,0.13076922,0.12989269,0.12908821,0.12836054,0.12771434,0.12715434,0.12668519,0.1263116,0.12605669,0.12593599,0.1259429,0.1260708,0.12631312,0.12666325,0.12711455,0.12766051,0.12829445,0.12900975,0.1297999,0.13065824,0.13157819,0.13255315,0.13357648,0.13464166,0.13574201,0.13687094,0.13802189,0.13918826,0.14036341,0.14154077,0.14271373,0.1438757,0.14502004,0.1461402,0.14722955,0.14828148,0.14928944,0.15024681,0.15114693,0.15198328,0.15273617,0.15339345,0.15395989,0.15444012,0.1548389,0.15516089,0.15541081,0.15559335,0.15571323,0.1557751,0.15578373,0.15574376,0.15565994,0.15553695,0.15537949
0.16735949,0.1676225,0.1678437,0.16801646,0.1681342,0.16819033,0.16817823,0.1680913,0.16792293,0.16766651,0.16731547,0.16686317,0.16630304,0.16562845,0.16483279,0.1639095,0.16285194,0.1617006,0.16050355,0.15926547,0.15799114,0.15668526,0.15535256,0.15399775,0.15262567,0.1512409,0.14984827,0.14845248,0.14705831,0.14567038,0.14429353,0.14293244,0.14159186,0.14027652,0.13899113,0.13774045,0.13652915,0.13536206,0.13424386,0.13317926,0.13217305,0.13122989,0.13035457,0.12955175,0.12882626,0.12818277,0.12762599,0.12716073,0.12679163,0.12654155,0.12642574,0.12643759,0.12657048,0.12681782,0.127173,0.12762943,0.12818053,0.12881964,0.12954018,0.13033557,0.13119918,0.1321244,0.13310465,0.13413334,0.13520384,0.13630958,0.13744389,0.13860022,0.13977195,0.14095248,0.14213523,0.14331357,0.14448091,0.14563064,0.14675619,0.14785089,0.14890818,0.14992145,0.15088408,0.1517895,0.15263112,0.15338892,0.1540505,0.15462066,0.15510403,0.1555054,0.15582952,0.15608104,0.1562648,0.15638545,0.15644775,0.15645641,0.15641622,0.15633182,0.15620802,0.15604952
0.16786,0.16812411,0.16834618,0.16851965,0.1686379,0.16869424,0.1686821,0.16859479,0.16842574,0.16816829,0.16781583,0.1673617,0.1667993,0.16612199,0.16532314,0.16439609,0.16333427,0.16217807,0.1609755,0.15973137,0.15845047,0.15713763,0.1557976,0.15443519,0.15305522,0.15166242,0.15026164,0.14885767,0.14745535,0.14605935,0.14467457,0.14330576,0.14195772,0.1406353,0.13934322,0.13808629,0.13686934,0.13569717,0.13457453,0.13350621,0.13249706,0.13155185,0.13067536,0.12987238,0.12914775,0.12850623,0.1279526,0.12749171,0.12712833,0.12688491,0.12677625,0.12679578,0.12693685,0.12719284,0.12755714,0.12802304,0.128584,0.12923333,0.12996443,0.13077065,0.13164541,0.13258202,0.1335739,0.13461435,0.13569683,0.13681465,0.1379612,0.13912986,0.14031398,0.14150693,0.1427021,0.14389284,0.14507255,0.14623459,0.14737226,0.14847906,0.14954825,0.15057328,0.15154746,0.15246417,0.15331683,0.15408486,0.15475541,0.15533325,0.15582314,0.15622994,0.15655842,0.15681337,0.15699959,0.15712187,0.157185,0.15719378,0.15715304,0.15706752,0.15694205,0.1567814
0.16836597,0.16863216,0.16885605,0.16903093,0.16915013,0.16920693,0.16919468,0.16910669,0.16893625,0.16867673,0.16832142,0.16786362,0.16729668,0.16661389,0.16580856,0.16487405,0.16380365,0.16263777,0.16142456,0.16016895,0.15887575,0.15754995,0.15619637,0.15481997,0.1534256,0.15201819,0.15060261,0.14918377,0.14776655,0.14635587,0.1449566,0.14357366,0.14221194,0.14087632,0.13957173,0.13830303,0.13707514,0.13589294,0.13476135,0.13368523,0.1326695,0.13171907,0.13083878,0.1300336,0.12930839,0.12866803,0.12811743,0.12766151,0.12730514,0.12707035,0.12697144,0.12700175,0.12715456,0.12742324,0.12780105,0.12828135,0.12885743,0.12952264,0.13027026,0.13109362,0.13198604,0.13294083,0.13395132,0.13501082,0.13611265,0.1372501,0.13841653,0.13960522,0.14080952,0.14202273,0.14323817,0.14444914,0.14564899,0.146831,0.14798851,0.14911486,0.1502033,0.1512472,0.15223987,0.15317462,0.15404476,0.15482897,0.15551361,0.1561036,0.15660383,0.1570192,0.15735458,0.15761489,0.15780503,0.15792987,0.15799434,0.15800332,0.15796171,0.15787438,0.15774629,0.15758225
0.16884345,0.16911222,0.1693383,0.1695148,0.16963513,0.16969247,0.16968007,0.16959123,0.16941923,0.16915719,0.16879849,0.16833635,0.167764,0.16707468,0.16626169,0.16531824,0.16423763,0.16306028,0.16183454,0.16056536,0.15925775,0.15791678,0.1565474,0.15515463,0.15374354,0.15231903,0.15088622,0.14945005,0.14801557,0.14658776,0.14517167,0.1437722,0.14239447,0.14104347,0.13972421,0.13844167,0.13720088,0.1360068,0.13486455,0.133779,0.13275531,0.1317984,0.13091327,0.13010494,0.12937844,0.12873878,0.12819096,0.12774,0.12739088,0.1271652,0.1270767,0.12711865,0.1272843,0.12756687,0.12795968,0.12845589,0.12904884,0.12973174,0.13049786,0.13134041,0.13225274,0.13322799,0.13425948,0.13534045,0.13646415,0.13762383,0.13881274,0.14002413,0.1412513,0.1424874,0.14372583,0.14495969,0.14618234,0.14738703,0.14856692,0.14971535,0.15082553,0.15189078,0.15290426,0.15385929,0.1547491,0.15555142,0.15625192,0.15685554,0.1573674,0.15779231,0.15813546,0.15840182,0.15859635,0.15872407,0.15879005,0.15879923,0.15875664,0.1586673,0.15853621,0.15836842
0.16926041,0.16953136,0.16975926,0.16993722,0.17005856,0.17011636,0.17010391,0.17001432,0.16984089,0.1695767,0.16921504,0.16874906,0.16817196,0.16747698,0.1666573,0.16570607,0.16461654,0.16342919,0.16219243,0.16091144,0.15959126,0.15823705,0.15685385,0.15544681,0.15402111,0.15258172,0.15113384,0.14968257,0.14823301,0.1467902,0.14535937,0.14394553,0.14255387,0.14118938,0.13985732,0.1385627,0.1373106,0.13610622,0.13495463,0.13386093,0.13283023,0.13186762,0.13097827,0.13016723,0.12943962,0.12880056,0.12825513,0.1278085,0.1274657,0.127248,0.1271686,0.12722073,0.12739755,0.1276923,0.12809813,0.12860829,0.12921596,0.12991428,0.13069656,0.13155594,0.13248557,0.1334787,0.1345285,0.13562824,0.13677101,0.13795008,0.13915865,0.14038987,0.14163694,0.1428931,0.14415154,0.14540544,0.146648,0.1478724,0.1490719,0.15023962,0.15136877,0.15245263,0.1534843,0.15445706,0.15536402,0.15618221,0.15689649,0.15751205,0.15803395,0.15846732,0.15881725,0.1590888,0.15928724,0.15941745,0.15948474,0.15949412,0.1594507,0.15935959,0.1592259,0.1590548
0.16961963,0.16989253,0.17012203,0.17030129,0.17042345,0.17048167,0.17046912,0.17037891,0.17020419,0.16993818,0.16957396,0.1691047,0.16852358,0.16782364,0.16699818,0.16604026,0.16494302,0.16374704,0.16250089,0.16120966,0.15987867,0.15851302,0.15711795,0.15569861,0.15426031,0.15280807,0.1513472,0.14988291,0.14842033,0.14696468,0.14552109,0.14409491,0.14269118,0.14131515,0.139972,0.13866697,0.13740519,0.13619187,0.13503228,0.1339315,0.13289477,0.13192733,0.13103427,0.13022088,0.1294923,0.12885377,0.12831046,0.12786753,0.12753022,0.12731937,0.12724781,0.12730871,0.12749515,0.12780038,0.12821747,0.12873961,0.12935998,0.13007163,0.13086781,0.13174161,0.1326862,0.13369474,0.13476034,0.13587622,0.13703547,0.13823125,0.13945669,0.140705,0.14196928,0.14324272,0.1445184,0.14578956,0.14704925,0.14829072,0.14950703,0.1506914,0.15183692,0.1529368,0.15398417,0.15497217,0.1558939,0.15672575,0.15745196,0.15807779,0.15860839,0.15904897,0.15940475,0.15968086,0.15988255,0.160015,0.16008335,0.16009289,0.16004874,0.15995613,0.15982023,0.15964626
0.1699242,0.17019875,0.1704296,0.1706099,0.17073281,0.17079137,0.17077874,0.17068803,0.17051229,0.17024468,0.1698783,0.16940627,0.16882166,0.16811761,0.16728722,0.16632359,0.16521987,0.16401656,0.16276237,0.1614625,0.16012233,0.158747,0.15734184,0.15591215,0.1544631,0.15299998,0.15152816,0.15005279,0.14857918,0.14711258,0.14565828,0.14422151,0.14280756,0.14142174,0.14006926,0.13875535,0.13748536,0.13626452,0.1350981,0.13399132,0.13294952,0.13197787,0.13108179,0.1302664,0.129537,0.1288989,0.12835734,0.12791759,0.1275849,0.1273799,0.12731494,0.12738326,0.1275779,0.12789202,0.12831864,0.12885098,0.12948206,0.13020502,0.131013,0.13189906,0.13285634,0.1338779,0.13495693,0.13608646,0.13725966,0.1384696,0.13970941,0.1409722,0.14225106,0.1435391,0.14482945,0.1461152,0.14738947,0.14864536,0.14987595,0.15107444,0.15223385,0.1533473,0.15440796,0.15540886,0.15634319,0.15718661,0.15792292,0.15855744,0.15909544,0.15954214,0.15990284,0.16018285,0.16038729,0.1605216,0.16059093,0.1606006,0.16055584,0.1604619,0.16032413,0.16014771
0.17017718,0.17045304,0.17068496,0.1708662,0.17098968,0.17104855,0.17103586,0.17094468,0.1707681,0.17049919,0.170131,0.16965665,0.16906916,0.16836166,0.16752723,0.16655886,0.16544974,0.16424033,0.16297951,0.16167249,0.16032463,0.15894131,0.15752777,0.1560894,0.15463148,0.15315934,0.15167838,0.15019386,0.14871104,0.14723541,0.14577217,0.14432669,0.1429043,0.1415103,0.14015,0.1388288,0.13755196,0.13632484,0.13515274,0.13404101,0.13299492,0.1320199,0.1311212,0.13030417,0.12957412,0.12893638,0.12839627,0.12795915,0.12763031,0.1274301,0.1273707,0.12744518,0.12764661,0.12796809,0.12840267,0.12894341,0.12958342,0.13031578,0.13113354,0.13202982,0.13299757,0.13403,0.13512017,0.13626106,0.13744584,0.13866757,0.13991928,0.14119408,0.14248502,0.14378525,0.14508773,0.14638563,0.14767195,0.14893985,0.15018234,0.15139252,0.15256342,0.15368819,0.15475987,0.15577152,0.15671626,0.15756924,0.15831397,0.15895572,0.15949984,0.15995166,0.16031647,0.16059963,0.16080643,0.16094224,0.16101235,0.16102217,0.16097686,0.16088188,0.16074255,0.16056411
0.17038137,0.17065829,0.17089121,0.17107312,0.1711971,0.1712562,0.17124349,0.17115189,0.17097464,0.17070466,0.17033502,0.16985881,0.16926903,0.16855875,0.16772099,0.16674885,0.16563535,0.16442107,0.16315483,0.16184203,0.160488,0.1590982,0.1576779,0.1562325,0.15476745,0.15328802,0.15179966,0.15030776,0.14881755,0.14733458,0.14586414,0.1444116,0.14298233,0.14158173,0.1402152,0.13888806,0.13760571,0.13637352,0.13519688,0.1340811,0.13303167,0.13205387,0.13115306,0.13033466,0.12960409,0.12896663,0.12842773,0.1279927,0.12766697,0.12747067,0.12741572,0.12749518,0.1277021,0.12802953,0.12847051,0.12901807,0.1296653,0.1304052,0.13123086,0.13213536,0.13311163,0.13415281,0.13525194,0.13640203,0.13759618,0.13882737,0.14008872,0.14137323,0.14267397,0.14398398,0.14529629,0.14660397,0.14790009,0.14917766,0.15042973,0.15164931,0.15282953,0.15396343,0.15504402,0.15606435,0.15701745,0.15787823,0.15862972,0.15927733,0.15982637,0.16028231,0.16065046,0.16093616,0.16114488,0.16128191,0.16135268,0.16136256,0.16131684,0.161221,0.16108038,0.16090034
0.17053989,0.17081767,0.17105126,0.17123376,0.17135812,0.17141739,0.17140459,0.1713128,0.17113495,0.17086416,0.17049341,0.17001574,0.16942416,0.16871172,0.16787142,0.1668963,0.16577941,0.16456132,0.16329092,0.16197361,0.16061483,0.15921997,0.15779439,0.15634362,0.15487298,0.15338792,0.15189381,0.15039611,0.14890024,0.14741158,0.14593548,0.14447752,0.14304294,0.14163727,0.14026584,0.13893409,0.13764746,0.13641134,0.13523112,0.13411225,0.13306013,0.13208018,0.1311778,0.13035835,0.12962735,0.12899011,0.12845214,0.12801877,0.12769544,0.12750214,0.12745064,0.12753397,0.12774515,0.1280772,0.12852313,0.12907605,0.12972884,0.13047464,0.13130644,0.13221727,0.13320017,0.13424817,0.13535424,0.13651146,0.13771285,0.13895145,0.14022022,0.14151229,0.14282061,0.14413822,0.14545816,0.14677344,0.14807712,0.14936219,0.15062173,0.15184866,0.15303612,0.15417704,0.15526454,0.15629162,0.15725127,0.15811808,0.1588748,0.15952693,0.16007987,0.16053896,0.16090967,0.16119741,0.16140756,0.16154557,0.16161682,0.16162676,0.16158074,0.16148424,0.1613426,0.16116132
0.17065565,0.17093405,0.1711682,0.17135106,0.17147571,0.1715351,0.17152229,0.17143029,0.17125207,0.17098065,0.17060909,0.17013034,0.16953747,0.16882342,0.16798127,0.167004,0.16588461,0.16466378,0.1633903,0.16206974,0.16070743,0.1593089,0.15787952,0.15642478,0.15495004,0.15346086,0.15196258,0.1504607,0.1489606,0.14746776,0.14598764,0.14452563,0.1430872,0.14167775,0.14030279,0.13896766,0.13767792,0.13643894,0.13525613,0.13413501,0.13308093,0.13209942,0.13119584,0.13037565,0.12964433,0.12900728,0.12846996,0.12803778,0.12771623,0.12752515,0.12747619,0.12756234,0.12777661,0.12811203,0.1285616,0.12911837,0.12977523,0.13052532,0.13136163,0.13227713,0.13326482,0.13431777,0.13542894,0.13659139,0.13779807,0.13904203,0.14031631,0.14161384,0.14292769,0.14425088,0.14557636,0.14689723,0.14820641,0.14949702,0.15076193,0.15199424,0.15318696,0.15433311,0.15542564,0.15645762,0.15742204,0.15829323,0.15905383,0.15970927,0.16026498,0.16072641,0.161099,0.1613882,0.16159941,0.16173811,0.16180974,0.16181973,0.16177346,0.16167645,0.16153412,0.16135193
0.17073168,0.17101048,0.17124496,0.1714281,0.17155293,0.17161241,0.17159957,0.17150742,0.17132896,0.17105713,0.17068502,0.17020561,0.16961186,0.16889681,0.16805343,0.16707471,0.16595373,0.164731,0.16345559,0.16213284,0.16076827,0.1593673,0.15793541,0.15647805,0.15500069,0.15350877,0.15200774,0.1505031,0.14900024,0.14750469,0.14602187,0.14455721,0.14311625,0.1417044,0.14032705,0.13898976,0.13769794,0.13645704,0.13527258,0.13414992,0.13309461,0.13211206,0.13120767,0.13038704,0.12965548,0.12901856,0.12848167,0.12805028,0.12772988,0.12754025,0.12749292,0.12758094,0.12779726,0.1281349,0.12858686,0.12914613,0.12980571,0.13055865,0.13139787,0.13231641,0.13330728,0.13436347,0.135478,0.13664387,0.13785405,0.13910154,0.14037937,0.14168054,0.14299802,0.14432485,0.14565404,0.14697853,0.14829136,0.14958553,0.150854,0.15208983,0.15328604,0.15443559,0.15553144,0.15656662,0.15753417,0.15840825,0.15917136,0.15982898,0.16038653,0.16084948,0.16122332,0.16151349,0.1617254,0.16186458,0.16193642,0.16194642,0.16190004,0.16180271,0.16165991,0.16147709
0.17077097,0.17104994,0.1712846,0.17146786,0.17159276,0.17165232,0.1716395,0.17154726,0.17136863,0.17109665,0.17072424,0.17024447,0.16965027,0.16893469,0.16809064,0.16711123,0.1659894,0.16476578,0.16348928,0.16216543,0.16079965,0.15939745,0.15796424,0.15650554,0.15502682,0.15353347,0.15203106,0.15052497,0.14902073,0.14752376,0.14603953,0.14457354,0.14313127,0.1417181,0.14033961,0.13900116,0.13770829,0.13646643,0.13528106,0.13415764,0.13310166,0.13211855,0.13121381,0.13039288,0.12966123,0.12902437,0.12848769,0.12805672,0.12773691,0.12754805,0.12750159,0.12759057,0.12780793,0.1281467,0.12859988,0.12916048,0.12982146,0.1305758,0.13141654,0.13233669,0.1333292,0.13438709,0.13550334,0.13667095,0.13788295,0.13913226,0.14041193,0.14171498,0.14303435,0.14436308,0.14569412,0.14702049,0.1483352,0.14963123,0.15090157,0.15213923,0.15333721,0.15448846,0.15558603,0.1566229,0.15759207,0.15846764,0.15923208,0.15989079,0.16044931,0.16091307,0.1612875,0.16157818,0.16179048,0.16192988,0.16200183,0.16201185,0.16196537,0.16186789,0.16172484,0.16154173
0.17077643,0.17105544,0.17129014,0.17147343,0.17159836,0.1716579,0.17164503,0.1715528,0.17137417,0.17110212,0.17072971,0.17024988,0.16965562,0.16893996,0.16809583,0.1671163,0.16599436,0.16477059,0.16349396,0.16216996,0.16080405,0.15940166,0.15796828,0.15650937,0.15503046,0.15353695,0.15203428,0.15052803,0.14902358,0.14752641,0.14604202,0.14457583,0.14313337,0.14172003,0.14034136,0.13900277,0.13770975,0.13646774,0.13528223,0.13415872,0.13310264,0.13211946,0.13121466,0.13039368,0.12966205,0.12902519,0.12848854,0.12805763,0.1277379,0.12754914,0.1275028,0.1275919,0.12780942,0.12814836,0.12860173,0.12916249,0.12982365,0.1305782,0.13141915,0.13233952,0.13333227,0.13439038,0.13550688,0.13667475,0.137887,0.13913652,0.1404165,0.14171979,0.14303942,0.1443684,0.1456997,0.14702635,0.14834133,0.1496376,0.15090819,0.1521461,0.15334433,0.15449585,0.15559365,0.15663072,0.15760013,0.1584759,0.15924053,0.15989941,0.16045807,0.16092193,0.16129647,0.1615872,0.16179952,0.16193894,0.16201092,0.16202097,0.16197447,0.16187696,0.16173388,0.16155073
0.17075107,0.17102998,0.17126454,0.17144772,0.1715726,0.17163211,0.17161927,0.17152707,0.17134853,0.17107666,0.17070442,0.17022479,0.16963083,0.1689155,0.1680718,0.16709274,0.16597134,0.16474819,0.1634722,0.16214894,0.16078377,0.15938218,0.15794966,0.15649162,0.15501359,0.15352097,0.15201928,0.15051389,0.14901036,0.14751412,0.14603062,0.1445653,0.14312364,0.14171118,0.14033324,0.13899541,0.13770306,0.13646169,0.13527676,0.13415372,0.13309808,0.13211524,0.13121071,0.1303899,0.12965834,0.12902142,0.12848465,0.12805347,0.12773335,0.1275441,0.12749721,0.1275857,0.12780254,0.12814075,0.1285933,0.1291532,0.12981348,0.1305671,0.1314071,0.13232642,0.13331811,0.13437513,0.13549052,0.13665725,0.13786829,0.13911672,0.14039546,0.14169754,0.14301597,0.14434372,0.14567381,0.14699925,0.14831299,0.14960808,0.15087748,0.15211423,0.1533113,0.15446168,0.15555839,0.15659441,0.15756276,0.15843756,0.15920135,0.1598595,0.16041753,0.16088088,0.16125502,0.16154541,0.16175751,0.1618968,0.1619687,0.16197872,0.1619323,0.16183488,0.16169198,0.161509
0.17069793,0.17097653,0.17121084,0.17139386,0.1715186,0.17157805,0.17156523,0.17147313,0.17129478,0.17102316,0.17065127,0.17017215,0.16957879,0.16886419,0.16802135,0.1670433,0.165923,0.1647011,0.16342658,0.1621048,0.16074121,0.15934134,0.15791054,0.15645437,0.15497817,0.15348746,0.15198769,0.15048426,0.14898264,0.1474883,0.14600664,0.14454319,0.14310333,0.14169256,0.14031628,0.13897994,0.13768905,0.13644901,0.13526528,0.13414331,0.13308854,0.13210642,0.13120241,0.13038199,0.12965055,0.12901354,0.12847647,0.12804472,0.1277238,0.12753353,0.1274855,0.12757267,0.1277881,0.12812473,0.12857564,0.12913379,0.12979217,0.13054383,0.13138177,0.13229895,0.13328841,0.13434319,0.1354562,0.13662054,0.13782918,0.1390751,0.14035137,0.14165089,0.14296678,0.14429198,0.14561953,0.14694242,0.14825363,0.14954618,0.15081309,0.15204738,0.15324199,0.15439002,0.15548442,0.15651816,0.15748432,0.15835714,0.15911914,0.15977578,0.1603325,0.16079478,0.16116807,0.1614578,0.1616694,0.16180839,0.16188012,0.16189012,0.16184376,0.16174662,0.16160402,0.16142146
0.17061989,0.17089811,0.17113207,0.1713148,0.17143936,0.1714987,0.17148592,0.17139398,0.17121585,0.17094465,0.17057335,0.17009492,0.16950245,0.1687889,0.16794732,0.16697073,0.1658521,0.16463211,0.16335961,0.16204,0.1606788,0.1592814,0.1578532,0.15639967,0.15492624,0.15343831,0.15194133,0.15044074,0.14894196,0.14745039,0.14597154,0.14451076,0.1430735,0.14166524,0.14029136,0.13895732,0.13766852,0.13643043,0.13524844,0.13412797,0.13307449,0.13209346,0.13119027,0.1303703,0.12963907,0.12900198,0.12846445,0.12803192,0.1277098,0.12751804,0.1274683,0.12755354,0.12776689,0.12810129,0.12854971,0.12910524,0.12976089,0.13050966,0.13134459,0.13225864,0.13324486,0.13429625,0.13540585,0.13656668,0.13777173,0.13901404,0.14028664,0.14158246,0.14289461,0.14421608,0.14553986,0.14685899,0.14816646,0.14945532,0.1507186,0.15194927,0.15314035,0.15428488,0.15537587,0.15640634,0.15736929,0.1582391,0.1589985,0.1596529,0.16020776,0.16066849,0.16104047,0.16132922,0.16154012,0.16167861,0.16175012,0.16176008,0.16171391,0.16161706,0.16147496,0.16129303
0.17052002,0.17079769,0.17103119,0.17121363,0.17133793,0.17139716,0.17138436,0.1712926,0.17111485,0.17084417,0.17047353,0.16999607,0.16940472,0.16869256,0.16785255,0.16687782,0.16576134,0.16454373,0.16327384,0.16195713,0.1605989,0.1592047,0.15777978,0.15632969,0.15485975,0.15337539,0.15188202,0.15038504,0.14888988,0.1474019,0.14592656,0.14446923,0.14303535,0.14163029,0.14025949,0.13892832,0.13764222,0.1364066,0.1352268,0.13410833,0.13305658,0.13207686,0.13117468,0.13035542,0.12962443,0.1289872,0.12844905,0.1280155,0.12769186,0.1274982,0.1274463,0.12752913,0.12773976,0.12807122,0.12851654,0.12906875,0.12972088,0.13046591,0.13129696,0.132207,0.13318905,0.13423619,0.13534142,0.13649775,0.13769823,0.13893588,0.14020374,0.14149486,0.14280221,0.14411888,0.14543787,0.14675221,0.14805493,0.14933906,0.15059763,0.1518237,0.15301019,0.15415029,0.1552369,0.15626313,0.15722196,0.15808798,0.15884408,0.15949567,0.16004807,0.16050678,0.16087715,0.16116464,0.16137461,0.1615125,0.16158372,0.16159362,0.16154766,0.1614512,0.16130973,0.1611286
