0.15671664,0.15657087,0.15644825,0.15635243,0.15628718,0.15625606,0.15626279,0.15631096,0.1564043,0.15654644,0.15674107,0.15699181,0.15730233,0.15767628,0.15811737,0.15862924,0.1592155,0.15986021,0.16054237,0.16125809,0.16200352,0.16277477,0.16356796,0.16437924,0.16520467,0.16604048,0.16688272,0.16772754,0.1685711,0.1694095,0.17023881,0.17105524,0.17185487,0.17263386,0.17338835,0.17411439,0.17480819,0.1754658,0.1760834,0.17665711,0.17718306,0.17765735,0.17807616,0.17843555,0.17873171,0.17896068,0.1791187,0.1792018,0.17920618,0.17913142,0.17898224,0.1787623,0.17847528,0.17812479,0.1777145,0.17724812,0.17672923,0.17616154,0.17554875,0.17489445,0.17420232,0.17347603,0.17271921,0.17193557,0.17112876,0.17030242,0.1694602,0.16860582,0.16774288,0.16687505,0.166006,0.16513938,0.1642789,0.16342811,0.16259082,0.16177057,0.16097106,0.16019595,0.15944894,0.15873364,0.1580537,0.15743335,0.15689173,0.15642504,0.15602933,0.15570076,0.15543546,0.15522952,0.15507913,0.15498035,0.1549294,0.15492226,0.15495518,0.15502426,0.1551256,0.15525536
0.15674257,0.1565962,0.15647309,0.15637693,0.15631136,0.15628012,0.15628685,0.15633526,0.15642898,0.1565717,0.1567671,0.15701887,0.15733068,0.1577062,0.15814908,0.15866302,0.15925168,0.15989906,0.16058396,0.16130255,0.16205092,0.16282521,0.16362154,0.164436,0.16526471,0.16610375,0.16694927,0.16779742,0.16864425,0.16948591,0.17031848,0.17113814,0.17194092,0.17272297,0.17348044,0.1742094,0.17490596,0.17556624,0.17618641,0.1767625,0.1772907,0.17776705,0.1781877,0.17854878,0.17884637,0.17907663,0.1792356,0.17931947,0.1793243,0.17924978,0.17910047,0.17888014,0.17859241,0.17824095,0.1778295,0.17736171,0.1768412,0.17627166,0.17565684,0.17500034,0.17430587,0.17357711,0.17281769,0.17203137,0.17122172,0.17039248,0.16954733,0.16868994,0.16782393,0.16695301,0.1660809,0.16521126,0.16434771,0.16349399,0.1626537,0.16183062,0.16102833,0.16025054,0.15950094,0.15878321,0.15810098,0.15747854,0.15693516,0.15646687,0.15606986,0.15574017,0.15547396,0.15526737,0.15511647,0.15501735,0.15496618,0.15495905,0.15499209,0.15506141,0.15516306,0.15529327
0.15676446,0.1566175,0.15649398,0.15639746,0.1563317,0.15630038,0.1563071,0.15635565,0.15644974,0.15659294,0.15678902,0.15704162,0.1573545,0.15773132,0.15817574,0.1586914,0.15928212,0.15993167,0.1606189,0.16133991,0.1620908,0.16286765,0.1636666,0.16448374,0.16531517,0.16615695,0.16700526,0.16785617,0.16870576,0.16955018,0.1703855,0.17120782,0.17201327,0.1727979,0.17355789,0.17428927,0.1749882,0.17565078,0.17627305,0.17685115,0.17738122,0.17785929,0.17828152,0.17864397,0.17894283,0.1791741,0.17933394,0.17941841,0.17942366,0.1793493,0.17919987,0.1789792,0.17869094,0.17833868,0.17792621,0.17745724,0.17693536,0.17636429,0.17574775,0.17508943,0.174393,0.1736621,0.17290054,0.17211187,0.1712999,0.17046824,0.16962057,0.16876063,0.16789208,0.16701864,0.16614394,0.16527171,0.16440561,0.16354935,0.16270661,0.16188112,0.16107649,0.16029646,0.15954468,0.15882489,0.15814075,0.15751658,0.15697162,0.15650204,0.15610391,0.1557733,0.15550634,0.15529917,0.15514785,0.15504843,0.15499714,0.15499,0.15502311,0.15509261,0.15519461,0.15532514
0.15678148,0.15663418,0.15651028,0.15641353,0.1563476,0.15631615,0.15632294,0.15637164,0.15646593,0.15660954,0.15680613,0.15705942,0.15737313,0.15775092,0.15819654,0.15871362,0.1593059,0.15995719,0.1606462,0.1613691,0.16212194,0.16290079,0.1637018,0.16452102,0.16535458,0.16619852,0.16704899,0.16790205,0.16875382,0.16960038,0.17043783,0.17126226,0.17206979,0.17285645,0.17361838,0.17435168,0.17505243,0.17571674,0.1763407,0.1769204,0.1774519,0.17793134,0.17835478,0.17871839,0.17901814,0.17925024,0.17941074,0.17949568,0.17950128,0.179427,0.17927754,0.1790566,0.17876785,0.17841503,0.17800179,0.17753182,0.17700888,0.17643665,0.17581876,0.175159,0.17446102,0.17372853,0.17296523,0.17217481,0.17136097,0.17052741,0.16967778,0.16881588,0.16794534,0.16706985,0.16619317,0.16531892,0.16445082,0.1635926,0.16274795,0.16192055,0.1611141,0.1603323,0.15957884,0.15885745,0.1581718,0.15754627,0.15700012,0.15652952,0.15613051,0.15579918,0.15553167,0.15532403,0.15517235,0.15507275,0.15502132,0.15501417,0.15504737,0.15511702,0.1552192,0.15535004
0.1567931,0.1566455,0.15652142,0.15642448,0.1563584,0.15632693,0.15633371,0.1563825,0.15647697,0.15662082,0.15681776,0.15707155,0.15738584,0.15776432,0.15821072,0.15872875,0.1593221,0.15997458,0.16066481,0.161389,0.16214316,0.1629234,0.16372578,0.16454645,0.16538143,0.16622685,0.16707878,0.16793332,0.16878659,0.16963461,0.17047352,0.17129937,0.17210831,0.17289633,0.17365964,0.17439422,0.17509623,0.17576174,0.1763868,0.17696755,0.17750007,0.17798041,0.17840472,0.17876905,0.1790695,0.17930214,0.17946309,0.17954838,0.17955416,0.17948,0.17933047,0.17910933,0.17882028,0.17846702,0.17805324,0.1775827,0.17705901,0.17648594,0.17586717,0.17520644,0.17450741,0.17377383,0.17300932,0.1722177,0.1714026,0.1705677,0.16971682,0.16885354,0.16798161,0.1671048,0.1662267,0.1653511,0.16448164,0.16362208,0.16277613,0.16194744,0.16113973,0.16035675,0.15960214,0.15887965,0.15819296,0.1575665,0.15701956,0.15654826,0.15614863,0.15581684,0.15554892,0.15534095,0.15518907,0.15508932,0.15503782,0.15503064,0.15506388,0.15513363,0.15523599,0.15536703
0.15679862,0.15665092,0.15652671,0.15642971,0.15636358,0.15633205,0.15633886,0.15638767,0.15648223,0.15662622,0.15682335,0.15707734,0.15739188,0.1577707,0.15821749,0.15873596,0.15932982,0.15998286,0.16067371,0.16139849,0.16215329,0.16293415,0.16373721,0.16455854,0.16539423,0.16624033,0.167093,0.16794822,0.16880219,0.16965093,0.17049052,0.17131704,0.17212664,0.17291535,0.17367928,0.17441449,0.17511708,0.17578317,0.17640877,0.17699005,0.17752303,0.17800383,0.17842853,0.17879319,0.17909397,0.17932688,0.17948802,0.17957349,0.17957938,0.17950524,0.1793557,0.1791345,0.17884527,0.17849183,0.17807779,0.1776069,0.1770829,0.17650944,0.17589024,0.17522903,0.17452951,0.17379537,0.17303035,0.17223813,0.17142242,0.17058694,0.16973542,0.1688715,0.16799894,0.16712143,0.16624267,0.16536641,0.16449633,0.16363613,0.16278955,0.16196023,0.16115196,0.16036838,0.15961322,0.15889022,0.15820307,0.15757617,0.15702882,0.15655719,0.15615727,0.15582524,0.15555711,0.155349,0.15519702,0.1550972,0.15504567,0.15503849,0.15507175,0.15514158,0.15524398,0.1553751
0.15679744,0.1566498,0.1565256,0.15642856,0.15636247,0.15633094,0.15633775,0.15638657,0.15648109,0.15662506,0.15682214,0.15707608,0.15739055,0.15776932,0.158216,0.15873441,0.15932815,0.15998107,0.16067177,0.16139643,0.1621511,0.16293183,0.16373473,0.1645559,0.16539147,0.16623744,0.16708992,0.16794503,0.16879882,0.1696474,0.17048684,0.17131323,0.17212267,0.17291126,0.17367505,0.17441012,0.17511258,0.17577852,0.17640404,0.1769852,0.17751807,0.17799878,0.1784234,0.17878799,0.17908868,0.17932156,0.17948262,0.17956808,0.17957394,0.1794998,0.17935024,0.17912906,0.17883989,0.17848647,0.1780725,0.17760165,0.17707774,0.17650437,0.17588529,0.17522417,0.17452475,0.17379072,0.1730258,0.1722337,0.17141812,0.17058279,0.16973138,0.1688676,0.16799518,0.16711783,0.16623925,0.16536312,0.16449317,0.1636331,0.16278665,0.16195747,0.16114932,0.16036588,0.15961084,0.15888794,0.15820087,0.15757407,0.15702684,0.15655525,0.1561554,0.15582341,0.15555534,0.15534726,0.1551953,0.15509552,0.15504399,0.15503684,0.15507007,0.15513985,0.15524226,0.15537336
0.15678886,0.1566414,0.15651737,0.15642051,0.15635447,0.15632302,0.1563298,0.15637851,0.15647294,0.1566167,0.15681355,0.15706713,0.15738122,0.15775944,0.15820557,0.1587232,0.1593162,0.15996823,0.16065805,0.16138174,0.16213544,0.16291516,0.16371703,0.16453716,0.16537163,0.16621654,0.16706793,0.16792195,0.16877465,0.16962215,0.1704605,0.17128582,0.17209426,0.1728818,0.17364459,0.17437872,0.17508027,0.17574532,0.17637,0.17695035,0.17748252,0.17796256,0.17838654,0.17875057,0.17905079,0.17928323,0.17944399,0.17952918,0.17953488,0.17946067,0.17931119,0.17909011,0.1788012,0.17844807,0.1780345,0.17756413,0.17704074,0.17646797,0.17584954,0.17518915,0.17449051,0.1737573,0.17299324,0.17220204,0.17138743,0.17055301,0.16970259,0.16883983,0.1679684,0.16709206,0.16621448,0.16533935,0.16447042,0.16361135,0.16276583,0.16193762,0.16113037,0.16034783,0.15959364,0.15887156,0.15818526,0.15755913,0.15701249,0.15654144,0.15614204,0.1558104,0.15554261,0.15533476,0.15518296,0.15508327,0.15503183,0.15502465,0.15505788,0.15512758,0.15522987,0.15536082
0.15677224,0.15662517,0.15650143,0.15640484,0.156339,0.15630761,0.15631436,0.15636298,0.15645719,0.15660055,0.15679687,0.1570498,0.15736304,0.1577403,0.15818527,0.15870161,0.15929303,0.15994339,0.16063143,0.16135328,0.16210507,0.16288286,0.16368276,0.16450082,0.16533321,0.166176,0.16702531,0.16787721,0.16872782,0.1695732,0.17040949,0.17123276,0.17203918,0.17282476,0.17358562,0.17431791,0.17501768,0.17568102,0.17630406,0.17688291,0.17741361,0.17789233,0.17831512,0.1786781,0.17897736,0.17920902,0.17936915,0.17945386,0.17945926,0.17938492,0.1792355,0.1790147,0.1787262,0.1783737,0.17796087,0.17749143,0.17696907,0.17639747,0.17578034,0.17512135,0.17442419,0.17369258,0.17293023,0.17214073,0.17132789,0.17049535,0.16964681,0.16878596,0.16791652,0.16704214,0.16616648,0.16529337,0.16442634,0.16356918,0.16272558,0.16189918,0.16109371,0.16031288,0.15956034,0.15883984,0.158155,0.1575302,0.1569847,0.15651463,0.1561161,0.15578517,0.15551795,0.15531054,0.15515907,0.15505959,0.15500824,0.15500107,0.15503426,0.15510382,0.15520589,0.15533654
0.15674695,0.15660045,0.15647724,0.15638101,0.1563154,0.15628412,0.15629087,0.15633932,0.15643312,0.15657592,0.15677148,0.1570234,0.15733539,0.15771118,0.15815437,0.15866864,0.15925775,0.15990552,0.16059092,0.16130997,0.16205886,0.16283365,0.1636305,0.16444547,0.16527472,0.16611436,0.16696043,0.1678091,0.16865648,0.16949871,0.17033185,0.171152,0.17195532,0.17273788,0.17349586,0.17422529,0.17492233,0.17558305,0.17620364,0.17678015,0.1773087,0.17778538,0.17820638,0.17856772,0.17886555,0.17909598,0.17925517,0.17933914,0.17934409,0.17926957,0.17912026,0.17889984,0.17861201,0.1782604,0.17784877,0.1773807,0.17685993,0.17629014,0.17567493,0.17501806,0.17432323,0.17359404,0.17283419,0.17204739,0.17123729,0.17040756,0.16956191,0.16870397,0.16783747,0.1669661,0.16609345,0.16522329,0.16435921,0.16350497,0.16266425,0.16184063,0.1610379,0.16025966,0.15950966,0.1587915,0.1581089,0.15748613,0.15694243,0.15647388,0.15607662,0.15574676,0.15548041,0.15527369,0.1551227,0.15502356,0.15497234,0.15496522,0.15499827,0.15506762,0.15516934,0.1552996
0.15671232,0.1565666,0.15644409,0.15634836,0.15628314,0.15625204,0.15625873,0.15630691,0.15640017,0.15654224,0.15673673,0.15698728,0.15729761,0.1576713,0.1581121,0.15862358,0.15920943,0.15985371,0.16053541,0.16125068,0.16199559,0.16276632,0.16355899,0.16436972,0.16519466,0.16602989,0.16687158,0.16771589,0.16855885,0.16939668,0.17022547,0.17104135,0.17184049,0.17261897,0.17337294,0.17409849,0.17479181,0.17544898,0.17606619,0.17663948,0.17716505,0.17763902,0.17805749,0.1784166,0.1787125,0.17894131,0.17909914,0.1791821,0.1791864,0.17911159,0.17896248,0.17874262,0.17845568,0.17810534,0.17769526,0.1772291,0.1767105,0.17614312,0.17553066,0.17487673,0.17418495,0.17345908,0.17270274,0.17191954,0.17111321,0.17028734,0.16944565,0.16859174,0.16772929,0.16686198,0.16599345,0.16512735,0.16426736,0.1634171,0.16258028,0.16176052,0.16096148,0.16018686,0.15944023,0.1587253,0.15804577,0.15742578,0.15688449,0.15641806,0.15602256,0.15569417,0.15542902,0.1552232,0.1550729,0.15497416,0.15492322,0.15491611,0.15494901,0.15501803,0.15511931,0.155249
0.1566677,0.15652305,0.15640132,0.15630633,0.15624154,0.15621069,0.15621732,0.15626514,0.15635778,0.1564988,0.15669194,0.15694071,0.15724885,0.15761992,0.15805759,0.15856546,0.1591472,0.15978698,0.16046391,0.16117424,0.1619141,0.16267955,0.16346686,0.1642721,0.16509147,0.16592109,0.16675712,0.16759576,0.16843307,0.16926527,0.17008846,0.17089884,0.17169255,0.17246574,0.17321452,0.17393513,0.17462362,0.17527622,0.17588907,0.17645824,0.17697999,0.17745042,0.17786567,0.1782219,0.17851529,0.17874196,0.17889808,0.17897977,0.17898323,0.17890814,0.17875917,0.17854002,0.17825428,0.17790553,0.1774975,0.17703375,0.17651798,0.17595376,0.17534474,0.17469457,0.17400685,0.17328525,0.17253336,0.17175485,0.17095335,0.17013244,0.16929583,0.16844714,0.1675899,0.16672786,0.1658646,0.16500373,0.16414899,0.16330388,0.1624721,0.16165726,0.160863,0.16009298,0.15935078,0.15864009,0.15796447,0.15734805,0.15680987,0.15634611,0.15595292,0.15562642,0.1553628,0.15515816,0.1550087,0.15491056,0.15485987,0.15485284,0.15488555,0.15495418,0.15505488,0.15518382
0.15661246,0.15646903,0.15634845,0.15625423,0.15619004,0.15615943,0.15616603,0.15621343,0.15630522,0.15644506,0.15663646,0.15688306,0.15718846,0.15755628,0.1579901,0.15849352,0.15907013,0.1597043,0.1603754,0.16107962,0.16181311,0.16257212,0.16335274,0.1641512,0.16496368,0.16578636,0.16661538,0.16744697,0.16827728,0.16910249,0.16991879,0.17072234,0.17150934,0.17227598,0.17301841,0.1737328,0.17441538,0.17506227,0.17566971,0.1762338,0.17675078,0.17721681,0.1776281,0.17798077,0.17827104,0.17849508,0.17864905,0.1787292,0.1787316,0.17865612,0.1785074,0.1782891,0.1780048,0.1776581,0.17725258,0.17679188,0.17627954,0.17571925,0.17511451,0.17446898,0.17378627,0.17306992,0.17232363,0.1715509,0.17075537,0.16994065,0.16911033,0.168268,0.16741727,0.16656175,0.16570504,0.16485068,0.16400234,0.16316363,0.16233811,0.16152939,0.16074106,0.15997674,0.15924,0.1585345,0.15786377,0.15725176,0.15671746,0.15625703,0.15586665,0.15554251,0.15528078,0.15507762,0.1549292,0.15483181,0.15478148,0.15477447,0.15480694,0.1548751,0.15497509,0.15510309
0.15654589,0.15640405,0.15628473,0.15619151,0.156128,0.15609773,0.15610424,0.15615116,0.15624197,0.15638028,0.15656967,0.15681364,0.15711577,0.15747964,0.15790883,0.15840685,0.15897731,0.15960473,0.16026877,0.16096562,0.16169155,0.16244268,0.16321534,0.1640056,0.16480981,0.1656241,0.16644467,0.1672678,0.16808966,0.16890645,0.16971445,0.17050979,0.17128871,0.17204747,0.1727822,0.17348915,0.17416456,0.1748046,0.17540552,0.17596349,0.17647475,0.17693551,0.177342,0.17769042,0.17797689,0.17819777,0.17834921,0.17842741,0.1784286,0.1783526,0.1782042,0.17798693,0.17770438,0.17736012,0.17695764,0.17650054,0.17599241,0.17543678,0.17483725,0.17419735,0.17352061,0.17281067,0.17207104,0.17130527,0.17051697,0.16970965,0.16888693,0.16805229,0.16720937,0.16636169,0.16551284,0.16466637,0.16382581,0.16299474,0.16217677,0.16137539,0.16059418,0.15983674,0.15910661,0.15840735,0.1577425,0.15713583,0.15660617,0.15614974,0.15576278,0.15544146,0.155182,0.15498061,0.15483353,0.15473692,0.15468706,0.1546801,0.1547123,0.15477985,0.15487897,0.15500586
0.15646738,0.15632735,0.15620956,0.15611753,0.15605482,0.15602498,0.1560314,0.15607771,0.15616736,0.15630393,0.15649088,0.15673172,0.15703003,0.15738924,0.15781297,0.15830466,0.15886784,0.1594873,0.160143,0.1608312,0.16154814,0.16229007,0.16305324,0.1638339,0.1646283,0.1654327,0.16624331,0.1670565,0.16786836,0.16867527,0.16947342,0.17025906,0.17102848,0.17177789,0.17250359,0.17320177,0.17386873,0.1745007,0.17509392,0.17564468,0.17614919,0.17660375,0.17700456,0.17734788,0.17762998,0.17784712,0.17799555,0.17807148,0.1780712,0.17799465,0.1778466,0.17763054,0.17735003,0.1770086,0.17660972,0.17615695,0.17565374,0.17510366,0.1745102,0.17387693,0.17320728,0.17250484,0.17177308,0.17101555,0.17023575,0.16943718,0.1686234,0.16779788,0.16696416,0.16612574,0.16528617,0.16444892,0.16361757,0.16279557,0.16198647,0.16119376,0.16042095,0.15967162,0.15894926,0.15825737,0.15759945,0.15699907,0.15647489,0.1560232,0.15564023,0.15532224,0.1550655,0.15486622,0.15472063,0.15462504,0.15457568,0.1545688,0.15460065,0.1546675,0.1547656,0.15489116
0.15637632,0.15623839,0.15612234,0.15603171,0.15596995,0.15594052,0.15594687,0.15599245,0.15608078,0.15621528,0.15639941,0.15663669,0.1569305,0.15728435,0.15770172,0.15818605,0.15874079,0.15935104,0.15999708,0.16067521,0.16138175,0.16211295,0.16286515,0.1636346,0.16441765,0.16521059,0.16600971,0.16681126,0.1676116,0.16840698,0.16919371,0.16996816,0.17072648,0.17146513,0.1721803,0.1728683,0.17352545,0.17414804,0.17473236,0.17527471,0.17577142,0.17621873,0.17661294,0.17695044,0.17722742,0.17744018,0.17758512,0.17765845,0.17765646,0.17757925,0.17743161,0.17721698,0.17693889,0.17660075,0.17620601,0.1757582,0.17526072,0.17471708,0.17413072,0.17350511,0.17284371,0.17214997,0.17142735,0.17067938,0.16990942,0.16912104,0.1683176,0.16750263,0.16667962,0.16585195,0.16502313,0.16419661,0.16337591,0.16256441,0.1617656,0.16098297,0.16021998,0.15948004,0.15876667,0.15808333,0.15743348,0.1568404,0.1563226,0.15587638,0.15549809,0.15518394,0.1549303,0.1547334,0.15458962,0.15449518,0.15444644,0.15443967,0.15447113,0.15453716,0.15463404,0.15475811
0.156272,0.15613644,0.15602244,0.1559334,0.1558727,0.15584376,0.15585001,0.15589483,0.1559816,0.15611377,0.15629469,0.15652782,0.15681653,0.15716422,0.15757431,0.15805018,0.15859528,0.15919495,0.15982993,0.16049655,0.16119114,0.16191007,0.16264969,0.16340637,0.16417642,0.1649562,0.16574207,0.16653039,0.16731745,0.16809967,0.16887338,0.16963491,0.1703806,0.17110685,0.17180997,0.17248632,0.17313224,0.17374407,0.1743182,0.17485096,0.17533869,0.17577773,0.17616445,0.17649518,0.17676629,0.17697412,0.17711502,0.17718533,0.17718142,0.17710343,0.17695627,0.1767433,0.17646791,0.17613356,0.17574364,0.17530149,0.17481057,0.1742743,0.17369604,0.17307922,0.17242722,0.17174348,0.17103137,0.17029428,0.16953565,0.16875888,0.16796735,0.16716449,0.16635369,0.16553833,0.16472185,0.16390765,0.16309911,0.16229963,0.16151264,0.16074154,0.15998971,0.15926059,0.15855753,0.157884,0.15724336,0.15665862,0.15614812,0.15570821,0.15533522,0.15502551,0.15477544,0.15458134,0.15443955,0.15434647,0.1542984,0.1542917,0.15432273,0.15438786,0.1544834,0.15460569
0.1561955,0.15606259,0.15595078,0.1558635,0.15580398,0.15577562,0.15578178,0.15582566,0.15591076,0.15604034,0.15621771,0.15644631,0.15672937,0.15707025,0.1574723,0.1579389,0.15847331,0.15906139,0.15968423,0.16033827,0.16101997,0.1617256,0.16245164,0.16319449,0.16395055,0.16471618,0.16548789,0.16626188,0.16703476,0.16780281,0.16856247,0.16931014,0.17004219,0.17075504,0.17144507,0.17210872,0.17274237,0.17334245,0.17390531,0.17442733,0.17490502,0.1753347,0.17571275,0.17603563,0.1762997,0.17650136,0.17663705,0.17670313,0.17669599,0.17661606,0.17646825,0.17625596,0.17598248,0.17565115,0.17526536,0.17482838,0.17434356,0.17381422,0.17324382,0.17263554,0.17199282,0.17131896,0.17061727,0.16989115,0.16914384,0.16837876,0.16759922,0.16680852,0.16601008,0.16520719,0.16440322,0.16360138,0.16280518,0.16201784,0.16124277,0.16048323,0.15974264,0.15902424,0.15833147,0.1576676,0.15703599,0.1564594,0.15595601,0.15552227,0.15515447,0.15484908,0.1546025,0.15441109,0.15427129,0.15417947,0.1541321,0.15412547,0.15415612,0.15422028,0.1543145,0.15443513
0.15618376,0.15605369,0.15594427,0.15585883,0.15580055,0.1557728,0.1557788,0.15582177,0.15590507,0.15603192,0.15620553,0.15642926,0.15670632,0.15703997,0.15743352,0.15789019,0.15841329,0.15898904,0.1595992,0.16024019,0.16090845,0.16160043,0.16231257,0.16304132,0.16378307,0.16453439,0.16529155,0.16605115,0.16680954,0.1675632,0.16830856,0.16904202,0.16976011,0.1704592,0.17113571,0.17178623,0.17240705,0.17299463,0.17354551,0.17405605,0.17452271,0.17494194,0.17531018,0.17562383,0.17587942,0.1760733,0.17620198,0.17626189,0.17624944,0.17616534,0.17601486,0.17580119,0.17552769,0.17519759,0.17481412,0.17438056,0.17390019,0.17337632,0.1728121,0.17221093,0.171576,0.17091055,0.17021792,0.16950133,0.16876408,0.16800936,0.16724052,0.16646083,0.16567346,0.16488172,0.16408893,0.16329834,0.16251317,0.1617367,0.16097222,0.16022299,0.15949222,0.15878327,0.15809932,0.15744373,0.15681964,0.15624982,0.15575233,0.15532362,0.15496016,0.15465838,0.15441465,0.15422551,0.15408732,0.15399663,0.15394977,0.15394326,0.15397349,0.15403694,0.15413003,0.15424922
0.15623014,0.15610304,0.15599613,0.15591262,0.15585572,0.15582857,0.15583442,0.15587646,0.15595783,0.15608175,0.15625145,0.15647002,0.15674075,0.15706682,0.15745136,0.15789762,0.15840878,0.15897161,0.15956853,0.16019599,0.16085045,0.16152842,0.16222636,0.1629407,0.16366799,0.16440469,0.16514723,0.16589214,0.16663587,0.16737488,0.1681057,0.16882475,0.16952854,0.17021358,0.17087625,0.17151308,0.17212054,0.17269516,0.17323336,0.17373165,0.17418645,0.17459428,0.1749516,0.17525491,0.17550063,0.17568533,0.1758054,0.1758574,0.17583773,0.17574753,0.17559244,0.17537569,0.17510043,0.17476985,0.17438711,0.17395544,0.17347807,0.17295814,0.1723988,0.17180336,0.17117487,0.17051663,0.16983183,0.16912359,0.16839512,0.16764966,0.16689037,0.16612044,0.16534305,0.16456139,0.1637787,0.16299814,0.16222288,0.16145615,0.1607011,0.15996096,0.15923886,0.15853809,0.15786177,0.15721309,0.15659529,0.15603094,0.15553825,0.1551137,0.15475374,0.15445486,0.1542135,0.15402617,0.15388933,0.15379949,0.15375309,0.15374663,0.15377662,0.1538394,0.15393163,0.15404965
0.15632795,0.15620391,0.15609965,0.15601814,0.15596263,0.15593618,0.15594187,0.15598287,0.15606223,0.15618317,0.1563487,0.15656196,0.15682608,0.15714416,0.15751934,0.15795472,0.15845336,0.15900281,0.15958601,0.16019951,0.16083983,0.16150346,0.1621869,0.16288662,0.16359922,0.16432112,0.16504882,0.16577886,0.16650777,0.16723198,0.16794807,0.16865246,0.16934173,0.17001233,0.17066082,0.17128363,0.17187732,0.1724384,0.17296337,0.1734487,0.17389089,0.1742865,0.17463198,0.17492384,0.17515862,0.1753328,0.17544289,0.17548542,0.17545679,0.17535883,0.17519753,0.17497602,0.17469746,0.17436491,0.17398156,0.1735504,0.17307469,0.17255741,0.17200175,0.17141078,0.17078766,0.17013548,0.16945738,0.16875643,0.16803576,0.1672985,0.16654773,0.16578653,0.16501814,0.16424556,0.16347198,0.16270044,0.16193411,0.16117607,0.16042948,0.15969735,0.15898292,0.15828922,0.15761939,0.15697657,0.15636384,0.15580389,0.15531501,0.15489377,0.15453656,0.15424,0.15400052,0.15381461,0.1536789,0.15358974,0.15354373,0.15353726,0.153567,0.15362935,0.15372083,0.15383796
0.15647043,0.15634964,0.15624802,0.15616868,0.1561146,0.15608881,0.15609437,0.15613429,0.15621166,0.1563294,0.15649065,0.15669836,0.15695563,0.15726545,0.15763092,0.15805498,0.15854067,0.1590762,0.1596453,0.16024451,0.16087039,0.16151936,0.1621881,0.16287304,0.16357072,0.16427763,0.16499035,0.1657054,0.16641927,0.16712855,0.16782968,0.16851927,0.16919374,0.16984971,0.17048366,0.17109217,0.1716717,0.1722188,0.17273,0.17320175,0.17363077,0.17401338,0.17434622,0.17462577,0.17484854,0.1750111,0.17511,0.17514166,0.1751027,0.1749954,0.17482647,0.17459887,0.17431569,0.17397992,0.17359462,0.17316285,0.1726876,0.17217194,0.17161882,0.17103139,0.17041259,0.16976552,0.1690931,0.16839851,0.1676847,0.16695473,0.16621156,0.16545834,0.16469805,0.16393366,0.16316831,0.16240492,0.16164665,0.16089645,0.16015738,0.15943243,0.15872467,0.15803716,0.15737289,0.15673487,0.15612619,0.15556966,0.15508379,0.15466507,0.15431009,0.15401529,0.1537773,0.15359254,0.15345763,0.15336901,0.15332325,0.15331692,0.15334645,0.15340841,0.15349929,0.15361573
0.1566509,0.15653339,0.15643461,0.15635741,0.15630484,0.15627977,0.15628517,0.156324,0.1563992,0.15651375,0.15667056,0.15687257,0.15712278,0.1574241,0.1577795,0.15819189,0.15866427,0.15918547,0.15974016,0.16032477,0.16093592,0.1615701,0.16222388,0.16289382,0.16357642,0.16426826,0.16496582,0.16566578,0.16636452,0.16705865,0.16774473,0.16841926,0.16907881,0.16971995,0.17033915,0.17093298,0.17149802,0.17203073,0.17252778,0.17298557,0.17340071,0.17376979,0.17408925,0.17435566,0.17456563,0.17471562,0.17480223,0.17482196,0.17477135,0.17465349,0.17447567,0.17424078,0.17395185,0.17361183,0.17322358,0.17279014,0.17231439,0.17179936,0.17124796,0.17066307,0.17004779,0.16940494,0.16873753,0.16804846,0.16734071,0.16661724,0.16588102,0.16513494,0.16438198,0.16362509,0.16286723,0.16211131,0.16136032,0.16061722,0.15988493,0.15916637,0.15846454,0.15778238,0.1571228,0.15648879,0.1558833,0.15532938,0.15484577,0.154429,0.15407565,0.1537823,0.15354536,0.15336145,0.15322714,0.15313897,0.15309343,0.15308711,0.15311651,0.15317819,0.1532687,0.15338454
0.15686263,0.15674856,0.15665263,0.15657769,0.1565266,0.15650225,0.15650752,0.15654522,0.15661825,0.15672947,0.15688173,0.15707792,0.15732087,0.15761349,0.15795857,0.15835905,0.15881778,0.15932436,0.15986428,0.16043404,0.16103026,0.16164944,0.16228814,0.1629429,0.16361037,0.16428697,0.16496933,0.16565397,0.1663375,0.1670164,0.16768727,0.16834666,0.1689911,0.1696172,0.17022142,0.17080042,0.17135063,0.1718687,0.17235115,0.1727946,0.17319548,0.17355043,0.17385596,0.17410862,0.17430508,0.1744417,0.17451517,0.17452204,0.17445879,0.17432931,0.17414156,0.17389843,0.17360288,0.17325757,0.17286555,0.17242964,0.17195266,0.17143746,0.17088695,0.17030397,0.16969146,0.16905215,0.168389,0.16770485,0.16700256,0.16628501,0.16555503,0.16481553,0.1640693,0.16331932,0.16256829,0.16181925,0.16107495,0.16033827,0.15961212,0.15889932,0.15820278,0.15752533,0.1568698,0.1562391,0.15563609,0.15508407,0.15460214,0.15418683,0.1538347,0.1535423,0.15330623,0.15312298,0.15298916,0.15290128,0.15285589,0.15284957,0.15287885,0.15294032,0.15303051,0.15314595
0.15709896,0.1569884,0.15689535,0.15682268,0.15677315,0.15674953,0.15675463,0.1567912,0.15686204,0.15696986,0.1571175,0.15730773,0.15754332,0.15782702,0.15816168,0.15854996,0.15899476,0.15948647,0.16001141,0.16056612,0.16114724,0.16175124,0.16237473,0.16301428,0.1636664,0.16432773,0.16499475,0.16566409,0.16633227,0.16699587,0.16765146,0.16829558,0.16892476,0.16953567,0.17012478,0.17068869,0.17122395,0.17172709,0.17219478,0.17262341,0.17300968,0.17335017,0.1736413,0.17387974,0.17406206,0.17418475,0.17424445,0.17423762,0.17416096,0.17401898,0.17382057,0.17356847,0.17326547,0.17291433,0.1725178,0.1720787,0.17159982,0.1710839,0.17053373,0.1699521,0.16934173,0.16870548,0.16804612,0.16736633,0.16666897,0.1659568,0.16523263,0.16449918,0.16375923,0.1630156,0.16227107,0.16152835,0.16079025,0.16005962,0.1593391,0.15863155,0.15793975,0.15726647,0.1566145,0.15598655,0.1553855,0.15483484,0.1543541,0.15393983,0.1535886,0.15329696,0.15306146,0.15287869,0.15274519,0.15265751,0.15261222,0.15260592,0.15263517,0.15269648,0.15278646,0.15290159
0.15735322,0.1572461,0.15715602,0.15708564,0.1570377,0.15701485,0.15701978,0.1570552,0.15712374,0.15722817,0.15737115,0.15755533,0.15778343,0.15805817,0.15838216,0.15875813,0.15918884,0.15966545,0.16017526,0.16071485,0.16128068,0.16186942,0.16247761,0.16310179,0.16373856,0.1643845,0.16503616,0.16569008,0.1663429,0.1669911,0.16763133,0.16826013,0.16887403,0.16946962,0.17004347,0.17059214,0.17111228,0.17160036,0.172053,0.1724667,0.17283808,0.17316374,0.1734402,0.17366402,0.17383182,0.1739401,0.17398553,0.17396456,0.17387383,0.17371882,0.17350918,0.1732475,0.17293654,0.172579,0.1721775,0.17173478,0.17125355,0.17073643,0.17018619,0.16960542,0.16899693,0.16836327,0.16770726,0.16703153,0.16633874,0.16563164,0.16491283,0.16418509,0.1634511,0.16271353,0.16197501,0.16123834,0.16050613,0.15978107,0.15906587,0.15836322,0.15767586,0.1570064,0.15635748,0.15573195,0.1551324,0.15458277,0.15410288,0.15368938,0.15333878,0.15304765,0.15281257,0.15263014,0.15249687,0.15240937,0.15236418,0.15235789,0.15238708,0.15244827,0.15253806,0.15265302
0.1576186,0.15751502,0.15742794,0.15735987,0.15731354,0.15729143,0.1572962,0.15733042,0.15739672,0.1574977,0.15763593,0.15781404,0.15803461,0.15830027,0.15861355,0.15897715,0.15939358,0.15985502,0.16034961,0.1608739,0.16142443,0.16199782,0.16259064,0.16319945,0.16382083,0.16445135,0.16508757,0.16572608,0.16636343,0.16699621,0.16762105,0.16823441,0.16883294,0.16941321,0.16997176,0.17050517,0.17101002,0.17148289,0.17192036,0.17231898,0.17267536,0.17298599,0.17324755,0.17345656,0.17360955,0.17370321,0.173734,0.17369856,0.1735934,0.17342497,0.1732037,0.17293215,0.17261292,0.17224865,0.17184186,0.17139524,0.17091136,0.1703928,0.16984215,0.16926207,0.16865508,0.16802387,0.16737098,0.166699,0.16601057,0.16530827,0.16459471,0.16387245,0.16314417,0.1624124,0.16167977,0.16094886,0.16022232,0.15950264,0.15879254,0.15809457,0.15741134,0.15674546,0.1560995,0.15547608,0.15487777,0.15432888,0.15384968,0.15343674,0.15308662,0.15279591,0.15256114,0.15237895,0.15224588,0.15215848,0.15211336,0.15210709,0.15213622,0.15219732,0.15228702,0.15240179
0.15788846,0.15778844,0.15770432,0.15763861,0.15759382,0.15757251,0.1575771,0.15761015,0.1576742,0.15777172,0.15790519,0.15807721,0.15829022,0.15854676,0.15884931,0.15920042,0.1596026,0.16004883,0.16052812,0.16103713,0.16157229,0.16213033,0.16270778,0.16330114,0.1639071,0.16452216,0.16514295,0.16576603,0.16638795,0.16700532,0.1676147,0.16821264,0.16879576,0.16936064,0.16990384,0.17042193,0.1709115,0.17136915,0.1717914,0.17217489,0.17251612,0.17281175,0.17305827,0.17325234,0.17339052,0.17346938,0.17348544,0.17343536,0.17331567,0.17313369,0.17290063,0.17261909,0.17229141,0.17192025,0.1715081,0.17105742,0.17057076,0.17005065,0.16949955,0.16891998,0.16831449,0.16768557,0.16703568,0.16636741,0.16568322,0.16498566,0.16427723,0.16356038,0.1628377,0.16211168,0.1613848,0.16065961,0.1599386,0.1592243,0.15851921,0.1578258,0.15714665,0.15648423,0.15584105,0.15521966,0.15462251,0.15407431,0.15359569,0.15318325,0.15283354,0.15254316,0.15230872,0.15212671,0.1519938,0.15190649,0.15186146,0.15185517,0.15188426,0.15194531,0.15203488,0.15214954
0.15815608,0.15805961,0.15797848,0.15791509,0.1578719,0.1578513,0.15785575,0.15788767,0.15794942,0.15804346,0.1581722,0.15833813,0.15854359,0.15879104,0.15908289,0.15942158,0.15980947,0.16024047,0.16070452,0.16119821,0.1617181,0.16226077,0.16282283,0.16340083,0.16399138,0.16459101,0.16519636,0.16580395,0.16641048,0.1670124,0.16760635,0.16818891,0.16875665,0.16930617,0.16983405,0.1703368,0.17081113,0.17125353,0.17166062,0.17202897,0.17235515,0.17263572,0.17286733,0.17304653,0.17316987,0.173234,0.17323543,0.17317076,0.1730366,0.17284109,0.17259635,0.17230481,0.17196882,0.17159088,0.1711734,0.17071877,0.17022939,0.16970776,0.16915624,0.16857727,0.16797328,0.16734666,0.16669992,0.16603535,0.16535549,0.16466269,0.16395941,0.16324802,0.16253099,0.16181074,0.16108967,0.16037026,0.15965487,0.15894592,0.15824585,0.15755711,0.15688203,0.15622318,0.15558283,0.1549635,0.15436758,0.15382008,0.15334204,0.15293017,0.15258087,0.15229091,0.15205675,0.15187502,0.15174225,0.1516551,0.15161009,0.1516038,0.15163286,0.15169382,0.1517833,0.15189779
0.15841478,0.15832181,0.15824364,0.15818258,0.15814097,0.15812112,0.1581254,0.15815613,0.15821566,0.15830626,0.15843032,0.1585902,0.15878814,0.15902655,0.15930773,0.15963405,0.1600078,0.16042371,0.16087258,0.16135105,0.16185567,0.16238305,0.16292974,0.1634924,0.16406755,0.1646518,0.16524176,0.16583398,0.16642508,0.16701157,0.16759017,0.16815735,0.16870977,0.16924398,0.16975653,0.1702441,0.17070322,0.1711305,0.17152251,0.17187583,0.17218706,0.1724528,0.17266959,0.17283411,0.17294283,0.17299245,0.17297944,0.17290051,0.17275216,0.1725435,0.17228734,0.17198607,0.17164204,0.17125756,0.17083494,0.17037658,0.16988474,0.1693618,0.16881013,0.16823193,0.16762964,0.16700558,0.16636206,0.16570146,0.16502605,0.1643382,0.16364025,0.16293451,0.16222334,0.16150902,0.16079397,0.16008046,0.15937084,0.15866743,0.15797259,0.15728864,0.1566179,0.15596275,0.15532544,0.15470839,0.15411387,0.15356727,0.15309007,0.1526788,0.15233015,0.15204062,0.15180686,0.15162541,0.1514929,0.15140586,0.15136091,0.15135466,0.15138368,0.15144455,0.15153383,0.15164816
0.15865782,0.15856837,0.1584931,0.1584343,0.15839426,0.15837519,0.15837929,0.15840885,0.15846615,0.15855336,0.1586728,0.15882665,0.1590172,0.15924667,0.15951733,0.15983145,0.16019121,0.16059217,0.16102602,0.16148935,0.16197884,0.162491,0.16302247,0.16356982,0.16412969,0.1646986,0.1652732,0.16585007,0.16642581,0.16699697,0.16756023,0.16811211,0.16864926,0.16916823,0.16966568,0.1701381,0.1705822,0.17099448,0.17137156,0.17171009,0.1720066,0.17225772,0.17246005,0.17261015,0.17270464,0.17274012,0.17271312,0.17262036,0.17245835,0.17223698,0.17196994,0.17165948,0.17130783,0.17091724,0.17049001,0.17002831,0.16953442,0.16901056,0.16845901,0.16788201,0.1672818,0.16666059,0.1660207,0.16536433,0.16469373,0.16401115,0.16331884,0.16261905,0.16191402,0.16120598,0.1604972,0.15978992,0.15908639,0.15838881,0.1576995,0.15702067,0.15635455,0.15570343,0.1550695,0.15445507,0.15386236,0.15331697,0.15284084,0.15243055,0.15208265,0.15179381,0.15156054,0.15137953,0.15124731,0.15116046,0.15111564,0.15110938,0.15113834,0.15119903,0.15128814,0.1514022
0.1588785,0.15879245,0.15872009,0.15866359,0.15862505,0.15860665,0.15861064,0.15863907,0.15869418,0.15877804,0.1588929,0.15904088,0.15922415,0.15944484,0.15970516,0.16000725,0.16035324,0.16073948,0.16115849,0.16160694,0.1620814,0.1625785,0.16309486,0.16362701,0.16417162,0.16472533,0.16528465,0.16584624,0.1664067,0.16696264,0.16751063,0.16804734,0.16856934,0.16907324,0.16955562,0.17001311,0.17044234,0.17083985,0.17120233,0.17152631,0.17180844,0.1720453,0.17223352,0.17236972,0.17245045,0.17247236,0.17243202,0.1723261,0.1721511,0.17191783,0.17164059,0.17132163,0.17096303,0.17056704,0.1701357,0.16967128,0.1691759,0.1686517,0.16810083,0.16752551,0.16692787,0.16631006,0.16567422,0.1650226,0.16435724,0.16368039,0.16299416,0.16230075,0.1616023,0.16090092,0.16019888,0.15949826,0.15880123,0.15810996,0.15742663,0.15675338,0.15609236,0.15544575,0.15481567,0.15420435,0.15361391,0.15307027,0.1525956,0.15218662,0.15183984,0.15155189,0.15131938,0.15113892,0.1510071,0.15092057,0.15087587,0.15086964,0.15089849,0.150959,0.15104783,0.1511615
0.15907016,0.15898745,0.15891789,0.15886357,0.15882657,0.15880892,0.1588127,0.15884003,0.15889297,0.1589736,0.159084,0.15922624,0.15940233,0.15961447,0.15986466,0.16015497,0.16048753,0.16085933,0.16126381,0.16169757,0.16215724,0.16263944,0.1631408,0.1636579,0.1641874,0.16472594,0.16527012,0.16581653,0.16636182,0.16690262,0.16743553,0.16795716,0.16846412,0.16895308,0.16942064,0.16986343,0.17027804,0.1706611,0.17100924,0.17131911,0.17158724,0.17181036,0.17198505,0.17210788,0.17217551,0.17218459,0.17213166,0.17201342,0.17182648,0.17158224,0.17129578,0.17096919,0.17060454,0.17020386,0.16976932,0.16930291,0.16880676,0.16828293,0.16773346,0.1671605,0.16656607,0.16595228,0.16532116,0.16467482,0.16401534,0.1633448,0.16266525,0.16197877,0.16128744,0.16059335,0.15989858,0.15920518,0.15851523,0.1578308,0.15715407,0.15648694,0.15583163,0.15519014,0.15456454,0.15395695,0.15336947,0.15282819,0.1523556,0.15194836,0.15160307,0.15131636,0.15108486,0.15090518,0.15077394,0.15068775,0.15064326,0.15063708,0.15066582,0.15072608,0.1508145,0.15092771
0.15922603,0.15914658,0.15907978,0.15902759,0.158992,0.15897505,0.1589787,0.159005,0.15905583,0.1591333,0.15923934,0.15937598,0.15954517,0.15974893,0.15998928,0.16026819,0.16058764,0.1609454,0.16133563,0.16175501,0.16220012,0.16266763,0.16315421,0.16365646,0.16417098,0.16469455,0.16522364,0.16575499,0.16628525,0.16681102,0.16732894,0.16783567,0.16832785,0.16880208,0.16925502,0.16968334,0.17008366,0.17045262,0.17078687,0.17108303,0.17133774,0.17154768,0.17170942,0.17181966,0.17187501,0.17187212,0.17180762,0.1716782,0.17148042,0.17122641,0.17093185,0.17059878,0.17022909,0.16982482,0.16938801,0.16892059,0.16842459,0.16790202,0.16735479,0.16678502,0.16619462,0.16558558,0.16495995,0.16431968,0.1636668,0.16300328,0.16233106,0.16165224,0.16096875,0.1602826,0.1595958,0.15891033,0.15822816,0.15755135,0.15688182,0.15622161,0.15557271,0.15493707,0.15431675,0.15371373,0.15312998,0.15259181,0.15212196,0.15171705,0.15137379,0.15108874,0.15085858,0.15067993,0.15054943,0.15046377,0.15041952,0.15041333,0.1504419,0.15050185,0.15058976,0.15070231
0.15933949,0.15926318,0.159199,0.15914884,0.15911472,0.15909843,0.15910193,0.15912715,0.159176,0.15925041,0.15935226,0.15948346,0.15964596,0.15984167,0.16007249,0.16034035,0.16064717,0.16099133,0.16136773,0.16177304,0.16220391,0.162657,0.16312899,0.16361654,0.16411632,0.16462499,0.16513923,0.16565569,0.16617103,0.16668192,0.16718505,0.16767704,0.1681546,0.16861437,0.16905302,0.16946718,0.1698536,0.17020887,0.17052968,0.1708127,0.1710546,0.17125203,0.17140165,0.17150012,0.17154416,0.17153037,0.17145546,0.17131606,0.17110887,0.17084654,0.17054528,0.17020698,0.16983353,0.16942687,0.16898897,0.16852167,0.16802692,0.1675066,0.16696271,0.16639708,0.16581167,0.16520832,0.16458908,0.16395576,0.16331032,0.1626547,0.1619907,0.16132033,0.16064553,0.15996815,0.15929013,0.1586134,0.15793985,0.15727144,0.15661001,0.15595758,0.15531595,0.1546871,0.15407294,0.15347536,0.15289634,0.1523622,0.15189591,0.15149409,0.15115336,0.15087044,0.15064202,0.1504647,0.15033522,0.15025014,0.15020628,0.15020016,0.1502285,0.15028796,0.15037522,0.15048695
0.15940373,0.15933044,0.1592688,0.15922065,0.15918784,0.15917222,0.15917556,0.1591998,0.15924673,0.15931818,0.15941599,0.15954202,0.15969811,0.15988608,0.16010778,0.16036506,0.16065976,0.16099082,0.16135381,0.16174544,0.1621624,0.16260132,0.16305903,0.16353212,0.16401735,0.16451134,0.16501085,0.16551256,0.16601318,0.16650942,0.16699791,0.16747542,0.1679386,0.16838418,0.1688088,0.16920926,0.16958216,0.16992426,0.17023219,0.17050269,0.17073247,0.17091823,0.17105663,0.1711444,0.17117819,0.17115475,0.17107074,0.17092288,0.17070787,0.17043886,0.17013243,0.16979045,0.1694147,0.1690071,0.16856943,0.16810356,0.16761129,0.16709451,0.16655503,0.1659947,0.16541538,0.16481888,0.16420704,0.1635817,0.16294469,0.16229789,0.16164312,0.16098224,0.16031702,0.1596494,0.1589811,0.15831406,0.1576501,0.15699103,0.15633872,0.155695,0.15506169,0.15444066,0.1538337,0.15324272,0.1526695,0.1521405,0.15167864,0.15128066,0.15094319,0.15066299,0.15043674,0.15026113,0.15013286,0.15004864,0.15000515,0.14999911,0.15002719,0.15008608,0.15017252,0.15028317
0.15941213,0.1593417,0.1592825,0.15923624,0.1592047,0.15918967,0.15919292,0.1592162,0.15926127,0.15932992,0.15942393,0.159545,0.15969497,0.15987557,0.1600886,0.1603358,0.16061893,0.1609375,0.1612876,0.16166599,0.16206941,0.16249458,0.16293825,0.16339712,0.16386797,0.16434756,0.16483256,0.1653197,0.16580583,0.16628754,0.16676168,0.16722491,0.167674,0.16810569,0.16851674,0.16890384,0.16926375,0.16959319,0.1698889,0.17014763,0.17036611,0.17054108,0.1706693,0.17074743,0.17077228,0.17074056,0.170649,0.17049436,0.17027336,0.16999954,0.16968977,0.16934583,0.16896947,0.16856247,0.1681266,0.1676636,0.1671753,0.1666634,0.16612971,0.16557597,0.16500399,0.16441548,0.16381226,0.16319606,0.16256867,0.16193187,0.1612874,0.16063704,0.15998253,0.15932569,0.15866823,0.15801202,0.15735869,0.1567101,0.156068,0.1554341,0.15481025,0.1541982,0.1535997,0.1530165,0.1524504,0.15192771,0.15147138,0.15107812,0.15074469,0.15046786,0.1502443,0.15007077,0.14994405,0.14986083,0.14981785,0.14981185,0.14983961,0.14989781,0.14998323,0.15009254
0.15935795,0.15929022,0.15923332,0.15918884,0.15915851,0.15914406,0.15914717,0.15916955,0.15921292,0.15927891,0.15936929,0.15948574,0.15962991,0.15980358,0.1600084,0.1602461,0.16051833,0.16082504,0.16116281,0.16152851,0.16191882,0.16233058,0.16276051,0.16320552,0.16366225,0.16412762,0.16459835,0.16507117,0.16554296,0.16601044,0.16647041,0.16691966,0.167355,0.1677732,0.16817102,0.16854526,0.16889268,0.16921012,0.16949432,0.16974208,0.16995016,0.1701154,0.1702345,0.17030436,0.17032164,0.17028323,0.17018583,0.1700263,0.16980134,0.16952483,0.16921368,0.1688697,0.16849458,0.16809,0.16765763,0.16719921,0.16671643,0.16621096,0.16568455,0.16513887,0.16457565,0.16399653,0.16340326,0.16279754,0.162181,0.16155545,0.16092253,0.16028394,0.15964136,0.15899655,0.15835114,0.15770687,0.15706544,0.15642856,0.15579787,0.15517515,0.15456206,0.15396027,0.15337151,0.15279752,0.15223995,0.15172495,0.15127526,0.15088779,0.15055926,0.15028648,0.15006623,0.14989525,0.14977036,0.1496884,0.14964604,0.14964016,0.1496675,0.14972481,0.14980896,0.14991668
0.1592345,0.15916932,0.1591145,0.1590717,0.15904252,0.15902859,0.15903161,0.15905315,0.15909488,0.1591584,0.15924542,0.15935752,0.15949629,0.15966348,0.15986064,0.16008948,0.16035153,0.16064711,0.1609732,0.16132666,0.16170439,0.16210313,0.16251978,0.16295114,0.16339415,0.16384552,0.16430219,0.16476093,0.16521864,0.16567211,0.16611823,0.16655384,0.16697575,0.16738082,0.16776587,0.16812779,0.16846338,0.16876946,0.16904294,0.16928062,0.16947933,0.16963592,0.16974728,0.1698102,0.16982152,0.16977812,0.16967678,0.16951442,0.1692878,0.16901085,0.1687006,0.16835876,0.16798694,0.16758671,0.16715978,0.16670774,0.16623227,0.16573498,0.1652175,0.16468146,0.16412856,0.16356033,0.16297849,0.16238466,0.16178045,0.16116753,0.16054751,0.15992205,0.15929276,0.15866126,0.15802926,0.15739833,0.15677014,0.15614627,0.15552846,0.15491827,0.15431733,0.15372731,0.15314984,0.15258655,0.15203907,0.1515332,0.15109153,0.15071096,0.15038833,0.15012039,0.14990401,0.14973609,0.14961345,0.14953291,0.14949134,0.14948556,0.1495124,0.14956869,0.14965133,0.14975716
0.15903504,0.15897222,0.15891935,0.15887809,0.15884992,0.15883653,0.15883942,0.15886019,0.15890042,0.1589617,0.15904559,0.15915366,0.1592875,0.1594487,0.1596388,0.15985942,0.16011213,0.16039734,0.16071248,0.16105439,0.16141999,0.16180618,0.16220991,0.16262805,0.16305752,0.16349523,0.1639381,0.16438304,0.16482693,0.16526672,0.16569929,0.16612153,0.16653042,0.1669228,0.16729559,0.16764574,0.16797012,0.16826567,0.16852929,0.16875784,0.16894831,0.16909754,0.16920246,0.16926001,0.16926707,0.16922058,0.16911739,0.16895443,0.16872868,0.16845384,0.168147,0.16780964,0.16744332,0.16704965,0.16663024,0.16618663,0.16572039,0.16523314,0.16472639,0.16420178,0.16366085,0.16310522,0.16253644,0.1619561,0.16136576,0.16076699,0.16016139,0.15955053,0.158936,0.15831935,0.1577022,0.15708606,0.1564726,0.1558633,0.15525979,0.15466367,0.15407649,0.15349981,0.15293522,0.15238431,0.15184867,0.15135363,0.15092142,0.150549,0.15023321,0.149971,0.14975928,0.14959496,0.14947493,0.14939612,0.14935541,0.14934973,0.14937599,0.14943114,0.14951201,0.14961557
0.15875293,0.15869223,0.15864114,0.15860122,0.15857407,0.1585611,0.15856388,0.15858395,0.15862285,0.15868205,0.15876311,0.15886752,0.1589969,0.15915264,0.15933634,0.15954953,0.15979372,0.16006948,0.16037436,0.16070534,0.16105944,0.16143355,0.1618248,0.16223009,0.16264638,0.16307075,0.16350013,0.1639315,0.16436191,0.16478826,0.16520761,0.1656169,0.16601315,0.16639332,0.16675445,0.16709343,0.16740736,0.16769315,0.16794783,0.16816835,0.16835175,0.16849497,0.16859503,0.16864887,0.16865356,0.16860601,0.16850325,0.16834222,0.16812,0.16785009,0.16754924,0.16721886,0.16686058,0.1664758,0.1660662,0.16563317,0.1651783,0.16470312,0.16420913,0.16369785,0.1631708,0.16262953,0.1620756,0.16151042,0.16093564,0.16035269,0.15976319,0.15916856,0.15857036,0.15797016,0.15736946,0.15676974,0.15617257,0.15557948,0.15499198,0.1544116,0.15383984,0.15327826,0.15272835,0.15219167,0.15166973,0.15118727,0.15076609,0.15040311,0.15009539,0.14983983,0.14963351,0.14947337,0.1493564,0.14927958,0.14923994,0.1492344,0.14925998,0.14931373,0.14939253,0.14949344
0.15838142,0.15832259,0.1582731,0.15823443,0.15820809,0.15819554,0.15819825,0.1582177,0.15825538,0.15831274,0.1583913,0.15849248,0.15861778,0.15876873,0.15894672,0.15915331,0.1593899,0.1596571,0.15995257,0.16027337,0.16061652,0.16097915,0.16135837,0.16175118,0.16215475,0.16256607,0.16298227,0.16340041,0.16381758,0.16423088,0.16463734,0.16503406,0.16541812,0.16578665,0.16613661,0.16646516,0.1667694,0.16704634,0.1672931,0.16750674,0.16768438,0.16782305,0.16791986,0.16797185,0.16797613,0.1679298,0.16782989,0.16767353,0.16745771,0.16719574,0.1669037,0.16658318,0.16623549,0.16586225,0.16546485,0.1650448,0.1646036,0.1641427,0.16366357,0.16316767,0.16265656,0.16213164,0.16159439,0.16104631,0.16048887,0.1599236,0.1593519,0.15877524,0.15819518,0.15761313,0.15703057,0.15644903,0.15586993,0.1552948,0.15472507,0.15416223,0.15360773,0.15306313,0.15252982,0.15200934,0.15150312,0.15103519,0.15062669,0.1502747,0.1499762,0.14972842,0.14952826,0.14937295,0.1492595,0.14918502,0.14914653,0.14914118,0.149166,0.14921811,0.14929457,0.14939243
0.15791383,0.15785661,0.1578085,0.15777092,0.15774529,0.15773311,0.15773575,0.15775463,0.15779127,0.15784706,0.15792337,0.15802176,0.15814361,0.15829034,0.15846342,0.15866423,0.15889427,0.15915394,0.15944085,0.15975216,0.1600851,0.16043681,0.16080451,0.16118534,0.16157646,0.16197513,0.1623785,0.16278377,0.16318807,0.16358861,0.16398259,0.16436717,0.16473956,0.16509691,0.16543639,0.16575524,0.16605058,0.16631967,0.1665596,0.16676758,0.16694088,0.16707657,0.16717188,0.16722396,0.16723005,0.1671873,0.1670929,0.166944,0.16673782,0.16648695,0.16620694,0.1658991,0.16556498,0.16520594,0.16482344,0.16441892,0.16399384,0.16354957,0.16308758,0.16260935,0.16211627,0.16160977,0.16109131,0.16056235,0.16002426,0.15947852,0.15892656,0.1583698,0.15780967,0.15724766,0.15668517,0.1561236,0.15556446,0.15500917,0.1544591,0.15391576,0.15338051,0.15285489,0.15234026,0.15183806,0.1513498,0.1508985,0.1505045,0.15016499,0.1498771,0.1496381,0.14944507,0.14929527,0.14918585,0.14911401,0.1490769,0.14907175,0.14909567,0.14914593,0.14921968,0.14931406
0.15734342,0.15728758,0.1572406,0.15720396,0.15717892,0.15716702,0.1571696,0.15718804,0.15722378,0.15727822,0.15735276,0.15744877,0.15756771,0.15771094,0.15787986,0.15807588,0.1583004,0.15855359,0.1588329,0.15913561,0.15945901,0.1598004,0.16015707,0.16052638,0.16090558,0.16129199,0.16168287,0.16207558,0.16246735,0.16285557,0.16323745,0.16361034,0.16397156,0.16431835,0.16464804,0.16495796,0.16524532,0.16550754,0.16574183,0.16594554,0.16611592,0.1662503,0.16634603,0.1664003,0.1664105,0.1663739,0.16628781,0.16614951,0.16595629,0.16572,0.16545525,0.16516338,0.1648458,0.16450389,0.16413912,0.16375287,0.16334651,0.16292146,0.1624791,0.16202089,0.16154814,0.16106237,0.16056485,0.16005713,0.15954047,0.15901637,0.1584862,0.1579513,0.15741314,0.15687317,0.1563327,0.15579316,0.15525596,0.15472248,0.15419419,0.15367238,0.15315856,0.15265405,0.15216032,0.15167873,0.15121068,0.15077822,0.15040067,0.15007533,0.14979948,0.1495704,0.14938547,0.14924194,0.1491371,0.14906824,0.1490327,0.14902773,0.14905067,0.14909883,0.14916947,0.14925995
0.15666349,0.15660878,0.15656275,0.15652674,0.15650222,0.15649053,0.15649305,0.15651117,0.15654624,0.1565996,0.15667269,0.15676685,0.15688345,0.1570239,0.15718953,0.15738176,0.15760191,0.15784979,0.15812247,0.1584174,0.15873201,0.15906379,0.15941004,0.15976834,0.16013603,0.16051055,0.16088936,0.16126987,0.16164957,0.16202578,0.16239604,0.16275774,0.16310833,0.1634452,0.16376582,0.1640676,0.16434798,0.16460438,0.16483429,0.16503508,0.16520423,0.1653391,0.16543719,0.16549593,0.16551271,0.16548498,0.1654102,0.16528577,0.16510913,0.16489106,0.16464509,0.16437253,0.16407476,0.16375318,0.16340913,0.16304404,0.16265923,0.16225606,0.16183597,0.16140026,0.16095039,0.16048767,0.16001351,0.15952928,0.15903634,0.15853603,0.1580298,0.15751892,0.15700492,0.15648903,0.15597273,0.15545732,0.15494421,0.15443474,0.15393034,0.15343235,0.15294214,0.1524611,0.15199062,0.15153201,0.15108669,0.15067545,0.15031643,0.15000702,0.1497447,0.14952688,0.14935099,0.14921449,0.1491148,0.14904933,0.14901553,0.1490108,0.14903264,0.14907841,0.1491456,0.14923163
0.15586741,0.15581341,0.15576804,0.15573259,0.15570842,0.15569691,0.15569937,0.15571724,0.15575178,0.1558044,0.15587644,0.15596925,0.15608422,0.15622263,0.15638588,0.15657535,0.15679239,0.15703614,0.15730327,0.15759137,0.15789804,0.15822078,0.1585573,0.15890509,0.15926173,0.15962483,0.15999195,0.16036074,0.1607287,0.1610934,0.1614525,0.1618035,0.162144,0.16247162,0.16278392,0.1630785,0.16335288,0.1636047,0.1638315,0.16403091,0.16420044,0.16433772,0.16444036,0.16450584,0.16453186,0.1645159,0.1644556,0.16434854,0.16419226,0.16399637,0.16377291,0.16352324,0.16324878,0.16295078,0.16263069,0.1622898,0.1619295,0.16155112,0.16115603,0.16074562,0.16032119,0.1598841,0.15943572,0.15897742,0.15851049,0.15803638,0.1575564,0.15707189,0.15658422,0.15609476,0.15560481,0.15511583,0.154629,0.15414587,0.15366769,0.1531958,0.15273166,0.15227649,0.15183172,0.15139872,0.15097879,0.15059127,0.15025294,0.14996138,0.1497142,0.14950894,0.14934324,0.1492146,0.14912063,0.14905897,0.14902708,0.14902265,0.14904323,0.14908636,0.14914969,0.1492307
0.15494838,0.15489486,0.15484989,0.15481472,0.15479076,0.15477933,0.15478179,0.15479948,0.15483373,0.1548859,0.15495734,0.15504934,0.1551633,0.15530054,0.15546241,0.15565026,0.15586542,0.15610631,0.156369,0.15665127,0.15695079,0.15726537,0.15759271,0.15793055,0.15827669,0.15862885,0.15898475,0.15934215,0.15969878,0.16005245,0.16040082,0.1607417,0.1610728,0.16139187,0.16169666,0.16198494,0.16225438,0.1625028,0.16272795,0.16292752,0.16309929,0.16324098,0.16335036,0.16342518,0.16346318,0.16346204,0.16341963,0.1633336,0.16320172,0.16303205,0.16283509,0.16261214,0.16236457,0.16209376,0.16180097,0.16148755,0.16115493,0.16080438,0.16043726,0.16005488,0.15965866,0.15924989,0.15882994,0.15840013,0.1579618,0.15751633,0.15706503,0.15660925,0.15615034,0.15568964,0.1552285,0.15476821,0.15431021,0.15385576,0.15340626,0.152963,0.15252739,0.15210071,0.15168434,0.15127958,0.15088785,0.1505267,0.15021144,0.14993972,0.14970934,0.14951809,0.14936367,0.14924376,0.14915623,0.14909871,0.14906904,0.14906488,0.14908405,0.14912425,0.14918327,0.14925882
0.15389973,0.15384635,0.15380147,0.1537664,0.15374249,0.15373112,0.15373357,0.1537512,0.15378536,0.15383741,0.15390867,0.15400048,0.15411417,0.15425107,0.15441254,0.15459995,0.1548146,0.155054,0.15531346,0.1555909,0.1558842,0.1561913,0.15651017,0.15683873,0.15717487,0.15751652,0.15786168,0.15820816,0.15855396,0.15889703,0.15923525,0.15956654,0.15988883,0.16020012,0.16049826,0.16078122,0.1610469,0.16129321,0.16151814,0.16171953,0.16189541,0.16204368,0.16216218,0.16224892,0.16230182,0.16231881,0.16229777,0.16223669,0.16213346,0.16199438,0.16182807,0.16163585,0.16141905,0.16117904,0.16091712,0.1606347,0.16033301,0.16001348,0.15967743,0.15932617,0.15896109,0.15858346,0.15819469,0.15779611,0.157389,0.15697475,0.15655473,0.15613024,0.15570259,0.15527314,0.15484329,0.1544143,0.15398756,0.1535644,0.15314612,0.15273412,0.15232973,0.15193425,0.15154903,0.15117545,0.15081482,0.15048288,0.15019307,0.14994332,0.1497316,0.14955577,0.1494138,0.14930363,0.14922315,0.14917031,0.14914303,0.14913923,0.14915684,0.1491938,0.14924803,0.14931744
0.15271477,0.15266117,0.15261608,0.15258086,0.15255687,0.15254542,0.1525479,0.1525656,0.15259993,0.15265219,0.15272376,0.15281594,0.1529301,0.15306762,0.15322977,0.15341797,0.15363352,0.15387289,0.15413032,0.15440401,0.15469202,0.15499254,0.15530364,0.1556235,0.1559502,0.15628189,0.15661673,0.1569528,0.15728825,0.15762119,0.15794978,0.15827212,0.15858635,0.15889059,0.159183,0.15946166,0.15972471,0.15997031,0.16019657,0.16040161,0.16058357,0.16074057,0.16087073,0.1609722,0.16104308,0.16108154,0.16108567,0.1610536,0.16098347,0.16087957,0.16074829,0.160591,0.16040903,0.16020373,0.15997647,0.15972856,0.15946135,0.15917622,0.15887448,0.15855746,0.15822658,0.15788311,0.15752843,0.15716387,0.1567908,0.15641056,0.15602449,0.15563393,0.15524021,0.1548447,0.15444875,0.15405369,0.1536609,0.15327166,0.15288737,0.15250938,0.15213898,0.15177758,0.1514265,0.15108706,0.15076065,0.15046085,0.15019909,0.14997354,0.14978227,0.14962348,0.14949529,0.14939575,0.14932308,0.14927533,0.14925069,0.14924724,0.14926317,0.14929657,0.14934552,0.14940824
0.15146625,0.1514121,0.15136652,0.15133095,0.15130669,0.15129511,0.15129763,0.15131551,0.15135022,0.15140302,0.15147533,0.15156849,0.15168385,0.15182282,0.1519867,0.15217687,0.15239473,0.15263546,0.15289226,0.1531635,0.15344752,0.15374263,0.15404716,0.15435949,0.15467793,0.15500078,0.15532644,0.15565316,0.15597937,0.15630335,0.15662345,0.15693799,0.15724531,0.15754375,0.15783161,0.15810734,0.15836912,0.15861541,0.15884449,0.1590546,0.1592443,0.15941179,0.15955535,0.15967341,0.15976425,0.15982626,0.15985772,0.15985698,0.1598224,0.15975606,0.15966207,0.1595418,0.15939654,0.15922776,0.15903674,0.15882488,0.1585935,0.15834399,0.15807775,0.15779607,0.1575003,0.15719189,0.15687211,0.15654238,0.15620403,0.1558584,0.15550688,0.15515086,0.15479167,0.15443063,0.15406917,0.15370855,0.15335025,0.15299557,0.15264592,0.15230258,0.15196694,0.15164037,0.15132421,0.15101987,0.15072866,0.15046196,0.15022911,0.15002848,0.14985836,0.14971709,0.14960305,0.1495145,0.14944986,0.14940737,0.14938548,0.14938241,0.1493966,0.14942628,0.14946985,0.14952561
0.15023099,0.15017596,0.15012965,0.15009351,0.15006883,0.15005708,0.15005963,0.15007783,0.15011306,0.15016672,0.1502402,0.15033488,0.15045209,0.15059328,0.15075983,0.15095305,0.1511744,0.1514178,0.15167539,0.15194567,0.1522272,0.15251847,0.15281805,0.15312445,0.15343624,0.15375197,0.1540701,0.15438922,0.15470782,0.15502451,0.15533778,0.15564615,0.15594815,0.15624237,0.15652727,0.15680148,0.15706347,0.15731174,0.1575449,0.1577615,0.15795997,0.15813892,0.15829691,0.1584324,0.15854397,0.15863015,0.15868948,0.15872046,0.15872169,0.15869297,0.1586362,0.15855268,0.15844388,0.1583111,0.15815571,0.15797916,0.15778276,0.15756801,0.15733619,0.1570887,0.1568269,0.15655223,0.15626605,0.15596974,0.15566465,0.15535222,0.15503377,0.15471072,0.15438448,0.15405639,0.15372778,0.15340015,0.1530748,0.15275311,0.15243657,0.1521264,0.15182412,0.15153103,0.15124851,0.15097798,0.1507208,0.15048614,0.15028131,0.15010478,0.14995512,0.14983083,0.14973049,0.14965259,0.14959568,0.14955832,0.14953907,0.14953636,0.1495488,0.14957495,0.14961328,0.14966235
0.14900832,0.14895208,0.14890482,0.1488679,0.14884275,0.14883077,0.14883333,0.1488519,0.1488879,0.1489427,0.14901772,0.14911439,0.14923409,0.14937826,0.14954829,0.14974561,0.14997165,0.15021905,0.1504787,0.15074943,0.1510299,0.1513188,0.15161493,0.15191703,0.15222374,0.1525338,0.15284607,0.15315919,0.15347181,0.15378277,0.15409075,0.15439449,0.15469274,0.1549842,0.15526763,0.15554173,0.15580525,0.15605687,0.15629537,0.15651949,0.15672788,0.15691936,0.1570926,0.15724635,0.15737931,0.1574903,0.15757793,0.15764104,0.15767828,0.15768735,0.1576677,0.15762079,0.15754804,0.1574508,0.1573305,0.15718858,0.15702643,0.15684545,0.1566471,0.15643275,0.15620379,0.15596168,0.15570782,0.15544358,0.15517041,0.15488973,0.15460293,0.15431143,0.15401666,0.15371996,0.1534228,0.15312663,0.15283276,0.15254268,0.15225777,0.1519794,0.15170905,0.15144813,0.15119803,0.15096015,0.1507359,0.15053232,0.15035458,0.15020137,0.1500715,0.14996369,0.14987661,0.14980902,0.14975965,0.14972723,0.14971048,0.14970818,0.14971898,0.14974163,0.14977492,0.1498175
0.14779757,0.14773992,0.14769149,0.14765358,0.14762779,0.14761546,0.14761811,0.1476372,0.14767408,0.14773028,0.14780723,0.14790638,0.14802912,0.14817697,0.14835137,0.14855374,0.14878553,0.14903815,0.1493012,0.14957364,0.1498544,0.15014237,0.15043648,0.15073566,0.15103881,0.15134482,0.15165266,0.15196122,0.15226942,0.15257618,0.15288043,0.15318102,0.15347697,0.15376708,0.1540504,0.15432572,0.15459202,0.15484823,0.15509324,0.15532595,0.15554531,0.15575023,0.15593964,0.1561124,0.1562675,0.1564038,0.15652026,0.15661576,0.15668924,0.15673614,0.15675366,0.15674314,0.15670611,0.15664396,0.15655822,0.15645027,0.1563216,0.15617359,0.15600775,0.15582554,0.15562831,0.15541764,0.15519486,0.15496151,0.154719,0.15446873,0.15421224,0.15395084,0.15368612,0.15341946,0.15315235,0.15288615,0.15262239,0.15236244,0.15210786,0.15186003,0.1516204,0.1513904,0.15117149,0.15096517,0.15077278,0.15059924,0.1504478,0.15031725,0.15020655,0.15011464,0.15004042,0.14998282,0.14994079,0.14991315,0.14989887,0.14989689,0.14990611,0.14992543,0.1499538,0.14999007
0.14659813,0.14653876,0.14648886,0.14644991,0.14642334,0.14641066,0.14641339,0.14643301,0.14647098,0.14652887,0.14660805,0.14671011,0.1468365,0.1469887,0.14716825,0.14737658,0.1476152,0.1478741,0.14814176,0.14841719,0.14869955,0.14898786,0.14928132,0.14957902,0.14987998,0.15018336,0.15048827,0.15079373,0.15109888,0.15140289,0.15170471,0.15200363,0.15229858,0.15258875,0.15287317,0.15315105,0.15342139,0.1536833,0.15393591,0.1541783,0.15440959,0.15462886,0.15483522,0.15502776,0.15520555,0.15536776,0.15551345,0.15564169,0.15575163,0.15583643,0.15589102,0.15591674,0.15591514,0.15588772,0.15583599,0.15576139,0.15566546,0.15554966,0.15541549,0.15526444,0.15509796,0.15491761,0.15472479,0.15452112,0.15430798,0.1540869,0.15385933,0.15362684,0.15339085,0.1531529,0.15291445,0.15267694,0.15244196,0.15221095,0.15198539,0.15176678,0.15155661,0.15135638,0.15116759,0.15099171,0.15083021,0.15068586,0.15055989,0.15045129,0.15035921,0.15028274,0.15022105,0.15017314,0.15013815,0.15011516,0.15010329,0.15010166,0.15010929,0.15012538,0.15014891,0.15017913
0.14540933,0.14534803,0.1452965,0.14525622,0.14522879,0.14521572,0.14521854,0.14523879,0.14527804,0.14533779,0.14541961,0.14552496,0.1456555,0.14581269,0.1459981,0.14621323,0.14645967,0.14672601,0.14699934,0.14727895,0.1475641,0.14785409,0.14814818,0.14844567,0.14874579,0.14904784,0.14935108,0.14965487,0.14995837,0.15026091,0.15056175,0.15086016,0.1511555,0.15144692,0.15173379,0.1520153,0.15229084,0.15255955,0.15282083,0.15307385,0.15331799,0.15355246,0.15377656,0.1539895,0.15419064,0.15437923,0.15455458,0.15471587,0.15486245,0.15498528,0.15507683,0.1551386,0.1551722,0.15517913,0.15516092,0.1551191,0.15505525,0.15497087,0.15486751,0.15474674,0.15461007,0.154459,0.15429516,0.15411998,0.1539351,0.15374199,0.15354224,0.15333731,0.15312886,0.1529183,0.15270723,0.15249723,0.15228975,0.15208642,0.15188871,0.15169816,0.15151633,0.1513448,0.15118504,0.15103857,0.15090704,0.15079105,0.15068977,0.15060247,0.15052846,0.15046707,0.15041745,0.15037894,0.15035078,0.15033235,0.1503228,0.15032148,0.15032762,0.15034056,0.15035953,0.15038376
0.14423048,0.14416702,0.14411367,0.144072,0.14404358,0.14403005,0.14403294,0.14405395,0.14409456,0.14415641,0.14424114,0.14435025,0.14448541,0.14464816,0.14484012,0.14506291,0.14531808,0.14559284,0.1458729,0.14615782,0.14644691,0.14673972,0.14703564,0.14733411,0.14763467,0.14793667,0.14823957,0.14854287,0.148846,0.14914836,0.14944941,0.14974867,0.1500455,0.15033941,0.15062979,0.15091617,0.15119791,0.1514745,0.15174538,0.15201001,0.15226783,0.15251827,0.15276079,0.15299486,0.15321986,0.15343535,0.15364067,0.15383533,0.15401874,0.15417966,0.15430816,0.15440583,0.15447435,0.15451522,0.1545301,0.15452051,0.15448815,0.15443447,0.15436117,0.15426981,0.15416202,0.15403932,0.15390338,0.15375574,0.153598,0.15343177,0.15325862,0.1530802,0.15289804,0.15271378,0.15252891,0.1523452,0.1521641,0.15198724,0.15181622,0.15165268,0.15149811,0.1513542,0.15122247,0.15110455,0.15100205,0.15091357,0.15083635,0.15076979,0.15071334,0.15066649,0.15062866,0.15059929,0.15057786,0.15056376,0.15055649,0.15055549,0.15056017,0.15057,0.15058447,0.15060297
0.14306101,0.14299518,0.1429398,0.14289655,0.14286706,0.142853,0.14285602,0.14287782,0.14291996,0.14298417,0.14307202,0.14318527,0.14332554,0.14349438,0.14369363,0.14392476,0.14418952,0.14447366,0.14476147,0.14505266,0.1453468,0.14564349,0.14594236,0.14624307,0.14654514,0.14684826,0.14715199,0.14745604,0.14775988,0.1480633,0.14836577,0.14866698,0.14896648,0.14926396,0.14955898,0.14985119,0.1501402,0.15042557,0.15070699,0.15098406,0.15125634,0.15152353,0.15178518,0.15204091,0.1522904,0.15253316,0.1527689,0.15299712,0.15321757,0.15341659,0.15358202,0.15371549,0.15381867,0.15389314,0.15394066,0.15396284,0.15396127,0.15393768,0.15389371,0.15383103,0.15375122,0.15365604,0.15354703,0.15342593,0.15329434,0.15315393,0.15300636,0.15285333,0.15269639,0.15253724,0.15237756,0.152219,0.15206315,0.15191175,0.15176637,0.15162875,0.15150048,0.15138322,0.15127863,0.15118836,0.1511141,0.1510524,0.15099853,0.15095215,0.1509128,0.15088013,0.15085374,0.1508333,0.15081832,0.15080847,0.15080339,0.1508027,0.15080598,0.15081286,0.15082294,0.15083581
0.14190021,0.14183179,0.14177422,0.14172927,0.14169864,0.14168403,0.1416872,0.1417098,0.1417536,0.14182034,0.14191167,0.14202935,0.14217511,0.14235064,0.14255767,0.1427979,0.14307308,0.14336742,0.14366394,0.1439624,0.14426252,0.14456417,0.14486703,0.14517096,0.1454757,0.14578101,0.14608671,0.14639257,0.14669836,0.14700378,0.14730878,0.147613,0.14791626,0.14821835,0.14851896,0.148818,0.14911518,0.14941028,0.14970312,0.14999339,0.15028094,0.15056552,0.15084693,0.1511249,0.15139925,0.15166977,0.1519362,0.15219831,0.15245594,0.15269317,0.15289548,0.15306455,0.15320215,0.15330997,0.1533897,0.15344311,0.1534719,0.15347776,0.15346247,0.15342766,0.15337515,0.15330653,0.15322366,0.15312819,0.15302181,0.15290628,0.15278327,0.15265457,0.15252186,0.15238686,0.15225129,0.15211686,0.15198529,0.15185829,0.15173762,0.15162492,0.15152201,0.15143055,0.1513522,0.15128879,0.15124197,0.15120637,0.15117526,0.15114848,0.15112579,0.15110692,0.1510917,0.15107988,0.15107125,0.15106557,0.15106265,0.15106225,0.15106417,0.15106809,0.15107393,0.15108138
0.14074746,0.14067625,0.14061637,0.14056958,0.14053772,0.14052251,0.14052579,0.14054932,0.14059491,0.14066432,0.1407594,0.14088184,0.14103349,0.14121611,0.14143154,0.14168154,0.14196783,0.14227326,0.1425793,0.1428859,0.14319295,0.14350045,0.14380829,0.14411645,0.14442483,0.14473338,0.14504205,0.14535074,0.14565943,0.145968,0.14627647,0.14658469,0.14689265,0.14720027,0.14750752,0.14781426,0.1481205,0.14842609,0.14873108,0.14903533,0.14933884,0.14964144,0.14994317,0.15024392,0.15054365,0.15084226,0.15113974,0.15143596,0.15173088,0.15200637,0.15224555,0.15245013,0.15262192,0.15276274,0.15287438,0.1529586,0.15301721,0.15305196,0.15306468,0.15305714,0.15303113,0.1529884,0.1529308,0.15286008,0.15277804,0.15268648,0.15258718,0.15248187,0.15237245,0.15226062,0.1521482,0.15203696,0.15192872,0.1518252,0.15172829,0.15163971,0.15156126,0.15149471,0.1514419,0.15140456,0.15138447,0.15137431,0.15136544,0.15135781,0.15135132,0.15134594,0.15134159,0.15133822,0.15133576,0.15133415,0.15133329,0.15133321,0.15133375,0.15133487,0.15133654,0.15133862
0.13960207,0.1395279,0.13946556,0.13941686,0.13938361,0.13936782,0.13937125,0.13939576,0.13944323,0.13951552,0.1396145,0.13974202,0.13989992,0.14009012,0.14031443,0.14057472,0.1408729,0.14119013,0.14150648,0.14182204,0.14213686,0.1424511,0.14276482,0.14307807,0.14339106,0.14370373,0.14401628,0.14432879,0.14464128,0.14495397,0.14526682,0.14557996,0.14589353,0.14620757,0.14652222,0.14683752,0.14715356,0.1474705,0.14778838,0.14810729,0.14842735,0.1487486,0.14907119,0.1493952,0.14972067,0.15004775,0.15037648,0.15070704,0.15103942,0.15135324,0.15162921,0.15186921,0.15207502,0.1522486,0.15239179,0.1525064,0.15259436,0.15265748,0.15269762,0.15271671,0.15271653,0.15269902,0.15266596,0.15261926,0.15256074,0.15249231,0.15241584,0.15233314,0.15224609,0.15215659,0.15206644,0.15197752,0.15189174,0.1518109,0.1517369,0.15167159,0.15161681,0.15157445,0.15154634,0.15153441,0.15154044,0.15155515,0.15156797,0.15157904,0.1515884,0.15159616,0.15160246,0.15160733,0.15161088,0.15161322,0.15161446,0.15161462,0.1516138,0.15161219,0.15160981,0.15160674
0.13846342,0.13838616,0.1383212,0.13827045,0.13823587,0.13821937,0.13822293,0.1382485,0.13829793,0.13837326,0.13847634,0.13860919,0.1387737,0.13897185,0.13920555,0.13947672,0.13978733,0.14011706,0.14044441,0.14076968,0.14109306,0.14141482,0.14173521,0.14205448,0.14237282,0.14269052,0.14300783,0.14332494,0.14364217,0.14395972,0.14427783,0.14459674,0.14491673,0.145238,0.14556085,0.14588542,0.14621206,0.14654097,0.14687239,0.14720659,0.14754377,0.1478842,0.14822815,0.1485758,0.14892742,0.14928332,0.14964363,0.15000865,0.15037861,0.15073082,0.15104356,0.1513188,0.1515585,0.15176456,0.151939,0.15208368,0.15220053,0.15229157,0.15235867,0.15240377,0.15242885,0.15243582,0.15242666,0.15240325,0.15236756,0.15232155,0.15226711,0.1522062,0.15214075,0.15207277,0.15200411,0.15193674,0.15187262,0.15181364,0.15176183,0.15171905,0.1516872,0.15166835,0.15166432,0.1516771,0.15170866,0.15174769,0.15178172,0.15181108,0.15183592,0.1518566,0.1518733,0.15188625,0.15189569,0.1519019,0.1519051,0.15190554,0.15190348,0.15189914,0.1518928,0.15188463
0.13733084,0.13725035,0.13718267,0.13712977,0.13709377,0.13707659,0.1370803,0.13710688,0.13715844,0.1372369,0.13734432,0.13748275,0.13765414,0.13786057,0.13810405,0.13838662,0.13871026,0.13905308,0.13939211,0.13972774,0.14006035,0.14039038,0.14071818,0.14104412,0.14136864,0.1416921,0.14201494,0.1423375,0.14266017,0.14298338,0.1433075,0.14363293,0.14396007,0.14428933,0.144621,0.1449556,0.14529346,0.14563496,0.14598055,0.14633057,0.14668542,0.14704552,0.1474112,0.14778295,0.14816107,0.14854601,0.1489381,0.14933784,0.14974551,0.15013611,0.1504856,0.15079607,0.15106943,0.1513078,0.15151316,0.15168753,0.15183297,0.15195143,0.152045,0.15211566,0.15216543,0.15219633,0.1522104,0.1522097,0.15219615,0.15217182,0.15213875,0.15209895,0.15205444,0.15200722,0.15195931,0.15191281,0.15186962,0.15183185,0.15180145,0.15178055,0.15177104,0.151775,0.15179448,0.15183145,0.15188797,0.15195079,0.15200566,0.15205294,0.15209301,0.15212627,0.15215315,0.152174,0.15218927,0.15219924,0.15220441,0.15220514,0.1522018,0.15219478,0.15218453,0.15217139
0.1362037,0.13611984,0.13604933,0.13599423,0.13595673,0.13593882,0.13594268,0.13597038,0.13602407,0.1361058,0.13621773,0.13636193,0.1365405,0.13675557,0.13700923,0.1373036,0.13764074,0.13799724,0.1383485,0.13869512,0.1390376,0.13937646,0.13971235,0.14004569,0.14037703,0.14070694,0.14103599,0.14136463,0.14169352,0.14202304,0.14235385,0.14268647,0.14302143,0.14335923,0.14370047,0.14404565,0.14439532,0.14475,0.14511023,0.1454766,0.14584959,0.14622974,0.14661764,0.14701377,0.14741871,0.14783296,0.14825708,0.14869164,0.14913711,0.14956617,0.14995238,0.15029792,0.15060487,0.1508753,0.1511114,0.1513152,0.15148881,0.15163437,0.15175396,0.1518497,0.1519237,0.151978,0.15201479,0.15203616,0.15204419,0.15204099,0.15202865,0.15200932,0.15198506,0.151958,0.15193024,0.15190388,0.15188104,0.15186381,0.15185429,0.15185459,0.15186681,0.1518931,0.1519355,0.15199617,0.15207717,0.15216339,0.15223865,0.15230355,0.15235853,0.1524042,0.15244108,0.15246971,0.1524906,0.15250432,0.15251143,0.15251242,0.15250786,0.15249822,0.15248412,0.15246612
0.13508135,0.13499402,0.13492057,0.13486321,0.13482411,0.13480547,0.1348095,0.13483834,0.13489427,0.13497938,0.13509594,0.13524611,0.1354321,0.13565606,0.13592023,0.13622677,0.1365779,0.13694853,0.13731253,0.13767067,0.13802354,0.13837188,0.13871635,0.13905767,0.13939644,0.13973343,0.14006928,0.14040466,0.14074028,0.14107679,0.1414149,0.14175525,0.14209862,0.14244561,0.14279687,0.14315318,0.14351518,0.1438835,0.1442589,0.14464203,0.14503355,0.14543417,0.14584458,0.14626545,0.14669743,0.14714126,0.14759761,0.1480671,0.14855047,0.14901799,0.14944091,0.14982149,0.15016186,0.15046422,0.15073079,0.15096372,0.15116525,0.15133755,0.15148279,0.15160324,0.151701,0.15177827,0.15183732,0.15188028,0.15190935,0.15192671,0.1519346,0.15193516,0.15193063,0.15192315,0.15191495,0.15190822,0.15190512,0.1519079,0.15191871,0.15193973,0.15197317,0.15202124,0.15208612,0.15217,0.15227507,0.1523843,0.15247965,0.15256184,0.15263154,0.15268937,0.1527361,0.15277237,0.15279882,0.15281622,0.15282518,0.15282646,0.15282068,0.1528085,0.15279067,0.15276779
0.1339631,0.13387221,0.13379574,0.13373604,0.13369536,0.13367596,0.13368014,0.13371018,0.13376838,0.13385698,0.13397829,0.13413462,0.13432817,0.1345613,0.13483627,0.13515532,0.13552082,0.135906,0.1362832,0.13665327,0.13701706,0.13737532,0.1377289,0.13807867,0.13842541,0.13876994,0.13911314,0.13945575,0.13979869,0.14014263,0.14048858,0.14083724,0.14118946,0.1415461,0.14190793,0.14227583,0.14265056,0.14303298,0.14342391,0.14382422,0.14423463,0.14465603,0.14508927,0.14553513,0.14599442,0.14646801,0.14695665,0.14746127,0.1479826,0.14848864,0.14894827,0.14936379,0.14973748,0.15007162,0.15036848,0.15063034,0.1508595,0.15105826,0.15122883,0.1513736,0.15149476,0.15159462,0.15167548,0.15173958,0.15178925,0.15182678,0.15185438,0.15187438,0.15188904,0.1519007,0.15191156,0.15192395,0.15194015,0.15196243,0.15199308,0.15203439,0.15208864,0.15215808,0.152245,0.1523517,0.15248047,0.1526124,0.15272756,0.1528268,0.15291095,0.15298082,0.1530372,0.15308101,0.15311298,0.15313399,0.15314484,0.15314634,0.15313935,0.15312463,0.15310311,0.15307552
0.1328483,0.13275376,0.13267426,0.13261217,0.13256983,0.13254966,0.13255402,0.13258529,0.13264579,0.13273798,0.13286413,0.13302673,0.13322806,0.13347054,0.13375653,0.13408844,0.13446857,0.13486864,0.13525942,0.13564183,0.13601688,0.13638549,0.13674864,0.1371073,0.13746239,0.137815,0.1381659,0.13851622,0.13886684,0.13921879,0.13957295,0.13993031,0.14029184,0.14065856,0.14103135,0.14141119,0.14179905,0.14219594,0.14260274,0.14302053,0.14345013,0.14389263,0.14434889,0.14481996,0.14530675,0.14581023,0.1463314,0.14687118,0.14743057,0.14797512,0.14847142,0.14892186,0.14932878,0.14969453,0.15002155,0.15031217,0.15056874,0.1507937,0.15098937,0.15115815,0.1513024,0.15142451,0.15152685,0.15161173,0.15168165,0.1517389,0.15178582,0.15182486,0.1518583,0.15188867,0.15191822,0.15194935,0.15198438,0.1520258,0.1520759,0.1521371,0.15221174,0.15230219,0.15241084,0.15254006,0.15269223,0.15284656,0.15298127,0.15309735,0.1531958,0.15327753,0.15334353,0.15339473,0.15343215,0.15345673,0.15346941,0.15347116,0.15346296,0.15344581,0.1534206,0.1533883
0.13173635,0.13163812,0.13155548,0.13149092,0.13144694,0.13142599,0.13143048,0.13146298,0.13152589,0.13162166,0.1317528,0.13192177,0.13213103,0.13238303,0.13268025,0.13302517,0.13342024,0.13383552,0.13424015,0.13463525,0.13502188,0.13540114,0.1357742,0.13614209,0.13650595,0.13686685,0.13722596,0.1375843,0.13794301,0.13830319,0.13866596,0.1390324,0.13940361,0.13978067,0.14016472,0.14055684,0.14095818,0.14136977,0.14179279,0.14222825,0.14267732,0.1431411,0.14362065,0.1441171,0.14463153,0.1451651,0.14571883,0.14629391,0.14689137,0.14747448,0.14800745,0.14849275,0.14893283,0.14933008,0.14968714,0.15000634,0.15029016,0.15054111,0.15076166,0.15095423,0.15112135,0.15126538,0.15138888,0.15149432,0.15158415,0.15166077,0.15172672,0.15178445,0.15183644,0.15188512,0.151933,0.1519825,0.15203613,0.15209636,0.15216558,0.15224634,0.15234108,0.15245228,0.15258233,0.15273382,0.15290913,0.15308559,0.15323967,0.15337248,0.15348507,0.15357852,0.153654,0.15371259,0.15375537,0.15378344,0.15379798,0.15380001,0.15379065,0.15377097,0.15374213,0.15370524
0.1306266,0.13052458,0.13043876,0.13037175,0.13032608,0.13030434,0.130309,0.13034274,0.13040802,0.1305075,0.13064365,0.13081911,0.13103637,0.13129802,0.13160662,0.13196476,0.13237497,0.13280568,0.13322438,0.13363235,0.13403082,0.13442104,0.1348042,0.13518164,0.1355545,0.13592406,0.13629152,0.1366582,0.13702527,0.13739403,0.13776565,0.13814141,0.13852252,0.13891026,0.13930582,0.1397105,0.14012551,0.14055209,0.14099143,0.14144485,0.14191352,0.14239876,0.14290175,0.14342375,0.14396596,0.14452966,0.14511609,0.14572647,0.14636205,0.14698376,0.14755338,0.1480735,0.14854664,0.1489754,0.14936233,0.14971001,0.15002096,0.15029779,0.15054296,0.15075918,0.1509489,0.15111475,0.15125921,0.15138492,0.1514944,0.15159024,0.15167491,0.15175112,0.15182133,0.15188815,0.15195407,0.15202172,0.15209362,0.15217237,0.15226051,0.15236062,0.15247521,0.15260687,0.1527582,0.15293172,0.15312997,0.15332845,0.15350175,0.15365107,0.15377769,0.1538828,0.1539677,0.15403359,0.1540817,0.15411331,0.1541296,0.1541319,0.15412135,0.15409926,0.15406683,0.15402533
0.12951832,0.1294125,0.12932354,0.12925401,0.12920664,0.12918405,0.12918891,0.12922391,0.12929165,0.1293948,0.12953605,0.12971799,0.12994336,0.13021477,0.13053487,0.13090634,0.13133182,0.13177808,0.13221103,0.13263209,0.13304256,0.13344388,0.13383742,0.1342245,0.13460656,0.13498494,0.13536105,0.1357362,0.13611184,0.1364893,0.13687001,0.13725527,0.13764648,0.13804504,0.13845235,0.13886972,0.13929854,0.13974023,0.14019611,0.14066762,0.14115608,0.14166285,0.14218938,0.14273697,0.14330706,0.143901,0.14452015,0.14516592,0.14583966,0.14649995,0.14710623,0.14766115,0.14816736,0.1486275,0.14904432,0.14942035,0.14975832,0.15006086,0.15033063,0.15057032,0.15078254,0.15096998,0.1511353,0.15128112,0.1514101,0.15152492,0.15162826,0.1517227,0.15181096,0.15189569,0.15197952,0.15206513,0.15215515,0.15225227,0.15235916,0.15247837,0.1526127,0.15276472,0.15293707,0.15313251,0.15335359,0.15357396,0.15376633,0.15393215,0.1540727,0.15418942,0.15428366,0.15435681,0.15441023,0.1544453,0.15446341,0.15446594,0.15445425,0.15442973,0.15439373,0.15434763
0.12841094,0.12830131,0.12820911,0.1281371,0.12808801,0.12806462,0.12806964,0.1281059,0.12817608,0.12828296,0.1284293,0.12861785,0.12885132,0.12913252,0.12946416,0.12984903,0.13028987,0.13075179,0.13119908,0.13163328,0.1320559,0.13246842,0.13287236,0.13326928,0.13366061,0.13404796,0.13443278,0.13481656,0.13520089,0.13558719,0.13597701,0.1363719,0.13677333,0.13718286,0.13760194,0.13803211,0.13847485,0.13893177,0.13940425,0.13989389,0.14040218,0.14093064,0.14148071,0.14205405,0.14265203,0.14327626,0.14392817,0.14460933,0.14532124,0.14602011,0.14666303,0.14725272,0.14779197,0.14828351,0.14873008,0.14913449,0.14949939,0.14982764,0.15012193,0.15038502,0.1506197,0.15082864,0.15101467,0.15118052,0.1513289,0.15146266,0.15158446,0.15169713,0.15180331,0.15190586,0.15200749,0.15211093,0.152219,0.15233439,0.15245986,0.1525982,0.1527521,0.15292439,0.15311772,0.15333496,0.15357879,0.15382099,0.15403238,0.15421459,0.15436904,0.15449734,0.1546009,0.15468131,0.15473999,0.15477858,0.15479848,0.15480126,0.1547884,0.15476143,0.15472187,0.15467119
0.12730378,0.12719032,0.12709491,0.12702036,0.12696958,0.12694535,0.1269506,0.1269881,0.12706073,0.12717134,0.12732275,0.1275179,0.1277595,0.12805052,0.12839374,0.12879203,0.12924823,0.12972583,0.13018748,0.13063484,0.13106962,0.13149336,0.13190779,0.13231453,0.13271523,0.13311149,0.13350505,0.1338975,0.13429047,0.13468567,0.1350847,0.13548927,0.13590093,0.13632141,0.13675229,0.1371953,0.13765201,0.13812408,0.13861325,0.13912106,0.13964921,0.14019929,0.14077301,0.14137205,0.14199795,0.14265245,0.14333716,0.14405374,0.14480379,0.14554127,0.1462208,0.14684528,0.1474176,0.14794049,0.14841685,0.14884956,0.14924143,0.14959534,0.14991412,0.1502006,0.15045767,0.15068813,0.15089487,0.15108073,0.15124853,0.15140116,0.15154143,0.15167223,0.15179634,0.15191668,0.1520361,0.15215738,0.1522834,0.15241702,0.1525611,0.15271848,0.15289198,0.15308449,0.15329883,0.15353784,0.1538044,0.15406837,0.1542988,0.15449739,0.1546658,0.1548056,0.15491846,0.15500608,0.15507008,0.15511213,0.15513383,0.15513685,0.15512283,0.15509342,0.15505031,0.15499511
0.12619618,0.12607889,0.12598026,0.12590323,0.12585072,0.12582572,0.12583111,0.12586987,0.12594494,0.12605926,0.12621579,0.12641746,0.1266672,0.12696801,0.12732276,0.12773442,0.12820596,0.12869917,0.12917519,0.12963569,0.13008255,0.13051747,0.13094231,0.13135882,0.13176878,0.13217397,0.13257621,0.13297723,0.1333789,0.13378292,0.1341911,0.1346052,0.13502708,0.13545845,0.13590111,0.13635688,0.13682747,0.1373148,0.13782051,0.13834645,0.1388944,0.13946614,0.14006345,0.14068814,0.14134194,0.14202674,0.14274418,0.14349613,0.14428437,0.14506039,0.14577663,0.14643593,0.14704123,0.1475955,0.1481017,0.14856274,0.1489816,0.14936122,0.14970449,0.1500144,0.1502939,0.15054594,0.15077342,0.15097934,0.1511666,0.15133813,0.15149692,0.15164591,0.15178801,0.15192622,0.15206343,0.15220259,0.15234667,0.15249859,0.1526613,0.15283777,0.15303092,0.15324369,0.15347902,0.15373987,0.15402919,0.15431495,0.15456448,0.15477952,0.15496182,0.15511316,0.1552354,0.15533029,0.15539958,0.15544507,0.15546854,0.15547182,0.15545663,0.15542485,0.15537813,0.15531838
0.12508747,0.12496642,0.1248646,0.12478507,0.1247309,0.12470506,0.12471063,0.12475063,0.124828145,0.12494617,0.12510774,0.1253159,0.12557375,0.12588425,0.12625046,0.12667543,0.1271622,0.12767096,0.12816112,0.12863468,0.1290935,0.12953946,0.12997457,0.13040075,0.13081983,0.13123383,0.1316446,0.13205408,0.13246423,0.13287692,0.13329412,0.13371769,0.13414961,0.13459176,0.13504611,0.13551447,0.13599892,0.13650127,0.13702348,0.13756745,0.13813514,0.1387284,0.13934922,0.1399995,0.14068118,0.14139612,0.1421463,0.1429336,0.14376001,0.14457463,0.1453275,0.14602159,0.14665997,0.14724565,0.14778171,0.14827119,0.14871709,0.14912246,0.14949034,0.14982378,0.15012583,0.1503995,0.15064786,0.1508739,0.15108076,0.15127133,0.1514488,0.15161608,0.1517763,0.15193248,0.15208763,0.1522448,0.15240704,0.1525774,0.1527589,0.15295453,0.15316746,0.1534006,0.15365705,0.15393984,0.15425202,0.1545597,0.15482838,0.15505986,0.15525615,0.1554191,0.15555072,0.15565287,0.15572746,0.15577644,0.15580173,0.15580526,0.15578893,0.15575469,0.15570441,0.15564005
0.12397702,0.12385225,0.123747274,0.123665296,0.123609416,0.12358279,0.12358853,0.12362977,0.123709664,0.12383136,0.123997964,0.12421256,0.12447837,0.12479849,0.12517604,0.12561418,0.12611602,0.12664013,0.1271443,0.12763071,0.12810124,0.12855808,0.12900327,0.12943885,0.1298669,0.1302894,0.13070852,0.13112624,0.13154466,0.13196585,0.1323918,0.13282463,0.13326636,0.13371912,0.13418488,0.13466574,0.13516378,0.13568102,0.13621953,0.13678136,0.13736862,0.1379833,0.13862751,0.13930327,0.14001267,0.14075778,0.14154059,0.14236324,0.14322773,0.14408092,0.14487042,0.1455994,0.14627084,0.14688805,0.14745405,0.147972,0.14844505,0.14887631,0.14926895,0.14962605,0.14995082,0.15024632,0.1505157,0.15076211,0.15098867,0.15119852,0.15139483,0.15158062,0.15175916,0.1519335,0.1521068,0.1522822,0.15246281,0.15265177,0.15285222,0.15306732,0.15330012,0.15355387,0.15383159,0.15413651,0.15447168,0.15480143,0.15508932,0.15533744,0.15554774,0.15572242,0.15586343,0.15597293,0.15605287,0.15610535,0.15613244,0.15613624,0.15611874,0.15608205,0.15602817,0.15595919
0.12286425,0.12273572,0.12262765,0.12254326,0.12248573,0.12245829,0.1224642,0.12250666,0.12258895,0.122714214,0.12288573,0.12310672,0.123380385,0.12370997,0.1240987,0.1245498,0.1250665,0.1256057,0.12612367,0.12662259,0.12710467,0.12757207,0.12802705,0.12847176,0.12890841,0.12933919,0.12976633,0.13019198,0.13061838,0.13104771,0.13148214,0.13192394,0.13237526,0.13283826,0.13331519,0.13380827,0.13431963,0.13485152,0.13540609,0.13598558,0.13659222,0.13722813,0.13789554,0.13859662,0.13933367,0.14010873,0.14092413,0.14178202,0.14268456,0.14357635,0.14440253,0.14516631,0.145871,0.14651974,0.1471158,0.14766237,0.14816274,0.14862007,0.1490376,0.1494186,0.14976627,0.1500838,0.15037444,0.15064149,0.15088804,0.1511174,0.15133281,0.15153746,0.15173456,0.15192735,0.15211907,0.15231295,0.15251224,0.15272011,0.1529398,0.15317453,0.15342756,0.1537021,0.15400136,0.15432857,0.154687,0.15503901,0.15534632,0.15561114,0.15583564,0.1560221,0.15617266,0.15628947,0.15637483,0.15643087,0.1564598,0.15646385,0.15644515,0.15640597,0.15634847,0.15627486
0.121748365,0.12161624,0.121505134,0.12141835,0.12135918,0.121331,0.121337086,0.12138076,0.121465325,0.12159412,0.121770486,0.12199769,0.12227907,0.12261795,0.123017676,0.12348148,0.12401273,0.12456674,0.12509814,0.12560932,0.12610252,0.12658013,0.12704451,0.127498,0.1279429,0.12838154,0.1288163,0.12924953,0.1296835,0.1301206,0.13056318,0.13101354,0.131474,0.13194697,0.13243471,0.13293965,0.13346402,0.13401026,0.13458063,0.13517751,0.13580322,0.1364601,0.1371505,0.13787673,0.13864116,0.13944614,0.14029399,0.14118703,0.1421276,0.14305788,0.14392072,0.14471948,0.14545739,0.14613779,0.14676404,0.14733945,0.1478673,0.1483509,0.14879361,0.14919874,0.14956956,0.14990945,0.15022169,0.15050963,0.15077654,0.15102577,0.15126063,0.15148439,0.15170042,0.1519121,0.1521226,0.15233533,0.15255362,0.15278071,0.15302,0.15327473,0.15354829,0.15384394,0.15416504,0.15451486,0.15489677,0.15527125,0.1555982,0.15587994,0.15611883,0.15631716,0.15647732,0.15660165,0.15669243,0.15675205,0.15678284,0.15678711,0.15676725,0.15672554,0.15666437,0.15658608
0.120628834,0.120493166,0.12037906,0.12028995,0.12022922,0.12020026,0.1202065,0.12025136,0.120338194,0.12047047,0.120651536,0.12088484,0.121173754,0.12152172,0.121932104,0.12240833,0.122953825,0.12352226,0.1240667,0.12458966,0.12509361,0.12558104,0.12605438,0.12651616,0.12696886,0.12741494,0.12785685,0.12829712,0.12873825,0.12918265,0.12963286,0.13009134,0.13056058,0.13104302,0.13154116,0.13205752,0.13259453,0.13315468,0.13374048,0.13435438,0.13499889,0.13567646,0.13638958,0.13714074,0.13793239,0.13876706,0.1396472,0.14057529,0.1415538,0.1425226,0.14342214,0.14425583,0.1450271,0.14573935,0.14639595,0.14700034,0.14755593,0.14806609,0.14853424,0.1489638,0.14935817,0.14972074,0.1500549,0.15036416,0.15065183,0.15092129,0.15117602,0.15141937,0.15165482,0.1518857,0.15211545,0.15234748,0.15258518,0.15283196,0.15309122,0.1533664,0.15366085,0.15397803,0.15432131,0.1546941,0.1550998,0.15549707,0.15584391,0.15614277,0.1563962,0.15660661,0.15677649,0.1569084,0.15700471,0.15706797,0.15710062,0.15710516,0.15708409,0.15703984,0.15697494,0.15689187
0.119504936,0.11936583,0.11924885,0.11915748,0.119095206,0.11906554,0.119071916,0.11911792,0.11920694,0.11934255,0.11952823,0.11976743,0.12006367,0.12042044,0.120841235,0.121329546,0.12188885,0.12247128,0.12302832,0.12356262,0.124076806,0.124573484,0.12505527,0.12552485,0.12598476,0.1264377,0.12688622,0.12733305,0.12778075,0.1282319,0.12868924,0.1291553,0.12963273,0.13012412,0.13063218,0.13115948,0.13170864,0.13228235,0.13288312,0.13351366,0.13417657,0.13487446,0.13561001,0.13638577,0.13720444,0.13806857,0.1389808,0.13994384,0.14096022,0.14196749,0.14290376,0.14377253,0.14457725,0.14532144,0.14600863,0.14664224,0.14722581,0.14776282,0.14825675,0.14871112,0.1491294,0.14951509,0.14987168,0.15020266,0.15051152,0.15080172,0.15107685,0.15134029,0.15159562,0.15184629,0.15209578,0.15234761,0.15260524,0.15287219,0.15315196,0.153448,0.15376386,0.15410297,0.15446885,0.15486501,0.15529494,0.15571533,0.15608236,0.15639865,0.15666683,0.15688948,0.15706928,0.15720883,0.15731075,0.1573777,0.15741223,0.15741706,0.15739478,0.15734795,0.15727927,0.15719132
0.11837607,0.11823362,0.11811385,0.11802028,0.11795652,0.11792614,0.117932685,0.117979765,0.11807095,0.11820979,0.11839989,0.11864481,0.11894813,0.11931343,0.11974429,0.120244265,0.12081693,0.12141281,0.121981926,0.12252702,0.123050846,0.123556204,0.12404586,0.12452257,0.12498911,0.12544829,0.12590285,0.12635551,0.12680914,0.12726647,0.12773024,0.12820324,0.12868829,0.12918809,0.12970546,0.13024317,0.13080394,0.13139059,0.13200592,0.13265263,0.13333352,0.13405138,0.13480894,0.13560905,0.1364544,0.13734774,0.13829197,0.13928977,0.1403439,0.14138961,0.14236261,0.14326651,0.14410484,0.14488119,0.14559914,0.14626227,0.14687416,0.14743838,0.14795849,0.14843805,0.1488807,0.14928998,0.14966944,0.1500227,0.15035331,0.15066485,0.15096089,0.15124504,0.1515208,0.15179183,0.15206167,0.15233387,0.15261203,0.15289973,0.15320055,0.15351805,0.15385582,0.1542174,0.15460642,0.1550264,0.15548098,0.15592489,0.15631248,0.15664645,0.15692963,0.15716475,0.15735462,0.15750197,0.15760963,0.15768029,0.15771681,0.15772186,0.15769832,0.15764888,0.15757637,0.1574835
0.117241524,0.11709591,0.11697344,0.11687778,0.11681259,0.11678151,0.11678823,0.11683637,0.11692958,0.11707154,0.11726589,0.11751632,0.11782645,0.118199915,0.118640415,0.11915161,0.119737126,0.120345935,0.12092649,0.12148173,0.12201458,0.12252796,0.123024784,0.12350796,0.12398043,0.12444511,0.124904945,0.1253628,0.12582164,0.12628438,0.12675394,0.12723322,0.12772515,0.12823269,0.12875871,0.1293062,0.12987797,0.13047704,0.1311063,0.13176864,0.13246706,0.13320442,0.13398363,0.13480766,0.13567938,0.13660175,0.13757768,0.1386101,0.1397019,0.14078599,0.14179578,0.14273487,0.14360695,0.14441565,0.14516465,0.14585762,0.14649814,0.14708996,0.14763668,0.14814197,0.14860947,0.14904287,0.1494458,0.14982195,0.15017489,0.15050837,0.15082602,0.15113148,0.15142839,0.15172042,0.15201125,0.15230449,0.15260385,0.15291297,0.15323547,0.15357503,0.15393531,0.15431997,0.15473263,0.15517701,0.1556567,0.15612462,0.15653312,0.15688515,0.15718365,0.15743147,0.15763159,0.15778692,0.15790035,0.15797487,0.15801333,0.1580187,0.15799387,0.15794173,0.1578653,0.15776744
0.116100706,0.115952045,0.11582701,0.11572935,0.11566279,0.11563107,0.1156379,0.11568704,0.11578223,0.11592716,0.11612558,0.116381235,0.11669785,0.11707915,0.11752889,0.11805077,0.11864854,0.11926961,0.11986097,0.120425686,0.12096682,0.12148747,0.1219907,0.12247958,0.12295719,0.1234266,0.12389088,0.12435312,0.12481638,0.12528373,0.12575828,0.12624305,0.12674116,0.12725566,0.12778962,0.12834613,0.12892827,0.1295391,0.1301817,0.13085912,0.1315745,0.13233083,0.13313124,0.1339788,0.13487655,0.1358276,0.13683501,0.13790186,0.13903122,0.14015368,0.14120021,0.14217465,0.14308064,0.14392193,0.14470224,0.14542536,0.14609498,0.14671482,0.14728865,0.14782017,0.14831312,0.14877124,0.14919826,0.14959793,0.14997394,0.15033005,0.15066999,0.15099747,0.15131626,0.15163007,0.15194266,0.1522577,0.15257898,0.1529102,0.15325513,0.15361746,0.15400092,0.15440929,0.15484627,0.15531558,0.15582098,0.15631337,0.15674326,0.15711372,0.15742782,0.1576886,0.1578992,0.15806265,0.15818205,0.15826043,0.15830092,0.15830655,0.1582804,0.15822558,0.15814516,0.15804218
0.115026906,0.11487544,0.11474809,0.11464858,0.114580765,0.11454847,0.114555456,0.1146055,0.11470246,0.11485011,0.11505224,0.1153127,0.11563525,0.116023704,0.116481856,0.11701354,0.11762252,0.118254796,0.11885593,0.119429186,0.119977765,0.12050486,0.12101371,0.12150755,0.12198959,0.12246304,0.122931115,0.123397045,0.12386405,0.12433536,0.124814175,0.12530373,0.12580723,0.12632789,0.12686893,0.12743361,0.12802508,0.12864664,0.12930144,0.1299927,0.13072373,0.13149765,0.1323177,0.13318716,0.13410914,0.13508697,0.1361238,0.13722287,0.13838741,0.13954583,0.14062694,0.14163454,0.14257243,0.14344443,0.14425431,0.1450059,0.14570299,0.14634936,0.14694887,0.14750528,0.1480224,0.14850402,0.14895397,0.14937603,0.14977403,0.15015173,0.15051292,0.15086149,0.15120119,0.15153582,0.15186916,0.152205,0.15254723,0.15289961,0.15326591,0.15364994,0.15405554,0.15448648,0.15494655,0.15543959,0.15596938,0.156485,0.15693519,0.15732312,0.15765202,0.15792514,0.1581457,0.15831685,0.15844183,0.15852393,0.15856633,0.15857224,0.15854488,0.15848745,0.15840323,0.15829538
0.11408943,0.11393554,0.11380613,0.11370503,0.113636136,0.113603294,0.11361038,0.113661245,0.11375977,0.11390978,0.114115186,0.114379816,0.114707544,0.11510225,0.11556779,0.11610798,0.116726756,0.11736878,0.117978506,0.1185592,0.11911424,0.11964699,0.12016076,0.12065893,0.12114483,0.121621795,0.1220932,0.12256234,0.12303265,0.12350739,0.123989925,0.12448364,0.12499185,0.1255179,0.1260651,0.12663691,0.12723659,0.12786745,0.12853292,0.12923631,0.12998098,0.13077022,0.13160747,0.132496,0.13343918,0.13444033,0.13550289,0.1366301,0.13782534,0.13901514,0.14012642,0.14116299,0.14212878,0.14302754,0.1438632,0.14463967,0.14536071,0.14603028,0.1466522,0.14723036,0.14776856,0.14827073,0.14874066,0.14918232,0.14959948,0.14999603,0.15037584,0.15074278,0.15110074,0.15145348,0.15180497,0.15215905,0.15251955,0.15289032,0.15327533,0.15367831,0.15410322,0.15455385,0.15503411,0.15554787,0.15609895,0.15663485,0.15710273,0.15750596,0.15784782,0.15813166,0.15836085,0.15853876,0.15866867,0.15875398,0.15879808,0.1588042,0.15877573,0.15871611,0.15862852,0.15851642
0.11328156,0.1131256,0.11299441,0.11289193,0.1128221,0.11278882,0.112795986,0.11284756,0.11294741,0.11309948,0.11330768,0.11357591,0.11390812,0.11430819,0.11478005,0.115327634,0.11595484,0.11660531,0.11722237,0.11780948,0.11837011,0.11890772,0.119425744,0.11992764,0.12041687,0.120896876,0.12137112,0.121843085,0.12231619,0.122793876,0.12327967,0.12377696,0.124289215,0.12481989,0.12537247,0.12595037,0.12655708,0.12719601,0.12787066,0.1285845,0.12934092,0.13014342,0.13099541,0.13190039,0.13286181,0.13388315,0.13496779,0.13611928,0.13734098,0.13855787,0.1396951,0.14075665,0.14174642,0.14266829,0.1435262,0.14432408,0.14506581,0.14575534,0.14639659,0.14699344,0.14754984,0.14806966,0.14855689,0.14901537,0.14944907,0.14986187,0.1502577,0.15064049,0.15101415,0.15138258,0.15174967,0.15211943,0.15249568,0.1528824,0.15328346,0.15370277,0.15414426,0.15461192,0.15510955,0.15564114,0.15621059,0.15676399,0.15724716,0.15766346,0.15801647,0.15830964,0.15854628,0.15872999,0.15886416,0.15895225,0.15899776,0.15900409,0.15897474,0.15891309,0.1588227,0.15870696
0.112596616,0.112438865,0.11230617,0.11220254,0.112131916,0.112098254,0.1121055,0.11215766,0.11225864,0.112412445,0.11262302,0.11289431,0.11323032,0.113634944,0.11411219,0.114666015,0.115300365,0.11595797,0.11658128,0.11717385,0.11773922,0.11828095,0.118802555,0.11930759,0.119799644,0.12028225,0.120758906,0.12123323,0.121708736,0.12218893,0.122677445,0.12317777,0.12369348,0.12422808,0.1247852,0.12536827,0.12598094,0.12662674,0.12730919,0.12803183,0.12879822,0.12961192,0.1304765,0.13139541,0.1323723,0.1334107,0.13451415,0.13568619,0.13693032,0.13817014,0.13932945,0.14041214,0.14142224,0.14236367,0.14324047,0.14405648,0.14481577,0.14552222,0.14617983,0.14679258,0.14736435,0.14789921,0.14840104,0.14887384,0.14932154,0.14974812,0.15015759,0.15055373,0.15094073,0.15132245,0.15170282,0.15208584,0.15247545,0.15287559,0.1532903,0.1537235,0.15417911,0.15466115,0.15517354,0.15572028,0.15630528,0.15687346,0.15736958,0.15779707,0.15815951,0.15846048,0.15870346,0.1588921,0.15902987,0.15912035,0.15916704,0.15917355,0.1591434,0.15908013,0.15898733,0.15886846
0.11202788,0.11186864,0.11173472,0.111630104,0.11155883,0.11152485,0.11153218,0.1115848,0.111686744,0.111841984,0.11205452,0.11232836,0.11266751,0.113075934,0.11355763,0.11411663,0.114756934,0.11542047,0.11604896,0.11664605,0.11721534,0.11776049,0.118285075,0.118792765,0.119287156,0.119771875,0.120250575,0.120726846,0.12120433,0.12168662,0.12217739,0.122680254,0.1231988,0.12373668,0.12429752,0.12488494,0.12550257,0.12615404,0.12684296,0.12757291,0.12834764,0.12917064,0.1300456,0.13097613,0.13196585,0.13301842,0.13413745,0.13532655,0.13658933,0.1378482,0.13902579,0.14012608,0.14115305,0.14211076,0.1430032,0.14383431,0.14460815,0.14532866,0.1459999,0.1466258,0.14721036,0.1477577,0.14827164,0.14875631,0.14921564,0.14965367,0.15007435,0.15048173,0.15087977,0.1512725,0.15166388,0.1520579,0.15245861,0.15287001,0.15329601,0.15374067,0.15420803,0.15470202,0.15522666,0.15578595,0.15638387,0.15696439,0.15747122,0.157908,0.15827827,0.15858573,0.15883404,0.15902671,0.15916747,0.1592599,0.15930763,0.15931427,0.15928349,0.15921882,0.15912397,0.15900256
0.11156864,0.1114082,0.11127329,0.111167885,0.11109607,0.11106185,0.11106922,0.11112226,0.111224964,0.11138137,0.11159548,0.11187138,0.112213045,0.11262453,0.11310986,0.11367303,0.114318125,0.114986435,0.11561912,0.11621986,0.11679234,0.11734023,0.117867246,0.11837707,0.11887334,0.11935978,0.11984011,0.12031795,0.12079703,0.12128103,0.12177364,0.12227851,0.12279938,0.12333989,0.12390378,0.12449468,0.12511632,0.12577234,0.12646645,0.12720236,0.12798376,0.1288143,0.12969768,0.13063754,0.13163766,0.13270168,0.13383329,0.13503614,0.13631397,0.13758823,0.1387806,0.13989507,0.14093573,0.14190657,0.14281161,0.14365493,0.14444049,0.14517236,0.14585455,0.14649111,0.14708605,0.14764337,0.14816718,0.14866142,0.14913014,0.1495774,0.1500072,0.15042357,0.15083058,0.15123217,0.15163243,0.15203539,0.15244505,0.15286545,0.15330066,0.1537546,0.15423138,0.15473506,0.15526956,0.15583897,0.15644734,0.15703782,0.15755332,0.15799753,0.15837416,0.15868692,0.15893947,0.15913543,0.15927859,0.15937258,0.15942113,0.15942791,0.15939659,0.15933082,0.15923437,0.15911087
0.11121219,0.11105084,0.11091514,0.11080916,0.11073691,0.11070247,0.11070989,0.11076324,0.110866524,0.11102384,0.1112392,0.11151668,0.11186032,0.11227418,0.112762295,0.11332873,0.11397754,0.11464958,0.115285516,0.11588907,0.116464026,0.117014065,0.11754295,0.11805438,0.11855213,0.11903993,0.11952152,0.12000057,0.12048092,0.12096624,0.12146024,0.12196673,0.122489356,0.12303192,0.12359816,0.12419178,0.12481649,0.1254761,0.12617427,0.12691478,0.12770137,0.12853773,0.12942761,0.13037479,0.13138294,0.13245583,0.1335972,0.13481076,0.13610028,0.13738646,0.13859028,0.13971579,0.14076704,0.14174806,0.14266293,0.14351568,0.1443104,0.14505103,0.14574178,0.14638656,0.14698954,0.14755468,0.14808607,0.14858776,0.14906378,0.1495182,0.14995508,0.15037845,0.15079236,0.1512009,0.15160802,0.15201794,0.15243453,0.15286195,0.1533042,0.15376541,0.15424952,0.15476066,0.15530287,0.15588015,0.1564966,0.15709478,0.15761703,0.15806703,0.15844858,0.15876542,0.15902124,0.15921982,0.15936488,0.15946008,0.15950924,0.1595161,0.15948436,0.15941773,0.15932004,0.1591949
0.110951856,0.110789806,0.11065354,0.11054711,0.110474564,0.11043998,0.11044743,0.110501006,0.11060474,0.11076269,0.11097897,0.11125761,0.11160268,0.11201828,0.11250845,0.11307725,0.11372878,0.11440352,0.115041845,0.11564747,0.116224214,0.11677581,0.117306076,0.1178187,0.11831754,0.118806325,0.11928881,0.11976879,0.12025001,0.120736286,0.121231325,0.121738985,0.12226294,0.122807,0.123374924,0.12397054,0.12459754,0.1252597,0.12596084,0.12670472,0.12749508,0.12833571,0.12923037,0.13018283,0.13119689,0.13227627,0.13342477,0.13464613,0.13594419,0.13723908,0.13845126,0.13958484,0.14064384,0.14163227,0.1425543,0.143414,0.14421532,0.14496243,0.14565937,0.14631024,0.14691904,0.14748989,0.14802682,0.14853396,0.14901532,0.14947495,0.149917,0.1503455,0.15076445,0.15117802,0.15159021,0.15200515,0.15242682,0.15285939,0.15330683,0.15377326,0.15426277,0.15477937,0.15532717,0.15591021,0.1565326,0.15713638,0.15766352,0.15811782,0.15850297,0.15882276,0.159081,0.15928148,0.15942782,0.15952395,0.15957358,0.1595805,0.15954846,0.15948126,0.1593826,0.15925631
0.110780895,0.1106184,0.110481784,0.11037505,0.11030229,0.11026763,0.11027512,0.110328816,0.11043283,0.11059121,0.11080809,0.11108749,0.11143352,0.11185025,0.11234174,0.112912126,0.113565415,0.114241965,0.11488183,0.11548883,0.11606675,0.116619386,0.11715051,0.11766395,0.11816349,0.11865291,0.119136,0.11961658,0.12009843,0.12058529,0.12108103,0.12158941,0.12211424,0.122659296,0.123228334,0.12382524,0.12445373,0.12511761,0.12582073,0.12656678,0.12735963,0.12820306,0.12910086,0.1300568,0.1310747,0.13215837,0.13331154,0.13453804,0.13584168,0.1371423,0.13836001,0.13949883,0.14056288,0.14155626,0.14248298,0.14334719,0.1441529,0.14490423,0.14560528,0.14626008,0.14687277,0.14744733,0.14798793,0.14849864,0.14898348,0.14944659,0.14989199,0.15032382,0.15074615,0.15116301,0.15157852,0.15199678,0.15242179,0.15285768,0.15330854,0.15377843,0.15427148,0.15479168,0.15534313,0.15592997,0.15655622,0.15716371,0.15769407,0.15815113,0.15853865,0.15886043,0.15912023,0.15932189,0.15946919,0.15956591,0.15961584,0.1596228,0.1595906,0.15952294,0.15942368,0.15929663
0.11069262,0.1105299,0.11039309,0.110286206,0.11021334,0.11017864,0.1101861,0.110239916,0.11034405,0.110502675,0.11071982,0.11099966,0.11134616,0.11176347,0.112255685,0.112826854,0.113481075,0.11415853,0.114799224,0.11540689,0.11598544,0.11653861,0.1170702,0.11758406,0.11808395,0.11857372,0.1190571,0.11953799,0.12002012,0.12050733,0.12100343,0.1215122,0.12203746,0.12258301,0.12315267,0.123750225,0.12437949,0.12504424,0.12574832,0.12649554,0.12728971,0.12813456,0.12903397,0.12999173,0.13101162,0.13209747,0.1332531,0.13448225,0.13578875,0.13709234,0.1383129,0.13945445,0.14052112,0.14151701,0.14244616,0.14331271,0.1441207,0.14487422,0.14557736,0.14623421,0.14684887,0.14742538,0.14796788,0.14848039,0.14896704,0.14943191,0.1498791,0.15031263,0.15073669,0.15115526,0.15157248,0.15199241,0.15241918,0.15285681,0.15330942,0.15378112,0.15427594,0.15479803,0.1553514,0.15594018,0.15656842,0.15717782,0.15770988,0.15816839,0.15855709,0.15887988,0.1591405,0.1593428,0.15949054,0.15958758,0.15963767,0.15964468,0.15961233,0.15954447,0.15944491,0.15931742
0.11068033,0.11051758,0.110380724,0.11027383,0.110200964,0.110166244,0.11017373,0.11022752,0.11033169,0.110490344,0.110707566,0.110987425,0.111333996,0.11175139,0.11224369,0.112814985,0.11346933,0.1141469,0.11478769,0.115395516,0.11597412,0.11652735,0.11705905,0.117572926,0.11807288,0.118562676,0.11904613,0.11952705,0.120009206,0.12049648,0.120992616,0.12150144,0.12202676,0.1225724,0.123142146,0.12373978,0.12436912,0.12503405,0.1257383,0.12648565,0.12727997,0.12812503,0.12902467,0.12998268,0.13100284,0.132089,0.13324492,0.13447446,0.13578138,0.1370854,0.13830632,0.1394483,0.14051531,0.14151154,0.14244108,0.1433079,0.14411621,0.14487003,0.14557347,0.1462306,0.14684552,0.14742234,0.14796507,0.14847787,0.14896475,0.14942986,0.14987731,0.1503111,0.15073535,0.15115419,0.15157165,0.15199181,0.15241882,0.15285668,0.15330955,0.1537815,0.15427658,0.1547989,0.15535252,0.15594158,0.15657012,0.1571798,0.15771207,0.15817077,0.15855967,0.15888259,0.15914336,0.15934572,0.15949354,0.15959057,0.15964074,0.15964772,0.15961534,0.15954745,0.15944788,0.15932034
0.1107373,0.11057472,0.11043798,0.11033116,0.11025839,0.11022369,0.11023118,0.110284895,0.110389,0.11054751,0.11076453,0.11104412,0.11139039,0.11180741,0.112299256,0.112870015,0.11352379,0.11420077,0.11484103,0.11544841,0.11602661,0.11657949,0.117110886,0.117624514,0.11812424,0.11861379,0.11909708,0.11957778,0.12005975,0.12054682,0.12104271,0.12155129,0.12207633,0.12262164,0.123191,0.1237882,0.12441707,0.1250814,0.12578498,0.12653162,0.1273251,0.12816925,0.12906785,0.13002467,0.13104355,0.1321283,0.13328269,0.13451049,0.13581556,0.13711765,0.13833675,0.13947694,0.14054228,0.14153685,0.14246485,0.14333017,0.14413698,0.14488943,0.14559151,0.14624731,0.14686094,0.1474365,0.14797807,0.14848964,0.14897537,0.14943933,0.14988565,0.1503183,0.15074144,0.1511592,0.15157552,0.15199462,0.1524205,0.15285726,0.153309,0.15377979,0.15427367,0.1547948,0.1553472,0.15593499,0.15656224,0.1571707,0.1577019,0.15815966,0.15854774,0.15887001,0.15913026,0.15933222,0.15947975,0.15957661,0.15962665,0.15963359,0.1596013,0.15953355,0.15943418,0.1593069
0.11085687,0.110694595,0.110558115,0.11045152,0.11037885,0.110344246,0.110351704,0.11040534,0.11050921,0.110667445,0.110884026,0.11116307,0.111508705,0.11192493,0.11241583,0.11298549,0.11363801,0.11431377,0.11495293,0.11555933,0.11613671,0.1166889,0.11721966,0.117732756,0.11823196,0.11872109,0.11920393,0.119684264,0.12016579,0.12065239,0.12114784,0.121655874,0.12218031,0.12272493,0.12329348,0.12388981,0.12451764,0.12518078,0.125883,0.12662809,0.12741983,0.12826204,0.12915839,0.13011283,0.13112901,0.13221076,0.13336186,0.13458608,0.13588725,0.13718534,0.13840058,0.13953708,0.14059886,0.14159006,0.1425147,0.14337687,0.14418067,0.14493011,0.14562935,0.14628237,0.14689332,0.14746626,0.1480052,0.14851433,0.14899762,0.14945918,0.1499031,0.15033343,0.15075426,0.15116966,0.15158372,0.15200049,0.15242404,0.15285845,0.15330778,0.15377617,0.15426758,0.1547862,0.15533604,0.15592118,0.15654571,0.15715158,0.15768053,0.15813635,0.15852278,0.15884368,0.15910281,0.15930392,0.15945083,0.15954727,0.15959707,0.15960403,0.15957186,0.1595044,0.1594054,0.1592787
0.111032285,0.11087047,0.11073437,0.11062809,0.11055562,0.110521086,0.11052855,0.11058204,0.110685624,0.1108434,0.111059375,0.11133766,0.111682296,0.11209735,0.112586886,0.11315497,0.113805644,0.11447957,0.11511714,0.11572216,0.11629833,0.11684944,0.11737927,0.117891565,0.11839004,0.1188785,0.11936073,0.11984043,0.120321386,0.12080734,0.121302076,0.12180935,0.12233291,0.122876495,0.12344391,0.12403887,0.12466519,0.12532657,0.1260268,0.12676965,0.12755883,0.12839814,0.12929133,0.13024212,0.13125437,0.13233176,0.13347805,0.13469702,0.13599242,0.13728464,0.13849424,0.13962533,0.1406819,0.14166805,0.14258789,0.14344542,0.1442447,0.14498982,0.14568484,0.14633384,0.14694084,0.14750989,0.14804514,0.14855057,0.1490303,0.14948833,0.14992876,0.15035567,0.15077308,0.15118511,0.15159573,0.15200908,0.15242922,0.15286016,0.15330602,0.15377083,0.15425867,0.1547736,0.15531965,0.15590094,0.15652147,0.15712354,0.15764917,0.15810214,0.15848617,0.15880506,0.15906253,0.15926242,0.15940839,0.15950422,0.15955372,0.15956062,0.15952869,0.15946159,0.15936324,0.15923735
0.11125689,0.11109564,0.110960044,0.11085413,0.110781945,0.11074752,0.11075494,0.11080824,0.11091147,0.11106866,0.11128388,0.11156115,0.11190453,0.11231811,0.11280589,0.11337191,0.11402024,0.11469182,0.11532734,0.11593056,0.1165052,0.11705496,0.11758362,0.11809484,0.11859242,0.119080044,0.119561456,0.12004038,0.120520554,0.12100571,0.12149954,0.1220058,0.122528255,0.123070545,0.12363648,0.12422974,0.12485411,0.12551323,0.12621093,0.12695085,0.12773676,0.12857239,0.12946148,0.13040775,0.13141489,0.13248666,0.13362682,0.13483903,0.13612707,0.13741176,0.13861415,0.13973828,0.14078818,0.14176793,0.14268157,0.14353314,0.14432669,0.14506628,0.14575592,0.1463997,0.14700165,0.1475658,0.14809623,0.14859702,0.14907211,0.14952563,0.14996162,0.15038411,0.15079716,0.1512048,0.15161112,0.1520201,0.15243584,0.1528624,0.15330377,0.15376408,0.15424725,0.15475747,0.1552987,0.155875,0.15649043,0.15708764,0.15760902,0.15805833,0.15843928,0.15875557,0.159011,0.15920925,0.15935402,0.15944912,0.15949821,0.15950504,0.15947336,0.15940686,0.1593093,0.15918438
