0.17188714,0.1716977,0.1715384,0.17141396,0.17132914,0.17128873,0.17129745,0.17136005,0.17148133,0.17166601,0.17191885,0.17224461,0.17264809,0.17313395,0.17370704,0.17437205,0.17513375,0.1758502,0.1763885,0.17676716,0.17700453,0.17711906,0.17712918,0.17705333,0.17690991,0.17671734,0.17649406,0.17625849,0.17602909,0.17582424,0.17566237,0.17556196,0.17554136,0.17561904,0.17581342,0.1761429,0.17662598,0.17728098,0.17812641,0.17918068,0.1804622,0.18198939,0.18378067,0.1858545,0.18822926,0.19092344,0.19395542,0.19734365,0.20110647,0.20501289,0.2088226,0.21254037,0.2161709,0.21971905,0.22318953,0.22658706,0.22991642,0.23318239,0.23638968,0.23954311,0.2426474,0.24570727,0.24872749,0.25171286,0.25466812,0.25759804,0.26050735,0.26340073,0.26628304,0.26915908,0.2720335,0.27491108,0.27779657,0.2806947,0.28361037,0.28654817,0.2895129,0.2925094,0.29554236,0.29861644,0.3017366,0.30468783,0.30726445,0.30948466,0.3113672,0.31293035,0.31419247,0.3151721,0.31588772,0.31635758,0.3166002,0.31663397,0.3164773,0.3161487,0.31566656,0.31504932
0.1720254,0.17183693,0.17167842,0.1715546,0.17147022,0.17142999,0.17143866,0.17150097,0.17162164,0.17180538,0.17205694,0.17238104,0.17278244,0.17326586,0.17383601,0.17449763,0.17525549,0.1759666,0.17649733,0.17686635,0.17709227,0.17719382,0.17718962,0.17709832,0.1769386,0.17672913,0.17648853,0.1762355,0.17598872,0.17576678,0.17558844,0.17547224,0.17543697,0.17550118,0.17568353,0.17600279,0.17647757,0.17712645,0.17796819,0.17902137,0.18030478,0.18183696,0.18363662,0.18572238,0.18811293,0.19082698,0.19388308,0.19729999,0.2010963,0.20503889,0.20888525,0.2126402,0.2163083,0.21989444,0.2234033,0.22683959,0.23020811,0.23351346,0.2367605,0.2399539,0.24309845,0.24619877,0.24925968,0.252286,0.2552822,0.25825322,0.26120374,0.26413852,0.26706222,0.26997963,0.27289546,0.2758144,0.27874133,0.2816808,0.28463763,0.2876165,0.29062226,0.29365954,0.29673305,0.2998476,0.30300793,0.30599672,0.3086061,0.3108547,0.31276116,0.3143442,0.31562248,0.31661463,0.31733927,0.3178151,0.3180608,0.31809494,0.31793636,0.3176036,0.31711528,0.3164902
0.17214166,0.17195399,0.17179617,0.17167288,0.17158885,0.17154883,0.17155749,0.17161947,0.17173965,0.17192256,0.17217308,0.17249578,0.17289543,0.17337678,0.1739445,0.17460328,0.17535788,0.1760645,0.17658885,0.17694974,0.17716606,0.17725664,0.17724039,0.17713612,0.17696272,0.176739,0.17648391,0.1762162,0.17595479,0.17571852,0.17552625,0.17539683,0.17534915,0.17540203,0.17557435,0.17588498,0.17635271,0.1769965,0.17783509,0.17888747,0.1801724,0.18170877,0.18351544,0.18561128,0.18801509,0.19074582,0.19382225,0.19726326,0.20108774,0.20506072,0.20893793,0.21272407,0.21642385,0.22004195,0.22358307,0.227052,0.23045337,0.23379187,0.23707235,0.24029939,0.24347773,0.24661218,0.24970733,0.2527679,0.25579867,0.25880423,0.26178947,0.26475897,0.26771748,0.27066973,0.2736204,0.2765742,0.27953583,0.28251004,0.2855016,0.28851497,0.29155517,0.2946268,0.2977345,0.300883,0.3040771,0.3070975,0.30973443,0.31200686,0.3139335,0.31553325,0.3168251,0.31782767,0.31856003,0.3190408,0.31928915,0.31932372,0.31916338,0.31882715,0.3183337,0.31770188
0.17223246,0.17204541,0.17188811,0.17176527,0.17168151,0.17164163,0.17165022,0.17171206,0.17183179,0.17201413,0.17226376,0.17258541,0.17298374,0.17346345,0.17402922,0.1746858,0.17543785,0.176141,0.17666031,0.17701489,0.17722367,0.17730576,0.17728007,0.17716567,0.17698158,0.17674676,0.17648026,0.17620112,0.1759283,0.17568077,0.17547767,0.17533794,0.17528056,0.1753246,0.17548904,0.1757929,0.1762552,0.17689498,0.17773117,0.17878284,0.180069,0.18160866,0.18342082,0.18552448,0.18793869,0.19068243,0.19377472,0.1972346,0.20108105,0.20507781,0.2089791,0.21278964,0.21651408,0.22015712,0.2237235,0.22721785,0.23064494,0.23400933,0.23731594,0.24056926,0.24377409,0.24693507,0.25005695,0.25314435,0.25620204,0.25923467,0.26224697,0.26524368,0.26822937,0.27120876,0.27418664,0.27716762,0.28015646,0.28315777,0.28617635,0.28921685,0.29228395,0.29538232,0.29851672,0.30169174,0.30491224,0.30795732,0.31061584,0.31290683,0.3148492,0.31646204,0.31776434,0.31877518,0.31951353,0.3199983,0.32024863,0.3202835,0.32012188,0.31978282,0.31928536,0.31864843
0.17229436,0.17210777,0.1719508,0.17182823,0.17174469,0.17170489,0.17171344,0.17177513,0.17189458,0.17207652,0.17232563,0.17264648,0.17304389,0.17352247,0.17408699,0.17474206,0.17549238,0.1761931,0.17670903,0.17705928,0.17726296,0.17733921,0.17730711,0.17718582,0.17699441,0.17675205,0.17647779,0.17619082,0.1759102,0.1756551,0.17544456,0.17529778,0.17523381,0.17527184,0.17543088,0.17573018,0.17618875,0.17682578,0.1776603,0.17871152,0.17999852,0.18154041,0.18335631,0.18546532,0.1878866,0.19063926,0.19374235,0.19721507,0.2010765,0.20508946,0.20900717,0.21283431,0.21657558,0.22023568,0.22381921,0.22733094,0.23077549,0.2341576,0.23748194,0.24075319,0.24397601,0.24715513,0.25029516,0.2534009,0.25647697,0.25952795,0.2625588,0.26557395,0.26857814,0.2715761,0.27457255,0.27757207,0.28057942,0.28359923,0.2866363,0.28969514,0.29278055,0.2958972,0.29904974,0.30224296,0.30548137,0.30854332,0.31121653,0.3135201,0.31547326,0.317095,0.31840461,0.31942096,0.32016334,0.3206508,0.32090253,0.32093754,0.3207751,0.32043415,0.31993392,0.31929347
0.17232387,0.17213744,0.17198071,0.17185824,0.1717748,0.17173503,0.17174359,0.17180522,0.17192455,0.17210624,0.17235506,0.17267558,0.17307255,0.17355064,0.17411451,0.17476887,0.17551835,0.17621793,0.17673224,0.17708047,0.1772817,0.17735517,0.17732,0.17719541,0.17700054,0.17675456,0.17647661,0.17618592,0.17590159,0.17564282,0.1754288,0.17527862,0.17521155,0.17524667,0.17540321,0.17570029,0.17615707,0.1767928,0.17762655,0.17867754,0.17996494,0.18150786,0.18332556,0.18543711,0.18786177,0.19061863,0.1937269,0.19720575,0.2010743,0.20509501,0.20902057,0.21285564,0.2166049,0.22027309,0.22386482,0.22738476,0.23083772,0.23422822,0.23756105,0.24084087,0.24407224,0.24726002,0.25040877,0.25352317,0.256608,0.2596678,0.26270735,0.2657314,0.26874435,0.27175125,0.2747565,0.27776486,0.280781,0.2838097,0.2868555,0.28992313,0.2930173,0.29614264,0.29930386,0.30250567,0.30575266,0.3088226,0.31150284,0.31381246,0.31577072,0.31739673,0.31870967,0.31972873,0.32047305,0.32096183,0.3212142,0.32124937,0.32108644,0.3207446,0.3202431,0.3196009
0.17231748,0.17213103,0.17197424,0.17185175,0.17176828,0.1717285,0.1717371,0.17179874,0.17191808,0.17209981,0.1723487,0.17266932,0.17306636,0.17354457,0.1741086,0.17476307,0.17551275,0.1762126,0.17672724,0.17707588,0.17727765,0.17735174,0.17731723,0.17719333,0.17699923,0.17675401,0.17647687,0.17618698,0.17590345,0.17564547,0.17543219,0.17528276,0.17521635,0.1752521,0.17540915,0.17570671,0.1761639,0.17679991,0.1776338,0.17868489,0.17997216,0.18151487,0.18333218,0.18544321,0.1878671,0.19062309,0.19373025,0.19720776,0.20107478,0.20509382,0.20901766,0.212851,0.21659856,0.220265,0.22385494,0.22737314,0.23082426,0.23421304,0.23754396,0.24082194,0.24405153,0.24723735,0.25038424,0.2534968,0.25657973,0.25963768,0.26267537,0.26569742,0.26870856,0.27171344,0.27471676,0.27772328,0.28073755,0.28376424,0.2868082,0.28987396,0.29296625,0.29608968,0.29924908,0.302449,0.30569416,0.30876237,0.3114411,0.31374943,0.3157066,0.31733164,0.31864384,0.3196623,0.3204063,0.32089475,0.321147,0.32118207,0.3210193,0.3206776,0.3201764,0.31953466
0.17227179,0.17208502,0.17192796,0.17180528,0.17172168,0.17168182,0.1716904,0.17175214,0.1718717,0.17205378,0.17230304,0.1726242,0.17302194,0.17350097,0.17406593,0.17472155,0.1754725,0.1761741,0.1766913,0.17704313,0.17724863,0.17732699,0.17729725,0.17717847,0.17698973,0.17675012,0.17647871,0.17619458,0.17591679,0.17566445,0.17545661,0.1753124,0.17525086,0.17529105,0.17545208,0.17575303,0.17621297,0.17685099,0.17768615,0.1787375,0.18002419,0.18156528,0.1833798,0.1854869,0.18790556,0.190655,0.19375417,0.19722217,0.20107815,0.20508522,0.20899697,0.21281804,0.21655317,0.22020707,0.22378428,0.22728968,0.23072788,0.23410355,0.23742142,0.24068615,0.2439024,0.24707487,0.25020835,0.25330743,0.25637674,0.25942108,0.26244512,0.26545355,0.26845104,0.27144223,0.27443188,0.27742466,0.28042528,0.28343835,0.28646868,0.2895208,0.29259956,0.29570958,0.29885548,0.30204204,0.30527392,0.3083297,0.31099755,0.31329656,0.31524584,0.3168643,0.31817117,0.31918558,0.31992647,0.32041296,0.32066414,0.3206992,0.32053697,0.32019672,0.31969753,0.31905836
0.17218328,0.17199594,0.17183833,0.17171523,0.17163135,0.17159136,0.17160001,0.17166193,0.1717819,0.17196456,0.17221464,0.17253686,0.17293595,0.17341653,0.17398337,0.17464115,0.17539456,0.17609958,0.17662163,0.17697959,0.1771925,0.17727916,0.17725861,0.1771497,0.17697136,0.17674258,0.17648225,0.17620927,0.17594263,0.17570122,0.17550395,0.1753698,0.17531767,0.17536652,0.17553523,0.17584275,0.17630799,0.17694992,0.17778742,0.17883947,0.18012498,0.18166286,0.18347204,0.18557145,0.18798006,0.19071673,0.19380046,0.19725011,0.20108467,0.20506857,0.20895684,0.21275413,0.21646522,0.22009476,0.22364745,0.22712804,0.2305412,0.23389162,0.23718403,0.24042316,0.24361365,0.24676025,0.24986763,0.25294057,0.25598365,0.25900167,0.26199928,0.26498124,0.26795223,0.2709169,0.27388003,0.27684632,0.27982044,0.28280708,0.28581098,0.2888369,0.29188943,0.29497328,0.2980932,0.3012539,0.30446008,0.30749184,0.31013867,0.31241956,0.31435344,0.31595922,0.31725582,0.3182622,0.31899726,0.3194799,0.31972918,0.31976384,0.319603,0.3192654,0.31877014,0.318136
0.17204854,0.17186022,0.17170186,0.17157815,0.17149383,0.17145364,0.17146231,0.17152457,0.17164509,0.1718287,0.17208004,0.17240387,0.17280495,0.17328794,0.17385761,0.17451866,0.17527588,0.17598608,0.17651556,0.17688295,0.17710696,0.17720632,0.1771997,0.17710584,0.17694338,0.17673111,0.17648761,0.17623167,0.17598197,0.17575721,0.17557605,0.17545725,0.17541948,0.17548145,0.17566183,0.17597938,0.17645273,0.1771006,0.1779417,0.17899476,0.18027842,0.18181144,0.1836125,0.18570028,0.1880935,0.1908108,0.19387096,0.19729267,0.20109461,0.20504326,0.20889576,0.21265686,0.21633132,0.21992378,0.22343907,0.22688182,0.2302569,0.23356883,0.23682255,0.24002264,0.24317393,0.24628106,0.2493488,0.25238192,0.25538495,0.25836292,0.26132032,0.26426202,0.26719263,0.27011696,0.2730397,0.27596563,0.27889943,0.28184584,0.2848096,0.28779534,0.29080793,0.293852,0.29693234,0.30005366,0.3032207,0.3062158,0.30883065,0.31108397,0.31299445,0.3145809,0.31586182,0.31685597,0.3175822,0.318059,0.3183052,0.3183395,0.31818056,0.31784707,0.3173578,0.31673136
0.17186402,0.17167442,0.17151497,0.17139041,0.17130554,0.17126508,0.17127383,0.17133647,0.17145786,0.17164272,0.17189574,0.17222178,0.17262562,0.17311187,0.17368543,0.174351,0.17511337,0.17583068,0.17637032,0.17675059,0.17698988,0.17710654,0.17711909,0.17704582,0.17690508,0.17671533,0.17649499,0.17626235,0.17603584,0.17583385,0.17567474,0.17557694,0.17555882,0.17563877,0.17583516,0.17616637,0.17665079,0.17730686,0.17815292,0.17920732,0.18048856,0.18201488,0.18380477,0.18587662,0.18824875,0.19093959,0.19396749,0.19735093,0.2011082,0.20500852,0.20881212,0.21252367,0.21614794,0.2196897,0.22315374,0.22654481,0.2298676,0.23312698,0.23632765,0.23947434,0.24257188,0.24562499,0.24863847,0.25161695,0.2545654,0.25748834,0.26039076,0.26327726,0.26615265,0.26902175,0.2718892,0.27475986,0.2776384,0.28052968,0.28343838,0.28636938,0.28932726,0.29231694,0.295343,0.29841045,0.30152383,0.30446875,0.30703983,0.3092554,0.31113392,0.31269374,0.31395322,0.31493077,0.3156448,0.31611362,0.3163557,0.31638944,0.31623316,0.3159052,0.31542417,0.31480816
0.1716263,0.17143504,0.17127417,0.17114855,0.17106296,0.17102212,0.17103094,0.17109413,0.17121658,0.17140304,0.1716583,0.1719872,0.1723945,0.17288506,0.17346361,0.174135,0.17490402,0.17563055,0.1761832,0.17658001,0.17683896,0.17697807,0.17701519,0.17696846,0.17685574,0.1766951,0.1765045,0.17630187,0.17610525,0.17593262,0.17580192,0.17573118,0.17573838,0.17584148,0.17605844,0.17640732,0.17690608,0.17757262,0.17842503,0.17948124,0.18075924,0.182277,0.18405256,0.18610379,0.1884488,0.19110551,0.19409192,0.19742598,0.20112571,0.20496385,0.20870435,0.21235204,0.21591167,0.21938813,0.22278613,0.22611052,0.22936611,0.23255765,0.23569003,0.23876798,0.24179624,0.24477977,0.24772322,0.2506315,0.25350934,0.25636163,0.2591931,0.2620085,0.26481274,0.26761067,0.27040684,0.27320632,0.27601376,0.27883402,0.28167188,0.28453213,0.2874196,0.29033908,0.29329535,0.29629326,0.2993376,0.30221787,0.30473253,0.30689952,0.30873677,0.31026235,0.3114942,0.3124503,0.31314868,0.31360722,0.31384397,0.313877,0.31372413,0.31340343,0.31293285,0.31233042
0.1713319,0.1711386,0.17097601,0.17084904,0.1707625,0.17072126,0.17073013,0.17079404,0.1709178,0.17110622,0.17136425,0.17169666,0.17210832,0.17260414,0.17318888,0.17386746,0.17464471,0.17538258,0.17595147,0.17636882,0.17665213,0.17681889,0.17688654,0.17687266,0.17679463,0.17666997,0.17651622,0.17635082,0.1761912,0.1760549,0.1759594,0.1759222,0.17596072,0.17609252,0.17633502,0.17670575,0.17722216,0.17790177,0.17876202,0.17982043,0.18109447,0.18260163,0.18435934,0.18638518,0.18869656,0.191311,0.19424595,0.19751893,0.20114739,0.20490848,0.2085709,0.2121395,0.21561913,0.21901463,0.22233087,0.22557272,0.22874498,0.23185256,0.23490028,0.23789306,0.24083559,0.24373293,0.24658981,0.24941105,0.25220153,0.25496626,0.25770983,0.2604373,0.2631534,0.26586306,0.26857108,0.27128235,0.27400175,0.27673402,0.2794841,0.28225687,0.2850571,0.28788963,0.29075947,0.2936713,0.29663005,0.29943034,0.30187505,0.30398184,0.30576807,0.30725121,0.30844888,0.3093784,0.31005734,0.31050315,0.31073335,0.3107654,0.31061682,0.31030503,0.30984756,0.30926183
0.17097732,0.17078157,0.17061691,0.17048831,0.17040065,0.17035891,0.17036791,0.17043261,0.17055793,0.1707488,0.17101008,0.17134675,0.17176369,0.1722658,0.17285803,0.17354529,0.17433245,0.17508404,0.17567237,0.17611444,0.17642708,0.1766272,0.17673162,0.17675728,0.17672104,0.1766398,0.17653039,0.17640978,0.17629471,0.17620218,0.17614906,0.17615221,0.17622852,0.17639486,0.17666811,0.17706513,0.17760287,0.17829816,0.1791679,0.18022898,0.18149821,0.18299255,0.18472889,0.18672405,0.18899496,0.19155848,0.19443145,0.19763087,0.20117351,0.20484181,0.20841014,0.21188352,0.21526675,0.21856485,0.22178261,0.22492501,0.22799702,0.23100346,0.23394926,0.2368394,0.23967877,0.24247226,0.2452247,0.24794124,0.25062656,0.25328574,0.25592354,0.258545,0.26115504,0.26375845,0.26636025,0.26896527,0.27157858,0.27420494,0.27684936,0.27951664,0.2822118,0.28493977,0.2877054,0.29051363,0.29336938,0.2960732,0.29843384,0.30046806,0.3021928,0.3036249,0.3047813,0.30567884,0.30633438,0.30676487,0.30698714,0.3070181,0.3068746,0.30657354,0.3061318,0.3055663
0.17055915,0.17036046,0.17019337,0.17006284,0.1699739,0.16993152,0.16994067,0.17000632,0.17013352,0.1703272,0.17059241,0.17093405,0.1713572,0.17186677,0.1724678,0.17316528,0.17396417,0.17473185,0.17534322,0.17581446,0.1761617,0.17640112,0.17654891,0.17662123,0.17663425,0.17660412,0.17654708,0.17647924,0.17641678,0.17637591,0.17637274,0.1764235,0.17654434,0.17675146,0.17706092,0.17748903,0.17805187,0.17876567,0.1796466,0.18071078,0.1819744,0.18345365,0.1851647,0.18712373,0.18934686,0.19185033,0.19465029,0.1977629,0.20120433,0.20476317,0.20822062,0.2115816,0.21485119,0.2180343,0.22113594,0.2241611,0.2271148,0.23000194,0.23282757,0.23559669,0.23831427,0.2409853,0.24361473,0.24620765,0.24876894,0.25130358,0.25381672,0.25631317,0.25879797,0.26127613,0.26375264,0.26623246,0.26872057,0.27122208,0.27374175,0.27628478,0.278856,0.28146055,0.2841033,0.28678927,0.28952348,0.29211366,0.29437497,0.29632372,0.29797593,0.29934782,0.30045557,0.30131543,0.30194336,0.30235574,0.3025687,0.3025983,0.3024609,0.3021725,0.30174932,0.30120754
0.17007388,0.16987182,0.16970189,0.16956913,0.16947865,0.16943556,0.16944486,0.16951165,0.16964102,0.169838,0.17010768,0.17045517,0.17088546,0.17140375,0.17201498,0.1727243,0.17353678,0.17432322,0.17496125,0.17546633,0.17585368,0.17613879,0.17633682,0.1764633,0.1765335,0.17656277,0.17656647,0.17655991,0.17655846,0.1765775,0.17663234,0.17673835,0.17691089,0.17716523,0.1775168,0.17798093,0.17857295,0.1793082,0.1802021,0.18126987,0.18252699,0.18398874,0.18567047,0.18758753,0.18975526,0.19218905,0.19490422,0.1979161,0.20124008,0.20467196,0.20800065,0.21123129,0.21436894,0.21741867,0.2203855,0.22327459,0.22609097,0.22883974,0.23152593,0.23415458,0.2367309,0.23925981,0.24174643,0.24419592,0.24661325,0.24900353,0.25137183,0.25372317,0.2560628,0.25839555,0.26072666,0.26306114,0.26540408,0.26776055,0.27013555,0.2725343,0.2749618,0.27742308,0.27992326,0.28246745,0.2850606,0.28751883,0.289665,0.29151446,0.29308248,0.29438448,0.29543585,0.2962519,0.29684785,0.29723927,0.29744133,0.29746947,0.29733902,0.2970653,0.2966637,0.29614958
0.16951802,0.16931209,0.16913891,0.16900362,0.16891144,0.1688675,0.16887698,0.16894504,0.16907687,0.16927764,0.16955248,0.16990662,0.17034517,0.17087336,0.17149633,0.17221922,0.17304724,0.17385514,0.17452379,0.17506757,0.17550093,0.17583828,0.17609398,0.17628247,0.17641814,0.17651542,0.17658867,0.17665231,0.17672075,0.1768084,0.17692968,0.17709894,0.17733067,0.17763919,0.17803894,0.17854431,0.17916977,0.17992961,0.18083835,0.1819103,0.18315993,0.18460162,0.18624975,0.18811877,0.19022305,0.19257702,0.19519508,0.1980916,0.20128103,0.20456742,0.20774871,0.21083002,0.21381655,0.21671349,0.21952596,0.22225922,0.22491832,0.22750853,0.23003496,0.23250282,0.23491724,0.23728342,0.2396065,0.2418917,0.24414411,0.24636897,0.24857146,0.25075668,0.25292987,0.25509614,0.25726068,0.25942868,0.2616053,0.26379573,0.26600504,0.2682385,0.27050132,0.27279857,0.2751354,0.27751714,0.27994877,0.2822559,0.2842701,0.28600588,0.2874775,0.28869948,0.2896862,0.29045206,0.29101142,0.29137874,0.2915684,0.2915948,0.29147238,0.29121548,0.29083857,0.29035604
0.1688047,0.16859354,0.16841595,0.16827723,0.16818269,0.16813761,0.16814734,0.16821715,0.1683523,0.16855818,0.16884004,0.16920319,0.16965288,0.1701945,0.1708333,0.17157458,0.17242368,0.17325929,0.17396548,0.17455573,0.17504334,0.17544176,0.1757643,0.17602438,0.17623538,0.17641076,0.17656378,0.1767079,0.1768565,0.17702286,0.17722051,0.1774628,0.17776302,0.17813466,0.17859103,0.1791456,0.17981166,0.18060264,0.18153194,0.18261288,0.18385889,0.18528341,0.1868997,0.18872121,0.19076131,0.19303344,0.19555092,0.19832714,0.20137548,0.20450872,0.20753415,0.21045706,0.21328282,0.21601667,0.21866398,0.22122993,0.22371992,0.22613925,0.2284932,0.23078704,0.23302616,0.2352157,0.23736112,0.2394677,0.24154063,0.24358538,0.24560706,0.2476111,0.24960281,0.25158745,0.25357032,0.25555667,0.25755188,0.25956124,0.26159003,0.26364356,0.26572716,0.26784605,0.27000564,0.27221116,0.2744679,0.2766115,0.27848294,0.2800957,0.28146306,0.2825984,0.2835152,0.28422672,0.28474647,0.28508773,0.28526396,0.2852885,0.28517476,0.28493604,0.2845859,0.28413752
0.16786492,0.16764644,0.16746268,0.16731916,0.16722134,0.1671747,0.16718477,0.16725698,0.16739686,0.16760987,0.16790149,0.16827722,0.16874254,0.16930291,0.16996388,0.17073083,0.17160939,0.17248175,0.1732349,0.1738812,0.17443293,0.17490242,0.17530197,0.17564404,0.17594084,0.1762048,0.17644817,0.17668329,0.17692257,0.17717826,0.17746276,0.17778835,0.17816742,0.17861223,0.17913514,0.1797485,0.18046471,0.18129599,0.18225469,0.1833532,0.18460383,0.18601891,0.18761078,0.18939175,0.19137417,0.19357033,0.19599271,0.19865344,0.20156503,0.2045485,0.20742042,0.21018633,0.2128517,0.21542194,0.21790262,0.22029918,0.22261715,0.224862,0.22703913,0.22915414,0.2312125,0.23321958,0.23518103,0.23710224,0.23898873,0.24084589,0.24267936,0.24449448,0.24629688,0.24809194,0.24988514,0.25168198,0.25348803,0.25530872,0.25714946,0.2590158,0.2609132,0.26284721,0.2648233,0.2668469,0.26892346,0.2708989,0.27262354,0.27410978,0.27536988,0.27641624,0.27726108,0.27791682,0.27839574,0.27871025,0.2788727,0.27889532,0.27879038,0.27857047,0.27824768,0.2778345
0.16672212,0.16649441,0.16630296,0.1661534,0.16605146,0.16600288,0.16601335,0.16608863,0.16623437,0.16645634,0.16676024,0.16715173,0.16763662,0.16822056,0.16890937,0.1697086,0.17062408,0.17154141,0.1723499,0.17306083,0.17368546,0.17423503,0.17472082,0.17515408,0.17554604,0.17590798,0.17625116,0.17658684,0.17692626,0.1772807,0.17766143,0.17807963,0.17854667,0.17907372,0.17967208,0.18035297,0.18112771,0.18200752,0.18300362,0.18412738,0.18538994,0.18680261,0.18837667,0.19012326,0.1920538,0.19417943,0.1965115,0.19906121,0.2018398,0.20467661,0.20739718,0.21000728,0.21251257,0.21491876,0.2172316,0.21945684,0.22160013,0.22366719,0.22566375,0.22759557,0.22946832,0.23128769,0.23305948,0.23478933,0.23648295,0.23814613,0.23978451,0.24140383,0.24300984,0.24460822,0.24620469,0.24780501,0.24941479,0.2510399,0.25268587,0.2543585,0.25606364,0.2578068,0.25959378,0.26143032,0.26332214,0.26512527,0.26669952,0.26805598,0.26920623,0.27016118,0.2709324,0.2715309,0.27196807,0.27225518,0.27240342,0.27242407,0.27232838,0.27212757,0.27183297,0.2714559
0.1653997,0.16516118,0.1649606,0.1648039,0.16469711,0.16464621,0.16465719,0.16473603,0.16488872,0.16512124,0.16543965,0.1658498,0.1663578,0.16696954,0.1676911,0.16852842,0.1694875,0.17045699,0.17132826,0.17211147,0.17281678,0.17345443,0.17403449,0.1745671,0.17506249,0.17553076,0.17598215,0.17642677,0.17687476,0.17733629,0.17782149,0.1783406,0.17890371,0.17952101,0.18020265,0.18095876,0.18179956,0.18273515,0.18377572,0.18493147,0.18621247,0.18762891,0.18919097,0.1909088,0.19279256,0.19485238,0.19709846,0.19954096,0.20219001,0.20488288,0.20745395,0.20990928,0.21225479,0.21449655,0.2166405,0.21869262,0.22065893,0.22254536,0.22435796,0.2261027,0.22778559,0.22941256,0.23098962,0.23252283,0.23401806,0.23548137,0.2369187,0.2383361,0.23973955,0.24113499,0.24252842,0.24392585,0.24533328,0.24675663,0.24820198,0.24967529,0.25118253,0.25272965,0.25432265,0.25596762,0.25767046,0.25929755,0.2607181,0.2619422,0.26298013,0.26384187,0.26453772,0.26507792,0.2654724,0.26573148,0.2658652,0.2658838,0.26579753,0.26561633,0.2653505,0.2650102
0.16392112,0.16367032,0.1634594,0.16329464,0.16318232,0.16312881,0.16314037,0.16322327,0.16338381,0.16362834,0.1639631,0.1643944,0.16492853,0.16557181,0.16633052,0.16721095,0.16821942,0.16924731,0.17018777,0.1710499,0.17184274,0.17257531,0.17325665,0.17389582,0.1745018,0.17508374,0.17565058,0.17621137,0.17677523,0.1773511,0.17794809,0.17857517,0.17924143,0.17995597,0.18072772,0.18156572,0.18247908,0.18347682,0.18456796,0.18576157,0.18706664,0.18849228,0.19004744,0.19174124,0.1935827,0.19558084,0.19774473,0.20008335,0.20260578,0.20515706,0.20758027,0.20988175,0.21206783,0.2141447,0.21611881,0.21799639,0.21978366,0.22148705,0.22311269,0.22466703,0.22615631,0.2275868,0.22896487,0.23029669,0.23158869,0.23284711,0.23407821,0.23528832,0.23648375,0.23767081,0.23885576,0.24004486,0.24124454,0.24246098,0.24370044,0.24496938,0.24627393,0.2476205,0.24901535,0.25046474,0.25197497,0.2534229,0.2546869,0.25577617,0.25669974,0.25746664,0.25808588,0.2585665,0.25891754,0.25914803,0.25926706,0.2592836,0.25920674,0.25904563,0.25880903,0.25850627
0.16230978,0.16204546,0.16182318,0.16164955,0.16153121,0.16147484,0.16148701,0.16157435,0.16174357,0.16200125,0.16235402,0.16280855,0.16337143,0.16404931,0.1648489,0.16577671,0.16683951,0.16793108,0.16894627,0.169893,0.1707791,0.17161249,0.17240112,0.17315285,0.17387559,0.17457727,0.17526577,0.17594902,0.17663488,0.17733128,0.17804614,0.17878734,0.17956279,0.18038037,0.18124804,0.18217364,0.18316515,0.18423039,0.18537733,0.18661378,0.1879478,0.18938716,0.19093978,0.19261365,0.19441658,0.19635649,0.19844133,0.20067897,0.2030773,0.205489,0.20776571,0.2099142,0.21194102,0.2138528,0.21565624,0.21735792,0.21896447,0.2204826,0.22191888,0.22327994,0.22457245,0.22580299,0.2269783,0.22810493,0.2291895,0.23023872,0.23125918,0.23225753,0.2332404,0.23421437,0.23518619,0.23616238,0.23714967,0.23815468,0.23918396,0.24024424,0.24134208,0.2424842,0.24367717,0.24492767,0.24624225,0.24750818,0.24861337,0.24956578,0.25037327,0.2510438,0.2515852,0.25200546,0.2523123,0.2525139,0.25261796,0.25263244,0.25256526,0.25242427,0.25221747,0.2519528
0.1605891,0.16031031,0.1600758,0.15989268,0.15976782,0.15970834,0.15972117,0.15981331,0.1599918,0.16026361,0.16063578,0.16111526,0.16170906,0.16242416,0.16326766,0.1642464,0.16536751,0.1665272,0.16762164,0.16865753,0.16964163,0.17058074,0.17148158,0.17235084,0.17319536,0.1740219,0.17483714,0.1756479,0.17646092,0.17728299,0.17812076,0.17898104,0.1798706,0.1807962,0.18176456,0.18278244,0.18385658,0.18499379,0.18620074,0.18748425,0.18885107,0.19030795,0.19186164,0.19351886,0.19528641,0.19717097,0.19917943,0.20131841,0.20359473,0.20586847,0.20799987,0.20999596,0.21186373,0.21361017,0.21524225,0.216767,0.21819144,0.2195226,0.22076738,0.22193284,0.22302598,0.2240538,0.22502325,0.22594143,0.22681522,0.2276517,0.22845788,0.22924069,0.23000717,0.2307643,0.2315191,0.23227862,0.23304975,0.23383957,0.23465508,0.23550323,0.23639101,0.2373255,0.23831366,0.23936243,0.24047893,0.24156062,0.24250501,0.24331884,0.24400882,0.24458179,0.2450444,0.24540342,0.24566574,0.24583797,0.24592687,0.24593925,0.24588186,0.24576142,0.24558473,0.24535848
0.15878254,0.15848845,0.15824106,0.1580479,0.15791617,0.15785342,0.15786698,0.1579642,0.15815246,0.15843917,0.15883178,0.15933755,0.15996397,0.1607183,0.16160806,0.16264054,0.16382317,0.16505446,0.16623163,0.16736035,0.16844623,0.1694948,0.17051171,0.17150246,0.1724727,0.17342809,0.17437413,0.17531644,0.17626062,0.17721222,0.17817692,0.17916025,0.1801678,0.18120518,0.18227798,0.18339182,0.18455221,0.18576482,0.18703525,0.18836904,0.18977182,0.19124915,0.19280666,0.19444989,0.1961845,0.19801606,0.19995011,0.2019923,0.20414822,0.20628536,0.20827228,0.21011652,0.21182537,0.21340622,0.2148665,0.21621352,0.21745473,0.21859749,0.21964923,0.22061719,0.22150892,0.22233173,0.223093,0.22380012,0.22446048,0.22508146,0.22567043,0.22623481,0.22678193,0.22731921,0.22785404,0.22839382,0.22894587,0.22951764,0.23011649,0.23074974,0.23142487,0.23214923,0.2329302,0.23377514,0.23469147,0.23558724,0.23636924,0.23704316,0.23761456,0.238089,0.23847207,0.23876941,0.23898658,0.23912923,0.23920286,0.23921311,0.23916556,0.23906586,0.23891953,0.23873214
0.15691352,0.1566035,0.1563428,0.15613917,0.15600039,0.15593426,0.15594852,0.15605097,0.15624942,0.15655164,0.15696536,0.15749851,0.15815869,0.15895377,0.15989155,0.16097976,0.16222623,0.16353154,0.16479412,0.16601835,0.16720864,0.16836947,0.16950522,0.17062034,0.17171924,0.1728063,0.17388605,0.1749628,0.17604104,0.1771252,0.17821968,0.1793289,0.18045728,0.18160921,0.18278922,0.18400164,0.18525092,0.18654153,0.18787782,0.18926422,0.19070518,0.19220518,0.19376853,0.19539976,0.19710317,0.19888331,0.20074451,0.20269124,0.20472795,0.20672934,0.20857255,0.21026528,0.2118153,0.2132305,0.21451847,0.2156872,0.21674435,0.21769774,0.21855521,0.21932442,0.22001322,0.22062942,0.22118069,0.22167498,0.22211996,0.2225234,0.22289312,0.2232369,0.22356251,0.22387779,0.22419047,0.2245083,0.22483912,0.2251907,0.22557078,0.22598723,0.22644776,0.22696017,0.22753224,0.22817175,0.2288865,0.22959499,0.23021357,0.23074661,0.23119855,0.23157384,0.2318768,0.23211202,0.23228379,0.23239659,0.23245485,0.23246294,0.23242533,0.23234648,0.23223071,0.23208252
0.15500546,0.15467921,0.15440486,0.15419053,0.15404448,0.1539749,0.1539899,0.15409772,0.15430659,0.15462458,0.15506007,0.15562107,0.15631582,0.15715253,0.15813944,0.15928465,0.1605964,0.16197735,0.16332689,0.16464825,0.16594473,0.16721953,0.16847593,0.16971712,0.17094645,0.1721671,0.17338231,0.17459539,0.1758095,0.17702799,0.17825407,0.17949094,0.18074189,0.18201019,0.1832991,0.18461181,0.18595159,0.18732172,0.1887254,0.19016594,0.19164652,0.19317043,0.19474095,0.19636129,0.19803467,0.1997644,0.2015537,0.20340586,0.20532405,0.2071904,0.20889015,0.21043162,0.21182294,0.21307229,0.21418788,0.21517786,0.21605049,0.21681392,0.21747635,0.21804594,0.21853088,0.21893944,0.2192797,0.21955992,0.21978827,0.21997294,0.22012214,0.22024402,0.22034678,0.22043863,0.22052774,0.22062235,0.22073057,0.2208606,0.22102074,0.22121905,0.22146377,0.22176312,0.22212523,0.22255833,0.22307059,0.22359107,0.22404543,0.224437,0.22476901,0.22504465,0.22526726,0.22543997,0.2255662,0.22564906,0.22569185,0.2256978,0.22567016,0.22561222,0.2255272,0.22541834
0.15308173,0.15273914,0.15245102,0.15222597,0.15207255,0.15199943,0.15201522,0.15212847,0.15234777,0.15268178,0.1531391,0.15372826,0.15445793,0.15533668,0.15637305,0.1575758,0.15895341,0.16041061,0.16184776,0.16326697,0.16467027,0.16605975,0.16743746,0.16880548,0.17016594,0.17152086,0.17287233,0.17422241,0.17557317,0.1769267,0.17828509,0.17965034,0.1810246,0.18240996,0.18380843,0.18522209,0.18665302,0.1881033,0.18957503,0.19107024,0.19259103,0.19413948,0.19571759,0.19732755,0.19897138,0.2006511,0.20236884,0.20412672,0.20592672,0.20765817,0.20921475,0.21060507,0.21183768,0.21292119,0.2138642,0.21467537,0.21536323,0.21593642,0.21640354,0.2167732,0.21705393,0.2172544,0.21738324,0.21744893,0.21746016,0.21742554,0.21735364,0.21725312,0.21713248,0.2170004,0.21686539,0.21673618,0.21662128,0.21652931,0.2164689,0.21644862,0.21647707,0.21656284,0.21671458,0.21694088,0.2172503,0.21758237,0.2178723,0.21812218,0.21833399,0.2185099,0.21865192,0.21876213,0.21884266,0.21889554,0.21892285,0.21892665,0.21890903,0.21887204,0.21881779,0.21874833
0.15116587,0.15080695,0.15050507,0.15026934,0.15010862,0.15003204,0.15004857,0.1501672,0.15039697,0.15074688,0.15122592,0.15184316,0.15260755,0.15352811,0.15461385,0.15587382,0.157317,0.15885015,0.16037458,0.16189127,0.16340107,0.16490486,0.16640355,0.16789807,0.16938931,0.17087814,0.17236544,0.17385218,0.17533922,0.17682745,0.17831776,0.17981109,0.1813083,0.18281029,0.18431799,0.18583228,0.18735403,0.18888417,0.1904236,0.19197321,0.1935339,0.19510657,0.19669214,0.19829145,0.19990544,0.20153502,0.20318103,0.20484444,0.2065261,0.20812261,0.20953588,0.21077494,0.21184881,0.21276654,0.21353704,0.21416941,0.21467267,0.21505576,0.21532768,0.21549752,0.21557426,0.21556686,0.21548444,0.2153359,0.21513028,0.21487664,0.21458392,0.21426119,0.21391742,0.21356164,0.21320288,0.2128501,0.21251233,0.21219862,0.21191792,0.21167926,0.21149172,0.21136418,0.21130577,0.21132542,0.21143219,0.21157609,0.2117017,0.21180996,0.21190172,0.21197794,0.21203944,0.21208721,0.21212213,0.21214503,0.21215683,0.21215849,0.21215086,0.21213484,0.21211132,0.21208124
0.1492812,0.14890628,0.14859097,0.14834464,0.1481768,0.1480968,0.14811406,0.14823799,0.148478,0.14884353,0.14934397,0.14998873,0.15078723,0.15174888,0.1528831,0.15419929,0.15570691,0.15731472,0.1589252,0.16053806,0.16215295,0.16376969,0.16538797,0.16700755,0.1686281,0.17024939,0.17187111,0.17349303,0.17511488,0.17673633,0.17835715,0.1799771,0.18159585,0.18321313,0.18482862,0.18644221,0.1880535,0.1896623,0.19126816,0.192871,0.1944705,0.19606633,0.19765823,0.19924599,0.20082925,0.2024078,0.20398137,0.20554963,0.20711237,0.20857342,0.20984308,0.21093075,0.21184584,0.21259782,0.21319602,0.21364994,0.21396892,0.21416233,0.21423975,0.21421048,0.2140839,0.21386953,0.21357664,0.21321478,0.2127933,0.21232164,0.21180911,0.21126527,0.21069948,0.21012114,0.20953962,0.2089644,0.20840487,0.20787044,0.20737053,0.20691451,0.20651184,0.20617193,0.2059042,0.20571804,0.20562285,0.20557915,0.20554101,0.20550816,0.20548029,0.20545715,0.20543848,0.20542398,0.20541339,0.20540641,0.20540285,0.20540233,0.20540465,0.20540951,0.20541663,0.2054258
0.14745122,0.1470608,0.1467324,0.14647588,0.1463011,0.1462178,0.14623573,0.14636484,0.14661475,0.14699546,0.14751658,0.14818802,0.14901957,0.15002102,0.15120217,0.15257284,0.15414283,0.15582313,0.15751739,0.15922405,0.16094172,0.16266897,0.16440438,0.16614652,0.16789389,0.1696451,0.1713987,0.17315325,0.17490733,0.17665951,0.17840832,0.18015233,0.18189013,0.18362029,0.18534131,0.18705179,0.18875031,0.19043547,0.19210568,0.1937597,0.19539595,0.19701308,0.19860956,0.20018406,0.20173508,0.20326118,0.20476094,0.20623292,0.2076757,0.20900044,0.21012594,0.21106187,0.21181813,0.21240446,0.21283068,0.21310663,0.21324205,0.2132468,0.21313062,0.21290337,0.21257487,0.21215485,0.21165314,0.21107952,0.21044388,0.20975591,0.2090255,0.20826241,0.20747644,0.20667744,0.20587508,0.20507935,0.20429991,0.20354663,0.20282926,0.20215766,0.20154159,0.20099086,0.2005153,0.20012465,0.19982883,0.19959868,0.1993978,0.19922464,0.19907787,0.19895598,0.19885758,0.19878118,0.19872537,0.19868873,0.19866979,0.19866717,0.1986794,0.19870502,0.19874263,0.19879073
0.14569935,0.14529407,0.14495328,0.14468707,0.14450563,0.14441913,0.14443778,0.14457175,0.1448312,0.14522626,0.14576715,0.14646405,0.1473271,0.14836654,0.14959246,0.15101504,0.15264453,0.15439424,0.15616895,0.15796615,0.15978321,0.16161753,0.16346654,0.16532762,0.16719823,0.16907573,0.17095755,0.17284112,0.17472377,0.17660302,0.17847623,0.18034077,0.18219411,0.18403357,0.18585669,0.1876608,0.18944329,0.1912016,0.19293317,0.19463535,0.1963056,0.19794127,0.19953983,0.20109867,0.20261516,0.20408681,0.20551091,0.2068849,0.20820624,0.20939356,0.21037398,0.21115777,0.21175496,0.21217586,0.21243061,0.21252933,0.21248223,0.2122995,0.21199125,0.21156773,0.21103907,0.2104155,0.2097071,0.20892411,0.20807672,0.207175,0.20622922,0.20524956,0.20424616,0.20322914,0.2022088,0.20119518,0.20019856,0.19922902,0.19829682,0.1974121,0.19658503,0.19582579,0.19514452,0.19455144,0.19405672,0.19364177,0.19327945,0.19296725,0.19270258,0.19248275,0.19230531,0.19216755,0.19206692,0.19200088,0.19196676,0.191962,0.19198403,0.19203024,0.19209802,0.19218482
0.14404894,0.14362983,0.14327735,0.14300205,0.14281438,0.14272498,0.14274424,0.1428828,0.1431511,0.14355966,0.14411908,0.14483982,0.14573243,0.1468074,0.14807522,0.14954652,0.15123174,0.15304673,0.1548978,0.15678117,0.1586932,0.16063008,0.16258812,0.16456358,0.16655271,0.1685518,0.17055713,0.17256491,0.17457148,0.17657302,0.1785659,0.18054636,0.1825106,0.18445495,0.18637566,0.18826905,0.19013126,0.19195868,0.19374752,0.19549409,0.19719465,0.19884543,0.2004427,0.20198275,0.20346189,0.20487635,0.20622231,0.2074962,0.20869415,0.20974249,0.21057683,0.21120779,0.21164584,0.21190153,0.21198535,0.21190782,0.21167952,0.21131091,0.21081254,0.21019493,0.2094686,0.20864403,0.2077318,0.20674244,0.2056864,0.2045743,0.20341656,0.20222375,0.20100637,0.199775,0.19854008,0.19731222,0.19610189,0.1949196,0.19377589,0.19268127,0.19164628,0.19068146,0.18979731,0.18900433,0.18831307,0.18771534,0.18719351,0.18674381,0.18636253,0.18604593,0.1857903,0.18559186,0.18544695,0.1853518,0.18530266,0.18529582,0.18532753,0.18539408,0.18549173,0.18561676
0.14252348,0.14209166,0.1417285,0.14144485,0.14125149,0.14115936,0.14117923,0.14132197,0.14159843,0.1420194,0.14259578,0.14333838,0.14425805,0.14536564,0.14667195,0.14818785,0.14992419,0.15179943,0.15372166,0.15568598,0.15768752,0.15972143,0.16178288,0.163867,0.16596891,0.1680838,0.17020674,0.17233294,0.17445752,0.17657565,0.1786824,0.18077298,0.18284255,0.18488617,0.18689905,0.1888763,0.1908131,0.19270453,0.1945458,0.19633202,0.19805835,0.1997199,0.20131186,0.20282933,0.20426749,0.20562142,0.20688632,0.20805736,0.20912962,0.21003704,0.21072404,0.21120144,0.21148011,0.21157087,0.21148455,0.211232,0.21082407,0.21027161,0.20958543,0.2087764,0.20785533,0.2068331,0.20572053,0.20452847,0.20326771,0.20194913,0.20058362,0.19918194,0.19775496,0.19631356,0.19486853,0.19343075,0.192011,0.19062015,0.18926908,0.1879686,0.18672955,0.18556276,0.18447906,0.18348935,0.18260443,0.18182653,0.18114735,0.18056212,0.1800659,0.1796539,0.17932117,0.17906298,0.17887436,0.17875049,0.17868654,0.17867763,0.17871891,0.17880553,0.17893262,0.17909534
0.14114645,0.14070328,0.14033054,0.14003943,0.13984099,0.13974646,0.13976683,0.13991332,0.14019702,0.14062908,0.14122061,0.14198272,0.14292654,0.14406322,0.14540386,0.1469596,0.14874157,0.15067118,0.1526584,0.15469734,0.15678197,0.15890633,0.16106452,0.16325052,0.16545838,0.16768214,0.16991583,0.17215352,0.1743892,0.17661695,0.17883079,0.18102475,0.18319283,0.18532917,0.1874277,0.18948251,0.19148763,0.19343711,0.19532496,0.19714521,0.19889197,0.2005592,0.20214093,0.2036313,0.20502423,0.20631379,0.20749405,0.20855902,0.20950277,0.21026705,0.21080513,0.21112813,0.21124713,0.21117328,0.21091773,0.2104916,0.20990597,0.20917201,0.20830081,0.20730354,0.20619132,0.20497526,0.20366646,0.2022761,0.20081525,0.19929506,0.19772667,0.1961212,0.19448975,0.19284351,0.1911935,0.18955095,0.18792693,0.1863326,0.18477903,0.1832774,0.18183881,0.18047439,0.17919526,0.17801256,0.17693742,0.17598237,0.17514855,0.17443004,0.17382084,0.17331496,0.17290652,0.17258947,0.17235792,0.17220587,0.17212737,0.17211644,0.1721671,0.17227346,0.17242949,0.17262924
0.13994116,0.1394882,0.1391073,0.13880973,0.13860695,0.13851032,0.13853115,0.13868086,0.13897084,0.13941242,0.14001696,0.14079586,0.1417605,0.14292222,0.14429241,0.14588243,0.14770365,0.1496807,0.15172587,0.1538321,0.15599234,0.1581996,0.16044673,0.1627268,0.16503268,0.16735737,0.1696938,0.17203493,0.1743737,0.17670304,0.17901601,0.18130545,0.18356436,0.1857857,0.18796238,0.19008741,0.19215374,0.19415426,0.19608197,0.19792978,0.19969073,0.2013577,0.20292369,0.20438159,0.20572442,0.2069451,0.20803659,0.20899183,0.20980379,0.21042234,0.21080972,0.21097723,0.21093631,0.21069828,0.2102745,0.20967641,0.2089153,0.20800258,0.20694968,0.20576786,0.20446853,0.20306306,0.20156288,0.1999793,0.19832367,0.19660744,0.19484192,0.19303851,0.19120856,0.18936343,0.18751454,0.18567319,0.18385084,0.18205875,0.1803084,0.17861111,0.17697825,0.17542121,0.17395133,0.17257999,0.17131858,0.1701899,0.16920452,0.16835538,0.16763543,0.1670376,0.1665549,0.16618027,0.16590661,0.16572689,0.16563413,0.16562119,0.1656811,0.16580674,0.16599116,0.16622722
0.13893108,0.13847019,0.13808256,0.13777979,0.13757342,0.13747509,0.13749626,0.13764866,0.1379437,0.13839306,0.13900822,0.13980083,0.14078245,0.1419646,0.1433589,0.14497688,0.14683017,0.14884682,0.15094182,0.15310709,0.15533447,0.15761591,0.1599433,0.16230851,0.16470341,0.16711995,0.16954999,0.17198546,0.17441818,0.17684013,0.17924316,0.18161918,0.18396004,0.18625768,0.18850403,0.19069089,0.19281024,0.19485389,0.19681378,0.19868185,0.20044991,0.2021099,0.20365371,0.20507322,0.20636037,0.207507,0.208505,0.20934635,0.21002284,0.21049273,0.21072732,0.21073824,0.21053699,0.21013522,0.20954444,0.20877627,0.20784222,0.20675386,0.20552285,0.20416069,0.20267893,0.20108919,0.19940302,0.19763204,0.19578773,0.19388172,0.19192557,0.18993086,0.18790916,0.18587202,0.18383099,0.18179774,0.17978372,0.17780058,0.17585985,0.17397313,0.17215198,0.17040797,0.16875264,0.16719764,0.16575448,0.1644562,0.16332272,0.16234599,0.16151783,0.16083018,0.16027497,0.15984403,0.15952922,0.15932252,0.15921582,0.15920094,0.15926985,0.1594144,0.15962648,0.15989804
0.13813968,0.13767283,0.13728018,0.1369735,0.1367645,0.13666485,0.13668634,0.13684067,0.13713954,0.13759467,0.13821782,0.13902068,0.14001495,0.1412124,0.14262469,0.14426361,0.14614083,0.14818832,0.15032415,0.15253916,0.15482418,0.15717016,0.1595679,0.16200827,0.16448213,0.16698037,0.16949382,0.17201343,0.1745299,0.17703424,0.17951727,0.18196979,0.18438275,0.186747,0.18905336,0.19129273,0.19345596,0.1955339,0.19751742,0.19939743,0.20116474,0.2028102,0.20432475,0.20569916,0.20692433,0.20799118,0.20889048,0.20961317,0.21015006,0.21046795,0.21054755,0.21040055,0.21003866,0.20947362,0.20871715,0.20778096,0.20667677,0.20541634,0.2040113,0.20247349,0.20081453,0.19904621,0.19718021,0.19522822,0.19320203,0.19111334,0.18897384,0.1867953,0.1845894,0.18236788,0.1801424,0.1779248,0.17572671,0.17355986,0.17143603,0.16936687,0.1673641,0.16543952,0.16360474,0.16187155,0.16025168,0.15878828,0.1575107,0.15640971,0.15547624,0.15470117,0.15407526,0.15358953,0.1532347,0.15300176,0.15288143,0.1528647,0.15294234,0.1531053,0.15334435,0.15365043
0.13759035,0.13711976,0.136724,0.13641484,0.13620418,0.13610375,0.13612543,0.13628097,0.13658223,0.13704099,0.1376691,0.13847837,0.13948059,0.1406876,0.14211118,0.14376318,0.14565538,0.14772403,0.14989063,0.1521451,0.15447728,0.15687704,0.15933424,0.16183873,0.16438042,0.16694911,0.1695347,0.17212707,0.17471601,0.17729147,0.17984328,0.1823613,0.18483539,0.18725541,0.18961127,0.19189276,0.1940898,0.19619222,0.19818988,0.20007269,0.20183045,0.20345306,0.2049304,0.2062523,0.20740864,0.20838931,0.20918411,0.20978296,0.21017568,0.21033792,0.21025996,0.20995358,0.20943059,0.20870285,0.20778215,0.20668027,0.2054091,0.20398042,0.20240596,0.20069772,0.19886728,0.19692665,0.19488753,0.19276182,0.19056125,0.18829766,0.18598294,0.18362878,0.18124709,0.17884962,0.17644824,0.17405473,0.1716809,0.16933854,0.16703956,0.16479565,0.16261874,0.16052057,0.15851296,0.15660776,0.15481676,0.15319324,0.15177579,0.15055436,0.14951874,0.14865881,0.14796448,0.14742553,0.14703192,0.14677343,0.14663994,0.14662139,0.14670753,0.14688832,0.14715356,0.14749312
0.13730653,0.1368346,0.1364378,0.1361278,0.13591653,0.13581586,0.13583758,0.13599353,0.13629563,0.13675566,0.13738549,0.13819696,0.13920191,0.14041223,0.1418397,0.14349617,0.14539354,0.14747266,0.1496591,0.15194176,0.15430957,0.15675133,0.15925603,0.16181256,0.16440979,0.16703665,0.16968198,0.17233472,0.17498375,0.177618,0.18022634,0.18279764,0.18532085,0.18778484,0.19017854,0.19249082,0.19471058,0.19682668,0.19882812,0.20070365,0.20244232,0.20403291,0.20546441,0.20672567,0.20780556,0.20869307,0.209377,0.20984627,0.21008979,0.21009238,0.20985405,0.20938677,0.20870225,0.20781238,0.20672905,0.20546408,0.20402932,0.20243663,0.20069781,0.19882472,0.19682923,0.19472316,0.1925184,0.19022675,0.18786007,0.18543021,0.18294904,0.18042837,0.17788005,0.17531593,0.1727479,0.1701877,0.1676473,0.16513848,0.16267309,0.16026299,0.15791999,0.15565601,0.15348282,0.1514123,0.14945628,0.14767806,0.14612558,0.14478779,0.14365348,0.14271162,0.14195111,0.14136085,0.1409297,0.1406466,0.14050043,0.14048007,0.14057443,0.14077243,0.14106295,0.14143486
0.13731161,0.13684113,0.13644543,0.13613637,0.1359257,0.1358253,0.13584696,0.13600247,0.13630366,0.13676238,0.13739038,0.13819946,0.13920148,0.14040825,0.14183156,0.14348322,0.14537506,0.1474531,0.14964738,0.15194598,0.15433681,0.15680787,0.15934709,0.16194242,0.1645819,0.16725345,0.16994508,0.17264469,0.1753403,0.17801987,0.18067138,0.1832828,0.18584205,0.18833713,0.19075608,0.19308674,0.19531713,0.19743529,0.19942906,0.20128651,0.20299557,0.20454425,0.20592046,0.20711218,0.20810741,0.20889412,0.20946021,0.20979373,0.2098826,0.20972113,0.20931947,0.2086895,0.20784298,0.20679168,0.20554748,0.20412216,0.20252752,0.20077543,0.19887765,0.19684598,0.19469228,0.19242835,0.19006598,0.18761697,0.18509318,0.18250637,0.17986841,0.17719103,0.17448612,0.17176548,0.16904084,0.1663241,0.16362706,0.16096152,0.1583393,0.1557722,0.15327197,0.15085058,0.1485197,0.14629118,0.14417684,0.14224987,0.14056751,0.13911776,0.13788861,0.13686799,0.13604385,0.1354042,0.13493694,0.13463019,0.13447177,0.13444972,0.13455199,0.13476653,0.13508135,0.13548438
0.13762905,0.1371628,0.13677071,0.13646443,0.13625568,0.13615619,0.13617763,0.13633175,0.13663025,0.13708477,0.1377071,0.13850887,0.13950185,0.14069769,0.14210816,0.14374489,0.14561963,0.14768402,0.14987332,0.15217459,0.15457487,0.15706134,0.159621,0.16224092,0.16490826,0.16761002,0.17033334,0.17306526,0.17579287,0.17850326,0.18118349,0.1838207,0.18640186,0.18891414,0.19134463,0.19368032,0.19590835,0.19801581,0.19998975,0.2018173,0.20348552,0.20498143,0.20629218,0.20740478,0.20830643,0.20898409,0.2094249,0.20961593,0.20954427,0.209214,0.20864578,0.20785126,0.20684212,0.20563012,0.20422697,0.20264426,0.20089386,0.19898732,0.19693647,0.19475296,0.1924485,0.19003478,0.18752351,0.18492645,0.1822552,0.17952156,0.1767372,0.17391379,0.1710631,0.16819677,0.16532657,0.16246416,0.15962127,0.15680957,0.15404083,0.15132666,0.14867885,0.14610907,0.14362903,0.14125043,0.13898498,0.13691564,0.13510905,0.13355221,0.13223222,0.13113622,0.13025123,0.12956427,0.1290626,0.12873313,0.12856302,0.12853934,0.12864915,0.12887955,0.12921762,0.12965044
0.1382823,0.13782339,0.13743743,0.13713597,0.13693054,0.13683261,0.13685372,0.1370054,0.13729921,0.13774657,0.13835908,0.13914825,0.14012557,0.1413026,0.14269082,0.1443018,0.14614701,0.14818433,0.15035471,0.15264438,0.15503956,0.15752658,0.16009153,0.16272078,0.16540046,0.16811682,0.1708562,0.17360471,0.17634866,0.17907423,0.18176767,0.18441525,0.1870032,0.18951769,0.191945,0.19427139,0.19648305,0.19856627,0.20050721,0.20229213,0.20390733,0.20533893,0.20657325,0.20759653,0.20839491,0.20895475,0.20926218,0.2093035,0.20906493,0.20856082,0.20782252,0.20686145,0.20568915,0.2043172,0.20275705,0.20102029,0.19911836,0.19706279,0.1948652,0.19253704,0.19008976,0.18753505,0.1848843,0.18214905,0.17934084,0.17647117,0.1735516,0.17059362,0.16760878,0.16460858,0.16160451,0.15860814,0.15563096,0.15268451,0.1497803,0.14692985,0.14414468,0.14143632,0.13881628,0.1362961,0.13388728,0.1316825,0.12975764,0.12809892,0.12669253,0.12552476,0.12458184,0.123849966,0.12331541,0.12296439,0.12278316,0.12275791,0.12287492,0.12312039,0.1234806,0.12394174
0.13929471,0.13884647,0.13846949,0.13817503,0.13797434,0.13787867,0.13789931,0.13804752,0.13833447,0.13877147,0.13936976,0.14014061,0.14109524,0.14224496,0.14360099,0.14517456,0.14697695,0.14897276,0.15110938,0.15337218,0.1557467,0.1582183,0.16077244,0.16339456,0.16607006,0.16878441,0.17152302,0.17427137,0.17701484,0.17973891,0.182429,0.1850705,0.18764892,0.19014966,0.19255812,0.1948598,0.19704013,0.19908448,0.20097831,0.2027071,0.20425628,0.20561121,0.2067574,0.20768026,0.20836519,0.20879771,0.20896317,0.20884703,0.20843476,0.20775138,0.20683923,0.20570949,0.20437339,0.2028423,0.20112741,0.1992399,0.19719116,0.19499233,0.19265473,0.19018963,0.1876082,0.18492174,0.18214153,0.17927878,0.17634475,0.17335074,0.17030792,0.16722763,0.16412102,0.16099948,0.15787412,0.15475632,0.15165725,0.1485882,0.1455604,0.14258508,0.13967359,0.13683711,0.13408688,0.13143419,0.12889028,0.12655744,0.12452078,0.122765675,0.1212776,0.12004202,0.11904432,0.11826996,0.117704354,0.11733293,0.11714115,0.117114455,0.11723825,0.117497995,0.11787912,0.11836706
0.14068982,0.14025572,0.13989066,0.13960548,0.13941115,0.13931853,0.13933851,0.13948202,0.13975988,0.14018306,0.14076243,0.14150892,0.14243339,0.14354675,0.1448599,0.14638373,0.14812915,0.15006812,0.15215513,0.15437491,0.15671206,0.15915133,0.1616774,0.16427493,0.16692863,0.16962317,0.17234322,0.17507352,0.17779867,0.18050341,0.18317243,0.18579037,0.18834198,0.19081189,0.19318478,0.19544537,0.19757834,0.19956836,0.20140015,0.2030583,0.20452759,0.20579267,0.20683825,0.20764896,0.20820953,0.20850463,0.20851894,0.20823714,0.20764396,0.2067755,0.20568548,0.2043848,0.20288427,0.20119488,0.19932751,0.19729303,0.19510238,0.1927664,0.19029602,0.18770218,0.18499567,0.18218747,0.1792885,0.17630956,0.17326164,0.17015557,0.16700228,0.16381268,0.16059764,0.1573681,0.1541349,0.15090896,0.14770117,0.14452249,0.14138374,0.13829584,0.1352697,0.13231619,0.12944625,0.12667075,0.124000594,0.12154754,0.11940591,0.1175604,0.11599566,0.11469638,0.113647275,0.11283299,0.112238236,0.11184769,0.111646034,0.11161797,0.11174813,0.11202126,0.11242204,0.112935096
0.14249091,0.14207478,0.14172475,0.14145136,0.14126503,0.14117625,0.14119539,0.14133297,0.14159936,0.1420051,0.14256057,0.14327624,0.1441626,0.14523001,0.146489,0.14794993,0.14962333,0.15148918,0.15350983,0.15566926,0.15795146,0.16034041,0.16282016,0.16537458,0.16798773,0.17064364,0.17332618,0.17601943,0.1787073,0.18137383,0.18400301,0.18657881,0.18908522,0.19150622,0.19382578,0.19602792,0.19809659,0.20001586,0.20176958,0.20334184,0.20471658,0.20587783,0.20680949,0.20749566,0.20792022,0.20806721,0.20792063,0.20746444,0.20668264,0.20562297,0.20435089,0.20287678,0.20121117,0.19936442,0.19734703,0.19516948,0.19284213,0.1903755,0.18778,0.1850661,0.18224423,0.17932484,0.1763184,0.17323534,0.1700861,0.16688114,0.16363092,0.16034587,0.15703642,0.15371308,0.15038621,0.14706635,0.14376387,0.14048928,0.13725299,0.13406543,0.1309371,0.12787843,0.12489983,0.122011796,0.11922476,0.11665986,0.11442055,0.11249086,0.11085476,0.109496236,0.10839929,0.10754787,0.10692599,0.106517635,0.10630679,0.106277436,0.10641354,0.10669913,0.10711815,0.10765463
0.14472154,0.14432724,0.14399561,0.1437366,0.14356005,0.14347592,0.14349405,0.14362441,0.14387682,0.14426126,0.14478755,0.14546563,0.14630537,0.14731674,0.14850956,0.14989378,0.15147927,0.15325478,0.15519127,0.15727215,0.15948074,0.16180037,0.16421439,0.16670614,0.16925898,0.17185624,0.17448124,0.17711739,0.17974797,0.18235634,0.18492582,0.18743978,0.18988156,0.19223453,0.19448198,0.19660728,0.19859375,0.20042475,0.20208366,0.20355378,0.20481844,0.205861,0.20666482,0.20721324,0.20748952,0.20747712,0.20715936,0.20651951,0.20554098,0.20428364,0.20282497,0.20117493,0.1993434,0.19734031,0.19517553,0.19285895,0.1904005,0.18781008,0.18509752,0.18227284,0.17934583,0.17632644,0.17322457,0.17005005,0.16681288,0.16352291,0.16019005,0.15682419,0.15343523,0.15003306,0.1466276,0.14322877,0.13984641,0.13649043,0.13317078,0.12989733,0.12667993,0.12352854,0.12045305,0.11746336,0.11456935,0.11190138,0.109572135,0.10756492,0.10586309,0.10444999,0.103308946,0.10242333,0.10177647,0.1013517,0.10113239,0.10110183,0.10124343,0.10154049,0.101976365,0.102534376
0.14740507,0.1470368,0.14672707,0.14648515,0.14632027,0.1462417,0.14625865,0.14638038,0.14661615,0.14697514,0.14746672,0.14810005,0.14888437,0.14982893,0.15094303,0.15223584,0.15371664,0.15538365,0.15721728,0.15920037,0.16131568,0.16354592,0.16587386,0.16828227,0.17075391,0.17327154,0.17581789,0.17837574,0.18092783,0.18345696,0.18594582,0.18837725,0.19073392,0.19299868,0.19515418,0.19718328,0.19906865,0.20079309,0.20233938,0.20369022,0.20482846,0.20573673,0.20639789,0.20679466,0.20690979,0.20672604,0.2062262,0.20539299,0.20420916,0.20274724,0.2010973,0.19926861,0.19727042,0.195112,0.19280253,0.19035135,0.18776764,0.18506062,0.1822396,0.1793138,0.17629245,0.17318483,0.17000012,0.16674766,0.16343662,0.16007629,0.15667588,0.15324467,0.14979185,0.14632672,0.14285854,0.13939647,0.13594986,0.13252786,0.12913977,0.12579487,0.122502305,0.119271405,0.11611137,0.11303148,0.11004095,0.10727925,0.10486813,0.10279039,0.10102876,0.09956601,0.09838487,0.09746813,0.09679854,0.09635885,0.09613184,0.09610023,0.09624678,0.09655427,0.097005464,0.097583085
0.15056495,0.1502271,0.14994295,0.14972101,0.14956976,0.14949766,0.1495132,0.14962488,0.14984117,0.15017055,0.1506215,0.1512025,0.15192205,0.15278861,0.15381067,0.15499671,0.15635522,0.15789458,0.15960568,0.16147077,0.16347207,0.16559184,0.16781226,0.17011559,0.17248408,0.17489995,0.17734542,0.17980275,0.18225415,0.18468186,0.1870681,0.18939514,0.19164518,0.19380046,0.19584322,0.19775568,0.1995201,0.20111868,0.20253369,0.20374732,0.20474182,0.20549946,0.2060024,0.20623292,0.20617327,0.20580563,0.20511228,0.20407546,0.20267734,0.20100363,0.19915743,0.19714727,0.1949816,0.19266891,0.1902177,0.18763644,0.18493359,0.18211763,0.1791971,0.17618042,0.17307611,0.16989262,0.16663843,0.16332209,0.159952,0.15653667,0.15308459,0.14960425,0.1461041,0.14259267,0.13907838,0.13556977,0.13207527,0.12860341,0.12516265,0.12176144,0.11840834,0.11511175,0.111880206,0.108722165,0.10564612,0.10280044,0.10031603,0.09817511,0.09635993,0.0948527,0.09363566,0.09269105,0.092001095,0.09154804,0.09131412,0.09128155,0.09143256,0.0917494,0.0922143,0.0928095
0.15400726,0.15370233,0.15344587,0.15324557,0.15310906,0.15304402,0.15305802,0.1531588,0.15335402,0.15365127,0.15405828,0.15458265,0.15523206,0.15601413,0.15693656,0.15800698,0.15923305,0.16063355,0.1622099,0.163944,0.16581766,0.16781257,0.16991064,0.1720936,0.17434329,0.17664154,0.17897011,0.18131083,0.18364541,0.18595576,0.18822367,0.19043097,0.19255932,0.19459066,0.19650671,0.19828935,0.19992034,0.20138149,0.20265454,0.20372139,0.20456383,0.2051636,0.20550254,0.20556241,0.20532511,0.20477235,0.20388599,0.20264779,0.20103955,0.19915989,0.19712454,0.19494118,0.19261755,0.19016117,0.18757981,0.18488103,0.18207254,0.17916197,0.17615703,0.17306532,0.16989447,0.16665217,0.16334613,0.15998398,0.15657325,0.15312178,0.14963706,0.1461269,0.14259882,0.13906059,0.13551976,0.13198403,0.1284611,0.12495855,0.12148406,0.118045345,0.11464995,0.11130563,0.10801998,0.10480068,0.10165537,0.0987407,0.09619603,0.09400321,0.092144,0.090600215,0.08935366,0.08838614,0.08767946,0.08721543,0.08697583,0.08694245,0.087097146,0.087421685,0.087897845,0.08850747
0.1575201,0.15724863,0.15702026,0.15684195,0.15672038,0.15666243,0.15667494,0.15676469,0.15693846,0.1572032,0.15756553,0.15803242,0.15861061,0.15930699,0.1601283,0.16108137,0.16217305,0.16343194,0.16486967,0.16646789,0.168208,0.17007145,0.17203982,0.17409457,0.17621717,0.17838916,0.18059197,0.1828071,0.18501613,0.18720041,0.18934155,0.19142094,0.19342017,0.19532068,0.19710395,0.19875148,0.20024481,0.20156537,0.20269467,0.2036142,0.20430546,0.20474996,0.20492911,0.20482452,0.20441757,0.20368983,0.20262277,0.20119783,0.19939655,0.19732943,0.19512361,0.19278608,0.1903236,0.18774296,0.18505098,0.18225452,0.17936036,0.17637531,0.17330623,0.17015988,0.16694312,0.16366269,0.16032554,0.15693833,0.153508,0.15004133,0.14654508,0.14302613,0.13949129,0.13594736,0.13240114,0.12885946,0.12532917,0.12181705,0.11832991,0.11487458,0.111457855,0.1080866,0.10476758,0.101507634,0.09831358,0.09534907,0.092760935,0.09053061,0.08863963,0.08706945,0.085801594,0.084817536,0.0840988,0.083626814,0.08338311,0.083349176,0.08350651,0.08383657,0.08432088,0.08494095
0.16110004,0.16086245,0.16066262,0.16050655,0.16040017,0.16034946,0.16036041,0.16043895,0.16059105,0.16082267,0.16113983,0.1615484,0.16205443,0.16266383,0.16338266,0.16421673,0.16517211,0.16628677,0.16758224,0.16903988,0.17064089,0.17236663,0.17419834,0.17611738,0.17810498,0.18014249,0.18221116,0.18429229,0.18636721,0.18841717,0.19042347,0.19236746,0.19423035,0.1959935,0.19763815,0.19914563,0.20049725,0.20167428,0.20265797,0.2034297,0.20397073,0.20426232,0.20428582,0.20402245,0.20345359,0.20256042,0.2013244,0.1997267,0.19774862,0.1955115,0.19315311,0.19067942,0.18809633,0.18540986,0.18262595,0.1797506,0.17678976,0.17374937,0.17063539,0.16745386,0.16421065,0.1609118,0.15756321,0.15417089,0.15074079,0.14727888,0.14379112,0.14028345,0.13676192,0.1332324,0.1297009,0.12617339,0.12265579,0.11915412,0.11567432,0.11222234,0.108804174,0.10542578,0.10209312,0.09881215,0.095588826,0.09259275,0.08997703,0.08772294,0.085811816,0.084224924,0.08294356,0.08194902,0.08122261,0.080745615,0.0804993,0.080465026,0.08062402,0.080957614,0.08144708,0.08207373
0.16474363,0.16454034,0.16436939,0.16423589,0.16414489,0.16410151,0.16411088,0.16417807,0.16430816,0.16450633,0.16477765,0.1651272,0.1655601,0.16608143,0.16669632,0.1674099,0.16822721,0.16919525,0.17034492,0.17165752,0.17311417,0.17469615,0.17638467,0.17816088,0.18000598,0.1819012,0.1838278,0.18576689,0.1876997,0.18960746,0.19147141,0.19327262,0.19499247,0.19661205,0.19811258,0.1994753,0.20068134,0.20171201,0.20254846,0.20317191,0.2035635,0.20370454,0.20357615,0.2031596,0.20243603,0.20138669,0.19999273,0.19823545,0.196096,0.19370562,0.19121143,0.18861867,0.18593226,0.18315746,0.1802993,0.17736292,0.17435335,0.17127572,0.16813521,0.16493689,0.1616858,0.15838708,0.15504585,0.1516672,0.1482562,0.144818,0.14135769,0.13788038,0.13439114,0.13089514,0.1273974,0.12390308,0.120417245,0.11694504,0.11349153,0.11006184,0.10666107,0.103294306,0.099966675,0.09668327,0.0934492,0.090438835,0.087810636,0.08554581,0.083625585,0.08203112,0.080743656,0.07974437,0.07901449,0.078535214,0.078287736,0.07825329,0.07841305,0.07874823,0.07924003,0.07986967
0.16844735,0.16827884,0.16813713,0.16802645,0.16795099,0.16791503,0.16792278,0.1679785,0.16808635,0.16825065,0.16847555,0.16876534,0.16912423,0.16955642,0.1700662,0.17065775,0.17133531,0.17215435,0.17315494,0.17431831,0.17562567,0.17705826,0.17859726,0.18022396,0.18191949,0.1836651,0.18544202,0.18723148,0.18901466,0.19077277,0.19248712,0.19413882,0.19570914,0.1971793,0.19853052,0.19974396,0.2008009,0.20168254,0.20237006,0.20284477,0.2030878,0.20308042,0.2028038,0.20223922,0.20136784,0.2001709,0.19862966,0.19672525,0.19443893,0.191911,0.18929707,0.18660133,0.18382801,0.18098138,0.17806564,0.17508507,0.17204386,0.16894622,0.16579641,0.16259865,0.1593572,0.15607624,0.15276006,0.14941284,0.14603883,0.14264224,0.13922733,0.1357983,0.13235942,0.1289149,0.12546897,0.122025855,0.11858979,0.11516501,0.11175574,0.108366214,0.10500067,0.101663314,0.0983584,0.095090136,0.09186277,0.088854484,0.08622809,0.08396485,0.08204591,0.08045255,0.079165965,0.07816739,0.077438,0.07695906,0.07671176,0.07667732,0.07683696,0.07717192,0.07766338,0.07829259
0.17220776,0.1720744,0.17196223,0.17187464,0.17181492,0.1717865,0.17179264,0.17183667,0.1719221,0.17205209,0.1722301,0.17245942,0.17274342,0.1730855,0.17348891,0.17395708,0.17449331,0.17516118,0.17600957,0.17701976,0.17817314,0.17945099,0.18083465,0.18230547,0.18384477,0.18543378,0.187054,0.18868664,0.19031304,0.19191456,0.19347252,0.19496824,0.19638303,0.1976982,0.19889514,0.19995515,0.20085956,0.20158967,0.20212682,0.20245233,0.2025476,0.20239381,0.20197242,0.2012647,0.20025201,0.19891559,0.19723685,0.19519714,0.19277771,0.19012707,0.18740834,0.18462491,0.1817801,0.1788772,0.17591968,0.1729108,0.16985396,0.16675243,0.16360964,0.16042891,0.15721355,0.15396696,0.1506925,0.14739347,0.14407323,0.14073512,0.13738252,0.1340188,0.13064718,0.12727115,0.123894006,0.12051908,0.11714974,0.11378933,0.110441186,0.107108675,0.10379513,0.1005039,0.09723835,0.09400179,0.09079764,0.08780682,0.0851957,0.0829456,0.081037834,0.07945372,0.07817461,0.07718183,0.07645668,0.07598052,0.075734675,0.07570043,0.07585916,0.07619215,0.076680765,0.07730632
0.1760214,0.17592354,0.17584129,0.175777,0.17573322,0.17571233,0.17571682,0.17574917,0.17581178,0.17590716,0.17603777,0.17620602,0.17641442,0.17666534,0.17696133,0.17730477,0.1776982,0.17821284,0.17890608,0.17975938,0.18075433,0.18187249,0.18309528,0.1844043,0.18578102,0.18720706,0.18866384,0.19013296,0.19159593,0.19303426,0.19442949,0.19576313,0.19701672,0.1981718,0.19920985,0.20011243,0.20086108,0.20143732,0.20182262,0.20199858,0.2019467,0.20164852,0.20108555,0.2002393,0.19909132,0.19762312,0.19581626,0.19365224,0.19111256,0.18835312,0.18554376,0.18268694,0.17978503,0.17684059,0.173856,0.17083372,0.16777627,0.16468608,0.16156559,0.15841727,0.15524355,0.15204692,0.14882982,0.14559472,0.14234401,0.13908024,0.13580585,0.13252322,0.1292349,0.1259433,0.122650824,0.119360045,0.11607335,0.11279321,0.10952207,0.10626238,0.10301661,0.09978723,0.09657668,0.093387395,0.09022188,0.08726301,0.084679775,0.082453705,0.08056633,0.07899915,0.07773372,0.07675154,0.07603413,0.07556305,0.075319804,0.075285956,0.07544297,0.07577242,0.076255806,0.07687469
0.17988476,0.1798228,0.17977065,0.17972997,0.1797022,0.17968899,0.17969185,0.17971233,0.179752,0.17981242,0.17989513,0.18000172,0.18013369,0.18029264,0.18048014,0.1806977,0.18094686,0.1813064,0.18184173,0.1825347,0.18336715,0.18432087,0.18537767,0.1865193,0.18772765,0.18898454,0.1902717,0.19157104,0.19286427,0.19413324,0.19535984,0.19652574,0.19761282,0.19860293,0.19947776,0.20021929,0.20080918,0.20122933,0.20146154,0.20148756,0.20128924,0.2008484,0.20014685,0.19916637,0.19788879,0.19629599,0.1943696,0.19209163,0.18944375,0.18658857,0.18370171,0.18078487,0.17783943,0.17486703,0.17186922,0.16884756,0.16580358,0.16273887,0.15965499,0.15655345,0.15343584,0.15030372,0.14715864,0.14400211,0.14083576,0.13766113,0.13447972,0.13129315,0.12810293,0.12491067,0.121717855,0.11852609,0.11533691,0.11215189,0.10897258,0.105800524,0.10263728,0.09948439,0.096343465,0.09321599,0.09010358,0.08719018,0.08464667,0.0824548,0.08059641,0.07905331,0.07780733,0.07684024,0.07613386,0.07567003,0.07543052,0.07539719,0.07555179,0.075876184,0.07635215,0.07696151
0.1837944,0.18376862,0.18374696,0.18373,0.18371844,0.18371297,0.18371412,0.18372267,0.18373916,0.18376431,0.18379872,0.18384306,0.18389797,0.1839641,0.18404211,0.18413262,0.1842363,0.1844389,0.18481381,0.18534322,0.18600932,0.18679425,0.1876802,0.18864937,0.1896839,0.19076592,0.19187775,0.1930014,0.19411908,0.19521303,0.19626541,0.19725834,0.19817398,0.19899458,0.19970231,0.20027925,0.20070761,0.20096968,0.20104747,0.2009232,0.20057908,0.19999728,0.19915989,0.19804925,0.19664736,0.19493647,0.19289877,0.19051638,0.18777153,0.18483268,0.18188065,0.17891619,0.17593975,0.17295219,0.16995399,0.16694589,0.1639285,0.16090246,0.1578685,0.15482715,0.15177915,0.14872506,0.1456656,0.14260139,0.13953307,0.13646133,0.13338676,0.13031004,0.1272318,0.12415269,0.12107342,0.11799452,0.11491671,0.111840636,0.10876694,0.105696246,0.10262925,0.099566564,0.09650881,0.09345669,0.09041082,0.08755549,0.08506264,0.082914464,0.08109311,0.079580754,0.07835959,0.07741176,0.076719485,0.076264866,0.07603017,0.075997464,0.076149,0.076466925,0.0769334,0.07753062
0.18774685,0.18775752,0.18776654,0.18777357,0.18777835,0.18778068,0.18778016,0.18777663,0.18776979,0.18775932,0.18774505,0.18772665,0.18770386,0.1876764,0.18764403,0.18760647,0.18756343,0.18760744,0.18781957,0.18818244,0.18867865,0.1892908,0.1900015,0.19079335,0.191649,0.19255103,0.19348204,0.19442464,0.19536145,0.19627506,0.1971481,0.19796316,0.19870283,0.19934976,0.19988658,0.20029579,0.20056012,0.2006621,0.20058438,0.20030954,0.19982018,0.19909891,0.19812837,0.19689114,0.19536987,0.1935471,0.19140548,0.18892764,0.18609616,0.18308488,0.18007901,0.17707837,0.17408268,0.1710916,0.16810496,0.16512236,0.16214368,0.1591686,0.15619679,0.15322803,0.15026204,0.14729856,0.14433733,0.14137807,0.1384205,0.13546436,0.13250944,0.12955536,0.12660192,0.12364884,0.12069583,0.11774264,0.11478903,0.11183469,0.108879365,0.1059228,0.10296469,0.10000481,0.097042866,0.09407859,0.091111705,0.08832605,0.08589405,0.08379828,0.08202139,0.08054595,0.0793546,0.0784299,0.07775451,0.07731101,0.077082016,0.07705011,0.077197954,0.07750813,0.077963226,0.07854585
0.19173862,0.19178607,0.191826,0.19185719,0.19187841,0.19188857,0.1918864,0.19187069,0.19184029,0.19179402,0.19173068,0.19164906,0.19154799,0.19142625,0.19128264,0.19111605,0.1909252,0.19080912,0.19085628,0.19104986,0.19137295,0.19180861,0.19233997,0.19295014,0.19362228,0.19433944,0.19508478,0.19584136,0.1965923,0.19732074,0.19800976,0.19864242,0.19920199,0.19967143,0.20003392,0.20027253,0.20037037,0.20031059,0.20007628,0.19965054,0.19901647,0.19815722,0.19705586,0.19569553,0.19405931,0.19213033,0.18989167,0.18732649,0.18441787,0.18134443,0.17829517,0.17526902,0.17226468,0.16928096,0.16631675,0.16337076,0.1604419,0.1575289,0.1546306,0.15174581,0.14887331,0.14601195,0.14316055,0.14031783,0.13748267,0.13465388,0.13183023,0.1290106,0.1261937,0.1233784,0.1205635,0.11774784,0.114930145,0.11210931,0.10928407,0.10645331,0.10361576,0.1007703,0.09791567,0.095050745,0.092174284,0.089469016,0.087107174,0.08507191,0.08334629,0.08191345,0.08075644,0.07985844,0.07920253,0.07877183,0.07854943,0.07851849,0.078662045,0.07896326,0.07940521,0.07997103
0.19576624,0.19585072,0.19592178,0.19597727,0.19601506,0.1960331,0.19602919,0.19600129,0.1959472,0.19586489,0.19575213,0.19560684,0.19542696,0.1952103,0.19495472,0.1946582,0.19431855,0.19404098,0.19392125,0.19394302,0.19408996,0.19434577,0.19469409,0.19511859,0.19560301,0.19613093,0.19668606,0.1972521,0.19781269,0.19835149,0.19885221,0.1992985,0.19967404,0.19996251,0.20014755,0.20021287,0.20014212,0.19991897,0.1995271,0.19895022,0.19817191,0.19717595,0.19594596,0.19446558,0.19271854,0.19068849,0.18835908,0.18571402,0.18273696,0.17961074,0.17652763,0.17348553,0.17048225,0.16751581,0.16458394,0.16168463,0.15881573,0.1559751,0.15316059,0.15037014,0.1476016,0.14485282,0.14212175,0.13940622,0.13670412,0.13401334,0.13133171,0.12865719,0.1259876,0.12332086,0.12065481,0.11798735,0.11531635,0.1126397,0.10995528,0.10726096,0.10455461,0.10183413,0.0990974,0.09634227,0.09356666,0.090951525,0.0886684,0.086700924,0.0850328,0.08364767,0.08252923,0.08166115,0.0810271,0.08061074,0.080395766,0.08036583,0.08050461,0.08079579,0.081223026,0.081769995
0.19982627,0.19994798,0.20005034,0.20013028,0.20018476,0.20021077,0.20020516,0.2001649,0.20008701,0.19996837,0.19980592,0.19959661,0.19933742,0.19902523,0.19865705,0.1982298,0.19774044,0.19730012,0.19701168,0.19685945,0.19682759,0.19690047,0.19706236,0.19729763,0.19759044,0.1979252,0.19828609,0.19865745,0.1990236,0.1993688,0.19967738,0.19993353,0.20012166,0.20022593,0.20023075,0.20012037,0.19987905,0.19949117,0.19894087,0.19821258,0.19729052,0.19615902,0.1948023,0.1932047,0.19135053,0.18922403,0.18680954,0.18409133,0.18105367,0.17788312,0.17477472,0.17172544,0.16873209,0.16579172,0.1629013,0.16005772,0.15725793,0.15449883,0.15177745,0.1490907,0.14643551,0.14380887,0.14120767,0.13862887,0.13606946,0.1335263,0.13099638,0.12847666,0.12596408,0.12345558,0.120948076,0.11843852,0.11592391,0.113401145,0.110867165,0.10831892,0.10575338,0.10316745,0.100558124,0.09792229,0.095256925,0.09274074,0.09054398,0.08865094,0.08704593,0.085713185,0.08463706,0.083801836,0.08319176,0.08279116,0.082584314,0.08255551,0.082689054,0.08296922,0.083380274,0.08390656
0.20391524,0.20407438,0.20420821,0.20431273,0.20438401,0.20441797,0.20441061,0.20435804,0.20425612,0.204101,0.2038886,0.20361492,0.20327595,0.20286779,0.20238633,0.20182766,0.20118776,0.20058362,0.20012493,0.19979657,0.19958356,0.19947082,0.19944331,0.19948605,0.19958392,0.1997219,0.19988495,0.20005804,0.2002261,0.20037414,0.20048702,0.20054983,0.20054737,0.20046476,0.20028682,0.19999856,0.19958498,0.19903101,0.19832155,0.19744162,0.19637616,0.19511016,0.19362849,0.19191618,0.18995816,0.18773942,0.18524486,0.18245946,0.17936823,0.17616096,0.17303497,0.16998617,0.16701065,0.16410437,0.16126335,0.15848361,0.15576111,0.15309185,0.15047191,0.14789724,0.14536385,0.14286777,0.14040495,0.13797145,0.13556322,0.13317636,0.13080677,0.1284505,0.12610357,0.123761974,0.12142167,0.11907875,0.1167291,0.11436887,0.11199397,0.109600425,0.10718423,0.10474138,0.10226794,0.09975986,0.09721315,0.094803765,0.09270024,0.090887554,0.08935066,0.0880745,0.08704407,0.08624427,0.085660085,0.08527649,0.08507844,0.085050866,0.08517871,0.08544698,0.0858406,0.08634457
0.20802964,0.20822637,0.20839186,0.20852111,0.20860921,0.20865116,0.20864214,0.20857707,0.20845114,0.20825931,0.20799667,0.20765832,0.20723929,0.20673463,0.2061394,0.20544869,0.20465754,0.20388861,0.20325814,0.20275196,0.20235565,0.2020549,0.20183538,0.20168273,0.20158264,0.20152077,0.20148279,0.20145437,0.20142114,0.20136887,0.20128311,0.20114955,0.20095392,0.20068184,0.200319,0.199851,0.1992636,0.19854236,0.1976731,0.19664133,0.19543287,0.19403322,0.19242814,0.19060333,0.18854438,0.18623702,0.18366686,0.18081959,0.17768092,0.1744436,0.17130668,0.16826533,0.16531451,0.16244929,0.15966474,0.15695596,0.15431795,0.15174581,0.14923462,0.14677939,0.1443752,0.14201713,0.13970022,0.13741949,0.1351701,0.13294704,0.13074538,0.12856017,0.12638651,0.12421941,0.12205397,0.11988525,0.11770828,0.115518145,0.11330989,0.11107859,0.10881928,0.10652707,0.104196966,0.10182409,0.099403426,0.09710777,0.09510352,0.09337639,0.09191203,0.09069611,0.089714296,0.08895226,0.08839565,0.08803016,0.08784144,0.087815166,0.087937005,0.08819261,0.08856766,0.089047804
0.21216597,0.21240051,0.21259773,0.21275184,0.21285681,0.21290687,0.21289608,0.21281853,0.21266842,0.21243979,0.21212675,0.21172343,0.21122396,0.21062243,0.20991296,0.20908967,0.20814666,0.20721202,0.2064087,0.20572312,0.20514175,0.20465088,0.20423703,0.20388658,0.20358594,0.20332152,0.20307977,0.20284705,0.2026098,0.20235445,0.2020674,0.20173508,0.20134383,0.20088017,0.20033045,0.19968113,0.19891857,0.1980292,0.19699946,0.19581574,0.19446452,0.19293208,0.19120492,0.18926948,0.18711212,0.18471931,0.18207736,0.1791728,0.175992,0.17273034,0.16958842,0.16656034,0.16364019,0.16082206,0.15810013,0.15546845,0.1529212,0.15045245,0.14805628,0.14572686,0.14345828,0.14124465,0.13908006,0.13695867,0.13487458,0.13282187,0.1307947,0.1287871,0.1267933,0.124807335,0.12282332,0.12083537,0.118837625,0.11682418,0.11478912,0.112726614,0.11063073,0.108495615,0.106315345,0.10408403,0.10179584,0.09961985,0.09772012,0.09608304,0.09469504,0.093542516,0.09261188,0.09188958,0.09136199,0.09101557,0.09083669,0.09081178,0.09092725,0.09116953,0.09152504,0.09198014
0.21632086,0.21659328,0.2168224,0.21700136,0.21712331,0.21718147,0.2171689,0.21707886,0.21690446,0.21663888,0.21627527,0.21580684,0.2152266,0.21452792,0.2137038,0.21274748,0.21165207,0.21055104,0.2095738,0.2087076,0.20793954,0.20725687,0.20664677,0.20609647,0.20559306,0.20512387,0.20467596,0.20423663,0.20379305,0.20333235,0.20284179,0.20230855,0.2017198,0.20106272,0.20032458,0.19949248,0.19855368,0.19749536,0.19630463,0.19496883,0.19347505,0.19181052,0.18996242,0.18791795,0.18566428,0.18318865,0.1804782,0.17752016,0.1743017,0.17102061,0.16787855,0.1648687,0.16198426,0.15921834,0.15656415,0.1540148,0.15156348,0.14920337,0.1469276,0.14472935,0.14260174,0.14053798,0.1385312,0.1365746,0.13466129,0.13278446,0.13093726,0.12911285,0.12730442,0.1255051,0.123708084,0.121906474,0.12009347,0.11826226,0.11640593,0.114517696,0.1125907,0.11061814,0.10859313,0.10650885,0.10435846,0.1023072,0.100516364,0.098973125,0.09766468,0.09657822,0.09570094,0.09502003,0.09452269,0.09419611,0.09402748,0.094004,0.09411287,0.09434125,0.09467637,0.0951054
0.22049081,0.22080122,0.22106229,0.2212662,0.22140515,0.22147141,0.22145714,0.22135451,0.22115578,0.22085316,0.22043888,0.21990497,0.21924391,0.2184477,0.21750864,0.21641892,0.21517074,0.21390276,0.21275078,0.21170284,0.21074687,0.20987096,0.20906308,0.2083112,0.20760334,0.20692748,0.20627159,0.20562373,0.20497186,0.20430402,0.20360817,0.20287228,0.2020844,0.2012325,0.20030457,0.19928862,0.19817264,0.19694465,0.19559264,0.19410458,0.19246852,0.19067241,0.18870422,0.18655203,0.18420377,0.1816475,0.17887114,0.17586276,0.1726103,0.16931365,0.16617547,0.16318795,0.16034326,0.15763369,0.1550514,0.15258862,0.1502375,0.14799035,0.14583923,0.14377648,0.14179426,0.13988477,0.13804024,0.13625284,0.1345148,0.13281833,0.13115561,0.12951888,0.12790029,0.12629215,0.124686584,0.12307584,0.12145211,0.11980756,0.118134476,0.11642499,0.11467137,0.11286579,0.11100046,0.10906758,0.10705938,0.10513696,0.10345856,0.10201225,0.10078596,0.09976774,0.09894554,0.098307386,0.0978413,0.09753522,0.09737719,0.09735518,0.0974572,0.09767124,0.09798534,0.09838742
0.22467227,0.2250208,0.22531386,0.22554283,0.22569887,0.22577323,0.22575718,0.22564198,0.22541888,0.22507913,0.22461398,0.22401461,0.22327244,0.22237854,0.22132432,0.22010088,0.21869957,0.21726415,0.21593682,0.21470636,0.21356158,0.21249132,0.21148446,0.21052973,0.20961598,0.20873207,0.20786679,0.20700893,0.20614736,0.20527089,0.20436831,0.2034285,0.20244025,0.20139237,0.20027368,0.19907299,0.19777918,0.19638108,0.19486737,0.19322701,0.19144878,0.1895215,0.18743396,0.18517508,0.18273355,0.18009828,0.17725804,0.17420168,0.17091805,0.16760889,0.16447763,0.16151549,0.15871379,0.15606372,0.15355654,0.15118356,0.14893594,0.14680499,0.14478195,0.14285804,0.14102456,0.13927269,0.13759379,0.13597904,0.13441966,0.13290699,0.13143222,0.1299866,0.1285614,0.12714788,0.12573725,0.12432082,0.12288979,0.12143541,0.11994896,0.11842169,0.11684486,0.11520969,0.113507435,0.11172936,0.10986671,0.10807622,0.106513046,0.105165996,0.10402391,0.10307554,0.10230981,0.101715475,0.10128137,0.10099629,0.10084911,0.10082862,0.100923635,0.10112298,0.1014155,0.10178999
0.22886187,0.22924848,0.2295737,0.22982766,0.23000076,0.23008326,0.23006546,0.22993769,0.22969015,0.2293132,0.22879714,0.22813223,0.22730882,0.22631715,0.2251475,0.22379023,0.22223556,0.22063245,0.21912925,0.2177157,0.21638142,0.2151161,0.21390934,0.21275091,0.2116303,0.21053736,0.20946158,0.20839277,0.20732045,0.20623435,0.20512417,0.2039795,0.20278998,0.20154531,0.20023519,0.1988492,0.19737707,0.19580837,0.19413285,0.19234012,0.19041984,0.18836169,0.18615529,0.18379034,0.18125647,0.17854339,0.1756407,0.1725381,0.16922522,0.16590567,0.16278346,0.15984894,0.15709233,0.154504,0.15207423,0.14979327,0.14765142,0.14563903,0.14374633,0.14196365,0.14028125,0.13868944,0.13717854,0.13573882,0.13436055,0.13303405,0.13174963,0.13049756,0.12926814,0.12805165,0.1268384,0.12561873,0.1243828,0.12312104,0.12182365,0.12048098,0.11908333,0.117620945,0.11608415,0.114463225,0.11274849,0.111092165,0.109646134,0.10840001,0.107343495,0.10646621,0.10575785,0.10520804,0.10480644,0.10454276,0.10440658,0.104387626,0.104475535,0.104659945,0.10493053,0.10527696
0.2330561,0.23348089,0.23383814,0.23411724,0.23430742,0.23439808,0.23437852,0.23423809,0.23396613,0.23355198,0.232985,0.23225446,0.2313497,0.23026016,0.22897504,0.22748375,0.22577563,0.22400458,0.22232531,0.2207284,0.2192042,0.21774337,0.21633631,0.21497352,0.21364562,0.21234302,0.21105626,0.20977584,0.2084922,0.20719592,0.20587754,0.20452745,0.20313622,0.20169437,0.20019233,0.19862072,0.19696996,0.19523056,0.193393,0.19144785,0.18938562,0.18719675,0.18487181,0.18240122,0.17977557,0.1769853,0.17402093,0.17087302,0.16753201,0.1642033,0.16109139,0.1581857,0.15547554,0.1529502,0.15059905,0.14841147,0.1463767,0.14448415,0.14272313,0.141083,0.13955306,0.13812263,0.13678111,0.13551776,0.13432196,0.13318308,0.13209035,0.13103323,0.13000095,0.12898292,0.12796842,0.1269468,0.12590744,0.12483965,0.12373272,0.122576065,0.12135894,0.12007071,0.11870072,0.11723832,0.11567283,0.11415194,0.11282412,0.1116799,0.110709734,0.1099042,0.10925373,0.10874887,0.10838013,0.10813797,0.108012944,0.10799556,0.10807628,0.108245604,0.10849407,0.10881219
0.23725145,0.23771445,0.23810382,0.23840797,0.23861524,0.23871401,0.23869275,0.23853968,0.23824328,0.23779191,0.23717397,0.23637778,0.23539172,0.23420423,0.23280366,0.23117834,0.22931671,0.22737773,0.22552231,0.22374187,0.22202769,0.22037122,0.21876368,0.21719657,0.21566118,0.2141488,0.2126509,0.2111587,0.20966361,0.20815705,0.20663027,0.20507468,0.20348158,0.2018424,0.20014843,0.19839102,0.19656159,0.19465142,0.19265184,0.1905543,0.18835008,0.18603054,0.18358707,0.18101098,0.17829362,0.1754264,0.17240056,0.16920762,0.16583873,0.16250114,0.15939985,0.1565233,0.15385984,0.15139784,0.14912567,0.14703175,0.14510442,0.14333206,0.14170304,0.14020579,0.13882859,0.13755992,0.1363881,0.1353015,0.13428852,0.13333753,0.13243692,0.13157503,0.1307403,0.129921,0.12910563,0.12828252,0.12744,0.1265665,0.12565039,0.12468002,0.12364379,0.12253009,0.121327266,0.12002373,0.1186078,0.11722264,0.1160133,0.114971206,0.11408765,0.113353975,0.11276158,0.11230179,0.11196594,0.111745425,0.11163155,0.11161567,0.11168921,0.11184342,0.11206973,0.11235944
0.2414445,0.24194568,0.24236712,0.24269634,0.24292073,0.24302767,0.24300462,0.24283893,0.2425181,0.24202952,0.24136062,0.24049886,0.23943153,0.23814614,0.23663011,0.23487082,0.23285575,0.23074885,0.22871745,0.2267537,0.22484973,0.2229978,0.22119011,0.21941887,0.21767618,0.2159544,0.21424557,0.21254194,0.21083573,0.20911908,0.20738423,0.20562339,0.20382869,0.20199239,0.20010667,0.1981637,0.1961557,0.19407482,0.19191337,0.18966338,0.18731721,0.18486692,0.18230475,0.17962296,0.17681366,0.17386912,0.17078145,0.16754289,0.16414563,0.16079853,0.15770726,0.15485924,0.15224186,0.14984253,0.1476487,0.14564781,0.14382724,0.14217442,0.14067677,0.13932168,0.13809663,0.13698898,0.1359862,0.13507566,0.1342448,0.13348104,0.13277182,0.13210453,0.13146658,0.13084541,0.13022844,0.12960306,0.12895675,0.12827687,0.12755084,0.12676613,0.12591012,0.124970235,0.123933874,0.12278848,0.121521495,0.12027144,0.1191801,0.11823963,0.11744224,0.11678014,0.1162455,0.115830556,0.11552748,0.11532846,0.1152257,0.1152114,0.11527773,0.11541689,0.11562115,0.11588258
0.24563178,0.24617101,0.24662457,0.24697883,0.24722026,0.24733531,0.24731047,0.24713227,0.24678704,0.24626128,0.24554151,0.24461417,0.24346569,0.24208248,0.24045117,0.23855808,0.23638968,0.23411521,0.23190807,0.22976138,0.22766809,0.22562136,0.22361404,0.22163929,0.21969007,0.21775948,0.2158405,0.21392617,0.21200949,0.21008353,0.2081413,0.20617586,0.2041802,0.20214735,0.20007037,0.19794226,0.19575605,0.19350475,0.19118147,0.18877916,0.18629086,0.18370965,0.1810285,0.17824043,0.17533857,0.17231585,0.1691653,0.16588002,0.16245297,0.15909488,0.15601204,0.15319099,0.15061814,0.1482799,0.14616284,0.14425331,0.14253786,0.14100294,0.13963498,0.1384204,0.13734578,0.1363975,0.13556202,0.13482584,0.13417538,0.13359714,0.13307759,0.13260312,0.13216028,0.13173549,0.13131516,0.13088584,0.13043395,0.12994598,0.12940836,0.12880753,0.12813002,0.12736227,0.12649068,0.12550178,0.124382004,0.12326548,0.12229071,0.1214507,0.1207385,0.12014712,0.1196696,0.11929898,0.11902827,0.118850514,0.11875874,0.11874595,0.11880521,0.11892953,0.11911192,0.11934545
0.2498098,0.25038716,0.25087267,0.25125188,0.2515104,0.25163358,0.25160703,0.25141618,0.2510466,0.25048375,0.24971323,0.2487204,0.24749084,0.24601002,0.24426357,0.24223685,0.23991549,0.23747368,0.23509136,0.23276241,0.23048061,0.22823979,0.22603393,0.22385667,0.22170201,0.21956378,0.21743579,0.21531191,0.213186,0.21105187,0.20890334,0.20673436,0.20453869,0.20231017,0.20004274,0.19773017,0.19536634,0.19294502,0.19046016,0.18790558,0.18527511,0.18256256,0.17976187,0.1768668,0.17387126,0.17076905,0.16755402,0.16422004,0.16076097,0.15738945,0.15431264,0.15151607,0.14898518,0.14670554,0.14466265,0.1428419,0.14122899,0.13980928,0.13856831,0.13749166,0.13656473,0.13577309,0.13510223,0.13453767,0.13406488,0.13366938,0.13333672,0.13305236,0.1328018,0.13257058,0.13234417,0.13210814,0.13184795,0.13154905,0.13119707,0.1307774,0.13027565,0.12967728,0.12896775,0.12813263,0.1271574,0.12617189,0.1253115,0.12457007,0.123941444,0.12341945,0.12299798,0.12267082,0.12243191,0.122275,0.12219398,0.122182705,0.122235015,0.12234474,0.12250574,0.12271187
0.25397512,0.25459036,0.25510785,0.2555121,0.25578755,0.25591886,0.25589052,0.2556871,0.25529322,0.2546934,0.25387213,0.252814,0.25150362,0.24992546,0.24806409,0.24590418,0.24343008,0.24082151,0.23826471,0.23575433,0.23328502,0.23085141,0.22844818,0.22606997,0.22371133,0.221367,0.21903159,0.2166998,0.21436615,0.21202543,0.2096722,0.20730107,0.20490678,0.20248386,0.20002706,0.19753097,0.19499025,0.19239952,0.18975344,0.18704666,0.18427382,0.18142956,0.1785085,0.17550533,0.17241463,0.16923112,0.16594942,0.16256408,0.15906991,0.15568164,0.1526075,0.14983197,0.14733961,0.14511502,0.14314273,0.14140731,0.13989322,0.13858512,0.13746756,0.13652508,0.13574216,0.13510343,0.13459344,0.13419673,0.13389783,0.1336813,0.13353175,0.13343363,0.1333716,0.13333017,0.13329385,0.13324726,0.13317494,0.1330614,0.13289124,0.13264899,0.13231917,0.13188641,0.13133524,0.13065015,0.12981577,0.12895782,0.1282088,0.12756333,0.12701605,0.12656164,0.12619475,0.12590994,0.12570192,0.1255653,0.12549478,0.12548499,0.1255305,0.12562601,0.1257662,0.12594564
0.25812423,0.25877738,0.25932664,0.2597557,0.26004815,0.26018754,0.26015744,0.25994152,0.25952345,0.25888667,0.25801492,0.25689167,0.25550064,0.2538254,0.25184953,0.24955665,0.2469304,0.24415565,0.24142528,0.23873465,0.23607913,0.23345427,0.23085539,0.2282779,0.22571728,0.22316882,0.22062805,0.21809037,0.21555112,0.21300577,0.21044968,0.2078783,0.20528707,0.20267138,0.2000266,0.19734819,0.19463156,0.19187212,0.18906526,0.18620642,0.18329099,0.18031438,0.17727202,0.1741593,0.17097166,0.16770451,0.16435327,0.1609133,0.15738004,0.1539708,0.15089497,0.14813615,0.14567795,0.14350395,0.1415978,0.13994305,0.1385233,0.13732223,0.13632336,0.13551036,0.13486676,0.13437623,0.1340223,0.13378863,0.13365883,0.13361648,0.13364516,0.13372852,0.13385011,0.13399363,0.13414253,0.13428056,0.13439125,0.1344582,0.13446502,0.13439533,0.13423273,0.13396083,0.13356319,0.13302346,0.13232522,0.1315904,0.1309489,0.1303961,0.1299274,0.12953818,0.12922396,0.12898003,0.12880187,0.1286849,0.12862447,0.1286161,0.12865506,0.12873688,0.12885691,0.12901062
0.2622536,0.2629445,0.26352552,0.26397935,0.2642887,0.26443607,0.2644043,0.26417592,0.26373366,0.26306015,0.26213798,0.26094994,0.2594786,0.25770655,0.25561666,0.25319135,0.25041342,0.24747322,0.24457034,0.24170084,0.23886085,0.23604646,0.23325402,0.23047952,0.2277191,0.22496898,0.2222253,0.21948418,0.2167418,0.21399423,0.21123768,0.20846833,0.20568225,0.20287564,0.20004462,0.19718537,0.194294,0.19136669,0.1883996,0.1853888,0.1823305,0.17922086,0.176056,0.17283207,0.16954525,0.16619161,0.16276738,0.15926865,0.15569164,0.15225624,0.14917354,0.14642614,0.14399673,0.1418679,0.14002244,0.13844286,0.13711192,0.13601223,0.13512641,0.13443719,0.1339272,0.13357905,0.13337547,0.13329902,0.13333249,0.13345844,0.13365953,0.13391843,0.13421781,0.13454033,0.13486862,0.13518532,0.13547315,0.13571474,0.1358927,0.13598974,0.13598852,0.13587162,0.13562177,0.13522162,0.13465378,0.1340368,0.13349815,0.13303396,0.13264042,0.1323136,0.13204974,0.13184494,0.13169535,0.13159712,0.1315464,0.13153933,0.13157208,0.13164075,0.13174158,0.13187058
0.26635993,0.26708835,0.26770097,0.26817945,0.2685056,0.26866105,0.26862752,0.26838675,0.26792043,0.26721027,0.26623803,0.26498538,0.263434,0.2615657,0.2593621,0.25680497,0.25387603,0.25077137,0.24769716,0.24465042,0.2416278,0.23862621,0.23564255,0.23267353,0.22971615,0.2267672,0.22382346,0.22088188,0.21793918,0.21499228,0.21203807,0.20907332,0.20609486,0.20309961,0.20008439,0.19704598,0.19398127,0.19088715,0.18776037,0.18459788,0.18139641,0.17815292,0.17486413,0.17152698,0.16813827,0.16469488,0.16119362,0.15763137,0.15400492,0.15053736,0.14744163,0.14469942,0.14229253,0.14020257,0.13841131,0.13690047,0.1356517,0.1346468,0.1338674,0.13329527,0.13291211,0.13269962,0.13263953,0.13271353,0.13290335,0.13319072,0.13355732,0.13398488,0.13445508,0.13494971,0.1354504,0.13593894,0.13639697,0.13680625,0.13714844,0.13740534,0.13755858,0.13758993,0.13748106,0.1372137,0.13676958,0.13626412,0.13582283,0.13544254,0.13512014,0.13485238,0.13463621,0.13446842,0.13434587,0.13426542,0.13422383,0.13421805,0.13424487,0.13430117,0.13438374,0.13448946
0.27043962,0.2712054,0.27184948,0.2723525,0.27269536,0.2728588,0.27282357,0.27257043,0.27208015,0.27133363,0.27031142,0.2689945,0.26736358,0.2653994,0.2630828,0.26039448,0.25731522,0.2540471,0.25080314,0.2475809,0.24437787,0.24119155,0.2380194,0.23485896,0.23170768,0.2285631,0.22542268,0.22228394,0.21914437,0.21600147,0.2128527,0.20969558,0.20652762,0.2033463,0.20014913,0.19693357,0.19369714,0.19043732,0.18715163,0.18383758,0.1804926,0.17711425,0.17369999,0.1702473,0.16675371,0.16321671,0.15963379,0.15600243,0.15232018,0.14881346,0.14569767,0.14295352,0.14056186,0.13850346,0.13675904,0.13530943,0.13413537,0.13321765,0.13253704,0.1320743,0.13181023,0.13172562,0.13180119,0.13201773,0.13235606,0.1327969,0.13332106,0.13390931,0.13454242,0.13520114,0.13586628,0.13651863,0.13713893,0.13770795,0.1382065,0.1386153,0.13891515,0.13908687,0.13911118,0.13896886,0.1386407,0.13823952,0.1378893,0.13758743,0.13733153,0.13711907,0.13694747,0.1368143,0.13671704,0.13665317,0.13662016,0.13661559,0.13663687,0.13668154,0.1367471,0.136831
0.27448925,0.27529222,0.27596748,0.27649495,0.27685446,0.27702576,0.27698883,0.27672344,0.2762094,0.27542657,0.27435482,0.27297398,0.27126393,0.2692044,0.26677537,0.26395658,0.26072794,0.25729743,0.2538854,0.2504898,0.24710885,0.24374065,0.24038315,0.23703454,0.23369299,0.23035647,0.22702314,0.22369106,0.22035834,0.21702312,0.21368341,0.2103374,0.20698309,0.20361865,0.20024213,0.19685164,0.19344531,0.19002114,0.18657736,0.18311194,0.17962307,0.17610875,0.17256716,0.16899638,0.16539446,0.16175953,0.1580897,0.15438303,0.15063763,0.14708391,0.14394005,0.1411859,0.1388013,0.13676618,0.13506027,0.13366346,0.13255559,0.13171647,0.131126,0.13076395,0.13061021,0.13064465,0.130847,0.13119724,0.13167512,0.13226055,0.13293329,0.13367325,0.13446023,0.13527405,0.13609467,0.13690178,0.13767534,0.13839512,0.13904099,0.13959283,0.14003038,0.14033355,0.14048219,0.14045617,0.14023522,0.13993016,0.1396638,0.13943428,0.13923965,0.1390781,0.1389476,0.13884635,0.1387724,0.13872382,0.13869873,0.13869525,0.13871142,0.13874541,0.13879523,0.13885905
0.2785053,0.27934518,0.28005153,0.2806033,0.2809793,0.28115854,0.28111988,0.28084227,0.28030455,0.27948576,0.27836472,0.2769204,0.27513164,0.27297744,0.27043664,0.26748827,0.2641111,0.26051962,0.25694123,0.25337467,0.24981856,0.24627155,0.24273224,0.23919927,0.2356713,0.23214696,0.2286249,0.2251037,0.22158211,0.21805868,0.21453209,0.21100093,0.20746388,0.20391957,0.20036662,0.19680372,0.19322945,0.18964246,0.18604141,0.18242495,0.17879169,0.17514026,0.17146932,0.16777751,0.16406345,0.16032577,0.15656315,0.1527742,0.14895757,0.14534803,0.14216723,0.13939406,0.13700747,0.13498634,0.13330963,0.13195622,0.13090502,0.13013496,0.12962495,0.12935391,0.12930074,0.12944436,0.12976374,0.13023768,0.13084519,0.13156515,0.13237649,0.1332581,0.13418894,0.13514785,0.13611381,0.13706572,0.13798249,0.13884301,0.13962623,0.14031106,0.1408764,0.14130116,0.14156428,0.14164466,0.14152122,0.1413031,0.14111273,0.14094865,0.14080954,0.14069402,0.14060076,0.14052837,0.14047548,0.14044076,0.14042282,0.14042035,0.14043191,0.14045618,0.14049183,0.14053743
0.28225747,0.28313193,0.2838673,0.28444168,0.2848332,0.2850198,0.28497955,0.28469047,0.2841307,0.28327823,0.28211102,0.2806073,0.27874506,0.27650228,0.27385703,0.27078733,0.26727128,0.26352927,0.25979584,0.25607,0.25235087,0.24863766,0.24492946,0.24122529,0.23752439,0.23382586,0.23012878,0.2264323,0.22273551,0.21903752,0.2153375,0.21163459,0.20792781,0.20421635,0.20049928,0.1967758,0.19304496,0.18930592,0.18555774,0.1817996,0.17803062,0.1742499,0.17045656,0.16664968,0.16282848,0.15899196,0.15513933,0.15126969,0.14738211,0.14371581,0.14049585,0.13770027,0.13530724,0.13329466,0.13164069,0.13032326,0.12932052,0.12861043,0.12817113,0.1279806,0.12801692,0.1282581,0.12868227,0.12926742,0.12999155,0.13083282,0.13176915,0.13277872,0.13383949,0.13492952,0.13602687,0.13710956,0.13815571,0.1391433,0.14005041,0.14085506,0.14153533,0.14206922,0.14243482,0.1426102,0.14257333,0.14243233,0.14230919,0.14220306,0.14211312,0.14203842,0.14197813,0.1419313,0.14189711,0.14187464,0.14186308,0.14186147,0.14186893,0.14188461,0.14190766,0.1419372
0.28553325,0.2864378,0.28719863,0.28779283,0.28819782,0.28839087,0.2883492,0.28805017,0.28747118,0.2865892,0.28538185,0.2838263,0.2818998,0.2795796,0.27684313,0.27366763,0.2700303,0.26615694,0.26228806,0.25842315,0.25456175,0.2507034,0.24684767,0.24299413,0.23914225,0.23529164,0.23144178,0.22759217,0.22374247,0.21989211,0.21604073,0.21218777,0.20833284,0.20447542,0.20061511,0.19675142,0.19288391,0.18901208,0.18513547,0.18125367,0.17736618,0.1734726,0.16957237,0.16566509,0.16175027,0.1578275,0.15389629,0.14995614,0.14600664,0.1422908,0.13903664,0.13622156,0.13382287,0.13181776,0.13018356,0.12889759,0.12793712,0.12727945,0.12690185,0.12678163,0.1268961,0.12722248,0.12773815,0.12842031,0.12924631,0.13019343,0.13123897,0.13236018,0.13353443,0.1347389,0.13595095,0.13714789,0.13830698,0.13940549,0.14042075,0.14133,0.14211062,0.14273979,0.14319491,0.14345314,0.1434919,0.14341815,0.14335378,0.14329824,0.14325123,0.14321214,0.14318062,0.14315613,0.14313823,0.1431265,0.14312045,0.14311959,0.14312352,0.14313172,0.14314382,0.1431592
0.28835616,0.2892868,0.2900694,0.29068068,0.2910973,0.2912959,0.291253,0.2909454,0.2903497,0.2894425,0.2882004,0.28660017,0.2846183,0.28223148,0.27941635,0.27614963,0.27240786,0.26842126,0.26443565,0.2604509,0.2564669,0.25248355,0.24850075,0.24451841,0.24053647,0.23655476,0.2325732,0.22859173,0.22461021,0.22062856,0.2166467,0.2126645,0.20868185,0.2046987,0.20071495,0.19673042,0.1927451,0.18875886,0.1847716,0.18078324,0.17679365,0.17280275,0.16881043,0.16481659,0.16082114,0.15682401,0.15282507,0.14882423,0.14482136,0.14106277,0.1377792,0.13494731,0.1325437,0.13054504,0.12892795,0.12766907,0.12674505,0.1261325,0.12580809,0.12574847,0.12593023,0.12633005,0.12692453,0.12769033,0.1286041,0.12964246,0.13078208,0.13199951,0.13327152,0.13457464,0.13588554,0.13718091,0.13843732,0.13963142,0.14073987,0.14173931,0.14260635,0.14331762,0.1438498,0.14417954,0.14428346,0.14426765,0.14425386,0.14424205,0.14423196,0.14422363,0.14421687,0.14421163,0.14420782,0.1442053,0.14420399,0.14420381,0.14420465,0.14420642,0.14420898,0.14421229
0.2907496,0.29170218,0.29250336,0.29312915,0.29355562,0.29375887,0.293715,0.29340014,0.29279032,0.29186165,0.29059014,0.28895196,0.2869232,0.2844799,0.2815982,0.27825403,0.27442366,0.27034107,0.26625654,0.26217017,0.25808224,0.25399283,0.24990228,0.2458108,0.24171852,0.23762567,0.2335325,0.22943915,0.22534594,0.22125293,0.21716048,0.21306866,0.20897777,0.204888,0.20079952,0.19671264,0.19262742,0.18854415,0.18446307,0.18038435,0.17630817,0.17223479,0.16816437,0.16409719,0.16003342,0.15597323,0.15191682,0.1478645,0.14381643,0.14002162,0.13671307,0.13386689,0.13145918,0.12946595,0.12786336,0.12662745,0.12573431,0.12516004,0.12488073,0.12487245,0.12511133,0.12557335,0.1262347,0.12707143,0.12805958,0.1291753,0.13039465,0.13169374,0.13304861,0.13443537,0.1358301,0.13720891,0.13854782,0.13982296,0.14101045,0.14208633,0.1430267,0.14380759,0.14440514,0.14479543,0.14495458,0.14498794,0.1450171,0.14504221,0.14506352,0.14508119,0.14509545,0.14510654,0.14511465,0.14511992,0.1451227,0.14512306,0.14512129,0.14511758,0.14511214,0.14510515
0.29273692,0.29370785,0.29452437,0.29516217,0.29559687,0.29580405,0.29575938,0.29543844,0.29481688,0.29387033,0.29257447,0.29090482,0.28883713,0.28634685,0.28340974,0.28000143,0.27609748,0.27193525,0.26776847,0.2635978,0.25942346,0.25524613,0.25106606,0.24688393,0.24270001,0.23851493,0.23432904,0.23014286,0.22595681,0.2217714,0.21758708,0.21340428,0.20922348,0.2050452,0.20086983,0.19669783,0.1925297,0.1883659,0.18420689,0.18005314,0.17590508,0.17176321,0.16762796,0.16349983,0.15937929,0.15526672,0.15116273,0.14706764,0.14298196,0.13915709,0.13582784,0.13296978,0.13055862,0.12856993,0.12697935,0.12576254,0.124895036,0.12435258,0.12411071,0.1241451,0.12443132,0.12494504,0.1256619,0.1265575,0.12760745,0.12878743,0.130073,0.13143983,0.1328635,0.13431972,0.13578404,0.13723212,0.13863958,0.13998203,0.1412351,0.14237443,0.14337566,0.14421438,0.14486626,0.14530686,0.14551184,0.14558601,0.1456508,0.14570664,0.14575395,0.14579324,0.14582495,0.14584962,0.14586762,0.14587943,0.14588551,0.14588636,0.14588244,0.14587417,0.14586204,0.14584653
0.29434168,0.29532734,0.2961563,0.2968038,0.29724512,0.29745543,0.29741007,0.2970842,0.29645327,0.29549235,0.29417667,0.29248166,0.29038242,0.28785434,0.2848726,0.28141233,0.27744904,0.27322242,0.26898935,0.26475048,0.26050645,0.25625804,0.2520058,0.2477504,0.24349257,0.23923293,0.23497222,0.23071107,0.22645006,0.22219005,0.21793155,0.2136753,0.20942193,0.20517208,0.20092654,0.19668587,0.1924508,0.18822195,0.18400003,0.17978567,0.17557961,0.17138244,0.16719486,0.16301751,0.15885113,0.1546963,0.15055376,0.14642416,0.14230816,0.13845901,0.135113,0.1322454,0.1298315,0.12784642,0.12626559,0.12506416,0.1242174,0.123700574,0.12348894,0.12355774,0.123882264,0.124437705,0.12519938,0.12614253,0.12724237,0.12847422,0.12981325,0.13123481,0.13271406,0.13422634,0.13574687,0.13725087,0.13871367,0.14011048,0.14141655,0.14260712,0.14365749,0.14454287,0.14523856,0.14571978,0.14596182,0.14606896,0.14616251,0.14624311,0.14631148,0.14636822,0.14641407,0.14644964,0.14647561,0.14649265,0.14650147,0.1465027,0.14649698,0.14648508,0.14646758,0.14644518
0.29558718,0.2965843,0.29742292,0.29807794,0.29852438,0.2987372,0.2986912,0.29836166,0.2977233,0.2967512,0.29542032,0.29370555,0.2915819,0.28902438,0.28600788,0.28250748,0.27849808,0.27422148,0.2699369,0.26564518,0.26134712,0.25704345,0.25273514,0.24842288,0.24410768,0.23979028,0.23547143,0.23115204,0.22683297,0.22251499,0.21819891,0.21388562,0.2095759,0.20527063,0.20097058,0.19667663,0.19238956,0.18811025,0.18383946,0.17957811,0.17532696,0.17108686,0.16685867,0.16264313,0.15844117,0.15425357,0.15008116,0.14592476,0.14178519,0.13791722,0.13455822,0.13168319,0.1292671,0.1272849,0.12571159,0.12452209,0.12369141,0.123194516,0.12300635,0.123101875,0.12345612,0.12404395,0.12484041,0.12582047,0.12695903,0.12823111,0.12961167,0.13107568,0.13259809,0.1341539,0.13571797,0.13726544,0.13877118,0.14021012,0.14155737,0.1427877,0.14387621,0.14479785,0.14552754,0.14604029,0.14631107,0.14644381,0.14655967,0.14665954,0.1467442,0.14681451,0.14687125,0.14691532,0.1469475,0.14696863,0.14697953,0.14698109,0.14697401,0.14695926,0.14693758,0.14690982
0.2964969,0.29750243,0.29834804,0.29900858,0.29945877,0.2996733,0.2996271,0.29929468,0.29865098,0.2976707,0.2963286,0.29459947,0.29245794,0.289879,0.2868372,0.28330737,0.27926427,0.27495125,0.27062905,0.26629868,0.26196104,0.25761715,0.2532678,0.24891418,0.24455698,0.24019732,0.23583606,0.23147418,0.2271126,0.22275229,0.2183942,0.21403922,0.20968837,0.20534258,0.20100272,0.19666985,0.19234481,0.18802862,0.18372223,0.1794265,0.17514245,0.170871,0.1666131,0.16236968,0.15814176,0.15393019,0.14973591,0.14555998,0.14140323,0.13752146,0.13415295,0.13127254,0.12885486,0.12687474,0.12530693,0.12412619,0.12330723,0.122824885,0.12265385,0.12276891,0.123144835,0.12375635,0.124578215,0.1255852,0.12675205,0.12805353,0.1294644,0.13095944,0.13251334,0.13410094,0.13569692,0.1372761,0.13881318,0.14028297,0.14166018,0.14291959,0.14403597,0.14498405,0.14573862,0.14627439,0.14656615,0.14671756,0.14684974,0.14696369,0.14706026,0.14714046,0.1472052,0.14725548,0.14729218,0.14731629,0.14732875,0.1473305,0.14732245,0.14730561,0.14728084,0.14724918
0.2970943,0.29810533,0.2989556,0.2996197,0.30007237,0.30028808,0.3002416,0.29990736,0.29926014,0.2982745,0.29692504,0.29518646,0.29303333,0.2904402,0.28738174,0.2838326,0.2797674,0.27543038,0.2710835,0.26672783,0.2623642,0.25799382,0.25361767,0.2492367,0.24485202,0.2404646,0.2360755,0.23168571,0.22729625,0.2229081,0.21852241,0.21414013,0.20976223,0.2053898,0.20102386,0.19666539,0.19231543,0.18797506,0.1836452,0.17932695,0.17502129,0.17072925,0.16645187,0.16219017,0.15794511,0.15371783,0.14950927,0.14532042,0.1411524,0.13726158,0.13388687,0.13100287,0.12858415,0.12660544,0.12504123,0.1238662,0.123054974,0.12258216,0.12242241,0.12255027,0.12294043,0.12356748,0.124406025,0.12543072,0.12661614,0.12793694,0.12936774,0.13088311,0.13245773,0.13406616,0.13568309,0.13728309,0.13884075,0.14033079,0.1417277,0.14300622,0.14414088,0.14510635,0.14587721,0.1464281,0.14673366,0.14689733,0.14704023,0.1471634,0.14726779,0.14735451,0.14742449,0.14747886,0.1475185,0.14754458,0.14755805,0.14755993,0.14755125,0.14753301,0.14750625,0.14747201
0.29740277,0.29841658,0.29926923,0.29993522,0.30038914,0.3006055,0.30055887,0.3002238,0.29957467,0.29858628,0.29723307,0.29548952,0.29333037,0.29072997,0.28766292,0.2841038,0.2800272,0.2756778,0.27131823,0.26694933,0.26257244,0.25818834,0.25379828,0.2494033,0.24500436,0.24060267,0.23619914,0.23179492,0.22739105,0.22298859,0.21858864,0.2141922,0.20980038,0.2054142,0.20103474,0.1966631,0.19230029,0.18794738,0.18360546,0.17927553,0.17495872,0.17065606,0.1663686,0.16209747,0.15784359,0.15360814,0.14939219,0.14519675,0.14102289,0.13712743,0.13374947,0.1308636,0.12844442,0.12646635,0.12490402,0.12373193,0.12292472,0.122456856,0.12230289,0.12243738,0.12283492,0.123469956,0.12431712,0.12535095,0.12654598,0.12787671,0.12931782,0.1308437,0.132429,0.13404822,0.13567594,0.1372867,0.13885501,0.14035544,0.14176257,0.14305094,0.14419504,0.14516945,0.14594877,0.1465075,0.14682016,0.1469902,0.14713861,0.1472665,0.14737499,0.14746502,0.14753772,0.14759414,0.1476354,0.14766246,0.14767644,0.1476784,0.14766936,0.14765042,0.14762266,0.14758708
0.2974457,0.29845995,0.2993129,0.29997918,0.30043328,0.30064973,0.30060303,0.30026776,0.29961845,0.29862964,0.29727596,0.29553178,0.29337168,0.29077032,0.2877021,0.28414157,0.28006336,0.27571225,0.27135092,0.26698026,0.26260135,0.25821543,0.25382343,0.24942645,0.24502553,0.24062185,0.23621637,0.23181012,0.22740427,0.22299983,0.21859789,0.21419944,0.20980568,0.20541762,0.20103629,0.1966628,0.1922982,0.18794355,0.1835999,0.17926838,0.17495,0.17064588,0.16635703,0.16208455,0.1578295,0.15359288,0.1493759,0.14517954,0.14100486,0.13710874,0.13373032,0.13084424,0.12842494,0.12644698,0.12488491,0.123713285,0.122906595,0.1224394,0.12228625,0.12242168,0.12282021,0.123456396,0.124304764,0.12533987,0.12653622,0.12786835,0.12931085,0.13083823,0.132425,0.13404572,0.13567495,0.1372872,0.13885698,0.14035891,0.14176746,0.14305717,0.1442026,0.14517826,0.14595874,0.14651854,0.1468322,0.14700311,0.14715227,0.14728087,0.14738987,0.1474804,0.1475535,0.14761022,0.14765167,0.14767891,0.14769293,0.14769489,0.1476858,0.14766678,0.14763886,0.14760312
0.29724655,0.29825896,0.29911044,0.29977545,0.30022874,0.3004448,0.30039817,0.30006355,0.2994154,0.2984284,0.2970771,0.29533613,0.29317996,0.29058325,0.28752056,0.2839665,0.27989566,0.2755525,0.27119938,0.26683712,0.26246703,0.25808984,0.2537068,0.24931894,0.24492726,0.24053276,0.23613651,0.2317396,0.22734302,0.22294784,0.21855511,0.21416585,0.20978108,0.20540188,0.20102926,0.19666426,0.19230798,0.18796138,0.18362556,0.17930156,0.17499039,0.17069313,0.16641076,0.16214438,0.157895,0.15366367,0.14945145,0.14525937,0.14108846,0.13719536,0.13381906,0.13093413,0.12851514,0.12653676,0.124973476,0.12379993,0.12299066,0.1225203,0.12236339,0.12249455,0.12288832,0.12351931,0.12436214,0.12539135,0.12658152,0.12790723,0.12934308,0.13086367,0.13244353,0.1340573,0.13567956,0.13728486,0.13884777,0.14034295,0.14174491,0.14302827,0.14416763,0.14513749,0.14591253,0.1464673,0.14677635,0.14694317,0.14708881,0.14721432,0.14732072,0.14740907,0.14748038,0.14753576,0.14757621,0.1476028,0.14761648,0.1476184,0.14760955,0.14759097,0.14756373,0.14752884
0.29682878,0.29783735,0.29868555,0.29934812,0.2997996,0.30001485,0.29996842,0.29963505,0.29898944,0.29800618,0.29666,0.29492557,0.29277766,0.29019076,0.28713974,0.28359917,0.27954382,0.27521744,0.2708815,0.26653704,0.26218504,0.2578264,0.25346223,0.24909335,0.24472094,0.24034585,0.23596908,0.23159169,0.22721459,0.22283886,0.21846545,0.21409528,0.20972939,0.2053688,0.20101444,0.19666736,0.19232851,0.18799889,0.18367943,0.17937118,0.17507514,0.17079227,0.16652353,0.16226998,0.1580325,0.1538122,0.14961,0.1454269,0.14126387,0.13737707,0.13400514,0.13112275,0.12870446,0.12672514,0.12515931,0.123981774,0.12316711,0.12269003,0.12252527,0.12264746,0.12303126,0.123651415,0.124482565,0.12549935,0.12667654,0.12798877,0.12941068,0.13091704,0.13248244,0.13408162,0.13568923,0.13727997,0.13882852,0.14030953,0.1416977,0.14296773,0.14409424,0.145052,0.1458156,0.1463598,0.14665921,0.14681742,0.14695556,0.14707465,0.14717555,0.14725937,0.14732704,0.14737958,0.14741795,0.14744312,0.14745612,0.14745793,0.14744954,0.1474319,0.14740609,0.14737296
0.29621577,0.29721874,0.2980622,0.298721,0.29917002,0.29938406,0.2993379,0.29900634,0.2983643,0.29738656,0.29604796,0.29432327,0.29218727,0.28961495,0.28658098,0.28306022,0.2790275,0.27472576,0.2704152,0.26609677,0.26177132,0.25743985,0.2531032,0.2487624,0.24441817,0.24007155,0.2357234,0.23137464,0.2270262,0.22267893,0.21833386,0.21399179,0.20965362,0.20532034,0.20099281,0.1966719,0.19235866,0.18805386,0.18375844,0.17947336,0.17519946,0.17093773,0.166689,0.1624542,0.15823427,0.15403011,0.1498426,0.14567266,0.14152125,0.13764374,0.1342782,0.13139942,0.12898225,0.12700148,0.12543195,0.12424854,0.12342596,0.12293907,0.12276278,0.122871816,0.123241015,0.123845235,0.12465924,0.1256579,0.126816,0.12810841,0.12950993,0.13099533,0.13253953,0.13411732,0.13570343,0.13727282,0.1388002,0.14026047,0.1416284,0.14287883,0.14398661,0.1449265,0.1456734,0.14620203,0.14648734,0.14663295,0.14676014,0.14686969,0.1469626,0.14703974,0.14710203,0.14715035,0.14718568,0.14720887,0.14722082,0.14722252,0.14721479,0.14719857,0.14717479,0.14714432
0.29543102,0.2964267,0.29726413,0.29791817,0.29836392,0.2985764,0.2985306,0.29820144,0.2975641,0.29659337,0.29526433,0.29355207,0.2914315,0.28887767,0.28586558,0.28237024,0.27836657,0.2740962,0.26981813,0.26553303,0.26124167,0.25694498,0.2526437,0.24833862,0.24403055,0.23972039,0.23540886,0.23109674,0.22678494,0.22247422,0.21816537,0.21385923,0.2095566,0.20525827,0.20096509,0.19667777,0.19239727,0.18812424,0.18385962,0.17960411,0.17535865,0.17112394,0.16690078,0.16269007,0.15849257,0.15430908,0.1501404,0.14598738,0.14185078,0.13798517,0.13462777,0.1317537,0.12933786,0.1273553,0.12578104,0.124590054,0.12375737,0.12325796,0.12306688,0.12315906,0.12350956,0.12409334,0.12488544,0.12586083,0.12699457,0.12826161,0.12963696,0.13109563,0.13261265,0.13416296,0.13572161,0.13726363,0.13876398,0.14019765,0.14153966,0.14276505,0.14384875,0.14476584,0.14549129,0.1460001,0.14626725,0.14639682,0.14650987,0.14660731,0.14668994,0.14675853,0.14681394,0.14685695,0.14688835,0.14690894,0.1469196,0.1469211,0.14691421,0.1468998,0.14687864,0.14685154
