0.094322145,0.09427751,0.09423998,0.09421066,0.094190694,0.09418116,0.09418322,0.094197966,0.09422653,0.09427005,0.09432961,0.09440635,0.094501406,0.09461586,0.09475085,0.094907515,0.09508696,0.09524662,0.09534722,0.09539489,0.095395744,0.09535587,0.095281385,0.09517841,0.09505302,0.094911344,0.094759494,0.09460358,0.09444969,0.09430396,0.09417246,0.09406134,0.09397668,0.09392458,0.093911186,0.09394255,0.09402485,0.094164126,0.09436655,0.094638154,0.09498512,0.09541352,0.09592945,0.096539035,0.0972484,0.09806358,0.09899079,0.10003607,0.10120552,0.10242736,0.10362642,0.10480382,0.10596069,0.10709811,0.10821724,0.109319195,0.110405095,0.111476086,0.11253321,0.11357766,0.11461052,0.115632944,0.11664604,0.1176509,0.11864865,0.119640455,0.12062738,0.121610574,0.122591175,0.12357027,0.12454898,0.12552844,0.1265098,0.12749411,0.12848254,0.12947619,0.1304762,0.13148369,0.13249977,0.13352554,0.13456213,0.13554038,0.13639447,0.13713045,0.13775447,0.13827258,0.13869098,0.13901572,0.13925292,0.13940866,0.13948905,0.13950025,0.13944834,0.13933945,0.1391796,0.138975
0.094022594,0.09398132,0.093946636,0.09391952,0.09390105,0.09389224,0.09389414,0.09390778,0.09393419,0.09397442,0.0940295,0.09410045,0.094188325,0.09429416,0.09441899,0.094563834,0.094729744,0.09487422,0.094958246,0.0949881,0.09497001,0.09491024,0.09481503,0.094690636,0.09454334,0.09437935,0.09420494,0.094026364,0.09384987,0.09368171,0.09352816,0.09339543,0.09328979,0.093217514,0.093184836,0.09319802,0.093263276,0.093386926,0.09357518,0.093834296,0.094170526,0.09459013,0.09509935,0.09570445,0.09641169,0.09722729,0.098157525,0.099208646,0.10038692,0.10161997,0.102831915,0.10402389,0.10519685,0.106351875,0.10748994,0.108612165,0.10971953,0.110813044,0.11189383,0.11296288,0.11402119,0.11506985,0.11610989,0.1171423,0.1181682,0.11918854,0.12020438,0.1212168,0.12222677,0.12323537,0.12424364,0.1252526,0.12626329,0.12727672,0.12829393,0.12931603,0.13034399,0.13137883,0.13242161,0.13347337,0.13453515,0.13553666,0.13641097,0.13716444,0.13780326,0.13833371,0.13876198,0.13909444,0.13933724,0.13949671,0.13957904,0.13959047,0.13953735,0.13942584,0.13926223,0.13905275
0.09377067,0.093732245,0.093699925,0.09367466,0.093657464,0.09364926,0.093651034,0.09366373,0.09368833,0.09372581,0.093777105,0.09384319,0.09392504,0.094023615,0.09413987,0.09427479,0.094429314,0.09456103,0.09463115,0.094646,0.09461197,0.09453546,0.09442283,0.09428045,0.09411468,0.09393193,0.09373856,0.093540914,0.0933454,0.093158394,0.09298627,0.09283539,0.092712134,0.09262287,0.092573985,0.09257183,0.09262281,0.0927333,0.09290964,0.09315824,0.09348543,0.09389766,0.09440124,0.09500255,0.095708,0.09652393,0.09745673,0.09851279,0.099698454,0.10094091,0.10216378,0.10336798,0.10455449,0.10572426,0.10687831,0.10801752,0.10914293,0.11025548,0.111356124,0.11244584,0.11352556,0.11459628,0.11565899,0.116714604,0.11776411,0.118808456,0.11984864,0.120885596,0.12192031,0.12295374,0.12398683,0.12502062,0.12605597,0.12709391,0.12813537,0.12918134,0.13023275,0.13129061,0.13235591,0.13342953,0.13451248,0.13553347,0.13642488,0.13719302,0.1378443,0.13838507,0.13882175,0.13916063,0.1394082,0.13957076,0.1396547,0.13966638,0.13961221,0.1394985,0.13933168,0.13911816
0.09357388,0.093537666,0.09350721,0.0934834,0.0934672,0.09345948,0.093461126,0.09347311,0.09349629,0.093531616,0.09357996,0.09364225,0.09371938,0.09381229,0.09392185,0.094049,0.09419464,0.094316415,0.09437563,0.09437879,0.094332315,0.09424274,0.09411648,0.09396005,0.09377988,0.093582466,0.09337425,0.09316175,0.09295139,0.092749655,0.09256301,0.09239796,0.09226091,0.0921584,0.09209683,0.092082724,0.09212255,0.09222275,0.09238979,0.09263017,0.09295033,0.09335677,0.09385593,0.09445432,0.09515836,0.09597455,0.09690936,0.097969264,0.0991607,0.100410536,0.10164188,0.10285564,0.104052715,0.10523407,0.10640053,0.10755309,0.10869258,0.10981995,0.11093612,0.11204199,0.11313842,0.1142264,0.115306795,0.11638051,0.1174485,0.11851162,0.119570784,0.12062693,0.121680945,0.122733794,0.1237863,0.12483939,0.12589402,0.12695108,0.12801147,0.12907611,0.13014589,0.13122176,0.13230456,0.13339527,0.13449475,0.13553101,0.13643573,0.13721535,0.13787633,0.13842519,0.13886839,0.13921238,0.1394636,0.13962859,0.13971376,0.13972566,0.13967066,0.13955528,0.13938597,0.13916925
0.09343979,0.09340507,0.09337588,0.09335307,0.09333751,0.093330115,0.09333172,0.09334318,0.093365416,0.093399264,0.093445584,0.0935053,0.09357922,0.09366825,0.09377327,0.09389514,0.09403472,0.094149694,0.09420149,0.094196655,0.09414174,0.09404323,0.0939077,0.093741685,0.09355169,0.093344286,0.09312598,0.092903316,0.092682846,0.092471085,0.092274554,0.092099816,0.09195342,0.09184183,0.091771655,0.09174941,0.091781594,0.09187479,0.0920355,0.09227028,0.092585646,0.09298814,0.0934843,0.09408069,0.094783776,0.09560015,0.09653632,0.09759883,0.0987942,0.10004907,0.10128619,0.10250647,0.10371075,0.104899965,0.10607492,0.10723652,0.10838564,0.10952313,0.11064987,0.11176672,0.11287457,0.113974296,0.115066774,0.11615282,0.11723338,0.1183093,0.11938141,0.120450646,0.12151783,0.122583844,0.1236496,0.1247159,0.12578367,0.12685376,0.12792705,0.12900442,0.13008668,0.1311748,0.13226959,0.13337192,0.1344827,0.13552935,0.1364431,0.13723056,0.13789818,0.13845256,0.13890019,0.1392476,0.13950136,0.13966802,0.13975404,0.13976605,0.13971049,0.13959396,0.13942297,0.13920406
0.09337587,0.09334186,0.09331327,0.09329096,0.09327572,0.09326848,0.09327003,0.09328127,0.09330303,0.09333617,0.09338155,0.093440026,0.09351241,0.0935996,0.09370246,0.093821794,0.0939585,0.09407024,0.094118506,0.094109856,0.09405088,0.09394814,0.0938082,0.0936376,0.09344293,0.09323077,0.09300765,0.09278014,0.09255484,0.09233831,0.09213707,0.09195772,0.09180683,0.09169095,0.09161667,0.09159053,0.09161908,0.09170893,0.09186661,0.09209874,0.09241181,0.092812456,0.09330717,0.09390257,0.094605245,0.09542169,0.096358486,0.09742227,0.09861953,0.09987677,0.101116635,0.10234004,0.10354779,0.10474072,0.10591973,0.10708565,0.10823934,0.109381646,0.11051341,0.11163553,0.11274881,0.11385415,0.11495237,0.11604432,0.11713087,0.118212834,0.11929116,0.12036662,0.12144007,0.1225124,0.12358443,0.12465703,0.12573108,0.12680738,0.12788682,0.12897024,0.1300585,0.13115245,0.13225292,0.13336079,0.13447693,0.13552853,0.13644665,0.1372378,0.13790861,0.13846561,0.13891535,0.1392644,0.1395194,0.13968682,0.13977323,0.1397853,0.1397295,0.1396124,0.1394406,0.13922064
0.09338965,0.093355484,0.09332678,0.09330435,0.09328904,0.09328176,0.09328333,0.09329462,0.09331649,0.093349785,0.09339536,0.093454085,0.09352681,0.09361441,0.09371773,0.09383762,0.09397493,0.09408737,0.094136395,0.09412857,0.09407047,0.093968645,0.09382965,0.093660034,0.09346639,0.09325526,0.09303317,0.092806704,0.09258245,0.092366934,0.09216673,0.09198837,0.09183845,0.09172348,0.09165008,0.09162478,0.09165414,0.09174469,0.09190305,0.09213574,0.09244931,0.092850335,0.0933454,0.093940996,0.09464373,0.095460184,0.09639686,0.097460344,0.098657206,0.09991395,0.101153225,0.10237593,0.10358293,0.10477507,0.105953194,0.107118174,0.10827088,0.109412156,0.110542856,0.11166383,0.11277595,0.113880076,0.11497703,0.11606771,0.11715299,0.118233636,0.119310625,0.12038473,0.12145683,0.1225278,0.12359847,0.12466974,0.1257424,0.12681736,0.12789549,0.1289776,0.13006456,0.13115725,0.13225652,0.13336319,0.13447818,0.13552871,0.13644588,0.13723624,0.13790636,0.1384628,0.13891207,0.13926078,0.13951552,0.13968277,0.13976912,0.13978113,0.13972537,0.13960841,0.13943678,0.13921706
0.09348867,0.09345339,0.09342373,0.09340057,0.09338479,0.09337728,0.093378894,0.093390554,0.093413115,0.09344749,0.09349455,0.093555205,0.09363031,0.09372076,0.093827434,0.09395121,0.09409301,0.09421045,0.09426496,0.09426304,0.0942112,0.09411594,0.09398381,0.09382127,0.093634866,0.09343109,0.09321649,0.09299751,0.09278072,0.092572615,0.09237969,0.09220848,0.09206548,0.09195722,0.09189019,0.0918709,0.09190587,0.09200161,0.09216466,0.09240145,0.09271857,0.093122505,0.093619764,0.094216876,0.0949203,0.095736615,0.09667229,0.09773382,0.098927796,0.100180805,0.101415835,0.10263372,0.103835404,0.10502172,0.106193595,0.1073519,0.10849751,0.1096313,0.1107542,0.11186705,0.112970755,0.114066176,0.11515424,0.11623582,0.117311805,0.118383035,0.119450465,0.12051489,0.121577285,0.1226385,0.12369942,0.12476092,0.1258239,0.12688924,0.12795784,0.12903054,0.13010828,0.13119192,0.13228235,0.13338043,0.13448709,0.13552995,0.13644041,0.13722502,0.13789023,0.13844259,0.1388886,0.13923477,0.13948761,0.13965365,0.1397394,0.13975132,0.13969596,0.13957986,0.13940948,0.13919137
0.09368043,0.09364302,0.09361154,0.09358696,0.09357019,0.09356223,0.093563944,0.09357631,0.09360028,0.09363676,0.09368669,0.093751036,0.09383071,0.0939267,0.09403989,0.09417123,0.0943217,0.09444884,0.09451395,0.09452345,0.094483726,0.09440122,0.09428234,0.09413351,0.09396115,0.093771674,0.093571484,0.09336702,0.0931647,0.092970945,0.09279217,0.09263478,0.09250521,0.09240987,0.09235516,0.09234754,0.09239338,0.09249915,0.09267123,0.092916064,0.09324005,0.09364962,0.094151154,0.094751135,0.095455945,0.096272,0.09720572,0.098263524,0.09945184,0.10069769,0.10192444,0.10313302,0.104324386,0.10549946,0.10665919,0.10780454,0.108936384,0.11005575,0.1111635,0.11226063,0.11334802,0.11442667,0.11549749,0.11656139,0.11761935,0.11867231,0.11972122,0.120767005,0.121810555,0.12285288,0.123894885,0.124937505,0.1259817,0.1270284,0.12807854,0.12913309,0.13019294,0.13125905,0.13233234,0.13341382,0.13450435,0.13553236,0.13642983,0.13720325,0.137859,0.13840349,0.13884313,0.13918439,0.13943361,0.13959727,0.13968179,0.13969356,0.13963899,0.13952452,0.13935658,0.13914157
0.09397246,0.093931764,0.09389754,0.09387081,0.09385259,0.09384388,0.09384577,0.093859226,0.09388528,0.09392494,0.09397929,0.09404926,0.094135925,0.094240315,0.094363436,0.09450631,0.09466995,0.0948119,0.09489316,0.094920024,0.09489876,0.09483567,0.09473699,0.09460902,0.09445803,0.09429032,0.09411212,0.093929745,0.093749486,0.093577586,0.09342032,0.09328399,0.09317484,0.09309918,0.09306327,0.093073405,0.093135834,0.093256846,0.093442716,0.09369975,0.094034195,0.09445233,0.09496042,0.09556477,0.09627165,0.09708732,0.09801808,0.09907017,0.10024991,0.101484805,0.10269897,0.10389336,0.10506901,0.10622697,0.107368246,0.108493805,0.109604776,0.1107021,0.11178681,0.11285997,0.11392256,0.114975646,0.11602015,0.11705721,0.118087776,0.1191129,0.120133586,0.12115091,0.12216579,0.12317935,0.124192566,0.12520644,0.12622203,0.12724036,0.12826239,0.12928922,0.13032186,0.13136128,0.13240853,0.13346465,0.13453065,0.135536,0.13641374,0.13717014,0.1378114,0.13834392,0.1387739,0.1391076,0.13935137,0.13951144,0.13959408,0.13960558,0.13955222,0.13944033,0.13927606,0.13906577
0.09437228,0.09432709,0.09428908,0.0942594,0.09423916,0.094229534,0.094231606,0.09424654,0.09427547,0.094319515,0.09437983,0.09445756,0.0945538,0.0946697,0.0948064,0.09496504,0.095146745,0.09530893,0.09541232,0.09546298,0.09546699,0.09543045,0.09535944,0.09526003,0.09513831,0.095000386,0.094852306,0.09470019,0.09455009,0.094408095,0.0942803,0.09417279,0.09409163,0.09404292,0.09403274,0.09406717,0.0941523,0.09429422,0.09449899,0.09477269,0.09512145,0.09555132,0.09606837,0.09667873,0.09738841,0.098203555,0.099130265,0.10017454,0.10134253,0.10256249,0.10375939,0.104934365,0.10608852,0.107223,0.10833897,0.10943754,0.110519856,0.11158702,0.11264023,0.113680564,0.114709154,0.115727186,0.11673576,0.11773601,0.11872907,0.11971606,0.12069817,0.121676505,0.12265214,0.12362631,0.124600105,0.12557462,0.12655103,0.12753052,0.1285141,0.129503,0.13049832,0.13150124,0.13251284,0.13353422,0.13456665,0.135541,0.1363917,0.13712476,0.13774629,0.13826236,0.13867909,0.13900253,0.13923876,0.1393939,0.13947399,0.13948517,0.13943346,0.13932496,0.13916579,0.13896199
0.094887406,0.094836436,0.09479355,0.09476008,0.094737254,0.094726376,0.094728716,0.09474557,0.094778195,0.09482789,0.09489593,0.09498359,0.09509216,0.09522292,0.09537714,0.09555609,0.09576106,0.09594933,0.09608121,0.09616252,0.09619909,0.09619678,0.0961614,0.096098796,0.09601479,0.09591526,0.09580598,0.09569281,0.0955816,0.09547814,0.09538832,0.09531794,0.09527283,0.095258854,0.0952818,0.09534758,0.095461935,0.09563075,0.09585986,0.0961551,0.09652227,0.096967265,0.097495854,0.0981139,0.098827265,0.09964174,0.100563206,0.10159742,0.10275029,0.10395097,0.10512564,0.10627558,0.10740201,0.10850626,0.10958966,0.11065342,0.11169884,0.11272717,0.11373972,0.1147378,0.11572263,0.11669551,0.11765773,0.118610576,0.11955531,0.12049322,0.12142558,0.12235367,0.12327877,0.12420219,0.12512518,0.12604898,0.12697497,0.12790434,0.12883842,0.12977843,0.13072574,0.13168155,0.1326472,0.13362393,0.13461304,0.13554747,0.13636328,0.13706632,0.1376624,0.1381573,0.13855696,0.13886715,0.13909371,0.1392425,0.13931932,0.13933001,0.1392804,0.13917637,0.1390237,0.13882826
0.09552536,0.095467225,0.09541831,0.09538012,0.095354095,0.095341675,0.09534436,0.09536359,0.0954008,0.09545749,0.0955351,0.09563509,0.095758915,0.09590805,0.09608394,0.09628805,0.09652185,0.096742414,0.09690956,0.09702885,0.09710575,0.097145826,0.097154595,0.09713756,0.09710027,0.09704825,0.096987024,0.09692211,0.096859045,0.09680333,0.09676052,0.096736126,0.09673568,0.0967647,0.09682871,0.096933246,0.097083814,0.09728597,0.09754523,0.09786711,0.09825713,0.09872083,0.09926372,0.09989134,0.10060921,0.101422854,0.10233779,0.10335957,0.10449369,0.10567053,0.106817655,0.10793656,0.10902873,0.110095575,0.11113858,0.11215922,0.113158934,0.11413918,0.115101434,0.11604712,0.116977714,0.11789473,0.11879957,0.11969369,0.12057857,0.121455655,0.12232642,0.12319233,0.12405482,0.124915354,0.12577544,0.12663648,0.12749995,0.12836732,0.12924002,0.13011958,0.13100737,0.13190487,0.13281359,0.13373496,0.13467045,0.13555548,0.13632813,0.13699393,0.13755846,0.13802722,0.13840571,0.13869949,0.13891408,0.13905497,0.13912772,0.13913783,0.13909087,0.13899232,0.13884775,0.13866264
0.09629367,0.09622689,0.09617074,0.09612687,0.09609698,0.09608273,0.096085794,0.09610788,0.09615063,0.09621572,0.09630485,0.096419685,0.0965619,0.09673316,0.09693517,0.09716957,0.09743808,0.09769755,0.0979072,0.0980722,0.098197676,0.09828879,0.09835071,0.09838857,0.098407544,0.09841277,0.09840938,0.0984026,0.09839751,0.09839929,0.09841311,0.0984441,0.09849741,0.09857824,0.09869167,0.09884293,0.0990371,0.099279426,0.09957496,0.09992893,0.100346446,0.100832686,0.1013928,0.10203193,0.10275525,0.103567876,0.104475014,0.10548176,0.106593326,0.10774139,0.10885538,0.10993695,0.1109878,0.11200959,0.11300399,0.11397268,0.11491737,0.115839675,0.11674133,0.11762396,0.11848928,0.119338974,0.12017466,0.12099809,0.12181088,0.12261475,0.12341132,0.12420234,0.12498943,0.12577428,0.12655859,0.127344,0.12813221,0.12892488,0.12972373,0.13053036,0.13134651,0.13217382,0.133014,0.1338687,0.13473961,0.13556504,0.13628574,0.13690676,0.13743329,0.13787052,0.13822356,0.13849753,0.1386977,0.13882911,0.13889697,0.13890643,0.13886261,0.13877073,0.13863584,0.13846321
0.09719984,0.0971229,0.097058184,0.09700762,0.09697317,0.09695674,0.09696028,0.09698573,0.097034976,0.09711001,0.097212724,0.09734508,0.09750896,0.09770633,0.09793914,0.098209284,0.09851873,0.098824084,0.09908385,0.09930277,0.09948553,0.09963686,0.099761456,0.099864066,0.099949375,0.10002212,0.10008699,0.10014873,0.10021204,0.10028163,0.10036222,0.10045854,0.100575306,0.100717194,0.100888945,0.1010953,0.10134092,0.10163053,0.10196892,0.10236072,0.10281068,0.1033235,0.10390392,0.10455664,0.10528636,0.10609782,0.10699572,0.107984796,0.109069735,0.1101839,0.11125878,0.11229631,0.11329843,0.11426707,0.115204126,0.11611158,0.11699135,0.11784535,0.11867551,0.11948377,0.1202721,0.12104239,0.121796556,0.12253656,0.12326434,0.12398181,0.12469091,0.12539358,0.12609173,0.12678732,0.12748225,0.12817848,0.12887792,0.1295825,0.13029419,0.13101488,0.13174652,0.13249105,0.13325037,0.13402645,0.1348212,0.1355764,0.13623577,0.13680397,0.1372857,0.1376857,0.13800868,0.1382594,0.1384425,0.13856272,0.13862485,0.13863346,0.13859338,0.1385093,0.13838594,0.13822795
0.09825142,0.09816264,0.09808799,0.09802967,0.09798994,0.097971,0.09797508,0.09800441,0.098061234,0.09814779,0.098266274,0.098418936,0.09860797,0.09883566,0.0991042,0.09941581,0.09977275,0.10013136,0.100449294,0.10073078,0.100980006,0.10120121,0.101398565,0.10157629,0.1017386,0.101889685,0.10203376,0.10217504,0.102317706,0.10246598,0.10262409,0.1027962,0.10298656,0.103199326,0.10343876,0.103709005,0.10401434,0.10435893,0.104746975,0.10518268,0.105670266,0.10621396,0.106817946,0.10748641,0.10822357,0.109033674,0.109920874,0.110889405,0.11194345,0.11301829,0.11404779,0.115034215,0.115979776,0.11688672,0.11775727,0.11859362,0.119398065,0.12017276,0.120920025,0.121641986,0.12234092,0.12301908,0.12367863,0.12432189,0.12495099,0.12556824,0.1261758,0.12677595,0.1273709,0.12796286,0.12855412,0.12914683,0.1297433,0.13034563,0.13095619,0.13157713,0.13221072,0.13285914,0.13352466,0.13420951,0.13491589,0.1355896,0.13617776,0.13668464,0.13711442,0.13747123,0.13775939,0.13798301,0.13814639,0.13825361,0.138309,0.13831675,0.13828097,0.13820596,0.13809589,0.137955
0.099455886,0.09935359,0.09926756,0.099200346,0.09915455,0.099132724,0.09913743,0.09917124,0.099236734,0.09933647,0.09947301,0.09964893,0.0998668,0.100129195,0.10043866,0.10079778,0.10120913,0.10162871,0.102013275,0.10236643,0.10269181,0.102993034,0.10327372,0.10353749,0.10378799,0.104028806,0.104263596,0.10449597,0.10472955,0.10496797,0.105214834,0.10547378,0.10574843,0.10604241,0.10635932,0.10670282,0.10707651,0.10748401,0.10792898,0.10841499,0.1089457,0.10952471,0.11015569,0.11084221,0.111587904,0.11239643,0.11327137,0.11421637,0.115235046,0.116264805,0.117242336,0.118170224,0.119051024,0.119887315,0.12068165,0.12143661,0.12215476,0.12283866,0.12349088,0.12411401,0.12471059,0.12528321,0.12583442,0.12636681,0.12688291,0.12738533,0.12787662,0.12835935,0.12883608,0.12930939,0.12978184,0.13025603,0.13073446,0.13121974,0.13171446,0.13222118,0.13274242,0.13328077,0.13383885,0.13441917,0.13502431,0.1356047,0.13611138,0.136548,0.1369182,0.1372256,0.1374738,0.13766646,0.13780716,0.13789958,0.13794729,0.13795394,0.13792312,0.13785851,0.1377637,0.13764231
0.10075721,0.100640096,0.10054159,0.10046466,0.100412235,0.10038724,0.10039262,0.10043133,0.1005063,0.10062049,0.100776814,0.10097822,0.101227656,0.10152805,0.10188235,0.102293506,0.10276444,0.10325082,0.10370829,0.10413984,0.10454851,0.104937226,0.10530903,0.10566687,0.10601377,0.10635269,0.106686614,0.10701856,0.10735151,0.10768843,0.10803234,0.108386196,0.108752996,0.10913577,0.10953745,0.10996105,0.11040955,0.110885955,0.11139324,0.1119344,0.11251242,0.11313028,0.113791,0.114497535,0.11525288,0.11606003,0.11692198,0.117841735,0.11882223,0.11980325,0.12072446,0.12158885,0.12239933,0.123158835,0.12387032,0.12453673,0.125161,0.12574604,0.12629485,0.12681031,0.1272954,0.12775305,0.12818618,0.1285978,0.12899072,0.129368,0.12973256,0.13008727,0.13043515,0.1307791,0.13112213,0.13146704,0.13181686,0.13217454,0.132543,0.13292518,0.13332401,0.13374245,0.13418345,0.13464992,0.1351448,0.13562348,0.1360414,0.13640156,0.13670695,0.13696048,0.1371652,0.13732408,0.13744016,0.13751635,0.1375557,0.13756119,0.13753578,0.13748248,0.1374043,0.13730417
0.10209202,0.10195932,0.10184773,0.10176058,0.10170116,0.10167284,0.10167894,0.101722814,0.10180774,0.10193712,0.10211422,0.10234241,0.10262498,0.102965325,0.10336674,0.10383255,0.104366094,0.10492259,0.10545656,0.10597038,0.10646631,0.10694676,0.107413985,0.10787037,0.10831819,0.10875982,0.109197564,0.10963376,0.11007071,0.1105108,0.110956304,0.111409575,0.11187294,0.112348706,0.11283922,0.11334683,0.11387383,0.114422545,0.11499534,0.11559451,0.116222404,0.11688133,0.117573656,0.11830167,0.11906769,0.11987408,0.12072318,0.12161728,0.12255872,0.12348963,0.12435281,0.12515157,0.1258893,0.12656926,0.12719479,0.1277693,0.12829602,0.12877834,0.12921955,0.12962303,0.12999207,0.13033006,0.13064025,0.13092604,0.1311907,0.1314376,0.13167009,0.13189147,0.13210504,0.13231422,0.13252227,0.13273254,0.13294837,0.13317305,0.13340998,0.13366245,0.13393378,0.13422732,0.13454643,0.13489436,0.13527451,0.13564745,0.13597302,0.1362536,0.13649146,0.13668898,0.13684848,0.1369723,0.1370627,0.13712206,0.13715273,0.13715698,0.1371372,0.13709566,0.13703476,0.13695675
0.103456825,0.10330788,0.10318262,0.103084795,0.103018105,0.102986336,0.10299319,0.10304243,0.10313777,0.10328296,0.10348176,0.103737876,0.10405506,0.10443706,0.1048876,0.10541043,0.1060093,0.10663891,0.10725264,0.107852094,0.10843894,0.109014824,0.1095814,0.11014029,0.11069314,0.11124161,0.11178734,0.11233198,0.11287716,0.11342452,0.11397572,0.114532426,0.115096256,0.11566885,0.11625186,0.11684693,0.11745571,0.11807985,0.118720986,0.11938077,0.12006083,0.120762825,0.12148842,0.122239195,0.123016864,0.12382303,0.12465938,0.1255275,0.12642907,0.12730867,0.12811223,0.12884352,0.12950626,0.13010415,0.13064101,0.13112058,0.13154647,0.13192256,0.13225251,0.13254014,0.13278906,0.1330031,0.133186,0.13334149,0.13347328,0.13358513,0.13368078,0.13376398,0.13383844,0.13390794,0.13397616,0.1340469,0.13412385,0.13421078,0.13431144,0.13442953,0.13456878,0.13473299,0.13492587,0.13515113,0.13541254,0.13567601,0.13590601,0.13610423,0.13627227,0.13641185,0.1365245,0.136612,0.13667585,0.1367178,0.13673945,0.13674249,0.1367285,0.13669917,0.13665609,0.136601
0.104848176,0.1046824,0.10454299,0.10443409,0.10435989,0.1043245,0.10433212,0.104386926,0.10449306,0.10465465,0.10487594,0.10516101,0.105514064,0.105939254,0.10644072,0.10702269,0.10768926,0.10839466,0.10909096,0.10977912,0.11046005,0.111134715,0.111804046,0.11246898,0.113130465,0.11378943,0.11444685,0.115103625,0.11576072,0.11641906,0.117079616,0.1177433,0.11841106,0.11908383,0.11976258,0.12044822,0.121141694,0.121843964,0.12255595,0.12327861,0.12401287,0.12475969,0.12552004,0.12629476,0.12708485,0.12789129,0.12871495,0.12955686,0.13041784,0.13124506,0.13198762,0.13264972,0.13323556,0.13374923,0.13419494,0.13457684,0.13489906,0.13516583,0.13538127,0.13554949,0.13567474,0.13576116,0.13581288,0.13583411,0.13582894,0.1358016,0.13575621,0.13569698,0.13562801,0.1355535,0.13547762,0.1354045,0.13533829,0.13528317,0.13524337,0.13522297,0.1352261,0.13525704,0.13531986,0.13541876,0.13555789,0.13570863,0.13584024,0.13595363,0.1360498,0.13612963,0.13619411,0.13624416,0.13628073,0.13630472,0.13631712,0.1363188,0.13631083,0.13629404,0.13626942,0.13623789
0.10626263,0.106079504,0.10592547,0.10580517,0.105723195,0.10568411,0.10569254,0.10575309,0.105870314,0.106048845,0.10629327,0.1066082,0.10699823,0.107467934,0.10802195,0.10866482,0.10940118,0.11018469,0.11096607,0.11174554,0.112523325,0.11329965,0.11407474,0.11484879,0.11562204,0.116394706,0.117167,0.11793916,0.118711375,0.11948389,0.12025692,0.121030696,0.12180538,0.12258126,0.12335853,0.12413744,0.12491813,0.12570094,0.12648596,0.1272735,0.12806372,0.12885691,0.12965323,0.13045292,0.13125622,0.13206328,0.13287443,0.13368976,0.1345096,0.13528347,0.13596386,0.13655536,0.13706255,0.13749008,0.13784249,0.13812445,0.13834047,0.1384952,0.13859324,0.13863918,0.1386376,0.1385931,0.13851032,0.1383938,0.13824818,0.138078,0.13788791,0.13768253,0.1374664,0.13724415,0.13702035,0.13679963,0.13658656,0.13638577,0.13620183,0.13603932,0.1359029,0.13579711,0.13572656,0.13569584,0.13570963,0.1357448,0.13577554,0.13580205,0.13582446,0.13584311,0.13585815,0.13586985,0.13587838,0.13588397,0.13588686,0.1358873,0.13588539,0.13588147,0.13587573,0.13586836
0.1076967,0.10749577,0.10732678,0.10719479,0.10710483,0.10706196,0.1070712,0.10713761,0.10726625,0.10746215,0.10773033,0.10807585,0.10850379,0.10901916,0.10962697,0.110332355,0.11114027,0.11200383,0.11287239,0.113745436,0.11462244,0.11550287,0.11638624,0.11727204,0.11815971,0.119048774,0.11993869,0.120828964,0.12171903,0.12260845,0.12349664,0.124383114,0.12526734,0.1261488,0.12702702,0.12790142,0.12877153,0.12963682,0.13049679,0.13135086,0.13219857,0.13303939,0.13387282,0.13469833,0.13551539,0.13632348,0.13712211,0.13791075,0.13868888,0.13940862,0.1400258,0.14054541,0.14097261,0.14131235,0.14156966,0.14174967,0.14185737,0.1418978,0.14187601,0.14179707,0.141666,0.14148787,0.1412677,0.14101051,0.1407214,0.14040537,0.14006746,0.13971277,0.13934633,0.13897312,0.13859826,0.13822672,0.13786362,0.13751397,0.13718282,0.13687521,0.13659616,0.13635075,0.13614401,0.13598101,0.13586675,0.135784,0.13571171,0.13564944,0.13559671,0.13555287,0.13551742,0.13548997,0.1354699,0.13545671,0.13544992,0.13544895,0.13545336,0.13546257,0.13547613,0.13549341
0.10914692,0.10892783,0.108743586,0.10859966,0.108501576,0.10845482,0.10846489,0.10853733,0.10867759,0.108891174,0.10918361,0.109560356,0.11002695,0.11058891,0.11125168,0.11202079,0.11290173,0.11384698,0.11480446,0.1157729,0.11675104,0.11773763,0.118731394,0.11973105,0.12073537,0.121743046,0.12275282,0.123763435,0.124773644,0.12578218,0.12678775,0.12778911,0.12878495,0.12977408,0.13075517,0.13172698,0.13268828,0.13363773,0.13457413,0.13549614,0.13640258,0.13729213,0.13816357,0.13901556,0.13984688,0.14065632,0.1414425,0.14220423,0.14294022,0.14360519,0.14415832,0.14460507,0.14495102,0.14520162,0.1453624,0.14543884,0.14543642,0.14536068,0.1452171,0.14501122,0.14474845,0.14443435,0.14407444,0.1436742,0.14323908,0.1427747,0.14228643,0.14177983,0.1412604,0.14073363,0.14020507,0.13968015,0.13916439,0.13866328,0.13818239,0.13772711,0.13730302,0.13691561,0.13657036,0.13627277,0.13602836,0.13582565,0.13564871,0.13549617,0.13536687,0.1352595,0.13517284,0.13510554,0.13505638,0.13502412,0.13500743,0.13500513,0.13501589,0.13503847,0.13507156,0.13511395
0.11060984,0.11037231,0.11017254,0.110016525,0.109910145,0.10985948,0.1098704,0.10994892,0.11010098,0.11033258,0.110649586,0.111058086,0.111563966,0.11217323,0.11289181,0.11372567,0.11468078,0.11570896,0.11675674,0.11782203,0.11890283,0.119997166,0.12110294,0.12221818,0.123340815,0.12446888,0.12560031,0.12673306,0.1278652,0.12899457,0.13011923,0.13123718,0.13234632,0.13344471,0.13453023,0.13560094,0.13665473,0.13768974,0.13870373,0.13969481,0.14066093,0.14160006,0.14251015,0.14338923,0.14423527,0.14504617,0.14582002,0.1465547,0.14724821,0.14785786,0.14834628,0.1487194,0.14898318,0.14914362,0.14920661,0.1491782,0.14906432,0.1488709,0.148604,0.14826947,0.14787331,0.1474215,0.14692,0.14637476,0.14579178,0.14517696,0.14453633,0.14387581,0.14320135,0.14251898,0.14183463,0.14115421,0.14048375,0.13982919,0.13919649,0.13859163,0.13802058,0.13748924,0.13700368,0.13656975,0.13619348,0.13586926,0.13558622,0.1353423,0.1351355,0.13496381,0.13482511,0.1347175,0.13463889,0.13458729,0.13456064,0.13455692,0.13457413,0.13461022,0.1346632,0.134731
0.11208201,0.111825824,0.111610346,0.11144207,0.11132737,0.11127271,0.111284494,0.11136916,0.11153319,0.111782946,0.112124875,0.11256545,0.11311106,0.11376814,0.114543155,0.11544248,0.1164726,0.117584676,0.118723705,0.1198869,0.12107152,0.12227472,0.123493716,0.12472575,0.12596801,0.12721768,0.12847205,0.12972823,0.13098353,0.13223508,0.13348013,0.13471587,0.13593954,0.13714832,0.13833942,0.13951005,0.14065748,0.14177884,0.14287136,0.1439323,0.1449588,0.14594808,0.14689742,0.14780398,0.14866497,0.14947757,0.15023907,0.15094657,0.1515974,0.15215138,0.1525746,0.15287347,0.15305443,0.15312389,0.1530883,0.15295412,0.15272775,0.1524156,0.15202416,0.15155983,0.15102905,0.15043822,0.14979377,0.14910218,0.14836988,0.14760326,0.14680876,0.1459928,0.14516188,0.14432237,0.1434807,0.14264335,0.14181668,0.14100716,0.14022125,0.13946535,0.13874589,0.1380693,0.13744204,0.13687049,0.13636115,0.1359143,0.13552418,0.135188,0.13490298,0.1346663,0.1344752,0.13432686,0.13421853,0.13414739,0.13411069,0.13410553,0.13412929,0.13417903,0.134252,0.13434549
0.11355994,0.11328495,0.11305372,0.11287308,0.112749964,0.11269131,0.11270396,0.11279485,0.112970866,0.11323894,0.11360594,0.11407881,0.11466442,0.11536968,0.1162015,0.117166795,0.118272424,0.119468935,0.12069986,0.12196163,0.12325071,0.12456353,0.1258965,0.12724608,0.12860875,0.12998088,0.13135895,0.1327394,0.13411865,0.13549316,0.13685937,0.13821371,0.13955261,0.14087254,0.14216991,0.14344119,0.1446828,0.14589117,0.14706276,0.14819404,0.14928137,0.15032123,0.1513101,0.15224437,0.15312049,0.1539349,0.15468405,0.1553644,0.15597232,0.1564704,0.15682812,0.15705237,0.15715007,0.15712813,0.15699343,0.15675285,0.15641338,0.15598184,0.15546519,0.15487026,0.15420404,0.1534734,0.15268521,0.15184636,0.15096384,0.15004449,0.14909524,0.14812295,0.14713457,0.146137,0.14513712,0.14414184,0.14315808,0.14219268,0.14125262,0.14034478,0.13947608,0.13865335,0.13788357,0.13717362,0.1365304,0.1359602,0.13546242,0.13503344,0.13466975,0.13436773,0.13412388,0.1339346,0.13379636,0.1337056,0.13365872,0.1336522,0.13368246,0.13374595,0.1338391,0.13395834
0.11504019,0.114746355,0.11449928,0.11430628,0.11417473,0.11411205,0.11412556,0.11422269,0.11441077,0.1146972,0.11508935,0.1155946,0.11622032,0.116973884,0.11786268,0.11889407,0.120075434,0.121356644,0.1226797,0.124040335,0.12543412,0.12685686,0.12830408,0.12977156,0.13125488,0.13274978,0.13425191,0.13575692,0.13726047,0.13875829,0.14024594,0.14171916,0.14317364,0.144605,0.14600892,0.1473811,0.14871718,0.15001282,0.15126367,0.15246546,0.15361382,0.15470439,0.15573291,0.15669501,0.15758635,0.15840258,0.15913941,0.15979254,0.16035753,0.16079962,0.1610917,0.16124125,0.16125548,0.16114193,0.16090786,0.16056077,0.1601079,0.15955667,0.15891452,0.15818875,0.15738676,0.15651596,0.15558368,0.15459725,0.15356417,0.15249173,0.15138733,0.15025836,0.1491122,0.14795616,0.14679767,0.1456441,0.14450283,0.1433812,0.14228666,0.14122654,0.14020815,0.139239,0.13832636,0.13747768,0.13670029,0.1360065,0.13540074,0.13487881,0.13443619,0.13406874,0.13377197,0.13354172,0.1333735,0.13326302,0.13320598,0.13319807,0.13323486,0.13331212,0.13342546,0.13357057
0.116519265,0.11620664,0.115943745,0.11573836,0.11559843,0.11553171,0.11554611,0.11564942,0.11584955,0.11615432,0.11657155,0.11710917,0.11777496,0.118576765,0.11952244,0.120619856,0.12187685,0.12324261,0.124657705,0.126117,0.12761542,0.12914792,0.13070928,0.13229448,0.13389832,0.13551582,0.13714185,0.13877124,0.14039895,0.14201985,0.14362882,0.14522083,0.14679068,0.14833337,0.1498437,0.15131661,0.15274699,0.15412979,0.15545984,0.15673201,0.15794133,0.15908256,0.16015066,0.16114052,0.16204703,0.1628651,0.16358961,0.1642155,0.1647376,0.16512372,0.16535027,0.16542509,0.16535601,0.16515094,0.16481766,0.16436407,0.16379796,0.16312721,0.16235968,0.16150321,0.16056563,0.15955481,0.15847857,0.1573448,0.15616131,0.15493599,0.15367666,0.15239114,0.15108731,0.14977306,0.14845613,0.14714447,0.14584589,0.14456826,0.14331938,0.1421071,0.14093931,0.13982384,0.13876855,0.13778128,0.13686986,0.13605255,0.13533904,0.13472414,0.13420281,0.13376993,0.13342041,0.13314912,0.13295093,0.13282086,0.13275364,0.13274431,0.13278767,0.13287866,0.13301218,0.13318312
0.11799373,0.11766242,0.11738378,0.11716613,0.11701778,0.11694711,0.116962336,0.11707185,0.117283955,0.11760697,0.11804918,0.118618935,0.119324535,0.120174326,0.12117659,0.122339666,0.12367189,0.12512174,0.12662837,0.12818585,0.12978832,0.13142994,0.13310485,0.13480714,0.13653092,0.13827042,0.14001964,0.14177282,0.143524,0.1452674,0.14699706,0.14870718,0.15039183,0.1520452,0.15366141,0.15523455,0.15675876,0.1582282,0.15963697,0.16097921,0.16224906,0.16344063,0.1645481,0.16556552,0.16648707,0.16730687,0.16801906,0.16861773,0.16909707,0.16942742,0.16958869,0.1695891,0.16943705,0.1691408,0.16870871,0.16814911,0.16747026,0.16668053,0.16578822,0.16480163,0.16372906,0.16257891,0.1613594,0.16007893,0.15874577,0.15736824,0.1559547,0.15451342,0.15305269,0.15158091,0.15010637,0.14863734,0.1471822,0.14574921,0.14434676,0.14298311,0.14166658,0.1404055,0.1392082,0.13808297,0.13703817,0.13609794,0.1352771,0.13456976,0.13397002,0.13347203,0.1330699,0.13275786,0.13252988,0.13238019,0.1323029,0.13229214,0.13234203,0.13244674,0.13260031,0.13279696
0.11946014,0.119110264,0.11881604,0.118586265,0.1184296,0.11835497,0.11837107,0.1184867,0.11871065,0.11905173,0.11951865,0.12012029,0.12086533,0.121762626,0.12282093,0.12404904,0.12545572,0.12698887,0.12858613,0.13024089,0.13194644,0.13369624,0.13548361,0.13730194,0.13914454,0.14100486,0.14287625,0.14475201,0.14662556,0.14849032,0.15033957,0.15216674,0.15396515,0.15572819,0.15744923,0.15912168,0.16073883,0.1622941,0.16378085,0.16519246,0.16652222,0.16776362,0.16890994,0.16995458,0.17089093,0.17171231,0.17241213,0.17298375,0.1734205,0.17369545,0.17379177,0.17371833,0.17348386,0.17309716,0.17256702,0.17190222,0.17111148,0.1702037,0.16918759,0.16807193,0.16686547,0.16557711,0.16421553,0.16278958,0.16130798,0.15977953,0.158213,0.15661727,0.155001,0.15337302,0.15174212,0.1501171,0.14850663,0.14691965,0.14536488,0.14385106,0.14238702,0.14098155,0.1396434,0.13838138,0.13720423,0.13614209,0.1352148,0.13441575,0.13373822,0.13317566,0.13272142,0.13236885,0.1321113,0.1319422,0.1318549,0.13184276,0.1318991,0.13201736,0.13219087,0.13241304
0.12091495,0.12054684,0.120237276,0.11999547,0.119830675,0.11975211,0.11976907,0.11989072,0.1201264,0.120485246,0.12097657,0.12160959,0.12239353,0.12333767,0.12445123,0.12574345,0.12722357,0.12883888,0.13052557,0.13227624,0.13408351,0.13594002,0.13783835,0.13977115,0.14173104,0.1437106,0.14570251,0.1476993,0.14969362,0.15167812,0.15364538,0.15558803,0.15749867,0.15936993,0.16119449,0.16296484,0.16467366,0.16631359,0.16787718,0.16935712,0.17074598,0.17203642,0.17322098,0.17429237,0.17524311,0.17606589,0.17675327,0.17729795,0.17769246,0.17791243,0.17794447,0.17779785,0.17748183,0.17700559,0.17637844,0.1756096,0.1747083,0.17368378,0.1725453,0.1713021,0.16996336,0.16853839,0.16703643,0.16546667,0.1638384,0.16216081,0.16044325,0.15869486,0.15692486,0.15514258,0.1533572,0.15157798,0.14981417,0.14807503,0.14636974,0.14470758,0.14309779,0.1415496,0.14007226,0.13867503,0.1373671,0.13618448,0.135152,0.13426223,0.13350783,0.13288143,0.13237566,0.13198309,0.13169636,0.13150807,0.13141084,0.13139732,0.13146006,0.13159177,0.13178495,0.13203232
0.12235479,0.12196875,0.121644124,0.12139052,0.121217676,0.12113532,0.1211531,0.121280715,0.12152782,0.12190416,0.1224194,0.123083256,0.12390539,0.1248955,0.12606327,0.12741844,0.12897065,0.1306666,0.13244107,0.13428597,0.13619316,0.13815449,0.14016189,0.14220719,0.14428228,0.14637904,0.14848934,0.15060504,0.15271805,0.15482025,0.15690348,0.15895958,0.16098051,0.16295812,0.16488427,0.16675082,0.16854967,0.17027271,0.17191176,0.17345874,0.17490552,0.17624398,0.17746596,0.1785634,0.17952812,0.180352,0.18102694,0.18154481,0.18189748,0.18206309,0.1820316,0.18181278,0.18141627,0.1808518,0.18012902,0.17925765,0.17824739,0.17710793,0.1758489,0.17448005,0.17301103,0.17145164,0.16981144,0.16810018,0.16632749,0.16450317,0.16263688,0.16073823,0.15881698,0.15688281,0.15494543,0.1530145,0.1510997,0.14921074,0.14735734,0.14554916,0.1437959,0.14210723,0.14049287,0.13896252,0.13752584,0.13622455,0.13508843,0.13410941,0.13327932,0.13259012,0.13203354,0.13160159,0.1312861,0.13107891,0.13097192,0.13095704,0.13102607,0.13117099,0.13138358,0.13165577
0.12377616,0.12337262,0.12303324,0.122768156,0.12258747,0.12250135,0.12251994,0.12265334,0.122911654,0.1233051,0.12384371,0.12453768,0.1253971,0.12643217,0.12765291,0.12906955,0.13069217,0.1324669,0.13432717,0.1362642,0.13826907,0.14033297,0.14244698,0.14460233,0.14679012,0.14900151,0.15122767,0.15345973,0.15568882,0.15790616,0.1601028,0.16226994,0.16439871,0.1664803,0.16850583,0.17046645,0.17235328,0.1741575,0.17587028,0.17748274,0.17898603,0.18037131,0.18162969,0.18275239,0.18373048,0.18455516,0.18521754,0.18570882,0.1860201,0.18613209,0.18603809,0.18574822,0.18527262,0.1846214,0.18380474,0.1828327,0.18171544,0.18046314,0.1790859,0.17759383,0.17599708,0.17430577,0.17253004,0.17067999,0.1687658,0.16679755,0.16478546,0.16273957,0.16067004,0.15858701,0.15650056,0.15442093,0.15235816,0.1503224,0.14832373,0.14637244,0.1444785,0.14265212,0.1409034,0.13924247,0.13767949,0.13626176,0.13502404,0.13395748,0.13305314,0.13230224,0.13169593,0.1312253,0.13088158,0.13065587,0.13053933,0.13052309,0.13059834,0.13075621,0.13098781,0.13128431
0.12517561,0.12475503,0.124401346,0.12412506,0.12393679,0.12384706,0.12386639,0.12400543,0.12427464,0.12468466,0.12524599,0.12596922,0.12686491,0.12794359,0.12921587,0.13069226,0.13238332,0.13423462,0.13617842,0.13820502,0.14030491,0.1424686,0.14468646,0.14694892,0.14924644,0.15156946,0.15390842,0.15625374,0.15859589,0.16092527,0.16323234,0.16550758,0.16774136,0.16992414,0.1720464,0.17409846,0.17607093,0.17795414,0.17973852,0.18141454,0.18297264,0.1844033,0.18569687,0.18684384,0.18783462,0.18865971,0.1893095,0.18977442,0.19004494,0.19010419,0.18994877,0.18958923,0.18903607,0.18829998,0.1873914,0.18632096,0.18509912,0.18373656,0.18224376,0.18063131,0.17890978,0.17708963,0.17518157,0.17319606,0.17114371,0.16903502,0.16688058,0.16469094,0.16247667,0.16024834,0.15801647,0.15579167,0.15358444,0.15140536,0.14926499,0.14717391,0.14514261,0.14318176,0.14130187,0.13951342,0.13782707,0.13629565,0.13495867,0.1338065,0.13282964,0.13201852,0.13136357,0.13085526,0.13048394,0.13024011,0.13011421,0.13009669,0.13017796,0.13034846,0.13059865,0.13091896
0.12654965,0.12611264,0.12574512,0.12545803,0.12526236,0.12516913,0.12518921,0.12533368,0.12561345,0.1260395,0.12662281,0.12737432,0.12830505,0.12942594,0.13074796,0.13228211,0.13403928,0.13596466,0.13798916,0.14010249,0.1422944,0.14455469,0.14687304,0.14923926,0.15164307,0.1540742,0.15652244,0.1589775,0.1614291,0.16386713,0.16628115,0.16866106,0.1709965,0.17327729,0.1754931,0.1776338,0.17968902,0.18164858,0.18350218,0.18523963,0.18685062,0.18832491,0.18965226,0.19082242,0.19182517,0.19265015,0.19328721,0.1937261,0.19395648,0.19396403,0.19374852,0.1933209,0.19269215,0.1918732,0.19087505,0.18970871,0.18838513,0.18691522,0.18531002,0.18358049,0.18173756,0.17979228,0.17775555,0.17563841,0.17345172,0.17120653,0.16891378,0.1665845,0.1642296,0.16186011,0.1594869,0.15712105,0.15477346,0.15245515,0.15017703,0.14795014,0.14578542,0.14369382,0.14168637,0.13977396,0.13796763,0.13632561,0.13489208,0.13365671,0.13260932,0.13173962,0.13103735,0.13049231,0.1300942,0.12983276,0.12969778,0.129679,0.12976612,0.12994896,0.13021721,0.13056068
0.12789482,0.12744202,0.12706117,0.12676375,0.12656102,0.12646438,0.1264852,0.1266349,0.12692477,0.12736624,0.12797064,0.12874934,0.12971373,0.13087513,0.13224496,0.13383457,0.13565533,0.13765189,0.13975398,0.14195073,0.14423122,0.1465845,0.14899963,0.15146574,0.1539719,0.1565072,0.15906067,0.16162144,0.16417852,0.16672112,0.1692382,0.17171884,0.17415218,0.17652734,0.17883328,0.18105914,0.18319401,0.18522698,0.18714705,0.1889434,0.19060506,0.19212112,0.19348064,0.19467273,0.19568646,0.19651088,0.19713512,0.19754824,0.1977393,0.19769634,0.19742224,0.19692834,0.19622606,0.19532672,0.19424169,0.19298236,0.19156009,0.18998626,0.18827221,0.18642934,0.18446898,0.18240254,0.18024136,0.17799681,0.17568025,0.1733031,0.17087665,0.16841234,0.16592146,0.16341549,0.16090567,0.15840346,0.15592018,0.15346724,0.15105596,0.14869775,0.14640391,0.14418589,0.14205502,0.1400227,0.13810024,0.13635115,0.13482416,0.13350827,0.13239259,0.13146617,0.13071816,0.13013755,0.12971348,0.12943502,0.12929124,0.12927124,0.12936401,0.12955877,0.12984453,0.13021034
0.12920769,0.1287398,0.12834632,0.12803896,0.12782945,0.12772961,0.12775116,0.12790582,0.12820534,0.12866148,0.129286,0.13009067,0.13108715,0.13228725,0.1337027,0.13534524,0.13722663,0.13929111,0.14146736,0.14374384,0.14610898,0.14855121,0.15105899,0.15362068,0.15622483,0.15885979,0.161514,0.16417597,0.16683403,0.16947669,0.17209242,0.17466953,0.17719656,0.1796619,0.18205404,0.18436137,0.18657231,0.18867534,0.19065885,0.19251134,0.19422115,0.19577682,0.19716676,0.1983794,0.19940312,0.20022641,0.20083769,0.20122539,0.20137797,0.20128581,0.2009548,0.20039666,0.1996232,0.19864614,0.19747719,0.19612816,0.19461073,0.19293672,0.1911178,0.1891658,0.18709236,0.18490931,0.18262841,0.18026133,0.17781986,0.17531574,0.17276077,0.17016658,0.16754498,0.16490774,0.1622666,0.15963328,0.1570195,0.15443707,0.15189774,0.14941321,0.14699525,0.14465559,0.14240597,0.14025815,0.1382239,0.13637176,0.13475476,0.13336131,0.13217984,0.13119887,0.13040672,0.12979193,0.12934285,0.12904799,0.12889571,0.12887454,0.12897281,0.12917905,0.12948164,0.129869
0.1304848,0.13000262,0.1295971,0.12928034,0.1290645,0.12896161,0.1289838,0.12914316,0.12945184,0.12992191,0.1305655,0.13139468,0.13242158,0.13365828,0.13511692,0.13680959,0.13874838,0.1408772,0.14312378,0.1454759,0.1479214,0.15044811,0.15304387,0.1556964,0.15839362,0.16112335,0.16387336,0.16663148,0.16938555,0.17212339,0.17483279,0.17750159,0.18011762,0.1826687,0.18514264,0.18752722,0.18981034,0.19197978,0.19402331,0.19592886,0.19768417,0.19927704,0.20069538,0.20192696,0.20295957,0.20378107,0.20437926,0.204742,0.20485704,0.20471711,0.20433104,0.20371094,0.20286894,0.2018171,0.20056756,0.1991324,0.19752374,0.19575371,0.19383433,0.1917778,0.18959616,0.18730155,0.18490611,0.18242185,0.17986092,0.1772355,0.17455757,0.1718393,0.16909279,0.16633014,0.16356345,0.16080482,0.15806636,0.15536019,0.15269843,0.15009314,0.14755644,0.14510046,0.14273724,0.14047898,0.1383377,0.13638686,0.13468368,0.13321598,0.13197161,0.1309383,0.13010399,0.12945639,0.12898341,0.12867284,0.12851246,0.12849014,0.12859364,0.12881087,0.12912957,0.12953761
0.13172263,0.13122706,0.13081028,0.13048476,0.13026288,0.13015714,0.13017994,0.13034375,0.13066101,0.13114414,0.13180557,0.1326578,0.13371322,0.1349843,0.13648346,0.13822314,0.14021578,0.14240503,0.14471771,0.14714102,0.14966217,0.15226842,0.15494704,0.15768526,0.16047025,0.16328931,0.16612963,0.16897845,0.17182302,0.17465061,0.17744838,0.18020357,0.18290347,0.18553527,0.18808623,0.19054358,0.19289453,0.19512632,0.1972262,0.19918142,0.20097916,0.20260671,0.20405126,0.20530005,0.20634036,0.20715937,0.20774432,0.20808247,0.20816106,0.20797493,0.20753586,0.20685628,0.20594858,0.20482521,0.20349868,0.20198138,0.20028576,0.19842425,0.1964093,0.19425333,0.19196883,0.18956819,0.1870639,0.18446834,0.181794,0.1790533,0.17625873,0.17342266,0.17055756,0.16767587,0.16479002,0.16191247,0.1590557,0.15623206,0.15345404,0.1507341,0.14808464,0.14551814,0.14304702,0.1406837,0.13844065,0.13639592,0.1346108,0.13307247,0.1317682,0.13068518,0.1298107,0.12913197,0.12863623,0.1283107,0.12814261,0.12811919,0.12822773,0.12845537,0.12878942,0.12921709
0.13291776,0.13240977,0.1319825,0.13164881,0.13142136,0.13131297,0.13133635,0.13150425,0.13182949,0.13232473,0.1330028,0.1338764,0.1349583,0.13626131,0.13779807,0.13958143,0.14162408,0.14386949,0.14624365,0.14873321,0.15132491,0.15400542,0.1567614,0.15957955,0.16244651,0.165349,0.1682737,0.17120728,0.17413643,0.17704779,0.17992806,0.182764,0.18554215,0.18824929,0.19087207,0.1933972,0.1958113,0.19810109,0.20025328,0.20225444,0.20409137,0.20575072,0.20721912,0.20848331,0.20952994,0.21034572,0.2109173,0.21123132,0.21127455,0.211044,0.21055414,0.20981772,0.20884746,0.20765617,0.20625658,0.20466143,0.20288345,0.20093547,0.19883017,0.19658034,0.19419873,0.1916981,0.18909116,0.18639071,0.18360947,0.18076026,0.17785573,0.17490873,0.17193197,0.16893817,0.16594017,0.16295063,0.15998237,0.15704808,0.15416057,0.15133262,0.14857689,0.14590621,0.14333332,0.14087093,0.13853182,0.13639846,0.13453594,0.13293092,0.1315701,0.13044016,0.12952778,0.1288196,0.12830237,0.12796272,0.12778732,0.12776293,0.12787615,0.12811367,0.12846218,0.12890841
0.13406675,0.13354734,0.13311052,0.13276933,0.13253677,0.13242592,0.13244982,0.13262151,0.13295402,0.13346039,0.13415368,0.13504688,0.13615307,0.13748528,0.13905656,0.14087994,0.14296845,0.14526537,0.14769605,0.15024668,0.15290336,0.15565231,0.15847968,0.16137162,0.16431428,0.16729386,0.1702965,0.17330837,0.17631565,0.17930444,0.18226096,0.18517135,0.18802178,0.19079842,0.19348739,0.19607489,0.19854711,0.20089012,0.2030902,0.20513342,0.20700599,0.20869406,0.21018378,0.21146135,0.21251288,0.21332456,0.21388255,0.214173,0.21418211,0.21390902,0.21337076,0.21258041,0.21155101,0.21029557,0.20882718,0.20715882,0.20530356,0.20327443,0.20108452,0.1987468,0.19627436,0.19368015,0.19097736,0.18817893,0.18529788,0.18234733,0.17934024,0.17628968,0.1732087,0.17011032,0.16700761,0.16391361,0.16084133,0.15780382,0.15481412,0.15188527,0.14903033,0.14626233,0.14359426,0.14103921,0.13861021,0.1363939,0.13445893,0.1327915,0.13137776,0.13020387,0.12925598,0.12852028,0.12798291,0.12763004,0.12744786,0.1274225,0.12754013,0.12778689,0.12814899,0.12861255
0.13516606,0.13463637,0.13419089,0.13384292,0.1336058,0.13349274,0.13351713,0.1336922,0.13403131,0.13454771,0.1352547,0.13616563,0.13729373,0.13865232,0.14025472,0.1421142,0.14424407,0.14658758,0.14906946,0.15167542,0.15439115,0.15720235,0.16009468,0.16305383,0.16606547,0.16911528,0.17218898,0.17527218,0.17835063,0.18140997,0.18443595,0.18741417,0.19033036,0.19317017,0.19591935,0.1985635,0.20108832,0.20347954,0.20572278,0.20780377,0.20970818,0.21142168,0.21292996,0.21421874,0.21527362,0.21608037,0.21662457,0.21689197,0.2168683,0.21655461,0.21597058,0.21512942,0.21404448,0.21272904,0.21119641,0.20945989,0.20753272,0.20542827,0.20315984,0.20074068,0.19818409,0.1955034,0.1927119,0.18982287,0.18684961,0.18380545,0.18070368,0.17755757,0.1743804,0.17118555,0.16798624,0.1647958,0.16162753,0.1584947,0.15541065,0.15238865,0.14944202,0.146584,0.14382797,0.14118718,0.13867493,0.13638172,0.13437964,0.13265435,0.13119157,0.12997694,0.1289962,0.128235,0.12767899,0.12731388,0.12712537,0.12709913,0.12722081,0.12747614,0.1278508,0.12833044
0.13621232,0.13567352,0.13522036,0.13486643,0.13462523,0.13451023,0.13453506,0.13471313,0.13505808,0.13558333,0.13630247,0.137229,0.1383765,0.13975844,0.14138834,0.14327976,0.14544624,0.14783095,0.15035832,0.15301362,0.155782,0.1586488,0.16159919,0.16461849,0.16769186,0.17080459,0.17394194,0.1770891,0.18023135,0.18335392,0.18644205,0.18948102,0.192456,0.19535233,0.19815513,0.20084977,0.20342143,0.20585534,0.20813677,0.21025094,0.21218312,0.21391855,0.21544242,0.21674007,0.21779668,0.21859747,0.21912776,0.21937273,0.21931763,0.21896556,0.21833846,0.21744987,0.21631327,0.21494223,0.21335024,0.21155089,0.20955762,0.207384,0.2050436,0.20254989,0.1999164,0.19715665,0.19428419,0.19131254,0.18825522,0.18512577,0.1819377,0.17870452,0.1754398,0.17215708,0.16886982,0.16559154,0.16233586,0.15911622,0.15594617,0.15283926,0.14980902,0.14686891,0.14403252,0.14131337,0.13872497,0.13636139,0.13429789,0.13251968,0.131012,0.1297601,0.12874924,0.12796469,0.12739164,0.12701531,0.12682103,0.12679397,0.12691942,0.12718259,0.12756869,0.12806307
0.13720198,0.13665536,0.13619561,0.13583656,0.13559185,0.13547519,0.13550036,0.13568105,0.13603096,0.13656387,0.13729347,0.13823347,0.13939762,0.14079963,0.14245321,0.14437214,0.14657006,0.14899036,0.15155715,0.15425527,0.15706953,0.15998486,0.16298604,0.16605793,0.16918537,0.17235322,0.17554633,0.17874953,0.18194771,0.18512568,0.18826824,0.19136035,0.19438677,0.19733238,0.200182,0.20292056,0.2055328,0.20800364,0.21031787,0.21246038,0.21441597,0.21616957,0.21770595,0.21901,0.22006653,0.22086044,0.22137654,0.22159965,0.2215147,0.22112653,0.22045931,0.2195268,0.21834268,0.21692076,0.21527466,0.21341816,0.21136494,0.20912878,0.20672336,0.2041624,0.20145966,0.19862884,0.19568363,0.19263785,0.1895051,0.1862992,0.18303382,0.1797227,0.17637956,0.17301813,0.1696521,0.16629525,0.16296124,0.15966384,0.15641676,0.15323374,0.15012841,0.14711463,0.14420606,0.14141636,0.13875939,0.1363324,0.1342135,0.13238756,0.13083942,0.12955397,0.128516,0.12771036,0.12712194,0.12673552,0.12653603,0.12650822,0.12663704,0.12690726,0.12730375,0.12781139
0.1381316,0.13757853,0.13711338,0.13675004,0.1365024,0.13638438,0.13640982,0.13659267,0.13694675,0.13748595,0.1382242,0.13917537,0.1403533,0.14177194,0.14344513,0.14538677,0.14761078,0.15006065,0.15266041,0.15539452,0.1582475,0.16120383,0.16424797,0.16736451,0.17053784,0.17375255,0.17699309,0.18024395,0.18348964,0.18671471,0.18990356,0.19304074,0.19611074,0.19909808,0.20198724,0.20476264,0.2074089,0.20991048,0.21225183,0.21441752,0.21639197,0.21815974,0.21970528,0.22101311,0.22206774,0.22285363,0.2233553,0.22355726,0.223444,0.22302215,0.22231798,0.22134534,0.22011814,0.21865027,0.21695557,0.215048,0.21294136,0.21064961,0.20818658,0.20556621,0.20280232,0.1999089,0.19689974,0.19378874,0.19058977,0.18731676,0.18398361,0.18060416,0.1771923,0.17376193,0.17032695,0.1669012,0.16349863,0.16013305,0.15681839,0.15356855,0.15039736,0.14731877,0.14434661,0.14149481,0.13877724,0.13629416,0.13412635,0.13225824,0.13067435,0.1293592,0.12829724,0.12747301,0.12687097,0.12647563,0.12627152,0.12624311,0.12637487,0.12665135,0.12705702,0.12757637
0.1389978,0.13843963,0.13797022,0.13760355,0.13735367,0.13723455,0.13726026,0.13744476,0.13780208,0.13834621,0.13909122,0.14005108,0.14123978,0.14267139,0.1443599,0.1463193,0.14856362,0.15103674,0.15366264,0.15642548,0.15930948,0.16229887,0.16537783,0.16853051,0.17174116,0.17499396,0.17827308,0.18156274,0.18484713,0.18811044,0.19133691,0.19451068,0.19761595,0.20063695,0.20355785,0.20636286,0.20903617,0.21156195,0.21392442,0.21610782,0.21809624,0.21987396,0.22142516,0.22273403,0.22378474,0.2245615,0.22504854,0.22523001,0.22509016,0.2246372,0.22389936,0.22289059,0.22162491,0.22011638,0.21837896,0.21642669,0.21427354,0.2119336,0.20942084,0.20674923,0.20393287,0.20098568,0.19792178,0.1947551,0.19149968,0.18816951,0.18477862,0.18134104,0.17787075,0.17438179,0.17088813,0.16740385,0.16394287,0.1605193,0.15714711,0.15384032,0.1506129,0.1474789,0.14445235,0.14154722,0.13877755,0.13624622,0.13403627,0.13213184,0.13051715,0.12917645,0.12809382,0.12725358,0.12663983,0.12623683,0.12602876,0.12599975,0.1261341,0.12641592,0.12682948,0.12735894
0.13979703,0.1392353,0.13876289,0.13839388,0.13814242,0.13802254,0.1380484,0.13823408,0.13859367,0.13914129,0.13989101,0.14085698,0.14205329,0.143494,0.14519326,0.14716513,0.14942375,0.15191339,0.15455823,0.15734217,0.16024922,0.1632633,0.16636837,0.16954833,0.17278716,0.17606881,0.17937721,0.18269633,0.18601009,0.18930243,0.19255733,0.19575872,0.19889054,0.20193669,0.20488119,0.20770796,0.21040095,0.21294412,0.21532138,0.21751668,0.21951397,0.22129719,0.22285031,0.22415729,0.22520204,0.22596848,0.22644064,0.22660239,0.22643769,0.22595638,0.22518827,0.22414759,0.22284837,0.22130473,0.21953073,0.2175405,0.21534818,0.21296783,0.21041358,0.2076995,0.20483966,0.20184824,0.19873929,0.19552694,0.19222529,0.18884839,0.18541044,0.18192543,0.17840753,0.17487086,0.17132948,0.16779748,0.16428898,0.16081811,0.15739892,0.15404555,0.1507721,0.14759263,0.14452131,0.14157219,0.13875937,0.13618803,0.13394307,0.13200851,0.13036829,0.12900634,0.12790664,0.12705305,0.12642962,0.12602021,0.12580884,0.12577942,0.12591587,0.1262022,0.12662229,0.1271601
0.14052583,0.13996214,0.13948807,0.13911779,0.13886541,0.13874513,0.13877107,0.13895738,0.13931826,0.13986778,0.14062017,0.14158954,0.14279002,0.14423582,0.14594105,0.14791986,0.15018642,0.15268552,0.15534174,0.15813877,0.16106036,0.16409034,0.16721237,0.17041026,0.17366773,0.17696854,0.1802964,0.18363513,0.18696845,0.19028006,0.19355379,0.19677334,0.19992247,0.20298491,0.20594445,0.20878485,0.21148978,0.21404305,0.21642843,0.2186296,0.22063035,0.22241443,0.22396562,0.2252676,0.22630417,0.22705904,0.227516,0.22765881,0.22747116,0.22696431,0.2261697,0.2251015,0.22377387,0.22220095,0.22039688,0.21837585,0.21615197,0.21373942,0.21115232,0.20840484,0.20551114,0.20248537,0.19934165,0.19609416,0.19275707,0.18934447,0.18587056,0.18234947,0.1787954,0.17522243,0.17164475,0.16807652,0.16453184,0.16102491,0.15756989,0.15418087,0.15087207,0.1476576,0.14455163,0.1415683,0.13872176,0.136119,0.13384661,0.13188843,0.13022816,0.12884958,0.12773642,0.12687245,0.12624139,0.125827,0.12561302,0.12558323,0.12572137,0.12601116,0.12643638,0.12698077
0.14113933,0.14057538,0.14010108,0.13973056,0.13947812,0.13935773,0.13938372,0.13957013,0.13993117,0.14048095,0.14123371,0.14220354,0.14340462,0.1448511,0.14655717,0.1485369,0.15080456,0.15330552,0.15596482,0.15876609,0.1616929,0.16472897,0.16785783,0.17106314,0.1743285,0.17763758,0.18097395,0.1843212,0.187663,0.19098301,0.19426477,0.1974919,0.20064808,0.2037169,0.20668194,0.20952687,0.21223532,0.21479088,0.21717715,0.21937777,0.2213764,0.22315662,0.22470203,0.22599627,0.22702295,0.22776572,0.2282082,0.22833398,0.22812666,0.2275987,0.22678283,0.2256933,0.22434415,0.22274964,0.22092384,0.21888095,0.21663515,0.21420056,0.21159136,0.20882171,0.20590575,0.20285769,0.19969158,0.19642168,0.19306208,0.18962702,0.18613057,0.18258691,0.17901024,0.17541473,0.17181447,0.1682236,0.16465639,0.16112693,0.15764935,0.15423785,0.15090658,0.14766972,0.14454141,0.14153579,0.138667,0.13604338,0.13375284,0.13177899,0.13010542,0.12871583,0.12759374,0.12672286,0.12608673,0.12566903,0.12545335,0.12542333,0.12556255,0.12585467,0.1262833,0.12683205
0.14159988,0.14103736,0.14056431,0.14019476,0.13994291,0.13982289,0.1398488,0.14003474,0.14039485,0.14094323,0.14169404,0.14266136,0.14385939,0.14530218,0.14700387,0.14897856,0.1512404,0.15373544,0.15638937,0.15918574,0.16210815,0.1651401,0.16826524,0.17146705,0.17472914,0.17803505,0.18136835,0.18471262,0.1880514,0.19136831,0.19464679,0.19787054,0.20102304,0.2040879,0.20704867,0.20988886,0.21259211,0.21514194,0.21752192,0.21971564,0.22170661,0.22347845,0.2250147,0.22629893,0.22731465,0.22804551,0.22847503,0.22858675,0.22836429,0.22782092,0.22699046,0.22588696,0.22452456,0.2229174,0.22107954,0.21902518,0.21676838,0.21432328,0.21170408,0.20892474,0.20599954,0.2029425,0.19976783,0.19648957,0.19312185,0.18967883,0.18617465,0.18262336,0.17903909,0.17543605,0.17182827,0.16822995,0.1646551,0.16111793,0.15763257,0.1542131,0.15087362,0.14762829,0.14449129,0.14147662,0.13859846,0.13596587,0.13366748,0.13168687,0.1300076,0.12861325,0.12748732,0.12661345,0.12597516,0.125556,0.12533961,0.12530945,0.1254492,0.12574229,0.12617238,0.12672302
0.14191505,0.14135565,0.14088517,0.14051764,0.14026718,0.14014782,0.14017355,0.14035848,0.14071661,0.14126202,0.14200872,0.14297077,0.14416221,0.14559707,0.14728947,0.14925334,0.15150282,0.15398459,0.15662509,0.15940797,0.16231677,0.16533498,0.16844626,0.17163423,0.17488235,0.17817432,0.18149363,0.18482392,0.18814866,0.1914516,0.19471614,0.197926,0.20106465,0.20411575,0.20706284,0.20988947,0.21257928,0.2151158,0.21748261,0.21966332,0.22164148,0.22340068,0.2249245,0.22619648,0.22720027,0.22791934,0.22833744,0.22843795,0.22820458,0.2276513,0.22681244,0.22570208,0.22433424,0.22272292,0.22088222,0.21882622,0.21656884,0.21412423,0.21150641,0.20872943,0.20580731,0.2027541,0.19958383,0.19631064,0.19294843,0.18951136,0.18601339,0.18246867,0.17889112,0.17529486,0.17169392,0.16810234,0.16453418,0.16100346,0.15752424,0.15411057,0.15077648,0.147536,0.14440322,0.14139216,0.13851684,0.13588656,0.13359015,0.13161126,0.12993343,0.12854029,0.12741536,0.12654226,0.1259045,0.12548576,0.1252695,0.12523942,0.125379,0.12567186,0.12610158,0.12665173
0.1420924,0.14153758,0.14107098,0.14070652,0.14045815,0.14033978,0.1403653,0.14054872,0.14090383,0.14144476,0.14218529,0.14313936,0.14432095,0.14574397,0.1474223,0.14936998,0.15160081,0.15406235,0.15668185,0.159443,0.1623294,0.16532473,0.16841269,0.1715769,0.17480099,0.17806874,0.18136369,0.1846695,0.18796988,0.1912485,0.19448894,0.19767497,0.20079012,0.20381819,0.20674269,0.20954743,0.21221595,0.21473196,0.21707909,0.21924105,0.22120142,0.22294393,0.22445224,0.22570996,0.22670075,0.22740833,0.2278163,0.22790836,0.22766814,0.22711007,0.22626881,0.22515826,0.22379234,0.22218499,0.22035019,0.2183018,0.21605374,0.21362005,0.21101452,0.2082511,0.20534381,0.20230652,0.19915311,0.19589762,0.19255388,0.1891359,0.1856575,0.1821327,0.17857541,0.17499956,0.17141904,0.16784783,0.16429979,0.16078891,0.15732914,0.15393433,0.15061843,0.14739543,0.14427921,0.14128369,0.13842282,0.13580547,0.13352042,0.13155128,0.12988177,0.12849544,0.12737611,0.12650728,0.12587269,0.125456,0.12524085,0.12521087,0.12534976,0.1256412,0.1260688,0.12661622
0.14213938,0.14159067,0.14112917,0.14076875,0.14052305,0.140406,0.14043123,0.1406126,0.14096388,0.1414988,0.14223124,0.1431748,0.14434345,0.14575084,0.14741077,0.14933704,0.1515434,0.15397806,0.15656935,0.15930098,0.16215678,0.16512056,0.16817619,0.17130733,0.17449789,0.17773165,0.18099241,0.18426391,0.18753006,0.19077463,0.19398138,0.19713412,0.20021671,0.20321293,0.20610653,0.20888136,0.21152121,0.2140099,0.21633117,0.2184689,0.22040688,0.2221289,0.22361875,0.22486025,0.22583719,0.22653337,0.22693263,0.22701871,0.22677544,0.22621748,0.22537945,0.22427504,0.22291806,0.22132239,0.21950167,0.21746975,0.21524034,0.2128273,0.21024436,0.20750529,0.20462388,0.20161387,0.19848911,0.1952633,0.19195026,0.18856375,0.18511753,0.18162541,0.17810112,0.1745585,0.17101128,0.16747323,0.16395813,0.16047977,0.15705194,0.15368839,0.15040292,0.14720926,0.14412121,0.14115253,0.13831705,0.13572279,0.1334579,0.13150612,0.12985128,0.12847725,0.12736773,0.12650658,0.1258776,0.12546456,0.1252513,0.12522161,0.12535928,0.12564811,0.12607194,0.12661453
0.14206354,0.14152226,0.1410671,0.1407115,0.14046922,0.14035375,0.14037864,0.14055754,0.14090401,0.14143169,0.14215411,0.14308485,0.14423758,0.14562578,0.14726314,0.14916316,0.15133947,0.15374109,0.15629731,0.15899214,0.16180961,0.16473372,0.16774842,0.17083776,0.17398576,0.17717639,0.1803937,0.18362166,0.18684433,0.19004561,0.19320962,0.19632028,0.19936162,0.20231771,0.20517251,0.20790997,0.2105142,0.21296914,0.2152588,0.21736719,0.21927835,0.22097623,0.22244489,0.22366832,0.2246305,0.22531551,0.22570723,0.22578974,0.22554709,0.2249938,0.22416428,0.223072,0.22173062,0.22015376,0.21835493,0.21634774,0.21414581,0.21176271,0.20921202,0.20650735,0.20366225,0.20069034,0.19760525,0.19442046,0.19114959,0.1878063,0.18440412,0.18095663,0.17747746,0.17398015,0.17047833,0.16698553,0.1635154,0.16008149,0.15669745,0.15337682,0.15013315,0.14698005,0.14393117,0.141,0.13820021,0.13563856,0.13340211,0.13147487,0.12984088,0.12848406,0.12738848,0.12653816,0.12591706,0.1255092,0.12529863,0.1252693,0.12540528,0.12569046,0.126109,0.12664478
0.14187238,0.14133988,0.14089207,0.14054228,0.14030388,0.14019024,0.14021476,0.14039077,0.14073165,0.14125076,0.14196147,0.14287718,0.14401117,0.14537692,0.14698775,0.148857,0.15099806,0.15336075,0.15587562,0.1585268,0.16129859,0.1641753,0.16714115,0.17018047,0.17327745,0.1764164,0.17958157,0.18275721,0.18592764,0.18907708,0.19218981,0.1952501,0.19824214,0.20115036,0.20395888,0.20665199,0.20921405,0.21162918,0.21388179,0.21595602,0.21783623,0.21950664,0.22095153,0.22215514,0.22310176,0.22377568,0.2241611,0.22424231,0.22400363,0.22345936,0.22264332,0.2215688,0.22024919,0.21869789,0.21692821,0.21495362,0.21278739,0.21044293,0.2079336,0.2052728,0.20247385,0.19955012,0.19651498,0.19338185,0.19016398,0.18687493,0.1835279,0.18013626,0.17671348,0.17327288,0.16982783,0.16639166,0.16297781,0.15959956,0.15627037,0.15300354,0.14981246,0.1467105,0.14371103,0.1408274,0.13807301,0.1355529,0.13335273,0.13145672,0.1298492,0.12851436,0.12743658,0.12660003,0.12598902,0.12558779,0.1253806,0.12535176,0.12548552,0.12576613,0.12617783,0.12670493
0.1415734,0.14105089,0.14061145,0.14026824,0.14003432,0.13992281,0.13994685,0.14011958,0.14045407,0.14096346,0.14166082,0.14255938,0.14367215,0.14501229,0.14659293,0.14842716,0.1505281,0.15284646,0.15531391,0.15791503,0.16063435,0.16345656,0.16636609,0.16934764,0.17238574,0.17546497,0.17856987,0.18168508,0.18479517,0.18788466,0.19093816,0.19394025,0.19687551,0.19972856,0.20248389,0.20512614,0.20763983,0.21000962,0.21222001,0.21425562,0.216101,0.21774074,0.21915941,0.22034165,0.22127196,0.2219349,0.22231512,0.22239718,0.22216561,0.22163436,0.22083643,0.21978487,0.21849285,0.21697347,0.21523981,0.21330504,0.21118225,0.20888458,0.20642512,0.20381697,0.20107332,0.19820721,0.19523184,0.19216022,0.18900552,0.18578093,0.18249944,0.17917426,0.17581843,0.17244513,0.16906749,0.16569857,0.1623515,0.15903941,0.1557754,0.15257265,0.1494442,0.1464032,0.14346279,0.14063604,0.13793612,0.13546586,0.13330922,0.13145076,0.12987506,0.12856671,0.12751022,0.12669025,0.12609133,0.12569806,0.12549499,0.12546669,0.12559779,0.12587282,0.12627642,0.12679306
0.14117421,0.1406628,0.1402327,0.13989675,0.13966782,0.13955869,0.13958222,0.13975126,0.14007865,0.1405772,0.14125977,0.1421392,0.14322837,0.14453998,0.14608704,0.14788227,0.14993855,0.15220746,0.15462202,0.15716709,0.15982763,0.1625886,0.16543491,0.16835156,0.17132343,0.17433544,0.17737255,0.18041971,0.18346187,0.18648393,0.18947084,0.19240756,0.195279,0.1980701,0.2007658,0.20335102,0.20581074,0.20812988,0.21029337,0.21228611,0.21409312,0.21569924,0.2170895,0.21824878,0.21916208,0.21981421,0.22019024,0.22027503,0.22005357,0.2195391,0.21876365,0.21773995,0.21648088,0.21499924,0.21330795,0.21141979,0.20934762,0.20710428,0.2047026,0.2021554,0.19947559,0.19667587,0.19376919,0.19076836,0.18768623,0.18453564,0.18132943,0.17808038,0.17480136,0.1715053,0.16820492,0.1649131,0.16164266,0.15840645,0.15521733,0.15208814,0.14903168,0.14606082,0.1431884,0.14042722,0.13779017,0.13537759,0.1332713,0.13145621,0.12991731,0.12863944,0.12760764,0.12680681,0.12622185,0.12583776,0.12563947,0.12561183,0.12573987,0.12600848,0.12640262,0.12690723
0.14068222,0.14018296,0.1397631,0.13943514,0.13921161,0.13910507,0.13912807,0.13929307,0.13961269,0.14009939,0.14076579,0.14162435,0.14268757,0.1439681,0.14547837,0.14723098,0.14923841,0.1514532,0.15380968,0.1562932,0.15888911,0.16158271,0.16435936,0.16720444,0.17010328,0.1730412,0.17600355,0.17897564,0.18194287,0.18489055,0.18780406,0.19066866,0.19346976,0.19619271,0.1988228,0.20134538,0.20374584,0.20600948,0.20812167,0.21006775,0.21183299,0.21340281,0.21476258,0.21589753,0.2167931,0.21743459,0.21780738,0.21789673,0.21768805,0.21719386,0.21644485,0.21545349,0.2142324,0.21279402,0.21115091,0.20931566,0.20730078,0.20511875,0.2027821,0.20030347,0.19769527,0.19497013,0.19214058,0.18921906,0.18621817,0.18315047,0.18002842,0.17686458,0.17367153,0.17046177,0.16724782,0.1640422,0.1608575,0.15770622,0.15460089,0.15155405,0.14857824,0.14568599,0.14288981,0.14020225,0.13763589,0.13528815,0.1332385,0.13147219,0.12997466,0.12873115,0.12772706,0.12694773,0.12637854,0.12600476,0.12581174,0.12578489,0.12590948,0.12617087,0.12655444,0.12704547
0.140105,0.13961889,0.13921003,0.13889067,0.13867301,0.1385693,0.13859165,0.13875234,0.13906358,0.13953751,0.14018638,0.1410224,0.14205775,0.14330465,0.14477527,0.14648187,0.14843664,0.15059297,0.15288669,0.1553036,0.1578294,0.16045003,0.16315112,0.1659186,0.16873814,0.17159557,0.1744767,0.17736734,0.18025322,0.18312016,0.18595394,0.1887403,0.19146512,0.19411412,0.19667311,0.19912791,0.20146427,0.20366798,0.2057248,0.20762059,0.20934112,0.2108721,0.21219943,0.21330884,0.2141861,0.21481702,0.21518737,0.215283,0.21508963,0.2146189,0.21390001,0.2129452,0.21176657,0.21037644,0.20878695,0.20701036,0.20505877,0.2029445,0.20067972,0.1982766,0.19574739,0.19310424,0.19035938,0.18752503,0.1846134,0.18163668,0.17860706,0.17553674,0.172438,0.16932295,0.16620383,0.16309285,0.16000222,0.1569441,0.15393077,0.1509744,0.14808714,0.1452813,0.14256898,0.13996246,0.13747391,0.13519765,0.13321036,0.13149783,0.13004583,0.12884021,0.12786667,0.1271111,0.1265592,0.1261968,0.12600969,0.12598363,0.12610443,0.12635785,0.12672974,0.12720583
0.13945012,0.13897794,0.13858084,0.13827068,0.13805927,0.13795853,0.13798027,0.13813636,0.1384386,0.13889894,0.13952914,0.1403411,0.14134671,0.14255774,0.1439861,0.14564364,0.1475422,0.14963613,0.1518628,0.15420845,0.1566593,0.15920171,0.1618219,0.1645062,0.16724075,0.17001198,0.17280605,0.17560928,0.17840797,0.18118833,0.18393663,0.18663919,0.18928227,0.19185212,0.19433504,0.19671728,0.1989851,0.20112483,0.20312266,0.20496495,0.2066379,0.20812783,0.20942093,0.21050362,0.21136202,0.21198247,0.21235125,0.21245466,0.21227886,0.21183446,0.21114908,0.21023451,0.20910262,0.20776528,0.2062343,0.20452161,0.202639,0.20059833,0.19841146,0.19609027,0.19364657,0.19109224,0.18843912,0.1856991,0.18288398,0.18000564,0.17707598,0.17410678,0.17110991,0.16809726,0.1650806,0.16207193,0.15908296,0.15612565,0.15321173,0.15035318,0.14756179,0.1448494,0.14222789,0.13970913,0.13730496,0.13510616,0.13318653,0.13153228,0.13012971,0.12896511,0.12802473,0.12729487,0.12676175,0.1264117,0.12623093,0.12620577,0.12632245,0.12656726,0.12692648,0.12738638
0.13872503,0.1382676,0.13788293,0.1375825,0.1373777,0.13728009,0.13730113,0.13745235,0.13774516,0.13819104,0.13880157,0.13958815,0.14056228,0.14173546,0.14311914,0.14472485,0.14656405,0.14859207,0.15074778,0.15301798,0.15538944,0.15784898,0.1603834,0.16297947,0.16562398,0.16830371,0.17100546,0.17371601,0.17642213,0.17911069,0.18176839,0.18438208,0.1869385,0.18942448,0.19182676,0.19413222,0.19632754,0.1983996,0.20033513,0.20212094,0.20374385,0.20519057,0.20644799,0.20750283,0.20834193,0.20895198,0.20931987,0.20943238,0.20927629,0.20886087,0.208212,0.20734112,0.20625973,0.20497923,0.20351124,0.20186722,0.20005853,0.19809677,0.19599338,0.19375987,0.19140764,0.18894833,0.18639326,0.18375403,0.18104202,0.17826878,0.17544581,0.17258453,0.16969645,0.16679311,0.1638859,0.16098636,0.15810597,0.15525617,0.15244852,0.14969441,0.1470054,0.14439292,0.14186852,0.13944358,0.1371297,0.1350138,0.13316655,0.1315747,0.13022503,0.1291043,0.12819943,0.12749709,0.12698406,0.1266472,0.12647326,0.12644905,0.12656131,0.12679693,0.12714258,0.12758513
0.13793725,0.13749532,0.13712364,0.13683335,0.13663548,0.13654122,0.13656151,0.13670762,0.13699052,0.13742135,0.13801122,0.13877119,0.13971241,0.1408459,0.1421828,0.14373417,0.14551117,0.14747006,0.14955136,0.1517424,0.15403053,0.15640306,0.15884735,0.16135076,0.16390055,0.16648413,0.16908886,0.17170195,0.17431083,0.17690286,0.17946535,0.1819856,0.18445098,0.18684886,0.18916652,0.19139133,0.19351064,0.19551174,0.197382,0.1991088,0.20067936,0.20208111,0.20330137,0.20432746,0.20514673,0.20574655,0.20611419,0.20623706,0.20610245,0.20571837,0.2051087,0.20428456,0.20325698,0.20203713,0.20063607,0.19906488,0.19733465,0.1954565,0.19344157,0.19130084,0.18904546,0.18668658,0.18423522,0.1817025,0.17909949,0.17643735,0.17372711,0.1709799,0.1682068,0.16541891,0.16262731,0.15984313,0.15707739,0.15434128,0.15164584,0.14900218,0.14642137,0.14391454,0.14149275,0.13916714,0.13694876,0.13492066,0.13315004,0.1316242,0.13033055,0.12925637,0.12838897,0.12771575,0.12722403,0.12690113,0.12673442,0.1267112,0.12681882,0.12704465,0.12737598,0.12780017
0.13709432,0.13666847,0.13631038,0.13603063,0.13583995,0.1357491,0.1357687,0.13590948,0.13618208,0.13659725,0.1371656,0.13789795,0.13880485,0.1398971,0.14118533,0.14268021,0.14439252,0.14627953,0.14828336,0.15039198,0.15259324,0.15487511,0.15722546,0.15963219,0.1620833,0.16456662,0.16707012,0.16958164,0.17208913,0.1745805,0.17704369,0.17946655,0.18183705,0.1841431,0.1863726,0.18851346,0.19055352,0.19248083,0.1942832,0.19594859,0.1974649,0.19882002,0.20000191,0.20099847,0.20179752,0.20238714,0.20275508,0.20288941,0.20277788,0.20242721,0.20185913,0.20108443,0.20011368,0.19895762,0.19762696,0.19613238,0.19448455,0.19269419,0.190772,0.18872865,0.1865748,0.18432118,0.1819785,0.17955737,0.17706856,0.1745227,0.17193055,0.16930279,0.16665004,0.16398303,0.16131249,0.15864906,0.15600345,0.15338635,0.15080844,0.14828043,0.14581299,0.14341684,0.14110264,0.1388811,0.13676289,0.13482684,0.13313657,0.13168001,0.13044505,0.1294196,0.1285916,0.12794892,0.12747952,0.12717126,0.12701212,0.12698998,0.12709272,0.12730828,0.12762457,0.12802951
0.13620381,0.1357946,0.13545044,0.1351816,0.13499841,0.13491109,0.13492993,0.13506518,0.13532718,0.1357261,0.1362723,0.13697603,0.13784754,0.13889712,0.14013506,0.14157164,0.14321707,0.14502975,0.14695351,0.14897683,0.15108825,0.15327626,0.1555294,0.15783615,0.16018502,0.16256455,0.16496322,0.16736953,0.16977203,0.17215921,0.1745196,0.17684165,0.17911392,0.18132493,0.18346317,0.18551713,0.18747534,0.18932635,0.19105859,0.19266063,0.19412091,0.19542803,0.19657046,0.19753674,0.19831531,0.19889471,0.1992635,0.19941017,0.19932316,0.19900769,0.19848327,0.19776024,0.19684888,0.19575945,0.1945022,0.19308746,0.19152546,0.1898265,0.1880008,0.18605869,0.18401039,0.18186626,0.17963648,0.17733137,0.17496118,0.17253621,0.17006677,0.16756302,0.16503532,0.16249396,0.15994912,0.15741116,0.1548903,0.15239684,0.14994104,0.14753322,0.14518358,0.14290245,0.14070006,0.13858674,0.1365727,0.13473241,0.13312574,0.1317412,0.13056731,0.12959258,0.1288055,0.1281946,0.12774844,0.12745544,0.12730415,0.1272831,0.12738073,0.12758565,0.12788631,0.12827124
0.13527317,0.13488102,0.13455123,0.13429363,0.13411807,0.13403437,0.13405243,0.13418205,0.13443308,0.1348154,0.13533881,0.13601317,0.13684832,0.13785413,0.13904038,0.140417,0.14199379,0.14373012,0.14557156,0.14750725,0.14952625,0.1516178,0.15377091,0.15597478,0.1582185,0.16049121,0.16278206,0.16508016,0.16737461,0.1696546,0.17190921,0.17412756,0.17629881,0.17841206,0.18045647,0.18242113,0.18429518,0.18606776,0.18772799,0.18926498,0.1906679,0.19192582,0.1930279,0.19396327,0.19472106,0.19529037,0.19566035,0.19582015,0.19575885,0.19548002,0.19500099,0.19433166,0.19348186,0.19246139,0.19128011,0.18994792,0.1884746,0.18687,0.18514399,0.18330643,0.1813671,0.17933594,0.17722273,0.17503728,0.1727895,0.17048922,0.16814631,0.16577059,0.16337185,0.16095999,0.15854487,0.15613632,0.15374416,0.15137826,0.14904843,0.14676456,0.1445365,0.14237405,0.14028709,0.13828541,0.13637893,0.13463746,0.1331171,0.13180692,0.13069609,0.12977372,0.12902895,0.12845086,0.12802865,0.12775138,0.12760821,0.1275883,0.12768069,0.12787461,0.12815912,0.12852332
0.13430995,0.13393526,0.1336201,0.13337395,0.13320619,0.13312626,0.13314348,0.13326734,0.13350722,0.13387252,0.13437265,0.13501702,0.13581502,0.1367761,0.13790962,0.13922502,0.14073166,0.14239,0.14414732,0.14599338,0.14791796,0.14991081,0.15196167,0.15406032,0.15619652,0.15836,0.16054061,0.16272798,0.16491199,0.1670823,0.16922873,0.17134108,0.173409,0.17542231,0.17737076,0.17924416,0.18103218,0.18272467,0.18431133,0.18578193,0.18712622,0.18833403,0.18939503,0.19029903,0.19103576,0.19159503,0.19196658,0.19214015,0.19210547,0.19186454,0.19143233,0.19081824,0.19003168,0.18908213,0.1879789,0.18673143,0.1853491,0.18384138,0.18221764,0.18048726,0.17865974,0.17674434,0.1747506,0.17268789,0.17056558,0.1683931,0.16617985,0.16393527,0.1616687,0.15938964,0.15710743,0.15483147,0.1525712,0.150336,0.14813527,0.14597848,0.14387497,0.14183421,0.13986558,0.13797842,0.13618222,0.13454211,0.13311027,0.13187635,0.13083017,0.12996149,0.1292601,0.12871566,0.12831801,0.12805688,0.12792209,0.12790328,0.12799034,0.12817295,0.12844086,0.12878393
0.13332166,0.13296466,0.13266443,0.13242994,0.1322701,0.13219395,0.13221036,0.13232838,0.13255689,0.13290492,0.1333814,0.1339953,0.13475554,0.13567115,0.13675107,0.13800424,0.13943964,0.14101869,0.14269052,0.14444552,0.14627403,0.14816655,0.15011342,0.15210506,0.15413189,0.15618433,0.1582527,0.16032751,0.16239911,0.16445795,0.16649435,0.16849881,0.17046167,0.17237337,0.17422429,0.17600486,0.17770547,0.17931652,0.1808284,0.18223159,0.18351643,0.18467331,0.1856927,0.18656494,0.18728052,0.18782972,0.18820305,0.18839088,0.1883836,0.18818149,0.18779714,0.18723956,0.18651767,0.18564041,0.18461676,0.18345575,0.18216626,0.1807573,0.17923777,0.17761667,0.17590298,0.17410567,0.17223364,0.17029594,0.16830142,0.16625914,0.164178,0.162067,0.1599351,0.15779126,0.15564439,0.15350352,0.15137759,0.14927556,0.1472064,0.14517902,0.14320245,0.14128561,0.1394375,0.13766704,0.13598324,0.13444647,0.13310482,0.13194865,0.13096836,0.13015442,0.12949716,0.12898704,0.12861446,0.12836976,0.12824343,0.12822585,0.1283074,0.12847853,0.12872958,0.12905103
0.13231578,0.13197672,0.13169158,0.13146883,0.13131705,0.1312447,0.13126028,0.13137238,0.13158941,0.13191998,0.13237254,0.13295564,0.13367774,0.13454734,0.13557306,0.13676333,0.13812667,0.13962561,0.14121096,0.14287378,0.14460517,0.1463962,0.14823787,0.15012123,0.15203741,0.15397745,0.15593237,0.15789326,0.15985112,0.16179712,0.16372225,0.16561753,0.16747408,0.16928299,0.17103526,0.17272194,0.17433411,0.17586283,0.17729916,0.17863418,0.17985888,0.18096437,0.18194172,0.18278196,0.18347618,0.1840154,0.18439071,0.18459314,0.18461378,0.18445113,0.18411547,0.1836152,0.18295884,0.18215498,0.18121208,0.18013866,0.17894325,0.17763434,0.17622045,0.17471008,0.17311175,0.17143396,0.16968532,0.16787416,0.1660091,0.1640987,0.16215137,0.1601757,0.15818012,0.15617323,0.1541635,0.15215942,0.15016954,0.14820237,0.14626637,0.14437015,0.14252214,0.14073087,0.13900489,0.13735263,0.13578269,0.1343506,0.13310033,0.13202292,0.1311094,0.1303509,0.12973844,0.12926304,0.12891582,0.12868783,0.1285701,0.12855372,0.12862968,0.12878914,0.1290231,0.12932265
0.13129993,0.13097888,0.1307089,0.13049802,0.1303543,0.13028578,0.13030057,0.13040668,0.13061218,0.13092515,0.13135365,0.13190572,0.13258943,0.13341284,0.13438398,0.13551094,0.13680176,0.13822003,0.13971832,0.14128847,0.14292207,0.1446109,0.14634669,0.14812107,0.14992586,0.15175274,0.15359344,0.15543965,0.15728308,0.15911546,0.16092856,0.16271399,0.16446356,0.16616899,0.16782191,0.16941412,0.17093728,0.17238316,0.17374341,0.17500983,0.17617404,0.17722788,0.17816296,0.17897107,0.17964385,0.18017308,0.18055049,0.18076773,0.18081655,0.1806938,0.18040714,0.17996469,0.1793745,0.1786446,0.17778306,0.17679794,0.1756973,0.17448922,0.17318173,0.17178288,0.17030077,0.16874343,0.16711898,0.16543537,0.16370074,0.16192311,0.1601106,0.15827121,0.15641297,0.15454401,0.1526724,0.1508061,0.14895324,0.1471219,0.14532012,0.14355594,0.14183743,0.14017265,0.13856965,0.13703649,0.13558124,0.13425462,0.1330964,0.13209833,0.13125208,0.13054943,0.12998205,0.12954168,0.12922001,0.12900881,0.12889977,0.12888457,0.12895498,0.12910268,0.12931943,0.12959687
0.13028154,0.12997858,0.12972376,0.12952474,0.1293891,0.12932447,0.1293384,0.12943853,0.1296325,0.12992784,0.13033225,0.13085325,0.1314985,0.13227555,0.13319208,0.13425566,0.13547388,0.13681133,0.1382225,0.13969973,0.1412354,0.14282188,0.14445159,0.14611685,0.14781006,0.14952362,0.15124986,0.15298119,0.15470998,0.1564286,0.15812944,0.15980487,0.16144727,0.16304901,0.1646025,0.16610003,0.16753407,0.16889697,0.17018104,0.17137876,0.17248246,0.17348449,0.17437728,0.17515317,0.17580456,0.1763238,0.17670327,0.17693536,0.17701247,0.17692967,0.17669219,0.17630768,0.17578375,0.17512794,0.17434792,0.17345127,0.17244563,0.17133856,0.17013766,0.16885056,0.16748486,0.16604821,0.16454817,0.16299231,0.16138834,0.15974377,0.15806624,0.15636338,0.15464275,0.15291199,0.15117866,0.14945047,0.14773491,0.14603962,0.14437224,0.14274035,0.14115159,0.13961351,0.13813372,0.1367199,0.13537955,0.13415857,0.13309258,0.132174,0.13139518,0.13074844,0.13022627,0.12982096,0.12952493,0.12933055,0.12923016,0.1292162,0.129281,0.12941693,0.1296164,0.1298718
0.12926815,0.12898318,0.12874354,0.12855637,0.12842877,0.12836798,0.12838109,0.12847528,0.1286577,0.12893553,0.12931587,0.12980592,0.13041282,0.1311437,0.13200575,0.13300611,0.13415194,0.13540888,0.13673314,0.1381178,0.13955587,0.14104033,0.14256428,0.14412078,0.14570278,0.14730339,0.14891559,0.15053242,0.15214694,0.15375218,0.15534118,0.15690692,0.15844247,0.15994091,0.16139524,0.16279846,0.1641436,0.16542377,0.16663192,0.16776115,0.16880445,0.1697549,0.17060545,0.17134923,0.17197925,0.17248848,0.17287001,0.17311686,0.1732221,0.17317905,0.17299056,0.17266375,0.17220578,0.17162377,0.17092495,0.17011644,0.1692054,0.16819897,0.16710429,0.16592854,0.16467886,0.16336241,0.16198635,0.16055784,0.15908398,0.157572,0.156029,0.15446217,0.15287864,0.15128557,0.14969012,0.14809945,0.14652069,0.14496101,0.14342754,0.14192748,0.14046797,0.13905615,0.13769916,0.13640417,0.13517833,0.1340626,0.13308853,0.13224912,0.13153744,0.13094647,0.13046929,0.13009894,0.12982842,0.12965082,0.12955908,0.12954631,0.12960553,0.12972973,0.12991202,0.13014539
0.12826733,0.12800024,0.12777558,0.12760013,0.12748057,0.12742355,0.12743586,0.12752415,0.12769514,0.12795551,0.12831204,0.12877138,0.1293402,0.1300253,0.13083331,0.13177097,0.13284497,0.134022,0.13526009,0.13655289,0.13789411,0.13927743,0.14069653,0.1421451,0.14361683,0.14510539,0.14660448,0.1481078,0.149609,0.15110177,0.15257981,0.1540368,0.15546644,0.15686238,0.15821834,0.15952799,0.16078499,0.16198309,0.16311593,0.16417718,0.16516054,0.16605973,0.1668684,0.16758022,0.16818893,0.16868818,0.16907164,0.16933298,0.16946597,0.16946222,0.16932215,0.16905242,0.16865975,0.16815084,0.16753244,0.16681121,0.16599385,0.16508709,0.16409767,0.16303222,0.16189747,0.16070014,0.15944694,0.15814458,0.15679972,0.15541911,0.15400946,0.15257743,0.15112977,0.14967316,0.14821436,0.14675996,0.14531676,0.14389145,0.14249073,0.14112131,0.13978988,0.13850313,0.13726784,0.1360906,0.13497823,0.13396679,0.13308376,0.13232282,0.13167766,0.13114193,0.13070935,0.13037363,0.13012841,0.12996735,0.12988421,0.12987265,0.12992632,0.13003893,0.13020417,0.13041574
0.12728658,0.12703712,0.12682733,0.12666343,0.12655173,0.1264985,0.12651,0.12659246,0.12675214,0.12699534,0.12732834,0.12775733,0.12828858,0.12892844,0.12968309,0.13055882,0.1315619,0.13266006,0.13381304,0.13501522,0.13626085,0.13754436,0.13886,0.14020208,0.141565,0.14294304,0.14433052,0.1457218,0.14711119,0.148493,0.1498616,0.15121129,0.15253636,0.1538312,0.15509011,0.15630738,0.15747742,0.15859443,0.15965287,0.16064702,0.16157116,0.16241969,0.16318691,0.16386709,0.16445462,0.16494383,0.16532901,0.1656045,0.16576463,0.16579947,0.16570689,0.16549328,0.16516486,0.16472788,0.16418861,0.16355328,0.16282822,0.16201964,0.16113383,0.16017704,0.15915556,0.15807557,0.15694344,0.1557654,0.15454765,0.15329649,0.15201822,0.15071909,0.14940532,0.14808318,0.14675897,0.14543895,0.14412937,0.14283647,0.14156656,0.14032583,0.13912064,0.1379572,0.13684173,0.13578054,0.13477993,0.13387124,0.13307787,0.13239424,0.1318146,0.13133329,0.13094467,0.13064301,0.13042271,0.13027802,0.13020332,0.13019294,0.13024119,0.13034235,0.1304908,0.13068086
0.12633336,0.12610123,0.125906,0.12575349,0.12564956,0.12560005,0.12561071,0.12568745,0.12583607,0.1260624,0.1263722,0.1267714,0.1272658,0.12786119,0.12856342,0.1293783,0.13031171,0.1313324,0.13240182,0.13351499,0.13466682,0.13585229,0.13706636,0.13830398,0.13956007,0.14082965,0.14210762,0.14338897,0.14466862,0.14594154,0.1472027,0.14844705,0.14966951,0.15086508,0.15202871,0.15315531,0.15423988,0.15527737,0.1562627,0.15719086,0.1580568,0.15885547,0.15958178,0.16023079,0.16079737,0.16127649,0.1616631,0.16195217,0.16213867,0.16221097,0.16216482,0.16200598,0.1617403,0.16137359,0.1609117,0.1603605,0.15972568,0.15901323,0.15822887,0.1573785,0.15646785,0.15550286,0.15448928,0.15343298,0.15233977,0.15121546,0.15006593,0.14889695,0.14771435,0.14652401,0.14533174,0.14414333,0.14296466,0.14180149,0.1406597,0.13954514,0.13846357,0.13742086,0.13642284,0.13547531,0.13458411,0.13377601,0.1330705,0.13246253,0.13194706,0.13151902,0.13117342,0.1309052,0.13070925,0.1305806,0.13051417,0.13050492,0.13054779,0.1306378,0.13076979,0.13093884
0.12541527,0.12520005,0.12501906,0.12487768,0.12478136,0.12473544,0.12474533,0.12481646,0.12495423,0.12516403,0.12545127,0.12582134,0.12627965,0.12683162,0.12748264,0.1282381,0.1291034,0.13004835,0.13103615,0.13206244,0.13312264,0.13421246,0.13532737,0.13646302,0.13761489,0.13877858,0.1399497,0.14112374,0.14229633,0.14346299,0.14461929,0.14576085,0.14688314,0.14798182,0.14905238,0.15009047,0.15109159,0.15205133,0.15296522,0.15382889,0.15463783,0.15538768,0.15607394,0.15669225,0.15723813,0.15770711,0.15809482,0.15839683,0.15860862,0.15871714,0.15871581,0.15861005,0.15840521,0.15810676,0.15772001,0.1572505,0.15670349,0.15608446,0.15539883,0.15465194,0.15384924,0.15299611,0.15209796,0.1511602,0.15018818,0.14918739,0.14816317,0.14712095,0.14606613,0.14500412,0.14394027,0.14288004,0.14182882,0.140792,0.13977498,0.13878319,0.13782202,0.13689686,0.1360131,0.13517617,0.13439147,0.13368124,0.13306122,0.13252686,0.13207379,0.13169764,0.13139386,0.13115813,0.13098595,0.13087286,0.1308145,0.13080634,0.13084403,0.13092312,0.13103916,0.1311877
0.124539755,0.124341,0.12417385,0.12404329,0.12395432,0.1239119,0.12392106,0.12398677,0.12411397,0.12430773,0.12457302,0.12491478,0.12533806,0.12584783,0.12644903,0.12714675,0.1279459,0.12881728,0.12972581,0.13066769,0.13163902,0.132636,0.13365474,0.13469142,0.1357422,0.13680321,0.13787065,0.1389406,0.14000934,0.14107294,0.14212753,0.14316934,0.14419447,0.14519913,0.14617942,0.14713155,0.14805163,0.14893584,0.14978033,0.15058129,0.15133476,0.15203704,0.15268421,0.15327244,0.15379788,0.15425672,0.15464509,0.15495913,0.155195,0.15533815,0.1553798,0.15532503,0.15517876,0.15494604,0.15463182,0.15424107,0.15377884,0.15325004,0.15265974,0.15201284,0.15131444,0.15056947,0.14978288,0.14895971,0.14810497,0.14722359,0.14632061,0.14540099,0.14446971,0.14353183,0.14259222,0.141656,0.14072806,0.13981341,0.13891707,0.13804403,0.13719922,0.13638772,0.13561447,0.13488443,0.13420266,0.133587,0.13304949,0.13258632,0.1321936,0.13186754,0.13160424,0.13139987,0.1312506,0.13115259,0.13110198,0.13109492,0.13112761,0.13119616,0.13129672,0.1314255
0.12371438,0.12353154,0.12337776,0.123257644,0.12317577,0.12313675,0.12314517,0.12320563,0.12332268,0.12350092,0.12374499,0.124059446,0.124448866,0.12491787,0.12547101,0.12611291,0.12684816,0.12764853,0.12848061,0.12934107,0.13022669,0.13113414,0.13206014,0.13300146,0.1339548,0.13491687,0.1358844,0.13685414,0.13782273,0.13878702,0.13974363,0.14068931,0.14162078,0.1425348,0.14342804,0.14429723,0.14513914,0.14595045,0.14672787,0.1474682,0.14816804,0.1488242,0.14943337,0.14999233,0.15049772,0.1509463,0.15133476,0.15165992,0.1519184,0.15209426,0.15217678,0.15217057,0.15208021,0.15191026,0.15166532,0.15135,0.15096888,0.15052657,0.15002762,0.14947666,0.14887826,0.14823703,0.14755756,0.1468444,0.14610215,0.14533544,0.14454885,0.14374691,0.14293431,0.14211558,0.14129531,0.14047809,0.13966854,0.13887122,0.13809071,0.1373317,0.1365986,0.13589616,0.1352289,0.13460144,0.13401835,0.1334934,0.13303506,0.1326401,0.13230525,0.13202722,0.1318027,0.13162844,0.13150117,0.13141756,0.13137442,0.13136843,0.13139626,0.13145472,0.13154049,0.1316503
0.12294668,0.12277907,0.1226381,0.122528,0.122452974,0.12241719,0.12242491,0.12248033,0.12258763,0.122751005,0.12297474,0.12326299,0.12361992,0.12404981,0.12455688,0.12514524,0.1258192,0.1265515,0.12731026,0.12809275,0.12889624,0.12971802,0.1305553,0.13140538,0.13226551,0.13313293,0.13400492,0.13487871,0.13575162,0.13662085,0.13748372,0.13833743,0.13917927,0.14000654,0.14081644,0.14160626,0.14237323,0.14311464,0.14382774,0.14450982,0.1451581,0.14576983,0.14634234,0.14687283,0.14735857,0.14779682,0.14818491,0.14851996,0.14879936,0.1490058,0.14912671,0.14916623,0.14912862,0.14901808,0.1488388,0.14859502,0.14829092,0.14793073,0.14751862,0.1470588,0.14655556,0.146013,0.1454354,0.14482692,0.1441918,0.14353426,0.14285848,0.14216866,0.14146905,0.14076379,0.14005712,0.13935329,0.13865647,0.13797085,0.13730069,0.13665015,0.13602343,0.13542478,0.13485841,0.13432848,0.13383923,0.13340051,0.13301747,0.13268737,0.13240749,0.13217515,0.13198748,0.13184184,0.13173546,0.13166563,0.13162956,0.13162452,0.13164783,0.13169666,0.13176833,0.13186012
0.122244164,0.12209105,0.12196229,0.12186173,0.12179319,0.12176052,0.12176758,0.12181817,0.12191617,0.122065425,0.122269765,0.12253304,0.12285911,0.12325178,0.123714924,0.124252364,0.12486795,0.12553544,0.1262245,0.12693292,0.12765844,0.12839887,0.12915193,0.12991542,0.13068709,0.13146472,0.13224606,0.1330289,0.13381098,0.13459009,0.135364,0.13613045,0.13688725,0.1376321,0.13836285,0.13907722,0.139773,0.14044793,0.1410998,0.14172634,0.14232536,0.14289461,0.14343184,0.1439349,0.14440145,0.14482933,0.14521627,0.14556004,0.14585842,0.14609301,0.14624943,0.14633155,0.14634322,0.14628826,0.1461705,0.14599384,0.14576209,0.14547908,0.14514868,0.14477473,0.14436103,0.14391148,0.1434299,0.14292014,0.14238603,0.14183138,0.14126015,0.14067607,0.14008301,0.13948485,0.13888542,0.13828851,0.13769802,0.13711779,0.13655165,0.13600345,0.13547704,0.13497624,0.13450488,0.13406685,0.13366598,0.13330844,0.13299625,0.13272722,0.13249914,0.13230973,0.13215682,0.1320381,0.13195144,0.13189451,0.1318651,0.13186105,0.13187997,0.13191982,0.13197823,0.13205302
0.12161431,0.121474914,0.121357664,0.1212661,0.121203676,0.12117393,0.121180356,0.12122643,0.121315666,0.12145158,0.12163764,0.12187737,0.122174256,0.1225318,0.12295351,0.12344287,0.1240034,0.124609776,0.12523316,0.12587182,0.12652397,0.12718788,0.12786174,0.12854384,0.12923238,0.12992564,0.1306218,0.13131915,0.1320159,0.13271034,0.13340065,0.13408509,0.13476188,0.13542931,0.13608555,0.13672891,0.1373576,0.13796982,0.13856387,0.13913795,0.13969034,0.14021921,0.14072287,0.14119953,0.14164741,0.14206478,0.14244987,0.14280091,0.14311615,0.14337614,0.14356498,0.14368616,0.14374319,0.14373957,0.14367874,0.14356428,0.14339967,0.14318839,0.14293393,0.14263982,0.14230955,0.14194661,0.1415545,0.14113675,0.14069681,0.14023823,0.13976447,0.13927904,0.13878545,0.1382872,0.13778776,0.13729067,0.13679942,0.13631749,0.1358484,0.13539563,0.13496271,0.1345531,0.13417034,0.1338179,0.1334993,0.13321725,0.13297102,0.13275884,0.13257894,0.13242956,0.13230892,0.1322153,0.13214692,0.13210203,0.13207884,0.13207561,0.13209057,0.13212198,0.13216805,0.13222705
0.12105967,0.12093271,0.12082595,0.120742545,0.120685734,0.120658614,0.120664485,0.12070642,0.120787695,0.12091148,0.12108092,0.12129926,0.121569656,0.12189527,0.12227935,0.12272503,0.12323552,0.12378638,0.124350175,0.12492553,0.1255111,0.12610562,0.12670769,0.127316,0.12792918,0.12854598,0.129165,0.12978487,0.13040428,0.13102198,0.13163652,0.1322466,0.13285089,0.13344808,0.13403678,0.13461567,0.1351835,0.1357388,0.13628031,0.13680667,0.13731658,0.13780867,0.13828158,0.13873404,0.13916466,0.13957214,0.1399551,0.14031225,0.14064224,0.14092472,0.1411424,0.14129849,0.14139609,0.14143848,0.14142878,0.14137025,0.14126602,0.1411193,0.14093325,0.14071111,0.140456,0.14017117,0.13985977,0.13952501,0.13917002,0.13879806,0.13841228,0.13801587,0.13761206,0.13720399,0.13679485,0.1363878,0.13598609,0.1355929,0.13521136,0.1348447,0.13449614,0.13416879,0.13386591,0.13359061,0.13334613,0.13313214,0.13294536,0.13278438,0.13264787,0.13253453,0.13244303,0.13237199,0.13232012,0.13228606,0.13226844,0.13226601,0.13227735,0.13230118,0.13233614,0.1323809
0.120575465,0.12045936,0.12036173,0.120285474,0.12023349,0.12020872,0.12021406,0.12025244,0.12032676,0.12043995,0.1205949,0.120794564,0.12104178,0.121339545,0.12169075,0.12209832,0.12256513,0.12306753,0.123579256,0.124099344,0.12462682,0.12516078,0.12570016,0.12624404,0.12679148,0.12734148,0.12789308,0.12844533,0.12899727,0.12954795,0.13009632,0.13064149,0.13118249,0.13171834,0.13224812,0.13277076,0.13328537,0.13379098,0.13428664,0.13477136,0.13524416,0.13570409,0.13615021,0.13658154,0.13699707,0.1373959,0.13777709,0.13813952,0.13848239,0.13878451,0.13902739,0.13921387,0.13934697,0.13942955,0.13946448,0.13945477,0.13940325,0.1393129,0.13918659,0.13902721,0.13883777,0.13862112,0.13838018,0.13811783,0.13783705,0.13754073,0.13723178,0.1369131,0.13658763,0.13625829,0.13592792,0.13559957,0.13527603,0.13496025,0.1346552,0.13436376,0.13408877,0.13383324,0.1336001,0.13339217,0.1332124,0.13305786,0.13292293,0.13280664,0.13270806,0.13262622,0.13256012,0.13250881,0.13247132,0.1324467,0.13243401,0.13243224,0.13244046,0.13245766,0.1324829,0.13251524
0.1201582,0.120051466,0.119961694,0.11989159,0.119843796,0.11982104,0.11982596,0.11986124,0.11992956,0.12003361,0.12017607,0.12035962,0.12058692,0.12086068,0.12118355,0.121558234,0.12198741,0.12244806,0.12291494,0.1233874,0.12386481,0.12434655,0.12483189,0.1253203,0.12581103,0.12630352,0.12679707,0.12729105,0.12778477,0.1282777,0.12876908,0.12925835,0.1297448,0.13022777,0.13070671,0.13118088,0.13164973,0.13211252,0.13256861,0.13301744,0.13345829,0.13389054,0.13431354,0.13472664,0.1351292,0.13552056,0.13590012,0.1362672,0.13662115,0.13694021,0.13720475,0.13741753,0.13758118,0.13769835,0.13777177,0.13780412,0.13779803,0.13775624,0.13768137,0.13757621,0.13744329,0.13728537,0.13710512,0.13690525,0.13668838,0.13645726,0.13621448,0.13596278,0.13570486,0.13544334,0.13518092,0.1349203,0.13466415,0.13441512,0.13417593,0.13394925,0.13373774,0.1335441,0.13337104,0.13322116,0.13309719,0.13299388,0.1329036,0.13282584,0.13275993,0.1327052,0.13266098,0.13262671,0.13260162,0.1325852,0.13257667,0.13257551,0.13258101,0.1325925,0.13260937,0.132631
0.11980442,0.119705625,0.11962254,0.119557634,0.11951341,0.1194923,0.11949686,0.11952953,0.11959277,0.11968908,0.11982095,0.11999084,0.12020126,0.120454654,0.12075352,0.12110035,0.12149761,0.12192283,0.1223517,0.122783765,0.12321873,0.12365619,0.12409575,0.12453708,0.12497975,0.12542349,0.1258678,0.12631233,0.12675677,0.12720072,0.1276438,0.12808563,0.12852581,0.12896402,0.12939982,0.12983295,0.13026291,0.13068938,0.13111201,0.1315304,0.1319441,0.13235289,0.13275631,0.13315396,0.13354549,0.13393058,0.13430877,0.13467976,0.1350431,0.13537651,0.13565947,0.13589446,0.136084,0.13623053,0.13633661,0.1364046,0.13643703,0.13643645,0.13640524,0.1363459,0.13626093,0.13615288,0.13602409,0.13587715,0.13571449,0.13553861,0.13535196,0.13515708,0.13495639,0.1347524,0.13454755,0.1343444,0.13414533,0.13395292,0.13376959,0.13359782,0.1334401,0.13329896,0.1331768,0.13307618,0.1329995,0.13293955,0.13288723,0.13284214,0.13280392,0.13277213,0.13274653,0.13272664,0.1327121,0.13270257,0.13269767,0.13269694,0.13270012,0.13270682,0.13271661,0.13272913
0.119510666,0.11941846,0.11934092,0.11928033,0.119239055,0.11921939,0.11922361,0.119254105,0.11931313,0.11940302,0.11952608,0.119684644,0.11988103,0.12011752,0.120396465,0.12072013,0.1210909,0.12148673,0.121884,0.122282565,0.122682266,0.123082966,0.12348453,0.12388676,0.12428956,0.124692746,0.12509616,0.1254997,0.12590317,0.12630646,0.12670942,0.12711184,0.12751365,0.12791467,0.12831469,0.12871365,0.12911136,0.12950772,0.12990248,0.13029557,0.13068682,0.1310761,0.13146323,0.13184808,0.1322305,0.13261032,0.13298742,0.13336161,0.13373278,0.13407809,0.13437636,0.1346298,0.13484083,0.13501179,0.1351449,0.13524249,0.13530695,0.13534051,0.13534555,0.13532433,0.13527922,0.13521244,0.13512647,0.13502346,0.13490582,0.1347758,0.13463576,0.13448802,0.13433486,0.13417865,0.13402162,0.13386615,0.13371454,0.13356909,0.13343216,0.13330603,0.133193,0.13309541,0.13301557,0.13295576,0.13291837,0.13289447,0.13287364,0.13285567,0.1328404,0.13282779,0.13281757,0.13280962,0.13280386,0.13280003,0.13279808,0.13279781,0.13279906,0.1328017,0.13280563,0.13281061
0.119273454,0.11918656,0.119113505,0.11905642,0.11901753,0.118999004,0.11900298,0.11903169,0.11908732,0.119172044,0.119288005,0.11943741,0.11962245,0.1198453,0.12010813,0.12041314,0.12076248,0.121134564,0.12150637,0.12187784,0.12224909,0.1226201,0.122990936,0.12336163,0.12373219,0.12410268,0.124473095,0.12484352,0.12521394,0.12558438,0.12595493,0.12632556,0.12669635,0.1270673,0.12743847,0.12780987,0.12818156,0.12855355,0.12892586,0.12929854,0.12967162,0.13004516,0.13041914,0.13079363,0.13116866,0.13154426,0.13192046,0.13229725,0.13267474,0.13302964,0.13334024,0.13360862,0.13383706,0.13402767,0.13418262,0.13430415,0.1343944,0.13445559,0.13448988,0.13449946,0.1344865,0.13445315,0.13440165,0.13433415,0.13425283,0.13415991,0.13405749,0.13394779,0.13383307,0.13371538,0.13359697,0.13348003,0.1333667,0.13325922,0.13315971,0.13307041,0.13299346,0.13293104,0.13288535,0.13285854,0.13285285,0.13285808,0.13286264,0.13286658,0.13286993,0.13287269,0.13287489,0.13287665,0.1328779,0.13287872,0.13287915,0.13287921,0.13287896,0.13287836,0.13287753,0.13287644
0.11908935,0.1190066,0.118937,0.118882656,0.11884559,0.118827924,0.11883174,0.1188591,0.118912086,0.11899275,0.11910321,0.11924551,0.11942175,0.11963401,0.11988435,0.12017485,0.12050758,0.120861255,0.12121324,0.12156372,0.12191286,0.122260876,0.12260787,0.12295407,0.12329962,0.1236447,0.12398953,0.124334194,0.12467893,0.12502395,0.12536934,0.12571529,0.12606199,0.12640963,0.12675841,0.12710838,0.12745987,0.12781295,0.12816785,0.12852466,0.12888367,0.12924497,0.12960878,0.12997521,0.13034451,0.13071683,0.13109231,0.13147114,0.13185352,0.13221593,0.13253608,0.13281605,0.13305794,0.13326383,0.13343577,0.13357586,0.13368618,0.13376878,0.13382578,0.13385925,0.13387123,0.13386382,0.13383909,0.13379914,0.13374601,0.13368182,0.13360864,0.1335285,0.13344353,0.1333558,0.13326737,0.13318032,0.13309675,0.13301869,0.13294826,0.13288753,0.13283858,0.13280348,0.13278429,0.1327831,0.13280202,0.13282983,0.13285413,0.13287506,0.1328928,0.13290751,0.13291943,0.13292867,0.1329354,0.13293983,0.13294211,0.13294245,0.13294096,0.13293788,0.1329333,0.13292749
0.118954875,0.11887514,0.11880808,0.11875569,0.118719995,0.11870298,0.11870665,0.118733026,0.11878404,0.11886181,0.11896822,0.11910535,0.119275145,0.11947968,0.11972089,0.1200008,0.12032141,0.120661624,0.12099916,0.121334285,0.121667296,0.12199845,0.12232805,0.12265636,0.122983664,0.12331022,0.12363629,0.1239622,0.12428821,0.12461458,0.124941595,0.12526952,0.12559867,0.12592931,0.12626164,0.12659605,0.12693273,0.12727202,0.12761417,0.12795945,0.12830815,0.12866053,0.12901683,0.12937742,0.12974256,0.13011247,0.13048744,0.13086776,0.13125373,0.13162155,0.1319487,0.13223715,0.13248888,0.13270591,0.13289027,0.1330439,0.13316888,0.13326715,0.13334073,0.1333916,0.13342182,0.13343334,0.1334282,0.13340835,0.13337585,0.13333265,0.13328078,0.13322227,0.13315904,0.13309316,0.13302664,0.13296144,0.13289955,0.13284302,0.1327938,0.13275395,0.13272545,0.13271028,0.13271049,0.132728,0.13276489,0.13280919,0.13284788,0.13288124,0.13290952,0.13293299,0.13295192,0.13296665,0.13297741,0.13298446,0.1329881,0.13298859,0.13298625,0.13298132,0.13297407,0.13296479
0.11886658,0.11878884,0.11872343,0.11867233,0.11863753,0.11862097,0.11862452,0.11865021,0.11870002,0.11877581,0.11887958,0.11901331,0.11917892,0.119378336,0.11961355,0.1198865,0.120199166,0.12053052,0.12085858,0.12118363,0.12150605,0.12182615,0.122144304,0.12246089,0.12277617,0.12309054,0.12340436,0.12371797,0.124031626,0.12434579,0.12466074,0.12497685,0.12529443,0.12561388,0.1259355,0.1262596,0.12658662,0.12691684,0.12725061,0.1275883,0.12793021,0.1282767,0.1286282,0.12898493,0.1293473,0.1297156,0.13009027,0.13047153,0.13085984,0.13123126,0.13156301,0.13185701,0.13211522,0.13233957,0.13253203,0.13269459,0.13282917,0.13293771,0.1330222,0.13308455,0.13312674,0.13315068,0.13315836,0.13315175,0.13313276,0.13310339,0.13306554,0.13302113,0.13297223,0.13292071,0.13286856,0.1328177,0.13277006,0.13272764,0.13269238,0.13266626,0.13265118,0.1326491,0.13266201,0.13269182,0.13274051,0.13279566,0.1328438,0.13288529,0.1329205,0.1329497,0.13297327,0.13299158,0.13300498,0.13301374,0.13301829,0.13301891,0.13301599,0.13300984,0.13300082,0.1329893
0.118820995,0.11874423,0.11867973,0.11862931,0.118594944,0.1185786,0.11858213,0.11860748,0.1186566,0.11873139,0.11883383,0.1189658,0.11912918,0.119326025,0.11955814,0.11982752,0.12013602,0.12046284,0.120785974,0.12110583,0.12142278,0.12173719,0.12204946,0.12235993,0.122669056,0.122977145,0.123284616,0.1235918,0.12389914,0.12420699,0.12451572,0.124825686,0.12513733,0.125451,0.12576705,0.12608588,0.12640789,0.12673342,0.12706289,0.12739667,0.12773506,0.12807857,0.12842752,0.12878226,0.1291432,0.1295107,0.12988517,0.13026698,0.13065648,0.13102974,0.13136387,0.1316607,0.13192227,0.1321504,0.13234709,0.13251422,0.1326538,0.13276765,0.13285774,0.13292599,0.13297436,0.13300472,0.13301907,0.13301924,0.13300726,0.13298498,0.13295437,0.1329173,0.13287577,0.13283168,0.13278693,0.13274346,0.1327032,0.13266808,0.13264003,0.13262096,0.13261281,0.13261752,0.13263696,0.13267311,0.13272792,0.13278866,0.1328417,0.1328874,0.1329262,0.13295832,0.1329843,0.13300444,0.13301921,0.1330289,0.13303386,0.13303456,0.13303132,0.13302457,0.13301468,0.13300192
0.11881464,0.11873805,0.11867363,0.118623324,0.11858904,0.1185727,0.1185762,0.11860153,0.11865056,0.11872523,0.118827455,0.11895917,0.11912228,0.11931873,0.1195504,0.11981927,0.12012723,0.12045341,0.120775856,0.12109502,0.121411175,0.12172479,0.12203625,0.12234589,0.12265415,0.122961365,0.123267934,0.123574235,0.123880714,0.124187686,0.124495536,0.124804646,0.12511545,0.1254283,0.1257436,0.1260617,0.12638302,0.1267079,0.12703674,0.12736997,0.12770791,0.12805095,0.12839957,0.12875402,0.12911476,0.12948218,0.12985659,0.13023849,0.13062815,0.1310017,0.13133611,0.13163339,0.13189538,0.13212407,0.13232133,0.13248913,0.13262935,0.13274395,0.13283484,0.13290392,0.13295314,0.13298443,0.13299966,0.13300079,0.1329898,0.1329685,0.13293888,0.13290285,0.13286236,0.13281927,0.13277556,0.13273312,0.1326939,0.13265978,0.13263273,0.13261467,0.13260746,0.13261314,0.13263348,0.13267054,0.13272616,0.13278769,0.13284141,0.13288772,0.13292693,0.13295953,0.13298582,0.13300627,0.13302118,0.133031,0.13303603,0.13303675,0.13303348,0.13302663,0.13301659,0.13300371
0.11884407,0.11876681,0.118701845,0.11865109,0.118616514,0.11860004,0.11860358,0.11862911,0.11867858,0.11875389,0.11885699,0.11898983,0.119154364,0.11935249,0.119586185,0.11985739,0.120168,0.120497115,0.12082272,0.12114522,0.12146494,0.121782236,0.122097485,0.12241106,0.12272328,0.123034574,0.123345226,0.12365567,0.12396624,0.12427727,0.12458914,0.124902226,0.12521687,0.12553345,0.12585233,0.12617384,0.12649839,0.12682627,0.12715794,0.12749366,0.12783387,0.12817891,0.1285291,0.12888487,0.12924653,0.12961444,0.12998901,0.13037057,0.13075946,0.13113178,0.13146468,0.1317601,0.13201992,0.1322462,0.13244072,0.13260557,0.13274258,0.13285375,0.13294101,0.13300626,0.1330515,0.13307862,0.13308959,0.13308635,0.1330708,0.13304493,0.13301064,0.13296987,0.13292462,0.13287675,0.13282824,0.13278103,0.13273704,0.13269827,0.13266654,0.1326439,0.13263224,0.13263352,0.13264966,0.13268259,0.13273428,0.13279219,0.13284276,0.13288635,0.13292326,0.13295397,0.13297871,0.13299796,0.13301198,0.13302124,0.13302597,0.13302666,0.13302357,0.13301712,0.13300765,0.13299553
0.11890583,0.11882718,0.11876107,0.1187094,0.1186742,0.11865742,0.11866102,0.11868702,0.118737355,0.11881402,0.11891898,0.11905421,0.11922167,0.11942335,0.119661234,0.1199373,0.1202535,0.12058879,0.120921046,0.12125058,0.12157769,0.121902734,0.12222598,0.12254777,0.122868374,0.1231882,0.12350743,0.12382651,0.124145664,0.124465264,0.12478557,0.12510695,0.12542965,0.12575406,0.12608045,0.12640916,0.12674043,0.12707469,0.1274122,0.12775326,0.12809819,0.1284473,0.12880093,0.12915938,0.12952295,0.12989198,0.13026677,0.13064763,0.13103491,0.13140473,0.13173443,0.13202594,0.13228127,0.13250236,0.13269123,0.13284986,0.13298014,0.13308413,0.13316375,0.13322105,0.13325785,0.13327633,0.1332783,0.13326581,0.13324079,0.13320528,0.1331612,0.13311054,0.13305524,0.13299735,0.13293879,0.13288154,0.13282761,0.13277891,0.13273747,0.13270523,0.13268419,0.13267629,0.13268353,0.1327079,0.13275135,0.13280165,0.13284563,0.1328835,0.13291562,0.13294224,0.1329638,0.13298053,0.1329927,0.13300072,0.13300486,0.13300546,0.13300276,0.13299717,0.13298893,0.13297841
0.11899642,0.11891576,0.118847914,0.118794926,0.11875881,0.118741594,0.1187453,0.118772,0.11882362,0.11890226,0.11900993,0.11914866,0.11932047,0.11952736,0.11977139,0.12005457,0.120378956,0.120723315,0.121065326,0.121405184,0.12174317,0.122079544,0.1224145,0.122748345,0.12308128,0.123413585,0.12374546,0.12407716,0.12440895,0.12474109,0.12507379,0.1254073,0.12574185,0.12607773,0.12641515,0.12675439,0.12709564,0.12743919,0.12778527,0.12813415,0.12848598,0.12884113,0.12919977,0.12956217,0.12992857,0.13029923,0.13067435,0.13105422,0.13143907,0.13180523,0.1321302,0.13241602,0.13266473,0.1328783,0.13305883,0.1332083,0.1333287,0.13342217,0.13349062,0.13353612,0.13356069,0.13356636,0.13355517,0.13352911,0.13349023,0.13344057,0.13338207,0.1333169,0.13324697,0.13317434,0.13310102,0.13302909,0.13296047,0.1328973,0.13284156,0.13279524,0.1327604,0.13273908,0.13273327,0.13274504,0.13277636,0.13281557,0.13284983,0.13287933,0.13290435,0.13292512,0.13294187,0.1329549,0.13296442,0.13297066,0.1329739,0.13297434,0.13297224,0.13296789,0.13296148,0.13295329
0.11911243,0.11902914,0.118959144,0.118904434,0.11886714,0.11884938,0.11885323,0.11888075,0.11893405,0.11901523,0.11912635,0.11926957,0.11944692,0.11966051,0.11991239,0.12020473,0.12053956,0.12089554,0.12124998,0.12160312,0.12195502,0.12230591,0.1226559,0.12300515,0.12335384,0.12370216,0.124050155,0.12439808,0.12474604,0.1250942,0.12544276,0.12579182,0.12614155,0.12649211,0.12684366,0.12719637,0.12755036,0.12790582,0.12826288,0.12862171,0.12898247,0.12934531,0.12971039,0.13007785,0.13044786,0.13082059,0.13119614,0.13157475,0.1319565,0.13231796,0.13263689,0.13291544,0.13315564,0.13335958,0.13352942,0.13366717,0.13377498,0.13385491,0.13390905,0.13393952,0.13394837,0.1339377,0.13390964,0.13386622,0.13380957,0.13374175,0.1336649,0.1335811,0.13349238,0.13340089,0.13330871,0.1332179,0.1331306,0.13304886,0.13297479,0.13291048,0.132858,0.13281947,0.13279697,0.13279259,0.13280839,0.13283338,0.1328552,0.132874,0.13288991,0.13290316,0.13291386,0.13292213,0.1329282,0.13293217,0.1329342,0.1329345,0.13293317,0.1329304,0.13292632,0.13292108
