0.09181515,0.09129234,0.09085264,0.09050919,0.09027513,0.09016357,0.090187624,0.09036043,0.09069514,0.09120482,0.09190266,0.09280174,0.09391519,0.09525616,0.096837744,0.09867308,0.10077532,0.10303554,0.10533351,0.10766531,0.110027075,0.112414844,0.11482476,0.11725293,0.11969541,0.12214828,0.12460767,0.12706967,0.12953033,0.13198583,0.13443221,0.13686556,0.13928199,0.14167759,0.14404845,0.14639069,0.14870039,0.15097363,0.15320647,0.1553951,0.15753557,0.15962394,0.16165635,0.16362886,0.16553758,0.16737863,0.1691481,0.17084202,0.17245655,0.17389227,0.17506108,0.17597617,0.17665061,0.17709759,0.1773301,0.17736143,0.17720462,0.1768728,0.17637911,0.17573665,0.17495857,0.17405799,0.17304805,0.17194183,0.17075248,0.16949315,0.16817693,0.16681698,0.1654264,0.16401833,0.16260585,0.16120213,0.1598203,0.15847345,0.15717474,0.15593728,0.15477419,0.15369861,0.15272366,0.15186244,0.15112811,0.1505026,0.1499565,0.14948593,0.14908692,0.14875562,0.14848809,0.14828046,0.14812881,0.14802924,0.14797781,0.14797065,0.14800382,0.14807345,0.14817567,0.1483065
0.09145148,0.090925656,0.09048341,0.090138,0.08990259,0.08979038,0.08981459,0.0899884,0.090325005,0.09083764,0.09153949,0.09244375,0.09356361,0.09491231,0.096503,0.098348886,0.10046323,0.10273662,0.10504826,0.107394196,0.10977049,0.11217316,0.11459829,0.11704186,0.11949993,0.121968575,0.124443844,0.12692168,0.12939827,0.13186955,0.13433161,0.13678044,0.13921215,0.14162277,0.14400828,0.14636478,0.1486883,0.15097485,0.15322053,0.15542136,0.15757336,0.15967263,0.16171512,0.16369693,0.16561413,0.16746266,0.16923866,0.17093816,0.17255716,0.17399602,0.17516641,0.17608163,0.1767548,0.17719918,0.17742798,0.17745431,0.17729144,0.17695257,0.17645091,0.1757996,0.17501195,0.17410101,0.17308009,0.17196241,0.17076106,0.16948935,0.16816041,0.16678749,0.16538376,0.1639624,0.16253667,0.16111974,0.15972483,0.1583651,0.15705377,0.15580404,0.15462913,0.15354219,0.1525565,0.1516852,0.15094149,0.15030757,0.1497541,0.14927718,0.1488728,0.14853704,0.14826593,0.1480555,0.1479018,0.14780086,0.14774874,0.14774147,0.14777513,0.14784572,0.14794926,0.14808187
0.09114564,0.090617284,0.09017293,0.08982584,0.08958929,0.08947653,0.08950087,0.08967551,0.09001376,0.09052885,0.09123405,0.09214268,0.09326793,0.094623104,0.096221454,0.098076254,0.10020077,0.102485225,0.104808375,0.107166186,0.10955472,0.11196991,0.11440781,0.11686435,0.11933557,0.12181747,0.12430606,0.1267973,0.12928718,0.13177177,0.13424699,0.1367089,0.13915342,0.1415766,0.14397448,0.146343,0.14867814,0.15097594,0.15323241,0.15544346,0.1576052,0.15971357,0.16176456,0.16375418,0.16567847,0.16753334,0.16931488,0.17101902,0.17264178,0.17408323,0.17525503,0.1761703,0.17684247,0.17728466,0.17751025,0.17753242,0.17736448,0.1770197,0.17651129,0.17585257,0.17505679,0.1741372,0.17310709,0.17197971,0.17076828,0.16948614,0.16814652,0.16676266,0.16534789,0.16391541,0.1624785,0.16105047,0.1596445,0.15827395,0.15695201,0.15569198,0.1545071,0.15341066,0.15241589,0.15153609,0.15078454,0.1501435,0.14958389,0.1491016,0.14869273,0.14835319,0.14807905,0.14786628,0.14771084,0.14760882,0.1475561,0.14754878,0.1475828,0.14765415,0.14775892,0.14789297
0.090906754,0.09037641,0.08993037,0.089581996,0.08934458,0.08923141,0.08925581,0.089431114,0.089770615,0.090287626,0.09099551,0.091907494,0.09303697,0.09439723,0.096001565,0.0978633,0.09999576,0.10228887,0.104621015,0.10698814,0.10938619,0.111811146,0.114259005,0.1167257,0.11920719,0.12169945,0.124198444,0.12670009,0.12920044,0.13169536,0.13418089,0.13665298,0.13910757,0.14154059,0.1439481,0.14632598,0.14867021,0.15097679,0.15324162,0.15546073,0.15763004,0.15974556,0.16180319,0.16379891,0.16572872,0.16758855,0.16937438,0.17108215,0.17270786,0.17415139,0.17532422,0.1762396,0.17691089,0.17735144,0.17757452,0.17759344,0.17742153,0.1770721,0.17655846,0.17589393,0.17509183,0.17416546,0.17312811,0.1719932,0.17077392,0.16948362,0.16813567,0.16674331,0.16531987,0.16387871,0.16243309,0.16099633,0.15958181,0.15820277,0.15687253,0.15560444,0.1544118,0.15330787,0.15230606,0.15141967,0.15066193,0.1500154,0.14945093,0.14896451,0.14855205,0.14820962,0.1479331,0.14771849,0.14756173,0.14745878,0.14740564,0.14739823,0.14743255,0.14750454,0.14761014,0.1477454
0.090743944,0.09021224,0.08976509,0.08941582,0.08917778,0.08906432,0.0890888,0.08926455,0.08960492,0.09012325,0.09083291,0.091747254,0.09287957,0.09424328,0.095851704,0.09771817,0.099856034,0.102155045,0.10449329,0.10686675,0.1092713,0.11170296,0.114157625,0.1166312,0.1191197,0.12161901,0.124125086,0.12663387,0.1291413,0.13164331,0.13413587,0.13661487,0.13907629,0.14151603,0.14393008,0.14631437,0.1486648,0.15097734,0.15324794,0.15547249,0.157647,0.15976733,0.16182949,0.1638294,0.16576298,0.16762617,0.16941495,0.17112519,0.17275289,0.17419782,0.17537136,0.17628679,0.17695755,0.17739695,0.17761832,0.17763501,0.17746039,0.17710784,0.17659062,0.17592213,0.1751157,0.17418471,0.17314251,0.17200242,0.17077774,0.16948193,0.16812825,0.16673009,0.16530077,0.16385366,0.16240212,0.16095948,0.15953904,0.15815423,0.15681837,0.15554479,0.15434684,0.15323786,0.15223125,0.15134032,0.15057838,0.14992806,0.1493603,0.14887103,0.14845622,0.14811176,0.14783366,0.14761776,0.14746009,0.14735657,0.14730309,0.14729565,0.14733015,0.14740255,0.14750883,0.14764483
0.09066633,0.090134,0.0896863,0.089336626,0.089098305,0.08898469,0.0890092,0.08918516,0.08952595,0.090044886,0.09075541,0.09167085,0.09280455,0.094169915,0.09578026,0.09764898,0.09978944,0.10209125,0.10443243,0.1068089,0.10921657,0.11165138,0.114109255,0.11658615,0.119077966,0.12158066,0.124090105,0.12660229,0.1291131,0.13161851,0.13411438,0.13659671,0.13906139,0.14150432,0.14392154,0.14630885,0.14866224,0.15097761,0.15325093,0.15547809,0.15765506,0.1597777,0.16184203,0.16384393,0.16577932,0.16764411,0.16943426,0.17114572,0.17277437,0.17421997,0.17539382,0.17630932,0.1769798,0.17741865,0.17763917,0.17765483,0.17747892,0.17712484,0.17660592,0.17593557,0.17512707,0.17419392,0.17314932,0.17200677,0.17077957,0.1694811,0.16812472,0.16672382,0.1652917,0.16384177,0.16238739,0.1609419,0.15951869,0.15813111,0.15679255,0.15551639,0.15431589,0.1532045,0.15219557,0.15130247,0.15053856,0.14988644,0.14931709,0.14882651,0.1484105,0.14806516,0.14778624,0.14756975,0.14741164,0.14730781,0.14725421,0.14724676,0.14728135,0.14735398,0.1474605,0.14759691
0.090683065,0.09015086,0.08970329,0.08935371,0.08911545,0.08900188,0.08902637,0.08920229,0.08954297,0.09006179,0.09077214,0.09168734,0.092820734,0.09418573,0.09579566,0.09766392,0.099803805,0.10210502,0.104445554,0.106821366,0.10922837,0.11166251,0.11411969,0.11659586,0.11908695,0.12158893,0.124097675,0.12660909,0.12911917,0.13162385,0.13411905,0.13660064,0.13906461,0.14150688,0.14392337,0.14631002,0.14866278,0.15097754,0.15325028,0.15547687,0.15765329,0.15977548,0.16183934,0.1638408,0.16577578,0.16764024,0.16943009,0.1711413,0.17276976,0.1742152,0.17538896,0.17630447,0.17697498,0.17741396,0.1776347,0.17765054,0.17747492,0.17712116,0.17660265,0.17593268,0.17512463,0.1741919,0.17314787,0.17200585,0.17077918,0.16948128,0.1681255,0.16672514,0.16529363,0.1638443,0.16239055,0.16094568,0.15952305,0.1581361,0.15679811,0.1555225,0.15432256,0.15321171,0.15220328,0.15131064,0.15054716,0.14989541,0.14932643,0.1488361,0.14842038,0.14807518,0.14779645,0.14758009,0.1474221,0.14731833,0.1472648,0.1472573,0.14729188,0.14736445,0.1474709,0.14760724
0.090803266,0.09027206,0.089825325,0.08947641,0.0892386,0.089125216,0.08914967,0.08932525,0.08966531,0.09018318,0.09089215,0.09180565,0.09293695,0.0942994,0.09590632,0.09777105,0.099906966,0.1022038,0.10453984,0.10691099,0.109313175,0.11174239,0.11419456,0.116665654,0.11915158,0.12164833,0.12415181,0.12665802,0.12916286,0.13166231,0.1341523,0.13662875,0.13908766,0.141525,0.14393666,0.14631857,0.14866675,0.15097713,0.15324564,0.1554682,0.15764083,0.15975939,0.1618199,0.1638183,0.16575047,0.16761248,0.16940016,0.17110951,0.17273648,0.17418088,0.17535415,0.1762696,0.17694053,0.17738037,0.17760234,0.17761987,0.17744623,0.17709479,0.1765789,0.17591183,0.17510702,0.17417768,0.17313728,0.17199904,0.17077635,0.16948254,0.16813093,0.16673492,0.16530773,0.1638628,0.1624134,0.16097292,0.15955465,0.15817192,0.15683812,0.15556654,0.1543705,0.15326342,0.15225855,0.15136923,0.15060884,0.14995989,0.14939333,0.14890513,0.14849114,0.14814748,0.14786988,0.14765449,0.14749713,0.14739382,0.14734048,0.14733304,0.14736748,0.14743972,0.14754578,0.14768149
0.09103609,0.09050682,0.09006169,0.08971401,0.08947706,0.08936413,0.089388475,0.089563414,0.08990225,0.090418234,0.09112467,0.09203483,0.09316202,0.094519526,0.09612062,0.09797859,0.100106746,0.102395184,0.10472243,0.10708455,0.10947743,0.11189711,0.11433956,0.11680076,0.119276695,0.121763356,0.12425667,0.12675272,0.12924741,0.13173673,0.13421667,0.13668323,0.13913238,0.1415601,0.14396238,0.14633518,0.14867449,0.15097632,0.15323663,0.15545139,0.15761659,0.15972823,0.16178228,0.16377471,0.1657015,0.16755866,0.16934215,0.17104797,0.17267208,0.1741145,0.17528673,0.1762021,0.17687383,0.17731528,0.1775397,0.17756042,0.17739064,0.1770437,0.17653292,0.17587155,0.17507288,0.17415017,0.17311674,0.17198586,0.17077087,0.16948499,0.16814151,0.16675378,0.16533503,0.16389857,0.16245769,0.16102566,0.15961577,0.1582413,0.15691556,0.15565182,0.15446338,0.15336353,0.15236554,0.15148267,0.15072832,0.15008476,0.1495229,0.14903875,0.14862822,0.14828736,0.14801212,0.14779851,0.14764248,0.14754,0.14748712,0.14747974,0.1475139,0.14758556,0.14769065,0.14782529
0.09139062,0.090864286,0.09042164,0.09007588,0.08984024,0.089727916,0.08975214,0.08992613,0.090263076,0.0907762,0.09147872,0.09238384,0.09350477,0.09485474,0.09644695,0.098294646,0.100411,0.102686584,0.10500052,0.10734884,0.10972756,0.11213271,0.11456039,0.11700655,0.119467236,0.12193852,0.12441639,0.12689692,0.12937617,0.1318501,0.13431475,0.13676621,0.13920048,0.14161359,0.14400154,0.14636046,0.14868626,0.15097508,0.15322289,0.15542576,0.15757973,0.15968075,0.16172495,0.16370833,0.16562691,0.16747674,0.16925384,0.17095424,0.172574,0.17401336,0.17518406,0.17609929,0.17677227,0.17721619,0.17744435,0.17746985,0.17730598,0.17696592,0.17646292,0.17581014,0.17502084,0.17410824,0.17308547,0.17196585,0.17076251,0.16948873,0.16815764,0.16678256,0.1653766,0.16395305,0.1625251,0.16110598,0.15970886,0.15834694,0.1570335,0.15578173,0.15460482,0.15351602,0.15252851,0.15165551,0.15091026,0.1502749,0.14972022,0.14924224,0.14883699,0.14850044,0.14822875,0.14801784,0.14786379,0.14776264,0.1477104,0.14770313,0.14773685,0.14780761,0.1479114,0.14804429
0.09187602,0.09135371,0.09091443,0.09057132,0.09033748,0.09022602,0.09025005,0.0904227,0.09075708,0.09126629,0.09196343,0.092861645,0.09397404,0.0953137,0.09689377,0.09872733,0.100827545,0.10308555,0.10538123,0.1077107,0.11007,0.11245531,0.11486269,0.117288284,0.1197281,0.12217833,0.12463508,0.12709442,0.12955247,0.1320053,0.13444905,0.1368798,0.13929369,0.14168677,0.14405519,0.14639504,0.1487024,0.15097341,0.15320413,0.15539071,0.15752922,0.1596158,0.16164652,0.16361748,0.16552478,0.1673646,0.16913293,0.17082594,0.17243971,0.1738749,0.17504345,0.17595853,0.17663315,0.17708056,0.17731377,0.17734592,0.17719008,0.17685945,0.17636707,0.1757261,0.17494965,0.17405081,0.17304268,0.17193839,0.17075107,0.1694938,0.16817972,0.16682193,0.16543353,0.16402766,0.16261739,0.16121592,0.15983626,0.1584916,0.15719499,0.15595956,0.15479848,0.15372479,0.15275165,0.15189213,0.15115936,0.15053524,0.14999038,0.14952087,0.14912274,0.14879219,0.1485253,0.14831814,0.14816679,0.14806743,0.14801612,0.14800899,0.14804213,0.1481116,0.14821357,0.1483441
0.09250142,0.09198426,0.091549344,0.091209635,0.090978116,0.090867765,0.09089157,0.09106251,0.09139355,0.09189772,0.09258797,0.09347725,0.094578624,0.09590503,0.097469434,0.09928483,0.10136421,0.103599586,0.10587176,0.10817692,0.110511206,0.11287092,0.1152522,0.11765122,0.120064214,0.12248733,0.12491682,0.12734884,0.1297796,0.13220525,0.13462205,0.13702615,0.13941379,0.14178109,0.1441243,0.1464396,0.14872316,0.15097123,0.15317996,0.15534551,0.15746418,0.15953209,0.16154541,0.16350041,0.16539319,0.16722006,0.16897714,0.17066061,0.1722667,0.17369652,0.17486234,0.17577717,0.17645398,0.17690577,0.17714551,0.1771862,0.17704076,0.17672224,0.17624362,0.17561784,0.17485791,0.17397681,0.1729875,0.17190303,0.17073631,0.16950035,0.16820815,0.16687265,0.16550684,0.16412377,0.16273634,0.16135758,0.16000046,0.15867795,0.15740304,0.15618871,0.15504795,0.15399376,0.1530391,0.15219696,0.15148029,0.1508707,0.15033847,0.14987983,0.14949097,0.14916807,0.14890736,0.148705,0.14855722,0.14846015,0.14841004,0.14840306,0.14843543,0.1485033,0.14860286,0.14873038
0.09327592,0.092765175,0.092335664,0.092000164,0.0917715,0.09166253,0.091686025,0.091854855,0.09218181,0.0926797,0.09336139,0.09423968,0.09532739,0.096637346,0.09818236,0.099975266,0.10202886,0.104236186,0.10647922,0.10875426,0.111057654,0.113385625,0.115734555,0.118100725,0.12048045,0.12287,0.12526573,0.12766393,0.13006085,0.13245289,0.13483632,0.13720739,0.13956249,0.14189789,0.14420989,0.14649476,0.14874887,0.1509685,0.15314998,0.15528956,0.15738362,0.15942839,0.16142021,0.1633554,0.16523027,0.1670411,0.16878419,0.17045586,0.17205244,0.17347556,0.17463802,0.17555259,0.17623208,0.17668933,0.17693715,0.17698836,0.1768558,0.17655231,0.17609069,0.17548375,0.1747443,0.17388517,0.17291923,0.17185923,0.17071804,0.16950849,0.16824336,0.16693547,0.16559768,0.16424279,0.16288362,0.16153301,0.16020378,0.15890874,0.15766071,0.15647247,0.15535694,0.15432687,0.1533951,0.15257445,0.15187776,0.15128607,0.15076953,0.1503244,0.14994697,0.1496336,0.14938055,0.14918414,0.14904068,0.14894646,0.14889784,0.14889109,0.14892249,0.14898834,0.14908503,0.14920878
0.09420867,0.09370568,0.09328263,0.09295219,0.092727005,0.09261969,0.09264283,0.092809096,0.09313109,0.093621485,0.09429286,0.09515788,0.09622915,0.097519286,0.09904095,0.10080674,0.102829315,0.10500286,0.107210815,0.10944961,0.111715704,0.11400551,0.11631551,0.11864211,0.12098173,0.123330876,0.12568595,0.12804337,0.13039961,0.13275114,0.13509431,0.13742568,0.13974158,0.14203855,0.14431293,0.14656122,0.14877985,0.15096527,0.1531139,0.15522219,0.1572866,0.15930353,0.16126946,0.16318081,0.16503403,0.16682555,0.16855183,0.1702093,0.1717944,0.17320952,0.17436787,0.17528209,0.17596482,0.17642866,0.17668623,0.17675018,0.17663313,0.1763477,0.17590652,0.17532225,0.17460744,0.17377484,0.17283694,0.17180648,0.17069604,0.16951825,0.16828573,0.16701113,0.16570705,0.16438617,0.16306101,0.16174433,0.16044866,0.1591867,0.15797102,0.15681426,0.15572907,0.15472806,0.15382385,0.15302911,0.15235645,0.15178636,0.15128866,0.15085977,0.15049616,0.15019424,0.14995043,0.1497612,0.14962296,0.14953223,0.14948535,0.14947884,0.14950906,0.14957255,0.14966567,0.1497849
0.09530881,0.094814904,0.094399534,0.094075084,0.09385398,0.09374857,0.09377131,0.09393455,0.094250746,0.09473224,0.095391475,0.09624083,0.09729271,0.09855949,0.100053616,0.10178745,0.1037734,0.10590711,0.10807368,0.11026973,0.112491846,0.11473663,0.11700068,0.11928061,0.121572986,0.123874426,0.12618154,0.12849094,0.13079919,0.13310291,0.1353987,0.13768314,0.13995285,0.14220445,0.14443448,0.14663962,0.14881638,0.15096141,0.15307133,0.1551427,0.15717216,0.15915626,0.16109163,0.16297486,0.16480258,0.16657133,0.16827777,0.16991845,0.17149003,0.17289568,0.17404927,0.1749631,0.17564961,0.1761212,0.17639025,0.17646922,0.17637044,0.17610632,0.1756893,0.17513175,0.17444606,0.1736447,0.17273995,0.17174429,0.1706701,0.16952978,0.16833574,0.16710038,0.16583605,0.16455522,0.16327024,0.16199353,0.1607375,0.15951452,0.158337,0.15721734,0.15616795,0.15520121,0.15432955,0.15356533,0.152921,0.15237641,0.15190098,0.15149127,0.1511439,0.15085547,0.15062255,0.15044177,0.15030974,0.15022303,0.15017827,0.15017202,0.15020092,0.15026158,0.15035053,0.15046443
0.09658546,0.09610212,0.09569564,0.09537812,0.09516175,0.0950586,0.09508085,0.09524059,0.09555003,0.096021235,0.09666635,0.09749754,0.0985269,0.0997666,0.10122875,0.102925494,0.104868956,0.106956445,0.109074995,0.11122144,0.113392524,0.11558505,0.117795795,0.12002154,0.122259095,0.12450519,0.12675667,0.12901028,0.13126284,0.13351108,0.13575184,0.13798188,0.140198,0.14239696,0.14457552,0.14673054,0.14885877,0.15095697,0.15302196,0.15505047,0.15703934,0.15898535,0.16088527,0.16273588,0.16453397,0.16627635,0.16795973,0.169581,0.17113686,0.17253155,0.17367952,0.17459288,0.17528379,0.17576443,0.17604682,0.17614315,0.1760656,0.17582625,0.17543723,0.17491072,0.17425881,0.17349365,0.17262736,0.1716721,0.17063999,0.16954318,0.16839376,0.1672039,0.16598576,0.1647514,0.16351303,0.1622827,0.16107264,0.1598949,0.15876171,0.15768509,0.15667726,0.15575029,0.15491638,0.15418763,0.15357615,0.15306115,0.15261152,0.15222403,0.15189554,0.15162277,0.1514025,0.15123151,0.15110669,0.15102468,0.15098234,0.15097646,0.1510038,0.15106113,0.15114528,0.15125299
0.098047756,0.097576514,0.0971802,0.096870646,0.096659675,0.096559115,0.0965808,0.09673658,0.09703824,0.09749765,0.09812662,0.098936975,0.099940576,0.10114923,0.102574766,0.10422902,0.10612381,0.10815835,0.11022192,0.11231153,0.11442417,0.11655684,0.118706524,0.120870225,0.12304496,0.1252277,0.12741543,0.12960516,0.13179392,0.13397865,0.13615637,0.13832408,0.14047879,0.14261746,0.14473711,0.14683473,0.1489073,0.15095186,0.15296537,0.15494484,0.15688725,0.1587896,0.1606489,0.16246216,0.16422634,0.16593845,0.16759548,0.16919445,0.17073232,0.17211443,0.17325601,0.17416887,0.17486484,0.17535575,0.17565344,0.17576975,0.17571646,0.17550546,0.17514852,0.17465754,0.1740443,0.17332065,0.1724984,0.17158942,0.17060551,0.1695585,0.16846022,0.16732253,0.16615722,0.16497613,0.16379112,0.16261396,0.16145654,0.16033065,0.15924816,0.15822086,0.15726061,0.15637924,0.15558854,0.15490037,0.15432657,0.15384543,0.15342538,0.1530634,0.1527565,0.15250166,0.15229587,0.15213618,0.15201953,0.15194292,0.15190336,0.15189785,0.15192339,0.15197696,0.15205555,0.15215619
0.09965231,0.09919424,0.09880898,0.09850805,0.09830298,0.09820523,0.09822632,0.098377734,0.09867099,0.099117555,0.09972897,0.10051672,0.10149229,0.10266721,0.104052976,0.10566106,0.10750296,0.10947996,0.11148379,0.113511674,0.11556083,0.1176285,0.119711876,0.12180822,0.12391475,0.12602866,0.1281472,0.13026759,0.13238707,0.13450286,0.13661212,0.1387122,0.14080021,0.1428734,0.14492902,0.14696433,0.14897649,0.15096273,0.1529203,0.15484641,0.15673831,0.1585932,0.16040832,0.16218084,0.16390805,0.16558717,0.16721536,0.16879,0.1703081,0.17167638,0.17281075,0.17372288,0.1744241,0.17492603,0.17524011,0.17537785,0.17535079,0.17517036,0.17484815,0.17439555,0.17382413,0.1731454,0.1723708,0.1715119,0.17058015,0.16958706,0.16854417,0.16746292,0.16635484,0.1652314,0.16410418,0.1629846,0.16188422,0.16081445,0.1597869,0.15881296,0.1579042,0.15707213,0.15632822,0.15568398,0.1551509,0.15470639,0.15431829,0.15398388,0.15370029,0.15346485,0.15327474,0.15312718,0.15301941,0.15294865,0.1529121,0.15290701,0.15293057,0.1529801,0.15305272,0.15314569
0.10134371,0.10089927,0.100525476,0.10023352,0.100034535,0.09993969,0.09996015,0.10010706,0.10039159,0.10082486,0.10141809,0.1021824,0.103128955,0.104268886,0.1056134,0.10717363,0.10896072,0.1108781,0.11282004,0.11478398,0.11676742,0.11876779,0.12078257,0.122809194,0.12484513,0.12688783,0.12893482,0.13098341,0.13303122,0.13507566,0.13711412,0.13914414,0.14116313,0.14316858,0.14515798,0.1471287,0.14907825,0.15100409,0.15290368,0.15477447,0.15661393,0.15841955,0.1601887,0.16191892,0.16360763,0.16525234,0.16685043,0.16839938,0.16989674,0.17125022,0.17237684,0.17328773,0.17399408,0.17450708,0.17483777,0.17499737,0.17499706,0.17484795,0.17456129,0.17414814,0.17361969,0.17298712,0.17226154,0.17145413,0.17057608,0.16963854,0.16865264,0.16762953,0.16658041,0.16551635,0.16444865,0.16338837,0.16234663,0.16133471,0.16036367,0.1594447,0.15858898,0.15780765,0.15711182,0.1565127,0.15602146,0.15561453,0.15525927,0.15495312,0.15469353,0.15447804,0.15430403,0.1541689,0.15407026,0.15400547,0.15397203,0.15396735,0.15398893,0.15403427,0.15410072,0.15418586
0.10311298,0.1026826,0.10232064,0.1020379,0.101845235,0.10175339,0.10177319,0.10191546,0.10219098,0.10261055,0.103185005,0.10392514,0.104841724,0.1059456,0.10724756,0.10875841,0.11048896,0.11234484,0.11422295,0.11612101,0.11803671,0.11996776,0.12191181,0.12386661,0.12582985,0.12779924,0.12977242,0.13174714,0.13372113,0.13569205,0.13765757,0.13961545,0.14156336,0.14349896,0.14542004,0.14732423,0.14920925,0.1510728,0.15291259,0.15472628,0.1565116,0.15826628,0.15998796,0.1616744,0.16332322,0.1649322,0.166499,0.16802132,0.16949686,0.17083482,0.17195307,0.17286238,0.17357369,0.17409766,0.1744452,0.17462704,0.17465399,0.17453693,0.17428657,0.17391378,0.17342931,0.17284405,0.17216872,0.17141414,0.17059115,0.16971053,0.16878311,0.16781963,0.16683099,0.16582792,0.16482125,0.16382177,0.16284032,0.16188766,0.16097465,0.16011205,0.15931065,0.1585813,0.15793481,0.15738188,0.15693347,0.15656501,0.15624335,0.15596612,0.15573113,0.15553597,0.15537837,0.15525606,0.15516675,0.15510811,0.15507782,0.1550736,0.1550931,0.15513416,0.15519434,0.15527141
0.104951106,0.10453514,0.10418535,0.10391212,0.1037259,0.10363714,0.10365628,0.103793785,0.10406006,0.104465544,0.10502071,0.105736,0.10662184,0.10768868,0.10894694,0.11040708,0.11207955,0.11387229,0.11568489,0.1175153,0.11936147,0.12122134,0.123092875,0.12497398,0.12686265,0.12875676,0.13065432,0.13255325,0.1344515,0.13634697,0.1382377,0.14012152,0.14199647,0.14386046,0.14571147,0.14754732,0.14936613,0.1511657,0.15294404,0.15469909,0.15642875,0.1581311,0.15980391,0.16144523,0.16305298,0.16462512,0.16615954,0.16765425,0.16910718,0.17042884,0.17153822,0.17244571,0.17316177,0.1736968,0.1740613,0.17426571,0.1743204,0.17423591,0.17402263,0.173691,0.17325145,0.17271444,0.17209043,0.17138983,0.1706231,0.16980068,0.16893305,0.16803057,0.16710375,0.16616298,0.16521873,0.16428146,0.16336156,0.16246958,0.16161582,0.1608108,0.16006494,0.15938874,0.15879256,0.1582869,0.15788215,0.15755296,0.15726554,0.15701789,0.15680788,0.15663351,0.15649274,0.15638348,0.15630361,0.15625122,0.15622418,0.15622038,0.15623789,0.1562745,0.15632829,0.15639715
0.10684912,0.10644796,0.10611058,0.10584705,0.10566745,0.105581835,0.105600305,0.1057329,0.10598973,0.10638081,0.10691626,0.10760612,0.1084605,0.10948945,0.110703036,0.11211131,0.113724366,0.115452506,0.11719811,0.11895938,0.12073446,0.122521594,0.12431899,0.12612478,0.12793721,0.12975445,0.13157472,0.13339616,0.13521703,0.13703547,0.1388497,0.1406579,0.14245829,0.14424905,0.14602834,0.14779444,0.14954545,0.15127963,0.15299511,0.15469016,0.15636289,0.15801157,0.15963435,0.16122948,0.16279505,0.16432936,0.16583052,0.16729678,0.16872631,0.17003115,0.17113121,0.17203653,0.17275721,0.17330335,0.17368503,0.17391221,0.17399506,0.17394365,0.17376801,0.17347823,0.17308441,0.17259657,0.17202477,0.17137918,0.17066976,0.16990662,0.16909988,0.16825958,0.16739573,0.16651848,0.16563787,0.16476394,0.16390683,0.16307656,0.16228324,0.1615369,0.16084765,0.16022556,0.15968063,0.159223,0.15886272,0.15857345,0.15832092,0.15810327,0.15791872,0.15776552,0.15764183,0.15754579,0.15747564,0.15742959,0.15740584,0.15740252,0.15741785,0.15745008,0.15749732,0.15755783
0.10879806,0.108411945,0.10808722,0.10783358,0.10766073,0.10757833,0.10759611,0.10772372,0.10797091,0.10834732,0.10886267,0.10952665,0.110348955,0.111339286,0.11250731,0.11386273,0.11541527,0.11707758,0.11875493,0.120445736,0.12214845,0.12386152,0.12558338,0.12731251,0.1290473,0.13078627,0.13252781,0.13427038,0.13601245,0.13775244,0.1394888,0.14121997,0.14294446,0.1446606,0.14636698,0.1480619,0.1497439,0.1514114,0.1530629,0.15469672,0.15631141,0.15790538,0.15947714,0.16102503,0.16254757,0.1640432,0.16551033,0.16694745,0.16835298,0.1696404,0.17073077,0.1716337,0.17235895,0.17291617,0.17331508,0.17356537,0.17367668,0.17365879,0.17352135,0.17327403,0.17292655,0.1724886,0.1719699,0.17138009,0.1707289,0.17002602,0.1692811,0.16850391,0.1677041,0.16689134,0.16607536,0.16526584,0.1644725,0.16370496,0.16297302,0.16228627,0.16165449,0.16108729,0.16059443,0.16018556,0.15987039,0.15962161,0.15940446,0.15921725,0.1590586,0.1589268,0.15882042,0.15873785,0.15867753,0.15863791,0.1586175,0.15861462,0.15862781,0.15865551,0.15869616,0.15874821
0.1107889,0.11041809,0.11010622,0.10986262,0.1096966,0.10961746,0.10963451,0.10975711,0.10999451,0.11035601,0.110850975,0.111488655,0.1122784,0.11322951,0.1143513,0.11565306,0.117144115,0.11873963,0.120347664,0.12196696,0.1235962,0.1252341,0.12687935,0.1285306,0.13018668,0.13184617,0.13350785,0.1351704,0.1368325,0.13849288,0.14015022,0.14180326,0.14345065,0.14509115,0.14672339,0.14834619,0.14995809,0.1515579,0.15314436,0.15471609,0.1562718,0.15781024,0.15933004,0.16082996,0.16230872,0.16376495,0.16519745,0.16660483,0.16798583,0.16925547,0.17033583,0.17123616,0.17196587,0.17253417,0.17295048,0.17322399,0.17336409,0.17338002,0.17328118,0.17307685,0.1727763,0.17238888,0.17192383,0.17139058,0.17079832,0.17015645,0.16947418,0.16876093,0.16802594,0.16727851,0.16652802,0.16578373,0.16505495,0.16435099,0.16368115,0.16305478,0.16248116,0.1619696,0.1615294,0.1611699,0.16090038,0.16069257,0.16051117,0.16035484,0.16022228,0.1601122,0.16002336,0.15995437,0.15990399,0.1598709,0.15985383,0.15985145,0.15986247,0.15988563,0.15991956,0.15996304
0.11281268,0.112457335,0.11215848,0.11192505,0.111765966,0.11169014,0.111706465,0.111823946,0.11205143,0.11239787,0.11287217,0.113483265,0.11424006,0.11515149,0.116226465,0.117473945,0.11890279,0.12043068,0.12196861,0.12351556,0.12507045,0.12663232,0.12820005,0.12977263,0.13134903,0.1329282,0.13450909,0.13609068,0.13767193,0.13925178,0.14082922,0.14240319,0.14397264,0.14553654,0.14709389,0.14864361,0.15018466,0.15171601,0.15323663,0.15474549,0.1562415,0.15772367,0.15919094,0.16064225,0.16207662,0.16349296,0.16489027,0.16626745,0.16762355,0.16887505,0.16994514,0.17084278,0.17157683,0.17215627,0.17258999,0.17288692,0.17305602,0.17310613,0.1730462,0.17288524,0.17263204,0.17229557,0.17188478,0.17140855,0.17087583,0.17029555,0.1696766,0.1690279,0.16835836,0.16767697,0.1669926,0.16631417,0.16565062,0.16501085,0.16440378,0.16383834,0.16332348,0.16286807,0.16248107,0.16217135,0.16194792,0.16178147,0.16163614,0.16151091,0.16140471,0.16131659,0.16124539,0.16119012,0.1611498,0.16112326,0.1611096,0.16110767,0.16111654,0.16113505,0.16116226,0.1611971
0.11486043,0.114520684,0.11423495,0.11401177,0.11385967,0.11378717,0.113802806,0.113915086,0.11413259,0.114463836,0.114917286,0.11550156,0.116225146,0.11709655,0.11812434,0.119317025,0.12068315,0.12214284,0.12361008,0.1250841,0.12656407,0.12804922,0.12953879,0.13103202,0.1325281,0.13402624,0.1355257,0.13702567,0.1385254,0.14002407,0.1415209,0.14301518,0.14450605,0.14599279,0.14747456,0.14895065,0.15042022,0.15188251,0.15333678,0.15478219,0.15621799,0.1576434,0.15905763,0.16045994,0.16184948,0.16322552,0.16458727,0.16593395,0.16726482,0.1684979,0.16955757,0.17045236,0.17119075,0.17178132,0.17223255,0.17255299,0.17275123,0.17283568,0.172815,0.1726976,0.17249209,0.17220697,0.17185076,0.17143199,0.1709592,0.17044097,0.16988571,0.16930206,0.16869853,0.16808358,0.16746584,0.16685376,0.16625586,0.16568074,0.1651369,0.16463286,0.16417713,0.16377829,0.1634448,0.16318528,0.16300818,0.16288336,0.16277435,0.16268048,0.1626008,0.1625347,0.16248134,0.16243985,0.1624096,0.16238974,0.16237949,0.16237803,0.16238467,0.16239855,0.16241896,0.16244507
0.11692315,0.1165991,0.11632654,0.11611366,0.115968585,0.11589942,0.11591433,0.11602146,0.11622891,0.11654483,0.11697741,0.117534675,0.118224844,0.119056016,0.12003638,0.121174,0.122477055,0.123868234,0.12526439,0.12666503,0.1280697,0.12947778,0.13088882,0.13230227,0.1337176,0.13513434,0.13655195,0.13796988,0.13938768,0.14080477,0.14222063,0.14363477,0.14504664,0.1464558,0.14786164,0.14926368,0.1506614,0.1520543,0.15344182,0.15482347,0.15619871,0.15756705,0.15892796,0.16028093,0.16162542,0.1629609,0.1642869,0.16560288,0.1669083,0.16812289,0.16917197,0.17006384,0.17080651,0.17140822,0.17187701,0.17222103,0.17244847,0.17256743,0.17258605,0.17251249,0.17235483,0.17212127,0.17181988,0.17145886,0.17104626,0.17059034,0.17009911,0.1695808,0.1690435,0.16849533,0.16794446,0.16739902,0.16686712,0.16635695,0.16587657,0.16543417,0.1650379,0.16469583,0.16441616,0.16420697,0.16407645,0.1639934,0.16392092,0.16385843,0.16380545,0.16376145,0.16372593,0.16369838,0.1636782,0.16366503,0.16365819,0.16365722,0.16366161,0.16367088,0.16368443,0.16370182
0.118991844,0.118683495,0.11842418,0.118221655,0.1180836,0.1180178,0.11803197,0.11813388,0.1183313,0.11863189,0.11904345,0.11957373,0.12023042,0.121021315,0.12195408,0.12303652,0.124276385,0.12559886,0.12692381,0.12825097,0.12958013,0.130911,0.13224334,0.13357684,0.1349113,0.13624643,0.13758202,0.1389178,0.14025344,0.14158879,0.1429235,0.14425738,0.14559014,0.14692149,0.14825124,0.14957912,0.15090483,0.15222815,0.15354882,0.15486655,0.15618111,0.15749225,0.15879974,0.16010326,0.16140257,0.16269742,0.16398753,0.16527273,0.16655265,0.1677486,0.16878714,0.16967607,0.17042302,0.17103583,0.17152219,0.17188986,0.17214656,0.17230004,0.17235808,0.17232838,0.17221868,0.17203674,0.17179027,0.17148706,0.1711348,0.17074125,0.1703142,0.16986133,0.16939035,0.1689091,0.16842526,0.16794656,0.16748078,0.16703562,0.16661888,0.16623826,0.16590148,0.16561632,0.16539049,0.1652318,0.1651479,0.1651067,0.16507071,0.16503975,0.16501343,0.16499163,0.16497402,0.16496034,0.16495036,0.1649438,0.1649404,0.16493994,0.16494213,0.1649467,0.16495346,0.16496205
0.121057585,0.12076492,0.1205188,0.12032656,0.12019554,0.1201331,0.120146565,0.12024329,0.12043065,0.120715946,0.12110656,0.1216098,0.122233056,0.12298366,0.12386896,0.124896295,0.12607302,0.12732686,0.12858066,0.12983443,0.13108818,0.13234188,0.13359557,0.13484927,0.13610293,0.13735655,0.13861021,0.13986383,0.14111748,0.14237112,0.1436248,0.14487846,0.14613216,0.14738587,0.14863959,0.14989334,0.15114711,0.15240099,0.15365484,0.15490875,0.15616271,0.15741672,0.1586708,0.15992492,0.16117911,0.16243334,0.16368768,0.16494207,0.16619657,0.16737394,0.16840196,0.16928789,0.17003919,0.17066309,0.171167,0.17155828,0.17184424,0.17203224,0.17212965,0.17214376,0.17208199,0.1719516,0.17176004,0.1715146,0.17122261,0.17089145,0.17052844,0.1701409,0.16973627,0.16932185,0.16890498,0.168493,0.16809325,0.16771308,0.16735987,0.16704097,0.16676366,0.16653533,0.16636334,0.16625504,0.16621774,0.16621837,0.1662189,0.16621937,0.16621979,0.1662201,0.16622035,0.16622059,0.16622074,0.16622081,0.16622087,0.16622087,0.16622083,0.16622077,0.16622068,0.16622055
0.12311129,0.1228343,0.1226013,0.122419335,0.12229533,0.122236215,0.12224896,0.12234056,0.12251786,0.12278793,0.123157665,0.12363404,0.124224,0.12493449,0.1257725,0.12674494,0.12785879,0.12904431,0.13022727,0.13140793,0.13258657,0.13376343,0.13493885,0.13611299,0.13728619,0.13845865,0.13963068,0.14080255,0.14197448,0.14314678,0.1443197,0.1454935,0.14666843,0.1478448,0.14902282,0.15020278,0.15138493,0.15256959,0.1537569,0.15494725,0.15614091,0.15733801,0.15853892,0.1597439,0.16095318,0.16216704,0.16338575,0.16460954,0.1658387,0.16699764,0.16801518,0.16889824,0.16965382,0.17028885,0.17081034,0.17122516,0.17154029,0.17176268,0.17189935,0.17195717,0.17194311,0.17186418,0.17172728,0.17153941,0.17130746,0.17103845,0.17073928,0.1704169,0.17007835,0.16973053,0.16938035,0.16903482,0.1687009,0.16838552,0.16809563,0.16783819,0.16762015,0.16744849,0.16733016,0.16727208,0.16728121,0.16732353,0.16736047,0.16739227,0.16741925,0.16744165,0.16745977,0.16747384,0.16748409,0.16749081,0.16749431,0.16749477,0.16749254,0.16748782,0.16748092,0.16747205
0.12514408,0.12488259,0.12466266,0.12449088,0.12437381,0.124318,0.12433006,0.12441648,0.124583885,0.12483883,0.12518784,0.12563755,0.12619445,0.12686512,0.12765618,0.12857413,0.12962559,0.13074328,0.1318559,0.13296399,0.13406807,0.13516869,0.1362663,0.13736148,0.13845477,0.13954665,0.14063768,0.14172834,0.14281918,0.14391069,0.14500345,0.14609796,0.14719473,0.14829427,0.14939712,0.15050381,0.15161487,0.1527308,0.15385215,0.15497942,0.15611315,0.15725382,0.15840198,0.15955819,0.16072296,0.16189675,0.16308013,0.16427362,0.16547777,0.16661845,0.16762565,0.16850597,0.1692659,0.16991206,0.17045097,0.17088923,0.17123342,0.17149006,0.17166574,0.17176703,0.17180048,0.17177263,0.17169009,0.17155942,0.17138717,0.1711799,0.17094418,0.17068659,0.1704137,0.17013201,0.16984819,0.16956869,0.16930018,0.16904913,0.16882217,0.16862585,0.16846675,0.16835135,0.16828634,0.16827822,0.16833353,0.16841729,0.16849038,0.16855341,0.16860683,0.1686512,0.16868702,0.1687148,0.1687351,0.16874847,0.16875534,0.16875632,0.16875187,0.16874254,0.16872884,0.16871133
0.12714691,0.12690075,0.12669376,0.12653206,0.12642187,0.12636934,0.12638068,0.12646203,0.12661959,0.12685956,0.12718809,0.12761137,0.1281356,0.12876691,0.12951152,0.13037556,0.13136528,0.13241586,0.1334589,0.13449518,0.13552547,0.13655056,0.13757125,0.13858832,0.13960251,0.1406146,0.14162542,0.1426357,0.14364624,0.14465785,0.14567128,0.14668725,0.14770666,0.14873019,0.14975867,0.15079288,0.1518336,0.15288155,0.15393756,0.15500242,0.15607691,0.15716177,0.15825781,0.15936582,0.16048656,0.16162081,0.16276933,0.16393293,0.16511239,0.16623516,0.16723228,0.16810992,0.1688743,0.16953152,0.17008789,0.17054947,0.17092246,0.17121305,0.17142747,0.17157184,0.17165238,0.17167524,0.17164661,0.17157263,0.17145954,0.1713135,0.17114066,0.17094722,0.1707394,0.1705233,0.17030516,0.17009114,0.16988742,0.16970019,0.16953558,0.16939984,0.1692991,0.16923957,0.16922739,0.16926877,0.16936989,0.16949475,0.16960378,0.16969772,0.16977738,0.16984348,0.16989689,0.16993837,0.16996862,0.16998848,0.16999875,0.17000017,0.16999355,0.16997965,0.16995923,0.16993314
0.12911081,0.1288798,0.12868552,0.12853378,0.12843037,0.12838104,0.1283917,0.12846807,0.12861596,0.12884113,0.12914947,0.12954673,0.1300387,0.13063118,0.13133,0.13214089,0.13306975,0.13405414,0.13502856,0.13599399,0.13695152,0.13790214,0.13884692,0.13978688,0.14072305,0.14165646,0.14258815,0.14351915,0.14445049,0.14538321,0.14631833,0.14725691,0.14819998,0.14914854,0.15010366,0.15106635,0.15203767,0.1530186,0.15401025,0.15501355,0.1560297,0.15705952,0.15810421,0.15916474,0.16024216,0.16133748,0.16245174,0.163586,0.16474128,0.16584651,0.1668338,0.16770898,0.16847786,0.16914622,0.16971983,0.17020455,0.17060615,0.1709304,0.17118317,0.17137018,0.17149727,0.17157023,0.17159486,0.17157696,0.17152236,0.17143679,0.17132613,0.1711961,0.17105258,0.17090128,0.1707481,0.17059875,0.17045909,0.17033486,0.17023194,0.17015602,0.170113,0.17010865,0.17014876,0.1702391,0.17038555,0.17055108,0.1706956,0.17082012,0.17092572,0.17101339,0.17108418,0.17113914,0.17117925,0.17120562,0.17121923,0.17122114,0.17121233,0.17119388,0.17116687,0.17113222
0.13102677,0.13081066,0.1306289,0.13048692,0.13039017,0.13034406,0.13035399,0.13042542,0.1305638,0.1307745,0.13106297,0.13143465,0.13189493,0.13244925,0.13310309,0.13386178,0.13473083,0.13565019,0.13655715,0.13745299,0.13833897,0.13921641,0.14008655,0.14095071,0.14181018,0.14266619,0.14352007,0.14437309,0.14522658,0.14608175,0.14693992,0.14780234,0.14867036,0.14954524,0.15042824,0.15132062,0.15222377,0.15313885,0.1540672,0.1550101,0.15596884,0.15694474,0.15793902,0.15895298,0.15998793,0.16104509,0.16212584,0.16323142,0.16436307,0.16545127,0.1664291,0.16730207,0.16807553,0.16875497,0.1693458,0.16985342,0.17028326,0.17064074,0.17093131,0.17116041,0.17133346,0.17145585,0.17153302,0.17157038,0.17157342,0.17154746,0.17149805,0.17143053,0.17135036,0.1712629,0.17117369,0.1710881,0.17101154,0.17094944,0.17090726,0.17089036,0.17090423,0.17095426,0.17104588,0.17118458,0.17137568,0.17158136,0.17176089,0.1719156,0.1720468,0.17215572,0.17224371,0.17231198,0.17236184,0.17239457,0.17241143,0.1724138,0.17240292,0.17238002,0.17234643,0.17230341
0.13288589,0.13268432,0.13251479,0.13238238,0.13229214,0.13224913,0.13225837,0.13232504,0.13245408,0.1326506,0.13291962,0.13326627,0.13369554,0.13421254,0.13482231,0.13552988,0.1363404,0.13719611,0.13803704,0.13886468,0.13968062,0.14048631,0.1412834,0.14207327,0.14285758,0.14363778,0.14441545,0.14519209,0.14596923,0.14674844,0.1475312,0.14831905,0.14911355,0.14991622,0.15072857,0.15155214,0.15238845,0.1532391,0.15410553,0.1549893,0.15589195,0.15681502,0.15776004,0.15872851,0.15972197,0.160742,0.16179006,0.1628677,0.16397648,0.1650482,0.16601701,0.16688797,0.16766618,0.16835669,0.16896455,0.16949482,0.16995256,0.17034279,0.17067067,0.17094116,0.17115937,0.17133033,0.17145915,0.17155086,0.17161049,0.17164315,0.1716539,0.17164777,0.17162983,0.17160514,0.17157876,0.17155574,0.17154118,0.1715401,0.17155762,0.17159869,0.17166846,0.171772,0.17191431,0.17210042,0.17233552,0.17258069,0.1727947,0.17297912,0.17313549,0.17326534,0.17337018,0.17345159,0.173511,0.17355002,0.17357017,0.17357302,0.17356001,0.17353268,0.17349266,0.17344135
0.1346791,0.13449173,0.13433416,0.13421105,0.13412715,0.1340872,0.1340958,0.13415776,0.1342777,0.13446037,0.13471045,0.1350327,0.13543172,0.13591233,0.13647915,0.1371369,0.13789034,0.13868397,0.13946047,0.14022166,0.14096922,0.14170498,0.14243063,0.14314808,0.14385903,0.14456522,0.14526846,0.14597055,0.1466732,0.14737824,0.14808738,0.14880246,0.14952523,0.15025742,0.15100084,0.15175724,0.15252843,0.15331621,0.15412228,0.15494841,0.15579642,0.15666805,0.15756509,0.1584893,0.15944247,0.16042638,0.16144277,0.16249344,0.16358012,0.16463606,0.1655963,0.16646563,0.16724876,0.16795032,0.16857502,0.16912761,0.16961281,0.17003526,0.17039971,0.17071085,0.17097332,0.17119196,0.17137137,0.1715163,0.17163144,0.17172147,0.17179114,0.17184512,0.17188811,0.17192486,0.17196003,0.17199832,0.17204444,0.17210314,0.17217904,0.17227696,0.17240147,0.1725574,0.17274936,0.1729821,0.17326029,0.17354418,0.173792,0.17400561,0.17418669,0.17433709,0.17445846,0.17455271,0.17462155,0.17466675,0.1746901,0.17469335,0.17467825,0.17464665,0.17460027,0.17454089
0.13639745,0.13622388,0.13607787,0.13596383,0.13588612,0.13584909,0.13585708,0.13591444,0.13602558,0.1361948,0.1364265,0.13672502,0.13709474,0.13753995,0.1380651,0.1386745,0.13937248,0.14010587,0.14081982,0.14151636,0.14219752,0.14286524,0.14352159,0.14416859,0.1448082,0.14544246,0.14607339,0.14670296,0.1473332,0.14796612,0.14860375,0.14924802,0.14990105,0.15056479,0.15124123,0.1519324,0.15264036,0.15336703,0.15411447,0.15488467,0.15567966,0.15650144,0.15735202,0.1582334,0.15914762,0.16009663,0.16108249,0.1621072,0.16317274,0.16421363,0.16516592,0.16603391,0.16682206,0.16753465,0.16817604,0.16875066,0.16926277,0.16971676,0.17011707,0.17046793,0.17077376,0.17103893,0.17126782,0.17146468,0.17163399,0.17178008,0.17190723,0.17201985,0.17212234,0.17221901,0.17231421,0.17241234,0.1725177,0.17263469,0.1727677,0.17292103,0.17309901,0.17330611,0.17354657,0.17382485,0.17414518,0.174467,0.17474791,0.17499,0.1751953,0.17536572,0.17550334,0.17561018,0.17568818,0.17573944,0.17576589,0.17576957,0.17575248,0.17571665,0.17566411,0.17559679
0.13803196,0.1378717,0.1377369,0.1376316,0.13755985,0.13752566,0.13753301,0.137586,0.13768865,0.13784486,0.13805877,0.13833441,0.13867575,0.13908683,0.13957164,0.14013429,0.14077874,0.14145383,0.14210732,0.1427414,0.14335826,0.14396022,0.14454949,0.14512828,0.14569889,0.1462635,0.14682439,0.1473838,0.14794396,0.14850707,0.14907545,0.14965126,0.15023679,0.15083425,0.15144591,0.15207401,0.15272073,0.15338841,0.1540792,0.1547954,0.15553921,0.15631287,0.15711865,0.15795878,0.15883552,0.15975103,0.16070761,0.1617075,0.16275296,0.16377965,0.16472456,0.16559167,0.16638501,0.16710863,0.16776651,0.16836269,0.16890122,0.16938606,0.16982132,0.17021097,0.17055902,0.17086956,0.17114653,0.17139399,0.17161597,0.17181653,0.1719996,0.17216933,0.1723296,0.17248455,0.17263812,0.17279439,0.17295736,0.17313108,0.17331956,0.1735268,0.17375685,0.17401369,0.1743014,0.174624,0.17498545,0.1753442,0.1756574,0.17592731,0.17615616,0.17634617,0.17649959,0.17661865,0.17670567,0.17676276,0.17679226,0.17679636,0.17677733,0.17673741,0.17667878,0.17660376
0.13957365,0.13942616,0.13930216,0.13920526,0.13913926,0.13910776,0.13911457,0.13916333,0.13925771,0.13940148,0.1395983,0.13985191,0.14016595,0.1405442,0.1409903,0.141508,0.14210095,0.14272006,0.14331533,0.14388922,0.14444427,0.14498289,0.14550753,0.14602067,0.14652477,0.14702234,0.14751576,0.14800753,0.14850014,0.14899604,0.1494977,0.15000755,0.15052812,0.15106177,0.15161109,0.1521784,0.15276629,0.15337718,0.15401354,0.15467781,0.15537244,0.15609998,0.15686281,0.15766343,0.15850428,0.15938784,0.16031659,0.161293,0.16231945,0.16333295,0.16427115,0.16513777,0.16593653,0.16667113,0.16734526,0.16796263,0.16852687,0.16904183,0.16951111,0.1699384,0.17032748,0.17068197,0.17100565,0.17130212,0.17157522,0.17182851,0.1720658,0.17229071,0.172507,0.17271835,0.17292847,0.17314109,0.17335981,0.17358844,0.17383067,0.17409016,0.1743706,0.17467576,0.17500927,0.17537493,0.1757763,0.17617096,0.1765155,0.17681243,0.17706415,0.17727318,0.17744198,0.177573,0.17766866,0.1777315,0.17776394,0.17776845,0.17774752,0.17770357,0.1776391,0.17755654
0.1410135,0.14087828,0.14076455,0.14067572,0.14061518,0.1405863,0.14059256,0.14063725,0.14072382,0.14085561,0.14103612,0.14126867,0.14155665,0.14190352,0.14231257,0.14278726,0.14333099,0.14389654,0.14443612,0.1449525,0.14544831,0.14592624,0.146389,0.14683923,0.14727964,0.1477129,0.1481417,0.14856869,0.14899658,0.14942804,0.14986576,0.15031244,0.15077072,0.1512433,0.15173283,0.15224208,0.15277363,0.15333019,0.15391453,0.15452917,0.15517692,0.15586038,0.15658231,0.15734532,0.15815215,0.15900546,0.15990788,0.16086215,0.16187094,0.16287224,0.16380452,0.16467114,0.16547552,0.16622105,0.16691115,0.16754922,0.16813861,0.16868275,0.16918503,0.16964878,0.17007749,0.17047453,0.17084326,0.17118707,0.17150943,0.17181364,0.17210318,0.1723814,0.1726517,0.17291743,0.17318206,0.17344896,0.17372152,0.17400311,0.17429715,0.17460704,0.17493616,0.17528795,0.1756657,0.17607291,0.17651294,0.17694236,0.17731728,0.17764033,0.17791422,0.17814167,0.1783253,0.17846787,0.178572,0.17864035,0.17867565,0.17868054,0.17865777,0.17860997,0.17853981,0.17844997
0.14234258,0.14221899,0.14211504,0.14203385,0.1419785,0.14195214,0.14195783,0.1419987,0.14207782,0.1421983,0.14236328,0.1425758,0.14283901,0.143156,0.1435299,0.14396377,0.14446072,0.14497535,0.145462,0.14592363,0.14636311,0.14678328,0.14718711,0.14757743,0.14795718,0.14832917,0.1486964,0.14906165,0.1494279,0.149798,0.15017486,0.15056133,0.15096033,0.15137473,0.15180746,0.15226136,0.15273935,0.15324432,0.15377918,0.15434678,0.15495001,0.15559179,0.156275,0.15700252,0.15777723,0.15860206,0.15947986,0.1604136,0.16140604,0.16239627,0.16332339,0.16419055,0.16500083,0.16575733,0.16646312,0.16712134,0.16773513,0.1683075,0.16884162,0.16934057,0.16980746,0.1702454,0.1706575,0.17104682,0.17141649,0.17176959,0.17210925,0.17243862,0.17276071,0.17307866,0.1733956,0.17371462,0.17403875,0.1743712,0.17471504,0.17507331,0.17544919,0.17584577,0.1762661,0.17671336,0.17719059,0.1776535,0.17805766,0.17840593,0.17870122,0.17894642,0.17914443,0.17929806,0.17941031,0.17948402,0.17952205,0.17952736,0.17950277,0.17945123,0.17937563,0.1792788
0.14355184,0.14343925,0.14334454,0.14327054,0.14322013,0.14319609,0.14320125,0.14323848,0.1433106,0.14342038,0.14357074,0.14376439,0.14400426,0.14429311,0.14463381,0.14502917,0.14548203,0.14594862,0.1463853,0.14679523,0.14718144,0.14754704,0.14789511,0.14822876,0.14855109,0.14886518,0.1491741,0.149481,0.14978889,0.1501009,0.15042013,0.1507497,0.1510926,0.15145206,0.15183103,0.1522327,0.1526601,0.1531164,0.15360458,0.15412784,0.15468921,0.15529178,0.15593868,0.15663294,0.15737769,0.15817603,0.15903106,0.15994583,0.16092344,0.16190383,0.16282675,0.16369495,0.16451138,0.16527876,0.16599996,0.16667783,0.16731516,0.16791478,0.16847952,0.16901225,0.16951576,0.16999286,0.1704464,0.17087924,0.17129412,0.17169397,0.17208154,0.17245972,0.17283122,0.17319904,0.17356586,0.1739346,0.17430802,0.174689,0.17508036,0.17548493,0.17590547,0.17634489,0.17680596,0.17729154,0.17780447,0.17829953,0.17873177,0.17910425,0.17942004,0.17968225,0.17989399,0.18005833,0.18017837,0.18025719,0.18029788,0.18030354,0.18027729,0.18022215,0.18014127,0.18003774
0.14463238,0.14453004,0.14444393,0.14437668,0.14433086,0.14430901,0.14431372,0.14434756,0.14441311,0.1445129,0.14464954,0.14482558,0.14504355,0.14530614,0.14561582,0.14597517,0.14638679,0.14680842,0.14719832,0.14755978,0.14789604,0.14821047,0.14850627,0.14878672,0.14905517,0.14931485,0.14956908,0.1498211,0.15007423,0.15033174,0.15059687,0.15087296,0.1511633,0.15147117,0.15179977,0.15215246,0.15253252,0.15294324,0.15338783,0.15386964,0.15439194,0.15495804,0.15557113,0.1562346,0.15695168,0.15772568,0.15855984,0.15945745,0.16042183,0.16139369,0.16231331,0.16318323,0.16400601,0.1647843,0.16552056,0.16621745,0.16687748,0.16750327,0.16809739,0.16866234,0.16920072,0.16971517,0.17020814,0.1706823,0.1711402,0.17158438,0.17201738,0.17244187,0.17286037,0.17327541,0.17368962,0.17410551,0.1745257,0.17495275,0.17538919,0.17583768,0.17630067,0.17678085,0.17728068,0.1778028,0.1783498,0.17887557,0.1793346,0.17973018,0.18006556,0.18034405,0.18056889,0.18074343,0.1808709,0.1809546,0.18099783,0.18100388,0.18097594,0.18091741,0.18083149,0.18072154
0.14557521,0.1454823,0.1454042,0.14534318,0.14530163,0.14528182,0.14528607,0.14531676,0.14537622,0.14546677,0.14559074,0.14575043,0.14594819,0.14618643,0.14646736,0.1467934,0.14716682,0.14754681,0.14789334,0.14820983,0.14849974,0.14876658,0.14901377,0.1492448,0.1494631,0.1496722,0.1498755,0.15007651,0.15027866,0.15048543,0.15070029,0.15092671,0.15116811,0.15142801,0.15170984,0.15201709,0.15235323,0.1527217,0.15312594,0.15356946,0.15405571,0.15458818,0.15517029,0.15580553,0.15649736,0.15724924,0.15806466,0.15894705,0.15989986,0.1608646,0.16178195,0.16265418,0.16348371,0.1642728,0.16502382,0.16573909,0.16642095,0.16707167,0.16769372,0.16828929,0.1688608,0.16941053,0.16994081,0.17045403,0.17095244,0.17143847,0.17191435,0.17238247,0.17284517,0.17330477,0.17376356,0.17422393,0.17468815,0.17515863,0.17563763,0.17612751,0.17663063,0.17714927,0.17768581,0.17824253,0.17882176,0.17937672,0.17986119,0.18027867,0.18063265,0.18092655,0.18116392,0.18134812,0.18148267,0.181571,0.18161663,0.18162298,0.18159354,0.18153173,0.1814411,0.18132503
0.14637123,0.14628705,0.14621626,0.14616093,0.14612326,0.1461053,0.14610918,0.14613698,0.1461909,0.14627296,0.14638531,0.14653009,0.1467094,0.14692532,0.14717999,0.1474755,0.147814,0.14815591,0.14846265,0.14873789,0.14898527,0.1492084,0.1494109,0.14959647,0.14976867,0.14993116,0.15008764,0.15024166,0.1503969,0.15055698,0.15072556,0.15090625,0.15110269,0.15131854,0.15155743,0.15182297,0.15211882,0.15244861,0.15281598,0.15322454,0.15367794,0.15417987,0.15473388,0.1553437,0.15601288,0.15674508,0.15754396,0.15841313,0.15935624,0.16031535,0.16123149,0.16210675,0.16294329,0.16374318,0.16450857,0.16524155,0.1659442,0.1666187,0.16726716,0.16789164,0.16849427,0.16907719,0.1696425,0.17019227,0.17072871,0.17125387,0.17176986,0.17227878,0.17278281,0.17328401,0.17378451,0.17428641,0.17479181,0.1753029,0.17582169,0.17635038,0.17689103,0.17744575,0.17801669,0.17860596,0.17921562,0.17979804,0.18030654,0.18074472,0.18111624,0.18142472,0.18167381,0.18186717,0.18200834,0.18210109,0.18214898,0.18215564,0.18212472,0.18205985,0.18196473,0.1818429
0.14701158,0.14693521,0.146871,0.14682084,0.14678665,0.14677036,0.14677386,0.14679912,0.146848,0.14692244,0.14702435,0.14715566,0.1473183,0.14751416,0.14774515,0.1480132,0.14832024,0.14862777,0.14889865,0.14913657,0.1493454,0.14952894,0.14969093,0.14983521,0.14996555,0.15008578,0.15019967,0.15031105,0.15042368,0.15054138,0.1506679,0.15080714,0.1509628,0.15113874,0.1513387,0.15156649,0.15182596,0.15212084,0.15245496,0.15283215,0.15325613,0.15373075,0.1542598,0.15484706,0.15549634,0.15621145,0.15699616,0.15785427,0.15878962,0.15974468,0.16066076,0.1615398,0.16238369,0.16319434,0.16397369,0.16472363,0.16544612,0.16614303,0.16681631,0.16746786,0.16809958,0.16871342,0.16931127,0.16989511,0.17046678,0.17102821,0.17158136,0.17212811,0.17267038,0.1732101,0.17374918,0.17428955,0.1748331,0.17538176,0.17593746,0.1765021,0.17707762,0.17766589,0.17826886,0.17888844,0.1795266,0.18013474,0.1806657,0.18112327,0.1815112,0.1818333,0.1820934,0.18229528,0.18244272,0.18253957,0.18258956,0.18259652,0.18256421,0.18249653,0.18239716,0.18226996
0.14748722,0.14741778,0.14735939,0.14731374,0.14728266,0.14726786,0.14727105,0.147294,0.14733844,0.14740616,0.14749885,0.14761828,0.14776616,0.14794427,0.14815436,0.14839813,0.14867738,0.14895453,0.14919354,0.14939833,0.14957288,0.14972115,0.14984703,0.14995451,0.15004747,0.15012996,0.15020587,0.15027913,0.1503537,0.15043356,0.15052259,0.15062481,0.15074411,0.15088446,0.15104982,0.15124409,0.15147126,0.15173526,0.15204003,0.1523895,0.15278769,0.15323848,0.15374584,0.15431367,0.15494597,0.15564667,0.15641972,0.15726908,0.15819864,0.15915136,0.16006862,0.16095218,0.16180375,0.16262515,0.16341807,0.16418421,0.16492538,0.1656433,0.16633977,0.16701642,0.16767508,0.16831747,0.16894531,0.1695604,0.17016442,0.17075913,0.17134632,0.17192769,0.17250499,0.17307997,0.17365435,0.17422992,0.17480837,0.17539148,0.17598097,0.17657863,0.17718613,0.17780524,0.17843777,0.17908539,0.17974986,0.18038188,0.18093368,0.18140922,0.18181236,0.18214718,0.18241744,0.18262726,0.18278049,0.18288113,0.18293309,0.18294032,0.18290679,0.18283641,0.18273313,0.18260096
0.14778918,0.1477257,0.14767231,0.14763057,0.14760217,0.14758861,0.14759156,0.14761253,0.14765318,0.14771506,0.14779983,0.147909,0.1480442,0.14820704,0.1483991,0.14862199,0.1488773,0.14912823,0.14933965,0.14951575,0.14966051,0.14977805,0.1498725,0.14994784,0.15000822,0.15005773,0.15010042,0.1501404,0.15018171,0.15022849,0.15028481,0.15035473,0.15044235,0.1505517,0.15068696,0.15085213,0.15105137,0.15128866,0.1515682,0.15189396,0.15227011,0.15270068,0.15318978,0.15374151,0.1543599,0.15504904,0.15581308,0.15665606,0.15758203,0.15853415,0.15945385,0.16034274,0.16120245,0.16203447,0.16284047,0.16362207,0.1643808,0.16511828,0.1658361,0.16653585,0.16721912,0.16788754,0.16854267,0.1691861,0.16981944,0.1704443,0.1710622,0.17167483,0.17228377,0.17289051,0.17349678,0.17410406,0.17471404,0.17532824,0.1759483,0.17657584,0.17721234,0.17785949,0.17851888,0.17919208,0.17988066,0.18053462,0.18110555,0.18159755,0.18201469,0.18236108,0.18264075,0.18285784,0.18301642,0.1831205,0.1831743,0.18318178,0.18314706,0.18307427,0.1829674,0.18283063
0.1479085,0.14784995,0.14780071,0.14776225,0.14773604,0.14772356,0.14772625,0.1477456,0.14778307,0.14784016,0.14791828,0.14801897,0.14814365,0.14829381,0.1484709,0.14867643,0.14891182,0.14914091,0.14932935,0.14948131,0.14960103,0.1496927,0.14976051,0.14980872,0.14984147,0.14986302,0.14987758,0.1498893,0.14990245,0.1499212,0.14994976,0.14999235,0.15005314,0.1501364,0.1502463,0.15038705,0.15056287,0.15077794,0.15103647,0.15134272,0.15170082,0.15211502,0.15258951,0.15312853,0.15373625,0.1544169,0.15517466,0.15601379,0.15693843,0.15789182,0.15881534,0.15971042,0.16057858,0.16142125,0.16223991,0.16303605,0.16381113,0.16456659,0.16530393,0.16602463,0.16673012,0.16742189,0.16810144,0.1687702,0.16942964,0.17008124,0.17072651,0.17136684,0.17200375,0.17263871,0.17327318,0.17390862,0.17454651,0.17518832,0.17583553,0.17648959,0.17715198,0.17782417,0.17850761,0.17920381,0.1799142,0.18058804,0.1811763,0.18168326,0.18211305,0.18246995,0.18275812,0.1829818,0.18314518,0.18325245,0.18330786,0.18331555,0.1832798,0.18320476,0.18309468,0.18295375
0.14783761,0.14778268,0.14773649,0.14770043,0.14767586,0.14766413,0.14766665,0.14768483,0.14771998,0.1477735,0.1478468,0.14794123,0.14805816,0.148199,0.14836511,0.14855789,0.1487787,0.1489917,0.14916302,0.14929701,0.14939792,0.14947012,0.1495179,0.14954555,0.14955743,0.14955777,0.14955091,0.14954118,0.14953296,0.14953041,0.14953795,0.14955989,0.14960046,0.14966401,0.14975488,0.14987737,0.15003577,0.15023437,0.15047759,0.1507696,0.15111482,0.15151745,0.15198192,0.15251245,0.15311341,0.15378906,0.15454371,0.15538174,0.15630741,0.15726388,0.15819229,0.15909407,0.15997055,0.16082315,0.1616532,0.16246217,0.16325139,0.16402219,0.16477601,0.16551414,0.1662381,0.16694918,0.16764875,0.16833825,0.16901898,0.16969235,0.17035976,0.17102258,0.17168221,0.17233993,0.17299725,0.1736555,0.17431605,0.1749802,0.17564948,0.17632517,0.17700866,0.17770135,0.17840458,0.1791198,0.17984834,0.18053873,0.18114148,0.18166089,0.18210126,0.18246697,0.18276219,0.18299139,0.18315879,0.18326868,0.18332545,0.18333334,0.18329673,0.18321984,0.18310705,0.18296267
0.1475811,0.14752828,0.14748386,0.14744917,0.1474255,0.14741422,0.14741665,0.1474341,0.14746793,0.14751944,0.14758992,0.14768074,0.14779325,0.14792871,0.14808849,0.14827389,0.14848627,0.14868991,0.14885111,0.1489743,0.1490639,0.14912422,0.14915967,0.14917465,0.14917356,0.14916073,0.14914064,0.14911757,0.14909603,0.14908032,0.1490748,0.14908394,0.14911209,0.14916362,0.14924297,0.14935446,0.14950252,0.14969152,0.14992586,0.1502099,0.15054809,0.15094477,0.15140432,0.1519311,0.1525296,0.15320408,0.15395904,0.1547988,0.15572776,0.15668888,0.15762301,0.15853152,0.15941574,0.16027696,0.16111654,0.16193573,0.16273594,0.16351849,0.1642847,0.16503586,0.16577335,0.16649842,0.16721243,0.16791676,0.16861267,0.16930151,0.16998462,0.1706633,0.17133887,0.17201267,0.17268606,0.1733603,0.1740368,0.1747168,0.17540164,0.1760927,0.17679128,0.17749867,0.17821626,0.17894532,0.17968722,0.18038987,0.18100332,0.181532,0.1819802,0.1823524,0.1826529,0.18288612,0.18305646,0.18316837,0.18322612,0.18323418,0.1831969,0.18311866,0.18300384,0.18285687
0.14714807,0.14709587,0.14705198,0.1470177,0.14699435,0.14698319,0.14698562,0.14700288,0.14703625,0.14708713,0.14715679,0.14724655,0.14735766,0.1474915,0.14764935,0.14783254,0.14804238,0.14824301,0.14840075,0.14852004,0.1486053,0.14866099,0.14869149,0.14870133,0.14869481,0.14867654,0.14865084,0.14862218,0.14859498,0.14857376,0.14856282,0.14856671,0.14858983,0.14863662,0.14871153,0.14881897,0.14896339,0.14914924,0.14938098,0.14966302,0.14999974,0.15039568,0.15085523,0.15138283,0.15198292,0.15265994,0.15341832,0.1542625,0.15519693,0.15616423,0.15710486,0.15802017,0.15891148,0.15978006,0.16062725,0.16145436,0.16226266,0.16305357,0.16382824,0.16458814,0.16533439,0.16606854,0.16679169,0.16750526,0.16821054,0.16890882,0.16960143,0.17028965,0.17097482,0.17165826,0.1723413,0.17302519,0.17371121,0.17440078,0.17509513,0.1757956,0.17650348,0.17722012,0.17794678,0.17868477,0.17943549,0.18014634,0.18076694,0.18130174,0.18175519,0.18213171,0.1824357,0.18267168,0.18284403,0.18295723,0.18301566,0.18302378,0.18298605,0.18290691,0.18279077,0.1826421
0.14654763,0.14649473,0.14645019,0.1464154,0.14639172,0.14638042,0.14638285,0.14640035,0.14643425,0.14648585,0.1465565,0.14664751,0.14676026,0.146896,0.14705616,0.14724198,0.14745483,0.14765854,0.14781915,0.14794098,0.14802863,0.14808652,0.14811906,0.14813079,0.14812617,0.1481096,0.14808561,0.14805867,0.14803319,0.1480136,0.14800455,0.14801031,0.14803544,0.1480844,0.14816162,0.14827156,0.14841875,0.1486076,0.14884257,0.14912817,0.14946881,0.14986901,0.15033321,0.15086587,0.15147147,0.15215445,0.15291929,0.15377048,0.15471242,0.1556873,0.15663518,0.15755735,0.1584552,0.15932995,0.16018303,0.16101572,0.16182937,0.1626253,0.16340485,0.16416934,0.1649201,0.16565841,0.16638571,0.16710322,0.16781232,0.16851439,0.16921064,0.16990244,0.1705912,0.17127816,0.17196469,0.1726521,0.17334169,0.1740349,0.17473291,0.17543715,0.17614892,0.17686954,0.17760035,0.1783427,0.17909786,0.17981301,0.1804374,0.18097542,0.18143164,0.18181042,0.1821163,0.1823537,0.18252708,0.18264094,0.18269973,0.18270792,0.18266997,0.18259032,0.18247348,0.1823239
0.14578898,0.14573397,0.14568773,0.14565162,0.14562699,0.14561526,0.14561778,0.14563595,0.14567116,0.14572477,0.14579819,0.14589278,0.14600985,0.14615095,0.14631729,0.14651038,0.1467315,0.14694406,0.1471134,0.14724398,0.14734031,0.14740689,0.14744811,0.14746845,0.14747246,0.14746451,0.14744914,0.14743076,0.14741391,0.14740297,0.14740248,0.1474169,0.14745067,0.14750828,0.1475942,0.1477129,0.14786881,0.14806648,0.14831029,0.14860478,0.14895436,0.14936353,0.14983676,0.15037856,0.15099329,0.15168554,0.15245968,0.15332025,0.15427168,0.15525557,0.15621136,0.15714042,0.15804422,0.15892409,0.15978137,0.16061752,0.16143386,0.16223179,0.16301273,0.16377796,0.16452897,0.16526708,0.16599369,0.16671017,0.16741788,0.16811825,0.16881263,0.16950244,0.170189,0.17087375,0.17155801,0.17224318,0.17293066,0.17362182,0.17431805,0.17502074,0.17573121,0.17645095,0.17718123,0.17792346,0.17867905,0.17939487,0.18001983,0.18055832,0.18101491,0.18139404,0.18170017,0.1819378,0.18211134,0.18222527,0.18228415,0.18229236,0.18225436,0.18217464,0.1820577,0.181908
0.1448812,0.1448229,0.1447739,0.14473556,0.14470948,0.14469706,0.14469975,0.14471902,0.1447563,0.14481315,0.14489098,0.14499119,0.14511533,0.14526485,0.14544117,0.14564583,0.1458802,0.14610696,0.14629067,0.14643581,0.1465468,0.14662817,0.14668426,0.1467196,0.14673859,0.14674573,0.14674547,0.14674221,0.14674045,0.1467446,0.14675918,0.14678855,0.14683725,0.14690967,0.14701033,0.14714356,0.14731397,0.14752586,0.14778377,0.14809212,0.14845538,0.148878,0.14936443,0.14991911,0.1505465,0.15125106,0.15203722,0.15290946,0.1538722,0.15486631,0.15583071,0.15676674,0.15767598,0.15855987,0.15941983,0.1602574,0.16107394,0.16187099,0.16264997,0.1634124,0.16415973,0.16489334,0.16561481,0.16632551,0.16702694,0.1677206,0.16840789,0.16909029,0.16976933,0.17044638,0.17112295,0.17180048,0.17248048,0.17316432,0.17385358,0.17454964,0.17525402,0.17596816,0.1766935,0.17743154,0.1781837,0.17889668,0.17951919,0.18005559,0.1805104,0.18088804,0.18119296,0.18142964,0.18160251,0.18171602,0.18177463,0.18178283,0.18174496,0.18166555,0.1815491,0.18139997
0.14383343,0.14377068,0.1437179,0.14367671,0.14364856,0.14363523,0.14363809,0.14365886,0.14369902,0.14376017,0.14384393,0.14395182,0.14408547,0.14424638,0.14443621,0.14465645,0.14490876,0.14515477,0.14535816,0.14552327,0.14565454,0.1457564,0.14583322,0.14588945,0.1459295,0.14595777,0.1459787,0.1459967,0.14601614,0.1460415,0.14607713,0.1461275,0.14619696,0.14628997,0.14641096,0.14656432,0.14675441,0.14698572,0.14726266,0.14758961,0.147971,0.14841123,0.14891471,0.14948589,0.15012918,0.15084894,0.15164965,0.15253565,0.15351143,0.15451701,0.15549056,0.15643366,0.15734787,0.15823479,0.15909599,0.15993299,0.16074747,0.16154088,0.16231494,0.1630711,0.163811,0.1645362,0.16524823,0.16594878,0.16663931,0.16732146,0.16799675,0.16866682,0.16933322,0.1699975,0.17066124,0.17132607,0.17199348,0.17266515,0.17334254,0.17402732,0.17472099,0.17542517,0.17614147,0.17687137,0.1776165,0.17832343,0.17894064,0.1794725,0.17992346,0.18029788,0.18060024,0.18083487,0.18100628,0.18111885,0.18117695,0.18118505,0.18114753,0.18106882,0.1809533,0.18080549
0.1426548,0.14258653,0.14252907,0.14248423,0.14245367,0.14243907,0.14244224,0.14246479,0.14250852,0.14257507,0.14266624,0.14278363,0.14292905,0.1431042,0.14331079,0.14355049,0.14382502,0.14409508,0.144323,0.14451316,0.14466992,0.14479762,0.14490066,0.14498335,0.14505011,0.1451052,0.14515302,0.14519796,0.14524436,0.14529654,0.1453589,0.14543578,0.14553156,0.14565054,0.14579713,0.1459757,0.14619052,0.14644608,0.1467466,0.14709653,0.1475002,0.14796197,0.14848618,0.14907718,0.14973935,0.15047704,0.15129463,0.15219648,0.15318689,0.15420504,0.15518834,0.1561385,0.15705723,0.15794626,0.15880731,0.15964203,0.16045223,0.16123953,0.1620057,0.16275245,0.16348147,0.16419452,0.16489327,0.16557944,0.16625476,0.16692093,0.16757968,0.16823272,0.16888174,0.1695285,0.17017469,0.17082202,0.1714722,0.17212693,0.172788,0.173457,0.17413576,0.17482592,0.17552926,0.17624742,0.17698218,0.17768003,0.17828928,0.17881429,0.17925943,0.17962907,0.17992753,0.18015917,0.18032841,0.18043949,0.18049683,0.18050483,0.1804678,0.1803901,0.1802761,0.18013015
0.14135444,0.1412796,0.14121668,0.14116752,0.141134,0.14111805,0.14112149,0.14114623,0.14119415,0.14126709,0.14136694,0.14149565,0.14165501,0.14184691,0.14207326,0.14233595,0.14263682,0.14293529,0.14319235,0.14341235,0.14359948,0.14375801,0.1438923,0.14400662,0.14410526,0.14419244,0.1442725,0.1443497,0.14442831,0.14451264,0.14460696,0.14471556,0.14484276,0.14499274,0.14516985,0.14537843,0.14562264,0.14590684,0.1462353,0.14661227,0.1470421,0.14752898,0.14807728,0.14869125,0.14937517,0.15013333,0.15096997,0.15188946,0.152896,0.15392779,0.1549214,0.15587868,0.15680152,0.15769178,0.15855137,0.15938215,0.16018604,0.16096485,0.16172053,0.16245487,0.1631698,0.16386724,0.16454898,0.16521698,0.16587308,0.16651915,0.16715704,0.16778876,0.16841604,0.16904081,0.16966498,0.17029037,0.17091893,0.17155245,0.17219292,0.17284212,0.17350194,0.17417435,0.17486109,0.17556414,0.17628536,0.17697132,0.17757016,0.17808625,0.17852378,0.1788871,0.17918046,0.17940816,0.1795745,0.17968367,0.1797401,0.17974792,0.1797115,0.17963514,0.1795231,0.17937961
0.13994145,0.13985915,0.13978994,0.13973586,0.13969904,0.13968147,0.13968527,0.1397125,0.13976516,0.13984539,0.13995528,0.14009677,0.14027208,0.14048316,0.14073214,0.14102104,0.141352,0.14168297,0.14197344,0.14222752,0.14244954,0.14264356,0.14281386,0.14296456,0.14309989,0.14322408,0.14334123,0.14345561,0.1435714,0.14369276,0.1438239,0.14396903,0.14413232,0.14431798,0.14453018,0.14477311,0.14505096,0.145368,0.1457283,0.14613615,0.14659567,0.14711107,0.14768662,0.14832641,0.14903468,0.1498156,0.15067337,0.1516122,0.15263626,0.15368268,0.15468705,0.15565147,0.15657803,0.15746878,0.15832575,0.15915105,0.15994672,0.1607149,0.16145754,0.16217677,0.16287467,0.1635533,0.16421466,0.16486089,0.16549404,0.16611618,0.16672933,0.16733564,0.16793709,0.16853581,0.16913384,0.16973324,0.17033607,0.17094442,0.17156038,0.17218594,0.17282324,0.1734743,0.17414118,0.17482595,0.17553076,0.1762022,0.17678839,0.17729354,0.17772183,0.17807744,0.17836462,0.17858753,0.17875025,0.1788572,0.1789124,0.17892006,0.1788844,0.1788097,0.17869997,0.17855956
0.13842505,0.13833441,0.13825817,0.13819863,0.13815808,0.13813873,0.1381429,0.13817285,0.13823086,0.13831922,0.1384402,0.13859607,0.13878912,0.13902159,0.13929574,0.13961394,0.13997838,0.1403456,0.14067332,0.14096564,0.1412266,0.14146031,0.14167091,0.14186242,0.14203893,0.14220454,0.14236335,0.14251946,0.1426769,0.14283979,0.14301223,0.1431983,0.14340204,0.14362758,0.14387903,0.14416046,0.14447589,0.14482951,0.14522535,0.14566746,0.14616002,0.14670703,0.14731266,0.14798091,0.14871593,0.14952178,0.15040252,0.1513623,0.15240516,0.15346704,0.15448265,0.15545431,0.15638418,0.15727465,0.15812795,0.15894637,0.15973213,0.1604876,0.16121499,0.16191663,0.1625947,0.16325158,0.16388945,0.16451065,0.16511746,0.1657121,0.16629693,0.16687414,0.16744603,0.16801493,0.16858304,0.16915266,0.16972609,0.17030556,0.17089342,0.17149186,0.17210323,0.17272972,0.17337367,0.17403738,0.17472306,0.17537758,0.175949,0.17644145,0.17685895,0.1772056,0.17748554,0.1777028,0.1778615,0.17796572,0.17801952,0.17802702,0.1779923,0.17791942,0.17781249,0.17767558
0.13681424,0.1367145,0.13663061,0.13656509,0.13652045,0.13649915,0.13650376,0.1365367,0.13660057,0.1366978,0.13683097,0.1370025,0.13721494,0.13747078,0.13777255,0.13812271,0.1385238,0.1389307,0.13929923,0.13963337,0.13993712,0.14021441,0.14046921,0.1407055,0.14092728,0.14113842,0.14134297,0.14154491,0.14174813,0.14195666,0.14217445,0.14240542,0.14265363,0.142923,0.14321746,0.14354104,0.14389768,0.14429136,0.14472601,0.14520563,0.14573419,0.14631562,0.14695396,0.1476531,0.14841704,0.14924975,0.15015519,0.15113734,0.15220016,0.15327835,0.15430562,0.15528442,0.15621738,0.15710692,0.15795553,0.15876576,0.15954009,0.16028102,0.16099109,0.16167277,0.16232857,0.162961,0.16357256,0.16416577,0.16474308,0.16530709,0.16586019,0.16640498,0.16694391,0.16747954,0.1680143,0.16855074,0.16909134,0.1696386,0.17019506,0.17076322,0.17134556,0.17194462,0.17256285,0.17320278,0.17386694,0.1745024,0.17505716,0.17553519,0.17594051,0.17627709,0.17654885,0.17675978,0.17691386,0.17701499,0.17706724,0.17707452,0.17704077,0.17697005,0.17686625,0.17673331
0.13511828,0.13500871,0.13491656,0.13484457,0.13479552,0.13477215,0.13477716,0.1348134,0.13488355,0.13499038,0.1351366,0.13532504,0.1355584,0.13583943,0.1361709,0.13655552,0.1369961,0.13744575,0.13785832,0.13823764,0.13858753,0.13891186,0.13921447,0.13949917,0.13976982,0.14003022,0.14028423,0.1405357,0.14078842,0.14104629,0.14131308,0.14159267,0.14188887,0.14220555,0.14254649,0.14291556,0.14331663,0.14375353,0.14422996,0.14474994,0.14531721,0.14593562,0.14660902,0.14734122,0.14813606,0.14899743,0.1499291,0.1509349,0.15201874,0.15311396,0.15415323,0.15513933,0.15607499,0.15696298,0.15780604,0.15860693,0.1593684,0.16009316,0.16078402,0.16144371,0.16207494,0.16268055,0.16326319,0.16382569,0.16437075,0.16490117,0.16541961,0.16592892,0.16643183,0.16693105,0.16742933,0.16792947,0.1684342,0.16894625,0.1694684,0.17000338,0.17055395,0.17112285,0.17171288,0.17232668,0.1729671,0.1735815,0.17411785,0.17458004,0.17497192,0.1752973,0.17556006,0.17576401,0.17591298,0.17601077,0.17606129,0.17606834,0.17603575,0.1759673,0.17586695,0.17573844
0.1333462,0.1332262,0.13312523,0.1330464,0.13299267,0.1329671,0.1329726,0.13301226,0.13308911,0.1332061,0.13336629,0.1335727,0.1338283,0.13413613,0.13449919,0.13492051,0.13540311,0.13589825,0.13635771,0.13678515,0.13718425,0.13755874,0.13791233,0.13824865,0.13857147,0.1388844,0.1391912,0.13949555,0.1398011,0.14011158,0.14043067,0.14076209,0.1411095,0.14147663,0.1418671,0.14228469,0.14273307,0.1432159,0.14373687,0.14429975,0.14490817,0.1455658,0.14627637,0.14704359,0.14787114,0.14876269,0.14972192,0.15075259,0.15185834,0.15297125,0.15402289,0.15501626,0.1559544,0.15684032,0.15767702,0.1584675,0.15921484,0.15992197,0.16059196,0.16122778,0.16183251,0.16240908,0.16296051,0.16348992,0.16400018,0.16449441,0.16497557,0.16544668,0.16591078,0.16637084,0.16682991,0.16729099,0.16775711,0.16823122,0.1687164,0.16921565,0.16973197,0.17026836,0.17082785,0.17141347,0.17202823,0.17261975,0.17313617,0.17358121,0.17395855,0.17427187,0.17452484,0.17472117,0.17486462,0.17495878,0.17500742,0.1750142,0.17498282,0.17491695,0.17482029,0.17469658
0.1315072,0.13137616,0.13126598,0.13117991,0.13112126,0.1310933,0.13109931,0.13114265,0.13122651,0.13135424,0.13152912,0.13175443,0.13203348,0.13236955,0.13276589,0.13322584,0.13375267,0.13429573,0.13480459,0.13528275,0.13573374,0.13616116,0.13656849,0.13695933,0.13733713,0.1377055,0.13806799,0.13842814,0.13878942,0.13915546,0.13952976,0.13991584,0.14031729,0.14073758,0.14118034,0.14164907,0.14214727,0.14267854,0.1432464,0.14385441,0.14450605,0.14520493,0.14595456,0.1467585,0.14762025,0.14854342,0.14953147,0.15058796,0.15171647,0.15284766,0.15391192,0.15491262,0.15585297,0.15673636,0.15756603,0.15834524,0.15907727,0.15976547,0.16041312,0.16102347,0.16159984,0.16214553,0.16266379,0.1631579,0.16363122,0.16408698,0.16452849,0.16495903,0.16538188,0.16580036,0.16621774,0.16663735,0.1670624,0.16749628,0.16794214,0.1684034,0.16888326,0.16938509,0.16991211,0.17046763,0.17105497,0.17162213,0.17211726,0.17254396,0.17290573,0.17320612,0.1734487,0.17363697,0.17377447,0.17386474,0.17391135,0.17391784,0.17388777,0.17382462,0.17373195,0.17361334
0.12961036,0.12946784,0.12934801,0.12925437,0.12919061,0.12916017,0.12916675,0.12921384,0.1293051,0.129444,0.1296342,0.12987927,0.13018276,0.13054827,0.13097936,0.1314796,0.13205262,0.1326457,0.13320613,0.13373725,0.13424245,0.13472514,0.13518864,0.1356364,0.13607176,0.13649806,0.13691875,0.1373372,0.13775676,0.13818085,0.1386128,0.13905604,0.13951395,0.13998984,0.14048716,0.14100927,0.14155957,0.14214139,0.14275816,0.1434132,0.14411001,0.1448518,0.1456421,0.14648421,0.14738154,0.14833748,0.14935538,0.15043864,0.15159062,0.15274055,0.15381773,0.15482573,0.15576814,0.15664856,0.15747054,0.15823767,0.15895353,0.15962167,0.1602457,0.16082916,0.16137569,0.1618888,0.1623721,0.16282918,0.1632636,0.16367893,0.16407877,0.16446668,0.16484626,0.16522102,0.16559462,0.1659706,0.16635257,0.16674402,0.16714863,0.16756992,0.1680115,0.16847692,0.16896978,0.16949362,0.17005207,0.17059349,0.1710662,0.17147352,0.17181887,0.17210564,0.1723372,0.17251693,0.1726482,0.17273441,0.1727789,0.1727851,0.17275639,0.17269607,0.17260762,0.17249437
0.1276648,0.12751043,0.12738058,0.12727918,0.12721008,0.1271771,0.1271842,0.12723522,0.12733409,0.12748459,0.12769064,0.12795615,0.12828495,0.12868094,0.129148,0.12968996,0.13031076,0.13095564,0.13156946,0.13215545,0.13271677,0.13325672,0.13377847,0.1342852,0.13478015,0.13526653,0.13574757,0.13622645,0.13670644,0.13719068,0.13768241,0.13818486,0.13870123,0.13923475,0.1397886,0.14036602,0.14097023,0.14160441,0.14227177,0.14297552,0.14371896,0.14450522,0.1453375,0.14621906,0.14715308,0.14814281,0.14919144,0.15030219,0.15147822,0.15264733,0.1537376,0.15475297,0.15569726,0.15657435,0.15738818,0.15814257,0.15884137,0.1594885,0.16008785,0.16064328,0.16115868,0.16163784,0.16208474,0.16250321,0.16289712,0.16327035,0.16362682,0.16397035,0.16430488,0.16463418,0.1649622,0.16529281,0.16562992,0.16597731,0.16633894,0.16671865,0.16712031,0.16754782,0.16800505,0.16849588,0.16902415,0.16953874,0.16998799,0.17037511,0.17070335,0.1709759,0.17119598,0.17136681,0.17149155,0.17157348,0.17161576,0.17162165,0.17159438,0.17153709,0.171453,0.17134537
0.12567973,0.12551314,0.12537302,0.12526359,0.12518899,0.12515344,0.1251611,0.12521617,0.12532283,0.12548526,0.12570761,0.12599412,0.12634891,0.12677623,0.12728022,0.12786505,0.12853496,0.12923303,0.12990181,0.13054416,0.13116324,0.13176206,0.13234363,0.13291104,0.13346733,0.13401547,0.1345586,0.13509965,0.13564172,0.1361879,0.13674109,0.13730444,0.13788098,0.13847373,0.1390857,0.13971996,0.14037958,0.14106753,0.14178692,0.14254077,0.14333206,0.1441639,0.14503929,0.14596133,0.14693297,0.1479573,0.14903735,0.15017617,0.15137678,0.15256539,0.15366898,0.15469168,0.15563771,0.15651123,0.15731648,0.15805756,0.1587387,0.15936407,0.15993787,0.16046429,0.16094743,0.16139157,0.16180088,0.16217946,0.1625316,0.1628614,0.16317311,0.16347085,0.16375886,0.16404125,0.16432229,0.16460608,0.16489685,0.16519879,0.16551608,0.16585286,0.16621336,0.16660175,0.16702217,0.16747883,0.16797595,0.16846275,0.16888778,0.16925403,0.16956453,0.16982238,0.1700306,0.1701922,0.1703102,0.1703877,0.17042772,0.17043331,0.17040746,0.17035326,0.17027374,0.1701719
0.12366421,0.12348513,0.123334534,0.123216905,0.123136744,0.12309852,0.12310677,0.123165965,0.1232806,0.12345516,0.12369415,0.124002114,0.12438346,0.12484272,0.12538444,0.12601303,0.12673305,0.12748547,0.1282102,0.1289102,0.12958822,0.13024718,0.13088986,0.13151926,0.13213813,0.1327494,0.13335586,0.13396046,0.13456595,0.1351753,0.13579133,0.13641687,0.13705486,0.13770807,0.13837941,0.13907173,0.13978791,0.14053081,0.14130327,0.14210816,0.14294833,0.1438267,0.144746,0.14570926,0.14671923,0.1477788,0.14889084,0.1500582,0.15128374,0.15249214,0.15360913,0.15463921,0.15558688,0.15645662,0.15725294,0.15798034,0.15864329,0.1592463,0.15979387,0.16029052,0.16074066,0.16114889,0.16151968,0.16185744,0.16216679,0.16245212,0.16271798,0.16296886,0.16320926,0.16344368,0.16367657,0.16391248,0.16415584,0.16441123,0.16468306,0.16497593,0.16529423,0.16564253,0.16602525,0.16644697,0.16691212,0.16737047,0.16777061,0.16811547,0.1684078,0.16865058,0.16884658,0.16899875,0.16910987,0.16918284,0.16922052,0.16922578,0.16920142,0.16915038,0.16907552,0.16897964
0.12162735,0.12143566,0.12127444,0.121148504,0.12106268,0.12102178,0.121030614,0.12109394,0.121216685,0.121403575,0.121659465,0.12198913,0.12239741,0.12288911,0.12346903,0.12414201,0.124912836,0.12572035,0.12650198,0.12726033,0.12799816,0.1287181,0.12942284,0.13011509,0.13079752,0.13147275,0.13214357,0.13281256,0.13348246,0.13415594,0.1348357,0.13552435,0.13622463,0.13693923,0.13767079,0.138422,0.13919556,0.13999414,0.1408204,0.14167708,0.1425668,0.14349227,0.1444562,0.14546119,0.14650996,0.14760524,0.14874963,0.14994588,0.15119661,0.15242498,0.15355548,0.15459292,0.15554214,0.15640795,0.15719514,0.15790856,0.15855297,0.1591332,0.1596541,0.16012044,0.16053703,0.16090876,0.16124035,0.16153663,0.16180247,0.16204262,0.16226192,0.16246514,0.1626572,0.1628428,0.16302678,0.16321401,0.16340922,0.16361727,0.163843,0.1640912,0.16436662,0.16467416,0.16501857,0.16540474,0.16583736,0.16626674,0.16664162,0.16696464,0.16723853,0.16746596,0.16764958,0.16779213,0.16789624,0.1679646,0.16799988,0.1680048,0.167982,0.16793421,0.16786407,0.16777425
0.11957837,0.11937393,0.11920197,0.119067684,0.11897614,0.11893252,0.11894192,0.119009495,0.119140394,0.11933968,0.11961259,0.119964175,0.12039958,0.12092396,0.12154242,0.122260116,0.12308219,0.123945236,0.12478416,0.1256014,0.12639949,0.12718095,0.12794822,0.12870385,0.12945032,0.13019012,0.13092577,0.13165975,0.13239454,0.13313268,0.13387667,0.13462895,0.13539208,0.13616852,0.1369608,0.1377714,0.13860278,0.13945752,0.14033803,0.14124689,0.14218655,0.14315952,0.1441683,0.14521539,0.1463033,0.14743449,0.14861146,0.14983675,0.15111285,0.15236126,0.15350533,0.15455016,0.1555009,0.15636268,0.15714063,0.15783985,0.15846552,0.15902278,0.15951669,0.15995249,0.16033524,0.16067004,0.16096212,0.16121653,0.16143844,0.16163298,0.16180527,0.16196048,0.16210368,0.16224006,0.1623747,0.16251278,0.16265942,0.16281973,0.16299888,0.16320196,0.16343418,0.16370057,0.16400628,0.16435653,0.16475636,0.16515651,0.16550581,0.16580686,0.1660621,0.16627403,0.16644517,0.16657797,0.16667499,0.1667387,0.16677159,0.16677618,0.16675493,0.16671039,0.16664499,0.16656134
0.117526315,0.1173091,0.11712643,0.11698374,0.1168865,0.11684013,0.11685014,0.11692194,0.11706098,0.11727276,0.117562674,0.117936224,0.1183988,0.11895592,0.11961303,0.12037555,0.12124894,0.12216765,0.12306393,0.123940185,0.12479869,0.12564178,0.1264717,0.12729083,0.12810148,0.128906,0.1297066,0.13050565,0.13130552,0.13210845,0.13291681,0.13373284,0.13455895,0.13539739,0.13625048,0.13712056,0.1380099,0.13892089,0.13985577,0.14081694,0.14180662,0.14282718,0.14388092,0.14497018,0.14609724,0.14726442,0.14847405,0.14972846,0.15102991,0.15229844,0.15345606,0.1545083,0.15546054,0.15631828,0.15708692,0.15777196,0.15837881,0.15891303,0.15937994,0.15978505,0.16013381,0.16043168,0.16068412,0.16089657,0.16107449,0.1612233,0.16134852,0.16145553,0.16154979,0.16163683,0.16172202,0.16181089,0.1619088,0.16202126,0.16215375,0.16231167,0.16250047,0.16272564,0.16299261,0.16330689,0.16367379,0.16404463,0.16436835,0.16464734,0.16488387,0.16508028,0.16523886,0.16536194,0.16545184,0.16551088,0.16554138,0.1655456,0.16552591,0.16548467,0.16542405,0.1653465
0.11548035,0.11525042,0.11505705,0.11490602,0.11480307,0.11475399,0.1147646,0.11484061,0.11498781,0.11521194,0.11551884,0.11591425,0.11640394,0.11699368,0.11768922,0.118496396,0.1194209,0.12039502,0.121348515,0.12228355,0.12320219,0.124106616,0.12499899,0.12588139,0.12675595,0.12762485,0.12849018,0.1293541,0.13021871,0.13108617,0.13195863,0.13283819,0.13372697,0.13462716,0.13554081,0.13647015,0.13741726,0.13838422,0.13937332,0.14038654,0.14142607,0.14249401,0.14359257,0.14472382,0.14588991,0.14709297,0.14833513,0.1496185,0.1509453,0.15223385,0.15340506,0.15446466,0.15541841,0.15627213,0.15703157,0.1577025,0.15829067,0.15880191,0.15924196,0.15961654,0.15993154,0.16019261,0.1604056,0.16057627,0.16071038,0.16081369,0.160892,0.16095105,0.16099666,0.16103455,0.16107053,0.16111036,0.1611598,0.16122463,0.16131061,0.16142356,0.16156922,0.16175337,0.16198175,0.16226014,0.16259436,0.16293599,0.16323426,0.16349131,0.16370921,0.16389014,0.16403626,0.16414967,0.16423249,0.16428688,0.16431499,0.16431889,0.16430077,0.16426271,0.1642069,0.16413544
0.11344962,0.113207094,0.11300314,0.112843834,0.11273524,0.1126835,0.112694636,0.11277483,0.11293007,0.1131665,0.1134902,0.113907255,0.11442375,0.115045786,0.115779415,0.1166308,0.11760593,0.11863493,0.119645044,0.12063823,0.12161643,0.12258161,0.12353574,0.12448075,0.12541862,0.12635122,0.12728061,0.12820871,0.12913744,0.13006875,0.13100466,0.13194707,0.13289793,0.13385919,0.13483286,0.13582084,0.13682508,0.13784754,0.13889024,0.13995503,0.1410439,0.14215882,0.14330176,0.14447461,0.14567937,0.146918,0.14819239,0.1495046,0.15085648,0.15216497,0.15334962,0.15441659,0.15537193,0.15622176,0.15697215,0.15762913,0.15819894,0.1586875,0.15910096,0.15944545,0.15972702,0.15995176,0.16012578,0.16025513,0.16034594,0.16040426,0.16043618,0.16044784,0.16044529,0.16043462,0.16042192,0.16041328,0.16041479,0.16043253,0.1604726,0.16054106,0.16064405,0.16078763,0.16097786,0.16122086,0.16152272,0.16183557,0.16210864,0.162344,0.16254352,0.16270919,0.16284302,0.16294682,0.1630227,0.16307248,0.1630982,0.16310178,0.16308518,0.16305032,0.16299926,0.16293383
0.11144321,0.11118832,0.11097394,0.1108065,0.11069236,0.11063796,0.11064968,0.11073396,0.11089714,0.11114564,0.11148588,0.11192424,0.11246711,0.113120936,0.11389204,0.114786886,0.11581186,0.11689482,0.11796063,0.11901105,0.12004783,0.12107277,0.12208765,0.12309423,0.12409429,0.12508965,0.126082,0.1270732,0.12806499,0.12905914,0.13005742,0.13106166,0.13207355,0.13309498,0.13412757,0.13517326,0.13623372,0.1373108,0.13840622,0.13952176,0.14065923,0.14182037,0.14300701,0.14422083,0.14546373,0.14673738,0.14804362,0.14938423,0.15076092,0.1520891,0.15328716,0.15436147,0.15531853,0.15616457,0.15690614,0.15754959,0.15810129,0.15856768,0.15895513,0.1592701,0.15951893,0.15970801,0.15984374,0.15993261,0.1599809,0.1599951,0.15998149,0.15994664,0.15989678,0.15983842,0.15977794,0.15972172,0.15967615,0.15964766,0.15964267,0.15966746,0.15972859,0.15983236,0.15998515,0.16019344,0.16046359,0.16074812,0.16099657,0.16121066,0.16139217,0.16154286,0.16166458,0.16175903,0.16182803,0.16187333,0.1618967,0.16189995,0.16188487,0.1618532,0.1618067,0.16174722
0.10947029,0.10920327,0.10897871,0.10880331,0.10868376,0.10862679,0.10863906,0.10872732,0.108898275,0.10915858,0.10951499,0.109974176,0.11054284,0.11122771,0.11203548,0.112972826,0.1140465,0.11518226,0.11630251,0.11740884,0.11850286,0.11958617,0.12066042,0.12172716,0.12278802,0.123844594,0.12489849,0.12595132,0.1270047,0.1280602,0.12911944,0.13018404,0.13125561,0.13233574,0.13342601,0.13452806,0.13564347,0.13677391,0.1379209,0.13908608,0.14027105,0.14147744,0.14270681,0.14396082,0.14524102,0.14654905,0.1478865,0.14925498,0.15065612,0.15200369,0.15321496,0.15429665,0.15525545,0.15609805,0.15683115,0.15746146,0.15799572,0.15844058,0.15880276,0.15908897,0.1593059,0.15946029,0.1595588,0.15960817,0.15961507,0.15958625,0.1595283,0.15944809,0.1593522,0.15924738,0.15914035,0.15903775,0.15894632,0.1588728,0.15882379,0.15880616,0.15882647,0.15889147,0.15900785,0.15918234,0.15942162,0.15967871,0.15990311,0.16009654,0.16026051,0.16039668,0.16050658,0.16059196,0.16065429,0.1606952,0.16071634,0.16071929,0.16070563,0.16067702,0.16063502,0.16058125
0.107539974,0.10726121,0.10702674,0.106843606,0.106718816,0.10665933,0.10667217,0.1067643,0.106942765,0.10721454,0.10758663,0.10806605,0.10865977,0.109374784,0.11021812,0.11119676,0.1123177,0.1135047,0.11467779,0.11583838,0.116987936,0.11812791,0.1192597,0.1203848,0.12150462,0.1226206,0.123734176,0.12484681,0.1259599,0.1270749,0.12819327,0.12931645,0.13044585,0.13158293,0.13272913,0.1338859,0.13505468,0.13623688,0.13743393,0.13864733,0.13987845,0.14112878,0.14239977,0.1436928,0.14500935,0.14635086,0.14771877,0.1491145,0.15053952,0.15190615,0.15313046,0.15421948,0.1551802,0.15601961,0.1567447,0.15736248,0.15787996,0.15830413,0.15864195,0.15890045,0.15908667,0.15920755,0.1592701,0.15928134,0.15924823,0.15917784,0.15907708,0.158953,0.15881263,0.15866286,0.15851082,0.1583634,0.15822767,0.1581106,0.15801919,0.15796043,0.15794136,0.15796891,0.15805015,0.15819202,0.15840153,0.15863213,0.1588334,0.15900686,0.15915395,0.15927608,0.1593747,0.15945123,0.15950713,0.15954384,0.1595628,0.15956543,0.1595532,0.15952751,0.15948986,0.15944165
0.1056614,0.105371274,0.105127305,0.104936734,0.10480686,0.10474495,0.10475831,0.10485421,0.10503992,0.10532274,0.105709955,0.10620885,0.106826685,0.10757079,0.10844839,0.109466806,0.110633306,0.11186966,0.11309363,0.114306495,0.115509525,0.11670401,0.11789124,0.11907248,0.12024905,0.12142216,0.12259315,0.12376331,0.12493385,0.12610613,0.1272814,0.12846093,0.12964602,0.13083795,0.132038,0.13324745,0.13446757,0.13569966,0.13694498,0.13820483,0.13948047,0.14077324,0.14208433,0.14341511,0.14476682,0.14614074,0.14753816,0.14896034,0.1504086,0.15179382,0.15303096,0.1541273,0.15509011,0.1559267,0.15664433,0.1572503,0.15775186,0.15815628,0.15847091,0.158703,0.15885982,0.15894869,0.15897685,0.15895157,0.15888019,0.15876998,0.15862821,0.15846214,0.15827909,0.15808633,0.15789114,0.15770082,0.1575226,0.15736383,0.15723175,0.1571337,0.15707688,0.15706861,0.15711619,0.15722689,0.157408,0.15761325,0.15779246,0.15794691,0.15807785,0.15818657,0.15827438,0.15834251,0.15839228,0.15842494,0.15844186,0.15844418,0.15843329,0.15841043,0.15837693,0.15833396
0.10384369,0.10354277,0.103289664,0.10309198,0.102957256,0.10289304,0.10290687,0.10300636,0.103199005,0.10349239,0.103894055,0.10441156,0.10505246,0.10582432,0.10673468,0.10779111,0.10900115,0.110284664,0.11155722,0.11281998,0.11407405,0.11532057,0.116560675,0.11779549,0.11902616,0.12025381,0.12147954,0.122704566,0.123929955,0.12515683,0.12638636,0.12761968,0.12885787,0.13010214,0.13135359,0.1326133,0.13388248,0.13516222,0.13645364,0.13775791,0.13907617,0.14040951,0.14175908,0.14312603,0.14451146,0.14591654,0.14734235,0.14879009,0.15026084,0.15166417,0.15291382,0.15401748,0.15498261,0.15581681,0.15652758,0.15712252,0.15760921,0.15799512,0.15828788,0.158495,0.15862405,0.15868258,0.15867817,0.15861839,0.15851071,0.15836276,0.15818208,0.15797621,0.15775271,0.15751915,0.15728302,0.15705198,0.15683353,0.15663521,0.15646458,0.1563292,0.15623666,0.15619448,0.15621021,0.15629143,0.1564457,0.15662707,0.15678541,0.15692191,0.15703759,0.15713367,0.15721124,0.15727143,0.15731543,0.15734431,0.15735923,0.15736128,0.15735167,0.15733148,0.15730184,0.15726389
0.10209597,0.101784766,0.10152308,0.10131866,0.101179354,0.10111293,0.10112726,0.101230115,0.10142933,0.10173269,0.10214803,0.102683194,0.1033459,0.104144044,0.10508541,0.1061778,0.10742905,0.10875719,0.11007572,0.111385636,0.11268795,0.11398364,0.11527369,0.116559096,0.11784089,0.11912004,0.12039749,0.12167429,0.12295143,0.12422991,0.12551071,0.12679479,0.12808318,0.12937687,0.13067691,0.13198414,0.1332997,0.13462456,0.13595963,0.13730595,0.13866459,0.14003643,0.14142253,0.14282383,0.14424141,0.14567615,0.14712913,0.14860132,0.1500937,0.1515145,0.15277646,0.15388736,0.15485506,0.15568735,0.15639202,0.15697692,0.15744984,0.15781859,0.158091,0.15827487,0.158378,0.15840825,0.15837339,0.15828122,0.15813959,0.15795627,0.15773915,0.15749595,0.15723452,0.1569627,0.15668824,0.15641901,0.15616281,0.15592743,0.15572068,0.1555504,0.1554244,0.15535046,0.15533642,0.15539008,0.15551928,0.15567838,0.15581731,0.15593703,0.15603852,0.15612283,0.15619086,0.15624368,0.15628226,0.1563076,0.15632069,0.15632248,0.15631405,0.15629634,0.15627033,0.15623707
0.10042737,0.100106604,0.09983682,0.09962611,0.0994825,0.09941403,0.0994288,0.09953483,0.099740185,0.10005291,0.10048105,0.10103268,0.10171585,0.10253858,0.10350897,0.10463504,0.10592485,0.107294746,0.10865628,0.1100103,0.11135768,0.11269929,0.11403599,0.115368664,0.11669816,0.11802533,0.11935109,0.12067622,0.12200168,0.12332828,0.124656916,0.12598842,0.12732369,0.12866355,0.13000894,0.13136062,0.13271958,0.13408658,0.13546255,0.1368483,0.13824476,0.13965276,0.14107317,0.14250687,0.14395466,0.14541748,0.1468962,0.14839166,0.1499047,0.1513423,0.15261613,0.15373428,0.15470482,0.15553574,0.15623516,0.15681107,0.15727158,0.1576247,0.1578785,0.15804106,0.15812035,0.15812454,0.1580616,0.15793957,0.1577666,0.15755065,0.1572998,0.15702209,0.15672565,0.15641841,0.15610851,0.15580396,0.15551287,0.1552432,0.15500312,0.15480061,0.15464368,0.15454048,0.15449901,0.15452735,0.1546335,0.15477218,0.15489325,0.15499759,0.15508606,0.15515952,0.15521884,0.15526485,0.1552985,0.15532055,0.15533198,0.1553336,0.1553262,0.15531076,0.15528809,0.15525907
0.098847024,0.09851739,0.09824017,0.09802362,0.09787604,0.09780571,0.09782087,0.097929835,0.09814085,0.098462224,0.098902196,0.099469066,0.1001711,0.10101657,0.10201376,0.103170946,0.10449639,0.10590485,0.107306056,0.10870075,0.110089675,0.1114736,0.112853274,0.11422943,0.11560284,0.11697424,0.11834441,0.11971407,0.121083975,0.122454874,0.12382754,0.1252027,0.12658112,0.12796353,0.12935074,0.13074341,0.13214235,0.13354832,0.13496202,0.13638426,0.13781576,0.13925727,0.14070955,0.14217332,0.14364937,0.14513844,0.14664128,0.14815865,0.14969128,0.1511449,0.15243028,0.15355563,0.15452929,0.15535952,0.15605456,0.15662271,0.15707225,0.15741146,0.1576486,0.15779194,0.15784977,0.15783039,0.15774202,0.15759297,0.1573915,0.1571459,0.15686446,0.15655543,0.15622707,0.1558877,0.15554553,0.15520892,0.15488608,0.15458532,0.1543149,0.15408309,0.1538982,0.15376846,0.15370215,0.1537076,0.153793,0.15391329,0.15401833,0.15410884,0.15418556,0.15424927,0.15430072,0.15434064,0.15436982,0.15438896,0.15439884,0.15440023,0.15439385,0.15438044,0.15436082,0.15433563
0.09740818,0.09707062,0.096786685,0.096564926,0.09641377,0.09634174,0.096357286,0.09646886,0.096684985,0.097014084,0.09746468,0.098045215,0.09876417,0.09963005,0.100651294,0.10183639,0.1031938,0.10463685,0.10607362,0.10750477,0.1089309,0.11035273,0.11177087,0.11318597,0.11459872,0.1160097,0.11741963,0.1188291,0.1202388,0.12164936,0.12306146,0.1244757,0.12589276,0.12731329,0.12873791,0.1301673,0.13160212,0.13304302,0.1344906,0.13594557,0.13740854,0.13888018,0.14036115,0.14185204,0.14335355,0.14486633,0.146391,0.14792827,0.14947873,0.15094705,0.152243,0.15337513,0.15435188,0.15518172,0.15587312,0.15643461,0.15687463,0.1572016,0.15742409,0.15755047,0.15758933,0.15754908,0.15743819,0.15726517,0.15703847,0.15676655,0.1564579,0.15612102,0.15576439,0.15539642,0.15502562,0.15466051,0.15430953,0.15398106,0.1536838,0.15342598,0.15321621,0.15306297,0.15297467,0.15295984,0.15302694,0.153131,0.15322185,0.15330014,0.1533665,0.15342163,0.15346612,0.15350068,0.1535259,0.15354247,0.15355103,0.15355222,0.1535467,0.15353511,0.15351811,0.15349634
0.09615199,0.09580748,0.09551772,0.0952914,0.09513715,0.09506363,0.09507948,0.09519337,0.095413946,0.095749795,0.09620966,0.09680214,0.09753588,0.09841955,0.09946181,0.100671254,0.10205658,0.10352982,0.10499765,0.106460586,0.10791925,0.10937416,0.110825896,0.11227501,0.113722056,0.11516762,0.11661223,0.11805649,0.11950092,0.120946124,0.12239261,0.123840965,0.12529176,0.12674554,0.1282029,0.12966436,0.13113052,0.13260186,0.13407902,0.13556254,0.13705303,0.13855098,0.14005695,0.1415715,0.14309531,0.14462875,0.14617254,0.14772716,0.14929318,0.1507743,0.15207952,0.15321752,0.15419702,0.15502654,0.1557148,0.1562704,0.15670206,0.15701841,0.15722807,0.1573397,0.157362,0.15730351,0.15717296,0.15697896,0.15673023,0.15643536,0.15610301,0.15574181,0.15536043,0.1549675,0.15457173,0.1541817,0.15380612,0.15345357,0.15313272,0.15285225,0.15262082,0.15244703,0.15233955,0.15230703,0.15235813,0.152448,0.15252648,0.15259412,0.15265144,0.15269907,0.15273751,0.15276733,0.15278913,0.15280345,0.15281084,0.15281186,0.1528071,0.15279709,0.1527824,0.15276359
0.09506949,0.09471899,0.09442422,0.09419395,0.09403703,0.09396225,0.09397836,0.09409423,0.094318606,0.09466034,0.09512816,0.095730916,0.096477404,0.09737642,0.098436765,0.0996672,0.10107659,0.10257585,0.10407043,0.1055608,0.10704746,0.108530894,0.11001158,0.11148998,0.11296661,0.11444195,0.115916476,0.11739071,0.11886507,0.12034007,0.12181625,0.12329402,0.12477386,0.12625633,0.12774187,0.12923093,0.13072404,0.1322217,0.13372436,0.13523254,0.13674664,0.13826728,0.1397948,0.14132982,0.14287272,0.14442407,0.14598425,0.14755385,0.14913328,0.15062544,0.15193863,0.15308173,0.15406351,0.15489277,0.15557827,0.1561289,0.15655337,0.15686055,0.15705915,0.15715806,0.157166,0.15709187,0.15694438,0.15673235,0.15646462,0.15614994,0.15579715,0.155415,0.15501231,0.15459791,0.1541806,0.15376914,0.15337232,0.15299898,0.15265791,0.1523579,0.15210775,0.15191627,0.15179223,0.15174447,0.1517818,0.15185946,0.15192726,0.15198569,0.15203524,0.15207641,0.15210962,0.15213539,0.15215424,0.15216663,0.152173,0.15217386,0.15216973,0.15216109,0.15214841,0.15213217
0.09415169,0.093796104,0.09349705,0.09326347,0.0931043,0.093028404,0.09304477,0.09316231,0.09338994,0.09373659,0.0942112,0.09482269,0.09557997,0.096492,0.09756766,0.09881591,0.100245684,0.10176702,0.10328428,0.1047979,0.106308304,0.107815914,0.109321125,0.110824384,0.112326115,0.1138267,0.11532659,0.1168262,0.11832596,0.11982626,0.12132758,0.12283025,0.12433477,0.12584153,0.12735096,0.12886345,0.13037948,0.13189939,0.13342364,0.1349527,0.1364869,0.13802674,0.13957259,0.14112487,0.14268403,0.14425048,0.14582464,0.14740689,0.14899772,0.1504992,0.1518192,0.1529666,0.15395036,0.15477937,0.1554626,0.15600893,0.15642734,0.15672667,0.15691595,0.15700403,0.15699992,0.15691245,0.15675059,0.15652327,0.1562394,0.15590797,0.15553783,0.15513791,0.1547172,0.15428457,0.15384896,0.1534193,0.15300453,0.15261355,0.15225531,0.15193872,0.15167274,0.15146625,0.15132819,0.15126751,0.15129313,0.15136044,0.15141921,0.15146984,0.1515128,0.15154846,0.15157726,0.15159959,0.15161593,0.15162663,0.15163219,0.15163293,0.15162937,0.15162188,0.15161088,0.1515968
0.09338959,0.093029805,0.09272724,0.09249087,0.092329785,0.092253014,0.09226957,0.092388496,0.09261882,0.0929696,0.09344981,0.09406853,0.0948348,0.09575761,0.09684604,0.09810907,0.099555776,0.101095416,0.102631524,0.10416446,0.10569456,0.10722223,0.10874783,0.110271715,0.11179426,0.11331582,0.11483678,0.11635749,0.1178783,0.119399615,0.12092179,0.12244519,0.123970166,0.1254971,0.12702636,0.12855834,0.13009332,0.13163178,0.13317397,0.13472036,0.13627122,0.13782701,0.13938804,0.14095472,0.14252734,0.14410636,0.14569208,0.14728487,0.14888515,0.15039442,0.15172003,0.15287098,0.1538564,0.15468523,0.15536651,0.1559093,0.15632264,0.15661554,0.15679704,0.15687616,0.15686196,0.15676345,0.15658969,0.15634964,0.15605243,0.15570702,0.15532248,0.15490785,0.15447214,0.15402436,0.1535736,0.15312883,0.15269913,0.15229349,0.15192103,0.15159069,0.1513115,0.1510926,0.1509429,0.15087149,0.15088739,0.1509461,0.15099739,0.15104154,0.15107898,0.1511101,0.1511352,0.15115471,0.15116893,0.15117827,0.15118313,0.15118378,0.15118067,0.15117413,0.15116453,0.15115227
0.092774235,0.09241104,0.09210558,0.09186701,0.09170441,0.09162691,0.091643624,0.09176367,0.09199618,0.09235026,0.09283501,0.09345959,0.094233096,0.095164634,0.09626333,0.0975383,0.09899868,0.10055311,0.10210443,0.10365294,0.10519898,0.106742874,0.10828492,0.109825455,0.111364804,0.1129033,0.114441246,0.11597901,0.11751684,0.11905512,0.12059414,0.12213425,0.12367577,0.125219,0.1267643,0.12831193,0.1298623,0.13141565,0.13297234,0.13453272,0.13609707,0.13766572,0.13923904,0.1408173,0.14240083,0.14398995,0.14558502,0.14718635,0.14879425,0.15030976,0.15163992,0.15279378,0.15378052,0.15460919,0.15528892,0.15582888,0.15623812,0.15652579,0.15670098,0.15677288,0.15675056,0.15664314,0.15645976,0.15620947,0.15590143,0.1555448,0.15514863,0.15472205,0.15427426,0.15381427,0.15335126,0.15289429,0.15245256,0.15203509,0.15165108,0.15130964,0.15101984,0.15079086,0.15063176,0.15055169,0.15055975,0.1506115,0.15065673,0.15069568,0.15072872,0.15075614,0.15077826,0.15079547,0.15080804,0.15081626,0.15082051,0.1508211,0.15081835,0.15081258,0.15080413,0.15079331
0.09229661,0.09193079,0.09162312,0.0913828,0.091219015,0.09114095,0.09115778,0.09127871,0.09151291,0.09186957,0.09235785,0.092986956,0.09376606,0.09470439,0.095811054,0.09709531,0.098566286,0.10013221,0.10169532,0.10325596,0.104814336,0.1063708,0.107925616,0.10947909,0.111031495,0.11258313,0.114134274,0.11568523,0.11723631,0.118787736,0.12033985,0.121892944,0.12344726,0.12500314,0.12656087,0.12812074,0.12968296,0.1312479,0.13281587,0.1343871,0.1359619,0.1375406,0.13912337,0.14071064,0.14230265,0.14389963,0.14550197,0.14710987,0.14872366,0.1502441,0.15157776,0.15273388,0.15372163,0.15455015,0.1552287,0.15576641,0.15617251,0.15645613,0.15662648,0.15669274,0.15666412,0.15654977,0.15635887,0.15610068,0.15578423,0.15541887,0.15501367,0.1545779,0.15412067,0.15365116,0.15317865,0.15271224,0.15226114,0.15183455,0.15144159,0.1510915,0.15079346,0.15055667,0.15039027,0.15030347,0.15030545,0.15035184,0.15039231,0.15042725,0.15045682,0.1504814,0.15050127,0.15051661,0.15052788,0.15053527,0.1505391,0.1505396,0.15053716,0.15053199,0.15052438,0.15051472
0.09194776,0.09157999,0.09127071,0.09102913,0.09086448,0.090786,0.090802915,0.090924494,0.09115991,0.09151845,0.09200931,0.09264173,0.09342496,0.094368204,0.09548073,0.09677173,0.09825048,0.099824786,0.10139652,0.102965966,0.10453339,0.10609905,0.10766319,0.10922609,0.11078802,0.112349264,0.11391004,0.11547068,0.11703139,0.11859243,0.12015411,0.12171667,0.123280376,0.12484548,0.12641227,0.12798104,0.12955198,0.1311254,0.13270156,0.13428073,0.13586317,0.13744913,0.1390389,0.14063273,0.1422309,0.14383365,0.14544128,0.14705403,0.14867215,0.15019612,0.15153237,0.15269011,0.1536786,0.15450707,0.15518472,0.15572082,0.1561246,0.15640527,0.15657204,0.15663421,0.15660098,0.15648158,0.15628523,0.15602118,0.15569867,0.15532689,0.1549151,0.15447256,0.15400848,0.15353204,0.1530526,0.15257925,0.15212135,0.15168804,0.15128857,0.15093218,0.15062813,0.15038563,0.1502139,0.15012218,0.1501197,0.15016218,0.15019925,0.15023115,0.15025826,0.15028073,0.1502989,0.15031298,0.15032332,0.15033002,0.15033351,0.150334,0.15033178,0.15032704,0.15032011,0.15031123
0.09171868,0.09134964,0.09103929,0.09079689,0.09063167,0.09055294,0.09056992,0.090691894,0.09092812,0.091287896,0.09178045,0.09241504,0.093200974,0.094147466,0.09526381,0.09655925,0.098043084,0.09962289,0.10120031,0.10277556,0.104348905,0.10592058,0.10749085,0.109059975,0.11062816,0.112195715,0.113762826,0.11532977,0.11689682,0.11846419,0.12003214,0.121600896,0.12317076,0.124741934,0.1263147,0.12788932,0.12946597,0.13104495,0.13262652,0.1342109,0.13579835,0.1373891,0.13898343,0.1405816,0.14218381,0.14379035,0.14540143,0.14701734,0.14863831,0.1501646,0.15150256,0.1526614,0.15365037,0.15447876,0.15515584,0.15569088,0.15609314,0.15637183,0.15653633,0.1565958,0.15655951,0.15643677,0.15623684,0.15596896,0.15564242,0.15526648,0.15485035,0.1544034,0.15393482,0.15345387,0.15296984,0.15249197,0.15202954,0.15159181,0.15118808,0.15082756,0.15051955,0.15027332,0.15009807,0.15000314,0.14999774,0.15003763,0.15007243,0.15010245,0.15012784,0.15014894,0.15016602,0.15017924,0.15018892,0.15019524,0.15019855,0.15019901,0.15019687,0.15019244,0.15018591,0.15017757
0.0916004,0.09123071,0.09091982,0.09067697,0.09051147,0.09043257,0.0904496,0.09057178,0.09080844,0.091168836,0.091662265,0.09229801,0.0930853,0.09403348,0.09515179,0.09644957,0.097936004,0.099518664,0.10109899,0.10267723,0.10425365,0.10582845,0.10740187,0.10897419,0.11054563,0.112116426,0.11368679,0.11525704,0.11682733,0.118397966,0.11996917,0.121541135,0.12311419,0.1246885,0.12626435,0.12784193,0.12942155,0.13100341,0.13258776,0.13417484,0.13576488,0.13735808,0.1389548,0.14055519,0.1421595,0.14376798,0.14538085,0.1469984,0.14862084,0.15014836,0.15148717,0.15264654,0.1536358,0.15446417,0.15514092,0.15567541,0.15607686,0.1563546,0.15651783,0.15657592,0.1565381,0.15641367,0.15621187,0.15594204,0.15561341,0.15523529,0.15481696,0.1543677,0.15389676,0.15341347,0.1529271,0.1524469,0.15198214,0.15154216,0.15113622,0.15077356,0.1504635,0.15021531,0.15003827,0.14994165,0.14993477,0.14997332,0.15000698,0.15003595,0.15006053,0.15008095,0.15009741,0.15011021,0.15011951,0.15012568,0.15012884,0.15012927,0.15012722,0.15012297,0.15011665,0.15010859
0.09158393,0.09121416,0.090903185,0.09066028,0.09049473,0.09041583,0.090432845,0.09055508,0.09079179,0.09115227,0.091645814,0.0922817,0.0930692,0.09401763,0.09513621,0.096434265,0.097921096,0.09950414,0.10108488,0.102663554,0.10424037,0.10581562,0.107389495,0.10896223,0.11053414,0.112105384,0.11367622,0.11524691,0.116817676,0.118388765,0.11996038,0.12153284,0.12310629,0.124681056,0.12625732,0.12783538,0.12941538,0.13099763,0.13258237,0.1341698,0.1357602,0.13735376,0.13895081,0.1405515,0.14215611,0.14376485,0.14537798,0.14699578,0.14861841,0.15014608,0.15148503,0.15264452,0.15363376,0.15446211,0.15513887,0.15567327,0.15607461,0.15635219,0.15651527,0.15657318,0.15653513,0.15641046,0.1562084,0.15593828,0.15560935,0.15523092,0.1548123,0.15436274,0.15389146,0.15340787,0.15292114,0.15244061,0.15197554,0.1515352,0.15112896,0.15076602,0.15045568,0.15020722,0.15002991,0.14993313,0.149926,0.14996435,0.14999783,0.1500267,0.15005115,0.15007144,0.15008785,0.15010057,0.15010989,0.15011601,0.15011914,0.15011959,0.15011756,0.15011328,0.15010704,0.15009898
0.09166029,0.09129095,0.090980336,0.090737686,0.09057234,0.090493515,0.09051051,0.09063261,0.09086905,0.09122914,0.091722116,0.09235728,0.093143865,0.0940912,0.09520852,0.09650508,0.097990215,0.09957144,0.10115029,0.102727026,0.10430187,0.105875105,0.107446924,0.10901764,0.110587426,0.11215656,0.11372529,0.11529387,0.11686252,0.1184315,0.12000105,0.1215714,0.123142846,0.12471556,0.12628984,0.12786593,0.12944405,0.13102446,0.13260737,0.13419308,0.13578182,0.13737379,0.1389693,0.14056855,0.1421718,0.1437793,0.14539127,0.14700797,0.14862968,0.15015659,0.15149496,0.15265404,0.15364318,0.15447156,0.15514848,0.15568325,0.1560851,0.15636331,0.15652718,0.15658599,0.15654893,0.15642536,0.15622453,0.15595569,0.1556281,0.15525107,0.15483388,0.15438576,0.15391603,0.15343392,0.15294872,0.15246972,0.15200615,0.15156728,0.15116246,0.1508009,0.15049188,0.15024465,0.15006854,0.14997278,0.14996666,0.15000588,0.1500401,0.1500696,0.15009461,0.15011539,0.15013213,0.15014516,0.1501547,0.15016091,0.15016414,0.15016459,0.15016249,0.15015815,0.15015174,0.15014353
0.091820486,0.09145203,0.09114215,0.09090011,0.090735145,0.09065651,0.09067349,0.09079528,0.09103114,0.09139036,0.09188217,0.09251578,0.09330051,0.09424559,0.095360205,0.09665369,0.09813526,0.099712625,0.10128751,0.10286019,0.10443089,0.1059999,0.10756746,0.10913381,0.110699214,0.11226397,0.11382826,0.1153924,0.11695662,0.118521184,0.12008634,0.121652365,0.12321948,0.12478799,0.12635808,0.12793006,0.1295042,0.13108073,0.13265985,0.13424191,0.13582714,0.1374158,0.1390081,0.14060435,0.14220475,0.1438096,0.14541917,0.14703365,0.14865336,0.15017863,0.15151583,0.15267415,0.1536629,0.15449135,0.15516868,0.15570422,0.15610713,0.1563867,0.1565522,0.15661287,0.15657793,0.1564567,0.15625834,0.15599218,0.15566741,0.15529335,0.15487915,0.15443413,0.15396757,0.15348865,0.15300661,0.15253074,0.15207034,0.15163459,0.15123275,0.15087408,0.15056783,0.15032321,0.15014957,0.15005606,0.15005195,0.15009299,0.15012878,0.15015963,0.15018581,0.1502075,0.15022506,0.15023871,0.15024865,0.15025516,0.15025856,0.15025902,0.15025686,0.15025225,0.15024556,0.15023698
0.09205556,0.09168839,0.09137961,0.091138415,0.09097403,0.0908957,0.09091259,0.09103394,0.091268994,0.09162696,0.09211701,0.09274842,0.093530364,0.094472095,0.0955828,0.096871726,0.09834806,0.09991978,0.10148886,0.10305559,0.10462021,0.10618302,0.10774428,0.10930429,0.11086327,0.11242153,0.11397935,0.11553699,0.1170947,0.11865279,0.120211504,0.12177114,0.123331934,0.12489422,0.12645818,0.12802419,0.12959245,0.13116325,0.13273686,0.13431361,0.1358937,0.13747738,0.13906501,0.14065681,0.14225309,0.14385405,0.14546004,0.14707126,0.14868808,0.15021095,0.1515464,0.15270366,0.1536919,0.1545204,0.15519834,0.1557349,0.1561394,0.15642098,0.15658887,0.15665232,0.15662053,0.15650265,0.15630798,0.15604573,0.15572509,0.1553553,0.15494555,0.15450509,0.15404314,0.15356886,0.15309155,0.15262036,0.15216456,0.1517333,0.15133585,0.15098143,0.15067923,0.15043849,0.15026839,0.15017821,0.15017712,0.15022078,0.1502589,0.15029176,0.15031962,0.15034275,0.15036143,0.1503759,0.1503865,0.15039344,0.15039705,0.15039757,0.15039524,0.15039039,0.15038322,0.1503741
0.0923565,0.09199101,0.09168361,0.0914435,0.09127988,0.09120189,0.0912187,0.09133952,0.0915735,0.091929846,0.092417695,0.093046226,0.093824625,0.09476209,0.09586777,0.09715086,0.098620504,0.100185,0.10174663,0.103305735,0.10486257,0.106417455,0.107970655,0.10952252,0.11107328,0.112623274,0.11417278,0.11572208,0.11727148,0.11882126,0.12037175,0.1219232,0.12347593,0.12503023,0.12658636,0.12814468,0.12970543,0.13126895,0.13283548,0.13440536,0.13597885,0.13755625,0.13913788,0.14072402,0.14231496,0.14391099,0.14551239,0.14711945,0.14873253,0.15025236,0.15158555,0.1527414,0.15372899,0.15455757,0.15523626,0.15577428,0.15618072,0.15646484,0.15663582,0.15670282,0.15667497,0.1565615,0.15637153,0.1561143,0.15579893,0.15543465,0.1550306,0.15459596,0.15413989,0.15367162,0.15320027,0.15273508,0.15228514,0.15185969,0.15146786,0.15111887,0.15082186,0.15058604,0.15042056,0.15033458,0.15033732,0.15038441,0.15042548,0.15046091,0.15049092,0.15051585,0.15053599,0.15055163,0.15056302,0.1505705,0.15057437,0.15057491,0.15057242,0.15056717,0.15055948,0.15054965
