0.13189238,0.13178684,0.13169809,0.13162875,0.1315815,0.13155897,0.13156381,0.13159874,0.13166632,0.13176918,0.13191004,0.13209155,0.13231632,0.13258703,0.13290633,0.13327685,0.1337012,0.13418564,0.13473031,0.13532902,0.13597551,0.13666354,0.13738693,0.13813938,0.13891473,0.13970667,0.14050901,0.1413155,0.14211996,0.14291604,0.1436976,0.14445838,0.14519215,0.14589268,0.14655373,0.14716908,0.1477324,0.14823763,0.14867839,0.14904849,0.14934178,0.14955188,0.14967266,0.14969787,0.14962122,0.14943653,0.14913757,0.14871809,0.14817181,0.1475323,0.1468389,0.14609426,0.14530109,0.14446194,0.14357954,0.14265649,0.14169551,0.14069913,0.13967012,0.1386111,0.13752463,0.13641348,0.13528027,0.13412757,0.1329581,0.13177454,0.13057947,0.12937559,0.12816548,0.12695187,0.12573737,0.12452466,0.12331632,0.12211507,0.12092354,0.11974438,0.11858024,0.11743374,0.116307564,0.115204364,0.11412676,0.1131283,0.11225659,0.11150541,0.11086854,0.110339686,0.109912686,0.109581254,0.109339155,0.10918022,0.10909813,0.1090867,0.10913969,0.10925085,0.10941397,0.10962281
0.1317245,0.13161567,0.13152413,0.13145263,0.13140392,0.1313807,0.1313857,0.13142169,0.13149136,0.13159747,0.13174273,0.1319299,0.13216166,0.13244085,0.13277003,0.1331521,0.13358971,0.13408896,0.13464984,0.13526595,0.1359309,0.13663837,0.13738194,0.1381553,0.13895199,0.13976568,0.14058998,0.14141859,0.14224504,0.143063,0.14386606,0.1446479,0.14540212,0.1461223,0.14680216,0.14743526,0.14801526,0.14853573,0.14899035,0.14937273,0.14967649,0.14989524,0.15002264,0.15005232,0.14997788,0.14979292,0.14949112,0.14906606,0.14851142,0.14786114,0.14715534,0.1463967,0.14558794,0.14473185,0.14383113,0.1428885,0.14190671,0.14088847,0.13983658,0.13875371,0.13764259,0.136506,0.13534662,0.1341672,0.13297048,0.1317592,0.13053605,0.12930383,0.12806521,0.12682295,0.12557979,0.124338426,0.12310165,0.12187216,0.12065266,0.119445935,0.11825467,0.11708166,0.11592954,0.11480111,0.11369912,0.112678155,0.1117868,0.11101872,0.11036745,0.10982673,0.10939009,0.10905117,0.10880364,0.10864109,0.108557165,0.10854548,0.10859967,0.10871333,0.108880125,0.10909366
0.13158333,0.13147172,0.13137786,0.13130458,0.1312546,0.13123077,0.13123593,0.13127281,0.13134423,0.13145307,0.13160202,0.13179392,0.13203159,0.13231784,0.13265546,0.13304722,0.13349597,0.13400766,0.13458215,0.13521285,0.13589334,0.13661714,0.13737774,0.13816862,0.13898328,0.1398153,0.14065811,0.14150527,0.14235024,0.14318658,0.14400774,0.1448073,0.14557868,0.14631544,0.14701112,0.14765918,0.14825311,0.14878647,0.14925271,0.14964539,0.14995797,0.150184,0.150317,0.1503504,0.15027776,0.15009262,0.14978845,0.14935873,0.14879702,0.14813773,0.14742145,0.14665098,0.14582917,0.14495882,0.14404267,0.1430836,0.14208435,0.14104775,0.13997658,0.13887368,0.1377418,0.13658378,0.13540244,0.13420054,0.13298088,0.13174629,0.13049956,0.12924348,0.1279809,0.12671454,0.12544726,0.12418183,0.122921094,0.121667854,0.12042485,0.119194895,0.117980875,0.1167855,0.11561162,0.11446199,0.113339484,0.112299606,0.11139174,0.1106094,0.10994608,0.10939529,0.10895057,0.10860541,0.10835325,0.10818769,0.10810221,0.10809032,0.10814551,0.10826129,0.10843117,0.10864867
0.13147306,0.1313593,0.13126361,0.1311889,0.13113795,0.13111368,0.1311189,0.13115652,0.13122937,0.13134025,0.1314921,0.13168772,0.13193002,0.1322218,0.13256592,0.1329653,0.13342273,0.13394414,0.13452925,0.13517141,0.13586408,0.13660058,0.13737448,0.13817903,0.13900778,0.13985403,0.1407113,0.14157297,0.14243245,0.14328314,0.14411841,0.14493181,0.14571661,0.14646633,0.14717433,0.14783405,0.1484389,0.1489823,0.14945763,0.14985836,0.15017785,0.1504096,0.15054688,0.15058327,0.15051207,0.15032673,0.15002069,0.14958733,0.1490201,0.14835371,0.14762929,0.14684963,0.14601764,0.14513612,0.14420795,0.143236,0.1422231,0.14117213,0.14008595,0.13896738,0.13781932,0.1366446,0.13544604,0.13422659,0.132989,0.13173622,0.13047107,0.12919636,0.12791501,0.12662984,0.12534373,0.12405952,0.12278007,0.12150826,0.12024688,0.11899885,0.11776701,0.11655421,0.11536329,0.11419713,0.11305857,0.11200392,0.11108314,0.1102897,0.10961692,0.109058335,0.108607285,0.108257174,0.108001485,0.10783355,0.10774687,0.1077348,0.10779077,0.10790818,0.10808049,0.10830109
0.13139792,0.13128267,0.13118574,0.13111004,0.13105845,0.13103387,0.13103917,0.13107726,0.13115107,0.13126338,0.13141719,0.13161537,0.13186078,0.13215634,0.13250491,0.13290946,0.13337281,0.1339009,0.13449323,0.13514319,0.1358441,0.1365893,0.13737221,0.13818616,0.13902445,0.13988048,0.14074758,0.1416191,0.14248842,0.14334892,0.14419383,0.14501664,0.1458106,0.14656916,0.14728557,0.14795321,0.1485655,0.14911573,0.14959729,0.1500035,0.15032771,0.15056331,0.15070358,0.15074196,0.15067175,0.1504863,0.15017897,0.14974314,0.14917214,0.14850098,0.14777097,0.14698502,0.14614606,0.14525695,0.14432058,0.14333989,0.1423177,0.1412569,0.14016047,0.13903123,0.13787211,0.136686,0.13547577,0.1342443,0.13299455,0.13172936,0.13045163,0.12916423,0.12787011,0.12657212,0.12527317,0.12397616,0.122683965,0.12139951,0.12012561,0.11886523,0.11762126,0.11639656,0.11519403,0.114016585,0.112867124,0.111802384,0.11087282,0.110071786,0.10939261,0.10882868,0.10837331,0.10801989,0.107761726,0.10759221,0.10750468,0.107492514,0.107549,0.10766754,0.10784151,0.108064204
0.13136211,0.13124615,0.13114864,0.13107248,0.13102058,0.13099584,0.13100114,0.13103949,0.13111374,0.13122673,0.13138148,0.13158084,0.13182776,0.13212515,0.13247585,0.13288286,0.13334902,0.13388027,0.13447604,0.13512972,0.13583457,0.13658395,0.13737118,0.13818952,0.1390324,0.13989305,0.14076485,0.1416411,0.14251514,0.14338025,0.14422978,0.14505707,0.14585541,0.14661816,0.14733858,0.14801005,0.14862588,0.14917937,0.14966384,0.15007266,0.15039912,0.15063654,0.15077826,0.1508176,0.15074785,0.15056236,0.15025443,0.14981739,0.14924459,0.14857113,0.14783849,0.14704958,0.1462073,0.14531454,0.14437427,0.14338934,0.14236273,0.1412973,0.14019598,0.13906166,0.13789728,0.13670574,0.13548991,0.13425277,0.1329972,0.13172607,0.13044237,0.12914893,0.12784874,0.12654461,0.12523955,0.12393644,0.122638136,0.121347636,0.12006782,0.11880155,0.11755179,0.11632143,0.11511336,0.113930546,0.11277588,0.11170631,0.110772565,0.10996791,0.10928568,0.10871922,0.1082618,0.10790675,0.10764745,0.107477166,0.107389234,0.107377015,0.10743377,0.10755285,0.107727565,0.10795127
0.1313698,0.131254,0.13115665,0.13108057,0.13102876,0.131004,0.13100936,0.13104764,0.13112174,0.13123462,0.13138917,0.1315883,0.1318349,0.13213186,0.13248213,0.13288859,0.13335416,0.13388471,0.13447976,0.1351326,0.1358366,0.1365851,0.13737138,0.1381888,0.13903067,0.13989034,0.14076112,0.14163636,0.14250939,0.14337347,0.14422204,0.14504834,0.14584574,0.14660756,0.14732713,0.1479978,0.14861286,0.14916563,0.14964952,0.15005776,0.15038373,0.15062074,0.15076214,0.15080127,0.15073141,0.15054595,0.15023816,0.14980139,0.14922898,0.14855601,0.14782391,0.14703564,0.14619406,0.14530212,0.14436266,0.14337866,0.14235301,0.1412886,0.14018832,0.13905512,0.13789186,0.13670148,0.13548687,0.13425094,0.13299662,0.13172677,0.13044435,0.12915225,0.12785333,0.12655054,0.12524682,0.123945005,0.12264803,0.121358834,0.120080285,0.11881527,0.11756676,0.11633764,0.115130775,0.11394913,0.11279555,0.11172706,0.1107942,0.10999032,0.10930876,0.108742826,0.10828585,0.10793116,0.107672095,0.10750198,0.10741414,0.10740191,0.107458636,0.1075776,0.107752144,0.10797562
0.1314253,0.13131058,0.13121413,0.13113877,0.13108742,0.13106297,0.13106824,0.13110614,0.1311796,0.1312914,0.13144448,0.13164172,0.13188602,0.1321802,0.13252717,0.1329298,0.133391,0.13391665,0.13450636,0.13515346,0.13585138,0.13659343,0.13737302,0.13818358,0.13901837,0.13987085,0.14073436,0.1416023,0.14246802,0.14332493,0.14416635,0.14498569,0.14577633,0.14653166,0.14724503,0.14790979,0.14851935,0.1490671,0.1495464,0.14995058,0.15027308,0.15050726,0.15064648,0.15068409,0.15061355,0.15042813,0.15012129,0.14968635,0.14911674,0.14844729,0.14771932,0.14693569,0.14609925,0.14521292,0.14427952,0.14330201,0.14228319,0.14122601,0.1401333,0.13900796,0.13785286,0.13667089,0.13546492,0.13423786,0.13299252,0.13173187,0.13045871,0.12917596,0.12788649,0.12659319,0.1252989,0.12400654,0.12271901,0.121439114,0.12016981,0.11891393,0.117674395,0.11645402,0.11525571,0.1140824,0.11293689,0.11187584,0.11094948,0.11015122,0.10947438,0.10891237,0.10845858,0.10810636,0.10784912,0.107680164,0.10759296,0.10758081,0.10763711,0.10775525,0.107928604,0.108150534
0.13153279,0.13142018,0.13132547,0.13125153,0.13120109,0.13117708,0.13118227,0.13121949,0.13129155,0.13140133,0.1315516,0.1317452,0.13198502,0.13227382,0.1326144,0.13300966,0.13346238,0.13397855,0.13455789,0.13519387,0.13587992,0.13660955,0.13737622,0.1381734,0.13899453,0.13983306,0.14068252,0.14153631,0.14238793,0.14323084,0.14405851,0.1448644,0.14564194,0.14638466,0.14708595,0.14773937,0.14833832,0.14887626,0.1493467,0.14974304,0.15005882,0.15028745,0.15042241,0.15045717,0.15038525,0.1502,0.14989494,0.14946358,0.14889933,0.14823678,0.14751677,0.1467421,0.14591561,0.14504014,0.14411847,0.14315349,0.14214799,0.1411048,0.14002672,0.13891666,0.13777736,0.13661167,0.13542245,0.1342125,0.13298462,0.13174169,0.13048647,0.12922187,0.12795067,0.1266757,0.12539978,0.12412574,0.12285644,0.12159466,0.12034322,0.11910499,0.1178828,0.11667942,0.11549772,0.114340544,0.11321065,0.112164,0.11125022,0.11046278,0.10979514,0.109240755,0.10879313,0.10844571,0.108191945,0.10802529,0.10793926,0.10792728,0.10798284,0.10809934,0.10827036,0.10848927
0.13169642,0.13158703,0.13149506,0.13142319,0.13137421,0.13135089,0.1313559,0.13139206,0.13146208,0.13156873,0.13171472,0.13190283,0.1321358,0.13241634,0.13274726,0.13313125,0.13357106,0.13407278,0.13463634,0.13525537,0.13592345,0.13663413,0.1373811,0.13815793,0.13895822,0.13977556,0.14060353,0.14143583,0.14226599,0.1430876,0.14389427,0.14467964,0.14543724,0.14616075,0.14684378,0.14747985,0.1480626,0.14858563,0.14904253,0.14942698,0.14973252,0.14995271,0.1500812,0.15011163,0.15003756,0.14985254,0.14955029,0.14912432,0.14856826,0.14791618,0.14720829,0.1464473,0.14563596,0.14477699,0.14387323,0.14292732,0.14194208,0.14092019,0.13986441,0.13877758,0.13766235,0.13652149,0.13535774,0.13417383,0.13297255,0.13175663,0.13052881,0.12929183,0.12804843,0.12680137,0.12555338,0.12430728,0.12306573,0.121831484,0.12060731,0.119395964,0.11820019,0.11702269,0.115866244,0.11473363,0.11362754,0.11260284,0.111708194,0.110937245,0.11028361,0.109740876,0.10930262,0.108962454,0.10871404,0.10855086,0.108466625,0.10845492,0.108509295,0.10862338,0.10879079,0.10900511
0.13192049,0.1318155,0.1317272,0.13165823,0.13161121,0.13158882,0.13159366,0.13162833,0.13169557,0.13179791,0.13193806,0.13211861,0.13234222,0.13261153,0.13292913,0.13329771,0.13371988,0.1342018,0.13474376,0.13533956,0.13598296,0.13666779,0.13738777,0.13813674,0.13890849,0.13969679,0.14049546,0.14129826,0.142099,0.14289144,0.14366941,0.14442669,0.14515702,0.14585423,0.14651214,0.1471245,0.14768507,0.14818774,0.1486262,0.14899425,0.14928575,0.14949442,0.14961407,0.14963852,0.14956154,0.14937688,0.1490784,0.14865984,0.14811501,0.14747725,0.14678596,0.14604367,0.14525306,0.14441676,0.14353743,0.14261769,0.14166014,0.14066744,0.13964227,0.1385872,0.13750489,0.136398,0.13526912,0.13412094,0.13295606,0.13177711,0.13058673,0.12938759,0.12818226,0.12697347,0.12576376,0.1245558,0.12335226,0.12215575,0.12096889,0.11979433,0.118634716,0.117492676,0.11637083,0.11527184,0.11419832,0.113203615,0.11233522,0.11158687,0.110952385,0.11042556,0.11000015,0.109669976,0.109428786,0.109270416,0.10918866,0.10917727,0.10923004,0.10934082,0.10950333,0.109711364
0.13220915,0.13210985,0.1320263,0.13196103,0.13191657,0.13189536,0.13189995,0.13193277,0.13199636,0.13209322,0.1322258,0.13239662,0.13260818,0.13286296,0.13316347,0.13351217,0.13391161,0.13436803,0.13488218,0.13544805,0.13605969,0.1367111,0.13739635,0.13810945,0.13884445,0.13959536,0.1403562,0.14112106,0.14188386,0.14263876,0.14337972,0.14410077,0.14479597,0.14545932,0.14608487,0.14666668,0.14719874,0.14767507,0.14808974,0.14843675,0.14871013,0.14890398,0.14901222,0.14902899,0.14894825,0.14876404,0.14847039,0.1480614,0.147531,0.14691177,0.1462418,0.14552365,0.14475977,0.14395267,0.14310479,0.14221874,0.14129691,0.14034183,0.139356,0.13834193,0.13730206,0.1362389,0.13515498,0.13405278,0.1329348,0.13180348,0.13066138,0.12951095,0.12835471,0.12719515,0.12603475,0.124876015,0.123721436,0.122573525,0.12143473,0.12030758,0.119194575,0.118098184,0.11702091,0.11596527,0.114933714,0.11397771,0.1131431,0.112423845,0.11181405,0.111307696,0.11089884,0.1105815,0.11034971,0.11019751,0.110118926,0.11010798,0.11015872,0.11026515,0.11042132,0.110621296
0.1325667,0.13247436,0.13239673,0.13233607,0.13229474,0.13227502,0.13227928,0.13230981,0.1323689,0.13245888,0.13258214,0.13274093,0.13293755,0.13317437,0.13345365,0.13377778,0.13414903,0.1345739,0.1350536,0.13558242,0.13615473,0.13676478,0.13740699,0.13807566,0.13876513,0.13946971,0.14018372,0.14090152,0.14161745,0.14232582,0.14302093,0.14369716,0.14434882,0.14497024,0.14555576,0.14609967,0.14659639,0.14704017,0.14742537,0.1477463,0.14799732,0.14817272,0.14826687,0.14827411,0.14818873,0.14800505,0.14771743,0.14732024,0.14680777,0.14621142,0.14556794,0.14487961,0.14414883,0.14337786,0.14256902,0.14172468,0.14084707,0.13993858,0.13900149,0.13803811,0.13705082,0.1360419,0.13501364,0.13396838,0.13290843,0.13183615,0.1307538,0.12966375,0.12856828,0.1274697,0.12637037,0.12527257,0.124178655,0.123090886,0.12201166,0.12094323,0.11988792,0.11884807,0.117825985,0.11682401,0.11584443,0.114936374,0.11414356,0.11346039,0.11288116,0.1124002,0.11201181,0.11171038,0.11149021,0.111345656,0.11127099,0.11126058,0.111308806,0.111409895,0.11155825,0.11174818
0.13299729,0.13291338,0.13284281,0.13278773,0.13275017,0.13273226,0.13273612,0.13276383,0.13281757,0.13289933,0.13301131,0.13315555,0.13333423,0.13354936,0.13380314,0.13409767,0.13443497,0.13482183,0.13526002,0.13574421,0.13626912,0.13682942,0.13741979,0.13803497,0.1386696,0.13931838,0.139976,0.14063717,0.14129658,0.14194891,0.14258884,0.14321107,0.1438103,0.14438123,0.14491852,0.14541686,0.14587097,0.14627554,0.14662524,0.14691477,0.14713882,0.14729206,0.14736922,0.14736496,0.14727399,0.14709097,0.14681067,0.1464277,0.14593674,0.14536797,0.14475635,0.144104,0.14341307,0.1426856,0.14192377,0.14112964,0.14030531,0.13945292,0.13857453,0.13767229,0.13674825,0.13580461,0.1348434,0.13386673,0.13287671,0.13187547,0.13086511,0.12984775,0.12882547,0.12780036,0.12677455,0.12575015,0.12472927,0.12371398,0.12270644,0.121708736,0.12072294,0.11975118,0.11879558,0.117858246,0.11694124,0.11609089,0.115348466,0.1147087,0.1141663,0.11371589,0.11335221,0.113069914,0.11286377,0.11272838,0.11265846,0.11264874,0.11269386,0.112788565,0.11292747,0.11310532
0.13350509,0.13343115,0.13336898,0.13332039,0.13328733,0.13327153,0.13327493,0.13329938,0.1333467,0.13341881,0.13351747,0.13364463,0.13380207,0.1339917,0.1342154,0.13447493,0.13477226,0.13511425,0.13550352,0.13593505,0.13640408,0.13690566,0.13743493,0.13798696,0.13855691,0.1391399,0.13973102,0.14032538,0.14091815,0.14150439,0.1420792,0.14263779,0.14317518,0.14368652,0.14416692,0.14461152,0.1450154,0.1453737,0.14568156,0.145934,0.14612624,0.14625336,0.14631048,0.14629269,0.14619511,0.14601292,0.14574113,0.14537494,0.14490944,0.14437315,0.14379914,0.14318924,0.14254527,0.14186916,0.14116275,0.14042784,0.13966633,0.1388801,0.13807097,0.13724077,0.13639143,0.13552475,0.1346426,0.13374685,0.13283932,0.13192187,0.1309964,0.1300648,0.1291288,0.12819035,0.12725128,0.12631343,0.12537871,0.12444891,0.12352593,0.12261161,0.12170779,0.120816365,0.119939156,0.11907805,0.11823487,0.11745258,0.1167696,0.11618104,0.11568203,0.11526772,0.114933126,0.114673465,0.11448378,0.11435922,0.1142949,0.11428595,0.11432748,0.11441457,0.11454238,0.114705995
0.1340944,0.13403203,0.13397957,0.13393857,0.13391063,0.13389732,0.13390021,0.1339208,0.13396075,0.1340216,0.13410485,0.13421212,0.134345,0.13450503,0.13469374,0.13491274,0.13516364,0.13545363,0.13578603,0.13615653,0.1365607,0.13699415,0.13745245,0.13793124,0.13842617,0.13893276,0.13944672,0.13996357,0.14047897,0.14098851,0.14148782,0.14197247,0.14243811,0.14288032,0.14329474,0.14367692,0.14402255,0.14432718,0.14458643,0.14479591,0.14495124,0.14504804,0.14508185,0.14504838,0.14494316,0.14476185,0.14450003,0.14415333,0.1437173,0.14321876,0.14268833,0.14212766,0.14153826,0.14092173,0.14027959,0.13961345,0.13892487,0.13821538,0.13748658,0.13674004,0.13597733,0.13519998,0.13440958,0.13360769,0.13279589,0.13197573,0.1311488,0.13031662,0.12948081,0.12864292,0.1278045,0.12696709,0.12613232,0.12530173,0.12447686,0.12365935,0.12285066,0.12205245,0.1212662,0.120493576,0.11973606,0.119032755,0.11841873,0.117889605,0.11744099,0.11706848,0.116767675,0.11653422,0.1163637,0.11625172,0.11619391,0.116185844,0.116223186,0.11630148,0.1164164,0.11656349
0.13476941,0.13472025,0.13467892,0.13464662,0.13462462,0.13461411,0.13461639,0.13463263,0.13466412,0.13471203,0.13477765,0.13486218,0.13496687,0.13509294,0.13524167,0.13541424,0.1356119,0.1358423,0.13610967,0.1364102,0.13674009,0.13709548,0.13747253,0.13786745,0.1382764,0.13869555,0.13912109,0.13954915,0.13997597,0.14039765,0.14081043,0.14121047,0.14159389,0.14195693,0.14229573,0.14260648,0.14288533,0.14312848,0.14333208,0.14349233,0.14360538,0.1436674,0.14367463,0.14362314,0.14350916,0.14332888,0.14307845,0.14275403,0.14235182,0.14189647,0.14141603,0.14091174,0.14038482,0.1398365,0.13926803,0.13868062,0.13807555,0.13745402,0.13681725,0.1361665,0.135503,0.13482799,0.13414268,0.13344833,0.13274617,0.13203742,0.13132332,0.13060512,0.12988403,0.12916128,0.12843814,0.1277158,0.12699553,0.12627855,0.12556611,0.124859415,0.124159716,0.12346824,0.12278623,0.12211493,0.121455535,0.1208427,0.12030766,0.119846605,0.119455695,0.1191311,0.118869014,0.118665576,0.118517,0.118419416,0.11836904,0.11836204,0.11839455,0.118462786,0.11856291,0.11869109
0.1355195,0.13548492,0.13545579,0.13543308,0.13541755,0.1354102,0.13541177,0.13542321,0.13544537,0.13547908,0.1355253,0.13558479,0.13565852,0.13574728,0.13585198,0.13597347,0.13611263,0.13627748,0.13647328,0.13669692,0.13694508,0.13721466,0.1375024,0.13780506,0.1381195,0.13844249,0.13877082,0.13910127,0.13943066,0.1397558,0.14007342,0.1403804,0.14067346,0.14094943,0.14120509,0.14143725,0.14164269,0.14181823,0.14196064,0.14206672,0.14213325,0.14215702,0.14213486,0.14206356,0.14193992,0.14176069,0.14152269,0.14122277,0.14085758,0.14044967,0.14002405,0.13958168,0.13912334,0.13864999,0.13816242,0.13766153,0.13714817,0.13662326,0.13608761,0.13554208,0.13498762,0.13442506,0.13385524,0.13327907,0.13269736,0.13211103,0.13152093,0.13092794,0.13033293,0.12973675,0.1291403,0.12854442,0.12794998,0.12735784,0.12676889,0.12618403,0.12560411,0.1250299,0.12446241,0.12390245,0.12335087,0.122837454,0.12238918,0.12200293,0.121675424,0.121403486,0.121183895,0.121013485,0.120888986,0.12080724,0.12076505,0.12075916,0.120786406,0.12084357,0.12092747,0.121034846
0.1363273,0.1363081,0.13629194,0.13627931,0.13627072,0.13626659,0.1362675,0.13627386,0.13628617,0.13630487,0.1363305,0.13636357,0.13640444,0.13645369,0.13651183,0.13657922,0.13665646,0.13675195,0.13687208,0.13701427,0.13717605,0.13735482,0.13754806,0.13775314,0.13796763,0.13818888,0.1384144,0.13864161,0.13886796,0.13909096,0.13930798,0.13951649,0.13971393,0.1398978,0.14006549,0.14021452,0.1403423,0.14044625,0.14052391,0.14057262,0.1405899,0.14057316,0.14051989,0.14042754,0.14029351,0.1401153,0.13989033,0.13961606,0.13928998,0.13893202,0.13856429,0.13818721,0.13780129,0.13740702,0.1370049,0.13659532,0.1361789,0.13575605,0.13532719,0.13489288,0.13445361,0.13400985,0.13356206,0.13311073,0.1326563,0.13219938,0.13174032,0.13127968,0.13081792,0.13035549,0.1298929,0.12943064,0.12896919,0.12850904,0.12805061,0.12759449,0.12714104,0.12669085,0.12624432,0.125802,0.12536433,0.12495593,0.12459938,0.12429212,0.12403162,0.123815306,0.123640634,0.12350506,0.12340604,0.123341024,0.123307444,0.12330278,0.123324454,0.12336992,0.12343664,0.12352205
0.13718681,0.13718376,0.1371812,0.13717921,0.13717782,0.13717718,0.13717733,0.13717833,0.13718028,0.13718325,0.1371873,0.13719256,0.13719906,0.13720684,0.13721605,0.13722676,0.137239,0.13726166,0.13730232,0.13735917,0.1374303,0.1375138,0.13760789,0.13771063,0.13782026,0.13793479,0.13805246,0.1381714,0.13828968,0.13840547,0.13851693,0.13862218,0.13871937,0.13880661,0.13888207,0.13894387,0.1389901,0.13901903,0.13902865,0.13901715,0.13898271,0.13892342,0.13883743,0.1387229,0.13857794,0.13840067,0.13818927,0.13794184,0.13765652,0.13735086,0.13704365,0.13673498,0.1364249,0.13611348,0.13580081,0.13548698,0.13517204,0.1348561,0.13453922,0.13422146,0.13390288,0.13358364,0.1332637,0.13294326,0.1326223,0.13230096,0.13197927,0.13165735,0.13133521,0.13101299,0.13069077,0.13036856,0.13004649,0.12972462,0.12940304,0.12908182,0.12876104,0.12844074,0.12812105,0.12780201,0.12748371,0.12718534,0.12692489,0.12670046,0.12651014,0.12635213,0.12622452,0.1261255,0.12605314,0.12600568,0.12598114,0.12597771,0.12599356,0.12602678,0.12607549,0.1261379
0.13809207,0.13810588,0.13811748,0.13812654,0.1381327,0.13813564,0.13813497,0.13813046,0.13812162,0.13810818,0.13808976,0.13806602,0.13803668,0.13800131,0.13795957,0.13791119,0.13785571,0.13780256,0.13776049,0.1377284,0.13770507,0.13768941,0.13768023,0.13767642,0.13767682,0.1376803,0.13768567,0.13769183,0.13769756,0.13770181,0.13770337,0.13770106,0.13769382,0.13768044,0.13765982,0.13763075,0.13759215,0.13754281,0.1374816,0.1374074,0.13731907,0.1372154,0.13709526,0.1369576,0.13680114,0.1366248,0.13642737,0.1362078,0.1359649,0.13571356,0.13546927,0.13523166,0.13500042,0.1347752,0.13455556,0.1343413,0.13413198,0.13392727,0.13372684,0.13353032,0.13333738,0.13314767,0.13296087,0.13277656,0.1325945,0.13241424,0.1322355,0.1320579,0.13188116,0.13170482,0.13152862,0.1313522,0.13117519,0.13099724,0.13081804,0.13063721,0.13045444,0.13026936,0.13008161,0.12989086,0.12969677,0.12951295,0.12935247,0.12921414,0.1290969,0.12899955,0.12892093,0.12885989,0.12881532,0.12878607,0.12877093,0.12876882,0.12877859,0.12879905,0.12882912,0.12886755
0.13903712,0.13906834,0.13909459,0.13911508,0.13912909,0.13913575,0.13913429,0.13912396,0.13910398,0.13907357,0.13903189,0.13897821,0.13891175,0.1388317,0.13873728,0.13862768,0.13850218,0.13837054,0.1382429,0.13811874,0.13799775,0.13787946,0.13776352,0.13764946,0.13753691,0.13742544,0.13731465,0.13720414,0.13709348,0.13698228,0.13687012,0.1367566,0.13664134,0.13652386,0.13640383,0.13628078,0.13615432,0.13602406,0.13588957,0.13575046,0.13560629,0.13545671,0.13530123,0.13513952,0.13497114,0.13479565,0.13461268,0.13442181,0.13422264,0.1340274,0.1338481,0.13368393,0.13353416,0.13339795,0.13327456,0.13316318,0.13306302,0.1329733,0.13289323,0.13282208,0.13275902,0.13270326,0.13265403,0.13261056,0.13257207,0.1325377,0.13250676,0.13247845,0.13245194,0.13242649,0.1324013,0.13237558,0.13234854,0.13231944,0.13228744,0.13225181,0.13221173,0.1321664,0.13211511,0.132057,0.13199131,0.13192587,0.13186875,0.1318195,0.13177778,0.13174313,0.13171515,0.13169342,0.13167755,0.1316671,0.13166174,0.13166101,0.13166447,0.13167174,0.13168246,0.13169613
0.14001599,0.14006513,0.14010645,0.14013875,0.14016074,0.14017123,0.14016896,0.14015272,0.14012124,0.14007336,0.1400078,0.13992327,0.13981864,0.13969263,0.13954397,0.13937148,0.13917392,0.1389616,0.13874587,0.13852711,0.13830565,0.13808185,0.13785605,0.1376286,0.13739988,0.13717024,0.13694,0.13670954,0.13647917,0.13624926,0.1360202,0.13579232,0.13556592,0.1353414,0.13511914,0.13489944,0.13468267,0.13446917,0.1342593,0.1340534,0.13385183,0.13365494,0.13346308,0.13327663,0.1330959,0.13292126,0.13275306,0.13259163,0.13243736,0.13229974,0.13218717,0.13209848,0.13203238,0.13198766,0.1319631,0.13195743,0.13196945,0.13199793,0.13204163,0.13209932,0.13216971,0.13225165,0.13234384,0.1324451,0.13255417,0.1326698,0.13279079,0.13291588,0.13304387,0.13317353,0.13330354,0.13343276,0.1335599,0.13368376,0.13380311,0.13391669,0.1340233,0.13412164,0.13421057,0.1342888,0.13435511,0.13441136,0.13446045,0.13450277,0.13453865,0.13456844,0.1345925,0.13461114,0.13462476,0.13463375,0.13463837,0.13463902,0.13463603,0.13462977,0.13462058,0.1346088
0.14102271,0.1410902,0.14114693,0.14119127,0.14122143,0.14123584,0.14123271,0.14121045,0.14116724,0.1411015,0.14101145,0.1408954,0.1407517,0.14057869,0.14037462,0.14013776,0.13986649,0.1395716,0.13926582,0.13895024,0.13862604,0.13829434,0.13795623,0.13761285,0.13726532,0.13691479,0.13656238,0.13620923,0.13585646,0.1355052,0.13515654,0.13481167,0.13447165,0.13413769,0.13381083,0.13349229,0.13318308,0.13288444,0.13259746,0.13232327,0.13206296,0.1318177,0.13158862,0.1313768,0.13118342,0.13100958,0.13085644,0.13072509,0.13061665,0.13053788,0.1304935,0.13048188,0.13050133,0.13055012,0.1306266,0.13072902,0.13085571,0.13100499,0.13117518,0.13136455,0.13157143,0.13179411,0.1320309,0.13228013,0.13254003,0.13280903,0.13308534,0.13336733,0.13365321,0.13394138,0.13423012,0.13451773,0.13480252,0.13508278,0.13535687,0.13562301,0.13587955,0.13612482,0.1363571,0.1365747,0.13677593,0.13695659,0.13711427,0.13725016,0.1373654,0.13746107,0.13753836,0.13759829,0.13764206,0.1376708,0.13768567,0.13768776,0.13767818,0.13765806,0.13762854,0.13759075
0.14205134,0.14213747,0.1422099,0.14226644,0.142305,0.14232339,0.14231943,0.14229095,0.14223582,0.14215186,0.14203693,0.14188881,0.14170542,0.14148454,0.14122403,0.14092171,0.14057541,0.14019655,0.13979912,0.13938507,0.13895632,0.13851477,0.13806239,0.13760102,0.13713264,0.13665915,0.13618246,0.13570449,0.13522717,0.13475238,0.13428208,0.13381816,0.13336258,0.13291721,0.13248399,0.13206482,0.13166167,0.13127638,0.13091092,0.13056718,0.13024709,0.12995261,0.1296856,0.12944797,0.12924169,0.12906863,0.12893072,0.12882994,0.1287681,0.12874912,0.1287741,0.12884088,0.12894729,0.12909119,0.12927039,0.1294827,0.12972605,0.12999824,0.13029706,0.13062039,0.13096608,0.1313319,0.13171579,0.1321155,0.1325289,0.13295387,0.13338816,0.13382967,0.13427627,0.13472572,0.13517588,0.13562462,0.13606972,0.13650908,0.13694052,0.13736185,0.13777095,0.13816562,0.13854373,0.13890311,0.13924155,0.13954872,0.1398169,0.14004798,0.1402439,0.1404066,0.14053795,0.1406399,0.14071438,0.14076328,0.14078851,0.14079204,0.14077576,0.14074156,0.14069138,0.14062712
0.14309585,0.14320086,0.14328916,0.14335814,0.14340517,0.14342758,0.14342272,0.14338803,0.14332081,0.14321843,0.14307828,0.14289771,0.14267406,0.14240475,0.14208707,0.14171848,0.14129624,0.14083228,0.14034209,0.13982832,0.13929373,0.138741,0.1381729,0.1375921,0.13700137,0.13640334,0.13580082,0.13519648,0.13459305,0.13399324,0.13339977,0.13281536,0.13224272,0.13168456,0.13114363,0.13062264,0.13012426,0.12965126,0.12920633,0.12879221,0.1284116,0.12806723,0.12776178,0.12749802,0.12727866,0.12710638,0.12698391,0.126914,0.12689932,0.12694083,0.12703599,0.12718211,0.12737654,0.12761666,0.12789986,0.12822345,0.12858486,0.12898137,0.12941043,0.12986939,0.13035555,0.13086633,0.13139908,0.13195114,0.13251995,0.13310274,0.13369699,0.13430007,0.13490924,0.13552195,0.13613553,0.13674736,0.1373548,0.1379552,0.13854593,0.13912436,0.13968788,0.14023381,0.14075951,0.1412624,0.14173977,0.142175,0.14255497,0.14288244,0.14316005,0.14339058,0.14357674,0.14372118,0.14382672,0.143896,0.14393176,0.14393675,0.14391366,0.14386521,0.14379409,0.14370309
0.14415033,0.14427437,0.14437869,0.14446017,0.14451571,0.14454216,0.14453647,0.14449547,0.14441606,0.14429511,0.14412954,0.14391626,0.14365207,0.14333394,0.1429587,0.14252327,0.1420245,0.14147484,0.14089112,0.1402769,0.13963561,0.13897088,0.13828616,0.13758501,0.13687095,0.13614748,0.13541812,0.13468644,0.13395596,0.13323012,0.13251254,0.1318067,0.1311161,0.13044432,0.12979485,0.12917121,0.12857692,0.12801552,0.1274905,0.12700544,0.12656385,0.12616916,0.12582503,0.1255349,0.12530231,0.1251308,0.12502387,0.12498504,0.12501785,0.12512037,0.12528619,0.12551223,0.12579533,0.12613243,0.12652038,0.12695608,0.12743641,0.1279583,0.12851855,0.12911409,0.12974182,0.13039865,0.13108137,0.13178697,0.13251226,0.13325419,0.13400961,0.13477539,0.13554844,0.13632564,0.13710389,0.13788006,0.13865104,0.13941371,0.14016497,0.1409017,0.14162078,0.14231911,0.14299355,0.143641,0.14425837,0.14482264,0.14531526,0.1457398,0.14609972,0.14639862,0.14663991,0.14682725,0.14696403,0.1470539,0.14710028,0.14710672,0.14707677,0.14701395,0.14692178,0.14680374
0.14520878,0.14535192,0.14547229,0.14556631,0.14563037,0.14566092,0.14565434,0.14560704,0.1455154,0.14537586,0.1451848,0.14493868,0.14463384,0.14426672,0.14383373,0.14333126,0.14275573,0.14212008,0.1414426,0.14072755,0.13997929,0.13920218,0.13840051,0.13757862,0.13674085,0.13589157,0.13503501,0.13417563,0.13331763,0.13246544,0.13162334,0.1307957,0.12998684,0.12920102,0.12844267,0.1277161,0.12702559,0.12637551,0.1257702,0.12521397,0.12471113,0.12426605,0.12388307,0.12356649,0.12332064,0.12314991,0.12305851,0.123050906,0.123131335,0.12329497,0.12353168,0.12383787,0.12420995,0.1246443,0.12513733,0.12568544,0.12628509,0.12693267,0.1276245,0.12835713,0.12912683,0.1299301,0.13076328,0.13162284,0.13250516,0.13340662,0.1343237,0.13525273,0.13619013,0.13713232,0.13807575,0.13901673,0.13995175,0.14087719,0.14178947,0.14268492,0.14356005,0.14441125,0.14523485,0.14602734,0.14678508,0.14747876,0.14808442,0.14860632,0.14904882,0.14941624,0.14971292,0.1499432,0.15011136,0.15022184,0.15027885,0.15028681,0.15024999,0.15017274,0.1500594,0.1499143
0.14626525,0.14642742,0.14656384,0.1466704,0.146743,0.1467776,0.14677016,0.14671654,0.1466127,0.14645457,0.14623809,0.14595917,0.14561374,0.1451977,0.14470704,0.14413765,0.14348547,0.14276397,0.14199279,0.14117713,0.14032206,0.13943274,0.1385143,0.13757187,0.13661061,0.13563564,0.13465214,0.13366516,0.13267994,0.13170154,0.13073513,0.12978587,0.12885885,0.12795925,0.12709221,0.12626281,0.12547623,0.12473761,0.1240521,0.123424806,0.12286089,0.12236548,0.1219437,0.12160073,0.12134166,0.12117163,0.121095836,0.12111938,0.12124735,0.12147207,0.12177954,0.12216578,0.122626655,0.1231581,0.12375608,0.124416456,0.1251352,0.12590826,0.12673153,0.12760095,0.12851247,0.12946197,0.13044539,0.13145868,0.13249776,0.13355856,0.13463703,0.13572904,0.13683055,0.13793753,0.13904582,0.14015144,0.14125024,0.14233819,0.14341117,0.14446522,0.14549614,0.14649995,0.14747252,0.1484098,0.14930773,0.15013067,0.15084912,0.15146826,0.1519932,0.15242906,0.15278102,0.1530542,0.15325375,0.15338475,0.1534524,0.15346181,0.15341814,0.15332653,0.15319206,0.15301993
0.14731374,0.14749485,0.1476472,0.14776623,0.14784734,0.14788598,0.14787762,0.14781776,0.1477018,0.1475252,0.14728342,0.14697193,0.14658612,0.14612152,0.14557353,0.14493765,0.14420927,0.14340247,0.14253822,0.14162253,0.14066127,0.13966042,0.13862592,0.13756366,0.13647966,0.13537984,0.13427006,0.13315634,0.13204463,0.13094082,0.12985088,0.12878071,0.1277363,0.12672357,0.12574846,0.124816924,0.12393487,0.123108275,0.12234305,0.12164512,0.121020466,0.12047503,0.120014735,0.11964552,0.1193733,0.11920406,0.1191437,0.119198225,0.1193735,0.11965891,0.12003675,0.12050254,0.1210517,0.12167971,0.12238196,0.12315395,0.12399111,0.124888934,0.12584281,0.12684822,0.12790065,0.12899554,0.1301283,0.13129441,0.13248932,0.13370849,0.13494734,0.1362014,0.13746604,0.13873675,0.14000899,0.14127819,0.14253975,0.14378926,0.14502205,0.14623366,0.14741947,0.148575,0.1496956,0.15077683,0.1518141,0.15276551,0.1535961,0.1543119,0.15491876,0.1554227,0.15582958,0.15614538,0.15637602,0.15652755,0.15660575,0.1566166,0.15656613,0.1564602,0.15630476,0.15610577
0.1483483,0.1485482,0.14871629,0.14884761,0.14893709,0.14897977,0.14897057,0.14890447,0.14877653,0.14858165,0.14831486,0.14797114,0.14754543,0.14703272,0.14642805,0.14572637,0.14492264,0.14403144,0.14307515,0.14206049,0.14099422,0.13988304,0.13873371,0.13755298,0.13634753,0.1351241,0.13388953,0.13265038,0.13141352,0.13018562,0.12897345,0.12778373,0.1266232,0.12549855,0.12441655,0.12338394,0.122407444,0.121493794,0.120649725,0.11988196,0.119197264,0.118602335,0.11810393,0.11770876,0.11742358,0.117255114,0.117210105,0.117295265,0.11751735,0.11786283,0.11831036,0.11885489,0.11949141,0.120214924,0.12102038,0.121902786,0.12285714,0.12387837,0.124961525,0.1261015,0.12729338,0.12853205,0.1298126,0.1311299,0.132479,0.13385482,0.13525243,0.13666676,0.1380928,0.13952553,0.14095995,0.14239097,0.14381367,0.14522299,0.14661388,0.14798138,0.14932044,0.15062605,0.15189317,0.15311682,0.15429193,0.15537044,0.15631202,0.15712342,0.15781139,0.15838261,0.15884387,0.15920186,0.15946336,0.15963505,0.15972374,0.15973607,0.15967882,0.15955874,0.15938255,0.15915698
0.14936298,0.14958133,0.14976494,0.14990836,0.15000612,0.15005271,0.15004264,0.14997049,0.14983073,0.14961787,0.14932646,0.14895101,0.148486,0.147926,0.14726552,0.14649905,0.14562115,0.14464688,0.14359994,0.14248787,0.14131819,0.14009841,0.13883606,0.13753864,0.13621362,0.1348686,0.13351104,0.13214846,0.13078842,0.12943837,0.12810586,0.12679842,0.12552354,0.12428872,0.123101495,0.12196937,0.120899916,0.119900584,0.1189789,0.11814238,0.11739859,0.11675494,0.116219066,0.11579839,0.115500465,0.1153328,0.115302905,0.115418315,0.11568651,0.11609121,0.11660731,0.1172294,0.11795201,0.118769586,0.11967672,0.120667875,0.12173761,0.1228804,0.12409082,0.12536332,0.12669252,0.12807284,0.12949882,0.13096505,0.13246596,0.13399613,0.13554999,0.13712217,0.13870712,0.14029938,0.14189349,0.14348394,0.14506523,0.14663191,0.1481785,0.14969952,0.15118946,0.15264289,0.15405427,0.15541814,0.15672906,0.15793271,0.15898359,0.15988915,0.16065696,0.16129449,0.16180928,0.16220881,0.16250065,0.16269228,0.16279125,0.162805,0.16274114,0.16260713,0.16241045,0.16215873
0.15035181,0.15058821,0.15078701,0.15094231,0.15104817,0.1510986,0.15108773,0.15100959,0.15085825,0.15062776,0.15031224,0.14990571,0.14940225,0.14879592,0.14808077,0.1472509,0.14630035,0.1452447,0.144109,0.14290152,0.14163056,0.1403044,0.13893133,0.13751958,0.13607751,0.13461332,0.13313533,0.13165186,0.13017114,0.12870143,0.12725104,0.12582827,0.12444141,0.12309866,0.12180839,0.120578825,0.11941831,0.118335046,0.11733737,0.116433516,0.11563181,0.114940524,0.1143679,0.1139223,0.11361193,0.11344507,0.11343006,0.11357513,0.113888584,0.11435129,0.114934705,0.11563283,0.11643976,0.117349565,0.118356295,0.119454026,0.120636836,0.12189876,0.12323388,0.12463632,0.12610002,0.12761912,0.12918766,0.13079976,0.13244942,0.13413075,0.13583781,0.1375646,0.13930528,0.14105386,0.14280441,0.14455105,0.14628774,0.14800863,0.14970778,0.15137921,0.153017,0.15461521,0.15616798,0.15766929,0.1591132,0.16043955,0.16159746,0.16259529,0.16344133,0.16414385,0.16471107,0.16515133,0.16547291,0.16568409,0.1657931,0.1658083,0.16573793,0.16559023,0.16537353,0.16509616
0.15130882,0.15156281,0.15177642,0.15194327,0.15205698,0.15211117,0.15209949,0.15201555,0.15185295,0.15160532,0.15126626,0.15082951,0.15028854,0.14963709,0.14886871,0.14797705,0.14695573,0.14582084,0.14459863,0.14329824,0.14192861,0.14049883,0.13901785,0.13749479,0.13593858,0.13435835,0.13276303,0.1311617,0.12956342,0.12797715,0.12641193,0.12487681,0.12338081,0.12193296,0.12054228,0.11921778,0.117968515,0.11680352,0.115731806,0.11476241,0.11390434,0.11316664,0.112558305,0.11208843,0.11176593,0.11159999,0.1115995,0.111773565,0.11213115,0.11265049,0.11329949,0.11407178,0.114960946,0.11596066,0.11706453,0.11826617,0.1195592,0.12093724,0.12239394,0.123922914,0.12551777,0.12717214,0.12887965,0.13063395,0.13242859,0.13425727,0.13611354,0.1379911,0.13988355,0.14178444,0.14368752,0.14558634,0.14747453,0.14934571,0.1511935,0.15301155,0.15479341,0.15653285,0.15822333,0.1598586,0.16143219,0.16287807,0.16414039,0.16522817,0.16615045,0.16691625,0.16753462,0.16801457,0.16836515,0.16859534,0.1687142,0.16873074,0.16865401,0.16849303,0.16825682,0.16795442
0.15222801,0.15249904,0.15272698,0.15290503,0.15302639,0.15308419,0.15307172,0.15298215,0.15280864,0.15254441,0.15218262,0.15171652,0.15113929,0.15044412,0.1496242,0.1486727,0.14758286,0.14637119,0.14506528,0.14367487,0.14220966,0.14067948,0.13909405,0.1374631,0.13579638,0.13410373,0.13239476,0.13067931,0.12896712,0.12726791,0.12559146,0.123947516,0.122345835,0.12079614,0.1193082,0.11789177,0.11655662,0.11531245,0.11416904,0.113136135,0.11222348,0.11144088,0.110797994,0.11030466,0.10997055,0.10980547,0.10981914,0.110021316,0.11042178,0.110996075,0.1117087,0.11255292,0.11352185,0.11460874,0.11580677,0.11710911,0.118509,0.11999962,0.12157417,0.12322581,0.124947764,0.12673323,0.12857541,0.13046746,0.13240266,0.1343741,0.13637504,0.13839868,0.14043818,0.14248672,0.14453758,0.14658388,0.14861886,0.15063567,0.15262754,0.15458764,0.15650922,0.15838541,0.16020945,0.16197449,0.16367377,0.1652355,0.16659898,0.16777395,0.16877016,0.16959734,0.17026526,0.17078365,0.17116234,0.17141098,0.17153935,0.17155722,0.17147435,0.17130044,0.17104532,0.17071867
0.15310344,0.15339085,0.15363257,0.15382141,0.1539501,0.15401144,0.15399821,0.15390319,0.15371917,0.15343899,0.15305531,0.15256102,0.15194885,0.15121162,0.15034209,0.14933304,0.14817728,0.14689177,0.14550525,0.1440282,0.14247105,0.14084424,0.13915825,0.13742349,0.1356504,0.13384947,0.13203113,0.13020584,0.12838401,0.12657611,0.1247926,0.12304389,0.121340506,0.1196928,0.11811125,0.11660637,0.11518851,0.113868155,0.11265578,0.1115618,0.11059668,0.109770864,0.10909478,0.10857892,0.10823368,0.10806954,0.108096935,0.10832631,0.10876812,0.1093954,0.1101694,0.11108293,0.11212875,0.11329964,0.11458837,0.11598778,0.11749061,0.11908965,0.1207777,0.12254752,0.124391906,0.12630363,0.1282755,0.1303003,0.13237078,0.13447976,0.13662,0.1387843,0.14096545,0.14315619,0.14534935,0.14753768,0.14971401,0.15187113,0.15400171,0.15609866,0.15815474,0.1601627,0.16211534,0.16400538,0.16582574,0.16749908,0.16895999,0.17021893,0.17128633,0.17217262,0.1728883,0.17344375,0.17384943,0.1741159,0.17425342,0.1742726,0.17418379,0.17399746,0.17372409,0.17337409
0.15392911,0.15423223,0.15448713,0.15468623,0.15482193,0.1548866,0.15487264,0.15477246,0.15457845,0.15428296,0.15387839,0.15335715,0.15271163,0.15193422,0.1510173,0.14995326,0.14873451,0.14737841,0.14591493,0.1443551,0.14271004,0.14099091,0.1392088,0.13737482,0.13550009,0.13359573,0.13167281,0.12974252,0.12781592,0.12590414,0.12401828,0.122169495,0.120368846,0.11862749,0.116956525,0.11536703,0.11387018,0.11247705,0.11119879,0.11004646,0.109031245,0.10816419,0.107456446,0.10691911,0.1065633,0.10640016,0.10644076,0.10669624,0.10717772,0.10785577,0.108688556,0.10966847,0.11078785,0.11203915,0.11341475,0.114907,0.11650832,0.118211105,0.12000775,0.12189059,0.1238521,0.12588462,0.12798056,0.13013227,0.1323322,0.13457268,0.13684618,0.139145,0.1414616,0.14378834,0.14611763,0.14844182,0.15075335,0.1530446,0.1553079,0.15753573,0.15972042,0.1618544,0.16393006,0.16593972,0.16787587,0.16965596,0.17121011,0.17254937,0.17368485,0.17462769,0.17538904,0.17597994,0.17641155,0.17669497,0.1768413,0.17686166,0.1767672,0.176569,0.17627817,0.17590585
0.1546991,0.15501702,0.15528442,0.1554933,0.15563565,0.15570347,0.15568885,0.15558375,0.15538023,0.15507028,0.15464589,0.15409914,0.153422,0.1526065,0.15164468,0.15052855,0.1492501,0.14782715,0.14629066,0.14465237,0.142924,0.14111735,0.13924412,0.13731605,0.13534494,0.13334247,0.13132045,0.12929058,0.12726463,0.12525433,0.123271465,0.12132772,0.11943492,0.11760475,0.11584898,0.114179365,0.112607636,0.111145526,0.10980481,0.108597234,0.107534535,0.106628485,0.105890766,0.105333164,0.10496747,0.10480536,0.10485861,0.10513896,0.10565819,0.106384546,0.107273206,0.10831619,0.10950551,0.11083319,0.112291224,0.113871664,0.115566514,0.11736777,0.119267486,0.121257655,0.12333031,0.12547745,0.1276911,0.12996331,0.13228606,0.13465138,0.13705127,0.1394778,0.14192297,0.14437872,0.14683717,0.14929028,0.15173014,0.15414865,0.15653794,0.15888995,0.16119671,0.16345032,0.1656427,0.16776589,0.16981193,0.17169338,0.17333603,0.17475154,0.17595164,0.17694817,0.17775284,0.17837736,0.17883357,0.17913312,0.17928776,0.1793093,0.17920946,0.17899999,0.17869258,0.17829905
0.1554074,0.15573929,0.1560184,0.15623643,0.156385,0.15645581,0.15644056,0.15633085,0.1561184,0.15579483,0.15535188,0.15478113,0.15407434,0.15322311,0.15221915,0.15105407,0.1497196,0.14823389,0.14662886,0.14491685,0.14311026,0.14122134,0.13926251,0.13724607,0.13518439,0.1330898,0.1309746,0.1288512,0.12673193,0.12462909,0.12255506,0.12052217,0.11854277,0.11662918,0.11479377,0.11304885,0.11140682,0.10987995,0.10848062,0.10722117,0.106113955,0.105171256,0.1044055,0.10382901,0.10345407,0.103293076,0.10335834,0.10366227,0.1042171,0.10498902,0.105930366,0.107032746,0.10828793,0.10968752,0.11122319,0.1128866,0.11466949,0.116563395,0.11856009,0.12065122,0.12282842,0.12508342,0.12740782,0.12979332,0.13223158,0.13471432,0.13723312,0.1397797,0.14234576,0.14492288,0.1475028,0.15007716,0.15263762,0.1551759,0.1576836,0.16015244,0.16257404,0.1649401,0.1672423,0.1694723,0.17162172,0.17359854,0.17532438,0.17681159,0.17807257,0.17911959,0.17996503,0.1806212,0.1811005,0.18141523,0.18157773,0.18160035,0.18149547,0.18127537,0.18095237,0.18053894
0.15604809,0.15639292,0.1566829,0.15690942,0.1570638,0.15713736,0.15712151,0.15700752,0.15678678,0.15645063,0.15599038,0.1553974,0.15466304,0.15377864,0.1527355,0.151525,0.15013853,0.14859451,0.14692582,0.14514537,0.14326604,0.14130077,0.13926236,0.1371638,0.13501796,0.13283771,0.13063599,0.12842566,0.12621965,0.124030806,0.12187205,0.1197563,0.11769642,0.11570534,0.113795914,0.11198107,0.11027369,0.10868671,0.10723297,0.10592536,0.10477682,0.10380024,0.1030085,0.1024145,0.10203115,0.10187134,0.10194794,0.10227388,0.10286206,0.10367653,0.104667015,0.10582488,0.107141405,0.10860804,0.11021602,0.111956745,0.113821544,0.11580176,0.11788876,0.12007387,0.12234842,0.12470374,0.12713122,0.12962219,0.13216798,0.13475993,0.13738939,0.14004771,0.14272623,0.14541632,0.14810926,0.15079643,0.1534692,0.15611885,0.15873678,0.16131432,0.16384278,0.16631356,0.16871794,0.17104732,0.17329302,0.17535858,0.1771619,0.1787159,0.18003348,0.1811275,0.1820109,0.18269658,0.18319736,0.18352623,0.18369603,0.18371968,0.18361005,0.18338008,0.18304262,0.18261059
0.15661514,0.15697183,0.15727182,0.1575061,0.15766579,0.15774189,0.1577255,0.15760757,0.15737927,0.15703154,0.15655546,0.15594208,0.15518248,0.15426768,0.15318869,0.15193659,0.15050243,0.148905,0.14717796,0.14533477,0.14338876,0.14135338,0.13924207,0.13706818,0.13484514,0.13258636,0.13030522,0.12801513,0.12572955,0.12346183,0.12122536,0.11903362,0.116899915,0.11483775,0.11286051,0.11098155,0.109214276,0.10757216,0.10606857,0.104716875,0.10353054,0.10252295,0.1017075,0.10109762,0.10070668,0.10054813,0.10063533,0.100981705,0.10160067,0.10245441,0.10349022,0.10469915,0.106072254,0.10760052,0.10927508,0.111086905,0.11302709,0.11508667,0.11725667,0.11952814,0.12189217,0.12433976,0.12686196,0.12944983,0.1320944,0.13478674,0.13751788,0.14027886,0.14306076,0.14585458,0.14865135,0.15144219,0.15421808,0.15697011,0.15968932,0.16236673,0.1649934,0.16756037,0.1700587,0.17247942,0.1748136,0.17696072,0.17883529,0.1804507,0.18182029,0.18295753,0.18387583,0.18458855,0.18510914,0.18545102,0.18562752,0.18565209,0.18553816,0.18529907,0.1849483,0.1844992
0.15710263,0.15747002,0.15777896,0.15802027,0.15818474,0.15826312,0.15824623,0.15812479,0.15788962,0.15753147,0.15704116,0.15640943,0.15562707,0.15468487,0.15357356,0.15228397,0.15080684,0.14916125,0.14738162,0.14548181,0.1434757,0.1413771,0.13919996,0.13695809,0.13466538,0.13233572,0.12998289,0.12762088,0.12526347,0.12292452,0.12061795,0.118357606,0.116157345,0.11403105,0.11199257,0.11005576,0.10823453,0.1065427,0.10499417,0.10360281,0.102382466,0.10134702,0.10051033,0.099886216,0.09948864,0.09933141,0.09942839,0.09979348,0.10044052,0.10132999,0.10240697,0.10366226,0.10508664,0.10667085,0.108405724,0.110281974,0.11229041,0.11442184,0.11666697,0.11901666,0.12146164,0.123992674,0.1266006,0.12927614,0.13201009,0.1347932,0.1376163,0.14047013,0.14334549,0.14623311,0.14912382,0.15200841,0.1548776,0.15772223,0.16053303,0.16330078,0.16601628,0.16867031,0.1712536,0.17375697,0.17617123,0.1783922,0.18033122,0.1820022,0.18341887,0.18459524,0.18554512,0.18628235,0.18682083,0.18717445,0.187357,0.18738244,0.18726459,0.1870173,0.18665445,0.18618992
0.1575046,0.15788136,0.15819824,0.15844576,0.15861446,0.15869483,0.15867749,0.15855294,0.15831175,0.15794444,0.15744154,0.15679361,0.15599117,0.1550248,0.15388499,0.15256234,0.15104733,0.14935926,0.14753318,0.14558338,0.14352414,0.14136973,0.13913442,0.13683249,0.13447821,0.13208584,0.12966971,0.12724409,0.12482318,0.1224213,0.120052755,0.11773181,0.11547269,0.11328974,0.11119717,0.109209314,0.107340425,0.10560476,0.10401661,0.10259024,0.10133996,0.100280024,0.0994247,0.09878826,0.09838502,0.098229185,0.0983351,0.098717004,0.09938918,0.10031058,0.1014243,0.102720894,0.10419091,0.10582486,0.10761331,0.109546825,0.11161589,0.11381107,0.11612292,0.11854197,0.12105875,0.123663835,0.12634774,0.129101,0.13191418,0.1347778,0.1376824,0.14061852,0.14357674,0.14654756,0.14952151,0.15248917,0.1554411,0.15836777,0.16125974,0.1641076,0.16690187,0.16963306,0.17229173,0.17486843,0.1773537,0.1796402,0.18163644,0.18335663,0.18481512,0.1860262,0.18700407,0.1877631,0.18831745,0.18868147,0.18886945,0.18889563,0.18877427,0.18851967,0.18814611,0.1876679
0.15781504,0.1581999,0.15852356,0.15877636,0.15894866,0.1590308,0.15901309,0.15888585,0.15863949,0.15826431,0.15775064,0.1570888,0.1562692,0.15528208,0.15411788,0.15276685,0.1512194,0.14949489,0.14762901,0.14563629,0.14353146,0.14132906,0.13904381,0.13669026,0.13428305,0.13183685,0.12936626,0.12688595,0.1244105,0.121954545,0.119532734,0.11715969,0.11485003,0.11261839,0.1104794,0.10844769,0.10653789,0.10476466,0.10314255,0.10168624,0.10041038,0.09932957,0.09845845,0.09781163,0.09740377,0.09724947,0.09736335,0.09776008,0.098454274,0.099403515,0.10054921,0.10188169,0.1033913,0.105068386,0.106903255,0.10888629,0.1110078,0.11325814,0.11562764,0.11810664,0.12068545,0.123354465,0.12610397,0.12892431,0.13180588,0.13473897,0.13771394,0.14072108,0.14375079,0.14679337,0.14983916,0.15287852,0.1559018,0.15889928,0.16186136,0.1647783,0.16764057,0.17043841,0.17316215,0.17580214,0.1783488,0.18069187,0.18273753,0.18450034,0.18599492,0.18723598,0.18823807,0.18901585,0.18958394,0.18995696,0.1901496,0.19017643,0.19005209,0.18979117,0.1894084,0.18891832
0.15802798,0.15841947,0.15874872,0.1590059,0.15918118,0.15926473,0.1592467,0.1591173,0.15886664,0.15848498,0.15796247,0.15728922,0.15645547,0.15545136,0.15426706,0.15289275,0.1513186,0.14956416,0.14766543,0.14563736,0.14349492,0.14125296,0.13892648,0.13653031,0.13407943,0.13158876,0.12907325,0.12654772,0.124027215,0.12152661,0.11906081,0.116644755,0.114293374,0.11202157,0.1098443,0.10777647,0.10583298,0.10402878,0.102378786,0.100897916,0.09960111,0.09850329,0.097619355,0.09696425,0.096552886,0.096400194,0.096521094,0.096930526,0.09764337,0.098616116,0.09978871,0.10115131,0.1026941,0.10440724,0.10628092,0.108305275,0.110470526,0.11276679,0.11518429,0.11771317,0.120343626,0.12306581,0.1258699,0.12874603,0.13168442,0.13467523,0.13770863,0.14077479,0.14386389,0.14696608,0.15007156,0.1531705,0.15625301,0.15930936,0.16232964,0.16530406,0.16822281,0.17107603,0.17385389,0.17654659,0.17914428,0.18153447,0.18362124,0.18541948,0.18694417,0.18821014,0.1892324,0.19002579,0.19060534,0.19098589,0.1911824,0.1912097,0.19108288,0.19081675,0.19042626,0.18992634
0.1581375,0.15853412,0.15886766,0.15912817,0.15930575,0.15939038,0.15937214,0.15924105,0.15898713,0.1586005,0.15807113,0.1573891,0.15654445,0.1555272,0.15432745,0.15293519,0.15134045,0.1495629,0.14763886,0.14558344,0.14341186,0.14113924,0.13878076,0.13635159,0.13386679,0.13134164,0.12879117,0.12623066,0.123675145,0.12113985,0.11863994,0.11619052,0.1138068,0.11150388,0.10929693,0.10720113,0.10523161,0.10340354,0.101732045,0.10023233,0.0989195,0.097808756,0.09691519,0.09625402,0.095840365,0.095689386,0.09581625,0.096236095,0.09696409,0.09795575,0.099149846,0.100536436,0.10210558,0.1038473,0.10575163,0.10780864,0.110008374,0.112340845,0.11479612,0.11736426,0.120035246,0.122799166,0.12564608,0.12856597,0.13154897,0.13458504,0.13766429,0.14077668,0.1439123,0.14706124,0.15021347,0.1533591,0.15648809,0.15959054,0.16265649,0.16567598,0.16863903,0.1715357,0.17435606,0.17709012,0.17972793,0.18215519,0.1842743,0.1861004,0.1876487,0.1889343,0.18997236,0.19077814,0.19136661,0.19175304,0.19195257,0.19198039,0.19185157,0.1915813,0.19118476,0.19067708
0.15813759,0.1585377,0.1588742,0.15913701,0.15931615,0.15940154,0.15938312,0.15925087,0.15899472,0.15860467,0.15807062,0.15738258,0.15653045,0.15550426,0.15429388,0.1528893,0.15128054,0.1494871,0.1475456,0.14547135,0.14327963,0.14098579,0.1386051,0.13615298,0.13364467,0.13109548,0.12852079,0.12593587,0.123356074,0.12079671,0.11827307,0.1158005,0.1133943,0.11106983,0.10884236,0.10672724,0.10473978,0.1028953,0.10120911,0.099696554,0.09837294,0.097253546,0.09635376,0.09568887,0.09527419,0.09512504,0.09525674,0.09568461,0.09642399,0.09742966,0.09863959,0.10004372,0.101631984,0.10339436,0.1053208,0.10740126,0.10962566,0.11198403,0.114466265,0.11706233,0.11976219,0.122555815,0.12543313,0.12838411,0.13139871,0.13446686,0.13757856,0.14072374,0.14389235,0.14707436,0.1502597,0.15343836,0.15660027,0.1597354,0.16283369,0.16588514,0.1688796,0.17180716,0.17465769,0.17742118,0.18008755,0.18254118,0.18468335,0.18652931,0.18809442,0.18939401,0.19044338,0.19125783,0.19185275,0.19224341,0.1924451,0.19247314,0.19234297,0.19206977,0.19166893,0.19115573
0.15802228,0.15842421,0.15876223,0.15902624,0.15920617,0.15929192,0.15927345,0.15914057,0.15888329,0.15849149,0.15795504,0.15726388,0.15640794,0.15537712,0.15416126,0.1527504,0.15113436,0.14933272,0.14738208,0.14529787,0.14309548,0.14079031,0.13839784,0.13593341,0.13341247,0.13085042,0.12826268,0.12566468,0.123071805,0.1204995,0.11796315,0.11547817,0.11305998,0.11072401,0.10848564,0.10636033,0.10436345,0.10251045,0.10081673,0.09929768,0.097968765,0.09684533,0.09594284,0.09527671,0.09486233,0.094715126,0.094850495,0.09528389,0.09603068,0.09704527,0.098265,0.09967983,0.10127962,0.10305429,0.104993775,0.107087985,0.109326795,0.11170013,0.11419791,0.116810046,0.11952642,0.122337006,0.12523165,0.1282003,0.13123283,0.1343192,0.13744926,0.14061297,0.14380024,0.14700094,0.15020502,0.15340231,0.15658286,0.15973651,0.1628531,0.16592264,0.16893502,0.17188013,0.17474785,0.17752817,0.18021093,0.18267974,0.18483508,0.18669245,0.18826722,0.18957482,0.19063069,0.19145021,0.19204876,0.19244179,0.19264477,0.19267303,0.192542,0.19226712,0.1918638,0.19134745
0.15778565,0.15818758,0.1585256,0.15878963,0.15896957,0.15905532,0.15903683,0.15890399,0.15864669,0.15825485,0.15771839,0.1570272,0.15617125,0.15514036,0.1539245,0.15251356,0.15089744,0.14909567,0.14714466,0.14505987,0.14285679,0.14055078,0.13815731,0.13569184,0.13316974,0.13060649,0.12801751,0.12541826,0.12282415,0.12025063,0.11771311,0.11522704,0.112807855,0.11047098,0.10823186,0.10610594,0.10410864,0.10225539,0.10056163,0.099042796,0.097714335,0.09659165,0.09569021,0.09502545,0.09461276,0.094467625,0.09460546,0.095041685,0.09579176,0.096809834,0.098033085,0.09945141,0.10105472,0.102832936,0.10477594,0.106873676,0.10911603,0.111492924,0.11399426,0.11660995,0.1193299,0.12214403,0.12504223,0.12801446,0.13105057,0.13414049,0.13727415,0.14044142,0.14363226,0.14683653,0.15004417,0.15324509,0.15642922,0.1595864,0.16270661,0.16577971,0.16879565,0.1717443,0.17461562,0.17739947,0.1800858,0.18255794,0.1847162,0.18657608,0.18815301,0.18946236,0.19051966,0.19134027,0.19193965,0.19233322,0.19253643,0.19256474,0.19243355,0.1921583,0.19175442,0.19123736
0.15744206,0.15784223,0.15817876,0.15844162,0.15862074,0.15870616,0.15868774,0.15855546,0.15829933,0.1579092,0.15737514,0.15668696,0.15583482,0.15480848,0.15359798,0.1521933,0.15058431,0.14879042,0.14684778,0.14477193,0.14257814,0.14028178,0.13789831,0.13544302,0.13293134,0.13037866,0.12780039,0.1252118,0.122628376,0.12006544,0.11753841,0.115062624,0.11265348,0.1103264,0.1080967,0.10597982,0.10399107,0.10214591,0.100459665,0.09894771,0.09762548,0.0965083,0.09561158,0.094950706,0.09454102,0.094397955,0.09453685,0.09497309,0.09572208,0.09673803,0.097958244,0.099372685,0.10097128,0.10274399,0.10468079,0.10677164,0.109006464,0.11137521,0.11386789,0.11647439,0.11918469,0.12198877,0.12487656,0.127838,0.13086307,0.13394172,0.13706388,0.14021957,0.14339867,0.14659117,0.14978702,0.15297616,0.15614857,0.1592942,0.16240299,0.16546485,0.16846988,0.17140788,0.17426883,0.17704281,0.17971964,0.18218309,0.18433373,0.18618707,0.18775845,0.1890632,0.19011681,0.19093451,0.19153176,0.19192395,0.1921265,0.19215469,0.19202395,0.19174966,0.19134721,0.19083197
0.15701286,0.15740955,0.15774317,0.15800373,0.15818135,0.15826596,0.15824774,0.15811661,0.15786268,0.15747592,0.15694644,0.15626428,0.1554194,0.15440196,0.15320195,0.15180932,0.15021427,0.14843579,0.1465099,0.14445177,0.14227669,0.13999996,0.13763674,0.13520232,0.13271204,0.13018098,0.12762457,0.12505798,0.12249644,0.11995527,0.11744969,0.114994965,0.11260632,0.110299036,0.10808838,0.10598959,0.1040179,0.1021886,0.10051694,0.099018134,0.09770747,0.09660022,0.0957116,0.09505689,0.094651334,0.09451018,0.09464869,0.095082134,0.09582573,0.09683408,0.098044924,0.09944831,0.10103426,0.10279284,0.10471407,0.10678803,0.109004706,0.11135418,0.11382647,0.116411634,0.11909971,0.12188073,0.12474474,0.12768178,0.13068187,0.1337351,0.13683149,0.13996108,0.1431139,0.14627999,0.14944941,0.15261216,0.15575837,0.15887797,0.1619611,0.16499773,0.16797787,0.1708917,0.17372915,0.17648031,0.17913517,0.18157841,0.18371151,0.18554965,0.18710811,0.18840224,0.18944716,0.19025818,0.19085059,0.19123957,0.19144039,0.19146834,0.19133872,0.19106667,0.19066751,0.19015649
0.15650207,0.15689375,0.1572231,0.15748042,0.1576557,0.15773931,0.15772128,0.15759179,0.1573411,0.1569593,0.15643655,0.15576307,0.154929,0.15392448,0.15273973,0.1513649,0.14979011,0.14803432,0.14613293,0.14410101,0.14195363,0.13970585,0.13737275,0.13496934,0.13251072,0.13001196,0.12748806,0.12495416,0.12242524,0.119916424,0.11744275,0.11501927,0.11266106,0.11038316,0.10820065,0.10612857,0.10418201,0.10237599,0.1007256,0.09924591,0.09795195,0.09685878,0.09598148,0.095335126,0.09493473,0.09479539,0.09493213,0.095360085,0.09609423,0.09708976,0.09828518,0.09967071,0.101236485,0.102972694,0.10486946,0.10691701,0.10910548,0.11142505,0.11386584,0.11641812,0.119071975,0.12181759,0.12464514,0.12754479,0.1305067,0.1335211,0.13657802,0.1396678,0.14278045,0.14590624,0.1490353,0.15215784,0.15526393,0.15834385,0.1613877,0.16438568,0.16732794,0.17020465,0.17300597,0.1757221,0.17834318,0.18075532,0.18286124,0.18467599,0.18621464,0.18749227,0.18852389,0.18932459,0.1899094,0.19029348,0.19049175,0.19051938,0.19039136,0.1901228,0.18972869,0.18922418
0.15591408,0.15629917,0.15662304,0.15687598,0.1570484,0.15713057,0.15711282,0.15698555,0.15673903,0.1563636,0.15584967,0.15518746,0.15436734,0.1533797,0.1522148,0.150863,0.14931466,0.1475883,0.14571889,0.14372121,0.14161003,0.13940018,0.13710645,0.13474366,0.13232657,0.12987006,0.12738885,0.12489778,0.12241161,0.1199452,0.117513336,0.11513081,0.112812415,0.110572964,0.10842726,0.10639009,0.10447627,0.102700606,0.10107787,0.09962289,0.098350465,0.0972754,0.09641245,0.09577649,0.09538227,0.095244616,0.09537833,0.0957982,0.096519016,0.097496755,0.09867107,0.10003227,0.10157074,0.10327672,0.105140634,0.10715276,0.109303474,0.11158306,0.11398188,0.11649027,0.11909852,0.12179704,0.12457611,0.12742603,0.13033722,0.13329996,0.13630459,0.13934146,0.14240086,0.14547317,0.14854869,0.15161778,0.15467072,0.15769789,0.16068964,0.16363625,0.16652812,0.1693555,0.1721088,0.1747783,0.17735435,0.17972504,0.18179475,0.18357831,0.18509054,0.18634619,0.1873601,0.18814702,0.18872182,0.18909927,0.18929416,0.18932123,0.18919548,0.18893151,0.1885442,0.18804835
0.15525302,0.15563016,0.15594727,0.15619496,0.1563638,0.15644425,0.1564269,0.15630224,0.15606084,0.15569323,0.15518993,0.15454149,0.15373842,0.15277128,0.15163063,0.15030685,0.14879067,0.14710024,0.14526987,0.14331393,0.141247,0.13908352,0.13683799,0.13452487,0.13215865,0.12975383,0.12732486,0.124886215,0.12245242,0.12003794,0.11765723,0.11532481,0.11305513,0.110862695,0.108761966,0.10676744,0.1048936,0.10315493,0.101565875,0.10014095,0.09889461,0.09784138,0.09699572,0.096372105,0.09598502,0.09584893,0.09597835,0.09638774,0.097091585,0.09804687,0.09919466,0.10052546,0.102029786,0.103698224,0.10552126,0.107489474,0.10959337,0.111823454,0.114170335,0.11662447,0.11917642,0.12181673,0.12453591,0.12732455,0.13017315,0.13307217,0.13601229,0.13898392,0.14197762,0.14498399,0.1479935,0.15099667,0.15398408,0.15694623,0.15987372,0.162757,0.16558664,0.16835316,0.17104715,0.17365901,0.17617944,0.17849886,0.18052387,0.18226886,0.18374841,0.18497692,0.18596888,0.18673885,0.18730117,0.18767044,0.18786114,0.18788768,0.18776457,0.1875063,0.1871274,0.18664226
0.15452315,0.15489091,0.15520017,0.15544173,0.15560636,0.15568483,0.15566792,0.15554637,0.15531094,0.15495245,0.15446162,0.15382926,0.1530461,0.15210292,0.15099049,0.14969957,0.14822097,0.14657255,0.14478782,0.1428808,0.14086568,0.13875654,0.1365675,0.1343126,0.13200597,0.12966181,0.12729406,0.12491695,0.12254453,0.12019091,0.11787023,0.115596525,0.11338395,0.11124659,0.10919857,0.10725396,0.105426915,0.103731476,0.10218176,0.10079194,0.099576026,0.09854819,0.097722486,0.09711304,0.09673398,0.09659936,0.09672335,0.09711998,0.09780339,0.09873182,0.09984799,0.101142615,0.1026065,0.10423039,0.10600506,0.10792132,0.109969884,0.11214151,0.11442701,0.11681715,0.11930268,0.12187436,0.124522984,0.1272393,0.13001409,0.1328381,0.13570215,0.13859694,0.1415133,0.14444196,0.14737366,0.15029922,0.15320942,0.15609501,0.15894671,0.16175534,0.16451167,0.16720642,0.16983041,0.17237444,0.1748292,0.17708816,0.17906033,0.18075986,0.1822008,0.1833973,0.1843634,0.18511327,0.18566093,0.18602058,0.1862063,0.18623218,0.18611227,0.18586074,0.1854917,0.18501922
0.15372866,0.1540858,0.15438612,0.15462072,0.15478061,0.15485682,0.15484034,0.15472232,0.15449372,0.15414555,0.15366893,0.15305477,0.1522942,0.15137827,0.15029795,0.1490443,0.14760837,0.14600764,0.14427477,0.1424234,0.14046718,0.13841987,0.13629507,0.13410641,0.13186766,0.12959246,0.12729445,0.12498736,0.1226848,0.12040048,0.118148044,0.11594121,0.11379358,0.11171891,0.10973082,0.10784299,0.106069095,0.104422785,0.10291777,0.10156773,0.100386284,0.099387154,0.09858399,0.09799045,0.09762023,0.09748699,0.09760443,0.09798617,0.09864592,0.09954337,0.100623116,0.10187619,0.10329361,0.10486644,0.10658572,0.10844244,0.110427685,0.11253246,0.11474778,0.11706475,0.11947435,0.12196761,0.12453559,0.12716931,0.12985979,0.13259815,0.1353753,0.13818237,0.14101033,0.14385025,0.14669317,0.1495301,0.15235211,0.15515022,0.15791544,0.1606388,0.16331135,0.16592418,0.16846825,0.17093462,0.17331432,0.17550416,0.17741597,0.1790635,0.18046032,0.1816202,0.18255678,0.18328366,0.18381459,0.18416321,0.18434322,0.1843683,0.18425207,0.18400829,0.18365051,0.18319249
0.15287377,0.15321907,0.1535095,0.15373632,0.15389094,0.15396464,0.15394872,0.15383458,0.15361352,0.15327686,0.15281598,0.15222213,0.1514867,0.150601,0.14955638,0.14834414,0.14695562,0.14540796,0.14373279,0.14194328,0.14005266,0.13807409,0.13602082,0.13390595,0.13174276,0.12954438,0.12732401,0.12509483,0.12287007,0.12066289,0.11848651,0.11635406,0.11427877,0.11227384,0.11035244,0.1085278,0.10681302,0.10522138,0.10376604,0.102460176,0.10131699,0.10034966,0.09957139,0.0989954,0.0986348,0.09850286,0.09861271,0.098977596,0.09961065,0.100473255,0.101512104,0.10271857,0.104083955,0.10559962,0.10725688,0.10904706,0.110961504,0.11299154,0.11512848,0.11736367,0.119688466,0.12209415,0.12457206,0.1271136,0.12970999,0.13235265,0.13503283,0.13774197,0.14047132,0.14321221,0.14595598,0.148694,0.15141754,0.154118,0.15678668,0.15941484,0.16199392,0.1645152,0.16697003,0.16934972,0.1716456,0.17375818,0.1756026,0.17719196,0.17853956,0.17965853,0.18056202,0.18126327,0.18177548,0.18211186,0.1822855,0.18230969,0.1821976,0.18196236,0.18161723,0.18117535
0.15196264,0.15229508,0.15257464,0.15279299,0.15294184,0.15301277,0.15299748,0.15288758,0.15267481,0.15235071,0.15190703,0.15133537,0.15062739,0.14977479,0.14876917,0.14760223,0.14626558,0.14477588,0.14316383,0.14144209,0.13962318,0.13771991,0.13574488,0.13371082,0.13163032,0.129516,0.12738064,0.12523684,0.123097226,0.1209745,0.11888133,0.11683034,0.11483422,0.11290566,0.11105725,0.10930169,0.10765165,0.10611978,0.10471871,0.10346113,0.10235972,0.10142713,0.10067597,0.10011898,0.099768765,0.09963801,0.099739365,0.10008548,0.10068906,0.101513185,0.102506995,0.10366218,0.10497031,0.10642313,0.10801224,0.10972933,0.111566015,0.11351398,0.11556487,0.11771035,0.119942054,0.12225164,0.1246308,0.12707111,0.12956433,0.132102,0.13467589,0.13727757,0.13989869,0.14253102,0.14516605,0.14779556,0.15041114,0.15300448,0.15556721,0.15809101,0.1605675,0.1629884,0.16534527,0.1676298,0.1698337,0.17186151,0.17363192,0.17515758,0.17645106,0.17752515,0.17839238,0.17906553,0.1795572,0.17988001,0.18004672,0.18006995,0.17996232,0.17973655,0.17940523,0.17898111
0.15099959,0.15131806,0.15158594,0.15179515,0.15193777,0.15200572,0.15199107,0.15188581,0.1516819,0.15137137,0.15094624,0.15039855,0.14972022,0.1489033,0.14793982,0.14682171,0.14554103,0.14411393,0.14257,0.1409213,0.13917992,0.13735792,0.13546747,0.13352059,0.13152939,0.12950595,0.12746236,0.1254107,0.12336309,0.12133161,0.11932831,0.117365316,0.115454696,0.11360857,0.111838974,0.11015804,0.108577825,0.10711046,0.10576796,0.10456249,0.10350609,0.102610864,0.10188891,0.10135233,0.10101315,0.100883506,0.100975476,0.101301156,0.10187261,0.10265496,0.10359987,0.10469938,0.105945505,0.10733021,0.108845495,0.11048341,0.112235926,0.11409507,0.116052814,0.11810119,0.12023218,0.12243781,0.124710046,0.12704095,0.12942246,0.13184665,0.13430548,0.13679095,0.13929509,0.14180987,0.14432733,0.14683947,0.14933828,0.15181573,0.1542639,0.15667476,0.1590403,0.16135252,0.16360348,0.16578509,0.16788943,0.16982554,0.17151584,0.17297243,0.17420746,0.17523293,0.17606093,0.1767036,0.17717303,0.1774813,0.17764047,0.1776626,0.17755985,0.17734428,0.177028,0.17662303
0.14998873,0.15029238,0.15054776,0.15074722,0.15088315,0.15094797,0.15093398,0.15083364,0.15063924,0.1503432,0.1499379,0.14941572,0.14876907,0.14799024,0.14707164,0.14600569,0.14478473,0.14342445,0.14195324,0.14038256,0.13872391,0.13698879,0.1351886,0.13333486,0.13143906,0.12951265,0.12756711,0.12561396,0.1236646,0.12173053,0.119823255,0.11795422,0.11613493,0.11437683,0.112691395,0.11109013,0.10958448,0.108185954,0.106905974,0.10575608,0.10474769,0.10389233,0.10320144,0.102686495,0.102359,0.10223039,0.10231217,0.102615796,0.10315278,0.10389028,0.10478278,0.10582267,0.10700231,0.1083141,0.10975036,0.11130352,0.11296595,0.11473003,0.116588116,0.11853261,0.12055586,0.122650266,0.12480817,0.12702201,0.12928413,0.1315869,0.13392271,0.13628393,0.13866289,0.14105205,0.14344378,0.1458304,0.1482043,0.15055788,0.15288353,0.15517358,0.15742046,0.1596165,0.16175409,0.16382563,0.16582347,0.16766143,0.16926607,0.17064886,0.17182124,0.17279471,0.17358083,0.17419091,0.17463654,0.17492914,0.17508024,0.1751013,0.17500377,0.17479911,0.17449883,0.1741144
0.14893435,0.14922228,0.14946446,0.14965361,0.1497825,0.14984395,0.14983071,0.14973553,0.1495512,0.14927047,0.14888614,0.148391,0.14777777,0.14703919,0.14616813,0.14515734,0.14399952,0.1427099,0.1413156,0.13982747,0.13825636,0.13661306,0.13490842,0.13315327,0.13135841,0.12953466,0.12769291,0.1258439,0.12399852,0.12216759,0.120361865,0.11859228,0.11686961,0.115204655,0.11360827,0.11209128,0.11066451,0.10933879,0.108124934,0.10703377,0.10607612,0.10526286,0.10460475,0.10411263,0.103797354,0.10366974,0.10374058,0.10402074,0.10452104,0.105210915,0.10604778,0.10702439,0.10813352,0.10936795,0.11072046,0.11218381,0.113750786,0.1154141,0.11716662,0.11900102,0.12091015,0.12288674,0.12492355,0.12701337,0.129149,0.13132317,0.13352868,0.13575825,0.1380047,0.14026083,0.14251933,0.144773,0.14701466,0.14923702,0.15143286,0.153595,0.15571614,0.15778913,0.15980665,0.16176157,0.16364658,0.16538057,0.16689444,0.168199,0.16930506,0.17022349,0.1709651,0.17154069,0.17196113,0.17223716,0.17237972,0.17239958,0.17230757,0.17211448,0.17183118,0.17146853
0.14784062,0.14811207,0.14834037,0.14851873,0.14864026,0.1486982,0.14868568,0.14859594,0.14842218,0.14815752,0.14779519,0.14732835,0.1467502,0.14605395,0.14523272,0.14427976,0.1431882,0.14197268,0.14065912,0.13925764,0.13777836,0.13623145,0.13462707,0.13297538,0.13128647,0.12957051,0.12783763,0.12609802,0.12436177,0.12263904,0.12093999,0.11927473,0.11765346,0.11608628,0.11458335,0.11315479,0.111810796,0.11056148,0.10941697,0.10838742,0.107482985,0.10671383,0.10609006,0.10562182,0.105319284,0.10519258,0.10525183,0.10550724,0.105968885,0.10660861,0.1073869,0.10829696,0.10933194,0.11048508,0.11174952,0.11311844,0.11458508,0.11614254,0.1177841,0.11950287,0.12129207,0.12314486,0.12505448,0.12701403,0.12901677,0.13105585,0.13312447,0.13521579,0.13732304,0.13943937,0.14155796,0.14367202,0.14577468,0.14785922,0.14991872,0.15194647,0.15393557,0.15587924,0.15777066,0.15960301,0.1613695,0.16299424,0.16441275,0.16563511,0.16667151,0.16753207,0.16822696,0.16876626,0.1691602,0.1694189,0.16955245,0.16957104,0.16948481,0.16930391,0.16903846,0.16869865
0.14671177,0.14696607,0.14717993,0.14734699,0.14746083,0.14751512,0.14750339,0.14741933,0.14725655,0.14700864,0.14666922,0.1462319,0.1456903,0.14503804,0.14426875,0.14337608,0.14235353,0.14121523,0.13998577,0.13867454,0.137291,0.13584457,0.13434471,0.1328008,0.13122234,0.12961867,0.12799934,0.12637366,0.12475117,0.12314124,0.121553324,0.11999686,0.11848124,0.11701595,0.115610406,0.11427404,0.11301627,0.11184653,0.11077428,0.109808914,0.10895988,0.10823663,0.10764858,0.10720516,0.10691582,0.106789984,0.10683706,0.10706652,0.10748775,0.10807509,0.10879223,0.10963281,0.1105904,0.11165866,0.11283119,0.114101626,0.11546357,0.116910614,0.11843642,0.12003454,0.12169865,0.12342235,0.12519927,0.12702301,0.12888713,0.13078533,0.13271119,0.13465834,0.13662039,0.13859092,0.14056362,0.14253202,0.14448982,0.1464306,0.14834791,0.15023549,0.15208688,0.1538957,0.15565556,0.15736012,0.15900294,0.16051377,0.16183276,0.16296938,0.16393311,0.1647333,0.16537945,0.16588098,0.16624726,0.1664878,0.16661203,0.16662928,0.1665491,0.1663809,0.16613407,0.16581811
0.14555202,0.14578855,0.14598745,0.14614284,0.14624873,0.14629921,0.14628829,0.14621012,0.14605874,0.14582814,0.14551243,0.14510569,0.14460194,0.14399527,0.14327976,0.14244942,0.14149836,0.14044002,0.13929763,0.13807987,0.13679542,0.13545308,0.1340614,0.13262917,0.13116503,0.12967773,0.12817593,0.12666832,0.12516361,0.123670496,0.1221977,0.12075386,0.11934771,0.11798793,0.11668322,0.11544226,0.11427379,0.11318647,0.11218901,0.111290075,0.11049841,0.109822646,0.10927154,0.10885379,0.10857801,0.108453,0.10848737,0.10868986,0.109069176,0.10960212,0.11025579,0.111024305,0.11190166,0.11288193,0.1139592,0.11512752,0.116380945,0.11771354,0.119119376,0.1205925,0.12212699,0.12371688,0.1253563,0.12703924,0.12875979,0.130512,0.13228992,0.13408767,0.13589925,0.13771877,0.13954026,0.1413578,0.14316541,0.14495723,0.14672725,0.14846957,0.15017825,0.15184732,0.15347087,0.15504298,0.15655766,0.15795037,0.15916629,0.16021408,0.16110247,0.16184014,0.16243577,0.16289806,0.16323574,0.16345747,0.16357197,0.16358791,0.16351399,0.1633589,0.1631314,0.16284011
0.14436558,0.1445838,0.14476734,0.14491068,0.14500843,0.14505498,0.14504494,0.1449728,0.1448331,0.14462033,0.14432906,0.14395377,0.14348897,0.14292926,0.14226906,0.14150296,0.14062546,0.13964944,0.1385967,0.13747516,0.13629279,0.13505754,0.13377732,0.13246003,0.1311137,0.12974614,0.12836541,0.12697935,0.12559596,0.124223135,0.12286885,0.121541,0.120247535,0.1189964,0.11779552,0.11665282,0.11557633,0.1145738,0.113653325,0.1128228,0.11209012,0.11146326,0.11095016,0.11055872,0.11029693,0.11017266,0.110193886,0.110368535,0.11070456,0.11118142,0.1117697,0.11246391,0.11325851,0.11414814,0.1151272,0.116190284,0.11733189,0.11854655,0.11982878,0.12117313,0.12257406,0.12402614,0.12552385,0.12706178,0.12863436,0.13023621,0.13186176,0.13350557,0.13516219,0.13682611,0.13849185,0.14015396,0.1418069,0.14344524,0.14506352,0.14665622,0.14821786,0.14974293,0.1512261,0.15266173,0.1540444,0.15531546,0.15642512,0.15738139,0.15819213,0.15886539,0.15940897,0.15983088,0.16013905,0.16034146,0.1604459,0.16046046,0.16039303,0.16025148,0.16004384,0.15977803
0.14315666,0.14335616,0.14352392,0.14365499,0.14374429,0.14378685,0.14377768,0.14371175,0.14358403,0.14338954,0.14312325,0.14278018,0.14235531,0.14184363,0.14124013,0.14053981,0.13973764,0.13884589,0.13788496,0.13686201,0.1357842,0.13465865,0.13349256,0.13229306,0.13106732,0.12982248,0.12856568,0.12730417,0.12604503,0.12479546,0.12356254,0.12235351,0.12117547,0.120035626,0.11894109,0.117899045,0.11691666,0.11600105,0.11515941,0.1143989,0.113726676,0.113149844,0.11267562,0.112311155,0.11206355,0.11194006,0.11194774,0.112093836,0.11238542,0.11280476,0.11332594,0.11394396,0.1146538,0.11545044,0.11632887,0.11728411,0.11831115,0.11940493,0.12056049,0.12177284,0.12303693,0.12434776,0.12570031,0.12708963,0.12851062,0.12995838,0.13142778,0.13291389,0.13441171,0.13591616,0.13742235,0.13892515,0.14041965,0.14190075,0.14336348,0.1448029,0.14621386,0.1475915,0.14893067,0.1502265,0.15147388,0.15262024,0.15362108,0.15448353,0.15521476,0.15582193,0.1563122,0.15669276,0.15697071,0.1571532,0.15724745,0.15726057,0.15719973,0.1570721,0.15688479,0.15664506
0.14192946,0.14210989,0.14226158,0.1423801,0.1424609,0.14249937,0.14249106,0.14243142,0.14231595,0.14214008,0.14189926,0.14158905,0.14120483,0.14074212,0.14019638,0.13956305,0.13883767,0.13803183,0.13716447,0.136242,0.13527073,0.13425702,0.13320725,0.13212776,0.13102497,0.12990522,0.12877485,0.12764023,0.12650776,0.12538375,0.12427456,0.12318662,0.12212624,0.12109982,0.120113686,0.11917421,0.11828778,0.117460735,0.11669945,0.1160103,0.11539962,0.11487381,0.11443917,0.11410213,0.11386902,0.1137462,0.11374008,0.11385695,0.11410323,0.11446389,0.11491662,0.115456946,0.11608026,0.11678211,0.11755793,0.11840319,0.11931335,0.12028392,0.121310346,0.12238808,0.12351263,0.12467945,0.125884,0.12712176,0.12838823,0.12967883,0.13098906,0.13231441,0.1336503,0.13499223,0.1363357,0.13767613,0.13900901,0.14032981,0.14163402,0.14291705,0.14417449,0.1454017,0.14659417,0.14774738,0.14885685,0.14987606,0.15076591,0.15153272,0.15218288,0.15272272,0.1531586,0.15349692,0.15374406,0.15390633,0.15399012,0.15400177,0.1539477,0.15383421,0.15366769,0.15345453
0.14068826,0.14084928,0.14098468,0.1410905,0.14116259,0.14119695,0.14118955,0.1411363,0.14103322,0.14087623,0.1406613,0.14038436,0.1400414,0.13962835,0.1391412,0.1385759,0.13792838,0.1372097,0.13643727,0.1356167,0.1347535,0.13385324,0.13292152,0.13196385,0.13098578,0.1299929,0.12899074,0.1279849,0.1269809,0.1259843,0.12500072,0.124035604,0.12309461,0.12218326,0.12130706,0.12047167,0.11968258,0.11894538,0.11826561,0.1176488,0.117100574,0.11662647,0.11623199,0.11592278,0.11570432,0.11558218,0.11556197,0.1156492,0.11584945,0.11615053,0.11653379,0.11699523,0.11753076,0.118136376,0.11880802,0.119541675,0.12033326,0.12117873,0.12207408,0.12301527,0.12399822,0.12501886,0.12607324,0.12715726,0.12826686,0.12939805,0.13054675,0.1317089,0.13288052,0.13405752,0.13523586,0.13641149,0.13758041,0.13873857,0.13988185,0.14100628,0.14210783,0.14318243,0.144226,0.14523454,0.14620401,0.14709423,0.14787143,0.1485412,0.14910904,0.14958054,0.14996128,0.15025678,0.1504726,0.15061438,0.15068753,0.15069772,0.15065047,0.15055135,0.15040593,0.15021972
0.13943718,0.13957866,0.13969764,0.13979056,0.13985392,0.1398841,0.13987759,0.13983083,0.13974026,0.13960233,0.13941352,0.1391702,0.1388689,0.13850604,0.13807806,0.13758141,0.13701256,0.13638186,0.13570535,0.13498771,0.1342337,0.13344802,0.1326355,0.13180082,0.13094875,0.13008405,0.1292114,0.1283356,0.12746139,0.12659352,0.12573668,0.12489571,0.12407526,0.12328014,0.12251503,0.12178471,0.12109395,0.12044747,0.11985002,0.119306326,0.11882116,0.11839925,0.11804533,0.11776416,0.11756048,0.11743904,0.11740459,0.11746185,0.11761558,0.11785641,0.11816948,0.11855122,0.118998036,0.11950645,0.12007287,0.12069374,0.1213655,0.122084655,0.1228476,0.123650774,0.124490686,0.12536372,0.12626638,0.12719506,0.12814625,0.12911637,0.13010186,0.13109922,0.13210486,0.13311525,0.13412681,0.135136,0.13613927,0.13713309,0.13811383,0.13907805,0.14002211,0.1409425,0.14183569,0.14269808,0.14352612,0.144286,0.14494944,0.14552113,0.14600585,0.1464083,0.14673331,0.14698556,0.14716981,0.1472908,0.14735325,0.14736195,0.14732163,0.14723702,0.14711288,0.14695393
0.1381805,0.1383023,0.13840473,0.13848475,0.13853928,0.13856526,0.13855967,0.13851942,0.13844143,0.13832268,0.13816011,0.13795066,0.13769124,0.13737883,0.13701037,0.13658278,0.136093,0.13555084,0.13497074,0.1343566,0.13371237,0.13304198,0.13234934,0.13163836,0.13091299,0.13017714,0.12943476,0.12868977,0.12794608,0.12720762,0.12647833,0.1257621,0.12506293,0.12438466,0.12373126,0.12310668,0.12251479,0.12195954,0.12144485,0.120974705,0.12055292,0.12018352,0.11987037,0.119617425,0.11942861,0.11930782,0.11925903,0.11928612,0.119393066,0.119573325,0.11981575,0.120117314,0.12047494,0.12088559,0.12134612,0.121853575,0.12240485,0.12299691,0.12362667,0.1242911,0.124987125,0.12571166,0.1264617,0.12723418,0.12802602,0.12883413,0.12965553,0.13048711,0.13132584,0.13216862,0.13301244,0.13385423,0.13469091,0.13551943,0.13633674,0.1371398,0.1379255,0.13869084,0.13943273,0.14014809,0.14083394,0.14146273,0.14201173,0.1424848,0.14288588,0.14321898,0.14348787,0.14369656,0.14384907,0.14394918,0.14400086,0.14400804,0.14397469,0.14390467,0.14380193,0.14367042
0.13692239,0.13702452,0.13711038,0.13717745,0.13722318,0.13724492,0.13724026,0.13720651,0.13714117,0.13704161,0.13690531,0.13672972,0.13651228,0.13625039,0.13594152,0.13558309,0.13517252,0.134719,0.13423544,0.13372499,0.13319068,0.13263571,0.1320631,0.131476,0.13087751,0.13027075,0.12965882,0.12904477,0.12843181,0.12782297,0.12722139,0.12663014,0.12605235,0.12549116,0.12494961,0.12443085,0.123937994,0.123474106,0.12304233,0.12264577,0.122287504,0.121970646,0.12169833,0.12147366,0.12129969,0.12117959,0.12111644,0.12111336,0.1211734,0.12129299,0.12146471,0.12168595,0.12195423,0.12226693,0.12262147,0.12301534,0.12344596,0.12391074,0.12440716,0.12493261,0.12548454,0.1260604,0.12665763,0.12727363,0.12790588,0.12855181,0.12920885,0.12987442,0.13054599,0.13122095,0.13189678,0.13257091,0.13324076,0.13390377,0.1345574,0.13519906,0.13582619,0.13643621,0.13702661,0.1375948,0.13813818,0.13863572,0.13907008,0.13944437,0.13976176,0.1400253,0.14023808,0.1404032,0.14052384,0.14060305,0.14064395,0.14064965,0.14062326,0.14056785,0.14048657,0.1403825
0.13566712,0.13574958,0.13581893,0.13587311,0.13591005,0.13592762,0.13592383,0.13589655,0.13584377,0.13576338,0.13565332,0.13551152,0.1353359,0.13512442,0.13487494,0.13458546,0.13425389,0.13388875,0.13350148,0.1330944,0.13266976,0.13222985,0.13177694,0.13131337,0.13084142,0.13036335,0.12988149,0.12939808,0.12891543,0.12843585,0.1279616,0.12749498,0.12703827,0.12659378,0.1261638,0.12575057,0.12535645,0.124983706,0.12463459,0.1243114,0.12401647,0.123752065,0.123520456,0.12332396,0.12316485,0.1230454,0.122967914,0.1229347,0.122948036,0.12300712,0.123108335,0.12324955,0.12342873,0.123643786,0.12389264,0.12417326,0.12448353,0.1248214,0.12518483,0.1255717,0.12597997,0.12640758,0.1268524,0.12731242,0.12778558,0.12826975,0.12876289,0.12926292,0.12976779,0.13027544,0.13078377,0.13129069,0.13179423,0.1322922,0.13278258,0.13326332,0.1337323,0.13418747,0.13462679,0.13504818,0.13544956,0.13581619,0.13613626,0.13641213,0.136646,0.13684018,0.13699698,0.13711867,0.13720757,0.13726597,0.1372961,0.1373003,0.13728082,0.13724004,0.13718009,0.13710342
0.13441885,0.13448182,0.1345348,0.13457613,0.1346043,0.13461775,0.13461486,0.13459404,0.13455376,0.13449237,0.13440834,0.13430007,0.13416599,0.13400453,0.13381408,0.13359307,0.13333993,0.13306257,0.13277093,0.13246645,0.13215066,0.13182503,0.13149102,0.1311501,0.13080378,0.1304535,0.13010077,0.12974705,0.12939383,0.12904257,0.12869477,0.12835188,0.1280154,0.12768683,0.12736759,0.12705916,0.12676309,0.1264808,0.12621377,0.1259635,0.12573145,0.12551911,0.12532793,0.12515944,0.12501507,0.12489628,0.12480462,0.12474152,0.12470847,0.124707535,0.12473872,0.12480046,0.12489123,0.12500933,0.12515326,0.12532143,0.12551226,0.12572417,0.12595557,0.12620485,0.12647048,0.12675087,0.12704441,0.12734956,0.1276647,0.12798832,0.12831874,0.12865444,0.12899384,0.12933533,0.12967733,0.13001831,0.13035664,0.13069075,0.13101909,0.13134004,0.13165203,0.1319535,0.13224283,0.13251847,0.13277884,0.13301551,0.13322215,0.1334002,0.13355118,0.13367653,0.13377775,0.13385631,0.13391371,0.1339514,0.13397087,0.13397358,0.13396102,0.13393466,0.133896,0.13384649
0.13318184,0.13322553,0.13326225,0.13329093,0.13331048,0.1333198,0.1333178,0.13330336,0.13327539,0.13323283,0.13317455,0.13309944,0.13300644,0.13289446,0.13276233,0.13260904,0.13243344,0.13224284,0.13204573,0.13184273,0.13163458,0.1314219,0.1312054,0.13098575,0.13076362,0.1305397,0.13031463,0.13008913,0.12986386,0.12963946,0.12941669,0.12919612,0.12897849,0.1287645,0.12855473,0.12834994,0.12815079,0.12795794,0.12777208,0.12759387,0.12742399,0.12726314,0.12711197,0.12697114,0.12684138,0.12672333,0.12661766,0.12652503,0.12644617,0.1263859,0.12634793,0.12633118,0.12633447,0.12635681,0.12639704,0.1264541,0.12652685,0.12661424,0.12671512,0.12682845,0.1269531,0.12708795,0.127232,0.12738405,0.12754305,0.1277079,0.12787749,0.12805076,0.12822656,0.12840381,0.12858143,0.12875836,0.12893341,0.1291056,0.12927373,0.12943673,0.12959355,0.12974305,0.12988415,0.13001573,0.13013674,0.13024497,0.13033946,0.13042092,0.13048992,0.13054727,0.13059354,0.1306295,0.1306557,0.13067296,0.13068184,0.13068308,0.13067737,0.13066529,0.13064761,0.13062496
0.1319603,0.13198498,0.13200575,0.13202195,0.13203302,0.13203827,0.13203713,0.13202897,0.13201319,0.1319891,0.13195616,0.1319137,0.13186112,0.13179782,0.13172314,0.13163647,0.13153721,0.13143204,0.13132794,0.13122483,0.1311226,0.13102111,0.13092028,0.13081998,0.13072006,0.13062046,0.13052106,0.13042174,0.13032235,0.13022284,0.13012306,0.1300229,0.12992227,0.129821,0.129719,0.12961622,0.12951246,0.12940763,0.12930167,0.1291944,0.12908576,0.12897559,0.1288638,0.12875026,0.1286349,0.12851755,0.12839814,0.1282765,0.12815262,0.12803403,0.12792803,0.127834,0.12775138,0.12767948,0.12761769,0.1275654,0.127522,0.12748685,0.12745938,0.1274389,0.12742485,0.12741657,0.12741344,0.12741488,0.12742026,0.12742889,0.12744026,0.12745364,0.12746851,0.1274842,0.12750009,0.12751555,0.12753001,0.12754281,0.1275533,0.12756093,0.12756506,0.12756504,0.12756026,0.12755013,0.12753402,0.12751588,0.12750004,0.12748638,0.1274748,0.1274652,0.12745741,0.12745142,0.12744702,0.12744413,0.12744266,0.12744243,0.1274434,0.12744541,0.12744837,0.12745218
0.1307584,0.1307645,0.13076963,0.1307736,0.13077632,0.13077763,0.13077737,0.13077533,0.13077144,0.13076551,0.13075739,0.1307469,0.13073395,0.13071832,0.13069992,0.13067853,0.13065405,0.13063252,0.1306196,0.13061433,0.13061585,0.13062327,0.13063572,0.1306523,0.13067214,0.13069433,0.130718,0.13074225,0.13076623,0.130789,0.1308097,0.13082747,0.1308414,0.1308506,0.13085419,0.13085127,0.13084097,0.13082245,0.13079472,0.13075696,0.13070829,0.1306478,0.13057463,0.13048787,0.13038662,0.13027002,0.13013722,0.12998724,0.12981927,0.12964359,0.12947106,0.12930144,0.12913463,0.12897049,0.12880886,0.12864952,0.1284924,0.12833732,0.12818412,0.12803265,0.12788278,0.12773433,0.12758714,0.12744108,0.12729599,0.1271517,0.12700808,0.12686495,0.12672222,0.12657967,0.12643717,0.12629457,0.12615173,0.12600844,0.12586464,0.12572008,0.12557471,0.12542829,0.1252807,0.12513177,0.12498137,0.1248395,0.12471562,0.1246089,0.124518365,0.1244432,0.12438253,0.124335445,0.12430105,0.12427847,0.12426682,0.12426517,0.12427271,0.1242885,0.124311686,0.12434137
0.12958038,0.12956834,0.1295582,0.12955031,0.12954493,0.12954235,0.1295429,0.12954688,0.12955457,0.12956631,0.12958239,0.12960307,0.12962875,0.12965964,0.12969606,0.12973835,0.12978674,0.1298468,0.12992269,0.13001277,0.13011545,0.13022903,0.13035187,0.13048238,0.1306189,0.13075978,0.13090341,0.13104811,0.13119227,0.13133426,0.13147241,0.13160509,0.13173069,0.13184752,0.13195401,0.13204849,0.13212927,0.13219479,0.1322434,0.1322734,0.13228323,0.13227117,0.13223566,0.132175,0.1320876,0.1319718,0.13182597,0.13164844,0.13143761,0.13120641,0.13096905,0.13072585,0.13047712,0.13022314,0.1299642,0.12970065,0.12943277,0.12916085,0.12888521,0.12860613,0.12832391,0.12803893,0.1277514,0.12746163,0.12716995,0.12687668,0.12658209,0.12628649,0.1259902,0.12569349,0.1253967,0.12510006,0.124803975,0.12450867,0.124214485,0.123921715,0.123630665,0.123341605,0.12305487,0.122770764,0.12248958,0.12222715,0.121998034,0.121800624,0.121633224,0.121494226,0.121382,0.12129488,0.12123126,0.12118948,0.121167906,0.1211649,0.12117882,0.12120805,0.12125092,0.1213058
0.12843047,0.12840085,0.12837593,0.12835649,0.1283432,0.12833689,0.12833828,0.12834807,0.12836702,0.1283959,0.12843542,0.12848637,0.12854946,0.1286254,0.12871502,0.12881902,0.12893811,0.12907723,0.12923928,0.12942179,0.12962249,0.12983897,0.13006884,0.1303098,0.13055941,0.13081539,0.13107525,0.13133673,0.13159738,0.1318549,0.13210692,0.13235098,0.13258483,0.13280603,0.13301228,0.13320114,0.13337024,0.13351728,0.13363986,0.13373558,0.13380212,0.13383709,0.13383813,0.13380286,0.13372892,0.13361394,0.13345557,0.1332514,0.13299912,0.13271415,0.1324141,0.13209964,0.13177155,0.13143057,0.13107745,0.13071296,0.13033776,0.12995268,0.1295584,0.12915573,0.12874533,0.12832804,0.12790452,0.12747553,0.12704186,0.12660423,0.1261634,0.12572004,0.12527494,0.12482888,0.12438256,0.12393674,0.12349215,0.12304957,0.12260969,0.12217327,0.12174109,0.12131386,0.12089232,0.12047727,0.120069355,0.11969016,0.119359106,0.119073816,0.11883193,0.11863109,0.118468925,0.11834304,0.11825111,0.11819074,0.11815957,0.11815522,0.11817534,0.118217565,0.11827951,0.11835884
0.12731287,0.12726627,0.12722711,0.12719655,0.1271757,0.12716576,0.12716791,0.12718329,0.12721309,0.1272585,0.12732066,0.12740073,0.1274999,0.12761933,0.1277602,0.12792365,0.1281109,0.12832627,0.12857132,0.12884298,0.12913816,0.12945378,0.1297868,0.13013418,0.13049282,0.1308596,0.13123152,0.13160548,0.13197844,0.13234727,0.13270897,0.13306041,0.13339858,0.13372032,0.1340227,0.13430251,0.13455679,0.13478239,0.13497627,0.13513537,0.1352566,0.1353369,0.13537322,0.1353625,0.13530158,0.13518749,0.13501711,0.1347874,0.13449526,0.13415863,0.13379823,0.13341525,0.1330108,0.1325861,0.13214229,0.13168058,0.13120213,0.13070807,0.13019958,0.12967783,0.12914403,0.12859932,0.12804487,0.12748182,0.12691142,0.12633473,0.125753,0.12516735,0.124579,0.12398909,0.123398766,0.12280925,0.12222167,0.121637195,0.121057,0.120482296,0.11991419,0.11935389,0.11880256,0.118261345,0.11773144,0.11723979,0.11681056,0.11644068,0.11612708,0.11586668,0.11565642,0.11549322,0.115374014,0.11529575,0.11525534,0.11524969,0.115275785,0.11533053,0.115410864,0.115513675
0.12623176,0.12616898,0.12611617,0.12607491,0.1260468,0.12603341,0.12603632,0.12605703,0.12609723,0.12615848,0.12624228,0.12635025,0.126484,0.12664507,0.12683503,0.12705548,0.12730797,0.12759635,0.1279209,0.12827785,0.12866348,0.12907407,0.12950586,0.12995511,0.13041806,0.130891,0.13137017,0.13185184,0.13233225,0.13280769,0.13327438,0.1337286,0.13416661,0.13458468,0.13497905,0.13534601,0.13568176,0.1359826,0.13624483,0.13646458,0.13663824,0.13676201,0.13683215,0.13684498,0.13679662,0.13668348,0.13650174,0.13624768,0.13591754,0.13553156,0.13511354,0.13466503,0.13418761,0.13368289,0.13315241,0.13259776,0.13202052,0.13142224,0.13080454,0.13016896,0.12951708,0.1288505,0.12817079,0.1274795,0.12677824,0.12606856,0.12535207,0.1246303,0.123904884,0.12317731,0.12244929,0.12172225,0.12099787,0.120277695,0.1195633,0.11885625,0.11815813,0.117470525,0.11679501,0.11613317,0.11548655,0.11488737,0.114364244,0.11391345,0.113531254,0.113213874,0.11295761,0.11275872,0.112613454,0.11251805,0.1124688,0.11246193,0.11249374,0.11256044,0.11265834,0.11278367
0.12519144,0.1251132,0.12504742,0.12499602,0.124961,0.124944314,0.12494792,0.124973774,0.12502386,0.12510012,0.12520453,0.12533905,0.12550566,0.1257063,0.12594293,0.12621754,0.1265321,0.12688987,0.12729,0.12772806,0.12819968,0.1287005,0.12922612,0.12977217,0.13033429,0.13090809,0.13148917,0.13207316,0.1326557,0.13323241,0.13379891,0.1343508,0.13488372,0.1353933,0.13587515,0.13632487,0.13673814,0.1371105,0.13743764,0.13771516,0.13793868,0.13810381,0.1382062,0.13824144,0.13820517,0.138093,0.13790056,0.1376235,0.13725738,0.1368247,0.13635203,0.13584143,0.13529484,0.13471419,0.13410147,0.13345863,0.13278764,0.13209048,0.13136908,0.13062544,0.12986149,0.12907922,0.1282806,0.12746756,0.12664208,0.12580612,0.12496167,0.12411067,0.12325509,0.12239687,0.121538006,0.12068045,0.11982618,0.118977144,0.118135296,0.11730263,0.11648107,0.11567262,0.11487923,0.11410284,0.11334545,0.11264417,0.11203193,0.11150434,0.111057006,0.11068557,0.11038566,0.11015287,0.10998284,0.10987118,0.10981353,0.10980551,0.109842725,0.10992081,0.110035375,0.110182054
0.12423551,0.12414321,0.124065585,0.124004945,0.12396362,0.123943925,0.12394819,0.123978674,0.124037765,0.12412777,0.12425098,0.12440974,0.12460631,0.12484308,0.12512232,0.12544638,0.12581752,0.12623863,0.1267077,0.12721974,0.12776981,0.12835295,0.1289642,0.12959857,0.13025111,0.13091691,0.131591,0.13226832,0.13294405,0.13361315,0.13427067,0.13491166,0.13553116,0.13612421,0.13668585,0.13721111,0.13769504,0.1381327,0.13851914,0.13884933,0.13911837,0.13932125,0.13945307,0.13950883,0.1394836,0.13937241,0.1391703,0.13887233,0.13847348,0.13799822,0.13747582,0.13690865,0.136299,0.13564916,0.13496152,0.13423832,0.13348188,0.13269453,0.13187867,0.13103648,0.13017036,0.12928261,0.12837556,0.12745152,0.1265128,0.12556168,0.12460058,0.12363172,0.12265747,0.121680126,0.12070201,0.11972542,0.11875271,0.117786184,0.116828136,0.11588093,0.11494683,0.114028186,0.11312731,0.11224653,0.111388125,0.11059381,0.10990029,0.109302685,0.108795986,0.10837525,0.10803551,0.10777186,0.10757926,0.10745279,0.1073875,0.10737841,0.107420556,0.107508995,0.10763878,0.107804924
0.12340097,0.123296365,0.12320839,0.123139694,0.12309285,0.12307054,0.123075366,0.12310991,0.12317687,0.12327887,0.123418495,0.123598374,0.12382115,0.124089435,0.12440587,0.12477307,0.12519366,0.12567008,0.12619933,0.12677597,0.12739453,0.12804954,0.12873553,0.12944698,0.13017856,0.13092463,0.13167988,0.13243875,0.13319579,0.13394554,0.13468254,0.1354013,0.13609642,0.13676232,0.13739362,0.13798483,0.13853051,0.13902514,0.13946332,0.1398395,0.14014828,0.14038414,0.14054164,0.1406154,0.14059976,0.14048944,0.14027886,0.13996258,0.13953516,0.13902275,0.13845696,0.1378404,0.1371757,0.13646547,0.13571234,0.13491896,0.13408798,0.13322194,0.13232352,0.13139531,0.13044001,0.12946017,0.12845849,0.12743752,0.1263999,0.12534831,0.124285325,0.12321358,0.12213572,0.12105436,0.119972125,0.11889165,0.11781551,0.11674641,0.115686916,0.1146397,0.113607354,0.11259252,0.1115978,0.11062586,0.1096793,0.108803704,0.10803926,0.10738052,0.10682199,0.10635823,0.105983764,0.1056931,0.105480805,0.10534141,0.10526944,0.1052594,0.10530589,0.10540337,0.10554642,0.10572954
0.1226818,0.12256663,0.12246971,0.122394055,0.12234249,0.12231791,0.12232321,0.1223613,0.12243504,0.122547336,0.12270109,0.122899204,0.123144515,0.123439975,0.12378846,0.124192856,0.12465607,0.12518013,0.12576127,0.12639357,0.12707114,0.12778807,0.12853846,0.12931637,0.13011599,0.1309313,0.13175647,0.13258556,0.1334127,0.13423198,0.13503744,0.13582328,0.13658346,0.1373122,0.13800354,0.13865162,0.13925046,0.13979422,0.14027694,0.14069277,0.14103578,0.14130008,0.14147975,0.1415689,0.14156163,0.141452,0.14123413,0.1409021,0.14045006,0.13990563,0.13930243,0.1386433,0.13793117,0.1371689,0.13635942,0.13550556,0.13461025,0.13367641,0.13270688,0.13170458,0.1306724,0.12961322,0.1285299,0.12742545,0.12630263,0.12516442,0.12401366,0.12285328,0.12168613,0.12051512,0.11934316,0.11817312,0.11700791,0.11585039,0.114703506,0.11357008,0.112453066,0.111355335,0.11027976,0.109229274,0.10820673,0.1072611,0.10643553,0.10572412,0.10512093,0.104620084,0.104215674,0.10390177,0.10367251,0.10352196,0.10344421,0.103433385,0.10348359,0.10358886,0.10374335,0.10394114
0.12207207,0.12194789,0.12184345,0.121761866,0.121706285,0.12167978,0.1216855,0.12172654,0.12180604,0.121927105,0.12209283,0.12230639,0.122570865,0.12288935,0.12326501,0.12370093,0.12420026,0.12476472,0.12538984,0.12606932,0.12679696,0.12756637,0.12837137,0.12920566,0.13006292,0.13093695,0.13182144,0.13271007,0.13359663,0.13447484,0.13533837,0.13618101,0.13699645,0.13777843,0.13852069,0.13921691,0.13986088,0.14044625,0.1409668,0.14141622,0.14178827,0.14207664,0.1422751,0.14237735,0.14237711,0.1422681,0.14204407,0.1416987,0.14122579,0.14065422,0.14001928,0.13932408,0.13857174,0.13776535,0.13690801,0.1360029,0.13505311,0.13406174,0.13303192,0.13196674,0.13086942,0.12974295,0.12859054,0.12741521,0.12622017,0.12500851,0.123783335,0.12254775,0.121304914,0.120057926,0.11880989,0.117563926,0.116323166,0.11509072,0.113869675,0.112663224,0.11147441,0.11030638,0.10916226,0.10804517,0.106958196,0.10595322,0.105075814,0.10431972,0.103678696,0.103146374,0.102716565,0.102382965,0.10213932,0.101979315,0.1018967,0.1018852,0.10193852,0.102050416,0.10221462,0.102424815
0.12156577,0.12143412,0.12132341,0.121236935,0.12117801,0.12114992,0.121155985,0.121199496,0.121283755,0.12141209,0.12158778,0.121814154,0.12209452,0.12243214,0.122830376,0.12329246,0.12382178,0.12441977,0.12508145,0.12580012,0.12656927,0.12738231,0.12823263,0.12911367,0.1300189,0.13094163,0.13187535,0.13281344,0.13374932,0.13467647,0.13558821,0.13647805,0.13733937,0.13816556,0.13895011,0.13968635,0.1403677,0.14098766,0.1415396,0.14201693,0.14241308,0.14272147,0.14293551,0.14304864,0.14305423,0.14294572,0.14271659,0.14236014,0.14186987,0.1412758,0.14061452,0.13988931,0.13910359,0.13826056,0.13736352,0.13641585,0.1354208,0.13438168,0.13330181,0.13218446,0.13103297,0.12985067,0.1286408,0.12740672,0.12615171,0.12487902,0.12359208,0.1222941,0.120988384,0.11967829,0.11836709,0.1170581,0.11575458,0.114459895,0.113177344,0.11191022,0.1106618,0.109435394,0.108234346,0.10706194,0.10592148,0.104867205,0.10394678,0.10315362,0.1024811,0.10192271,0.10147181,0.10112185,0.10086624,0.1006984,0.10061173,0.100599654,0.10065561,0.10077298,0.10094524,0.10116574
0.121156946,0.12101928,0.1209035,0.12081306,0.12075144,0.120722085,0.12072841,0.1207739,0.12086203,0.120996244,0.12117998,0.12141669,0.12170988,0.12206296,0.12247938,0.12296264,0.12351617,0.12414126,0.124832384,0.12558271,0.12638542,0.12723367,0.12812063,0.12903947,0.1299833,0.13094543,0.13191888,0.13289692,0.13387266,0.13483928,0.13579,0.13671795,0.13761626,0.13847816,0.1392968,0.14006536,0.14077698,0.14142486,0.14200215,0.14250198,0.1429176,0.14324217,0.1434688,0.14359069,0.14360102,0.14349294,0.14325958,0.14289422,0.14238997,0.14177768,0.14109513,0.1403458,0.13953306,0.13866043,0.13773137,0.1367493,0.13571768,0.13464002,0.13351972,0.13236028,0.1311651,0.12993766,0.12868144,0.12739986,0.1260964,0.12477449,0.12343764,0.12208926,0.1207328,0.11937175,0.118009545,0.11664962,0.115295485,0.113950565,0.1126183,0.11130216,0.11000562,0.10873211,0.1074851,0.10626803,0.10508438,0.103990294,0.10303512,0.102212004,0.1015141,0.10093462,0.10046672,0.10010356,0.09983828,0.09966408,0.09957415,0.099561624,0.099619694,0.099741496,0.09992026,0.10014908
0.12083964,0.12069731,0.120577596,0.12048411,0.120420374,0.12038999,0.120396554,0.12044359,0.12053472,0.12067348,0.12086347,0.12110822,0.12141135,0.121776424,0.122207,0.12270666,0.12327898,0.12392508,0.124639116,0.125414,0.12624271,0.12711832,0.12803368,0.12898181,0.12995571,0.13094833,0.13195267,0.13296169,0.13396838,0.13496569,0.13594659,0.1369041,0.13783117,0.1387208,0.13956591,0.14035955,0.1410946,0.14176416,0.1423611,0.14287847,0.14330919,0.14364628,0.14388269,0.14401138,0.14402539,0.14391764,0.1436811,0.14330879,0.14279364,0.14216726,0.14146818,0.14070004,0.13986637,0.1389708,0.13801686,0.1370081,0.13594812,0.13484055,0.13368888,0.13249671,0.1312676,0.13000517,0.12871298,0.12739454,0.12605347,0.12469338,0.12331776,0.12193027,0.12053444,0.11913381,0.11773201,0.11633263,0.114939146,0.11355522,0.1121844,0.11083023,0.109496325,0.108186245,0.10690355,0.10565183,0.10443466,0.10330969,0.10232754,0.101481184,0.10076358,0.10016773,0.09968661,0.09931318,0.09904043,0.09886131,0.09876882,0.09875596,0.09881566,0.0989409,0.099124715,0.09936001
0.12060787,0.120462105,0.12033956,0.12024381,0.12017855,0.12014745,0.120154165,0.12020234,0.120295644,0.12043771,0.12063226,0.120882906,0.1211933,0.121567115,0.12200804,0.12251968,0.12310571,0.12376719,0.12449793,0.12529075,0.12613854,0.12703404,0.12797019,0.12893969,0.12993556,0.13095048,0.13197738,0.133009,0.1340383,0.13505797,0.13606098,0.1370401,0.13798815,0.13889802,0.13976249,0.14057441,0.14132667,0.14201203,0.14262334,0.14315344,0.14359522,0.14394146,0.14418502,0.14431867,0.14433536,0.14422782,0.14398895,0.14361158,0.14308849,0.14245176,0.14174066,0.14095879,0.14010985,0.13919748,0.13822536,0.1371971,0.13611646,0.13498703,0.13381244,0.13259636,0.13134253,0.13005449,0.12873597,0.12739065,0.12602213,0.12463413,0.12323023,0.121814154,0.120389536,0.11896004,0.117529325,0.116101064,0.11467888,0.11326645,0.11186745,0.11048554,0.10912435,0.10778754,0.10647878,0.10520176,0.1039601,0.102812566,0.1018107,0.10094738,0.10021538,0.09960758,0.0991168,0.09873589,0.09845765,0.09827495,0.098180644,0.098167494,0.098228395,0.098356165,0.09854364,0.098783664
0.12045568,0.12030767,0.12018322,0.12008602,0.12001975,0.11998818,0.119995,0.12004391,0.12013865,0.12028293,0.12048044,0.12073494,0.12105011,0.121429704,0.12187738,0.12239689,0.12299196,0.12366349,0.12440523,0.12520987,0.1260701,0.12697871,0.12792842,0.12891208,0.12992233,0.13095188,0.13199356,0.1330401,0.13408417,0.1351186,0.13613608,0.13712937,0.13809125,0.13901436,0.13989156,0.14071552,0.141479,0.14217477,0.1427955,0.14333403,0.14378305,0.14413528,0.1443835,0.14452046,0.1445389,0.14443152,0.1441911,0.14381039,0.1432821,0.14263858,0.14191958,0.14112872,0.14026974,0.13934635,0.13836227,0.13732126,0.136227,0.13508317,0.13389355,0.1326618,0.13139167,0.13008687,0.12875111,0.12738807,0.12600157,0.124595195,0.12317274,0.12173791,0.120294385,0.11884595,0.11739624,0.11594899,0.11450798,0.11307685,0.11165934,0.1102592,0.108880065,0.107525736,0.106199875,0.10490621,0.10364847,0.10248612,0.10147133,0.10059684,0.099855416,0.09923977,0.09874263,0.0983568,0.09807498,0.097889915,0.0977944,0.09778108,0.097842745,0.097972184,0.09816208,0.09840518
0.120377116,0.12022795,0.12010252,0.12000454,0.11993777,0.119905934,0.11991282,0.119962126,0.120057605,0.12020297,0.12040207,0.12065855,0.1209762,0.12135872,0.121809915,0.1223335,0.12293321,0.123609975,0.124357365,0.12516807,0.12603477,0.12695016,0.12790695,0.12889782,0.1299155,0.13095263,0.13200194,0.13305612,0.13410787,0.13514988,0.13617487,0.1371755,0.13814446,0.13907443,0.13995819,0.14078836,0.14155768,0.14225878,0.14288443,0.14342728,0.14388004,0.14423536,0.14448604,0.14462468,0.14464399,0.14453669,0.14429548,0.14391305,0.14338206,0.14273508,0.14201196,0.14121643,0.1403523,0.13942322,0.13843301,0.13738535,0.13628407,0.13513285,0.13393544,0.13269559,0.13141705,0.13010359,0.1287589,0.1273868,0.12599093,0.1245751,0.12314306,0.12169852,0.12024526,0.11878701,0.11732751,0.115870506,0.11441973,0.112978935,0.111551896,0.110142335,0.10875396,0.10739056,0.10605586,0.10475363,0.10348756,0.10231758,0.10129609,0.100415856,0.09966954,0.099049844,0.09854945,0.098161064,0.097877406,0.09769115,0.09759493,0.097581565,0.09764364,0.09777391,0.097965054,0.09820977
0.12036616,0.12021683,0.12009128,0.119993195,0.11992635,0.1198945,0.11990137,0.11995072,0.1200463,0.12019186,0.12039115,0.1206479,0.12096591,0.12134887,0.12180051,0.122324675,0.12292503,0.123602524,0.12435069,0.12516223,0.12602982,0.12694618,0.12790395,0.12889582,0.12991452,0.13095272,0.1320031,0.13305837,0.13411118,0.13515426,0.13618025,0.13718191,0.13815187,0.13908282,0.13996749,0.14079852,0.14156862,0.14227048,0.1428968,0.14344026,0.14389353,0.14424929,0.1445003,0.14463915,0.14465863,0.14455135,0.14431,0.14392734,0.14339598,0.14274849,0.14202482,0.14122865,0.14036375,0.1394339,0.13844284,0.13739428,0.13629201,0.13513976,0.13394126,0.13270031,0.13142061,0.13010593,0.12875997,0.12738658,0.12598945,0.124572314,0.12313893,0.12169307,0.12023842,0.1187788,0.11731795,0.11585957,0.11440744,0.112965316,0.11153695,0.11012605,0.10873638,0.10737174,0.10603579,0.10473236,0.10346517,0.102294095,0.10127168,0.10039066,0.099643655,0.0990234,0.09852255,0.098133825,0.09784988,0.09766345,0.09756718,0.09755375,0.097615935,0.09774631,0.09793763,0.09818257
0.120416895,0.12026832,0.1201434,0.12004581,0.11997929,0.11994757,0.11995441,0.12000353,0.120098636,0.12024346,0.120441735,0.12069723,0.12101364,0.121394634,0.121844076,0.122365594,0.122962944,0.1236371,0.12438159,0.1251892,0.12605262,0.1269646,0.12791783,0.12890504,0.12991896,0.13095224,0.13199772,0.133048,0.13409588,0.13513404,0.13615523,0.13715214,0.13811749,0.13904402,0.13992445,0.14075148,0.14151783,0.14221624,0.1428394,0.14338005,0.14383091,0.14418471,0.14443411,0.1445719,0.14459078,0.14448345,0.14424261,0.14386106,0.14333145,0.14268622,0.14196517,0.14117202,0.14031047,0.13938427,0.13839722,0.13735293,0.13625517,0.13510768,0.13391422,0.13267851,0.13140422,0.13009512,0.12875494,0.12738743,0.12599632,0.124585286,0.1231581,0.12171847,0.12027014,0.11881683,0.117362306,0.11591024,0.11446442,0.113028534,0.1116063,0.110201485,0.10881781,0.107459,0.106128775,0.104830876,0.10356904,0.10240291,0.10138483,0.10050749,0.09976365,0.099146,0.09864728,0.09826018,0.097977445,0.09779178,0.097695924,0.09768258,0.09774445,0.09787432,0.09806482,0.09830871
0.12052333,0.12037633,0.1202527,0.12015614,0.12009033,0.120058976,0.120065734,0.12011431,0.12020843,0.12035174,0.120547906,0.1208007,0.121113755,0.12149079,0.12193546,0.12245147,0.12304251,0.12370958,0.12444642,0.12524584,0.12610051,0.1270033,0.12794697,0.12892435,0.1299282,0.13095127,0.13198636,0.13302629,0.13406377,0.13509168,0.13610269,0.13708967,0.1380454,0.13896266,0.13983417,0.1406528,0.14141129,0.14210244,0.14271899,0.14325379,0.14369957,0.14404912,0.1442953,0.14443079,0.14444843,0.14434102,0.14410125,0.14372201,0.14319605,0.14255553,0.14184004,0.1410532,0.1401987,0.13928017,0.13830143,0.13726608,0.13617788,0.13504043,0.13385747,0.1326327,0.1313698,0.13007247,0.12874438,0.12738921,0.12601069,0.124612495,0.123198286,0.12177178,0.12033668,0.118896656,0.11745538,0.116016574,0.11458394,0.11316112,0.11175183,0.11035979,0.10898863,0.10764209,0.10632382,0.10503756,0.10378697,0.1026312,0.101622164,0.10075264,0.100015394,0.09940323,0.09890894,0.09852528,0.09824506,0.09806108,0.09796603,0.09795283,0.09801417,0.09814283,0.09833166,0.09857339
0.1206795,0.12053481,0.12041312,0.12031804,0.12025328,0.12022241,0.12022908,0.12027688,0.12036953,0.12051059,0.12070371,0.12095253,0.12126068,0.12163179,0.12206951,0.12257746,0.12315926,0.12381598,0.12454155,0.12532884,0.12617071,0.12706009,0.12798978,0.12895273,0.1299418,0.13094981,0.13196975,0.13299438,0.13401668,0.13502944,0.13602564,0.13699804,0.13793963,0.13884325,0.13970175,0.14050801,0.14125495,0.14193541,0.14254232,0.14306846,0.14350687,0.14385027,0.14409159,0.14422373,0.14423956,0.14413197,0.14389382,0.14351799,0.14299737,0.14236385,0.14165646,0.14087884,0.14003462,0.13912742,0.13816093,0.13713872,0.13606445,0.13494174,0.13377428,0.13256556,0.13131934,0.13003923,0.12872888,0.12739187,0.12603182,0.12465242,0.1232573,0.12185002,0.120434314,0.11901375,0.11759196,0.116172604,0.11475932,0.11335568,0.111965396,0.11059205,0.10923929,0.107910745,0.10661006,0.10534084,0.10410674,0.102966174,0.10197042,0.10111232,0.10038479,0.09978068,0.09929289,0.09891427,0.098637745,0.09845615,0.09836239,0.09834933,0.09840986,0.098536864,0.098723195,0.098961756
0.120879434,0.12073767,0.12061846,0.12052533,0.12046189,0.12043163,0.12043815,0.12048499,0.12057575,0.12071397,0.12090315,0.1211469,0.12144879,0.12181235,0.12224115,0.122738756,0.12330872,0.123952195,0.12466333,0.12543516,0.12626062,0.12713277,0.12804456,0.12898906,0.12995917,0.13094796,0.13194844,0.13295357,0.13395636,0.13494983,0.13592698,0.13688076,0.13780424,0.13869037,0.13953218,0.14032266,0.1410548,0.1417216,0.14231609,0.14283125,0.14326012,0.1435956,0.14383078,0.14395863,0.14397217,0.14386438,0.14362822,0.1432568,0.14274304,0.1421184,0.14142138,0.1406556,0.13982458,0.13893187,0.13798104,0.13697566,0.13591926,0.1348154,0.13366768,0.1324796,0.13125476,0.1299967,0.128709,0.12739521,0.12605885,0.124703564,0.123332806,0.1219502,0.120559305,0.11916366,0.11776683,0.116372354,0.11498384,0.11360479,0.11223879,0.11088941,0.109560184,0.10825469,0.106976464,0.105729096,0.104516126,0.10339504,0.102416255,0.10157282,0.1008577,0.10026389,0.09978443,0.0994123,0.09914047,0.09896198,0.098869815,0.098856986,0.09891648,0.099041305,0.099224456,0.09945895
