0.0854869,0.085092105,0.08476009,0.08450077,0.08432404,0.08423978,0.08425795,0.08438845,0.08464117,0.08502604,0.08555296,0.08623185,0.08707261,0.08808515,0.089279406,0.090665266,0.092252634,0.093901396,0.095470324,0.0969677,0.09840172,0.0997807,0.101112895,0.102406524,0.10366989,0.10491122,0.10613879,0.107360855,0.10858568,0.1098215,0.11107661,0.11235923,0.11367764,0.11504011,0.116454884,0.11793021,0.11947435,0.121095605,0.12280218,0.12460237,0.12650439,0.12851654,0.13064706,0.13290423,0.13529627,0.13783148,0.14051811,0.14336435,0.14637859,0.14937544,0.15217084,0.15477453,0.15719661,0.15944684,0.16153522,0.16347165,0.165266,0.1669282,0.16846819,0.1698959,0.1712211,0.17245385,0.17360401,0.17468151,0.17569622,0.17665808,0.17757699,0.17846285,0.1793256,0.18017511,0.18102135,0.18187419,0.18274355,0.18363933,0.18457149,0.18554987,0.18658438,0.187685,0.18886158,0.19012406,0.19148235,0.19280511,0.19396001,0.19495514,0.19579895,0.19649953,0.19706525,0.19750434,0.19782507,0.19803564,0.19814439,0.19815953,0.19808933,0.19794208,0.19772597,0.19744927
0.08509051,0.08469179,0.08435646,0.084094524,0.083916016,0.08383093,0.08384928,0.083981074,0.08423633,0.084625065,0.08515725,0.085842945,0.086692125,0.08771481,0.08892102,0.09032076,0.09192401,0.09358955,0.09517488,0.096688345,0.098138206,0.09953278,0.10088036,0.10218922,0.10346767,0.10472399,0.10596649,0.10720348,0.10844323,0.10969404,0.1109642,0.11226198,0.113595754,0.11497373,0.11640424,0.11789557,0.11945605,0.12109391,0.122817494,0.124635085,0.12655498,0.12858544,0.13073479,0.13301131,0.13542335,0.13797913,0.14068696,0.14355513,0.14659199,0.14961082,0.15242614,0.15504792,0.15748617,0.1597509,0.16185212,0.16379991,0.1656042,0.167275,0.16882236,0.17025629,0.17158677,0.17282382,0.17397743,0.17505768,0.1760745,0.17703794,0.17795801,0.17884474,0.1797081,0.18055807,0.18140472,0.18225808,0.18312809,0.18402481,0.18495822,0.18593834,0.1869752,0.18807879,0.18925908,0.19052619,0.19189005,0.19321853,0.19437833,0.19537781,0.19622521,0.19692886,0.19749698,0.19793798,0.19826008,0.19847158,0.19858079,0.19859602,0.19852549,0.19837758,0.19816051,0.1978827
0.08475719,0.08435512,0.08401698,0.08375287,0.08357286,0.08348708,0.083505586,0.08363848,0.08389588,0.08428782,0.08482447,0.08551586,0.08637212,0.087403335,0.08861961,0.090031005,0.09164765,0.09332726,0.0949264,0.096453406,0.09791658,0.099324256,0.100684784,0.10200646,0.10329759,0.10456655,0.10582161,0.107071154,0.108323455,0.10958685,0.110869676,0.11218025,0.11352688,0.11491793,0.11636165,0.11786646,0.11944065,0.12109252,0.12283038,0.124662615,0.12659748,0.12864336,0.13080856,0.13310139,0.13553017,0.13810326,0.14082895,0.14371558,0.14677146,0.14980876,0.15264086,0.15527777,0.15772967,0.16000658,0.16211866,0.16407596,0.1658886,0.16756667,0.16912024,0.17055942,0.17189428,0.17313495,0.1742915,0.17537405,0.17639264,0.17735744,0.17827846,0.17916587,0.18002973,0.18088014,0.18172714,0.1825809,0.18345147,0.18434897,0.18528347,0.18626505,0.18730389,0.18840997,0.18959346,0.1908644,0.1922329,0.19356617,0.1947302,0.19573326,0.1965837,0.19728987,0.19786009,0.19830267,0.19862592,0.19883819,0.19894777,0.19896309,0.19889228,0.19874384,0.19852604,0.19824716
0.084496796,0.08409214,0.08375183,0.08348601,0.08330484,0.0832185,0.08323713,0.08337089,0.08362992,0.084024414,0.084564514,0.08526039,0.08612219,0.087160066,0.088384174,0.089804694,0.09143178,0.0931224,0.094732314,0.09626989,0.09774348,0.09916141,0.100532025,0.101863705,0.103164755,0.10444355,0.105708435,0.106967755,0.108229876,0.109503105,0.11079582,0.11211636,0.11347307,0.114874296,0.116328426,0.11784372,0.119428605,0.121091396,0.12284045,0.12468411,0.1266307,0.12868862,0.13086618,0.13317172,0.13561365,0.13820025,0.14093986,0.14384088,0.14691165,0.14996338,0.15280856,0.15545735,0.15791987,0.16020633,0.16232683,0.16429164,0.16611077,0.16779447,0.16935289,0.17079619,0.17213449,0.17337796,0.1745368,0.17562117,0.17664117,0.17760698,0.1785288,0.17941672,0.18028098,0.18113169,0.18197899,0.18283308,0.18370408,0.18460217,0.18553753,0.18652028,0.18756062,0.18866865,0.18985458,0.19112855,0.19250073,0.19383772,0.19500503,0.1960109,0.19686374,0.1975719,0.19814372,0.19858752,0.19891167,0.19912456,0.19923447,0.19924979,0.19917881,0.19902995,0.19881149,0.1985319
0.084319346,0.08391292,0.08357112,0.08330414,0.08312219,0.08303545,0.083054155,0.083188504,0.083448686,0.0838449,0.08438736,0.085086286,0.085951835,0.08699426,0.08822373,0.08965046,0.09128466,0.09298278,0.094600044,0.09614484,0.097625494,0.09905042,0.10042792,0.10176641,0.10307422,0.10435974,0.105631314,0.106897324,0.10816611,0.109446034,0.1107455,0.11207284,0.11343641,0.11484457,0.116305724,0.117828205,0.119420424,0.12109065,0.122847304,0.12469876,0.12665333,0.12871945,0.13090545,0.13321967,0.13567051,0.13826631,0.14101543,0.14392628,0.14700717,0.15006872,0.15292285,0.1555797,0.1580495,0.16034243,0.16246875,0.16443858,0.16626216,0.16794972,0.16951144,0.17095754,0.17229816,0.17354359,0.174704,0.17578958,0.17681052,0.17777708,0.17869937,0.17958766,0.18045221,0.18130311,0.18215062,0.18300493,0.18387622,0.18477473,0.18571067,0.18669419,0.18773559,0.18884495,0.19003256,0.19130859,0.19268325,0.19402279,0.19519234,0.19620012,0.19705461,0.19776408,0.198337,0.19878165,0.19910644,0.19931972,0.19942981,0.19944516,0.19937406,0.1992249,0.19900608,0.1987259
0.08423475,0.08382749,0.08348499,0.08321746,0.08303512,0.08294822,0.08296696,0.08310157,0.083362296,0.08375934,0.084302925,0.085003294,0.085870646,0.08691524,0.088147245,0.089576945,0.091214545,0.09291623,0.09453699,0.09608522,0.097569264,0.0989975,0.10037829,0.10172002,0.103031054,0.10431978,0.10559456,0.10686373,0.10813572,0.10941885,0.11072151,0.11205209,0.11341893,0.11483043,0.11629492,0.11782083,0.11941648,0.12109029,0.12285055,0.12470574,0.12666415,0.12873416,0.13092417,0.13324256,0.13569762,0.13829784,0.14105147,0.14396699,0.1470527,0.15011898,0.15297733,0.15563804,0.15811129,0.16040735,0.16253635,0.16450863,0.16633435,0.16802372,0.16958702,0.17103444,0.17237623,0.17362255,0.17478369,0.17586987,0.17689124,0.17785813,0.1787807,0.17966917,0.18053381,0.1813848,0.1822324,0.18308681,0.18395828,0.18485697,0.18579319,0.18677714,0.18781896,0.18892902,0.19011737,0.19139439,0.19277024,0.19411103,0.1952816,0.19629034,0.19714557,0.19785573,0.19842914,0.19887419,0.19919927,0.19941273,0.19952296,0.1995383,0.19946715,0.19931787,0.19909884,0.19881839
0.084253006,0.08384593,0.08350357,0.08323615,0.0830539,0.08296701,0.08298576,0.08312032,0.08338093,0.08377779,0.084321156,0.0850212,0.08588816,0.08693228,0.088163756,0.089592814,0.09122966,0.09293059,0.094550595,0.09609807,0.09758138,0.0990089,0.100389004,0.10173002,0.10304038,0.10432842,0.10560248,0.106870964,0.10814228,0.10942471,0.11072668,0.11205657,0.113422714,0.114833474,0.11629727,0.11782245,0.11941734,0.12109037,0.122849874,0.124704234,0.1266618,0.12873097,0.13092014,0.13323762,0.13569176,0.13829105,0.14104372,0.14395821,0.14704287,0.15010814,0.15296558,0.15562545,0.15809797,0.16039333,0.16252178,0.1644935,0.16631876,0.16800778,0.16957071,0.17101784,0.17235939,0.17360553,0.17476648,0.17585254,0.17687385,0.17784064,0.17876317,0.1796516,0.18051621,0.18136719,0.18221477,0.18306915,0.18394056,0.18483923,0.1857754,0.18675923,0.18780099,0.18891086,0.19009908,0.19137588,0.1927515,0.19409199,0.19526231,0.19627085,0.19712596,0.19783595,0.19840924,0.19885424,0.19917923,0.19939268,0.19950289,0.19951822,0.19944708,0.19929783,0.19907883,0.19879845
0.08438402,0.083978236,0.083636984,0.083370425,0.08318876,0.083102174,0.083120845,0.08325496,0.08351474,0.08391034,0.08445192,0.08514975,0.086013936,0.08705469,0.08828223,0.08970668,0.091338284,0.09303367,0.094648264,0.096190415,0.0976685,0.09909085,0.10046586,0.101801865,0.103107214,0.10439028,0.10565943,0.106923,0.10818933,0.10946684,0.11076383,0.112088695,0.113449775,0.11485541,0.11631401,0.117833875,0.1194234,0.12109092,0.1228448,0.124693416,0.12664509,0.12870821,0.13089114,0.1332022,0.13564977,0.13824223,0.1409879,0.14389516,0.14697236,0.15003031,0.15288119,0.1555351,0.15800224,0.16029283,0.162417,0.16438499,0.166207,0.16789313,0.16945368,0.17089869,0.17223851,0.17348324,0.17464304,0.17572819,0.17674878,0.17771506,0.17863719,0.17952539,0.18038979,0.1812406,0.18208805,0.18294227,0.18381348,0.18471184,0.18564756,0.18663082,0.18767178,0.18878071,0.18996768,0.19124298,0.19261673,0.19395533,0.19512405,0.19613115,0.19698502,0.19769405,0.19826654,0.19871089,0.19903547,0.19924857,0.19935864,0.19937393,0.19930291,0.19915386,0.19893517,0.19865516
0.08463776,0.08423452,0.08389538,0.08363049,0.08344995,0.08336391,0.08338248,0.083515756,0.08377391,0.08416703,0.084705256,0.08539872,0.0862575,0.08729178,0.088511646,0.08992723,0.09154865,0.0932333,0.094837405,0.096369244,0.0978372,0.09924958,0.100614734,0.10194098,0.10323667,0.10451014,0.10576972,0.10702373,0.108280525,0.109548435,0.1108358,0.11215095,0.113502204,0.11489791,0.11634641,0.11785602,0.11943513,0.121091984,0.12283499,0.12467246,0.12661272,0.1286641,0.13083497,0.13313365,0.13556845,0.13814773,0.14087981,0.14377303,0.14683573,0.14987968,0.15271775,0.15536012,0.15781687,0.1600982,0.16221413,0.16417487,0.16599047,0.16767111,0.16922691,0.17066798,0.17200442,0.17324638,0.17440403,0.17548735,0.17650662,0.17747186,0.17839327,0.17928092,0.18014495,0.18099546,0.18184263,0.18269655,0.18356732,0.18446508,0.18539998,0.18638211,0.18742162,0.18852861,0.18971321,0.19098553,0.19235572,0.19369072,0.19485621,0.19586061,0.1967121,0.19741921,0.19799016,0.19843331,0.19875696,0.1989695,0.19907925,0.19909455,0.1990237,0.19887505,0.19865696,0.19837774
0.08502419,0.0846248,0.084288895,0.084026545,0.08384773,0.083762504,0.08378088,0.08391291,0.08416859,0.08455795,0.08509104,0.08577786,0.08662843,0.087652825,0.08886103,0.09026309,0.09186902,0.09353734,0.09512542,0.096641585,0.0980941,0.099491276,0.10084144,0.10215284,0.103433825,0.10469267,0.10593766,0.10717716,0.108419396,0.10967274,0.11094538,0.112245746,0.11358204,0.11496264,0.11639577,0.11788981,0.119452976,0.121093646,0.12282005,0.12464056,0.12656341,0.12859696,0.13074948,0.13302925,0.1354446,0.13800383,0.1407152,0.14358705,0.14662771,0.1496502,0.15246885,0.15509364,0.15753458,0.15980178,0.1619052,0.16385487,0.1656608,0.16733307,0.16888164,0.17031659,0.171648,0.17288575,0.17403995,0.17512064,0.17613782,0.17710154,0.1780218,0.17890865,0.1797721,0.18062215,0.18146887,0.18232231,0.18319245,0.18408929,0.18502295,0.18600336,0.1870406,0.18814468,0.18932563,0.1905935,0.19195826,0.19328769,0.19444834,0.19544855,0.19629654,0.1970007,0.19756927,0.19801056,0.19833288,0.19854453,0.19865382,0.19866905,0.1985985,0.19845049,0.19823329,0.19795524
0.08555322,0.08515911,0.084827654,0.08456875,0.08439231,0.08430821,0.08432635,0.084456615,0.084708914,0.08509315,0.08561919,0.08629693,0.08713629,0.08814714,0.08933938,0.09072291,0.092307635,0.09395359,0.09551977,0.09701443,0.09844582,0.0998222,0.1011518,0.10244289,0.10370375,0.10494256,0.10616762,0.107387215,0.10860952,0.10984282,0.11109541,0.1123755,0.113691345,0.11505121,0.11646338,0.117936015,0.119477436,0.12109588,0.12279963,0.12459687,0.12649593,0.12850504,0.1306324,0.13288629,0.13527502,0.13780676,0.14048985,0.14333244,0.14634287,0.14933607,0.1521281,0.1547288,0.15714814,0.15939595,0.16148219,0.16341671,0.16520938,0.16687015,0.16840893,0.16983554,0.17115992,0.17239194,0.17354153,0.17461853,0.1756329,0.17659448,0.17751323,0.17839897,0.17926158,0.18011105,0.18095721,0.18180996,0.1826792,0.18357486,0.18450674,0.18548483,0.18651897,0.18761906,0.18879503,0.19005674,0.19141412,0.19273593,0.19388998,0.19488439,0.19572759,0.19642767,0.19699298,0.19743177,0.19775227,0.1979627,0.19807138,0.1980865,0.19801632,0.19786918,0.19765322,0.19737674
0.086234845,0.08584754,0.08552179,0.085267365,0.08509396,0.08501131,0.08502913,0.08515716,0.08540511,0.08578271,0.08629968,0.08696573,0.08779061,0.088784024,0.089955695,0.09131537,0.09287275,0.094489895,0.096027866,0.097494826,0.098899,0.10024855,0.1015517,0.102816604,0.10405149,0.10526453,0.106463894,0.10765782,0.10885445,0.11006202,0.11128872,0.112542704,0.1138322,0.115165375,0.11655042,0.117995545,0.11950896,0.1210988,0.122773275,0.12454062,0.12640898,0.12838656,0.13048151,0.13270214,0.13505654,0.13755292,0.1401995,0.14300443,0.14597592,0.14893131,0.15168902,0.15425873,0.15665022,0.15887308,0.16093718,0.16285218,0.16462784,0.1662738,0.16779988,0.16921572,0.17053112,0.17175576,0.17289935,0.17397165,0.17498235,0.17594123,0.17685795,0.17774224,0.17860387,0.17945255,0.18029796,0.18114989,0.18201795,0.18291199,0.18384166,0.18481673,0.1858469,0.1869419,0.18811142,0.18936524,0.19071302,0.19202502,0.1931705,0.1941576,0.19499452,0.1956894,0.19625053,0.19668606,0.19700418,0.19721305,0.19732092,0.19733593,0.19726631,0.19712023,0.19690587,0.19663146
0.087078996,0.0867001,0.086381435,0.08613254,0.0859629,0.08588205,0.08589949,0.08602475,0.08626729,0.08663668,0.0871424,0.08779399,0.08860093,0.08957276,0.09071896,0.09204908,0.0935726,0.09515408,0.09665709,0.09808977,0.099460214,0.10077658,0.10204693,0.10327942,0.10448215,0.10566325,0.10683081,0.10799296,0.109157816,0.110333495,0.111528106,0.11274977,0.1140066,0.115306735,0.11665825,0.118069306,0.11954796,0.121102385,0.12274066,0.12447092,0.12630127,0.12823984,0.13029474,0.13247408,0.13478595,0.13723853,0.1398399,0.14259815,0.14552145,0.14843005,0.15114531,0.15367663,0.15603353,0.15822558,0.16026226,0.1621531,0.16390757,0.16553526,0.16704558,0.16844815,0.16975236,0.17096786,0.17210406,0.17317052,0.17417672,0.17513217,0.17604646,0.17692898,0.17778932,0.17863701,0.17948149,0.18033236,0.18119903,0.18209107,0.18301801,0.18398936,0.18501459,0.18610321,0.1872648,0.18850881,0.18984477,0.19114465,0.19227953,0.19325745,0.19408663,0.19477515,0.19533105,0.19576256,0.1960777,0.19628468,0.19639154,0.19640642,0.1963374,0.1961927,0.19598033,0.19570844
0.08809563,0.08772687,0.08741672,0.08717449,0.0870094,0.086930715,0.08694768,0.08706958,0.08730565,0.08766514,0.08815733,0.088791475,0.08957683,0.09052265,0.09163819,0.09293269,0.094415456,0.09595394,0.09741489,0.09880626,0.100136116,0.10141248,0.10264336,0.10383681,0.10500082,0.106143445,0.107272685,0.1083966,0.109523155,0.11066043,0.11181643,0.11299916,0.11421668,0.115477,0.11678812,0.11815811,0.11959494,0.12110673,0.122701384,0.12438699,0.12617157,0.12806316,0.13006976,0.13219939,0.1344601,0.13685991,0.13940683,0.14210892,0.14497414,0.14782642,0.15049045,0.15297551,0.15529089,0.15744574,0.15944943,0.16131115,0.16304019,0.16464579,0.1661372,0.16752368,0.16881455,0.17001899,0.17114626,0.17220569,0.17320643,0.17415784,0.17506911,0.17594953,0.17680834,0.17765485,0.17849822,0.17934781,0.18021278,0.18110245,0.18202607,0.18299292,0.18401219,0.1850932,0.18624517,0.1874774,0.18879908,0.19008435,0.19120643,0.1921734,0.19299327,0.19367403,0.1942237,0.19465035,0.194962,0.1951666,0.19527225,0.19528697,0.19521876,0.19507566,0.19486566,0.19459684
0.08929468,0.08893787,0.08863781,0.08840342,0.088243686,0.08816754,0.08818397,0.08830192,0.08853031,0.088878155,0.08935439,0.08996797,0.09072785,0.09164299,0.09272235,0.09397489,0.09540956,0.09689736,0.09830865,0.09965132,0.100933306,0.1021625,0.10334683,0.10449421,0.105612576,0.10670982,0.10779387,0.10887264,0.10995404,0.111046,0.112156466,0.11329329,0.11446443,0.115677774,0.11694129,0.11826286,0.11965038,0.1211118,0.122655034,0.124288,0.1260186,0.12785476,0.12980442,0.13187544,0.13407578,0.13641334,0.13889606,0.14153185,0.1443286,0.14711443,0.14971812,0.15214862,0.15441494,0.156526,0.1584907,0.1603181,0.16201712,0.1635967,0.16506578,0.1664334,0.1677084,0.16889985,0.17001662,0.17106771,0.17206205,0.17300867,0.17391643,0.17479433,0.17565134,0.17649642,0.1773385,0.17818658,0.17904957,0.17993644,0.18085615,0.18181767,0.18282995,0.18390192,0.18504259,0.1862609,0.18756576,0.1888338,0.18994087,0.19089483,0.19170369,0.19237533,0.19291763,0.19333856,0.193646,0.19384788,0.1939521,0.19396664,0.19389935,0.19375816,0.193551,0.19328578
0.090686105,0.09034319,0.09005479,0.08982951,0.08967599,0.08960281,0.08961861,0.08973195,0.089951485,0.0902858,0.0907435,0.09133321,0.09206354,0.09294309,0.093980454,0.09518428,0.096563146,0.09799216,0.09934582,0.10063198,0.10185839,0.10303284,0.10416314,0.10525709,0.10632246,0.10736704,0.10839866,0.109425075,0.11045409,0.111493476,0.11255106,0.11363462,0.11475192,0.11591081,0.117119044,0.1183844,0.1197147,0.121117726,0.12260129,0.12417313,0.12584108,0.12761293,0.12949648,0.13149948,0.13362977,0.13589515,0.13830332,0.1408622,0.1435795,0.14628816,0.14882188,0.1511891,0.15339845,0.15545866,0.15737823,0.15916577,0.16082993,0.16237932,0.16382252,0.16516812,0.1664248,0.16760114,0.16870569,0.16974716,0.17073406,0.17167509,0.1725788,0.1734538,0.17430872,0.17515215,0.17599276,0.17683902,0.1776997,0.17858331,0.1794985,0.18045385,0.181458,0.18251956,0.18364707,0.18484922,0.18613459,0.18738261,0.18847221,0.18941116,0.19020724,0.19086827,0.19140202,0.1918163,0.19211888,0.19231758,0.19242021,0.19243447,0.19236825,0.1922293,0.1920254,0.19176437
0.09227987,0.09195284,0.09167781,0.091462985,0.09131658,0.0912468,0.09126185,0.09136994,0.091579296,0.09189811,0.092334606,0.09289698,0.093593456,0.094432235,0.09542152,0.09656954,0.09788449,0.09924613,0.10053382,0.101755224,0.102917984,0.104029745,0.10509817,0.1061309,0.10713558,0.10811986,0.1090914,0.11005784,0.111026816,0.112006,0.11300303,0.11402556,0.11508124,0.11617771,0.11732261,0.11852361,0.11978837,0.12112451,0.1225397,0.12404155,0.12563775,0.12733595,0.12914377,0.13106889,0.13311894,0.13530158,0.13762443,0.14009519,0.14272144,0.14534184,0.14779527,0.15009001,0.15223421,0.15423611,0.15610392,0.15784584,0.1594701,0.16098489,0.16239841,0.1637189,0.16495454,0.16611357,0.16720417,0.16823459,0.16921298,0.1701476,0.17104666,0.17191832,0.17277086,0.1736124,0.17445126,0.17529556,0.17615356,0.17703344,0.17794344,0.17889173,0.17988656,0.18093611,0.18204862,0.18323228,0.18449529,0.18572041,0.18678999,0.18771169,0.18849318,0.18914208,0.18966603,0.19007269,0.19036974,0.19056478,0.19066548,0.1906795,0.19061449,0.19047807,0.19027793,0.1900217
0.093987025,0.09367713,0.0934165,0.09321293,0.093074195,0.093008064,0.09302235,0.09312476,0.09332315,0.09362526,0.09403889,0.0945718,0.0952318,0.09602664,0.09696409,0.09805198,0.09929805,0.10058707,0.10180363,0.10295523,0.10404934,0.105093494,0.10609517,0.107061855,0.10800107,0.108920276,0.10982699,0.1107287,0.11163293,0.11254714,0.11347886,0.11443555,0.115424715,0.11645388,0.117530495,0.118662104,0.11985618,0.121120214,0.12246174,0.123888165,0.1254071,0.12702595,0.12875223,0.13059346,0.13255718,0.1346508,0.13688186,0.13925782,0.14178622,0.14431164,0.1466789,0.14889573,0.1509699,0.15290922,0.15472151,0.15641448,0.15799594,0.15947369,0.1608555,0.1621491,0.16336231,0.16450293,0.16557868,0.16659744,0.1675669,0.16849485,0.16938914,0.17025745,0.1711076,0.1719474,0.17278461,0.17362697,0.17448233,0.17535846,0.17626306,0.17720401,0.17818902,0.17922588,0.18032242,0.18148638,0.18272556,0.18392615,0.18497443,0.18587771,0.18664357,0.18727951,0.187793,0.18819153,0.18848263,0.18867378,0.18877248,0.18878624,0.18872252,0.18858881,0.18839268,0.18814154
0.09571086,0.095418446,0.09517253,0.09498044,0.09484954,0.09478714,0.09480061,0.09489725,0.09508444,0.095369495,0.09575979,0.09626261,0.09688535,0.09763532,0.09851987,0.099546336,0.10072206,0.10193693,0.10308081,0.104161076,0.10518503,0.10616002,0.10709344,0.10799256,0.108864754,0.10971739,0.11055778,0.11139327,0.112231225,0.113078944,0.11394383,0.11483316,0.115754314,0.116714634,0.11772145,0.11878213,0.119904,0.121094376,0.122360654,0.12371015,0.12515019,0.12668814,0.12833135,0.13008708,0.13196282,0.13396579,0.1361034,0.13838297,0.14081182,0.14324072,0.14552036,0.14765804,0.14966118,0.15153705,0.15329303,0.15493648,0.15647472,0.15791504,0.15926486,0.16053146,0.1617222,0.16284446,0.16390555,0.16491278,0.16587359,0.16679516,0.16768494,0.16855027,0.16939846,0.17023686,0.17107284,0.17191368,0.17276679,0.17363943,0.17453903,0.17547289,0.1764483,0.17747265,0.17855331,0.17969759,0.18091282,0.18208887,0.18311565,0.1840004,0.18475063,0.18537353,0.18587647,0.18626685,0.18655203,0.18673925,0.18683594,0.1868494,0.18678698,0.18665607,0.18646392,0.18621795
0.0974496,0.09717502,0.09694409,0.096763715,0.09664078,0.0965822,0.09659482,0.096685596,0.096861385,0.097129054,0.09749555,0.097967744,0.09855255,0.099256806,0.10008746,0.10105138,0.102155454,0.10329478,0.10436462,0.10537214,0.10632457,0.10722906,0.10809283,0.10892303,0.10972689,0.11051157,0.111284286,0.1120522,0.11282251,0.11360241,0.11439908,0.1152197,0.116071485,0.11696161,0.11789726,0.11888561,0.119933866,0.12104924,0.12223887,0.12350999,0.12486977,0.12632538,0.12788403,0.12955292,0.1313392,0.1332501,0.1352928,0.13747448,0.1398023,0.14213324,0.144324,0.14638151,0.14831263,0.1501243,0.1518233,0.15341668,0.15491119,0.15631384,0.15763147,0.15887095,0.16003919,0.16114311,0.1621896,0.16318554,0.1641378,0.16505331,0.16593893,0.16680156,0.16764817,0.16848555,0.16932061,0.1701603,0.17101143,0.17188099,0.1727758,0.1737028,0.17466883,0.17568085,0.17674571,0.17787032,0.17906155,0.18021294,0.1812181,0.18208434,0.18281877,0.18342863,0.18392101,0.18430324,0.1845824,0.18476573,0.18486036,0.18487354,0.18481241,0.18468422,0.18449613,0.18425533
0.09920158,0.0989451,0.098729394,0.0985609,0.098446086,0.098391354,0.09840316,0.09848795,0.09865213,0.098902166,0.0992445,0.099685565,0.10023179,0.10088963,0.101665504,0.10256586,0.10359715,0.10465971,0.10565427,0.106587864,0.107467525,0.1083003,0.10909322,0.10985332,0.11058761,0.111303166,0.112006985,0.11270612,0.11340759,0.114118434,0.11484572,0.11559643,0.11637763,0.11719635,0.11805959,0.118974425,0.11994789,0.12098698,0.12209878,0.12329027,0.12456853,0.1259406,0.12741345,0.12899417,0.13068974,0.1325073,0.13445376,0.13653623,0.13876173,0.14099348,0.14309427,0.1450706,0.14692889,0.14867558,0.15031707,0.15185988,0.15331036,0.15467499,0.1559602,0.15717247,0.15831824,0.15940383,0.16043581,0.16142058,0.16236456,0.16327415,0.16415592,0.16501616,0.16586143,0.16669808,0.16753258,0.16837138,0.16922091,0.17008762,0.17097796,0.17189829,0.17285515,0.17385493,0.17490405,0.17600903,0.1771762,0.17830282,0.17928638,0.18013395,0.18085258,0.18144931,0.18193111,0.1823051,0.18257825,0.1827576,0.1828502,0.18286312,0.18280335,0.18267788,0.18249385,0.1822582
0.10096504,0.10072693,0.100526646,0.10037023,0.100263625,0.10021282,0.100223765,0.10030248,0.10045492,0.10068705,0.1010049,0.10141439,0.10192153,0.10253229,0.10325264,0.10408857,0.10504605,0.10603076,0.10694899,0.107807584,0.10861345,0.10937346,0.11009448,0.11078342,0.111447126,0.11209249,0.112726375,0.11335568,0.11398729,0.11462807,0.115284905,0.11596466,0.11667421,0.11742046,0.11821027,0.11905054,0.11994813,0.12090991,0.12194276,0.123053566,0.12424924,0.12553662,0.12692258,0.12841403,0.13001783,0.13174087,0.13359001,0.13557212,0.13769412,0.13982558,0.14183551,0.14372979,0.14551456,0.14719564,0.14877906,0.15027092,0.15167706,0.15300344,0.15425614,0.15544106,0.15656422,0.15763159,0.1586491,0.1596228,0.16055867,0.16146265,0.16234069,0.16319883,0.164043,0.16487923,0.16571343,0.16655165,0.16739982,0.16826396,0.16914995,0.17006385,0.1710117,0.17199935,0.17303284,0.17411815,0.1752612,0.17636295,0.17732483,0.17815371,0.17885648,0.17944004,0.1799112,0.18027696,0.18054408,0.18071947,0.18081006,0.18082269,0.18076417,0.18064153,0.18046153,0.18023108
0.10273828,0.10251872,0.10233407,0.10218983,0.10209154,0.102044694,0.10205479,0.10212737,0.10226794,0.10248198,0.102775015,0.103152595,0.10362019,0.104183316,0.10484752,0.10561825,0.10650109,0.107407056,0.108248025,0.10903074,0.109761894,0.11044825,0.11109651,0.111713365,0.11230559,0.112879865,0.11344295,0.11400155,0.11456241,0.11513221,0.11571772,0.116325624,0.11696266,0.117635556,0.11835102,0.11911579,0.11993662,0.120820165,0.12177319,0.1228024,0.123914555,0.12511638,0.12641451,0.12781572,0.12932676,0.13095437,0.13270521,0.13458605,0.13660356,0.13863382,0.14055197,0.1423636,0.14407416,0.14568914,0.14721417,0.14865461,0.15001613,0.15130407,0.15252407,0.15368159,0.15478216,0.15583128,0.15683445,0.15779725,0.15872508,0.15962356,0.16049816,0.16135435,0.1621977,0.16303371,0.16386788,0.16470565,0.1655527,0.16641442,0.16729634,0.16820398,0.16914289,0.17011853,0.17113641,0.17220204,0.17332101,0.17439781,0.17533796,0.17614807,0.17683499,0.1774053,0.17786586,0.17822328,0.17848442,0.17865583,0.17874435,0.17875667,0.17869954,0.17857963,0.1784037,0.17817849
0.10451957,0.10431876,0.10414986,0.10401794,0.103928044,0.10388519,0.103894405,0.103960805,0.104089364,0.10428513,0.10455318,0.10489851,0.105326176,0.105841264,0.10644875,0.1071537,0.107961185,0.10878765,0.10955064,0.11025672,0.11091244,0.11152439,0.1120991,0.1126432,0.11316321,0.11366569,0.11415722,0.11464439,0.11513375,0.11563186,0.11614529,0.11668062,0.1172444,0.1178432,0.11848361,0.11917218,0.119915456,0.12072005,0.121592484,0.122539364,0.123567246,0.12468265,0.12589224,0.12720248,0.12862,0.13015135,0.13180311,0.13358185,0.13549411,0.13742238,0.13924815,0.14097647,0.14261235,0.14416084,0.14562696,0.14701582,0.1483324,0.14958178,0.15076897,0.15189902,0.152977,0.15400788,0.1549968,0.15594871,0.1568687,0.15776178,0.15863307,0.15948753,0.1603302,0.16116616,0.16200048,0.1628381,0.16368414,0.16454367,0.16542165,0.16632318,0.16725324,0.16821693,0.16921923,0.17026532,0.17136005,0.1724119,0.17333023,0.17412157,0.17479254,0.17534968,0.17579952,0.17614867,0.17640367,0.17657116,0.17665763,0.17666966,0.17661387,0.17649674,0.17632492,0.17610489
0.10630718,0.10612522,0.10597221,0.1058527,0.105771266,0.10573245,0.10574079,0.105800934,0.10591741,0.106094785,0.10633763,0.106650494,0.10703796,0.107504606,0.10805499,0.10869368,0.10942523,0.11017164,0.110856034,0.1114849,0.11206461,0.11260158,0.11310221,0.11357293,0.11402013,0.11445024,0.114869684,0.11528484,0.11570213,0.116127975,0.11656875,0.11703093,0.11752088,0.11804503,0.11860976,0.119221516,0.11988672,0.12061174,0.12140302,0.12226694,0.12320992,0.12423844,0.1253588,0.1265775,0.12790085,0.12933536,0.1308874,0.13256344,0.13436978,0.13619551,0.13792835,0.13957289,0.14113367,0.14261532,0.14402235,0.14535934,0.14663085,0.1478415,0.14899577,0.15009831,0.15115364,0.15216635,0.153141,0.15408213,0.15499437,0.15588221,0.15675029,0.15760311,0.15844528,0.15928139,0.16011599,0.16095361,0.16179882,0.16265623,0.16353038,0.16442588,0.1653472,0.166299,0.16728583,0.16831222,0.1693828,0.17040962,0.17130613,0.17207865,0.17273366,0.17327753,0.17371668,0.17405753,0.17430653,0.17447,0.17455441,0.17456613,0.17451164,0.17439732,0.17422956,0.1740148
0.108099364,0.107936405,0.10779935,0.10769231,0.107619345,0.10758459,0.10759209,0.10764594,0.107750274,0.107909136,0.10812664,0.10840687,0.108753935,0.10917192,0.10966487,0.11023692,0.11089218,0.11155806,0.112163484,0.112714715,0.11321797,0.113679536,0.11410566,0.11450259,0.11487659,0.1152339,0.11558082,0.11592354,0.11626834,0.11662151,0.11698926,0.11737784,0.11779353,0.11824258,0.11873126,0.11926581,0.119852446,0.1204975,0.121207155,0.121987715,0.12284541,0.1237865,0.124817245,0.12594391,0.12717272,0.12850994,0.12996185,0.13153464,0.13323465,0.13495734,0.1365969,0.13815734,0.13964278,0.1410573,0.14240499,0.14368998,0.14491633,0.14608811,0.14720945,0.1482844,0.1493171,0.1503116,0.15127203,0.15220247,0.15310697,0.15398967,0.15485463,0.15570597,0.15654773,0.15738408,0.15821902,0.15905672,0.15990122,0.16075665,0.16162707,0.16251658,0.16342926,0.16436923,0.16534059,0.16634734,0.1673937,0.16839549,0.16927011,0.1700238,0.1706628,0.17119344,0.17162184,0.17195442,0.17219731,0.17235678,0.17243914,0.17245063,0.17239745,0.1722859,0.17212225,0.17191271
0.10989445,0.109750524,0.10962949,0.10953495,0.10947052,0.109439805,0.109446436,0.109494,0.10958613,0.10972643,0.10991853,0.11016602,0.11047253,0.11084165,0.11127704,0.111782245,0.11236092,0.11294603,0.1134722,0.113945514,0.11437206,0.11475797,0.115109324,0.115432195,0.11573276,0.116017014,0.11629113,0.11656115,0.11683323,0.117113404,0.11740784,0.11772262,0.118063785,0.11843751,0.11884983,0.11930689,0.11981476,0.12037954,0.12100732,0.12170427,0.1224764,0.12332979,0.12427067,0.125305,0.12643895,0.12767859,0.12903008,0.13049942,0.13209277,0.1337122,0.1352582,0.13673434,0.13814421,0.13949147,0.14077973,0.14201258,0.14319366,0.14432655,0.14541489,0.14646228,0.14747232,0.14844863,0.14939485,0.15031458,0.15121143,0.15208901,0.15295093,0.15380082,0.15464224,0.15547886,0.1563143,0.15715216,0.157996,0.15884946,0.15971622,0.16059981,0.1615039,0.16243203,0.16338791,0.16437508,0.16539717,0.16637391,0.16722666,0.16796146,0.1685845,0.16910182,0.16951954,0.1698438,0.17008057,0.1702361,0.1703164,0.17032757,0.17027573,0.17016697,0.1700074,0.16980311
0.11169067,0.111565806,0.11146081,0.11137881,0.11132291,0.11129626,0.111302,0.11134328,0.111423194,0.11154492,0.11171157,0.11192627,0.11219216,0.1125124,0.11289007,0.113328375,0.113830395,0.11433463,0.11478142,0.11517671,0.11552648,0.1158366,0.11611309,0.116361834,0.11658877,0.11679989,0.11700106,0.11719834,0.117397554,0.117604695,0.117825724,0.11806653,0.11833311,0.118631385,0.11896724,0.11934669,0.119775645,0.12026008,0.12080591,0.12141909,0.12210553,0.1228712,0.12372202,0.12466395,0.12570295,0.1268449,0.1280958,0.1294616,0.13094817,0.13246423,0.13391657,0.1353083,0.13664258,0.13792254,0.13915129,0.14033198,0.14146774,0.14256172,0.14361702,0.14463682,0.14562422,0.1465824,0.14751442,0.14842346,0.14931265,0.15018514,0.15104403,0.15189245,0.1527336,0.15357056,0.15440647,0.15524447,0.1560877,0.15693927,0.15780236,0.15868008,0.15957552,0.1604919,0.16143224,0.16239984,0.16339767,0.16434932,0.16518016,0.16589618,0.16650319,0.16700725,0.16741423,0.16773015,0.16796088,0.16811238,0.16819061,0.16820152,0.16815102,0.16804506,0.16788958,0.16769055
0.11348632,0.11338054,0.113291524,0.113222025,0.11317467,0.1131521,0.11315698,0.11319192,0.11325967,0.11336281,0.11350403,0.11368596,0.11391128,0.11418264,0.114502706,0.11487408,0.11529949,0.1157229,0.1160904,0.11640773,0.11668071,0.11691516,0.11711678,0.11729143,0.11744487,0.11758286,0.11771121,0.117835715,0.117962144,0.11809631,0.11824398,0.11841089,0.118602894,0.11882574,0.119085215,0.11938714,0.119737275,0.12014138,0.120605305,0.121134765,0.12173557,0.12241351,0.1231744,0.124023974,0.124968044,0.12601241,0.12716281,0.12842506,0.12980494,0.13121767,0.13257644,0.1338838,0.1351425,0.13635516,0.13752443,0.13865298,0.13974346,0.14079851,0.14182082,0.14281303,0.14377777,0.14471775,0.1456356,0.14653397,0.14741549,0.14828286,0.14913872,0.1499857,0.15082656,0.1516638,0.15250018,0.15333834,0.15418091,0.15503058,0.15588999,0.1567618,0.15764864,0.15855321,0.15947813,0.16042608,0.16139968,0.16232626,0.16313523,0.16383235,0.16442339,0.16491416,0.16531046,0.16561803,0.16584267,0.1659902,0.16606636,0.16607694,0.16602778,0.16592462,0.16577326,0.16557945
0.11527966,0.11519287,0.11511986,0.11506287,0.115023986,0.11500549,0.115009464,0.11503819,0.115093715,0.11517837,0.115294196,0.11544344,0.1156283,0.11585091,0.11611346,0.11641817,0.11676716,0.117109954,0.11739833,0.11763795,0.11783437,0.11799329,0.11812031,0.11822109,0.1183012,0.118366286,0.11842201,0.11847399,0.11852783,0.11858921,0.11866367,0.118756935,0.11887458,0.119022235,0.11920554,0.119430125,0.119701624,0.12002568,0.12040786,0.12085385,0.12136924,0.12195972,0.122630835,0.123388276,0.12423766,0.12518461,0.12623473,0.1273937,0.12866712,0.12997673,0.13124208,0.13246527,0.13364851,0.13479401,0.13590391,0.13698041,0.13802566,0.13904187,0.14003119,0.14099583,0.14193793,0.14285973,0.14376333,0.14465101,0.14552483,0.14638709,0.14723983,0.14808536,0.14892581,0.14976335,0.15060014,0.15143839,0.15228029,0.15312798,0.15398368,0.15484951,0.15572771,0.15662047,0.15752989,0.1584582,0.15940759,0.16030912,0.16109623,0.16177447,0.16234955,0.16282704,0.16321263,0.16351189,0.16373047,0.16387402,0.1639481,0.16395846,0.16391058,0.16381022,0.16366291,0.16347437
0.117069,0.117001124,0.11694402,0.116899446,0.11686904,0.116854556,0.11685769,0.11688011,0.116923586,0.11698974,0.11708035,0.117197074,0.117341645,0.11751574,0.11772108,0.117959365,0.118232295,0.118494846,0.1187045,0.11886672,0.11898701,0.11907078,0.11912354,0.11915079,0.11915794,0.11915051,0.11913398,0.119113795,0.11909541,0.119084336,0.11908604,0.11910595,0.11914962,0.119222455,0.119329944,0.119477555,0.1196708,0.119915135,0.12021598,0.12057885,0.121009246,0.121512584,0.122094356,0.12276006,0.12351513,0.12436507,0.12531532,0.12637138,0.12753874,0.12874565,0.1299179,0.1310572,0.13216527,0.1332438,0.13429452,0.13531908,0.13631923,0.13729665,0.13825308,0.1391902,0.14010966,0.14101328,0.14190263,0.1427795,0.14364561,0.14450261,0.14535224,0.14619617,0.14703614,0.14787385,0.14871097,0.14954923,0.15039034,0.15123597,0.15208788,0.15294774,0.15381724,0.15469807,0.15559202,0.15650073,0.1574259,0.15830241,0.15906763,0.15972707,0.1602862,0.1607504,0.1611253,0.16141626,0.16162877,0.1617683,0.16184038,0.16185041,0.16180387,0.16170628,0.1615631,0.16137975
0.11885256,0.118803486,0.118762195,0.11872995,0.118708,0.11869751,0.11869977,0.118716,0.11874743,0.118795276,0.118860774,0.1189452,0.119049735,0.11917564,0.11932413,0.11949647,0.11969383,0.119876675,0.12000811,0.1200935,0.12013813,0.12014731,0.120126344,0.120080575,0.12001533,0.11993587,0.11984757,0.119755745,0.119665675,0.11958268,0.119512126,0.11945926,0.119429454,0.11942801,0.1194602,0.1195314,0.119646914,0.11981206,0.12003209,0.12031239,0.12065831,0.12107505,0.121568024,0.12214251,0.12280386,0.12355734,0.12440828,0.12536205,0.12642387,0.12752861,0.12860824,0.1296641,0.13069734,0.13170922,0.132701,0.13367386,0.13462906,0.13556784,0.13649139,0.137401,0.13829789,0.13918324,0.14005835,0.14092442,0.14178269,0.14263439,0.14348073,0.14432298,0.14516233,0.14600006,0.14683737,0.1476755,0.14851569,0.14935915,0.15020716,0.1510609,0.15192162,0.15279058,0.15366897,0.15455805,0.15545902,0.15631054,0.15705395,0.15769458,0.15823774,0.15868878,0.15905297,0.15933561,0.15954208,0.15967762,0.15974763,0.15975739,0.15971223,0.15961738,0.15947828,0.15930016
0.120628715,0.12059824,0.120572604,0.1205526,0.12053897,0.12053245,0.12053388,0.120543934,0.12056343,0.12059313,0.12063377,0.12068616,0.120751046,0.12082916,0.12092129,0.12102821,0.12115067,0.12125449,0.121308446,0.121317685,0.121287316,0.12122256,0.12112855,0.121010505,0.12087347,0.12072272,0.120563336,0.12040053,0.120239444,0.12008524,0.11994307,0.11981811,0.11971552,0.119640425,0.11959803,0.119593486,0.11963196,0.11971858,0.11985855,0.12005699,0.12031908,0.120649986,0.121054865,0.12153888,0.122107185,0.12276495,0.12351732,0.12436945,0.12532656,0.12632978,0.12731749,0.1282904,0.1292493,0.13019493,0.13112809,0.13204952,0.13295998,0.13386028,0.13475111,0.1356333,0.13650757,0.1373747,0.1382355,0.13909064,0.13994096,0.14078718,0.14163013,0.14247051,0.1433091,0.1441467,0.14498399,0.14582182,0.14666092,0.14750206,0.14834602,0.14919356,0.1500454,0.15090233,0.15176514,0.15263456,0.1535114,0.15433797,0.15505965,0.15568152,0.15620878,0.1566466,0.1570001,0.15727447,0.15747489,0.15760651,0.15767443,0.15768391,0.15764001,0.15754801,0.15741298,0.15724006
0.122395605,0.12238356,0.12237346,0.12236556,0.12236016,0.12235759,0.12235817,0.12236214,0.12236983,0.12238155,0.12239759,0.12241831,0.12244393,0.122474775,0.12251114,0.12255339,0.12260175,0.12262742,0.12260469,0.122538604,0.12243413,0.12229631,0.1221301,0.12194054,0.1217326,0.12151134,0.121281736,0.12104881,0.120817535,0.120592915,0.12037999,0.120183766,0.12000922,0.11986134,0.1197452,0.11966577,0.11962805,0.11963701,0.11969773,0.11981517,0.11999436,0.12024027,0.12055793,0.12095234,0.12142853,0.12199143,0.12264613,0.12339762,0.124250844,0.12515348,0.12604998,0.12694065,0.12782575,0.12870567,0.12958062,0.13045092,0.13131692,0.13217889,0.13303712,0.13389196,0.13474366,0.13559255,0.13643894,0.13728307,0.13812532,0.13896593,0.13980527,0.14064358,0.1414812,0.1423184,0.14315552,0.14399281,0.14483066,0.14566927,0.14650899,0.14735012,0.14819296,0.14903785,0.14988501,0.15073481,0.1515875,0.15238923,0.15308917,0.15369233,0.1542037,0.15462838,0.15497123,0.15523735,0.15543172,0.15555935,0.15562525,0.15563445,0.1555919,0.15550265,0.15537167,0.15520398
0.12415161,0.12415776,0.12416296,0.12416699,0.124169745,0.12417107,0.12417079,0.12416873,0.1241648,0.12415881,0.124150574,0.124139965,0.12412685,0.12411101,0.124092385,0.124070734,0.12404595,0.12399447,0.12389612,0.123755716,0.12357814,0.123368196,0.1231308,0.12287074,0.122592926,0.12230213,0.12200328,0.12170119,0.121400714,0.12110673,0.120824024,0.120557494,0.12031202,0.12009241,0.11990349,0.11975014,0.11963723,0.1195696,0.11955206,0.1195895,0.1196868,0.119848765,0.12008025,0.120386094,0.12077119,0.12124034,0.12179845,0.1224503,0.12320082,0.124003865,0.12481009,0.12561926,0.1264313,0.12724602,0.12806326,0.1288829,0.12970471,0.1305286,0.1313544,0.13218199,0.13301113,0.13384172,0.13467364,0.13550663,0.13634066,0.13717547,0.13801098,0.13884698,0.13968338,0.14051998,0.14135662,0.14219312,0.14302942,0.1438653,0.14470057,0.14553514,0.14636883,0.14720151,0.14803302,0.14886314,0.14969178,0.1504687,0.15114698,0.15173146,0.15222704,0.15263855,0.1529708,0.15322872,0.15341705,0.15354076,0.15360461,0.15361352,0.15357229,0.15348579,0.15335886,0.15319633
0.12589495,0.12591903,0.1259393,0.1259551,0.12596588,0.12597105,0.12596992,0.12596194,0.12594654,0.12592307,0.12589093,0.12584952,0.12579824,0.12573647,0.12566362,0.12557906,0.12548225,0.1253548,0.12518194,0.12496842,0.12471885,0.124438,0.124130525,0.12380117,0.123454556,0.12309541,0.12272845,0.122358374,0.12198985,0.121627584,0.1212763,0.12094063,0.12062535,0.1203351,0.12007461,0.11984852,0.119661584,0.11951849,0.1194239,0.119382575,0.11939916,0.119478345,0.11962487,0.119843386,0.1201386,0.120515235,0.12097797,0.12153147,0.12218049,0.12288517,0.12360214,0.124330774,0.12507051,0.12582073,0.12658082,0.12735021,0.12812823,0.12891431,0.12970786,0.13050826,0.1313149,0.13212718,0.13294451,0.13376626,0.13459185,0.13542067,0.1362521,0.13708554,0.1379204,0.13875607,0.13959192,0.14042738,0.14126185,0.14209469,0.1429253,0.14375313,0.14457749,0.14539781,0.14621355,0.14702404,0.14782864,0.14858083,0.14923756,0.14980346,0.15028326,0.15068166,0.15100335,0.15125304,0.15143542,0.15155518,0.15161702,0.15162563,0.1515857,0.15150194,0.15137906,0.15122177
0.12762395,0.12766564,0.12770069,0.12772807,0.12774672,0.12775561,0.1277537,0.12773995,0.12771326,0.12767263,0.12761697,0.12754527,0.1274565,0.12734957,0.12722346,0.12707712,0.1269095,0.12670742,0.12646143,0.12617604,0.1258559,0.12550542,0.12512918,0.12473178,0.12431771,0.12389153,0.123457775,0.123021,0.12258572,0.1221565,0.1217379,0.12133443,0.120950654,0.12059107,0.12026029,0.119962804,0.11970319,0.11948596,0.119315684,0.1191969,0.11913412,0.11913191,0.11919482,0.11932736,0.11953412,0.1198196,0.12018839,0.12064496,0.12119394,0.12180158,0.122430526,0.123079665,0.123748034,0.12443451,0.1251381,0.12585773,0.12659237,0.12734094,0.12810242,0.12887578,0.12965994,0.13045388,0.13125652,0.13206686,0.13288383,0.13370636,0.13453342,0.135364,0.136197,0.13703139,0.13786614,0.1387002,0.1395325,0.14036202,0.1411877,0.1420085,0.14282338,0.14363123,0.14443113,0.14522189,0.14600259,0.14673015,0.14736536,0.14791274,0.14837687,0.1487622,0.14907339,0.14931491,0.14949131,0.14960712,0.14966695,0.14967526,0.14963666,0.14955565,0.1494368,0.14928462
0.12933688,0.12939578,0.12944536,0.12948409,0.12951048,0.12952302,0.12952033,0.12950085,0.1294631,0.12940563,0.12932697,0.12922561,0.12910008,0.1289489,0.12877057,0.12856366,0.12832665,0.12805142,0.12773377,0.12737808,0.12698874,0.1265701,0.12612663,0.12566264,0.12518257,0.124690786,0.12419171,0.12368969,0.123189144,0.12269444,0.12220998,0.12174012,0.12128935,0.120861925,0.12046235,0.120094925,0.11976412,0.11947426,0.11922975,0.11903501,0.11889439,0.11881231,0.11879314,0.118841276,0.11896112,0.11915704,0.11943342,0.119794674,0.1202452,0.12075734,0.12129958,0.12187041,0.12246839,0.12309202,0.1237398,0.12441028,0.12510195,0.1258134,0.12654305,0.12728949,0.1280512,0.12882675,0.12961462,0.13041332,0.13122143,0.13203743,0.13285984,0.13368715,0.13451792,0.13535067,0.13618393,0.1370162,0.137846,0.13867185,0.13949227,0.1403058,0.14111093,0.1419062,0.1426901,0.14346123,0.14421803,0.14492108,0.14553489,0.14606383,0.1465123,0.14688466,0.14718537,0.14741875,0.14758919,0.14770116,0.14775893,0.14776698,0.14772967,0.1476514,0.14753653,0.14738946
0.13103193,0.13110773,0.13117152,0.1312213,0.13125524,0.1312714,0.13126794,0.13124289,0.13119434,0.13112044,0.13101922,0.13088886,0.13072741,0.13053298,0.1303036,0.1300375,0.12973264,0.12938595,0.12899825,0.12857385,0.12811697,0.12763184,0.12712272,0.1265938,0.12604932,0.12549359,0.12493077,0.12436513,0.1238009,0.123242326,0.12269363,0.122159064,0.12164287,0.12114923,0.120682485,0.1202468,0.1198464,0.11948557,0.11916851,0.11889948,0.1186827,0.11852244,0.11842289,0.118388325,0.11842298,0.11853105,0.1187168,0.11898451,0.11933835,0.11975666,0.12021367,0.1207075,0.12123621,0.12179791,0.12239072,0.123012654,0.12366193,0.12433654,0.12503466,0.12575434,0.12649365,0.12725073,0.1280237,0.12881063,0.1296096,0.13041869,0.13123608,0.1320598,0.13288793,0.13371864,0.13454998,0.13538003,0.13620691,0.13702872,0.13784353,0.13864952,0.13944465,0.14022712,0.14099501,0.14174643,0.14247942,0.14315808,0.1437506,0.14426115,0.14469407,0.14505354,0.14534381,0.14556907,0.14573361,0.14584166,0.14589748,0.14590526,0.14586921,0.14579363,0.1456828,0.14554082
0.13270748,0.13279974,0.13287732,0.13293794,0.13297921,0.13299893,0.1329947,0.13296416,0.13290511,0.13281518,0.13269202,0.1325334,0.13233691,0.13210028,0.13182117,0.13149732,0.13112636,0.13070999,0.13025407,0.1297628,0.1292402,0.12869032,0.12811731,0.12752523,0.12691817,0.12630022,0.12567545,0.12504797,0.124421835,0.12380115,0.123190016,0.12259248,0.12201268,0.12145465,0.12092247,0.12042029,0.11995215,0.11952215,0.11913437,0.118792854,0.11850178,0.118265145,0.11808709,0.11797172,0.11792303,0.11794519,0.11804224,0.118218295,0.11847742,0.118803784,0.11917719,0.11959544,0.1200561,0.12055693,0.12109557,0.12166974,0.1222771,0.12291534,0.12358215,0.12427523,0.12499221,0.1257308,0.12648872,0.12726362,0.1280532,0.1288551,0.12966704,0.13048673,0.13131179,0.13213997,0.13296892,0.1337963,0.13461982,0.1354372,0.13624604,0.13704412,0.13782905,0.13859853,0.13935028,0.1400819,0.1407912,0.14144559,0.14201692,0.14250927,0.14292671,0.14327331,0.14355317,0.14377041,0.14392908,0.14403325,0.14408706,0.14409454,0.1440598,0.14398693,0.14388007,0.14374316
0.13436176,0.13447003,0.13456103,0.13463213,0.1346806,0.13470368,0.13469872,0.13466294,0.13459365,0.13448812,0.13434365,0.13415752,0.13392702,0.13364936,0.13332193,0.13294195,0.13250673,0.13202262,0.1315005,0.13094427,0.13035786,0.12974523,0.1291103,0.12845697,0.12778924,0.12711103,0.12642625,0.12573883,0.12505274,0.12437187,0.123700224,0.123041674,0.12240016,0.12177967,0.12118407,0.12061734,0.120083414,0.11958619,0.11912966,0.1187177,0.11835429,0.11804336,0.117788844,0.11759464,0.11746471,0.11740296,0.11741342,0.117499925,0.11766646,0.117902845,0.118194446,0.11853864,0.11893261,0.1193737,0.11985918,0.12038632,0.120952375,0.121554695,0.12219052,0.12285713,0.12355185,0.124271914,0.12501462,0.12577724,0.12655711,0.12735145,0.12815757,0.12897271,0.12979425,0.13061935,0.13144541,0.13226965,0.13308933,0.1339018,0.1347043,0.13549408,0.13626851,0.13702479,0.13776027,0.13847215,0.13915782,0.1397881,0.14033838,0.14081258,0.14121462,0.14154845,0.14181803,0.14202721,0.14218004,0.1422804,0.14233221,0.14233941,0.14230597,0.14223579,0.14213282,0.142001
0.13599308,0.13611679,0.13622083,0.1363021,0.13635752,0.1363839,0.13637821,0.13633731,0.13625811,0.13613749,0.13597237,0.13575958,0.13549608,0.13517876,0.13480446,0.13437016,0.13387267,0.133323,0.13273676,0.13211769,0.1314696,0.1307963,0.13010155,0.12938909,0.12866278,0.12792636,0.12718365,0.12643841,0.12569442,0.12495549,0.124225385,0.123507895,0.122806825,0.12212593,0.12146901,0.12083985,0.120242245,0.11967996,0.11915681,0.11867656,0.11824298,0.11785989,0.11753109,0.1172603,0.117051326,0.116907984,0.11683405,0.1168333,0.116909534,0.11705809,0.11726983,0.11754162,0.11787038,0.11825294,0.11868626,0.11916719,0.11969263,0.1202595,0.120864674,0.121505044,0.12217753,0.122878976,0.123606324,0.124356456,0.12512623,0.12591262,0.12671241,0.1275226,0.12834,0.12916157,0.12998414,0.13080469,0.13162003,0.13242708,0.13322279,0.13400397,0.13476753,0.13551041,0.13622949,0.13692163,0.13758373,0.13819008,0.1387194,0.13917556,0.13956232,0.13988347,0.14014277,0.14034404,0.14049104,0.1405876,0.14063741,0.14064437,0.14061219,0.14054465,0.14044562,0.1403188
0.13759965,0.13773833,0.13785493,0.13794604,0.13800809,0.13803771,0.13803135,0.13798548,0.13789672,0.13776155,0.13757646,0.13733794,0.13704264,0.13668698,0.13626747,0.1357807,0.13522309,0.13461016,0.13396208,0.13328247,0.13257499,0.13184322,0.13109091,0.13032158,0.12953894,0.12874658,0.12794818,0.1271473,0.12634769,0.12555291,0.12476663,0.123992465,0.12323405,0.12249505,0.12177904,0.12108976,0.12043075,0.119805716,0.119218245,0.11867199,0.11817059,0.1177177,0.117316924,0.116971895,0.1166863,0.11646375,0.116307855,0.1162223,0.11621068,0.116273805,0.1164077,0.11660892,0.116873965,0.11719936,0.11758158,0.11801722,0.11850274,0.11903466,0.119609565,0.12022387,0.120874174,0.12155694,0.12226878,0.123006105,0.123765476,0.12454343,0.12533645,0.1261411,0.12695387,0.12777127,0.12858982,0.12940605,0.13021652,0.13101767,0.13180606,0.13257818,0.1333306,0.13405983,0.13476233,0.1354347,0.13607338,0.13665593,0.13716447,0.13760273,0.1379743,0.13828284,0.13853198,0.13872536,0.1388666,0.13895932,0.1390072,0.13901387,0.13898297,0.1389181,0.13882293,0.13870111
0.1391798,0.13933288,0.13946158,0.1395621,0.1396306,0.13966326,0.13965622,0.13960563,0.13950765,0.13935848,0.1391542,0.13889101,0.13856506,0.13817255,0.13770957,0.1371723,0.13655694,0.13588318,0.1351757,0.134438,0.13367349,0.13288577,0.13207828,0.13125446,0.13041787,0.12957197,0.12872027,0.12786625,0.12701336,0.12616514,0.12532505,0.12449664,0.12368328,0.12288857,0.12211597,0.12136896,0.120650984,0.119965605,0.11931628,0.1187065,0.118139766,0.11761957,0.117149375,0.11673267,0.11637299,0.11607379,0.11583856,0.11567078,0.11557396,0.11555411,0.115612425,0.11574499,0.11594797,0.11621757,0.11654994,0.11694121,0.11738755,0.11788512,0.11843006,0.11901857,0.11964676,0.12031081,0.121006876,0.121731155,0.12247974,0.1232488,0.124034524,0.124833055,0.12564054,0.12645316,0.12726706,0.1280784,0.12888332,0.12967801,0.13045862,0.13122128,0.13196218,0.13267747,0.1333633,0.13401586,0.13463123,0.13519013,0.13567805,0.13609856,0.13645504,0.13675107,0.13699012,0.13717563,0.13731116,0.13740014,0.1374461,0.13745248,0.13742281,0.1373606,0.13726929,0.13715239
0.14073178,0.14089862,0.1410389,0.14114846,0.14122313,0.14125875,0.14125106,0.14119594,0.14108916,0.14092651,0.14070389,0.14041704,0.14006178,0.13963397,0.13912936,0.1385438,0.1378731,0.13714115,0.13637687,0.13558362,0.13476476,0.1339236,0.13306347,0.13218777,0.13129984,0.13040295,0.12950048,0.12859581,0.12769224,0.12679312,0.12590182,0.12502165,0.124155976,0.12330813,0.12248147,0.12167929,0.12090501,0.12016193,0.11945337,0.1187827,0.1181533,0.11756843,0.1170315,0.116545826,0.11611476,0.115741655,0.115429826,0.11518264,0.11500344,0.114903286,0.1148883,0.11495427,0.115097016,0.11531233,0.11559606,0.115944,0.11635196,0.116815746,0.11733116,0.11789406,0.11850023,0.119145475,0.119825624,0.12053648,0.12127385,0.122033566,0.122811414,0.123603225,0.124404825,0.12521198,0.12602054,0.12682632,0.12762511,0.12841274,0.129185,0.12993772,0.13066673,0.13136783,0.13203679,0.13266951,0.1332617,0.13379717,0.13426465,0.13466752,0.13500907,0.13529265,0.13552167,0.13569942,0.13582927,0.13591452,0.13595852,0.13596468,0.13593625,0.13587661,0.13578914,0.13567714
0.14225394,0.14243384,0.14258514,0.14270334,0.14278388,0.14282225,0.142814,0.14275452,0.14263935,0.14246395,0.14222382,0.14191441,0.14153124,0.14106978,0.14052552,0.13989393,0.1391705,0.1383831,0.13756484,0.13671881,0.13584828,0.13495642,0.13404647,0.13312156,0.13218495,0.1312398,0.1302893,0.12933667,0.12838514,0.12743784,0.12649803,0.12556885,0.12465356,0.12375531,0.1228773,0.12202277,0.12119489,0.12039685,0.11963186,0.1189031,0.11821382,0.11756717,0.11696633,0.11641454,0.11591499,0.1154709,0.1150854,0.11476177,0.11450314,0.11432552,0.11423974,0.11424131,0.114325665,0.114488296,0.114724725,0.1150304,0.11540082,0.11583147,0.116317816,0.11685532,0.11743953,0.11806591,0.118729904,0.11942705,0.120152764,0.12090258,0.12167197,0.12245644,0.12325142,0.12405244,0.124854945,0.12565446,0.12644644,0.12722637,0.12798975,0.12873201,0.1294487,0.13013531,0.13078727,0.1314001,0.13196924,0.13248146,0.13292868,0.13331404,0.1336408,0.13391212,0.1341312,0.13430122,0.13442542,0.13450699,0.13454907,0.13455494,0.13452776,0.13447072,0.13438705,0.13427988
0.14374441,0.14393677,0.14409854,0.1442249,0.144311,0.14435205,0.14434318,0.1442796,0.14415647,0.14396894,0.14371222,0.14338148,0.14297183,0.14247853,0.14189667,0.14122143,0.14044806,0.13960819,0.13873881,0.13784292,0.13692361,0.135984,0.13502702,0.1340558,0.13307339,0.13208288,0.1310872,0.1300895,0.12909286,0.12810023,0.12711479,0.1261395,0.12517744,0.124231674,0.123305276,0.12240127,0.121522695,0.12067265,0.11985416,0.11907029,0.11832409,0.1176186,0.1169569,0.11634203,0.11577706,0.11526502,0.11480901,0.11441202,0.114077136,0.11382503,0.11367112,0.113610536,0.1136385,0.11375015,0.113940686,0.114205234,0.11453903,0.11493716,0.11539488,0.115907304,0.11646965,0.11707705,0.11772469,0.118407704,0.11912136,0.11986072,0.12062103,0.12139744,0.1221851,0.12297922,0.12377493,0.12456744,0.12535189,0.12612344,0.12687732,0.12760866,0.1283126,0.12898439,0.12961917,0.13021208,0.1307583,0.1312475,0.13167463,0.13204269,0.13235474,0.13261385,0.1328231,0.13298547,0.1331041,0.13318199,0.1332222,0.13322781,0.13320184,0.13314737,0.13306744,0.13296513
0.1452016,0.14540564,0.14557728,0.14571127,0.14580262,0.14584617,0.1458368,0.14576934,0.14563872,0.14543979,0.14516747,0.14481656,0.14438203,0.14385867,0.14324144,0.14252514,0.14170471,0.14081542,0.13989802,0.13895537,0.13799039,0.13700597,0.13600506,0.13499059,0.13396539,0.13293245,0.1318947,0.13085495,0.1298162,0.1287813,0.12775323,0.12673485,0.1257291,0.124738894,0.1237671,0.12281667,0.121890515,0.12099153,0.12012265,0.11928676,0.118486814,0.11772565,0.117006265,0.11633152,0.11570432,0.11512762,0.114604294,0.11413728,0.11372948,0.11340603,0.11318673,0.11306648,0.11304015,0.113102585,0.1132487,0.11347333,0.11377143,0.1141378,0.11456734,0.11505494,0.11559549,0.11618384,0.11681485,0.117483474,0.11818449,0.11891287,0.11966342,0.12043105,0.12121062,0.121997036,0.12278516,0.123569876,0.12434605,0.12510854,0.12585227,0.1265721,0.12726289,0.12791952,0.12853691,0.12910986,0.12963335,0.13009974,0.13050695,0.13085787,0.13115539,0.13140243,0.1316019,0.13175675,0.13186981,0.13194406,0.13198245,0.13198775,0.131963,0.13191108,0.13183486,0.13173732
0.14662373,0.14683872,0.1470195,0.14716074,0.147257,0.14730287,0.14729297,0.14722191,0.14708428,0.14687471,0.14658774,0.14621806,0.14576021,0.14520882,0.14455847,0.14380378,0.14293934,0.14200392,0.14104173,0.1400555,0.13904804,0.1380221,0.13698043,0.13592586,0.13486113,0.133789,0.13271224,0.13163365,0.13055597,0.129482,0.12841448,0.1273562,0.12630995,0.12527847,0.12426454,0.123270914,0.12230041,0.12135575,0.12043973,0.119555116,0.118704684,0.11789121,0.11711745,0.116386175,0.11570018,0.1150622,0.114475034,0.113941446,0.11346421,0.11307273,0.112791,0.11261362,0.112535164,0.11255027,0.11265353,0.11283954,0.113102905,0.11343824,0.11384013,0.1143032,0.11482204,0.11539124,0.11600541,0.11665917,0.11734711,0.11806383,0.11880395,0.119562045,0.12033274,0.121110626,0.121890314,0.1226664,0.12343349,0.1241862,0.12491912,0.12562685,0.126304,0.12694517,0.12754494,0.12809795,0.1285988,0.12904267,0.12943016,0.1297641,0.13004722,0.13028231,0.13047214,0.13061947,0.1307271,0.13079776,0.13083424,0.13083933,0.13081577,0.13076636,0.13069385,0.13060099
0.14792326,0.14814776,0.14833657,0.14848402,0.14858453,0.14863242,0.14862211,0.1485479,0.1484042,0.14818533,0.14788571,0.14749967,0.14702159,0.1464458,0.1457667,0.14497863,0.14407599,0.14310052,0.14209953,0.14107569,0.14003156,0.13896984,0.13789316,0.13680416,0.13570546,0.13459975,0.13348961,0.13237771,0.13126668,0.13015923,0.1290579,0.12796536,0.12688427,0.12581727,0.12476698,0.12373608,0.122727185,0.12174291,0.12078594,0.119858876,0.1189644,0.11810509,0.11728369,0.116502725,0.1157649,0.11507287,0.11442923,0.11383664,0.11329774,0.11284573,0.112508334,0.11227987,0.11215474,0.1121273,0.11219191,0.11234292,0.11257471,0.11288165,0.113258086,0.11369839,0.11419696,0.114748105,0.115346216,0.11598566,0.116660774,0.117365986,0.11809558,0.118843995,0.11960552,0.12037459,0.12114554,0.12191271,0.1226705,0.12341326,0.12413537,0.124831155,0.12549503,0.12612128,0.12670441,0.12723863,0.12771842,0.1281413,0.12851055,0.12882873,0.12909853,0.12932251,0.12950338,0.12964377,0.12974632,0.12981364,0.1298484,0.12985325,0.1298308,0.12978373,0.12971464,0.12962617
0.1490205,0.14925247,0.14944756,0.14959994,0.14970379,0.14975327,0.14974262,0.14966595,0.14951742,0.14929128,0.1489817,0.14858279,0.1480887,0.14749373,0.14679201,0.14597765,0.14504492,0.14403795,0.14300658,0.14195323,0.14088054,0.13979106,0.13868715,0.13757148,0.1364466,0.13531491,0.13417901,0.13304144,0.13190472,0.13077138,0.12964392,0.12852488,0.1274168,0.12632221,0.12524366,0.1241836,0.12314462,0.12212923,0.12113995,0.12017935,0.11924992,0.118354194,0.11749468,0.116673954,0.11589452,0.11515887,0.114469625,0.1138292,0.1132402,0.112738885,0.11235599,0.11208566,0.11192212,0.11185954,0.11189204,0.112013854,0.11221913,0.112502076,0.112856835,0.11327758,0.113758534,0.11429382,0.11487765,0.11550416,0.11616756,0.116862044,0.11758175,0.118320875,0.11907357,0.11983404,0.12059644,0.121354975,0.1221038,0.122837104,0.12354903,0.12423378,0.124885544,0.12549847,0.1260668,0.12658459,0.12704612,0.12745102,0.12780453,0.12810913,0.1283674,0.12858187,0.12875502,0.12888941,0.1289876,0.12905204,0.12908532,0.12908998,0.12906848,0.12902342,0.12895726,0.12887259
0.14992532,0.15016288,0.15036266,0.15051867,0.15062505,0.15067573,0.1506648,0.15058626,0.1504342,0.15020262,0.14988555,0.14947706,0.14897119,0.14836192,0.14764333,0.14680946,0.14585432,0.14482398,0.14377016,0.14269525,0.14160167,0.14049189,0.13936831,0.1382334,0.13708954,0.13593921,0.13478482,0.1336288,0.13247362,0.13132165,0.1301754,0.12903722,0.12790959,0.12679495,0.12569568,0.12461427,0.12355315,0.12251474,0.12150141,0.120515704,0.11955997,0.11863668,0.11774827,0.11689717,0.11608578,0.11531656,0.11459193,0.11391436,0.113286234,0.112746276,0.11232755,0.11202414,0.11183005,0.11173933,0.111746,0.11184412,0.112027705,0.11229082,0.11262747,0.11303171,0.11349757,0.11401909,0.1145903,0.115205266,0.115857966,0.11654247,0.11725285,0.11798309,0.11872723,0.11947934,0.12023341,0.120983556,0.12172373,0.122448,0.12315041,0.12382498,0.12446577,0.1250668,0.12562211,0.12612572,0.12657173,0.12696135,0.1273015,0.12759466,0.12784317,0.12804955,0.12821619,0.12834555,0.12844,0.12850204,0.12853408,0.12853852,0.12851784,0.12847446,0.12841083,0.12832934
0.15064773,0.15088902,0.15109195,0.15125047,0.15135849,0.15141,0.15139885,0.15131912,0.15116462,0.1509294,0.15060733,0.15019241,0.1496785,0.14905964,0.14832973,0.14748272,0.14651248,0.14546652,0.14439778,0.14330864,0.14220148,0.14107862,0.13994242,0.13879521,0.13763942,0.13647732,0.13531134,0.13414373,0.13297696,0.13181326,0.13065511,0.12950478,0.12836468,0.12723711,0.12612441,0.12502903,0.12395326,0.12289943,0.12186993,0.1208671,0.119893305,0.11895089,0.11804224,0.11716963,0.11633552,0.11554218,0.114791974,0.114087306,0.11343048,0.11286197,0.112416625,0.112088405,0.11187125,0.11175906,0.11174583,0.11182546,0.11199194,0.112239175,0.11256113,0.11295172,0.113404915,0.113914624,0.11447484,0.11507947,0.11572246,0.11639776,0.11709932,0.117821045,0.118556924,0.119300894,0.12004686,0.12078879,0.12152062,0.122236304,0.12292978,0.123594984,0.12422588,0.12481636,0.1253604,0.12585197,0.12628496,0.12666197,0.12699108,0.1272747,0.12751518,0.12771486,0.12787609,0.12800124,0.12809263,0.12815265,0.12818363,0.12818795,0.12816796,0.12812595,0.12806441,0.12798554
0.15119767,0.151441,0.15164562,0.15180545,0.15191437,0.1519663,0.1519551,0.15187468,0.15171891,0.1514817,0.15115693,0.15073854,0.1502203,0.14959623,0.1488602,0.14800599,0.14702766,0.14597331,0.14489685,0.14380051,0.14268665,0.14155747,0.14041534,0.13926254,0.13810132,0.136934,0.13576286,0.1345902,0.13341828,0.1322494,0.13108592,0.12993005,0.12878412,0.1276504,0.12653115,0.12542872,0.12434537,0.1232834,0.12224513,0.12123275,0.120248646,0.119295076,0.118374355,0.11748873,0.11664053,0.11583204,0.1150655,0.11434323,0.11366758,0.113080084,0.112616815,0.11227162,0.11203841,0.111911096,0.11188354,0.11194967,0.11210332,0.112338446,0.11264888,0.11302857,0.11347136,0.11397118,0.11452189,0.11511739,0.11575159,0.11641837,0.11711159,0.1178252,0.11855306,0.119289085,0.12002711,0.120761074,0.12148485,0.122192375,0.12287745,0.12353404,0.124156006,0.12473728,0.12527171,0.12575318,0.12617561,0.12654242,0.1268627,0.12713869,0.12737265,0.12756696,0.12772383,0.12784563,0.12793456,0.12799296,0.12802312,0.12802733,0.12800784,0.127967,0.12790707,0.12783036
0.15158506,0.15182878,0.15203376,0.15219384,0.15230298,0.15235499,0.15234376,0.15226318,0.1521072,0.15186961,0.15154426,0.15112515,0.15060607,0.14998096,0.14924368,0.14838809,0.14740807,0.14635226,0.14527476,0.14417784,0.14306372,0.14193465,0.14079295,0.13964072,0.1384803,0.13731387,0.13614376,0.13497213,0.13380122,0.13263331,0.13147067,0.13031542,0.12916996,0.12803645,0.1269171,0.12581421,0.124730006,0.12366669,0.12262656,0.121611804,0.120624736,0.11966753,0.11874244,0.117851734,0.11699764,0.11618239,0.11540824,0.11467743,0.11399218,0.11339473,0.11292166,0.11256691,0.11232434,0.1121878,0.11215122,0.11220846,0.112353384,0.11257988,0.11288188,0.113253206,0.113687746,0.11417939,0.11472204,0.115309544,0.11593582,0.11659472,0.117280126,0.11798593,0.118706025,0.11943427,0.120164536,0.12089073,0.121606745,0.12230644,0.12298369,0.12363238,0.12424642,0.12481966,0.12534598,0.12581927,0.12623343,0.12659243,0.12690586,0.12717596,0.12740497,0.12759507,0.12774865,0.1278678,0.12795487,0.128012,0.12804152,0.12804563,0.12802659,0.12798658,0.12792797,0.12785284
0.15181987,0.15206248,0.15226653,0.1524259,0.15253453,0.15258628,0.15257512,0.15249492,0.15233962,0.1521031,0.15177931,0.15136208,0.15084535,0.1502231,0.14948921,0.14863752,0.147662,0.14661114,0.14553893,0.14444764,0.14333938,0.14221646,0.14108099,0.13993524,0.13878143,0.13762172,0.13645831,0.13529345,0.13412933,0.13296814,0.13181211,0.13066342,0.12952429,0.12839694,0.12728357,0.12618636,0.12510757,0.124049336,0.12301389,0.12200347,0.12102027,0.12006646,0.119144306,0.11825596,0.11740365,0.11658958,0.115816,0.11508501,0.11439893,0.113799945,0.11332481,0.11296742,0.11272169,0.112581566,0.11254088,0.1125936,0.11273362,0.112954825,0.11325118,0.11361658,0.11404488,0.11453003,0.11506595,0.11564652,0.11626568,0.11691732,0.117595345,0.118293665,0.119006194,0.11972687,0.12044954,0.12116817,0.12187665,0.1225689,0.12323879,0.12388029,0.12448726,0.12505363,0.12557328,0.12604018,0.12644818,0.12680155,0.12711006,0.12737592,0.12760133,0.12778851,0.12793961,0.12805691,0.1281426,0.12819886,0.12822789,0.12823196,0.1282132,0.12817386,0.12811613,0.12804222
0.15191206,0.15215217,0.15235405,0.15251178,0.15261923,0.15267047,0.15265945,0.15258005,0.15242639,0.15219234,0.1518719,0.15145902,0.15094778,0.150332,0.14960577,0.148763,0.14779769,0.1467578,0.1456968,0.14461687,0.14352022,0.14240897,0.14128539,0.14015159,0.1390098,0.13786216,0.1367109,0.13555817,0.13440616,0.13325709,0.13211311,0.13097641,0.12984917,0.12873358,0.1276318,0.12654608,0.12547854,0.12443136,0.12340675,0.12240692,0.12143402,0.12049023,0.119577736,0.118698716,0.11785539,0.117049925,0.1162845,0.11556127,0.11488246,0.114289865,0.113819815,0.11346628,0.11322326,0.113084696,0.11304458,0.11309687,0.113235556,0.11345459,0.11374796,0.114109635,0.11453358,0.11501379,0.115544215,0.11611884,0.11673166,0.11737657,0.11804764,0.1187388,0.119444,0.120157234,0.12087251,0.12158374,0.12228494,0.12297006,0.12363308,0.124267966,0.12486869,0.12542929,0.12594366,0.12640576,0.12680963,0.1271594,0.12746483,0.12772797,0.1279511,0.12813637,0.12828597,0.12840208,0.12848692,0.12854257,0.12857135,0.12857533,0.12855677,0.12851782,0.12846069,0.12838753
0.15187159,0.15210782,0.1523065,0.15246165,0.15256739,0.1526178,0.1526069,0.15252885,0.15237762,0.15214735,0.15183206,0.15142585,0.1509228,0.15031695,0.14960238,0.14877316,0.14782336,0.14680006,0.14575577,0.14469264,0.14361283,0.14251854,0.14141193,0.14029516,0.13917047,0.13803995,0.1369058,0.13577022,0.13463536,0.13350338,0.1323765,0.13125685,0.13014662,0.129048,0.12796311,0.12689419,0.12584335,0.12481282,0.12380474,0.1228213,0.12186466,0.12093701,0.1200405,0.119177334,0.11834967,0.11755965,0.1168095,0.116101354,0.11543742,0.11485856,0.1144003,0.11405667,0.11382175,0.11368964,0.113654345,0.113710016,0.11385069,0.1140704,0.114363275,0.11472335,0.11514467,0.115621395,0.11614749,0.11671708,0.117324226,0.11796302,0.1186275,0.119311765,0.120009825,0.12071583,0.12142379,0.1221278,0.12282192,0.123500235,0.1241568,0.12478571,0.12538101,0.12593678,0.12644708,0.12690596,0.12730755,0.12765568,0.12795961,0.12822151,0.12844355,0.12862796,0.1287768,0.12889238,0.12897678,0.1290322,0.12906082,0.12906481,0.12904635,0.12900755,0.12895072,0.1288779
0.1517084,0.15193954,0.15213391,0.15228572,0.15238923,0.15243852,0.1524279,0.15235151,0.15220356,0.1519782,0.15166974,0.15127224,0.15078,0.15018721,0.14948803,0.14867665,0.1477473,0.1467458,0.14572327,0.14468192,0.14362387,0.14255135,0.14146648,0.14037149,0.13926855,0.13815978,0.13704738,0.13593353,0.13482042,0.13371019,0.13260508,0.13150719,0.13041872,0.12934181,0.12827875,0.12723155,0.12620252,0.12519377,0.12420748,0.12324584,0.12231101,0.121405125,0.120530464,0.1196891,0.118883245,0.1181151,0.117386796,0.116700515,0.116058454,0.115500145,0.115059815,0.114731655,0.11450989,0.11438869,0.11436226,0.11442479,0.11457055,0.114793606,0.11508824,0.11544863,0.11586898,0.116343506,0.11686638,0.117431805,0.118033975,0.11866707,0.11932534,0.12000294,0.12069407,0.12139295,0.12209377,0.1227907,0.123477995,0.12414976,0.12480029,0.12542376,0.1260143,0.12656617,0.12707357,0.1275307,0.1279317,0.12827992,0.12858392,0.1288459,0.12906799,0.12925245,0.12940136,0.12951693,0.12960137,0.1296568,0.12968543,0.12968941,0.12967093,0.12963216,0.12957528,0.12950246
0.15143244,0.15165734,0.15184651,0.15199424,0.15209495,0.15214293,0.15213257,0.15205824,0.15191427,0.15169498,0.15139475,0.151008,0.15052897,0.1499521,0.14927167,0.14848211,0.14757773,0.14660278,0.14560671,0.14459164,0.1435599,0.14251359,0.14145488,0.14038596,0.13930906,0.1382263,0.13713992,0.13605207,0.13496496,0.13388076,0.13280168,0.13172987,0.13066751,0.12961683,0.12857996,0.12755911,0.12655644,0.12557423,0.12461456,0.12367968,0.1227717,0.12189286,0.121045336,0.12023133,0.11945299,0.11871253,0.11801212,0.11735395,0.1167402,0.116208665,0.11579198,0.11548442,0.11528041,0.11517426,0.11516034,0.11523299,0.11538658,0.11561547,0.11591399,0.11627648,0.11669734,0.11717091,0.11769153,0.11825355,0.11885133,0.119479254,0.12013162,0.1208028,0.12148714,0.12217905,0.122872815,0.12356285,0.124243416,0.124908954,0.1255538,0.12617229,0.12675878,0.12730764,0.12781318,0.12826982,0.12867184,0.12902178,0.12932727,0.12959056,0.12981375,0.12999909,0.13014872,0.1302649,0.13034973,0.13040544,0.1304342,0.13043822,0.13041966,0.13038068,0.13032351,0.13025035
0.15105362,0.15127131,0.15145437,0.15159737,0.15169483,0.15174127,0.15173127,0.1516593,0.15151995,0.15130773,0.1510172,0.15064283,0.15017924,0.14962092,0.14896241,0.14819822,0.14732292,0.14637883,0.14541347,0.14442897,0.14342763,0.1424115,0.14138292,0.14034408,0.13929711,0.1382443,0.13718778,0.13612981,0.13507257,0.13401826,0.1329691,0.13192731,0.13089506,0.12987457,0.12886803,0.12787767,0.12690568,0.12595424,0.12502563,0.12412196,0.12324551,0.12239846,0.121583015,0.120801345,0.1200557,0.11934828,0.11868127,0.11805686,0.117477305,0.116978265,0.11659037,0.1163081,0.116126046,0.11603872,0.11604062,0.116126336,0.11629037,0.11652729,0.116831586,0.11719783,0.11762054,0.11809429,0.11861354,0.11917289,0.119766824,0.12038993,0.121036686,0.12170169,0.12237943,0.12306444,0.12375132,0.124434516,0.12510863,0.12576815,0.12640762,0.12702163,0.12760465,0.12815124,0.12865594,0.12911326,0.12951776,0.12987085,0.13017917,0.13044481,0.13067007,0.13085708,0.13100812,0.13112533,0.13121091,0.13126718,0.13129617,0.13130023,0.13128148,0.13124217,0.13118447,0.13111064
0.15058196,0.15079145,0.15096766,0.15110531,0.15119912,0.15124387,0.1512342,0.15116493,0.1510308,0.15082653,0.15054688,0.15018657,0.14974035,0.14920294,0.14856912,0.14783357,0.14699112,0.14608186,0.14515103,0.14420085,0.14323354,0.14225134,0.14125651,0.14025126,0.13923778,0.13821839,0.13719526,0.13617069,0.13514678,0.13412589,0.13311021,0.13210198,0.13110341,0.13011676,0.12914422,0.1281881,0.12725058,0.1263339,0.12544027,0.12457197,0.123731196,0.12292021,0.12214118,0.12139647,0.12068817,0.12001858,0.11938995,0.11880448,0.11826441,0.117803015,0.11744858,0.11719584,0.117039524,0.11697439,0.11699514,0.117096595,0.117273405,0.11752038,0.11783219,0.118203655,0.11862944,0.11910433,0.119623035,0.12018034,0.120770946,0.12138962,0.12203107,0.12269007,0.12336135,0.124039635,0.12471964,0.12539618,0.12606393,0.12671769,0.12735209,0.12796202,0.12854207,0.12908712,0.12959182,0.13005091,0.13045919,0.13081683,0.13112907,0.13139813,0.13162623,0.13181569,0.13196865,0.13208736,0.13217407,0.13223101,0.13226043,0.13226452,0.13224553,0.13220571,0.13214728,0.13207248
0.15002735,0.15022787,0.15039656,0.15052825,0.15061803,0.15066083,0.15065163,0.15058532,0.15045696,0.15026145,0.14999378,0.14964892,0.14922184,0.14870751,0.14810085,0.1473969,0.14659055,0.14571963,0.14482677,0.14391427,0.14298435,0.14203934,0.14108144,0.14011297,0.1391362,0.13815334,0.13716671,0.13617858,0.13519123,0.13420688,0.13322781,0.1322563,0.13129465,0.13034508,0.12940988,0.1284913,0.12759164,0.12671316,0.12585814,0.12502879,0.12422745,0.12345635,0.122717775,0.12201396,0.121347204,0.1207198,0.120133966,0.119592,0.11909616,0.118677,0.11836022,0.11814074,0.11801358,0.11797368,0.11801601,0.11813553,0.11832721,0.118586,0.11890688,0.119284846,0.11971482,0.12019179,0.12071069,0.12126651,0.12185424,0.122468814,0.123105176,0.123758346,0.12442328,0.12509488,0.1257682,0.12643813,0.1270997,0.12774779,0.12837745,0.12898365,0.12956129,0.13010538,0.13061087,0.13107271,0.13148592,0.13184927,0.1321665,0.13243988,0.13267167,0.1328641,0.1330195,0.13314012,0.13322823,0.13328606,0.13331592,0.1333201,0.13330081,0.13326037,0.13320099,0.13312498
0.14939976,0.1495906,0.14975108,0.14987643,0.14996186,0.15000257,0.14999378,0.14993073,0.14980859,0.14962256,0.14936782,0.14903972,0.1486333,0.14814389,0.14756662,0.14689678,0.14612949,0.14529997,0.14444813,0.14357626,0.14268667,0.14178167,0.14086358,0.13993469,0.13899733,0.13805382,0.13710643,0.13615756,0.13520941,0.13426435,0.13332468,0.13239272,0.13147078,0.13056116,0.12966615,0.12878813,0.12792934,0.12709212,0.1262788,0.12549166,0.12473303,0.124005154,0.12331046,0.12265119,0.122029655,0.1214482,0.12090906,0.12041465,0.119967185,0.11959432,0.11931882,0.11913599,0.11904094,0.11902895,0.11909518,0.1192349,0.11944325,0.11971548,0.1200468,0.12043241,0.120867506,0.12134732,0.121867076,0.122421935,0.123007156,0.12361792,0.12424942,0.12489692,0.12555559,0.12622061,0.12688729,0.1275507,0.12820621,0.1288489,0.12947404,0.1300768,0.13065244,0.13119614,0.13170311,0.13216856,0.13258767,0.13295782,0.13328096,0.13355942,0.1337955,0.13399157,0.13414985,0.13427271,0.13436246,0.13442138,0.13445179,0.13445605,0.13443641,0.13439518,0.13433471,0.1342573
0.14870922,0.14888966,0.14904144,0.14916,0.1492408,0.14927931,0.14927103,0.14921136,0.14909585,0.14891988,0.14867899,0.14836864,0.14798427,0.14752138,0.14697543,0.14634185,0.14561619,0.14483075,0.14402251,0.14319383,0.14234707,0.14148456,0.1406087,0.13972186,0.13882633,0.13792455,0.1370188,0.1361115,0.13520497,0.13430159,0.13340372,0.1325137,0.13163391,0.13076669,0.12991443,0.12907945,0.12826413,0.12747084,0.12670192,0.12595972,0.12524661,0.12456495,0.123917125,0.123305455,0.122732304,0.122200035,0.121711016,0.12126761,0.12087216,0.12054904,0.12031805,0.12017468,0.120114334,0.12013255,0.12022476,0.12038643,0.12061306,0.1209001,0.121243,0.12163728,0.122078344,0.12256171,0.123082854,0.12363717,0.12422023,0.12482743,0.12545426,0.12609619,0.12674871,0.12740725,0.12806736,0.12872438,0.12937388,0.13001129,0.13063209,0.13123177,0.13180575,0.13234952,0.13285854,0.13332832,0.1337543,0.13413209,0.13446194,0.13474618,0.13498715,0.13518727,0.13534883,0.13547423,0.13556583,0.135626,0.13565704,0.13566138,0.13564134,0.13559927,0.13553755,0.1354585
0.14796555,0.14813514,0.14827776,0.1483892,0.14846513,0.14850129,0.1484935,0.14843744,0.14832887,0.14816353,0.14793715,0.14764552,0.14728428,0.14684929,0.14633621,0.14574087,0.14505889,0.14431976,0.14355733,0.14277402,0.14197218,0.1411543,0.14032274,0.1394799,0.13862826,0.13777018,0.13690805,0.13604434,0.13518144,0.13432173,0.13346766,0.13262165,0.13178608,0.13096333,0.1301559,0.12936613,0.12859648,0.1278493,0.12712705,0.12643215,0.125767,0.12513396,0.12453551,0.12397404,0.123451956,0.12297166,0.12253558,0.122146115,0.12180568,0.12153528,0.12135146,0.12124997,0.12122651,0.12127686,0.12139677,0.12158194,0.121828154,0.122131154,0.122486636,0.12289038,0.12333815,0.12382562,0.12434859,0.12490277,0.12548393,0.1260878,0.12671012,0.12734663,0.12799308,0.12864518,0.12929872,0.12994942,0.13059305,0.13122527,0.13184193,0.1324387,0.13301133,0.1335556,0.13406722,0.13454194,0.13497548,0.13536172,0.13569893,0.13598952,0.13623585,0.13644046,0.13660564,0.13673383,0.13682747,0.13688898,0.13692072,0.13692515,0.13690464,0.13686165,0.13679856,0.13671778
0.14717877,0.14733706,0.14747018,0.14757417,0.14764503,0.14767882,0.14767152,0.1476192,0.14751786,0.14736354,0.14715227,0.14688003,0.14654294,0.1461369,0.14565803,0.14510234,0.14446583,0.14377487,0.14306,0.14232376,0.14156863,0.14079699,0.14001144,0.13921435,0.13840818,0.13759544,0.13677858,0.13596012,0.13514243,0.13432802,0.13351941,0.132719,0.13192932,0.13115278,0.13039187,0.12964904,0.12892678,0.12822759,0.12755388,0.12690815,0.12629285,0.12571046,0.12516345,0.12465428,0.12418542,0.12375932,0.12337849,0.12304538,0.12276244,0.12254714,0.122412644,0.12235498,0.12237018,0.12245423,0.12260325,0.122813165,0.12308005,0.12339993,0.12376877,0.124182716,0.12463768,0.12512977,0.12565498,0.1262093,0.12678882,0.12738949,0.12800743,0.12863858,0.12927903,0.12992476,0.13057183,0.13121623,0.13185404,0.13248123,0.13309385,0.13368791,0.13425948,0.13480452,0.13531913,0.13579929,0.13624102,0.13663632,0.13698141,0.13727881,0.13753095,0.13774031,0.1379094,0.13804062,0.13813643,0.13819937,0.13823189,0.13823642,0.13821542,0.1381714,0.13810682,0.13802415
0.14635879,0.14650548,0.14662883,0.14672516,0.14679082,0.14682214,0.14681536,0.14676689,0.14667301,0.14653,0.14633426,0.14608204,0.14576972,0.14539355,0.14494985,0.14443497,0.14384528,0.14320382,0.14253795,0.14185017,0.14114302,0.14041902,0.1396807,0.13893059,0.1381712,0.13740504,0.13663468,0.13586266,0.13509148,0.13432366,0.13356173,0.13280824,0.13206571,0.13133664,0.13062358,0.12992908,0.12925564,0.12860575,0.12798199,0.1273869,0.12682296,0.12629274,0.12579875,0.12534349,0.12492953,0.12455938,0.12423557,0.1239606,0.12373704,0.1235787,0.12349519,0.12348287,0.12353806,0.12365708,0.123836234,0.12407185,0.12436023,0.1246977,0.12508059,0.12550521,0.12596788,0.12646489,0.12699258,0.12754731,0.12812534,0.128723,0.1293366,0.1299625,0.13059698,0.13123639,0.13187699,0.13251515,0.13314721,0.13376941,0.13437812,0.13496965,0.13554029,0.13608642,0.13660431,0.1370903,0.13754067,0.13794552,0.13829894,0.1386035,0.13886173,0.13907614,0.13924927,0.13938366,0.13948181,0.13954626,0.13957953,0.1395842,0.13956268,0.13951762,0.13945147,0.13936685
0.14551564,0.14565045,0.1457638,0.14585236,0.1459127,0.14594148,0.14593525,0.14589071,0.14580444,0.145673,0.14549308,0.14526129,0.14497419,0.14462845,0.14422068,0.1437475,0.14320548,0.14261456,0.14199862,0.14136022,0.140702,0.14002651,0.1393363,0.13863407,0.13792233,0.1372037,0.13648073,0.13575603,0.1350322,0.13431184,0.13359748,0.13289177,0.1321973,0.13151664,0.13085233,0.13020705,0.12958336,0.1289838,0.12841101,0.12786755,0.12735604,0.12687902,0.12643915,0.12603895,0.12568109,0.12536804,0.12510249,0.12488699,0.12472414,0.124624014,0.124592714,0.12462679,0.12472293,0.12487773,0.1250878,0.12534975,0.12566021,0.12601581,0.12641315,0.12684882,0.12731946,0.12782168,0.12835208,0.12890734,0.12948401,0.13007873,0.13068812,0.13130878,0.13193734,0.13257043,0.13320461,0.13383658,0.13446288,0.13508016,0.13568503,0.13627413,0.13684405,0.13739137,0.13791277,0.13840485,0.13886422,0.13927892,0.13964096,0.13995294,0.14021747,0.1404371,0.14061446,0.14075212,0.14085267,0.1409187,0.14095278,0.14095753,0.14093551,0.14088935,0.14082158,0.14073487
0.14465924,0.144782,0.14488529,0.14496596,0.14502093,0.14504713,0.14504148,0.14500087,0.14492229,0.14480256,0.14463867,0.14442746,0.14416596,0.14385101,0.14347951,0.14304844,0.14255467,0.14201483,0.14144938,0.14086093,0.14025214,0.13962567,0.13898419,0.1383303,0.1376667,0.13699605,0.13632096,0.13564414,0.13496815,0.13429573,0.1336295,0.13297206,0.13232617,0.1316944,0.13107942,0.1304839,0.12991047,0.12936178,0.1288405,0.1283493,0.12789078,0.12746762,0.12708251,0.12673801,0.12643686,0.12618168,0.12597509,0.12581979,0.1257184,0.12567721,0.12569875,0.12577985,0.1259175,0.12610857,0.12634999,0.12663868,0.12697153,0.12734556,0.12775752,0.1282045,0.12868327,0.12919086,0.12972412,0.13027996,0.13085537,0.1314472,0.1320524,0.13266788,0.1332905,0.1339173,0.13454509,0.13517083,0.13579145,0.13640383,0.13700494,0.13759162,0.13816084,0.13870953,0.13923454,0.1397329,0.14020142,0.14062615,0.14099698,0.14131653,0.14158748,0.14181246,0.1419941,0.1421351,0.14223807,0.14230572,0.1423406,0.14234549,0.14232293,0.14227568,0.14220625,0.1421174
0.14379947,0.14391024,0.14400338,0.14407615,0.14412574,0.14414938,0.14414428,0.14410765,0.14403674,0.14392878,0.14378092,0.14359044,0.14335454,0.14307044,0.14273535,0.14234652,0.14190114,0.14141254,0.14089763,0.14035927,0.13980006,0.13922276,0.1386301,0.13802472,0.13740942,0.13678685,0.13615979,0.1355309,0.1349029,0.13427855,0.13366053,0.13305154,0.13245432,0.1318716,0.13130604,0.13076043,0.13023743,0.12973978,0.12927015,0.12883136,0.12842597,0.12805682,0.12772658,0.12743798,0.12719372,0.12699652,0.12684909,0.12675416,0.12671444,0.12673242,0.12680693,0.1269352,0.12711444,0.12734191,0.12761483,0.12793031,0.1282857,0.12867816,0.12910491,0.12956317,0.13005015,0.1305631,0.13109924,0.13165575,0.13222988,0.13281882,0.13341984,0.13403012,0.13464688,0.13526738,0.1358888,0.13650833,0.13712323,0.13773075,0.13832802,0.13891238,0.13948092,0.14003092,0.14055964,0.14106429,0.141542,0.14197686,0.1423565,0.14268366,0.14296104,0.14319138,0.14337736,0.14352171,0.14362712,0.14369637,0.14373213,0.1437371,0.143714,0.14366558,0.14359456,0.14350359
0.14294635,0.14304516,0.14312826,0.14319316,0.14323735,0.14325847,0.14325392,0.14322123,0.14315802,0.1430617,0.1429298,0.14275992,0.14254948,0.14229609,0.14199719,0.14165035,0.14125308,0.14081539,0.1403509,0.13986231,0.13935243,0.138824,0.1382799,0.13772279,0.1371555,0.1365808,0.13600148,0.1354203,0.13484004,0.13426352,0.13369346,0.13313265,0.13258389,0.13204992,0.13153353,0.13103756,0.13056469,0.13011777,0.12969959,0.1293128,0.12896031,0.12864485,0.1283692,0.12813614,0.12794846,0.12780893,0.12772028,0.12768534,0.1277069,0.12778363,0.12791084,0.128086,0.1283066,0.1285702,0.12887432,0.12921646,0.12959418,0.13000496,0.13044633,0.1309158,0.13141091,0.13192919,0.1324681,0.13302524,0.13359807,0.13418412,0.13478093,0.135386,0.13599683,0.13661103,0.13722603,0.13783936,0.13844857,0.13905118,0.13964467,0.14022659,0.14079447,0.14134583,0.14187811,0.14238891,0.14287578,0.1433206,0.14370902,0.14404373,0.14432749,0.14456312,0.14475335,0.14490104,0.1450089,0.14507972,0.1451163,0.14512138,0.14509776,0.14504823,0.14497559,0.14488252
0.14210981,0.14219685,0.14227,0.14232714,0.14236608,0.14238465,0.14238065,0.14235188,0.1422962,0.14221138,0.14209527,0.14194565,0.14176036,0.1415372,0.141274,0.14096858,0.14061877,0.14023134,0.1398165,0.13937701,0.13891578,0.13843563,0.13793941,0.1374299,0.13691004,0.13638256,0.13585037,0.1353163,0.13478315,0.13425381,0.1337311,0.13321783,0.13271683,0.13223103,0.13176318,0.13131613,0.13089275,0.13049586,0.1301283,0.12979291,0.12949254,0.12923,0.12900817,0.12882984,0.12869789,0.12861511,0.1285844,0.12860854,0.12869044,0.12882504,0.12900408,0.1292253,0.1294866,0.12978576,0.13012059,0.13048887,0.13088852,0.13131726,0.13177295,0.13225338,0.13275637,0.13327979,0.13382137,0.13437898,0.13495041,0.1355335,0.13612606,0.13672589,0.13733084,0.13793865,0.13854724,0.13915434,0.13975783,0.14035548,0.14094514,0.14152455,0.14209165,0.14264415,0.14317995,0.14369676,0.14419249,0.14464712,0.14504406,0.14538607,0.1456761,0.14591688,0.14611135,0.14626223,0.14637248,0.14644486,0.14648221,0.14648743,0.14646329,0.14641267,0.14633842,0.14624332
0.14129984,0.14137529,0.14143875,0.1414883,0.14152212,0.14153823,0.14153475,0.1415098,0.14146148,0.1413879,0.14128722,0.1411574,0.1409967,0.14080313,0.14057481,0.14030991,0.14000647,0.13966815,0.13930185,0.13891044,0.13849682,0.13806385,0.1376145,0.1371516,0.1366781,0.13619687,0.1357108,0.13522284,0.13473581,0.13425262,0.13377623,0.1333095,0.1328553,0.13241656,0.13199617,0.13159701,0.13122202,0.13087404,0.13055602,0.13027084,0.13002138,0.12981053,0.12964125,0.12951635,0.12943879,0.12941143,0.12943721,0.129519,0.12965968,0.12985067,0.13008021,0.13034637,0.13064724,0.13098097,0.13134561,0.13173933,0.13216022,0.13260634,0.13307583,0.13356681,0.13407737,0.1346056,0.13514963,0.13570754,0.13627744,0.13685745,0.13744567,0.13804023,0.13863918,0.13924067,0.13984278,0.14044367,0.14104135,0.14163396,0.1422197,0.14279655,0.14336267,0.14391617,0.14445513,0.14497769,0.14548191,0.14594594,0.14635105,0.14670019,0.14699616,0.14724194,0.14744039,0.14759438,0.14770691,0.14778078,0.14781892,0.14782424,0.14779963,0.14774793,0.14767213,0.1475751
0.14052632,0.14059061,0.14064467,0.1406869,0.14071567,0.14072944,0.14072646,0.14070521,0.14066404,0.14060137,0.14051557,0.14040497,0.14026806,0.14010315,0.13990864,0.13968296,0.13942441,0.13913366,0.13881442,0.13846956,0.13810208,0.13771488,0.137311,0.1368933,0.13646479,0.13602842,0.13558711,0.13514383,0.13470154,0.13426319,0.13383172,0.1334101,0.1330013,0.13260822,0.13223381,0.13188109,0.13155295,0.13125242,0.13098234,0.13074574,0.13054556,0.13038474,0.13026626,0.130193,0.13016799,0.13019417,0.13027446,0.13041188,0.13060927,0.13085462,0.13113283,0.13144222,0.13178122,0.13214818,0.13254151,0.13295956,0.13340078,0.13386351,0.13434616,0.13484707,0.1353647,0.13589738,0.13644351,0.13700148,0.13756967,0.13814647,0.13873023,0.1393194,0.13991232,0.14050744,0.14110306,0.1416976,0.14228947,0.14287704,0.14345868,0.14403275,0.14459771,0.14515191,0.14569373,0.14622158,0.1467338,0.14720668,0.14761958,0.14797533,0.14827697,0.14852744,0.14872971,0.14888667,0.14900132,0.1490766,0.14911546,0.14912087,0.14909579,0.14904314,0.14896591,0.14886698
0.13979925,0.13985284,0.13989788,0.1399331,0.13995707,0.1399685,0.13996604,0.13994834,0.13991402,0.13986179,0.13979027,0.13969812,0.13958398,0.13944657,0.13928445,0.13909632,0.13888088,0.13863577,0.1383616,0.1380614,0.1377382,0.137395,0.13703473,0.13666044,0.13627517,0.13588189,0.13548358,0.13508329,0.134684,0.1342887,0.1339004,0.13352212,0.13315688,0.13280764,0.13247742,0.13216925,0.13188607,0.13163094,0.13140686,0.13121682,0.13106379,0.13095085,0.13088097,0.13085711,0.13088235,0.13095963,0.13109198,0.1312824,0.13153388,0.13183106,0.13215558,0.13250607,0.13288127,0.13327977,0.13370025,0.13414133,0.13460173,0.13508005,0.13557498,0.13608512,0.1366092,0.13714582,0.13769361,0.13825133,0.13881755,0.13939093,0.13997015,0.14055386,0.1411407,0.14172933,0.14231841,0.14290659,0.1434925,0.14407489,0.1446523,0.14522344,0.14578697,0.14634155,0.14688577,0.14741838,0.14793794,0.14841904,0.14883903,0.14920099,0.14950784,0.14976265,0.14996842,0.15012811,0.15024476,0.15032135,0.15036091,0.1503664,0.15034087,0.15028732,0.15020871,0.15010808
0.13912852,0.13917199,0.13920851,0.13923705,0.13925649,0.13926578,0.13926376,0.13924943,0.13922162,0.13917927,0.13912126,0.13904658,0.13895406,0.13884264,0.13871123,0.13855872,0.13838404,0.13818218,0.13795082,0.13769302,0.13741185,0.13711034,0.13679156,0.13645853,0.13611434,0.13576199,0.13540457,0.13504513,0.13468668,0.13433228,0.13398506,0.13364798,0.1333241,0.13301648,0.1327282,0.13246228,0.13222177,0.13200973,0.1318292,0.13168323,0.13157488,0.13150717,0.13148321,0.13150598,0.13157858,0.13170406,0.13188542,0.13212578,0.13242814,0.13277397,0.13314195,0.13353105,0.13394013,0.13436809,0.13481389,0.13527642,0.13575459,0.13624725,0.13675338,0.1372719,0.13780165,0.13834159,0.13889065,0.13944766,0.14001161,0.14058137,0.14115584,0.14173396,0.14231461,0.14289674,0.14347921,0.14406097,0.1446409,0.14521793,0.14579095,0.14635886,0.14692062,0.14747514,0.14802125,0.14855795,0.14908408,0.14957255,0.14999901,0.15036651,0.15067808,0.15093681,0.15114571,0.15130787,0.15142633,0.15150407,0.15154423,0.15154983,0.1515239,0.1514695,0.1513897,0.15128754
0.1385242,0.13855816,0.13858671,0.13860904,0.13862422,0.13863146,0.1386299,0.13861868,0.13859695,0.13856384,0.13851851,0.13846014,0.13838781,0.13830072,0.13819797,0.13807881,0.13794225,0.13778079,0.13758948,0.13737136,0.13712958,0.1368672,0.13658729,0.13629298,0.13598733,0.13567343,0.13535438,0.13503331,0.13471325,0.13439727,0.13408855,0.13379009,0.13350506,0.13323648,0.13298747,0.13276114,0.13256055,0.13238877,0.13224897,0.13214415,0.13207747,0.132052,0.13207078,0.13213696,0.13225359,0.13242379,0.13265064,0.13293725,0.13328667,0.13367748,0.13408563,0.13451025,0.13495053,0.13540556,0.13587452,0.13635656,0.1368508,0.13735643,0.13787255,0.13839835,0.13893294,0.13947548,0.14002515,0.14058107,0.14114238,0.14170823,0.14227775,0.14285016,0.14342454,0.14400005,0.14457585,0.14515112,0.14572492,0.14629647,0.14686488,0.1474293,0.14798889,0.14854282,0.14909022,0.1496302,0.15016197,0.15065686,0.15108895,0.15146129,0.151777,0.15203913,0.15225078,0.15241507,0.15253507,0.15261388,0.15265451,0.15266022,0.15263394,0.15257883,0.15249798,0.15239447
0.13799612,0.13802138,0.13804258,0.13805917,0.13807048,0.13807587,0.13807467,0.13806635,0.13805018,0.13802558,0.1379919,0.13794851,0.1378948,0.13783006,0.13775374,0.13766514,0.13756369,0.13743944,0.137285,0.13710348,0.13689804,0.13667178,0.13642779,0.13616924,0.13589923,0.13562092,0.13533738,0.13505176,0.13476719,0.13448676,0.13421364,0.13395093,0.13370174,0.13346922,0.1332565,0.13306664,0.13290285,0.13276818,0.13266578,0.13259882,0.13257034,0.13258351,0.13264146,0.1327473,0.13290413,0.13311513,0.13338338,0.133712,0.13410413,0.13453571,0.13498017,0.13543688,0.13590519,0.13638452,0.13687415,0.1373735,0.13788195,0.13839886,0.13892353,0.13945541,0.13999383,0.14053817,0.14108779,0.14164205,0.14220032,0.14276198,0.14332637,0.14389287,0.14446087,0.14502968,0.14559874,0.14616735,0.14673492,0.1473008,0.14786434,0.14842494,0.14898193,0.14953472,0.15008265,0.15062508,0.1511614,0.15166163,0.1520984,0.15247473,0.15279384,0.1530588,0.15327275,0.1534388,0.15356009,0.15363972,0.15368085,0.15368657,0.15366001,0.15360433,0.1535226,0.15341799
0.1375543,0.13757168,0.1375863,0.1375977,0.13760546,0.13760917,0.13760841,0.13760264,0.13759151,0.13757458,0.13755141,0.13752152,0.13748454,0.13744,0.13738745,0.13732648,0.13725664,0.13716593,0.13704482,0.1368964,0.13672383,0.1365303,0.13631888,0.13609278,0.13585514,0.13560912,0.13535787,0.13510446,0.13485216,0.13460399,0.13436322,0.1341329,0.13391626,0.13371643,0.1335365,0.13337971,0.13324912,0.13314794,0.1330793,0.13304631,0.13305219,0.13310006,0.13319308,0.13333432,0.13352704,0.13377433,0.13407935,0.13444524,0.13487516,0.13534272,0.13581915,0.136304,0.13679686,0.13729729,0.13780482,0.13831905,0.13883948,0.13936578,0.13989748,0.14043406,0.14097518,0.14152035,0.14206918,0.14262119,0.14317596,0.14373308,0.14429206,0.14485249,0.14541395,0.145976,0.1465382,0.14710006,0.14766124,0.14822127,0.14877968,0.14933605,0.14988995,0.15044095,0.15098861,0.15153246,0.15207212,0.15257648,0.15301676,0.15339622,0.15371794,0.15398505,0.15420075,0.15436818,0.15449044,0.15457073,0.15461223,0.15461798,0.1545912,0.15453506,0.15445267,0.15434718
0.13720869,0.13721915,0.13722795,0.13723482,0.13723952,0.13724175,0.13724127,0.1372378,0.13723111,0.1372209,0.13720694,0.13718893,0.13716663,0.13713981,0.13710815,0.1370714,0.13702932,0.13696814,0.13687631,0.13675708,0.13661356,0.13644896,0.13626641,0.13606909,0.13586016,0.13564277,0.13542011,0.13519536,0.13497165,0.13475215,0.13454005,0.1343385,0.13415068,0.13397972,0.13382885,0.13370115,0.13359986,0.13352811,0.13348909,0.13348591,0.1335218,0.1335999,0.13372338,0.1338954,0.13411912,0.13439772,0.13473436,0.1351322,0.13559441,0.13609263,0.13659617,0.13710481,0.13761827,0.13813627,0.13865858,0.13918492,0.139715,0.1402486,0.14078544,0.14132525,0.14186779,0.14241278,0.14295994,0.14350903,0.1440598,0.14461195,0.14516526,0.14571944,0.14627424,0.14682937,0.14738461,0.14793967,0.14849427,0.1490482,0.14960115,0.15015288,0.15070312,0.1512516,0.15179808,0.15234226,0.15288392,0.15339097,0.15383366,0.15421514,0.15453857,0.15480714,0.155024,0.15519232,0.15531525,0.15539598,0.15543766,0.15544347,0.15541656,0.1553601,0.15527727,0.15517122
0.13693254,0.13693704,0.13694078,0.13694373,0.13694571,0.13694666,0.13694648,0.13694501,0.13694215,0.13693777,0.1369318,0.13692413,0.13691463,0.13690317,0.13688965,0.13687396,0.13685599,0.1368204,0.13675414,0.13666035,0.13654219,0.13640285,0.13624547,0.13607328,0.13588944,0.13569713,0.13549954,0.1352998,0.13510112,0.13490672,0.1347197,0.13454328,0.13438061,0.13423495,0.13410935,0.13400705,0.13393123,0.1338851,0.13387178,0.13389447,0.13395634,0.1340606,0.13421038,0.13440889,0.13465934,0.13496476,0.1353285,0.13575365,0.13624343,0.13676772,0.1372943,0.13782308,0.13835391,0.13888665,0.13942124,0.13995755,0.14049545,0.1410349,0.1415757,0.14211775,0.14266096,0.14320524,0.14375044,0.1442965,0.1448432,0.14539056,0.14593841,0.14648658,0.14703505,0.14758363,0.14813228,0.14868084,0.14922926,0.14977734,0.150325,0.15087219,0.15141869,0.15196443,0.15250935,0.15305327,0.15359613,0.15410501,0.15454935,0.1549322,0.15525687,0.1555264,0.15574402,0.15591295,0.15603636,0.15611735,0.15615924,0.15616505,0.15613802,0.15608138,0.15599824,0.15589179
0.1366915,0.13669074,0.13669008,0.13668959,0.13668923,0.13668904,0.1366891,0.13668938,0.13668984,0.1366906,0.13669164,0.13669297,0.13669458,0.13669655,0.13669889,0.13670158,0.13670467,0.13669151,0.13664752,0.13657588,0.13647984,0.13636258,0.13622718,0.13607696,0.13591504,0.1357446,0.13556887,0.13539098,0.13521421,0.13504168,0.13487653,0.13472207,0.1345814,0.13445769,0.13435422,0.1342741,0.13422056,0.13419674,0.1342059,0.13425116,0.13433574,0.13446282,0.13463557,0.13485721,0.1351309,0.13545986,0.13584723,0.13629623,0.13681006,0.13735715,0.13790385,0.13845016,0.13899612,0.13954179,0.14008708,0.1406321,0.14117686,0.14172135,0.14226559,0.14280961,0.14335346,0.14389712,0.1444406,0.14498393,0.1455272,0.1460703,0.14661333,0.14715631,0.14769925,0.14824215,0.14878507,0.14932796,0.14987093,0.15041395,0.15095697,0.15150014,0.15204339,0.15258677,0.15313034,0.15367402,0.15421793,0.15472846,0.15517423,0.15555827,0.15588392,0.15615433,0.15637268,0.15654214,0.15666594,0.1567472,0.15678917,0.15679501,0.15676792,0.15671109,0.15662768,0.15652092
0.13648374,0.1364785,0.13647406,0.13647056,0.13646822,0.1364671,0.13646732,0.13646907,0.13647242,0.13647759,0.13648464,0.13649371,0.13650498,0.13651852,0.13653448,0.13655306,0.13657427,0.1365804,0.1365556,0.13650313,0.13642612,0.13632785,0.13621144,0.13608012,0.13593706,0.1357855,0.13562861,0.13546957,0.13531163,0.13515793,0.1350117,0.13487612,0.13475437,0.13464971,0.13456523,0.13450424,0.13446988,0.13446535,0.13449381,0.13455853,0.13466264,0.1348094,0.13500194,0.13524352,0.1355373,0.13588645,0.13629423,0.13676378,0.13729835,0.13786504,0.13842909,0.13899054,0.13954957,0.1401063,0.14066087,0.1412134,0.14176401,0.1423129,0.14286014,0.14340587,0.1439502,0.14449331,0.14503533,0.14557637,0.14611657,0.14665608,0.14719498,0.14773345,0.14827162,0.14880961,0.14934754,0.14988561,0.15042384,0.1509625,0.15150157,0.15204129,0.15258174,0.15312308,0.15366545,0.15420896,0.15475377,0.15526569,0.1557126,0.15609775,0.15642431,0.15669546,0.15691438,0.15708435,0.15720841,0.15728997,0.15733203,0.1573379,0.15731071,0.15725368,0.1571701,0.15706304
0.13630763,0.13629854,0.13629086,0.13628489,0.13628082,0.13627887,0.13627928,0.13628231,0.13628812,0.13629699,0.13630915,0.13632482,0.1363442,0.13636756,0.13639514,0.13642709,0.1364637,0.13648619,0.1364777,0.13644141,0.13638058,0.1362984,0.13619807,0.13608278,0.13595574,0.13582018,0.13567927,0.1355362,0.13539426,0.1352565,0.13512628,0.13500674,0.13490106,0.13481247,0.13474415,0.13469937,0.13468125,0.13469303,0.13473792,0.13481915,0.13493985,0.13510327,0.1353126,0.13557109,0.13588184,0.13624817,0.13667321,0.13716021,0.13771236,0.13829571,0.1388744,0.13944872,0.14001879,0.14058495,0.14114735,0.14170627,0.14226186,0.14281444,0.14336418,0.14391133,0.14445615,0.14499879,0.1455396,0.14607866,0.14661632,0.14715272,0.1476881,0.14822279,0.14875694,0.14929074,0.1498245,0.1503584,0.15089269,0.15142757,0.15196328,0.15250008,0.15303817,0.1535778,0.15411916,0.15466252,0.15520808,0.1557212,0.15616915,0.15655518,0.15688246,0.15715425,0.1573737,0.15754403,0.1576684,0.1577501,0.15779227,0.15779817,0.15777095,0.15771377,0.15763,0.15752263
0.13616142,0.13614911,0.13613878,0.1361307,0.13612519,0.13612258,0.13612315,0.1361272,0.13613504,0.13614705,0.13616343,0.13618457,0.13621071,0.13624224,0.1362794,0.13632253,0.13637191,0.13640796,0.13641298,0.13639018,0.1363428,0.13627397,0.13618697,0.13608503,0.1359713,0.13584898,0.13572136,0.13559155,0.13546282,0.13533838,0.13522145,0.13511518,0.13502286,0.13494766,0.13489275,0.1348614,0.13485678,0.1348821,0.13494062,0.13503554,0.13517001,0.13534729,0.13557056,0.13584305,0.13616797,0.13654853,0.13698795,0.13748938,0.13805608,0.13865326,0.1392442,0.13982914,0.14040844,0.14098236,0.14155126,0.1421155,0.14267524,0.14323092,0.14378275,0.14433111,0.14487626,0.14541852,0.14595826,0.14649571,0.14703123,0.1475651,0.1480976,0.1486291,0.14915985,0.14969026,0.1502205,0.150751,0.15128195,0.15181378,0.1523467,0.15288106,0.1534172,0.15395537,0.1544959,0.15503912,0.1555853,0.1560994,0.15654823,0.15693499,0.15726289,0.1575352,0.15775506,0.15792574,0.15805034,0.15813223,0.1581745,0.15818037,0.15815306,0.15809582,0.15801184,0.15790433
0.1360433,0.13602844,0.13601597,0.13600618,0.13599956,0.13599639,0.13599706,0.13600199,0.1360115,0.13602597,0.13604577,0.13607131,0.13610293,0.13614102,0.13618594,0.13623808,0.13629779,0.1363448,0.13636073,0.13634881,0.13631223,0.13625424,0.13617805,0.13608679,0.13598382,0.13587222,0.13575532,0.13563623,0.13551821,0.13540447,0.13529828,0.13520275,0.13512118,0.13505678,0.1350127,0.13499221,0.13499852,0.1350348,0.13510433,0.13521026,0.13535586,0.13554431,0.13577884,0.13606268,0.13639897,0.13679104,0.13724202,0.13775519,0.13833366,0.13894202,0.13954277,0.14013633,0.14072303,0.14130327,0.14187749,0.1424459,0.14300905,0.14356717,0.1441207,0.14467002,0.1452155,0.14575748,0.14629637,0.1468325,0.14736626,0.14789806,0.14842825,0.14895716,0.14948528,0.15001284,0.15054029,0.15106796,0.15159631,0.1521256,0.15265629,0.15318868,0.1537232,0.15426023,0.15480012,0.15534319,0.15588991,0.15640476,0.15685432,0.15724169,0.15757011,0.15784279,0.15806302,0.15823393,0.15835878,0.15844072,0.15848304,0.15848893,0.15846162,0.15840429,0.1583202,0.15821248
0.13595162,0.1359348,0.13592064,0.13590957,0.13590205,0.13589844,0.1358992,0.13590479,0.13591558,0.13593197,0.13595447,0.13598341,0.13601926,0.13606246,0.13611344,0.13617253,0.13624026,0.13629578,0.13632017,0.13631673,0.13628854,0.13623893,0.13617107,0.1360882,0.13599354,0.13589029,0.13578165,0.1356709,0.13556121,0.13545579,0.13535792,0.13527074,0.1351975,0.13514146,0.13510582,0.13509373,0.13510852,0.1351533,0.13523135,0.13534585,0.13550012,0.13569722,0.1359405,0.1362331,0.13657829,0.13697928,0.13743927,0.13796148,0.13854912,0.13916612,0.1397745,0.14037476,0.14096725,0.1415524,0.14213063,0.14270239,0.1432681,0.14382815,0.14438303,0.14493307,0.14547879,0.14602053,0.14655876,0.14709388,0.14762631,0.14815651,0.1486849,0.14921185,0.14973782,0.15026322,0.15078847,0.15131398,0.15184024,0.15236762,0.15289655,0.15342745,0.15396073,0.15449688,0.15503621,0.15557924,0.15612634,0.15664183,0.15709189,0.15747972,0.15780854,0.15808158,0.15830202,0.15847313,0.15859812,0.1586802,0.15872258,0.15872848,0.15870112,0.15864374,0.1585595,0.15845169
0.13588467,0.13586642,0.13585101,0.13583899,0.1358308,0.1358269,0.13582776,0.13583378,0.13584551,0.13586335,0.13588776,0.1359192,0.1359582,0.13600509,0.13606045,0.13612467,0.13619822,0.13625997,0.13629057,0.13629325,0.13627122,0.13622773,0.136166,0.1360892,0.13600065,0.13590346,0.1358009,0.13569622,0.13559258,0.13549326,0.13540146,0.1353204,0.13525328,0.13520335,0.1351738,0.13516793,0.13518886,0.13523984,0.13532414,0.13544495,0.13560547,0.13580896,0.13605858,0.13635764,0.13670929,0.13711676,0.13758333,0.13811216,0.13870648,0.13932979,0.13994381,0.1405489,0.14114559,0.1417343,0.14231557,0.14288972,0.14345735,0.14401881,0.14457463,0.14512523,0.14567107,0.14621267,0.14675044,0.14728479,0.14781629,0.14834529,0.14887232,0.14939785,0.14992227,0.15044606,0.15096974,0.15149371,0.15201847,0.15254441,0.15307206,0.15360186,0.15413423,0.15466969,0.15520868,0.15575162,0.15629901,0.15681495,0.15726542,0.15765356,0.15798268,0.15825593,0.1584766,0.15864787,0.15877299,0.1588551,0.15889752,0.15890342,0.15887605,0.15881859,0.1587343,0.15862638
0.13584073,0.13582149,0.13580531,0.13579264,0.13578403,0.13577992,0.1357808,0.13578717,0.13579948,0.13581824,0.13584395,0.13587706,0.13591805,0.13596743,0.13602567,0.13609323,0.13617063,0.13623644,0.13627112,0.13627785,0.13625985,0.1362204,0.13616268,0.13608989,0.1360053,0.1359121,0.13581355,0.13571282,0.13561323,0.13551787,0.13543005,0.135353,0.1352899,0.13524398,0.13521846,0.13521661,0.13524158,0.13529669,0.13538508,0.13551,0.13567463,0.13588227,0.13613611,0.13643938,0.13679528,0.13720706,0.13767792,0.13821107,0.1388098,0.13943726,0.14005494,0.14066325,0.1412627,0.1418538,0.14243697,0.14301275,0.1435816,0.14414398,0.14470042,0.1452514,0.14579737,0.14633882,0.14687626,0.14741017,0.14794101,0.14846925,0.14899538,0.14951997,0.15004338,0.15056619,0.15108879,0.15161172,0.15213546,0.15266049,0.15318729,0.15371636,0.15424815,0.15478319,0.15532193,0.15586479,0.15641241,0.15692863,0.15737934,0.15776774,0.158097,0.15837047,0.15859124,0.1587626,0.15888776,0.15896995,0.15901239,0.15901831,0.1589909,0.15893339,0.15884908,0.15874112
0.13581803,0.13579829,0.1357817,0.13576871,0.13575989,0.13575566,0.13575657,0.13576312,0.13577576,0.13579497,0.13582136,0.13585527,0.13589732,0.13594799,0.1360077,0.136077,0.1361564,0.13622431,0.13626109,0.13626991,0.13625401,0.13621661,0.13616095,0.13609023,0.13600773,0.1359166,0.13582008,0.13572143,0.13562384,0.13553058,0.13544482,0.13536984,0.13530879,0.13526493,0.13524154,0.13524173,0.13526885,0.13532601,0.13541652,0.1355436,0.13571039,0.13592014,0.13617617,0.1364816,0.13683969,0.13725366,0.13772677,0.1382622,0.13886316,0.1394928,0.14011234,0.14072233,0.14132316,0.14191547,0.14249966,0.14307626,0.14364576,0.14420862,0.14476539,0.14531654,0.14586256,0.14640397,0.14694123,0.14747488,0.14800541,0.14853325,0.14905897,0.14958301,0.15010591,0.15062815,0.15115027,0.15167268,0.15219589,0.15272042,0.1532468,0.15377551,0.154307,0.15484178,0.15538037,0.15592329,0.15647095,0.15698735,0.15743817,0.15782668,0.15815607,0.1584296,0.15865043,0.15882185,0.15894705,0.15902925,0.15907171,0.15907761,0.15905021,0.15899271,0.15890834,0.15880036
0.13581489,0.13579506,0.13577841,0.13576539,0.13575651,0.13575229,0.13575318,0.13575974,0.13577244,0.13579176,0.13581818,0.13585226,0.13589443,0.13594528,0.13600518,0.13607474,0.1361544,0.13622262,0.13625969,0.13626878,0.13625316,0.13621609,0.13616072,0.13609028,0.13600804,0.13591719,0.13582101,0.13572262,0.13562533,0.13553235,0.13544689,0.13537219,0.13531142,0.13526788,0.13524476,0.13524526,0.13527262,0.13533011,0.1354209,0.13554823,0.13571535,0.13592541,0.13618171,0.13648745,0.13684589,0.13726015,0.13773355,0.1382693,0.13887058,0.13950051,0.14012031,0.14073052,0.14133161,0.14192407,0.14250839,0.1430851,0.14365467,0.14421761,0.14477445,0.14532562,0.14587165,0.14641307,0.14695029,0.14748392,0.14801435,0.14854218,0.14906783,0.1495918,0.15011463,0.1506368,0.15115881,0.15168114,0.1522043,0.15272877,0.15325508,0.15378372,0.15431517,0.15484996,0.15538852,0.15593143,0.1564791,0.15699552,0.15744635,0.15783492,0.1581643,0.15843783,0.15865865,0.1588301,0.1589553,0.15903752,0.15907998,0.15908588,0.1590585,0.15900098,0.15891662,0.15880862
0.13582952,0.13581003,0.13579364,0.13578084,0.13577212,0.13576794,0.13576885,0.13577527,0.13578777,0.13580677,0.1358328,0.1358663,0.13590783,0.13595784,0.1360168,0.13608521,0.13616359,0.13623045,0.13626616,0.13627389,0.13625698,0.13621852,0.1361618,0.13609007,0.13600649,0.1359143,0.13581677,0.13571708,0.13561848,0.13552414,0.13543735,0.13536131,0.13529922,0.13525434,0.13522986,0.13522904,0.13525505,0.13531116,0.13540061,0.13552652,0.13569227,0.13590096,0.13615589,0.13646021,0.1368172,0.1372301,0.13770203,0.13823631,0.13883615,0.13946465,0.14008328,0.14069238,0.14129256,0.14188424,0.1424679,0.1430441,0.14361325,0.14417589,0.14473248,0.14528356,0.14582956,0.146371,0.14690836,0.14744213,0.14797278,0.14850084,0.1490268,0.14955108,0.15007427,0.15059675,0.15111911,0.15164177,0.15216528,0.1526901,0.15321666,0.15374556,0.15427719,0.15481213,0.15535077,0.15589368,0.15644132,0.1569576,0.15740839,0.15779682,0.15812618,0.15839964,0.15862046,0.15879187,0.15891702,0.15899925,0.15904167,0.15904759,0.15902017,0.15896271,0.15887834,0.15877037
0.1358603,0.13584143,0.1358256,0.13581325,0.13580482,0.13580084,0.13580167,0.13580792,0.13581993,0.13583829,0.13586342,0.1358958,0.13593589,0.13598417,0.13604112,0.13610719,0.1361829,0.1362469,0.13627976,0.13628471,0.1362649,0.13622364,0.13616413,0.1360896,0.13600321,0.13590826,0.13580793,0.13570547,0.13560405,0.13550696,0.13541734,0.13533852,0.13527364,0.13522592,0.13519861,0.13519497,0.13521816,0.13527144,0.13535798,0.13548107,0.1356439,0.13584968,0.13610165,0.13640305,0.13675706,0.13716692,0.13763587,0.1381671,0.13876387,0.13938953,0.14000554,0.14061242,0.14121063,0.14180067,0.142383,0.14295806,0.14352636,0.14408836,0.1446445,0.14519535,0.14574125,0.14628278,0.14682034,0.14735444,0.14788556,0.14841416,0.14894068,0.1494657,0.14998955,0.15051281,0.15103586,0.15155928,0.15208346,0.15260892,0.15313607,0.15366548,0.15419751,0.15473275,0.15527159,0.1558145,0.15636201,0.15687813,0.15732872,0.15771699,0.15804617,0.15831956,0.1585403,0.15871161,0.15883672,0.1589189,0.15896134,0.15896726,0.15893985,0.1588824,0.15879807,0.15869014
0.1359054,0.13588753,0.13587254,0.1358608,0.1358528,0.13584901,0.13584983,0.13585573,0.13586715,0.13588454,0.13590837,0.13593905,0.13597704,0.13602284,0.13607681,0.13613947,0.13621122,0.13627104,0.1362997,0.1363005,0.13627656,0.1362312,0.13616757,0.13608891,0.13599844,0.13589936,0.13579495,0.1356884,0.13558291,0.1354817,0.135388,0.13530505,0.13523607,0.13518423,0.13515282,0.13514496,0.135164,0.13521309,0.13529548,0.13541433,0.1355729,0.1357744,0.13602209,0.13631913,0.13666879,0.13707429,0.13753882,0.13806559,0.13865785,0.13927922,0.1398915,0.14049509,0.14109047,0.1416781,0.1422584,0.14283182,0.14339885,0.1439599,0.14451541,0.14506586,0.14561166,0.14615332,0.14669119,0.1472258,0.14775759,0.14828697,0.14881441,0.14934033,0.14986524,0.15038957,0.15091375,0.15143819,0.1519634,0.15248978,0.1530178,0.15354796,0.15408061,0.1546163,0.15515538,0.15569834,0.15624565,0.15676145,0.15721178,0.15759984,0.15792887,0.15820204,0.15842268,0.15859386,0.15871896,0.15880105,0.15884346,0.15884936,0.15882197,0.15876457,0.15868029,0.1585724
0.13596311,0.13594654,0.1359326,0.13592169,0.13591427,0.13591072,0.13591146,0.13591696,0.13592762,0.13594377,0.1359659,0.13599443,0.13602977,0.13607234,0.1361225,0.13618077,0.13624746,0.13630193,0.13632527,0.13632074,0.13629152,0.13624085,0.13617195,0.13608803,0.1359923,0.13588801,0.13577834,0.13566656,0.1355558,0.13544936,0.13535042,0.1352622,0.13518795,0.13513087,0.13509412,0.13508104,0.13509472,0.13513842,0.1352154,0.13532887,0.13548203,0.13567807,0.13592023,0.13621175,0.13655584,0.1369557,0.13741453,0.13793561,0.1385221,0.13913801,0.13974547,0.14034484,0.14093661,0.14152116,0.14209889,0.14267024,0.14323564,0.14379546,0.14435011,0.1449001,0.14544578,0.14598754,0.14652584,0.14706111,0.14759372,0.14812413,0.14865269,0.14917992,0.14970614,0.15023181,0.15075734,0.15128313,0.15180968,0.15233727,0.15286642,0.1533975,0.15393095,0.1544672,0.15500662,0.15554965,0.15609667,0.15661211,0.1570621,0.15744986,0.15777862,0.15805164,0.15827206,0.15844315,0.15856811,0.15865016,0.15869252,0.15869845,0.15867111,0.15861371,0.15852949,0.1584217
