0.2214181,0.22215812,0.22278045,0.2232666,0.22359787,0.22375575,0.22372173,0.22347708,0.22300339,0.22228193,0.22129422,0.2200217,0.21844567,0.21654767,0.21430907,0.2117113,0.2087358,0.2054989,0.20213793,0.19866574,0.19509517,0.19143903,0.18771017,0.18392143,0.18008558,0.17621553,0.17232414,0.16842413,0.16452843,0.1606498,0.15680115,0.1529953,0.14924502,0.14556323,0.1419627,0.1384563,0.13505684,0.13177717,0.1286301,0.12562853,0.12278522,0.12011305,0.1176248,0.11533337,0.113251545,0.1113922,0.10976817,0.10839221,0.10727725,0.10649211,0.10608471,0.10603648,0.10632884,0.106943205,0.107861005,0.10906367,0.11053259,0.11224925,0.11419502,0.11635133,0.11869961,0.12122127,0.12389777,0.12671049,0.12964086,0.13267034,0.13578027,0.13895218,0.14216739,0.14540742,0.14865361,0.15188743,0.15509027,0.1582436,0.16132875,0.16432725,0.16722049,0.16998987,0.17261681,0.17508271,0.1773691,0.17942473,0.18121937,0.18276589,0.1840771,0.18516587,0.18604502,0.18672739,0.18722577,0.18755302,0.18772204,0.18774554,0.18763645,0.18740758,0.18707176,0.18664183
0.221451,0.22219512,0.2228209,0.22330971,0.22364287,0.22380166,0.22376737,0.22352143,0.2230451,0.22231962,0.22132646,0.22004685,0.21846212,0.21655354,0.21430254,0.21169038,0.20869836,0.20544288,0.20206128,0.19856673,0.19497223,0.19129083,0.1875355,0.18371932,0.17985538,0.17595664,0.17203614,0.16810699,0.16418222,0.16027479,0.1563978,0.15256424,0.1487872,0.1450797,0.14145477,0.13792545,0.13450478,0.13120578,0.12804154,0.12502506,0.122169375,0.11948752,0.11699252,0.114697486,0.11261538,0.11075929,0.10914218,0.107777156,0.106677264,0.10591041,0.10552339,0.105497524,0.10581416,0.106454566,0.107400075,0.10863206,0.11013176,0.11188058,0.11385976,0.11605066,0.11843461,0.12099291,0.12370686,0.12655781,0.12952705,0.13259597,0.13574584,0.13895792,0.14221361,0.14549421,0.14878105,0.15205544,0.1552987,0.15849213,0.16161706,0.1646548,0.16758671,0.17039408,0.17305823,0.17556049,0.17788213,0.17997038,0.18179356,0.18336463,0.18469666,0.18580273,0.18669584,0.18738902,0.18789536,0.18822779,0.18839945,0.18842335,0.18831255,0.18808004,0.18773888,0.18730211
0.22147869,0.22222625,0.22285493,0.22334598,0.22368073,0.22384025,0.2238058,0.2235587,0.22308014,0.22235134,0.22135356,0.220068,0.21847592,0.21655852,0.21429707,0.21167277,0.2086669,0.2053957,0.2019968,0.19848347,0.19486882,0.19116612,0.18738854,0.18354934,0.17966174,0.17573889,0.171794,0.16784032,0.16389103,0.15995936,0.15605856,0.15220174,0.1484022,0.14467305,0.1410276,0.13747899,0.1340405,0.13072528,0.12754653,0.12451751,0.12165142,0.11896142,0.11646079,0.114162706,0.11208036,0.11022696,0.108615756,0.10725989,0.10617267,0.10542117,0.10505132,0.105044276,0.10538128,0.1060436,0.10701244,0.10826903,0.10979466,0.11157051,0.113577805,0.115797795,0.11821172,0.120800816,0.123546295,0.1264294,0.12943137,0.13253345,0.1357168,0.13896276,0.1422525,0.14556725,0.14888825,0.15219675,0.15547398,0.15870115,0.1618595,0.16493025,0.16789474,0.17073403,0.17342947,0.17596224,0.17831361,0.18042932,0.18227644,0.18386817,0.18521777,0.18633834,0.18724316,0.18794547,0.18845844,0.18879528,0.1889692,0.18899342,0.18888113,0.18864556,0.18829991,0.1878574
0.2215003,0.22225055,0.22288147,0.22337435,0.22371022,0.22387034,0.2238358,0.22358781,0.22310755,0.2223761,0.22137472,0.22008453,0.2184867,0.21656242,0.21429276,0.21165903,0.20864232,0.20535888,0.20194647,0.19841841,0.19478802,0.19106872,0.18727379,0.18341663,0.17951049,0.17556879,0.17160486,0.16763203,0.16366361,0.15971303,0.15579358,0.15191858,0.14810142,0.1443554,0.14069392,0.13713029,0.13367783,0.13034993,0.12715991,0.124121085,0.121246845,0.118550524,0.11604543,0.11374497,0.11166242,0.1098112,0.108204536,0.10685588,0.105778545,0.10503906,0.10468257,0.10469023,0.105043165,0.1057226,0.10670964,0.10798552,0.10953134,0.11132831,0.113357574,0.11560032,0.11803765,0.12065079,0.12342088,0.12632911,0.12935664,0.13248457,0.13569418,0.13896656,0.14228284,0.14562428,0.14897197,0.15230714,0.1556109,0.15886441,0.16204886,0.16514544,0.16813529,0.17099957,0.17371945,0.17627606,0.17865065,0.18078779,0.18265364,0.1842615,0.18562473,0.1867567,0.1876707,0.18838012,0.18889828,0.18923853,0.18941423,0.1894387,0.18932526,0.18908732,0.18873818,0.18829118
0.22151498,0.22226712,0.22289962,0.22339366,0.22373036,0.22389093,0.22385627,0.22360764,0.22312623,0.22239296,0.22138914,0.2200958,0.21849404,0.21656506,0.21428986,0.21164966,0.20862556,0.20533378,0.20191212,0.19837408,0.194733,0.19100237,0.18719558,0.18332614,0.17940742,0.17545287,0.17147593,0.16749007,0.16350862,0.15954514,0.15561296,0.15172559,0.14789645,0.1441389,0.14046653,0.13689263,0.13343067,0.13009413,0.12689638,0.123850904,0.12097112,0.118270464,0.11576239,0.11346027,0.11137762,0.10952781,0.1079243,0.10658055,0.10550992,0.10477865,0.10443129,0.10444893,0.104812756,0.10550383,0.10650331,0.10779227,0.1093519,0.11116326,0.113207474,0.11546569,0.11791901,0.12054855,0.12333543,0.12626074,0.12930568,0.13245127,0.13567874,0.13896912,0.14230356,0.14566314,0.14902903,0.15238236,0.15570419,0.15897568,0.16217795,0.16529207,0.16829927,0.17118053,0.17391707,0.17648993,0.17888032,0.18103208,0.18291068,0.18452953,0.18590213,0.18704182,0.18796209,0.18867634,0.18919806,0.18954062,0.1897175,0.18974215,0.18962796,0.18938836,0.18903683,0.18858676
0.221522,0.22227499,0.22290827,0.22340287,0.22374001,0.22390068,0.22386599,0.22361715,0.22313508,0.22240104,0.22139601,0.2201012,0.21849754,0.21656631,0.21428844,0.2116452,0.20861757,0.20532182,0.20189577,0.19835295,0.19470677,0.19097072,0.18715833,0.18328302,0.17935829,0.17539763,0.17141448,0.1674224,0.16343474,0.15946512,0.15552686,0.1516336,0.14779875,0.14403577,0.14035814,0.13677937,0.13331288,0.12997223,0.12677078,0.12372214,0.12083969,0.118137,0.11562747,0.11332458,0.11124186,0.10939275,0.107790716,0.106449276,0.105381906,0.10465451,0.104311496,0.10433394,0.10470291,0.10539954,0.10640494,0.1077002,0.10926637,0.11108461,0.11313592,0.11540156,0.11786243,0.12049981,0.12329467,0.12622818,0.12928142,0.13243544,0.13567138,0.13897035,0.1423134,0.14568166,0.14905624,0.1524182,0.15574865,0.15902871,0.16223948,0.16536199,0.16837741,0.1712668,0.17401125,0.17659189,0.1789898,0.18114851,0.18303323,0.18465734,0.18603432,0.1871777,0.18810095,0.18881752,0.18934093,0.18968461,0.18986206,0.18988676,0.1897722,0.18953186,0.18917918,0.18872766
0.22152054,0.22227328,0.2229064,0.22340092,0.2237379,0.22389853,0.22386388,0.22361511,0.22313318,0.22239926,0.22139451,0.22010003,0.21849678,0.216566,0.21428877,0.21164615,0.2086193,0.20532441,0.20189932,0.1983575,0.19471242,0.19097756,0.18716636,0.18329228,0.17936885,0.17540954,0.17142776,0.16743696,0.16345069,0.15948234,0.15554546,0.15165344,0.14781982,0.14405802,0.1403815,0.13680376,0.13333827,0.12999849,0.12679788,0.123749904,0.12086805,0.11816576,0.11565656,0.113353856,0.11127112,0.10942187,0.10781955,0.106477626,0.10540952,0.10468129,0.10433732,0.10435874,0.10472661,0.105422065,0.10642616,0.10772003,0.1092848,0.11110155,0.113151394,0.11541538,0.11787464,0.12051032,0.12330345,0.1262352,0.12928665,0.13243888,0.13567296,0.13897006,0.14231126,0.14567766,0.14905038,0.15241046,0.15573907,0.15901725,0.1622262,0.16534692,0.16836053,0.1712482,0.17399095,0.17656992,0.1789662,0.1811234,0.18300678,0.18462977,0.18600582,0.18714842,0.18807098,0.18878707,0.1893101,0.18965355,0.1898309,0.18985559,0.18974109,0.18950091,0.1891485,0.18869726
0.22150967,0.22226106,0.22289298,0.22338662,0.22372301,0.2238834,0.22384882,0.22360043,0.22311938,0.22238684,0.22138385,0.22009167,0.21849139,0.21656407,0.21429092,0.21165308,0.20863166,0.20534293,0.20192464,0.19839025,0.19475307,0.19102657,0.18722406,0.1833591,0.17944498,0.17549512,0.17152292,0.16754182,0.16356511,0.15960632,0.1556788,0.15179594,0.14797114,0.14421785,0.1405494,0.13697927,0.13352077,0.13018736,0.12699243,0.12394938,0.121071614,0.11837256,0.11586551,0.11356406,0.11148144,0.10963109,0.10802646,0.106680885,0.10560784,0.10487354,0.10452286,0.10453689,0.10489674,0.10558356,0.10657851,0.10786272,0.10941731,0.11122343,0.113262184,0.115514755,0.11796225,0.120585814,0.123366565,0.12628567,0.12932424,0.13246344,0.13568436,0.13896817,0.142296,0.14564899,0.14900824,0.15235493,0.15567017,0.15893513,0.16213089,0.16523863,0.1682395,0.17111455,0.17384504,0.176412,0.1787966,0.18094303,0.18281698,0.18443185,0.18580103,0.18693787,0.18785584,0.18856835,0.18908876,0.18943053,0.18960696,0.18963155,0.18951763,0.18927863,0.18892798,0.18847902
0.2214886,0.22223738,0.22286712,0.22335902,0.22369425,0.22385402,0.22381955,0.22357202,0.2230927,0.22236268,0.22136323,0.22007558,0.21848084,0.21656027,0.21429509,0.21166648,0.20865561,0.20537882,0.2019737,0.1984536,0.19483177,0.19112146,0.18733591,0.18348849,0.17959234,0.17566088,0.17170723,0.16774477,0.16378675,0.15984641,0.15593702,0.15207188,0.14826423,0.14452739,0.14087456,0.13731907,0.13387416,0.13055313,0.12736923,0.12433571,0.12146587,0.11877299,0.11627029,0.113971114,0.11188869,0.11003627,0.10842716,0.107074626,0.10599193,0.10524595,0.10488221,0.10488189,0.1052262,0.10589639,0.10687358,0.10813903,0.10967391,0.111459434,0.11347679,0.115707226,0.1181319,0.12073202,0.123488784,0.12638342,0.12939708,0.13251103,0.13570642,0.13896449,0.14226641,0.14559339,0.14892663,0.15224735,0.15553676,0.158776,0.16194636,0.16502896,0.16800505,0.1708558,0.17356244,0.17610617,0.17846818,0.18059371,0.1824494,0.18404853,0.18540438,0.1865302,0.18743923,0.1881448,0.18866013,0.18899854,0.18917328,0.18919763,0.18908483,0.18884817,0.18850087,0.18805635
0.22145648,0.22220133,0.22282764,0.22331695,0.2236504,0.22380933,0.22377504,0.22352886,0.22305207,0.22232595,0.22133183,0.22005105,0.21846484,0.21655458,0.21430145,0.21168686,0.2086921,0.20543344,0.20204845,0.19855016,0.19495164,0.19126597,0.18750623,0.1836855,0.17981683,0.17591329,0.17198798,0.16805395,0.16412427,0.16021201,0.15633026,0.1524921,0.14871061,0.14499876,0.14136976,0.1378366,0.13441238,0.13111016,0.12794301,0.12492404,0.12206628,0.11938283,0.11688672,0.114591055,0.11250889,0.11065334,0.10903743,0.10767423,0.10657686,0.10581304,0.10542945,0.10540732,0.10572801,0.10637276,0.10732294,0.10855981,0.110064685,0.111818865,0.11380363,0.11600034,0.11839025,0.12095465,0.12367491,0.12653224,0.12950805,0.13258351,0.13574006,0.1389589,0.14222136,0.14550877,0.14880237,0.15208356,0.15533358,0.1585337,0.1616653,0.16470961,0.167648,0.17046174,0.1731321,0.1756404,0.17796801,0.18006173,0.18188962,0.18346484,0.18480039,0.1859093,0.18680476,0.18749976,0.1880074,0.18834072,0.18851285,0.18853681,0.1884257,0.18819258,0.18785053,0.18741259
0.22141258,0.22215192,0.22277366,0.22325936,0.22359036,0.2237481,0.22371408,0.22346969,0.22299641,0.22227564,0.22128887,0.22001746,0.21844292,0.21654667,0.21431014,0.21171479,0.20874205,0.20550826,0.20215076,0.19868235,0.19511575,0.19146384,0.1877394,0.18395524,0.18012412,0.17625888,0.17237231,0.16847722,0.16458637,0.16071257,0.15686865,0.15306744,0.14932165,0.14564414,0.14204772,0.13854514,0.13514924,0.1318728,0.12872863,0.12572953,0.12288828,0.12021774,0.11773064,0.11543979,0.11335802,0.11149814,0.10987289,0.10849515,0.10737768,0.106589444,0.10617866,0.106126666,0.10641496,0.107024975,0.10793815,0.109135896,0.1105997,0.11231094,0.11425112,0.11640163,0.11874396,0.12125949,0.12392971,0.12673602,0.12965989,0.13268277,0.13578604,0.1389512,0.14215967,0.1453929,0.14863226,0.15185931,0.15505537,0.15820198,0.16128053,0.16427244,0.1671592,0.16992222,0.17254291,0.1750028,0.17728323,0.17933339,0.18112326,0.18266568,0.1839734,0.18505928,0.1859361,0.18661661,0.18711372,0.1874401,0.18760864,0.18763214,0.1875233,0.187295,0.1869601,0.18653129
0.221356,0.22208828,0.22270413,0.22318514,0.22351296,0.22366923,0.22363554,0.22339347,0.22292474,0.22221084,0.22123347,0.2199742,0.2184147,0.21653654,0.21432136,0.21175078,0.2088064,0.20560467,0.20228261,0.19885263,0.1953272,0.19171879,0.18803984,0.18430276,0.18052007,0.17670415,0.17286748,0.16902252,0.16518171,0.1613575,0.15756235,0.15380871,0.15010896,0.14647566,0.14292121,0.13945803,0.1360986,0.13285539,0.12974082,0.12676731,0.12394736,0.121293426,0.11881793,0.11653333,0.11445206,0.1125866,0.11094936,0.10955284,0.10840944,0.107589796,0.10714396,0.1070535,0.107300095,0.107865304,0.108730786,0.109878145,0.11128901,0.11294496,0.114827655,0.116918676,0.11919967,0.12165225,0.12425801,0.12699859,0.12985557,0.13281061,0.13584532,0.13894132,0.14208017,0.14524357,0.14841312,0.15157035,0.15469697,0.15777457,0.16078477,0.16370916,0.1665294,0.1692271,0.17178383,0.17418127,0.17640096,0.17839499,0.18013588,0.18163602,0.18290798,0.18396409,0.18481691,0.18547882,0.18596229,0.18627973,0.18644366,0.18646647,0.18636069,0.18613866,0.18581286,0.18539582
0.22128592,0.22200947,0.22261797,0.22309326,0.22341715,0.22357155,0.22353828,0.22329912,0.22283594,0.22213055,0.22116485,0.21992062,0.21837974,0.21652398,0.21433526,0.21179533,0.20888609,0.20572406,0.20244583,0.19906352,0.19558907,0.19203451,0.18841186,0.18473315,0.18101037,0.17725556,0.17348073,0.1696979,0.16591904,0.16215621,0.15842143,0.1547267,0.15108402,0.14750545,0.14400294,0.14058858,0.13727434,0.13407224,0.13099432,0.12805255,0.12525898,0.12262562,0.1201645,0.117887594,0.11580694,0.11393456,0.112282485,0.11086269,0.10968723,0.10882865,0.108339384,0.10820132,0.10839623,0.108906,0.1097124,0.11079737,0.11214266,0.11373015,0.11554165,0.117559016,0.11976406,0.12213865,0.12466457,0.12732375,0.13009791,0.13296896,0.13591875,0.13892908,0.14198177,0.14505868,0.14814167,0.15121251,0.15425311,0.15724525,0.16017082,0.16301157,0.16574943,0.16836622,0.17084374,0.1731638,0.17530832,0.17723282,0.17891298,0.18036087,0.18158846,0.18260777,0.18343085,0.18406968,0.18453628,0.1848427,0.1850009,0.18502292,0.18492079,0.1847065,0.18439211,0.18398958
0.22120158,0.22191454,0.22251418,0.2229826,0.2233018,0.22345397,0.2234211,0.22318545,0.222729,0.22203393,0.22108223,0.2198561,0.21833763,0.21650887,0.21435197,0.21184899,0.20898207,0.20586781,0.20264246,0.19931751,0.19590445,0.19241475,0.18885994,0.18525149,0.18160088,0.17791969,0.17421928,0.17051125,0.16680703,0.16311812,0.15945601,0.15583226,0.1522583,0.14874563,0.14530572,0.14195016,0.1386903,0.13553773,0.13250394,0.12960039,0.12683858,0.12423001,0.12178617,0.11951855,0.117438674,0.11555798,0.11388798,0.112440206,0.1112261,0.11032062,0.1097791,0.10958364,0.10971635,0.1101593,0.11089463,0.11190442,0.11317076,0.11467577,0.11640154,0.11833016,0.120443754,0.12272442,0.12515423,0.12771532,0.13038978,0.1331597,0.13600717,0.13891433,0.14186321,0.14483601,0.14781475,0.15078157,0.15371853,0.15660778,0.15943138,0.16217148,0.16481012,0.16732948,0.16971153,0.1719385,0.17399244,0.1758332,0.1774403,0.17882518,0.17999938,0.18097433,0.1817616,0.18237263,0.18281893,0.18311203,0.18326333,0.18328442,0.18318671,0.18298177,0.18268104,0.18229602
0.221102,0.22180264,0.22239183,0.22285205,0.22316568,0.22331518,0.22328296,0.22305135,0.22260289,0.2219199,0.22098479,0.21978,0.21828796,0.21649103,0.2143717,0.21191229,0.20909527,0.20603739,0.20287436,0.19961706,0.1962764,0.19286324,0.18938841,0.18586282,0.1822974,0.17870294,0.17509034,0.17147052,0.1678543,0.16425261,0.1606763,0.15713623,0.15364328,0.15020835,0.14684232,0.14355601,0.14036036,0.13726622,0.13428448,0.13142596,0.12870161,0.12612228,0.12369889,0.1214422,0.11936319,0.117472686,0.11578161,0.11430078,0.11304112,0.11208032,0.11147716,0.111214034,0.11127335,0.11163753,0.112288974,0.1132101,0.11438333,0.11579105,0.11741571,0.11923971,0.12124543,0.12341529,0.12573175,0.12817718,0.13073401,0.13338462,0.13611147,0.13889693,0.14172341,0.14457338,0.14742918,0.15027326,0.15308805,0.15585591,0.15855932,0.16118065,0.16370225,0.16610663,0.1683762,0.1704933,0.17244041,0.17418243,0.1757033,0.17701389,0.1781251,0.17904782,0.17979282,0.18037108,0.18079345,0.18107077,0.18121397,0.18123393,0.18114148,0.18094753,0.18066293,0.18029858
0.22098655,0.22167274,0.22224982,0.22270058,0.2230078,0.22315419,0.22312261,0.2228958,0.22245653,0.22178757,0.22087169,0.2196917,0.2182303,0.21647035,0.21439457,0.21198574,0.20922664,0.20623414,0.20314345,0.19996469,0.19670804,0.19338363,0.19000165,0.18657227,0.1831056,0.17961186,0.17610121,0.17258374,0.16906968,0.16556917,0.16209233,0.15864941,0.15525047,0.15190578,0.1486254,0.14541952,0.14229837,0.139272,0.13635068,0.13354447,0.1308636,0.12831822,0.1259184,0.1236745,0.12159649,0.11969462,0.11797902,0.11645988,0.115147345,0.11412237,0.11344766,0.113106005,0.113080174,0.11335292,0.11390702,0.11472528,0.11579046,0.1170853,0.11859262,0.12029516,0.122175716,0.12421704,0.12640193,0.12871315,0.13113345,0.13364565,0.13623247,0.13887672,0.14156118,0.14426859,0.14698178,0.14968345,0.15235642,0.15498346,0.1575473,0.16003078,0.16241662,0.16468763,0.16682656,0.16881625,0.17063938,0.17226683,0.17368762,0.174912,0.17595012,0.17681213,0.17750815,0.17804839,0.17844296,0.17870206,0.17883584,0.17885448,0.1787681,0.1785869,0.17832103,0.17798063
0.22085427,0.22152394,0.22208716,0.22252709,0.22282688,0.22296979,0.22293897,0.22271761,0.22228889,0.22163603,0.22074218,0.21959054,0.2181643,0.21644664,0.21442077,0.21206985,0.2093771,0.20645952,0.2034517,0.20036288,0.19720244,0.19397974,0.1907041,0.18738486,0.18403137,0.18065298,0.17725901,0.17385882,0.17046173,0.16707712,0.16371429,0.16038258,0.15709138,0.15385,0.15066776,0.14755405,0.14451817,0.14156947,0.13871731,0.13597101,0.13333993,0.1308334,0.12846076,0.12623137,0.12415454,0.122239634,0.12049599,0.11893293,0.11755983,0.11646134,0.1157047,0.11527309,0.11514971,0.11531775,0.11576037,0.11646079,0.11740219,0.11856774,0.11994065,0.12150409,0.12324127,0.12513536,0.12716955,0.12932701,0.13159099,0.13394462,0.13637108,0.1388536,0.14137533,0.1439195,0.14646927,0.14900783,0.15151836,0.15398408,0.15638813,0.15871373,0.16094407,0.16306233,0.16505168,0.16689534,0.16857646,0.17007264,0.17137888,0.17250453,0.1734589,0.17425138,0.17489126,0.17538792,0.17575067,0.17598888,0.17611188,0.17612901,0.1760496,0.17588302,0.17563857,0.17532565
0.22081123,0.22146426,0.22201344,0.22244237,0.22273472,0.22287406,0.22284399,0.22262815,0.22221014,0.22157349,0.22070196,0.21957904,0.21818836,0.21651353,0.21453819,0.21224593,0.20962027,0.20677881,0.20385553,0.20085886,0.19779739,0.19467944,0.19151355,0.18830816,0.18507177,0.1818128,0.17853968,0.17526095,0.171985,0.16872038,0.16547553,0.16225886,0.15907887,0.15594399,0.15286274,0.14984353,0.14689486,0.14402518,0.14124295,0.13855664,0.13597474,0.13350558,0.13115783,0.1289398,0.12686002,0.12492695,0.12314901,0.1215347,0.120092474,0.118911244,0.11806334,0.11753236,0.117301926,0.117355645,0.117677085,0.11824991,0.11905769,0.12008406,0.1213126,0.12272693,0.12431065,0.12604737,0.12792072,0.12991428,0.13201165,0.13419643,0.13645229,0.13876274,0.14111146,0.14348207,0.14585814,0.14822328,0.15056106,0.15285513,0.15508914,0.15724662,0.15931119,0.16126648,0.16309613,0.16478366,0.16631275,0.16766827,0.16885169,0.1698715,0.17073615,0.17145415,0.17203386,0.1724838,0.17281248,0.17302832,0.1731397,0.17315523,0.17308329,0.17293236,0.17271091,0.17242742
0.22095153,0.22158945,0.22212599,0.22254506,0.22283064,0.22296678,0.22293738,0.22272654,0.22231814,0.22169623,0.22084473,0.2197477,0.21838908,0.21675283,0.21482304,0.21258357,0.21001849,0.20724605,0.20440046,0.20148912,0.19851977,0.19549991,0.1924371,0.18933895,0.18621303,0.18306689,0.17990814,0.17674437,0.17358308,0.17043191,0.16729839,0.16419014,0.16111472,0.15807968,0.15509266,0.15216117,0.14929281,0.14649515,0.14377576,0.14114226,0.13860215,0.13616307,0.13383257,0.13161825,0.12952761,0.12756833,0.12574792,0.12407395,0.12255405,0.12128184,0.12033524,0.1196983,0.119354956,0.11928922,0.119485065,0.119926475,0.12059745,0.12148195,0.12256396,0.12382748,0.12525652,0.126835,0.12854694,0.13037634,0.13230716,0.13432339,0.13640904,0.13854808,0.14072445,0.1429222,0.14512525,0.14731768,0.14948338,0.1516064,0.15367067,0.15566029,0.157559,0.15935104,0.1610203,0.16255073,0.16392636,0.16513968,0.16619903,0.16711186,0.16788583,0.16852851,0.1690474,0.16945016,0.16974433,0.16993752,0.17003727,0.17005116,0.16998678,0.1698517,0.16965346,0.16939968
0.22125612,0.22188048,0.22240558,0.22281574,0.22309524,0.2232285,0.22319975,0.22299337,0.22259367,0.22198497,0.2211516,0.22007792,0.21874818,0.21714677,0.21525797,0.21306618,0.21055564,0.20784602,0.20507182,0.20223974,0.19935644,0.19642863,0.19346295,0.1904661,0.18744479,0.18440564,0.18135534,0.17830065,0.17524815,0.17220454,0.16917655,0.1661708,0.16319399,0.1602528,0.15735392,0.15450405,0.1517098,0.14897789,0.14631505,0.14372787,0.14122307,0.13880733,0.13648733,0.13426977,0.13216129,0.13016857,0.12829828,0.12655719,0.12495188,0.12358128,0.12252941,0.12178057,0.12131911,0.12112931,0.12119555,0.12150215,0.122033395,0.12277364,0.12370718,0.12481839,0.1260916,0.12751104,0.12906113,0.13072619,0.13249049,0.1343384,0.1362542,0.13822232,0.14022693,0.1422525,0.14428328,0.14630361,0.1482978,0.15025018,0.15214515,0.15396692,0.15569991,0.15732835,0.15883662,0.16020907,0.16143003,0.16249985,0.16343382,0.16423869,0.1649211,0.16548775,0.16594526,0.16630039,0.16655979,0.16673009,0.16681804,0.16683029,0.16677351,0.1666544,0.16647963,0.16625586
0.22170605,0.22231817,0.22283295,0.22323503,0.22350907,0.2236397,0.22361155,0.22340919,0.22301735,0.22242062,0.22160363,0.22055098,0.2192474,0.21767743,0.21582577,0.21367697,0.21121576,0.20856334,0.20585509,0.20309676,0.20029418,0.1974531,0.1945793,0.19167851,0.18875657,0.1858192,0.18287227,0.17992143,0.17697251,0.1740313,0.1711036,0.16819513,0.16531165,0.16245902,0.15964296,0.15686925,0.15414369,0.15147202,0.14886004,0.14631349,0.1438382,0.14143993,0.13912441,0.13689747,0.13476485,0.13273239,0.13080578,0.12899083,0.12729333,0.1258178,0.124654785,0.12378882,0.12320458,0.12288671,0.12281981,0.122988544,0.12337752,0.12397138,0.1247548,0.12571235,0.12682866,0.12808843,0.12947625,0.13097677,0.13257456,0.13425435,0.13600074,0.1377983,0.13963178,0.1414857,0.14334477,0.14519356,0.14701678,0.14879902,0.1505249,0.15217905,0.15374614,0.1552108,0.15655765,0.15777127,0.15883641,0.15976146,0.16056913,0.16126508,0.16185519,0.16234513,0.1627408,0.16304787,0.16327214,0.16341941,0.16349548,0.16350609,0.16345698,0.16335398,0.16320285,0.16300939
0.22228241,0.22288337,0.2233888,0.22378357,0.22405264,0.22418089,0.22415324,0.22395457,0.22356987,0.22298397,0.2221818,0.22114834,0.21986839,0.21832699,0.21650898,0.21439926,0.21198279,0.20938273,0.20673566,0.2040464,0.20131983,0.19856088,0.19577429,0.19296508,0.19013791,0.18729785,0.18444969,0.18159823,0.17874844,0.17590511,0.17307311,0.17025739,0.16746275,0.164694,0.16195612,0.15925388,0.15659219,0.15397595,0.15140997,0.14889912,0.14644825,0.14406233,0.14174609,0.13950449,0.13734235,0.13526455,0.13327593,0.13138138,0.12958579,0.12799966,0.12672034,0.12573272,0.12502168,0.12457215,0.12436905,0.12439731,0.1246418,0.12508747,0.12571922,0.12652192,0.12748055,0.12858,0.12980516,0.131141,0.13257238,0.13408417,0.13566138,0.13728891,0.13895161,0.14063445,0.14232229,0.14400008,0.14565271,0.14726514,0.14882223,0.1503089,0.15171011,0.15301073,0.15419571,0.15524986,0.15615818,0.1569375,0.1576179,0.15820415,0.15870124,0.15911402,0.1594473,0.15970598,0.15989496,0.16001903,0.16008307,0.16009198,0.16005065,0.15996389,0.15983652,0.15967354
0.22296618,0.223557,0.22405389,0.22444199,0.2247065,0.2248326,0.2248054,0.22461009,0.22423182,0.22365586,0.2228673,0.22185127,0.22059302,0.21907765,0.21729036,0.21521626,0.21284068,0.21028885,0.20769893,0.20507471,0.20242022,0.19973938,0.19703622,0.1943146,0.19157845,0.1888318,0.1860786,0.18332274,0.18056817,0.17781892,0.17507887,0.17235193,0.16964215,0.16695343,0.16428973,0.161655,0.15905318,0.15648822,0.1539641,0.15148473,0.14905404,0.14667608,0.14435469,0.14209387,0.1398976,0.13776974,0.13571434,0.13373525,0.13183653,0.130135,0.12873507,0.12762189,0.12678063,0.12619646,0.12585457,0.1257401,0.12583819,0.1261341,0.1266129,0.12725984,0.12806004,0.12899865,0.13006088,0.13123186,0.13249679,0.13384083,0.13524915,0.13670689,0.13819923,0.1397114,0.14122845,0.14273565,0.14421812,0.14566106,0.14704956,0.14836888,0.14960416,0.15074053,0.15176322,0.15265733,0.15340808,0.15404071,0.15459304,0.15506901,0.15547256,0.1558076,0.15607817,0.15628819,0.15644157,0.1565423,0.1565943,0.15660156,0.15656798,0.15649754,0.15639417,0.15626188
0.22373843,0.22431989,0.22480887,0.22519091,0.22545119,0.22557525,0.22554849,0.22535628,0.22498405,0.22441722,0.22364116,0.22264123,0.2214029,0.21991152,0.21815254,0.21611135,0.21377338,0.21126647,0.20873027,0.2061678,0.20358214,0.20097622,0.1983532,0.195716,0.1930677,0.19041133,0.1877499,0.18508646,0.18242401,0.17976564,0.1771143,0.17447303,0.17184494,0.16923304,0.16664025,0.16406974,0.16152443,0.15900744,0.1565217,0.15407035,0.15165633,0.14928274,0.14695254,0.1446688,0.14243457,0.14025281,0.13812663,0.13605899,0.13405299,0.13223206,0.1307079,0.12946601,0.1284917,0.12777041,0.1272876,0.12702854,0.12697874,0.12712355,0.12744844,0.12793873,0.12857985,0.12935723,0.13025627,0.1312623,0.13236082,0.13353719,0.13477677,0.1360651,0.13738741,0.13872918,0.14007585,0.14141284,0.14272541,0.1439991,0.14521925,0.14637128,0.1474406,0.14841262,0.1492727,0.15000625,0.15059876,0.15108402,0.15150762,0.15187271,0.1521822,0.15243924,0.1526468,0.15280785,0.1529255,0.15300275,0.15304264,0.15304819,0.15302247,0.15296842,0.15288915,0.15278767
0.22458021,0.22515295,0.2256346,0.22601081,0.22626723,0.22638942,0.2263631,0.22617376,0.22580713,0.2252488,0.22448435,0.22349949,0.22227976,0.22081079,0.21907829,0.21706775,0.21476491,0.21230021,0.20981514,0.20731182,0.20479237,0.20225887,0.19971345,0.1971582,0.19459523,0.1920266,0.18945451,0.18688099,0.18430822,0.18173824,0.17917316,0.17661507,0.17406614,0.17152841,0.16900407,0.16649514,0.16400374,0.16153201,0.15908207,0.15665595,0.1542558,0.1518838,0.1495419,0.14723232,0.14495715,0.14271843,0.14051837,0.13835901,0.13624248,0.13429898,0.13264787,0.13127473,0.13016516,0.12930483,0.12867935,0.1282743,0.12807535,0.12806812,0.12823819,0.12857121,0.1290528,0.12966862,0.13040422,0.13124526,0.13217737,0.13318618,0.13425726,0.1353763,0.13652886,0.13770057,0.13887711,0.14004405,0.14118706,0.1422917,0.14334363,0.14432845,0.1452318,0.14603928,0.14673656,0.14730923,0.1477429,0.14808017,0.14837463,0.14862837,0.1488435,0.14902216,0.1491664,0.14927837,0.14936012,0.14941384,0.14944156,0.14944544,0.14942755,0.14939,0.14933486,0.14926434
0.22547254,0.22603698,0.2265117,0.22688247,0.22713515,0.22725561,0.22722962,0.22704303,0.22668168,0.22613144,0.22537807,0.22440742,0.22320536,0.22175768,0.22005017,0.21806875,0.2157992,0.21337473,0.2109389,0.20849288,0.20603776,0.20357482,0.20110516,0.19863002,0.19615057,0.19366793,0.1911834,0.18869801,0.186213,0.18372963,0.18124901,0.17877224,0.17630067,0.17383532,0.1713775,0.1689283,0.16648893,0.16406058,0.16164438,0.15924157,0.1568533,0.15448076,0.15212512,0.14978756,0.14746927,0.14517143,0.14289522,0.1406418,0.13841236,0.13634406,0.1345639,0.13305771,0.13181126,0.13081047,0.13004111,0.12948902,0.12914002,0.12897998,0.12899469,0.12916997,0.1294917,0.12994567,0.13051777,0.13119371,0.13195941,0.13280068,0.1337034,0.13465331,0.13563631,0.1366382,0.1376448,0.13864195,0.13961546,0.14055124,0.14143504,0.14225268,0.14299008,0.14363296,0.14416726,0.14457871,0.1448532,0.1450421,0.14520702,0.14534913,0.14546962,0.14556965,0.14565046,0.14571315,0.14575894,0.14578903,0.14580455,0.14580669,0.1457967,0.14577566,0.1457448,0.14570527
0.22639647,0.22695293,0.22742088,0.22778639,0.22803552,0.22815426,0.22812864,0.22794473,0.22758852,0.22704604,0.22630334,0.22534646,0.22416142,0.22273423,0.22105093,0.2190976,0.2168602,0.21447483,0.21208705,0.20969705,0.20730516,0.20491159,0.20251657,0.2001204,0.19772331,0.19532555,0.19292735,0.19052899,0.18813074,0.18573281,0.18333544,0.18093894,0.17854352,0.17614943,0.17375697,0.17136632,0.16897775,0.16659155,0.16420794,0.16182719,0.15944953,0.15707521,0.1547045,0.15233764,0.1499749,0.14761649,0.14526272,0.14291377,0.14056997,0.13837545,0.136465,0.13482457,0.1334403,0.13229816,0.1313841,0.13068433,0.13018475,0.12987143,0.12973039,0.12974767,0.12990928,0.13020131,0.13060969,0.13112053,0.13171989,0.1323937,0.13312808,0.133909,0.1347225,0.13555466,0.13639145,0.13721895,0.13802318,0.1387901,0.13950585,0.1401564,0.14072779,0.14120604,0.14157721,0.1418273,0.14194237,0.1419826,0.14201777,0.142048,0.14207374,0.14209504,0.14211221,0.14212559,0.14213537,0.14214177,0.14214508,0.14214554,0.1421434,0.14213894,0.14213233,0.14212394
0.22733308,0.2278816,0.22834294,0.22870329,0.22894888,0.22906595,0.22904065,0.22885938,0.2285082,0.22797343,0.22724125,0.22629793,0.22512965,0.22372271,0.22206324,0.2201376,0.21793191,0.2155851,0.21324489,0.2109105,0.20858134,0.20625666,0.20393585,0.20161818,0.19930303,0.19698964,0.19467738,0.19236565,0.19005363,0.18774071,0.18542618,0.18310943,0.18078974,0.17846644,0.17613885,0.17380628,0.17146806,0.16912355,0.16677202,0.16441278,0.16204524,0.15966864,0.15728234,0.15488565,0.15247789,0.1500584,0.14762646,0.14518146,0.14272268,0.14040136,0.1383601,0.13658503,0.13506246,0.1337786,0.13271965,0.13187188,0.13122147,0.13075466,0.13045777,0.13031691,0.13031834,0.13044834,0.13069306,0.13103877,0.13147172,0.1319781,0.13254416,0.13315614,0.13380022,0.13446268,0.13512975,0.13578762,0.13642254,0.13702074,0.13756844,0.13805188,0.13845727,0.13877086,0.13897885,0.13906755,0.13902307,0.13891457,0.13881986,0.1387382,0.138669,0.13861156,0.13856514,0.13852914,0.1385028,0.13848552,0.13847664,0.13847537,0.13848111,0.13849322,0.13851096,0.1385336
0.22826332,0.22880396,0.2292586,0.22961369,0.22985576,0.2299711,0.22994623,0.22976753,0.22942147,0.22889438,0.22817282,0.22724314,0.2260918,0.22470523,0.22306985,0.22117203,0.21899824,0.21669029,0.21439785,0.21211933,0.20985313,0.20759758,0.2053512,0.20311226,0.20087925,0.19865048,0.19642444,0.19419943,0.19197388,0.18974622,0.18751477,0.18527801,0.18303429,0.180782,0.17851952,0.17624526,0.17395763,0.17165501,0.16933581,0.16699842,0.1646412,0.16226259,0.15986092,0.1574347,0.1549822,0.15250187,0.14999212,0.14745131,0.14487785,0.14243002,0.14025818,0.13834873,0.13668807,0.13526265,0.13405891,0.13306329,0.1322622,0.13164204,0.1311893,0.13089035,0.13073167,0.13069965,0.13078071,0.13096133,0.13122785,0.13156682,0.13196456,0.13240756,0.13288221,0.13337494,0.13387223,0.13436046,0.13482606,0.13525549,0.13563515,0.13595146,0.13619089,0.1363398,0.13638468,0.13631195,0.13610801,0.13585079,0.13562627,0.13543278,0.1352687,0.13513246,0.13502249,0.13493711,0.13487475,0.13483381,0.13481264,0.1348097,0.13482335,0.13485199,0.13489403,0.1349478
0.22916831,0.22970074,0.23014851,0.23049828,0.23073666,0.2308503,0.23082577,0.23064978,0.2303089,0.22978984,0.22907919,0.22816354,0.22702959,0.22566397,0.22405326,0.22218415,0.22004324,0.21777506,0.21553135,0.21330962,0.21110733,0.20892186,0.20675081,0.20459156,0.20244153,0.20029835,0.19815934,0.19602203,0.19388387,0.19174233,0.1895949,0.187439,0.18527216,0.18309176,0.18089536,0.17868036,0.17644426,0.17418458,0.17189865,0.16958404,0.16723819,0.16485856,0.16244262,0.15998787,0.15749173,0.15495169,0.15236521,0.14972976,0.14704283,0.14446962,0.14216821,0.14012523,0.13832733,0.13676108,0.1354132,0.13427025,0.13331887,0.13254577,0.1319375,0.13148071,0.13116202,0.1309681,0.13088562,0.1309011,0.1310013,0.13117272,0.13140212,0.13167603,0.13198116,0.1323041,0.13263148,0.13295,0.13324621,0.1335068,0.1337183,0.1338675,0.13394094,0.13392526,0.13380708,0.13357309,0.13320984,0.13280417,0.13245,0.13214478,0.131886,0.1316711,0.13149762,0.13136296,0.13126458,0.1312,0.13116667,0.13116202,0.13118353,0.13122867,0.131295,0.13137983
0.23002902,0.23055291,0.23099346,0.2313376,0.23157215,0.23168392,0.23165984,0.23148668,0.23115128,0.23064056,0.22994135,0.22904044,0.22792476,0.22658108,0.22499633,0.22315726,0.2210508,0.21882412,0.21663085,0.21446754,0.21233074,0.21021697,0.20812285,0.20604484,0.20397948,0.20192339,0.19987305,0.197825,0.19577582,0.19372195,0.1916601,0.18958673,0.1874983,0.1853915,0.18326277,0.18110868,0.17892578,0.17671062,0.17445974,0.17216966,0.16983691,0.16745809,0.16502969,0.1625483,0.16001038,0.15741259,0.15475139,0.15202332,0.14922494,0.14652836,0.14409919,0.14192432,0.13999052,0.13828471,0.1367937,0.13550438,0.13440351,0.13347806,0.13271475,0.13210055,0.13162223,0.13126661,0.13102067,0.13087115,0.13080488,0.13080882,0.13086969,0.13097444,0.13110986,0.13126281,0.13142015,0.13156873,0.13169539,0.13178694,0.13183032,0.1318123,0.13171978,0.13153957,0.13125852,0.13086347,0.13034132,0.12978749,0.12930399,0.12888736,0.1285341,0.12824073,0.1280039,0.12782007,0.1276858,0.12759764,0.12755208,0.12754579,0.12757514,0.1276368,0.1277273,0.12784313
0.23082657,0.23134132,0.23177418,0.23211232,0.23234281,0.23245263,0.23242895,0.2322588,0.23192926,0.23142743,0.23074038,0.22985524,0.22875899,0.22743878,0.2258816,0.22407465,0.22200489,0.21982211,0.21768166,0.21557917,0.21351023,0.21147047,0.20945555,0.20746107,0.20548265,0.20351589,0.20155646,0.19959995,0.19764194,0.19567813,0.19370407,0.1917154,0.18970782,0.18767685,0.18561813,0.18352728,0.18139997,0.1792318,0.17701833,0.17475525,0.17243817,0.1700627,0.16762444,0.16511905,0.16254213,0.15988933,0.15715617,0.15433842,0.15143159,0.14861445,0.1460601,0.14375557,0.14168794,0.13984428,0.13821171,0.13677731,0.13552809,0.13445118,0.13353363,0.13276257,0.132125,0.13160805,0.13119881,0.13088429,0.13065167,0.13048793,0.1303802,0.13031554,0.13028103,0.13026375,0.13025077,0.13022918,0.13018608,0.13010849,0.12998353,0.12979823,0.12953976,0.12919512,0.12875138,0.12819569,0.12751506,0.12681365,0.1262013,0.1256736,0.12522617,0.124854654,0.1245547,0.124321885,0.1241518,0.124040134,0.12398247,0.12397444,0.12401166,0.12408976,0.12420435,0.124351054
0.23154192,0.2320468,0.23247139,0.23280305,0.23302905,0.23313682,0.23311356,0.23294671,0.23262352,0.2321313,0.23145744,0.23058926,0.229514,0.2282191,0.22669186,0.22491953,0.2228895,0.22075379,0.21866924,0.21663058,0.21463256,0.21266985,0.21073712,0.20882913,0.20694056,0.20506614,0.20320052,0.20133843,0.19947457,0.19760364,0.19572042,0.19381948,0.19189557,0.18994345,0.18795778,0.18593329,0.18386462,0.18174654,0.17957371,0.17734088,0.17504272,0.1726739,0.17022923,0.16770329,0.16509084,0.16238661,0.15958528,0.15668155,0.15367009,0.15073614,0.14805987,0.14562865,0.1434298,0.14145063,0.13967848,0.13810067,0.13670453,0.13547741,0.13440657,0.13347937,0.13268316,0.13200526,0.13143294,0.13095361,0.13055453,0.13022304,0.12994646,0.12971216,0.12950742,0.1293196,0.12913597,0.12894394,0.1287307,0.12848371,0.12819026,0.12783767,0.12741321,0.12690431,0.1262982,0.12558226,0.12474379,0.123895474,0.12315482,0.12251661,0.12197546,0.121526144,0.121163316,0.120881714,0.120676026,0.12054097,0.120471254,0.12046154,0.12050653,0.12060101,0.1207396,0.12091705
0.2321562,0.23265028,0.23306581,0.23339035,0.23361158,0.233717,0.23369424,0.23353092,0.23321466,0.23273298,0.2320735,0.23122387,0.2301716,0.22890438,0.22740972,0.22567526,0.2236886,0.22160378,0.21957897,0.21760798,0.2156846,0.21380258,0.21195577,0.21013793,0.20834282,0.20656429,0.20479612,0.20303208,0.20126599,0.19949156,0.1977027,0.19589314,0.19405667,0.19218707,0.19027819,0.1883237,0.18631756,0.1842534,0.18212514,0.17992651,0.17765129,0.17529327,0.17284626,0.1703041,0.16766047,0.16490927,0.16204423,0.15905915,0.1559478,0.15290156,0.1501075,0.14755322,0.14522636,0.14311452,0.14120524,0.13948618,0.13794486,0.13656896,0.13534603,0.13426368,0.13330951,0.13247108,0.13173603,0.13109195,0.13052641,0.13002703,0.12958142,0.12917711,0.1288018,0.12844299,0.12808831,0.1277254,0.12734175,0.12692508,0.12646289,0.12594286,0.12535252,0.12467949,0.12391138,0.12303574,0.12204021,0.121045776,0.12017763,0.11942946,0.11879514,0.11826843,0.11784315,0.11751306,0.11727196,0.11711362,0.11703187,0.11702049,0.117073275,0.11718399,0.11734647,0.11755444
0.2326504,0.23313262,0.23353814,0.23385489,0.23407081,0.23417372,0.23415151,0.23399213,0.2336834,0.23321328,0.2325697,0.23174043,0.23071346,0.22947666,0.22801788,0.22632511,0.22438613,0.22235684,0.2203963,0.21849744,0.2166531,0.21485622,0.21309963,0.21137625,0.20967898,0.20800063,0.20633417,0.20467247,0.20300837,0.2013348,0.19964463,0.19793074,0.19618602,0.19440337,0.1925756,0.19069573,0.18875653,0.18675093,0.18467185,0.18251212,0.18026464,0.17792226,0.17547797,0.17292453,0.17025493,0.167462,0.16453864,0.16147771,0.15827213,0.15511893,0.15221192,0.14953896,0.1470879,0.1448467,0.14280324,0.14094536,0.13926105,0.13773812,0.1363645,0.13512808,0.13401675,0.13301843,0.13212097,0.13131231,0.13058029,0.12991287,0.12929787,0.12872323,0.12817685,0.12764663,0.12712039,0.12658614,0.12603167,0.12544493,0.1248138,0.12412618,0.123369955,0.122533046,0.12160331,0.120568685,0.11941697,0.11827747,0.11728261,0.1164253,0.11569842,0.11509488,0.114607506,0.11422925,0.11395299,0.11377155,0.11367787,0.113664836,0.113725305,0.11385218,0.11403835,0.11427669
0.23300551,0.23347463,0.23386917,0.23417729,0.23438731,0.23448744,0.23446582,0.23431075,0.23401046,0.23355314,0.23292702,0.23212032,0.23112129,0.22991812,0.22849904,0.22685227,0.22496606,0.22299758,0.2211066,0.21928503,0.21752493,0.21581824,0.21415696,0.21253307,0.21093853,0.20936543,0.20780563,0.2062512,0.20469406,0.20312628,0.20153978,0.19992657,0.19827865,0.196588,0.19484656,0.19304636,0.19117942,0.18923767,0.18721312,0.18509772,0.18288355,0.18056248,0.17812656,0.1755678,0.17287812,0.17004956,0.1670741,0.1639437,0.16065034,0.15739653,0.15438217,0.15159546,0.14902468,0.14665802,0.14448372,0.14249,0.14066505,0.13899715,0.13747448,0.13608526,0.13481776,0.13366015,0.13260071,0.1316276,0.13072912,0.1298934,0.12910873,0.12836333,0.12764539,0.12694316,0.12624483,0.12553868,0.124812886,0.124055676,0.123255305,0.1224,0.12147794,0.12047734,0.11938651,0.118193574,0.11688679,0.11560333,0.1144828,0.11351718,0.11269848,0.11201868,0.11146977,0.11104374,0.11073255,0.11052823,0.110422716,0.11040801,0.110476114,0.11061904,0.11082871,0.111097164
0.23320267,0.23365723,0.23403952,0.23433816,0.23454162,0.23463862,0.23461773,0.23446746,0.23417647,0.23373333,0.23312664,0.23234491,0.23137683,0.23021095,0.22883587,0.22724013,0.22541237,0.2235108,0.22169529,0.21995696,0.21828687,0.21667616,0.21511593,0.2135972,0.21211113,0.21064883,0.20920137,0.20775986,0.20631532,0.20485894,0.20338178,0.20187494,0.20032954,0.19873664,0.19708733,0.19537275,0.19358397,0.19171207,0.18974817,0.18768336,0.18550874,0.18321536,0.18079439,0.1782369,0.17553397,0.17267671,0.16965622,0.16646355,0.16308986,0.1597425,0.15662715,0.15373246,0.15104695,0.14855924,0.14625797,0.14413163,0.14216885,0.14035827,0.13868842,0.13714789,0.13572526,0.13440916,0.13318814,0.13205083,0.1309858,0.12998162,0.12902686,0.12811017,0.12722011,0.12634526,0.1254742,0.124595545,0.12369789,0.12276974,0.1217998,0.120776586,0.119688705,0.11852478,0.117273346,0.11592299,0.11446236,0.11303624,0.11179117,0.11071826,0.109808564,0.1090532,0.1084433,0.10796987,0.107624106,0.10739707,0.107279845,0.10726351,0.107339196,0.107498,0.10773097,0.108029254
0.2332229,0.2336613,0.23403004,0.23431808,0.23451434,0.23460793,0.23458768,0.23444277,0.2341621,0.23373464,0.2331495,0.23239553,0.23146181,0.23033729,0.22901098,0.2274719,0.22570899,0.22388111,0.22214776,0.22049926,0.21892577,0.21741752,0.21596473,0.21455756,0.21318634,0.21184117,0.2105123,0.20918998,0.2078644,0.20652574,0.20516428,0.20377019,0.2023337,0.200845,0.19929433,0.19767196,0.19596797,0.19417271,0.19227628,0.19026896,0.18814097,0.18588251,0.18348376,0.18093501,0.1782264,0.17534819,0.17229055,0.16904378,0.16559798,0.16216506,0.1589559,0.15595953,0.15316497,0.1505612,0.14813718,0.14588194,0.14378445,0.14183374,0.14001876,0.13832854,0.13675205,0.13527828,0.13389625,0.13259491,0.13136329,0.13019037,0.12906513,0.12797663,0.12691377,0.12586561,0.124821074,0.12376925,0.12269907,0.12159952,0.12045962,0.119268365,0.11801472,0.1166877,0.11527631,0.113769546,0.11215635,0.11058904,0.10922072,0.108041555,0.10704181,0.10621169,0.105541386,0.10502111,0.104641125,0.10439158,0.10426274,0.10424482,0.10432797,0.10450249,0.10475855,0.10508636
0.23304716,0.23346767,0.23382136,0.23409763,0.2342859,0.23437561,0.23435628,0.23421727,0.23394804,0.23353809,0.23297678,0.2322536,0.23135799,0.23027934,0.22900718,0.22753088,0.22583993,0.22409318,0.22244945,0.22089808,0.21942842,0.21802981,0.21669155,0.21540305,0.21415363,0.21293262,0.21172939,0.21053323,0.20933352,0.20811963,0.20688087,0.20560656,0.2042861,0.2029088,0.201464,0.19994104,0.19832928,0.19661805,0.1947967,0.19285461,0.19078104,0.18856539,0.18619698,0.1836652,0.18095934,0.17806876,0.17498279,0.1716908,0.16818212,0.16467239,0.16137734,0.1582864,0.15538901,0.1526746,0.15013263,0.14775255,0.14552382,0.14343582,0.14147805,0.13963994,0.13791092,0.13628039,0.13473786,0.1332728,0.13187455,0.13053262,0.12923647,0.12797548,0.12673911,0.12551685,0.124298096,0.123072304,0.12182891,0.12055736,0.11924711,0.11788761,0.11646824,0.114978515,0.11340786,0.111745685,0.10998146,0.10827458,0.10678441,0.10550025,0.10441147,0.103507414,0.10277741,0.102210835,0.10179699,0.10152523,0.101384915,0.10136537,0.10145597,0.10164601,0.10192485,0.102281876
0.23265654,0.23305726,0.2333943,0.23365751,0.23383692,0.23392239,0.23390402,0.23377152,0.23351501,0.23312435,0.23258947,0.23190044,0.23104702,0.23001927,0.22880703,0.22740035,0.22578911,0.22413176,0.22258574,0.22113954,0.21978164,0.21850051,0.21728463,0.21612252,0.21500266,0.21391347,0.2128435,0.21178117,0.21071506,0.20963354,0.2085252,0.2073784,0.20618175,0.20492366,0.20359263,0.20217714,0.20066567,0.1990467,0.19730873,0.19544022,0.19342966,0.19126558,0.18893634,0.18643057,0.18373668,0.18084316,0.17773844,0.17441109,0.17084956,0.16727273,0.16390045,0.16072266,0.15772927,0.15491028,0.1522556,0.14975515,0.14739892,0.1451768,0.14307873,0.14109468,0.13921459,0.13742839,0.13572602,0.13409741,0.13253252,0.13102129,0.12955369,0.12811954,0.1267089,0.12531169,0.123917796,0.12251722,0.12109984,0.11965571,0.11817463,0.11664663,0.11506165,0.11340958,0.11168036,0.10986398,0.10795037,0.10610569,0.10449519,0.1031074,0.10193073,0.10095367,0.100164734,0.099552415,0.09910515,0.09881147,0.09865984,0.09863872,0.098736614,0.098942,0.09924338,0.09962917
0.23203214,0.2324109,0.23272945,0.2329783,0.23314787,0.23322867,0.23321126,0.23308606,0.23284356,0.23247433,0.23196873,0.23131734,0.23051067,0.22953916,0.2283933,0.22706358,0.22554053,0.22398151,0.22254205,0.22120973,0.21997224,0.21881714,0.21773215,0.21670485,0.21572287,0.21477394,0.21384555,0.21292543,0.21200114,0.21106045,0.21009085,0.20908001,0.20801564,0.20688528,0.20567663,0.2043773,0.2029749,0.20145713,0.19981155,0.19802587,0.19608761,0.19398454,0.19170417,0.18923427,0.18656236,0.18367611,0.1805632,0.17721117,0.17360775,0.1699743,0.16653423,0.16327801,0.16019611,0.15727904,0.1545173,0.15190133,0.14942168,0.14706886,0.14483327,0.14270546,0.1406759,0.13873512,0.13687357,0.13508174,0.13335015,0.13166927,0.13002959,0.12842163,0.12683587,0.12526275,0.12369281,0.12211654,0.12052441,0.11890693,0.11725458,0.11555786,0.113807246,0.11199323,0.11010634,0.108137,0.106075756,0.10409522,0.10236612,0.100876085,0.099612735,0.09856374,0.09771672,0.09705928,0.09657907,0.09626376,0.09610094,0.09607828,0.09618339,0.09640389,0.09672745,0.0971417
0.23115489,0.2315095,0.23180768,0.23204061,0.23219937,0.23227501,0.23225872,0.23214148,0.23191449,0.23156883,0.23109558,0.23048583,0.22973067,0.22882123,0.2277486,0.2265039,0.22507814,0.22362715,0.22230376,0.22109477,0.21998703,0.21896727,0.21802232,0.21713892,0.21630399,0.21550421,0.21472646,0.2139575,0.21318416,0.21239322,0.21157146,0.21070571,0.20978275,0.2087894,0.20771241,0.20653865,0.20525484,0.20384787,0.20230448,0.20061146,0.19875565,0.19672382,0.1945028,0.19207935,0.1894403,0.18657245,0.18346256,0.18009748,0.17646395,0.1727853,0.16928764,0.16596207,0.16279973,0.15979163,0.15692899,0.15420279,0.15160418,0.14912425,0.14675413,0.14448488,0.14230762,0.14021344,0.13819341,0.13623872,0.13434038,0.1324895,0.13067721,0.12889458,0.12713271,0.12538272,0.123635694,0.12188275,0.12011495,0.11832343,0.11649926,0.11463357,0.112717405,0.11074189,0.10869817,0.106577285,0.10437035,0.10225604,0.10041012,0.098819435,0.09747077,0.09635091,0.09544665,0.09474481,0.094232194,0.09389557,0.09372174,0.09369757,0.09380975,0.09404518,0.09439059,0.09483283
0.23000593,0.23033383,0.23060967,0.23082507,0.2309719,0.23104185,0.23102672,0.23091836,0.23070844,0.23038876,0.22995104,0.22938713,0.22868873,0.22784767,0.22685564,0.22570443,0.22438589,0.22305332,0.22185628,0.22078082,0.21981283,0.21893832,0.21814322,0.21741366,0.21673544,0.21609463,0.21547718,0.21486908,0.21425632,0.21362485,0.21296068,0.21224977,0.21147807,0.21063158,0.20969634,0.20865823,0.20750326,0.20621744,0.20478672,0.20319709,0.20143454,0.199485,0.19733448,0.19496895,0.19237441,0.18953684,0.18644218,0.18307641,0.17942557,0.17571393,0.17216963,0.16878453,0.16555038,0.16245888,0.15950187,0.1566711,0.15395834,0.15135531,0.14885382,0.14644565,0.14412254,0.14187625,0.1396986,0.1375813,0.13551614,0.13349487,0.1315093,0.12955117,0.12761223,0.12568428,0.12375908,0.12182838,0.11988399,0.11791762,0.11592104,0.11388607,0.11180446,0.109667964,0.10746832,0.105197355,0.10284681,0.100600936,0.098640196,0.09695057,0.09551798,0.09432845,0.09336794,0.09262243,0.092077926,0.09172034,0.09153573,0.09151003,0.09162921,0.09187927,0.09224618,0.09271591
0.22856624,0.2288649,0.22911608,0.22931226,0.22944598,0.2295097,0.22949597,0.22939725,0.22920603,0.22891486,0.22851625,0.22800267,0.2273666,0.22660057,0.2256971,0.22464864,0.22344775,0.22224475,0.22118509,0.22025393,0.21943647,0.21871784,0.21808323,0.21751785,0.21700682,0.21653536,0.21608858,0.21565174,0.2152099,0.21474831,0.2142521,0.21370651,0.2130966,0.21240765,0.21162477,0.21073318,0.20971797,0.2085644,0.20725758,0.20578273,0.204125,0.20226952,0.20020154,0.1979062,0.19536866,0.19257407,0.18950763,0.18615453,0.18249992,0.17876834,0.1751892,0.17175503,0.16845834,0.16529156,0.16224727,0.15931796,0.15649611,0.15377423,0.1511448,0.14860041,0.14613341,0.14373644,0.14140193,0.13912244,0.13689041,0.13469836,0.13253881,0.13040423,0.12828718,0.12618011,0.12407555,0.12196597,0.119843915,0.11770184,0.115532316,0.11332777,0.11108075,0.10878374,0.10642925,0.10400978,0.10151782,0.09914282,0.09706934,0.09528255,0.09376758,0.09250964,0.09149391,0.09070555,0.09012972,0.089751594,0.089556344,0.089529164,0.089655206,0.089919634,0.09030766,0.0908044
0.22681683,0.22708347,0.2273077,0.22748284,0.2276022,0.2276591,0.22764681,0.2275587,0.22738801,0.22712812,0.22677225,0.22631378,0.22574598,0.22506216,0.22425562,0.22331972,0.2222477,0.22118612,0.22027548,0.21950026,0.21884473,0.21829337,0.21783048,0.21744049,0.21710773,0.21681666,0.21655162,0.21629699,0.21603714,0.21575649,0.21543938,0.2150702,0.21463333,0.21411319,0.21349414,0.21276052,0.21189678,0.21088722,0.20971629,0.20836836,0.20682779,0.20507899,0.2031063,0.20089416,0.19842689,0.19568889,0.19266455,0.18933825,0.1856944,0.18195683,0.17835532,0.17488323,0.17153384,0.16830048,0.16517644,0.16215499,0.1592295,0.15639326,0.15363957,0.15096171,0.14835304,0.14580683,0.14331639,0.14087503,0.13847607,0.13611281,0.13377856,0.13146658,0.12917027,0.12688285,0.12459766,0.122308016,0.12000725,0.11768858,0.11534539,0.11297097,0.11055861,0.108101636,0.10559336,0.103027076,0.10039608,0.097894505,0.09571051,0.09382847,0.09223275,0.09090779,0.089837916,0.08900754,0.088401005,0.08800273,0.08779708,0.08776845,0.087901205,0.088179745,0.08858843,0.08911165
0.22473887,0.2249705,0.22516528,0.22531739,0.22542109,0.22547048,0.22545986,0.2253833,0.22523504,0.22500925,0.22470011,0.22430183,0.22380859,0.22321458,0.22251397,0.22170095,0.22076972,0.21986213,0.21911298,0.21850587,0.21802446,0.21765234,0.21737312,0.21717033,0.21702774,0.21692878,0.21685715,0.2167965,0.21673036,0.21664234,0.2165161,0.21633519,0.21608326,0.21574394,0.21530078,0.2147374,0.21403742,0.21318449,0.21216214,0.21095401,0.20954372,0.20791487,0.20605104,0.20393592,0.20155305,0.19888605,0.1959185,0.19263403,0.18901631,0.1852875,0.18167694,0.17817877,0.1747872,0.17149638,0.16830052,0.16519386,0.16217051,0.15922467,0.15635055,0.15354234,0.15079421,0.1481003,0.1454549,0.1428521,0.14028612,0.13775119,0.13524143,0.13275102,0.13027422,0.12780519,0.12533806,0.122867055,0.12038636,0.117890164,0.11537265,0.11282801,0.110250406,0.10763406,0.10497312,0.10226181,0.099494286,0.09686883,0.09457669,0.092601456,0.09092674,0.08953615,0.08841331,0.087541796,0.08690525,0.08648725,0.08627141,0.086241364,0.08638071,0.08667303,0.08710195,0.08765108
0.22231327,0.22250676,0.22266947,0.22279653,0.22288315,0.22292446,0.22291553,0.22285162,0.22272773,0.22253916,0.2222809,0.22194822,0.22153617,0.22104001,0.22045477,0.21977562,0.21899772,0.2182574,0.21768287,0.21725695,0.21696249,0.21678233,0.21669933,0.21669638,0.21675631,0.21686196,0.21699615,0.21714182,0.21728174,0.21739884,0.21747592,0.21749577,0.2174414,0.21729554,0.2170411,0.21666089,0.2161378,0.21545464,0.2145943,0.21353965,0.21227348,0.2107787,0.20903812,0.20703465,0.20475107,0.20217027,0.19927512,0.19604842,0.19247308,0.18876868,0.18516304,0.18165131,0.1782286,0.17489007,0.17163086,0.16844617,0.16533108,0.16228071,0.15929025,0.15635486,0.15346965,0.15062976,0.14783037,0.14506654,0.14233351,0.13962637,0.1369403,0.1342704,0.13161185,0.12895976,0.12630928,0.12365556,0.12099377,0.118319,0.11562645,0.11291124,0.110168464,0.107393324,0.10458097,0.10172652,0.09882511,0.096078664,0.09368087,0.0916146,0.089862704,0.08840803,0.087233424,0.086321756,0.08565586,0.08521859,0.08499283,0.08496138,0.08510715,0.085412934,0.08586162,0.08643607
0.21952115,0.21967319,0.21980104,0.21990092,0.21996896,0.22000141,0.21999441,0.21994416,0.21984684,0.21969862,0.21949571,0.21923426,0.2189105,0.21852057,0.21806067,0.21752699,0.2169157,0.21635671,0.21597065,0.21573955,0.21564557,0.21567084,0.21579741,0.21600747,0.21628308,0.21660641,0.21695954,0.21732458,0.21768367,0.21801889,0.21831238,0.2185463,0.21870269,0.21876372,0.21871145,0.21852808,0.21819562,0.21769628,0.21701214,0.21612528,0.21501787,0.21367201,0.21206981,0.2101934,0.20802486,0.20554632,0.20273995,0.19958779,0.196072,0.19240847,0.18882261,0.18531047,0.18186834,0.17849237,0.1751787,0.17192358,0.16872317,0.16557361,0.16247119,0.15941197,0.1563922,0.15340805,0.1504557,0.14753136,0.14463116,0.14175135,0.13888805,0.13603748,0.13319582,0.13035925,0.12752396,0.12468611,0.12184188,0.11898749,0.11611912,0.11323294,0.11032512,0.107391864,0.10442935,0.10143375,0.09840125,0.09553681,0.093036026,0.09088101,0.089053854,0.0875367,0.08631162,0.08536078,0.084666304,0.08421027,0.08397479,0.08394199,0.08409402,0.08441293,0.084880896,0.085480034
0.2163435,0.21645063,0.21654071,0.21661109,0.21665905,0.21668191,0.21667698,0.21664156,0.216573,0.21646856,0.21632557,0.21614134,0.21591322,0.21563846,0.2153144,0.21493834,0.21450761,0.21414474,0.21396169,0.21393982,0.21406057,0.21430531,0.21465549,0.21509247,0.2155976,0.21615237,0.21673815,0.21733633,0.2179283,0.21849546,0.21901923,0.21948099,0.21986216,0.22014411,0.22030827,0.22033602,0.22020875,0.21990788,0.21941482,0.21871091,0.21777765,0.21659632,0.2151484,0.21341528,0.21137834,0.20901899,0.20631862,0.20325863,0.19982044,0.19621517,0.19266458,0.18916598,0.18571672,0.18231401,0.17895529,0.17563777,0.1723588,0.16911566,0.16590576,0.16272628,0.15957461,0.15644804,0.15334389,0.15025942,0.14719203,0.14413895,0.14109755,0.1380651,0.13503893,0.13201633,0.12899463,0.12597115,0.1229432,0.119908065,0.11686306,0.11380552,0.11073273,0.107642,0.10453067,0.10139603,0.09823539,0.09525617,0.09265516,0.090413764,0.08851338,0.08693542,0.08566127,0.08467233,0.08394999,0.08347567,0.083230756,0.083196655,0.08335476,0.08368648,0.08417321,0.084796324
0.21297543,0.21303697,0.2130887,0.2131291,0.21315664,0.21316977,0.21316692,0.2131466,0.21310723,0.21304724,0.21296515,0.21285939,0.21272838,0.21257061,0.21238454,0.21216863,0.21192127,0.21175721,0.21177927,0.21196818,0.2123047,0.2127696,0.21334356,0.21400745,0.21474184,0.21552765,0.2163455,0.21717618,0.21800047,0.21879907,0.21955277,0.22024228,0.22084837,0.22135174,0.22173318,0.22197348,0.22205327,0.2219534,0.22165455,0.22113748,0.220383,0.21937175,0.21808459,0.21650217,0.21460529,0.21237464,0.2097911,0.20683527,0.20348793,0.19995466,0.19645281,0.1929808,0.18953708,0.18612014,0.18272844,0.17936043,0.17601451,0.1726892,0.16938296,0.16609417,0.1628214,0.15956296,0.15631744,0.15308322,0.14985882,0.14664263,0.14343312,0.14022876,0.13702801,0.13382934,0.13063118,0.12743194,0.124230176,0.12102427,0.1178127,0.11459396,0.11136644,0.108128645,0.10487899,0.10161596,0.09833801,0.09525423,0.092561945,0.09024189,0.08827483,0.08664149,0.085322626,0.08429896,0.083551295,0.083060324,0.082806826,0.08277153,0.08293519,0.08327852,0.08378232,0.084427334
0.2096242,0.20964217,0.20965731,0.20966914,0.20967717,0.20968102,0.20968017,0.20967427,0.20966272,0.20964518,0.20962115,0.20959027,0.2095519,0.20950577,0.20945136,0.20938821,0.20931587,0.20934106,0.20955776,0.209946,0.21048608,0.21115819,0.21194248,0.21281922,0.21376856,0.21477069,0.21580583,0.2168542,0.21789593,0.21891129,0.2198804,0.22078352,0.22160086,0.22231257,0.22289887,0.22333995,0.22361597,0.22370721,0.22359382,0.223256,0.22267395,0.22182788,0.22069798,0.21926448,0.21750748,0.21540724,0.21294403,0.21009794,0.20684916,0.20339726,0.19995452,0.19652049,0.19309478,0.18967687,0.18626635,0.18286274,0.17946565,0.17607452,0.172689,0.16930857,0.16593285,0.16256134,0.15919355,0.1558291,0.1524675,0.14910832,0.14575109,0.14239539,0.13904072,0.13568662,0.13233271,0.1289785,0.12562352,0.12226737,0.118909545,0.115549624,0.112187125,0.1088216,0.10545264,0.10207976,0.0987025,0.09553085,0.092761844,0.09037566,0.08835253,0.08667263,0.085316174,0.08426337,0.08349438,0.08298942,0.0827287,0.08269237,0.082860716,0.083213836,0.083732,0.08439538
0.20628887,0.20626535,0.2062456,0.20623012,0.20621955,0.20621455,0.2062156,0.2062234,0.20623848,0.20626141,0.20629284,0.20633334,0.20638344,0.2064438,0.20651498,0.20659764,0.20669228,0.20689778,0.207299,0.20787573,0.20860778,0.20947483,0.21045664,0.21153295,0.21268353,0.2138881,0.21512643,0.21637827,0.21762335,0.21884145,0.22001228,0.22111559,0.22213112,0.22303867,0.22381797,0.22444873,0.22491074,0.22518371,0.22524744,0.22508161,0.22466603,0.22398043,0.22300453,0.22171812,0.22010091,0.21813266,0.2157931,0.21306203,0.2099192,0.2065575,0.20318374,0.19979861,0.19640264,0.19299641,0.18958052,0.18615562,0.1827222,0.1792809,0.17583235,0.17237706,0.16891573,0.16544881,0.16197701,0.15850085,0.15502098,0.15153794,0.14805236,0.14456478,0.14107582,0.13758609,0.13409616,0.1306066,0.12711807,0.12363108,0.120146304,0.116664246,0.11318554,0.10971077,0.106240526,0.102775425,0.099316016,0.09607231,0.0932404,0.090800025,0.088730946,0.0870129,0.08562565,0.0845489,0.08376245,0.08324602,0.082979366,0.08294222,0.08311437,0.083475545,0.08400548,0.08468391
0.20296873,0.20290557,0.20285243,0.20281093,0.20278265,0.20276918,0.20277211,0.20279297,0.20283341,0.20289503,0.20297933,0.20308794,0.2032225,0.20338453,0.20357566,0.20379741,0.20405146,0.2044286,0.20500495,0.20575994,0.2066729,0.20772326,0.20889036,0.21015364,0.21149251,0.21288632,0.21431454,0.2157564,0.21719144,0.21859899,0.21995847,0.22124922,0.22245067,0.22354226,0.2245033,0.22531322,0.2259514,0.22639726,0.22663018,0.22662948,0.22637466,0.22584508,0.22502007,0.22387908,0.22240151,0.22056675,0.21835415,0.21574312,0.2127131,0.20944999,0.20615466,0.20282868,0.19947362,0.19609106,0.19268258,0.18924977,0.18579428,0.18231758,0.17882141,0.17530718,0.17177658,0.16823122,0.16467258,0.16110235,0.15752207,0.15393333,0.15033773,0.1467368,0.14313222,0.13952552,0.13591826,0.13231204,0.12870854,0.12510923,0.12151571,0.117929615,0.11435251,0.11078596,0.10723159,0.10369096,0.100165665,0.09686494,0.09398324,0.09149998,0.08939451,0.08764626,0.08623462,0.08513897,0.08433868,0.083813176,0.083541825,0.08350404,0.08367923,0.08404673,0.084585965,0.08527634
0.19966294,0.1995619,0.19947693,0.19941057,0.19936533,0.19934377,0.19934842,0.1993818,0.19944648,0.19954501,0.1996798,0.1998536,0.2000687,0.20032786,0.20063353,0.20098814,0.20139435,0.20193508,0.2026776,0.20360102,0.2046845,0.20590714,0.20724806,0.20868644,0.21020131,0.21177194,0.21337727,0.21499655,0.21660887,0.21819335,0.2197291,0.22119531,0.22257106,0.22383544,0.22496763,0.22594671,0.22675183,0.22736217,0.22775674,0.22791472,0.22781529,0.2274375,0.22676046,0.2257634,0.2244253,0.2227254,0.22064278,0.21815656,0.21524589,0.21208936,0.2088813,0.2056242,0.20232062,0.19897304,0.195584,0.19215615,0.18869191,0.1851939,0.18166454,0.17810646,0.17452216,0.17091422,0.1672851,0.16363743,0.15997367,0.15629636,0.15260808,0.14891137,0.14520873,0.14150272,0.13779584,0.13409062,0.13038968,0.12669548,0.12301058,0.119337514,0.11567884,0.11203707,0.108414754,0.104814395,0.10123855,0.097895026,0.09497594,0.092460476,0.090327695,0.088556744,0.0871268,0.08601693,0.08520626,0.08467396,0.08439908,0.08436084,0.08453825,0.084910534,0.08545678,0.0861561
0.1963706,0.19623338,0.19611801,0.19602786,0.19596645,0.19593717,0.19594346,0.19598883,0.19607663,0.19621043,0.19639353,0.19662948,0.19692168,0.19727357,0.1976886,0.19817023,0.19872193,0.19941856,0.20031877,0.20140147,0.20264567,0.20403025,0.20553416,0.20713636,0.20881574,0.21055128,0.21232194,0.21410666,0.21588434,0.21763395,0.21933441,0.22096464,0.22250366,0.22393034,0.22522366,0.22636254,0.2273259,0.22809274,0.22864199,0.22895256,0.22900335,0.22877343,0.2282416,0.22738688,0.22618823,0.2246245,0.22267473,0.2203178,0.21753266,0.21449026,0.21137778,0.20819871,0.20495656,0.20165464,0.19829649,0.19488555,0.19142522,0.18791895,0.1843702,0.18078242,0.17715909,0.17350358,0.16981934,0.16610986,0.16237861,0.15862894,0.15486436,0.15108827,0.14730416,0.14351548,0.13972564,0.13593808,0.1321563,0.1283837,0.12462366,0.12087975,0.11715535,0.11345391,0.10977887,0.1061337,0.10252182,0.099148855,0.09620408,0.09366647,0.09151493,0.08972841,0.088285856,0.08716621,0.08634843,0.0858114,0.08553413,0.085495524,0.085674524,0.08605008,0.08660112,0.087306604
0.19309089,0.19291912,0.19277464,0.19266179,0.19258487,0.19254822,0.19255613,0.1926129,0.19272287,0.19289035,0.19311967,0.1934151,0.19378097,0.19422156,0.19474125,0.19534431,0.19603507,0.19688047,0.19793044,0.19916384,0.20055956,0.20209627,0.20375301,0.20550846,0.20734152,0.20923103,0.21115582,0.21309468,0.21502653,0.21693014,0.21878438,0.22056805,0.22226,0.22383913,0.22528417,0.22657402,0.22768748,0.22860344,0.22930068,0.22975805,0.22995439,0.22986855,0.22947936,0.22876567,0.22770627,0.22628002,0.22446573,0.22224227,0.21958849,0.21666722,0.2136582,0.21056584,0.20739438,0.20414816,0.20083156,0.19744879,0.19400422,0.1905021,0.18694685,0.1833427,0.179694,0.17600502,0.1722801,0.16852355,0.16473971,0.16093287,0.15710731,0.15326741,0.14941742,0.14556168,0.1417045,0.13785022,0.1340031,0.13016753,0.12634774,0.122548066,0.11877283,0.11502637,0.11131294,0.107636906,0.10400257,0.10061272,0.09765325,0.095102936,0.09294065,0.0911452,0.08969544,0.08857017,0.0877483,0.08720861,0.08692994,0.08689115,0.08707104,0.08744848,0.08800229,0.088711284
0.18982308,0.18961816,0.18944584,0.1893112,0.18921949,0.18917578,0.1891852,0.18925291,0.1893841,0.18958385,0.18985735,0.19020972,0.19064613,0.19117168,0.19179153,0.19251086,0.19333477,0.19432218,0.19551454,0.19689062,0.19842915,0.200109,0.20190896,0.20380785,0.20578447,0.20781757,0.20988607,0.2119686,0.21404414,0.21609141,0.21808921,0.22001638,0.22185166,0.22357391,0.2251619,0.22659448,0.2278504,0.2289085,0.22974758,0.23034644,0.23068382,0.23073864,0.23048958,0.22991559,0.22899535,0.22770773,0.22603148,0.22394547,0.22142844,0.21863481,0.21573663,0.21273899,0.20964701,0.2064659,0.20320076,0.19985673,0.19643895,0.19295263,0.18940288,0.18579473,0.18213351,0.17842427,0.17467217,0.17088233,0.16705988,0.16321003,0.15933788,0.15544859,0.15154728,0.14763913,0.14372925,0.13982281,0.13592495,0.13204081,0.12817551,0.124334216,0.12052208,0.11674424,0.11300584,0.10931203,0.10566794,0.10227299,0.09930902,0.09675486,0.09458929,0.092791125,0.09133919,0.09021225,0.08938912,0.08884862,0.08856953,0.08853066,0.08871083,0.089088835,0.08964348,0.090353556
0.18656625,0.18632957,0.18613057,0.18597513,0.18586916,0.18581869,0.18582958,0.18590778,0.18605927,0.18629,0.18660586,0.18701279,0.18751681,0.18812376,0.18883964,0.18967037,0.19062194,0.19174516,0.19307297,0.19458418,0.19625758,0.19807208,0.20000647,0.2020396,0.20415035,0.20631747,0.2085199,0.21073641,0.21294586,0.21512717,0.21725905,0.21932036,0.22129004,0.22314684,0.22486965,0.22643727,0.22782855,0.22902234,0.22999744,0.23073278,0.23120712,0.23139931,0.23128824,0.23085266,0.23007151,0.22892359,0.22738773,0.22544272,0.22306754,0.22040774,0.21762715,0.21473172,0.21172737,0.20862,0.20541567,0.20212018,0.19873957,0.19527975,0.19174664,0.18814617,0.18448436,0.18076709,0.17700031,0.17318992,0.16934197,0.16546232,0.16155691,0.15763171,0.15369263,0.14974564,0.14579667,0.14185165,0.13791655,0.13399726,0.13009979,0.12623005,0.12239391,0.118597455,0.11484651,0.11114706,0.10750504,0.10411588,0.10115701,0.098607205,0.096445344,0.09465025,0.09320078,0.09207577,0.09125406,0.09071447,0.09043588,0.090397075,0.09057694,0.09095429,0.09150798,0.09221684
0.18331958,0.18305248,0.18282783,0.18265235,0.18253277,0.18247576,0.18248807,0.18257634,0.18274736,0.18300776,0.18336427,0.18382365,0.18439257,0.18507764,0.18588571,0.18682344,0.18789752,0.18915081,0.19060767,0.19224711,0.19404796,0.19598925,0.19804984,0.2002088,0.20244491,0.20473719,0.20706457,0.20940602,0.21174043,0.21404679,0.21630396,0.21849093,0.22058667,0.22257006,0.22442012,0.22611564,0.22763573,0.22895922,0.23006508,0.23093227,0.2315397,0.23186632,0.23189105,0.23159288,0.23095073,0.22994345,0.2285501,0.22674963,0.22452088,0.22200055,0.2193439,0.21655759,0.21364835,0.21062288,0.20748782,0.20425,0.20091604,0.19749269,0.1939866,0.19040453,0.18675317,0.1830392,0.17926934,0.17545031,0.17158884,0.16769159,0.16376528,0.1598166,0.15585227,0.15187903,0.14790355,0.14393252,0.13997269,0.13603072,0.13211332,0.12822726,0.12437917,0.12057581,0.116823845,0.11313,0.10950098,0.10612775,0.10318275,0.10064494,0.09849321,0.09670657,0.095263906,0.094144166,0.09332632,0.092789255,0.09251196,0.09247335,0.09265237,0.09302795,0.09357905,0.09428457
0.18008235,0.17978588,0.17953661,0.17934188,0.17920919,0.17914593,0.17915955,0.17925756,0.17944731,0.17973629,0.18013193,0.1806417,0.18127298,0.18203324,0.18292998,0.18397057,0.18516245,0.1865405,0.18812057,0.18988185,0.19180338,0.19386424,0.19604357,0.19832043,0.20067398,0.20308325,0.20552735,0.20798545,0.2104365,0.21285968,0.21523412,0.21753886,0.21975304,0.2218557,0.22382602,0.22564304,0.22728582,0.22873357,0.22996522,0.23096009,0.23169705,0.23215534,0.23231399,0.23215218,0.23164886,0.23078328,0.22953442,0.22788152,0.2258035,0.22342786,0.22090094,0.21823013,0.21542288,0.21248668,0.20942886,0.206257,0.20297848,0.19960071,0.1961312,0.19257733,0.18894655,0.18524635,0.18148407,0.17766725,0.17380333,0.16989969,0.16596381,0.16200314,0.15802507,0.15403713,0.15004666,0.14606118,0.1420881,0.13813487,0.13420889,0.13031769,0.12646861,0.12266916,0.11892676,0.11524887,0.1116429,0.10829487,0.10537186,0.10285301,0.100717366,0.098944075,0.097512186,0.09640083,0.095589064,0.09505605,0.09478082,0.09474249,0.09492015,0.09529294,0.095839925,0.09654018
0.17685358,0.17652893,0.17625588,0.17604259,0.17589726,0.17582797,0.1758429,0.17595023,0.17615807,0.17647457,0.17690791,0.17746621,0.17815764,0.17899038,0.17997251,0.18111224,0.18241766,0.18391562,0.18561362,0.18749093,0.18952687,0.19170077,0.19399199,0.19637972,0.19884335,0.20136213,0.20391543,0.20648253,0.20904271,0.21157531,0.21405964,0.21647497,0.21880063,0.22101595,0.2231002,0.22503266,0.22679272,0.22835967,0.22971274,0.23083131,0.23169467,0.23228212,0.23257294,0.23254646,0.23218204,0.23145893,0.23035638,0.22885379,0.22693047,0.22470428,0.22231235,0.21976288,0.2170639,0.21422371,0.21125038,0.20815209,0.20493694,0.20161313,0.19818881,0.1946721,0.19107117,0.18739419,0.18364929,0.1798446,0.17598827,0.17208853,0.16815343,0.16419116,0.16020986,0.15621774,0.15222287,0.14823341,0.14425759,0.14030348,0.13637923,0.13249305,0.12865306,0.12486738,0.12114421,0.11749167,0.11391791,0.11060357,0.10770994,0.105216414,0.10310226,0.10134678,0.0999293,0.09882912,0.098025516,0.097497836,0.0972254,0.09718744,0.09736334,0.097732365,0.09827384,0.09896706
0.17363255,0.1732806,0.17298461,0.17275342,0.17259587,0.17252079,0.17253695,0.17265327,0.17287858,0.1732217,0.17369145,0.17429665,0.17504618,0.1759489,0.17701353,0.17824903,0.17966412,0.18127763,0.18308865,0.18507677,0.18722157,0.1895026,0.19189942,0.19439162,0.19695872,0.19958039,0.20223606,0.20490533,0.20756783,0.21020305,0.21279064,0.21531007,0.21774098,0.22006288,0.22225532,0.22429797,0.2261703,0.2278519,0.22932233,0.23056117,0.23154798,0.2322623,0.23268367,0.23279178,0.23256609,0.23198618,0.23103164,0.22968203,0.2279169,0.22584438,0.22359225,0.22116926,0.21858431,0.21584624,0.21296386,0.20994598,0.20680147,0.2035392,0.2001679,0.19669648,0.19313373,0.18948853,0.18576977,0.18198614,0.1781466,0.1742599,0.17033496,0.16638051,0.16240548,0.1584187,0.15442891,0.15044506,0.1464759,0.14253035,0.13861714,0.13474518,0.13092332,0.12716031,0.12346508,0.1198464,0.11631313,0.11304009,0.11018255,0.10772011,0.10563231,0.10389872,0.1024989,0.10141243,0.10061886,0.10009776,0.099828705,0.09979123,0.09996493,0.100329354,0.100864075,0.10154867
0.17041838,0.17004001,0.16972183,0.16947328,0.16930388,0.16922316,0.16924056,0.16936564,0.16960785,0.16997671,0.17048171,0.17113237,0.17193817,0.1729086,0.17405319,0.17538142,0.17690276,0.17862788,0.18054765,0.18264191,0.18489054,0.18727337,0.18977034,0.19236125,0.19502597,0.19774443,0.2004964,0.20326182,0.20602052,0.20875238,0.21143723,0.214055,0.21658549,0.21900861,0.22130421,0.22345218,0.22543234,0.22722457,0.22880878,0.23016478,0.23127243,0.23211163,0.23266217,0.23290406,0.23281708,0.23238106,0.23157595,0.23038152,0.22877774,0.22686279,0.22475469,0.22246297,0.2199971,0.21736656,0.2145809,0.2116496,0.20858213,0.20538805,0.20207678,0.19865789,0.19514084,0.19153513,0.18785027,0.18409577,0.18028107,0.17641574,0.17250927,0.16857111,0.16461079,0.16063781,0.15666164,0.15269183,0.14873785,0.14480916,0.14091533,0.13706586,0.13327017,0.12953784,0.1258783,0.12230109,0.1188157,0.11559079,0.11277528,0.11034907,0.10829198,0.10658389,0.10520466,0.104134165,0.10335228,0.102838844,0.10257374,0.10253681,0.10270797,0.10306702,0.10359389,0.1042684
0.16721028,0.16680625,0.1664665,0.16620106,0.16602021,0.16593397,0.16595258,0.16608611,0.16634476,0.16673864,0.16727789,0.1679727,0.16883315,0.16986945,0.17109163,0.17250995,0.1741345,0.17596784,0.17799254,0.18018882,0.18253686,0.18501689,0.18760908,0.19029365,0.19305082,0.19586077,0.19870377,0.20155992,0.20440948,0.20723264,0.2100096,0.21272057,0.21534576,0.21786535,0.22025964,0.22250865,0.22459276,0.22649208,0.22818686,0.22965725,0.23088345,0.23184577,0.2325243,0.2328993,0.23295094,0.23265947,0.23200502,0.23096785,0.22952816,0.22777407,0.2258138,0.22365744,0.22131507,0.21879694,0.21611309,0.21327376,0.21028903,0.20716906,0.203924,0.200564,0.19709918,0.19353968,0.18989567,0.18617724,0.18239464,0.1785579,0.17467724,0.17076272,0.16682461,0.16287291,0.15891781,0.15496953,0.15103814,0.1471338,0.14326665,0.13944682,0.13568445,0.13198973,0.12837277,0.12484371,0.121412694,0.11824195,0.11547374,0.113088265,0.11106571,0.10938631,0.10803024,0.106977746,0.10620896,0.105704136,0.105443485,0.10540719,0.10557548,0.10592851,0.10644652,0.107109696
0.16400743,0.16357839,0.16321756,0.16293572,0.16274363,0.16265212,0.16267186,0.16281366,0.16308832,0.16350657,0.16407925,0.16481705,0.16573074,0.16683115,0.16812904,0.16963515,0.17136028,0.17329887,0.17542526,0.17771997,0.1801636,0.1827368,0.18542005,0.18819392,0.19103906,0.193936,0.19686534,0.19980757,0.20274335,0.20565324,0.20851782,0.2113176,0.21403322,0.21664523,0.21913421,0.22148077,0.2236654,0.22566874,0.22747137,0.22905378,0.23039666,0.23148046,0.23228587,0.23279342,0.2329837,0.23283714,0.23233455,0.2314564,0.2301832,0.22859295,0.22678372,0.22476617,0.22255124,0.2201496,0.21757202,0.21482928,0.21193218,0.20889147,0.20571792,0.20242228,0.19901535,0.1955079,0.1919107,0.18823451,0.18449011,0.18068825,0.17683972,0.17295529,0.16904576,0.16512181,0.16119428,0.15727396,0.15337156,0.1494979,0.14566377,0.14187987,0.13815698,0.13450591,0.13093743,0.1274623,0.12409127,0.12097987,0.11826347,0.11592267,0.11393794,0.11228997,0.110959314,0.10992647,0.109172106,0.10867673,0.10842097,0.10838534,0.10855045,0.1088969,0.10940522,0.11005597
0.16080898,0.16035545,0.1599741,0.15967616,0.15947315,0.15937637,0.15939723,0.15954715,0.15983744,0.16027957,0.16088484,0.16166474,0.16263056,0.16379373,0.1651656,0.1667576,0.16858107,0.1706224,0.17284767,0.17523786,0.17777395,0.18043686,0.18320763,0.1860672,0.18899648,0.19197656,0.19498834,0.19801278,0.20103092,0.20402363,0.206972,0.20985691,0.2126594,0.21536036,0.21794087,0.22038175,0.22266415,0.22476892,0.22667703,0.22836953,0.22982736,0.23103143,0.2319628,0.23260242,0.2329312,0.23293018,0.23258029,0.23186256,0.23075788,0.2293339,0.22767839,0.22580281,0.22371848,0.22143684,0.21896923,0.21632706,0.21352164,0.2105645,0.2074669,0.20424029,0.20089607,0.19744554,0.19390015,0.19027129,0.18657032,0.1828086,0.1789976,0.1751486,0.17127307,0.16738234,0.1634878,0.15960088,0.1557329,0.15189533,0.14809947,0.14435674,0.14067854,0.13707623,0.13356121,0.13014485,0.12683856,0.12379085,0.12113008,0.118837185,0.11689316,0.115278915,0.113975495,0.112963825,0.11222489,0.111739665,0.11148913,0.11145425,0.11161599,0.11195532,0.11245324,0.11309067
0.1576141,0.15713659,0.15673496,0.15642129,0.1562075,0.15610561,0.15612759,0.15628546,0.15659112,0.15705664,0.15769403,0.15851519,0.15953213,0.1607569,0.16220142,0.16387774,0.16579778,0.16793986,0.1702618,0.17274499,0.17537089,0.1781208,0.1809762,0.18391842,0.18692887,0.18998894,0.19308002,0.19618352,0.19928081,0.20235325,0.20538233,0.20834936,0.21123578,0.21402292,0.21669221,0.21922505,0.2216028,0.2238069,0.2258187,0.22761962,0.22919102,0.23051436,0.23157093,0.2323422,0.23280953,0.2329543,0.23275793,0.2322018,0.23126733,0.23001155,0.228512,0.22678082,0.22482976,0.2226709,0.22031623,0.21777783,0.21506752,0.21219744,0.20917948,0.20602563,0.20274794,0.19935836,0.19586886,0.19229147,0.18863815,0.18492094,0.18115172,0.17734253,0.17350541,0.1696523,0.16579519,0.16194609,0.15811695,0.15431976,0.15056655,0.14686929,0.14323995,0.13969052,0.13623299,0.13287936,0.12964162,0.1266612,0.12405916,0.12181688,0.11991572,0.11833713,0.11706247,0.11607313,0.11535052,0.114876024,0.114631005,0.1145969,0.114755064,0.115086906,0.11557383,0.1161972
0.15442196,0.15392078,0.15349928,0.15317005,0.15294567,0.15283872,0.15286179,0.15302746,0.15334828,0.15383688,0.15450586,0.15536772,0.1564351,0.15772057,0.15923671,0.16099611,0.16301136,0.16525257,0.16766949,0.17024384,0.17295754,0.17579237,0.17873015,0.18175274,0.18484196,0.18797964,0.19114761,0.19432771,0.19750169,0.20065153,0.2037589,0.20680572,0.20977381,0.21264498,0.21540105,0.21802387,0.22049531,0.22279708,0.22491112,0.22681922,0.22850321,0.22994491,0.23112614,0.23202877,0.2326346,0.2329255,0.23288317,0.23248957,0.23172651,0.23064055,0.22929873,0.22771366,0.22589794,0.22386408,0.22162472,0.21919248,0.21657987,0.2137995,0.21086398,0.20778579,0.20457764,0.20125203,0.19782159,0.19429888,0.19069648,0.18702696,0.18330292,0.17953698,0.17574164,0.17192954,0.16811325,0.16430531,0.1605184,0.15676503,0.15305774,0.14940922,0.14583197,0.1423386,0.13894172,0.13565385,0.13248765,0.1295772,0.1270363,0.12484667,0.12299017,0.12144864,0.12020392,0.119237825,0.11853217,0.11806883,0.117829576,0.11779624,0.1179507,0.11827475,0.11875023,0.119358964
0.15123175,0.15070716,0.15026592,0.14992131,0.14968643,0.14957447,0.14959863,0.14977203,0.15010788,0.15061934,0.15131956,0.15222174,0.15333903,0.15468457,0.15627165,0.15811329,0.16022274,0.16256206,0.16507266,0.16773689,0.17053698,0.17345521,0.17647387,0.17957523,0.1827416,0.18595521,0.18919834,0.1924533,0.19570234,0.19892776,0.20211183,0.20523684,0.20828503,0.21123871,0.21408014,0.21679163,0.21935545,0.22175378,0.22396906,0.2259835,0.22777928,0.22933881,0.23064435,0.23167814,0.23242241,0.2328595,0.23297179,0.23274136,0.2321506,0.23123544,0.23005253,0.22861499,0.22693594,0.22502863,0.22290622,0.22058184,0.21806869,0.21537997,0.2125288,0.20952836,0.20639184,0.20313236,0.19976312,0.19629735,0.19274814,0.1891287,0.18545216,0.18173173,0.17798057,0.17421187,0.17043877,0.16667442,0.16293205,0.15922478,0.15556584,0.15196833,0.14844547,0.14501041,0.1416763,0.13845636,0.13536371,0.1325252,0.13004705,0.12791152,0.1261009,0.1245975,0.12338352,0.12244128,0.12175306,0.12130115,0.121067815,0.1210353,0.121185936,0.121502005,0.12196574,0.122559436
0.14804266,0.14749472,0.14703394,0.14667402,0.1464287,0.14631182,0.14633699,0.1465181,0.14686888,0.14740305,0.14813435,0.1490766,0.1502435,0.15164882,0.1533063,0.15522976,0.15743287,0.15986963,0.1624733,0.16522662,0.16811232,0.17111313,0.17421176,0.17739096,0.18063352,0.18392208,0.18723941,0.1905683,0.1938914,0.19719149,0.20045128,0.2036535,0.20678093,0.20981626,0.21274224,0.21554159,0.21819706,0.2206914,0.22300729,0.22512752,0.22703472,0.2287118,0.23014137,0.23130617,0.23218893,0.23277245,0.2330394,0.2329725,0.2325546,0.23181088,0.23078755,0.22949825,0.22795676,0.22617687,0.2241723,0.22195679,0.21954413,0.21694812,0.21418248,0.21126084,0.20819715,0.20500502,0.20169832,0.19829069,0.19479598,0.19122791,0.18760021,0.1839267,0.18022105,0.1764971,0.17276855,0.16904916,0.1653527,0.16169293,0.15808359,0.15453844,0.15107124,0.14769574,0.14442568,0.14127482,0.13825697,0.13549148,0.13307706,0.13099642,0.12923239,0.12776764,0.12658487,0.12566686,0.12499636,0.12455606,0.12432872,0.124297075,0.12444384,0.124751754,0.12520356,0.12578197
0.14485385,0.14428264,0.1438023,0.14342712,0.14317138,0.1430495,0.14307576,0.1432646,0.14363025,0.14418708,0.14494944,0.14593168,0.1471481,0.14861307,0.15034097,0.15234604,0.1546427,0.15717676,0.15987329,0.16271554,0.1656866,0.16876978,0.17194816,0.17520499,0.1785235,0.18188679,0.1852781,0.1886806,0.19207752,0.19545203,0.19878732,0.20206659,0.205273,0.20838974,0.2114001,0.21428713,0.21703412,0.21962418,0.2220406,0.22426653,0.22628507,0.22807953,0.2296331,0.23092891,0.23195013,0.23268005,0.23310179,0.23319857,0.23295355,0.23238146,0.23151787,0.23037697,0.22897328,0.22732097,0.22543447,0.2233281,0.22101626,0.21851318,0.21583322,0.21299082,0.21000023,0.20687577,0.20363185,0.20028277,0.1968429,0.1933265,0.189748,0.18612167,0.18246195,0.17878306,0.17509937,0.1714253,0.16777508,0.16416311,0.16060373,0.15711126,0.15370004,0.1503844,0.14717871,0.14409731,0.1411545,0.13846228,0.13611181,0.13408636,0.13236904,0.1309431,0.12979168,0.12889801,0.12824525,0.12781663,0.12759532,0.12756446,0.12770738,0.12800713,0.12844695,0.12901007
0.14166446,0.14106993,0.14056998,0.14017944,0.13991329,0.1397864,0.1398138,0.14001028,0.14039089,0.14097047,0.14176394,0.14278634,0.14405243,0.14557728,0.14737569,0.14946268,0.15185314,0.15448481,0.15727457,0.16020608,0.16326296,0.16642891,0.1696875,0.17302243,0.17641735,0.17985584,0.18332161,0.18679826,0.1902695,0.1937189,0.19713014,0.20048685,0.20377272,0.20697136,0.21006647,0.21304154,0.21588036,0.21856657,0.22108378,0.22341557,0.22554569,0.22745778,0.22913536,0.23056224,0.23172197,0.23259826,0.23317468,0.23343483,0.23336256,0.23296176,0.23225757,0.23126474,0.22999835,0.22847326,0.22670439,0.22470668,0.22249505,0.22008441,0.21748973,0.21472582,0.21180776,0.20875035,0.20556861,0.2022774,0.1988917,0.19542634,0.19189636,0.1883166,0.18470202,0.18106756,0.17742811,0.1737986,0.17019396,0.16662915,0.16311903,0.1596786,0.15632272,0.15306635,0.1499244,0.14691179,0.14404345,0.14142394,0.139137,0.13716625,0.13549532,0.1341079,0.13298757,0.13211806,0.13148296,0.13106592,0.13085057,0.13082056,0.1309596,0.13125128,0.13167922,0.13222708
0.1384737,0.1378557,0.13733596,0.13692999,0.13665329,0.13652143,0.13654988,0.13675417,0.13714977,0.13775226,0.13857713,0.13963988,0.14095609,0.14254117,0.14441073,0.14658017,0.14906515,0.15179521,0.15467906,0.15770078,0.16084449,0.16409424,0.16743417,0.1708483,0.1743208,0.17783573,0.18137716,0.18492919,0.1884759,0.19200143,0.19548984,0.1989252,0.20229162,0.20557319,0.20875402,0.21181817,0.21474974,0.21753284,0.22015154,0.22258994,0.22483209,0.22686218,0.22866414,0.23022225,0.23152049,0.23254296,0.23327373,0.23369695,0.23379667,0.23356646,0.23302074,0.2321751,0.23104501,0.229646,0.22799358,0.2261033,0.22399059,0.22167106,0.21916014,0.2164734,0.21362635,0.2106345,0.20751339,0.20427841,0.20094524,0.1975293,0.19404614,0.19051127,0.1869402,0.18334846,0.17975149,0.17616491,0.17260414,0.16908479,0.16562231,0.16223224,0.1589301,0.15573137,0.1526516,0.14970626,0.14691094,0.14436279,0.14213817,0.14022109,0.13859572,0.13724604,0.13615626,0.13531043,0.1346926,0.13428695,0.13407747,0.1340483,0.13418353,0.13446726,0.13488354,0.13541651
0.13528074,0.13463897,0.13409923,0.13367766,0.13339034,0.13325337,0.13328291,0.13349505,0.1339059,0.13453156,0.1353882,0.13649184,0.13785863,0.13950472,0.14144617,0.14369912,0.14627966,0.14910935,0.15208866,0.1552021,0.15843423,0.16176951,0.16519251,0.16868772,0.17223969,0.17583293,0.17945196,0.1830813,0.18670551,0.19030909,0.1938765,0.19739239,0.20084117,0.2042074,0.20747563,0.21063036,0.2136561,0.21653737,0.21925873,0.2218047,0.2241597,0.22630839,0.22823524,0.22992478,0.23136151,0.23252998,0.2334147,0.23400016,0.23427096,0.23421003,0.23382154,0.2331215,0.2321261,0.23085147,0.22931367,0.2275288,0.225513,0.2232824,0.22085303,0.21824113,0.21546273,0.21253395,0.20947085,0.2062897,0.2030064,0.19963725,0.19619825,0.19270556,0.18917526,0.18562348,0.18206634,0.17851993,0.17500038,0.17152378,0.16810629,0.16476399,0.16151294,0.15836933,0.15534921,0.15246876,0.14974406,0.14726512,0.14510088,0.14323583,0.14165461,0.1403416,0.13928142,0.13845852,0.1378575,0.13746281,0.13725902,0.13723063,0.13736221,0.13763823,0.13804318,0.13856171
0.13208477,0.13141884,0.1308588,0.13042133,0.1301232,0.12998109,0.13001172,0.13023186,0.13065816,0.1313074,0.13219623,0.1333414,0.13475965,0.1364677,0.13848221,0.14081994,0.14349763,0.14642866,0.14950533,0.15271257,0.15603526,0.15945841,0.1629669,0.16654575,0.17017975,0.173854,0.17755328,0.18126263,0.184967,0.18865123,0.19230032,0.19589925,0.19943283,0.20288612,0.20624399,0.20949136,0.21261322,0.21559449,0.21842007,0.22107494,0.22354405,0.22581224,0.22786456,0.22968589,0.23126113,0.23257528,0.2336133,0.23436004,0.23480043,0.2349072,0.23467395,0.23411755,0.2332546,0.23210189,0.23067613,0.22899404,0.22707227,0.22492765,0.22257681,0.2200365,0.21732347,0.21445435,0.21144594,0.20831499,0.20507807,0.201752,0.19835351,0.1948993,0.19140606,0.18789053,0.18436944,0.18085949,0.1773774,0.17393993,0.17056373,0.16726552,0.16406205,0.16097006,0.15800624,0.1551873,0.15252998,0.1501172,0.14801072,0.14619549,0.14465643,0.1433785,0.1423466,0.1415457,0.14096068,0.14057657,0.14037819,0.1403506,0.14047866,0.14074726,0.14114143,0.1416461
0.12888494,0.12819438,0.1276136,0.12715997,0.12685078,0.12670343,0.12673521,0.1269635,0.12740555,0.12807877,0.1290005,0.13018806,0.13165878,0.13342999,0.13551903,0.13794324,0.14071998,0.14375454,0.146931,0.1502346,0.15365073,0.1571647,0.16076179,0.1644274,0.1681468,0.17190535,0.17568834,0.17948115,0.18326902,0.18703733,0.19077143,0.19445659,0.19807817,0.20162149,0.20507185,0.20841458,0.21163505,0.21471857,0.21765038,0.22041593,0.22300048,0.22538938,0.22756791,0.22952144,0.2312353,0.23269477,0.2338852,0.23479192,0.23540024,0.23567246,0.23559217,0.2351767,0.23444341,0.23340958,0.2320926,0.23050982,0.22867855,0.22661613,0.22433984,0.22186713,0.21921524,0.21640156,0.21344343,0.21035816,0.20716304,0.2038755,0.20051284,0.19709237,0.19363147,0.19014746,0.18665762,0.18317938,0.17973001,0.17632692,0.17298737,0.16972871,0.16656832,0.16352348,0.16061154,0.15784985,0.15525578,0.15290532,0.15085332,0.14908499,0.14758569,0.14634077,0.14533556,0.14455535,0.14398545,0.14361128,0.14341803,0.14339116,0.14351586,0.14377756,0.14416157,0.1446532
0.12568042,0.12496464,0.124362655,0.12389244,0.123571984,0.123419255,0.12345219,0.12368879,0.12414702,0.124844834,0.1258002,0.12703113,0.12855557,0.13039143,0.13255677,0.13506952,0.13794765,0.14108841,0.14436752,0.14777075,0.1512837,0.15489207,0.15858154,0.16233785,0.16614662,0.16999356,0.17386435,0.17774473,0.1816203,0.1854768,0.1892999,0.19307527,0.19678862,0.20042564,0.20397198,0.20741333,0.21073544,0.2139239,0.21696444,0.21984279,0.22254458,0.2250555,0.22736123,0.22944748,0.23129995,0.23290429,0.23424618,0.23531133,0.2360854,0.2365205,0.23659025,0.23631251,0.23570542,0.2347868,0.23357469,0.23208702,0.2303418,0.22835703,0.2261506,0.22374053,0.22114477,0.2183813,0.21546805,0.21242304,0.20926422,0.2060096,0.20267707,0.19928463,0.19585031,0.192392,0.18892768,0.18547538,0.18205303,0.17867857,0.17537,0.17214529,0.16902243,0.16601935,0.16315402,0.16044447,0.1579086,0.15561588,0.15361421,0.1518893,0.15042686,0.14921248,0.14823195,0.14747088,0.146915,0.14654997,0.1463615,0.14633526,0.14645693,0.14671221,0.14708677,0.1475663
0.1224704,0.12172871,0.12110494,0.120617725,0.12028566,0.12012739,0.12016154,0.120406695,0.120881505,0.12160456,0.12259452,0.12386999,0.1254496,0.12735191,0.12959564,0.13219927,0.13518158,0.13843165,0.14181693,0.14532346,0.14893721,0.15264423,0.15643053,0.1602821,0.16418497,0.16812512,0.17208858,0.1760614,0.18002954,0.18397903,0.1878959,0.19176611,0.19557568,0.1993107,0.20295711,0.20650092,0.20992818,0.21322487,0.216377,0.21937065,0.22219172,0.2248263,0.22726037,0.22947995,0.23147109,0.23321971,0.2347119,0.23593362,0.23687097,0.23746586,0.23768224,0.23753856,0.23705354,0.23624578,0.23513384,0.2337365,0.23207217,0.23015963,0.22801743,0.22566421,0.2231186,0.22039917,0.21752462,0.2145135,0.21138443,0.2081561,0.20484705,0.20147593,0.19806138,0.19462201,0.19117641,0.18774326,0.1843411,0.18098862,0.1777044,0.17450708,0.17141528,0.1684476,0.16562268,0.16295911,0.16047555,0.15823509,0.15627903,0.15459344,0.1531643,0.1519776,0.1510194,0.15027568,0.14973247,0.14937577,0.14919159,0.14916593,0.14928481,0.14953427,0.14990032,0.15036893
0.11925402,0.11848567,0.117839426,0.117334686,0.11699068,0.1168267,0.11686207,0.11711605,0.117607966,0.11835706,0.11938265,0.120704,0.12234045,0.12431124,0.1266357,0.1293331,0.13242272,0.13578565,0.13928108,0.14289522,0.14661442,0.15042496,0.15431313,0.15826526,0.16226761,0.16630651,0.17036824,0.17443909,0.17850539,0.18255341,0.18656953,0.19053987,0.19445087,0.19828883,0.20204,0.2056907,0.2092272,0.2126358,0.21590285,0.21901463,0.22195743,0.22471751,0.22728121,0.22963485,0.23176464,0.23365697,0.23529813,0.23667437,0.23777203,0.23852324,0.23888226,0.23886833,0.23850074,0.23779881,0.23678179,0.23546901,0.23387972,0.2320332,0.22994882,0.2276458,0.22514345,0.22246107,0.21961792,0.21663332,0.21352655,0.2103169,0.20702368,0.20366612,0.20026359,0.19683531,0.19340058,0.18997878,0.18658908,0.18325081,0.1799833,0.17680582,0.17373762,0.17079803,0.16800635,0.1653818,0.16294377,0.16074924,0.15883334,0.15718232,0.15578246,0.15462013,0.15368156,0.15295313,0.15242104,0.15207168,0.15189125,0.15186614,0.1519826,0.15222695,0.15258546,0.15304448
0.11603052,0.11523456,0.11456514,0.11404226,0.113685906,0.113516055,0.11355269,0.11381578,0.11432535,0.11510133,0.11616374,0.11753255,0.119227745,0.1212693,0.12367722,0.12647143,0.12967199,0.13315186,0.13676189,0.14048852,0.14431836,0.14823793,0.15223372,0.15629238,0.16040035,0.16454422,0.16871053,0.1728858,0.17705661,0.18120942,0.18533087,0.18940744,0.1934257,0.19737218,0.2012334,0.20499595,0.20864633,0.2121711,0.21555679,0.21878992,0.22185709,0.22474481,0.22743961,0.22992805,0.23219663,0.23423195,0.23602055,0.23754889,0.2388036,0.23970716,0.24020444,0.24031533,0.24005991,0.23945814,0.23852997,0.23729539,0.23577444,0.233987,0.23195313,0.22969279,0.22722596,0.22457261,0.22175278,0.2187864,0.21569343,0.21249391,0.20920777,0.20585506,0.20245571,0.19902971,0.19559708,0.19217773,0.18879169,0.18545896,0.18219948,0.1790333,0.17598027,0.17306052,0.17029394,0.16770057,0.16530035,0.1631447,0.16126269,0.1596409,0.15826586,0.15712407,0.15620217,0.1554866,0.15496396,0.15462075,0.15444355,0.15441887,0.15453327,0.1547733,0.15512545,0.15557635
0.11279903,0.11197448,0.11128104,0.110739365,0.11037022,0.11019425,0.11023222,0.11050477,0.11103262,0.11183648,0.11293704,0.114355,0.11611106,0.118225925,0.1207203,0.12361486,0.12693034,0.13053171,0.13426131,0.13810587,0.14205214,0.14608686,0.15019675,0.15436853,0.15858898,0.16284478,0.16712269,0.17140946,0.17569178,0.17995644,0.18419014,0.18837962,0.19251162,0.19657287,0.20055008,0.20443003,0.20819943,0.21184501,0.2153535,0.21871167,0.22190623,0.2249239,0.22775142,0.23037556,0.23278302,0.23496053,0.23689483,0.23857269,0.23998079,0.24103226,0.24166282,0.24189317,0.24174401,0.24123608,0.24039,0.23922658,0.23776641,0.23603027,0.2340388,0.23181275,0.22937277,0.2267396,0.22393396,0.22097647,0.21788791,0.21468894,0.21140026,0.20804262,0.20463663,0.20120308,0.1977626,0.19433592,0.19094378,0.18760678,0.18434572,0.18118125,0.17813408,0.17522493,0.17247446,0.1699034,0.16753243,0.1654077,0.16355273,0.16195421,0.1605989,0.15947352,0.15856484,0.15785953,0.15734439,0.1570061,0.15683144,0.15680712,0.15691987,0.15715645,0.15750358,0.15794796
0.10976234,0.108910464,0.10819402,0.10763442,0.107253045,0.107071266,0.10711047,0.10739204,0.10793739,0.10876789,0.10990492,0.11136986,0.11318412,0.11536907,0.117946096,0.12093659,0.12436193,0.12807953,0.13192388,0.13588186,0.13994032,0.14408618,0.14830631,0.15258768,0.15691705,0.1612814,0.1656676,0.17006254,0.1744531,0.17882617,0.1831687,0.18746749,0.1917095,0.19588158,0.19997063,0.20396355,0.20784722,0.21160856,0.21523441,0.21871169,0.22202732,0.22516812,0.22812106,0.23087297,0.23341075,0.2357213,0.23779157,0.23960836,0.24115859,0.24234661,0.2430998,0.24343951,0.24338713,0.24296409,0.24219173,0.24109147,0.23968466,0.2379927,0.23603696,0.23383887,0.2314198,0.22880109,0.22600418,0.22305042,0.21996127,0.216758,0.21346207,0.21009485,0.20667775,0.20323214,0.19977939,0.19634087,0.19293803,0.18959221,0.1863248,0.18315722,0.18011077,0.17720696,0.17446707,0.17191254,0.16956472,0.16746506,0.16563194,0.16405231,0.16271295,0.16160083,0.16070288,0.16000591,0.15949684,0.15916257,0.15898995,0.15896592,0.15907736,0.15931112,0.15965416,0.16009331
0.10711116,0.10623543,0.105498925,0.10492366,0.1045316,0.10434472,0.10438504,0.10467449,0.10523511,0.10608886,0.10725773,0.10876372,0.11062877,0.11287488,0.11552407,0.11859831,0.12211958,0.1259387,0.12988326,0.13394019,0.1380966,0.1423395,0.1466559,0.15103287,0.15545739,0.15991649,0.16439724,0.16888662,0.17337167,0.17783944,0.18227692,0.18667115,0.1910092,0.19527803,0.19946474,0.2035563,0.20753974,0.21140209,0.2151304,0.21871172,0.222133,0.22538134,0.22844373,0.23130724,0.2339588,0.23638551,0.23857446,0.24051255,0.24218686,0.24349414,0.2443544,0.24478956,0.24482168,0.24447277,0.24376473,0.24271964,0.24135938,0.23970598,0.23778148,0.23560776,0.23320693,0.23060086,0.22781156,0.2248611,0.22177134,0.21856438,0.21526213,0.2118866,0.20845976,0.2050036,0.2015401,0.19809131,0.19467914,0.19132559,0.18805265,0.18488231,0.18183653,0.17893733,0.17620674,0.17366661,0.17133904,0.16926123,0.16744725,0.16588405,0.16455865,0.16345817,0.16256952,0.16187981,0.16137607,0.16104524,0.16087443,0.16085066,0.16096093,0.16119228,0.1615317,0.16196628
0.10482655,0.10393026,0.10317645,0.102587685,0.10218642,0.10199516,0.10203642,0.10233269,0.10290646,0.103780255,0.10497656,0.10651786,0.108426705,0.11072557,0.11343693,0.116583325,0.12018725,0.124093845,0.1281247,0.13226697,0.1365078,0.14083432,0.14523368,0.14969306,0.15419953,0.15874031,0.16330248,0.16787326,0.17243975,0.1769891,0.18150845,0.18598494,0.19040573,0.19475797,0.19902879,0.20320533,0.20727475,0.21122417,0.21504079,0.21871172,0.2222241,0.22556508,0.22872181,0.23168144,0.23443109,0.23695792,0.23924907,0.2412917,0.24307297,0.244483,0.24543546,0.24595295,0.2460579,0.24577281,0.24512026,0.24412265,0.24280252,0.2411824,0.23928477,0.2371321,0.23474698,0.23215179,0.22936909,0.22642142,0.22333121,0.22012101,0.2168133,0.21343058,0.20999534,0.20653015,0.20305742,0.19959971,0.1961795,0.19281928,0.1895416,0.18636891,0.18332373,0.18042853,0.17770584,0.17517816,0.17286803,0.1708091,0.16901153,0.16746253,0.1661492,0.16505864,0.16417807,0.16349465,0.16299544,0.16266765,0.1624984,0.16247481,0.1625841,0.16281335,0.16314971,0.16358033
0.10288951,0.10197579,0.101207346,0.10060711,0.10019803,0.10000308,0.100045115,0.100347124,0.10093208,0.10182286,0.10304244,0.10461373,0.10655969,0.10890323,0.11166734,0.11487493,0.11854893,0.122529685,0.12663372,0.13084833,0.13516073,0.13955815,0.14402784,0.14855704,0.15313305,0.15774307,0.16237436,0.16701414,0.17164963,0.17626813,0.1808569,0.18540311,0.18989408,0.19431703,0.19865917,0.20290777,0.20705007,0.21107337,0.21496484,0.21871173,0.22230133,0.2257209,0.22895758,0.2319987,0.2348315,0.23744324,0.23982108,0.24195233,0.24382427,0.24532135,0.24635208,0.24693932,0.24710602,0.24687508,0.24626951,0.2453122,0.24402611,0.24243419,0.24055934,0.23842455,0.23605268,0.23346674,0.23068964,0.22774436,0.2246537,0.2214408,0.21812847,0.21473965,0.21129736,0.20782445,0.2043439,0.20087862,0.19745165,0.19408579,0.19080402,0.18762931,0.18458462,0.18169284,0.17897688,0.17645976,0.17416435,0.17212139,0.17033783,0.16880086,0.16749772,0.16641563,0.16554192,0.16486377,0.16436847,0.16404317,0.16387524,0.16385189,0.16396026,0.16418774,0.16452152,0.16494884
0.1012811,0.10035292,0.09957229,0.09896257,0.09854701,0.09834895,0.09839166,0.098698474,0.09929268,0.10019755,0.101436436,0.103032626,0.105009414,0.10739008,0.11019797,0.11345637,0.11718854,0.12123088,0.12539573,0.12967037,0.13404217,0.13849847,0.14302656,0.14761382,0.15224752,0.15691504,0.16160364,0.16630071,0.17099354,0.17566948,0.18031585,0.18492,0.18946923,0.19395088,0.19835225,0.20266066,0.20686352,0.21094815,0.21490175,0.21871173,0.22236547,0.22585025,0.22915335,0.23226218,0.23516399,0.2378462,0.24029605,0.24250092,0.24444808,0.24601752,0.24711317,0.24775837,0.24797627,0.24779035,0.24722384,0.24629997,0.24504213,0.24347366,0.2416177,0.23949768,0.23713687,0.23455858,0.23178612,0.22884281,0.22575189,0.22253667,0.2192205,0.21582665,0.21237846,0.20889921,0.2054121,0.20194058,0.19850789,0.19513738,0.19185229,0.1886759,0.18563159,0.18274261,0.18003228,0.17752391,0.1752408,0.17321108,0.17143916,0.1699121,0.16861741,0.1675424,0.16667435,0.16600062,0.16550851,0.16518539,0.16501854,0.1649953,0.165103,0.165329,0.16566055,0.1660851
0.09998239,0.09904248,0.09825206,0.09763464,0.09721386,0.0970133,0.09705655,0.09736722,0.09796892,0.0988852,0.10013967,0.10175595,0.10375762,0.10616827,0.1090115,0.1123109,0.11609009,0.12018214,0.12439605,0.12871918,0.133139,0.13764283,0.1422181,0.1468522,0.15153249,0.1562464,0.1609813,0.16572465,0.1704638,0.17518613,0.17987902,0.18452989,0.18912616,0.19365524,0.19810441,0.20246118,0.2067129,0.21084698,0.2148508,0.21871176,0.22241724,0.2259547,0.22931142,0.23247488,0.23543248,0.23817155,0.24067953,0.24294381,0.24495181,0.24657966,0.24772778,0.24841969,0.24867904,0.24852942,0.24799438,0.24709755,0.24586251,0.24431287,0.24247225,0.2403642,0.23801236,0.23544025,0.23267153,0.22972979,0.22663862,0.22342157,0.22010231,0.21670435,0.2132514,0.20976695,0.20627464,0.20279805,0.1993608,0.19598651,0.19269869,0.18952097,0.18647699,0.18359026,0.18088447,0.17838317,0.17610997,0.174091,0.17232838,0.17080942,0.16952159,0.16845223,0.16758876,0.1669186,0.16642909,0.16610765,0.16594166,0.16591856,0.16602576,0.16625048,0.16658033,0.16700263
0.09897436,0.09802541,0.09722734,0.09660398,0.09617913,0.09597663,0.0960203,0.09633399,0.096941456,0.09786659,0.099133186,0.10076504,0.10278603,0.10521996,0.1080906,0.111421876,0.11523752,0.11936816,0.12362017,0.12798095,0.13243799,0.1369787,0.1415906,0.14626102,0.15097749,0.15572743,0.16049829,0.16527756,0.17005262,0.17481093,0.17953996,0.18422712,0.1888599,0.19342574,0.19791208,0.20230635,0.206596,0.2107685,0.21481127,0.21871176,0.22245744,0.22603576,0.22943412,0.23264003,0.23564087,0.2384241,0.2409772,0.24328762,0.24534279,0.24701598,0.24820477,0.24893296,0.24922447,0.249103,0.24859248,0.24771659,0.24649929,0.24496435,0.24313557,0.24103677,0.23869184,0.23612456,0.23335873,0.23041824,0.22732681,0.2241084,0.22078669,0.21738562,0.21392892,0.21044047,0.20694411,0.20346361,0.2000228,0.19664556,0.19335562,0.19017689,0.18713315,0.18424821,0.18154594,0.17905009,0.17678459,0.17477398,0.17301856,0.17150588,0.17022333,0.1691584,0.16829851,0.16763106,0.1671436,0.16682348,0.16665818,0.16663516,0.16674191,0.16696574,0.1672942,0.16771477
0.098238096,0.09728254,0.09647888,0.09585115,0.095423356,0.09521943,0.09526341,0.095579274,0.09619101,0.097122595,0.09839803,0.10004129,0.102076374,0.1045273,0.10741798,0.11077249,0.11461478,0.11877363,0.12305345,0.12744173,0.13192596,0.13649364,0.14113225,0.14582925,0.15057214,0.15534838,0.16014552,0.16495097,0.16975228,0.17453688,0.17929229,0.18400599,0.18866543,0.19325812,0.1977716,0.20219323,0.2065106,0.21071117,0.21478242,0.2187118,0.22248678,0.22609498,0.22952372,0.2327606,0.23579305,0.23860857,0.24119462,0.2435387,0.24562833,0.24733466,0.2485532,0.24930792,0.24962284,0.249522,0.24902931,0.24816875,0.24696438,0.24544014,0.24362002,0.24152799,0.23918812,0.23662439,0.23386069,0.23092107,0.22782953,0.22461003,0.22128658,0.21788318,0.21442384,0.21093246,0.20743307,0.20394972,0.20050633,0.19712692,0.19383545,0.19065596,0.18761241,0.18472877,0.18202905,0.17953725,0.17727734,0.17527276,0.17352271,0.17201458,0.17073593,0.16967417,0.1688169,0.1681515,0.16766544,0.16734633,0.16718155,0.16715857,0.16726497,0.16748816,0.16781566,0.16823491
0.09775463,0.0967947,0.09598741,0.09535683,0.09492708,0.09472223,0.094766416,0.0950837,0.09569822,0.096634045,0.09791528,0.09956603,0.10161038,0.10407247,0.106976315,0.11034609,0.114205875,0.118383214,0.122681305,0.12708765,0.13158973,0.13617511,0.14083126,0.14554569,0.15030596,0.15509947,0.15991387,0.16473652,0.16955504,0.17435695,0.17912968,0.18386073,0.18853773,0.19314806,0.19767936,0.20211896,0.20645453,0.21067356,0.21476343,0.21871176,0.22250612,0.22613384,0.2295826,0.23283976,0.23589298,0.23872972,0.24133739,0.24370357,0.24581587,0.24754392,0.248782,0.2495541,0.24988444,0.24979714,0.24931611,0.24846564,0.24726978,0.24575254,0.24393815,0.24185061,0.23951408,0.23695257,0.23419029,0.23125125,0.22815959,0.22493944,0.22161484,0.21820994,0.21474877,0.21125549,0.2077542,0.20426892,0.20082383,0.19744301,0.19415058,0.19097057,0.1879271,0.18504432,0.18234633,0.17985708,0.17760089,0.17560032,0.17385373,0.17234863,0.1710725,0.17001289,0.16915731,0.16849321,0.16800816,0.16768962,0.16752519,0.16750228,0.16760845,0.16783121,0.16815804,0.16857646
0.09750498,0.0965428,0.095733635,0.09510159,0.09467081,0.09446551,0.09450979,0.09482783,0.09544377,0.09638178,0.09766603,0.09932063,0.10136977,0.10383761,0.10674826,0.11012592,0.11399473,0.11818163,0.12248914,0.12690482,0.13141611,0.13601063,0.14067584,0.1453993,0.15016851,0.15497096,0.15979424,0.16462582,0.16945323,0.17426406,0.17904569,0.18378577,0.18847178,0.19309124,0.19763173,0.20208062,0.20642559,0.2106541,0.21475364,0.21871181,0.22251606,0.22615391,0.22961296,0.23288067,0.2359446,0.23879223,0.24141109,0.24378878,0.24591269,0.24765196,0.2489001,0.24968126,0.25001955,0.24993916,0.24946427,0.24861893,0.24742746,0.24591391,0.2441024,0.24201716,0.23968235,0.23712203,0.23436047,0.23142175,0.22833008,0.22510952,0.22178435,0.21837866,0.21491657,0.2114223,0.20791999,0.20443377,0.20098782,0.19760622,0.19431326,0.19113298,0.18808962,0.18520726,0.18251006,0.18002228,0.17776795,0.17576943,0.17402464,0.17252108,0.17124629,0.17018777,0.16933303,0.16866964,0.16818511,0.16786692,0.16770265,0.16767977,0.1677858,0.16800837,0.16833483,0.16875285
0.09747023,0.09650776,0.09569831,0.09506604,0.09463514,0.09442976,0.094474055,0.094792195,0.09540835,0.09634666,0.097631305,0.09928647,0.10133628,0.10380491,0.106716506,0.11009526,0.113965325,0.11815358,0.12246239,0.12687936,0.13139199,0.13598774,0.14065422,0.1453789,0.15014936,0.15495306,0.15977757,0.16461043,0.16943908,0.1742511,0.17903401,0.18377534,0.18846263,0.19308333,0.19762507,0.20207529,0.20642155,0.21065138,0.21475227,0.2187118,0.22251745,0.22615673,0.2296172,0.23288639,0.23595178,0.23880093,0.24142137,0.24380061,0.24592617,0.24766698,0.2489165,0.24969892,0.25003836,0.24995896,0.24948491,0.24864031,0.24744938,0.24593633,0.24412528,0.24204038,0.23970574,0.23714562,0.23438418,0.23144545,0.22835381,0.22513323,0.22180796,0.21840213,0.2149399,0.21144554,0.20794304,0.2044567,0.20101061,0.19762897,0.1943359,0.19115564,0.18811224,0.18522996,0.1825329,0.18004528,0.17779122,0.17579299,0.17404845,0.17254509,0.1712705,0.17021212,0.16935751,0.16869423,0.16820973,0.16789159,0.16772734,0.16770448,0.1678105,0.168033,0.16835946,0.16877739
0.09763139,0.09667035,0.09586213,0.095230825,0.09480056,0.09459549,0.09463973,0.09495739,0.0955726,0.09650952,0.09779224,0.09944488,0.10149161,0.10395651,0.10686374,0.11023742,0.11410164,0.11828371,0.12258646,0.12699738,0.13150404,0.13609391,0.14075455,0.14547345,0.15023808,0.15503603,0.15985481,0.16468188,0.16950479,0.17431109,0.17908822,0.18382376,0.18850517,0.19312005,0.19765583,0.20210004,0.20644024,0.21066391,0.2147586,0.21871176,0.222511,0.22614375,0.2295976,0.23285995,0.23591848,0.23876059,0.24137376,0.24374564,0.24586365,0.24759725,0.24884029,0.24961689,0.24995115,0.24986726,0.24938928,0.24854134,0.24734764,0.24583216,0.24401923,0.24193281,0.23959711,0.23703623,0.23427427,0.23133543,0.22824374,0.22502345,0.22169852,0.2182932,0.21483162,0.21133785,0.20783602,0.20435026,0.20090479,0.19752358,0.19423087,0.19105072,0.18800734,0.18512475,0.18242717,0.17993864,0.17768335,0.17568384,0.17393813,0.1724338,0.17115828,0.1700992,0.16924405,0.16858032,0.1680955,0.16777715,0.16761279,0.1675899,0.16769601,0.16791864,0.16824533,0.16866356
0.0979695,0.097011514,0.09620584,0.095576525,0.09514764,0.0949432,0.09498732,0.09530395,0.09591723,0.09685119,0.09812983,0.09977727,0.101817496,0.1042746,0.107172616,0.1105356,0.11438762,0.11855674,0.12284669,0.12724501,0.13173918,0.13631669,0.14096503,0.14567171,0.15042424,0.15521012,0.16001683,0.16483185,0.16964272,0.1744369,0.17920196,0.1839253,0.18859449,0.19319701,0.19772032,0.20215198,0.20647946,0.21069026,0.21477187,0.21871178,0.22249752,0.22611658,0.22955641,0.23280457,0.23584858,0.23867585,0.24127392,0.24363032,0.24573252,0.24745087,0.24868028,0.2494447,0.2497682,0.24967487,0.24918865,0.24833372,0.24713404,0.24561368,0.24379674,0.24170728,0.23936923,0.23680669,0.23404379,0.23110448,0.22801289,0.22479305,0.22146899,0.2180647,0.21460433,0.21111193,0.20761146,0.20412707,0.20068271,0.19730255,0.1940105,0.19083074,0.18778725,0.1849041,0.1822053,0.17971495,0.17745708,0.17545475,0.1737066,0.17220017,0.1709229,0.16986234,0.16900599,0.16834134,0.16785584,0.16753706,0.16737247,0.16734955,0.16745576,0.16767873,0.16800587,0.16842468
0.098465614,0.0975121,0.09671018,0.09608378,0.09565691,0.09545342,0.095497325,0.0958125,0.09642292,0.097352505,0.09862519,0.10026493,0.10229567,0.104741335,0.107625835,0.11097315,0.114807226,0.11895734,0.123228565,0.12760836,0.13208419,0.13664354,0.14127387,0.14596267,0.15069737,0.15546553,0.16025454,0.1650519,0.1698451,0.17462155,0.17936882,0.18407433,0.18872553,0.19330992,0.197815,0.20222819,0.20653701,0.21072888,0.21479131,0.2187118,0.22247772,0.22607666,0.229496,0.23272331,0.235746,0.23855157,0.24112742,0.2434611,0.24554008,0.24723616,0.24844551,0.24919209,0.24949978,0.24939248,0.24889429,0.24802902,0.24682066,0.2452931,0.24347028,0.2413762,0.2390348,0.23646991,0.23370555,0.23076567,0.2276742,0.22445504,0.22113211,0.21772945,0.2142709,0.21078044,0.20728198,0.2037995,0.20035693,0.19697815,0.19368716,0.19050792,0.18746431,0.18458028,0.18187979,0.17938672,0.17712507,0.17511861,0.1733669,0.1718574,0.17057756,0.16951479,0.16865669,0.16799065,0.16750419,0.16718476,0.16701981,0.16699685,0.16710334,0.16732673,0.16765451,0.16807419
0.09910075,0.09815293,0.09735582,0.096733205,0.096308865,0.096106626,0.09615024,0.09646354,0.097070314,0.09799431,0.099259384,0.10088931,0.102907866,0.105338864,0.10820609,0.11153336,0.11534443,0.11947023,0.12371746,0.12807353,0.1325259,0.137062,0.14166926,0.14633514,0.15104708,0.15579249,0.16055888,0.16533361,0.17010418,0.17485799,0.17958248,0.18426508,0.1888933,0.19345452,0.1979362,0.20232575,0.20661068,0.21077834,0.21481618,0.21871176,0.2224524,0.22602561,0.22941872,0.2326193,0.23561473,0.23839243,0.24093987,0.2432445,0.24529374,0.24696125,0.24814498,0.24886864,0.2491561,0.24903104,0.24851745,0.24763897,0.24641944,0.24488264,0.24305236,0.24095246,0.23860665,0.23603876,0.23327257,0.23033187,0.22724055,0.22402227,0.2207009,0.21730018,0.213844,0.21035604,0.20686015,0.20338015,0.19993982,0.19656292,0.19327325,0.19009465,0.18705086,0.1841657,0.18146299,0.17896649,0.1767,0.17468832,0.17293203,0.17141856,0.17013538,0.16906987,0.1682095,0.16754177,0.16705401,0.16673371,0.16656834,0.16654532,0.16665208,0.16687605,0.16720471,0.16762546
