0.22172612,0.22212766,0.22246534,0.22272912,0.22290887,0.2229946,0.22297607,0.22284335,0.2225863,0.22219485,0.2216589,0.22096838,0.22011325,0.21908337,0.21786866,0.21645908,0.21484454,0.21316424,0.21155901,0.21002105,0.20854262,0.20711595,0.20573324,0.20438677,0.2030688,0.2017715,0.20048714,0.19920793,0.19792618,0.19663407,0.19532384,0.1939877,0.19261797,0.1912068,0.18974648,0.18822925,0.18664728,0.18499291,0.18325825,0.18143564,0.17951731,0.17749543,0.17536226,0.17311007,0.17073111,0.16821755,0.16556169,0.16275571,0.15979189,0.1568524,0.15411787,0.15157825,0.14922343,0.14704335,0.14502789,0.14316702,0.14145061,0.13986863,0.13841096,0.13706753,0.13582827,0.13468309,0.13362195,0.13263468,0.13171126,0.13084163,0.13001569,0.12922336,0.12845449,0.12769912,0.12694708,0.12618831,0.12541276,0.12461031,0.12377094,0.12288448,0.12194092,0.12093014,0.11984209,0.118666716,0.117393844,0.1161504,0.11506485,0.11412934,0.11333621,0.11267761,0.11214584,0.11173309,0.11143162,0.11123367,0.11113142,0.11111721,0.11118319,0.111321636,0.11152477,0.11178487
0.22230616,0.22271276,0.22305474,0.22332181,0.22350384,0.22359058,0.22357191,0.22343749,0.22317722,0.22278082,0.22223808,0.22153887,0.22067292,0.21963003,0.2184,0.21697263,0.2153377,0.21363592,0.21200968,0.2104511,0.20895243,0.2075058,0.20610346,0.20473756,0.2034003,0.2020839,0.20078047,0.19948228,0.19818147,0.19687024,0.19554079,0.1941853,0.19279598,0.19136499,0.18988453,0.18834677,0.18674396,0.18506823,0.18331179,0.18146683,0.17952555,0.1774801,0.17532271,0.17304556,0.17064083,0.1681007,0.16541739,0.16258307,0.15958992,0.15662192,0.15386151,0.15129842,0.14892247,0.14672348,0.1446912,0.14281543,0.141086,0.13949266,0.1380252,0.13667345,0.13542716,0.13427612,0.13321021,0.13221914,0.13129267,0.1304207,0.12959294,0.12879919,0.12802927,0.12727295,0.12652007,0.12576033,0.12498362,0.12417967,0.1233383,0.122449294,0.12150242,0.12048753,0.11939436,0.11821274,0.116932414,0.115681395,0.11458918,0.113647975,0.11284996,0.11218734,0.111652315,0.11123704,0.11093371,0.11073454,0.11063167,0.11061736,0.11068377,0.110823065,0.11102743,0.1112891
0.22279397,0.22320482,0.22355038,0.22382027,0.22400425,0.22409192,0.22407301,0.22393718,0.22367413,0.2232736,0.22272521,0.22201864,0.2211436,0.2200898,0.21884686,0.21740451,0.21575241,0.21403259,0.21238866,0.21081279,0.20929708,0.20783368,0.20641482,0.20503257,0.20367911,0.2023466,0.20102717,0.19971298,0.19839613,0.19706884,0.19572324,0.19435146,0.19294567,0.191498,0.19000064,0.18844566,0.18682528,0.18513162,0.18335684,0.18149309,0.17953253,0.17746726,0.17528948,0.17299129,0.17056489,0.16800246,0.16529602,0.16243783,0.15942001,0.15642807,0.15364586,0.1510631,0.14866939,0.14645447,0.14440805,0.1425198,0.14077938,0.13917646,0.1377008,0.13634203,0.13508983,0.13393392,0.13286397,0.13186963,0.13094065,0.13006666,0.12923738,0.12844247,0.12767164,0.12691456,0.12616092,0.12540041,0.124622695,0.12381748,0.12297445,0.122083284,0.12113365,0.12011527,0.1190178,0.11783093,0.116544366,0.11528692,0.11418913,0.11324313,0.112441026,0.11177502,0.11123724,0.11081985,0.11051497,0.11031479,0.11021142,0.110197015,0.11026374,0.110403754,0.1106092,0.11087217
0.223175,0.22358917,0.22393753,0.22420965,0.22439505,0.22448348,0.22446437,0.2243275,0.2240623,0.2236585,0.22310567,0.22239338,0.22151124,0.2204489,0.21919587,0.21774185,0.21607637,0.21434243,0.21268469,0.21109526,0.20956627,0.2080898,0.206658,0.20526299,0.20389691,0.20255181,0.20121983,0.19989316,0.19856383,0.19722399,0.19586575,0.19448125,0.1930626,0.19160193,0.1900913,0.1885229,0.18688881,0.18518116,0.18339202,0.1815136,0.17953795,0.17745721,0.1752635,0.1729489,0.17050563,0.16792569,0.16520123,0.1623244,0.15928733,0.15627667,0.15347745,0.15087923,0.1484717,0.14624435,0.14418688,0.14228885,0.14053987,0.1389295,0.13744739,0.13608317,0.13482633,0.13366663,0.13259351,0.13159665,0.13066567,0.12979014,0.12895967,0.12816384,0.1273923,0.12663464,0.12588042,0.12511924,0.124340765,0.12353459,0.122690246,0.12179741,0.1208456,0.11982449,0.11872367,0.117532715,0.11624126,0.11497881,0.113876656,0.11292689,0.11212163,0.11145296,0.11091302,0.110494,0.1101879,0.109986916,0.10988313,0.109868675,0.10993568,0.11007625,0.11028248,0.11054652
0.22343469,0.22385116,0.22420141,0.22447498,0.22466142,0.2247503,0.22473112,0.22459346,0.22432688,0.22392087,0.22336498,0.2226488,0.22176181,0.2206936,0.21943375,0.21797176,0.21629713,0.21455361,0.21288644,0.2112878,0.20974973,0.20826434,0.20682375,0.20542003,0.20404531,0.20269164,0.20135117,0.20001593,0.19867812,0.1973297,0.19596289,0.19456972,0.19314231,0.19167274,0.1901531,0.18857554,0.18693209,0.18521489,0.18341601,0.18152755,0.17954165,0.17745034,0.17524579,0.17292,0.17046517,0.16787335,0.16513662,0.1622471,0.15919688,0.15617347,0.15336263,0.15075396,0.14833695,0.14610116,0.14403616,0.14213143,0.14037661,0.1387612,0.13727471,0.13590673,0.13464679,0.13348441,0.13240916,0.13141061,0.13047826,0.12960167,0.12877038,0.12797396,0.12720193,0.12644383,0.12568924,0.12492766,0.124148645,0.123341784,0.12249656,0.12160255,0.120649286,0.119626336,0.11852321,0.11732947,0.11603469,0.11476884,0.1136637,0.11271137,0.111903906,0.111233465,0.11069209,0.1102719,0.109965,0.10976345,0.1096594,0.1096449,0.10971207,0.109853044,0.110059805,0.110324584
0.22355843,0.223976,0.22432718,0.22460148,0.22478841,0.22487752,0.22485825,0.22472027,0.22445296,0.22404587,0.22348857,0.22277054,0.22188123,0.2208103,0.21954715,0.21808131,0.21640237,0.21465425,0.21298261,0.21137954,0.20983715,0.20834756,0.20690274,0.2054949,0.20411606,0.20275831,0.20141377,0.20007451,0.19873257,0.19738011,0.19600919,0.19461188,0.19318031,0.19170648,0.19018255,0.18860061,0.1869527,0.18523097,0.18342742,0.18153422,0.17954342,0.17744708,0.17523734,0.1729063,0.17044592,0.16784842,0.16510583,0.16221027,0.1591538,0.15612431,0.15330793,0.15069425,0.14827274,0.14603293,0.1439643,0.14205645,0.14029881,0.13868093,0.13719238,0.13582262,0.13456117,0.13339758,0.13232131,0.13132194,0.13038895,0.12951183,0.12868017,0.12788346,0.1271112,0.1263529,0.12559809,0.12483637,0.124057084,0.12324987,0.12240424,0.1215097,0.12055571,0.11953187,0.11842766,0.117232606,0.11593621,0.11466876,0.11356221,0.11260865,0.111800164,0.11112883,0.11058677,0.11016604,0.10985874,0.10965695,0.10955274,0.10953825,0.10960551,0.10974663,0.109953694,0.11021879
0.22353175,0.22394907,0.22430006,0.22457415,0.22476104,0.22485006,0.22483085,0.22469293,0.22442576,0.2240189,0.2234619,0.22274427,0.22185549,0.22078511,0.21952268,0.21805769,0.21637969,0.21463254,0.21296187,0.21135977,0.2098183,0.20832959,0.2068857,0.20547873,0.2041008,0.20274393,0.20140027,0.20006186,0.19872081,0.19736922,0.1959992,0.19460277,0.19317208,0.1916992,0.19017623,0.18859518,0.18694828,0.18522748,0.18342496,0.18153279,0.17954303,0.1774478,0.17523915,0.17290924,0.1704501,0.1678538,0.16511248,0.16221821,0.15916309,0.15613492,0.15331975,0.15070711,0.1482866,0.14604765,0.14397979,0.14207262,0.1403156,0.13869826,0.13721016,0.13584077,0.13457964,0.1334163,0.13234027,0.13134104,0.13040818,0.12953122,0.12869965,0.12790298,0.12713078,0.12637252,0.12561776,0.12485604,0.124076836,0.1232697,0.122424126,0.121529706,0.1205759,0.119552255,0.11844827,0.11725348,0.11595745,0.11469037,0.11358409,0.11263079,0.111822546,0.11115142,0.11060949,0.11018889,0.10988165,0.10967993,0.10957575,0.109561265,0.10962852,0.10976959,0.109976605,0.11024161
0.22334005,0.22375566,0.22410525,0.22437824,0.22456436,0.22465304,0.22463392,0.22449651,0.22423042,0.22382523,0.22327046,0.22255568,0.22167048,0.22060442,0.21934707,0.21788795,0.21621668,0.2144766,0.2128129,0.21121761,0.20968284,0.20820072,0.20676336,0.20536278,0.20399122,0.20264068,0.20130332,0.1999712,0.19863647,0.1972912,0.19592749,0.19453749,0.19311324,0.19164693,0.19013059,0.18855633,0.1869163,0.18520257,0.18340728,0.18152244,0.1795403,0.17745285,0.17525223,0.17293055,0.17047992,0.16789243,0.16516018,0.16227527,0.15922986,0.15621105,0.15340447,0.15079962,0.14838603,0.14615335,0.14409108,0.14218882,0.14043611,0.13882253,0.13733765,0.13597101,0.13471222,0.13355081,0.13247636,0.13147843,0.13054655,0.12967037,0.1288394,0.12804316,0.12727134,0.12651339,0.12575893,0.12499748,0.12421868,0.12341204,0.12256715,0.12167356,0.12072083,0.119698554,0.11859628,0.11740355,0.11610998,0.114845365,0.11374132,0.11278993,0.11198325,0.111313455,0.11077263,0.11035284,0.11004624,0.1098449,0.10974095,0.10972649,0.10979358,0.109934404,0.11014098,0.11040546
0.22296871,0.2233811,0.22372793,0.22399883,0.22418347,0.22427149,0.22425248,0.22411618,0.22385217,0.22345014,0.2228997,0.2221905,0.22131221,0.22025447,0.21900693,0.21755919,0.21590097,0.21417469,0.21252443,0.2109423,0.2094205,0.20795114,0.20652634,0.20513824,0.20377901,0.2024407,0.2011155,0.1997956,0.19847302,0.19713998,0.1957886,0.19441101,0.19299929,0.19154567,0.19004223,0.18848109,0.18685442,0.18515435,0.18337297,0.1815025,0.179535,0.17746264,0.17527755,0.17297184,0.1705377,0.16796723,0.16525257,0.16238582,0.15935919,0.15635866,0.15356864,0.15097874,0.1485787,0.14635812,0.14430661,0.14241387,0.14066954,0.13906322,0.13758457,0.13622332,0.13496901,0.13381131,0.13273993,0.13174444,0.13081452,0.12993985,0.12911004,0.12831469,0.12754354,0.1267862,0.12603228,0.12527147,0.12449341,0.12368773,0.122844115,0.12195216,0.12100156,0.119981915,0.11888292,0.11769417,0.11640535,0.11514563,0.11404583,0.11309808,0.11229454,0.11162734,0.111088574,0.11067042,0.11036498,0.110164426,0.11006086,0.110046454,0.11011331,0.11025355,0.11045937,0.11072284
0.2224032,0.22281067,0.22315334,0.22342104,0.22360343,0.22369038,0.2236716,0.22353692,0.22327612,0.22287887,0.22233504,0.22163437,0.22076659,0.21972154,0.21848892,0.21705855,0.21542022,0.21371487,0.21208508,0.21052307,0.20902099,0.20757104,0.20616543,0.20479627,0.20345579,0.20213613,0.20082954,0.19952814,0.19822419,0.19690976,0.19557709,0.19421838,0.19282576,0.19139147,0.18990764,0.18836647,0.18676016,0.18508086,0.18332078,0.18147206,0.17952694,0.17747755,0.17531613,0.17303476,0.17062573,0.16808113,0.16539323,0.16255414,0.15955608,0.15658334,0.15381859,0.15125158,0.1488721,0.14666992,0.14463487,0.14275661,0.14102496,0.1394297,0.13796063,0.13660748,0.13536005,0.13420804,0.1331413,0.13214958,0.13122262,0.13035023,0.12952217,0.12872821,0.12795809,0.12720163,0.12644859,0.12568872,0.1249118,0.12410759,0.12326589,0.122376435,0.12142903,0.120413445,0.119319424,0.118136734,0.11685519,0.11560289,0.11450957,0.11356743,0.112768576,0.112105295,0.11156971,0.11115401,0.11085038,0.11065101,0.11054805,0.110533714,0.11060018,0.11073962,0.110944204,0.11120615
0.22162901,0.22202972,0.2223667,0.22262992,0.22280933,0.22289482,0.22287636,0.2227439,0.2224874,0.2220968,0.22156197,0.2208729,0.22001956,0.21899188,0.21777976,0.21637313,0.214762,0.2130853,0.21148358,0.20994909,0.20847403,0.2070507,0.20567128,0.20432806,0.20301329,0.20171916,0.20043804,0.19916205,0.19788347,0.19659455,0.19528753,0.19395466,0.1925882,0.19118035,0.18972339,0.18820958,0.18663111,0.18498026,0.1832493,0.18143041,0.17951588,0.17749798,0.17536888,0.17312087,0.1707462,0.1682371,0.16558583,0.1627846,0.15982571,0.15689099,0.1541608,0.1516251,0.1492738,0.14709686,0.14508423,0.14322583,0.1415116,0.13993151,0.1384755,0.13713348,0.1358954,0.13475122,0.13369083,0.13270426,0.13178135,0.13091211,0.13008645,0.12929434,0.12852566,0.12777042,0.12701856,0.12625995,0.12548457,0.12468241,0.12384333,0.12295731,0.122014314,0.12100423,0.11991704,0.11874266,0.11747107,0.11622892,0.11514447,0.11420996,0.113417596,0.11275966,0.11222844,0.11181611,0.11151495,0.111317165,0.11121508,0.11120085,0.11126676,0.11140508,0.11160802,0.111867815
0.22063155,0.22102353,0.22135319,0.22161067,0.22178617,0.22186981,0.22185175,0.22172217,0.22147125,0.22108912,0.22056596,0.21989194,0.21905713,0.21805178,0.21686605,0.21549003,0.21391395,0.21227421,0.21070863,0.20920956,0.20776932,0.20638022,0.20503463,0.20372483,0.20244318,0.201182,0.19993359,0.19869034,0.19744448,0.19618842,0.19491443,0.19361487,0.19228208,0.19090833,0.18948601,0.1880074,0.18646485,0.18485068,0.18315722,0.18137674,0.17950165,0.17752428,0.17543688,0.17323184,0.17090143,0.16843805,0.16583398,0.16308154,0.16017306,0.15728736,0.15460171,0.15210633,0.14979133,0.14764689,0.14566322,0.1438304,0.14213862,0.14057806,0.13913886,0.1378112,0.13658516,0.13545103,0.13439886,0.13341887,0.13250121,0.131636,0.13081346,0.13002372,0.12925692,0.12850325,0.12775289,0.1269959,0.12622257,0.125423,0.12458732,0.12370574,0.12276837,0.12176541,0.12068702,0.11952335,0.118264556,0.117035486,0.11596245,0.115037754,0.114253774,0.1136028,0.11307714,0.11266914,0.112371184,0.11217549,0.11207445,0.11206039,0.112125605,0.11226244,0.11246325,0.112720326
0.21939625,0.21977744,0.22009802,0.22034839,0.22051904,0.2206004,0.22058283,0.22045682,0.22021282,0.21984123,0.21933246,0.21867697,0.21786517,0.21688752,0.21573444,0.21439634,0.2128637,0.21126968,0.20974888,0.20829369,0.20689654,0.20554993,0.20424616,0.20297778,0.20173715,0.20051672,0.19930893,0.19810611,0.19690083,0.19568545,0.19445239,0.19319408,0.19190297,0.19057147,0.18919201,0.18775702,0.18625893,0.18469016,0.18304314,0.18131027,0.17948405,0.17755684,0.17552109,0.17336924,0.1710937,0.1686869,0.16614127,0.16344924,0.16060326,0.15777822,0.15514775,0.15270229,0.15043224,0.14832811,0.14638025,0.1445791,0.14291513,0.14137872,0.13996038,0.13865045,0.13743941,0.13631769,0.1352757,0.13430388,0.13339268,0.13253254,0.13171381,0.13092701,0.13016254,0.12941082,0.12866229,0.12790738,0.12713654,0.12634017,0.12550868,0.124632575,0.12370224,0.1227081,0.1216406,0.12049018,0.11924725,0.11803436,0.116975464,0.11606299,0.11528933,0.11464694,0.114128225,0.113725625,0.11343156,0.11323844,0.11313876,0.11312488,0.113189235,0.11332428,0.113522425,0.1137761
0.21790855,0.21827671,0.21858636,0.21882819,0.21899304,0.21907158,0.21905465,0.21893296,0.21869725,0.21833836,0.21784693,0.21721382,0.21642968,0.21548542,0.21437167,0.21307921,0.21159886,0.21005994,0.20859301,0.20719069,0.20584548,0.20454998,0.20329662,0.20207809,0.20088685,0.1997155,0.19855654,0.1974026,0.19624613,0.19507973,0.19389594,0.19268733,0.19144644,0.19016579,0.18883799,0.18745552,0.18601096,0.18449686,0.1829058,0.18123026,0.17946284,0.17759608,0.17562252,0.17353474,0.17132524,0.16898665,0.1665114,0.16389209,0.16112132,0.15836936,0.15580535,0.15342005,0.15120415,0.1491485,0.14724377,0.14548078,0.14385028,0.142343,0.14094973,0.13966124,0.1384682,0.13736147,0.1363317,0.13536978,0.13446635,0.13361223,0.13279818,0.13201489,0.13125321,0.13050385,0.12975757,0.12900512,0.12823725,0.12744473,0.12661834,0.12574883,0.12482691,0.123843424,0.12278902,0.12165453,0.12043072,0.11923737,0.118195504,0.11729771,0.11653648,0.11590443,0.11539407,0.114997946,0.114708595,0.11451861,0.11442051,0.114406854,0.114470184,0.11460304,0.114797994,0.1150476
0.21615386,0.2165067,0.21680345,0.2170352,0.21719317,0.21726845,0.21725221,0.21713561,0.21690972,0.21656576,0.21609482,0.21548809,0.21473664,0.21383168,0.21276434,0.21152574,0.21010704,0.2086331,0.20722978,0.20588978,0.2046058,0.20337056,0.20217669,0.20101692,0.19988397,0.19877051,0.1976692,0.19657278,0.19547388,0.19436528,0.19323964,0.19208963,0.19090796,0.1896873,0.18842037,0.18709987,0.18571848,0.18426886,0.18274377,0.18113585,0.17943783,0.17764236,0.17574216,0.17372993,0.17159835,0.1693401,0.1669479,0.16441442,0.1617324,0.15906663,0.15658098,0.15426657,0.15211456,0.1501161,0.14826229,0.14654428,0.14495325,0.14348035,0.14211667,0.14085336,0.13968158,0.13859248,0.1375772,0.13662688,0.13573265,0.13488567,0.13407706,0.13329798,0.13253959,0.13179296,0.13104932,0.13029978,0.12953544,0.12874752,0.12792711,0.12706538,0.12615342,0.12518242,0.12414353,0.12302785,0.12182656,0.12065624,0.11963446,0.11875397,0.11800743,0.117387585,0.11688706,0.11649854,0.1162148,0.11602848,0.11593228,0.115918875,0.11598098,0.11611128,0.11630249,0.116547264
0.21411766,0.21445268,0.21473446,0.21495453,0.21510452,0.21517603,0.21516061,0.21504988,0.21483539,0.21450876,0.2140616,0.21348545,0.2127719,0.21191263,0.21089913,0.20972301,0.20837586,0.2069773,0.20564777,0.20438011,0.2031672,0.2020019,0.20087704,0.19978552,0.19872017,0.19767387,0.19663948,0.19560982,0.19457777,0.19353624,0.19247803,0.19139603,0.19028307,0.18913203,0.18793578,0.18668716,0.18537906,0.1840043,0.18255576,0.18102628,0.17940877,0.17769606,0.17588098,0.17395641,0.17191525,0.1697503,0.16745445,0.16502056,0.16244149,0.15987574,0.15748103,0.15524894,0.15317105,0.15123892,0.14944416,0.14777842,0.14623319,0.1448001,0.14347078,0.14223677,0.14108962,0.14002104,0.13902254,0.13808568,0.13720214,0.13636342,0.13556114,0.13478693,0.13403232,0.13328895,0.13254836,0.13180216,0.13104196,0.1302593,0.12944585,0.12859312,0.12769274,0.12673628,0.12571533,0.12462147,0.12344636,0.122302726,0.12130428,0.1204439,0.11971439,0.119108684,0.11861957,0.11823994,0.117962666,0.11778059,0.117686585,0.11767349,0.11773418,0.11786151,0.11804833,0.11828756
0.21178539,0.21210004,0.21236464,0.21257135,0.2127122,0.21277933,0.21276487,0.21266086,0.21245943,0.21215269,0.21173272,0.21119164,0.21052155,0.20971452,0.20876269,0.20765813,0.20639297,0.20508076,0.20383576,0.20265096,0.20151943,0.20043425,0.19938844,0.19837506,0.19738714,0.1964178,0.19546,0.19450684,0.19355136,0.19258663,0.19160567,0.19060157,0.18956733,0.18849605,0.18738073,0.18621448,0.18499029,0.18370126,0.18234044,0.18090081,0.17937551,0.17775755,0.17604,0.17421585,0.17227823,0.17022014,0.16803467,0.16571482,0.1632537,0.16080253,0.158512,0.15637414,0.15438111,0.15252502,0.15079796,0.14919198,0.14769924,0.1463118,0.14502181,0.14382133,0.14270246,0.14165732,0.14067802,0.13975663,0.13888527,0.13805607,0.13726105,0.13649239,0.13574214,0.13500245,0.13426538,0.13352303,0.13276754,0.13199097,0.13118544,0.13034305,0.1294559,0.12851608,0.12751572,0.12644687,0.12530169,0.12418866,0.12321693,0.12237954,0.12166956,0.12108003,0.120604016,0.12023455,0.11996469,0.119787484,0.119695984,0.119683236,0.11974231,0.11986624,0.120048076,0.12028087
0.20932887,0.20962182,0.20986815,0.21006058,0.21019171,0.2102542,0.2102407,0.21014392,0.20995636,0.20967083,0.20927987,0.20877616,0.20815234,0.2074011,0.20651498,0.20548671,0.20430894,0.20308883,0.20193395,0.2008376,0.19979294,0.1987933,0.1978319,0.19690202,0.19599688,0.19510974,0.19423383,0.19336246,0.1924888,0.19160616,0.19070776,0.18978687,0.1888367,0.18785058,0.1868217,0.18574335,0.1846087,0.18341108,0.18214375,0.18079984,0.17937274,0.17785566,0.17624184,0.17452452,0.17269696,0.17075239,0.1686841,0.1664853,0.16414927,0.16181959,0.15963943,0.15760142,0.15569827,0.15392251,0.15226689,0.15072404,0.1492866,0.14794715,0.14669845,0.14553308,0.14444366,0.14342289,0.14246342,0.14155781,0.14069882,0.13987905,0.13909112,0.13832778,0.13758151,0.13684508,0.13611111,0.1353722,0.13462104,0.1338503,0.13305262,0.13222058,0.13134688,0.13042414,0.12944505,0.12840223,0.12728831,0.12620728,0.12526347,0.12445018,0.1237606,0.123188026,0.1227257,0.12236684,0.12210475,0.121932626,0.12184377,0.12183139,0.12188875,0.12200911,0.12218572,0.12241185
0.20692605,0.20719728,0.20742534,0.20760345,0.20772484,0.20778269,0.20777024,0.2076806,0.207507,0.20724264,0.20688072,0.2064144,0.20583692,0.2051414,0.20432112,0.20336924,0.20227888,0.20115098,0.20008644,0.1990787,0.19812123,0.19720751,0.19633093,0.19548494,0.19466299,0.19385852,0.19306502,0.19227579,0.19148447,0.19068436,0.18986903,0.18903174,0.18816608,0.18726549,0.18632333,0.18533309,0.1842882,0.18318214,0.18200834,0.18076019,0.17943119,0.17801476,0.17650436,0.17489344,0.17317541,0.1713437,0.16939183,0.16731317,0.16510125,0.1628919,0.16082099,0.1588817,0.15706716,0.15537068,0.15378538,0.15230444,0.15092106,0.14962848,0.14841987,0.14728832,0.14622721,0.14522958,0.14428873,0.14339775,0.14254992,0.14173838,0.14095636,0.140197,0.13945353,0.13871913,0.13798705,0.13725036,0.13650236,0.13573621,0.13494508,0.13412221,0.13326076,0.1323539,0.13139488,0.13037683,0.12929301,0.12824285,0.12732601,0.12653592,0.12586606,0.12530981,0.1248607,0.1245121,0.124257475,0.124090284,0.12400395,0.12399192,0.124047674,0.124164596,0.12433616,0.124555804
0.20457143,0.20482086,0.20503059,0.20519443,0.20530608,0.20535928,0.20534782,0.20526539,0.2051057,0.2048626,0.20452972,0.20410083,0.20356968,0.20293002,0.20217559,0.20130005,0.20029725,0.1992616,0.19828755,0.19736871,0.19649868,0.19567119,0.19487971,0.19411802,0.19337963,0.19265829,0.19194753,0.19124103,0.1905324,0.18981527,0.1890833,0.18833005,0.18754923,0.18673445,0.18587929,0.18497743,0.18402247,0.18300806,0.18192784,0.18077545,0.17954442,0.17822853,0.17682129,0.17531638,0.17370741,0.17198807,0.17015189,0.1681926,0.16610374,0.16401373,0.16205104,0.16020942,0.15848255,0.15686427,0.1553482,0.15392815,0.1525978,0.15135099,0.15018134,0.14908272,0.14804873,0.14707322,0.14614986,0.14527243,0.14443465,0.14363025,0.14285296,0.14209661,0.14135481,0.14062135,0.13989002,0.13915452,0.13840853,0.13764593,0.13686027,0.13604546,0.13519515,0.13430311,0.13336305,0.13236876,0.13131392,0.13029362,0.12940285,0.12863524,0.12798442,0.12744403,0.12700765,0.12666899,0.12642162,0.12625918,0.12617527,0.12616362,0.12621777,0.12633136,0.12649801,0.12671146
0.20225939,0.20248699,0.20267841,0.20282793,0.20292985,0.20297843,0.20296794,0.20289266,0.202747,0.20252506,0.20222127,0.20182985,0.20134507,0.20076127,0.2000727,0.19927365,0.19835843,0.19741519,0.19653174,0.19570194,0.19491965,0.19417858,0.19347253,0.19279541,0.19214104,0.1915031,0.19087552,0.19025202,0.18962647,0.1889927,0.18834443,0.1876756,0.18697992,0.18625124,0.18548337,0.18467005,0.1838052,0.18288258,0.18189597,0.18083924,0.17970622,0.17849062,0.17718633,0.1757871,0.17428683,0.17267926,0.17095819,0.16911748,0.16715094,0.16517942,0.16332403,0.16157918,0.15993908,0.15839802,0.15695027,0.15559015,0.15431198,0.15310992,0.1519784,0.15091163,0.14990385,0.14894946,0.14804266,0.14717782,0.14634912,0.14555089,0.14477746,0.14402306,0.143282,0.14254853,0.14181699,0.14108163,0.14033677,0.13957663,0.13879555,0.13798784,0.13714772,0.13626951,0.13534749,0.13437593,0.13334917,0.13235785,0.13149236,0.13074656,0.13011421,0.12958919,0.12916516,0.1288361,0.12859578,0.12843797,0.12835646,0.12834512,0.12839772,0.12850809,0.12867005,0.12887739
0.19998431,0.20019016,0.20036323,0.20049846,0.2005906,0.20063454,0.20062505,0.20055701,0.20042525,0.20022458,0.19994986,0.1995959,0.19915755,0.19862965,0.19800702,0.19728445,0.19645683,0.19560604,0.19481337,0.19407284,0.19337836,0.19272397,0.1921037,0.19151145,0.19094126,0.1903871,0.189843,0.1893029,0.18876073,0.18821062,0.18764646,0.18706223,0.18645197,0.18580961,0.18512921,0.18440466,0.18363002,0.18279931,0.18190642,0.18094534,0.17991015,0.17879476,0.17759319,0.17629938,0.17490742,0.1734112,0.17180477,0.17008203,0.16823705,0.16638318,0.16463436,0.16298549,0.1614313,0.15996668,0.1585865,0.15728551,0.1560586,0.15490058,0.15380628,0.15277055,0.15178819,0.1508541,0.14996307,0.14910989,0.14828949,0.14749661,0.14672613,0.14597286,0.14523166,0.14449738,0.14376478,0.14302874,0.14228408,0.1415257,0.1407483,0.13994682,0.13911606,0.13825084,0.13734606,0.13639645,0.13539687,0.13443375,0.1335929,0.1328683,0.13225396,0.13174383,0.13133192,0.13101223,0.13077872,0.13062538,0.1305462,0.1305352,0.13058627,0.13069353,0.13085087,0.1310523
0.19774069,0.19792476,0.19807954,0.19820039,0.19828281,0.19832204,0.19831358,0.19825277,0.19813496,0.19795556,0.19770992,0.19739346,0.19700155,0.19652957,0.19597286,0.19532682,0.19458689,0.1938286,0.19312678,0.19247562,0.19186918,0.19130175,0.19076738,0.19026029,0.18977456,0.18930447,0.18884408,0.18838762,0.1879292,0.18746297,0.18698311,0.18648382,0.18595916,0.1854034,0.18481062,0.18417497,0.18349071,0.18275188,0.18195271,0.18108734,0.18014991,0.17913465,0.17803562,0.17684706,0.17556305,0.17417781,0.17268547,0.17108019,0.1693562,0.16761932,0.16597639,0.16442281,0.16295388,0.16156507,0.1602517,0.15900916,0.15783285,0.15671816,0.1556604,0.15465504,0.15369742,0.15278287,0.15190685,0.15106472,0.15025184,0.1494636,0.14869536,0.14794254,0.1472005,0.14646462,0.14573026,0.14499283,0.14424771,0.1434903,0.14271592,0.14191999,0.14109784,0.14024492,0.13935658,0.1384282,0.13745517,0.13651958,0.13570279,0.13499892,0.13440211,0.13390662,0.13350649,0.13319592,0.13296907,0.13282013,0.13274322,0.13273253,0.13278218,0.13288632,0.13303919,0.13323487
0.19552307,0.19568531,0.19582172,0.19592829,0.19600089,0.19603552,0.19602802,0.19597441,0.19587061,0.19571242,0.19549593,0.19521695,0.1948715,0.19445544,0.19396472,0.19339524,0.19274302,0.19207731,0.19146645,0.19090474,0.19038652,0.1899061,0.1894579,0.18903609,0.1886351,0.18824923,0.18787284,0.18750022,0.18712573,0.18674365,0.18634833,0.18593414,0.18549532,0.18502629,0.1845213,0.1839747,0.18338087,0.18273407,0.18202864,0.18125893,0.1804193,0.17950395,0.17850734,0.17742376,0.1762475,0.17497294,0.17359436,0.17210613,0.17050254,0.16888215,0.16734456,0.1658857,0.16450153,0.16318789,0.16194083,0.16075619,0.15962988,0.1585579,0.15753612,0.15656056,0.15562701,0.15473154,0.15386994,0.15303825,0.1522323,0.15144812,0.15068154,0.14992858,0.1491851,0.14844704,0.14771035,0.14697096,0.14622475,0.1454677,0.14469573,0.14390475,0.14309065,0.14224946,0.14137702,0.14046928,0.1395222,0.13861363,0.1378204,0.13713682,0.13655727,0.13607603,0.13568749,0.13538589,0.13516557,0.13502091,0.13494621,0.13493584,0.13498405,0.13508524,0.13523364,0.1354237
0.19332579,0.19346617,0.19358426,0.19367649,0.19373935,0.19376929,0.19376282,0.19371644,0.19362657,0.19348969,0.19330232,0.19306082,0.19276182,0.19240174,0.19197701,0.19148414,0.19091961,0.19034652,0.18982668,0.18935452,0.18892461,0.18853143,0.18816943,0.18783313,0.18751703,0.18721557,0.18692335,0.18663476,0.18634436,0.1860466,0.18573602,0.18540703,0.18505421,0.18467203,0.18425499,0.18379754,0.18329419,0.18273945,0.18212782,0.18145376,0.1807118,0.1798964,0.17900209,0.17802332,0.17695463,0.17579049,0.1745254,0.17315383,0.17167029,0.17016593,0.16873327,0.16736871,0.16606879,0.16482995,0.16364868,0.16252148,0.1614448,0.16041508,0.15942886,0.15848258,0.15757273,0.15669577,0.1558482,0.15502642,0.154227,0.15344638,0.15268105,0.15192744,0.15118206,0.15044138,0.1497019,0.14896004,0.14821231,0.1474552,0.14668512,0.14589866,0.14509219,0.14426221,0.1434052,0.14251769,0.14159608,0.14071408,0.13994405,0.1392805,0.13871789,0.13825072,0.1378735,0.13758072,0.13736689,0.13722648,0.13715395,0.13714387,0.13719067,0.13728888,0.13743299,0.13761745
0.19114329,0.19126189,0.19136162,0.1914395,0.1914926,0.19151789,0.19151244,0.19147323,0.19139732,0.19128172,0.19112343,0.19091953,0.190667,0.19036289,0.19000417,0.18958789,0.18911111,0.18863066,0.18820186,0.18781936,0.18747786,0.18717195,0.18689626,0.18664558,0.18641448,0.18619761,0.18598965,0.18578526,0.18557908,0.18536578,0.18514,0.18489638,0.18462966,0.18433443,0.18400538,0.18363713,0.18322435,0.18276173,0.18224388,0.18166547,0.1810212,0.18030566,0.17951357,0.17863953,0.17767826,0.17662436,0.1754725,0.17421734,0.17285357,0.17146493,0.17013687,0.1688663,0.16765036,0.16648598,0.16537023,0.16430014,0.1632727,0.16228493,0.16133393,0.16041665,0.1595301,0.15867136,0.15783745,0.15702529,0.15623209,0.15545471,0.15469022,0.15393566,0.15318803,0.15244439,0.15170178,0.1509571,0.15020752,0.14944999,0.14868155,0.1478992,0.1471,0.14628096,0.14543907,0.1445714,0.14367495,0.14281921,0.14207213,0.1414283,0.14088246,0.14042921,0.14006321,0.1397792,0.13957168,0.13943544,0.13936514,0.13935532,0.13940072,0.13949603,0.13963583,0.1398148
0.18897009,0.18906681,0.1891482,0.18921174,0.18925509,0.18927571,0.18927127,0.18923928,0.18917733,0.189083,0.18895388,0.1887875,0.18858145,0.18833332,0.1880406,0.18770097,0.18731192,0.18692414,0.18658645,0.18629362,0.18604055,0.18582195,0.18563272,0.18546769,0.18532166,0.18518941,0.18506582,0.18494569,0.18482381,0.18469504,0.18455417,0.18439601,0.18421546,0.18400721,0.18376625,0.18348722,0.18316506,0.18279456,0.18237053,0.18188779,0.18134116,0.18072544,0.18003549,0.17926615,0.17841215,0.1774684,0.17642966,0.17529081,0.17404659,0.17277351,0.1715498,0.17037305,0.16924086,0.16815074,0.16710028,0.1660871,0.16510874,0.16416278,0.1632467,0.16235822,0.16149479,0.16065407,0.15983357,0.15903088,0.1582436,0.15746926,0.15670542,0.15594971,0.15519966,0.15445282,0.15370683,0.15295921,0.15220752,0.15144937,0.1506823,0.14990394,0.14911179,0.14830345,0.14747646,0.14662845,0.14575693,0.14492726,0.14420295,0.14357874,0.14304954,0.14261007,0.14225526,0.14197984,0.1417787,0.14164662,0.1415784,0.14156891,0.14161293,0.14170533,0.14184086,0.14201435
0.18680055,0.18687548,0.18693852,0.18698771,0.18702127,0.18703729,0.1870338,0.18700904,0.18696107,0.18688801,0.18678801,0.18665916,0.1864996,0.18630743,0.18608077,0.1858177,0.18551645,0.18522133,0.18497476,0.18477164,0.18460698,0.18447578,0.18437305,0.18429369,0.18423273,0.18418518,0.18414597,0.18411013,0.18407257,0.18402836,0.18397243,0.18389979,0.18380538,0.18368423,0.18353128,0.18334155,0.18311001,0.18283165,0.18250139,0.18211429,0.18166532,0.18114941,0.18056163,0.1798969,0.1791502,0.17831652,0.17739087,0.17636818,0.1752435,0.17408584,0.17296645,0.17188346,0.17083493,0.169819,0.16883379,0.16787745,0.16694802,0.16604371,0.16516261,0.1643028,0.16346242,0.16263962,0.16183245,0.16103914,0.16025771,0.1594863,0.15872309,0.15796609,0.15721351,0.15646346,0.15571398,0.15496328,0.15420945,0.15345058,0.15268485,0.1519103,0.15112512,0.1503274,0.14951527,0.1486868,0.14784017,0.14703648,0.14633484,0.14573023,0.14521757,0.1447919,0.1444482,0.14418143,0.14398657,0.14385866,0.14379255,0.14378336,0.143826,0.14391549,0.14404678,0.14421488
0.1846292,0.18468231,0.18472692,0.18476184,0.18478559,0.18479696,0.18479449,0.18477693,0.18474296,0.18469118,0.18462028,0.18452898,0.18441589,0.1842797,0.18411905,0.18393266,0.1837191,0.18351667,0.18336116,0.18324776,0.18317151,0.18312773,0.1831114,0.18311773,0.18314187,0.18317896,0.18322413,0.18327256,0.18331935,0.18335965,0.18338864,0.18340148,0.18339325,0.1833591,0.18329424,0.18319376,0.18305284,0.18286659,0.18263014,0.18233868,0.18198736,0.1815713,0.18108566,0.18052556,0.17988616,0.1791626,0.17835003,0.1774436,0.17643844,0.17539631,0.17438129,0.17339201,0.17242718,0.17148551,0.17056558,0.16966607,0.1687857,0.16792308,0.1670769,0.16624586,0.16542858,0.16462372,0.16382998,0.16304603,0.16227056,0.16150212,0.1607395,0.15998131,0.15922625,0.15847297,0.1577201,0.15696636,0.15621042,0.1554509,0.1546865,0.15391588,0.1531377,0.15235065,0.15155336,0.15074448,0.14992279,0.14914514,0.14846624,0.14788118,0.14738514,0.14697328,0.14664069,0.14638254,0.14619403,0.14607021,0.14600629,0.14599739,0.14603862,0.14612521,0.14625226,0.14641494
0.18245043,0.18248169,0.182508,0.18252854,0.18254255,0.18254924,0.18254776,0.18253744,0.18251744,0.18248692,0.18244514,0.18239136,0.18232477,0.18224455,0.1821499,0.18204013,0.18191433,0.18180454,0.18174009,0.18171635,0.18172854,0.18177202,0.18184207,0.18193404,0.18204322,0.18216488,0.18229438,0.18242702,0.18255806,0.18268287,0.1827967,0.18289493,0.1829728,0.18302567,0.18304883,0.18303758,0.18298723,0.18289308,0.18275045,0.18255463,0.182301,0.18198475,0.18160133,0.18114592,0.18061389,0.18000054,0.17930116,0.1785111,0.17762563,0.17669913,0.17578861,0.17489329,0.17401235,0.17314503,0.17229053,0.17144804,0.17061684,0.1697961,0.16898507,0.16818291,0.16738889,0.16660216,0.165822,0.16504759,0.16427818,0.16351293,0.16275111,0.16199188,0.16123448,0.16047814,0.15972206,0.15896544,0.15820755,0.15744756,0.15668465,0.15591809,0.15514709,0.15437087,0.15358861,0.15279956,0.1520029,0.15125144,0.1505954,0.15003008,0.14955072,0.1491527,0.14883132,0.1485819,0.1483997,0.14828005,0.14821829,0.14820969,0.14824957,0.14833322,0.148456,0.14861317
0.18025868,0.18026815,0.1802761,0.18028228,0.18028654,0.18028857,0.18028814,0.18028502,0.18027891,0.18026972,0.1802571,0.18024082,0.18022065,0.1801964,0.18016778,0.18013455,0.18009649,0.18007934,0.18010597,0.1801718,0.18027231,0.18040302,0.18055938,0.18073687,0.18093096,0.18113711,0.18135081,0.18156752,0.18178274,0.18199189,0.18219048,0.18237402,0.18253791,0.18267769,0.18278879,0.18286668,0.18290685,0.18290481,0.18285595,0.18275581,0.18259984,0.18238351,0.18210232,0.18175174,0.18132721,0.18082419,0.18023822,0.17956473,0.1787992,0.17798863,0.1771829,0.17638177,0.17558497,0.17479232,0.17400351,0.17321837,0.17243664,0.17165805,0.1708824,0.17010947,0.16933894,0.16857068,0.16780438,0.16703981,0.16627677,0.16551499,0.1647542,0.16399424,0.16323482,0.16247573,0.16171671,0.16095755,0.16019797,0.15943776,0.15867667,0.1579145,0.15715098,0.15638585,0.15561892,0.15484993,0.15407865,0.15335366,0.1527207,0.15217526,0.15171279,0.15132882,0.15101874,0.15077811,0.15060233,0.1504869,0.1504273,0.150419,0.15045747,0.15053819,0.15065666,0.15080826
0.17804843,0.17803608,0.17802568,0.17801757,0.17801204,0.17800938,0.17800999,0.17801404,0.17802197,0.17803402,0.17805047,0.17807174,0.17809804,0.1781297,0.17816703,0.17821042,0.17826007,0.17833552,0.17845307,0.17860842,0.1787972,0.17901503,0.17925756,0.17952043,0.17979924,0.18008973,0.18038745,0.18068811,0.18098731,0.18128069,0.18156387,0.18183255,0.18208237,0.1823089,0.18250781,0.18267481,0.18280543,0.1828954,0.18294032,0.18293586,0.18287762,0.1827613,0.18258245,0.18233676,0.18201992,0.1816275,0.18115513,0.18059856,0.17995334,0.17925909,0.1785585,0.17785199,0.17713976,0.17642212,0.17569946,0.17497204,0.17424017,0.17350413,0.1727643,0.17202097,0.17127444,0.170525,0.16977297,0.16901866,0.1682624,0.16750452,0.16674523,0.16598494,0.16522393,0.1644625,0.16370095,0.16293965,0.16217883,0.16141887,0.16066,0.15990259,0.15914696,0.15839338,0.15764219,0.15689369,0.15614817,0.15545005,0.1548405,0.15431528,0.15386996,0.15350015,0.15320158,0.15296982,0.15280059,0.15268941,0.15263203,0.15262403,0.15266109,0.15273882,0.1528529,0.15299891
0.17581409,0.17577995,0.17575121,0.17572878,0.1757135,0.1757062,0.17570776,0.17571907,0.17574093,0.17577422,0.17581981,0.17587855,0.17595127,0.17603889,0.1761422,0.17626213,0.17639944,0.1765674,0.17677586,0.17702062,0.17729749,0.17760228,0.17793082,0.17827885,0.1786423,0.17901687,0.17939845,0.17978281,0.18016577,0.18054314,0.18091075,0.1812644,0.1815999,0.18191305,0.1821997,0.18245563,0.18267664,0.18285859,0.18299723,0.18308844,0.18312797,0.18311167,0.18303534,0.1828948,0.1826858,0.18240428,0.18204594,0.18160664,0.18108219,0.18050474,0.17990987,0.17929842,0.17867127,0.17802924,0.17737323,0.17670403,0.17602256,0.17532967,0.17462617,0.173913,0.17319092,0.17246085,0.17172365,0.17098014,0.17023122,0.16947772,0.16872053,0.16796046,0.16719837,0.16643518,0.16567169,0.16490875,0.16414723,0.16338801,0.16263199,0.1618799,0.16113268,0.1603912,0.15965624,0.1589288,0.15820958,0.1575388,0.15695316,0.15644848,0.15602061,0.15566531,0.15537845,0.15515576,0.15499312,0.15488635,0.1548312,0.15482351,0.15485911,0.15493378,0.15504338,0.15518367
0.17355016,0.17349422,0.17344716,0.17341039,0.17338538,0.17337342,0.173376,0.17339447,0.17343028,0.17348485,0.17355952,0.17365573,0.17377488,0.1739184,0.17408764,0.17428404,0.17450902,0.17476948,0.17506874,0.17540276,0.17576754,0.17615913,0.17657343,0.17700644,0.1774542,0.17791265,0.17837779,0.17884563,0.17931208,0.17977323,0.18022498,0.18066335,0.18108433,0.18148392,0.18185809,0.18220282,0.18251413,0.18278794,0.18302032,0.18320718,0.18334456,0.18342842,0.18345477,0.18341953,0.1833188,0.18314846,0.18290456,0.18258305,0.18217996,0.18171994,0.18123138,0.18071568,0.1801742,0.17960842,0.17901964,0.17840935,0.17777894,0.17712979,0.17646332,0.1757809,0.17508404,0.174374,0.17365228,0.17292027,0.17217934,0.17143095,0.17067645,0.16991726,0.16915484,0.1683905,0.1676257,0.16686183,0.16610031,0.16534257,0.16458996,0.16384387,0.16310576,0.16237703,0.16165905,0.16095325,0.16026103,0.15961821,0.15905699,0.15857336,0.15816332,0.15782285,0.15754792,0.15733455,0.15717867,0.15707634,0.1570235,0.15701616,0.15705028,0.15712182,0.15722683,0.1573613
0.17125106,0.1711733,0.17110793,0.17105687,0.17102206,0.17100549,0.17100906,0.17103475,0.17108452,0.1711603,0.17126405,0.17139776,0.17156328,0.17176266,0.1719978,0.17227067,0.17258322,0.17293608,0.17332603,0.17374916,0.17420171,0.17467983,0.17517966,0.17569742,0.1762292,0.17677121,0.1773196,0.17787056,0.17842025,0.17896482,0.17950043,0.18002327,0.18052953,0.18101528,0.18147679,0.18191019,0.18231158,0.18267724,0.18300326,0.18328582,0.18352112,0.18370526,0.18383442,0.18390486,0.1839126,0.18385394,0.18372495,0.18352185,0.18324076,0.18289895,0.18251747,0.18209824,0.18164322,0.1811544,0.18063366,0.18008308,0.17950447,0.17889984,0.17827116,0.17762037,0.17694938,0.17626022,0.17555477,0.174835,0.17410289,0.17336038,0.17260939,0.17185192,0.17108986,0.17032525,0.16955996,0.16879597,0.16803525,0.16727972,0.16653134,0.16579208,0.16506386,0.16434868,0.16364844,0.16296509,0.16230063,0.1616865,0.1611504,0.16068833,0.1602966,0.15997133,0.1597087,0.15950485,0.15935594,0.15925816,0.15920766,0.15920062,0.15923323,0.15930162,0.15940195,0.15953039
0.16891119,0.1688117,0.16872801,0.16866264,0.16861808,0.16859688,0.16860142,0.16863434,0.16869803,0.16879502,0.16892785,0.16909896,0.16931088,0.1695661,0.16986708,0.17021638,0.1706165,0.17106166,0.17154212,0.17205422,0.17259428,0.17315866,0.17374377,0.1743459,0.1749614,0.17558664,0.17621796,0.1768517,0.17748421,0.17811188,0.17873102,0.17933802,0.1799292,0.1805009,0.1810495,0.18157129,0.18206272,0.18252008,0.18293971,0.18331794,0.18365121,0.1839358,0.1841681,0.18434443,0.18446115,0.18451455,0.18450108,0.18441707,0.18425883,0.18403605,0.18376248,0.18344058,0.18307292,0.18266192,0.18221016,0.1817201,0.1811942,0.18063502,0.18004502,0.17942673,0.1787826,0.17811517,0.17742692,0.17672037,0.17599797,0.17526226,0.17451572,0.17376085,0.17300016,0.17223616,0.17147133,0.1707081,0.16994908,0.16919672,0.16845351,0.16772197,0.1670046,0.16630384,0.16562225,0.16496232,0.16432653,0.16374196,0.16323163,0.16279183,0.16241896,0.16210932,0.16185933,0.16166529,0.16152354,0.16143048,0.16138242,0.16137575,0.16140674,0.16147184,0.16156735,0.16168958
0.16652505,0.16640379,0.1663018,0.16622217,0.16616789,0.16614202,0.16614759,0.16618766,0.1662653,0.16638352,0.16654536,0.16675387,0.16701211,0.16732313,0.16768995,0.16811563,0.16860318,0.1691406,0.16971144,0.17031227,0.17093964,0.17159002,0.17226003,0.17294617,0.17364502,0.17435308,0.17506689,0.17578302,0.176498,0.17720835,0.17791063,0.1786014,0.17927715,0.17993447,0.18056989,0.18117996,0.18176119,0.1823101,0.18282332,0.18329729,0.1837286,0.18411382,0.18444945,0.18473199,0.18495813,0.18512425,0.18522695,0.18526278,0.18522829,0.1851255,0.18496083,0.18473727,0.18445794,0.18412578,0.18374398,0.18331546,0.18284331,0.1823306,0.18178032,0.18119553,0.1805793,0.17993468,0.17926463,0.17857231,0.17786069,0.17713283,0.17639178,0.1756406,0.17488232,0.17411995,0.1733566,0.17259525,0.171839,0.17109086,0.17035386,0.16963106,0.16892557,0.16824034,0.16757846,0.16694292,0.16633683,0.1657828,0.1652991,0.16488227,0.16452886,0.1642354,0.16399845,0.16381456,0.16368024,0.16359201,0.16354649,0.16354011,0.16356954,0.16363125,0.16372173,0.16383763
0.1640871,0.1639441,0.16382384,0.1637299,0.1636659,0.16363537,0.16364193,0.16368921,0.16378075,0.16392012,0.164111,0.16435692,0.16466145,0.16502824,0.16546081,0.1659628,0.16653778,0.16716729,0.16782834,0.1685177,0.16923201,0.16996808,0.17072265,0.17149243,0.17227417,0.17306459,0.17386049,0.17465857,0.17545551,0.17624812,0.17703313,0.17780724,0.17856726,0.17930983,0.18003179,0.1807298,0.18140064,0.18204105,0.18264773,0.18321745,0.18374695,0.18423295,0.18467222,0.18506147,0.18539742,0.18567686,0.18589647,0.18605305,0.1861433,0.1861616,0.1861069,0.18598281,0.18579291,0.18554078,0.18522999,0.18486421,0.18444693,0.18398178,0.18347238,0.1829223,0.18233511,0.18171439,0.1810638,0.18038684,0.17968719,0.17896837,0.17823401,0.17748764,0.17673294,0.17597345,0.17521273,0.1744544,0.1737021,0.17295934,0.17222977,0.17151693,0.17082444,0.17015588,0.16951483,0.16890492,0.16832969,0.16780725,0.16735116,0.16695812,0.16662487,0.16634817,0.16612473,0.16595131,0.16582467,0.16574149,0.16569853,0.16569257,0.16572028,0.16577846,0.1658638,0.16597307
0.16159171,0.16142698,0.16128847,0.16118027,0.16110651,0.16107136,0.16107896,0.16113342,0.16123885,0.16139942,0.16161928,0.16190255,0.16225334,0.16267583,0.16317412,0.16375232,0.16441464,0.16513619,0.16588725,0.1666648,0.16746582,0.16828722,0.16912593,0.16997889,0.17084306,0.17171541,0.17259282,0.1734723,0.17435075,0.17522512,0.17609234,0.17694937,0.17779322,0.17862068,0.17942888,0.18021454,0.18097481,0.18170652,0.18240666,0.18307215,0.18369992,0.18428692,0.18483014,0.18532649,0.18577287,0.1861663,0.1865037,0.18678194,0.18699805,0.18713868,0.18719518,0.18717173,0.18707252,0.1869016,0.18666317,0.18636125,0.18600015,0.18558389,0.18511662,0.18460247,0.18404563,0.18345018,0.18282025,0.18215998,0.18147358,0.18076506,0.18003868,0.17929848,0.17854865,0.17779332,0.17703658,0.1762826,0.17553553,0.17479947,0.17407858,0.173377,0.17269886,0.17204826,0.17142938,0.17084631,0.17030323,0.1698136,0.16938616,0.16901779,0.16870548,0.16844614,0.16823676,0.1680742,0.16795553,0.16787758,0.16783732,0.1678317,0.1678577,0.1679122,0.16799217,0.16809459
0.1590334,0.15884697,0.1586902,0.15856776,0.1584843,0.15844452,0.1584531,0.15851471,0.15863407,0.15881579,0.15906459,0.15938517,0.15978219,0.16026033,0.16082427,0.16147864,0.16222823,0.1630416,0.16388252,0.16474804,0.16563538,0.16654167,0.16746406,0.16839975,0.16934586,0.17029954,0.17125797,0.17221832,0.1731777,0.17413327,0.17508224,0.17602171,0.17694886,0.17786084,0.17875482,0.17962794,0.18047734,0.18130022,0.18209372,0.18285498,0.18358116,0.18426944,0.18491694,0.18552086,0.18607828,0.18658645,0.18704246,0.18744351,0.18778671,0.18805093,0.18822,0.18829857,0.18829136,0.18820302,0.18803822,0.18780172,0.18749808,0.18713208,0.18670836,0.18623158,0.18570644,0.18513764,0.18452984,0.18388772,0.18321596,0.18251921,0.18180223,0.1810696,0.1803261,0.17957634,0.17882504,0.1780768,0.17733641,0.1766085,0.17589773,0.1752088,0.17454639,0.1739152,0.17331986,0.17276509,0.17225558,0.17180006,0.17140242,0.17105973,0.1707692,0.17052794,0.17033313,0.17018193,0.1700715,0.16999897,0.16996154,0.16995634,0.16998047,0.1700312,0.17010562,0.1702009
0.1564066,0.15619849,0.15602349,0.1558868,0.15579365,0.15574923,0.1557588,0.15582758,0.1559608,0.15616368,0.15644142,0.15679924,0.15724246,0.15777616,0.15840566,0.15913619,0.15997292,0.16087803,0.1618085,0.16276167,0.163735,0.16472577,0.16573139,0.16674925,0.16777675,0.16881122,0.16985004,0.17089063,0.17193036,0.17296655,0.17399666,0.17501803,0.17602801,0.177024,0.17800343,0.17896362,0.17990196,0.1808158,0.18170258,0.18255964,0.18338437,0.18417415,0.18492632,0.18563831,0.18630749,0.1869312,0.18750682,0.18803181,0.18850347,0.1888927,0.18917578,0.18935782,0.1894441,0.18943982,0.18935022,0.18918051,0.1889359,0.18862167,0.18824299,0.18780512,0.18731327,0.18677264,0.18618849,0.18556604,0.18491046,0.18422706,0.18352102,0.18279755,0.1820619,0.18131927,0.18057491,0.17983405,0.17910187,0.17838363,0.17768453,0.17700982,0.17636473,0.17575446,0.17518423,0.1746593,0.17418484,0.1737649,0.1733983,0.17308237,0.17281452,0.17259209,0.17241251,0.17227311,0.17217128,0.17210445,0.1720699,0.17206511,0.1720874,0.17213415,0.17220277,0.17229058
0.15370573,0.15347598,0.15328275,0.15313186,0.153029,0.15297997,0.1529905,0.15306647,0.15321353,0.15343753,0.15374418,0.15413927,0.15462855,0.15521784,0.15591285,0.15671934,0.15764314,0.15863983,0.15965964,0.16070019,0.161759,0.16283378,0.16392212,0.16502158,0.16612983,0.16724443,0.16836303,0.16948323,0.17060263,0.17171884,0.17282945,0.17393214,0.17502446,0.17610401,0.17716841,0.17821532,0.1792423,0.18024698,0.18122691,0.18217984,0.18310322,0.18399474,0.18485203,0.18567267,0.18645425,0.1871944,0.18789075,0.18854089,0.18914244,0.18965831,0.19005689,0.190344,0.19052534,0.19060676,0.1905939,0.19049264,0.19030872,0.19004789,0.18971589,0.18931855,0.18886162,0.18835086,0.187792,0.18719089,0.18655322,0.1858848,0.1851914,0.18447874,0.18375267,0.18301886,0.18228313,0.1815513,0.18082905,0.18012215,0.17943646,0.17877762,0.1781515,0.17756385,0.17702039,0.17652692,0.1760892,0.17570639,0.17537215,0.17508416,0.17483996,0.1746372,0.1744735,0.1743464,0.17425358,0.17419265,0.17416117,0.17415677,0.17417711,0.17421976,0.17428225,0.17436235
0.15092523,0.15067385,0.15046248,0.15029734,0.15018481,0.15013115,0.15014273,0.1502258,0.15038672,0.1506318,0.15096731,0.15139961,0.15193495,0.1525797,0.15334012,0.15422255,0.15523332,0.15632142,0.15743029,0.1585578,0.15970176,0.16086003,0.1620305,0.16321099,0.16439931,0.16559342,0.16679108,0.1679902,0.16918857,0.17038406,0.17157456,0.17275791,0.17393196,0.17509453,0.1762435,0.17737673,0.17849204,0.1795873,0.1806604,0.18170914,0.18273136,0.18372498,0.18468778,0.18561766,0.18651246,0.18737003,0.1881882,0.18896484,0.18969782,0.19034198,0.19085783,0.19125167,0.1915298,0.19169852,0.19176424,0.19173317,0.1916116,0.19140595,0.19112244,0.19076744,0.1903472,0.18986805,0.18933631,0.18875831,0.18814035,0.18748873,0.18680973,0.18610975,0.185395,0.18467185,0.18394661,0.18322557,0.18251503,0.18182136,0.18115078,0.18050967,0.17990434,0.17934106,0.17882615,0.17836595,0.17796674,0.17762269,0.17732231,0.17706351,0.17684406,0.17666182,0.1765147,0.17640048,0.17631707,0.17626229,0.17623399,0.17623009,0.17624833,0.17628664,0.17634284,0.17641479
0.14805958,0.14778665,0.14755704,0.14737774,0.14725554,0.14719729,0.14720982,0.14730008,0.14747481,0.14774093,0.1481053,0.1485747,0.14915608,0.14985621,0.15068197,0.15164024,0.15273784,0.1539172,0.15511486,0.15632896,0.15755756,0.1587988,0.16005078,0.16131163,0.1625794,0.16385224,0.1651282,0.16640544,0.16768207,0.16895616,0.17022583,0.17148918,0.17274432,0.17398937,0.1752224,0.17644157,0.1776449,0.17883058,0.17999665,0.18114127,0.1822625,0.18335848,0.18442729,0.18546705,0.18647589,0.18745187,0.1883931,0.18929769,0.19016378,0.190938,0.19157287,0.19207528,0.19245204,0.19270998,0.19285603,0.19289702,0.19283976,0.19269113,0.19245797,0.19214717,0.1917655,0.19131994,0.19081724,0.1902643,0.18966794,0.18903503,0.18837243,0.18768701,0.18698555,0.186275,0.18556216,0.18485388,0.184157,0.18347839,0.18282495,0.18220347,0.18162084,0.18108386,0.18059945,0.1801744,0.17981562,0.17951214,0.17924719,0.17901886,0.17882529,0.17866452,0.17853475,0.17843398,0.17836039,0.1783121,0.17828715,0.17828366,0.17829974,0.17833357,0.17838314,0.17844662
0.14510323,0.14480872,0.14456098,0.1443675,0.14423564,0.14417277,0.14418633,0.14428368,0.14447224,0.14475939,0.14515252,0.14565904,0.14628634,0.14704181,0.14793284,0.14896682,0.15015115,0.15142156,0.15270771,0.15400802,0.15532076,0.1566444,0.15797725,0.15931773,0.1606642,0.162015,0.16336854,0.16472313,0.16607717,0.16742906,0.16877715,0.1701198,0.17145537,0.1727823,0.17409885,0.17540349,0.17669451,0.17797035,0.17922933,0.18046986,0.18169029,0.18288895,0.18406431,0.18521465,0.18633837,0.18743387,0.18849945,0.18953355,0.19053447,0.19144069,0.19219653,0.19280942,0.19328672,0.19363588,0.19386424,0.19397923,0.19398826,0.19389865,0.19371788,0.19345331,0.1931123,0.19270231,0.19223069,0.19170482,0.19113213,0.19052002,0.18987584,0.18920705,0.18852097,0.18782504,0.18712667,0.1864332,0.18575206,0.18509065,0.18445633,0.18385655,0.18329865,0.18279006,0.18233813,0.18195033,0.18163395,0.18137294,0.18114504,0.18094866,0.18078214,0.18064389,0.18053226,0.1804456,0.18038234,0.18034075,0.1803193,0.1803163,0.18033016,0.18035926,0.1804019,0.18045647
0.14205061,0.14173451,0.1414687,0.14126107,0.14111955,0.14105211,0.14106664,0.14117114,0.14137347,0.14168163,0.14210351,0.14264709,0.14332022,0.14413095,0.14508711,0.14619672,0.14746766,0.14882891,0.15020324,0.15158927,0.15298568,0.15439112,0.15580417,0.15722357,0.15864791,0.16007586,0.16150607,0.16293718,0.16436781,0.16579668,0.16722238,0.1686436,0.17005889,0.17146702,0.17286658,0.17425624,0.17563461,0.17700036,0.17835213,0.1796886,0.1810084,0.18231013,0.18359253,0.18485416,0.18609375,0.18730986,0.18850118,0.18966639,0.1908041,0.19184427,0.19272311,0.19344854,0.19402853,0.19447093,0.19478372,0.19497484,0.19505222,0.19502382,0.19489752,0.19468133,0.19438311,0.19401085,0.19357246,0.19307591,0.19252902,0.19193988,0.19131634,0.19066633,0.1899978,0.18931875,0.18863702,0.18796057,0.18729734,0.18665528,0.18604231,0.18546636,0.18493539,0.18445732,0.18404008,0.1836916,0.18341987,0.1832033,0.18301424,0.1828513,0.1827132,0.18259849,0.18250586,0.182434,0.18238147,0.18234703,0.18232921,0.18232672,0.1823382,0.18236232,0.1823977,0.182443
0.13889615,0.13855858,0.13827465,0.13805288,0.13790174,0.1378297,0.13784525,0.13795684,0.13817295,0.13850208,0.13895266,0.13953319,0.14025216,0.14111803,0.14213926,0.14332435,0.14468178,0.14613366,0.14759581,0.14906716,0.15054663,0.1520332,0.15352578,0.15502328,0.15652467,0.15802892,0.15953493,0.16104162,0.16254802,0.16405295,0.16555542,0.16705436,0.1685487,0.17003739,0.17151932,0.1729935,0.17445882,0.17591424,0.17735873,0.17879115,0.1802105,0.1816157,0.18300569,0.1843794,0.1857358,0.18707377,0.18839233,0.18969037,0.1909668,0.1921431,0.1931471,0.19398725,0.19467202,0.19520986,0.19560932,0.19587877,0.1960268,0.19606182,0.1959923,0.19582671,0.1955736,0.19524136,0.19483848,0.19437347,0.1938548,0.19329087,0.19269028,0.19206141,0.19141278,0.19075282,0.19009008,0.18943296,0.18878993,0.18816955,0.18758024,0.18703046,0.18652873,0.18608348,0.18570323,0.18539642,0.18517151,0.18500155,0.1848532,0.18472533,0.1846169,0.18452688,0.18445419,0.18439776,0.18435654,0.18432952,0.18431555,0.18431357,0.18432261,0.18434155,0.1843693,0.18440485
0.1356343,0.13527524,0.13497327,0.13473742,0.13457668,0.13450003,0.13451658,0.13463525,0.1348651,0.13521516,0.13569438,0.13631187,0.13707657,0.1379975,0.13908365,0.14034416,0.1417879,0.14333022,0.14487982,0.146436,0.14799798,0.14956498,0.15113628,0.15271111,0.1542887,0.1558683,0.15744919,0.15903054,0.1606117,0.1621918,0.16377017,0.16534601,0.16691853,0.16848706,0.1700508,0.17160898,0.17316087,0.17470568,0.17624274,0.17777114,0.17929026,0.1807993,0.1822975,0.1837841,0.18525837,0.18671949,0.18816677,0.18959947,0.19101673,0.19233145,0.19346283,0.19441998,0.19521187,0.19584751,0.19633591,0.19668612,0.19690712,0.19700791,0.19699754,0.196885,0.19667934,0.19638954,0.19602463,0.1955936,0.19510548,0.1945693,0.19399403,0.19338873,0.19276242,0.19212405,0.19148272,0.19084735,0.19022703,0.18963076,0.18906753,0.18854636,0.18807629,0.18766627,0.18732537,0.18706265,0.18688703,0.1867659,0.18666014,0.18656905,0.18649177,0.18642764,0.18637583,0.18633565,0.18630625,0.18628697,0.18627702,0.18627565,0.18628207,0.18629555,0.18631533,0.18634069
0.13225953,0.13187903,0.13155904,0.13130909,0.13113876,0.13105756,0.13107507,0.13120084,0.13144442,0.13181536,0.13232324,0.13297755,0.13378787,0.13476379,0.13591485,0.13725056,0.13878049,0.14041297,0.1420497,0.1436902,0.14533402,0.14698076,0.14863001,0.15028127,0.15193412,0.15358816,0.1552429,0.15689793,0.15855286,0.16020715,0.16186045,0.16351229,0.16516224,0.16680989,0.16845472,0.17009638,0.17173442,0.17336833,0.1749978,0.17662229,0.17824139,0.17985469,0.18146172,0.18306206,0.18465526,0.18624091,0.18781857,0.18938777,0.1909481,0.19240354,0.19366477,0.19474132,0.19564274,0.19637859,0.19695844,0.19739181,0.19768827,0.19785737,0.19790864,0.19785166,0.19769597,0.19745114,0.1971267,0.19673224,0.19627723,0.1957713,0.19522399,0.19464482,0.1940434,0.1934292,0.19281182,0.19220082,0.19160575,0.19103613,0.19050156,0.19001153,0.18957566,0.18920347,0.1889045,0.18868832,0.18856448,0.18849458,0.18843353,0.18838094,0.18833636,0.18829933,0.18826944,0.18824622,0.18822928,0.18821816,0.18821241,0.18821159,0.18821532,0.1882231,0.18823452,0.18824914
0.12897936,0.12857878,0.12824188,0.12797877,0.12779944,0.12771393,0.12773238,0.12786478,0.12812118,0.12851174,0.12904638,0.12973526,0.13058834,0.13161577,0.13282754,0.13423374,0.13584441,0.1375613,0.13927938,0.14099853,0.14271855,0.14443946,0.146161,0.14788313,0.14960569,0.15132858,0.15305167,0.15477489,0.15649801,0.158221,0.15994367,0.16166598,0.16338773,0.16510884,0.16682917,0.16854864,0.17026708,0.17198436,0.17370042,0.17541508,0.17712826,0.1788398,0.1805496,0.18225753,0.18396348,0.18566734,0.18736893,0.18906821,0.19076498,0.19235492,0.19374034,0.19493136,0.195938,0.19677036,0.19743845,0.19795236,0.19832212,0.19855778,0.19866942,0.19866711,0.19856086,0.19836077,0.19807689,0.19771923,0.1972979,0.19682294,0.19630435,0.19575237,0.1951768,0.19458786,0.1939956,0.19340998,0.19284114,0.19229916,0.19179401,0.1913358,0.19093458,0.19060041,0.1903433,0.19017343,0.19010068,0.19008121,0.19006419,0.19004951,0.19003712,0.19002679,0.19001845,0.190012,0.19000724,0.19000418,0.19000256,0.19000235,0.1900034,0.19000554,0.19000871,0.19001281
0.12599519,0.12557717,0.12522557,0.124950975,0.12476379,0.12467457,0.12469381,0.12483201,0.12509961,0.1255072,0.1260652,0.12678413,0.12767449,0.12874676,0.13001145,0.13147905,0.13316007,0.13495037,0.13673912,0.13852634,0.14031228,0.14209709,0.14388096,0.14566405,0.14744648,0.14922848,0.15101022,0.1527918,0.15457347,0.15635538,0.15813766,0.1599205,0.16170408,0.16348857,0.16527414,0.16706093,0.16884911,0.17063886,0.17243041,0.17422383,0.17601934,0.17781709,0.1796173,0.18142009,0.18322565,0.18503408,0.18684563,0.18866047,0.19047876,0.19218856,0.19368504,0.19497854,0.19607967,0.19699882,0.19774662,0.19833344,0.19876984,0.1990663,0.19923334,0.19928136,0.19922101,0.19906269,0.19881688,0.19849412,0.19810489,0.19765969,0.197169,0.19664334,0.19609317,0.195529,0.19496134,0.19440067,0.19385752,0.19334233,0.19286564,0.19243793,0.19206966,0.19177142,0.19155361,0.19142674,0.19140135,0.19142841,0.19145207,0.19147241,0.19148965,0.19150396,0.19151556,0.19152457,0.19153109,0.1915354,0.19153763,0.19153792,0.19153652,0.1915335,0.19152907,0.19152342
0.12329265,0.12285956,0.122495316,0.12221081,0.12201693,0.12192449,0.12194444,0.1220876,0.12236484,0.12278706,0.12336514,0.12410994,0.12503226,0.12614313,0.12745328,0.12897363,0.13071507,0.13256842,0.13441755,0.13626291,0.13810492,0.139944,0.14178064,0.14361522,0.14544821,0.14728002,0.14911112,0.15094191,0.15277284,0.15460439,0.15643695,0.15827094,0.16010682,0.16194509,0.16378604,0.16563022,0.16747804,0.16932994,0.17118631,0.1730477,0.17491442,0.17678699,0.1786658,0.18055129,0.18244395,0.18434416,0.18625233,0.18816899,0.19009449,0.1919104,0.19350524,0.1948899,0.1960752,0.19707209,0.19789137,0.1985439,0.1990406,0.19939235,0.19961,0.19970441,0.19968648,0.19956708,0.19935705,0.19906734,0.1987087,0.19829214,0.19782838,0.19732845,0.19680312,0.1962633,0.19571985,0.19518368,0.19466558,0.19417652,0.19372728,0.1933288,0.19299196,0.19272757,0.19254655,0.19245976,0.19247808,0.19254795,0.19260901,0.1926616,0.1927062,0.19274323,0.19277312,0.19279635,0.19281328,0.19282441,0.19283012,0.19283095,0.19282722,0.19281945,0.19280802,0.19279341
0.12085702,0.12041125,0.12003632,0.11974347,0.119543895,0.11944878,0.11946929,0.11961664,0.11990203,0.12033662,0.12093164,0.12169823,0.12264767,0.12379105,0.12513962,0.12670454,0.12849705,0.13040353,0.1323034,0.13419738,0.13608615,0.13797036,0.13985066,0.14172782,0.1436025,0.14547531,0.147347,0.14921823,0.15108971,0.15296207,0.15483606,0.15671232,0.15859148,0.16047433,0.1623615,0.16425367,0.16615151,0.1680557,0.16996697,0.17188594,0.17381336,0.17574984,0.17769612,0.17965284,0.1816207,0.18360043,0.18559262,0.18759799,0.18961725,0.19152617,0.1932075,0.19467247,0.19593228,0.19699812,0.19788113,0.19859253,0.1991436,0.19954535,0.19980913,0.19994603,0.19996732,0.19988419,0.19970775,0.19944926,0.19911985,0.19873077,0.19829324,0.19781835,0.19731739,0.19680147,0.19628184,0.19576967,0.19527616,0.19481246,0.19438982,0.19401942,0.19371241,0.19348003,0.19333342,0.19328386,0.19334242,0.19345169,0.19354704,0.19362924,0.19369894,0.19375682,0.19380352,0.19383977,0.1938663,0.19388369,0.19389267,0.19389391,0.1938881,0.19387594,0.19385809,0.19383523
0.1186738,0.11821751,0.117833786,0.11753406,0.117329784,0.11723242,0.11725341,0.11740424,0.11769634,0.11814116,0.11875017,0.11953483,0.120506555,0.12167688,0.1230572,0.12465894,0.12649362,0.12844387,0.13038538,0.13231902,0.13424571,0.13616632,0.13808182,0.13999312,0.141901,0.14380655,0.14571057,0.14761393,0.14951766,0.15142259,0.15332961,0.15523964,0.15715364,0.15907246,0.16099703,0.16292822,0.16486698,0.16681427,0.16877086,0.17073779,0.17271583,0.17470604,0.17670919,0.17872627,0.18075821,0.18280582,0.18487011,0.18695186,0.1890521,0.19104159,0.19279815,0.19433329,0.19565842,0.19678493,0.1977244,0.19848825,0.19908786,0.19953479,0.19984041,0.20001622,0.20007364,0.2000242,0.19987927,0.1996503,0.19934887,0.1989863,0.19857411,0.19812371,0.19764656,0.19715421,0.196658,0.19616942,0.19569993,0.19526103,0.19486406,0.1945206,0.19424205,0.19403984,0.19392547,0.19391036,0.19400598,0.19415127,0.19427808,0.19438742,0.19448012,0.19455703,0.19461916,0.1946674,0.19470263,0.19472578,0.19473769,0.19473939,0.19473165,0.19471548,0.19469172,0.19466132
0.11672845,0.11626373,0.11587293,0.11556766,0.11535962,0.115260474,0.11528184,0.11543543,0.11573292,0.11618597,0.11680619,0.11760532,0.11859499,0.11978686,0.121192604,0.12282387,0.1246924,0.12667762,0.12865213,0.13061696,0.13257326,0.13452218,0.13646477,0.1384022,0.1403355,0.14226586,0.14419436,0.14612214,0.14805026,0.14997986,0.1519121,0.153848,0.15578875,0.15773544,0.15968914,0.16165102,0.16362219,0.16560368,0.16759676,0.16960236,0.17162172,0.17365596,0.1757061,0.1777733,0.17985868,0.18196334,0.18408838,0.18623495,0.18840416,0.1904625,0.1922837,0.19387937,0.19526109,0.19644065,0.19742964,0.19823976,0.19888264,0.19937001,0.19971351,0.1999248,0.20001553,0.19999734,0.19988196,0.19968103,0.1994062,0.1990692,0.19868162,0.19825512,0.19780143,0.19733216,0.19685908,0.19639368,0.19594775,0.19553299,0.19516096,0.19484338,0.1945919,0.19441818,0.19433391,0.19435076,0.19448034,0.19465855,0.19481412,0.19494821,0.19506186,0.19515626,0.19523247,0.19529164,0.1953348,0.1953632,0.19537784,0.19537988,0.19537044,0.19535057,0.19532147,0.19528419
0.115006335,0.114535175,0.11413892,0.11382943,0.11361849,0.11351794,0.113539614,0.11369537,0.11399699,0.1144563,0.115085185,0.11589541,0.116898835,0.118107274,0.11953255,0.12118653,0.123081,0.12509295,0.12709236,0.12908047,0.13105862,0.13302813,0.13499026,0.13694632,0.13889761,0.14084543,0.14279109,0.14473592,0.14668113,0.14862809,0.15057807,0.15253243,0.1544924,0.1564593,0.1584344,0.16041906,0.16241455,0.16442218,0.1664432,0.16847901,0.17053086,0.17259996,0.17468776,0.17679547,0.17892438,0.18107587,0.18325113,0.18545158,0.18767844,0.18979475,0.19167055,0.19331767,0.19474791,0.1959732,0.19700527,0.19785596,0.19853713,0.19906057,0.19943812,0.19968164,0.19980292,0.19981384,0.19972618,0.19955176,0.19930242,0.19899005,0.19862637,0.19822328,0.1977926,0.19734615,0.19689572,0.19645321,0.19603045,0.19563915,0.19529128,0.19499862,0.19477291,0.19462612,0.19456999,0.19461639,0.19477709,0.19498529,0.19516706,0.19532368,0.19545643,0.19556671,0.19565578,0.19572487,0.19577534,0.19580849,0.19582559,0.195828,0.19581693,0.19579376,0.19575971,0.19571619
0.113492936,0.11301715,0.112617016,0.112304464,0.112091444,0.11198992,0.11201182,0.11216908,0.11247367,0.11293751,0.113572575,0.11439077,0.115404055,0.11662439,0.1180637,0.119733945,0.12164707,0.12367799,0.12569472,0.12769872,0.12969144,0.13167435,0.13364893,0.13561666,0.13757901,0.13953741,0.1414934,0.14344837,0.14540385,0.14736131,0.14932217,0.15128794,0.15326007,0.15524004,0.15722935,0.15922941,0.16124171,0.16326775,0.16530898,0.16736686,0.16944288,0.17153852,0.17365517,0.17579436,0.17795762,0.18014632,0.18236199,0.18460606,0.18688004,0.189044,0.19096513,0.19265531,0.1941265,0.19539066,0.19645974,0.19734563,0.19806038,0.19861582,0.19902395,0.1992967,0.19944605,0.19948392,0.19942224,0.19927298,0.19904803,0.19875942,0.19841903,0.19803883,0.19763075,0.19720674,0.19677879,0.19635876,0.19595864,0.19559042,0.19526593,0.1949972,0.19479622,0.19467478,0.19464494,0.19471864,0.19490781,0.19514321,0.19534877,0.19552593,0.1956761,0.19580077,0.19590148,0.19597962,0.19603673,0.1960742,0.19609353,0.19609623,0.19608375,0.19605754,0.19601908,0.19596983
0.11217371,0.11169498,0.11129236,0.110977896,0.110763565,0.110661395,0.11068343,0.11084168,0.11114814,0.11161485,0.112253815,0.11307708,0.11409663,0.115324505,0.11677271,0.11845326,0.12037819,0.12242092,0.12444794,0.1264609,0.12846142,0.13045107,0.13243152,0.13440442,0.13637134,0.13833396,0.14029385,0.14225268,0.14421204,0.14617354,0.14813887,0.15010957,0.15208735,0.15407377,0.15607049,0.15807909,0.16010123,0.16213857,0.16419268,0.16626516,0.1683577,0.1704719,0.17260936,0.17477176,0.17696066,0.17917772,0.18142453,0.18370278,0.18601401,0.18821613,0.1901739,0.19189927,0.19340435,0.19470106,0.19580151,0.19671768,0.19746156,0.19804521,0.19848067,0.1987799,0.19895488,0.19901775,0.1989805,0.19885504,0.1986535,0.19838788,0.19807017,0.19771236,0.19732656,0.19692473,0.19651888,0.19612102,0.1957432,0.19539747,0.19509578,0.19485018,0.19467269,0.19457531,0.19457005,0.19466895,0.19488406,0.19514419,0.19537133,0.19556703,0.19573297,0.19587073,0.19598198,0.19606833,0.19613141,0.1961728,0.1961942,0.1961972,0.19618335,0.19615443,0.19611193,0.19605751
0.11103407,0.11055397,0.110150225,0.10983485,0.10961989,0.10951745,0.109539546,0.10969824,0.11000559,0.1104736,0.11111443,0.11194004,0.112962484,0.11419386,0.1156462,0.11733159,0.11926201,0.12130989,0.1233407,0.12535624,0.12735827,0.12934852,0.13132876,0.13330077,0.13526636,0.13722725,0.13918515,0.1411419,0.14309925,0.14505894,0.14702274,0.14899237,0.15096974,0.15295644,0.15495436,0.1569652,0.15899074,0.16103274,0.16309293,0.16517314,0.16727507,0.16940056,0.1715513,0.1737291,0.17593573,0.17817287,0.18044242,0.182746,0.18508546,0.1873169,0.18930325,0.1910566,0.19258896,0.19391243,0.19503906,0.19598082,0.19674987,0.19735825,0.19781792,0.19814102,0.19833958,0.19842565,0.19841126,0.19830845,0.19812942,0.197886,0.19759038,0.19725463,0.19689073,0.19651076,0.19612676,0.19575079,0.19539492,0.19507118,0.19479164,0.19456838,0.1944134,0.19433877,0.19435652,0.19447874,0.19471745,0.19499993,0.19524655,0.19545908,0.19563927,0.19578889,0.19590971,0.19600344,0.19607194,0.19611692,0.19614016,0.19614339,0.19612838,0.19609697,0.1960508,0.19599168
0.11005946,0.10957943,0.109175734,0.10886042,0.108645506,0.10854309,0.10856518,0.10872384,0.109031126,0.1094991,0.110139824,0.1109653,0.11198761,0.11321877,0.11467089,0.11635599,0.118286125,0.12033304,0.122361675,0.12437392,0.1263717,0.12835689,0.13033134,0.13229698,0.13425569,0.13620937,0.13815992,0.1401092,0.14205907,0.14401148,0.14596833,0.14793146,0.14990276,0.15188417,0.15387751,0.15588473,0.15790772,0.15994833,0.16200845,0.16408998,0.16619484,0.16832487,0.17048202,0.17266813,0.17488511,0.17713484,0.17941922,0.1817401,0.18409944,0.18635206,0.18835966,0.1901343,0.19168799,0.19303282,0.19418079,0.195144,0.19593446,0.19656427,0.19704546,0.19739006,0.19761012,0.19771771,0.19772488,0.19764368,0.19748616,0.19726437,0.19699039,0.19667616,0.19633389,0.19597553,0.19561315,0.1952588,0.1949245,0.1946224,0.19436447,0.19416274,0.19402935,0.19397628,0.19401556,0.19415933,0.19441956,0.19472222,0.19498645,0.1952142,0.19540723,0.19556753,0.195697,0.19579746,0.19587082,0.19591904,0.1959439,0.1959474,0.1959313,0.19589761,0.1958482,0.19578485
0.109235324,0.108756706,0.108354166,0.10803975,0.107825466,0.107723325,0.10774537,0.10790358,0.10820997,0.10867659,0.10931543,0.110138535,0.11115786,0.11238551,0.113833405,0.115513615,0.11743819,0.11947854,0.12149954,0.12350321,0.12549144,0.12746638,0.12942995,0.13138416,0.13333105,0.13527255,0.13721076,0.13914761,0.14108513,0.14302532,0.14497018,0.14692174,0.14888199,0.15085287,0.15283649,0.15483479,0.1568498,0.15888347,0.16093785,0.1630149,0.16511671,0.16724522,0.16940247,0.17159039,0.17381108,0.17606646,0.17835855,0.18068944,0.183061,0.18532746,0.18734959,0.18913941,0.19070894,0.1920702,0.19323522,0.19421594,0.19502448,0.19567277,0.19617288,0.19653681,0.19677658,0.19690421,0.19693169,0.1968711,0.19673435,0.19653352,0.19628066,0.19598772,0.19566675,0.19532976,0.19498876,0.19465573,0.19434279,0.19406189,0.193825,0.19364421,0.19353156,0.19349897,0.19355848,0.19372213,0.19400197,0.19432285,0.19460298,0.1948444,0.19504906,0.19521901,0.19535623,0.19546275,0.19554056,0.19559164,0.195618,0.1956217,0.19560465,0.19556893,0.19551651,0.19544941
0.108547114,0.108071044,0.10767067,0.107357964,0.107144825,0.107043244,0.10706516,0.10722251,0.10752727,0.10799137,0.10862677,0.109445445,0.11045927,0.1116803,0.11312043,0.1147916,0.11670579,0.11873459,0.12074301,0.12273318,0.12470723,0.12666723,0.12861528,0.13055353,0.13248403,0.13440894,0.13633034,0.13825032,0.14017099,0.14209451,0.14402291,0.14595835,0.14790289,0.14985868,0.1518278,0.15381236,0.15581448,0.15783626,0.1598798,0.16194718,0.16404057,0.16616198,0.16831364,0.17049757,0.17271589,0.17497072,0.17726415,0.17959829,0.18197525,0.18424883,0.18627942,0.18807895,0.18965937,0.19103266,0.1922107,0.1932055,0.19402903,0.19469316,0.19520994,0.19559127,0.1958491,0.19599539,0.19604205,0.19600108,0.19588445,0.19570406,0.19547188,0.19519986,0.19489996,0.19458413,0.19426431,0.19395247,0.19366053,0.19340046,0.19318421,0.19302374,0.19293101,0.19291793,0.1929965,0.19317861,0.19347629,0.19381356,0.19410802,0.1943618,0.19457695,0.1947556,0.19489987,0.19501182,0.1950936,0.19514732,0.19517504,0.19517891,0.19516098,0.19512343,0.19506834,0.19499777
0.10798024,0.10750778,0.107110485,0.106800154,0.10658866,0.10648786,0.10650959,0.106665745,0.10696817,0.10742873,0.10805929,0.10887166,0.109877795,0.11108948,0.11251859,0.114176996,0.11607655,0.11808927,0.120080754,0.12205318,0.124008745,0.12594965,0.1278781,0.12979628,0.13170642,0.13361067,0.13551128,0.1374104,0.13931027,0.14121309,0.143121,0.14503627,0.14696103,0.14889756,0.150848,0.15281455,0.15479942,0.15680483,0.15883294,0.16088596,0.16296613,0.16507554,0.16721654,0.16939121,0.17160183,0.1738505,0.1761395,0.17847103,0.18084723,0.183122,0.18515562,0.18695995,0.18854685,0.18992817,0.19111578,0.19212154,0.19295736,0.19363494,0.19416635,0.19456327,0.19483766,0.19500141,0.19506627,0.19504419,0.19494696,0.1947865,0.19457467,0.19432327,0.19404423,0.19374937,0.19345053,0.19315962,0.19288847,0.19264893,0.19245288,0.19231221,0.19223875,0.19224432,0.1923408,0.19254011,0.19285403,0.19320616,0.19351359,0.19377851,0.19400313,0.19418962,0.19434023,0.19445713,0.1945425,0.19459856,0.19462751,0.19463153,0.19461285,0.19457363,0.19451614,0.19444248
0.10752013,0.107052274,0.10665882,0.10635148,0.10614202,0.10604221,0.10606373,0.10621837,0.10651788,0.10697399,0.10759842,0.10840296,0.109399326,0.110599294,0.11201457,0.11365694,0.115538105,0.11753082,0.11950146,0.121452324,0.12338569,0.12530382,0.12720905,0.12910363,0.1309898,0.13286991,0.13474618,0.136621,0.13849656,0.14037514,0.14225905,0.14415057,0.14605199,0.14796555,0.14989358,0.15183838,0.15380216,0.15578724,0.15779594,0.15983051,0.16189319,0.16398633,0.16611215,0.16827302,0.17047113,0.1727088,0.17498831,0.17731199,0.17968205,0.18195274,0.18398461,0.18578944,0.18737893,0.18876481,0.18995887,0.19097286,0.19181848,0.19250749,0.19305165,0.19346273,0.19375242,0.19393252,0.19401471,0.19401075,0.19393246,0.19379146,0.19359963,0.1933686,0.1931102,0.19283614,0.19255814,0.19228797,0.19203739,0.19181813,0.19164194,0.19152056,0.19146574,0.19148919,0.1916027,0.19181804,0.19214685,0.19251245,0.19283155,0.1931066,0.19333978,0.19353339,0.19368972,0.19381107,0.19389975,0.19395791,0.19398795,0.19399217,0.19397277,0.19393207,0.19387236,0.19379587
0.10715224,0.10668978,0.10630085,0.105997056,0.10579001,0.105691314,0.105712615,0.10586546,0.106161535,0.10661238,0.10722966,0.10802494,0.10900988,0.11019604,0.111595064,0.11321852,0.115078084,0.11704736,0.118993826,0.120919846,0.122827806,0.12472002,0.12659888,0.1284667,0.13032593,0.13217883,0.1340278,0.13587521,0.1377234,0.13957474,0.14143157,0.14329629,0.14517123,0.1470587,0.14896116,0.15088089,0.15282029,0.1547817,0.15676747,0.15877998,0.16082156,0.16289464,0.1650015,0.16714452,0.16932605,0.17154852,0.17381419,0.17612547,0.17848474,0.18074681,0.18277283,0.18457443,0.18616313,0.1875506,0.18874845,0.18976827,0.19062167,0.19132029,0.1918757,0.19229954,0.19260341,0.1927989,0.19289765,0.19291127,0.19285133,0.1927295,0.19255736,0.19234648,0.19210857,0.19185513,0.19159786,0.1913483,0.19111809,0.19091885,0.19076219,0.1906597,0.190623,0.19066371,0.19079341,0.19102375,0.19136631,0.1917441,0.19207391,0.19235815,0.19259912,0.19279921,0.19296078,0.19308619,0.19317777,0.19323795,0.19326901,0.1932733,0.19325328,0.1932112,0.19314948,0.19307046
0.10686204,0.10640564,0.10602177,0.10572196,0.10551763,0.10542024,0.10544125,0.1055921,0.10588429,0.10632924,0.10693842,0.1077233,0.108695336,0.10986597,0.11124665,0.11284888,0.114684075,0.11662705,0.1185465,0.12044497,0.12232477,0.12418839,0.12603825,0.1278768,0.12970641,0.13152957,0.13334864,0.13516615,0.13698444,0.13880596,0.14063315,0.14246842,0.14431426,0.14617303,0.14804718,0.1499391,0.15185134,0.15378621,0.15574613,0.15773363,0.15975109,0.1618009,0.16388555,0.1660074,0.16816895,0.17037258,0.17262073,0.17491587,0.17726037,0.17951004,0.18152675,0.18332195,0.18490705,0.18629357,0.18749294,0.1885166,0.18937606,0.19008271,0.19064806,0.19108357,0.19140068,0.1916108,0.19172548,0.1917561,0.1917142,0.19161116,0.19145848,0.1912676,0.19105,0.1908171,0.19058037,0.19035129,0.19014132,0.18996193,0.18982452,0.18974057,0.18972155,0.18977895,0.18992415,0.19016871,0.190524,0.19091298,0.1912526,0.19154523,0.19179335,0.19199939,0.19216576,0.19229488,0.19238918,0.19245113,0.19248308,0.19248754,0.1924669,0.19242357,0.19236001,0.19227867
0.10663493,0.10618513,0.105806835,0.10551135,0.10530998,0.105214,0.10523471,0.10538338,0.10567132,0.10610985,0.10671021,0.10748373,0.10844168,0.10959537,0.11095607,0.1125351,0.114343725,0.11625804,0.11814825,0.12001685,0.121866316,0.12369917,0.12551792,0.12732503,0.12912299,0.13091432,0.13270143,0.13448691,0.13627322,0.13806288,0.13985834,0.14166212,0.1434767,0.14530455,0.14714824,0.14901018,0.1508929,0.1527989,0.15473068,0.1566907,0.15868148,0.16070552,0.16276526,0.16486329,0.16700199,0.16918394,0.1714116,0.17368746,0.17601402,0.17824817,0.18025278,0.18203902,0.18361823,0.18500173,0.18620078,0.1872267,0.18809077,0.18880427,0.18937847,0.18982473,0.1901543,0.19037844,0.19050856,0.19055577,0.19053152,0.19044703,0.19031361,0.19014256,0.18994515,0.18973269,0.18951647,0.18930778,0.18911791,0.18895814,0.18883976,0.18877411,0.18877243,0.18884602,0.18900621,0.18926427,0.18963146,0.1900308,0.19037952,0.19067994,0.19093469,0.1911462,0.19131705,0.19144958,0.19154643,0.19161,0.1916428,0.1916474,0.19162619,0.19158174,0.19151649,0.19143297
0.10645636,0.10601358,0.1056412,0.10535037,0.10515214,0.105057664,0.10507804,0.10522436,0.10550782,0.10593948,0.10653045,0.10729188,0.10823486,0.10937052,0.11070994,0.1122643,0.11404464,0.11592849,0.11778768,0.119624734,0.12144218,0.1232426,0.12502858,0.12680261,0.12856728,0.13032515,0.13207874,0.13383064,0.1355834,0.13733953,0.13910165,0.14087231,0.14265403,0.14444932,0.14626084,0.14809105,0.14994258,0.15181793,0.15371968,0.15565038,0.15761256,0.15960881,0.16164172,0.16371375,0.16582751,0.16798553,0.17019036,0.17244463,0.17475078,0.17696705,0.1789573,0.18073268,0.18230423,0.18368313,0.1848805,0.18590738,0.18677495,0.18749432,0.18807663,0.1885329,0.18887435,0.18911204,0.1892571,0.18932067,0.18931384,0.18924768,0.18913339,0.18898202,0.18880472,0.18861264,0.18841682,0.18822841,0.18805851,0.1879183,0.18781883,0.18777122,0.18778662,0.18787608,0.18805079,0.18832184,0.18870033,0.18910941,0.18946658,0.18977441,0.19003536,0.19025202,0.190427,0.1905628,0.19066197,0.19072711,0.19076073,0.19076543,0.19074371,0.19069818,0.19063132,0.19054577
0.10631177,0.105876334,0.105510116,0.10522407,0.10502912,0.10493621,0.104956254,0.10510018,0.10537894,0.10580345,0.106384635,0.10713346,0.10806083,0.10917768,0.11049495,0.11202354,0.113774434,0.115626596,0.11745352,0.119257785,0.12104204,0.12280886,0.12456091,0.12630077,0.12803102,0.1297543,0.13147326,0.13319045,0.13490853,0.13663006,0.13835773,0.14009407,0.14184175,0.14360335,0.1453815,0.14717883,0.1489979,0.15084134,0.15271184,0.1546119,0.15654415,0.15851128,0.16051583,0.16256039,0.1646477,0.16678023,0.16896069,0.17119163,0.17347571,0.17567241,0.17764686,0.17940992,0.18097262,0.18234576,0.18354043,0.18456747,0.18543781,0.18616238,0.18675216,0.18721801,0.18757091,0.18782182,0.18798159,0.1880612,0.1880716,0.18802367,0.18792835,0.18779662,0.18763943,0.18746762,0.18729217,0.18712398,0.18697403,0.18685327,0.18677253,0.18674281,0.18677512,0.1868802,0.18706915,0.1873528,0.18774217,0.18816055,0.18852587,0.18884063,0.18910754,0.1893291,0.18950805,0.18964696,0.18974839,0.18981498,0.18984942,0.18985417,0.18983199,0.18978539,0.18971704,0.18962954
0.10618658,0.105758645,0.10539873,0.105117634,0.10492604,0.10483473,0.10485442,0.104995854,0.105269834,0.10568703,0.1062582,0.10699414,0.10790553,0.10900314,0.1102977,0.111800015,0.113520734,0.11534047,0.117134415,0.118905246,0.12065561,0.122388184,0.12410564,0.12581061,0.12750584,0.12919392,0.13087757,0.13255943,0.1342422,0.13592848,0.13762102,0.13932247,0.1410355,0.14276269,0.14450683,0.14627051,0.14805646,0.14986736,0.15170574,0.15357442,0.15547602,0.15741318,0.1593886,0.16140494,0.16346486,0.16557106,0.16772616,0.1699329,0.17219386,0.17437005,0.17632778,0.17807782,0.1796309,0.18099777,0.18218914,0.1832158,0.18408845,0.18481785,0.18541476,0.18588993,0.18625407,0.18651792,0.18669227,0.18678784,0.18681537,0.18678558,0.18670925,0.18659708,0.18645984,0.18630834,0.1861532,0.18600523,0.18587519,0.18577379,0.18571179,0.1856999,0.18574889,0.1858695,0.1860725,0.18636861,0.18676856,0.18719599,0.18756917,0.18789074,0.18816341,0.18838982,0.1885726,0.18871447,0.18881814,0.18888618,0.1889213,0.18892622,0.18890353,0.18885595,0.18878607,0.1886967
0.106066264,0.10564587,0.105292305,0.105016135,0.10482793,0.10473823,0.104757555,0.10489653,0.10516565,0.1055755,0.10613663,0.10685958,0.10775492,0.10883319,0.11010496,0.11158075,0.11327116,0.11505832,0.11681912,0.118556306,0.12027262,0.12197077,0.12365347,0.12532341,0.12698342,0.12863615,0.13028432,0.1319307,0.13357797,0.13522889,0.13688613,0.1385525,0.14023067,0.14192334,0.1436333,0.14536323,0.14711584,0.1488939,0.15070012,0.15253726,0.15440796,0.15631497,0.15826105,0.16024895,0.16228129,0.16436091,0.16649048,0.16867271,0.17091033,0.17306578,0.1750066,0.17674334,0.17828667,0.17964704,0.18083504,0.18186115,0.18273605,0.18347019,0.1840742,0.18455854,0.18493387,0.18521069,0.18539952,0.18551096,0.18555562,0.18554391,0.18548654,0.18539394,0.18527673,0.18514547,0.18501066,0.18488291,0.18477274,0.1846907,0.18464735,0.18465331,0.18471904,0.18485512,0.18507214,0.18538061,0.1857911,0.1862275,0.18660851,0.18693683,0.18721522,0.18744636,0.18763304,0.18777788,0.1878837,0.18795319,0.18798906,0.18799403,0.18797089,0.18792228,0.18785098,0.1877597
0.105936244,0.1055233,0.10517599,0.10490472,0.10471987,0.10463172,0.10465075,0.10478725,0.1050516,0.10545417,0.10600534,0.106715485,0.10759494,0.10865408,0.10990326,0.1113529,0.113013335,0.11476822,0.11649625,0.11820017,0.119882755,0.12154679,0.12319506,0.12483037,0.12645547,0.12807313,0.12968618,0.13129738,0.1329095,0.13452533,0.13614765,0.13777924,0.1394229,0.14108135,0.14275745,0.14445393,0.1461736,0.14791922,0.14969362,0.15149952,0.15333971,0.15521702,0.15713419,0.159094,0.16109926,0.16315272,0.16525717,0.1674154,0.16963018,0.17176533,0.17368968,0.17541362,0.1769475,0.17830169,0.17948651,0.18051241,0.1813897,0.18212877,0.18274,0.18323375,0.18362035,0.1839102,0.18411367,0.18424109,0.1843029,0.18430936,0.18427092,0.18419792,0.18410076,0.18398973,0.1838753,0.18376772,0.18367746,0.18361486,0.18359025,0.18361399,0.1836965,0.18384814,0.18407923,0.18440017,0.18482134,0.18526684,0.18565582,0.18599102,0.18627518,0.18651116,0.18670169,0.18684956,0.1869576,0.18702851,0.18706515,0.18707025,0.18704659,0.18699701,0.18692422,0.18683104
0.105781935,0.10537624,0.10503504,0.10476853,0.10458689,0.104500316,0.10451899,0.10465309,0.10491281,0.105308324,0.10584983,0.10654752,0.10741153,0.1084521,0.10967939,0.11110359,0.112734884,0.114458434,0.11615455,0.117826045,0.119475745,0.12110653,0.1227212,0.12432264,0.12591365,0.12749708,0.12907577,0.1306526,0.13223034,0.1338119,0.13540006,0.13699771,0.13860764,0.14023273,0.14187582,0.14353973,0.14522733,0.14694142,0.14868484,0.15046048,0.15227115,0.1541197,0.15600894,0.15794174,0.15992098,0.1619494,0.16402988,0.16616532,0.1683585,0.17047453,0.17238353,0.17409557,0.17562091,0.17696969,0.1781521,0.17917837,0.18005866,0.18080314,0.18142201,0.18192546,0.18232365,0.18262678,0.18284503,0.18298861,0.18306763,0.18309237,0.183073,0.18301964,0.18294254,0.18285185,0.18275775,0.18267049,0.18260016,0.182557,0.18255116,0.18259287,0.18269233,0.18285964,0.18310507,0.18343876,0.1838709,0.18432581,0.18472302,0.18506527,0.18535548,0.18559644,0.185791,0.18594204,0.18605231,0.18612477,0.18616216,0.18616736,0.18614323,0.18609257,0.18601823,0.18592308
0.1055888,0.10519,0.10485463,0.104592636,0.1044141,0.104329,0.10434736,0.10447917,0.10473446,0.10512325,0.10565556,0.10634134,0.10719067,0.10821353,0.10941991,0.11081989,0.11242342,0.11411708,0.115782656,0.11742314,0.11904132,0.12064016,0.12222257,0.12379143,0.12534961,0.12690009,0.12844571,0.12998945,0.13153411,0.13308264,0.13463795,0.1362029,0.13778049,0.13937354,0.14098497,0.14261767,0.14427458,0.14595856,0.14767249,0.1494194,0.15120204,0.1530234,0.15488638,0.15679385,0.15874873,0.1607539,0.1628123,0.1649268,0.16710033,0.1691992,0.17109448,0.17279628,0.17431445,0.17565913,0.17684026,0.17786789,0.178752,0.17950267,0.18012981,0.18064351,0.18105376,0.18137059,0.18160397,0.18176392,0.18186045,0.18190359,0.18190338,0.18186978,0.18181282,0.1817425,0.18166882,0.18160188,0.18155158,0.18152797,0.18154112,0.18160093,0.18171751,0.18190083,0.1821609,0.18250772,0.18295136,0.18341622,0.18382204,0.18417181,0.18446833,0.18471457,0.18491338,0.18506767,0.1851804,0.18525442,0.18529262,0.18529792,0.18527329,0.18522152,0.18514557,0.18504836
0.105342284,0.104949914,0.10461994,0.1043622,0.10418654,0.104102805,0.104120865,0.10425054,0.10450174,0.10488426,0.10540794,0.10608266,0.10691828,0.10792461,0.10911155,0.11048891,0.11206655,0.11373226,0.11536931,0.116980605,0.11856915,0.12013789,0.12168985,0.1232279,0.12475509,0.12627436,0.1277887,0.12930103,0.13081436,0.13233167,0.13385586,0.13538997,0.13693696,0.13849978,0.14008138,0.14168479,0.14331287,0.14496873,0.14665526,0.1483754,0.15013215,0.15192853,0.15376742,0.15565185,0.15758479,0.15956919,0.16160798,0.1637042,0.16586076,0.16794507,0.1698291,0.17152268,0.1730357,0.17437796,0.17555943,0.17658976,0.17747892,0.17823678,0.17887317,0.1793979,0.17982084,0.18015185,0.18040077,0.18057746,0.1806918,0.18075359,0.18077266,0.18075892,0.18072219,0.18067236,0.18061921,0.18057266,0.18054248,0.18053862,0.18057084,0.18064903,0.18078306,0.18098272,0.18125793,0.18161848,0.18207428,0.18254974,0.1829649,0.18332262,0.18362595,0.1838778,0.18408118,0.18423901,0.1843543,0.18442999,0.18446909,0.18447456,0.1844493,0.18439634,0.18431868,0.1842192
0.1050278,0.10464128,0.10431623,0.10406232,0.10388927,0.10380681,0.10382459,0.10395235,0.10419978,0.1045766,0.105092496,0.105757155,0.106580324,0.10757168,0.10874093,0.11009776,0.11165191,0.11329221,0.11490315,0.11648773,0.118048996,0.11958997,0.12111374,0.1226233,0.124121726,0.12561204,0.12709726,0.12858047,0.13006471,0.13155298,0.13304837,0.13455388,0.13607256,0.13760749,0.13916163,0.14073811,0.14233992,0.1439701,0.14563172,0.14732775,0.14906132,0.15083544,0.15265313,0.15451744,0.15643145,0.15839814,0.16042057,0.16250178,0.16464485,0.16671792,0.16859372,0.17028193,0.17179224,0.17313434,0.17431797,0.17535281,0.17624857,0.17701495,0.17766167,0.17819838,0.17863487,0.17898077,0.17924583,0.17943974,0.17957217,0.17965284,0.17969146,0.17969778,0.1796814,0.17965214,0.17961964,0.17959358,0.17958367,0.17959967,0.17965128,0.17974813,0.17989998,0.18011647,0.18040743,0.18078242,0.18125126,0.18173826,0.18216348,0.1825299,0.18284056,0.18309851,0.18330678,0.18346845,0.1835865,0.18366405,0.1837041,0.18370967,0.1836838,0.18362959,0.18355003,0.18344818
0.1046308,0.1042494,0.10392867,0.10367812,0.10350736,0.10342597,0.10344353,0.10356961,0.10381376,0.104185574,0.10469462,0.10535052,0.10616275,0.10714096,0.1082947,0.10963357,0.11116712,0.112785086,0.11437289,0.11593367,0.11747052,0.1189866,0.120484956,0.12196878,0.123441175,0.12490524,0.12636416,0.12782091,0.12927876,0.13074075,0.13221002,0.13368967,0.13518286,0.1366927,0.13822226,0.13977471,0.14135318,0.14296073,0.14460051,0.1462757,0.14798932,0.14974454,0.15154447,0.15339224,0.1552909,0.1572437,0.15925369,0.16132395,0.16345766,0.16552359,0.16739483,0.16908097,0.17059155,0.17193621,0.17312443,0.17416586,0.17507009,0.1758466,0.17650507,0.17705499,0.177506,0.17786762,0.17814948,0.17836109,0.17851208,0.17861201,0.17867044,0.17869696,0.17870115,0.17869256,0.17868078,0.17867538,0.17868593,0.17872205,0.17879324,0.17890912,0.17907925,0.17931324,0.17962062,0.18001096,0.18049386,0.1809935,0.1814297,0.1818056,0.18212429,0.18238893,0.1826026,0.18276843,0.1828896,0.18296914,0.1830102,0.18301593,0.18298942,0.18293379,0.18285216,0.18274765
0.10413673,0.10375961,0.10344245,0.10319473,0.10302588,0.10294541,0.10296278,0.10308743,0.10332884,0.10369651,0.10419985,0.104848355,0.105651505,0.10661875,0.10775958,0.10908344,0.110599786,0.112199,0.1137672,0.11530763,0.11682347,0.118317924,0.119794235,0.12125559,0.12270516,0.12414619,0.12558189,0.12701546,0.12845005,0.12988898,0.13133533,0.13279241,0.13426337,0.13575143,0.13725977,0.13879167,0.14035025,0.14193876,0.1435604,0.14521839,0.14691591,0.14865616,0.15044239,0.15227777,0.15416554,0.15610884,0.15811093,0.16017501,0.16230428,0.1643678,0.16623883,0.16792683,0.16944128,0.1707916,0.17198725,0.17303778,0.1739526,0.17474118,0.17541301,0.17597754,0.17644422,0.17682257,0.17712201,0.17735203,0.17752206,0.17764165,0.17772014,0.17776716,0.17779203,0.17780429,0.1778134,0.17782883,0.17786002,0.17791647,0.1780076,0.17814295,0.17833193,0.17858404,0.17890874,0.17931546,0.17981371,0.1803272,0.18077554,0.18116187,0.18148944,0.18176143,0.181981,0.1821515,0.18227597,0.18235777,0.18239997,0.18240584,0.18237858,0.1823214,0.18223752,0.1821301
0.103531,0.1031572,0.10284281,0.10259726,0.1024299,0.10235013,0.10236734,0.10249089,0.10273019,0.10309463,0.103593595,0.10423643,0.10503255,0.10599134,0.10712219,0.108434446,0.10993755,0.11152213,0.11307479,0.11459881,0.11609753,0.11757425,0.119032264,0.12047484,0.12190534,0.123327,0.124743186,0.12615715,0.12757227,0.12899172,0.1304189,0.13185708,0.13330962,0.13477972,0.13627073,0.13778594,0.1393287,0.14090228,0.14250997,0.14415509,0.14584091,0.14757076,0.14934793,0.15117577,0.1530575,0.15499645,0.15699598,0.15905932,0.1611898,0.1632564,0.16513221,0.16682656,0.16834886,0.16970852,0.17091489,0.17197733,0.17290528,0.1737081,0.17439519,0.1749759,0.17545967,0.17585583,0.17617378,0.17642291,0.17661263,0.17675227,0.17685124,0.17691892,0.17696476,0.17699805,0.17702821,0.17706463,0.17711668,0.17719378,0.17730525,0.17746055,0.17766903,0.17794004,0.17828304,0.17870735,0.17922238,0.17975122,0.18021294,0.18061082,0.18094815,0.18122828,0.18145443,0.18162999,0.18175818,0.1818424,0.18188588,0.18189192,0.18186387,0.181805,0.18171857,0.18160796
0.10279911,0.10242749,0.10211494,0.10187083,0.10170443,0.10162515,0.10164225,0.10176508,0.102002986,0.102365285,0.1028613,0.10350036,0.10429182,0.10524498,0.10636918,0.107673734,0.10916801,0.11074262,0.11228431,0.11379644,0.11528246,0.11674573,0.11818971,0.1196178,0.12103337,0.122439854,0.123840675,0.1252392,0.1266389,0.12804312,0.1294553,0.13087882,0.13231711,0.1337736,0.13525164,0.1367547,0.13828614,0.1398494,0.1414479,0.14308497,0.14476408,0.14648868,0.14826208,0.15008776,0.15196912,0.15390949,0.15591238,0.15798119,0.16011925,0.16219518,0.16408134,0.16578716,0.16732198,0.16869505,0.16991575,0.17099342,0.1719373,0.17275684,0.17346132,0.17406005,0.17456236,0.17497763,0.17531514,0.17558427,0.17579426,0.17595452,0.17607431,0.17616303,0.17623,0.17628448,0.17633593,0.17639354,0.1764667,0.17656477,0.17669702,0.17687282,0.1771015,0.17739235,0.17775474,0.17819801,0.17873143,0.17927729,0.1797538,0.18016449,0.18051265,0.18080178,0.18103522,0.18121643,0.18134874,0.18143563,0.18148053,0.18148677,0.1814578,0.18139702,0.18130787,0.18119372
0.10192643,0.10155577,0.101244055,0.10100056,0.100834616,0.10075553,0.10077258,0.10089509,0.101132385,0.10149374,0.101988465,0.10262588,0.103415266,0.10436595,0.10548723,0.10678841,0.108278796,0.10984868,0.11138447,0.1128897,0.11436792,0.11582262,0.11725734,0.11867563,0.12008096,0.12147692,0.12286697,0.124254696,0.12564358,0.1270372,0.12843901,0.12985258,0.13128142,0.13272908,0.13419905,0.1356949,0.13722011,0.13877824,0.14037278,0.14200732,0.14368531,0.14541031,0.14718585,0.14901546,0.15090261,0.15285091,0.15486386,0.15694496,0.15909773,0.16118982,0.16309272,0.16481571,0.1663681,0.16775921,0.16899832,0.17009476,0.17105784,0.17189682,0.17262103,0.17323981,0.17376244,0.17419821,0.17455642,0.1748464,0.17507745,0.17525889,0.17539997,0.17551006,0.17559844,0.17567441,0.17574728,0.17582634,0.17592089,0.17604029,0.1761938,0.17639074,0.17664039,0.1769521,0.17733514,0.17779881,0.17835245,0.17891712,0.17941013,0.17983498,0.18019518,0.18049428,0.18073578,0.18092322,0.18106014,0.18115005,0.18119647,0.18120292,0.18117297,0.18111008,0.18101783,0.18089971
0.10103684,0.10066648,0.100354984,0.10011168,0.09994587,0.09986684,0.0998839,0.1000063,0.1002434,0.100604475,0.10109882,0.10173572,0.10252452,0.10347447,0.10459486,0.10589503,0.10738426,0.1089523,0.11048514,0.111986406,0.113459766,0.11490882,0.116337255,0.117748715,0.119146794,0.120535165,0.121917464,0.12329734,0.12467845,0.12606442,0.12745884,0.12886542,0.1302878,0.13172959,0.1331944,0.13468601,0.1362079,0.1377638,0.13935736,0.14099213,0.14267184,0.14440015,0.14618063,0.14801694,0.14991274,0.15187168,0.15389737,0.1559935,0.15816365,0.16027443,0.16219611,0.16393805,0.16550955,0.16691987,0.16817835,0.16929422,0.1702768,0.17113546,0.17187941,0.17251803,0.17306052,0.17351624,0.1738945,0.17420456,0.17445573,0.1746573,0.17481855,0.17494892,0.17505749,0.17515369,0.17524683,0.17534609,0.17546089,0.1756005,0.17577417,0.17599127,0.17626102,0.1765928,0.17699581,0.17747948,0.17805295,0.17863628,0.17914549,0.17958432,0.17995644,0.18026537,0.18051483,0.18070847,0.18084987,0.18094274,0.18099071,0.18099739,0.18096644,0.18090148,0.18080617,0.1806842
0.1002602,0.09989005,0.09957879,0.099335685,0.09916997,0.099090986,0.09910801,0.099230364,0.09946729,0.09982811,0.10032212,0.10095861,0.10174686,0.10269614,0.1038158,0.105115056,0.106603295,0.108169734,0.10969999,0.11119778,0.112666905,0.11411106,0.115534,0.116939455,0.11833122,0.119712986,0.121088505,0.12246154,0.123835824,0.1252151,0.12660311,0.12800358,0.1294203,0.13085698,0.13231736,0.13380519,0.13532421,0.13687813,0.13847078,0.14010584,0.14178708,0.14351821,0.14530301,0.14714523,0.14904857,0.15101674,0.1530536,0.15516278,0.15734814,0.15947518,0.16141337,0.16317183,0.16476,0.1661871,0.16746244,0.1685953,0.16959496,0.17047076,0.17123196,0.17188781,0.17244771,0.17292087,0.1733166,0.17364416,0.17391291,0.17413211,0.17431101,0.17445897,0.17458522,0.1746991,0.17480989,0.17492683,0.17505932,0.17521653,0.17540786,0.17564254,0.17592984,0.17627911,0.17669961,0.1772006,0.17779148,0.17839102,0.1789145,0.17936555,0.17974797,0.18006551,0.18032196,0.18052098,0.18066633,0.18076177,0.18081106,0.18081792,0.18078612,0.18071936,0.1806214,0.18049599
0.09959091,0.099221006,0.09890991,0.09866692,0.098501325,0.098422386,0.09843942,0.098561674,0.098798476,0.0991591,0.09965282,0.10028892,0.1010767,0.102025434,0.10314443,0.104442954,0.10593029,0.10749535,0.10902337,0.11051819,0.11198366,0.11342356,0.11484177,0.11624212,0.1176284,0.11900448,0.12037417,0.1217413,0.1231097,0.124483235,0.12586568,0.12726092,0.12867275,0.13010502,0.13156153,0.13304615,0.13456266,0.13611494,0.13770677,0.13934211,0.14102462,0.14275822,0.14454673,0.14639398,0.1483038,0.15028004,0.15232646,0.15444699,0.15664539,0.15878648,0.16073878,0.16251156,0.16411406,0.16555564,0.16684553,0.16799301,0.1690074,0.16989799,0.170674,0.17134483,0.17191963,0.17240782,0.17281862,0.17316128,0.17344517,0.17367953,0.1738736,0.17403679,0.17417826,0.17430736,0.17443337,0.17456558,0.17471322,0.17488569,0.17509213,0.175342,0.17564444,0.17600878,0.17644434,0.17696038,0.17756617,0.17817968,0.17871538,0.17917699,0.17956835,0.17989333,0.18015572,0.18035942,0.18050815,0.18060584,0.18065625,0.18066332,0.18063071,0.18056242,0.18046218,0.18033385
0.099023454,0.09865375,0.098342806,0.09809993,0.09793441,0.09785552,0.09787253,0.09799474,0.09823142,0.09859186,0.09908534,0.09972111,0.10050851,0.101456776,0.102575205,0.10387309,0.10535969,0.10692358,0.108449705,0.109942004,0.111404374,0.1128407,0.11425488,0.115650855,0.11703251,0.118403755,0.11976851,0.12113063,0.12249408,0.12386271,0.12524045,0.12663125,0.12803891,0.12946744,0.13092068,0.13240255,0.133917,0.13546786,0.13705906,0.13869454,0.14037818,0.14211386,0.14390555,0.14575708,0.14767237,0.1496554,0.15171,0.15384005,0.15604955,0.15820259,0.16016687,0.16195172,0.16356643,0.16502026,0.16632244,0.16748233,0.16850924,0.16941233,0.17020094,0.17088436,0.17147191,0.17197283,0.17239636,0.17275187,0.17304857,0.17329577,0.17350277,0.17367879,0.17383324,0.17397521,0.17411412,0.17425926,0.17441982,0.17460515,0.1748245,0.17508718,0.17540245,0.1757796,0.1762279,0.17675665,0.17737512,0.17800054,0.17854656,0.1790171,0.17941606,0.17974733,0.18001477,0.18022238,0.18037404,0.18047363,0.18052505,0.18053219,0.180499,0.18042934,0.18032716,0.18019634
0.09855227,0.09818271,0.09787191,0.097629145,0.0974637,0.09738483,0.09740184,0.097523995,0.097760566,0.09812086,0.098614134,0.09924966,0.10003671,0.10098459,0.10210257,0.10339989,0.10488589,0.1064488,0.10797338,0.10946356,0.110923365,0.11235669,0.113767564,0.11515991,0.11653773,0.11790496,0.119265586,0.12062357,0.12198287,0.123347476,0.124721326,0.12610838,0.12751265,0.12893806,0.13038856,0.13186818,0.13338085,0.13493057,0.13652124,0.13815686,0.1398414,0.14157885,0.1433731,0.1452282,0.1471481,0.14913674,0.1511981,0.15333611,0.1555548,0.15771769,0.15969197,0.1614869,0.16311172,0.16457568,0.16588815,0.16705835,0.16809553,0.16900904,0.16980815,0.17050208,0.17110014,0.17161162,0.17204578,0.17241187,0.17271926,0.17297715,0.17319484,0.17338157,0.17354666,0.17369942,0.17384906,0.17400487,0.17417617,0.17437224,0.17460226,0.17487562,0.17520152,0.1755893,0.17604822,0.1765875,0.1772165,0.17785177,0.17840637,0.17888436,0.17928961,0.17962608,0.17989777,0.18010865,0.18026266,0.18036382,0.18041603,0.18042332,0.1803896,0.18031885,0.18021506,0.18008216
0.09817184,0.097802386,0.097491674,0.097248994,0.09708359,0.097004764,0.09702176,0.097143866,0.097380385,0.09774055,0.09823365,0.09886897,0.099655785,0.10060331,0.101720914,0.10301782,0.10450331,0.10606546,0.10758875,0.10907724,0.11053496,0.11196589,0.11337407,0.11476349,0.1161382,0.117502205,0.11885951,0.12021415,0.12157012,0.12293143,0.12430212,0.1256862,0.12708767,0.1285106,0.12995893,0.13143669,0.13294795,0.13449667,0.13608694,0.13772267,0.13940796,0.14114681,0.14294322,0.14480117,0.14672478,0.14871792,0.15078473,0.15292919,0.15515532,0.15732619,0.15930852,0.16111155,0.16274449,0.16421671,0.16553745,0.16671596,0.1677615,0.16868342,0.16949096,0.17019339,0.17079996,0.17131996,0.17176268,0.17213736,0.17245337,0.17271987,0.17294618,0.17314157,0.1733153,0.17347671,0.17363505,0.17379948,0.17397942,0.17418413,0.1744228,0.17470479,0.17503929,0.17543562,0.17590308,0.17645092,0.17708841,0.17773163,0.17829323,0.17877717,0.17918746,0.17952816,0.17980328,0.1800168,0.18017274,0.18027516,0.18032804,0.1803354,0.18030126,0.18022963,0.18012455,0.17999002
0.09787653,0.097507186,0.09719655,0.09695392,0.096788585,0.09670975,0.096726745,0.09684885,0.09708528,0.09744536,0.097938344,0.09857349,0.09936009,0.1003074,0.10142469,0.102721274,0.10420638,0.1057679,0.107290216,0.108777404,0.1102335,0.11166255,0.11306865,0.11445581,0.11582811,0.1171896,0.11854432,0.119896345,0.121249735,0.12260849,0.12397677,0.1253585,0.12675785,0.1281788,0.12962542,0.1311018,0.13261195,0.13415995,0.13574986,0.13738571,0.13907155,0.14081147,0.14260952,0.14446972,0.14639616,0.1483929,0.15046391,0.15261339,0.15484525,0.15702236,0.15901092,0.1608202,0.1624595,0.16393809,0.16526525,0.16645022,0.16750227,0.1684307,0.16924478,0.16995376,0.17056696,0.17109358,0.17154297,0.17192432,0.17224695,0.17252018,0.17275319,0.17295529,0.17313577,0.17330389,0.17346887,0.1736401,0.17382677,0.17403811,0.17428352,0.17457218,0.17491335,0.17531636,0.17579044,0.17634492,0.17698899,0.17763841,0.1782054,0.17869398,0.1791082,0.17945218,0.17972995,0.17994551,0.18010296,0.18020634,0.18025973,0.1802672,0.1802327,0.1801604,0.18005428,0.17991845
0.097660825,0.09729157,0.096981004,0.09673843,0.096573085,0.096494295,0.0965113,0.09663335,0.096869744,0.09722975,0.09772264,0.09835767,0.099144116,0.100091256,0.101208344,0.10250466,0.1039895,0.105550565,0.10707216,0.108558394,0.1100133,0.111441,0.11284557,0.11423108,0.11560161,0.116961256,0.118314125,0.11966423,0.12101573,0.12237267,0.123739116,0.12511918,0.12651695,0.12793647,0.12938187,0.13085718,0.13236654,0.13391401,0.13550365,0.13713956,0.13882583,0.14056657,0.1423658,0.14422762,0.14615616,0.14815545,0.15022959,0.15238269,0.15461878,0.15680036,0.15879352,0.16060744,0.16225137,0.1637346,0.16506644,0.16625609,0.16731292,0.16824609,0.16906498,0.16977878,0.17039678,0.17092825,0.17138249,0.17176871,0.17209624,0.17237431,0.17261225,0.17281924,0.17300461,0.17317763,0.17334756,0.17352365,0.1737152,0.17393152,0.17418176,0.17447528,0.1748214,0.17522924,0.17570817,0.17626747,0.17691638,0.17757028,0.1781412,0.17863321,0.17905034,0.17939666,0.17967635,0.17989342,0.18005198,0.1801561,0.18020983,0.18021731,0.18018262,0.18010981,0.18000302,0.17986621
0.09751919,0.09714997,0.09683945,0.09659691,0.09643159,0.09635281,0.09636981,0.09649184,0.09672821,0.09708818,0.097581,0.098215945,0.0990023,0.09994932,0.10106628,0.10236243,0.10384708,0.10540785,0.106928974,0.10841459,0.10986872,0.11129552,0.11269909,0.114083506,0.11545288,0.11681135,0.11816294,0.11951182,0.12086207,0.12221776,0.12358306,0.12496201,0.1263587,0.12777734,0.1292219,0.13069655,0.13220538,0.1337525,0.13534199,0.13697793,0.1386645,0.14040573,0.14220574,0.14406866,0.14599858,0.14799955,0.1500757,0.1522312,0.15447007,0.15665466,0.15865076,0.1604677,0.1621147,0.16360097,0.16493587,0.16612865,0.16718856,0.16812487,0.1689469,0.16966386,0.17028502,0.17081967,0.1712771,0.1716665,0.17199723,0.17227854,0.17251965,0.17272988,0.17291848,0.17309472,0.17326789,0.1734472,0.17364198,0.17386147,0.17411496,0.17441168,0.17476097,0.17517206,0.17565416,0.1762166,0.1768687,0.17752557,0.17809907,0.17859332,0.17901233,0.17936024,0.17964117,0.17985924,0.1800185,0.18012306,0.1801771,0.18018462,0.18014973,0.18007661,0.17996931,0.17983188
0.09744608,0.09707687,0.09676637,0.096523836,0.096358545,0.09627976,0.09629675,0.0964188,0.09665515,0.09701505,0.09750787,0.09814279,0.09892908,0.09987603,0.10099291,0.10228901,0.10377354,0.10533418,0.10685507,0.10834032,0.10979407,0.11122041,0.11262346,0.114007294,0.1153761,0.11673392,0.11808489,0.11943311,0.120782726,0.12213783,0.12350249,0.124880865,0.12627707,0.12769516,0.1291393,0.13061363,0.13212219,0.13366912,0.13525851,0.13689451,0.13858119,0.14032269,0.14212312,0.14398658,0.14591719,0.14791904,0.14999628,0.15215299,0.15439327,0.1565794,0.15857705,0.16039552,0.16204408,0.16353197,0.16486849,0.16606283,0.16712436,0.16806233,0.16888595,0.16960452,0.17022732,0.17076361,0.17122266,0.17161374,0.17194617,0.17222907,0.17247187,0.17268375,0.17287403,0.17305194,0.17322673,0.17340772,0.17360416,0.17382531,0.17408046,0.17437889,0.17472982,0.17514253,0.17562628,0.17619039,0.17684408,0.17750251,0.17807734,0.1785727,0.1789927,0.17934144,0.17962304,0.17984156,0.18000121,0.18010606,0.18016021,0.1801677,0.18013276,0.18005948,0.1799519,0.17981414
0.0974359,0.0970667,0.09675618,0.096513666,0.09634837,0.09626959,0.09628658,0.09640861,0.09664497,0.097004905,0.09749768,0.098132595,0.09891889,0.09986584,0.100982696,0.10227876,0.103763305,0.1053239,0.10684478,0.108329974,0.10978366,0.11120995,0.11261292,0.11399668,0.115365386,0.11672313,0.11807403,0.11942216,0.120771684,0.122126676,0.123491265,0.12486956,0.12626567,0.12768373,0.12912783,0.13060206,0.13211061,0.1336575,0.13524689,0.13688287,0.1385696,0.14031112,0.14211161,0.14397515,0.14590587,0.14790785,0.14998522,0.1521421,0.15438256,0.15656893,0.15856682,0.16038553,0.16203426,0.16352238,0.16485909,0.16605368,0.16711544,0.16805361,0.16887745,0.16959627,0.17021932,0.17075582,0.17121509,0.17160642,0.17193902,0.1722222,0.17246522,0.17267732,0.17286785,0.17304598,0.17322099,0.17340225,0.17359892,0.17382029,0.17407568,0.17437427,0.17472546,0.17513841,0.1756224,0.17618673,0.17684065,0.17749928,0.17807432,0.17856985,0.17898995,0.1793388,0.17962052,0.17983912,0.17999882,0.18010369,0.18015781,0.18016538,0.1801304,0.18005708,0.17994946,0.1798117
0.09748309,0.09711389,0.09680337,0.09656082,0.09639553,0.09631674,0.096333735,0.096455775,0.09669214,0.09705209,0.097544886,0.09817982,0.098966144,0.099913135,0.10103006,0.10232617,0.10381077,0.10537147,0.1068925,0.10837791,0.10983186,0.11125844,0.112661734,0.11404589,0.11541498,0.1167731,0.1181244,0.11947295,0.12082289,0.1221783,0.12354325,0.124921955,0.12631842,0.12773678,0.12918113,0.13065563,0.13216433,0.13371134,0.13530077,0.13693674,0.13862337,0.14036474,0.14216496,0.14402814,0.1459584,0.14795981,0.15003648,0.15219258,0.15443215,0.1566175,0.1586144,0.16043209,0.16207981,0.16356693,0.1649026,0.16609618,0.16715689,0.16809402,0.16891679,0.16963455,0.17025654,0.170792,0.17125022,0.17164049,0.17197204,0.17225413,0.17249607,0.17270713,0.17289655,0.1730736,0.17324758,0.1734277,0.17362332,0.17384364,0.17409794,0.17439549,0.17474559,0.17515746,0.1756404,0.17620365,0.17685655,0.1775142,0.17808835,0.17858312,0.17900263,0.17935096,0.1796322,0.1798505,0.18000998,0.18011467,0.18016875,0.18017629,0.18014136,0.18006815,0.17996068,0.17982316
0.097582154,0.097212896,0.09690235,0.09665981,0.09649449,0.09641569,0.09643269,0.09655474,0.09679112,0.0971511,0.09764395,0.09827895,0.09906532,0.10001239,0.10112942,0.10242565,0.10391037,0.10547128,0.10699263,0.1084785,0.10993298,0.11136018,0.11276418,0.11414909,0.115518995,0.11687797,0.118230134,0.11957957,0.12093037,0.1222866,0.123652406,0.12503186,0.12642905,0.12784806,0.129293,0.13076796,0.13227701,0.13382426,0.13541386,0.13704978,0.13873623,0.14047721,0.14227687,0.1441393,0.1460686,0.14806885,0.15014413,0.15229852,0.15453614,0.15671942,0.1587142,0.1605298,0.16217543,0.16366038,0.1649939,0.1661853,0.16724385,0.16817877,0.16899939,0.16971493,0.17033471,0.17086795,0.17132391,0.17171192,0.17204125,0.1723211,0.17256081,0.17276959,0.17295678,0.17313159,0.17330329,0.1734812,0.17367455,0.1738926,0.17414464,0.17443997,0.17478782,0.17519747,0.1756782,0.17623924,0.1768899,0.17754546,0.17811781,0.17861106,0.1790292,0.17937642,0.17965682,0.17987444,0.18003339,0.18013777,0.18019164,0.18019918,0.18016437,0.18009135,0.17998426,0.17984714
0.09772751,0.09735819,0.0970476,0.096805006,0.09663969,0.09656087,0.096577875,0.09669994,0.09693635,0.09729638,0.09778929,0.09842435,0.09921084,0.10015804,0.101275206,0.10257161,0.104056515,0.10561773,0.10713955,0.108626075,0.110081345,0.11150947,0.11291451,0.11430052,0.11567161,0.11703183,0.118385255,0.119735956,0.12108802,0.12244554,0.12381255,0.12519315,0.12659137,0.12801135,0.12945713,0.13093278,0.13244237,0.13399002,0.13557974,0.13721561,0.1389018,0.14064223,0.14244112,0.14430246,0.14623034,0.14822882,0.150302,0.15245396,0.15468875,0.15686896,0.15886068,0.16067317,0.16231567,0.16379748,0.16512786,0.16631609,0.16737147,0.16830315,0.16912054,0.16983283,0.17044935,0.17097937,0.17143206,0.17181681,0.1721428,0.17241938,0.1726558,0.17286128,0.17304514,0.17321664,0.17338504,0.17355965,0.17374969,0.17396444,0.17421322,0.17450522,0.17484981,0.17525616,0.17573361,0.1762914,0.1769388,0.17759135,0.17816104,0.17865197,0.17906821,0.17941384,0.17969292,0.17990953,0.18006772,0.18017164,0.18022527,0.18023272,0.18019812,0.18012546,0.18001886,0.17988235
0.09791356,0.097544186,0.097233556,0.09699093,0.09682556,0.09674676,0.09676375,0.096885845,0.0971223,0.09748238,0.097975366,0.098610535,0.099397145,0.10034451,0.101461835,0.10275847,0.10424361,0.10580522,0.10732765,0.108815,0.11027128,0.11170058,0.11310693,0.11449441,0.115867004,0.11722879,0.11858383,0.1199362,0.12128991,0.12264899,0.124017544,0.1253996,0.12679921,0.12822041,0.12966725,0.13114381,0.13265407,0.13420218,0.13579214,0.13742799,0.13911375,0.14085355,0.14265138,0.1445113,0.14643738,0.14843364,0.15050416,0.15265298,0.15488413,0.15706044,0.1590482,0.16085674,0.16249527,0.16397303,0.16529939,0.16648354,0.1675348,0.16846238,0.16927563,0.16998383,0.1705962,0.17112198,0.17157052,0.17195104,0.17227288,0.17254521,0.17277737,0.17297865,0.17315829,0.17332557,0.17348972,0.17366008,0.1738459,0.17405646,0.17430098,0.17458878,0.17492914,0.17533132,0.17580457,0.17635821,0.17700145,0.17765012,0.17821638,0.17870441,0.17911817,0.17946169,0.17973913,0.17995445,0.18011174,0.18021496,0.18026827,0.18027571,0.18024132,0.18016908,0.18006313,0.17992744
