0.03933174,0.0390474,0.03880827,0.038621478,0.03849418,0.0384335,0.03844659,0.03854058,0.0387226,0.038999815,0.039379336,0.03986831,0.04047389,0.04120319,0.042063355,0.043061536,0.04420486,0.045380436,0.046476047,0.04750002,0.048460603,0.04936607,0.05022466,0.051044688,0.051834382,0.05260204,0.053355917,0.054104272,0.054855384,0.055617515,0.056398954,0.05720795,0.058052767,0.058941703,0.059882987,0.060884904,0.061955735,0.06310373,0.06433718,0.065664314,0.06709343,0.068632804,0.07029068,0.07207535,0.073995054,0.07605808,0.0782727,0.08064717,0.08318977,0.08574423,0.088153556,0.09042486,0.092565276,0.09458199,0.0964821,0.098272756,0.09996111,0.101554275,0.10305938,0.1044836,0.105834074,0.107117906,0.108342245,0.10951425,0.110641055,0.11172976,0.11278754,0.11382153,0.114838846,0.11584666,0.11685212,0.11786232,0.118884414,0.11992555,0.12099285,0.12209347,0.12323455,0.1244232,0.12566659,0.12697181,0.12834609,0.1296704,0.13082658,0.13182293,0.13266769,0.13336909,0.13393547,0.13437508,0.13469617,0.13490702,0.13501588,0.13503106,0.13496076,0.13481332,0.13459696,0.13431998
0.038632818,0.03834625,0.038105253,0.037917,0.037788715,0.03772757,0.03774075,0.037835475,0.03801892,0.03829829,0.038680773,0.039173562,0.03978386,0.040518858,0.04138574,0.04239171,0.043543953,0.04472889,0.04583362,0.046866465,0.04783571,0.04874966,0.0496166,0.05044483,0.051242635,0.05201832,0.05278018,0.053536523,0.05429562,0.05506578,0.055855293,0.05667247,0.05752558,0.058422934,0.059372835,0.060383562,0.061463393,0.06262068,0.063863665,0.06520067,0.06664,0.06818992,0.06985873,0.07165476,0.07358625,0.07566155,0.07788891,0.08027665,0.08283308,0.08540107,0.08782277,0.090105385,0.09225612,0.09428216,0.096190676,0.0979889,0.099684,0.10128318,0.10279364,0.10422256,0.105577156,0.10686458,0.108092085,0.109266825,0.11039599,0.11148679,0.11254642,0.11358207,0.11460095,0.11561019,0.11661707,0.11762874,0.118652396,0.119695246,0.12076448,0.121867254,0.123010814,0.12420236,0.12544902,0.12675804,0.1281366,0.12946525,0.1306252,0.1316248,0.13247229,0.133176,0.13374425,0.13418527,0.1345074,0.13471895,0.13482817,0.13484336,0.13477285,0.13462493,0.13440788,0.13412994
0.038045008,0.037756585,0.037514016,0.03732454,0.037195414,0.03713386,0.03714713,0.037242476,0.03742712,0.037708316,0.03809328,0.03858928,0.039203554,0.039943337,0.040815864,0.041828383,0.04298813,0.04418094,0.045293335,0.046333652,0.047310185,0.048231255,0.04910521,0.049940348,0.050744973,0.051527426,0.052296005,0.053059056,0.05382486,0.05460176,0.055398088,0.056222122,0.057082206,0.05798666,0.05894378,0.059961908,0.061049346,0.06221443,0.06346546,0.06481077,0.066258654,0.067817435,0.06949546,0.07130103,0.07324245,0.07532806,0.07756615,0.07996508,0.082533106,0.08511247,0.08754459,0.08983673,0.0919961,0.09402998,0.09594558,0.09775017,0.09945097,0.101055205,0.102570154,0.10400303,0.10536107,0.10665156,0.10788169,0.10905874,0.1101899,0.111282475,0.11234365,0.11338068,0.114400834,0.115411334,0.116419405,0.1174323,0.118457265,0.119501546,0.120572396,0.12167704,0.12282269,0.12401662,0.12526606,0.12657823,0.12796044,0.12929271,0.13045582,0.13145815,0.13230799,0.13301362,0.13358343,0.13402562,0.13434865,0.13456078,0.13467027,0.13468553,0.13461484,0.1344665,0.13424887,0.1339702
0.037585884,0.037295993,0.03705219,0.036861766,0.036731984,0.03667013,0.03668348,0.03677929,0.036964864,0.03724747,0.037634395,0.038132906,0.03875029,0.0394938,0.040370736,0.041388363,0.042553984,0.043752935,0.04487132,0.04591746,0.04689969,0.04782635,0.048705768,0.049546294,0.050356247,0.051143985,0.051917825,0.05268609,0.053457156,0.05423933,0.055040937,0.05587036,0.05673588,0.057645883,0.058608655,0.059632562,0.060725935,0.061897118,0.063154414,0.064506195,0.06596077,0.06752651,0.069211714,0.071024746,0.07297392,0.07506756,0.07731405,0.07972168,0.08229881,0.08488704,0.08732732,0.08962687,0.09179302,0.093833014,0.09575415,0.0975637,0.09926893,0.10087714,0.10239558,0.10383155,0.105192326,0.10648516,0.10771734,0.10889619,0.11002892,0.11112285,0.11218525,0.11322339,0.114244536,0.11525598,0.116264984,0.117278874,0.11830486,0.119350284,0.12042238,0.12152846,0.12267573,0.12387155,0.12512314,0.12643783,0.12782285,0.12915795,0.13032354,0.131328,0.13217963,0.1328868,0.13345776,0.13390099,0.13422467,0.13443723,0.13454697,0.13456227,0.13449141,0.13434274,0.13412464,0.1338454
0.03727298,0.036982097,0.036737457,0.036546376,0.036416143,0.03635408,0.03636746,0.03646362,0.036649827,0.036933407,0.03732165,0.037821867,0.038441353,0.039187428,0.040067375,0.041088488,0.0422581,0.04346125,0.044583708,0.045633815,0.046619914,0.047550388,0.04843354,0.049277734,0.050091323,0.050882652,0.051660065,0.052431915,0.053206544,0.053992324,0.05479755,0.055630624,0.056499872,0.05741363,0.058380257,0.059408113,0.06050553,0.061680846,0.062942445,0.06429863,0.06575778,0.06732824,0.069018334,0.070836455,0.0727909,0.074890025,0.077142216,0.07955581,0.08213912,0.08473342,0.08717922,0.08948384,0.0916546,0.093698785,0.09562367,0.0974366,0.099144876,0.100755766,0.1022766,0.103714675,0.105077304,0.10637177,0.10760536,0.10878542,0.10991921,0.11101409,0.11207728,0.113116175,0.114138015,0.1151501,0.116159774,0.117174305,0.118201,0.11924718,0.12032013,0.121427156,0.122575566,0.123772666,0.12502573,0.12634212,0.12772907,0.12906612,0.1302334,0.1312393,0.13209216,0.13280034,0.13337217,0.13381599,0.13414015,0.13435301,0.13446295,0.13447826,0.1344073,0.13425842,0.13403998,0.1337603
0.03712382,0.036832467,0.03658744,0.036396053,0.036265615,0.03620344,0.03621685,0.036313154,0.036499668,0.03678371,0.037172593,0.037673615,0.038294114,0.0390414,0.039922766,0.040945556,0.042117067,0.043322224,0.04444661,0.04549863,0.04648657,0.04741885,0.048303783,0.04914973,0.049965046,0.050758094,0.051537216,0.052310772,0.0530871,0.053874582,0.054681547,0.05551636,0.05638737,0.05730293,0.058271404,0.05930113,0.06040046,0.061577775,0.06284139,0.064199686,0.06566102,0.06723373,0.06892617,0.0707467,0.07270366,0.074805416,0.07706032,0.079476744,0.08206301,0.08466018,0.08710864,0.08941568,0.091588624,0.09363481,0.09556149,0.09737603,0.09908574,0.10069792,0.10221991,0.10365899,0.10502248,0.1063177,0.10755197,0.10873262,0.10986691,0.11096225,0.11202586,0.11306509,0.114087224,0.11509966,0.11610961,0.11712446,0.1181515,0.11919805,0.120271385,0.12137892,0.12252784,0.12372556,0.12497931,0.12629649,0.12768435,0.12902232,0.13019042,0.13119702,0.13205047,0.13275914,0.13333134,0.13377546,0.13409987,0.13431288,0.13442288,0.1344382,0.1343672,0.13421822,0.13399963,0.13371979
0.037155986,0.036864735,0.036619797,0.036428478,0.036298074,0.03623593,0.036249336,0.03634561,0.03653205,0.036815993,0.037204742,0.037705593,0.038325876,0.039072894,0.039953955,0.04097639,0.042147484,0.04335221,0.044476185,0.045527775,0.046515338,0.047447223,0.04833177,0.049177337,0.049992286,0.050784964,0.051563714,0.052336894,0.05311287,0.05389998,0.054706566,0.055541,0.056411635,0.057326805,0.058294877,0.059324197,0.06042312,0.061599996,0.062863186,0.06422104,0.06568188,0.067254096,0.06894605,0.07076604,0.072722465,0.07482368,0.077077985,0.079493806,0.08207942,0.08467598,0.08712386,0.089430384,0.09160286,0.09364859,0.09557491,0.09738909,0.099098496,0.10071041,0.10223213,0.103670985,0.1050343,0.10632936,0.10756351,0.108743995,0.109878205,0.11097341,0.11203694,0.11307612,0.11409818,0.11511053,0.11612041,0.11713521,0.11816218,0.11920864,0.1202819,0.1213893,0.12253811,0.123735696,0.12498932,0.12630634,0.12769401,0.12903178,0.13019969,0.13120614,0.13205947,0.13276802,0.13334017,0.1337842,0.13410857,0.13432154,0.13443154,0.13444681,0.13437584,0.13422689,0.13400833,0.13372855
0.03738702,0.037096497,0.036852177,0.036661327,0.036531262,0.03646928,0.036482647,0.036578674,0.036764655,0.037047874,0.03743564,0.037935242,0.038553946,0.0392991,0.040177945,0.04119779,0.042365942,0.043567564,0.044688538,0.045737196,0.046721894,0.047650978,0.048532754,0.04937562,0.050187886,0.0509779,0.051754016,0.052524563,0.053297885,0.054082356,0.05488627,0.055717997,0.056585893,0.057498276,0.0584635,0.05948992,0.060585868,0.061759673,0.0630197,0.06437428,0.065831766,0.06740049,0.06908882,0.070905074,0.07285759,0.07495474,0.07720485,0.079616256,0.08219732,0.084789395,0.08723319,0.08953599,0.09170504,0.09374771,0.09567122,0.09748293,0.0991901,0.10080001,0.10231997,0.10375727,0.10511922,0.10641308,0.10764619,0.108825795,0.1099592,0.11105373,0.11211665,0.11315525,0.11417683,0.11518868,0.11619814,0.117212415,0.11823885,0.119284764,0.12035739,0.12146407,0.12261209,0.12380871,0.12506124,0.12637697,0.12776324,0.12909958,0.13026628,0.13127165,0.13212407,0.13283184,0.13340336,0.13384695,0.13417095,0.1343837,0.13449359,0.13450886,0.13443795,0.13428913,0.13407084,0.13379134
0.03783445,0.03754536,0.037302222,0.037112318,0.03698289,0.036921203,0.036934502,0.037030064,0.037215132,0.037496977,0.037882842,0.038379993,0.038995683,0.039737176,0.040611725,0.04162659,0.04278903,0.043984663,0.0450998,0.046142776,0.047121935,0.04804557,0.04892203,0.049759626,0.050566707,0.051351577,0.05212257,0.052888013,0.053656228,0.054435547,0.0552343,0.056060806,0.056923393,0.057830375,0.05879009,0.05981087,0.060901035,0.062068902,0.06332281,0.064671084,0.06612204,0.067684025,0.06936534,0.071174316,0.0731193,0.0752086,0.077450536,0.079853445,0.082425654,0.08500909,0.08744494,0.089740485,0.09190297,0.093939655,0.0958578,0.09766465,0.09936748,0.10097354,0.102490075,0.103924386,0.10528369,0.10657526,0.107806325,0.10898417,0.11011608,0.111209266,0.11227099,0.11330854,0.11432916,0.11534007,0.116348594,0.11736195,0.118387386,0.119432196,0.120503604,0.12160888,0.12275529,0.12395007,0.12520051,0.12651385,0.12789735,0.12923092,0.13039519,0.13139848,0.13224912,0.13295545,0.1335258,0.13396846,0.1342918,0.1345041,0.13461375,0.13462898,0.13455825,0.13440976,0.13419189,0.13391295
0.03851584,0.0382289,0.03798759,0.037799105,0.037670642,0.03760941,0.037622612,0.037717465,0.03790115,0.038180888,0.038563862,0.039057296,0.03966838,0.04040433,0.04127233,0.0422796,0.043433346,0.044619836,0.045726098,0.046760432,0.047731128,0.048646487,0.04951483,0.050344426,0.051143594,0.051920634,0.052683827,0.053441502,0.054201934,0.05497345,0.055764314,0.056582853,0.057437353,0.058336124,0.059287447,0.06029964,0.061381012,0.06253984,0.06378442,0.06512309,0.0665641,0.06811578,0.06978645,0.07158436,0.07351784,0.07559518,0.07782469,0.08021465,0.08277339,0.085343644,0.08776741,0.09005193,0.09220438,0.09423196,0.09614191,0.097941376,0.09963761,0.10123782,0.102749154,0.10417887,0.10553415,0.1068222,0.10805022,0.109225415,0.110354975,0.11144613,0.11250606,0.113542005,0.11456111,0.11557063,0.11657773,0.11758967,0.11861358,0.1196567,0.12072624,0.12182941,0.12297337,0.12416539,0.1254126,0.12672228,0.12810156,0.12943092,0.1305915,0.13159163,0.13243958,0.13314371,0.13371225,0.13415352,0.13447581,0.13468745,0.13479674,0.13481197,0.13474143,0.1345934,0.13437621,0.13409817
0.039448723,0.039164748,0.038925923,0.03873939,0.038612247,0.03855166,0.038564727,0.038658585,0.03884038,0.03911722,0.039496247,0.039984584,0.04058937,0.04131772,0.042176772,0.04317364,0.044315472,0.045489468,0.046583567,0.04760605,0.048565183,0.04946922,0.050326433,0.051145073,0.05193342,0.05269972,0.05345226,0.05419929,0.054949068,0.055709865,0.056489956,0.057297572,0.058141004,0.05902851,0.059968363,0.06096881,0.062038127,0.06318458,0.064416416,0.06574191,0.06716932,0.06870694,0.07036297,0.07214573,0.074063465,0.07612446,0.07833694,0.08070919,0.083249465,0.08580167,0.08820889,0.09047831,0.09261702,0.09463216,0.09653087,0.098320276,0.100007474,0.10159963,0.103103854,0.1045273,0.10587707,0.107160285,0.1083841,0.10955564,0.11068205,0.111770414,0.11282789,0.113861606,0.11487869,0.115886256,0.11689147,0.117901415,0.11892325,0.119964086,0.12103107,0.122131325,0.12327195,0.12446014,0.12570299,0.12700759,0.12838113,0.12970471,0.13086028,0.13185607,0.13270037,0.13340144,0.13396749,0.13440686,0.13472778,0.13493851,0.13504732,0.13506247,0.13499223,0.13484484,0.13462858,0.13435178
0.04065066,0.040370494,0.040134873,0.03995084,0.039825425,0.03976564,0.039778538,0.039871138,0.04005048,0.040323608,0.040697537,0.041179318,0.04177597,0.042494528,0.04334204,0.044325516,0.045452006,0.046609882,0.04768834,0.048695557,0.049639784,0.050529227,0.051372103,0.052176632,0.052951038,0.05370352,0.054442305,0.055175632,0.05591167,0.05665868,0.05742486,0.058218427,0.05904761,0.059920628,0.06084566,0.061830983,0.062884785,0.06401527,0.06523068,0.06653922,0.067949094,0.06946855,0.071105786,0.07286901,0.07476647,0.07680636,0.078996904,0.08134633,0.08386284,0.086391784,0.08877772,0.091027685,0.093148686,0.09514779,0.097032025,0.098808415,0.100484,0.102065794,0.10356082,0.10497621,0.106318876,0.107595906,0.1088143,0.10998114,0.11110346,0.11218824,0.11324256,0.11427342,0.11528785,0.11629292,0.117295675,0.11830309,0.11932223,0.120360136,0.12142382,0.12252031,0.123656675,0.12483994,0.12607712,0.12737523,0.12874135,0.13005753,0.13120662,0.13219681,0.13303635,0.13373348,0.13429639,0.13473329,0.1350524,0.13526192,0.13537014,0.1353852,0.13531536,0.1351688,0.13495378,0.13467848
0.04213917,0.041863736,0.0416321,0.04145117,0.041327856,0.04126908,0.04128176,0.0413728,0.041549124,0.04181764,0.04218527,0.042658925,0.04324551,0.043951947,0.044785164,0.045752052,0.046859536,0.04799747,0.049056523,0.050044842,0.050970614,0.05184199,0.052667115,0.05345416,0.054211285,0.054946654,0.055668425,0.056384742,0.057103794,0.057833724,0.058582686,0.059358854,0.060170386,0.061025433,0.06193216,0.06289874,0.0639333,0.06504402,0.066239074,0.06752662,0.068914786,0.07041177,0.072025694,0.07376476,0.075637095,0.07765088,0.07981427,0.0821354,0.08462248,0.08712261,0.08948217,0.091708034,0.09380712,0.095786355,0.09765268,0.09941296,0.10107413,0.10264311,0.10412681,0.10553214,0.10686601,0.10813538,0.10934709,0.1105081,0.111625336,0.11270569,0.113756046,0.11478339,0.11579459,0.116796575,0.117796235,0.11880054,0.119816355,0.120850585,0.121910185,0.12300205,0.124133125,0.12531027,0.12654044,0.12783052,0.12918745,0.13049443,0.13163549,0.13261877,0.13345248,0.13414471,0.13470367,0.1351375,0.1354544,0.13566248,0.13576992,0.1357849,0.13571553,0.13557,0.13535649,0.13508311
0.04393183,0.043662094,0.04343524,0.04325804,0.04313728,0.043079715,0.043092124,0.043181304,0.043353975,0.043616943,0.043976974,0.04444083,0.045015305,0.04570715,0.046523135,0.04747005,0.04855466,0.049668558,0.050704256,0.05166982,0.052573364,0.05342297,0.05422672,0.05499272,0.05572904,0.05644379,0.057145055,0.057840932,0.058539495,0.05924886,0.059977103,0.060732294,0.061522562,0.06235598,0.06324065,0.064184636,0.06519605,0.06628299,0.06745354,0.06871577,0.0700778,0.0715477,0.07313359,0.074843526,0.07668561,0.07866795,0.08079862,0.08308571,0.085537314,0.08800278,0.09033055,0.09252739,0.094600104,0.09655543,0.09840014,0.10014102,0.10178484,0.10333839,0.104808405,0.10620168,0.10752496,0.10878506,0.10998871,0.111142725,0.112253845,0.113328844,0.114374496,0.11539757,0.116404854,0.11740311,0.11839912,0.11939962,0.12041142,0.12144128,0.12249595,0.12358224,0.1247069,0.1258767,0.12709841,0.12837884,0.12972471,0.13102059,0.13215198,0.13312694,0.13395359,0.13463996,0.13519421,0.13562436,0.13593856,0.13614488,0.1362514,0.13626623,0.13619746,0.13605317,0.13584147,0.13557042
0.04604617,0.045783136,0.04556193,0.045389153,0.04527139,0.045215264,0.045227367,0.045314312,0.045482695,0.045739114,0.04609019,0.046542518,0.047102682,0.04777731,0.048573002,0.049496356,0.050553963,0.051639527,0.052647673,0.053586394,0.05446373,0.055287655,0.05606619,0.05680735,0.057519145,0.058209587,0.058886662,0.059558414,0.060232837,0.060917925,0.06162171,0.062352207,0.063117385,0.063925296,0.06478392,0.0657013,0.06668541,0.067744285,0.068885915,0.070118316,0.07144951,0.07288749,0.07444028,0.07611586,0.07792228,0.07986752,0.081959605,0.08420654,0.08661632,0.089040875,0.09133118,0.09349379,0.09553536,0.09746246,0.09928173,0.10099972,0.1026231,0.10415843,0.10561229,0.10699134,0.10830215,0.10955135,0.11074549,0.11189123,0.11299513,0.11406382,0.11510389,0.11612197,0.11712465,0.118118495,0.11911016,0.1201062,0.12111329,0.12213797,0.12318684,0.12426655,0.12538366,0.12654477,0.12775657,0.12902555,0.13035835,0.13164121,0.13276118,0.1337263,0.13454461,0.13522409,0.1357727,0.13619857,0.13650958,0.13671383,0.13681929,0.13683395,0.1367659,0.13662305,0.13641346,0.13614516
0.048499737,0.0482445,0.048029844,0.04786218,0.047747906,0.04769344,0.047705192,0.047789555,0.04795295,0.04820178,0.048542455,0.048981383,0.04952497,0.050179612,0.050951738,0.05184775,0.05287404,0.05392673,0.054902896,0.055810474,0.056657378,0.057451505,0.05820078,0.058913134,0.059596453,0.060258675,0.06090771,0.06155146,0.062197845,0.06285479,0.06353021,0.064232,0.06496809,0.0657464,0.06657482,0.0674613,0.06841373,0.06944002,0.07054811,0.07174588,0.0730413,0.07444224,0.0759566,0.07759234,0.079357356,0.081259556,0.083306864,0.08550719,0.087868445,0.09024554,0.09249233,0.094615236,0.09662067,0.09851505,0.10030477,0.10199623,0.10359585,0.10511002,0.106545195,0.10790771,0.10920406,0.11044055,0.11162368,0.11275982,0.11385536,0.114916734,0.11595035,0.11696262,0.11795991,0.11894867,0.119935274,0.120926164,0.12192774,0.122946404,0.12398854,0.1250606,0.12616895,0.12732005,0.12852025,0.129776,0.1310937,0.13236138,0.13346814,0.13442184,0.13523047,0.13590188,0.13644408,0.13686489,0.13717222,0.13737407,0.13747828,0.1374928,0.13742551,0.13728434,0.13707724,0.13681214
0.051310085,0.05106377,0.050856616,0.050694812,0.050584536,0.050531972,0.05054331,0.05062473,0.050782412,0.05102255,0.051351313,0.051774893,0.052299477,0.05293124,0.053676378,0.054541063,0.055531483,0.056546498,0.057486054,0.05835795,0.059170004,0.059930008,0.060645778,0.061325118,0.061975844,0.06260574,0.06322263,0.06383431,0.064448595,0.065073304,0.065716214,0.06638514,0.0670879,0.06783229,0.06862613,0.069477215,0.070393346,0.071382344,0.072451994,0.073610134,0.07486454,0.076223046,0.07769344,0.07928351,0.08100112,0.08285402,0.084850036,0.08699697,0.089302644,0.091625355,0.09382233,0.09589975,0.09786381,0.09972069,0.101476565,0.10313761,0.104710035,0.10620001,0.10761372,0.10895734,0.11023708,0.1114591,0.11262957,0.11375471,0.11484069,0.11589368,0.11691989,0.117925465,0.118916616,0.11989953,0.120880395,0.12186536,0.12286064,0.123872414,0.12490686,0.12597016,0.12706849,0.12820806,0.12939502,0.13063559,0.13193594,0.13318627,0.13427785,0.13521855,0.13601607,0.13667832,0.13721305,0.1376281,0.13793124,0.1381303,0.13823308,0.13824742,0.13818106,0.13804182,0.13783757,0.13757606
0.05430966,0.054072797,0.053873602,0.053718016,0.05361198,0.053561434,0.05357234,0.053650625,0.05380225,0.054033153,0.054349285,0.0547566,0.055261023,0.055868514,0.05658503,0.057416484,0.058368847,0.059343897,0.06024456,0.061078552,0.061853543,0.06257725,0.06325734,0.063901536,0.06451753,0.06511298,0.065695636,0.06627314,0.06685322,0.06744356,0.06805185,0.068685785,0.069353074,0.07006139,0.07081843,0.071631886,0.072509475,0.07345888,0.07448778,0.07560389,0.07681489,0.07812848,0.079552345,0.0810942,0.08276173,0.08456261,0.08650456,0.08859528,0.09084242,0.09310794,0.095252536,0.097282164,0.099202804,0.10102038,0.102740824,0.10437009,0.10591417,0.107378915,0.108770356,0.11009439,0.111356996,0.1125641,0.11372165,0.11483559,0.115911886,0.11695646,0.11797527,0.11897426,0.11995936,0.12093657,0.12191177,0.12289093,0.12388002,0.12488496,0.1259117,0.12696618,0.12805437,0.12918217,0.1303556,0.13158052,0.13286296,0.13409531,0.1351712,0.13609836,0.13688445,0.13753717,0.13806425,0.13847332,0.13877209,0.1389683,0.1390696,0.13908373,0.13901831,0.1388811,0.13867977,0.138422
0.057318527,0.057091054,0.056899756,0.05675033,0.056648497,0.05659996,0.05661042,0.056685615,0.056831222,0.05705299,0.057356596,0.057747766,0.058232203,0.05881562,0.059503745,0.060302265,0.06121689,0.062152278,0.06301432,0.06381058,0.06454867,0.06523618,0.06588068,0.066489786,0.06707104,0.067632094,0.06818048,0.06872381,0.06926967,0.06982565,0.07039933,0.07099831,0.071630165,0.07230249,0.07302287,0.07379892,0.07463818,0.075548284,0.07653679,0.077611275,0.07877937,0.08004866,0.08142668,0.08292106,0.084539376,0.08628922,0.08817818,0.09021385,0.092403814,0.094613485,0.09670705,0.09869021,0.100568675,0.10234817,0.10403438,0.10563303,0.10714983,0.10859051,0.109960735,0.11126625,0.112512745,0.113705955,0.11485158,0.11595532,0.1170229,0.11806003,0.1190724,0.120065734,0.12104576,0.12201816,0.12298868,0.12396296,0.12494679,0.12594584,0.12696587,0.1280125,0.12909149,0.13020854,0.1313694,0.13257974,0.13384527,0.13506064,0.13612175,0.13703607,0.13781138,0.1384551,0.13897486,0.13937831,0.139673,0.13986649,0.1399664,0.13998029,0.1399158,0.1397805,0.13958192,0.13932773
0.060335755,0.0601176,0.059934136,0.05979082,0.059693158,0.059646603,0.05965663,0.059728757,0.059868403,0.060081083,0.060372267,0.060747415,0.06121203,0.061771564,0.062431503,0.06319732,0.06407451,0.064970516,0.06579413,0.06655287,0.06725419,0.0679056,0.06851457,0.06908861,0.0696352,0.07016181,0.07067593,0.07118509,0.071696706,0.072218336,0.07275743,0.073321484,0.07391798,0.0745544,0.07523827,0.075977035,0.07677818,0.07764923,0.07859764,0.07963094,0.08075655,0.08198201,0.08331479,0.084762394,0.086332284,0.088031955,0.08986891,0.09185062,0.09398459,0.09613967,0.09818338,0.100121215,0.10195865,0.10370115,0.10535418,0.10692326,0.10841384,0.109831385,0.111181386,0.11246933,0.11370065,0.11488088,0.11601548,0.1171099,0.11816963,0.119200155,0.12020696,0.1211955,0.12217125,0.123139724,0.12410635,0.12507665,0.12605608,0.12705006,0.12806417,0.12910384,0.13017452,0.1312817,0.13243088,0.13362758,0.13487716,0.13607645,0.13712342,0.13802572,0.13879071,0.1394259,0.1399388,0.14033695,0.1406277,0.14081861,0.1409172,0.14093092,0.1408673,0.14073375,0.14053786,0.140287
0.06336036,0.06315146,0.062975764,0.06283853,0.06274501,0.06270043,0.06271004,0.06277909,0.06291284,0.0631165,0.06339532,0.063754566,0.06419947,0.06473529,0.06536727,0.0661006,0.066940606,0.06779747,0.068582885,0.06930423,0.06996891,0.07058429,0.07115779,0.07169682,0.07220872,0.07270091,0.073180795,0.07365573,0.07413313,0.074620396,0.075124905,0.07565406,0.07621525,0.076815866,0.077463284,0.07816493,0.07892816,0.07976038,0.080669,0.081661366,0.08274493,0.083927065,0.08521513,0.08661654,0.08813869,0.08978898,0.09157477,0.09350349,0.0955825,0.09768407,0.09967901,0.10157255,0.103369914,0.1050764,0.106697224,0.10823765,0.10970288,0.111098185,0.11242881,0.1137,0.114917,0.11608506,0.11720938,0.11829526,0.11934796,0.12037265,0.121374615,0.122359104,0.12333137,0.12429662,0.12526014,0.12622714,0.1272029,0.12819262,0.12920158,0.13023503,0.13129823,0.13239631,0.13353467,0.13471842,0.1359529,0.13713685,0.13817054,0.13906126,0.13981646,0.14044358,0.14094993,0.14134294,0.14162998,0.1418185,0.14191581,0.14192939,0.14186653,0.14173472,0.14154127,0.14129364
0.066391386,0.06619167,0.06602373,0.06589254,0.06580313,0.065760516,0.06576971,0.065835714,0.06596357,0.066158265,0.06642482,0.066768266,0.06719359,0.06770581,0.068309955,0.06901103,0.069814056,0.07063201,0.07137937,0.07206347,0.0726916,0.073271066,0.07380914,0.07431315,0.0747904,0.0752482,0.07569379,0.07613455,0.07657772,0.07703062,0.07750056,0.07799485,0.07852076,0.07908562,0.079696715,0.08036134,0.08108682,0.08188043,0.08274947,0.08370127,0.08474309,0.08588226,0.08712608,0.088481836,0.08995684,0.09155842,0.0932938,0.09517034,0.09719534,0.09924434,0.1011914,0.10304153,0.104799725,0.10647105,0.10806046,0.109573,0.111013696,0.11238754,0.11369951,0.1149547,0.11615807,0.11731463,0.11842942,0.11950745,0.12055371,0.12157325,0.122571066,0.12355217,0.12452154,0.12548427,0.12644531,0.12740968,0.12838241,0.12936851,0.13037305,0.13140091,0.1324572,0.13354695,0.13467507,0.13584667,0.13706678,0.13823609,0.139257,0.14013673,0.1408826,0.14150193,0.14200205,0.14239019,0.14267372,0.14285986,0.14295597,0.14296937,0.1429073,0.14277713,0.1425861,0.14234152
0.069427885,0.06923734,0.06907706,0.06895188,0.068866566,0.06882591,0.06883467,0.068897665,0.06901966,0.06920543,0.06945979,0.06978749,0.070193335,0.0706821,0.07125857,0.071927525,0.07269377,0.07347297,0.07418244,0.074829414,0.07542109,0.075964674,0.07646738,0.07693643,0.077379026,0.077802405,0.07821374,0.07862028,0.07902922,0.07944777,0.07988316,0.0803426,0.08083327,0.08136244,0.081937276,0.082565,0.08325284,0.08400801,0.08483768,0.085749134,0.08674954,0.0878461,0.089046076,0.09035663,0.091785006,0.093338385,0.095024005,0.09684909,0.09882085,0.10081808,0.10271804,0.10452553,0.1062453,0.10788216,0.10944088,0.110926226,0.11234301,0.113696024,0.11499001,0.11622978,0.11742012,0.11856583,0.119671665,0.12074239,0.12178283,0.12279777,0.12379198,0.124770224,0.12573731,0.12669803,0.12765715,0.12861945,0.12958972,0.13057275,0.13157335,0.13259625,0.13364623,0.13472815,0.13584673,0.13700679,0.13821307,0.13936836,0.14037696,0.14124613,0.14198303,0.14259492,0.14308903,0.14347248,0.14375259,0.14393654,0.1440315,0.14404473,0.1439834,0.1438548,0.14366606,0.1434244
0.07246888,0.07228743,0.07213482,0.07201563,0.07193439,0.07189567,0.07190401,0.071963996,0.07208015,0.072257064,0.072499245,0.07281129,0.07319774,0.07366314,0.07421205,0.07484904,0.075578645,0.07631925,0.07699096,0.07760088,0.07815618,0.07866393,0.0791313,0.07956541,0.07997337,0.08036233,0.080739394,0.08111172,0.08148643,0.08187064,0.08227146,0.08269607,0.08315156,0.08364506,0.08418371,0.08477463,0.085424945,0.086141795,0.0869323,0.08780361,0.08876281,0.08981707,0.0909735,0.092239216,0.09362136,0.09512706,0.096763454,0.09853765,0.100456774,0.102402925,0.10425644,0.10602191,0.10770386,0.10930683,0.11083542,0.11229413,0.11368758,0.11502029,0.116296805,0.11752168,0.11869952,0.11983484,0.120932154,0.12199609,0.123031184,0.12404198,0.12503302,0.12600888,0.12697412,0.12793328,0.12889093,0.12985164,0.13081992,0.13180031,0.13279746,0.13381584,0.13486002,0.13593459,0.13704409,0.13819306,0.13938606,0.14052777,0.1415245,0.14238344,0.1431117,0.14371642,0.14420469,0.14458366,0.14486049,0.14504224,0.14513609,0.14514916,0.1450886,0.14496148,0.14477496,0.14453614
0.0755134,0.07534103,0.07519606,0.07508284,0.07500564,0.074968874,0.07497682,0.075033784,0.07514412,0.075312175,0.075542256,0.07583867,0.07620579,0.0766479,0.07716935,0.077774465,0.07846757,0.079169706,0.07980374,0.080376714,0.080895655,0.08136762,0.081799686,0.082198866,0.08257221,0.08292675,0.08326955,0.083607666,0.083948135,0.08429798,0.08466427,0.08505405,0.08547436,0.08593224,0.08643475,0.086988926,0.08760183,0.08828048,0.08903195,0.08986325,0.09078145,0.091793604,0.09290676,0.094127916,0.095464185,0.09692256,0.09851012,0.10023389,0.102100916,0.1039965,0.10580407,0.107528,0.10917259,0.110742174,0.11224107,0.11367361,0.11504415,0.116356954,0.11761641,0.11882682,0.1199925,0.121117786,0.12220702,0.12326454,0.124294624,0.12530166,0.12628992,0.12726375,0.1282275,0.12918547,0.13014202,0.13110141,0.13206807,0.13304621,0.13404025,0.13505448,0.13609323,0.13716085,0.13826163,0.1393999,0.14058,0.14170851,0.14269373,0.14354274,0.14426258,0.1448603,0.14534293,0.14571752,0.14599115,0.14617081,0.14626357,0.14627649,0.1462166,0.14609094,0.14590658,0.14567056
0.078560494,0.07839717,0.078259826,0.07815254,0.07807942,0.07804456,0.078052096,0.07810606,0.07821062,0.07836984,0.07858783,0.07886868,0.07921649,0.07963539,0.08012943,0.080702744,0.081359446,0.08202319,0.08261962,0.08315568,0.08363833,0.084074564,0.08447132,0.08483559,0.08517429,0.08549444,0.08580299,0.086106874,0.086413085,0.086728595,0.08706033,0.08741531,0.087800466,0.08822275,0.08868916,0.08920665,0.08978218,0.090422705,0.09113522,0.09192665,0.09280401,0.093774214,0.09484426,0.0960211,0.09731169,0.09872303,0.10026205,0.101935714,0.103751026,0.10559639,0.10735844,0.10904117,0.11064874,0.11218526,0.11365479,0.11506148,0.116409376,0.11770263,0.11894531,0.12014151,0.121295355,0.12241092,0.12349235,0.1245437,0.12556908,0.12657258,0.12755832,0.12853041,0.12949292,0.13044995,0.13140564,0.13236403,0.13332927,0.13430546,0.13529666,0.13630702,0.1373406,0.13840151,0.13949385,0.14062172,0.14178921,0.14290477,0.14387873,0.144718,0.14542961,0.14602046,0.14649756,0.14686789,0.14713834,0.14731596,0.14740765,0.14742044,0.14736123,0.147237,0.14705479,0.14682144
0.08160919,0.08145492,0.08132516,0.08122382,0.081154756,0.08112185,0.08112893,0.081179924,0.081278704,0.081429094,0.08163501,0.08190031,0.08222886,0.082624555,0.08309126,0.08363283,0.08425315,0.08487858,0.08543743,0.085936606,0.08638301,0.08678351,0.087144986,0.08747433,0.08777843,0.08806417,0.08833843,0.088608116,0.088880084,0.089161225,0.08945844,0.08977861,0.09012861,0.09051534,0.090945676,0.09142649,0.09196469,0.09256716,0.093240775,0.09399243,0.094828986,0.09575735,0.09678441,0.09791706,0.09916216,0.1005266,0.102017276,0.103641056,0.10540485,0.10720028,0.10891695,0.11055874,0.11212952,0.113633186,0.11507358,0.116454594,0.1177801,0.11905396,0.12028004,0.12146224,0.12260443,0.12371047,0.12478421,0.12582955,0.12685037,0.12785053,0.12883392,0.1298044,0.13076583,0.13172212,0.1326771,0.13363467,0.13459869,0.135573,0.13656157,0.13756819,0.13859677,0.13965116,0.14073524,0.14185289,0.14300798,0.14411078,0.14507356,0.14590326,0.14660671,0.14719081,0.14766248,0.14802851,0.14829592,0.14847147,0.14856216,0.14857477,0.14851624,0.14839348,0.14821328,0.14798263
0.084658526,0.08451329,0.08439114,0.08429574,0.08423072,0.084199734,0.08420642,0.084254414,0.0843474,0.08448898,0.08468284,0.084932595,0.08524191,0.08561442,0.08605377,0.08656362,0.0871476,0.08773471,0.08825603,0.088718355,0.08912849,0.08949326,0.08981946,0.0901139,0.09038338,0.09063472,0.09087472,0.09111016,0.09134789,0.09159469,0.09185737,0.09214274,0.09245759,0.09280875,0.09320302,0.0936472,0.094148085,0.0947125,0.095347255,0.09605912,0.09685495,0.09774153,0.09872565,0.09981414,0.10101379,0.10233141,0.1037738,0.1053478,0.10706017,0.10880573,0.11047716,0.112078086,0.11361216,0.11508306,0.116494365,0.117849804,0.11915297,0.12040752,0.12161709,0.12278535,0.12391593,0.12501249,0.12607865,0.1271181,0.12813441,0.12913132,0.13011241,0.13108136,0.13204177,0.13299736,0.13395168,0.13490847,0.13587134,0.13684392,0.1378299,0.13883285,0.13985649,0.14090444,0.14198029,0.14308779,0.14423051,0.14532065,0.14627235,0.1470925,0.14778784,0.14836526,0.14883144,0.14919332,0.14945762,0.14963117,0.14972077,0.14973325,0.14967543,0.14955404,0.14937592,0.14914793
0.08770755,0.08757136,0.087456815,0.08736734,0.087306365,0.0872773,0.087283574,0.08732859,0.08741578,0.08754856,0.08773033,0.08796455,0.088254616,0.08860393,0.08901595,0.08949405,0.090041675,0.090590455,0.09107422,0.09149968,0.09187356,0.092202604,0.09249353,0.09275306,0.09298795,0.093204856,0.09341058,0.093611814,0.09381529,0.09402774,0.09425589,0.09450645,0.09478616,0.09510175,0.09545994,0.09586748,0.09633103,0.0968574,0.09745325,0.09812537,0.09888043,0.09972518,0.100666344,0.101710655,0.10286483,0.10413559,0.105529696,0.107053846,0.108714744,0.1104104,0.112036526,0.11359654,0.11509389,0.11653195,0.117914185,0.119243965,0.12052477,0.12175999,0.12295299,0.124107294,0.12522623,0.12631327,0.1273718,0.12840529,0.1294171,0.13041069,0.13138947,0.13235682,0.1333162,0.13427106,0.13522474,0.13618071,0.13714236,0.13811316,0.1390965,0.14009576,0.14111443,0.14215586,0.14322354,0.14432085,0.14545119,0.14652859,0.14746916,0.14827974,0.14896698,0.14953761,0.14999838,0.15035604,0.15061726,0.15078875,0.15087733,0.1508897,0.15083249,0.15071255,0.15053654,0.15031119
0.09075528,0.09062813,0.09052121,0.09043769,0.09038076,0.09035364,0.090359494,0.090401515,0.09048291,0.09060685,0.09077656,0.0909952,0.091265984,0.09159209,0.09197672,0.092423044,0.09293429,0.0934447,0.09389085,0.09427942,0.09461703,0.09491032,0.095165975,0.09539059,0.09559083,0.09577337,0.095944814,0.09611185,0.09628107,0.096459165,0.09665275,0.09686852,0.09711308,0.09739309,0.097715184,0.098086044,0.098512255,0.09900053,0.09955745,0.10018971,0.10090394,0.10170679,0.10260491,0.10360493,0.10471353,0.1059373,0.107282944,0.108757064,0.11036636,0.11201189,0.11359253,0.11511146,0.11657189,0.11797696,0.11932993,0.120633945,0.1218922,0.1231079,0.12428424,0.12542439,0.12653157,0.12760895,0.12865974,0.12968713,0.13069429,0.13168444,0.13266073,0.13362642,0.13458462,0.13553861,0.1364915,0.13744652,0.13840687,0.13937575,0.1403563,0.14135177,0.14236529,0.14340015,0.14445943,0.14554639,0.14666422,0.14772873,0.14865813,0.14945902,0.15013804,0.15070187,0.15115714,0.15151052,0.1517686,0.15193808,0.1520256,0.15203778,0.15198126,0.15186276,0.15168883,0.15146619
0.093800776,0.09368269,0.0935834,0.09350582,0.093452975,0.09342776,0.0934332,0.09347224,0.09354781,0.093662925,0.09382053,0.09402357,0.09427503,0.09457787,0.09493506,0.09534955,0.095824316,0.09629629,0.0967048,0.097056426,0.0973577,0.09761524,0.09783557,0.09802526,0.098190896,0.09833901,0.09847618,0.098608986,0.09874399,0.09888773,0.099046804,0.09922774,0.09943713,0.09968153,0.099967495,0.100301616,0.10069045,0.10114052,0.10165844,0.10225077,0.10292405,0.103684865,0.10453977,0.105495326,0.10655811,0.10773467,0.10903159,0.110455416,0.11201273,0.113607824,0.11514269,0.1166202,0.11804341,0.119415216,0.12073862,0.12201655,0.12325201,0.12444796,0.12560733,0.12673311,0.12782826,0.12889573,0.12993854,0.13095957,0.13196187,0.13294832,0.13392195,0.13488567,0.13584252,0.13679542,0.13774727,0.13870113,0.13965994,0.14062664,0.14160421,0.14259562,0.1436038,0.1446318,0.14568245,0.14675884,0.14786388,0.14891532,0.14983323,0.15062429,0.15129495,0.15185183,0.15230154,0.15265056,0.15290545,0.15307288,0.15315928,0.15317132,0.15311553,0.15299845,0.15282668,0.15260677
0.096843034,0.09673407,0.09664241,0.096570835,0.09652204,0.09649878,0.09650381,0.096539825,0.09660958,0.09671582,0.09686128,0.09704868,0.09728077,0.09756027,0.09788993,0.09827248,0.09871066,0.099144086,0.099514864,0.09982948,0.1000944,0.10031612,0.10050112,0.10065588,0.10078687,0.100900576,0.10100349,0.101102084,0.10120284,0.10131223,0.10143674,0.101582855,0.10175704,0.10196581,0.102215625,0.10251294,0.10286428,0.1032761,0.103754885,0.10430713,0.10493928,0.10565785,0.1064693,0.10738014,0.10839681,0.10952583,0.11077365,0.11214678,0.11365164,0.11519584,0.116684414,0.11812012,0.119505644,0.12084377,0.12213719,0.12338868,0.12460093,0.12577672,0.12691878,0.12802982,0.12911259,0.13016981,0.13120428,0.13221864,0.1332157,0.13419814,0.13516876,0.13613026,0.13708535,0.13803679,0.13898736,0.13993971,0.14089665,0.14186089,0.14283513,0.14382215,0.14482467,0.14584541,0.14688715,0.1479526,0.1490445,0.15008248,0.1509887,0.15176961,0.1524317,0.15298149,0.15342538,0.15376996,0.15402162,0.15418687,0.1542722,0.15428406,0.15422902,0.15411341,0.15394387,0.15372674
0.09988114,0.099781305,0.09969734,0.099631734,0.099587046,0.09956575,0.09957035,0.09960334,0.09966725,0.09976459,0.09989784,0.100069545,0.10028217,0.10053825,0.10084028,0.101190776,0.10159222,0.10198696,0.10231988,0.10259739,0.10282589,0.10301175,0.103161395,0.10328118,0.10337753,0.10345684,0.103525475,0.10358988,0.10365639,0.103731416,0.103821374,0.10393264,0.10407162,0.10424471,0.10445827,0.10471872,0.105032474,0.10540591,0.105845384,0.10635734,0.10694816,0.10762422,0.10839193,0.1092577,0.1102279,0.111308925,0.11250714,0.11382901,0.11528087,0.11677354,0.11821529,0.11960854,0.12095586,0.122259706,0.12352264,0.124747135,0.1259357,0.12709086,0.12821509,0.1293109,0.13038084,0.13142739,0.13245302,0.13346028,0.1344517,0.13542971,0.13639686,0.13735567,0.13830864,0.13925824,0.14020702,0.14115751,0.1421121,0.14307344,0.14404392,0.14502613,0.14602254,0.14703567,0.14806797,0.14912203,0.15020032,0.1512244,0.15211849,0.15288898,0.15354222,0.15408462,0.15452261,0.15486257,0.15511087,0.15527393,0.1553581,0.15536982,0.15531546,0.15520148,0.15503414,0.15481997
0.102914095,0.10282343,0.102747194,0.10268764,0.102647044,0.102627695,0.10263187,0.102661826,0.10271986,0.10280827,0.102929264,0.10308519,0.10327827,0.10351081,0.10378507,0.10410334,0.10446788,0.10482376,0.1051187,0.10535902,0.105551,0.10570094,0.10581518,0.10589999,0.10596167,0.10600656,0.10604091,0.10607112,0.10610338,0.1061441,0.10619945,0.106275864,0.106379606,0.106516935,0.10669421,0.1069177,0.10719375,0.10752858,0.1079286,0.10840005,0.10894924,0.10958249,0.1103061,0.111126356,0.11204958,0.11308207,0.11423012,0.11550006,0.11689817,0.118338585,0.11973271,0.12108285,0.12239124,0.12366018,0.12489195,0.12608881,0.12725307,0.12838694,0.12949277,0.1305728,0.13162932,0.13266459,0.1336809,0.1346805,0.13566571,0.13663878,0.13760194,0.13855754,0.13950785,0.1404551,0.1414016,0.14234963,0.14330143,0.14425933,0.14522554,0.1462024,0.14719215,0.14819708,0.14921942,0.15026155,0.15132564,0.1523353,0.15321682,0.15397643,0.15462047,0.15515524,0.15558705,0.15592222,0.156167,0.15632775,0.15641075,0.1564223,0.15636872,0.15625632,0.15609135,0.15588017
0.10594096,0.105859526,0.10579104,0.10573754,0.1057011,0.10568373,0.10568745,0.10571438,0.10576653,0.10584589,0.10595459,0.10609461,0.106268056,0.1064769,0.10672325,0.107009105,0.10733654,0.10765337,0.107910156,0.10811313,0.10826849,0.10838243,0.108461246,0.10851103,0.10853806,0.10854852,0.10854864,0.10854461,0.108542666,0.10854899,0.10856981,0.10861132,0.10867975,0.1087813,0.10892218,0.10910856,0.109346755,0.109642856,0.11000314,0.1104338,0.11094105,0.1115311,0.11221015,0.11298442,0.113860115,0.11484343,0.1159406,0.11715782,0.11850133,0.119888544,0.121234186,0.12254035,0.12380898,0.12504219,0.12624207,0.12741053,0.12854972,0.12966165,0.13074835,0.13181189,0.1328543,0.13387764,0.13488396,0.13587525,0.13685362,0.13782106,0.13877968,0.13973145,0.14067847,0.1416228,0.14256638,0.14351135,0.14445974,0.14541355,0.14637488,0.14734574,0.14832821,0.14932428,0.15033604,0.15136549,0.15241472,0.15340932,0.15427767,0.15502594,0.15566036,0.15618715,0.15661253,0.15694265,0.15718381,0.15734217,0.1574239,0.1574353,0.15738252,0.15727177,0.1571093,0.15690124
0.10896074,0.10888861,0.10882793,0.10878054,0.108748265,0.10873286,0.108736195,0.10876002,0.1088062,0.10887655,0.10897284,0.109096885,0.10925052,0.109435566,0.109653816,0.10990705,0.11019711,0.11047462,0.11069309,0.11085858,0.110977225,0.1110551,0.111098364,0.11111312,0.11110544,0.11108152,0.111047365,0.11100916,0.11097298,0.11094494,0.11093117,0.11093778,0.110970855,0.111036524,0.1111409,0.1112901,0.11149022,0.111747354,0.11206767,0.11245721,0.11292215,0.113468535,0.11410253,0.11483021,0.11565772,0.11659114,0.117636606,0.1188002,0.12008806,0.12142105,0.12271725,0.12397841,0.12520638,0.12640294,0.12756993,0.12870917,0.1298224,0.13091156,0.13197832,0.13302456,0.1340521,0.13506274,0.13605827,0.13704056,0.13801135,0.13897246,0.13992573,0.140873,0.14181602,0.14275663,0.14369662,0.14463782,0.14558206,0.14653112,0.1474868,0.14845096,0.14942539,0.15041186,0.15141225,0.1524283,0.15346189,0.15444064,0.15529516,0.15603149,0.15665588,0.15717426,0.15759283,0.15791775,0.15815505,0.15831092,0.15839136,0.15840256,0.15835062,0.15824164,0.15808174,0.15787703
0.1119725,0.11190974,0.11185694,0.11181569,0.11178757,0.111774184,0.1117771,0.11179785,0.11183802,0.11189924,0.11198303,0.11209099,0.11222469,0.112385735,0.11257564,0.11279603,0.11304848,0.113286436,0.11346634,0.11359416,0.11367592,0.11371767,0.11372536,0.11370502,0.11366265,0.11360428,0.11353587,0.11346349,0.11339308,0.113330714,0.11328232,0.113253966,0.11325166,0.11328139,0.11334915,0.11346095,0.11362283,0.11384076,0.11412077,0.11446884,0.114891015,0.11539325,0.11598162,0.11666207,0.117440656,0.11832333,0.11931614,0.12042509,0.12165615,0.122933775,0.12417932,0.1253944,0.12658058,0.12773946,0.12887259,0.12998155,0.13106792,0.13213325,0.13317917,0.13420722,0.135219,0.13621606,0.13719995,0.13817233,0.13913472,0.14008869,0.14103583,0.14197771,0.14291593,0.14385203,0.14478762,0.14572428,0.14666352,0.14760698,0.14855625,0.14951284,0.1504784,0.15145442,0.15244256,0.15344433,0.15446135,0.15542345,0.1562634,0.15698722,0.15760091,0.15811048,0.15852195,0.15884131,0.15907459,0.15922774,0.15930684,0.15931784,0.15926678,0.15915968,0.1590025,0.15880126
0.114975296,0.114921965,0.1148771,0.11484204,0.114818156,0.114806786,0.11480923,0.11482686,0.11486102,0.114913024,0.114984214,0.11507596,0.115189575,0.1153264,0.11548777,0.11567504,0.11588953,0.11608762,0.11622872,0.11631871,0.11636345,0.116368935,0.11634099,0.11628551,0.11620842,0.11611561,0.116012976,0.115906395,0.115801804,0.115705036,0.11562206,0.11555872,0.115520954,0.11551462,0.11554564,0.1156199,0.115743294,0.115921736,0.116161086,0.116467305,0.116846226,0.11730378,0.11784584,0.11847836,0.11920714,0.120038144,0.12097725,0.12203038,0.12320339,0.12442427,0.12561792,0.12678565,0.12792885,0.12904885,0.13014695,0.13122453,0.1322829,0.13332345,0.13434745,0.1353563,0.13635127,0.13733375,0.13830511,0.1392666,0.14021964,0.14116552,0.14210564,0.14304127,0.14397371,0.14490445,0.1458347,0.14676587,0.14769927,0.14863622,0.1495781,0.15052623,0.15148193,0.15244655,0.15342146,0.15440798,0.15540744,0.1563519,0.15717645,0.15788701,0.15848947,0.15898971,0.15939364,0.15970713,0.15993614,0.16008651,0.16016413,0.16017497,0.16012481,0.1600197,0.15986538,0.1596678
0.11796812,0.11792429,0.11788744,0.11785864,0.11783901,0.11782968,0.11783169,0.11784617,0.11787423,0.117916964,0.11797543,0.118050806,0.11814414,0.11825653,0.11838912,0.11854294,0.11871916,0.11887705,0.11897908,0.119031,0.11903861,0.119007714,0.11894403,0.118853375,0.11874156,0.11861428,0.11847741,0.11833668,0.118197836,0.11806675,0.117949106,0.11785076,0.117777474,0.11773499,0.11772912,0.11776564,0.11785031,0.117988944,0.1181873,0.11845117,0.11878631,0.11919853,0.11969361,0.120277315,0.120955415,0.12173369,0.12261797,0.12361396,0.1247275,0.12589018,0.12703049,0.12814952,0.1292484,0.1303282,0.13139002,0.13243495,0.13346417,0.13447867,0.13547964,0.13646813,0.13744523,0.13841207,0.13936974,0.14031936,0.14126201,0.14219879,0.1431308,0.14405912,0.14498489,0.14590922,0.14683315,0.1477578,0.14868432,0.14961378,0.15054725,0.15148588,0.15243071,0.15338288,0.1543435,0.15531363,0.1562944,0.1572202,0.15802845,0.15872495,0.15931548,0.1598058,0.16020174,0.16050903,0.16073354,0.16088091,0.16095701,0.16096759,0.16091847,0.16081539,0.16066414,0.16047053
0.12095002,0.120915785,0.12088704,0.12086456,0.120849244,0.120841935,0.120843545,0.12085481,0.12087672,0.12091008,0.12095572,0.12101457,0.12108741,0.12117517,0.12127864,0.121398695,0.12153627,0.121653624,0.12171625,0.121729925,0.1217002,0.12163276,0.121533275,0.1214074,0.12126078,0.121099085,0.120927975,0.12075306,0.12058007,0.12041459,0.12026232,0.12012888,0.12001998,0.11994121,0.11989832,0.11989689,0.11994259,0.12004105,0.12019802,0.12041901,0.12070981,0.12107604,0.12152331,0.12205733,0.122683726,0.12340817,0.12423631,0.12517376,0.12622628,0.12732916,0.12841454,0.12948337,0.1305364,0.13157457,0.13259873,0.13360973,0.13460837,0.1355956,0.13657224,0.13753913,0.13849716,0.13944715,0.14039001,0.14132656,0.14225769,0.1431842,0.14410704,0.14502698,0.14594491,0.14686172,0.14777823,0.1486953,0.14961384,0.15053464,0.1514586,0.15238656,0.1533194,0.15425797,0.15520309,0.15615566,0.15711656,0.1580225,0.1588134,0.15949501,0.16007286,0.16055271,0.16094014,0.16124088,0.1614605,0.16160475,0.16167921,0.1616896,0.1616415,0.16154064,0.16139264,0.16120316
0.12392003,0.12389554,0.12387495,0.12385886,0.1238479,0.123842664,0.12384379,0.12385188,0.12386755,0.123891436,0.12392413,0.12396624,0.1240184,0.124081194,0.1241553,0.12424126,0.12433975,0.12441612,0.124439105,0.12441422,0.124346964,0.12424289,0.1241075,0.12394634,0.12376491,0.123568766,0.123363405,0.12315439,0.122947186,0.122747324,0.1225604,0.12239185,0.12224727,0.12213215,0.12205201,0.12201238,0.1220188,0.12207676,0.1221918,0.12236946,0.12261527,0.12293474,0.123333365,0.123816736,0.12439033,0.12505966,0.12583028,0.1267077,0.12769747,0.12873876,0.12976758,0.13078453,0.13179016,0.13278513,0.1337701,0.13474561,0.13571233,0.13667086,0.13762178,0.13856573,0.13950334,0.1404352,0.14136194,0.14228417,0.14320254,0.14411761,0.14502999,0.14594033,0.14684927,0.14775738,0.14866526,0.14957353,0.15048288,0.15139385,0.15230706,0.15322316,0.15414274,0.1550664,0.1559948,0.15692851,0.15786816,0.15875298,0.15952551,0.1601912,0.16075562,0.16122426,0.16160268,0.1618964,0.16211092,0.1622518,0.16232453,0.16233465,0.1622877,0.16218919,0.16204463,0.16185954
0.1268772,0.12686256,0.12685022,0.1268406,0.12683402,0.12683088,0.12683155,0.1268364,0.12684578,0.12686011,0.12687968,0.12690486,0.12693611,0.12697372,0.12701808,0.12706953,0.1271285,0.1271635,0.12714645,0.12708275,0.12697776,0.12683688,0.12666552,0.126469,0.12625274,0.12602212,0.12578252,0.12553936,0.125298,0.1250638,0.12484214,0.12463846,0.12445809,0.124306455,0.12418889,0.12411083,0.12407763,0.1240947,0.12416737,0.12430108,0.12450123,0.12477313,0.12512223,0.12555385,0.12607345,0.12668632,0.12739795,0.12821366,0.12913884,0.1301167,0.13108706,0.13205032,0.13300681,0.13395694,0.13490106,0.13583952,0.1367727,0.13770099,0.13862471,0.1395443,0.14046009,0.14137241,0.14228167,0.14318822,0.14409247,0.14499474,0.1458954,0.14679486,0.14769344,0.14859152,0.14948949,0.15038772,0.15128656,0.1521864,0.15308757,0.15399043,0.15489542,0.15580283,0.15671307,0.15762651,0.1585435,0.15940587,0.16015875,0.16080755,0.16135761,0.16181436,0.1621832,0.16246945,0.16267854,0.16281581,0.1628867,0.16289657,0.16285083,0.1627548,0.16261391,0.16243356
0.12982057,0.12981585,0.1298119,0.12980878,0.12980667,0.12980568,0.12980588,0.12980744,0.12981047,0.12981507,0.12982133,0.12982947,0.12983951,0.1298516,0.12986587,0.12988244,0.12990142,0.12989457,0.12983711,0.12973434,0.12959138,0.12941355,0.12920605,0.12897414,0.128723,0.12845792,0.12818412,0.12790683,0.12763126,0.12736268,0.12710632,0.12686744,0.12665121,0.12646288,0.12630774,0.12619096,0.12611784,0.12609354,0.12612335,0.12621248,0.12636618,0.1265897,0.12688819,0.12726699,0.12773128,0.12828633,0.1289373,0.12968953,0.13054815,0.13146052,0.13237047,0.13327815,0.13418363,0.13508707,0.1359886,0.1368883,0.13778627,0.13868266,0.13957766,0.14047128,0.14136365,0.14225493,0.14314523,0.14403468,0.14492336,0.1458114,0.14669892,0.14758606,0.14847293,0.14935963,0.15024632,0.15113305,0.15201998,0.15290728,0.15379493,0.1546832,0.15557209,0.15646182,0.1573524,0.15824404,0.15913685,0.15997528,0.16070728,0.16133805,0.16187285,0.16231695,0.16267553,0.16295387,0.16315712,0.16329059,0.16335955,0.16336915,0.16332465,0.16323128,0.1630943,0.16291896
0.13274916,0.1327545,0.13275902,0.13276255,0.13276492,0.13276608,0.13276584,0.13276407,0.13276063,0.13275541,0.13274826,0.13273907,0.13272765,0.13271391,0.13269773,0.13267893,0.1326574,0.1326082,0.13251,0.13236776,0.13218665,0.13197167,0.13172793,0.1314605,0.13117449,0.13087493,0.13056691,0.1302555,0.12994578,0.12964283,0.12935174,0.12907757,0.12882538,0.12860022,0.12840725,0.12825154,0.12813805,0.12807198,0.12805834,0.12810223,0.1282087,0.12838286,0.12862976,0.12895447,0.12936214,0.12985773,0.13044639,0.13113318,0.13192317,0.13276786,0.1336153,0.13446532,0.13531785,0.13617264,0.13702966,0.13788874,0.13874975,0.13961256,0.14047702,0.141343,0.14221036,0.14307898,0.14394875,0.14481947,0.14569107,0.14656334,0.14743623,0.14830957,0.14918321,0.15005703,0.15093093,0.1518047,0.15267824,0.15355144,0.15442415,0.1552962,0.15616755,0.15703794,0.15790735,0.15877557,0.15964249,0.16045542,0.16116518,0.16177674,0.16229534,0.1627259,0.16307357,0.16334341,0.1635405,0.16366994,0.16373676,0.16374606,0.16370292,0.16361243,0.16347963,0.16330956
0.135662,0.13567758,0.13569067,0.13570088,0.13570786,0.13571118,0.13571045,0.1357053,0.13569535,0.13568017,0.13565938,0.13563266,0.13559952,0.13555959,0.13551252,0.13545789,0.1353953,0.13530327,0.13516386,0.13498187,0.13476233,0.13451003,0.13422993,0.13392696,0.13360599,0.13327193,0.1329297,0.13258421,0.13224033,0.13190302,0.13157715,0.13126764,0.13097937,0.13071728,0.13048625,0.1302912,0.13013704,0.13002867,0.12997098,0.1299689,0.13002731,0.13015117,0.1303453,0.13061468,0.13096422,0.13139874,0.13192324,0.13254258,0.13326168,0.13403638,0.13481903,0.13560922,0.13640663,0.13721074,0.13802126,0.13883778,0.13965988,0.14048722,0.14131933,0.1421559,0.1429965,0.14384076,0.14468826,0.14553863,0.1463915,0.14724642,0.14810303,0.14896096,0.14981978,0.15067914,0.15153864,0.15239786,0.15325642,0.15411396,0.15497005,0.15582435,0.15667641,0.15752587,0.15837233,0.15921538,0.1600547,0.16084045,0.16152649,0.16211765,0.16261889,0.16303506,0.1633711,0.16363196,0.16382247,0.16394758,0.16401216,0.16402116,0.16397943,0.16389197,0.1637636,0.16359925
0.13855821,0.13858409,0.1386059,0.1386229,0.1386345,0.13864002,0.13863884,0.13863029,0.13861369,0.13858843,0.13855384,0.13850929,0.13845408,0.13838762,0.13830924,0.13821828,0.1381141,0.13797866,0.13779755,0.13757546,0.13731717,0.13702741,0.13671081,0.13637218,0.13601623,0.1356477,0.13527125,0.1348917,0.1345137,0.134142,0.13378136,0.1334364,0.13311197,0.13281272,0.13254339,0.13230872,0.13211346,0.13196224,0.13185988,0.1318111,0.13182057,0.13189305,0.13203326,0.1322459,0.13253574,0.13290748,0.13336585,0.13391559,0.1345614,0.13526367,0.13597915,0.13670719,0.1374472,0.13819847,0.13896035,0.13973221,0.1405134,0.14130326,0.14210114,0.1429064,0.14371839,0.14453644,0.14535992,0.14618814,0.1470205,0.14785632,0.14869498,0.14953579,0.15037811,0.15122132,0.15206474,0.15290776,0.15374964,0.1545898,0.1554276,0.15626232,0.15709339,0.1579201,0.15874183,0.15955794,0.16036774,0.16112459,0.16178533,0.16235472,0.16283749,0.16323836,0.16356203,0.16381328,0.16399677,0.16411726,0.1641795,0.16418816,0.16414797,0.1640637,0.16394009,0.16378178
0.14143665,0.14147307,0.14150372,0.14152762,0.14154394,0.14155169,0.14155002,0.14153798,0.14151466,0.14147918,0.14143057,0.14136799,0.14129043,0.141197,0.14108685,0.14095902,0.14081262,0.14063318,0.14040992,0.14014739,0.13985011,0.13952258,0.13916938,0.13879505,0.13840406,0.138001,0.13759038,0.13717675,0.13676465,0.13635854,0.13596304,0.13558264,0.1352219,0.13488531,0.13457747,0.1343028,0.13406597,0.13387142,0.13372372,0.13362737,0.13358697,0.13360699,0.13369195,0.13384648,0.13407502,0.13438208,0.13477229,0.13525014,0.13582014,0.13644734,0.13709313,0.13775659,0.13843682,0.13913289,0.13984387,0.14056891,0.14130701,0.14205733,0.1428189,0.14359087,0.14437227,0.14516217,0.1459597,0.14676395,0.147574,0.14838888,0.14920779,0.15002966,0.15085374,0.15167896,0.15250456,0.15332952,0.15415297,0.15497398,0.15579163,0.15660502,0.15741323,0.15821531,0.15901043,0.1597976,0.16057594,0.16130196,0.16193582,0.16248202,0.16294517,0.1633297,0.1636402,0.16388121,0.16405722,0.16417283,0.1642325,0.16424079,0.16420232,0.16412146,0.16400287,0.163851
0.14429654,0.14434361,0.14438319,0.14441414,0.14443517,0.14444524,0.1444431,0.14442752,0.14439738,0.14435148,0.14428866,0.14420769,0.14410745,0.14398673,0.14384429,0.14367907,0.14348978,0.14326572,0.14299983,0.14269644,0.14235982,0.14199437,0.14160442,0.14119424,0.14076819,0.14033063,0.13988584,0.13943814,0.13899192,0.13855143,0.13812105,0.13770516,0.13730794,0.13693386,0.13658716,0.13627224,0.13599333,0.13575487,0.13556111,0.13541639,0.13532507,0.13529149,0.13531989,0.13541469,0.13558017,0.13582067,0.13614054,0.13654411,0.13703562,0.13758503,0.13815847,0.13875476,0.13937269,0.14001112,0.14066885,0.1413447,0.1420375,0.14274605,0.14346918,0.1442057,0.14495443,0.14571416,0.14648378,0.14726207,0.1480478,0.14883989,0.14963704,0.1504382,0.15124206,0.1520475,0.15285338,0.15365843,0.15446153,0.15526147,0.15605707,0.15684718,0.15763058,0.15840608,0.15917255,0.15992877,0.16067356,0.16136678,0.161972,0.16249359,0.16293576,0.16330296,0.16359943,0.16382954,0.1639976,0.164108,0.16416499,0.16417292,0.16413613,0.16405895,0.16394569,0.1638007
0.14713682,0.14719471,0.14724341,0.14728145,0.14730738,0.14731973,0.14731707,0.14729792,0.14726086,0.1472044,0.14712714,0.14702755,0.14690423,0.14675571,0.14658056,0.1463773,0.14614446,0.14587514,0.14556608,0.14522138,0.14484519,0.14444159,0.14401469,0.14356859,0.14310747,0.14263535,0.14215638,0.14167467,0.14119433,0.14071949,0.14025423,0.13980266,0.13936892,0.13895708,0.13857129,0.13821563,0.13789426,0.13761121,0.13737068,0.13717669,0.13703343,0.13694498,0.13691543,0.13694891,0.13704956,0.13722141,0.13746865,0.13779536,0.13820565,0.13867435,0.13917263,0.139699,0.14025204,0.14083025,0.14143221,0.14205647,0.14270157,0.14336602,0.14404842,0.14474729,0.14546119,0.14618863,0.14692822,0.14767845,0.14843789,0.14920509,0.14997858,0.15075693,0.15153866,0.15232232,0.15310647,0.15388966,0.15467042,0.1554473,0.15621884,0.15698363,0.15774016,0.15848699,0.15922269,0.1599458,0.16065484,0.16131322,0.16188802,0.16238332,0.1628033,0.16315201,0.16343358,0.16365212,0.16381177,0.16391659,0.16397071,0.16397823,0.1639433,0.16386999,0.16376245,0.16362472
0.14978273,0.14985098,0.14990836,0.14995319,0.14998372,0.1499983,0.14999513,0.14997262,0.14992891,0.1498624,0.14977132,0.14965397,0.14950867,0.14933366,0.14912722,0.14888772,0.14861335,0.14830089,0.14795078,0.14756693,0.14715324,0.14671358,0.14625189,0.14577201,0.14527784,0.14477332,0.1442623,0.1437487,0.14323634,0.14272921,0.14223118,0.14174613,0.14127791,0.14083049,0.14040771,0.14001349,0.1396517,0.13932626,0.13904104,0.13879998,0.13860688,0.13846576,0.1383804,0.1383547,0.13839264,0.13849808,0.13867487,0.13892695,0.13925816,0.13964827,0.14007318,0.14053123,0.14102067,0.14153981,0.14208695,0.14266033,0.14325827,0.14387903,0.14452097,0.1451823,0.14586131,0.14655629,0.14726557,0.14798744,0.1487201,0.14946195,0.15021119,0.15096615,0.15172511,0.15248637,0.15324819,0.15400885,0.15476665,0.15551992,0.15626687,0.15700585,0.15773512,0.15845296,0.1591577,0.15984753,0.16052087,0.16114442,0.16168882,0.162158,0.16255575,0.16288607,0.16315272,0.16335973,0.16351093,0.16361019,0.16366148,0.16366862,0.16363555,0.16356607,0.16346419,0.1633338
0.15207188,0.1521493,0.15221445,0.15226531,0.15229997,0.15231648,0.15231296,0.15228736,0.15223777,0.15216225,0.15205894,0.15192577,0.15176088,0.15156227,0.15132803,0.15105619,0.15074487,0.15039404,0.15000753,0.14958908,0.14914232,0.14867097,0.14817871,0.14766921,0.14714618,0.14661336,0.14607434,0.14553286,0.14499263,0.14445737,0.14393064,0.14341623,0.14291781,0.14243907,0.14198373,0.1415554,0.14115782,0.14079471,0.14046973,0.14018656,0.13994889,0.13976039,0.13962483,0.13954583,0.13952711,0.13957231,0.13968518,0.13986938,0.14012861,0.14044698,0.1408049,0.14120038,0.14163153,0.14209634,0.14259289,0.1431193,0.14367352,0.1442537,0.14485781,0.14548402,0.14613025,0.14679468,0.14747524,0.14817008,0.14887725,0.14959475,0.15032074,0.15105316,0.15179011,0.15252966,0.15326989,0.1540088,0.15474449,0.15547495,0.15619834,0.15691262,0.15761591,0.1583062,0.15898162,0.15964018,0.16027996,0.16087092,0.16138692,0.16183151,0.16220853,0.16252153,0.16277426,0.16297045,0.16311374,0.16320784,0.1632564,0.16326317,0.16323183,0.16316605,0.16306946,0.16294585
0.15402183,0.15410738,0.15417932,0.1542355,0.15427381,0.15429206,0.15428811,0.15425986,0.1542051,0.15412168,0.15400748,0.15386039,0.15367816,0.15345871,0.15319994,0.15289961,0.1525556,0.15217096,0.15175252,0.15130371,0.15082808,0.15032919,0.14981037,0.14927526,0.14872734,0.14817008,0.14760695,0.14704151,0.14647727,0.14591764,0.14536622,0.14482644,0.14430185,0.14379591,0.1433121,0.14285399,0.14242502,0.14202875,0.14166857,0.14134812,0.14107083,0.14084014,0.14065963,0.14053279,0.1404631,0.14045407,0.14050922,0.140632,0.14082593,0.14107916,0.14137606,0.14171448,0.14209226,0.14250731,0.14295743,0.14344049,0.14395432,0.14449678,0.14506571,0.14565903,0.14627455,0.14691004,0.14756349,0.14823265,0.14891547,0.14960968,0.15031326,0.15102391,0.15173964,0.15245825,0.15317754,0.15389542,0.15460971,0.15531825,0.15601893,0.15670961,0.15738806,0.15805227,0.15869994,0.15932906,0.15993737,0.16049787,0.1609872,0.16140887,0.1617664,0.16206327,0.16230299,0.16248904,0.16262494,0.16271417,0.16276026,0.16276665,0.16273691,0.1626745,0.16258298,0.16246569
0.15565003,0.1557427,0.15582061,0.1558815,0.15592298,0.15594274,0.15593848,0.15590785,0.15584853,0.1557582,0.15563455,0.15547523,0.15527788,0.15504026,0.15475999,0.15443473,0.15406215,0.15364802,0.15320183,0.15272675,0.15222627,0.15170367,0.15116218,0.15060523,0.15003611,0.14945811,0.14887463,0.14828888,0.14770421,0.14712404,0.14655158,0.1459902,0.14544322,0.14491394,0.1444057,0.14392184,0.14346564,0.14304043,0.14264955,0.1422963,0.14198403,0.14171602,0.14149563,0.14132619,0.141211,0.14115335,0.14115663,0.14122407,0.14135909,0.14155337,0.14179502,0.14208156,0.14241077,0.14278029,0.14318784,0.14363103,0.14410757,0.14461507,0.14515132,0.14571393,0.14630054,0.14690886,0.14753656,0.14818135,0.14884084,0.14951275,0.15019476,0.15088454,0.15157968,0.15227796,0.152977,0.1536745,0.1543681,0.15505554,0.15573439,0.15640248,0.15705733,0.15769665,0.1583182,0.15891951,0.15949841,0.16003036,0.16049485,0.16089505,0.16123438,0.16151616,0.16174369,0.16192025,0.16204926,0.16213393,0.16217765,0.16218376,0.16215551,0.16209632,0.16200936,0.1618981
0.15697417,0.15707293,0.157156,0.15722093,0.15726511,0.15728623,0.15728167,0.157249,0.1571858,0.15708944,0.15695763,0.15678774,0.15657736,0.15632397,0.15602513,0.15567835,0.15528114,0.15484156,0.15437154,0.15387411,0.15335256,0.1528099,0.1522494,0.15167417,0.15108737,0.15049216,0.1498917,0.14928916,0.14868763,0.14809032,0.14750037,0.14692095,0.1463552,0.14580624,0.14527729,0.14477149,0.14429195,0.14384192,0.14342442,0.14304271,0.14269993,0.14239919,0.1421437,0.14193656,0.14178096,0.14168005,0.14163698,0.14165494,0.14173703,0.14187829,0.14206998,0.1423096,0.14259474,0.1429228,0.1432914,0.14369805,0.1441402,0.14461543,0.14512126,0.14565523,0.14621475,0.14679743,0.14740084,0.14802237,0.14865965,0.14931014,0.14997138,0.15064086,0.15131615,0.15199478,0.15267417,0.15335195,0.15402558,0.1546926,0.15535054,0.15599687,0.1566292,0.15724495,0.1578417,0.15841696,0.15896827,0.1594736,0.15991482,0.16029498,0.16061737,0.160885,0.16110113,0.16126888,0.16139144,0.16147186,0.1615134,0.16151918,0.16149236,0.16143608,0.16135356,0.16124785
0.15801165,0.15811566,0.15820315,0.15827149,0.15831801,0.15834022,0.15833542,0.15830107,0.15823448,0.15813309,0.15799423,0.15781538,0.15759388,0.15732706,0.15701246,0.15664734,0.15622911,0.15576799,0.15527783,0.15476167,0.15422256,0.15366341,0.1530873,0.15249719,0.15189604,0.1512869,0.15067278,0.15005663,0.1494415,0.14883038,0.14822625,0.1476321,0.14705098,0.14648585,0.14593971,0.14541559,0.14491645,0.14444533,0.14400518,0.14359903,0.1432299,0.14290078,0.14261459,0.14237446,0.14218332,0.14204417,0.14196002,0.14193389,0.14196874,0.14206252,0.14220935,0.14240672,0.1426519,0.14294237,0.1432755,0.14364868,0.14405927,0.14450462,0.14498228,0.14548945,0.14602363,0.14658217,0.14716248,0.14776194,0.14837795,0.14900786,0.14964913,0.15029904,0.15095508,0.1516146,0.15227497,0.15293361,0.15358794,0.15423526,0.15487301,0.15549858,0.15610932,0.15670268,0.15727606,0.15782675,0.15835224,0.15883273,0.15925223,0.1596137,0.1599202,0.16017468,0.16038018,0.16053969,0.16065617,0.16073267,0.16077217,0.16077767,0.16075218,0.16069868,0.1606202,0.16051966
0.15878014,0.15888849,0.15897965,0.15905085,0.15909937,0.1591225,0.15911752,0.1590817,0.1590123,0.15890665,0.158762,0.15857561,0.15834478,0.15806678,0.15773892,0.15735848,0.15692267,0.15644357,0.15593685,0.1554054,0.15485205,0.15427968,0.15369113,0.15308926,0.15247686,0.15185691,0.15123221,0.15060557,0.14997993,0.14935808,0.14874284,0.14813715,0.14754386,0.14696576,0.14640574,0.14586668,0.14535141,0.14486277,0.14440364,0.14397688,0.14358532,0.14323184,0.14291927,0.14265049,0.14242832,0.14225566,0.14213532,0.1420702,0.14206314,0.1421146,0.1422214,0.1423808,0.14259009,0.14284652,0.14314741,0.14349003,0.14387159,0.1442895,0.14474097,0.14522323,0.14573362,0.14626943,0.14682789,0.14740628,0.14800194,0.14861208,0.14923401,0.14986505,0.15050241,0.15114339,0.1517853,0.15242538,0.15306093,0.15368925,0.15430757,0.1549132,0.15550338,0.15607543,0.15662663,0.15715429,0.1576556,0.1581129,0.15851213,0.15885614,0.15914784,0.15939008,0.15958564,0.15973741,0.15984827,0.15992108,0.15995869,0.1599639,0.15993965,0.15988874,0.15981404,0.15971838
0.15929711,0.15940905,0.15950318,0.15957673,0.15962686,0.15965074,0.15964557,0.15960857,0.1595369,0.15942778,0.15927835,0.15908581,0.1588474,0.15856026,0.15822156,0.15782857,0.1573784,0.15688471,0.1563647,0.15582113,0.15525666,0.1546741,0.15407613,0.15346545,0.1528448,0.15221691,0.15158449,0.15095024,0.15031691,0.14968719,0.1490638,0.14844948,0.14784701,0.147259,0.14668821,0.14613737,0.1456092,0.1451064,0.14463173,0.14418788,0.14377758,0.14340355,0.1430685,0.14277513,0.1425262,0.14232443,0.14217253,0.14207318,0.14202917,0.14204322,0.14211442,0.14223996,0.142417,0.14264277,0.14291449,0.1432292,0.14358428,0.14397682,0.14440401,0.14486305,0.14535117,0.14586547,0.14640321,0.14696155,0.14753772,0.14812887,0.14873219,0.14934486,0.14996412,0.15058711,0.15121105,0.1518331,0.15245049,0.15306033,0.15365991,0.1542464,0.1548169,0.1553687,0.15589897,0.15640484,0.15688355,0.1573192,0.15769956,0.15802729,0.1583052,0.15853596,0.15872224,0.15886682,0.15897249,0.15904184,0.15907764,0.15908264,0.15905951,0.159011,0.15893981,0.15884872
0.15958011,0.15969485,0.15979141,0.15986681,0.15991819,0.15994267,0.1599374,0.15989946,0.15982595,0.15971409,0.15956089,0.15936351,0.15911907,0.15882464,0.15847741,0.15807448,0.15761293,0.15710777,0.15657748,0.15602477,0.15545215,0.15486221,0.15425758,0.15364088,0.15301466,0.15238151,0.15174402,0.15110484,0.1504665,0.14983164,0.1492028,0.14858264,0.1479737,0.14737856,0.14679992,0.14624026,0.14570221,0.14518838,0.14470135,0.14424372,0.14381807,0.14342701,0.14307311,0.14275903,0.14248729,0.1422605,0.14208126,0.14195217,0.14187583,0.14185697,0.14189671,0.14199217,0.14214043,0.14233865,0.14258392,0.14287342,0.1432042,0.14357339,0.1439781,0.14441551,0.14488268,0.14537674,0.14589486,0.14643401,0.14699149,0.1475643,0.14814964,0.14874455,0.14934619,0.14995167,0.15055811,0.15116262,0.15176234,0.15235439,0.15293583,0.15350388,0.1540556,0.15458807,0.15509847,0.15558386,0.15604143,0.15645686,0.15681958,0.15713213,0.15739712,0.15761717,0.15779482,0.15793274,0.15803348,0.15809962,0.15813376,0.15813851,0.15811647,0.15807022,0.15800238,0.15791546
0.15964669,0.15976359,0.15986195,0.15993877,0.15999113,0.16001607,0.16001067,0.15997203,0.15989716,0.15978318,0.15962714,0.15942605,0.15917705,0.15887713,0.15852344,0.15811299,0.15764284,0.1571291,0.1565914,0.15603225,0.15545411,0.15485947,0.15425082,0.15363058,0.15300131,0.1523654,0.15172534,0.15108366,0.15044281,0.14980526,0.14917345,0.14854994,0.14793716,0.14733754,0.14675365,0.1461879,0.14564277,0.14512077,0.14462434,0.144156,0.14371817,0.14331333,0.14294402,0.14261265,0.14232177,0.14207377,0.14187115,0.14171645,0.14161204,0.1415645,0.14157659,0.14164545,0.14176813,0.14194171,0.14216323,0.14242971,0.14273833,0.14308603,0.14346996,0.14388713,0.14433466,0.14480965,0.14530896,0.1458299,0.14636938,0.14692453,0.14749242,0.14807008,0.14865458,0.14924303,0.14983241,0.15041985,0.15100239,0.15157712,0.15214106,0.15269133,0.15322496,0.15373904,0.1542306,0.1546967,0.15513444,0.15553103,0.15587725,0.1561756,0.15642856,0.15663864,0.15680824,0.15693986,0.15703604,0.15709916,0.15713178,0.1571363,0.15711524,0.15707111,0.1570063,0.15692335
0.15951444,0.15963286,0.1597325,0.1598103,0.15986331,0.1598886,0.15988314,0.15984397,0.15976815,0.15965271,0.15949462,0.15929097,0.15903872,0.15873496,0.15837666,0.15796092,0.15748471,0.15696502,0.1564225,0.15585947,0.15527833,0.15468137,0.154071,0.15344958,0.15281954,0.15218315,0.15154283,0.15090095,0.15025984,0.14962189,0.14898944,0.1483649,0.14775059,0.14714892,0.14656225,0.1459929,0.14544326,0.14491574,0.14441264,0.14393634,0.14348921,0.14307366,0.14269204,0.14234668,0.14203992,0.14177424,0.14155187,0.14137527,0.14124678,0.14117435,0.14116237,0.14120789,0.1413079,0.14145947,0.14165956,0.14190525,0.14219359,0.14252156,0.14288619,0.14328453,0.14371358,0.14417039,0.14465198,0.14515536,0.14567757,0.14621563,0.14676663,0.14732748,0.14789528,0.1484671,0.14903982,0.1496106,0.15017644,0.1507343,0.15128133,0.15181445,0.15233071,0.15282719,0.1533008,0.15374869,0.15416786,0.1545468,0.15487762,0.15516272,0.15540445,0.15560515,0.1557672,0.15589298,0.15598488,0.15604521,0.15607633,0.15608072,0.15606059,0.15601839,0.15595648,0.1558772
0.15920089,0.15932024,0.15942065,0.15949905,0.1595525,0.15957797,0.15957247,0.15953301,0.15945661,0.15934022,0.1591809,0.15897562,0.1587214,0.15841523,0.15805413,0.15763511,0.15715511,0.15663198,0.15608697,0.15552233,0.1549404,0.15434332,0.15373348,0.15311304,0.15248431,0.15184954,0.151211,0.15057094,0.14993164,0.14929539,0.14866441,0.14804092,0.14742732,0.14682573,0.14623849,0.14566782,0.14511603,0.14458536,0.14407809,0.14359643,0.14314269,0.1427191,0.14232798,0.14197153,0.14165205,0.1413718,0.14113303,0.140938,0.14078899,0.14069518,0.14066234,0.14068744,0.14076744,0.1408994,0.14108032,0.14130716,0.14157699,0.14188674,0.14223345,0.14261416,0.14302582,0.14346546,0.14393006,0.14441663,0.14492218,0.14544372,0.14597826,0.14652276,0.14707425,0.14762975,0.14818627,0.14874077,0.14929026,0.14983177,0.15036231,0.15087885,0.15137841,0.15185799,0.1523146,0.15274525,0.15314691,0.15350935,0.15382576,0.15409844,0.15432961,0.15452157,0.15467657,0.15479688,0.15488477,0.15494242,0.15497223,0.15497638,0.15495715,0.15491682,0.1548576,0.15478179
0.15872355,0.15884331,0.15894406,0.15902273,0.15907638,0.15910193,0.15909645,0.15905684,0.15898015,0.15886338,0.1587035,0.15849751,0.15824242,0.15793517,0.15757279,0.15715231,0.15667064,0.15614624,0.15560092,0.15503678,0.15445605,0.15386088,0.15325345,0.1526359,0.15201043,0.15137915,0.15074426,0.15010794,0.14947233,0.14883961,0.14821196,0.14759153,0.14698048,0.14638099,0.14579518,0.14522529,0.14467347,0.14414182,0.14363259,0.14314787,0.14268988,0.14226079,0.14186272,0.14149788,0.14116837,0.14087646,0.14062424,0.14041393,0.14024761,0.14013562,0.1400848,0.1400921,0.14015453,0.14026909,0.14043278,0.14064257,0.14089544,0.14118843,0.14151852,0.14188264,0.1422779,0.14270116,0.14314951,0.14361992,0.14410938,0.14461488,0.14513338,0.14566194,0.1461975,0.14673707,0.14727764,0.1478162,0.14834976,0.14887528,0.14938979,0.14989029,0.1503737,0.1508371,0.15127744,0.1516917,0.1520769,0.1524238,0.15272672,0.15298772,0.153209,0.15339275,0.15354112,0.1536563,0.1537404,0.15379563,0.15382417,0.15382811,0.15380973,0.15377107,0.1537144,0.15364183
0.15809998,0.15821974,0.15832041,0.15839906,0.15845272,0.15847825,0.15847273,0.15843314,0.15835652,0.15823977,0.15807995,0.15787405,0.15761906,0.15731195,0.15694971,0.1565294,0.15604794,0.15552424,0.15498042,0.15441866,0.15384099,0.15324949,0.15264621,0.15203325,0.15141271,0.15078662,0.15015708,0.14952613,0.1488959,0.1482684,0.14764577,0.1470301,0.14642335,0.14582771,0.14524518,0.14467788,0.14412786,0.14359725,0.14308801,0.14260231,0.14214224,0.1417098,0.14130707,0.14093621,0.1405992,0.14029819,0.1400352,0.13981229,0.13963163,0.13950427,0.13943806,0.13942996,0.13947695,0.13957606,0.13972427,0.13991858,0.14015594,0.14043343,0.14074792,0.14109653,0.14147618,0.14188386,0.14231665,0.14277148,0.14324531,0.14373519,0.14423808,0.144751,0.14527093,0.1457949,0.14631982,0.14684275,0.14736071,0.1478706,0.14836949,0.14885437,0.1493222,0.14976998,0.15019473,0.15059343,0.15096305,0.1512954,0.15158552,0.15183556,0.15204751,0.15222354,0.15236565,0.152476,0.15255657,0.15260948,0.15263678,0.15264058,0.15262297,0.15258594,0.15253164,0.15246215
0.15734775,0.15746707,0.15756734,0.15764572,0.15769912,0.15772457,0.15771905,0.15767963,0.1576033,0.15748703,0.1573278,0.15712269,0.15686867,0.15656272,0.15620187,0.15578319,0.15530357,0.15478225,0.15424168,0.1536839,0.15311089,0.1525246,0.15192702,0.15132019,0.15070605,0.15008661,0.14946386,0.14883983,0.14821641,0.14759567,0.14697954,0.14637004,0.14576916,0.14517891,0.14460124,0.14403817,0.14349166,0.14296369,0.1424563,0.14197142,0.14151108,0.14107727,0.14067194,0.1402971,0.13995478,0.13964689,0.13937545,0.13914251,0.13894998,0.13880977,0.13873044,0.138709,0.13874246,0.1388278,0.1389621,0.13914229,0.13936542,0.13962844,0.13992843,0.14026232,0.14062719,0.14101997,0.14143774,0.14187746,0.14233613,0.14281076,0.14329839,0.14379601,0.14430058,0.14480916,0.14531873,0.14582632,0.14632894,0.14682356,0.14730717,0.1477768,0.14822952,0.14866221,0.14907198,0.1494558,0.14981067,0.1501292,0.15040728,0.15064691,0.15085006,0.15101877,0.15115498,0.15126075,0.15133797,0.15138866,0.15141484,0.15141849,0.1514016,0.15136613,0.1513141,0.15124746
0.15648443,0.1566029,0.1567025,0.15678033,0.15683338,0.15685865,0.15685321,0.15681405,0.1567382,0.15662271,0.1564646,0.15626085,0.15600857,0.15570472,0.15534632,0.15493046,0.1544541,0.15393665,0.15340081,0.15284844,0.1522814,0.15170172,0.15111117,0.15051177,0.14990535,0.14929385,0.14867918,0.14806324,0.14744793,0.14683515,0.14622684,0.1456249,0.14503118,0.14444765,0.14387618,0.14331873,0.14277714,0.14225334,0.14174928,0.14126681,0.14080785,0.1403743,0.13996813,0.13959114,0.13924532,0.13893256,0.13865472,0.13841379,0.13821161,0.13806067,0.13797021,0.13793728,0.1379588,0.13803194,0.13815361,0.13832094,0.13853085,0.13878042,0.13906668,0.13938665,0.13973734,0.14011581,0.14051905,0.1409441,0.14138798,0.14184773,0.14232033,0.14280291,0.14329241,0.14378585,0.1442803,0.14477277,0.14526026,0.14573984,0.14620851,0.14666331,0.14710122,0.14751936,0.14791466,0.14828418,0.14862497,0.14893037,0.149197,0.14942677,0.14962156,0.1497833,0.14991394,0.15001531,0.15008934,0.15013799,0.1501631,0.15016659,0.15015036,0.15011637,0.15006648,0.1500026
0.15552749,0.15564485,0.15574354,0.15582062,0.15587318,0.1558982,0.15589283,0.15585403,0.15577888,0.15566449,0.15550785,0.15530601,0.15505609,0.15475509,0.15440004,0.15398805,0.15351614,0.15300387,0.15247391,0.15192814,0.15136828,0.1507963,0.15021391,0.14962298,0.14902541,0.1484229,0.14781739,0.14721063,0.14660451,0.14600079,0.14540136,0.14480802,0.1442226,0.14364694,0.14308284,0.14253214,0.14199671,0.14147833,0.14097887,0.1405001,0.14004391,0.13961208,0.13920645,0.13882886,0.13848116,0.13816512,0.13788259,0.13763545,0.1374255,0.13726564,0.13716571,0.13712274,0.13713375,0.1371959,0.13730611,0.13746151,0.13765918,0.13789609,0.13816936,0.13847601,0.13881311,0.13917771,0.13956685,0.1399776,0.14040701,0.14085217,0.14131004,0.14177774,0.14225236,0.14273086,0.14321038,0.1436879,0.14416054,0.1446253,0.14507927,0.1455195,0.14594303,0.14634691,0.14672817,0.14708397,0.14741123,0.14770411,0.14795977,0.14818008,0.1483669,0.14852203,0.14864725,0.14874448,0.14881547,0.1488621,0.14888619,0.14888953,0.14887398,0.14884138,0.14879355,0.14873227
0.15449451,0.15461051,0.15470807,0.15478429,0.15483625,0.15486099,0.15485565,0.1548173,0.15474303,0.15462993,0.1544751,0.15427561,0.15402852,0.15373096,0.15338004,0.15297277,0.15250629,0.15200019,0.15147711,0.15093888,0.15038715,0.1498238,0.1492505,0.14866899,0.14808108,0.14748849,0.14689295,0.14629628,0.14570016,0.14510639,0.14451674,0.14393288,0.14335664,0.14278977,0.14223397,0.14169107,0.14116272,0.1406508,0.14015695,0.139683,0.13923062,0.13880166,0.13839778,0.1380208,0.13767248,0.13735455,0.13706876,0.13681681,0.13660055,0.13643326,0.13632523,0.13627347,0.13627508,0.1363272,0.1364269,0.13657126,0.13675736,0.13698228,0.1372431,0.13753697,0.13786091,0.13821204,0.13858743,0.1389842,0.1393994,0.13983013,0.1402735,0.14072655,0.14118642,0.14165018,0.14211488,0.14257768,0.14303558,0.14348575,0.14392522,0.14435107,0.14476046,0.14515044,0.14551806,0.14586045,0.1461747,0.1464555,0.14670064,0.14691189,0.14709097,0.1472397,0.14735977,0.147453,0.14752108,0.14756578,0.14758883,0.14759207,0.14757714,0.14754589,0.14750002,0.14744128
0.15340307,0.15351753,0.1536138,0.15368901,0.15374026,0.15376472,0.15375943,0.15372157,0.15364832,0.1535367,0.1533839,0.15318704,0.15294321,0.15264958,0.15230331,0.15190144,0.15144114,0.15094198,0.15042658,0.1498966,0.14935379,0.14879973,0.1482362,0.1476648,0.14708722,0.14650518,0.14592034,0.14533441,0.144749,0.14416584,0.14358658,0.14301296,0.1424466,0.1418892,0.14134243,0.140808,0.14028755,0.13978282,0.13929541,0.13882706,0.13837942,0.13795418,0.13755299,0.13717762,0.13682964,0.1365108,0.13622274,0.13596721,0.1357458,0.13557218,0.13545704,0.13539745,0.13539056,0.13543344,0.1355233,0.13565724,0.13583232,0.13604577,0.13629462,0.13657609,0.13688724,0.13722518,0.13758712,0.1379701,0.13837129,0.1387878,0.13921675,0.13965534,0.14010058,0.1405497,0.14099972,0.14144784,0.1418912,0.14232688,0.142752,0.14316374,0.14355919,0.14393547,0.14428973,0.14461908,0.14492063,0.1451897,0.14542465,0.14562704,0.14579871,0.1459412,0.14605626,0.14614563,0.14621085,0.1462537,0.14627579,0.1462789,0.14626461,0.14623466,0.1461907,0.1461344
0.15227067,0.15238348,0.15247837,0.15255243,0.15260294,0.15262702,0.15262185,0.15258455,0.15251234,0.15240236,0.15225178,0.15205778,0.15181752,0.15152818,0.1511869,0.15079087,0.15033726,0.14984562,0.14933841,0.14881727,0.14828378,0.14773959,0.14718625,0.14662543,0.14605872,0.14548771,0.14491402,0.14433926,0.14376503,0.14319296,0.14262463,0.14206167,0.14150566,0.14095825,0.14042102,0.13989559,0.13938354,0.13888651,0.13840614,0.13794397,0.13750163,0.13708076,0.1366829,0.13630974,0.13596283,0.13564381,0.13535428,0.13509583,0.13487011,0.134691,0.1345695,0.13450274,0.13448788,0.13452211,0.13460262,0.13472658,0.13489108,0.13509338,0.13533059,0.13559991,0.13589847,0.13622352,0.1365721,0.13694151,0.13732882,0.13773122,0.13814592,0.13857006,0.1390008,0.13943532,0.13987082,0.14030439,0.14073324,0.14115453,0.14156546,0.14196315,0.1423448,0.14270759,0.14304864,0.14336516,0.1436543,0.14391191,0.14413685,0.14433065,0.14449497,0.1446314,0.14474161,0.1448271,0.14488958,0.1449306,0.14495176,0.14495471,0.14494105,0.14491236,0.14487028,0.14481638
0.15111487,0.15122592,0.15131935,0.15139233,0.15144205,0.15146574,0.15146063,0.15142393,0.15135284,0.15124454,0.15109627,0.15090528,0.15066871,0.15038382,0.15004781,0.14965789,0.14921126,0.14872743,0.1482287,0.14771669,0.14719285,0.14665878,0.14611597,0.14556599,0.14501041,0.1444507,0.14388844,0.14332512,0.14276233,0.1422016,0.14164446,0.14109242,0.14054708,0.14000992,0.13948253,0.13896637,0.13846305,0.1379741,0.13750099,0.13704535,0.13660866,0.13619249,0.13579834,0.13542779,0.13508235,0.13476357,0.13447298,0.13421209,0.13398251,0.13379835,0.13367087,0.13359731,0.13357487,0.13360077,0.13367222,0.1337864,0.13394056,0.13413192,0.13435766,0.134615,0.13490115,0.13521333,0.13554874,0.13590461,0.13627814,0.1366665,0.13706703,0.1374768,0.13789305,0.13831307,0.13873398,0.13915308,0.13956751,0.13997449,0.14037125,0.140755,0.14112294,0.14147231,0.14180028,0.14210409,0.14238095,0.14262725,0.1428423,0.1430276,0.14318469,0.14331517,0.14342052,0.14350225,0.14356199,0.14360121,0.14362144,0.14362428,0.1436112,0.14358379,0.14354354,0.143492
0.14995326,0.15006255,0.15015447,0.15022628,0.15027523,0.15029857,0.15029351,0.1502574,0.1501874,0.15008083,0.14993492,0.14974695,0.14951414,0.14923374,0.14890306,0.14851929,0.14807974,0.1476038,0.14711365,0.1466108,0.14609668,0.14557284,0.1450406,0.14450155,0.14395712,0.14340878,0.14285803,0.14230625,0.14175496,0.14120564,0.14065973,0.14011873,0.13958411,0.13905725,0.13853976,0.13803299,0.13753842,0.1370576,0.13659193,0.13614285,0.13571191,0.13530052,0.13491018,0.13454233,0.13419844,0.13387999,0.13358845,0.13332525,0.13309191,0.13290282,0.13276948,0.13268924,0.13265927,0.1326769,0.13273934,0.13284385,0.13298774,0.13316819,0.13338251,0.1336279,0.13390166,0.13420103,0.13452329,0.13486566,0.13522543,0.13559979,0.13598607,0.1363815,0.13678335,0.13718882,0.13759522,0.1379998,0.13839982,0.1387925,0.13917515,0.13954496,0.13989922,0.14023519,0.1405501,0.14084125,0.14110586,0.14134091,0.14154609,0.14172292,0.14187282,0.1419973,0.14209782,0.14217582,0.14223282,0.14227025,0.14228956,0.14229225,0.1422798,0.14225361,0.1422152,0.14216606
0.14880326,0.14891085,0.14900139,0.14907205,0.14912023,0.14914316,0.14913824,0.14910264,0.14903378,0.14892888,0.14878525,0.14860025,0.1483711,0.14809513,0.14776963,0.1473919,0.14695929,0.14649108,0.14600934,0.14551555,0.145011,0.14449719,0.14397544,0.14344715,0.14291377,0.14237666,0.14183722,0.14129686,0.14075695,0.14021891,0.13968413,0.13915399,0.13862993,0.13811328,0.13760552,0.13710794,0.13662206,0.13614917,0.13569075,0.13524811,0.13482274,0.13441597,0.1340292,0.13366391,0.13332136,0.13300307,0.13271034,0.13244459,0.13220729,0.13201301,0.13187362,0.13178651,0.13174884,0.13175805,0.13181135,0.13190609,0.13203955,0.132209,0.13241178,0.13264517,0.13290647,0.13319297,0.13350202,0.13383085,0.13417679,0.13453713,0.1349092,0.13529024,0.13567759,0.13606854,0.1364604,0.13685046,0.13723601,0.13761438,0.13798282,0.13833869,0.13867919,0.13900174,0.13930357,0.13958196,0.13983428,0.14005795,0.14025323,0.14042152,0.1405642,0.14068268,0.14077833,0.14085259,0.14090683,0.14094242,0.14096081,0.14096338,0.14095148,0.14092658,0.14089006,0.14084327
0.14768259,0.14778852,0.14787766,0.1479473,0.14799473,0.14801733,0.14801243,0.14797743,0.14790957,0.14780627,0.14766483,0.14748259,0.14725693,0.14698514,0.14666456,0.14629257,0.14586648,0.1454056,0.14493194,0.14444679,0.14395146,0.14344732,0.14293568,0.14241783,0.14189516,0.14136896,0.14084053,0.14031123,0.13978234,0.13925526,0.13873124,0.13821164,0.1376978,0.13719101,0.13669261,0.13620393,0.13572627,0.135261,0.13480939,0.13437282,0.13395256,0.13354996,0.13316634,0.13280307,0.13246141,0.13214271,0.13184828,0.13157946,0.1313376,0.13113753,0.13099162,0.13089712,0.13085137,0.13085173,0.13089557,0.13098018,0.13110295,0.13126116,0.13145219,0.13167337,0.13192204,0.13219555,0.1324912,0.13280638,0.1331384,0.13348463,0.13384235,0.13420896,0.13458179,0.13495818,0.13533542,0.13571088,0.13608195,0.1364459,0.13680008,0.13714187,0.13746858,0.13777754,0.13806611,0.13833164,0.13857144,0.13878357,0.13896881,0.13912843,0.13926376,0.13937612,0.13946685,0.13953726,0.13958871,0.13962246,0.13963993,0.13964236,0.13963109,0.13960746,0.1395728,0.13952845
0.14660868,0.14671317,0.14680104,0.14686969,0.14691645,0.14693874,0.14693393,0.14689939,0.14683251,0.14673066,0.1465912,0.14641146,0.14618897,0.14592096,0.14560486,0.14523804,0.1448179,0.14436373,0.14389749,0.14342041,0.14293376,0.14243872,0.14193663,0.14142871,0.14091615,0.14040034,0.13988234,0.13936359,0.13884524,0.13832855,0.13781476,0.13730517,0.13680097,0.13630347,0.13581388,0.13533346,0.13486347,0.13440512,0.13395973,0.13352852,0.1331127,0.1327136,0.13233241,0.13197039,0.13162883,0.1313089,0.13101193,0.13073912,0.13049178,0.13028508,0.13013175,0.13002911,0.12997457,0.12996548,0.12999928,0.1300733,0.13018486,0.13033146,0.13051035,0.130719,0.1309548,0.13121507,0.13149714,0.13179848,0.13211644,0.13244838,0.13279171,0.13314375,0.13350193,0.1338636,0.13422614,0.13458696,0.13494338,0.13529281,0.13563265,0.1359602,0.13627292,0.13656813,0.13684325,0.13709562,0.13732263,0.13752297,0.13769788,0.13784859,0.13797636,0.13808246,0.13816816,0.13823465,0.13828322,0.13831513,0.13833158,0.13833386,0.13832325,0.13830096,0.13826822,0.13822632
0.1455991,0.1457023,0.14578912,0.1458569,0.14590314,0.14592516,0.14592041,0.14588629,0.14582023,0.1457196,0.14558181,0.14540432,0.1451845,0.14491977,0.14460751,0.14424519,0.14383017,0.14338188,0.14292222,0.1424524,0.14197356,0.1414869,0.14099355,0.14049476,0.13999163,0.13948542,0.13897721,0.13846824,0.13795964,0.13745263,0.13694833,0.13644798,0.13595268,0.13546365,0.13498212,0.13450912,0.13404597,0.13359374,0.13315368,0.1327269,0.13231462,0.13191801,0.1315382,0.13117644,0.13083383,0.13051161,0.13021089,0.1299329,0.12967879,0.12946421,0.12930232,0.12919055,0.12912624,0.12910688,0.12912983,0.1291925,0.12929231,0.12942669,0.12959301,0.12978874,0.1300112,0.13025787,0.13052611,0.13081338,0.13111705,0.13143452,0.13176322,0.13210057,0.13244398,0.13279083,0.13313857,0.13348451,0.13382618,0.13416097,0.13448618,0.13479939,0.13509785,0.13537908,0.13564038,0.13587928,0.13609312,0.13628122,0.13644548,0.13658701,0.13670698,0.13680664,0.13688707,0.13694952,0.1369951,0.13702506,0.13704054,0.13704272,0.13703273,0.13701177,0.13698103,0.1369417
0.1446714,0.1447736,0.14485955,0.14492671,0.14497244,0.14499426,0.14498957,0.14495578,0.14489035,0.1447907,0.14465429,0.14447854,0.14426088,0.14399876,0.14368962,0.14333081,0.14291987,0.14247634,0.14202222,0.14155859,0.1410866,0.14060725,0.14012173,0.1396311,0.13913645,0.13863891,0.13813952,0.1376394,0.13713963,0.13664132,0.13614559,0.13565351,0.13516615,0.13468467,0.13421008,0.13374355,0.13328615,0.13283893,0.13240309,0.13197961,0.13156965,0.1311743,0.13079463,0.13043174,0.13008678,0.12976076,0.12945482,0.12917008,0.12890759,0.12868352,0.12851165,0.12838937,0.12831415,0.12828335,0.1282945,0.128345,0.12843224,0.12855372,0.12870681,0.12888902,0.12909772,0.12933035,0.12958439,0.12985723,0.13014634,0.1304491,0.130763,0.13108546,0.13141388,0.13174574,0.13207847,0.13240947,0.13273616,0.13305606,0.13336654,0.13366503,0.133949,0.13421586,0.13446304,0.13468799,0.13488813,0.13506353,0.13521667,0.13534862,0.1354605,0.13555339,0.1356284,0.13568662,0.13572915,0.13575709,0.13577148,0.13577351,0.13576418,0.13574468,0.13571602,0.13567932
0.14384313,0.14394464,0.14403002,0.14409667,0.14414215,0.1441638,0.14415912,0.14412557,0.1440606,0.14396164,0.14382614,0.14365162,0.14343545,0.1431751,0.14286804,0.14251171,0.14210358,0.14166348,0.1412136,0.1407549,0.14028849,0.13981533,0.1393364,0.1388528,0.13836545,0.13787544,0.1373837,0.1368913,0.13639924,0.13590854,0.13542019,0.13493523,0.13445464,0.13397945,0.13351066,0.13304928,0.13259637,0.13215287,0.13171986,0.13129827,0.13088919,0.1304936,0.13011247,0.12974691,0.12939785,0.12906632,0.12875336,0.12845996,0.12818713,0.12795167,0.12776804,0.12763366,0.12754604,0.12750252,0.12750065,0.12753788,0.12761158,0.12771931,0.12785842,0.12802644,0.12822077,0.12843889,0.12867825,0.12893632,0.12921049,0.12949826,0.12979709,0.1301044,0.13041764,0.1307343,0.13105181,0.1313676,0.13167918,0.13198395,0.13227934,0.13256288,0.13283198,0.13308406,0.13331664,0.1335271,0.13371295,0.133875,0.1340165,0.13413842,0.13424182,0.13432762,0.13439693,0.13445073,0.13449001,0.13451582,0.13452913,0.13453099,0.13452238,0.13450435,0.13447788,0.134444
0.1431319,0.14323303,0.14331812,0.14338458,0.14342989,0.14345147,0.14344682,0.14341338,0.14334862,0.14324999,0.14311494,0.14294094,0.14272545,0.14246595,0.1421599,0.14180474,0.14139792,0.14095965,0.14051248,0.14005725,0.13959497,0.13912655,0.13865285,0.13817486,0.13769348,0.13720964,0.13672423,0.13623825,0.13575256,0.13526809,0.13478582,0.13430655,0.13383137,0.13336106,0.1328966,0.13243893,0.13198897,0.13154763,0.13111585,0.13069452,0.1302846,0.129887,0.12950265,0.12913245,0.12877735,0.12843826,0.12811612,0.12781185,0.12752637,0.12727724,0.12707978,0.12693141,0.12682962,0.12677187,0.12675555,0.12677823,0.1268373,0.12693024,0.12705448,0.12720755,0.12738685,0.12758984,0.127814,0.12805678,0.12831567,0.12858808,0.12887152,0.1291634,0.12946123,0.12976244,0.13006449,0.13036487,0.130661,0.13095035,0.13123038,0.13149858,0.13175237,0.13198923,0.13220662,0.13240199,0.13257283,0.13272081,0.13285002,0.13296138,0.13305578,0.13313417,0.13319746,0.1332466,0.1332825,0.13330604,0.13331822,0.13331993,0.13331205,0.13329558,0.13327141,0.13324045
0.1425551,0.14265637,0.14274156,0.14280805,0.14285342,0.14287502,0.14287037,0.14283688,0.14277205,0.14267333,0.14253816,0.142364,0.14214833,0.14188854,0.14158218,0.14122668,0.14081945,0.14038125,0.13993502,0.13948156,0.13902177,0.13855638,0.13808633,0.13761239,0.1371354,0.1366562,0.13617559,0.13569446,0.13521361,0.13473384,0.13425599,0.13378093,0.13330951,0.13284248,0.13238075,0.13192506,0.13147634,0.13103537,0.13060297,0.13018,0.1297673,0.12936565,0.12897593,0.12859896,0.12823555,0.12788652,0.12755276,0.12723508,0.12693426,0.12666889,0.1264552,0.12629066,0.12617277,0.1260989,0.12606657,0.12607324,0.12611637,0.12619334,0.12630169,0.12643889,0.12660234,0.12678951,0.12699787,0.12722486,0.12746802,0.12772465,0.12799235,0.12826851,0.12855062,0.12883608,0.12912242,0.12940705,0.12968746,0.12996109,0.13022539,0.13047782,0.13071585,0.1309369,0.1311385,0.13131803,0.131473,0.13160612,0.13172235,0.13182247,0.1319074,0.13197789,0.13203482,0.132079,0.13211128,0.13213249,0.13214341,0.13214494,0.1321379,0.13212307,0.13210131,0.13207346
0.1421304,0.14223227,0.14231794,0.14238486,0.14243041,0.14245217,0.14244749,0.1424138,0.14234859,0.14224932,0.14211334,0.14193818,0.14172126,0.14146005,0.14115189,0.14079435,0.14038478,0.13994458,0.13949732,0.13904373,0.13858448,0.13812035,0.13765211,0.13718042,0.13670604,0.13622975,0.13575223,0.13527417,0.13479643,0.1343196,0.13384451,0.13337189,0.13290238,0.13243683,0.13197587,0.13152032,0.13107084,0.13062823,0.13019316,0.12976639,0.12934864,0.12894069,0.1285432,0.12815696,0.12778266,0.12742105,0.12707289,0.12673889,0.12641975,0.12613514,0.12590258,0.12571941,0.12558314,0.12549117,0.125441,0.12543,0.12545566,0.12551546,0.12560675,0.12572703,0.12587374,0.12604429,0.12623617,0.12644683,0.12667364,0.12691411,0.12716563,0.12742572,0.12769173,0.12796119,0.1282315,0.12850009,0.12876439,0.12902193,0.12927006,0.12950626,0.12972797,0.12993261,0.1301177,0.13028061,0.13041878,0.13053605,0.13063845,0.1307267,0.13080148,0.1308636,0.13091376,0.1309527,0.13098113,0.13099982,0.13100946,0.13101079,0.13100457,0.13099152,0.13097236,0.13094784
0.14187533,0.14197831,0.1420649,0.14213255,0.14217865,0.14220062,0.1421959,0.14216186,0.14209592,0.14199553,0.14185809,0.141681,0.1414617,0.14119756,0.14088605,0.14052455,0.1401105,0.13966605,0.13921554,0.13875958,0.13829885,0.13783392,0.13736545,0.13689405,0.13642034,0.13594496,0.13546854,0.1349917,0.13451509,0.1340393,0.13356496,0.13309273,0.13262321,0.13215703,0.13169481,0.13123721,0.13078481,0.13033828,0.1298982,0.12946527,0.12904003,0.12862317,0.1282153,0.12781702,0.127429,0.12705183,0.12668616,0.12633261,0.1259918,0.12568474,0.12543021,0.1252257,0.12506856,0.12495622,0.124886125,0.12485566,0.12486226,0.12490333,0.12497628,0.12507853,0.12520747,0.12536058,0.12553519,0.1257288,0.12593876,0.12616251,0.12639746,0.12664105,0.12689064,0.12714368,0.1273976,0.1276498,0.12789766,0.12813866,0.12837017,0.1285896,0.1287944,0.12898196,0.12914969,0.12929504,0.12941538,0.12951578,0.12960345,0.12967898,0.12974302,0.12979619,0.12983915,0.12987249,0.1298968,0.12991281,0.12992105,0.12992221,0.12991688,0.1299057,0.1298893,0.1298683
0.141721,0.14182532,0.14191304,0.14198156,0.14202824,0.14205052,0.14204569,0.14201124,0.14194445,0.14184278,0.14170353,0.1415242,0.14130208,0.14103457,0.14071903,0.14035293,0.13993353,0.13948396,0.1390293,0.13857009,0.13810685,0.13764012,0.13717043,0.13669829,0.13622423,0.13574874,0.13527241,0.13479573,0.13431919,0.13384336,0.13336878,0.13289596,0.13242535,0.13195759,0.13149315,0.13103254,0.13057633,0.13012499,0.12967907,0.12923913,0.1288056,0.12837914,0.12796015,0.12754922,0.12714684,0.12675358,0.12636995,0.12599641,0.1256336,0.12530378,0.1250272,0.124801226,0.12462326,0.12449067,0.124400854,0.1243512,0.12433908,0.12436186,0.12441693,0.1245017,0.12461347,0.12474973,0.124907784,0.12508509,0.12527893,0.12548675,0.12570588,0.12593378,0.12616777,0.12640527,0.12664364,0.12688026,0.12711248,0.12733777,0.12755343,0.1277569,0.1279455,0.12811664,0.12826775,0.12839611,0.12849921,0.12858325,0.1286566,0.12871982,0.12877345,0.12881798,0.1288539,0.12888181,0.12890217,0.12891556,0.12892249,0.12892345,0.12891898,0.1289096,0.12889588,0.12887833
0.1415863,0.14169173,0.14178047,0.14184973,0.14189693,0.14191942,0.14191459,0.14187974,0.14181222,0.14170939,0.14156868,0.14138728,0.14116274,0.14089225,0.14057325,0.14020304,0.13977903,0.13932498,0.13886668,0.13840464,0.13793926,0.13747095,0.1370002,0.1365274,0.13605301,0.13557747,0.13510117,0.1346246,0.13414817,0.13367237,0.13319753,0.13272414,0.13225265,0.13178349,0.13131708,0.13085388,0.13039428,0.12993874,0.12948774,0.12904166,0.12860097,0.12816602,0.12773739,0.12731539,0.12690052,0.12649319,0.12609388,0.12570295,0.12532087,0.124971196,0.124675326,0.12443064,0.1242345,0.12408425,0.123977214,0.1239108,0.12388231,0.12388914,0.1239286,0.123998076,0.1240949,0.12421643,0.12436005,0.12452304,0.12470284,0.12489671,0.12510212,0.12531634,0.12553667,0.12576057,0.12598538,0.1262084,0.12642701,0.12663855,0.12684041,0.12702988,0.12720437,0.12736121,0.12749775,0.12761134,0.12769935,0.12776908,0.12783,0.12788247,0.12792698,0.1279639,0.12799375,0.12801692,0.12803382,0.12804493,0.12805064,0.12805146,0.12804776,0.12804002,0.1280286,0.128014
0.14147024,0.14157666,0.14166619,0.1417361,0.14178377,0.14180648,0.14180158,0.1417664,0.14169827,0.14159448,0.14145239,0.14126936,0.14104263,0.14076959,0.1404476,0.14007391,0.13964589,0.13918796,0.13872658,0.13826206,0.1377948,0.13732517,0.13685349,0.13638012,0.13590546,0.13542986,0.13495362,0.13447714,0.13400082,0.13352492,0.13304992,0.13257608,0.13210383,0.13163348,0.13116536,0.13069989,0.13023742,0.12977833,0.12932286,0.12887152,0.1284246,0.12798241,0.12754542,0.12711391,0.12668824,0.12626882,0.12585595,0.12545003,0.1250514,0.12468459,0.12437211,0.1241113,0.123899475,0.12373399,0.12361213,0.123531274,0.12348871,0.12348177,0.12350778,0.12356412,0.123648025,0.123756886,0.12388802,0.12403877,0.12420643,0.12438832,0.12458182,0.12478422,0.12499284,0.12520504,0.12541813,0.12562944,0.1258363,0.126036,0.12622595,0.1264034,0.1265657,0.1267102,0.12683418,0.12693505,0.12701008,0.1270675,0.12711763,0.12716089,0.12719749,0.12722795,0.12725252,0.1272716,0.12728551,0.12729466,0.12729937,0.12730004,0.127297,0.12729056,0.1272812,0.1272692
0.14137177,0.14147907,0.1415693,0.1416398,0.14168784,0.14171073,0.14170581,0.1416703,0.14160164,0.14149703,0.14135382,0.14116935,0.14094082,0.14066565,0.14034109,0.13996443,0.13953303,0.13907182,0.1386078,0.13814117,0.13767232,0.13720158,0.13672909,0.13625526,0.13578038,0.13530467,0.13482851,0.13435213,0.13387586,0.13339996,0.13292478,0.13245057,0.13197762,0.13150623,0.13103671,0.13056937,0.13010442,0.12964223,0.12918308,0.12872724,0.12827505,0.12782674,0.12738265,0.12694308,0.1265083,0.12607856,0.12565427,0.12523559,0.1248229,0.124441594,0.124115035,0.12384055,0.12361543,0.12343704,0.123302594,0.12320949,0.123155,0.12313639,0.123151004,0.123196155,0.12326914,0.12336726,0.12348782,0.12362815,0.123785526,0.12395727,0.12414069,0.12433309,0.124531776,0.124734,0.12493719,0.12513855,0.12533544,0.12552512,0.12570496,0.12587222,0.12602423,0.12615824,0.12627164,0.12636165,0.12642567,0.12647267,0.12651372,0.12654908,0.12657905,0.12660396,0.12662406,0.12663965,0.12665105,0.12665854,0.12666237,0.12666294,0.12666047,0.1266552,0.12664752,0.12663768
0.14129008,0.14139804,0.14148887,0.14155981,0.14160813,0.14163122,0.14162624,0.14159052,0.14152141,0.14141612,0.141272,0.14108627,0.1408563,0.1405793,0.14025262,0.13987352,0.13943928,0.13897534,0.13850912,0.1380408,0.13757066,0.1370989,0.1366258,0.13615158,0.13567647,0.13520074,0.13472462,0.13424835,0.1337721,0.1332962,0.13282087,0.13234633,0.13187285,0.13140061,0.1309299,0.13046095,0.12999398,0.12952928,0.12906699,0.12860745,0.12815088,0.12769748,0.12724753,0.12680122,0.12635885,0.12592061,0.12548675,0.12505753,0.12463318,0.12423981,0.12390155,0.12361571,0.123379596,0.123190455,0.123045586,0.1229423,0.122877866,0.12284958,0.122854754,0.12289066,0.122954525,0.12304371,0.12315552,0.1232872,0.123436034,0.12359933,0.123774394,0.12395848,0.124148875,0.124342926,0.12453782,0.12473094,0.12491957,0.12510094,0.1252724,0.12543117,0.12557456,0.12569992,0.12580447,0.12588553,0.1259404,0.12597874,0.12601222,0.12604105,0.12606551,0.1260858,0.12610221,0.12611492,0.12612423,0.12613033,0.12613349,0.12613393,0.1261319,0.12612763,0.12612136,0.12611333
0.14122406,0.1413326,0.14142393,0.14149524,0.14154384,0.14156699,0.141562,0.14152612,0.14145662,0.1413508,0.14120588,0.14101921,0.14078802,0.14050958,0.14018121,0.1398001,0.1393636,0.1388975,0.13842948,0.13795975,0.13748854,0.13701601,0.13654241,0.13606788,0.13559261,0.13511685,0.13464074,0.1341645,0.13368833,0.13321243,0.13273698,0.13226217,0.13178822,0.1313153,0.13084365,0.13037342,0.1299048,0.12943804,0.1289733,0.12851074,0.12805063,0.12759311,0.12713839,0.12668666,0.12623815,0.12579304,0.12535152,0.12491376,0.124479994,0.12407688,0.12372919,0.12343418,0.123189144,0.12299134,0.12283807,0.122726575,0.12265412,0.12261802,0.12261553,0.122643925,0.12270048,0.1227825,0.122887194,0.12301188,0.12315382,0.12331032,0.12347861,0.123655975,0.123839736,0.124027096,0.12421538,0.12440183,0.124583766,0.12475844,0.12492308,0.12507501,0.12521152,0.12532985,0.1254273,0.1255011,0.12554859,0.12557992,0.12560728,0.12563087,0.12565084,0.12566742,0.12568086,0.12569125,0.12569885,0.12570383,0.12570642,0.12570676,0.1257051,0.12570164,0.12569651,0.12568994
0.14117286,0.14128181,0.14137349,0.14144512,0.14149389,0.14151716,0.14151216,0.14147612,0.14140634,0.14130008,0.14115462,0.14096718,0.14073506,0.14045545,0.14012574,0.13974313,0.13930488,0.13883705,0.13836765,0.13789687,0.13742483,0.13695171,0.1364777,0.1360029,0.13552749,0.13505171,0.13457562,0.13409944,0.13362332,0.13314742,0.13267185,0.13219684,0.13172257,0.13124914,0.13077669,0.13030548,0.12983559,0.12936723,0.12890053,0.12843569,0.12797281,0.1275121,0.12705371,0.12659779,0.12614451,0.12569405,0.12524652,0.124802165,0.1243611,0.12395042,0.123595424,0.123293296,0.12304134,0.12283681,0.122677,0.1225591,0.122480445,0.12243829,0.12242988,0.12245247,0.122503325,0.12257974,0.12267894,0.1227982,0.12293479,0.12308601,0.123249054,0.12342122,0.123599775,0.123782,0.12396509,0.1241464,0.124323115,0.124492556,0.124652,0.1247986,0.12492971,0.12504262,0.12513451,0.12520272,0.12524447,0.12527037,0.125293,0.12531246,0.125329,0.12534274,0.1253538,0.1253624,0.12536865,0.12537281,0.12537494,0.12537524,0.12537387,0.125371,0.12536676,0.1253613
0.14113545,0.14124475,0.14133668,0.14140849,0.14145745,0.14148077,0.1414757,0.14143959,0.14136961,0.14126305,0.14111714,0.14092913,0.14069633,0.14041597,0.14008527,0.13970152,0.13926196,0.1387929,0.13832249,0.13785093,0.13737826,0.1369047,0.1364304,0.13595542,0.13547996,0.13500413,0.1345281,0.13405193,0.13357584,0.13309991,0.13262427,0.13214913,0.1316746,0.13120078,0.13072781,0.13025586,0.12978506,0.12931551,0.12884739,0.12838084,0.12791596,0.12745292,0.12699185,0.12653287,0.12607609,0.12562174,0.12516987,0.12472067,0.12427424,0.123858064,0.12349769,0.12319039,0.12293338,0.12272394,0.122559346,0.122436784,0.12235361,0.12230701,0.12229424,0.122312605,0.1223593,0.122431636,0.12252682,0.12264214,0.12277481,0.12292214,0.12308137,0.12324974,0.123424515,0.12360294,0.12378231,0.12395981,0.12413276,0.124298394,0.124453954,0.12459669,0.1247239,0.12483283,0.12492069,0.12498478,0.12502232,0.12504427,0.12506342,0.12507993,0.12509392,0.12510556,0.12511492,0.1251222,0.12512755,0.12513103,0.12513284,0.12513308,0.1251319,0.12512949,0.12512587,0.12512131
0.14111088,0.14122038,0.14131251,0.14138445,0.1414335,0.14145686,0.14145182,0.14141561,0.14134547,0.14123872,0.14109254,0.1409042,0.14067096,0.14039002,0.14005868,0.13967419,0.1392338,0.13876389,0.13829283,0.13782074,0.13734771,0.13687386,0.13639934,0.13592426,0.13544875,0.13497287,0.13449684,0.13402072,0.13354462,0.1330687,0.13259305,0.13211781,0.1316431,0.13116899,0.13069573,0.13022329,0.12975186,0.12928157,0.12881252,0.12834483,0.12787865,0.12741408,0.1269512,0.1264902,0.12603119,0.12557428,0.12511952,0.12466715,0.12421721,0.12379741,0.12343354,0.123122804,0.12286248,0.122649826,0.12248207,0.12235648,0.12227031,0.1222208,0.12220519,0.12222076,0.122264735,0.122334376,0.12242692,0.122539625,0.12266977,0.12281456,0.12297126,0.12313715,0.12330945,0.12348538,0.12366226,0.123837285,0.12400776,0.12417086,0.12432389,0.12446411,0.124588765,0.124695055,0.124780275,0.12484166,0.12487646,0.1248958,0.12491269,0.12492723,0.12493957,0.12494981,0.12495806,0.12496449,0.12496917,0.12497226,0.124973856,0.12497407,0.12497305,0.12497088,0.12496773,0.12496367
0.14109819,0.1412078,0.14130004,0.14137205,0.14142115,0.14144453,0.14143947,0.14140324,0.14133303,0.14122614,0.14107984,0.1408913,0.14065783,0.1403766,0.14004494,0.13966009,0.13921924,0.13874893,0.13827753,0.13780515,0.13733193,0.13685793,0.13638332,0.13590817,0.13543263,0.13495679,0.13448071,0.1340046,0.13352853,0.13305262,0.13257691,0.13210166,0.13162684,0.13115261,0.13067913,0.13020647,0.12973472,0.12926403,0.12879449,0.12832624,0.12785937,0.12739398,0.12693024,0.12646818,0.126008,0.12554973,0.12509353,0.1246395,0.12418776,0.12376611,0.1234004,0.1230879,0.12282587,0.122611545,0.12244219,0.12231503,0.12222732,0.122176304,0.12215921,0.12217332,0.1222159,0.122284174,0.12237533,0.122486725,0.12261553,0.12275897,0.12291443,0.12307902,0.12325001,0.12342467,0.123600274,0.12377404,0.12394319,0.12410502,0.12425676,0.12439566,0.12451896,0.12462393,0.124707766,0.12476774,0.124801144,0.124819145,0.12483485,0.124848366,0.12485986,0.1248694,0.12487708,0.12488303,0.1248874,0.12489028,0.12489177,0.124891944,0.12489101,0.124889,0.12488606,0.124882296
0.1410964,0.14120604,0.14129831,0.14137033,0.14141941,0.14144282,0.14143777,0.14140151,0.14133132,0.14122443,0.14107805,0.14088951,0.14065596,0.14037473,0.14004302,0.13965811,0.13921723,0.13874683,0.13827538,0.13780299,0.13732973,0.13685574,0.13638109,0.1359059,0.13543038,0.1349545,0.13447846,0.13400237,0.13352627,0.13305035,0.13257468,0.13209938,0.13162455,0.13115034,0.13067684,0.13020413,0.12973233,0.12926163,0.12879199,0.12832366,0.12785667,0.1273912,0.12692733,0.12646514,0.12600476,0.12554632,0.1250899,0.12463567,0.12418366,0.12376174,0.12339577,0.12308305,0.122820795,0.12260624,0.12243662,0.12230923,0.1222213,0.122170076,0.12215281,0.12216676,0.12220911,0.12227716,0.12236817,0.12247936,0.12260796,0.12275126,0.12290651,0.123070896,0.12324174,0.12341623,0.12359165,0.123765215,0.12393422,0.12409587,0.12424744,0.12438615,0.12450925,0.12461402,0.12469766,0.124757476,0.12479066,0.12480849,0.124824,0.1248374,0.124848746,0.12485821,0.1248658,0.12487171,0.12487603,0.12487884,0.12488031,0.124880545,0.124879606,0.12487761,0.124874696,0.12487096
0.14110462,0.14121419,0.14130637,0.14137833,0.14142738,0.14145076,0.14144573,0.1414095,0.14133936,0.1412325,0.14108625,0.14089781,0.14066444,0.14038338,0.14005189,0.13966723,0.13922662,0.1387565,0.1382853,0.13781302,0.13733992,0.136866,0.13639145,0.13591632,0.1354408,0.13496491,0.13448888,0.13401276,0.13353667,0.13306075,0.1325851,0.13210982,0.13163507,0.13116091,0.13068752,0.13021497,0.12974338,0.1292729,0.12880364,0.12833565,0.12786913,0.12740414,0.12694085,0.12647934,0.12601975,0.12556215,0.12510669,0.12465351,0.12420267,0.12378195,0.123417184,0.12310557,0.12284441,0.122630924,0.12246238,0.122336015,0.12224909,0.12219883,0.12218248,0.12219732,0.12224062,0.12230958,0.12240146,0.122513525,0.122643,0.12278713,0.12294319,0.12310845,0.12328008,0.12345543,0.12363168,0.12380608,0.12397589,0.12413837,0.124290764,0.12443032,0.12455431,0.12465993,0.12474447,0.12480518,0.12483929,0.12485796,0.12487426,0.12488832,0.124900214,0.1249101,0.12491809,0.12492429,0.124928825,0.124931775,0.124933325,0.12493352,0.12493254,0.12493046,0.12492742,0.124923505
0.14112179,0.1412312,0.14132322,0.14139512,0.14144412,0.1414675,0.14146246,0.1414263,0.14135621,0.14124954,0.14110348,0.14091527,0.14068224,0.14040154,0.14007048,0.13968633,0.1392463,0.13877678,0.13830604,0.13783413,0.13736129,0.13688758,0.13641316,0.13593812,0.13546263,0.13498677,0.13451073,0.13403457,0.13355848,0.13308255,0.13260691,0.13213173,0.13165711,0.13118313,0.13070996,0.13023774,0.12976663,0.12929665,0.12882803,0.12836084,0.12789524,0.12743135,0.12696928,0.12650917,0.12605116,0.12559535,0.12514189,0.12469095,0.12424256,0.123824365,0.12346204,0.123152815,0.12289399,0.122682765,0.12251642,0.1223922,0.122307345,0.1222591,0.12224479,0.12226157,0.12230677,0.12237759,0.12247133,0.12258518,0.12271646,0.12286238,0.12302019,0.12318717,0.12336057,0.12353763,0.12371562,0.12389175,0.12406331,0.124227546,0.12438169,0.12452305,0.12464882,0.12475628,0.124842666,0.12490526,0.12494129,0.12496177,0.124979675,0.124995105,0.12500817,0.12501903,0.12502779,0.1250346,0.12503956,0.1250428,0.12504451,0.12504473,0.12504366,0.12504135,0.12503803,0.12503372
0.14114697,0.14125621,0.14134805,0.14141978,0.14146873,0.14149202,0.14148699,0.14145088,0.141381,0.14127448,0.14112872,0.1409409,0.1407083,0.14042816,0.14009777,0.13971438,0.13927522,0.13880654,0.13833643,0.13786511,0.13739264,0.13691927,0.13644502,0.13597009,0.13549465,0.13501884,0.13454278,0.13406663,0.1335905,0.13311455,0.13263898,0.1321639,0.13168941,0.13121572,0.13074292,0.1302712,0.12980066,0.12933151,0.12886381,0.12839776,0.12793355,0.12747121,0.12701094,0.12655294,0.12609725,0.12564409,0.12519355,0.124745846,0.124301076,0.123886585,0.123527884,0.12322219,0.12296674,0.12275883,0.12259569,0.122474596,0.12239281,0.12234758,0.12233616,0.12235584,0.12240381,0.122477375,0.12257384,0.12269034,0.12282425,0.12297279,0.123133175,0.12330273,0.12347866,0.123658285,0.123838775,0.12401745,0.12419162,0.124358386,0.12451514,0.124659106,0.12478751,0.12489763,0.124986745,0.12505212,0.12509097,0.12511414,0.12513435,0.1251518,0.12516657,0.12517884,0.12518875,0.12519644,0.12520206,0.12520573,0.12520765,0.12520792,0.12520668,0.12520409,0.1252003,0.12519546
0.14117926,0.14128822,0.14137982,0.14145137,0.14150016,0.1415234,0.14151838,0.14148235,0.14141265,0.14130646,0.14116102,0.14097369,0.14074169,0.14046226,0.14013268,0.13975029,0.13931224,0.13884462,0.1383754,0.13790473,0.13743281,0.13695978,0.13648577,0.13601103,0.13553567,0.13505983,0.13458377,0.13410759,0.13363145,0.13315555,0.13268003,0.13220505,0.13173078,0.13125741,0.13078511,0.13031399,0.12984428,0.12937611,0.12890966,0.12844509,0.12798256,0.12752225,0.12706432,0.12660894,0.12615627,0.12570646,0.1252597,0.12481618,0.12437599,0.12396631,0.12361217,0.12331095,0.12305988,0.12285618,0.122697175,0.12258011,0.12250222,0.12246081,0.12245313,0.122476466,0.12252804,0.12260515,0.12270505,0.12282499,0.122962266,0.12311411,0.12327783,0.12345067,0.12362987,0.12381273,0.123996474,0.12417842,0.12435581,0.124525905,0.12468596,0.12483326,0.12496507,0.12507862,0.12517121,0.12524013,0.1252826,0.1253092,0.1253324,0.1253524,0.12536934,0.12538344,0.1253948,0.12540366,0.1254101,0.12541431,0.12541649,0.1254168,0.1254154,0.12541243,0.12540811,0.12540254
