0.11518692,0.115274064,0.11534734,0.11540458,0.11544357,0.11546216,0.11545816,0.11542936,0.11537358,0.11528864,0.115172364,0.115022555,0.11483697,0.11461352,0.114349954,0.11404409,0.11369377,0.11323227,0.112605676,0.11183113,0.11092566,0.10990634,0.10879026,0.107594505,0.10633614,0.10503222,0.10369988,0.10235612,0.10101806,0.09970277,0.09842734,0.09720882,0.09606428,0.09501082,0.09406551,0.093245395,0.0925676,0.092049174,0.09170716,0.09155871,0.09162084,0.09191065,0.0924452,0.09324159,0.09431686,0.09568811,0.09737241,0.09938683,0.101748474,0.10431235,0.10692071,0.109571375,0.11226212,0.11499076,0.11775515,0.12055309,0.12338235,0.12624079,0.1291262,0.13203642,0.13496922,0.13792242,0.14089385,0.14388134,0.14688267,0.14989568,0.15291816,0.15594794,0.15898283,0.1620206,0.1650591,0.16809618,0.17112958,0.17415716,0.17717674,0.1801861,0.18318304,0.18616544,0.18913105,0.1920777,0.19500323,0.19773813,0.20012586,0.20218346,0.203928,0.20537657,0.20654622,0.20745409,0.20811717,0.2085526,0.20877744,0.20880874,0.20866358,0.20835905,0.20791225,0.20734023
0.115046404,0.11513368,0.11520709,0.11526443,0.11530347,0.115322106,0.11531808,0.11528924,0.1152334,0.1151483,0.1150318,0.11488174,0.11469586,0.11447201,0.114208,0.11390164,0.1135507,0.11308815,0.112459786,0.11168272,0.11077416,0.10975125,0.10863114,0.10743099,0.10616792,0.104859106,0.10352171,0.10217288,0.10082979,0.09950954,0.09822931,0.09700627,0.095857576,0.094800346,0.09385178,0.09302901,0.09234915,0.09182943,0.09148694,0.091338865,0.09140235,0.09169456,0.09223263,0.09303372,0.094115004,0.09549361,0.09718669,0.09921141,0.101584926,0.10416157,0.10678275,0.10944629,0.11214998,0.114891686,0.11766915,0.12048024,0.123322695,0.1261944,0.12909311,0.13201664,0.13496284,0.13792947,0.14091435,0.1439153,0.14693014,0.14995664,0.15299267,0.15603599,0.1590844,0.16213575,0.16518784,0.16823846,0.17128544,0.17432655,0.17735964,0.18038252,0.18339296,0.18638879,0.18936785,0.19232793,0.1952668,0.19801423,0.20041288,0.20247991,0.20423244,0.20568764,0.20686266,0.2077747,0.2084408,0.20887822,0.20910409,0.20913553,0.20898974,0.2086838,0.20823494,0.2076603
0.11492823,0.11501565,0.11508915,0.115146555,0.11518569,0.11520434,0.11520029,0.115171425,0.115115486,0.11503026,0.114913605,0.11476331,0.114577174,0.114353016,0.1140886,0.11378177,0.113430366,0.112966925,0.112337045,0.1115579,0.110646784,0.10962085,0.10849733,0.10729346,0.10602644,0.10471352,0.1033719,0.10201877,0.10067142,0.099346995,0.09806277,0.09683595,0.09568373,0.094623365,0.09367204,0.092847005,0.09216545,0.09164462,0.09130173,0.091153964,0.09121862,0.091512814,0.09205386,0.092858925,0.09394524,0.095330015,0.09703049,0.09906387,0.10144739,0.10403473,0.10666671,0.10934108,0.11205572,0.114808366,0.11759685,0.12041898,0.12327255,0.12615539,0.12906529,0.13200004,0.13495748,0.13793537,0.14093158,0.14394388,0.14697005,0.15000793,0.15305531,0.15611002,0.15916985,0.16223261,0.16529608,0.16835812,0.17141648,0.17446902,0.17751347,0.1805477,0.18356948,0.18657668,0.18956701,0.19253832,0.19548845,0.19824642,0.2006543,0.20272921,0.20448849,0.20594925,0.20712878,0.2080443,0.208713,0.20915207,0.20937881,0.20941038,0.20926401,0.2089569,0.20850636,0.20792948
0.11483594,0.11492343,0.11499701,0.11505448,0.11509365,0.11511232,0.115108304,0.115079366,0.11502338,0.114938095,0.114821255,0.11467081,0.11448447,0.11426005,0.113995366,0.11368819,0.11333637,0.11287226,0.112241186,0.11146043,0.11054728,0.109518945,0.10839279,0.10718604,0.105915934,0.104599774,0.10325487,0.10189841,0.100547716,0.099220075,0.09793271,0.09670292,0.09554794,0.09448512,0.093531646,0.09270485,0.092021964,0.09150028,0.091157034,0.09100955,0.09107507,0.09137087,0.09191422,0.092722364,0.09381263,0.095202245,0.096908495,0.098948635,0.10133995,0.10393568,0.10657607,0.109258935,0.11198207,0.11474324,0.11754035,0.12037113,0.12323336,0.1261249,0.12904353,0.13198708,0.13495329,0.13794,0.14094505,0.14396618,0.14700122,0.15004797,0.15310426,0.15616786,0.15923661,0.16230825,0.16538066,0.16845158,0.17151886,0.17458026,0.17763361,0.18067673,0.18370737,0.1867234,0.18972255,0.1927027,0.1956616,0.1984278,0.20084283,0.20292395,0.20468847,0.2061536,0.20733666,0.2082549,0.20892559,0.209366,0.20959339,0.20962507,0.20947823,0.20917022,0.20871831,0.20813975
0.11477304,0.114860564,0.114934236,0.11499173,0.115030944,0.11504963,0.1150456,0.11501668,0.1149606,0.114875235,0.11475833,0.11460778,0.114421286,0.114196695,0.1139318,0.11362441,0.1132723,0.112807736,0.11217584,0.111393996,0.11047945,0.10944955,0.108321555,0.10711283,0.10584063,0.10452229,0.103175096,0.10181638,0.10046343,0.09913356,0.09784406,0.09661224,0.09545543,0.09439089,0.093435965,0.09260797,0.09192415,0.091401905,0.09105845,0.090911135,0.09097726,0.091274135,0.091819055,0.09262932,0.09372226,0.095115155,0.09682535,0.09887009,0.101266734,0.10386817,0.106514305,0.109202944,0.11193187,0.11469893,0.11750186,0.120338514,0.12320667,0.12610412,0.12902872,0.13197823,0.13495043,0.13794316,0.1409542,0.14398138,0.14702249,0.15007527,0.15313764,0.1562073,0.15928207,0.16235983,0.1654383,0.16851528,0.17158863,0.17465612,0.1777155,0.18076463,0.18380135,0.18682338,0.18982856,0.19281472,0.19577958,0.1985514,0.20097136,0.2030567,0.20482478,0.2062929,0.20747833,0.20839843,0.20907049,0.20951177,0.20973961,0.20977136,0.20962425,0.20931563,0.2088628,0.20828305
0.11474301,0.114830606,0.11490428,0.114961825,0.11500105,0.11501976,0.11501572,0.11498675,0.11493068,0.114845276,0.11472837,0.114577726,0.11439117,0.11416649,0.11390151,0.113594,0.113241784,0.11277696,0.11214471,0.11136232,0.11044713,0.10941645,0.10828762,0.107077904,0.10580475,0.10448535,0.10313708,0.10177728,0.100423254,0.09909231,0.0978018,0.09656902,0.09541131,0.09434599,0.09339038,0.092561804,0.091877565,0.09135501,0.091011465,0.09086421,0.09093063,0.091228,0.09177368,0.09258497,0.09367919,0.09507365,0.0967857,0.09883266,0.101231836,0.103836,0.10648484,0.10917623,0.11190795,0.11467779,0.11748352,0.12032294,0.12319393,0.12609424,0.12902166,0.13197403,0.13494907,0.13794467,0.14095858,0.14398862,0.14703259,0.15008828,0.15315352,0.1562261,0.15930377,0.1623844,0.16546576,0.16854563,0.17162186,0.17469221,0.17775452,0.18080658,0.18384613,0.18687104,0.18987907,0.19286811,0.19583584,0.19861034,0.20103256,0.20311995,0.20488973,0.20635927,0.20754585,0.20846683,0.20913953,0.20958126,0.20980935,0.2098411,0.20969383,0.20938493,0.20893168,0.20835136
0.114749484,0.11483707,0.11491076,0.11496829,0.1150075,0.115026206,0.11502216,0.114993215,0.114937134,0.11485175,0.11473483,0.11458422,0.11439769,0.114172995,0.11390804,0.11360057,0.11324836,0.112783626,0.11215143,0.11136915,0.1104541,0.109423585,0.108294934,0.10708544,0.10581248,0.10449332,0.103145294,0.10178572,0.10043191,0.09910121,0.097810924,0.09657834,0.09542082,0.09435566,0.09340021,0.09257176,0.0918876,0.09136513,0.0910216,0.09087435,0.090940714,0.09123796,0.09178347,0.09259453,0.09368847,0.09508261,0.09679426,0.09884073,0.10123937,0.103842944,0.10649122,0.109182,0.111913115,0.114682324,0.11748745,0.12032631,0.12319669,0.12609638,0.12902321,0.1319749,0.13494936,0.13794433,0.14095764,0.14398707,0.1470304,0.15008548,0.1531501,0.15622203,0.1592991,0.16237912,0.16545983,0.16853909,0.17161469,0.17468444,0.17774613,0.18079753,0.18383648,0.18686078,0.1898682,0.19285658,0.19582371,0.19859761,0.20101939,0.2031063,0.20487571,0.20634495,0.20753129,0.20845206,0.20912461,0.20956627,0.2097943,0.20982604,0.20967883,0.20936999,0.2089168,0.20833664
0.114795946,0.11488348,0.1149571,0.115014605,0.11505382,0.115072474,0.11506846,0.1150395,0.114983484,0.114898145,0.11478127,0.114630744,0.11444433,0.11421981,0.113954976,0.11364765,0.11329567,0.11283125,0.11219966,0.11141822,0.110504165,0.10947485,0.10834752,0.107139505,0.10586809,0.104550526,0.1032042,0.10184628,0.10049416,0.0991651,0.097876355,0.09664528,0.09548915,0.09442523,0.09347085,0.09264328,0.0919598,0.09143776,0.091094404,0.09094701,0.091012925,0.09130939,0.091853715,0.092663236,0.09375519,0.09514691,0.096855655,0.098898716,0.10129342,0.10389278,0.10653682,0.10922336,0.11195016,0.114715084,0.11751587,0.12035038,0.123216406,0.1261117,0.12903412,0.13198145,0.13495146,0.13794203,0.14095086,0.14397582,0.14701472,0.15006533,0.15312548,0.15619291,0.15926552,0.16234106,0.1654173,0.16849205,0.1715632,0.17462847,0.17768563,0.18073262,0.1837671,0.18678693,0.18978994,0.19277386,0.19573657,0.19850636,0.2009245,0.20300832,0.20477507,0.20624213,0.20742667,0.20834611,0.20901763,0.20945862,0.20968632,0.20971805,0.20957105,0.20926264,0.20881014,0.20823081
0.114885904,0.11497335,0.11504688,0.11510434,0.11514348,0.11516215,0.11515811,0.11512921,0.11507323,0.11498799,0.114871256,0.11472088,0.11453466,0.11431038,0.114045836,0.11373887,0.11338726,0.11292351,0.11229309,0.1115132,0.11060115,0.10957413,0.108449385,0.10724419,0.105975784,0.10466137,0.10331822,0.101963595,0.10061469,0.09928879,0.09800315,0.09677495,0.09562148,0.09455996,0.093607664,0.0927818,0.09209964,0.09157842,0.09123538,0.09108774,0.09115279,0.09144773,0.091989815,0.0927963,0.093884416,0.09527141,0.09697454,0.09901102,0.10139811,0.10398931,0.10662513,0.10930342,0.11202193,0.11477851,0.117570944,0.12039701,0.1232546,0.1261414,0.1290553,0.13199407,0.13495556,0.13793749,0.14093775,0.14395407,0.14698435,0.15002629,0.15307778,0.15613656,0.15920047,0.1622673,0.16533485,0.16840099,0.17146344,0.17452002,0.17756855,0.18060687,0.18363272,0.18664393,0.18963836,0.1926137,0.19556786,0.19832958,0.20074074,0.2028185,0.2045802,0.20604299,0.20722413,0.20814086,0.20881046,0.20925017,0.20947719,0.20950882,0.20936227,0.20905477,0.20860356,0.20802589
0.11502289,0.11511019,0.11518361,0.11524096,0.11528004,0.115298666,0.115294665,0.115265824,0.115209915,0.11512479,0.115008295,0.11485816,0.114672236,0.114448324,0.11418423,0.11387779,0.11352675,0.113064006,0.112435326,0.111657895,0.11074882,0.1097253,0.10860451,0.10740361,0.106139764,0.104830146,0.103491895,0.10214221,0.10079826,0.0994772,0.09819618,0.0969724,0.09582298,0.09476514,0.09381601,0.092992775,0.092312604,0.091792636,0.09145009,0.09130207,0.09136579,0.09165838,0.09219706,0.092998944,0.09408121,0.095461056,0.0971556,0.099182054,0.10155755,0.104136325,0.10675965,0.109425366,0.11213124,0.1148751,0.117654786,0.120468035,0.123312734,0.12618664,0.12908755,0.13201334,0.13496175,0.13793063,0.14091778,0.14392102,0.14693809,0.14996685,0.15300515,0.15605073,0.15910143,0.16215505,0.1652094,0.16826229,0.1713115,0.1743549,0.17739028,0.18041538,0.18342811,0.18642618,0.18940748,0.19236977,0.1953109,0.19806041,0.20046094,0.20252952,0.2042834,0.20573968,0.20691563,0.20782833,0.20849496,0.20893274,0.20915875,0.20919022,0.20904431,0.20873816,0.20828895,0.2077139
0.115210466,0.11529756,0.1153708,0.11542802,0.11546701,0.11548561,0.11548161,0.11545279,0.11539704,0.11531213,0.115195885,0.115046114,0.11486059,0.1146372,0.11437371,0.11406794,0.11371773,0.11325637,0.11263011,0.111855954,0.11095099,0.10993228,0.1088169,0.107621886,0.10636429,0.10506119,0.10372967,0.10238677,0.10104958,0.09973512,0.09846048,0.09724271,0.09609887,0.09504603,0.09410126,0.09328163,0.09260417,0.09208594,0.09174404,0.0915955,0.09165742,0.09194681,0.09248078,0.09327637,0.09435064,0.09572067,0.0974035,0.0994162,0.10177584,0.104337595,0.10694381,0.109592296,0.112280875,0.11500733,0.11776955,0.12056527,0.12339233,0.12624855,0.12913173,0.13203971,0.13497025,0.13792124,0.14089045,0.14387564,0.14687476,0.14988548,0.1529057,0.1559332,0.1589658,0.16200134,0.16503757,0.16807237,0.17110352,0.17412883,0.17714612,0.18015322,0.18314794,0.18612805,0.18909143,0.19203584,0.1949591,0.1976919,0.2000778,0.20213382,0.20387705,0.20532449,0.20649327,0.20740044,0.20806302,0.2084981,0.20872274,0.20875402,0.20860898,0.20830472,0.20785826,0.20728666
0.11545211,0.115538955,0.11561198,0.11566904,0.11570791,0.11572645,0.11572246,0.11569375,0.11563816,0.11555347,0.11543756,0.115288235,0.11510327,0.11488054,0.114617825,0.114312954,0.11396378,0.11350422,0.11288104,0.112111166,0.11121148,0.11019896,0.10909053,0.10790307,0.10665356,0.10535892,0.10403605,0.1027019,0.101373374,0.10006744,0.098801,0.097591,0.09645433,0.09540795,0.094468795,0.09365376,0.09297978,0.09246383,0.09212277,0.09197357,0.09203314,0.09231843,0.09284633,0.0936338,0.09469779,0.096055165,0.09772289,0.09971789,0.10205708,0.10459692,0.10718107,0.10980739,0.11247367,0.11517773,0.11791742,0.120690525,0.12349489,0.12632833,0.12918866,0.13207366,0.13498124,0.13790913,0.14085521,0.14381725,0.14679313,0.14978063,0.15277757,0.15578178,0.15879107,0.16180328,0.16481623,0.1678277,0.17083554,0.17383756,0.17683157,0.17981549,0.18278697,0.18574396,0.18868421,0.19160557,0.19450584,0.19721715,0.19958423,0.20162402,0.20335352,0.20478955,0.2059491,0.2068491,0.20750646,0.20793813,0.20816103,0.20819205,0.20804816,0.20774628,0.2073033,0.20673624
0.11575138,0.11583789,0.11591068,0.11596752,0.11600624,0.116024725,0.11602075,0.11599215,0.115936734,0.1158524,0.1157369,0.1155881,0.11540382,0.1151819,0.11492017,0.11461642,0.114268504,0.11381119,0.11319182,0.11242722,0.11153408,0.11052923,0.1094294,0.10825133,0.10701181,0.10572761,0.10441546,0.103092134,0.101774395,0.10047901,0.099222735,0.09802233,0.09689454,0.09585617,0.09492394,0.09411463,0.09344499,0.0929318,0.09259181,0.092441775,0.09249847,0.09277864,0.09329906,0.09407649,0.09512769,0.09646941,0.098118424,0.1000915,0.102405384,0.10491806,0.10747491,0.110073775,0.11271244,0.11538877,0.11810058,0.12084568,0.123621926,0.12642711,0.12925911,0.13211575,0.1349948,0.13789415,0.14081158,0.14374493,0.14669205,0.14965075,0.15261889,0.15559426,0.15857469,0.16155803,0.16454206,0.16752467,0.17050365,0.17347686,0.17644209,0.17939717,0.18233994,0.18526824,0.18817987,0.1910727,0.19394451,0.19662914,0.19897293,0.20099267,0.2027051,0.20412704,0.20527516,0.20616633,0.20681724,0.20724462,0.2074653,0.20749606,0.20735358,0.20705469,0.20661609,0.20605457
0.116111815,0.11619796,0.11627039,0.11632698,0.116365544,0.11638393,0.11637996,0.116351485,0.11629634,0.11621237,0.11609739,0.11594925,0.1157658,0.11554486,0.115284264,0.11498186,0.114635475,0.114180826,0.1135661,0.112807825,0.11192262,0.11092699,0.10983751,0.108670756,0.107443266,0.10617164,0.10487239,0.10356211,0.10225735,0.10097466,0.09973062,0.09854177,0.0974247,0.096395954,0.09547209,0.094669655,0.09400524,0.093495406,0.09315667,0.09300566,0.09305887,0.09333289,0.09384429,0.09460961,0.095645435,0.09696829,0.09859478,0.10054145,0.102824844,0.10530484,0.10782879,0.11039456,0.113,0.1156429,0.11832112,0.121032506,0.1237749,0.1265461,0.12934399,0.13216637,0.13501114,0.13787605,0.14075902,0.14365786,0.14657035,0.14949438,0.1524278,0.15536842,0.15831408,0.16126263,0.16421191,0.16715975,0.17010397,0.17304243,0.17597295,0.17889337,0.18180157,0.18469533,0.18757252,0.19043098,0.19326851,0.19592097,0.19823672,0.20023228,0.20192426,0.20332918,0.20446356,0.20534404,0.20598714,0.20640947,0.20662749,0.20665784,0.20651707,0.20622174,0.2057884,0.20523365
0.1165369,0.116622604,0.11669465,0.11675096,0.1167893,0.11680759,0.11680366,0.11677533,0.11672048,0.11663694,0.116522565,0.11637521,0.116192706,0.11597292,0.11571369,0.115412876,0.11506831,0.114616826,0.114007525,0.11325676,0.11238084,0.11139611,0.110318854,0.10916543,0.10795214,0.10669533,0.105411306,0.104116395,0.102826945,0.101559274,0.10032965,0.09915445,0.09805,0.09703261,0.0961186,0.09532429,0.09466602,0.094160125,0.09382293,0.0936707,0.09371981,0.0939866,0.09448735,0.0952384,0.096256085,0.09755672,0.09915664,0.10107214,0.10331958,0.10576101,0.10824618,0.11077293,0.11333913,0.11594264,0.11858126,0.12125286,0.12395533,0.12668644,0.12944409,0.13222617,0.1350304,0.13785477,0.14069705,0.1435551,0.14642678,0.14930996,0.1522024,0.15510206,0.15800671,0.16091427,0.16382252,0.16672932,0.16963258,0.17253006,0.17541967,0.17829925,0.1811666,0.18401964,0.1868562,0.18967406,0.19247118,0.19508575,0.19736843,0.19933549,0.20100327,0.20238811,0.20350629,0.20437421,0.20500813,0.20542438,0.20563932,0.20566925,0.20553048,0.20523936,0.20481223,0.20426539
0.1170302,0.11711539,0.117187,0.11724294,0.11728108,0.11729925,0.11729534,0.117267184,0.11721265,0.11712963,0.11701594,0.11686948,0.11668812,0.116469674,0.116212025,0.115913056,0.11557059,0.115122765,0.1145198,0.11377773,0.11291261,0.111940496,0.11087743,0.10973947,0.108542666,0.10730306,0.10603671,0.104759656,0.10348794,0.10223763,0.10102477,0.09986543,0.0987756,0.09777141,0.09686883,0.09608397,0.09543285,0.09493153,0.09459606,0.09444246,0.09448682,0.094745174,0.095233575,0.09596807,0.09696471,0.09823955,0.09980861,0.10168798,0.1038937,0.106290355,0.108730525,0.11121201,0.1137327,0.11629045,0.11888312,0.121508576,0.12416467,0.1268493,0.12956029,0.13229549,0.13505277,0.13783005,0.14062515,0.14343591,0.14626019,0.14909591,0.15194088,0.15479296,0.15765002,0.16051,0.16337064,0.16622981,0.16908552,0.17193545,0.17477758,0.17760973,0.18042976,0.18323553,0.1860249,0.18879576,0.19154593,0.19411656,0.1963608,0.19829479,0.1999345,0.20129609,0.20239547,0.20324875,0.20387201,0.20428129,0.20449261,0.20452204,0.20438561,0.2040994,0.20367943,0.20314176
0.117595226,0.11767981,0.11775093,0.11780648,0.11784433,0.11786239,0.117858484,0.117830545,0.117776394,0.11769395,0.117581084,0.117435664,0.11725556,0.117038645,0.116782814,0.116485946,0.11614591,0.11570228,0.11510654,0.11437444,0.11352169,0.11256405,0.111517236,0.110396996,0.10921906,0.10799916,0.10675303,0.10549642,0.10424505,0.10301468,0.10182099,0.100679785,0.099606745,0.09861763,0.09772817,0.0969541,0.09631115,0.09581508,0.0954816,0.09532644,0.095365345,0.095614076,0.09608832,0.096803844,0.09777638,0.09902166,0.100555405,0.102393374,0.104551286,0.10689671,0.109285295,0.111714944,0.1141835,0.11668886,0.1192289,0.12180149,0.1244045,0.12703584,0.12969334,0.13237491,0.13507842,0.13780175,0.14054276,0.14329936,0.14606938,0.14885075,0.1516413,0.15443894,0.1572415,0.16004692,0.16285306,0.16565776,0.16845892,0.17125443,0.17404215,0.17681997,0.17958575,0.18233739,0.18507273,0.18778971,0.19048613,0.19300638,0.19520667,0.19710277,0.19871035,0.20004523,0.20112309,0.20195967,0.2025707,0.20297198,0.20317915,0.203208,0.20307423,0.20279364,0.2023819,0.2018548
0.11817682,0.11826094,0.11833167,0.11838692,0.11842458,0.118442535,0.11843867,0.11841085,0.118357,0.11827502,0.11816275,0.11801812,0.11783899,0.11762326,0.11736883,0.11707356,0.11673537,0.11629535,0.11570631,0.11498365,0.1141428,0.11319916,0.11216817,0.11106523,0.10990577,0.10870518,0.10747894,0.10624236,0.105010964,0.10380012,0.10262522,0.10150173,0.10044504,0.099470586,0.09859375,0.09782998,0.09719469,0.09670329,0.09637119,0.09621381,0.09624657,0.09648489,0.09694418,0.09763986,0.098587364,0.09980207,0.10129943,0.10309482,0.10520372,0.10749664,0.10983252,0.11220921,0.114624605,0.1170766,0.11956309,0.12208195,0.124631085,0.12720835,0.1298117,0.13243893,0.13508801,0.13775678,0.14044316,0.14314505,0.14586024,0.14858678,0.15132238,0.15406512,0.1568127,0.15956312,0.16231427,0.16506396,0.16781019,0.17055073,0.17328355,0.17600654,0.17871757,0.1814145,0.18409523,0.1867577,0.18939973,0.19186898,0.19402476,0.19588247,0.19745754,0.19876541,0.19982144,0.2006411,0.2012398,0.2016329,0.2018359,0.20186417,0.20173311,0.20145816,0.20105477,0.20053832
0.11872007,0.11880407,0.118874714,0.11892987,0.118967466,0.11898539,0.11898154,0.11895377,0.118900016,0.11881812,0.118706025,0.11856162,0.11838274,0.118167326,0.11791325,0.11761843,0.11728073,0.11684271,0.11625846,0.11554307,0.114711694,0.113779455,0.112761475,0.111672886,0.11052884,0.10934442,0.10813481,0.1069151,0.10570045,0.10450596,0.10334678,0.10223802,0.10119483,0.10023233,0.09936565,0.098609924,0.09798027,0.097491816,0.09715973,0.096999094,0.09702506,0.09725274,0.0976973,0.09837383,0.099297486,0.10048337,0.10194666,0.10370244,0.10576584,0.108010255,0.11029755,0.112625584,0.1149923,0.11739554,0.11983323,0.12230325,0.12480349,0.12733182,0.12988617,0.13246442,0.13506447,0.13768417,0.14032143,0.1429742,0.1456403,0.14831768,0.15100412,0.15369764,0.15639608,0.1590973,0.16179927,0.16449979,0.16719681,0.16988823,0.17257185,0.17524572,0.17790762,0.18055543,0.18318707,0.18580046,0.18839346,0.19081673,0.19293234,0.19475545,0.1963012,0.1975847,0.19862108,0.19942543,0.20001301,0.20039879,0.20059799,0.20062575,0.20049714,0.20022732,0.19983143,0.19932462
0.11922899,0.11931315,0.11938393,0.11943923,0.11947691,0.11949487,0.11949099,0.11946318,0.119409285,0.11932723,0.11921491,0.119070165,0.11889092,0.11867503,0.11842043,0.11812496,0.11778654,0.117349096,0.116767906,0.116057836,0.11523379,0.11431059,0.11330311,0.11222623,0.11109484,0.109923795,0.10872796,0.10752223,0.10632144,0.10514046,0.10399423,0.10289752,0.10186526,0.10091232,0.10005354,0.09930383,0.09867803,0.09819101,0.09785767,0.09769286,0.09771143,0.09792829,0.098358296,0.09901629,0.099917196,0.101075836,0.10250711,0.104225874,0.106247,0.10844647,0.11068887,0.11297213,0.11529415,0.11765279,0.12004592,0.12247147,0.124927305,0.12741129,0.12992133,0.13245533,0.13501118,0.13758674,0.1401799,0.14278856,0.14541063,0.14804395,0.15068638,0.1533359,0.15599036,0.1586476,0.16130559,0.16396214,0.16661514,0.16926257,0.17190222,0.17453201,0.17714983,0.17975356,0.18234111,0.18491033,0.18745913,0.18984082,0.19192022,0.19371212,0.19523136,0.1964929,0.19751151,0.1983021,0.19887957,0.19925876,0.19945456,0.19948182,0.19935542,0.19909024,0.19870113,0.19820297
0.119707495,0.1197921,0.11986326,0.119918846,0.11995673,0.119974785,0.119970895,0.11994291,0.119888745,0.11980625,0.119693324,0.119547814,0.119367614,0.119150594,0.11889463,0.11859761,0.11825738,0.11781923,0.11723962,0.11653314,0.115714446,0.1147982,0.113799,0.11273154,0.11161036,0.11045017,0.10926561,0.10807127,0.106881805,0.10571187,0.10457607,0.10348907,0.10246549,0.10151996,0.10066713,0.09992162,0.0992981,0.09881116,0.09847546,0.09830565,0.09831634,0.09852218,0.0989378,0.09957783,0.100456916,0.10158969,0.1029908,0.104674876,0.10665654,0.10881416,0.11101502,0.11325693,0.11553778,0.117855445,0.1202078,0.12259273,0.12500812,0.12745182,0.1299217,0.13241571,0.13493161,0.13746738,0.14002083,0.14258984,0.14517233,0.14776616,0.15036915,0.15297925,0.15559432,0.15821217,0.16083077,0.16344798,0.16606161,0.16866957,0.17126976,0.17386003,0.17643827,0.17900236,0.18155013,0.1840795,0.18658835,0.18893257,0.19097914,0.19274278,0.19423805,0.19547968,0.19648227,0.19726038,0.19782878,0.198202,0.19839467,0.19842154,0.19829713,0.19803612,0.19765311,0.1971628
0.12015955,0.12024485,0.12031658,0.120372616,0.12041078,0.12042899,0.120425075,0.120396875,0.12034229,0.12025911,0.12014529,0.11999859,0.11981695,0.11959818,0.11934018,0.11904075,0.11869781,0.11825785,0.117678456,0.11697409,0.116159126,0.11524801,0.11425518,0.11319505,0.112082,0.11093051,0.10975498,0.10856983,0.10738948,0.10622837,0.10510091,0.10402154,0.10300466,0.10206471,0.1012161,0.10047325,0.0998506,0.09936256,0.09902357,0.09884803,0.09885039,0.09904504,0.09944643,0.10006897,0.10092709,0.102035195,0.103407755,0.105059125,0.107003786,0.109122366,0.11128448,0.11348799,0.11573077,0.11801065,0.12032551,0.12267322,0.12505157,0.12745853,0.12989186,0.13234946,0.1348292,0.13732894,0.1398465,0.14237976,0.1449266,0.14748484,0.15005235,0.15262702,0.15520665,0.1577892,0.1603724,0.16295424,0.16553244,0.16810496,0.17066963,0.17322432,0.17576689,0.17829514,0.180807,0.1833003,0.18577288,0.18808298,0.19009982,0.19183777,0.19331133,0.19453487,0.19552281,0.1962897,0.19684978,0.19721757,0.19740747,0.19743392,0.1973113,0.19705412,0.19667672,0.19619355
0.120589145,0.12067531,0.12074779,0.1208044,0.12084296,0.12086136,0.12085742,0.12082891,0.12077373,0.120689765,0.120574735,0.12042654,0.12024304,0.12002203,0.11976135,0.11945883,0.119112365,0.118669644,0.11808939,0.11738585,0.1165732,0.11566567,0.114677556,0.113623016,0.112516314,0.11137167,0.11020332,0.10902546,0.107852355,0.10669822,0.105577305,0.10450378,0.10349194,0.102555975,0.10171013,0.10096863,0.100345686,0.09985554,0.09951245,0.099330574,0.09932422,0.099507555,0.09989483,0.1005003,0.10133815,0.102422625,0.10376795,0.10538835,0.10729809,0.109379925,0.111505754,0.11367341,0.11588073,0.11812553,0.12040568,0.122718975,0.1250633,0.12743643,0.1298363,0.13226064,0.13470735,0.13717425,0.13965921,0.14215997,0.14467447,0.14720048,0.1497359,0.15227853,0.1548262,0.15737674,0.159928,0.1624778,0.16502404,0.16756451,0.17009702,0.1726194,0.17512958,0.17762533,0.18010451,0.18256491,0.18500441,0.18728334,0.18927294,0.19098747,0.19244117,0.19364817,0.19462284,0.19537935,0.19593187,0.19629468,0.19648202,0.19650811,0.19638717,0.19613342,0.19576113,0.19528446
0.12100025,0.12108745,0.12116082,0.121218085,0.121257156,0.121275745,0.12127171,0.121242896,0.12118708,0.121102035,0.120985664,0.12083568,0.12064995,0.12042627,0.12016244,0.11985629,0.119505644,0.11905939,0.11847737,0.117773555,0.11696206,0.11605689,0.115072116,0.11402176,0.11291991,0.111780584,0.11061785,0.10944576,0.10827835,0.10712967,0.10601376,0.1049447,0.103936486,0.103003226,0.10215894,0.101417676,0.10079349,0.10030042,0.09995252,0.099763855,0.09974845,0.099920355,0.10029363,0.100882344,0.101700515,0.102762185,0.104081415,0.105672285,0.1075488,0.10959583,0.11168736,0.11382122,0.11599523,0.11820719,0.12045489,0.1227362,0.12504885,0.1273907,0.12975954,0.13215321,0.1345695,0.13700624,0.13946117,0.14193223,0.14441712,0.14691368,0.14941975,0.1519331,0.15445156,0.15697293,0.15949507,0.16201569,0.1645327,0.16704386,0.16954702,0.17203993,0.17452042,0.17698638,0.17943549,0.18186565,0.18427464,0.18652481,0.18848932,0.19018224,0.19161752,0.19280936,0.1937717,0.19451867,0.19506422,0.19542247,0.19560742,0.19563322,0.19551378,0.19526324,0.19489564,0.194425
0.1213968,0.1214852,0.12155949,0.121617556,0.121657126,0.121676,0.121671945,0.121642694,0.12158613,0.121499985,0.12138201,0.12123006,0.12104184,0.12081514,0.12054778,0.12023755,0.11988219,0.11943183,0.11884726,0.1181424,0.11733113,0.11642729,0.11544479,0.11439753,0.11329937,0.112164184,0.11100586,0.10983829,0.10867535,0.10753092,0.10641886,0.1053531,0.10434749,0.10341587,0.10257221,0.101830326,0.10120412,0.10070747,0.100354284,0.10015839,0.1001337,0.100294106,0.10065346,0.10122568,0.102024615,0.103064165,0.10435818,0.105920605,0.10776525,0.10977897,0.11183779,0.11393951,0.116081886,0.11826273,0.120479815,0.12273095,0.12501383,0.12732632,0.12966615,0.13203116,0.13441908,0.13682769,0.13925485,0.14169823,0.14415567,0.14662492,0.1491038,0.15159011,0.15408157,0.156576,0.15907115,0.1615648,0.16405483,0.16653888,0.1690148,0.17148037,0.17393339,0.17637157,0.17879279,0.18119477,0.18357529,0.1857986,0.18773966,0.18941234,0.19083056,0.19200815,0.19295901,0.19369704,0.19423608,0.19459005,0.19477281,0.19479828,0.1946803,0.19443274,0.1940695,0.19360447
0.121782795,0.12187244,0.121947795,0.12200669,0.12204683,0.122065954,0.12206184,0.1220322,0.12197481,0.12188743,0.1217678,0.12161365,0.121422745,0.12119283,0.12092167,0.12060701,0.120246574,0.11979162,0.11920402,0.11849749,0.117685765,0.11678257,0.11580158,0.11475658,0.113661274,0.11252936,0.11137458,0.11021062,0.10905128,0.10791021,0.106801175,0.105737865,0.10473404,0.103803374,0.10295964,0.10221651,0.10158775,0.10108705,0.10072816,0.100524776,0.10049062,0.10063945,0.100984946,0.10154087,0.102320895,0.10333881,0.104608275,0.106143035,0.10795681,0.10993829,0.11196552,0.11403628,0.116148286,0.118299305,0.120487064,0.12270934,0.124963865,0.1272484,0.12956068,0.13189846,0.13425949,0.13664155,0.13904236,0.14145966,0.14389122,0.14633477,0.14878806,0.15124886,0.15371494,0.156184,0.15865381,0.16112211,0.16358665,0.16604523,0.1684955,0.17093532,0.17336237,0.1757744,0.17816922,0.18054453,0.18289806,0.18509589,0.1870147,0.18866822,0.19007017,0.19123426,0.19217424,0.19290382,0.1934367,0.1937866,0.19396725,0.19399242,0.19387577,0.19363107,0.19327201,0.19281232
0.12216217,0.12225311,0.12232963,0.12238937,0.1224301,0.12244951,0.12244532,0.122415245,0.12235702,0.12226835,0.122146964,0.12199054,0.12179682,0.1215635,0.12128837,0.12096909,0.12060334,0.120143555,0.11955256,0.118843995,0.118031405,0.11712836,0.11614845,0.1151052,0.11401219,0.11288301,0.11173119,0.11057035,0.10941403,0.108275786,0.10716922,0.106107876,0.10510532,0.104175135,0.10333089,0.102586135,0.101954475,0.10144944,0.1010846,0.10087355,0.10082984,0.10096703,0.101298735,0.10183848,0.10259981,0.10359635,0.10484166,0.10634928,0.10813277,0.11008274,0.11207912,0.11411964,0.11620203,0.11832401,0.120483264,0.12267754,0.12490457,0.12716202,0.12944764,0.13175912,0.13409424,0.13645065,0.13882607,0.14121823,0.1436249,0.14604372,0.14847246,0.15090875,0.15335038,0.1557951,0.15824056,0.1606845,0.16312462,0.16555865,0.16798432,0.17039935,0.1728014,0.17518826,0.1775576,0.17990719,0.18223463,0.18440787,0.1863052,0.18794018,0.1893264,0.19047748,0.19140692,0.1921283,0.19265519,0.19300124,0.19317985,0.19320472,0.19308943,0.19284746,0.19249241,0.19203784
0.12253891,0.12263119,0.122708805,0.12276945,0.12281077,0.12283047,0.122826226,0.12279573,0.12273663,0.122646675,0.12252347,0.12236474,0.12216816,0.12193145,0.12165222,0.12132821,0.120957084,0.12049232,0.11989782,0.11918707,0.11837346,0.117470406,0.11649132,0.11544961,0.114358716,0.11323205,0.112082995,0.110925004,0.10977148,0.10863588,0.10753156,0.10647198,0.10547051,0.10454064,0.103695706,0.10294918,0.102314435,0.10180494,0.10143409,0.101215295,0.10116197,0.10128752,0.10160541,0.10212901,0.10287175,0.10384708,0.10506834,0.106549025,0.10830252,0.11022121,0.11218701,0.11419762,0.11625073,0.11834396,0.12047507,0.122641675,0.12484152,0.12707226,0.12933156,0.13161714,0.13392667,0.13625783,0.13860826,0.14097567,0.14335784,0.1457523,0.14815682,0.15056905,0.1529867,0.15540746,0.15782896,0.16024894,0.16266502,0.16507497,0.16747639,0.169867,0.17224446,0.1746065,0.17695078,0.17927496,0.18157676,0.18372573,0.18560182,0.18721856,0.18858933,0.18972754,0.1906466,0.19135995,0.19188097,0.1922231,0.19239974,0.19242436,0.1923103,0.19207105,0.19171995,0.19127049
0.12291696,0.1230106,0.12308932,0.12315083,0.12319275,0.12321272,0.1232084,0.12317748,0.12311755,0.12302624,0.12290126,0.122740276,0.12254088,0.12230074,0.12201749,0.121688806,0.121312335,0.120842636,0.12024473,0.11953187,0.11871733,0.11781433,0.116836175,0.11579611,0.11470743,0.11358339,0.1124372,0.1112822,0.110131636,0.10899871,0.107896745,0.106839016,0.10583876,0.104909256,0.10406373,0.10331551,0.102677785,0.10216391,0.10178706,0.10156055,0.10149764,0.10161157,0.10191566,0.10242309,0.10314718,0.1041012,0.10529839,0.10675203,0.10847537,0.11036267,0.11229776,0.1142783,0.11630193,0.11836631,0.12046906,0.12260784,0.12478035,0.1269842,0.12921698,0.13147649,0.13376024,0.13606596,0.1383912,0.14073373,0.14309114,0.14546108,0.14784122,0.15022914,0.15262258,0.15501918,0.15741652,0.15981233,0.16220419,0.1645898,0.1669668,0.1693328,0.17168552,0.17402256,0.17634156,0.17864019,0.18091612,0.18304062,0.18489543,0.18649374,0.18784891,0.18897417,0.18988277,0.190588,0.1911031,0.19144136,0.19161598,0.19164029,0.19152756,0.19129102,0.19094393,0.19049957
0.123300314,0.12339522,0.123475015,0.12353738,0.123579875,0.12360014,0.12359577,0.12356437,0.123503625,0.12341109,0.123284414,0.123121195,0.122919045,0.122675605,0.12238851,0.12205532,0.12167367,0.12119931,0.120598204,0.11988352,0.11906838,0.11816581,0.117189,0.11615098,0.11506494,0.11394394,0.1128011,0.1116495,0.110502265,0.10937253,0.10827335,0.10721787,0.106219225,0.10529044,0.104444705,0.10369506,0.10305466,0.102536604,0.10215396,0.10191988,0.10184746,0.10194983,0.102240026,0.102731235,0.10343653,0.10436901,0.10554178,0.10696798,0.1086607,0.11051603,0.11241985,0.114369705,0.116363265,0.11839812,0.12047192,0.122582205,0.124726675,0.1269029,0.12910853,0.13134116,0.13359839,0.13587788,0.1381772,0.140494,0.14282593,0.14517054,0.14752547,0.14988835,0.1522568,0.15462841,0.15700082,0.15937166,0.16173851,0.164099,0.16645074,0.1687914,0.17111853,0.17342979,0.1757228,0.17799513,0.18024442,0.18234378,0.18417664,0.18575607,0.18709522,0.18820716,0.189105,0.18980187,0.1903109,0.1906451,0.1908177,0.19084172,0.1907303,0.19049655,0.1901536,0.18971448
0.123692885,0.12378902,0.12386986,0.12393299,0.12397601,0.12399652,0.12399211,0.12396033,0.12389879,0.123805106,0.12367681,0.123511516,0.12330682,0.1230603,0.122769564,0.122432135,0.122045666,0.12156698,0.120963186,0.12024723,0.119432025,0.118530534,0.11755572,0.11652048,0.115437806,0.11432062,0.11318183,0.11203446,0.11089136,0.10976555,0.10866991,0.10761743,0.10662104,0.10569367,0.104848266,0.1040978,0.10345518,0.10293335,0.102545254,0.10230386,0.1022221,0.10231291,0.10258925,0.10306402,0.103750214,0.104660735,0.10580855,0.10720658,0.1088678,0.11069025,0.11256176,0.11447995,0.11644233,0.118446544,0.120490216,0.12257082,0.12468606,0.12683345,0.12901059,0.13121511,0.13344453,0.13569649,0.13796856,0.14025831,0.14256336,0.14488125,0.14720961,0.14954603,0.15188804,0.15423332,0.15657938,0.15892382,0.16126424,0.16359825,0.16592337,0.16823727,0.1705375,0.17282161,0.17508726,0.17733195,0.17955336,0.18162636,0.18343621,0.18499587,0.18631819,0.18741615,0.18830276,0.18899089,0.1894935,0.18982355,0.18999398,0.19001772,0.18990767,0.18967685,0.18933818,0.1889046
0.12409871,0.124195896,0.124277666,0.1243415,0.124385014,0.124405764,0.12440129,0.12436916,0.12430694,0.12421216,0.12408244,0.12391528,0.12370825,0.12345897,0.12316493,0.12282369,0.12243284,0.121950425,0.12134458,0.12062809,0.119813696,0.11891419,0.11794231,0.11691088,0.11583262,0.11472033,0.11358675,0.11244464,0.11130681,0.110186,0.109094985,0.108046524,0.10705338,0.10612832,0.10528417,0.10453361,0.10388945,0.10336446,0.10297141,0.10272305,0.10263217,0.10271153,0.10297386,0.10343199,0.10409866,0.104986645,0.10610869,0.10747757,0.10910605,0.11089425,0.11273203,0.11461702,0.11654672,0.11851873,0.12053057,0.12257989,0.12466411,0.12678091,0.12892781,0.13110232,0.13330211,0.13552462,0.13776752,0.14002828,0.14230448,0.14459373,0.14689353,0.1492015,0.15151513,0.153832,0.15614972,0.1584658,0.1607778,0.16308331,0.16537988,0.16766503,0.16993639,0.17219147,0.17442782,0.17664303,0.17883465,0.18087964,0.18266498,0.18420348,0.18550791,0.18659103,0.18746561,0.18814443,0.18864022,0.18896581,0.18913388,0.18915729,0.1890488,0.18882109,0.18848704,0.18805932
0.12452169,0.124619834,0.124702364,0.12476685,0.12481077,0.12483172,0.1248272,0.12479475,0.124731936,0.124636255,0.12450527,0.124336496,0.1241275,0.123875804,0.12357891,0.12323442,0.122839816,0.12235435,0.1217473,0.121031255,0.12021875,0.11932239,0.11835477,0.11732842,0.116255976,0.115149975,0.11402302,0.11288766,0.111756526,0.11064213,0.1095571,0.108514,0.10752539,0.1066039,0.10576206,0.10501244,0.10436766,0.10384027,0.10344285,0.103188,0.10308829,0.10315627,0.103404574,0.103845716,0.10449232,0.105356954,0.1064522,0.10779063,0.10938479,0.11113693,0.11293914,0.114788994,0.11668401,0.11862172,0.120599695,0.12261544,0.1246665,0.12675038,0.12886466,0.13100687,0.13317455,0.13536519,0.13757639,0.13980566,0.1420505,0.1443085,0.14657721,0.1488541,0.15113674,0.15342267,0.15570939,0.15799451,0.1602755,0.16254991,0.16481529,0.1670692,0.16930914,0.17153266,0.17373729,0.17592055,0.17808,0.18009464,0.18185355,0.18336923,0.18465436,0.18572143,0.18658306,0.1872518,0.1877403,0.18806101,0.18822663,0.18824968,0.18814278,0.18791842,0.18758933,0.18716794
0.124965824,0.1250647,0.12514791,0.12521283,0.1252571,0.12527817,0.12527366,0.12524097,0.12517768,0.12508126,0.124949284,0.12477924,0.12456863,0.12431499,0.12401587,0.12366873,0.12327111,0.12278353,0.12217631,0.12146189,0.12065259,0.11976084,0.118799016,0.1177794,0.11671445,0.11561646,0.1144979,0.11337108,0.112248376,0.11114218,0.11006485,0.10902874,0.10804626,0.10712975,0.106291614,0.1055442,0.104899906,0.10437105,0.10397004,0.10370926,0.1036011,0.103657834,0.10389195,0.10431577,0.10494162,0.10578196,0.10684912,0.10815547,0.109713346,0.11142725,0.11319161,0.11500396,0.1168618,0.1187627,0.12070416,0.12268365,0.124698736,0.12674694,0.12882574,0.13093269,0.13306527,0.13522103,0.1373975,0.13959213,0.14180252,0.14402615,0.14626051,0.14850315,0.15075164,0.15300336,0.15525593,0.15750685,0.15975367,0.16199382,0.1642249,0.16644439,0.16864978,0.17083867,0.17300849,0.1751568,0.17728113,0.17926271,0.18099272,0.18248357,0.18374756,0.18479714,0.1856446,0.1863024,0.18678282,0.18709832,0.18726122,0.18728392,0.18717875,0.18695812,0.18663438,0.18621992
0.12543507,0.12553449,0.1256181,0.12568341,0.12572794,0.12574916,0.12574457,0.1257117,0.12564807,0.12555113,0.12541842,0.12524748,0.12503576,0.12478076,0.12448003,0.124131046,0.12373131,0.1232426,0.122636504,0.12192515,0.121120684,0.12023525,0.11928099,0.118270054,0.11721459,0.11612677,0.11501863,0.113902465,0.11279031,0.11169435,0.11062676,0.10959962,0.108625114,0.10771539,0.10688257,0.10613884,0.105496325,0.10496714,0.10456347,0.10429743,0.10418118,0.10422687,0.10444665,0.10485265,0.10545702,0.106271885,0.10730943,0.1085818,0.1101011,0.11177411,0.113497905,0.11526994,0.117087714,0.11894876,0.12085058,0.12279065,0.124766506,0.12677564,0.12881553,0.13088372,0.13297772,0.13509499,0.13723308,0.13938943,0.14156164,0.14374714,0.14594343,0.14814803,0.15035851,0.15257229,0.1547869,0.15699983,0.15920866,0.16141076,0.16360374,0.16578507,0.16795228,0.17010283,0.17223424,0.17434405,0.1764297,0.17837495,0.18007326,0.18153672,0.18277755,0.18380785,0.18463983,0.18528554,0.18575718,0.18606688,0.1862268,0.18624903,0.18614581,0.1859292,0.18561143,0.18520455
0.12593342,0.1260331,0.12611693,0.12618242,0.12622707,0.12624833,0.12624374,0.12621078,0.12614696,0.1260498,0.12591672,0.1257453,0.12553298,0.1252773,0.12497575,0.12462577,0.124224946,0.12373638,0.12313284,0.12242622,0.12162837,0.12075124,0.11980672,0.11880668,0.117763035,0.11668768,0.11559249,0.11448938,0.113390215,0.11230691,0.11125137,0.110235475,0.10927114,0.10837022,0.107544646,0.1068063,0.106167056,0.10563884,0.10523352,0.10496301,0.10483922,0.10487402,0.105079286,0.10546696,0.10604892,0.10683703,0.107843205,0.10907934,0.110557325,0.112186484,0.113866575,0.115595005,0.11736931,0.11918701,0.12104559,0.122942545,0.12487535,0.12684153,0.12883861,0.13086402,0.13291529,0.13498992,0.13708541,0.13919924,0.14132896,0.14347197,0.14562586,0.1477881,0.14995618,0.15212758,0.1542998,0.15647036,0.15863676,0.1607965,0.16294701,0.16508591,0.1672106,0.16931857,0.17140739,0.17347452,0.17551747,0.17742257,0.17908585,0.1805191,0.18173437,0.18274342,0.18355818,0.18419056,0.18465249,0.1849558,0.18511242,0.18513423,0.18503311,0.18482096,0.18450974,0.1841113
0.12646477,0.12656441,0.12664826,0.12671374,0.12675835,0.12677962,0.12677504,0.1267421,0.12667829,0.12658113,0.1264481,0.1262767,0.12606442,0.12580878,0.12550727,0.12515739,0.12475663,0.12426957,0.1236702,0.12297018,0.122181065,0.12131451,0.12038213,0.11939555,0.11836636,0.11730617,0.11622665,0.115139395,0.11405596,0.11298808,0.11194726,0.11094518,0.10999346,0.109103665,0.10828746,0.107556425,0.10692223,0.106396444,0.1059907,0.105716616,0.10558581,0.10560993,0.10580054,0.10616925,0.10672772,0.10748757,0.10846038,0.1096578,0.111091435,0.1126733,0.11430607,0.11598723,0.11771421,0.119484596,0.12129585,0.12314546,0.12503093,0.12694977,0.12889946,0.13087754,0.13288145,0.13490872,0.13695683,0.1390233,0.14110562,0.14320128,0.14530781,0.14742263,0.14954334,0.15166731,0.15379219,0.15591538,0.15803437,0.16014671,0.16224991,0.16434138,0.1664187,0.16847931,0.17052075,0.17254055,0.17453611,0.17639677,0.17802125,0.17942107,0.18060799,0.18159348,0.18238926,0.18300691,0.183458,0.18375425,0.1839072,0.1839285,0.18382975,0.1836226,0.18331861,0.18292944
0.12703313,0.12713246,0.127216,0.12728128,0.12732573,0.12734692,0.12734236,0.1273095,0.1272459,0.12714909,0.12701651,0.12684572,0.12663418,0.12637942,0.12607895,0.12573025,0.12533088,0.12484687,0.12425354,0.123562224,0.12278416,0.12193073,0.12101321,0.12004288,0.11903114,0.11798919,0.11692842,0.115860105,0.11479554,0.11374606,0.112723,0.11173762,0.110801205,0.109925166,0.109120764,0.10839925,0.10777198,0.10725028,0.10684546,0.10656879,0.106431626,0.10644521,0.10662095,0.10697007,0.107503936,0.1082338,0.109171025,0.110326886,0.111712724,0.113243476,0.11482494,0.116454616,0.118130006,0.1198486,0.121607944,0.12340551,0.12523882,0.1271054,0.1290027,0.13092826,0.13287961,0.13485423,0.13684963,0.1388633,0.14089277,0.14293553,0.1449891,0.14705102,0.1491187,0.15118974,0.15326159,0.1553318,0.15739784,0.1594572,0.16150747,0.16354609,0.16557057,0.16757843,0.16956717,0.17153433,0.17347735,0.17528872,0.17687017,0.17823295,0.1793884,0.18034784,0.18112253,0.1817238,0.182163,0.1824514,0.18260027,0.18262103,0.18252489,0.1823232,0.18202728,0.1816484
0.12764248,0.12774111,0.12782405,0.12788883,0.12793298,0.12795404,0.1279495,0.12791692,0.12785375,0.1277576,0.12762599,0.1274564,0.12724634,0.12699339,0.12669505,0.12634885,0.12595227,0.12547307,0.124887794,0.12420748,0.123443075,0.12260557,0.121705875,0.120755,0.119763926,0.11874361,0.11770498,0.11665906,0.11561678,0.11458915,0.11358707,0.11262159,0.11170363,0.11084416,0.11005418,0.10934461,0.10872644,0.10821065,0.107808225,0.10753009,0.10738723,0.10739061,0.107551225,0.10788,0.10838794,0.10908599,0.109985135,0.111096345,0.112430565,0.11390597,0.11543168,0.11700528,0.118624255,0.120286174,0.12198852,0.12372884,0.12550463,0.12731348,0.1291528,0.13102023,0.13291322,0.13482933,0.13676605,0.13872091,0.1406915,0.14267527,0.14466977,0.14667253,0.14868106,0.1506929,0.15270558,0.15471657,0.15672345,0.15872373,0.16071492,0.16269459,0.1646602,0.16660933,0.16853946,0.17044812,0.17233287,0.17408964,0.1756234,0.17694509,0.17806569,0.17899619,0.1797475,0.18033066,0.18075661,0.18103631,0.18118073,0.18120085,0.18110763,0.18091203,0.18062499,0.18025756
0.12829675,0.12839428,0.1284763,0.12854038,0.12858406,0.12860486,0.12860036,0.12856811,0.1285057,0.12841062,0.12828045,0.12811273,0.12790504,0.12765488,0.12735987,0.12701751,0.12662537,0.12615281,0.12557787,0.12491115,0.124163195,0.12334469,0.12246611,0.121538155,0.12057137,0.119576305,0.11856361,0.11754385,0.11652761,0.1155255,0.11454811,0.11360599,0.112709805,0.11187009,0.111097455,0.11040248,0.10979577,0.10928791,0.108889475,0.10861104,0.108463295,0.10845672,0.108601935,0.10890955,0.10939018,0.11005437,0.11091271,0.11197581,0.11325428,0.114669636,0.11613477,0.11764728,0.11920461,0.12080444,0.12244421,0.12412157,0.12583399,0.12757908,0.12935433,0.13115735,0.13298565,0.13483681,0.1367084,0.13859789,0.14050293,0.142421,0.14434972,0.14628656,0.14822914,0.15017498,0.15212163,0.15406664,0.15600757,0.157942,0.1598674,0.16178142,0.16368157,0.1655654,0.16743039,0.16927421,0.17109437,0.17279068,0.17427163,0.17554784,0.17662987,0.17752832,0.17825377,0.17881687,0.17922814,0.17949823,0.17963766,0.17965709,0.17956705,0.17937817,0.17910106,0.17874627
0.12899995,0.12909594,0.12917666,0.12923972,0.12928271,0.12930319,0.1292988,0.12926705,0.1292056,0.12911202,0.12898387,0.1288188,0.12861437,0.12836815,0.12807775,0.12774076,0.12735477,0.1268909,0.12632869,0.12567832,0.12494994,0.124153726,0.12329991,0.12239861,0.12145998,0.12049422,0.11951152,0.11852203,0.11753594,0.116563395,0.115614615,0.11469976,0.11382893,0.113012396,0.11226027,0.11158279,0.11099006,0.1104923,0.110099636,0.10982231,0.10967043,0.10965417,0.10978378,0.11006936,0.11052111,0.111149184,0.111963786,0.11297507,0.1141932,0.11554348,0.11694273,0.11838862,0.11987866,0.12141046,0.12298167,0.12458979,0.12623248,0.12790728,0.1296118,0.13134365,0.1331004,0.13487963,0.13667895,0.13849598,0.14032821,0.14217335,0.14402887,0.14589249,0.14776169,0.14963412,0.15150733,0.15337895,0.15524657,0.15710773,0.15896007,0.16080117,0.16262862,0.16443999,0.16623288,0.1680049,0.16975361,0.17138307,0.17280562,0.17403153,0.1750709,0.17593396,0.17663082,0.17717172,0.1775668,0.17782621,0.17796016,0.17797881,0.17789236,0.17771092,0.17744471,0.17710389
0.129756,0.12985,0.12992908,0.12999082,0.1300329,0.13005295,0.1300486,0.13001755,0.12995738,0.12986575,0.12974028,0.1295786,0.1293784,0.1291373,0.12885292,0.12852296,0.12814495,0.127692,0.12714517,0.12651417,0.1258087,0.12503846,0.1242132,0.12334261,0.1224364,0.12150426,0.120555975,0.11960118,0.11864966,0.11771106,0.11679513,0.115911596,0.11507015,0.1142805,0.11355233,0.112895444,0.11231946,0.111834124,0.1114492,0.11117434,0.11101923,0.110993676,0.11110734,0.1113699,0.11179111,0.11238071,0.11314835,0.11410378,0.11525671,0.11653639,0.117864095,0.119237386,0.12065395,0.12211142,0.12360744,0.12513965,0.12670569,0.12830317,0.12992977,0.13158312,0.13326085,0.13496059,0.13668002,0.13841678,0.14016844,0.14193273,0.1437072,0.14548954,0.14727741,0.1490684,0.1508602,0.15265045,0.15443672,0.1562167,0.15798806,0.15974839,0.16149534,0.16322654,0.1649397,0.16663235,0.16830224,0.16985793,0.17121612,0.17238653,0.17337885,0.17420284,0.1748682,0.17538458,0.17576176,0.17600942,0.1761373,0.17615514,0.1760726,0.17589936,0.1756452,0.17531985
0.13056888,0.13066038,0.13073735,0.13079745,0.13083842,0.13085796,0.13085373,0.13082348,0.1307649,0.1306757,0.13055357,0.13039619,0.1302013,0.12996659,0.12968977,0.12936851,0.12900057,0.12856092,0.12803228,0.12742387,0.12674488,0.12600449,0.12521197,0.124376446,0.12350718,0.12261337,0.121704206,0.120788924,0.11987669,0.11897674,0.118098274,0.117250495,0.11644261,0.1156838,0.11498335,0.11435036,0.1137941,0.11332381,0.11294858,0.11267771,0.1125204,0.112485826,0.11258323,0.11282176,0.11321068,0.11375916,0.114476435,0.11537168,0.11645412,0.11765733,0.11890729,0.12020165,0.121538125,0.122914426,0.12432825,0.12577729,0.12725925,0.12877184,0.13031279,0.13187976,0.13347048,0.13508262,0.13671392,0.13836206,0.14002474,0.1416997,0.14338459,0.14507717,0.14677508,0.14847606,0.1501778,0.151878,0.15357439,0.15526468,0.15694651,0.15861762,0.16027574,0.1619185,0.16354369,0.16514894,0.16673198,0.1682065,0.16949382,0.17060317,0.17154375,0.17232475,0.17295535,0.17344484,0.1738023,0.17403707,0.17415828,0.17417517,0.17409691,0.17393273,0.17369184,0.17338344
0.13144258,0.13153104,0.13160542,0.13166355,0.13170317,0.13172206,0.131718,0.13168874,0.13163207,0.13154584,0.13142772,0.1312756,0.13108712,0.1308602,0.13059253,0.1302819,0.12992612,0.12950233,0.12899493,0.12841254,0.12776384,0.12705751,0.12630212,0.12550637,0.124678895,0.12382841,0.12296348,0.122092776,0.121224955,0.12036865,0.119532526,0.11872527,0.11795549,0.11723183,0.11656295,0.115957506,0.115424156,0.11497152,0.11460829,0.114343055,0.11418453,0.11414132,0.114222094,0.11443552,0.1147902,0.11529484,0.11595805,0.11678847,0.117794774,0.11891524,0.12008088,0.12128944,0.12253875,0.12382654,0.12515062,0.12650877,0.12789875,0.12931834,0.13076535,0.13223754,0.13373266,0.1352485,0.13678285,0.13833353,0.13989824,0.14147483,0.14306101,0.14465462,0.1462534,0.14785516,0.14945766,0.15105864,0.15265596,0.15424734,0.15583058,0.15740345,0.15896374,0.16050921,0.16203767,0.16354685,0.16503456,0.16641998,0.16762954,0.16867183,0.16955557,0.17028935,0.17088188,0.17134176,0.17167765,0.17189823,0.17201214,0.172028,0.17195447,0.1718002,0.17157383,0.17128408
0.13238098,0.13246587,0.13253723,0.13259302,0.13263102,0.13264912,0.13264522,0.13261716,0.1325628,0.13248006,0.13236676,0.13222079,0.13204001,0.13182229,0.13156553,0.13126753,0.1309262,0.13052097,0.13003802,0.12948537,0.12887107,0.12820315,0.12748969,0.12673868,0.1259582,0.1251563,0.12434095,0.12352031,0.12270231,0.12189501,0.12110649,0.12034477,0.11961792,0.11893395,0.11830087,0.11772677,0.117219694,0.11678764,0.1164387,0.116180874,0.116022214,0.115970775,0.116034605,0.116221696,0.11654014,0.11699795,0.11760318,0.11836385,0.119288035,0.12031901,0.12139333,0.12250885,0.12366343,0.124854945,0.12608127,0.12734027,0.12862982,0.12994778,0.13129202,0.13266043,0.13405086,0.13546112,0.1368892,0.13833289,0.13979006,0.14125863,0.1427364,0.14422132,0.14571118,0.14720386,0.14869727,0.15018928,0.1516777,0.15316048,0.15463543,0.15610044,0.15755334,0.15899207,0.16041444,0.16181836,0.16320166,0.16448955,0.16561392,0.16658284,0.16740434,0.16808648,0.16863725,0.16906476,0.16937701,0.16958208,0.16968791,0.16970266,0.16963434,0.16949093,0.16928053,0.16901115
0.13338813,0.13346884,0.13353668,0.13358968,0.13362579,0.13364303,0.13363932,0.13361263,0.13356097,0.13348234,0.13337463,0.13323589,0.13306406,0.1328571,0.13261302,0.13232978,0.13200538,0.13162157,0.13116646,0.13064742,0.13007188,0.12944712,0.12878059,0.12807964,0.1273516,0.12660396,0.12584397,0.1250791,0.124316685,0.12356407,0.12282872,0.12211793,0.12143907,0.12079958,0.1202068,0.11966811,0.119190864,0.1187825,0.11845032,0.11820175,0.11804412,0.117984876,0.118031316,0.11819089,0.1184709,0.11887877,0.11942185,0.12010754,0.12094321,0.121877596,0.122853175,0.12386789,0.12491977,0.12600674,0.1271268,0.1282779,0.12945803,0.1306652,0.13189735,0.13315244,0.13442849,0.13572338,0.13703519,0.13836186,0.13970134,0.14105165,0.1424107,0.14377652,0.14514709,0.14652032,0.14789423,0.14926682,0.150636,0.15199982,0.15335616,0.15470311,0.15603854,0.15736046,0.15866685,0.15995573,0.16122499,0.16240636,0.16343774,0.16432652,0.16508009,0.1657058,0.16621105,0.1666032,0.16688961,0.16707769,0.16717482,0.16718836,0.16712567,0.16699411,0.16680111,0.16655403
0.13446799,0.13454384,0.13460761,0.13465744,0.13469139,0.13470758,0.13470407,0.13467902,0.13463049,0.13455653,0.1344553,0.13432488,0.13416333,0.13396882,0.13373937,0.13347313,0.13316816,0.13280885,0.13238524,0.13190396,0.13137172,0.13079512,0.13018079,0.12953548,0.12886573,0.12817827,0.12747972,0.12677675,0.12607598,0.12538409,0.1247077,0.1240535,0.1234281,0.12283819,0.122290425,0.121791415,0.12134785,0.12096634,0.120653585,0.12041622,0.12026087,0.12019425,0.12022293,0.120353624,0.12059292,0.12094755,0.12142412,0.12202928,0.12276968,0.12359996,0.1244689,0.12537466,0.12631534,0.12728901,0.1282938,0.12932779,0.13038903,0.13147569,0.13258581,0.13371755,0.13486895,0.13603811,0.13722314,0.1384221,0.13963315,0.14085437,0.14208382,0.14331964,0.14455988,0.14580263,0.14704607,0.14828822,0.14952719,0.1507611,0.15198801,0.15320605,0.15441327,0.1556078,0.15678778,0.15795122,0.15909627,0.16016164,0.16109173,0.16189325,0.16257285,0.16313711,0.16359276,0.16394639,0.16420469,0.1643743,0.16446188,0.16447408,0.16441755,0.16429892,0.16412488,0.16390203
0.1356245,0.13569483,0.13575396,0.13580015,0.13583164,0.13584666,0.13584346,0.13582017,0.13577516,0.13570659,0.13561271,0.13549176,0.13534202,0.13516161,0.13494888,0.13470197,0.13441919,0.13408755,0.13369925,0.1332601,0.13277598,0.13225274,0.1316963,0.13111249,0.13050716,0.12988622,0.12925546,0.12862079,0.12798813,0.12736323,0.12675203,0.1261604,0.12559418,0.12505923,0.12456142,0.124106646,0.12370071,0.123349555,0.123059,0.12283486,0.122683115,0.12260951,0.12262001,0.12272045,0.12291667,0.12321456,0.12361994,0.124138735,0.12477677,0.12549493,0.12624902,0.12703721,0.12785776,0.12870893,0.12958895,0.13049604,0.1314284,0.13238434,0.13336204,0.13435975,0.13537571,0.13640815,0.13745528,0.13851538,0.13958667,0.14066736,0.14175569,0.14284995,0.1439483,0.145049,0.1461503,0.14725043,0.14834759,0.14944005,0.15052603,0.15160379,0.15267156,0.15372752,0.15476997,0.15579711,0.15680717,0.15774655,0.15856668,0.1592734,0.15987259,0.16037013,0.16077188,0.16108373,0.16131146,0.16146101,0.16153824,0.16154897,0.16149913,0.16139454,0.16124107,0.1610446
0.13686162,0.13692571,0.13697964,0.13702175,0.13705045,0.13706413,0.13706118,0.13703999,0.13699897,0.13693646,0.1368509,0.13674065,0.13660412,0.13643971,0.13624577,0.13602073,0.13576297,0.13546242,0.13511339,0.13472095,0.13429005,0.13382575,0.13333304,0.13281694,0.13228247,0.13173461,0.1311784,0.13061886,0.13006097,0.12950978,0.1289703,0.1284475,0.12794645,0.1274721,0.12702954,0.1266237,0.12625964,0.12594238,0.12567692,0.12546824,0.12532142,0.12524141,0.12523325,0.12530196,0.12545253,0.12568998,0.12601934,0.12644564,0.12697382,0.12757155,0.12820199,0.12886356,0.12955463,0.13027358,0.13101883,0.13178876,0.13258176,0.1333962,0.1342305,0.13508303,0.1359522,0.1368364,0.137734,0.13864338,0.13956298,0.14049116,0.14142632,0.14236684,0.1433111,0.14425752,0.14520447,0.14615034,0.14709355,0.14803246,0.14896545,0.14989096,0.15080732,0.15171297,0.15260628,0.15348564,0.15434945,0.1551523,0.15585323,0.15645726,0.15696938,0.1573946,0.15773797,0.15800448,0.15819915,0.15832695,0.15839297,0.15840214,0.15835956,0.15827015,0.15813899,0.15797105
0.13810334,0.1381609,0.1382093,0.13824707,0.13827285,0.13828517,0.13828251,0.13826348,0.13822664,0.1381705,0.1380937,0.1379947,0.13787217,0.13772453,0.13755043,0.13734838,0.13711695,0.13684891,0.13654079,0.13619676,0.13582094,0.13541743,0.13499042,0.1345441,0.13408256,0.13360994,0.13313042,0.13264813,0.13216722,0.13169184,0.13122615,0.13077429,0.13034037,0.1299286,0.12954305,0.12918796,0.1288674,0.12858555,0.12834658,0.12815459,0.12801374,0.12792815,0.12790203,0.12793952,0.12804471,0.12822182,0.12847492,0.12880825,0.12922585,0.1297022,0.1302079,0.13074155,0.13130169,0.1318869,0.13249563,0.13312662,0.13377824,0.13444915,0.1351379,0.13584298,0.13656302,0.13729653,0.1380421,0.13879828,0.13956359,0.14033663,0.14111586,0.14190002,0.14268745,0.14347686,0.14426672,0.14505564,0.14584215,0.14662479,0.14740214,0.14817274,0.14893517,0.14968799,0.15042967,0.1511589,0.15187411,0.15253833,0.1531182,0.15361793,0.15404162,0.15439342,0.15467748,0.15489799,0.15505902,0.15516476,0.15521936,0.15522698,0.15519169,0.15511775,0.15500924,0.15487032
0.13927333,0.13932443,0.13936736,0.13940091,0.13942379,0.13943468,0.13943233,0.13941547,0.13938275,0.13933295,0.13926479,0.13917693,0.13906814,0.13893712,0.13878259,0.13860328,0.13839787,0.13816187,0.13789375,0.13759683,0.13727446,0.13692996,0.13656661,0.13618778,0.13579673,0.13539688,0.13499148,0.13458388,0.13417736,0.13377526,0.1333809,0.13299766,0.1326288,0.13227764,0.1319475,0.13164175,0.13136366,0.13111657,0.13090383,0.13072868,0.13059449,0.13050462,0.13046233,0.13047099,0.13053389,0.13065438,0.13083573,0.13108131,0.1313944,0.13175586,0.13214336,0.13255568,0.1329915,0.13344957,0.13392855,0.1344272,0.13494426,0.1354784,0.13602838,0.13659286,0.13717058,0.1377603,0.1383607,0.1389705,0.13958842,0.1402132,0.14084351,0.14147809,0.14211568,0.14275496,0.1433947,0.14403357,0.1446703,0.1453036,0.14593218,0.14655483,0.14717019,0.14777698,0.14837396,0.14895983,0.14953329,0.15006526,0.15052968,0.15092987,0.15126924,0.151551,0.15177852,0.1519551,0.15208408,0.15216877,0.1522125,0.1522186,0.15219036,0.15213113,0.15204424,0.15193295
0.14037508,0.1404198,0.14045736,0.14048669,0.1405067,0.14051625,0.1405142,0.14049943,0.14047083,0.14042726,0.14036763,0.14029078,0.14019564,0.14008102,0.13994586,0.139789,0.13960938,0.13940485,0.13917583,0.13892485,0.13865449,0.13836719,0.13806556,0.13775207,0.13742933,0.13709982,0.13676609,0.13643065,0.13609606,0.13576487,0.13543959,0.13512273,0.13481687,0.13452454,0.13424821,0.13399048,0.13375387,0.13354091,0.13335411,0.13319606,0.13306923,0.13297619,0.13291945,0.13290158,0.13292508,0.13299249,0.13310637,0.13326922,0.13348357,0.13373633,0.13401186,0.13430911,0.13462694,0.13496418,0.13531972,0.1356925,0.13608135,0.13648516,0.13690276,0.13733314,0.13777505,0.13822745,0.13868923,0.1391592,0.13963626,0.14011933,0.14060725,0.14109893,0.14159322,0.14208896,0.14258513,0.14308052,0.14357403,0.14406458,0.14455102,0.14503221,0.14550707,0.1459744,0.14643317,0.1468822,0.1473204,0.1477262,0.14808047,0.14838578,0.14864466,0.14885956,0.14903311,0.1491678,0.1492662,0.14933084,0.1493642,0.14936882,0.14934729,0.14930208,0.14923584,0.14915095
0.14141223,0.14145055,0.1414828,0.14150797,0.14152516,0.14153336,0.14153157,0.14151889,0.14149436,0.14145696,0.14140579,0.14133984,0.14125818,0.14115982,0.14104381,0.14090922,0.140755,0.14058153,0.14039078,0.14018461,0.13996477,0.13973306,0.13949123,0.13924111,0.13898449,0.13872309,0.13845865,0.13819312,0.13792813,0.13766554,0.13740711,0.1371546,0.13690984,0.13667455,0.13645057,0.13623965,0.13604358,0.13586412,0.1357031,0.13556227,0.1354434,0.13534829,0.13527875,0.1352365,0.13522337,0.1352411,0.13529153,0.1353764,0.1354975,0.13564743,0.13581689,0.13600498,0.13621075,0.13643318,0.13667135,0.13692424,0.137191,0.13747054,0.13776195,0.13806431,0.13837658,0.13869788,0.13902716,0.13936351,0.13970597,0.14005357,0.14040531,0.14076027,0.1411175,0.14147598,0.1418348,0.142193,0.14254957,0.14290355,0.14325403,0.14360002,0.14394055,0.14427467,0.14460139,0.14491974,0.14522885,0.14551426,0.14576338,0.14597812,0.14616017,0.1463113,0.14643341,0.14652811,0.14659731,0.14664276,0.14666618,0.14666948,0.14665434,0.14662255,0.14657593,0.14651623
0.14238816,0.14242023,0.14244722,0.14246829,0.14248265,0.14248952,0.14248803,0.14247742,0.14245687,0.14242561,0.14238279,0.14232765,0.14225931,0.14217705,0.14208001,0.14196736,0.14183839,0.14169547,0.14154223,0.14137979,0.14120916,0.14103144,0.14084773,0.14065903,0.14046642,0.140271,0.14007379,0.13987584,0.1396783,0.13948214,0.13928846,0.13909836,0.13891283,0.138733,0.13855992,0.13839464,0.13823822,0.13809173,0.13795623,0.13783282,0.1377225,0.13762638,0.13754551,0.13748097,0.13743381,0.13740508,0.13739586,0.13740721,0.13744023,0.13749288,0.13756187,0.13764644,0.13774577,0.13785905,0.13798553,0.13812435,0.13827467,0.13843575,0.13860674,0.13878691,0.13897537,0.13917135,0.13937406,0.13958262,0.13979633,0.14001432,0.1402358,0.14045995,0.14068602,0.14091311,0.14114052,0.14136738,0.14159286,0.14181621,0.14203665,0.14225326,0.14246537,0.14267209,0.14287262,0.14306618,0.14325197,0.14342241,0.14357123,0.14369947,0.14380814,0.14389841,0.14397134,0.14402792,0.14406922,0.14409637,0.14411038,0.14411236,0.14410329,0.14408432,0.14405647,0.1440208
0.14330651,0.14333238,0.1433541,0.14337112,0.14338271,0.14338823,0.14338705,0.14337848,0.14336191,0.14333673,0.14330219,0.14325768,0.14320257,0.14313622,0.14305793,0.14296712,0.1428631,0.14275028,0.14263383,0.1425141,0.14239144,0.14226627,0.14213896,0.14200987,0.1418794,0.1417479,0.14161581,0.14148346,0.14135121,0.14121948,0.14108863,0.14095905,0.14083111,0.14070515,0.14058165,0.14046086,0.14034328,0.14022923,0.14011908,0.1400132,0.139912,0.13981587,0.13972513,0.1396402,0.13956146,0.1394893,0.13942404,0.13936614,0.13931592,0.13927647,0.13925026,0.13923658,0.13923486,0.13924433,0.13926446,0.13929453,0.1393339,0.13938192,0.139438,0.1395014,0.13957149,0.1396477,0.13972928,0.13981566,0.13990615,0.14000006,0.14009683,0.14019574,0.14029616,0.14039747,0.140499,0.14060004,0.14070007,0.14079836,0.14089423,0.14098707,0.14107624,0.14116108,0.14124095,0.1413152,0.14138316,0.14144377,0.14149672,0.1415423,0.141581,0.14161311,0.14163902,0.1416592,0.14167386,0.1416835,0.14168851,0.1416892,0.14168598,0.14167923,0.1416693,0.14165664
0.14417076,0.14419046,0.14420706,0.14422002,0.14422883,0.14423305,0.14423214,0.14422563,0.144213,0.14419375,0.14416742,0.14413352,0.1440915,0.14404093,0.14398126,0.143912,0.14383273,0.14374967,0.14366926,0.14359128,0.14351538,0.1434414,0.14336893,0.14329778,0.14322762,0.14315821,0.14308925,0.14302051,0.14295165,0.14288245,0.14281255,0.14274175,0.1426698,0.14259632,0.1425211,0.14244384,0.14236428,0.14228213,0.14219712,0.14210898,0.14201741,0.14192213,0.14182292,0.14171945,0.14161141,0.14149863,0.14138074,0.1412575,0.14112863,0.14100206,0.14088555,0.1407786,0.14068073,0.14059147,0.14051028,0.14043666,0.14037015,0.14031027,0.14025645,0.14020827,0.14016521,0.14012678,0.14009245,0.14006175,0.1400342,0.14000931,0.13998654,0.13996542,0.13994546,0.13992614,0.139907,0.13988756,0.13986725,0.13984564,0.13982223,0.1397965,0.13976792,0.1397361,0.13970046,0.13966054,0.1396158,0.13957146,0.1395327,0.13949932,0.13947101,0.13944753,0.13942856,0.13941383,0.13940305,0.139396,0.13939233,0.13939185,0.13939418,0.13939913,0.1394064,0.13941568
0.14498441,0.14499806,0.1450095,0.14501846,0.14502457,0.14502747,0.14502686,0.14502232,0.14501362,0.14500034,0.14498213,0.14495872,0.1449297,0.14489472,0.14485352,0.14480564,0.14475086,0.14469719,0.14465219,0.14461504,0.14458486,0.1445607,0.14454165,0.14452681,0.14451532,0.14450622,0.14449862,0.14449164,0.14448436,0.14447586,0.14446524,0.14445163,0.1444341,0.14441173,0.14438364,0.14434892,0.14430666,0.14425597,0.14419593,0.14412563,0.14404418,0.14395069,0.1438442,0.14372386,0.14358877,0.14343797,0.14327061,0.14308575,0.14288251,0.14267339,0.1424712,0.1422756,0.1420863,0.14190294,0.14172517,0.14155261,0.14138497,0.14122191,0.14106302,0.14090806,0.14075662,0.14060837,0.14046296,0.14032009,0.14017937,0.14004046,0.13990305,0.13976678,0.13963129,0.13949628,0.13936138,0.13922621,0.13909054,0.13895391,0.13881603,0.13867655,0.13853516,0.13839145,0.13824517,0.13809589,0.1379433,0.13779844,0.13767199,0.13756299,0.1374706,0.13739388,0.13733193,0.13728383,0.13724872,0.13722567,0.13721375,0.1372121,0.13721979,0.13723591,0.13725957,0.13728987
0.14575106,0.14575864,0.145765,0.14576998,0.1457734,0.14577502,0.14577466,0.14577216,0.14576729,0.14575994,0.1457498,0.14573677,0.14572065,0.14570117,0.14567824,0.14565161,0.14562114,0.14559643,0.1455863,0.14558917,0.14560364,0.1456281,0.14566107,0.14570116,0.14574668,0.14579625,0.14584835,0.14590143,0.14595401,0.14600459,0.14605168,0.14609368,0.14612922,0.14615673,0.14617467,0.14618155,0.14617594,0.14615627,0.146121,0.1460687,0.14599782,0.14590688,0.14579435,0.14565873,0.14549853,0.14531219,0.1450983,0.14485528,0.14458165,0.14429422,0.14401065,0.14373074,0.14345436,0.14318123,0.14291123,0.14264417,0.14237982,0.14211798,0.14185852,0.14160122,0.14134589,0.14109233,0.14084037,0.14058976,0.1403404,0.14009205,0.13984454,0.1395976,0.13935114,0.13910496,0.1388588,0.13861254,0.13836595,0.13811886,0.13787106,0.13762239,0.13737266,0.1371216,0.13686912,0.136615,0.136359,0.13611786,0.13590735,0.13572592,0.1355721,0.13544436,0.13534123,0.13526118,0.13520272,0.13516432,0.13514449,0.13514173,0.13515453,0.13518138,0.13522078,0.13527122
0.1464742,0.14647579,0.14647713,0.14647815,0.14647885,0.14647917,0.14647913,0.14647862,0.1464776,0.14647605,0.14647394,0.1464712,0.14646783,0.14646377,0.14645898,0.14645344,0.14644708,0.14645106,0.14647514,0.14651734,0.14657545,0.14664748,0.14673129,0.14682479,0.146926,0.14703272,0.1471429,0.14725448,0.14736536,0.1474735,0.14757675,0.14767303,0.14776033,0.1478365,0.14789952,0.1479472,0.14797758,0.1479885,0.14797792,0.1479437,0.14788382,0.14779617,0.14767866,0.14752921,0.14734578,0.14712621,0.14686848,0.1465705,0.14623015,0.14586838,0.14550735,0.14514716,0.14478764,0.14442885,0.14407068,0.14371315,0.14335619,0.14299972,0.1426438,0.14228828,0.14193317,0.14157848,0.14122407,0.14086996,0.14051612,0.1401625,0.13980906,0.13945569,0.13910246,0.13874927,0.13839608,0.1380429,0.13768964,0.13733624,0.13698274,0.13662903,0.1362751,0.1359209,0.1355664,0.13521157,0.13485634,0.1345228,0.13423155,0.1339806,0.13376781,0.13359116,0.1334485,0.13333775,0.1332569,0.13320379,0.13317636,0.13317254,0.13319026,0.13322741,0.1332819,0.13335164
0.14715737,0.14715295,0.14714931,0.14714643,0.14714447,0.14714351,0.14714375,0.14714517,0.14714798,0.14715225,0.14715809,0.14716561,0.14717491,0.14718615,0.14719936,0.14721474,0.14723232,0.14726469,0.14732254,0.14740326,0.14750421,0.14762273,0.1477562,0.147902,0.14805743,0.14821991,0.14838678,0.14855543,0.14872314,0.14888741,0.14904551,0.14919475,0.14933266,0.14945643,0.14956355,0.14965129,0.14971708,0.14975823,0.14977217,0.14975616,0.14970765,0.14962399,0.14950252,0.14934058,0.14913559,0.14888489,0.14858583,0.14823578,0.14783211,0.1473996,0.14696483,0.14652796,0.14608906,0.1456483,0.14520572,0.14476143,0.1443156,0.1438683,0.14341962,0.14296971,0.1425187,0.14206663,0.14161363,0.14115982,0.14070536,0.1402503,0.13979474,0.13933885,0.13888267,0.13842638,0.13797002,0.13751374,0.13705765,0.13660185,0.13614644,0.13569155,0.13523729,0.13478376,0.13433106,0.13387933,0.13342866,0.13300626,0.13263744,0.13231964,0.13205019,0.13182648,0.13164583,0.1315056,0.13140318,0.13133593,0.1313012,0.13129637,0.13131876,0.13136584,0.13143483,0.13152318
0.14780404,0.14779374,0.1477851,0.14777833,0.14777373,0.14777152,0.147772,0.14777538,0.14778203,0.14779203,0.14780575,0.14782345,0.14784539,0.14787179,0.14790294,0.14793909,0.14798044,0.14804094,0.14813209,0.14825071,0.14839368,0.14855778,0.14873984,0.14893669,0.14914523,0.14936219,0.14958446,0.14980881,0.1500321,0.1502512,0.15046288,0.15066397,0.15085134,0.15102178,0.15117215,0.15129922,0.1513999,0.15147097,0.15150924,0.15151156,0.1514748,0.15139572,0.15127116,0.15109803,0.15087305,0.15059312,0.150255,0.14985558,0.14939164,0.14889172,0.14838652,0.14787634,0.14736143,0.146842,0.14631838,0.14579079,0.14525953,0.14472479,0.14418685,0.14364603,0.1431025,0.14255658,0.1420085,0.14145851,0.14090692,0.1403539,0.13979982,0.13924482,0.13868925,0.13813333,0.13757734,0.13702148,0.13646607,0.13591135,0.13535759,0.13480502,0.13425395,0.13370457,0.13315716,0.13261202,0.13206936,0.13156132,0.13111782,0.13073559,0.13041155,0.13014248,0.12992519,0.12975657,0.12963341,0.12955251,0.12951076,0.12950493,0.12953192,0.12958845,0.12967147,0.12977771
0.1484178,0.14840166,0.14838803,0.14837739,0.14837016,0.14836673,0.14836745,0.1483728,0.14838316,0.14839894,0.14842053,0.14844832,0.14848278,0.14852427,0.14857323,0.14863,0.14869505,0.1487834,0.14890742,0.1490634,0.14924765,0.14945649,0.14968622,0.14993316,0.15019362,0.15046391,0.15074037,0.15101928,0.15129694,0.15156971,0.15183383,0.15208569,0.15232159,0.15253782,0.15273064,0.15289646,0.15303156,0.1531322,0.15319474,0.15321548,0.15319076,0.15311684,0.1529901,0.15280676,0.15256321,0.15225574,0.15188067,0.15143427,0.15091288,0.1503485,0.14977589,0.1491954,0.1486075,0.14801253,0.14741096,0.14680311,0.1461895,0.14557044,0.14494638,0.14431775,0.14368485,0.14304818,0.14240815,0.14176513,0.14111958,0.14047182,0.1398223,0.13917144,0.13851963,0.13786729,0.1372148,0.13656256,0.13591106,0.13526055,0.13461159,0.13396452,0.13331975,0.13267769,0.13203876,0.13140331,0.1307718,0.13018109,0.12966542,0.129221,0.12884425,0.12853138,0.12827875,0.12808266,0.12793948,0.1278454,0.12779687,0.1277901,0.12782143,0.12788722,0.12798369,0.12810725
0.14900218,0.14898017,0.14896163,0.14894716,0.1489373,0.1489326,0.14893363,0.1489409,0.148955,0.14897649,0.14900587,0.14904375,0.14909066,0.14914717,0.14921384,0.14929111,0.14937972,0.14949574,0.14965224,0.14984503,0.15006992,0.15032272,0.15059929,0.15089537,0.1512068,0.15152942,0.15185903,0.1521914,0.15252239,0.15284778,0.15316342,0.15346508,0.15374862,0.1540098,0.15424447,0.15444843,0.15461749,0.15474746,0.15483418,0.15487342,0.154861,0.15479277,0.1546645,0.15447201,0.15421113,0.15387768,0.15346745,0.15297621,0.15239987,0.15177377,0.1511364,0.15048833,0.1498301,0.14916234,0.1484855,0.1478002,0.14710698,0.14640638,0.14569895,0.14498526,0.14426588,0.14354129,0.14281213,0.14207889,0.14134216,0.14060247,0.13986039,0.13911648,0.13837126,0.1376253,0.1368792,0.13613342,0.13538858,0.13464522,0.13390385,0.13316509,0.1324295,0.13169755,0.13096987,0.13024694,0.12952939,0.12885864,0.12827308,0.12776847,0.1273406,0.12698536,0.12669848,0.12647584,0.12631321,0.12620643,0.1261513,0.12614362,0.12617922,0.12625387,0.12636349,0.12650375
0.1495607,0.14953285,0.14950942,0.1494911,0.14947864,0.1494727,0.14947398,0.14948317,0.14950104,0.14952819,0.14956534,0.14961325,0.14967257,0.14974402,0.14982828,0.14992607,0.15003803,0.15018149,0.15037018,0.15059935,0.1508643,0.15116045,0.15148307,0.15182747,0.15218906,0.15256304,0.15294485,0.15332977,0.15371315,0.15409027,0.1544565,0.15480717,0.15513758,0.15544304,0.15571892,0.15596054,0.15616322,0.15632226,0.15643306,0.15649085,0.15649103,0.15642889,0.15629977,0.156099,0.15582189,0.15546383,0.15502004,0.15448593,0.15385678,0.15317121,0.15247147,0.1517582,0.15103209,0.15029387,0.14954422,0.14878386,0.14801347,0.14723375,0.14644542,0.14564915,0.14484571,0.14403565,0.14321983,0.14239888,0.14157349,0.14074436,0.13991219,0.13907772,0.13824162,0.13740455,0.13656728,0.13573048,0.13489482,0.13406104,0.13322982,0.13240185,0.13157788,0.13075854,0.12994456,0.12913665,0.12833549,0.12758704,0.12693356,0.12637047,0.12589304,0.12549658,0.12517649,0.12492804,0.12474656,0.124627404,0.12456585,0.12455728,0.124597035,0.124680355,0.12480264,0.1249592
0.15009686,0.15006322,0.15003492,0.1500128,0.14999771,0.14999054,0.14999211,0.15000322,0.15002476,0.15005757,0.1501025,0.15016036,0.15023202,0.15031834,0.15042016,0.1505383,0.15067361,0.1508444,0.15106493,0.15133002,0.1516346,0.15197349,0.15234154,0.1527336,0.15314452,0.15356916,0.15400238,0.15443903,0.154874,0.15530206,0.15571813,0.15611705,0.15649366,0.15684286,0.15715942,0.15743828,0.15767421,0.15786216,0.15799691,0.15807335,0.15808633,0.15803066,0.15790126,0.15769292,0.15740056,0.157019,0.1565431,0.15596773,0.15528768,0.15454474,0.15378463,0.15300816,0.15221623,0.15140966,0.1505893,0.14975595,0.14891051,0.14805378,0.14718665,0.14630993,0.14542453,0.14453119,0.1436308,0.14272426,0.14181237,0.14089593,0.13997588,0.13905297,0.13812812,0.13720211,0.13627584,0.13535014,0.13442586,0.1335038,0.13258484,0.13166985,0.13075961,0.129855,0.12895691,0.12806612,0.12718353,0.12635928,0.1256397,0.1250196,0.12449385,0.1240573,0.12370481,0.12343119,0.12323138,0.12310015,0.12303238,0.12302293,0.123066686,0.12315847,0.123293124,0.12346551
0.1506142,0.15057474,0.1505416,0.1505157,0.15049805,0.1504896,0.15049142,0.15050447,0.15052973,0.15056816,0.1506208,0.1506886,0.1507726,0.15087375,0.15099303,0.15113147,0.15129003,0.15148798,0.15174013,0.1520409,0.15238462,0.15276577,0.1531787,0.15361778,0.15407747,0.15455209,0.15503606,0.15552376,0.15600961,0.15648796,0.15695325,0.15739982,0.15782207,0.15821446,0.15857132,0.15888698,0.159156,0.1593726,0.15953128,0.1596264,0.15965235,0.15960352,0.15947427,0.15925907,0.15895222,0.15854816,0.15804131,0.15742603,0.15669668,0.15589806,0.15507933,0.15424141,0.15338539,0.1525122,0.1516228,0.15071827,0.14979951,0.14886759,0.14792344,0.14696808,0.14600246,0.14502764,0.14404456,0.1430542,0.14205757,0.14105569,0.14004953,0.13904001,0.13802822,0.13701509,0.13600163,0.13498884,0.13397773,0.13296923,0.13196436,0.13096413,0.12996948,0.12898143,0.12800099,0.12702912,0.12606682,0.12516852,0.12438428,0.12370846,0.12313544,0.12265966,0.12227549,0.12197731,0.12175948,0.12161647,0.121542625,0.12153236,0.12158002,0.12168005,0.121826805,0.12201469
0.15111625,0.15107106,0.15103304,0.15100335,0.15098311,0.15097348,0.15097554,0.1509905,0.15101942,0.15106352,0.15112382,0.15120155,0.15129781,0.15141374,0.15155047,0.15170914,0.15189089,0.15211585,0.15239945,0.15273556,0.15311816,0.15354118,0.15399857,0.15448424,0.15499212,0.15551618,0.15605037,0.15658857,0.15712476,0.15765284,0.15816681,0.15866055,0.15912803,0.15956317,0.15995991,0.16031222,0.160614,0.16085917,0.16104168,0.16115555,0.16119462,0.16115284,0.16102415,0.16080254,0.16048191,0.1600562,0.1595193,0.15886521,0.15808788,0.15723495,0.15635899,0.15546106,0.15454231,0.15360393,0.15264702,0.15167265,0.15068208,0.14967637,0.14865662,0.14762405,0.14657976,0.14552484,0.1444605,0.1433878,0.14230798,0.14122209,0.14013124,0.13903663,0.13793938,0.1368406,0.13574144,0.13464306,0.13354656,0.13245308,0.13136376,0.13027973,0.12920214,0.12813213,0.1270708,0.12601931,0.124978796,0.1240078,0.12316007,0.12242953,0.12181015,0.12129585,0.120880574,0.12055828,0.12032284,0.120168254,0.12008842,0.12007728,0.12012884,0.12023693,0.12039557,0.12059868
0.15160657,0.1515556,0.15151274,0.15147929,0.15145648,0.1514456,0.15144795,0.15146478,0.1514974,0.1515471,0.15161507,0.15170269,0.15181121,0.1519419,0.15209602,0.15227488,0.15247975,0.15273169,0.15304655,0.15341784,0.15383904,0.15430363,0.15480511,0.15533696,0.15589269,0.15646578,0.15704973,0.15763801,0.15822412,0.15880153,0.15936378,0.1599043,0.16041663,0.16089424,0.16133066,0.16171929,0.1620537,0.16232733,0.16253369,0.16266626,0.1627186,0.16268411,0.16255626,0.16232866,0.16199471,0.1615479,0.16098177,0.16028975,0.15946542,0.15855928,0.1576271,0.15667023,0.15568988,0.15468739,0.153664,0.15262096,0.1515596,0.15048121,0.14938706,0.1482784,0.14715648,0.14602265,0.14487815,0.14372429,0.14256233,0.14139353,0.14021921,0.13904059,0.13785903,0.13667575,0.13549203,0.13430916,0.13312843,0.13195112,0.13077848,0.12961182,0.12845242,0.12730151,0.12616046,0.12503046,0.12391284,0.12287018,0.12195988,0.12117544,0.12051034,0.11995808,0.11951216,0.11916605,0.118913256,0.11874726,0.11866154,0.11864961,0.11870493,0.11882103,0.11899135,0.119209446
0.15208863,0.15203193,0.15198426,0.15194699,0.15192162,0.15190952,0.15191214,0.15193087,0.15196717,0.15202244,0.1520981,0.15219562,0.15231636,0.15246175,0.15263328,0.1528323,0.15306026,0.15333909,0.15368512,0.15409143,0.15455104,0.15505697,0.15560235,0.15618013,0.15678345,0.15740524,0.15803866,0.15867674,0.15931247,0.15993893,0.16054918,0.16113627,0.16169319,0.16221303,0.16268888,0.1631137,0.16348064,0.1637826,0.16401277,0.16416416,0.16422978,0.16420268,0.16407594,0.16384259,0.16349566,0.16302824,0.16243334,0.16170405,0.16083334,0.15987472,0.15888715,0.15787207,0.1568309,0.15576504,0.15467595,0.15356502,0.15243366,0.1512834,0.15011552,0.14893153,0.14773285,0.14652087,0.14529702,0.14406276,0.14281946,0.1415686,0.14031155,0.13904975,0.13778466,0.13651761,0.13525014,0.1339836,0.13271944,0.13145906,0.13020392,0.1289554,0.12771496,0.12648399,0.12526396,0.12405624,0.1228623,0.1217487,0.1207765,0.119938694,0.11922837,0.11863854,0.118162274,0.11779262,0.117522635,0.11734535,0.11725379,0.11724103,0.11730014,0.11742413,0.117606066,0.11783897
0.15256599,0.15250354,0.15245105,0.15241005,0.15238208,0.15236877,0.15237164,0.15239227,0.15243223,0.15249309,0.15257645,0.15268382,0.15281677,0.1529769,0.15316574,0.15338491,0.15363596,0.15394166,0.15431882,0.15476005,0.15525794,0.15580516,0.15639424,0.15701781,0.1576685,0.15833893,0.15902165,0.15970932,0.16039452,0.16106987,0.16172795,0.16236138,0.16296281,0.16352478,0.16403994,0.1645009,0.1649002,0.16523056,0.1654845,0.16565466,0.16573362,0.165714,0.16558847,0.16534954,0.16498987,0.16450207,0.1638787,0.16311243,0.16219583,0.16118513,0.16014259,0.15906973,0.15796812,0.15683937,0.15568501,0.1545066,0.15330575,0.15208401,0.15084292,0.14958407,0.14830899,0.14701934,0.14571661,0.14440234,0.1430782,0.14174567,0.14040637,0.13906185,0.13771366,0.13636336,0.13501257,0.1336628,0.13231565,0.13097267,0.12963547,0.12830555,0.12698452,0.12567396,0.124375395,0.12309043,0.12182061,0.12063651,0.11960273,0.11871189,0.11795657,0.11732942,0.11682301,0.11642995,0.11614283,0.11595433,0.115856975,0.11584345,0.11590626,0.116038114,0.11623156,0.1164792
0.15304218,0.152974,0.15291667,0.15287189,0.15284136,0.15282682,0.15282996,0.15285249,0.15289614,0.15296258,0.15305358,0.15317082,0.15331599,0.15349083,0.15369707,0.15393639,0.1542105,0.15454303,0.1549513,0.15542743,0.1559636,0.156552,0.15718481,0.15785414,0.1585522,0.15927115,0.16000316,0.16074039,0.161475,0.16219915,0.16290504,0.16358483,0.16423067,0.16483475,0.16538921,0.16588622,0.166318,0.16667666,0.16695438,0.16714333,0.16723566,0.16722356,0.16709922,0.16685478,0.16648239,0.16597424,0.16532253,0.16451937,0.16355693,0.16249429,0.16139686,0.16026632,0.15910442,0.15791288,0.15669335,0.15544757,0.15417731,0.15288423,0.15157,0.15023641,0.14888512,0.14751786,0.14613631,0.14474224,0.14333732,0.14192328,0.14050181,0.13907467,0.13764349,0.13621007,0.13477607,0.13334319,0.13191317,0.13048771,0.12906855,0.12765737,0.12625585,0.12486578,0.123488836,0.12212671,0.12078111,0.1195266,0.11843136,0.11748755,0.116687335,0.11602288,0.115486346,0.115069896,0.11476576,0.11456604,0.114462905,0.11444854,0.11451511,0.11465481,0.11485974,0.11512215
0.1535207,0.15344678,0.15338464,0.1533361,0.15330303,0.15328725,0.15329063,0.15331507,0.1533624,0.15343443,0.15353307,0.15366018,0.15381761,0.15400714,0.15423074,0.15449019,0.15478739,0.1551468,0.1555862,0.1560973,0.15667179,0.15730149,0.15797801,0.15869321,0.1594387,0.16020629,0.16098763,0.1617745,0.1625586,0.16333169,0.16408546,0.16481166,0.16550201,0.16614822,0.16674206,0.16727522,0.16773945,0.16812643,0.16842793,0.16863565,0.16874136,0.16873673,0.16861354,0.16836348,0.1679783,0.16744971,0.16676942,0.1659292,0.16492076,0.16380596,0.16265342,0.16146505,0.1602426,0.15898804,0.15770313,0.15638982,0.15504988,0.15368524,0.15229765,0.15088907,0.1494613,0.1480162,0.14655569,0.14508153,0.14359565,0.14209986,0.14059603,0.13908601,0.13757166,0.13605484,0.13453741,0.13302119,0.1315081,0.12999994,0.12849855,0.12700586,0.1255237,0.12405389,0.122598276,0.121158764,0.11973721,0.11841207,0.11725519,0.11625827,0.115413,0.11471114,0.1141444,0.11370454,0.113383256,0.11317229,0.11306336,0.1130482,0.11311854,0.11326606,0.11348255,0.113759704
0.15400514,0.15392548,0.1538585,0.15380615,0.15377049,0.15375349,0.15375718,0.15378349,0.15383449,0.15391217,0.15401846,0.15415545,0.1543251,0.1545294,0.15477036,0.15505001,0.1553703,0.15575662,0.15622722,0.15677334,0.15738633,0.1580574,0.15877792,0.1595391,0.16033225,0.16114862,0.16197957,0.1628163,0.16365011,0.16447231,0.16527419,0.16604698,0.16678199,0.16747053,0.16810387,0.16867328,0.16917,0.16958539,0.1699107,0.17013721,0.17025621,0.17025894,0.17013673,0.1698809,0.16948265,0.1689333,0.16822411,0.16734642,0.16629143,0.16512394,0.16391581,0.16266896,0.16138546,0.16006733,0.15871654,0.15733506,0.15592495,0.15448815,0.15302667,0.15154257,0.1500378,0.14851435,0.14697422,0.14541945,0.143852,0.14227389,0.14068711,0.1390937,0.13749556,0.1358948,0.13429336,0.13269326,0.1310965,0.12950505,0.12792093,0.12634617,0.124782726,0.12323261,0.12169783,0.1201804,0.11868227,0.11728601,0.11606703,0.11501655,0.114125915,0.113386385,0.11278924,0.112325765,0.111987226,0.11176493,0.11165014,0.11163417,0.111708276,0.111863725,0.11209183,0.112383865
0.15449896,0.15441358,0.15434171,0.15428561,0.15424737,0.15422913,0.15423305,0.15426132,0.154316,0.15439926,0.15451328,0.15466015,0.15484202,0.15506111,0.15531947,0.15561931,0.15596274,0.15637603,0.15687798,0.15745933,0.15811099,0.15882376,0.15958849,0.16039595,0.16123708,0.1621026,0.16298339,0.16387033,0.16475421,0.16562586,0.16647615,0.16729584,0.16807584,0.16880694,0.16947997,0.17008579,0.17061518,0.17105906,0.1714082,0.17165348,0.17178565,0.1717956,0.1716742,0.17141221,0.1710005,0.1704299,0.16969123,0.16877536,0.16767307,0.166452,0.16518739,0.16388126,0.16253586,0.16115327,0.1597357,0.15828519,0.15680398,0.15529418,0.15375793,0.15219739,0.15061465,0.14901195,0.14739136,0.14575507,0.14410518,0.14244385,0.14077322,0.13909546,0.13741268,0.13572703,0.1340407,0.13235581,0.13067445,0.1289988,0.12733108,0.12567332,0.12402771,0.122396395,0.12078153,0.11918524,0.11760969,0.11614146,0.114859626,0.11375501,0.11281846,0.112040795,0.11141288,0.11092551,0.11056951,0.110335745,0.11021507,0.11019826,0.11027619,0.11043966,0.11067956,0.11098661
0.15500572,0.15491453,0.15483788,0.15477797,0.15473713,0.1547177,0.15472187,0.154752,0.15481038,0.15489928,0.155021,0.1551778,0.15537198,0.15560584,0.15588167,0.15620176,0.15656838,0.1570088,0.1575422,0.15815903,0.15884964,0.15960437,0.16041367,0.16126786,0.16215734,0.16307247,0.16400367,0.16494127,0.16587567,0.16679722,0.16769631,0.16856337,0.16938868,0.17016266,0.17087576,0.17151822,0.1720805,0.17255299,0.17292598,0.17318995,0.17333522,0.17335218,0.17323121,0.17296268,0.17253695,0.17194442,0.17117545,0.17022042,0.16906977,0.16779399,0.16647165,0.16510509,0.16369657,0.16224833,0.16076274,0.15924205,0.15768853,0.15610448,0.15449223,0.15285404,0.15119216,0.14950895,0.14780663,0.14608756,0.14435397,0.14260817,0.14085247,0.13908912,0.13732044,0.1355487,0.1337762,0.13200523,0.13023807,0.12847702,0.12672436,0.12498238,0.12325338,0.121539615,0.119843446,0.118167065,0.11651285,0.1149715,0.11362581,0.11246618,0.11148298,0.110666595,0.11000738,0.10949573,0.10912203,0.10887663,0.10874992,0.108732276,0.108814076,0.10898571,0.109237514,0.10955989
0.15552896,0.155432,0.15535043,0.15528671,0.15524332,0.15522264,0.1552271,0.15525913,0.1553212,0.15541576,0.15554518,0.15571192,0.15591843,0.15616716,0.15646051,0.1568009,0.1571908,0.1576584,0.15822351,0.15887606,0.15960595,0.16040315,0.16125745,0.1621589,0.16309732,0.16406265,0.16504478,0.16603367,0.16701917,0.1679912,0.1689397,0.16985461,0.17072576,0.1715431,0.17229655,0.17297602,0.17357141,0.17407262,0.1744696,0.17475219,0.1749104,0.17493406,0.17481314,0.17453745,0.17409702,0.17348173,0.17268144,0.17168608,0.1704856,0.16915359,0.16777213,0.16634358,0.16487038,0.16335502,0.16179988,0.1602074,0.15858005,0.15692024,0.1552304,0.15351297,0.15177043,0.15000509,0.1482195,0.14641607,0.1445972,0.14276536,0.14092295,0.13907246,0.13721628,0.13535684,0.13349661,0.13163799,0.12978345,0.12793536,0.12609622,0.12426843,0.122454435,0.1206567,0.11887759,0.11711959,0.115385115,0.11376915,0.112358354,0.11114261,0.11011184,0.10925594,0.108564824,0.10802841,0.10763662,0.10737934,0.1072465,0.10722801,0.107313775,0.107493676,0.10775769,0.10809568
0.15607217,0.15596938,0.15588292,0.15581544,0.15576944,0.15574749,0.15575223,0.1557862,0.15585198,0.15595217,0.15608938,0.1562661,0.15648499,0.15674861,0.1570595,0.1574203,0.15783355,0.15832849,0.1589256,0.15961425,0.1603839,0.161224,0.16212395,0.16307323,0.16406126,0.16507746,0.16611126,0.16715212,0.16818947,0.1692127,0.17021127,0.17117465,0.17209221,0.17295347,0.17374775,0.17446461,0.17509338,0.17562352,0.17604451,0.17634575,0.17651664,0.17654666,0.1764253,0.17614184,0.17568584,0.1750467,0.17421383,0.17317669,0.1719247,0.17053469,0.16909221,0.16759984,0.16606018,0.16447577,0.16284926,0.16118312,0.15948005,0.15774257,0.15597327,0.15417475,0.15234956,0.15050025,0.14862947,0.14673975,0.14483368,0.14291388,0.14098288,0.13904332,0.1370977,0.13514861,0.13319871,0.13125053,0.12930663,0.12736961,0.12544207,0.12352656,0.121625654,0.119741954,0.11787806,0.116036505,0.114219904,0.11252757,0.11105009,0.10977688,0.10869738,0.10780103,0.107077256,0.1065155,0.10610516,0.105835736,0.10569661,0.10567725,0.10576705,0.10595549,0.10623196,0.10658593
0.15663889,0.1565303,0.15643895,0.1563676,0.15631898,0.1562958,0.15630081,0.15633671,0.15640621,0.15651211,0.15665708,0.15684386,0.15707515,0.15735373,0.15768225,0.15806355,0.15850027,0.15902275,0.15965205,0.16037722,0.16118714,0.16207077,0.16301705,0.16401492,0.16505332,0.16612123,0.16720752,0.16830124,0.16939126,0.17046653,0.171516,0.17252861,0.1734933,0.17439903,0.17523476,0.17598937,0.17665188,0.17721123,0.1776563,0.17797607,0.17815948,0.17819548,0.178073,0.17778103,0.17730844,0.17664422,0.1757773,0.17469662,0.1733912,0.17194101,0.17043537,0.16887704,0.16726874,0.16561314,0.16391303,0.16217108,0.16039005,0.1585727,0.15672168,0.15483983,0.15292975,0.15099423,0.14903599,0.14705776,0.14506224,0.1430522,0.14103034,0.13899937,0.13696209,0.13492113,0.13287927,0.13083926,0.12880374,0.12677553,0.12475728,0.12275181,0.12076173,0.11878987,0.11683889,0.114911556,0.11301057,0.11123976,0.10969377,0.10836152,0.10723197,0.10629405,0.1055367,0.10494889,0.104519546,0.104237646,0.104092054,0.104071796,0.10416576,0.104362935,0.104652226,0.10502261
0.15723267,0.1571182,0.15702194,0.15694675,0.15689549,0.15687105,0.15687633,0.15691416,0.15698744,0.15709905,0.15725185,0.15744871,0.15769246,0.15798607,0.15833236,0.15873422,0.1591945,0.15974468,0.16040665,0.16116877,0.16201955,0.16294742,0.16394077,0.16498809,0.16607781,0.16719832,0.16833812,0.16948561,0.1706293,0.17175755,0.1728588,0.17392153,0.17493413,0.17588513,0.17676285,0.17755583,0.17825247,0.17884119,0.17931044,0.17964868,0.17984435,0.17988585,0.17976163,0.17946018,0.17896986,0.17827918,0.17737654,0.17625035,0.17488913,0.17337634,0.1718051,0.17017832,0.16849884,0.16676955,0.1649933,0.16317303,0.16131157,0.15941173,0.15747648,0.15550867,0.15351118,0.15148684,0.14943856,0.1473692,0.14528166,0.14317878,0.14106345,0.13893855,0.1368069,0.13467145,0.13253507,0.13040055,0.12827086,0.12614882,0.12403733,0.121939234,0.11985741,0.11779477,0.11575416,0.113738455,0.11175051,0.109898835,0.10828221,0.1068891,0.10570795,0.1047272,0.10393527,0.103320606,0.10287165,0.10257685,0.10242462,0.102403425,0.102501705,0.10270787,0.10301038,0.103397675
0.15785705,0.15773666,0.15763542,0.15755638,0.15750247,0.15747678,0.15748236,0.15752211,0.1575992,0.15771651,0.15787716,0.15808415,0.15834053,0.15864925,0.15901336,0.1594359,0.15991987,0.16049802,0.16119298,0.16199264,0.16288494,0.16385777,0.16489913,0.1659968,0.16713884,0.16831309,0.16950746,0.17070986,0.1719083,0.17309059,0.17424469,0.17535852,0.17641997,0.177417,0.17833748,0.17916937,0.17990059,0.180519,0.18101257,0.18136916,0.18157676,0.18162325,0.18149653,0.18118455,0.18067527,0.17995648,0.17901617,0.17784226,0.17642267,0.1748445,0.17320487,0.1715068,0.16975336,0.16794752,0.16609235,0.16419084,0.16224597,0.16026086,0.1582385,0.15618184,0.154094,0.15197793,0.14983669,0.14767328,0.14549075,0.14329208,0.14108032,0.13885853,0.13662964,0.13439673,0.13216282,0.12993094,0.12770407,0.12548526,0.12327756,0.12108393,0.11890742,0.11675108,0.1146179,0.112510905,0.11043311,0.10849782,0.10680821,0.105352186,0.10411771,0.10309266,0.10226497,0.10162256,0.10115333,0.10084522,0.10068613,0.10066398,0.10076667,0.10098216,0.101298325,0.101703115
0.15851548,0.15838918,0.15828297,0.1582,0.15814348,0.15811652,0.15812233,0.15816408,0.15824494,0.15836805,0.15853661,0.15875383,0.15902278,0.15934673,0.1597288,0.16017213,0.16067998,0.16128632,0.1620147,0.1628525,0.16378707,0.1648058,0.16589606,0.16704525,0.16824073,0.16946985,0.17072001,0.17197861,0.173233,0.17447054,0.17567864,0.17684466,0.17795597,0.17899995,0.17996398,0.18083544,0.18160167,0.18225011,0.18276808,0.18314299,0.1833622,0.18341307,0.18328303,0.18295941,0.18242958,0.18168095,0.18070088,0.17947672,0.1779959,0.17634924,0.17463808,0.17286564,0.17103508,0.16914955,0.16721223,0.1652263,0.16319491,0.16112126,0.1590085,0.15685982,0.15467836,0.15246731,0.15022984,0.14796911,0.14568833,0.1433906,0.14107916,0.13875714,0.13642772,0.13409406,0.13175936,0.12942678,0.12709947,0.12478063,0.122473404,0.12018098,0.11790651,0.11565319,0.11342417,0.11122263,0.10905175,0.107029796,0.10526454,0.10374334,0.10245358,0.101382636,0.10051789,0.09984671,0.09935648,0.09903457,0.09886835,0.0988452,0.0989525,0.09917764,0.099507965,0.09993086
0.15915054,0.15901868,0.15890776,0.15882112,0.15876207,0.15873395,0.15874,0.1587836,0.15886803,0.15899655,0.15917261,0.15939939,0.15968028,0.16001855,0.16041748,0.16088046,0.16141073,0.16204368,0.16280364,0.16367751,0.16465215,0.16571437,0.16685107,0.16804908,0.16929531,0.17057653,0.1718797,0.17319158,0.17449911,0.17578912,0.17704849,0.17826404,0.17942259,0.18051115,0.18151636,0.18242532,0.18322472,0.18390146,0.18444243,0.18483444,0.18506438,0.18511909,0.18498546,0.18465033,0.18410057,0.18332303,0.18230455,0.18103203,0.17949224,0.17777976,0.17599991,0.1741561,0.1722516,0.1702897,0.16827369,0.16620697,0.16409272,0.16193438,0.1597352,0.15749845,0.15522756,0.15292571,0.1505963,0.14824264,0.14586794,0.14347565,0.14106897,0.1386513,0.13622585,0.133796,0.13136503,0.12893632,0.1265131,0.1240987,0.12169646,0.11930964,0.116941616,0.11459564,0.11227508,0.10998317,0.10772328,0.10561849,0.10378091,0.10219738,0.10085477,0.09973994,0.098839775,0.0981411,0.09763078,0.09729567,0.097122654,0.097098544,0.09721025,0.09744461,0.09778847,0.0982287
0.15970497,0.15956825,0.1594532,0.15936337,0.15930215,0.15927295,0.15927926,0.15932447,0.159412,0.15954533,0.15972789,0.15996304,0.16025428,0.16060504,0.16101876,0.16149883,0.1620487,0.16270487,0.16349244,0.16439779,0.16540737,0.1665076,0.16768482,0.16892548,0.17021593,0.1715427,0.17289212,0.17425057,0.17560452,0.1769403,0.17824441,0.17950322,0.18070306,0.18183047,0.18287174,0.18381338,0.18464169,0.18534318,0.1859042,0.18631117,0.18655048,0.18660854,0.18647178,0.18612663,0.18555944,0.18475664,0.18370461,0.18238984,0.18079863,0.17902866,0.17718889,0.17528275,0.17331368,0.1712851,0.16920039,0.16706306,0.16487657,0.16264425,0.16036962,0.15805604,0.15570702,0.15332593,0.15091625,0.14848138,0.1460248,0.1435499,0.1410601,0.13855886,0.13604961,0.13353579,0.13102081,0.12850812,0.12600116,0.123503365,0.12101816,0.11854896,0.11609922,0.11367237,0.111271836,0.10890107,0.10656347,0.10438635,0.10248562,0.10084767,0.09945894,0.09830583,0.09737469,0.09665203,0.096124165,0.095777534,0.09559856,0.095573634,0.095689185,0.09593159,0.096287265,0.09674262
0.16018273,0.16004182,0.15992326,0.15983064,0.15976755,0.15973747,0.15974395,0.15979055,0.1598808,0.1600182,0.16020635,0.16044873,0.16074893,0.16111048,0.16153686,0.1620317,0.16259849,0.16327468,0.16408597,0.1650185,0.1660582,0.16719113,0.16840328,0.1696807,0.17100936,0.1723753,0.17376456,0.17516313,0.17655706,0.17793237,0.179275,0.18057102,0.18180647,0.1829674,0.1840397,0.1850095,0.18586276,0.18658558,0.18716384,0.1875837,0.18783112,0.18789206,0.18775262,0.18739879,0.18681662,0.18599202,0.18491113,0.18355991,0.18192439,0.18010491,0.17821345,0.17625362,0.17422892,0.17214285,0.16999897,0.16780086,0.165552,0.16325597,0.1609163,0.15853655,0.15612017,0.15367082,0.15119198,0.14868717,0.14615993,0.14361385,0.14105241,0.13847919,0.13589773,0.13331151,0.13072415,0.12813912,0.12556,0.12299033,0.12043361,0.11789342,0.11537327,0.11287673,0.11040731,0.107968554,0.10556402,0.10332458,0.10136941,0.09968459,0.09825609,0.09706994,0.09611217,0.09536881,0.09482585,0.09446932,0.09428519,0.09425956,0.094378404,0.09462776,0.09499361,0.09546202
0.16058783,0.16044329,0.16032176,0.1602268,0.16016215,0.16013129,0.16013795,0.16018571,0.16027826,0.16041912,0.16061202,0.16086054,0.16116834,0.16153899,0.16197617,0.16248353,0.16306461,0.16375777,0.16458923,0.1655448,0.16661003,0.16777067,0.16901244,0.17032099,0.17168206,0.17308126,0.17450427,0.17593686,0.17736466,0.17877346,0.18014877,0.1814764,0.18274203,0.1839313,0.18502995,0.18602365,0.1868981,0.18763891,0.18823189,0.18866265,0.18891688,0.18898028,0.18883857,0.1884774,0.18788247,0.18703946,0.18593407,0.18455197,0.18287888,0.18101743,0.17908216,0.17707679,0.1750049,0.17287005,0.17067605,0.16842633,0.1661247,0.16377465,0.16137981,0.1589439,0.15647049,0.15396325,0.15142573,0.14886162,0.14627452,0.14366809,0.14104593,0.13841167,0.13576895,0.13312139,0.13047263,0.12782629,0.12518597,0.12255536,0.11993803,0.11733764,0.1147578,0.11220215,0.10967431,0.10717793,0.10471662,0.102424316,0.10042304,0.09869845,0.097236246,0.09602212,0.09504175,0.09428084,0.09372505,0.0933601,0.093171656,0.093145415,0.09326707,0.0935223,0.09389679,0.09437624
0.1609242,0.16077672,0.1606527,0.1605558,0.16048978,0.16045833,0.16046509,0.16051383,0.16060826,0.16075204,0.16094886,0.16120249,0.16151658,0.16189486,0.16234097,0.16285865,0.16345167,0.16415891,0.16500713,0.16598178,0.16706818,0.1682519,0.16951826,0.17085269,0.1722406,0.17366739,0.1751185,0.17657933,0.17803532,0.17947182,0.1808743,0.1822282,0.18351886,0.18473172,0.18585221,0.18686576,0.18775775,0.18851359,0.18911871,0.18955854,0.18981846,0.1898839,0.18974029,0.18937305,0.18876754,0.1879092,0.18678346,0.18537572,0.18367141,0.1817751,0.17980349,0.1777603,0.1756492,0.17347397,0.17123826,0.16894577,0.16660023,0.16420531,0.16176471,0.15928218,0.1567614,0.15420605,0.15161984,0.14900647,0.14636968,0.14371315,0.14104053,0.1383556,0.13566203,0.13296354,0.13026378,0.12756653,0.1248754,0.12219416,0.11952652,0.11687614,0.11424674,0.111642025,0.1090657,0.106521435,0.10401299,0.10167681,0.09963724,0.09787961,0.09638943,0.09515207,0.09415292,0.09337745,0.092811026,0.09243908,0.09224703,0.09222029,0.09234428,0.09260438,0.09298604,0.093474686
0.1611958,0.16104594,0.16091987,0.16082144,0.16075434,0.16072237,0.16072927,0.1607788,0.16087474,0.16102086,0.16122086,0.16147861,0.16179776,0.16218214,0.1626355,0.16316158,0.16376418,0.16448279,0.16534454,0.1663346,0.16743821,0.16864048,0.1699267,0.17128202,0.17269161,0.17414068,0.17561446,0.1770981,0.17857681,0.18003577,0.18146016,0.18283524,0.18414612,0.18537802,0.18651617,0.1875457,0.18845186,0.18921985,0.18983479,0.19028194,0.19054645,0.19061354,0.19046839,0.19009618,0.18948215,0.18861148,0.1874693,0.18604088,0.18431139,0.1823869,0.1803859,0.17831218,0.1761695,0.1739616,0.17169222,0.1693652,0.1669842,0.16455305,0.16207552,0.15955535,0.15699627,0.15440209,0.15177655,0.14912346,0.14644653,0.14374949,0.1410362,0.13831033,0.13557568,0.13283606,0.13009514,0.12735674,0.12462464,0.12190255,0.119194224,0.116503485,0.113834076,0.11118974,0.10857424,0.10599134,0.10344484,0.10107322,0.099002704,0.09721844,0.09570564,0.094449505,0.09343521,0.092647985,0.09207297,0.091695376,0.091500424,0.091473304,0.09159914,0.09186321,0.09225066,0.092746705
0.1614066,0.16125488,0.16112728,0.16102761,0.16095968,0.16092731,0.16093428,0.16098446,0.16108158,0.16122948,0.161432,0.16169287,0.162016,0.16240516,0.1628641,0.16339667,0.16400675,0.16473418,0.16560641,0.16660847,0.16772531,0.1689421,0.17024373,0.17161523,0.17304169,0.17450805,0.17599936,0.17750074,0.17899707,0.18047346,0.1819149,0.18330635,0.18463296,0.18587963,0.1870315,0.18807349,0.18899062,0.189768,0.19039054,0.1908434,0.19111149,0.19117981,0.19103354,0.19065751,0.19003683,0.18915656,0.18800166,0.18655714,0.1848081,0.18286176,0.18083797,0.17874055,0.17657329,0.17434005,0.17204459,0.1696907,0.16728221,0.16482295,0.1623167,0.15976733,0.15717857,0.15455428,0.1518982,0.14921422,0.14650613,0.14377773,0.14103281,0.1382752,0.13550869,0.1327371,0.12996423,0.12719394,0.12442998,0.12167617,0.11893632,0.11621426,0.11351378,0.110838674,0.10819279,0.10557991,0.10300385,0.10060474,0.09851023,0.096705265,0.09517494,0.093904234,0.09287819,0.09208181,0.09150014,0.091118164,0.09092095,0.09089349,0.09102081,0.09128794,0.09167989,0.09218167
0.16156055,0.16140749,0.16127874,0.1611782,0.16110969,0.16107701,0.16108407,0.16113462,0.16123265,0.16138187,0.16158617,0.16184942,0.16217545,0.16256803,0.16303109,0.16356844,0.16418394,0.16491784,0.16579771,0.16680849,0.1679351,0.16916236,0.17047524,0.17185861,0.17329738,0.17477638,0.17628057,0.17779484,0.17930406,0.18079315,0.182247,0.18365051,0.18498853,0.18624602,0.18740785,0.18845895,0.18938413,0.1901684,0.19079652,0.1912535,0.19152418,0.19159348,0.19144627,0.19106747,0.19044198,0.18955468,0.18839046,0.18693425,0.18517087,0.1832086,0.1811682,0.17905341,0.17686825,0.17461647,0.17230193,0.16992845,0.1674999,0.16502011,0.1624929,0.15992218,0.15731172,0.15466541,0.15198706,0.14928056,0.1465497,0.14379832,0.14103033,0.13824952,0.13545974,0.13266484,0.12986864,0.127075,0.12428781,0.12151082,0.11874796,0.116003,0.11327983,0.11058228,0.107914194,0.1052794,0.10268176,0.10026256,0.09815051,0.09633046,0.094787285,0.093505956,0.092471324,0.091668285,0.09108173,0.09069657,0.090497695,0.09047001,0.090598375,0.09086776,0.09126298,0.091768965
0.16166168,0.16150768,0.16137822,0.16127709,0.16120815,0.16117531,0.16118239,0.16123328,0.16133185,0.16148198,0.16168743,0.16195221,0.16228013,0.162675,0.16314074,0.1636812,0.1643003,0.16503839,0.16592333,0.16693984,0.16807285,0.16930702,0.17062725,0.17201845,0.17346522,0.17495255,0.17646517,0.17798795,0.17950563,0.18100308,0.1824651,0.18387644,0.18522206,0.18648663,0.18765505,0.18871203,0.18964253,0.1904313,0.1910631,0.1915228,0.19179517,0.19186507,0.19171733,0.19133669,0.19070804,0.18981609,0.1886458,0.18718185,0.18540911,0.18343635,0.18138498,0.1792589,0.17706196,0.17479801,0.1724709,0.17008458,0.16764283,0.16514955,0.1626086,0.16002385,0.15739916,0.1547384,0.15204541,0.14932407,0.14657831,0.14381188,0.14102873,0.13823265,0.1354276,0.1326174,0.12980586,0.12699693,0.12419444,0.12140227,0.118624255,0.11586428,0.11312622,0.110413924,0.107731245,0.105082065,0.102470264,0.100037865,0.09791427,0.09608432,0.09453275,0.09324443,0.09220412,0.09139671,0.090806976,0.09041971,0.090219766,0.09019192,0.09032103,0.09059185,0.090989225,0.091497965
0.16171385,0.16155946,0.16142961,0.16132815,0.161259,0.16122605,0.16123317,0.16128422,0.16138308,0.16153361,0.16173974,0.16200528,0.16233414,0.1627302,0.16319734,0.16373943,0.16436034,0.16510065,0.16598813,0.16700768,0.16814391,0.16938171,0.1707058,0.17210092,0.17355196,0.17504355,0.17656052,0.17808765,0.17960972,0.18111147,0.18257773,0.18399315,0.18534262,0.18661086,0.18778266,0.18884277,0.18977597,0.19056705,0.19120075,0.19166183,0.19193512,0.1920053,0.19185728,0.19147569,0.19084539,0.18995108,0.1887776,0.18730973,0.18553214,0.18355398,0.18149693,0.179365,0.17716193,0.17489171,0.17255816,0.17016517,0.16771664,0.1652164,0.16266835,0.16007635,0.1574443,0.15477608,0.15207553,0.14934655,0.14659305,0.14381889,0.1410279,0.13822398,0.135411,0.13259289,0.12977345,0.12695663,0.12414625,0.12134622,0.11856039,0.11579265,0.113046885,0.11032697,0.10763678,0.104980186,0.10236105,0.09992186,0.09779233,0.09595723,0.094401315,0.093109384,0.09206618,0.0912565,0.0906651,0.090276785,0.09007626,0.09004834,0.09017778,0.09044937,0.09084786,0.09135804
0.16172117,0.16156664,0.16143675,0.16133527,0.16126612,0.16123313,0.16124026,0.16129132,0.1613902,0.1615408,0.16174701,0.16201268,0.16234165,0.1627379,0.16320522,0.16374755,0.16436872,0.1651093,0.16599718,0.1670171,0.16815382,0.16939211,0.17071673,0.17211244,0.17356402,0.1750562,0.17657378,0.17810155,0.17962418,0.18112658,0.1825934,0.18400937,0.18535943,0.18662815,0.18780044,0.18886098,0.18979456,0.19058593,0.19121991,0.1916812,0.19195461,0.19202489,0.1918768,0.19149506,0.1908645,0.1899699,0.18879595,0.18732749,0.18554924,0.18357031,0.1815125,0.17937978,0.17717583,0.17490478,0.17257035,0.1701764,0.16772693,0.1652257,0.16267666,0.16008367,0.15745062,0.15478134,0.15207975,0.14934967,0.14659512,0.14381984,0.14102775,0.13822275,0.13540868,0.13258947,0.12976895,0.12695101,0.12413954,0.12133841,0.11855151,0.1157827,0.11303584,0.11031488,0.10762362,0.10496601,0.10234584,0.09990571,0.09777535,0.095939524,0.094383016,0.093090594,0.09204699,0.09123699,0.090645365,0.09025687,0.090056285,0.09002834,0.09015784,0.090429544,0.09082818,0.09133855
0.16168742,0.16153325,0.16140358,0.16130228,0.16123326,0.16120037,0.16120745,0.16125841,0.16135716,0.16150744,0.16171323,0.1619784,0.16230676,0.16270226,0.1631687,0.16370997,0.16432993,0.16506915,0.16595533,0.16697334,0.16810791,0.16934389,0.17066604,0.17205915,0.17350806,0.17499746,0.17651226,0.17803718,0.17955703,0.18105659,0.1825207,0.18393408,0.18528157,0.18654796,0.18771803,0.18877658,0.1897084,0.19049828,0.19113104,0.19159143,0.19186428,0.19193432,0.19178638,0.19140533,0.19077584,0.18988277,0.18871085,0.187245,0.18546982,0.1834944,0.18144023,0.17931125,0.17711131,0.17484426,0.17251399,0.17012435,0.16767927,0.16518256,0.16263807,0.16004977,0.15742144,0.154757,0.15206029,0.1493352,0.14658558,0.14381534,0.14102831,0.13822837,0.1354194,0.13260527,0.12978987,0.12697703,0.12417066,0.12137459,0.11859271,0.11582894,0.113087036,0.11037099,0.107684605,0.10503177,0.102416344,0.099980585,0.09785407,0.09602157,0.09446787,0.093177766,0.09213604,0.09132751,0.09073694,0.09034916,0.09014892,0.09012104,0.090250306,0.0905215,0.09091944,0.09142888
0.16161671,0.16146319,0.16133401,0.16123314,0.16116437,0.16113164,0.16113868,0.16118944,0.16128774,0.16143747,0.16164245,0.1619065,0.16223358,0.16262743,0.16309203,0.16363108,0.16424856,0.1649848,0.1658675,0.16688146,0.1680116,0.16924272,0.1705597,0.17194739,0.17339064,0.17487426,0.17638314,0.17790215,0.17941606,0.18090978,0.18236814,0.18377602,0.18511827,0.18637972,0.18754517,0.18859956,0.18952772,0.19031444,0.19094463,0.1914031,0.19167474,0.19174436,0.19159687,0.19121704,0.19058979,0.18969992,0.18853232,0.18707182,0.18530324,0.18333511,0.18128863,0.17916757,0.17697588,0.17471732,0.17239583,0.17001519,0.16757931,0.16509204,0.1625572,0.15997869,0.1573603,0.15470596,0.15201946,0.14930472,0.1465656,0.14380588,0.14102945,0.13824014,0.13544188,0.13263847,0.12983377,0.12703165,0.12423595,0.12145051,0.11867923,0.11592592,0.113194495,0.11048876,0.107812546,0.10516977,0.10256426,0.10013774,0.09801928,0.0961937,0.09464589,0.093360655,0.092322886,0.091517426,0.0909291,0.09054278,0.0903433,0.09031552,0.09044429,0.09071448,0.09111089,0.09161841
0.16151299,0.16136032,0.16123195,0.16113167,0.16106333,0.16103075,0.16103779,0.16108824,0.16118596,0.1613348,0.16153853,0.16180104,0.16212617,0.1625177,0.1629795,0.16351536,0.1641292,0.16486107,0.16573861,0.1667467,0.16787028,0.1690943,0.1704037,0.1717834,0.17321835,0.17469347,0.17619367,0.17770395,0.1792092,0.18069436,0.18214437,0.18354417,0.18487865,0.18613283,0.18729158,0.18833983,0.18926255,0.19004464,0.19067109,0.19112678,0.19139665,0.19146565,0.19131872,0.19094078,0.1903168,0.18943167,0.18827033,0.18681769,0.18505877,0.18310142,0.18106614,0.17895679,0.17677712,0.17453106,0.17222239,0.16985497,0.16743264,0.16495919,0.16243847,0.15987432,0.15727058,0.15463106,0.15195963,0.14926006,0.14653623,0.14379197,0.14103109,0.13825744,0.13547486,0.13268715,0.12989819,0.12711178,0.124331735,0.121561944,0.11880616,0.116068274,0.11335212,0.11066152,0.10800027,0.10537226,0.10278129,0.10036831,0.098261654,0.09644626,0.094907075,0.09362903,0.092597045,0.09179606,0.09121102,0.090826854,0.0906285,0.09060088,0.09072892,0.0909976,0.09139182,0.09189648
0.16138017,0.16122869,0.1611013,0.16100174,0.16093394,0.1609016,0.16090858,0.16095865,0.16105565,0.16120334,0.1614055,0.16166602,0.16198865,0.16237721,0.16283546,0.16336724,0.16397634,0.16470264,0.16557358,0.16657414,0.16768934,0.16890427,0.17020397,0.17157346,0.17299779,0.17446198,0.17595112,0.17745022,0.1789444,0.18041857,0.18185785,0.18324728,0.1845719,0.18581676,0.18696684,0.18800728,0.18892309,0.18969925,0.1903209,0.19077298,0.19104064,0.19110882,0.19096264,0.19058712,0.18996727,0.18908821,0.1879349,0.18649243,0.1847458,0.1828022,0.18078129,0.17868686,0.17652267,0.17429258,0.1720004,0.16964987,0.16724484,0.16478908,0.16228646,0.15974073,0.15715572,0.15453517,0.15188295,0.14920287,0.14649867,0.14377418,0.1410332,0.13827959,0.1355171,0.1327495,0.12998067,0.12721436,0.1244544,0.12170455,0.11896867,0.116250515,0.113553934,0.1108827,0.10824063,0.10563151,0.10305914,0.10066348,0.09857197,0.09676961,0.09524149,0.09397261,0.09294804,0.092152804,0.09157197,0.091190554,0.09099362,0.0909662,0.091093324,0.09136006,0.09175145,0.09225252
