0.08332028,0.082618974,0.08202919,0.08156849,0.08125452,0.081104875,0.08113715,0.08136897,0.08181791,0.082501605,0.08343767,0.084643684,0.08613727,0.087936014,0.090057544,0.09251947,0.095339365,0.098423526,0.101656266,0.10502217,0.108505905,0.11209209,0.115765385,0.11951035,0.1233117,0.12715402,0.13102199,0.13490015,0.1387732,0.14262576,0.14644249,0.15020798,0.15390685,0.15752377,0.16104339,0.16445029,0.16772911,0.1708645,0.17384109,0.1766435,0.1792564,0.18166436,0.18385208,0.18580413,0.18750519,0.18893985,0.19009277,0.1909486,0.19149192,0.19168903,0.19152813,0.19102685,0.19020279,0.18907358,0.18765676,0.18597002,0.18403095,0.18185708,0.1794661,0.17687558,0.17410313,0.17116633,0.16808283,0.16487025,0.16154613,0.15812811,0.15463383,0.15108082,0.14748675,0.1438692,0.1402458,0.13663411,0.13305177,0.1295164,0.12604558,0.12265689,0.11936801,0.11619649,0.11315994,0.11027598,0.1075622,0.10510076,0.1029518,0.10109995,0.09952987,0.09822614,0.09717345,0.09635638,0.09575959,0.09536769,0.09516536,0.09513717,0.095267795,0.09554187,0.095943995,0.09645883
0.08280966,0.082100004,0.0815032,0.08103702,0.08071933,0.08056789,0.08060055,0.08083513,0.08128941,0.08198126,0.08292841,0.08414877,0.0856601,0.08748023,0.08962697,0.09211814,0.09497157,0.09809239,0.101363614,0.10476961,0.10829485,0.11192379,0.11564087,0.11943055,0.12327723,0.12716542,0.13107951,0.13500397,0.13892329,0.14282185,0.14668408,0.15049449,0.15423751,0.15789755,0.1614591,0.16490658,0.16822444,0.17139712,0.17440909,0.17724477,0.17988859,0.1823251,0.18453859,0.1865136,0.18823457,0.18968594,0.1908521,0.19171761,0.19226685,0.19246571,0.19230229,0.19179446,0.19096003,0.18981677,0.18838255,0.18667519,0.1847124,0.18251213,0.18009213,0.17747019,0.17466421,0.17169195,0.16857117,0.16531982,0.16195561,0.15849638,0.15495995,0.1513641,0.14772674,0.14406557,0.1403985,0.13674334,0.1331178,0.12953983,0.12602714,0.1225976,0.119269006,0.116059214,0.11298594,0.11006713,0.10732051,0.104829244,0.102654256,0.100779995,0.099190876,0.09787136,0.09680591,0.095978945,0.09537492,0.094978295,0.09477349,0.09474497,0.0948772,0.09515459,0.09556157,0.09608264
0.08238019,0.08166354,0.081060834,0.08059006,0.08026921,0.08011629,0.08014927,0.08038616,0.080844946,0.081543595,0.08250013,0.083732545,0.0852588,0.08709689,0.089264855,0.09178063,0.09466224,0.09781392,0.10111748,0.10455719,0.10811736,0.11178226,0.11553617,0.1193634,0.12324827,0.127175,0.13112794,0.13509136,0.1390495,0.14298671,0.14688727,0.15073545,0.15451556,0.1582119,0.16180873,0.16529031,0.168641,0.17184506,0.17488676,0.17775042,0.18042031,0.18288071,0.18511596,0.1871103,0.188848,0.1903134,0.19149077,0.1923644,0.19291858,0.19311887,0.19295338,0.19244003,0.19159687,0.19044183,0.18899293,0.18726817,0.18528555,0.18306303,0.18061861,0.17797033,0.1751361,0.17213397,0.1689819,0.16569789,0.16229995,0.15880606,0.15523419,0.15160236,0.14792857,0.14423075,0.14052695,0.13683516,0.13317333,0.12955949,0.12601164,0.122547746,0.11918576,0.11594372,0.11283963,0.10989147,0.107117236,0.104600914,0.10240403,0.100510895,0.09890579,0.097573005,0.096496806,0.09566153,0.09505142,0.094650805,0.09444393,0.09441514,0.09454869,0.094828844,0.09523997,0.09576627
0.08204474,0.081322625,0.08071532,0.080240935,0.07991764,0.07976356,0.07979678,0.08003549,0.08049777,0.081201784,0.082165614,0.083407424,0.08494535,0.0867975,0.088982016,0.09151701,0.09442063,0.0975964,0.10092524,0.10439128,0.10797871,0.11167169,0.115454376,0.11931098,0.123225614,0.12718248,0.13116574,0.13515955,0.13914807,0.14311552,0.14704598,0.15092368,0.1547328,0.15845743,0.1620818,0.16559006,0.16896641,0.17219496,0.17525989,0.1781454,0.18083562,0.18331473,0.18556692,0.18757634,0.18932714,0.19080353,0.19198959,0.19286962,0.19342764,0.19362913,0.19346194,0.1929443,0.19209428,0.19093005,0.1894697,0.1877314,0.1857332,0.18349333,0.18102987,0.17836095,0.17550467,0.17247923,0.1693027,0.16599323,0.16256896,0.15904796,0.1554484,0.15178849,0.14808622,0.14435978,0.14062728,0.13690688,0.13321672,0.12957488,0.12599951,0.12250878,0.11912074,0.115853556,0.11272536,0.1097543,0.10695848,0.10442257,0.10220858,0.100300714,0.098683104,0.097339936,0.096255384,0.0954136,0.09479876,0.09439501,0.09418654,0.09415752,0.09429209,0.09457446,0.09498873,0.09551915
0.08181614,0.08109029,0.08047982,0.080003,0.07967804,0.07952315,0.079556555,0.07979649,0.08026116,0.080968805,0.081937626,0.083185844,0.08473171,0.086593434,0.08878924,0.09133734,0.09425596,0.09744816,0.10079421,0.1042782,0.10788421,0.11159633,0.11539865,0.119275235,0.1232102,0.12718761,0.13119152,0.13520606,0.13921529,0.14320329,0.14715414,0.15105197,0.1548808,0.15862477,0.16226792,0.16579434,0.16918814,0.1724334,0.17551419,0.17841458,0.18111867,0.18361054,0.18587425,0.18789396,0.18965366,0.19113751,0.19232956,0.19321388,0.19377458,0.19397682,0.19380853,0.19328794,0.19243327,0.19126277,0.18979461,0.18804704,0.18603832,0.1837866,0.18131016,0.17862718,0.17575589,0.17271456,0.16952133,0.1661945,0.16275224,0.15921283,0.15559441,0.15191528,0.14819363,0.14444768,0.14069568,0.13695581,0.13324629,0.12958539,0.12599128,0.12248222,0.119076416,0.11579211,0.112647496,0.10966079,0.10685027,0.104301006,0.102075376,0.10015746,0.098531336,0.09718112,0.096090846,0.095244616,0.09462654,0.094220676,0.09401112,0.09398193,0.09411721,0.094401054,0.094817534,0.095350735
0.08170717,0.08097953,0.08036758,0.079889596,0.079563834,0.07940856,0.079442054,0.079682566,0.08014838,0.080857754,0.08182897,0.08308025,0.0846299,0.086496174,0.08869735,0.091251716,0.09417747,0.097377494,0.100731745,0.10422431,0.10783918,0.11156041,0.115372084,0.1192582,0.123202845,0.12719001,0.1312038,0.1352282,0.13924733,0.14324512,0.14720571,0.15111311,0.15495136,0.1587045,0.16235663,0.16589175,0.16929387,0.17254706,0.1756354,0.17854287,0.18125357,0.18375152,0.18602075,0.18804535,0.18980934,0.19129676,0.1924916,0.19337797,0.19393995,0.19414255,0.19397372,0.19345176,0.19259487,0.19142136,0.1899495,0.18819754,0.18618374,0.18392636,0.18144374,0.17875408,0.17587563,0.17282669,0.16962554,0.16629043,0.16283964,0.1592914,0.15566404,0.15197577,0.14824486,0.14448962,0.14072827,0.13697909,0.13326037,0.12959038,0.12598735,0.12246956,0.11905526,0.11576281,0.112610385,0.10961625,0.10679869,0.10424306,0.102011874,0.100089185,0.098459005,0.097105406,0.09601243,0.09516408,0.094544455,0.09413759,0.09392749,0.093898244,0.09403387,0.094318435,0.09473593,0.095270455
0.08173068,0.081003405,0.08039179,0.079914056,0.07958847,0.079433285,0.07946676,0.079707146,0.0801727,0.0808817,0.081852384,0.08310304,0.084651865,0.08651716,0.08871718,0.09127018,0.0941944,0.09739274,0.100745216,0.104235925,0.1078489,0.11156818,0.1153778,0.11926187,0.12320441,0.12718949,0.13120116,0.13522345,0.1392404,0.14323609,0.1471946,0.1510999,0.15493615,0.15868734,0.1623375,0.16587071,0.16927105,0.17252254,0.17560923,0.17851521,0.18122445,0.18372108,0.18598917,0.1880127,0.18977578,0.1912624,0.19245666,0.19334261,0.19390428,0.1941068,0.1939381,0.19341643,0.19256003,0.19138716,0.18991606,0.18816505,0.18615234,0.18389623,0.18141492,0.1787267,0.17584983,0.1728025,0.16960308,0.1662697,0.16282077,0.15927446,0.155649,0.1519627,0.14823382,0.14448054,0.14072125,0.13697407,0.13325733,0.12958929,0.12598819,0.122472286,0.11905986,0.11576912,0.11261837,0.10962585,0.106809825,0.104255565,0.102025576,0.1001039,0.09847461,0.09712173,0.09602933,0.09518145,0.094562165,0.0941555,0.093945526,0.09391628,0.094051816,0.09433625,0.09475351,0.09528776
0.08189947,0.08117496,0.08056566,0.08008975,0.07976539,0.07961077,0.07964413,0.079883605,0.080347404,0.08105372,0.08202072,0.08326662,0.08480959,0.08666783,0.08885951,0.091402836,0.094315976,0.09750219,0.10084196,0.10431943,0.10791865,0.1116238,0.11541895,0.11928826,0.12321581,0.12718573,0.13118215,0.13518909,0.1391908,0.1431713,0.14711472,0.15100522,0.15482685,0.1585638,0.1622001,0.16571991,0.16910733,0.17234649,0.1754215,0.17831643,0.1810155,0.18350273,0.18576223,0.18777819,0.18953466,0.1910158,0.19220565,0.19308838,0.19364813,0.19385009,0.19368221,0.19316271,0.19230975,0.19114149,0.18967618,0.187932,0.18592712,0.1836797,0.181208,0.17853011,0.17566434,0.17262879,0.16944163,0.16612114,0.16268544,0.15915276,0.15554123,0.15186906,0.14815448,0.14441566,0.14067075,0.13693796,0.13323551,0.12958156,0.12599428,0.12249189,0.11909256,0.11581451,0.11267587,0.10969489,0.10688971,0.10434529,0.10212394,0.100209676,0.09858666,0.097238995,0.09615081,0.095306195,0.09468931,0.09428422,0.09407506,0.09404592,0.09418096,0.09446425,0.09487993,0.09541212
0.08222636,0.0815072,0.080902375,0.080429964,0.08010799,0.07995453,0.07998762,0.08022535,0.080685735,0.081386834,0.08234672,0.083583444,0.085115045,0.0869596,0.089135155,0.09165974,0.094551444,0.09771416,0.10102931,0.10448109,0.10805376,0.11173155,0.11549866,0.11933937,0.12323788,0.12717845,0.13114525,0.13512261,0.13909473,0.14304578,0.14696006,0.15082179,0.15461516,0.15832448,0.16193396,0.1654278,0.16879024,0.17200552,0.17505787,0.17793155,0.18061076,0.18307975,0.18532275,0.187324,0.18906774,0.19053815,0.19171955,0.1925961,0.19315204,0.19335286,0.1931866,0.19267127,0.19182497,0.19066572,0.18921158,0.1874806,0.18549083,0.18326038,0.18080719,0.17814945,0.17530514,0.17229232,0.16912901,0.16583332,0.1624233,0.15891698,0.15533245,0.15168773,0.14800087,0.14428991,0.14057297,0.13686807,0.13319324,0.12956654,0.12600608,0.12252985,0.11915594,0.11590238,0.11278724,0.1098286,0.10704443,0.10451912,0.1023144,0.10041451,0.098803654,0.097466104,0.09638609,0.095547825,0.09493555,0.0945335,0.09432591,0.09429699,0.094431,0.094712205,0.09512474,0.09565294
0.0827242,0.08201316,0.08141516,0.080948085,0.08062975,0.08047801,0.08051074,0.08074578,0.08120096,0.081894144,0.08284319,0.08406594,0.08558024,0.08740395,0.089554906,0.09205097,0.09491001,0.09803699,0.10131463,0.10472734,0.10825954,0.11189561,0.11562003,0.11941719,0.12327148,0.12716731,0.13108914,0.13502137,0.13894841,0.14285466,0.14672454,0.15054245,0.15429285,0.15796013,0.16152866,0.16498294,0.16830733,0.17148624,0.17450413,0.1773454,0.17999442,0.18243565,0.18465349,0.18663234,0.18835665,0.18981081,0.19097923,0.19184633,0.19239655,0.1925957,0.19243187,0.19192293,0.19108677,0.18994117,0.18850401,0.18679318,0.18482648,0.18262176,0.18019688,0.17756972,0.17475812,0.17177993,0.16865294,0.16539504,0.16202413,0.15855801,0.1550145,0.15141153,0.14776689,0.14409845,0.14042406,0.13676158,0.13312885,0.12954374,0.12602407,0.12258768,0.119252466,0.116036214,0.11295684,0.11003218,0.107280046,0.1047838,0.10260447,0.10072644,0.09913414,0.097812004,0.09674442,0.09591578,0.09531054,0.094913125,0.09470791,0.09467935,0.09481182,0.09508976,0.09549756,0.09601969
0.08340576,0.08270585,0.08211721,0.08165744,0.081344105,0.08119474,0.08122694,0.08145828,0.08190637,0.08258871,0.08352289,0.08472651,0.08621713,0.0880123,0.090129614,0.09258662,0.095400915,0.09847896,0.101705246,0.10506444,0.10854125,0.11212027,0.1157862,0.11952373,0.12331747,0.1271521,0.13101232,0.1348828,0.1387481,0.14259295,0.14640205,0.15016001,0.15385151,0.15746121,0.16097382,0.16437389,0.16764618,0.17077537,0.17374603,0.17654288,0.17915055,0.18155381,0.18373719,0.18568538,0.1873831,0.188815,0.18996571,0.19081987,0.19136222,0.19155902,0.19139859,0.19089837,0.19007607,0.1889492,0.18753533,0.18585204,0.18391687,0.18174742,0.17936131,0.17677605,0.1740092,0.17107837,0.16800113,0.164795,0.16147761,0.15806647,0.15457925,0.1510334,0.14744657,0.14383635,0.14022022,0.13661583,0.13304071,0.12951249,0.12604865,0.12266682,0.119384564,0.11621944,0.11318905,0.11031092,0.10760265,0.10514619,0.1030016,0.101153515,0.09958659,0.09828551,0.09723494,0.09641954,0.09582396,0.09543287,0.09523094,0.095202826,0.09533318,0.09560667,0.096008,0.09652179
0.084283896,0.083598316,0.08302173,0.08257138,0.08226445,0.08211815,0.082149714,0.08237632,0.08281521,0.08348358,0.084398635,0.0855776,0.08703769,0.08879611,0.090870045,0.093276754,0.09603341,0.09904839,0.10220851,0.10549878,0.10890419,0.11240969,0.11600032,0.119660996,0.12337675,0.12713252,0.13091335,0.1347042,0.13849,0.1422558,0.14598657,0.14966726,0.15328291,0.15681846,0.16025889,0.16358922,0.16679439,0.16985941,0.17276926,0.17550895,0.17806336,0.18041761,0.1825566,0.18446533,0.18612881,0.18753198,0.18865985,0.1894974,0.19002958,0.1902234,0.19006726,0.18957834,0.1887739,0.18767111,0.18628727,0.18463945,0.18274496,0.180621,0.17828476,0.17575346,0.17304432,0.17017454,0.16716132,0.16402188,0.16077346,0.15743323,0.15401842,0.15054624,0.1470339,0.14349861,0.13995759,0.13642804,0.1329272,0.1294722,0.12608035,0.1227688,0.119554795,0.11645551,0.113488205,0.11067006,0.10801827,0.105613105,0.10351326,0.10170374,0.10016953,0.09889561,0.09786697,0.097068585,0.096485436,0.09610251,0.09590479,0.09587727,0.0960049,0.09627269,0.09666563,0.0971687
0.08537142,0.084703594,0.08414194,0.08370324,0.08340424,0.08326174,0.083292484,0.08351323,0.083940744,0.08459181,0.08548318,0.08663163,0.08805391,0.08976679,0.09178704,0.09413143,0.096816726,0.099753596,0.102831796,0.10603668,0.10935369,0.112768136,0.116265446,0.11983098,0.12345012,0.12710828,0.13079078,0.13448301,0.13817038,0.14183825,0.14547202,0.14905706,0.15257874,0.15602241,0.15937355,0.16261742,0.16573952,0.16872509,0.17155963,0.17422844,0.17671694,0.17901053,0.18109453,0.18295437,0.18457541,0.18594302,0.18704262,0.18785954,0.1883792,0.18856928,0.1884185,0.18794353,0.18716122,0.18608832,0.18474157,0.18313773,0.18129359,0.17922597,0.17695151,0.17448705,0.17184933,0.16905515,0.16612127,0.16306444,0.1599014,0.15664896,0.15332389,0.1499429,0.14652282,0.14308035,0.13963233,0.13619547,0.13278654,0.12942234,0.12611958,0.12289511,0.11976562,0.116747886,0.1138587,0.11111482,0.108533,0.10619132,0.10414693,0.10238518,0.10089148,0.099651195,0.098649696,0.0978724,0.09730464,0.096931815,0.096739314,0.09671252,0.096836776,0.09709752,0.09748008,0.09796985
0.086681135,0.08603471,0.085491024,0.08506638,0.08477695,0.08463901,0.08466876,0.08488244,0.08529627,0.085926495,0.08678934,0.08790101,0.089277774,0.09093581,0.09289141,0.095160745,0.09776008,0.10060289,0.103582405,0.1066845,0.10989501,0.113199815,0.116584755,0.12003571,0.123538524,0.12707904,0.13064311,0.13421667,0.13778545,0.14133538,0.14485233,0.14832217,0.15173067,0.15506378,0.15830728,0.1614471,0.16446902,0.167359,0.17010279,0.17268632,0.17509541,0.17731594,0.17933373,0.1811347,0.18270463,0.18402942,0.18509494,0.18588707,0.18639158,0.1865772,0.18643284,0.18597469,0.18521906,0.18418209,0.18288007,0.18132922,0.17954575,0.17754586,0.17534584,0.17296189,0.17041022,0.16770709,0.16486873,0.16191135,0.15885119,0.15570448,0.15248744,0.1492163,0.14590728,0.14257665,0.13924058,0.1359154,0.13261718,0.12936229,0.12616688,0.12304719,0.12001951,0.11709999,0.11430491,0.111650474,0.10915291,0.1068877,0.10491006,0.10320585,0.10176093,0.10056115,0.09959236,0.09884042,0.098291226,0.097930595,0.09774436,0.09771844,0.09783865,0.09809087,0.098460935,0.098934725
0.08822589,0.08760466,0.08708219,0.08667411,0.08639597,0.086263396,0.086292006,0.08649735,0.08689504,0.087500684,0.08832987,0.0893982,0.09072125,0.09231462,0.09419393,0.096374765,0.098872714,0.10160458,0.10446773,0.107448556,0.110533506,0.113708965,0.11696139,0.120277196,0.123642765,0.12704457,0.13046901,0.13390249,0.13733147,0.14074232,0.14412147,0.14745538,0.15073045,0.15393305,0.1570497,0.16006672,0.1629706,0.16574773,0.16838454,0.17086746,0.17318289,0.17531723,0.17725697,0.17898847,0.18049817,0.18177244,0.1827978,0.18356062,0.18404731,0.18422766,0.18409088,0.1836526,0.1829284,0.18193385,0.18068457,0.17919612,0.1774842,0.17556429,0.17345203,0.17116301,0.16871285,0.16611713,0.16339141,0.16055134,0.15761253,0.1545905,0.1515009,0.14835931,0.14518131,0.14198256,0.13877857,0.13558501,0.13241743,0.12929143,0.12622263,0.123226605,0.12031895,0.117515296,0.11483117,0.11228223,0.10988405,0.10770903,0.105810136,0.104173794,0.1027864,0.10163438,0.10070418,0.09998219,0.099454835,0.09910856,0.09892975,0.098904856,0.09902029,0.09926245,0.09961781,0.100072704
0.09001849,0.089426525,0.08892865,0.08853979,0.08827475,0.08814844,0.08817567,0.088371344,0.08875033,0.08932744,0.09011757,0.09113558,0.09239631,0.09391465,0.09570545,0.097783566,0.10016387,0.102767006,0.10549509,0.1083352,0.111274414,0.114299804,0.11739844,0.1205574,0.12376374,0.12700456,0.13026695,0.13353795,0.13680461,0.14005403,0.14327332,0.14644954,0.1495697,0.15262093,0.15559031,0.15846491,0.16123176,0.16387798,0.16639063,0.16875677,0.17096348,0.17299788,0.17484696,0.17649788,0.17793764,0.17915337,0.18013209,0.1808609,0.18132693,0.18150115,0.18137318,0.18095791,0.18027015,0.17932484,0.17813677,0.17672083,0.17509185,0.17326477,0.17125437,0.16907555,0.16674314,0.16427203,0.16167709,0.15897316,0.1561751,0.15329778,0.15035607,0.14736481,0.14433888,0.14129314,0.13824245,0.13520162,0.13218561,0.12920924,0.12628731,0.123434775,0.12066645,0.117997214,0.11544189,0.11301535,0.1107325,0.10866215,0.10685464,0.10529702,0.1039764,0.102879815,0.101994365,0.10130713,0.100805156,0.10047553,0.10030535,0.100281656,0.10039152,0.10062203,0.10096027,0.1013933
0.09207175,0.09151329,0.091043614,0.090676755,0.09042673,0.09030755,0.09033325,0.090517856,0.09087538,0.091419816,0.09216521,0.09312559,0.094314955,0.09574734,0.09743675,0.09939723,0.10164277,0.10409844,0.10667183,0.10935077,0.112123065,0.11497654,0.11789903,0.12087835,0.12390233,0.12695877,0.1300355,0.13312036,0.13620116,0.13926572,0.14230186,0.14529741,0.1482402,0.15111803,0.15391874,0.15663013,0.15924007,0.16173635,0.16410676,0.16633919,0.16842142,0.17034125,0.17208657,0.17364515,0.17500482,0.17615342,0.17707877,0.17776868,0.17821096,0.17837818,0.17826031,0.17787139,0.17722544,0.17633648,0.17521852,0.17388558,0.1723517,0.17063089,0.16873713,0.16668451,0.164487,0.16215864,0.15971348,0.15716545,0.15452866,0.15181708,0.14904477,0.14622569,0.14337394,0.14050348,0.13762833,0.13476254,0.13192011,0.12911506,0.12636144,0.123673245,0.121064484,0.11854918,0.11614139,0.113855086,0.11170432,0.109753855,0.108051,0.10658359,0.10533943,0.104306355,0.10347217,0.102824725,0.10235182,0.10204128,0.10188095,0.10185862,0.101962134,0.102179304,0.10249795,0.102905914
0.09424896,0.093726404,0.09328695,0.09294366,0.09270971,0.09259821,0.092622265,0.09279499,0.09312953,0.093638964,0.09433641,0.09523503,0.09634791,0.0976882,0.09926897,0.10110338,0.103204526,0.105502196,0.10790978,0.11041594,0.11300932,0.11567849,0.11841214,0.12119886,0.12402728,0.12688603,0.12976374,0.132649,0.13553052,0.13839683,0.14123663,0.14403848,0.1467911,0.14948305,0.1521029,0.15463945,0.15708116,0.15941672,0.16163477,0.16372389,0.16567276,0.16747001,0.16910419,0.17056403,0.17183805,0.17291495,0.17378333,0.17443183,0.17484908,0.17500916,0.17490245,0.17454219,0.17394136,0.1731132,0.17207073,0.17082712,0.16939545,0.16778891,0.16602059,0.16410354,0.16205099,0.15987593,0.15759161,0.15521103,0.15274744,0.15021384,0.14762336,0.14498924,0.14232443,0.13964218,0.13695553,0.13427763,0.13162157,0.12900053,0.12642758,0.12391585,0.12147847,0.11912853,0.11687918,0.1147435,0.11273465,0.110912986,0.10932261,0.10795209,0.10679011,0.10582526,0.10504617,0.10444148,0.10399981,0.10370978,0.103560045,0.103539184,0.103635855,0.10383869,0.104136296,0.1045173
0.09640626,0.09591998,0.09551104,0.095191605,0.09497389,0.094870135,0.09489252,0.09505323,0.09536453,0.0958386,0.096487634,0.09732384,0.09835944,0.09960665,0.101077646,0.10278468,0.10473991,0.10687787,0.10911788,0.11144939,0.11386181,0.11634462,0.11888727,0.12147916,0.124109775,0.12676854,0.12944491,0.13212828,0.13480818,0.13747397,0.1401151,0.14272112,0.1452813,0.14778525,0.15022233,0.152582,0.15485367,0.1570268,0.15909086,0.16103528,0.1628495,0.16452296,0.16604511,0.16740541,0.16859327,0.1695981,0.17040944,0.17101668,0.17140926,0.17156278,0.17146811,0.17113742,0.17058298,0.1698169,0.1688514,0.16769876,0.16637112,0.16488072,0.16323978,0.16146046,0.15955502,0.15753564,0.1554145,0.15320389,0.15091589,0.14856286,0.1461569,0.14371024,0.14123513,0.1387437,0.13624822,0.13376087,0.13129386,0.12885943,0.12646975,0.12413705,0.12187349,0.11969134,0.11760277,0.11562001,0.11375525,0.112064414,0.11058822,0.10931614,0.10823759,0.10734201,0.10661888,0.10605761,0.10564766,0.105378464,0.10523946,0.10522011,0.10530983,0.10549809,0.10577435,0.10612798
0.09854566,0.09809602,0.097717874,0.097422495,0.097221196,0.09712525,0.09714594,0.09729456,0.09758241,0.098020755,0.098620914,0.09939415,0.10035175,0.10150502,0.10286523,0.10444369,0.10625165,0.108228415,0.11029923,0.11245436,0.11468405,0.11697864,0.119328335,0.12172343,0.12415422,0.12661096,0.12908387,0.13156329,0.13403948,0.13650265,0.13894317,0.14135127,0.14371718,0.1460312,0.14828362,0.1504647,0.15256467,0.15457389,0.15648252,0.15828094,0.15995935,0.16150802,0.16291727,0.16417736,0.16527852,0.16621104,0.16696523,0.16753131,0.16789956,0.16804716,0.16796519,0.16766502,0.16715792,0.16645512,0.16556798,0.16450772,0.1632857,0.16191317,0.16040139,0.15876175,0.15700538,0.15514368,0.1531879,0.15114938,0.14903936,0.14686911,0.14464997,0.14239319,0.14011008,0.13781191,0.13550997,0.13321556,0.13093999,0.12869449,0.12649037,0.12433897,0.12225152,0.12023934,0.11831367,0.11648585,0.11476713,0.11320889,0.111848466,0.11067614,0.10968218,0.10885685,0.108190425,0.10767318,0.10729537,0.107047305,0.1069192,0.10690136,0.10698406,0.10715754,0.10741213,0.10773804
0.10066928,0.100256555,0.09990945,0.09963834,0.09945355,0.0993655,0.099384494,0.09952091,0.09978512,0.10018747,0.10073834,0.10144808,0.10232705,0.10338562,0.10463415,0.10608295,0.10774247,0.10955671,0.111456916,0.113434136,0.11547955,0.11758422,0.11973927,0.12193583,0.12416497,0.12641783,0.12868552,0.13095911,0.13322975,0.13548858,0.1377266,0.139935,0.14210488,0.14422733,0.14629349,0.14829445,0.15022129,0.15206517,0.15381719,0.15546842,0.15700997,0.15843302,0.15972862,0.16088787,0.16190192,0.16276187,0.1634588,0.16398382,0.1643281,0.1644702,0.16440167,0.16413274,0.16367391,0.16303547,0.16222781,0.16126129,0.16014624,0.15889305,0.1575121,0.15601368,0.15440822,0.15270603,0.1509175,0.14905299,0.14712289,0.14513749,0.14310725,0.14104243,0.13895342,0.13685061,0.13474438,0.13264504,0.13056295,0.1285085,0.12649202,0.124523915,0.12261452,0.1207742,0.11901331,0.11734222,0.11577129,0.11434725,0.113104,0.11203261,0.111124255,0.11037,0.109760955,0.10928825,0.10894297,0.108716264,0.108599186,0.108582884,0.10865847,0.10881703,0.10904967,0.109347515
0.10277914,0.1024036,0.10208779,0.10184109,0.101672955,0.101592824,0.101610094,0.10173424,0.10197464,0.10234075,0.10284199,0.1034878,0.10428757,0.10525075,0.10638681,0.10770511,0.1092151,0.11086565,0.112594,0.11439203,0.11625173,0.11816508,0.12012401,0.12212051,0.12414647,0.12619391,0.12825473,0.1303209,0.1323844,0.1344372,0.13647123,0.13847844,0.14045075,0.1423802,0.14425868,0.1460782,0.14783062,0.14950798,0.15110223,0.15260532,0.15400918,0.15530579,0.15648705,0.15754497,0.15847154,0.15925865,0.15989828,0.16038236,0.16070287,0.16083995,0.1607853,0.1605484,0.16013862,0.15956548,0.15883836,0.15796664,0.1569598,0.15582728,0.15457843,0.1532228,0.15176971,0.15022865,0.14860903,0.14692026,0.14517178,0.14337301,0.14153342,0.13966236,0.13776933,0.13586374,0.13395496,0.13205253,0.13016576,0.12830415,0.12647709,0.124694064,0.12296444,0.121297665,0.11970317,0.11819037,0.11676873,0.11548026,0.11435537,0.11338598,0.1125641,0.11188164,0.11133059,0.1109029,0.110590495,0.110385366,0.11027944,0.11026469,0.11033307,0.11047653,0.11068703,0.11095653
0.10487732,0.104539186,0.1042548,0.10403268,0.103881314,0.10380917,0.10382472,0.10393649,0.104152955,0.104482606,0.10493392,0.10551539,0.10623552,0.107102774,0.108125664,0.109312676,0.11067228,0.11215818,0.11371359,0.1153313,0.117004156,0.11872495,0.1204865,0.1222816,0.124103054,0.12594368,0.12779634,0.12965375,0.13150875,0.13335419,0.13518284,0.13698752,0.13876107,0.14049624,0.14218587,0.14382277,0.14539973,0.14690961,0.14834516,0.14969921,0.15096459,0.1521341,0.15320052,0.1541567,0.1549954,0.15570948,0.15629175,0.15673496,0.15703197,0.15716432,0.1571241,0.15691978,0.15655978,0.1560527,0.15540695,0.15463103,0.15373342,0.15272263,0.1516072,0.15039553,0.14909612,0.1477175,0.14626814,0.14475656,0.14319122,0.14158054,0.13993312,0.13825738,0.13656186,0.13485503,0.13314536,0.13144132,0.12975146,0.12808423,0.12644815,0.12485164,0.12330324,0.12181145,0.12038472,0.11903158,0.11776048,0.11660874,0.11560324,0.11473674,0.11400208,0.11339204,0.11289949,0.112517186,0.11223794,0.11205456,0.11195988,0.11194671,0.112007834,0.11213604,0.11232421,0.112565115
0.106965885,0.10666534,0.10641257,0.106215134,0.10608058,0.10601645,0.10603027,0.10612963,0.10632202,0.10661504,0.107016206,0.10753304,0.108173124,0.10894398,0.10985317,0.11090823,0.112116724,0.11343714,0.11481876,0.11625525,0.11774028,0.11926754,0.120830625,0.12242328,0.12403916,0.1256719,0.12731521,0.12896271,0.13060816,0.13224515,0.1338673,0.13546841,0.13704209,0.13858196,0.14008176,0.14153515,0.14293574,0.14427726,0.14555337,0.14675772,0.14788401,0.14892587,0.14987698,0.15073101,0.15148163,0.15212253,0.15264735,0.15304975,0.15332344,0.15345146,0.15342604,0.1532547,0.15294509,0.15250464,0.15194099,0.15126166,0.15047418,0.14958607,0.14860491,0.14753824,0.14639361,0.14517862,0.14390062,0.14256738,0.14118633,0.13976504,0.13831107,0.13683192,0.13533518,0.13382836,0.13231905,0.13081476,0.12932308,0.12785149,0.12640756,0.124998845,0.1236329,0.12231726,0.12105942,0.119867004,0.11874753,0.11773349,0.1168482,0.11608532,0.1154385,0.11490142,0.114467755,0.11413114,0.11388528,0.113723844,0.11364048,0.11362887,0.113682695,0.1137956,0.11396126,0.11417335
0.109046884,0.108784065,0.10856303,0.108390376,0.10827273,0.10821662,0.108228736,0.10831559,0.10848385,0.10874006,0.10909087,0.10954285,0.11010258,0.11077668,0.11157175,0.11249438,0.11355117,0.11470548,0.11591263,0.117167175,0.11846361,0.1197965,0.12116036,0.122549735,0.12395915,0.12538314,0.12681623,0.128253,0.12968794,0.13111557,0.13253045,0.13392709,0.13530007,0.1366439,0.1379531,0.1392222,0.14044575,0.14161828,0.14273433,0.14378844,0.14477511,0.14568889,0.14652431,0.14727591,0.14793827,0.14850582,0.14897317,0.14933486,0.14958537,0.1497092,0.14969887,0.149561,0.14930217,0.14892893,0.14844795,0.14786577,0.14718905,0.14642437,0.14557827,0.14465743,0.14366838,0.14261779,0.14151219,0.14035818,0.1391624,0.13793144,0.1366719,0.13539034,0.1340934,0.13278764,0.13147971,0.13017617,0.12888362,0.12760866,0.1263579,0.12513791,0.123955354,0.122816764,0.12172876,0.12069793,0.119730875,0.118855335,0.11809093,0.11743221,0.116873726,0.116409965,0.11603551,0.115744874,0.1155326,0.1153932,0.11532123,0.115311205,0.115357675,0.11545516,0.11559821,0.11578134
0.111122385,0.11089741,0.110708185,0.1105604,0.110459656,0.11041165,0.11042201,0.11049636,0.1106404,0.110859744,0.111160055,0.11154695,0.11202614,0.1126032,0.11328382,0.11407364,0.114978336,0.11596606,0.116998285,0.11807031,0.119177625,0.12031556,0.121479586,0.12266506,0.12386742,0.12508202,0.12630431,0.12752962,0.12875344,0.1299711,0.13117805,0.13236965,0.13354135,0.1346885,0.13580653,0.13689083,0.13793686,0.13893989,0.13989545,0.1407989,0.1416456,0.14243104,0.14315048,0.14379951,0.14437337,0.14486752,0.14527737,0.14559832,0.14582579,0.14594565,0.14595065,0.14584647,0.1456387,0.14533307,0.14493512,0.14445065,0.14388517,0.14324437,0.14253393,0.14175944,0.14092663,0.14004107,0.13910845,0.13813442,0.13712461,0.13608466,0.13502024,0.13393702,0.1328406,0.13173665,0.1306308,0.12952875,0.12843606,0.12735851,0.1263016,0.1252711,0.12427257,0.12331172,0.12239417,0.12152558,0.12071155,0.11997504,0.119332,0.118777856,0.11830806,0.11791793,0.11760292,0.11735844,0.11717988,0.117062606,0.11700206,0.11699364,0.11703274,0.11711471,0.11723504,0.11738911
0.11319446,0.11300737,0.11285002,0.11272712,0.11264335,0.112603426,0.11261205,0.112673886,0.11279367,0.11297604,0.11322578,0.113547534,0.11394598,0.11442585,0.114991836,0.11564865,0.11640094,0.117221825,0.11807875,0.11896799,0.11988581,0.120828494,0.12179229,0.12277351,0.12376838,0.1247732,0.12578422,0.12679775,0.12781003,0.12881735,0.12981595,0.13080212,0.13177215,0.13272229,0.1336488,0.13454798,0.13541608,0.13624941,0.13704418,0.1377967,0.13850324,0.13916008,0.13976349,0.1403097,0.140795,0.14121573,0.14156808,0.14184833,0.14205278,0.14216876,0.14218925,0.1421189,0.14196245,0.14172459,0.14141004,0.14102344,0.1405695,0.14005299,0.13947847,0.13885078,0.13817453,0.13745445,0.13669522,0.13590157,0.13507815,0.13422969,0.13336085,0.13247637,0.13158095,0.13067925,0.12977597,0.12887584,0.12798354,0.12710375,0.1262412,0.12540056,0.12458654,0.12380385,0.12305715,0.122351155,0.12169056,0.12109339,0.120572,0.12012277,0.11974182,0.11942553,0.11917013,0.118971884,0.11882712,0.11873205,0.11868295,0.11867612,0.1187078,0.1187743,0.11887183,0.118996754
0.115265146,0.11511597,0.11499055,0.11489254,0.114825755,0.11479392,0.11480077,0.11485009,0.114945576,0.11509103,0.11529013,0.11554668,0.11586435,0.11624696,0.116698235,0.11722194,0.11782173,0.11847565,0.11915715,0.11986349,0.12059169,0.121338926,0.12210237,0.12287915,0.12366643,0.12446128,0.12526093,0.12606247,0.12686308,0.12765987,0.12844998,0.12923054,0.12999876,0.13075171,0.1314866,0.13220052,0.13289061,0.13355404,0.13418795,0.13478948,0.13535577,0.13588394,0.13637117,0.13681458,0.13721132,0.1375585,0.13785331,0.1380929,0.13827439,0.13838653,0.13842252,0.13838618,0.13828109,0.13811111,0.13788,0.13759142,0.13724919,0.13685699,0.13641861,0.13593782,0.13541833,0.13486388,0.13427821,0.13366506,0.13302822,0.13237138,0.13169837,0.13101283,0.13031855,0.12961927,0.12891877,0.12822077,0.12752898,0.1268472,0.12617914,0.12552856,0.12489921,0.12429479,0.12371912,0.123175904,0.122668885,0.122211196,0.12181163,0.12146734,0.121175386,0.120932996,0.12073724,0.120585315,0.12047437,0.1204015,0.12036387,0.12035863,0.12038291,0.12043386,0.120508656,0.12060434
0.11733655,0.117225274,0.1171317,0.11705859,0.11700878,0.11698507,0.11699016,0.11702695,0.11709818,0.117206655,0.11735518,0.11754652,0.11778345,0.11806886,0.11840547,0.11879605,0.11924344,0.119730435,0.12023664,0.12076005,0.1212987,0.12185061,0.12241376,0.1229862,0.1235659,0.12415092,0.12473926,0.12532888,0.12591787,0.12650421,0.12708594,0.127661,0.12822747,0.12878335,0.12932663,0.12985532,0.13036749,0.13086113,0.1313342,0.13178477,0.13221084,0.13261041,0.13298148,0.1333221,0.13363026,0.13390401,0.13414133,0.13434023,0.1344987,0.13460699,0.13465847,0.13465601,0.13460225,0.13450015,0.13435237,0.13416183,0.13393116,0.1336633,0.13336098,0.133027,0.13266416,0.13227525,0.13186307,0.13143039,0.13098001,0.13051474,0.1300374,0.1295507,0.12905751,0.12856059,0.12806274,0.12756675,0.12707543,0.12659155,0.12611787,0.12565729,0.12521248,0.12478634,0.12438161,0.124001086,0.12364753,0.12332931,0.12305147,0.12281205,0.12260904,0.122440495,0.12230439,0.122198746,0.12212159,0.122070916,0.12204477,0.12204112,0.122058,0.122093454,0.12214544,0.12221199
0.119410664,0.11933727,0.11927553,0.119227305,0.11919442,0.11917879,0.11918214,0.119206406,0.11925341,0.119324975,0.11942295,0.11954921,0.11970555,0.11989384,0.12011591,0.120373614,0.120668784,0.1209891,0.1213202,0.121661045,0.12201039,0.122367226,0.12273038,0.123098776,0.12347124,0.12384674,0.124224044,0.12460213,0.124979846,0.12535603,0.12572965,0.12609951,0.12646455,0.1268236,0.12717558,0.12751938,0.12785384,0.12817791,0.12849036,0.12879017,0.1290762,0.1293473,0.1296024,0.12984031,0.13005999,0.13026032,0.13044012,0.13059829,0.13073373,0.1308381,0.13090499,0.13093628,0.1309337,0.13089924,0.13083467,0.13074185,0.13062258,0.13047874,0.13031217,0.13012478,0.1299183,0.1296946,0.12945554,0.12920298,0.12893876,0.12866473,0.12838265,0.12809448,0.12780197,0.12750705,0.12721148,0.12691714,0.12662588,0.12633955,0.12605996,0.12578896,0.1255284,0.12528016,0.12504603,0.124827884,0.124627545,0.12444846,0.1242921,0.12415739,0.124043144,0.1239483,0.123871714,0.1238123,0.12376884,0.12374034,0.12372563,0.12372358,0.12373309,0.12375301,0.12378226,0.12381975
0.12148963,0.12145397,0.121424,0.12140057,0.121384636,0.12137703,0.12137864,0.12139045,0.12141327,0.12144802,0.12149559,0.12155686,0.12163279,0.1217242,0.12183204,0.12195718,0.12210051,0.12225453,0.122410975,0.12256965,0.12273024,0.122892484,0.12305619,0.12322107,0.12338686,0.12355334,0.12372022,0.123887286,0.12405426,0.12422087,0.12438693,0.12455215,0.12471627,0.12487901,0.1250402,0.12519953,0.12535676,0.12551162,0.12566388,0.12581328,0.12595958,0.12610252,0.12624182,0.12637724,0.12650858,0.12663552,0.12675782,0.12687528,0.1269876,0.12708788,0.12716997,0.12723473,0.12728311,0.12731595,0.12733419,0.12733874,0.12733041,0.12731017,0.12727891,0.12723748,0.12718683,0.12712781,0.12706137,0.12698832,0.12690963,0.12682614,0.1267388,0.12664847,0.12655605,0.12646246,0.12636854,0.12627523,0.12618342,0.12609398,0.12600781,0.12592584,0.12584892,0.12577797,0.12571387,0.12565756,0.12560989,0.1255695,0.12553422,0.12550381,0.12547804,0.12545665,0.12543935,0.12542595,0.12541614,0.12540972,0.12540638,0.12540592,0.12540807,0.12541258,0.12541917,0.12542765
0.12357545,0.12357742,0.12357909,0.12358039,0.12358131,0.12358174,0.12358163,0.123580955,0.123579696,0.12357776,0.123575084,0.123571664,0.123567425,0.12356232,0.123556316,0.1235493,0.12354131,0.12352962,0.12351206,0.12348924,0.12346169,0.12343013,0.12339506,0.12335721,0.12331709,0.12327537,0.12323264,0.123189464,0.12314654,0.12310438,0.12306367,0.12302496,0.12298892,0.122956105,0.12292717,0.122902706,0.12288331,0.1228696,0.122862175,0.12286167,0.12286867,0.1228838,0.122907676,0.12294086,0.12298401,0.12303773,0.12310263,0.12317928,0.12326832,0.123364285,0.123461284,0.123559244,0.12365811,0.12375786,0.12385839,0.12395972,0.124061756,0.12416447,0.124267794,0.12437166,0.124476075,0.124580964,0.12468621,0.124791875,0.124897845,0.12500408,0.12511052,0.12521715,0.12532388,0.12543067,0.12553748,0.12564428,0.12575097,0.12585755,0.12596394,0.12607008,0.12617595,0.12628148,0.12638666,0.12649137,0.1265956,0.12669319,0.12677836,0.1268518,0.12691402,0.1269657,0.12700744,0.12703983,0.1270635,0.12707905,0.12708706,0.12708816,0.12708302,0.12707214,0.12705618,0.12703577
0.12567018,0.12570962,0.12574282,0.12576875,0.12578644,0.12579481,0.12579301,0.12577999,0.1257547,0.12571625,0.12566358,0.12559572,0.12551168,0.12541048,0.12529111,0.1251526,0.12499394,0.1248173,0.12462652,0.12442303,0.1242083,0.12398379,0.12375103,0.12351138,0.12326636,0.12301745,0.12276609,0.12251377,0.122261934,0.12201206,0.12176559,0.12152397,0.121288754,0.12106134,0.12084319,0.12063579,0.1204406,0.12025907,0.1200927,0.11994295,0.11981124,0.11969908,0.119607925,0.119539216,0.11949444,0.11947507,0.119482554,0.1195184,0.119583994,0.11967538,0.1197869,0.1199176,0.12006644,0.12023247,0.120414674,0.120612055,0.12082366,0.12104842,0.121285416,0.12153367,0.12179214,0.12205986,0.122335814,0.12261907,0.12290859,0.12320339,0.123502485,0.12380487,0.124109544,0.12441558,0.124721915,0.12502763,0.12533164,0.12563308,0.12593082,0.12622395,0.12651148,0.12679243,0.12706576,0.1273305,0.12758568,0.12782034,0.12802519,0.12820177,0.12835145,0.12847573,0.12857613,0.12865402,0.1287109,0.12874828,0.12876756,0.12877028,0.1287578,0.12873165,0.12869333,0.12864423
0.12777591,0.12785265,0.12791717,0.12796755,0.12800191,0.12801829,0.12801474,0.1279894,0.12794027,0.12786548,0.12776306,0.12763116,0.12746777,0.12727101,0.12703891,0.1267696,0.12646112,0.12612046,0.12575744,0.12537433,0.124973506,0.12455727,0.124127895,0.12368773,0.12323906,0.12278424,0.12232556,0.121865325,0.12140589,0.12094951,0.120498545,0.120055296,0.11962207,0.11920119,0.118794955,0.1184057,0.118035756,0.11768737,0.117362894,0.11706468,0.11679498,0.11655616,0.11635047,0.116180316,0.11604791,0.11595562,0.11590578,0.11590069,0.115942635,0.11602912,0.11615474,0.11631761,0.11651581,0.116747364,0.117010385,0.11730294,0.11762309,0.11796895,0.118338525,0.118729934,0.119141266,0.119570576,0.12001593,0.12047539,0.12094707,0.12142902,0.121919304,0.122416005,0.122917205,0.123420954,0.12392538,0.12442851,0.12492844,0.12542322,0.12591092,0.12638968,0.12685749,0.12731247,0.12775268,0.1281762,0.12858109,0.12895174,0.12927534,0.1295542,0.12979063,0.12998696,0.13014546,0.13026853,0.1303584,0.13041739,0.13044786,0.13045211,0.13043244,0.13039115,0.13033062,0.13025308
0.12989473,0.13000847,0.1301041,0.13017882,0.13022973,0.13025402,0.13024876,0.13021119,0.13013837,0.13002749,0.12987567,0.12968008,0.12943788,0.12914619,0.12880214,0.12840289,0.12794557,0.12744199,0.12690791,0.12634647,0.12576084,0.1251542,0.12452965,0.1238904,0.12323959,0.12258034,0.12191586,0.12124926,0.12058372,0.11992237,0.119268365,0.118624926,0.11799515,0.11738218,0.1167892,0.11621935,0.1156758,0.11516171,0.11468021,0.11423444,0.11382761,0.11346284,0.11314331,0.112872146,0.11265248,0.11248755,0.11238044,0.1123343,0.11235236,0.11243348,0.11257272,0.11276711,0.11301386,0.11331009,0.11365296,0.114039615,0.114467196,0.11493284,0.115433715,0.11596693,0.11652966,0.11711903,0.11773218,0.11836627,0.11901847,0.11968588,0.12036566,0.121054985,0.12175095,0.12245074,0.12315146,0.12385026,0.12454433,0.12523077,0.12590677,0.12656944,0.12721592,0.12784337,0.1284489,0.1290297,0.12958291,0.13008823,0.13052943,0.13090959,0.13123192,0.13149957,0.13171569,0.13188344,0.13200596,0.13208641,0.13212796,0.13213374,0.1321069,0.13205066,0.1319681,0.1318624
0.13202865,0.1321791,0.13230564,0.13240448,0.13247183,0.13250394,0.13249703,0.13244729,0.13235098,0.1322043,0.13200347,0.13174473,0.13142428,0.13103838,0.13058324,0.13005503,0.12945004,0.12878478,0.12808104,0.12734269,0.12657377,0.1257783,0.12496025,0.1241236,0.12327232,0.12241042,0.12154183,0.120670654,0.119800776,0.118936196,0.118080914,0.11723895,0.11641424,0.11561079,0.11483259,0.11408364,0.11336789,0.11268937,0.11205202,0.111459866,0.11091687,0.11042701,0.10999429,0.10962271,0.10931626,0.10907886,0.10891458,0.108827345,0.10882118,0.108896516,0.109048694,0.109273866,0.10956828,0.1099282,0.11034979,0.11082932,0.111362986,0.111947,0.1125776,0.11325104,0.11396346,0.11471117,0.11549034,0.11629725,0.11712803,0.11797898,0.118846275,0.119726226,0.12061493,0.12150868,0.122403696,0.1232962,0.12418239,0.12505853,0.1259208,0.12676544,0.12758873,0.12838678,0.12915589,0.12989223,0.1305921,0.1312306,0.13178805,0.1322684,0.13267563,0.13301383,0.1332869,0.13349883,0.13365366,0.1337553,0.1338078,0.1338151,0.13378121,0.13371012,0.1336058,0.13347225
0.13417976,0.13436662,0.13452376,0.13464649,0.13473016,0.13477005,0.13476144,0.13469966,0.13458005,0.1343979,0.13414848,0.1338271,0.13342915,0.13294989,0.13238457,0.13172859,0.13097724,0.1301518,0.12927982,0.12836625,0.1274158,0.12643331,0.1254236,0.12439143,0.12334164,0.12227904,0.121208414,0.12013458,0.11906238,0.11799656,0.11694197,0.115903385,0.11488564,0.11389355,0.112931885,0.11200547,0.111119136,0.11027763,0.10948582,0.10874848,0.10807045,0.10745649,0.10691142,0.106440075,0.106047235,0.105737716,0.10551635,0.10538789,0.10535718,0.10542619,0.1055906,0.10584571,0.10618682,0.10660923,0.107108295,0.107679255,0.108317494,0.10901825,0.10977689,0.11058867,0.111448936,0.11235299,0.11329613,0.114273675,0.11528092,0.11631321,0.1173658,0.118434034,0.119513236,0.12059867,0.12168568,0.12276956,0.12384562,0.12490917,0.12595552,0.12697998,0.12797785,0.12894444,0.12987508,0.13076507,0.1316097,0.1323796,0.13305177,0.13363105,0.13412213,0.13452993,0.1348592,0.13511477,0.13530146,0.13542402,0.13548732,0.13549612,0.13545525,0.13536954,0.13524376,0.13508272
0.13635008,0.13657302,0.13676046,0.13690689,0.1370067,0.13705422,0.137044,0.13697028,0.13682759,0.13661028,0.13631278,0.13592948,0.13545473,0.134883,0.13420868,0.1334262,0.1325299,0.13154586,0.1305075,0.12942047,0.12829043,0.12712292,0.12592362,0.124698065,0.12345196,0.12219087,0.1209204,0.1196462,0.11837388,0.11710907,0.11585734,0.11462431,0.11341561,0.112236895,0.111093745,0.10999175,0.10893655,0.107933775,0.10698903,0.10610791,0.10529607,0.10455908,0.1039026,0.10333223,0.102853544,0.10247223,0.10219386,0.10202405,0.10196842,0.102030516,0.10220639,0.10249046,0.10287712,0.10336078,0.10393584,0.10459671,0.10533778,0.10615345,0.10703816,0.107986294,0.10899223,0.110050425,0.11115522,0.11230106,0.11348235,0.114693485,0.115928866,0.11718291,0.11845001,0.119724564,0.12100099,0.12227366,0.12353703,0.12478547,0.12601337,0.12721522,0.1283853,0.1295181,0.13060798,0.13164937,0.13263665,0.13353609,0.1343213,0.13499798,0.1355717,0.13604811,0.13643275,0.13673131,0.13694939,0.13709256,0.13716653,0.13717683,0.13712908,0.13702895,0.136882,0.13669387
0.13854173,0.1388003,0.1390177,0.13918754,0.13930328,0.13935849,0.13934658,0.13926113,0.13909562,0.13884352,0.13849847,0.13805383,0.13750322,0.13684009,0.13605796,0.13515036,0.13411075,0.13296992,0.13176703,0.13050868,0.12920113,0.12785083,0.12646422,0.12504767,0.123607665,0.12215055,0.12068273,0.119210646,0.11774068,0.11627928,0.11483283,0.11340776,0.11201047,0.11064738,0.10932488,0.10804936,0.106827304,0.10566508,0.10456908,0.10354574,0.102601476,0.10174267,0.10097578,0.10030717,0.09974328,0.09929048,0.09895524,0.09874393,0.09866296,0.09871747,0.09890395,0.09921592,0.099646896,0.10019035,0.10083984,0.10158884,0.10243089,0.103359476,0.1043681,0.10545029,0.10659956,0.1078094,0.10907333,0.11038488,0.11173752,0.11312478,0.114540175,0.11597717,0.11742935,0.11889019,0.120353155,0.12181181,0.12325966,0.124690175,0.12609692,0.12747334,0.128813,0.1301094,0.13135602,0.13254641,0.13367403,0.1347008,0.13559726,0.13636974,0.13702472,0.13756855,0.13800769,0.13834849,0.13859746,0.13876095,0.13884534,0.13885713,0.13880262,0.1386883,0.13852052,0.13830575
0.14075676,0.14105047,0.14129753,0.14149047,0.14162198,0.14168467,0.14167117,0.14157403,0.141386,0.14109965,0.14070757,0.14020243,0.13957684,0.13882343,0.13793483,0.13690364,0.13572252,0.13442682,0.13306159,0.13163407,0.13015136,0.12862076,0.12704936,0.12544441,0.12381314,0.12216264,0.1205002,0.11883295,0.1171681,0.11551282,0.113874316,0.11225981,0.11067645,0.10913145,0.10763199,0.10618526,0.10479846,0.10347879,0.102233425,0.10106955,0.09999437,0.09901509,0.09813886,0.09737291,0.09672441,0.096200585,0.09580858,0.095555596,0.09544886,0.095495045,0.09569118,0.096029885,0.0965038,0.0971055,0.09782767,0.098662935,0.09960386,0.100643136,0.10177335,0.102987126,0.104277134,0.10563593,0.107056215,0.10853059,0.11005165,0.11161203,0.113204345,0.114821255,0.11645541,0.11809936,0.119745776,0.12138729,0.123016514,0.124626055,0.12620854,0.12775666,0.12926292,0.13072012,0.13212071,0.13345739,0.13472281,0.13587463,0.1368802,0.13774674,0.13848144,0.13909152,0.13958412,0.13996646,0.1402457,0.1404291,0.14052378,0.14053696,0.14047584,0.14034757,0.14015941,0.1399185
0.14299718,0.14332563,0.14360188,0.14381763,0.1439647,0.14403479,0.14401965,0.1439111,0.14370082,0.1433806,0.14294218,0.14237735,0.14167781,0.14083536,0.13984172,0.13868868,0.13736795,0.13591953,0.13439423,0.13279994,0.13114467,0.12943639,0.12768297,0.12589249,0.12407278,0.122231886,0.12037773,0.11851827,0.11666145,0.11481524,0.1129876,0.11118646,0.10941984,0.107695624,0.1060218,0.104406305,0.102857105,0.10138219,0.099989474,0.09868691,0.0974825,0.096384145,0.09539981,0.0945375,0.09380512,0.093210645,0.092762016,0.09246722,0.09233418,0.092371255,0.092576005,0.0929402,0.09345554,0.09411381,0.09490678,0.09582618,0.09686378,0.0980113,0.09926055,0.10060322,0.10203112,0.10353597,0.105109565,0.10674361,0.10842989,0.11016013,0.11192611,0.11371957,0.115532294,0.117356,0.11918245,0.121003404,0.122810595,0.12459583,0.1263508,0.12806731,0.12973706,0.1313519,0.13290347,0.1343836,0.13578402,0.13705827,0.13817078,0.13912949,0.1399423,0.14061722,0.14116222,0.14158517,0.14189415,0.14209704,0.14220178,0.14221635,0.14214873,0.14200684,0.1417987,0.14153215
0.14526509,0.14562777,0.14593276,0.14617099,0.14633337,0.14641072,0.14639404,0.14627416,0.14604199,0.14568844,0.1452044,0.14458074,0.14380836,0.14287817,0.14178109,0.14050798,0.13904974,0.13745093,0.13576801,0.13400963,0.13218455,0.13030143,0.12836902,0.12639597,0.12439102,0.122362845,0.12032017,0.1182717,0.11622613,0.11419217,0.112178504,0.11019386,0.10824691,0.10634638,0.10450099,0.102719426,0.10101036,0.09938257,0.09784467,0.096405454,0.095073536,0.093857676,0.09276658,0.09180891,0.09099341,0.09032875,0.08982366,0.08948684,0.08932699,0.089354105,0.08956636,0.08995464,0.09050982,0.09122281,0.09208453,0.093085825,0.094217636,0.09547084,0.09683631,0.098305,0.09986774,0.10151548,0.10323908,0.10502945,0.10687747,0.10877404,0.110710084,0.11267649,0.114664115,0.11666385,0.11866668,0.12066341,0.12264495,0.124602236,0.12652616,0.12840755,0.13023736,0.1320065,0.13370582,0.13532622,0.13685863,0.13825259,0.13946961,0.14051835,0.14140755,0.1421459,0.14274205,0.14320481,0.14354278,0.14376472,0.1438793,0.14389525,0.14382128,0.14366609,0.14343834,0.14314678
0.14756256,0.14795886,0.14829215,0.1485525,0.1487299,0.14881448,0.14879625,0.14866525,0.14841154,0.1480252,0.14749622,0.14681473,0.14597072,0.14495423,0.14375538,0.14236414,0.14077064,0.13902393,0.13718605,0.13526642,0.1332745,0.13121964,0.12911135,0.12695909,0.12477216,0.12256014,0.120332405,0.11809837,0.11586744,0.113649145,0.11145282,0.10928796,0.10716396,0.10509025,0.103076294,0.101131506,0.09926533,0.09748718,0.09580648,0.094232686,0.09277525,0.09144355,0.09024704,0.08919517,0.08829736,0.08756304,0.08700163,0.08662259,0.08643534,0.08645158,0.08667014,0.08708102,0.08767431,0.08844007,0.0893683,0.09044912,0.09167251,0.09302857,0.094507344,0.09609887,0.097793184,0.09958039,0.10145047,0.10339355,0.105399616,0.107458726,0.10956096,0.111696385,0.11385499,0.11602687,0.11820206,0.120370634,0.12252262,0.12464808,0.12673704,0.1287796,0.13076575,0.13268562,0.13452916,0.1362865,0.13794768,0.13945839,0.14077735,0.14191394,0.1428776,0.14367774,0.14432386,0.14482532,0.14519161,0.1454321,0.14555633,0.1455736,0.14549342,0.14532523,0.14507842,0.14476244
0.14989166,0.15032102,0.15068208,0.15096413,0.15115634,0.15124798,0.1512282,0.15108627,0.15081143,0.15039286,0.14981976,0.14908144,0.14816704,0.14706583,0.145767,0.14425975,0.14253339,0.1406414,0.13865143,0.13657354,0.1344179,0.13219465,0.12991396,0.12758592,0.12522067,0.12282844,0.12041927,0.11800332,0.11559077,0.11319175,0.1108164,0.10847486,0.10617724,0.10393371,0.10175441,0.099649474,0.097629055,0.095703304,0.09388231,0.09217629,0.09059531,0.08914957,0.087849185,0.08670429,0.085725054,0.08492158,0.084304035,0.083882555,0.08366729,0.083671674,0.083895236,0.084327176,0.084956735,0.08577311,0.08676554,0.08792325,0.08923546,0.09069139,0.09228024,0.09399127,0.095813654,0.09773665,0.09974948,0.10184134,0.10400147,0.10621909,0.108483404,0.11078366,0.11310906,0.11544883,0.11779219,0.12012838,0.122446604,0.12473608,0.12698601,0.12918569,0.13132425,0.13339095,0.13537505,0.1372657,0.13905215,0.14067645,0.14209454,0.14331657,0.14435266,0.14521298,0.14590766,0.14644682,0.14684066,0.14709929,0.1472328,0.1472514,0.14716518,0.14698431,0.14671895,0.14637923
0.15225442,0.15271617,0.1531045,0.15340784,0.15361458,0.15371309,0.15369184,0.15353923,0.15324362,0.15279345,0.15217713,0.15138303,0.15039963,0.14921527,0.1478184,0.14619738,0.14434068,0.1423063,0.14016725,0.1379343,0.13561837,0.13323024,0.13078073,0.12828071,0.12574093,0.12317233,0.12058565,0.11799176,0.11540147,0.11282565,0.11027506,0.10776056,0.105293036,0.102883235,0.10054203,0.09828023,0.096108675,0.09403819,0.09207962,0.09024376,0.08854149,0.08698359,0.08558092,0.0843443,0.08328454,0.0824125,0.081739,0.08127486,0.08103092,0.0810224,0.08124959,0.0817009,0.082364745,0.08322952,0.084283635,0.08551551,0.086913526,0.088466115,0.090161666,0.0919886,0.093935326,0.095990255,0.09814178,0.10037832,0.10268829,0.10506006,0.10748207,0.10994273,0.11243043,0.11493359,0.11744061,0.119939916,0.12241989,0.12486895,0.12727551,0.12962797,0.13191475,0.13412425,0.13624483,0.13826498,0.14017308,0.14190756,0.14342187,0.14472678,0.1458332,0.14675184,0.14749365,0.14806941,0.14848992,0.14876609,0.14890867,0.14892854,0.1488365,0.14864334,0.14835998,0.14799722
0.15465291,0.15514639,0.15556143,0.15588562,0.15610656,0.15621184,0.15618914,0.15602602,0.15571009,0.15522899,0.15457031,0.15372165,0.15267062,0.15140487,0.149912,0.14817959,0.14619528,0.14402147,0.14173654,0.13935201,0.13687937,0.13433006,0.13171563,0.12904757,0.12633733,0.12359649,0.120836444,0.11806873,0.11530485,0.11255633,0.10983461,0.10715122,0.10451763,0.10194533,0.09944584,0.09703066,0.094711274,0.092499144,0.090405814,0.088442765,0.08662148,0.08495345,0.08345018,0.08212317,0.080983914,0.080043904,0.07931461,0.07880758,0.07853427,0.07851172,0.07874111,0.079210006,0.07990603,0.08081683,0.08192995,0.08323306,0.084713735,0.086359605,0.08815826,0.09009733,0.092164434,0.09434716,0.09663312,0.09900997,0.10146525,0.1039866,0.10656164,0.109177984,0.11182324,0.114485025,0.1171509,0.11980855,0.12244554,0.1250495,0.12760803,0.13010876,0.13253926,0.13488716,0.13714008,0.13928564,0.14131145,0.14315253,0.1447599,0.146145,0.14731944,0.14829458,0.14908196,0.14969309,0.15013948,0.15043262,0.15058395,0.15060502,0.15050735,0.15030235,0.15000156,0.14961648
0.1570892,0.1576137,0.15805484,0.15839939,0.15863423,0.15874611,0.15872201,0.15854864,0.15821284,0.15770149,0.15700142,0.1560994,0.15498231,0.153637,0.15205026,0.15020895,0.14809987,0.14578985,0.14336248,0.14082995,0.13820435,0.13549785,0.13272257,0.12989064,0.12701423,0.124105476,0.12117646,0.11823936,0.115306295,0.11238943,0.10950087,0.10665278,0.10385727,0.101126485,0.098472595,0.09590769,0.09344392,0.091093436,0.08886837,0.08678084,0.084842995,0.08306698,0.081464924,0.08004895,0.07883124,0.07782386,0.07703902,0.07648884,0.076185405,0.07614768,0.0763777,0.0768623,0.07758833,0.078542575,0.07971192,0.08108317,0.08264315,0.084378704,0.08627667,0.088323854,0.09050713,0.0928133,0.09522921,0.097741656,0.10033752,0.10300361,0.10572677,0.10849383,0.11129159,0.114106916,0.11692663,0.11973758,0.12252655,0.12528044,0.12798601,0.1306302,0.13319969,0.13568145,0.13806224,0.14032888,0.14246827,0.14441217,0.1461093,0.14757177,0.14881174,0.14984135,0.15067272,0.151318,0.1517893,0.15209879,0.15225859,0.15228082,0.15217766,0.15196124,0.15164365,0.15123709
0.15956533,0.16012011,0.16058673,0.16095117,0.16119952,0.16131793,0.16129239,0.161109,0.16075385,0.16021298,0.15947248,0.1585184,0.15733685,0.1559139,0.15423559,0.152288,0.15005721,0.1476143,0.14504811,0.14237136,0.13959683,0.13673729,0.13380548,0.13081415,0.12777607,0.12470397,0.12161063,0.11850874,0.11541115,0.11233054,0.10927969,0.10627134,0.10331828,0.100433245,0.09762896,0.094918214,0.09231375,0.08982832,0.08747468,0.08526558,0.08321376,0.081332006,0.07963306,0.07812966,0.07683457,0.07576054,0.07492034,0.07432672,0.073992394,0.073938236,0.074167274,0.074665606,0.07541928,0.076414354,0.07763691,0.07907305,0.08070881,0.08253029,0.08452354,0.08667462,0.08896965,0.091394655,0.093935736,0.09657894,0.09931036,0.10211607,0.10498213,0.107894614,0.110839605,0.113803156,0.11677137,0.11973027,0.12266596,0.12556452,0.12841202,0.13119452,0.13389808,0.13650878,0.13901274,0.14139597,0.14364456,0.14568728,0.14747067,0.14900748,0.15031047,0.15139243,0.15226606,0.15294413,0.15343939,0.1537646,0.15393251,0.1539559,0.1538475,0.15362005,0.15328634,0.1528591
0.16208339,0.16266766,0.16315906,0.16354287,0.16380444,0.16392912,0.16390222,0.16370909,0.16333506,0.16276546,0.16198559,0.16098085,0.15973651,0.15823793,0.15647045,0.15441936,0.15207005,0.14949776,0.1467965,0.14397955,0.14106032,0.13805212,0.13496831,0.13182223,0.12862721,0.1253966,0.12214376,0.11888201,0.11562471,0.11238523,0.10917686,0.10601297,0.10290692,0.09987203,0.09692167,0.09406915,0.09132783,0.08871108,0.0862322,0.08390457,0.08174151,0.07975639,0.077962525,0.07637328,0.075001985,0.073862,0.07296666,0.07232931,0.071963295,0.07189141,0.072117776,0.07262772,0.073406585,0.07443969,0.07571236,0.07720996,0.07891778,0.08082119,0.0829055,0.085156046,0.087558165,0.09009718,0.09275843,0.09552723,0.098388955,0.1013289,0.1043324,0.1073848,0.11047141,0.113577604,0.11668867,0.11978994,0.122866794,0.12590453,0.12888846,0.13180396,0.13463634,0.13737093,0.13999307,0.14248808,0.1448413,0.14697862,0.14884461,0.15045258,0.15181595,0.15294799,0.15386209,0.15457156,0.15508977,0.15543005,0.15560575,0.1556302,0.15551679,0.15527882,0.15492964,0.15448259
0.16448851,0.16509964,0.16561364,0.1660151,0.16628872,0.1664191,0.166391,0.16618899,0.16579773,0.16520192,0.16438623,0.16333523,0.16203366,0.16046616,0.1586174,0.15647194,0.15401456,0.15132442,0.14850014,0.14555568,0.14250481,0.13936152,0.13613957,0.13285291,0.12951538,0.12614083,0.12274322,0.11933628,0.11593402,0.11255024,0.109198846,0.105893664,0.1026486,0.09947754,0.09639434,0.09341286,0.09054699,0.08781059,0.085217535,0.08278171,0.08051697,0.07843722,0.07655627,0.07488805,0.0734464,0.072245225,0.07129837,0.0706197,0.07022311,0.070133284,0.07035543,0.070874184,0.071674235,0.07274022,0.07405679,0.07560865,0.07738038,0.07935671,0.081522256,0.08386167,0.08635965,0.089000806,0.09176984,0.09465138,0.09763007,0.1006906,0.103817634,0.1069958,0.11020975,0.11344417,0.11668371,0.11991298,0.12311673,0.12627953,0.12938613,0.13242109,0.13536909,0.13821484,0.14094296,0.1435381,0.1459849,0.14820682,0.15014663,0.15181825,0.15323554,0.15441239,0.15536265,0.15610018,0.1566389,0.15699266,0.15717532,0.15720074,0.15708284,0.15683545,0.15647244,0.15600774
0.16663292,0.1672667,0.1677997,0.16821605,0.1684998,0.168635,0.16860583,0.16839637,0.16799065,0.1673728,0.16652687,0.16543703,0.16408725,0.16246171,0.1605445,0.15831968,0.15577133,0.15298201,0.15005441,0.14700286,0.14384158,0.140585,0.13724726,0.13384284,0.13038592,0.12689087,0.12337201,0.11984359,0.11631993,0.11281535,0.109344155,0.10592061,0.1025591,0.09927386,0.09607924,0.09298949,0.09001898,0.087181985,0.08449282,0.08196577,0.07961515,0.07745528,0.075500466,0.073764965,0.07226315,0.07100928,0.07001768,0.06930266,0.0688785,0.06877164,0.068988256,0.06951249,0.07032842,0.07142013,0.07277171,0.074367255,0.07619087,0.0782266,0.08045856,0.08287085,0.08544756,0.088172734,0.09103054,0.09400499,0.097080216,0.1002403,0.103469335,0.1067514,0.11007058,0.11341099,0.11675671,0.120091796,0.12340038,0.12666653,0.12987433,0.13300791,0.1360513,0.13898866,0.141804,0.1444815,0.14700514,0.14929639,0.15129672,0.15302056,0.15448207,0.15569569,0.15667559,0.15743619,0.15799169,0.1583565,0.15854484,0.15857106,0.15844944,0.15819438,0.15782005,0.15734078
0.16852954,0.16918188,0.1697305,0.17015903,0.17045107,0.17059028,0.17056029,0.17034465,0.16992703,0.16929105,0.16842036,0.16729853,0.16590925,0.16423607,0.16226265,0.15997262,0.15734959,0.15447894,0.15146665,0.14832741,0.14507593,0.14172676,0.13829456,0.13479401,0.13123982,0.1276465,0.12402878,0.12040127,0.11677867,0.113175616,0.109606706,0.10608665,0.102630064,0.09925158,0.09596588,0.092787616,0.08973139,0.08681189,0.08404376,0.08144165,0.07902019,0.07679403,0.074777834,0.07298623,0.0714339,0.07013546,0.069105566,0.068358876,0.06791002,0.067786925,0.06799682,0.068523355,0.06935014,0.070460774,0.071838886,0.07346811,0.0753321,0.07741442,0.079698734,0.08216864,0.08480778,0.08759978,0.09052825,0.093576826,0.0967291,0.099968724,0.103279315,0.10664451,0.11004789,0.11347313,0.116903834,0.120323606,0.123716086,0.12706487,0.13035363,0.13356598,0.13668549,0.13969585,0.14258064,0.14532351,0.14790806,0.15025418,0.15230247,0.15406759,0.15556413,0.15680678,0.15781015,0.15858896,0.15915778,0.15953133,0.1597242,0.15975106,0.15962651,0.1593653,0.15898202,0.1584913
0.17019111,0.1708582,0.1714192,0.17185742,0.17215607,0.1722984,0.17226772,0.17204723,0.17162018,0.17096983,0.17007945,0.16893229,0.1675116,0.16580066,0.16378264,0.16144083,0.15875857,0.15582341,0.15274419,0.14953576,0.14621311,0.14279105,0.13928454,0.13570848,0.13207777,0.1284073,0.12471202,0.12100677,0.117306486,0.11362608,0.10998048,0.10638453,0.102853194,0.09940134,0.09604388,0.09279572,0.08967178,0.08668694,0.08385615,0.08119427,0.07871621,0.076436885,0.0743712,0.072534055,0.07094037,0.069605015,0.06854296,0.06776904,0.067298196,0.06715971,0.067361735,0.06788753,0.068720356,0.06984346,0.0712401,0.07289352,0.074786976,0.07690373,0.07922702,0.081740126,0.08442626,0.08726871,0.09025073,0.09335556,0.09656643,0.09986663,0.1032394,0.106667995,0.11013567,0.11362565,0.11712126,0.12060567,0.124062166,0.127474,0.13082445,0.13409676,0.13727413,0.14033987,0.14327723,0.14606942,0.14869976,0.15108703,0.15317129,0.15496734,0.15649015,0.15775457,0.15877558,0.15956804,0.16014685,0.1605269,0.16072318,0.1607505,0.16062382,0.16035801,0.159968,0.15946865
0.17163047,0.17230867,0.17287904,0.17332456,0.17362818,0.17377292,0.17374168,0.17351753,0.17308336,0.17242219,0.17151697,0.1703507,0.16890633,0.16716686,0.16511527,0.16273445,0.16000749,0.15702383,0.15389438,0.15063421,0.14725843,0.14378214,0.14022037,0.1365882,0.13290077,0.12917313,0.12542029,0.121657476,0.11789963,0.1141619,0.110459365,0.10680711,0.10322021,0.09971374,0.096302785,0.0930024,0.08982772,0.08679377,0.083915666,0.08120849,0.07868731,0.076367214,0.074263275,0.07239058,0.070764214,0.06939925,0.06831076,0.06751385,0.0670236,0.06687045,0.067063496,0.06758572,0.06842007,0.06954955,0.07095712,0.072625734,0.0745384,0.076678075,0.07902774,0.081570365,0.08428892,0.08716636,0.090185724,0.09332993,0.09658194,0.09992479,0.10334139,0.10681478,0.11032786,0.113863654,0.117405124,0.12093523,0.12443698,0.12789333,0.13128725,0.13460171,0.13781969,0.14092416,0.14389808,0.14672448,0.14938627,0.15180176,0.1539106,0.15572785,0.15726861,0.15854801,0.15958107,0.16038287,0.16096851,0.16135311,0.16155167,0.16157933,0.16145112,0.16118215,0.16078757,0.16028236
0.17286047,0.17354636,0.17412318,0.17457376,0.17488085,0.17502719,0.17499562,0.17476888,0.1743298,0.17366114,0.17274565,0.17156616,0.17010543,0.16834617,0.16627133,0.16386354,0.1611056,0.15808845,0.15492454,0.1516291,0.14821726,0.1447042,0.14110513,0.13743523,0.13370962,0.12994353,0.12615222,0.12235073,0.11855428,0.114778094,0.11103734,0.10734718,0.10372281,0.10017938,0.09673211,0.09339618,0.09018672,0.087119,0.084208116,0.081469275,0.07891767,0.076568484,0.074436866,0.072538026,0.070887156,0.069499396,0.06838995,0.06757401,0.06706674,0.06689966,0.067082725,0.06759866,0.0684303,0.06956039,0.07097174,0.0726471,0.074569255,0.07672101,0.07908516,0.08164443,0.08438161,0.08727954,0.09032093,0.09348862,0.09676535,0.10013391,0.10357711,0.107077695,0.110618435,0.11418217,0.117751636,0.1213096,0.124838874,0.12832224,0.13174248,0.13508232,0.1383246,0.14145212,0.14444761,0.14729388,0.14997369,0.15240516,0.1545279,0.15635715,0.15790816,0.15919594,0.16023585,0.16104297,0.16163251,0.16201958,0.1622195,0.1622473,0.16211826,0.16184756,0.1614503,0.16094176
0.17389387,0.17458428,0.17516486,0.17561838,0.17592748,0.17607479,0.176043,0.1758148,0.17537288,0.1746998,0.17377834,0.17259112,0.17112081,0.16935009,0.16726163,0.16483808,0.16206214,0.15902564,0.1558421,0.15252675,0.1490948,0.14556144,0.14194198,0.13825147,0.13450521,0.1307184,0.12690628,0.12308394,0.1192667,0.11546978,0.111708306,0.10799755,0.104352675,0.100788936,0.0973215,0.0939656,0.09073646,0.08764925,0.08471918,0.0819615,0.0793914,0.07702405,0.07487472,0.07295858,0.07129085,0.06988674,0.068761446,0.0679302,0.0674082,0.06722786,0.06739993,0.06790709,0.068732,0.06985732,0.07126572,0.072939865,0.07486246,0.07701612,0.07938353,0.08194738,0.084690325,0.08759502,0.090644166,0.0938204,0.09710638,0.10048483,0.10393835,0.10744968,0.11100142,0.11457627,0.11815692,0.121725984,0.1252662,0.12876017,0.1321906,0.13554014,0.13879149,0.14192729,0.14493018,0.14778289,0.15046808,0.15290399,0.15503068,0.15686333,0.15841715,0.15970737,0.16074915,0.16155775,0.16214839,0.16253619,0.16273643,0.16276433,0.16263506,0.16236383,0.16196585,0.16145638
0.17474355,0.17543541,0.17601728,0.17647175,0.1767815,0.17692916,0.1768973,0.17666861,0.17622572,0.17555124,0.17462775,0.173438,0.1719645,0.17018998,0.16809702,0.16566825,0.16288632,0.15984364,0.15665431,0.1533335,0.1498964,0.14635819,0.14273398,0.13903901,0.13528843,0.13149738,0.127681,0.12385458,0.120033175,0.116231985,0.11246624,0.108751,0.10510153,0.101532966,0.098060474,0.09469922,0.09146439,0.088371135,0.08543466,0.08267006,0.080092594,0.07771737,0.07555959,0.07363441,0.071957015,0.07054254,0.06940619,0.068563126,0.068028495,0.067835525,0.06799574,0.06849175,0.06930619,0.070421666,0.07182087,0.073486395,0.07540085,0.07754691,0.07990721,0.082464315,0.08520091,0.088099636,0.0911431,0.094313934,0.09759475,0.100968234,0.10441697,0.10792359,0.11147074,0.11504105,0.11861716,0.1221817,0.12571728,0.12920654,0.13263209,0.13597661,0.13922268,0.14235303,0.14535016,0.14819676,0.15087548,0.15330514,0.1554264,0.15725435,0.1588042,0.16009107,0.16113022,0.16193675,0.16252583,0.16291267,0.1631124,0.16314021,0.16301127,0.16274074,0.16234381,0.16183561
0.17542231,0.17611286,0.17669362,0.17714727,0.17745642,0.17760378,0.17757198,0.17734371,0.17690168,0.17622843,0.17530674,0.17411919,0.17264849,0.1708773,0.1687883,0.1663641,0.16358739,0.16055082,0.15736859,0.15405576,0.15062737,0.14709859,0.14348437,0.13979986,0.13606007,0.13228011,0.12847504,0.12465993,0.12084983,0.11705984,0.113305,0.10960038,0.10596106,0.10240212,0.098938614,0.09558558,0.09235813,0.08927133,0.08634023,0.0835799,0.081005424,0.07863186,0.07647428,0.07454774,0.07286732,0.07144809,0.07030511,0.06945345,0.068908185,0.06870317,0.068850674,0.06933333,0.07013381,0.07123481,0.07261895,0.074268915,0.076167375,0.07829697,0.0806404,0.0831803,0.08589933,0.08878017,0.0918055,0.09495794,0.0982202,0.10157489,0.10500472,0.10849234,0.11202039,0.11557159,0.11912853,0.12267395,0.12619042,0.12966076,0.13306744,0.13639326,0.13962081,0.14273281,0.1457119,0.14854072,0.15120198,0.15361544,0.15572254,0.15753826,0.15907773,0.16035606,0.16138826,0.1621894,0.16277456,0.1631588,0.1633572,0.16338481,0.16325673,0.16298802,0.1625937,0.16208895
0.17594294,0.1766296,0.17720713,0.17765819,0.17796561,0.17811218,0.17808053,0.17785354,0.17741397,0.17674452,0.17582802,0.17464712,0.17318471,0.1714235,0.1693462,0.16693567,0.1641746,0.16115546,0.1579922,0.15469976,0.151293,0.14778684,0.1441962,0.14053597,0.13682108,0.13306642,0.1292869,0.12549746,0.121712975,0.1179484,0.11421858,0.110538475,0.10692297,0.10338699,0.09994545,0.09661323,0.09340526,0.09033643,0.08742167,0.0846759,0.082114,0.0797509,0.077601515,0.07568073,0.07400347,0.07258463,0.071439154,0.070581906,0.07002782,0.06981131,0.0699453,0.07041259,0.071195915,0.07227805,0.07364174,0.07526977,0.0771449,0.07924986,0.081567444,0.0840804,0.08677147,0.089623466,0.09261909,0.09574116,0.09897239,0.10229556,0.10569344,0.10914881,0.11264435,0.1161629,0.11968718,0.123199984,0.12668405,0.13012217,0.13349707,0.13679154,0.13998827,0.14307009,0.14601977,0.14882001,0.15145366,0.15384166,0.15592651,0.15772311,0.15924637,0.16051121,0.16153252,0.16232517,0.16290416,0.16328438,0.16348065,0.163508,0.16338128,0.16311538,0.16272527,0.16222577
0.1763183,0.17699869,0.17757095,0.17801793,0.17832255,0.17846774,0.17843644,0.17821151,0.17777593,0.17711258,0.17620441,0.17503431,0.17358522,0.17184003,0.16978167,0.16739307,0.16465713,0.1616659,0.15853262,0.15527195,0.15189856,0.14842723,0.14487262,0.14124936,0.13757224,0.13385594,0.13011514,0.12636451,0.12261884,0.11889274,0.11520091,0.11155808,0.10797896,0.10447822,0.10107056,0.09777068,0.0945933,0.09155307,0.088664725,0.085942976,0.08340246,0.08105793,0.07892408,0.07701557,0.075347126,0.07393345,0.07278922,0.07192916,0.07136794,0.0711404,0.07126021,0.071710244,0.072473444,0.073532745,0.07487105,0.076471254,0.07831631,0.08038913,0.0826726,0.08514968,0.087803274,0.09061629,0.093571655,0.09665228,0.09984111,0.10312101,0.10647498,0.10988585,0.11333658,0.11681011,0.120289326,0.12375713,0.12719648,0.13059027,0.13392147,0.13717292,0.14032756,0.14336833,0.14627816,0.14903991,0.15163657,0.15399063,0.15604587,0.15781695,0.15931852,0.16056538,0.16157219,0.16235358,0.16292435,0.16329913,0.16349265,0.1635196,0.16339466,0.16313258,0.16274798,0.16225557
0.17656116,0.17723317,0.17779835,0.17823976,0.17854062,0.17868406,0.1786531,0.17843097,0.17800076,0.17734563,0.17644869,0.17529307,0.17386189,0.17213829,0.1701054,0.16774634,0.16504428,0.16209045,0.15899704,0.15577859,0.15244938,0.14902392,0.14551666,0.14194205,0.13831449,0.13464844,0.1309583,0.12725855,0.12356361,0.11988791,0.11624592,0.11265205,0.109120704,0.1056664,0.10230352,0.09904652,0.09590983,0.09290788,0.09005513,0.08736599,0.084854916,0.082536355,0.08042472,0.07853447,0.076880015,0.07547581,0.0743363,0.07347592,0.07290909,0.072671,0.07277594,0.073207036,0.07394742,0.07498024,0.076288596,0.07785564,0.079664506,0.08169829,0.08394016,0.086373225,0.088980615,0.09174546,0.09465089,0.09768005,0.100816034,0.104042016,0.10734109,0.110696405,0.114091076,0.11750823,0.12093105,0.12434259,0.12772603,0.13106447,0.13434103,0.13753891,0.14064115,0.14363094,0.1464914,0.14920564,0.1517568,0.1540692,0.156088,0.15782773,0.15930276,0.16052751,0.16151652,0.1622841,0.16284473,0.16321291,0.16340297,0.16342944,0.16330673,0.16304928,0.16267148,0.16218784
0.1766844,0.17734604,0.17790247,0.1783371,0.17863332,0.17877454,0.17874405,0.17852537,0.1781018,0.17745677,0.17657363,0.17543587,0.17402679,0.1723298,0.17032824,0.1680056,0.16534522,0.1624374,0.15939298,0.15622604,0.15295073,0.1495812,0.14613162,0.14261608,0.13904867,0.13544357,0.13181493,0.1281769,0.124543555,0.12092905,0.11734753,0.11381312,0.11033995,0.10694218,0.10363389,0.10042927,0.09734242,0.0943875,0.09157861,0.088929914,0.086455524,0.08416959,0.08208623,0.08021959,0.0785838,0.077193,0.07606131,0.075202875,0.07463182,0.07438357,0.07447305,0.07488368,0.07559883,0.07660188,0.07787622,0.07940526,0.08117237,0.08316096,0.08535441,0.08773609,0.090289414,0.09299778,0.09584454,0.09881313,0.10188691,0.10504928,0.10828362,0.11157332,0.11490178,0.11825241,0.12160857,0.124953635,0.12827101,0.13154414,0.13475633,0.13789098,0.14093158,0.14386141,0.14666387,0.14932238,0.15182035,0.15408412,0.15606046,0.15776357,0.15920755,0.16040653,0.16137472,0.16212615,0.16267501,0.16303541,0.16322151,0.16324745,0.16312729,0.16287525,0.16250537,0.16203193
0.17670082,0.17735033,0.17789657,0.17832324,0.17861404,0.17875263,0.17872274,0.17850807,0.17809226,0.17745903,0.1765921,0.17547512,0.17409185,0.17242591,0.17046104,0.1681809,0.16556925,0.1627151,0.15972762,0.15662065,0.15340795,0.15010327,0.14672048,0.14327332,0.1397756,0.13624112,0.13268365,0.12911698,0.12555487,0.12201118,0.11849968,0.11503415,0.11162835,0.108296126,0.10505124,0.10190747,0.098878644,0.09597852,0.09322092,0.090619616,0.08818837,0.08594103,0.08389136,0.082053155,0.080440186,0.07906626,0.07794517,0.07709071,0.07651666,0.07625862,0.076332144,0.07672093,0.07740864,0.078379,0.07961567,0.081102386,0.08282282,0.084760666,0.0868996,0.08922336,0.09171562,0.094360046,0.09714039,0.10004027,0.10304345,0.10613359,0.10929438,0.11250951,0.11576273,0.11903768,0.122318044,0.12558754,0.12882987,0.13202873,0.13516776,0.13823071,0.14120129,0.14406313,0.14679995,0.14939547,0.15183337,0.15404224,0.15597066,0.15763246,0.15904145,0.16021135,0.16115603,0.16188926,0.1624248,0.16277646,0.16295806,0.16298333,0.16286609,0.16262016,0.16225931,0.16179731
0.1766232,0.17725909,0.17779383,0.17821155,0.17849624,0.17863193,0.17860267,0.17839247,0.1779854,0.17736548,0.17651677,0.17542328,0.17406905,0.17243813,0.17051454,0.16828233,0.16572551,0.16293181,0.16000842,0.15696879,0.15382627,0.15059438,0.14728644,0.14391594,0.14049621,0.13704075,0.13356295,0.13007614,0.12659384,0.12312943,0.11969632,0.116307914,0.11297765,0.10971888,0.10654511,0.1034697,0.10050606,0.09766763,0.0949678,0.09241999,0.090037644,0.08783412,0.08582289,0.08401733,0.08243083,0.081076875,0.07996883,0.07912012,0.07854417,0.07827667,0.07833376,0.078699484,0.07935785,0.08029293,0.08148875,0.08292933,0.08459873,0.08648096,0.08856008,0.090820126,0.09324512,0.0958191,0.09852611,0.10135019,0.10427538,0.10728567,0.11036517,0.11349789,0.11666782,0.11985906,0.12305561,0.12624152,0.12940083,0.13251759,0.1355758,0.13855949,0.14145274,0.14423959,0.14690404,0.14943011,0.1518019,0.15395038,0.15582606,0.15744247,0.1588129,0.15995085,0.16086972,0.16158287,0.16210377,0.16244583,0.16262245,0.16264704,0.16253304,0.1622938,0.16194281,0.16149345
0.1764644,0.17708531,0.1776075,0.17801534,0.17829335,0.17842582,0.17839724,0.17819202,0.17779452,0.17718922,0.17636049,0.17529272,0.17397039,0.17237787,0.17049958,0.16831996,0.16582334,0.16309588,0.16024268,0.15727673,0.15421109,0.15105872,0.14783263,0.14454581,0.14121136,0.1378422,0.13445139,0.13105185,0.1276567,0.12427885,0.120931365,0.11762724,0.1143795,0.11120109,0.108105086,0.10510447,0.102212235,0.0994414,0.096804984,0.09431598,0.0919874,0.08983226,0.08786356,0.0860943,0.08453748,0.08320613,0.08211323,0.08127182,0.080694884,0.0804182,0.080458455,0.080800086,0.08142747,0.08232505,0.08347722,0.08486838,0.08648298,0.088305406,0.09032008,0.092511415,0.09486382,0.097361706,0.09998948,0.10273159,0.1055724,0.108496346,0.11148781,0.11453129,0.1176111,0.120711684,0.1238175,0.12691289,0.12998232,0.1330102,0.1359809,0.13887885,0.1416885,0.1443942,0.14698042,0.14943156,0.15173201,0.15381534,0.15563416,0.15720157,0.15853049,0.1596339,0.16052493,0.16121648,0.16172157,0.1620533,0.16222455,0.16224842,0.16213784,0.16190585,0.16156554,0.16112977
0.17623723,0.17684206,0.1773507,0.17774798,0.17801878,0.17814782,0.17811999,0.17792007,0.1775329,0.17694326,0.17613599,0.17509593,0.17380787,0.1722566,0.17042698,0.16830383,0.16587192,0.16321562,0.16043773,0.15755089,0.1545676,0.15150051,0.14836213,0.14516506,0.14192188,0.13864519,0.13534752,0.13204144,0.12873958,0.1254545,0.12219877,0.118984915,0.11582559,0.112733334,0.10972072,0.10680032,0.10398472,0.101286486,0.09871823,0.09629249,0.09402183,0.09191886,0.089996144,0.08826626,0.08674177,0.08543526,0.084359296,0.083526485,0.08294937,0.08266373,0.08268682,0.08300347,0.08359847,0.08445667,0.08556285,0.08690186,0.088458486,0.09021756,0.092163906,0.09428233,0.096557654,0.0989747,0.10151825,0.10417316,0.106924236,0.109756276,0.11265415,0.1156026,0.11858648,0.1215906,0.12459979,0.12759888,0.13057266,0.13350594,0.13638352,0.13919027,0.14191099,0.14453046,0.14703354,0.14940502,0.15162973,0.15364395,0.15540247,0.15691784,0.15820265,0.15926948,0.16013093,0.16079955,0.1612879,0.16160859,0.16177417,0.16179721,0.16169032,0.16146606,0.16113703,0.1607157
0.17595452,0.17654233,0.17703669,0.1774228,0.177686,0.17781143,0.17778437,0.17759007,0.17721379,0.1766407,0.17585613,0.17484528,0.1735934,0.17208573,0.17030755,0.16824403,0.16588047,0.16329934,0.16060099,0.15779755,0.15490118,0.15192397,0.14887808,0.1457756,0.14262867,0.13944937,0.13624993,0.13304238,0.12983885,0.1266515,0.12349243,0.120373785,0.1173077,0.11430624,0.111381575,0.10854583,0.10581112,0.10318955,0.100693256,0.09833438,0.09612504,0.09407733,0.09220341,0.0905154,0.0890254,0.087745555,0.08668799,0.08586482,0.08528815,0.08499376,0.084999405,0.08529036,0.08585184,0.086669125,0.08772743,0.08901203,0.09050812,0.09220097,0.09407583,0.09611794,0.09831252,0.10064485,0.10310014,0.10566364,0.108320646,0.11105629,0.11385592,0.11670474,0.11958799,0.12249091,0.12539873,0.12829673,0.13117015,0.13400424,0.13678415,0.13949524,0.1421227,0.14465179,0.14706773,0.14935578,0.1515012,0.15344301,0.1551384,0.15659931,0.15783796,0.15886651,0.15969697,0.16034159,0.1608124,0.16112153,0.16128117,0.16130343,0.16120034,0.16098414,0.16066688,0.16026074
0.17562906,0.17619917,0.17667867,0.1770532,0.17730843,0.17743008,0.17740384,0.17721538,0.17685042,0.17629458,0.17553365,0.17455322,0.17333904,0.17187676,0.17015208,0.16815065,0.16585825,0.1633553,0.16073973,0.15802309,0.15521708,0.15233336,0.14938359,0.14637946,0.14333254,0.14025456,0.13715716,0.13405195,0.13095067,0.12786491,0.12480635,0.12178664,0.11881745,0.115910426,0.113077216,0.1103295,0.10767893,0.10513715,0.102715805,0.100426584,0.09828112,0.0962911,0.094468124,0.09282391,0.091370076,0.0901183,0.08908021,0.088267475,0.08769179,0.08738876,0.08737676,0.08764148,0.08816859,0.0889438,0.08995277,0.091181196,0.09261477,0.094239205,0.096040145,0.098003305,0.10011437,0.10235899,0.10472288,0.10719177,0.109751284,0.11238714,0.115085,0.11783059,0.12060958,0.12340764,0.12621048,0.12900375,0.13177319,0.13450448,0.13718323,0.13979523,0.14232613,0.14476162,0.14708734,0.14928904,0.15135239,0.1532194,0.15484938,0.156254,0.15744491,0.15843378,0.15923226,0.159852,0.16030468,0.16060191,0.1607554,0.16077676,0.16067767,0.1604698,0.16016479,0.15977429
0.17527372,0.17582564,0.17628981,0.1766524,0.1768995,0.17701729,0.1769919,0.17680942,0.17645608,0.17591801,0.17518134,0.17423216,0.17305669,0.17164107,0.16997139,0.16803381,0.16581449,0.16339193,0.16086131,0.15823382,0.1555206,0.15273291,0.14988185,0.14697863,0.14403442,0.14106038,0.13806774,0.13506763,0.13207126,0.12908979,0.1261344,0.12321628,0.120346576,0.1175365,0.11479721,0.112139925,0.10957576,0.10711595,0.104771644,0.10255403,0.100474276,0.09854357,0.09677307,0.095173985,0.09375747,0.09253473,0.09151693,0.09071522,0.09014081,0.089829266,0.08979948,0.09003757,0.09052968,0.09126198,0.092220604,0.09339168,0.09476136,0.096315786,0.09804113,0.09992349,0.101949036,0.10410393,0.10637426,0.10874622,0.11120594,0.11373954,0.116333194,0.118973024,0.121645205,0.12433586,0.1270311,0.12971713,0.1323801,0.13500606,0.13758126,0.14009178,0.14252377,0.1448634,0.14709678,0.14921011,0.15118946,0.15297984,0.15454295,0.15588996,0.15703198,0.15798032,0.158746,0.15934032,0.15977441,0.16005947,0.16020665,0.16022712,0.16013211,0.15993278,0.15964027,0.15926579
0.17490123,0.17543474,0.1758834,0.17623383,0.1764727,0.1765865,0.17656197,0.17638561,0.1760441,0.175524,0.17481193,0.17389457,0.17275839,0.17139009,0.16977626,0.1679035,0.16575842,0.16341747,0.16097315,0.1584361,0.1558171,0.15312685,0.15037595,0.14757513,0.14473516,0.1418666,0.13898027,0.1360868,0.13319689,0.13032123,0.12747054,0.12465549,0.12188676,0.11917511,0.11653116,0.11396562,0.11148919,0.10911259,0.10684649,0.104701586,0.10268856,0.10081814,0.09910099,0.09754781,0.096169285,0.09497614,0.093979046,0.093188696,0.09261578,0.09229579,0.09224809,0.09245934,0.09291612,0.093605064,0.09451272,0.095625766,0.09693074,0.09841433,0.100063056,0.101863615,0.103802525,0.10586645,0.108041994,0.1103157,0.112674244,0.115104266,0.1175923,0.120124966,0.12268888,0.12527066,0.12785691,0.13043422,0.13298921,0.13550846,0.13797864,0.14038634,0.14271809,0.1449606,0.1471004,0.14912415,0.15101841,0.15273122,0.15422657,0.15551518,0.15660773,0.15751496,0.15824746,0.15881598,0.1592313,0.15950397,0.15964481,0.1596644,0.15957348,0.1593828,0.15910299,0.15874472
0.1745245,0.17503947,0.17547254,0.1758108,0.17604135,0.17615123,0.17612754,0.17595734,0.17562768,0.17512564,0.17443834,0.17355281,0.1724561,0.17113534,0.16957755,0.16776985,0.16569926,0.16344023,0.16108246,0.1586363,0.15611184,0.15351932,0.15086898,0.14817096,0.14543557,0.14267291,0.13989326,0.13710682,0.13432376,0.13155432,0.12880869,0.12609708,0.12342973,0.12081681,0.118268535,0.11579512,0.11340676,0.111113675,0.10892608,0.10685417,0.104908176,0.10309824,0.10143465,0.09992757,0.098587215,0.097423784,0.09644752,0.09566861,0.09509723,0.09476879,0.094703205,0.09488755,0.09530893,0.09595434,0.096810944,0.09786575,0.09910586,0.10051833,0.10209025,0.10380867,0.105660684,0.10763336,0.10971377,0.111888975,0.11414605,0.11647207,0.118854135,0.121279255,0.123734556,0.1262071,0.12868394,0.13115218,0.13359888,0.13601108,0.1383759,0.14068037,0.14291158,0.14505664,0.14710255,0.14903645,0.15084536,0.1524803,0.15390772,0.15513775,0.15618065,0.1570466,0.15774584,0.15828852,0.15868497,0.15894523,0.15907964,0.15909839,0.15901162,0.15882957,0.15856245,0.15822047
0.17415634,0.17465289,0.17507051,0.17539668,0.175619,0.17572494,0.17570211,0.17553796,0.1752201,0.17473601,0.17407322,0.1732193,0.17216177,0.17088819,0.16938603,0.16764288,0.16564626,0.1634685,0.16119672,0.1588407,0.15641007,0.15391463,0.15136407,0.14876814,0.14613657,0.14347902,0.14080532,0.13812509,0.13544813,0.1327841,0.1301428,0.12753393,0.124967165,0.12245226,0.119998984,0.117616996,0.11531604,0.11310585,0.11099619,0.108996704,0.10711718,0.1053673,0.10375681,0.10229545,0.10099292,0.09985896,0.09890328,0.09813562,0.09756572,0.097228795,0.09714534,0.09730292,0.097689025,0.09829119,0.09909698,0.10009393,0.10126954,0.10261138,0.10410695,0.10574381,0.107509464,0.10939149,0.11137739,0.11345471,0.115610965,0.117833726,0.1201105,0.122428805,0.12477622,0.12714027,0.12950845,0.13186833,0.13420743,0.13651328,0.13877341,0.14097542,0.14310673,0.145155,0.14710763,0.14895225,0.15067637,0.15223396,0.15359381,0.15476567,0.1557592,0.1565842,0.15725034,0.1577674,0.15814504,0.15839301,0.15852107,0.15853891,0.15845622,0.15828279,0.15802835,0.15770257
0.17380953,0.17428803,0.17469047,0.17500482,0.17521903,0.17532116,0.17529912,0.17514098,0.17483462,0.17436813,0.17372943,0.17290655,0.17188744,0.17066012,0.16921255,0.16753274,0.16560866,0.16351065,0.16132323,0.15905565,0.15671715,0.15431699,0.15186441,0.14936867,0.14683898,0.1442847,0.14171496,0.13913906,0.13656622,0.13400574,0.1314668,0.12895876,0.12649076,0.12407209,0.12171201,0.11941974,0.11720459,0.11507575,0.11304249,0.11111407,0.10929972,0.107608706,0.10605026,0.10463365,0.103368126,0.10226292,0.101327285,0.100570485,0.10000177,0.099656306,0.0995551,0.09968616,0.10003745,0.10059696,0.10135268,0.10229262,0.103404716,0.10467701,0.10609746,0.10765406,0.109334774,0.111127615,0.11302058,0.11500163,0.11705877,0.11917996,0.12135321,0.12356651,0.12580785,0.1280652,0.13032655,0.1325799,0.1348132,0.1370145,0.13917173,0.14127292,0.14330602,0.14525908,0.14711997,0.14887677,0.15051746,0.15199894,0.15329236,0.15440698,0.15535197,0.15613666,0.15677026,0.15726203,0.15762122,0.1578571,0.15797889,0.15799585,0.15791723,0.15775226,0.15751025,0.15720037
0.17349687,0.17395791,0.17434566,0.1746485,0.1748549,0.17495327,0.17493206,0.17477967,0.17448452,0.17403507,0.17341973,0.17262691,0.17164505,0.17046255,0.16906787,0.16744946,0.16559567,0.16357496,0.16146933,0.15928751,0.15703836,0.1547306,0.15237308,0.14997452,0.14754376,0.14508957,0.14262073,0.140146,0.13767426,0.13521421,0.13277467,0.13036442,0.12799221,0.12566689,0.123397216,0.12119199,0.11905998,0.11700999,0.115050785,0.113191195,0.11143995,0.109805875,0.108297765,0.10692437,0.10569448,0.104616925,0.103700444,0.10295386,0.102385946,0.10203182,0.101913035,0.102018006,0.10233518,0.10285296,0.10355979,0.10444407,0.105494276,0.10669878,0.10804605,0.10952448,0.11112251,0.112828575,0.114631064,0.11651847,0.118479125,0.12050153,0.12257412,0.12468525,0.12682341,0.12897697,0.13113442,0.13328415,0.13541459,0.13751416,0.13957131,0.14157441,0.14351195,0.14537233,0.14714397,0.14881529,0.15037474,0.15178213,0.15301085,0.15406966,0.15496741,0.15571284,0.15631476,0.15678196,0.15712316,0.15734726,0.15746292,0.15747903,0.15740436,0.15724766,0.15701777,0.15672338
0.17323126,0.17367555,0.17404924,0.17434113,0.17454004,0.17463487,0.17461441,0.17446755,0.17418309,0.17374994,0.1731569,0.17239283,0.17144656,0.17030695,0.16896285,0.16740307,0.16561654,0.16366975,0.16164234,0.15954265,0.157379,0.15515973,0.1528932,0.15058774,0.14825168,0.1458934,0.14352122,0.14114349,0.13876848,0.13640463,0.13406026,0.13174367,0.12946323,0.12722725,0.12504415,0.12292222,0.12086976,0.11889522,0.117006816,0.115212955,0.11352199,0.11194223,0.110482045,0.10914975,0.10795372,0.10690225,0.10600371,0.10526643,0.104698785,0.10433583,0.1041997,0.1042792,0.1045632,0.10504056,0.105700076,0.10653066,0.10752109,0.10866028,0.109937005,0.1113402,0.11285861,0.114481136,0.1161966,0.1179939,0.11986183,0.121789224,0.123764984,0.12577792,0.12781687,0.12987071,0.13192825,0.13397835,0.13600992,0.13801166,0.13997254,0.14188138,0.14372699,0.14549825,0.14718395,0.14877303,0.15025428,0.15159029,0.15275672,0.15376186,0.15461409,0.15532173,0.15589313,0.15633659,0.1566605,0.15687321,0.15698308,0.15699834,0.15692745,0.1567787,0.15656042,0.15628098
0.17302547,0.17345405,0.17381446,0.174096,0.17428786,0.17437933,0.17435962,0.17421792,0.17394358,0.17352577,0.17295371,0.17221673,0.17130396,0.17020477,0.16890827,0.16740376,0.16568051,0.16380334,0.16184968,0.15982735,0.15774436,0.15560856,0.1534279,0.15121031,0.14896365,0.1466959,0.14441496,0.14212872,0.13984513,0.13757208,0.13531755,0.13308938,0.13089553,0.1287439,0.1266424,0.12459898,0.12262155,0.12071803,0.11889628,0.117164284,0.115529954,0.11400119,0.1125859,0.11129204,0.11012748,0.10910016,0.108218014,0.10748893,0.10692084,0.10654887,0.10639566,0.10645047,0.106702514,0.10714106,0.10775535,0.10853462,0.10946809,0.110545024,0.111754656,0.113086216,0.11452895,0.1160721,0.11770495,0.119416684,0.12119652,0.12303378,0.12491764,0.12683739,0.12878224,0.13074142,0.13270417,0.13465978,0.13659742,0.13850643,0.14037594,0.14219528,0.1439536,0.14564024,0.14724436,0.14875522,0.15016213,0.15143028,0.15253742,0.15349153,0.15430047,0.15497214,0.1555145,0.15593547,0.15624292,0.15644485,0.1565491,0.15656361,0.15649629,0.15635508,0.15614791,0.15588266
0.1728923,0.17330632,0.17365451,0.17392647,0.17411184,0.17420016,0.17418112,0.17404428,0.17377925,0.17337562,0.17282301,0.17211102,0.1712293,0.17016739,0.16891494,0.16746153,0.16579679,0.16398405,0.16209862,0.16014801,0.15813974,0.15608135,0.15398031,0.15184423,0.1496805,0.14749676,0.14530051,0.1430992,0.14090042,0.13871166,0.13654047,0.13439432,0.13228077,0.13020732,0.1281815,0.12621084,0.12430285,0.12246504,0.12070496,0.11903009,0.11744799,0.115966134,0.11459213,0.11333339,0.11219749,0.11119194,0.110324286,0.109602004,0.10903266,0.108651415,0.1084815,0.10851252,0.10873412,0.109135866,0.10970737,0.110438265,0.111318134,0.11233658,0.11348322,0.11474765,0.116119474,0.11758834,0.11914381,0.120775476,0.122472994,0.124225914,0.12602392,0.12785655,0.12971343,0.13158418,0.13345836,0.13532566,0.13717559,0.13899785,0.14078198,0.14251761,0.14419432,0.14580175,0.1473295,0.14876717,0.15010436,0.15130888,0.15236048,0.1532667,0.15403505,0.15467304,0.15518817,0.15558803,0.15588003,0.15607183,0.15617085,0.15618464,0.15612073,0.15598659,0.1557898,0.15553787
0.17284462,0.17324546,0.17358258,0.17384593,0.17402539,0.17411092,0.17409247,0.17395997,0.17370336,0.17331256,0.17277752,0.17208818,0.17123444,0.17020628,0.16899365,0.16758646,0.16597463,0.16422015,0.16239654,0.1605109,0.15857047,0.15658228,0.15455356,0.1524915,0.15040317,0.14829576,0.1461764,0.14405231,0.1419306,0.13981844,0.13772295,0.13565129,0.13361067,0.1316082,0.12965105,0.12774634,0.12590127,0.12412292,0.12241857,0.12079525,0.119260214,0.11782054,0.116483405,0.11525599,0.11414543,0.11315886,0.11230344,0.111586384,0.111014776,0.11062394,0.11043776,0.1104461,0.11063898,0.11100628,0.11153793,0.11222391,0.11305411,0.1140185,0.115107015,0.11630955,0.11761611,0.11901658,0.12050093,0.122059055,0.123680934,0.12535647,0.12707563,0.12882832,0.13060449,0.13239408,0.13418701,0.13597327,0.13774276,0.13948537,0.1411911,0.14284986,0.1444516,0.14598623,0.14744374,0.14881402,0.15008704,0.15123293,0.15223335,0.15309541,0.15382637,0.15443331,0.15492338,0.15530373,0.1555816,0.15576401,0.1558582,0.1558713,0.15581052,0.15568295,0.15549572,0.15525606
0.17289522,0.17328449,0.17361191,0.17386766,0.17404196,0.174125,0.17410709,0.17397842,0.17372917,0.17334965,0.17283006,0.17216057,0.17133145,0.17033295,0.16915525,0.16778862,0.16622324,0.16452003,0.1627508,0.16092245,0.15904179,0.15711564,0.1551508,0.1531541,0.1511324,0.14909251,0.14704125,0.14498545,0.14293191,0.14088745,0.13885891,0.13685314,0.13487695,0.13293712,0.13104054,0.12919398,0.12740432,0.1256783,0.12402287,0.12244471,0.120950736,0.119547755,0.11824259,0.11704204,0.115952976,0.114982165,0.1141365,0.113422744,0.112847745,0.11244702,0.11224502,0.11223196,0.1123981,0.11273363,0.113228805,0.11387383,0.114658944,0.115574345,0.116610326,0.11775703,0.119004756,0.120343685,0.12176407,0.1232561,0.124810055,0.12641612,0.12806453,0.12974553,0.13144933,0.13316616,0.13488628,0.13659985,0.13829711,0.13996837,0.14160374,0.14319353,0.14472793,0.14619718,0.1475915,0.14890109,0.15011622,0.15120924,0.15216345,0.15298575,0.15368295,0.15426184,0.1547293,0.15509212,0.15535711,0.15553114,0.15562099,0.1556335,0.15557548,0.15545382,0.15527523,0.15504663
0.17305689,0.17343646,0.17375568,0.174005,0.17417492,0.17425594,0.17423846,0.17411299,0.17387003,0.17349997,0.17299335,0.17234063,0.17153229,0.17055877,0.16941053,0.16807811,0.16655192,0.16489191,0.16316876,0.16138893,0.15955903,0.15768558,0.1557751,0.15383412,0.15186918,0.14988683,0.14789358,0.14589596,0.14390053,0.14191382,0.13994233,0.13799267,0.13607126,0.13418473,0.13233961,0.13054237,0.1287996,0.12711781,0.12550354,0.12396333,0.12250372,0.12113122,0.11985239,0.11867375,0.117601834,0.11664317,0.11580431,0.11509178,0.1145121,0.1141011,0.11388384,0.11385081,0.113992475,0.1142993,0.114761755,0.115370326,0.11611548,0.11698769,0.11797742,0.11907513,0.1202713,0.121556416,0.12292094,0.12435532,0.12585008,0.12739564,0.12898251,0.13060114,0.13224198,0.13389556,0.13555229,0.13720267,0.13883717,0.14044626,0.14202042,0.14355008,0.14502579,0.14643794,0.14777707,0.14903362,0.15019803,0.15124463,0.15215832,0.15294568,0.15361327,0.15416759,0.15461521,0.1549626,0.15521635,0.15538298,0.15546899,0.155481,0.15542544,0.1553089,0.15513793,0.15491904
0.17334251,0.17371434,0.17402706,0.17427133,0.1744378,0.17451715,0.17450003,0.17437713,0.17413908,0.17377657,0.17328027,0.17264082,0.1718489,0.17089517,0.1697703,0.16846497,0.16696982,0.16534415,0.16365768,0.16191672,0.16012752,0.15829639,0.15642962,0.15453349,0.1526143,0.15067835,0.1487319,0.1467813,0.14483275,0.1428926,0.14096712,0.13906261,0.13718536,0.13534163,0.13353778,0.13178001,0.1300747,0.12842804,0.12684642,0.12533607,0.12390328,0.122554354,0.12129559,0.12013326,0.119073674,0.11812309,0.11728784,0.11657417,0.1159884,0.11556669,0.115334794,0.11528336,0.11540308,0.1156846,0.11611859,0.11669573,0.11740665,0.118242055,0.119192585,0.12024891,0.12140169,0.12264161,0.12395932,0.12534547,0.12679076,0.12828583,0.12982135,0.13138798,0.1329764,0.13457726,0.13618124,0.137779,0.13936119,0.14091848,0.14244156,0.14392108,0.1453477,0.14671208,0.14800486,0.1492168,0.15033846,0.15134585,0.15222535,0.15298328,0.15362588,0.15415944,0.15459028,0.15492468,0.15516894,0.15532932,0.15541214,0.15542367,0.1553702,0.15525804,0.15509345,0.15488274
0.17367269,0.17403834,0.17434579,0.17458597,0.17474966,0.17482767,0.17481086,0.17469,0.17445593,0.17409949,0.17361152,0.17298277,0.1722041,0.17126638,0.17016038,0.1688769,0.1674068,0.1658089,0.16415219,0.16244276,0.1606867,0.15889011,0.15705903,0.15519957,0.1533178,0.15141979,0.1495117,0.14759949,0.14568937,0.1437873,0.14189945,0.14003189,0.13819067,0.13638188,0.13461162,0.13288598,0.13121101,0.12959285,0.12803753,0.12655112,0.12513977,0.12380953,0.12256643,0.12141664,0.12036617,0.11942116,0.11858767,0.117871754,0.11727954,0.116847575,0.11660225,0.11653434,0.11663473,0.1168942,0.11730358,0.117853746,0.11853544,0.1193395,0.12025679,0.121278085,0.12239424,0.123596035,0.124874346,0.12621996,0.12762372,0.12907639,0.13056886,0.13209194,0.1336364,0.13519312,0.13675289,0.13830656,0.13984491,0.1413588,0.14283904,0.14427644,0.14566182,0.14698602,0.14823987,0.14941415,0.15049967,0.15147395,0.15232453,0.15305747,0.15367894,0.15419498,0.15461165,0.15493503,0.15517123,0.15532637,0.15540645,0.15541762,0.15536593,0.15525745,0.15509826,0.1548945
0.17396097,0.17432114,0.17462404,0.17486069,0.17502195,0.17509875,0.17508218,0.17496315,0.17473258,0.17438145,0.1739007,0.17328134,0.17251424,0.17159045,0.17050089,0.16923653,0.16778828,0.16621462,0.16458388,0.16290203,0.16117491,0.15940848,0.15760851,0.15578106,0.15393195,0.15206711,0.15019245,0.14831382,0.1464372,0.14456844,0.14271341,0.1408781,0.13906829,0.13729003,0.13554916,0.13385154,0.13220313,0.13060975,0.12907743,0.12761195,0.1262193,0.12490531,0.123675965,0.12253707,0.121494606,0.12055444,0.11972247,0.11900462,0.11840677,0.117965855,0.11770877,0.1176265,0.11771002,0.117950246,0.11833817,0.11886474,0.11952091,0.12029763,0.121185884,0.1221766,0.12326078,0.12442932,0.12567323,0.12698342,0.12835091,0.12976661,0.1312215,0.13270652,0.13421263,0.1357308,0.13725199,0.13876715,0.14026724,0.14174323,0.14318606,0.14458668,0.14593606,0.1472252,0.14844497,0.14958642,0.15064041,0.15158577,0.15241103,0.15312226,0.15372527,0.15422599,0.15463026,0.15494409,0.15517329,0.15532379,0.1554015,0.15541233,0.15536213,0.15525691,0.15510246,0.15490474
0.17420939,0.17456488,0.17486385,0.17509736,0.17525652,0.17533237,0.17531604,0.17519853,0.17497095,0.17462438,0.1741499,0.17353858,0.17278153,0.17186974,0.17079434,0.16954643,0.16811703,0.16656426,0.16495593,0.16329777,0.16159563,0.15985511,0.15808204,0.15628214,0.15446125,0.15262496,0.1507791,0.14892942,0.14708164,0.14524153,0.14341483,0.14160728,0.13982467,0.13807265,0.13635707,0.13468361,0.13305804,0.1314861,0.12997355,0.12852612,0.12714958,0.12584962,0.12463205,0.12350258,0.122467,0.121531025,0.120700374,0.11998086,0.11937815,0.1189295,0.11866232,0.11856766,0.11863664,0.1188603,0.119229704,0.11973596,0.12037014,0.121123314,0.12198653,0.12295089,0.1240075,0.1251474,0.12636164,0.12764136,0.12897758,0.1303614,0.13178387,0.13323611,0.13470918,0.13619415,0.1376821,0.13916408,0.1406312,0.1420745,0.14348508,0.14485404,0.1461724,0.14743128,0.14862175,0.14973487,0.15076172,0.1516821,0.15248567,0.15317813,0.1537652,0.15425271,0.15464634,0.15495187,0.15517503,0.15532158,0.15539724,0.15540777,0.15535891,0.15525644,0.15510605,0.15491357
0.17442003,0.17477155,0.17506716,0.17529806,0.17545544,0.17553043,0.17551428,0.17539808,0.17517306,0.17483036,0.17436121,0.1737567,0.1730081,0.17210653,0.17104316,0.16980918,0.16839579,0.16686068,0.16527134,0.16363335,0.16195232,0.1602338,0.1584835,0.15670703,0.15490994,0.15309787,0.1512765,0.1494513,0.14762802,0.14581226,0.14400956,0.14222553,0.14046592,0.13873617,0.13704205,0.13538906,0.13378288,0.13222909,0.13073334,0.12930119,0.1279383,0.12665024,0.12544271,0.12432124,0.12329147,0.122359015,0.12152952,0.12080854,0.12020174,0.11974656,0.1194708,0.11936564,0.11942227,0.119631864,0.11998561,0.120474644,0.121090166,0.12182334,0.12266537,0.12360741,0.12464063,0.12575623,0.12694533,0.12819918,0.1295089,0.13086566,0.13226072,0.13368516,0.13513017,0.13658701,0.13804674,0.13950059,0.14093976,0.14235535,0.14373863,0.14508073,0.14637281,0.14760605,0.14877163,0.14986074,0.15086457,0.1517638,0.15254891,0.15322545,0.15379909,0.15427537,0.15465997,0.15495849,0.1551765,0.15531966,0.15539363,0.15540388,0.15535617,0.15525605,0.15510912,0.15492104
0.17459492,0.1749431,0.17523599,0.17546472,0.17562063,0.17569494,0.1756789,0.1755638,0.17534089,0.1750014,0.17453665,0.17393784,0.17319623,0.17230313,0.17124976,0.17002736,0.16862722,0.16710685,0.16553327,0.16391195,0.16224846,0.1605483,0.1588169,0.15705983,0.15528256,0.1534906,0.1516895,0.14988472,0.14808175,0.14628613,0.14450337,0.14273892,0.14099836,0.13928716,0.13761081,0.13597485,0.13438477,0.13284606,0.13136421,0.12994474,0.12859322,0.12731507,0.1261158,0.12500098,0.12397607,0.12304655,0.12221797,0.12149583,0.1208856,0.12042498,0.1201421,0.120028235,0.12007462,0.12027254,0.12061325,0.12108799,0.121688016,0.12240461,0.12322903,0.124152526,0.12516633,0.12626174,0.12742998,0.12866235,0.12995008,0.1312844,0.13265665,0.13405801,0.1354798,0.13691323,0.13834955,0.13978004,0.14119595,0.14258859,0.14394918,0.14526895,0.1465392,0.14775112,0.14889607,0.14996524,0.15094994,0.15183166,0.15260142,0.15326476,0.15382718,0.1542942,0.15467128,0.15496396,0.15517771,0.15531813,0.1553906,0.15540071,0.15535389,0.1552557,0.15511172,0.15492727
0.17473614,0.17508169,0.17537229,0.17559929,0.17575401,0.17582774,0.17581183,0.1756976,0.17547639,0.17513952,0.1746783,0.17408407,0.17334817,0.17246185,0.17141658,0.17020354,0.16881412,0.16730562,0.16574475,0.16413695,0.16248764,0.16080219,0.1590861,0.15734468,0.15558341,0.15380768,0.152023,0.15023465,0.1484481,0.14666878,0.1449021,0.14315347,0.14142832,0.13973203,0.1380701,0.13644783,0.13487075,0.1333442,0.13187361,0.13046442,0.12912203,0.12785186,0.12665933,0.12554982,0.124528825,0.123601705,0.122773886,0.12205078,0.121437795,0.12097278,0.120684154,0.12056324,0.12060137,0.12078986,0.12112006,0.12158326,0.122170776,0.12287396,0.12368417,0.124592684,0.12559082,0.12666993,0.12782134,0.12903635,0.13030633,0.13162254,0.13297635,0.13435905,0.13576204,0.1371766,0.13859402,0.14000566,0.14140286,0.1427769,0.14411917,0.1454209,0.14667352,0.14786832,0.14899658,0.15004966,0.15101889,0.15188645,0.15264383,0.15329652,0.1538499,0.15430938,0.15468043,0.15496838,0.15517874,0.15531684,0.15538818,0.15539812,0.15535207,0.15525547,0.15511373,0.1549323
0.17484573,0.17518924,0.17547809,0.17570372,0.17585751,0.17593081,0.175915,0.17580146,0.1755816,0.1752467,0.17478827,0.17419758,0.17346606,0.17258511,0.17154604,0.17034027,0.16895914,0.16745988,0.1659089,0.16431157,0.16267326,0.16099925,0.15929502,0.15756576,0.15581694,0.15405382,0.1522818,0.15050624,0.14873242,0.1469658,0.14521158,0.1434752,0.14176203,0.14007735,0.13842654,0.13681497,0.13524795,0.13373084,0.132269,0.13086775,0.12953249,0.1282685,0.12708119,0.12597586,0.12495789,0.1240326,0.12320535,0.1224815,0.1218664,0.121397965,0.121104896,0.1209785,0.12101022,0.12119139,0.12151341,0.12196763,0.12254547,0.12323827,0.12403742,0.1249343,0.12592028,0.12698677,0.12812509,0.12932664,0.13058281,0.13188496,0.13322449,0.13459276,0.13598114,0.13738102,0.13878377,0.14018077,0.14156343,0.14292307,0.14425111,0.14553888,0.14677781,0.14795926,0.14907455,0.15011515,0.1510724,0.15192893,0.15267675,0.15332115,0.15386754,0.15432118,0.15468751,0.15497182,0.15517952,0.15531586,0.15538627,0.15539609,0.15535063,0.15525526,0.15511532,0.1549362
0.17492582,0.17526779,0.17555538,0.17578001,0.1759331,0.1760061,0.17599036,0.17587732,0.1756584,0.17532504,0.17486855,0.17428051,0.17355219,0.1726751,0.1716406,0.17044012,0.16906509,0.16757253,0.16602878,0.16443911,0.16280882,0.16114323,0.15944761,0.15772727,0.1559875,0.15423362,0.15247087,0.15070462,0.14894013,0.1471827,0.1454376,0.1437102,0.14200576,0.14032957,0.13868691,0.13708311,0.13552348,0.13401327,0.13255778,0.13116236,0.12983227,0.12857285,0.12738931,0.12628701,0.12527125,0.12434733,0.12352051,0.1227961,0.12217943,0.12170852,0.12141217,0.12128181,0.121308826,0.12148466,0.12180073,0.122248426,0.12281915,0.12350437,0.12429545,0.12518384,0.12616095,0.12721817,0.12834692,0.12953864,0.13078475,0.13207662,0.13340573,0.13476343,0.13614117,0.13753034,0.13892238,0.1403087,0.14168072,0.14302984,0.14434746,0.14562504,0.14685395,0.14802568,0.14913154,0.15016301,0.1511115,0.15195999,0.15270077,0.15333915,0.15388037,0.1543298,0.15469268,0.15497434,0.15518007,0.15531516,0.15538491,0.15539461,0.1553496,0.15525511,0.1551165,0.15493901
0.17497838,0.17531936,0.1756061,0.17583011,0.17598279,0.17605552,0.17603984,0.17592712,0.17570886,0.17537642,0.1749213,0.17433493,0.17360877,0.1727342,0.17170273,0.17050572,0.16913466,0.16764654,0.16610754,0.1645229,0.16289786,0.16123776,0.1595478,0.15783332,0.1560995,0.15435164,0.15259503,0.15083489,0.14907649,0.14732513,0.14558604,0.14386453,0.14216581,0.14049518,0.13885787,0.1372592,0.1357044,0.13419871,0.13274743,0.13135582,0.13002913,0.12877268,0.12759162,0.12649135,0.12547703,0.12455397,0.12372745,0.1230027,0.122384995,0.12191244,0.12161398,0.12148099,0.12150491,0.12167725,0.12198938,0.122432776,0.122998856,0.123679094,0.12446489,0.12534769,0.12631896,0.12737012,0.12849262,0.12967789,0.13091737,0.1322025,0.13352473,0.1348755,0.13624625,0.1376284,0.1390134,0.1403927,0.1417577,0.14309995,0.14441074,0.14568162,0.14690398,0.14806928,0.14916894,0.15019444,0.15113716,0.1519804,0.15271658,0.15335096,0.15388882,0.15433545,0.15469608,0.154976,0.15518044,0.1553147,0.155384,0.15539365,0.15534891,0.15525502,0.15511724,0.15494089
0.17500553,0.17534597,0.17563234,0.17585598,0.1760084,0.17608106,0.17606537,0.1759528,0.17573488,0.17540297,0.17494856,0.17436305,0.17363796,0.17276472,0.17173475,0.17053959,0.16917059,0.16768473,0.16614816,0.16456611,0.16294383,0.16128658,0.15959957,0.15788804,0.15615733,0.15441258,0.1526591,0.15090214,0.1491469,0.14739868,0.14566271,0.14394422,0.14224845,0.14058068,0.13894616,0.13735011,0.13579778,0.13429448,0.13284533,0.1314557,0.13013077,0.12887584,0.12769611,0.12659685,0.12558328,0.124660686,0.1238343,0.12310937,0.12249113,0.122017756,0.12171816,0.121583834,0.12160618,0.12177669,0.12208681,0.12252797,0.12309167,0.12376931,0.12455238,0.12543231,0.12640053,0.12744859,0.12856784,0.12974977,0.13098586,0.1322675,0.1335862,0.13493337,0.13630049,0.13767903,0.13906038,0.14043607,0.14179748,0.14313613,0.14444344,0.14571086,0.1469298,0.1480918,0.14918827,0.15021062,0.15115042,0.1519909,0.15272473,0.15335706,0.1538932,0.15433837,0.15469787,0.15497684,0.15518062,0.15531445,0.15538353,0.15539315,0.15534857,0.15525496,0.15511766,0.15494187
0.1750093,0.17534968,0.17563598,0.17585959,0.176012,0.1760846,0.17606895,0.17595643,0.17573853,0.17540666,0.17495236,0.174367,0.17364202,0.17276897,0.17173925,0.17054431,0.1691756,0.16769005,0.16615382,0.16457215,0.16295022,0.16129337,0.1596068,0.15789568,0.15616536,0.15442108,0.15266804,0.15091151,0.1491567,0.14740895,0.14567338,0.14395529,0.14225999,0.14059259,0.13895848,0.13736278,0.1358108,0.1343078,0.13285898,0.13146962,0.13014494,0.1288902,0.12771066,0.12661156,0.12559807,0.12467556,0.123849176,0.12312423,0.1225059,0.12203243,0.12173267,0.12159814,0.12162028,0.12179054,0.12210037,0.12254121,0.12310457,0.12378188,0.124564536,0.12544408,0.12641191,0.12745954,0.12857832,0.12975977,0.13099538,0.13227652,0.13359477,0.13494143,0.13630804,0.13768607,0.13906693,0.1404421,0.14180301,0.14314117,0.144448,0.14571492,0.1469334,0.14809494,0.14919098,0.1502129,0.15115225,0.15199238,0.15272586,0.15335792,0.15389378,0.15433878,0.1546981,0.15497696,0.15518063,0.15531439,0.15538347,0.15539308,0.15534851,0.15525496,0.1551177,0.15494196
0.17499179,0.1753325,0.17561907,0.17584287,0.17599541,0.17606816,0.17605244,0.17593983,0.17572169,0.17538953,0.17493476,0.17434883,0.17362317,0.17274927,0.17171854,0.17052242,0.16915241,0.1676654,0.16612759,0.16454424,0.16292055,0.16126186,0.15957335,0.15786034,0.15612805,0.15438175,0.15262666,0.15086807,0.14911126,0.14736144,0.1456239,0.14390387,0.14220662,0.14053741,0.13890146,0.13730408,0.13575047,0.134246,0.13279575,0.13140513,0.13007933,0.12882361,0.12764321,0.12654342,0.1255295,0.124606654,0.1237802,0.12305535,0.122437395,0.12196445,0.121665396,0.12153176,0.12155491,0.12172633,0.12203747,0.12247978,0.12304467,0.12372365,0.12450807,0.12538946,0.12635922,0.12740886,0.12852976,0.1297134,0.13095118,0.13223459,0.13355508,0.13490407,0.13627303,0.13765338,0.13903661,0.1404141,0.14177738,0.14311782,0.14442687,0.14569604,0.14691673,0.1480804,0.14917849,0.15020245,0.1511437,0.1519856,0.15272057,0.15335397,0.15389098,0.15433688,0.15469697,0.15497643,0.15518051,0.15531455,0.15538377,0.15539339,0.15534872,0.155255,0.15511745,0.15494138
0.17495503,0.17529644,0.17558356,0.17580786,0.1759607,0.17603359,0.17601784,0.175905,0.1756864,0.17535356,0.17489786,0.17431074,0.17358363,0.17270793,0.17167509,0.17047657,0.16910376,0.16761366,0.16607255,0.16448566,0.16285828,0.16119573,0.1595033,0.1577862,0.15604971,0.15429917,0.15253982,0.150777,0.1490159,0.14726183,0.14552008,0.14379594,0.14209469,0.14042157,0.13878189,0.13718094,0.13562398,0.13411629,0.13266313,0.13126984,0.12994164,0.12868385,0.1275017,0.12640053,0.12538558,0.12446215,0.123635456,0.12291088,0.12229364,0.12182182,0.12152428,0.121392466,0.12141778,0.12159164,0.12190554,0.12235084,0.122918986,0.123601414,0.12438957,0.12527488,0.12624873,0.1273026,0.12842785,0.12961599,0.13085842,0.13214657,0.13347183,0.13482569,0.13619953,0.1375848,0.13897294,0.14035535,0.14172348,0.14306879,0.14438261,0.14565645,0.14688176,0.1480499,0.14915231,0.15018044,0.15112574,0.15197134,0.15270954,0.15334572,0.15388508,0.15433292,0.15469457,0.15497527,0.15518028,0.15531489,0.1553844,0.1553941,0.15534922,0.15525506,0.15511689,0.15494007
0.17490108,0.17524348,0.1755315,0.17575644,0.17590974,0.17598282,0.17596707,0.17585388,0.17563467,0.17530084,0.17484377,0.17425486,0.1735256,0.1726473,0.17161138,0.17040925,0.16903237,0.16753776,0.16599172,0.16439971,0.16276695,0.16109875,0.15940045,0.15767735,0.15593478,0.15417805,0.15241246,0.15064333,0.14887595,0.14711563,0.14536777,0.14363758,0.14193046,0.14025164,0.13860646,0.13700023,0.13543832,0.133926,0.13246854,0.13107131,0.12973964,0.12847881,0.1272941,0.12619086,0.12517442,0.12425006,0.12342313,0.12269889,0.12208271,0.12161257,0.12131721,0.1211881,0.12121656,0.12139403,0.12171194,0.12216165,0.122734584,0.12342213,0.124215715,0.12510674,0.12608658,0.12714665,0.12827837,0.12947313,0.13072237,0.13201742,0.13334972,0.13471067,0.13609171,0.13748421,0.13887955,0.14026919,0.14164448,0.14299688,0.14431769,0.14559841,0.14683042,0.14800513,0.14911392,0.15014821,0.15109943,0.15195042,0.15269338,0.15333359,0.15387641,0.15432712,0.15469107,0.15497357,0.15517989,0.15531538,0.15538535,0.15539506,0.15534991,0.15525515,0.15511613,0.15493816
0.17483202,0.17517576,0.17546481,0.17569064,0.17584455,0.17591788,0.17590207,0.17578843,0.1755684,0.17523327,0.17477447,0.17418335,0.17345129,0.17256965,0.1715298,0.17032312,0.16894096,0.16744053,0.16588832,0.16428968,0.16264997,0.16097458,0.1592688,0.15753804,0.15578765,0.15402296,0.15224938,0.15047215,0.14869677,0.1469285,0.14517276,0.1434349,0.14172019,0.14003405,0.13838185,0.13676892,0.13520065,0.13368237,0.13221942,0.13081719,0.12948102,0.12821627,0.12702829,0.12592243,0.12490407,0.12397856,0.123151265,0.12242747,0.12181264,0.121344656,0.12105212,0.12092645,0.12095894,0.121141054,0.121464096,0.12191944,0.122498505,0.1231926,0.12399315,0.124891475,0.12587899,0.12694703,0.12808698,0.12929027,0.13054815,0.13185203,0.13319336,0.13456345,0.13595368,0.13735537,0.13875997,0.14015883,0.14154328,0.14290476,0.14423455,0.14552407,0.14676473,0.14794785,0.14906481,0.15010694,0.15106569,0.15192361,0.1526726,0.15331806,0.15386531,0.1543197,0.15468663,0.1549714,0.15517941,0.15531598,0.15538651,0.15539631,0.15535083,0.1552553,0.15511513,0.15493569
