0.05272069,0.05214273,0.051656675,0.051277027,0.051018283,0.050894942,0.050921544,0.051112585,0.05148256,0.05204601,0.05281742,0.053811286,0.055042148,0.056524504,0.058272846,0.060301717,0.062625594,0.06506309,0.067428134,0.06972818,0.07197078,0.074163385,0.07631354,0.078428686,0.08051633,0.08258402,0.0846392,0.08668938,0.08874206,0.09080472,0.092884906,0.09499006,0.09712771,0.09930532,0.101530425,0.1038105,0.106153056,0.10856553,0.11105551,0.113630444,0.11629785,0.11906519,0.12193997,0.12492969,0.12804186,0.13128397,0.13466352,0.13818799,0.1418649,0.14546816,0.14877641,0.15180415,0.15456589,0.15707617,0.15934941,0.16140018,0.16324303,0.16489238,0.16636282,0.16766879,0.16882487,0.1698455,0.17074522,0.17153853,0.17223997,0.17286405,0.17342523,0.17393804,0.17441702,0.17487663,0.17533141,0.17579587,0.1762845,0.17681186,0.17739236,0.17804062,0.17877106,0.17959826,0.18053667,0.18160085,0.18280526,0.18400593,0.18505417,0.18595749,0.18672337,0.18735936,0.18787283,0.18827139,0.18856248,0.18875365,0.18885235,0.1888661,0.18880238,0.1886687,0.18847257,0.18822142
0.052016184,0.051437937,0.050951622,0.050571777,0.050312903,0.050189517,0.050216116,0.050407253,0.050777428,0.05134117,0.05211296,0.05310735,0.05433884,0.05582196,0.057571206,0.059601113,0.061926194,0.06436409,0.06672791,0.06902528,0.07126389,0.07345139,0.07559547,0.07770378,0.07978397,0.08184375,0.08389073,0.08593262,0.087977044,0.09003171,0.09210423,0.09420231,0.096333615,0.0985058,0.10072654,0.10300346,0.105344296,0.10775661,0.1102482,0.1128266,0.11549957,0.11827474,0.12115974,0.124162294,0.12729006,0.13055062,0.13395177,0.13750108,0.14120626,0.14483948,0.14817753,0.15123494,0.15402623,0.15656585,0.1588684,0.16094835,0.16282022,0.16449852,0.16599785,0.1673326,0.16851734,0.16956662,0.17049491,0.17131677,0.17204666,0.17269915,0.17328872,0.17382993,0.17433725,0.17482519,0.17530832,0.17580113,0.17631811,0.17687386,0.17748275,0.17815945,0.17891839,0.17977409,0.18074109,0.18183392,0.18306705,0.18429475,0.18536656,0.18629017,0.18707329,0.1877235,0.18824856,0.1886561,0.18895374,0.18914922,0.18925013,0.18926416,0.18919902,0.18906233,0.18886176,0.18860498
0.051423695,0.0508452,0.050358687,0.049978666,0.049719676,0.04959623,0.04962286,0.04981408,0.050184403,0.050748385,0.05152051,0.052515335,0.053747356,0.055231117,0.056981128,0.059011895,0.061337993,0.063776225,0.066139005,0.06843411,0.070669375,0.0728526,0.074991584,0.07709414,0.07916807,0.08122118,0.08326127,0.08529618,0.087333664,0.08938155,0.09144769,0.09353984,0.0956658,0.09783343,0.100050464,0.10232475,0.10466412,0.10707635,0.10956922,0.112150565,0.11482824,0.11760995,0.12050359,0.1235169,0.12665774,0.12993391,0.1333532,0.1369234,0.14065233,0.14431079,0.1476739,0.15075625,0.15357234,0.15613672,0.15846385,0.16056834,0.16246465,0.16416731,0.16569085,0.16704984,0.16825874,0.16933207,0.17028442,0.17113025,0.17188406,0.17256047,0.17317392,0.17373893,0.17427015,0.17478195,0.1752889,0.17580552,0.17634636,0.17692596,0.17755875,0.17825934,0.17904225,0.17992195,0.18091302,0.18202993,0.18328722,0.18453763,0.18562925,0.18656996,0.18736751,0.18802981,0.18856452,0.18897961,0.18928277,0.18948184,0.1895846,0.18959895,0.18953256,0.18939333,0.18918909,0.18892758
0.050960902,0.050382223,0.049895536,0.049515396,0.049256317,0.04913284,0.049159456,0.049350742,0.049721193,0.05028536,0.05105776,0.052052923,0.05328536,0.054769624,0.05652022,0.058551684,0.060878552,0.063317046,0.06567902,0.067972384,0.070205025,0.072384894,0.0745199,0.076617956,0.07868698,0.08073489,0.08276959,0.08479905,0.08683114,0.08887377,0.09093486,0.09302237,0.09514417,0.09730821,0.09952237,0.101794615,0.10413282,0.10654496,0.109038875,0.11162253,0.11430385,0.117090695,0.11999107,0.123012796,0.12616388,0.12945218,0.13288565,0.13647217,0.14021969,0.14389777,0.14728048,0.15038231,0.1532178,0.15580149,0.15814786,0.1602715,0.1621869,0.16390862,0.16545111,0.16682899,0.16805674,0.1691489,0.17012,0.17098454,0.17175709,0.17245217,0.17308423,0.17366792,0.17421775,0.17474817,0.17527372,0.175809,0.17636843,0.17696667,0.17761813,0.1783374,0.179139,0.18003747,0.1810473,0.18218303,0.1834592,0.1847273,0.18583444,0.18678847,0.18759735,0.18826902,0.18881133,0.1892323,0.18953976,0.18974167,0.1898459,0.18986043,0.18979314,0.18965192,0.18944474,0.18917951
0.050645515,0.050066672,0.04957989,0.049199656,0.04894051,0.048817,0.048843645,0.049034975,0.04940551,0.049969807,0.05074238,0.05173776,0.052970484,0.054455087,0.05620609,0.058238022,0.060565427,0.06300411,0.065365545,0.06765769,0.06988856,0.07206612,0.07419844,0.07629343,0.07835909,0.08040347,0.08243453,0.08446023,0.08648862,0.08852767,0.090585366,0.0926697,0.09478867,0.09695028,0.09916248,0.10143332,0.10377076,0.1061828,0.10867743,0.11126265,0.11394647,0.11673682,0.11964176,0.12266926,0.12582731,0.12912388,0.13256699,0.13616465,0.13992481,0.14361633,0.14701237,0.15012747,0.15297621,0.15557306,0.15793253,0.16006921,0.16199762,0.16373226,0.16528772,0.16667849,0.16791907,0.16902405,0.17000793,0.17088526,0.17167053,0.17237833,0.17302315,0.17361952,0.17418201,0.17472512,0.17526336,0.17581132,0.17638348,0.17699441,0.17765859,0.17839064,0.17920496,0.18011616,0.18113881,0.1822874,0.1835764,0.18485661,0.18597429,0.18693739,0.18775402,0.18843207,0.18897957,0.18940452,0.18971491,0.18991874,0.190024,0.19003864,0.1899707,0.18982816,0.189619,0.18935125
0.050495178,0.049916282,0.049429443,0.049049173,0.048789997,0.048666466,0.04869312,0.048884466,0.04925506,0.049819395,0.050592065,0.051587556,0.0528204,0.054305173,0.056056365,0.05808853,0.06041618,0.06285495,0.06521611,0.0675077,0.0697377,0.071914196,0.07404521,0.076138735,0.07820283,0.08024552,0.0822748,0.08429877,0.08632537,0.08836272,0.090418786,0.0925016,0.09461924,0.09677967,0.09899096,0.10126112,0.103598185,0.10601019,0.10850515,0.11109114,0.113776125,0.11656816,0.119475275,0.12250551,0.12566686,0.12896739,0.1324151,0.13601807,0.13978425,0.1434822,0.14688458,0.150006,0.15286103,0.15546414,0.1578299,0.15997277,0.1619074,0.16364825,0.16520983,0.16660672,0.16785346,0.16896455,0.16995451,0.17083792,0.17162928,0.17234312,0.17299403,0.17359647,0.17416498,0.17471413,0.17525846,0.17581242,0.17639065,0.17700763,0.17767788,0.17841598,0.17923637,0.18015371,0.18118244,0.18233712,0.18363228,0.18491824,0.18604092,0.18700838,0.18782866,0.18850978,0.18905976,0.18948661,0.18979841,0.19000313,0.19010887,0.19012357,0.19005536,0.18991217,0.18970206,0.18943308
0.050527595,0.04994871,0.049461883,0.049081624,0.048822455,0.04869894,0.048725575,0.04891692,0.049287494,0.04985184,0.050624486,0.051619947,0.052852772,0.054337498,0.05608866,0.058120772,0.06044837,0.06288713,0.06524834,0.067540035,0.06977025,0.07194697,0.07407824,0.07617209,0.078236535,0.08027958,0.08230926,0.08433359,0.08636058,0.08839829,0.09045473,0.09253785,0.09465577,0.09681645,0.099027954,0.10129826,0.10363541,0.106047444,0.10854234,0.11112814,0.11381285,0.11660453,0.11951119,0.122540824,0.12570146,0.12900116,0.13244785,0.13604969,0.13981457,0.14351113,0.14691214,0.15003222,0.15288587,0.15548764,0.15785202,0.15999359,0.16192685,0.16366635,0.16522664,0.16662219,0.16786763,0.16897735,0.16996604,0.17084812,0.17163818,0.17235072,0.1730003,0.17360143,0.17416866,0.1747165,0.1752595,0.17581221,0.17638911,0.17700477,0.17767373,0.17841052,0.17922962,0.18014562,0.18117301,0.18232639,0.18362021,0.18490496,0.18602654,0.18699309,0.18781257,0.18849303,0.18904248,0.1894689,0.18978041,0.18998495,0.19009055,0.19010524,0.1900371,0.18989402,0.18968414,0.18941544
0.050760467,0.050181687,0.049694944,0.04931474,0.04905562,0.04893212,0.04895875,0.049150065,0.04952058,0.05008482,0.050857328,0.051852625,0.053085253,0.05456973,0.056320578,0.05835235,0.060679562,0.06311817,0.06547979,0.06777239,0.07000391,0.07218231,0.07431559,0.07641171,0.07847862,0.080524266,0.08255665,0.084583715,0.08661348,0.08865381,0.090712756,0.09279822,0.094918236,0.097080745,0.09929367,0.101565,0.103902735,0.1063148,0.10880917,0.11139382,0.114076726,0.11686582,0.119769044,0.12279447,0.12594996,0.12924355,0.13268314,0.1362767,0.14003229,0.14371891,0.14711009,0.15022038,0.15306425,0.15565632,0.15801102,0.16014296,0.16206662,0.16379653,0.1653473,0.16673335,0.16796926,0.16906954,0.17004877,0.17092144,0.17170207,0.17240524,0.17304543,0.1736372,0.17419505,0.17473352,0.17526715,0.17581046,0.17637803,0.17698428,0.17764384,0.1783712,0.17918092,0.1800875,0.18110546,0.18224932,0.1835337,0.18480946,0.18592328,0.18688314,0.1876969,0.18837266,0.18891825,0.18934174,0.18965109,0.18985417,0.18995906,0.18997367,0.18990597,0.18976392,0.18955551,0.18928869
0.051211454,0.05063287,0.050146285,0.0497662,0.049507186,0.049383722,0.04941034,0.049601592,0.049971983,0.05053604,0.051308297,0.052303266,0.05353548,0.05501947,0.056769747,0.058800843,0.061127294,0.06356564,0.06592805,0.068222366,0.070456415,0.07263811,0.07477526,0.07687576,0.07894745,0.08099817,0.08303579,0.08506819,0.087103195,0.089148685,0.09121251,0.09330252,0.09542659,0.097592555,0.09980828,0.10208163,0.10442046,0.10683265,0.109326,0.11190842,0.11458774,0.11737184,0.12026855,0.123285756,0.12643127,0.12971298,0.13313878,0.13671647,0.14045392,0.14412138,0.1474935,0.15058476,0.15340975,0.15598297,0.15831895,0.1604322,0.16233726,0.16404869,0.1655809,0.16694856,0.1681661,0.16924807,0.17020899,0.17106341,0.17182584,0.1725108,0.17313279,0.1737064,0.17424609,0.17476642,0.17528193,0.17580713,0.17635648,0.17694461,0.177586,0.17829517,0.17908661,0.17997494,0.18097459,0.18210015,0.1833661,0.18462461,0.18572333,0.18667017,0.18747292,0.1881395,0.18867774,0.1890955,0.18940063,0.189601,0.18970445,0.18971886,0.18965206,0.18951192,0.18930635,0.1890431
0.05189828,0.05131998,0.05083363,0.050453745,0.050194845,0.050071437,0.05009805,0.05028921,0.050659414,0.051223204,0.051995058,0.052989535,0.054221123,0.05570439,0.05745378,0.059483863,0.06180914,0.06424711,0.06661072,0.06890763,0.07114557,0.07333223,0.0754753,0.07758246,0.079661414,0.08171986,0.08376546,0.085805945,0.08784901,0.08990231,0.09197359,0.09407048,0.09620074,0.09837199,0.100591995,0.10286841,0.10520891,0.10762126,0.11011307,0.11269209,0.115365975,0.11814242,0.12102917,0.12403385,0.12716421,0.13042793,0.13383265,0.13738611,0.14109603,0.14473426,0.14807731,0.15113968,0.15393588,0.15648045,0.15878789,0.16087271,0.16274944,0.16443263,0.16593674,0.16727632,0.1684659,0.16951993,0.17045304,0.17127964,0.17201433,0.17267156,0.17326589,0.17381184,0.17432387,0.17481658,0.17530444,0.17580199,0.17632373,0.17688416,0.17749788,0.17817932,0.17894302,0.17980352,0.1807753,0.1818729,0.18311086,0.18434304,0.18541881,0.18634585,0.18713182,0.18778448,0.18831144,0.18872045,0.1890192,0.18921538,0.18931666,0.18933079,0.1892654,0.1891282,0.18892692,0.18866919
0.052838594,0.05226069,0.051774684,0.051395055,0.05113633,0.051013008,0.05103961,0.051230624,0.051600583,0.05216397,0.052935306,0.0539291,0.05515985,0.056642078,0.058390282,0.06041897,0.06274265,0.06518008,0.06754532,0.069845825,0.07208908,0.07428255,0.0764337,0.07855001,0.08063892,0.082707904,0.08476446,0.086816035,0.08887009,0.09093411,0.09301556,0.09512188,0.0972606,0.099439144,0.101664945,0.10394556,0.10628838,0.10870094,0.11119064,0.11376498,0.116431445,0.11919748,0.122070536,0.12505811,0.12816767,0.1314067,0.13478264,0.13830295,0.14197513,0.14557338,0.14887667,0.15189941,0.1546562,0.15716152,0.15942991,0.16147582,0.16331378,0.16495828,0.16642387,0.16772507,0.16887634,0.16989218,0.17078711,0.17157568,0.17227235,0.17289165,0.17344807,0.17395614,0.17443037,0.17488524,0.17533529,0.175795,0.1762789,0.17680147,0.17737725,0.17802072,0.17874642,0.17956881,0.18050247,0.18156183,0.18276146,0.18395759,0.1850019,0.18590182,0.18666482,0.18729837,0.18780994,0.18820702,0.188497,0.18868746,0.18878578,0.18879946,0.18873602,0.18860282,0.1884074,0.18815723
0.054050088,0.05347271,0.052987125,0.052607834,0.052349336,0.052226126,0.052252702,0.052443556,0.052813172,0.05337607,0.054146733,0.055139635,0.0563693,0.057850223,0.05959687,0.061623763,0.06394539,0.06638213,0.06874946,0.071054615,0.073304705,0.07550694,0.0776685,0.079796575,0.08189831,0.08398092,0.08605156,0.08811742,0.090185665,0.092263475,0.094358034,0.09647653,0.098626144,0.10081403,0.103047356,0.105333365,0.107679166,0.11009201,0.11257895,0.11514731,0.1178042,0.12055675,0.12341224,0.12637778,0.12946056,0.13266778,0.13600661,0.13948421,0.14310776,0.1466545,0.14990653,0.15287824,0.15558429,0.15803905,0.16025707,0.16225284,0.16404086,0.16563557,0.16705155,0.16830324,0.16940513,0.17037173,0.17121755,0.17195709,0.17260481,0.17317523,0.17368281,0.17414209,0.17456758,0.17497373,0.17537503,0.17578599,0.17622113,0.17669488,0.17722182,0.17781639,0.17849311,0.17926645,0.18015093,0.18116105,0.18231124,0.18346098,0.18446478,0.18532974,0.18606316,0.1866721,0.18716381,0.18754548,0.18782423,0.18800727,0.1881018,0.18811499,0.18805392,0.18792592,0.18773809,0.18749763
0.055550463,0.054973718,0.054488666,0.0541098,0.05385159,0.053728506,0.05375505,0.05394569,0.054314908,0.05487718,0.055646997,0.056638822,0.05786714,0.059346434,0.061091166,0.063115835,0.06543492,0.067870796,0.07024075,0.0725516,0.07481017,0.07702328,0.07919774,0.08134039,0.08345802,0.085557476,0.08764556,0.0897291,0.09181493,0.09390983,0.09602064,0.09815419,0.100317284,0.102516755,0.10475941,0.107052065,0.10940159,0.11181474,0.11429836,0.116859235,0.11950424,0.12224019,0.12507387,0.1280121,0.13106173,0.13422956,0.13752241,0.1409471,0.14451048,0.14799339,0.15118194,0.1540905,0.15673365,0.15912582,0.16128151,0.16321516,0.16494127,0.16647436,0.16782884,0.16901922,0.17006002,0.17096566,0.17175062,0.17242943,0.17301653,0.17352639,0.17397353,0.17437238,0.1747375,0.17508328,0.17542419,0.17577481,0.17614955,0.17656288,0.17702933,0.17756334,0.17817941,0.17889197,0.17971557,0.18066464,0.1817537,0.18284592,0.18379952,0.18462123,0.18531798,0.1858965,0.18636365,0.1867262,0.18699102,0.1871649,0.18725471,0.1872672,0.18720923,0.18708764,0.18690918,0.18668073
0.057357408,0.056781415,0.056297004,0.05591864,0.055660766,0.055537857,0.055564363,0.05575475,0.05612349,0.056685016,0.057453804,0.058444306,0.05967101,0.061148338,0.062890776,0.064912766,0.06722878,0.069663614,0.07203673,0.07435446,0.07662326,0.07884944,0.081039436,0.08319965,0.08533642,0.08745617,0.08956526,0.091670096,0.093777075,0.09589254,0.098022945,0.10017463,0.102353975,0.10456739,0.106821276,0.10912201,0.11147591,0.11388947,0.11636904,0.118920974,0.12155167,0.12426757,0.12707499,0.12998034,0.13299005,0.13611044,0.13934796,0.14270891,0.14619976,0.14960587,0.15271795,0.15555044,0.15811785,0.1604346,0.16251521,0.16437408,0.16602567,0.16748449,0.16876498,0.16988154,0.17084871,0.17168093,0.17239262,0.1729983,0.17351237,0.17394936,0.17432365,0.17464973,0.1749421,0.17521521,0.17548347,0.17576139,0.17606336,0.17640394,0.17679752,0.1772586,0.1778016,0.178441,0.17919128,0.18006684,0.18108222,0.18210523,0.18299839,0.183768,0.18442057,0.18496244,0.18539993,0.18573952,0.18598755,0.18615046,0.18623456,0.18624625,0.18619195,0.18607804,0.18591091,0.18569696
0.059488587,0.058913503,0.05842984,0.058052067,0.057794593,0.057671875,0.057698343,0.057888437,0.058256596,0.058817245,0.05958484,0.060573798,0.06179858,0.06327361,0.06501331,0.06703215,0.06934455,0.07177817,0.07415498,0.07648086,0.07876167,0.08100329,0.08321162,0.08539252,0.08755188,0.08969555,0.09182943,0.09395938,0.09609131,0.09823107,0.10038453,0.102557585,0.10475613,0.10698601,0.1092531,0.111563325,0.113922484,0.116336524,0.11881128,0.12135266,0.12396653,0.12665875,0.12943521,0.1323018,0.1352644,0.13832885,0.14150105,0.14478686,0.14819223,0.15150769,0.1545296,0.15727235,0.15975045,0.16197827,0.16397032,0.16574097,0.1673047,0.16867588,0.16986907,0.17089857,0.17177895,0.17252453,0.17314982,0.1736692,0.1740972,0.17444816,0.17473657,0.17497687,0.17518345,0.17537081,0.17555335,0.17574552,0.17596172,0.17621645,0.1765241,0.17689916,0.177356,0.1779091,0.17857288,0.17936179,0.18029025,0.18123162,0.18205346,0.18276167,0.18336213,0.18386073,0.1842633,0.1845758,0.18480404,0.1849539,0.1850313,0.18504205,0.18499212,0.18488729,0.18473351,0.18453662
0.0619617,0.061387666,0.060904875,0.060527787,0.06027078,0.060148295,0.06017471,0.06036445,0.06073195,0.061291583,0.062057782,0.06304495,0.0642675,0.06573984,0.06747641,0.06949157,0.07179978,0.07423198,0.0766131,0.078948386,0.08124318,0.08350272,0.08573232,0.087937236,0.090122774,0.09229423,0.09445687,0.09661598,0.09877686,0.10094479,0.103125036,0.10532291,0.10754369,0.10979267,0.11207512,0.11439632,0.11676159,0.11917618,0.1216454,0.12417448,0.1267688,0.12943357,0.1321741,0.13499571,0.13790363,0.14090316,0.1439996,0.14719823,0.15050435,0.15371463,0.15663192,0.15927054,0.16164497,0.16376962,0.16565888,0.16732718,0.16878891,0.17005847,0.17115031,0.17207883,0.17285843,0.1735035,0.1740285,0.17444782,0.17477587,0.17502704,0.17521578,0.17535645,0.17546356,0.17555138,0.17563444,0.17572708,0.17584378,0.17599888,0.17620683,0.17648205,0.1768389,0.17729184,0.17785527,0.17854357,0.17937124,0.18021779,0.18095696,0.18159385,0.18213388,0.18258226,0.18294434,0.18322536,0.18343064,0.18356541,0.18363503,0.18364473,0.18359978,0.1835055,0.18336721,0.18319015
0.064794436,0.06422159,0.06373982,0.06336351,0.06310704,0.0629848,0.06301116,0.063200526,0.06356724,0.06412572,0.06489032,0.06587543,0.067095436,0.06856471,0.07029766,0.07230863,0.07461202,0.07704262,0.07942866,0.08177476,0.08408554,0.086365595,0.088619545,0.090851985,0.093067534,0.0952708,0.09746637,0.09965888,0.10185292,0.10405312,0.10626404,0.10849035,0.110736616,0.11300745,0.11530748,0.1176413,0.12001352,0.122428745,0.1248916,0.12740667,0.12997855,0.1326119,0.13531129,0.13808133,0.14092664,0.1438518,0.14686146,0.14996023,0.15315267,0.1562425,0.1590399,0.16155928,0.16381499,0.16582142,0.16759297,0.169144,0.17048892,0.17164208,0.17261788,0.17343067,0.17409486,0.17462483,0.17503496,0.17533961,0.1755532,0.17569008,0.17576464,0.17579128,0.17578433,0.17575823,0.17572732,0.17570603,0.17570868,0.17574969,0.17584342,0.17600428,0.17624661,0.17658482,0.1770333,0.17760643,0.17831856,0.17905661,0.17970096,0.18025623,0.180727,0.1811179,0.18143356,0.18167856,0.18185751,0.181975,0.18203568,0.18204413,0.18200496,0.1819228,0.1818022,0.18164785
0.06787139,0.06729959,0.06681869,0.06644307,0.06618707,0.06606506,0.06609137,0.06628038,0.06664642,0.06720388,0.067967094,0.068950415,0.07016819,0.0716348,0.07336459,0.07537191,0.077671096,0.08010108,0.08249379,0.08485303,0.087182716,0.08948668,0.091768764,0.09403285,0.09628279,0.09852245,0.100755654,0.10298633,0.10521825,0.10745533,0.10970141,0.111960374,0.11423603,0.11653226,0.11885295,0.12120192,0.123583026,0.12600017,0.12845714,0.13095787,0.13350618,0.13610597,0.13876098,0.14147523,0.14425243,0.14709654,0.15001139,0.1530008,0.15606871,0.15902637,0.16169214,0.16408041,0.16620548,0.16808173,0.16972348,0.17114522,0.1723611,0.17338562,0.17423312,0.1749179,0.17545436,0.17585681,0.17613967,0.17631723,0.17640388,0.176414,0.17636189,0.17626193,0.17612848,0.17597592,0.17581853,0.1756707,0.17554684,0.17546125,0.17542826,0.1754623,0.17557769,0.17578875,0.17610987,0.1765554,0.1771397,0.17775764,0.17829718,0.17876208,0.17915627,0.17948356,0.17974785,0.179953,0.18010281,0.18020114,0.180252,0.1802591,0.18022627,0.18015745,0.18005651,0.17992726
0.07105782,0.07048663,0.070006244,0.06963102,0.0693753,0.06925341,0.069279715,0.069468506,0.069834165,0.07039103,0.07115343,0.07213568,0.07335217,0.07481721,0.076545134,0.07855031,0.08084704,0.083278544,0.08568051,0.08805598,0.090408035,0.0927397,0.09505404,0.09735411,0.099642985,0.1019237,0.10419933,0.10647291,0.10874751,0.111026205,0.11331201,0.115608014,0.11791726,0.120242804,0.12258772,0.12495506,0.12734784,0.12976916,0.13222207,0.13470961,0.13723487,0.13980088,0.14241068,0.14506738,0.147774,0.15053357,0.1533492,0.15622388,0.15916076,0.16197917,0.16450597,0.16675559,0.16874227,0.1704804,0.17198434,0.17326838,0.17434692,0.17523424,0.17594467,0.1764926,0.17689243,0.17715836,0.17730477,0.17734608,0.17729652,0.1771705,0.17698236,0.17674641,0.17647699,0.17618845,0.17589517,0.17561139,0.17535155,0.17512992,0.17496087,0.17485878,0.17483792,0.17491266,0.17509736,0.17540628,0.17585385,0.17634343,0.17677082,0.17713915,0.17745142,0.17771073,0.17792012,0.17808262,0.17820133,0.17827927,0.17831948,0.1783251,0.17829913,0.17824464,0.17816465,0.17806225
0.0743424,0.07377144,0.07329124,0.072916165,0.07266054,0.07253871,0.07256499,0.07275372,0.073119216,0.07367586,0.07443795,0.07541985,0.076635845,0.0781003,0.079827555,0.081831925,0.08412777,0.086562686,0.088976264,0.0913707,0.09374822,0.096111014,0.09846126,0.100801244,0.10313309,0.105459094,0.10778137,0.110102214,0.11242376,0.114748254,0.11707793,0.11941495,0.12176153,0.1241199,0.12649226,0.12888083,0.13128775,0.13371533,0.13616571,0.13864115,0.14114378,0.14367591,0.14623965,0.14883725,0.15147097,0.15414295,0.15685543,0.15961055,0.16241063,0.16508341,0.16746472,0.16956887,0.17141025,0.17300315,0.17436197,0.175501,0.17643453,0.177177,0.17774262,0.17814583,0.17840092,0.17852218,0.17852402,0.17842078,0.17822672,0.17795625,0.17762364,0.17724323,0.17682938,0.17639641,0.1759587,0.17553052,0.17512622,0.17476015,0.17444669,0.17420006,0.17403467,0.17396484,0.17400494,0.17416921,0.17447206,0.17482582,0.17513464,0.17540076,0.17562638,0.17581376,0.17596506,0.17608246,0.17616822,0.17622454,0.1762536,0.17625767,0.17623888,0.1761995,0.1761417,0.17606775
0.07771381,0.07714272,0.076662436,0.07628728,0.07603162,0.07590973,0.07593602,0.076124795,0.07649039,0.07704714,0.077809386,0.07879148,0.08000772,0.081472486,0.0832001,0.08520488,0.087501176,0.089941196,0.092368476,0.09478432,0.09719004,0.09958696,0.101976424,0.10435971,0.10673817,0.109113105,0.11148586,0.1138577,0.116230026,0.11860408,0.1209812,0.12336275,0.12575,0.12814426,0.13054691,0.13295925,0.13538258,0.13781817,0.14026746,0.14273168,0.14521216,0.14771023,0.15022722,0.15276445,0.1553232,0.15790485,0.16051067,0.16314201,0.16580017,0.16832162,0.17055158,0.17250434,0.17419428,0.17563567,0.17684294,0.17783034,0.17861228,0.17920305,0.17961697,0.17986841,0.17997171,0.1799412,0.17979121,0.17953607,0.17919017,0.17876777,0.17828326,0.17775096,0.17718524,0.1766003,0.17601068,0.1754306,0.17487437,0.17435642,0.17389105,0.17349255,0.1731753,0.17295365,0.17284186,0.17285438,0.17300546,0.17321678,0.17340127,0.17356025,0.17369504,0.17380695,0.17389734,0.17396745,0.17401868,0.17405237,0.17406973,0.17407215,0.17406094,0.1740374,0.17400287,0.17395867
0.08116071,0.08058921,0.08010857,0.07973314,0.07947728,0.079355344,0.07938164,0.07957055,0.0799364,0.080493554,0.08125636,0.082239166,0.08345629,0.08492212,0.086650975,0.088657215,0.09095519,0.09340177,0.095844544,0.0982839,0.10072023,0.10315392,0.1055854,0.10801503,0.110443175,0.112870306,0.11529679,0.11772299,0.12014932,0.12257618,0.125004,0.12743308,0.12986384,0.13229677,0.13473219,0.1371705,0.13961208,0.14205736,0.1445067,0.1469605,0.14941916,0.1518831,0.1543527,0.15682831,0.15931043,0.16179931,0.16429548,0.16679928,0.16931103,0.17167634,0.17374988,0.17554604,0.1770792,0.17836364,0.17941375,0.18024386,0.18086833,0.18130149,0.18155774,0.18165134,0.18159674,0.18140815,0.18110007,0.18068674,0.18018252,0.17960183,0.17895895,0.17826822,0.17754404,0.17680077,0.17605266,0.1753141,0.17459948,0.17392312,0.17329936,0.17274258,0.1722671,0.17188722,0.17161736,0.1714719,0.17146505,0.17152825,0.17158338,0.17163089,0.17167123,0.17170465,0.17173167,0.17175265,0.17176795,0.17177802,0.17178324,0.17178394,0.1717806,0.17177357,0.17176326,0.17175004
0.08467181,0.08409961,0.08361843,0.08324256,0.082986414,0.0828643,0.082890645,0.08307977,0.083446056,0.08400387,0.08476756,0.085751496,0.08697006,0.088437594,0.090168476,0.09217706,0.09447772,0.09693211,0.0993919,0.10185657,0.10432553,0.10679823,0.10927412,0.111752614,0.11423315,0.11671521,0.119198196,0.121681556,0.12416474,0.12664714,0.12912826,0.13160752,0.13408433,0.13655816,0.13902842,0.14149457,0.14395607,0.14641231,0.14886276,0.15130684,0.15374404,0.15617375,0.15859541,0.16100845,0.16341236,0.16580653,0.16819045,0.17056346,0.17292514,0.17513002,0.17704293,0.17867807,0.18004991,0.18117271,0.18206091,0.18272892,0.18319102,0.18346153,0.18355495,0.18348557,0.18326777,0.18291585,0.18244429,0.18186738,0.18119949,0.18045495,0.17964818,0.17879355,0.1779054,0.17699811,0.17608604,0.1751835,0.17430496,0.1734647,0.17267711,0.1719565,0.17131737,0.17077394,0.17034064,0.17003185,0.16986193,0.16977209,0.16969365,0.16962607,0.16956876,0.16952118,0.16948275,0.16945297,0.16943116,0.16941684,0.16940947,0.16940846,0.16941322,0.16942322,0.1694379,0.1694567
0.088235736,0.08766269,0.08718075,0.08680431,0.08654777,0.086425476,0.086451836,0.08664127,0.08700811,0.08756678,0.08833164,0.08931709,0.0905375,0.092007294,0.09374084,0.09575248,0.098056674,0.10051986,0.10299797,0.10548942,0.10799269,0.110506244,0.11302851,0.115557976,0.1180931,0.12063235,0.12317414,0.12571697,0.12825927,0.13079953,0.1333362,0.13586771,0.13839257,0.1409092,0.14341605,0.14591163,0.14839433,0.15086268,0.15331508,0.15575004,0.15816598,0.16056135,0.16293465,0.1652843,0.16760878,0.16990657,0.17217608,0.17441581,0.1766242,0.17866534,0.18041398,0.18188445,0.18309122,0.18404861,0.18477103,0.18527287,0.1855685,0.18567233,0.18559867,0.18536204,0.18497671,0.18445717,0.18381765,0.18307269,0.18223663,0.18132381,0.18034866,0.17932557,0.1782689,0.17719305,0.1761124,0.17504135,0.17399427,0.17298554,0.17202958,0.17114076,0.17033343,0.16962206,0.16902092,0.16854449,0.16820715,0.16796027,0.1677448,0.16755907,0.16740161,0.16727088,0.1671653,0.16708335,0.16702347,0.16698419,0.1669639,0.16696109,0.16697419,0.16700168,0.167042,0.16709362
0.09184119,0.09126711,0.0907843,0.09040718,0.09015017,0.090027645,0.09005406,0.09024383,0.090611346,0.091171026,0.09193728,0.09292451,0.09414715,0.0956196,0.097356275,0.09937159,0.10167995,0.10415277,0.10665015,0.10916955,0.111708455,0.11426429,0.11683451,0.11941662,0.12200801,0.124606214,0.12720862,0.12981275,0.13241598,0.13501589,0.13760984,0.14019531,0.14276977,0.14533067,0.1478755,0.1504017,0.15290669,0.155388,0.15784302,0.16026925,0.16266413,0.16502514,0.16734974,0.16963536,0.17187944,0.17407952,0.17623302,0.17833735,0.18039003,0.18226469,0.18384634,0.1851493,0.18618806,0.18697698,0.18753055,0.18786313,0.18798907,0.18792292,0.18767895,0.18727171,0.18671547,0.18602476,0.18521395,0.18429746,0.18328968,0.182205,0.18105792,0.17986278,0.17863399,0.17738603,0.17613323,0.17489006,0.17367089,0.17249016,0.1713623,0.17030166,0.16932268,0.16843982,0.16766743,0.16701995,0.16651179,0.16610478,0.16574946,0.16544323,0.16518362,0.16496803,0.16479395,0.16465884,0.16456015,0.16449538,0.16446193,0.16445726,0.16447882,0.16452415,0.16459066,0.16467579
0.09547686,0.0949016,0.09441782,0.09403993,0.0937824,0.09365965,0.093686126,0.09387628,0.09424453,0.09480533,0.09557313,0.096562356,0.09778747,0.099262886,0.10100307,0.10302244,0.105335474,0.10781851,0.11033589,0.1128841,0.11545956,0.11805873,0.12067804,0.123313956,0.12596291,0.12862132,0.1312857,0.13395244,0.13661793,0.13927877,0.14193125,0.14457189,0.14719714,0.14980343,0.15238719,0.15494488,0.15747294,0.15996782,0.16242597,0.16484378,0.16721778,0.16954438,0.17181997,0.1740411,0.17620414,0.17830555,0.18034177,0.18230923,0.18420444,0.18591064,0.18732326,0.18845664,0.18932526,0.18994357,0.19032599,0.190487,0.19044101,0.19020246,0.18978581,0.1892055,0.18847594,0.1876116,0.18662691,0.18553635,0.18435429,0.18309522,0.18177363,0.1804038,0.17900033,0.17757763,0.17615005,0.17473212,0.1733383,0.17198293,0.17068054,0.16944553,0.16829242,0.16723554,0.16628934,0.16546829,0.16478692,0.16421741,0.16372031,0.16329187,0.1629286,0.162627,0.16238342,0.1621944,0.16205634,0.16196567,0.16191885,0.16191234,0.16194256,0.16200595,0.162099,0.1622181
0.09913139,0.09855492,0.09807008,0.097691394,0.09743331,0.09731029,0.09733682,0.09752738,0.097896405,0.098458424,0.09922787,0.10021923,0.10144695,0.10292555,0.10466946,0.10669316,0.10901114,0.11150473,0.1140426,0.11662012,0.11923278,0.12187596,0.12454506,0.12723552,0.12994277,0.13266227,0.13538937,0.13811952,0.14084814,0.14357072,0.14628254,0.14897914,0.15165584,0.15430817,0.1569315,0.15952127,0.16207284,0.1645817,0.16704324,0.1694529,0.17180607,0.17409822,0.17632471,0.17848103,0.18056256,0.18256468,0.1844829,0.1863126,0.1880492,0.18958573,0.19082801,0.19179052,0.1924877,0.192934,0.19314392,0.19313191,0.1929125,0.19250014,0.19190924,0.19115436,0.1902499,0.18921043,0.18805031,0.18678404,0.18542613,0.18399104,0.18249324,0.1809472,0.1793674,0.17776829,0.17616437,0.17457008,0.17299992,0.17146833,0.16998984,0.1685789,0.16724992,0.16601741,0.16489589,0.16389982,0.1630436,0.16231027,0.16167001,0.16111825,0.16065052,0.16026211,0.15994844,0.15970498,0.1595272,0.15941048,0.15935014,0.15934177,0.15938066,0.15946233,0.15958215,0.15973553
0.10279347,0.10221572,0.101729855,0.10135034,0.101091675,0.10096838,0.10099498,0.10118594,0.10155579,0.10211902,0.10289016,0.10388369,0.1051141,0.10659594,0.10834367,0.110371806,0.11269487,0.11519918,0.117757685,0.12036476,0.12301481,0.12570223,0.12842143,0.13116676,0.13393266,0.1367135,0.1395037,0.14229764,0.14508967,0.14787427,0.15064576,0.15339859,0.15612713,0.15882574,0.16148889,0.16411093,0.1666862,0.16920924,0.17167428,0.17407584,0.17640825,0.17866592,0.18084323,0.18293464,0.18493444,0.18683714,0.18863699,0.19032852,0.19190608,0.19327249,0.19434395,0.19513503,0.19566017,0.19593395,0.1959708,0.19578527,0.19539188,0.19480504,0.19403936,0.19310933,0.19202931,0.19081403,0.18947786,0.1880353,0.18650089,0.18488914,0.18321452,0.18149157,0.17973477,0.17795864,0.17617765,0.17440636,0.17265925,0.17095076,0.16929547,0.16770792,0.16620253,0.16479383,0.1634963,0.16232452,0.1612929,0.16039513,0.1596113,0.15893583,0.15836313,0.15788761,0.15750363,0.15720561,0.15698795,0.156845,0.15677118,0.15676093,0.15680857,0.15690853,0.15705521,0.15724298
0.10645179,0.10587279,0.105385855,0.10500551,0.10474631,0.104622744,0.1046494,0.10484076,0.105211444,0.10577589,0.10654868,0.10754435,0.10877744,0.110262446,0.112013966,0.1140465,0.11637456,0.11888952,0.12146858,0.124105096,0.12679245,0.12952398,0.1322931,0.13509317,0.13791755,0.14075959,0.1436127,0.14647023,0.14932555,0.15217201,0.15500304,0.15781194,0.16059211,0.1633369,0.16603974,0.16869393,0.17129287,0.17382993,0.17629845,0.17869186,0.18100347,0.1832267,0.18535487,0.18738139,0.18929963,0.19110288,0.19278465,0.19433814,0.1957569,0.19695336,0.19785433,0.19847421,0.19882767,0.19892912,0.19879322,0.19843443,0.19786729,0.19710633,0.19616613,0.19506119,0.19380605,0.19241524,0.19090335,0.18928476,0.1875742,0.18578608,0.18393497,0.18203546,0.18010202,0.17814916,0.17619146,0.17424347,0.17231968,0.1704347,0.16860297,0.16683908,0.16515759,0.16357295,0.16209981,0.16075258,0.1595459,0.15848394,0.15755677,0.15675782,0.15608041,0.1555179,0.15506373,0.1547112,0.15445372,0.15428467,0.15419735,0.15418522,0.15424159,0.1543598,0.15453333,0.15475541
0.110094994,0.10951481,0.10902687,0.10864577,0.10838601,0.10826222,0.10828891,0.108480684,0.10885209,0.10941772,0.11019209,0.11118979,0.11242541,0.113913506,0.1156686,0.11770528,0.12003815,0.12256347,0.1251627,0.12782823,0.13055238,0.13332753,0.13614604,0.1390002,0.14188242,0.14478503,0.14770043,0.15062091,0.15353881,0.15644652,0.15933639,0.16220078,0.165032,0.16782247,0.17056446,0.17325039,0.17587261,0.17842339,0.18089512,0.18328023,0.18557099,0.18775977,0.18983895,0.19180082,0.19363777,0.19534215,0.19690636,0.19832265,0.19958343,0.20061097,0.20134236,0.20179217,0.20197494,0.20190525,0.20159768,0.20106673,0.20032704,0.19939315,0.19827965,0.19700104,0.1955719,0.19400685,0.19232042,0.19052719,0.1886417,0.18667854,0.18465224,0.18257745,0.18046863,0.17834039,0.17620727,0.1740839,0.17198478,0.16992453,0.16791765,0.16597879,0.1641224,0.16236316,0.16071557,0.15919422,0.15781365,0.15658866,0.15551916,0.15459755,0.15381615,0.15316734,0.15264344,0.15223679,0.15193976,0.15174474,0.15164407,0.15163004,0.15169503,0.15183143,0.15203156,0.15228777
0.11371179,0.11313051,0.11264166,0.112259835,0.11199961,0.111875564,0.11190233,0.11209445,0.11246656,0.11303323,0.11380906,0.11480865,0.11604656,0.11753742,0.1192958,0.12133628,0.12367351,0.12620866,0.12882745,0.13152124,0.13428138,0.13709924,0.1399661,0.14287336,0.14581233,0.1487744,0.15175088,0.15473312,0.15771249,0.16068032,0.16362794,0.16654673,0.16942805,0.1722632,0.17504351,0.17776038,0.18040514,0.18296912,0.18544373,0.18782021,0.19008996,0.19224437,0.19427471,0.19617237,0.19792868,0.19953501,0.20098269,0.20226307,0.20336749,0.2042278,0.20479144,0.20507292,0.2050869,0.20484796,0.20437066,0.20366961,0.2027594,0.20165458,0.20036986,0.19891973,0.19731882,0.1955817,0.19372298,0.19175726,0.18969911,0.18756314,0.18536393,0.18311606,0.18083416,0.17853282,0.17622663,0.17393012,0.17165793,0.16942471,0.16724493,0.16513328,0.16310431,0.16117266,0.15935284,0.1576595,0.15610723,0.1547212,0.15351115,0.15246837,0.15158425,0.15085015,0.15025741,0.14979732,0.14946125,0.14924058,0.14912665,0.14911078,0.14918435,0.14933865,0.1495651,0.14985499
0.117290795,0.11670863,0.11621897,0.11583651,0.11557587,0.11545162,0.11547843,0.11567086,0.11604359,0.11661119,0.11738824,0.11838944,0.119629346,0.12112262,0.12288383,0.12492761,0.1272686,0.12981284,0.13245031,0.1351713,0.13796623,0.14082545,0.14373927,0.1466981,0.14969227,0.15271215,0.1557481,0.15879048,0.16182965,0.16485597,0.1678598,0.17083143,0.17376135,0.17663983,0.17945726,0.18220396,0.18487035,0.18744674,0.1899235,0.192291,0.19453962,0.1966597,0.19864151,0.20047556,0.20215212,0.20366158,0.20499425,0.20614056,0.20709082,0.2077864,0.20818478,0.20830058,0.2081484,0.20774293,0.20709871,0.20623039,0.20515256,0.20387985,0.20242687,0.20080826,0.19903861,0.19713256,0.1951047,0.19296964,0.19074206,0.18843648,0.1860676,0.18364997,0.18119825,0.17872706,0.17625095,0.17378461,0.17134264,0.16893966,0.16659024,0.16430904,0.16211066,0.16000973,0.15802081,0.15615861,0.15443769,0.15289353,0.15154536,0.15038362,0.14939861,0.14858076,0.14792034,0.14740776,0.14703335,0.14678751,0.14666058,0.14664286,0.14672484,0.14689676,0.14714903,0.14747201
0.12082075,0.12023782,0.11974756,0.119364634,0.11910363,0.118979245,0.11900607,0.11919877,0.11957195,0.120140254,0.12091834,0.121920794,0.1231623,0.124657474,0.1264209,0.12846729,0.13081126,0.1333637,0.13601862,0.13876548,0.14159364,0.1444925,0.14745145,0.15045992,0.15350722,0.15658285,0.15967612,0.1627765,0.16587332,0.16895598,0.17201397,0.17503653,0.17801316,0.18093322,0.18378615,0.18656129,0.18924801,0.19183579,0.19431396,0.19667195,0.19889915,0.20098493,0.2029187,0.20468986,0.2062878,0.20770194,0.20892158,0.20993626,0.21073528,0.21126927,0.21150568,0.21145917,0.21114436,0.21057588,0.20976835,0.20873648,0.20749481,0.206058,0.20444071,0.20265758,0.2007232,0.19865225,0.19645934,0.19415909,0.19176617,0.18929523,0.18676087,0.1841777,0.18156037,0.17892356,0.17628184,0.17364989,0.17104234,0.1684738,0.16595894,0.16351236,0.16114871,0.15888266,0.15672874,0.15470172,0.15281613,0.15111752,0.14963455,0.1483566,0.1472731,0.1463734,0.14564693,0.14508308,0.14467126,0.1444008,0.14426117,0.14424174,0.14433189,0.144521,0.14479852,0.14515379
0.12429031,0.12370688,0.123216204,0.12283293,0.12257173,0.12244721,0.12247407,0.12266694,0.12304042,0.12360923,0.12438798,0.1253913,0.12663387,0.12813033,0.1298953,0.13194348,0.13428946,0.13684888,0.13951986,0.14229086,0.14515032,0.14808674,0.15108855,0.15414424,0.15724221,0.16037102,0.16351898,0.16667469,0.16982654,0.172963,0.17607254,0.17914361,0.18216464,0.18512417,0.18801054,0.19081233,0.19351792,0.1961158,0.19859445,0.20094228,0.20314774,0.20519939,0.20708555,0.2087948,0.21031553,0.2116362,0.2127453,0.21363124,0.21428259,0.21465892,0.21473742,0.21453276,0.21405955,0.21333247,0.2123661,0.21117523,0.20977435,0.20817822,0.20640142,0.20445862,0.20236446,0.20013358,0.19778067,0.19532032,0.19276722,0.19013602,0.18744132,0.18469776,0.1819201,0.17912287,0.17632079,0.17352845,0.1707605,0.16803165,0.16535649,0.1627497,0.16022587,0.1577997,0.15548585,0.1532989,0.15125358,0.1494051,0.14779128,0.14640062,0.14522152,0.14424245,0.1434519,0.14283828,0.14239012,0.14209583,0.14194392,0.14192273,0.14202084,0.14222662,0.14252864,0.14291522
0.12768815,0.12710448,0.12661363,0.12623021,0.1259689,0.12584436,0.12587121,0.12606415,0.12643778,0.1270068,0.12778585,0.12878956,0.13003258,0.1315296,0.13329528,0.13534419,0.13769108,0.14025612,0.14294145,0.14573455,0.14862306,0.15159456,0.15463655,0.15773661,0.1608823,0.16406116,0.16726074,0.17046863,0.17367236,0.17685953,0.18001765,0.1831343,0.18619703,0.18919338,0.19211093,0.19493723,0.19765987,0.2002664,0.20274428,0.2050812,0.20726465,0.2092822,0.2111214,0.2127698,0.21421501,0.2154445,0.2164459,0.21720676,0.21771458,0.21793793,0.2178633,0.21750543,0.21687888,0.21599838,0.21487854,0.21353406,0.2119795,0.2102296,0.20829898,0.20620231,0.2039542,0.20156936,0.1990624,0.196448,0.1937408,0.19095545,0.18810658,0.18520886,0.18227698,0.17932557,0.17636926,0.17342271,0.17050059,0.16761756,0.16478823,0.1620273,0.1593494,0.15676914,0.15430129,0.15196042,0.14976114,0.14776824,0.14602834,0.14452899,0.14325777,0.14220226,0.14134993,0.14068837,0.14020516,0.1398879,0.13972408,0.13970125,0.13980702,0.1400289,0.14035451,0.14077131
0.13100293,0.13041936,0.1299286,0.12954523,0.12928398,0.12915947,0.1291863,0.12937923,0.1297528,0.13032171,0.13110061,0.13210414,0.13334693,0.13484369,0.13660903,0.13865761,0.14100406,0.14357308,0.14627072,0.14908364,0.15199862,0.15500227,0.15808132,0.16122246,0.1644124,0.16763777,0.17088537,0.17414181,0.17739382,0.18062809,0.18383133,0.1869902,0.19009145,0.19312169,0.19606768,0.19891612,0.20165367,0.20426704,0.20674294,0.20906803,0.21122904,0.21321264,0.21500553,0.21659441,0.21796599,0.21910694,0.22000396,0.22064377,0.22101301,0.22108877,0.2208666,0.22036119,0.21958724,0.21855932,0.21729213,0.21580032,0.21409848,0.21220131,0.21012351,0.20787965,0.20548439,0.20295243,0.20029832,0.19753683,0.19468255,0.19175011,0.18875422,0.18570948,0.18263058,0.17953216,0.17642881,0.17333524,0.17026608,0.167236,0.1642596,0.16135159,0.15852663,0.15579928,0.15318431,0.15069628,0.14834985,0.14621884,0.14435835,0.14275508,0.14139578,0.14026704,0.13935564,0.1386483,0.13813159,0.13779232,0.13761713,0.13759275,0.13770583,0.1379431,0.13829124,0.13873698
0.13422336,0.13364024,0.13314988,0.13276686,0.1325058,0.13238136,0.13240823,0.13260096,0.13297422,0.13354266,0.13432094,0.13532363,0.13656542,0.13806096,0.13982484,0.14187175,0.14421627,0.14678748,0.14949517,0.15232532,0.15526369,0.15829626,0.16140881,0.1645873,0.16781752,0.17108548,0.17437693,0.1776778,0.18097398,0.18425131,0.1874957,0.19069299,0.1938291,0.19688986,0.19986121,0.20272902,0.20547912,0.20809737,0.21056972,0.21288198,0.21502009,0.21696992,0.21871729,0.22024807,0.22154824,0.2226036,0.22340004,0.22392347,0.2241597,0.22409396,0.22373055,0.2230842,0.22216943,0.22100095,0.21959338,0.21796139,0.21611953,0.21408252,0.21186498,0.20948154,0.20694685,0.20427552,0.2014822,0.19858155,0.19558817,0.19251674,0.18938191,0.18619825,0.18298042,0.1797431,0.1765009,0.17326844,0.17006037,0.16689138,0.16377603,0.16072896,0.15776491,0.15489839,0.15214412,0.14951672,0.14703079,0.14476882,0.14279398,0.14109221,0.13964935,0.13845125,0.13748384,0.136733,0.13618456,0.13582441,0.13563848,0.13561258,0.13573264,0.1359845,0.13635403,0.13682714
0.13733806,0.13675584,0.13626623,0.13588378,0.13562316,0.13549893,0.1355257,0.13571815,0.13609086,0.13665842,0.1374355,0.13843666,0.13967656,0.14116976,0.14293095,0.14497471,0.14731564,0.14988698,0.15260226,0.15544656,0.15840507,0.16146283,0.16460495,0.16781655,0.1710828,0.1743887,0.17771946,0.18106015,0.18439583,0.18771169,0.19099279,0.19422427,0.19739121,0.20047875,0.20347199,0.20635602,0.20911595,0.21173695,0.21420403,0.21650237,0.21861705,0.22053322,0.22223593,0.22371034,0.22494157,0.22591466,0.22661474,0.227027,0.22713643,0.22693607,0.22643852,0.22565843,0.22461036,0.22330897,0.22176884,0.2200046,0.2180309,0.2158623,0.21351345,0.21099895,0.20833342,0.2055315,0.20260775,0.19957682,0.19645335,0.1932519,0.18998715,0.18667367,0.18332608,0.17995903,0.17658705,0.17322487,0.16988698,0.16658813,0.16334285,0.16016579,0.15707153,0.15407471,0.15118994,0.14843187,0.14581504,0.1434301,0.14134791,0.13955365,0.13803233,0.13676915,0.13574916,0.13495746,0.13437924,0.13399953,0.13380347,0.13377616,0.13390273,0.13416828,0.13455793,0.13505675
0.14033572,0.13975488,0.1392664,0.13888486,0.13862482,0.13850087,0.13852762,0.13871962,0.13909143,0.13965768,0.14043292,0.14143178,0.14266878,0.14415853,0.14591561,0.1479546,0.15029009,0.15285929,0.15557931,0.15843457,0.16140944,0.16448835,0.16765568,0.17089574,0.17419308,0.17753203,0.18089697,0.18427232,0.18764247,0.19099179,0.19430472,0.19756564,0.20075895,0.20386906,0.20688033,0.2097772,0.21254404,0.21516527,0.21762523,0.21990839,0.22199912,0.22388181,0.22554086,0.22696067,0.22812563,0.22902015,0.22962861,0.22993545,0.229925,0.22959764,0.22897376,0.22806798,0.22689489,0.22546908,0.22380504,0.22191739,0.21982081,0.21752979,0.21505895,0.21242282,0.20963605,0.20671313,0.20366871,0.20051739,0.19727369,0.19395225,0.1905676,0.18713434,0.18366708,0.18018036,0.17668879,0.17320696,0.16974936,0.16633071,0.16296552,0.15966837,0.15645383,0.15333651,0.150331,0.14745188,0.14471367,0.14221466,0.14003289,0.13815273,0.13655868,0.13523507,0.13416627,0.13333671,0.13273081,0.13233297,0.13212751,0.13209891,0.13223153,0.13250975,0.13291803,0.13344075
0.14320503,0.14262605,0.14213915,0.14175884,0.14149961,0.14137608,0.14140274,0.1415941,0.14196473,0.14252917,0.14330195,0.14429758,0.14553061,0.1470156,0.14876704,0.15079951,0.1531275,0.15569209,0.1584138,0.16127641,0.16426364,0.16735916,0.17054684,0.17381038,0.17713349,0.18049996,0.18389352,0.1872979,0.1906969,0.1940742,0.19741356,0.20069875,0.20391352,0.20704159,0.21006674,0.21297266,0.21574312,0.21836191,0.22081277,0.22307931,0.22514544,0.22699489,0.22861132,0.22997852,0.23108023,0.23190022,0.23242222,0.23262995,0.23250717,0.23206115,0.23131952,0.23029697,0.22900788,0.22746687,0.22568847,0.22368719,0.22147758,0.21907417,0.2164915,0.21374412,0.21084648,0.20781325,0.2046589,0.20139794,0.19804491,0.19461437,0.19112083,0.18757889,0.18400298,0.18040772,0.17680761,0.1732172,0.16965102,0.1661236,0.16264941,0.1592431,0.15591915,0.15269212,0.1495765,0.14658684,0.14373772,0.14113432,0.13886145,0.13690284,0.13524221,0.1338633,0.13274987,0.13188569,0.1312545,0.13084002,0.13062601,0.1305962,0.13073437,0.13102426,0.13144955,0.13199408
0.1459347,0.14535813,0.14487325,0.1444945,0.14423639,0.14411336,0.14413989,0.14433047,0.14469954,0.14526165,0.14603119,0.14702268,0.14825056,0.14972937,0.15147354,0.1534975,0.15581581,0.15837307,0.16109318,0.16395918,0.1669543,0.17006166,0.17326444,0.17654586,0.17988896,0.18327703,0.18669312,0.19012046,0.19354215,0.19694144,0.2003014,0.20360525,0.20683612,0.20997715,0.21301156,0.21592247,0.21869305,0.22130646,0.22374588,0.22599444,0.2280353,0.22985163,0.23142664,0.2327434,0.23378512,0.23453496,0.23497608,0.23509158,0.23486476,0.2343091,0.23345914,0.23232931,0.23093419,0.22928812,0.22740568,0.22530125,0.2229894,0.22048455,0.21780115,0.21495375,0.21195675,0.20882466,0.20557198,0.20221315,0.19876263,0.19523494,0.19164449,0.18800583,0.18433335,0.1806416,0.17694502,0.17325811,0.16959533,0.1659711,0.16239999,0.1588964,0.15547484,0.15214975,0.14893566,0.14584701,0.14289826,0.14020112,0.1378464,0.13581723,0.13409679,0.13266823,0.13151471,0.13061942,0.12996548,0.12953606,0.12931435,0.12928349,0.12942661,0.12972692,0.13016754,0.1307317
0.14851333,0.14793979,0.14745745,0.14708066,0.14682388,0.14670148,0.14672787,0.14691749,0.14728463,0.1478438,0.14860934,0.14959565,0.15081716,0.15228823,0.15402327,0.1560367,0.15834291,0.16088997,0.16360475,0.16646998,0.16946821,0.17258216,0.17579445,0.1790877,0.18244456,0.18584774,0.1892798,0.19272347,0.19616131,0.19957605,0.20295028,0.2062667,0.20950788,0.21265651,0.21569525,0.21860671,0.2213736,0.2239785,0.22640407,0.22863299,0.23064789,0.23243137,0.23396616,0.23523483,0.23622006,0.23690447,0.2372708,0.23730162,0.23697954,0.2363241,0.23537587,0.23414926,0.23265867,0.23091853,0.22894315,0.22674704,0.22434454,0.22175005,0.21897794,0.2160427,0.21295865,0.20974019,0.20640178,0.20295776,0.19942254,0.19581054,0.19213611,0.18841375,0.18465774,0.18088257,0.17710257,0.17333217,0.16958578,0.16587776,0.16222258,0.15863456,0.15512814,0.15171772,0.14841768,0.14524244,0.14220639,0.13942695,0.13700035,0.13490926,0.13313632,0.13166416,0.13047546,0.1295528,0.1288789,0.12843639,0.12820789,0.12817611,0.1283236,0.12863308,0.12908715,0.12966849
0.15092966,0.15035976,0.14988048,0.14950609,0.14925094,0.14912933,0.14915556,0.14934394,0.1497088,0.15026438,0.15102503,0.15200509,0.15321884,0.15468055,0.15640457,0.15840518,0.16069674,0.16323042,0.16593608,0.16879594,0.17179216,0.17490701,0.17812268,0.18142135,0.18478528,0.1881966,0.19163762,0.19509047,0.19853742,0.20196064,0.20534234,0.20866473,0.21191002,0.21506046,0.21809821,0.2210055,0.22376452,0.22635755,0.22876668,0.23097423,0.23296231,0.23471323,0.23620915,0.23743226,0.23836477,0.23898895,0.23928694,0.23924102,0.23883331,0.2380886,0.23705296,0.23574072,0.23416625,0.23234369,0.23028745,0.22801189,0.22553125,0.22285977,0.22001195,0.2170019,0.21384403,0.21055265,0.207142,0.20362647,0.20002028,0.19633782,0.19259338,0.18880123,0.18497568,0.18113108,0.1772817,0.17344184,0.16962586,0.16584799,0.16212259,0.15846398,0.15488644,0.15140429,0.14803182,0.14478333,0.14167316,0.1388237,0.13633598,0.13419224,0.13237463,0.1308654,0.12964673,0.1287009,0.12801002,0.12755632,0.12732211,0.1272895,0.1274407,0.12775798,0.1282235,0.12881947
0.15317233,0.15260676,0.15213113,0.15175958,0.15150635,0.1513857,0.15141173,0.15159868,0.15196073,0.1525121,0.15326698,0.15423958,0.15544409,0.1568947,0.1586056,0.16059104,0.16286516,0.16538215,0.16807449,0.17092413,0.17391285,0.17702258,0.1802351,0.18353233,0.18689606,0.1903082,0.19375059,0.19720505,0.20065346,0.20407772,0.20745961,0.210781,0.2140238,0.21716982,0.22020088,0.22309887,0.22584568,0.22842316,0.2308131,0.23299739,0.23495786,0.23667644,0.23813489,0.23931514,0.240199,0.24076839,0.24100506,0.24089095,0.24040787,0.23958518,0.2384738,0.23708785,0.23544165,0.23354933,0.2314251,0.2290832,0.22653776,0.223803,0.22089314,0.21782233,0.21460481,0.21125478,0.20778644,0.20421396,0.20055157,0.1968135,0.19301382,0.18916681,0.18528673,0.18138772,0.17748396,0.17358965,0.16971901,0.16588621,0.1621055,0.15839106,0.15475707,0.15121773,0.14778723,0.14447981,0.14130963,0.13840334,0.13586599,0.13367948,0.13182564,0.13028628,0.12904333,0.12807858,0.12737395,0.12691124,0.12667233,0.12663905,0.12679327,0.12711687,0.12759168,0.12819955
0.15523002,0.15466951,0.15419813,0.15382992,0.15357897,0.15345937,0.15348518,0.15367042,0.15402927,0.15457569,0.15532383,0.15628771,0.15748146,0.15891908,0.16061468,0.16258237,0.16483614,0.16733281,0.17000744,0.17284164,0.17581706,0.17891517,0.18211769,0.18540607,0.18876201,0.19216704,0.19560273,0.19905071,0.20249256,0.20590985,0.20928419,0.21259715,0.2158303,0.21896526,0.22198363,0.22486694,0.22759683,0.2301549,0.2325227,0.23468176,0.23661374,0.23830026,0.23972282,0.24086308,0.2417026,0.24222298,0.24240576,0.24223253,0.24168497,0.2407963,0.23962153,0.2381747,0.23646988,0.23452118,0.23234262,0.22994831,0.2273523,0.22456872,0.22161151,0.2184949,0.21523283,0.21183945,0.2083288,0.20471498,0.201012,0.19723402,0.19339505,0.18950915,0.18559045,0.18165296,0.17771083,0.17377803,0.16986868,0.16599688,0.16217665,0.15842211,0.15474728,0.1511663,0.14769317,0.14434202,0.14112687,0.13817778,0.13560304,0.13338432,0.13150313,0.12994115,0.12867984,0.12770092,0.12698588,0.12651636,0.12627393,0.12624018,0.12639669,0.12672503,0.12720685,0.12782368
0.15709141,0.15653674,0.15607025,0.15570585,0.15545754,0.15533921,0.1553647,0.15554807,0.15590313,0.1564439,0.15718424,0.15813813,0.15931942,0.16074207,0.16242,0.16436718,0.16659752,0.16907008,0.17172232,0.17453565,0.17749149,0.18057121,0.18375629,0.18702811,0.19036806,0.1937576,0.19717808,0.200611,0.20403768,0.20743959,0.21079814,0.21409477,0.2173108,0.22042772,0.22342692,0.22628982,0.2289978,0.23153235,0.23387478,0.23600659,0.23790914,0.23956384,0.24095215,0.24205546,0.2428552,0.24333276,0.24346955,0.24324694,0.24264644,0.24170458,0.24047953,0.2389853,0.23723577,0.23524486,0.23302649,0.23059466,0.22796321,0.2251461,0.22215724,0.21901056,0.21571998,0.21229945,0.20876291,0.20512421,0.20139731,0.19759619,0.19373468,0.18982676,0.18588637,0.18192743,0.17796381,0.17400949,0.17007837,0.16618438,0.16234148,0.15856351,0.15486449,0.1512583,0.14775884,0.14438011,0.14113595,0.1381589,0.13555981,0.13332003,0.13142109,0.12984426,0.12857106,0.12758283,0.12686104,0.12638707,0.12614235,0.12610826,0.12626624,0.1265977,0.12708409,0.12770677
0.15874517,0.15819713,0.15773626,0.15737626,0.15713091,0.15701398,0.1570392,0.15722032,0.15757115,0.15810542,0.1588369,0.15977931,0.16094643,0.16235204,0.1640099,0.1659337,0.16813727,0.17058171,0.1732066,0.17599319,0.17892289,0.18197699,0.18513688,0.18838385,0.19169925,0.1950644,0.1984607,0.20186943,0.20527191,0.20864953,0.2119836,0.21525544,0.21844642,0.22153789,0.22451113,0.22734751,0.23002835,0.23253505,0.23484883,0.23695111,0.2388232,0.2404465,0.24180228,0.24287187,0.24363661,0.2440779,0.24417695,0.24391524,0.24327405,0.24229246,0.24103108,0.23950373,0.23772414,0.23570606,0.23346329,0.23100959,0.22835866,0.22552429,0.22252025,0.21936026,0.21605814,0.2126276,0.20908241,0.2054363,0.2017031,0.19789651,0.1940303,0.19011825,0.18617406,0.18221155,0.17824447,0.17428651,0.1703515,0.16645323,0.16260533,0.15882169,0.15511599,0.151502,0.14799348,0.14460424,0.14134794,0.13835874,0.135749,0.13350005,0.1315933,0.13001002,0.1287316,0.12773937,0.12701458,0.12653868,0.12629296,0.12625872,0.12641737,0.12675019,0.12723853,0.12786373
0.16017997,0.15963946,0.15918489,0.15882984,0.15858784,0.1584725,0.15849741,0.15867604,0.15902203,0.159549,0.16027044,0.16119993,0.16235106,0.16373739,0.16537249,0.16726993,0.16944328,0.17185538,0.17444763,0.17720138,0.18009804,0.1831189,0.1862454,0.1894588,0.19274057,0.19607206,0.1994346,0.20280953,0.20617828,0.20952217,0.21282257,0.21606086,0.21921842,0.22227654,0.2252167,0.22802013,0.23066828,0.2331425,0.2354242,0.23749463,0.23933521,0.24092738,0.24225241,0.24329169,0.24402657,0.24443842,0.2445087,0.2442186,0.24354962,0.24254246,0.24125941,0.23971401,0.23791988,0.23589051,0.23363951,0.23118043,0.2285269,0.2256924,0.22269061,0.219535,0.21623915,0.21281669,0.20928115,0.20564607,0.20192508,0.1981317,0.19427954,0.19038212,0.18645304,0.1825059,0.17855424,0.1746116,0.17069158,0.16680774,0.16297367,0.15920295,0.15550905,0.15190564,0.14840631,0.14502454,0.14177392,0.13878912,0.13618323,0.1339376,0.13203366,0.13045275,0.1291762,0.12818538,0.12746172,0.1269865,0.12674114,0.12670697,0.12686537,0.1271977,0.12768532,0.12830962
0.1613845,0.16085242,0.16040492,0.1600554,0.15981717,0.15970364,0.15972812,0.159904,0.16024463,0.16076335,0.16147356,0.16238856,0.16352177,0.16488647,0.1664961,0.16836397,0.17050344,0.17287874,0.17543289,0.17814735,0.18100365,0.18398327,0.1870677,0.19023846,0.1934771,0.196765,0.20008379,0.20341489,0.20673981,0.21004008,0.2132972,0.21649264,0.21960792,0.22262453,0.225524,0.22828777,0.23089743,0.23333439,0.2355802,0.23761636,0.23942438,0.24098572,0.24228191,0.24329448,0.24400485,0.2443946,0.24444519,0.24413812,0.2434549,0.24243718,0.24114788,0.2396003,0.23780786,0.23578385,0.23354167,0.23109466,0.22845621,0.22563964,0.22265834,0.21952564,0.21625492,0.2128595,0.2093528,0.20574814,0.20205885,0.19829834,0.19447996,0.19061702,0.18672293,0.18281102,0.17889467,0.17498723,0.17110203,0.16725245,0.16345188,0.15971363,0.15605107,0.15247756,0.14900647,0.14565113,0.14242494,0.13946201,0.13687521,0.13464604,0.13275607,0.13118672,0.12991953,0.12893598,0.1282176,0.12774587,0.12750229,0.12746839,0.12762564,0.12795554,0.12843959,0.12905931
0.1622844,0.16176115,0.16132107,0.16097732,0.16074307,0.16063137,0.16065547,0.16082841,0.16116346,0.16167355,0.16237198,0.16327186,0.16438626,0.16572836,0.16731133,0.16914825,0.1712523,0.17358862,0.17610148,0.1787726,0.18158373,0.18451661,0.18755299,0.19067451,0.19386311,0.19710033,0.20036802,0.20364785,0.20692167,0.21017106,0.21337788,0.2165238,0.2195906,0.22256002,0.22541375,0.22813357,0.23070124,0.23309839,0.23530692,0.23730841,0.23908472,0.24061753,0.24188854,0.24287963,0.24357235,0.24394853,0.24398997,0.24367832,0.24299537,0.24198268,0.24070294,0.2391692,0.23739462,0.23539233,0.2331755,0.23075722,0.22815067,0.22536896,0.22242527,0.21933264,0.2161043,0.21275331,0.20929287,0.2057361,0.20209616,0.19838612,0.19461916,0.19080843,0.18696705,0.1831081,0.17924486,0.1753903,0.1715577,0.16776007,0.16401063,0.16032253,0.15670884,0.1531827,0.14975731,0.14644574,0.14326118,0.14033622,0.13778263,0.13558209,0.13371632,0.13216709,0.13091615,0.12994522,0.12923606,0.12877037,0.12852995,0.12849647,0.12865165,0.12897733,0.12945521,0.13006698
0.16282472,0.1623101,0.1618773,0.16153926,0.16130887,0.16119905,0.16122273,0.16139285,0.16172229,0.16222398,0.16291085,0.1637958,0.16489175,0.16621163,0.16776842,0.16957493,0.17164414,0.17394169,0.17641266,0.179039,0.18180299,0.18468653,0.1876717,0.19074063,0.1938753,0.1970578,0.20027019,0.20349456,0.20671293,0.20990743,0.21306005,0.21615288,0.21916793,0.22208735,0.22489315,0.22756743,0.23009217,0.23244952,0.23462147,0.23659016,0.23833756,0.23984584,0.24109691,0.242073,0.2427561,0.24312823,0.24317147,0.2428679,0.24219961,0.24120732,0.23995231,0.23844753,0.23670593,0.23474039,0.23256382,0.23018917,0.22762936,0.22489724,0.22200583,0.218968,0.21579666,0.21250477,0.2091052,0.20561089,0.20203473,0.19838975,0.19468874,0.19094467,0.18717042,0.18337898,0.17958324,0.17579609,0.1720305,0.16829932,0.16461553,0.16099203,0.15744174,0.1539776,0.15061247,0.14735934,0.14423107,0.14135793,0.1388495,0.13668787,0.13485515,0.13333338,0.13210458,0.13115083,0.13045424,0.12999679,0.1297606,0.12972769,0.1298802,0.13020012,0.13066947,0.13127042
0.16302308,0.16251695,0.16209136,0.16175888,0.1615323,0.16142431,0.1614476,0.16161494,0.16193888,0.16243228,0.16310777,0.1639781,0.16505592,0.16635399,0.16788492,0.16966154,0.17169653,0.17395549,0.17638393,0.17896435,0.18167916,0.18451086,0.18744195,0.19045483,0.19353199,0.19665596,0.19980912,0.20297393,0.20613296,0.20926858,0.21236332,0.21539958,0.2183599,0.22122669,0.2239824,0.22660957,0.22909059,0.23140801,0.2335442,0.23548175,0.23720297,0.23869048,0.23992662,0.24089393,0.24157491,0.24195193,0.2420075,0.24172409,0.24108419,0.24012677,0.238911,0.23744962,0.2357553,0.23384073,0.23171864,0.22940178,0.22690278,0.22423439,0.22140929,0.2184402,0.2153398,0.21212088,0.20879602,0.20537806,0.20187956,0.19831334,0.19469203,0.19102837,0.18733509,0.18362486,0.17991039,0.1762044,0.17251958,0.16886866,0.1652643,0.16171923,0.15824619,0.15485781,0.15156685,0.14838605,0.14532799,0.14251974,0.14006793,0.13795517,0.13616383,0.13467641,0.13347536,0.13254316,0.13186228,0.13141517,0.13118432,0.13115218,0.13130121,0.13161388,0.13207269,0.13266006
0.16289718,0.16239944,0.1619809,0.16165395,0.16143112,0.1613249,0.16134779,0.16151235,0.16183096,0.16231614,0.16298047,0.16383637,0.16489635,0.16617292,0.16767855,0.16942576,0.17142701,0.17364755,0.17603293,0.17856608,0.18122995,0.1840075,0.18688166,0.18983541,0.19285168,0.1959134,0.19900353,0.20210506,0.20520087,0.20827398,0.21130729,0.2142837,0.21718635,0.219998,0.22270162,0.22528027,0.22771682,0.22999416,0.2320954,0.23400335,0.235701,0.23717132,0.23839726,0.23936172,0.2400477,0.24043813,0.24051598,0.24026416,0.23966564,0.2387569,0.23759407,0.2361897,0.23455626,0.23270622,0.23065214,0.22840644,0.22598162,0.22339027,0.22064476,0.21775767,0.21474144,0.21160862,0.20837164,0.20504305,0.20163535,0.19816098,0.1946325,0.19106236,0.18746307,0.18384705,0.18022695,0.17661515,0.17302415,0.16946651,0.16595468,0.16250114,0.1591184,0.155819,0.15261534,0.14952001,0.14654543,0.14381446,0.14143018,0.13937557,0.13763353,0.13618708,0.1350191,0.13411252,0.13345037,0.13301562,0.13279109,0.13275985,0.13290478,0.13320886,0.13365503,0.1342262
0.16246474,0.16197526,0.16156365,0.16124211,0.16102298,0.16091855,0.16094108,0.16110286,0.16141619,0.16189337,0.16254666,0.16338836,0.16443078,0.16568616,0.16716683,0.16888507,0.17085315,0.17303549,0.17537725,0.177862,0.18047316,0.18319434,0.18600897,0.18890056,0.19185264,0.19484872,0.19787228,0.20090684,0.20393589,0.20694299,0.20991157,0.21282515,0.21566725,0.2184214,0.22107111,0.22359982,0.22599109,0.22822842,0.23029526,0.23217517,0.23385164,0.2353082,0.23652832,0.23749554,0.23819335,0.23860522,0.23871468,0.2385053,0.23796044,0.23711343,0.23601656,0.23468213,0.23312236,0.23134968,0.22937629,0.22721444,0.2248765,0.22237474,0.21972142,0.21692881,0.21400926,0.21097505,0.20783837,0.2046116,0.20130701,0.19793694,0.1945136,0.19104925,0.18755627,0.18404692,0.18053345,0.17702815,0.17354336,0.17009133,0.16668436,0.16333473,0.16005476,0.15685664,0.15375277,0.1507554,0.1478768,0.14523485,0.14292835,0.14094073,0.1392555,0.13785619,0.1367263,0.13584933,0.13520877,0.13478816,0.13457099,0.13454072,0.13468094,0.13497512,0.13540672,0.13595931
0.1617434,0.16126207,0.16085728,0.16054109,0.16032559,0.16022292,0.16024502,0.16040415,0.16071227,0.16118155,0.16182396,0.1626517,0.16367678,0.16491131,0.16636741,0.16805711,0.1699925,0.17213675,0.17443444,0.17686965,0.17942655,0.18208921,0.1848418,0.18766849,0.19055332,0.19348052,0.1964341,0.19939831,0.20235726,0.20529497,0.2081957,0.21104352,0.21382256,0.21651697,0.2191109,0.22158843,0.22393371,0.2261309,0.22816405,0.23001738,0.23167497,0.23312098,0.23433949,0.2353147,0.23603071,0.2364716,0.23662157,0.23646474,0.23598522,0.23521218,0.23419344,0.23294109,0.23146725,0.2297839,0.22790317,0.22583722,0.223598,0.22119774,0.21864839,0.21596211,0.213151,0.21022709,0.20720243,0.20408921,0.20089945,0.19764522,0.19433868,0.1909918,0.1876168,0.18422563,0.18083045,0.17744331,0.17407633,0.17074156,0.1674511,0.16421704,0.16105145,0.1579664,0.15497401,0.15208635,0.14931549,0.1467737,0.14455457,0.14264227,0.14102092,0.13967465,0.13858753,0.13774385,0.13712755,0.13672289,0.13651392,0.13648486,0.13661973,0.13690275,0.137318,0.13784961
0.16075093,0.1602776,0.15987952,0.15956858,0.1593567,0.1592557,0.1592775,0.15943396,0.15973693,0.16019836,0.16083013,0.16164407,0.16265208,0.1638661,0.16529791,0.16695943,0.16886263,0.17096896,0.17322208,0.17560674,0.17810775,0.18071,0.18339826,0.18615736,0.18897212,0.19182731,0.19470786,0.1975985,0.2004841,0.20334944,0.20617935,0.20895869,0.21167225,0.21430483,0.21684125,0.21926643,0.22156505,0.223722,0.2257221,0.22755021,0.22919105,0.23062949,0.23185037,0.2328385,0.23357865,0.23405574,0.23425452,0.2341598,0.23375645,0.23306894,0.23213984,0.23098099,0.2296043,0.22802168,0.22624497,0.22428603,0.2221568,0.21986912,0.21743488,0.214866,0.21217434,0.20937176,0.20647015,0.20348144,0.20041744,0.19729011,0.19411123,0.19089276,0.1876466,0.18438457,0.18111858,0.17786051,0.17462224,0.17141566,0.16825266,0.16514511,0.16210486,0.15914387,0.15627396,0.153507,0.15085497,0.14842366,0.14630105,0.1444719,0.14292103,0.14163329,0.14059348,0.1397864,0.13919693,0.13880986,0.13860998,0.13858216,0.13871118,0.13898191,0.13937908,0.13988763
0.15950489,0.15903948,0.15864807,0.15834235,0.158134,0.15803468,0.15805611,0.15820993,0.15850787,0.15896156,0.15958278,0.16038314,0.1613743,0.16256802,0.16397594,0.16560973,0.1674811,0.16954966,0.17175777,0.17409092,0.17653465,0.1790746,0.18169631,0.1843854,0.18712734,0.18990777,0.19271226,0.19552638,0.19833565,0.20112568,0.2038821,0.20659041,0.20923616,0.21180496,0.21428236,0.216654,0.21890536,0.22102205,0.22298968,0.22479373,0.22641984,0.22785355,0.22908045,0.2300861,0.23085608,0.23137598,0.23163132,0.2316077,0.2312907,0.23069946,0.22987074,0.22881609,0.22754718,0.22607581,0.2244136,0.22257227,0.22056338,0.21839878,0.21609007,0.21364895,0.21108705,0.20841609,0.20564781,0.20279382,0.19986585,0.1968756,0.19383465,0.19075479,0.18764766,0.18452498,0.18139838,0.1782796,0.17518024,0.17211206,0.16908674,0.16611591,0.16321127,0.1603846,0.15764746,0.15501158,0.15248865,0.15017757,0.14815994,0.14642122,0.14494704,0.14372298,0.14273457,0.14196742,0.1414071,0.14103916,0.14084919,0.14082275,0.14094539,0.14120269,0.14158025,0.14206363
0.15802304,0.15756544,0.15718065,0.15688002,0.15667516,0.15657753,0.1565986,0.15674983,0.15704279,0.15748888,0.15809964,0.15888657,0.15986112,0.16103484,0.16241908,0.16402544,0.16586544,0.16789638,0.17005906,0.17233978,0.17472495,0.1772009,0.17975406,0.18237077,0.18503746,0.18774042,0.19046615,0.19320093,0.19593115,0.19864327,0.20132352,0.20395839,0.20653427,0.20903747,0.21145444,0.21377142,0.21597497,0.21805134,0.21998699,0.22176823,0.22338143,0.22481306,0.22604938,0.22707689,0.22788188,0.22845078,0.2287699,0.22882564,0.22860445,0.2281196,0.22740117,0.22646062,0.22530948,0.22395921,0.2224213,0.22070724,0.21882851,0.21679664,0.21462306,0.2123193,0.20989682,0.2073671,0.2047417,0.20203201,0.1992496,0.19640589,0.19351244,0.19058065,0.18762209,0.1846482,0.18167046,0.17870042,0.17574947,0.17282923,0.169951,0.16712648,0.16436705,0.16168414,0.15908937,0.15659413,0.15420996,0.15202813,0.15012334,0.1484819,0.14709017,0.14593458,0.14500146,0.14427722,0.14374822,0.1434009,0.14322153,0.14319654,0.14331232,0.14355524,0.14391172,0.14436802
0.15632309,0.15587321,0.15549488,0.15519935,0.15499793,0.15490194,0.15492265,0.15507135,0.15535933,0.15579794,0.15639842,0.15717205,0.1581302,0.15928404,0.160645,0.1622243,0.16403325,0.16602673,0.16814356,0.17037103,0.17269634,0.17510673,0.17758945,0.18013169,0.18272081,0.18534389,0.1879883,0.19064115,0.19328979,0.19592142,0.19852322,0.20108251,0.2035865,0.20602241,0.20837753,0.21063903,0.21279414,0.21483018,0.2167343,0.2184938,0.22009587,0.22152779,0.22277677,0.22383006,0.22467488,0.22529845,0.22568807,0.22583096,0.22571431,0.22534509,0.22474618,0.22392893,0.22290464,0.22168458,0.22028002,0.21870229,0.21696271,0.21507254,0.21304303,0.21088558,0.20861138,0.20623179,0.20375805,0.20120153,0.1985734,0.19588512,0.19314787,0.19037299,0.18757172,0.18475544,0.18193538,0.17912285,0.1763291,0.17356552,0.17084335,0.16817386,0.16556838,0.16303818,0.16059461,0.15824889,0.15601233,0.15396816,0.15218349,0.15064554,0.14934163,0.14825894,0.14738466,0.1467061,0.1462105,0.14588505,0.14571698,0.14569362,0.14580208,0.14602968,0.14636365,0.1467912
0.15442273,0.15398043,0.15360852,0.15331802,0.15312,0.15302566,0.15304598,0.15319218,0.15347528,0.15390645,0.15449676,0.15525728,0.1561991,0.15733346,0.1586713,0.16022377,0.16200206,0.16395813,0.16602884,0.1682023,0.1704666,0.17280999,0.17522055,0.17768641,0.1801958,0.18273674,0.18529747,0.18786614,0.19043075,0.19297965,0.19550082,0.19798252,0.20041284,0.2027799,0.20507191,0.207277,0.20938323,0.21137887,0.21325196,0.21499069,0.21658318,0.21801764,0.21928215,0.22036491,0.22125396,0.22193757,0.22240375,0.22264078,0.22263676,0.22239165,0.22192079,0.2212353,0.22034623,0.21926476,0.2180019,0.21656881,0.21497664,0.21323636,0.21135922,0.20935622,0.20723844,0.2050171,0.20270322,0.20030792,0.1978423,0.19531746,0.19274452,0.19013458,0.18749876,0.1848481,0.18219374,0.17954679,0.17691836,0.17431949,0.17176135,0.16925505,0.16681163,0.16444226,0.16215797,0.15996993,0.15788917,0.15599033,0.15433247,0.1529039,0.15169267,0.15068689,0.14987479,0.14924446,0.14878409,0.14848177,0.14832565,0.14830393,0.14840469,0.14861612,0.14892633,0.1493235
0.15233956,0.15190487,0.15153928,0.15125373,0.15105912,0.15096635,0.15098633,0.15113007,0.15140831,0.15183209,0.15241233,0.15315984,0.15408564,0.15520056,0.15651555,0.15804154,0.15978943,0.16170822,0.16373244,0.16585116,0.16805351,0.17032854,0.17266536,0.17505306,0.17748074,0.17993754,0.18241246,0.18489468,0.1873733,0.18983732,0.19227594,0.19467816,0.19703315,0.19932999,0.20155777,0.2037056,0.20576254,0.20771769,0.20956016,0.21127903,0.21286343,0.21430242,0.2155851,0.21670061,0.21763802,0.21838637,0.21893483,0.21927243,0.21938832,0.21927512,0.21894003,0.21839398,0.21764782,0.21671252,0.21559899,0.21431814,0.21288083,0.21129803,0.20958064,0.20773958,0.20578577,0.20373006,0.20158346,0.19935676,0.19706097,0.19470704,0.19230577,0.18986815,0.18740506,0.18492737,0.18244608,0.17997207,0.17751625,0.17508952,0.17270282,0.17036703,0.16809309,0.16589187,0.16377437,0.16175142,0.15983394,0.15808737,0.15656254,0.15524852,0.15413441,0.15320934,0.15246236,0.15188259,0.15145913,0.15118106,0.15103747,0.15101747,0.15111017,0.15130463,0.15159002,0.1519553
0.15009135,0.14966413,0.14930484,0.1490242,0.14883293,0.14874178,0.14876142,0.14890262,0.1491761,0.14959261,0.15016286,0.15089747,0.15180731,0.15290305,0.15419543,0.15569514,0.1574129,0.15929453,0.161272,0.16333537,0.16547474,0.16768026,0.16994195,0.17224988,0.17459415,0.17696486,0.17935215,0.181746,0.18413655,0.18651389,0.18886809,0.19118924,0.19346745,0.19569275,0.19785525,0.19994512,0.20195232,0.203867,0.2056792,0.20737906,0.20895664,0.21040201,0.21170531,0.21285658,0.21384591,0.21466336,0.2152991,0.21574314,0.21598558,0.21601132,0.21581899,0.21541929,0.21482298,0.21404079,0.2130834,0.21196154,0.210686,0.20926742,0.20771663,0.20604424,0.20426099,0.20237769,0.200405,0.19835368,0.19623442,0.19405796,0.191835,0.18957637,0.18729265,0.18499462,0.18269305,0.18039861,0.17812204,0.1758741,0.17366546,0.1715069,0.16940904,0.16738275,0.16543867,0.16358753,0.16184007,0.16025211,0.15886576,0.15767111,0.15665817,0.15581715,0.15513797,0.15461089,0.15422583,0.15397306,0.15384251,0.15382434,0.1539086,0.15408541,0.15434483,0.15467697
0.14769572,0.14727595,0.14692289,0.14664711,0.1464592,0.1463696,0.14638893,0.14652768,0.1467964,0.14720567,0.147766,0.14848787,0.14938189,0.1504586,0.15172848,0.15320215,0.15489009,0.15673459,0.15866505,0.16067252,0.16274814,0.16488303,0.16706827,0.16929503,0.17155433,0.17383736,0.17613521,0.17843896,0.18073976,0.18302873,0.18529694,0.18753551,0.1897356,0.19188827,0.19398463,0.19601575,0.19797288,0.19984704,0.20162934,0.20331092,0.20488282,0.20633624,0.20766224,0.20885198,0.2098965,0.21078698,0.21151447,0.21207014,0.21244505,0.212616,0.2125726,0.21232556,0.21188521,0.21126226,0.21046714,0.20951045,0.20840268,0.20715442,0.2057762,0.20427851,0.20267193,0.200967,0.19917421,0.19730417,0.19536737,0.1933744,0.19133571,0.18926191,0.18716353,0.1850511,0.18293515,0.18082623,0.17873485,0.17667162,0.17464699,0.17267157,0.17075585,0.1689104,0.16714573,0.1654724,0.16390096,0.16247727,0.16123433,0.16016324,0.15925512,0.15850109,0.15789221,0.1574196,0.15707444,0.15684779,0.15673076,0.15671445,0.15679002,0.1569485,0.15718111,0.15747888
0.14517042,0.14475799,0.14441115,0.14414021,0.14395559,0.14386755,0.14388655,0.14402287,0.14428692,0.144689,0.14523944,0.14594866,0.146827,0.14788479,0.1491324,0.15058018,0.15223852,0.15404598,0.15592921,0.15788028,0.15989137,0.16195473,0.16406244,0.16620672,0.1683797,0.17057355,0.17278047,0.17499262,0.17720214,0.17940122,0.18158208,0.18373676,0.18585753,0.18793654,0.18996596,0.1919379,0.19384457,0.19567817,0.19743085,0.19909476,0.20066205,0.20212497,0.20347553,0.20470612,0.20580871,0.20677556,0.2075988,0.20827067,0.20878327,0.20910491,0.20921604,0.209127,0.2088481,0.20838982,0.20776235,0.20697615,0.20604154,0.20496891,0.20376857,0.20245092,0.20102622,0.19950493,0.19789736,0.19621383,0.19446473,0.19266044,0.19081128,0.18892758,0.18701975,0.18509811,0.18317299,0.18125479,0.17935388,0.17748055,0.17564517,0.17385815,0.17212977,0.17047043,0.16889042,0.1674002,0.16601004,0.1647556,0.16366045,0.16271669,0.1619165,0.16125211,0.1607156,0.1602992,0.15999505,0.15979531,0.15969221,0.15967783,0.15974443,0.1598841,0.16008902,0.16035141
0.14253306,0.14212799,0.14178732,0.14152119,0.14133981,0.14125338,0.141272,0.14140593,0.14166524,0.14206019,0.14260088,0.14329752,0.14416029,0.1451993,0.14642474,0.14784683,0.14947571,0.15124625,0.15308198,0.15497625,0.15692224,0.15891322,0.16094242,0.16300316,0.16508858,0.16719206,0.16930673,0.17142597,0.1735429,0.17565084,0.17774308,0.17981279,0.18185323,0.18385771,0.18581946,0.18773171,0.1895877,0.19138074,0.193104,0.1947508,0.1963144,0.19778796,0.19916481,0.2004382,0.20160139,0.20264755,0.20357,0.20436199,0.20501676,0.20549391,0.20576422,0.20583795,0.20572521,0.2054362,0.20498107,0.20437004,0.20361322,0.20272078,0.20170292,0.20056984,0.19933163,0.19799852,0.19658068,0.19508822,0.19353136,0.1919203,0.19026515,0.18857607,0.18686329,0.18513693,0.1834072,0.18168423,0.1799782,0.17829931,0.17665774,0.1750636,0.17352709,0.17205839,0.17066762,0.16936503,0.16816074,0.16707985,0.16613618,0.16532299,0.1646335,0.16406098,0.16359872,0.16323991,0.16297786,0.16280577,0.16271691,0.16270454,0.1627619,0.16288224,0.16305886,0.16328494
0.13980143,0.13940363,0.13906904,0.13880771,0.13862962,0.13854471,0.13856304,0.13869451,0.1389492,0.13933705,0.13986804,0.14055213,0.14139935,0.14241974,0.14362314,0.1450197,0.14661928,0.1483529,0.15014105,0.15197814,0.15385842,0.15577637,0.15772629,0.15970254,0.16169947,0.16371143,0.16573282,0.16775794,0.16978122,0.17179696,0.17379954,0.1757833,0.17774262,0.17967184,0.18156531,0.18341742,0.18522252,0.18697494,0.18866906,0.19029924,0.19185981,0.19334516,0.19474961,0.19606759,0.19729334,0.19842134,0.19944589,0.20036134,0.20116206,0.20179869,0.20223221,0.20247269,0.20253001,0.20241429,0.20213538,0.20170343,0.20112827,0.20041992,0.19958843,0.19864377,0.1975959,0.1964548,0.19523048,0.19393292,0.19257215,0.19115806,0.1897007,0.18821006,0.18669613,0.18516889,0.18363827,0.18211436,0.18060708,0.17912644,0.1776824,0.17628498,0.17494413,0.17366989,0.17247221,0.17136106,0.1703465,0.16944276,0.16865374,0.16797383,0.16739735,0.16691867,0.16653216,0.16623218,0.16601305,0.16586915,0.16579486,0.16578452,0.16583249,0.16593312,0.16608077,0.16626976
0.13699317,0.13660258,0.1362741,0.13601755,0.13584268,0.13575932,0.13577731,0.13590641,0.13615644,0.13653721,0.13705853,0.13773018,0.13856196,0.13956371,0.14074522,0.14211632,0.14368676,0.14538352,0.14712395,0.14890353,0.15071772,0.1525621,0.15443201,0.15632306,0.15823065,0.16015029,0.16207746,0.16400763,0.16593632,0.16785897,0.1697711,0.17166816,0.17354564,0.175399,0.17722377,0.17901538,0.18076937,0.18248118,0.1841463,0.1857602,0.18731838,0.18881635,0.19024955,0.19161347,0.1929036,0.19411537,0.19524436,0.19628598,0.19723573,0.19803509,0.19863506,0.19904551,0.19927615,0.19933686,0.1992374,0.19898765,0.19859728,0.19807622,0.19743425,0.19668113,0.1958267,0.19488072,0.19385308,0.19275351,0.19159186,0.19037789,0.18912145,0.18783231,0.1865203,0.18519524,0.18386687,0.18254507,0.18123958,0.17996025,0.17871687,0.17751929,0.17637722,0.17530052,0.17429903,0.17338249,0.17256072,0.17183708,0.17120531,0.17066088,0.17019925,0.16981599,0.16950648,0.16926627,0.16909078,0.16897559,0.1689161,0.1689078,0.1689462,0.16902678,0.16914503,0.16929638
0.1341259,0.13374256,0.13342018,0.13316831,0.13299672,0.13291492,0.13293254,0.13305928,0.13330467,0.13367839,0.13419004,0.13484931,0.1356657,0.13664892,0.1378086,0.13915433,0.14069572,0.14235564,0.14404824,0.14577009,0.14751787,0.1492882,0.15107767,0.15288292,0.15470056,0.15652716,0.15835947,0.160194,0.1620274,0.16385631,0.16567732,0.16748708,0.16928217,0.17105922,0.1728149,0.1745458,0.17624854,0.1779197,0.17955595,0.18115394,0.18271022,0.18422142,0.18568417,0.18709512,0.18845086,0.18974802,0.19098327,0.19215313,0.19325426,0.19421889,0.19498783,0.19557065,0.19597712,0.19621673,0.19629915,0.19623408,0.19603096,0.19569954,0.19524948,0.19469033,0.19403176,0.19328333,0.19245471,0.19155551,0.19059539,0.18958393,0.18853073,0.1874455,0.18633781,0.18521725,0.18409352,0.18297619,0.1818749,0.18079928,0.17975894,0.1787635,0.1778226,0.17694588,0.17614295,0.17542338,0.17479688,0.17425556,0.17378299,0.17337573,0.17303044,0.17274372,0.17251222,0.17233256,0.1722013,0.1721151,0.17207062,0.17206444,0.17209315,0.17215343,0.17224184,0.17235506
0.13121739,0.13084126,0.13052489,0.13027783,0.13010944,0.13002916,0.13004649,0.13017082,0.13041161,0.13077831,0.13128036,0.13192718,0.13272822,0.133693,0.13483086,0.1361513,0.13766372,0.13928682,0.14093147,0.1425955,0.14427663,0.14597262,0.14768127,0.14940032,0.15112753,0.15286075,0.15459763,0.15633602,0.15807368,0.15980837,0.16153781,0.16325983,0.1649722,0.16667263,0.16835897,0.17002895,0.17168033,0.17331086,0.17491837,0.17650054,0.17805523,0.17958017,0.18107311,0.18253186,0.18395413,0.18533772,0.18668045,0.18798003,0.18923421,0.19036585,0.19130546,0.19206253,0.19264646,0.19306672,0.19333272,0.19345398,0.19343983,0.19329984,0.19304335,0.19267988,0.19221883,0.1916696,0.19104168,0.19034456,0.18958761,0.18878028,0.18793206,0.18705235,0.18615061,0.18523629,0.18431884,0.18340762,0.18251218,0.18164195,0.18080626,0.1800147,0.17927665,0.17860152,0.17799883,0.17747796,0.17704836,0.176691,0.17637897,0.17611007,0.17588213,0.17569281,0.17553999,0.17542137,0.17533469,0.17527781,0.17524841,0.17524436,0.17526332,0.17530312,0.17536147,0.17543624
0.12828532,0.12791635,0.12760608,0.12736371,0.12719855,0.12711982,0.1271368,0.12725876,0.12749492,0.12785462,0.12834705,0.1289815,0.12976727,0.13071352,0.13182963,0.13312478,0.13460828,0.1361946,0.13779132,0.13939737,0.1410117,0.14263321,0.14426081,0.14589344,0.14753005,0.1491695,0.15081073,0.15245274,0.15409434,0.15573452,0.15737218,0.15900625,0.16063567,0.1622593,0.16387616,0.16548508,0.16708505,0.16867498,0.1702537,0.17182025,0.17337355,0.17491247,0.17643593,0.17794289,0.17943223,0.1809029,0.18235382,0.18378393,0.18519214,0.18649177,0.18760306,0.18853527,0.18929772,0.18989962,0.19035019,0.19065878,0.19083463,0.19088691,0.19082502,0.19065815,0.19039555,0.19004652,0.18962029,0.18912616,0.18857336,0.18797116,0.18732882,0.18665558,0.18596078,0.18525362,0.18454331,0.18383926,0.18315059,0.18248664,0.18185668,0.1812699,0.18073562,0.18026309,0.17986156,0.17954032,0.1793086,0.17913605,0.17898539,0.17885558,0.17874551,0.17865413,0.17858034,0.17852303,0.17848124,0.17845374,0.17843956,0.17843759,0.17844674,0.17846595,0.17849414,0.17853025
0.12534732,0.12498557,0.12468134,0.12444371,0.12428175,0.12420454,0.124221206,0.12434077,0.12457237,0.12492502,0.12540786,0.12602995,0.12680037,0.12772821,0.12882255,0.13009246,0.131547,0.13309653,0.1346453,0.13619335,0.13774088,0.13928786,0.14083438,0.14238049,0.1439264,0.14547206,0.14701758,0.14856307,0.1501086,0.15165421,0.15320002,0.15474607,0.15629245,0.15783927,0.15938659,0.16093448,0.162483,0.16403227,0.1655823,0.16713327,0.16868517,0.17023814,0.17179221,0.1733475,0.17490405,0.17646194,0.17802127,0.1795821,0.18114454,0.18261245,0.18389569,0.18500331,0.18594448,0.18672824,0.18736365,0.1878598,0.1882258,0.1884707,0.18860361,0.1886336,0.18856974,0.1884211,0.18819681,0.18790588,0.18755747,0.18716061,0.18672441,0.18625793,0.18577026,0.18527046,0.18476765,0.18427092,0.18378925,0.18333189,0.18290778,0.18252605,0.18219581,0.18192609,0.18172602,0.18160464,0.18157102,0.18158355,0.18159448,0.18160386,0.18161184,0.18161848,0.18162382,0.18162796,0.181631,0.18163301,0.18163402,0.18163417,0.18163349,0.1816321,0.18163005,0.18162745
0.1224211,0.122066565,0.12176839,0.121535465,0.12137675,0.121301085,0.121317424,0.12143459,0.121661566,0.122007236,0.122480445,0.12309016,0.123845264,0.12475462,0.1258272,0.12707183,0.12849742,0.13001013,0.13151097,0.13300113,0.13448186,0.13595437,0.13741992,0.13887973,0.14033501,0.14178704,0.14323698,0.1446861,0.14613566,0.14758685,0.14904091,0.15049905,0.15196256,0.1534326,0.15491048,0.15639733,0.15789446,0.1594031,0.16092443,0.16245972,0.16401017,0.16557704,0.16716154,0.16876495,0.17038842,0.17203325,0.1737006,0.17539176,0.17710796,0.1787436,0.18019828,0.18148088,0.18260029,0.18356538,0.18438514,0.18506841,0.1856241,0.18606113,0.18638831,0.18661468,0.18674906,0.18680036,0.1867775,0.18668933,0.18654484,0.18635283,0.18612227,0.18586205,0.18558106,0.18528819,0.18499237,0.18470249,0.1844274,0.18417609,0.18395738,0.18378027,0.18365352,0.18358617,0.18358701,0.18366502,0.18382907,0.18402618,0.18419828,0.18434656,0.18447231,0.18457672,0.18466099,0.18472645,0.18477425,0.18480562,0.18482183,0.18482408,0.1848136,0.18479168,0.18475947,0.18471824
0.1195244,0.119177066,0.11888493,0.11865676,0.11850126,0.118427165,0.11844313,0.11855796,0.1187803,0.11911893,0.11958254,0.120179825,0.120919555,0.12181043,0.12286118,0.124080494,0.12547712,0.12695302,0.12840597,0.1298383,0.13125242,0.13265073,0.13403551,0.13540927,0.13677427,0.13813296,0.13948765,0.14084081,0.14219472,0.14355183,0.14491446,0.14628501,0.1476659,0.14905941,0.15046799,0.15189399,0.15333979,0.15480779,0.1563003,0.1578198,0.15936854,0.160949,0.16256355,0.16421448,0.16590425,0.1676352,0.16940972,0.17123017,0.17309895,0.17490108,0.17652597,0.17798223,0.17927866,0.18042395,0.18142675,0.1822959,0.18304007,0.18366796,0.1841883,0.18460985,0.18494126,0.18519127,0.18536866,0.1854821,0.18554029,0.18555199,0.18552586,0.18547076,0.18539521,0.18530808,0.18521804,0.18513384,0.18506417,0.18501769,0.18500324,0.18502946,0.18510512,0.18523885,0.18543951,0.1857157,0.18607616,0.18645675,0.18678904,0.18707535,0.18731813,0.18751973,0.18768248,0.18780881,0.18790111,0.18796167,0.18799298,0.18799734,0.18797715,0.18793476,0.18787257,0.18779299
0.11667483,0.11633472,0.11604871,0.115825295,0.11567302,0.115600444,0.11561609,0.11572852,0.11594624,0.1162778,0.11673176,0.11731664,0.11804098,0.11891328,0.11994216,0.12113609,0.12250364,0.123942696,0.12534782,0.12672251,0.12807031,0.12939472,0.13069922,0.13198732,0.13326254,0.13452844,0.13578847,0.13704617,0.13830501,0.13956854,0.14084028,0.14212373,0.14342235,0.14473972,0.14607935,0.14744468,0.14883925,0.15026663,0.15173024,0.15323369,0.15478039,0.15637392,0.15801775,0.15971541,0.16147043,0.16328627,0.1651665,0.16711456,0.16913402,0.17110068,0.17289373,0.17452171,0.17599316,0.1773166,0.17850058,0.17955364,0.18048434,0.18130118,0.1820127,0.18262751,0.18315403,0.18360089,0.1839766,0.18428966,0.18454865,0.18476215,0.18493861,0.18508664,0.18521471,0.18533143,0.18544528,0.18556483,0.18569861,0.18585515,0.18604301,0.1862707,0.18654679,0.18687981,0.18727827,0.18775074,0.18830574,0.18886802,0.18935888,0.18978189,0.19014056,0.19043835,0.1906788,0.19086543,0.19100176,0.19109127,0.1911375,0.19114394,0.19111411,0.1910515,0.19095965,0.19084205
0.11389012,0.11355727,0.11327735,0.11305871,0.11290969,0.112838656,0.11285399,0.11296402,0.11317708,0.11350156,0.113945834,0.11451823,0.11522711,0.11608079,0.117087714,0.11825617,0.11959454,0.12099671,0.122354165,0.12367146,0.1249533,0.12620425,0.12742896,0.12863211,0.12981826,0.13099205,0.13215818,0.13332117,0.13448572,0.13565645,0.13683796,0.13803491,0.13925193,0.14049363,0.14176466,0.14306962,0.14441317,0.14579995,0.14723451,0.14872155,0.15026572,0.15187158,0.15354377,0.15528698,0.15710582,0.15900484,0.16098876,0.16306216,0.16522974,0.1673581,0.16931663,0.17111357,0.17275734,0.17425625,0.1756187,0.176853,0.17796753,0.17897063,0.17987075,0.1806761,0.1813951,0.18203616,0.18260755,0.18311766,0.18357486,0.1839875,0.18436392,0.1847125,0.18504155,0.1853595,0.18567464,0.18599536,0.18633,0.18668692,0.18707445,0.18750103,0.18797494,0.18850458,0.18909825,0.18976434,0.19051123,0.19125265,0.19189999,0.19245778,0.19293074,0.19332343,0.19364053,0.19388667,0.19406644,0.19418444,0.19424543,0.19425392,0.19421455,0.19413202,0.1940109,0.19385579
0.111187965,0.11086239,0.11058861,0.11037476,0.11022899,0.110159546,0.110174514,0.11028212,0.11049053,0.110807925,0.11124244,0.111802295,0.11249563,0.11333065,0.1143155,0.115458325,0.11676736,0.11813262,0.11944251,0.12070274,0.121919066,0.12309718,0.12424287,0.12536183,0.12645975,0.12754242,0.12861556,0.12968484,0.13075604,0.13183491,0.1329271,0.13403842,0.13517453,0.13634123,0.13754418,0.13878912,0.14008182,0.14142802,0.14283337,0.14430363,0.14584453,0.14746183,0.14916122,0.15094846,0.15282924,0.15480934,0.15689443,0.15909028,0.1614026,0.16368924,0.16580968,0.16777213,0.16958474,0.17125568,0.17279315,0.17420529,0.17550027,0.17668627,0.17777152,0.1787641,0.17967224,0.1805041,0.18126784,0.18197165,0.1826237,0.18323219,0.18380521,0.184351,0.18487774,0.18539359,0.1859067,0.18642528,0.18695743,0.1875114,0.18809535,0.18871744,0.18938585,0.19010873,0.19089426,0.19175066,0.192686,0.19360349,0.19440447,0.19509472,0.19567996,0.19616586,0.19655827,0.1968628,0.19708526,0.19723135,0.19730675,0.19731724,0.19726853,0.19716641,0.19701654,0.19682463
0.10858602,0.10826779,0.108000174,0.10779112,0.107648656,0.107580766,0.1075954,0.107700594,0.10790431,0.10821453,0.108639255,0.10918649,0.109864235,0.11068041,0.11164306,0.11276016,0.1140397,0.11536798,0.11663047,0.11783402,0.11898541,0.12009142,0.12115892,0.12219465,0.12320545,0.124198094,0.1251794,0.12615618,0.1271352,0.12812331,0.1291273,0.13015397,0.1312101,0.13230252,0.13343805,0.13462345,0.13586555,0.13717113,0.13854708,0.14000005,0.14153694,0.14316456,0.14488968,0.14671911,0.14865966,0.15071817,0.15290135,0.15521608,0.15766913,0.16010977,0.16238792,0.16451167,0.16648892,0.16832772,0.170036,0.17162183,0.17309314,0.17445795,0.17572418,0.17689995,0.17799307,0.17901167,0.17996372,0.18085718,0.18170005,0.18250029,0.18326591,0.18400492,0.18472527,0.18543498,0.18614207,0.18685442,0.1875801,0.18832709,0.18910338,0.18991694,0.19077575,0.19168787,0.1926612,0.19370377,0.19482356,0.19591323,0.19686453,0.19768433,0.19837937,0.19895652,0.19942254,0.19978423,0.20004842,0.20022191,0.20031147,0.20032397,0.20026611,0.20014477,0.1999668,0.19973889
0.10610197,0.10579114,0.105529726,0.10532553,0.10518638,0.10512004,0.10513434,0.10523711,0.10543607,0.1057391,0.10615399,0.10668852,0.1073505,0.10814775,0.109088056,0.11017923,0.11142907,0.11272029,0.11393562,0.11508293,0.11617005,0.11720484,0.11819512,0.11914882,0.12007368,0.12097767,0.121868506,0.12275415,0.12364242,0.12454111,0.12545815,0.12640138,0.1273786,0.12839766,0.12946649,0.13059282,0.13178463,0.1330497,0.13439585,0.135831,0.13736294,0.13899955,0.14074866,0.14261821,0.14461592,0.1467497,0.14902738,0.15145685,0.15404594,0.15663551,0.15906642,0.16134644,0.16348344,0.16548514,0.16735938,0.16911404,0.17075679,0.1722955,0.17373796,0.17509201,0.1763654,0.17756596,0.17870153,0.17977986,0.18080874,0.18179603,0.1827495,0.18367691,0.18458615,0.18548504,0.18638125,0.1872827,0.18819714,0.18913239,0.19009626,0.19109654,0.19214106,0.19323756,0.1943939,0.1956179,0.19691733,0.19817463,0.19927232,0.20021823,0.20102027,0.20168619,0.20222391,0.20264126,0.20294611,0.20314626,0.20324963,0.20326404,0.20319729,0.2030573,0.2028519,0.20258895
0.103753515,0.10345012,0.10319497,0.10299567,0.10285985,0.10279511,0.10280907,0.10290935,0.10310358,0.103399344,0.1038043,0.10432603,0.104972176,0.10575031,0.106668115,0.10773316,0.10895307,0.11020716,0.11137555,0.11246714,0.11349076,0.11445528,0.11536955,0.11624249,0.1170829,0.11789969,0.118701704,0.11949779,0.12029684,0.121107705,0.12193927,0.12280038,0.12369988,0.12464669,0.1256496,0.12671757,0.12785937,0.12908393,0.13040005,0.13181666,0.13334256,0.1349867,0.13675787,0.13866498,0.14071684,0.14292239,0.14529042,0.14782985,0.1505495,0.15328227,0.15586016,0.15829079,0.16058181,0.16274078,0.16477536,0.16669318,0.1685018,0.17020886,0.171822,0.1733488,0.17479692,0.17617394,0.17748751,0.17874517,0.17995463,0.18112347,0.1822593,0.18336976,0.18446243,0.18554494,0.18662494,0.18770997,0.18880771,0.18992577,0.19107178,0.19225329,0.193478,0.19475344,0.1960873,0.19748718,0.19896068,0.20038046,0.20161998,0.20268811,0.20359379,0.20434576,0.20495299,0.20542428,0.2057685,0.20599453,0.20611127,0.2061275,0.20605217,0.20589407,0.20566215,0.20536515
0.101558335,0.10126247,0.10101362,0.10081925,0.10068679,0.10062366,0.10063727,0.100735076,0.1009245,0.10121293,0.101607874,0.10211669,0.10274684,0.103505746,0.10440083,0.10543952,0.10662924,0.10784612,0.10896785,0.11000429,0.11096526,0.111860625,0.112700224,0.11349388,0.11425145,0.114982784,0.115697704,0.11640609,0.117117725,0.1178425,0.11859023,0.11937078,0.12019396,0.121069655,0.12200766,0.12301784,0.12411006,0.12529412,0.1265799,0.12797718,0.12949587,0.13114582,0.13293679,0.13487871,0.13698135,0.1392546,0.14170831,0.14435229,0.14719637,0.1500658,0.15278421,0.155359,0.15779762,0.16010748,0.16229598,0.16437061,0.16633879,0.1682079,0.16998544,0.17167875,0.17329532,0.17484257,0.17632791,0.1777588,0.17914261,0.1804868,0.18179883,0.1830861,0.18435602,0.18561606,0.18687361,0.18813609,0.18941098,0.19070566,0.19202758,0.1933842,0.19478285,0.19623104,0.19773622,0.19930576,0.20094708,0.20252346,0.2038997,0.20508565,0.20609118,0.20692614,0.2076003,0.20812353,0.20850578,0.20875672,0.20888633,0.20890439,0.20882072,0.20864518,0.20838766,0.20805794
0.099534154,0.099245846,0.099003375,0.098813996,0.09868492,0.0986234,0.098636664,0.098731965,0.09891652,0.09919759,0.099582404,0.100078195,0.1006922,0.10143165,0.1023038,0.10331588,0.10447514,0.105654694,0.10673006,0.107712,0.10861131,0.10943876,0.11020513,0.11092119,0.11159774,0.11224553,0.11287537,0.113498025,0.114124276,0.11476488,0.11543064,0.11613235,0.11688074,0.11768664,0.11856078,0.119513996,0.12055702,0.121700644,0.12295565,0.124332815,0.12584293,0.12749675,0.12930508,0.13127868,0.13342832,0.13576482,0.1382989,0.1410414,0.14400306,0.1470019,0.14985357,0.15256532,0.15514436,0.15759797,0.15993334,0.16215774,0.16427839,0.16630255,0.16823743,0.17009029,0.17186835,0.17357887,0.17522909,0.17682621,0.1783775,0.17989016,0.18137148,0.1828287,0.184269,0.18569964,0.18712789,0.18856095,0.19000609,0.19147052,0.1929615,0.19448623,0.19605199,0.19766602,0.19933552,0.20106775,0.20286994,0.20459636,0.20610361,0.20740244,0.20850366,0.20941809,0.21015646,0.21072951,0.21114808,0.21142294,0.21156488,0.21158461,0.21149302,0.21130079,0.21101876,0.21065766
0.097720236,0.097439095,0.09720263,0.09701794,0.09689207,0.096832074,0.096845016,0.09693795,0.09711793,0.09739202,0.0977673,0.098250784,0.09884957,0.09957069,0.10042121,0.1014082,0.1025387,0.103683196,0.10471518,0.105646305,0.10648823,0.10725255,0.10795095,0.10859502,0.10919643,0.1097668,0.110317774,0.110861,0.11140809,0.1119707,0.11256048,0.11318905,0.11386803,0.11460907,0.11542384,0.11632394,0.117321,0.11842671,0.11965267,0.1210105,0.12251188,0.12416842,0.12599173,0.12799355,0.13018541,0.13257897,0.13518593,0.13801785,0.14108641,0.14420304,0.14717616,0.15001284,0.15272006,0.15530497,0.15777458,0.16013598,0.16239621,0.16456233,0.16664143,0.1686405,0.17056665,0.17242686,0.17422833,0.17597799,0.17768298,0.1793503,0.18098705,0.18260029,0.18419704,0.18578434,0.18736938,0.18895902,0.1905605,0.19218077,0.19382691,0.19550605,0.19722514,0.19899127,0.20081152,0.20269296,0.20464264,0.20650654,0.20813389,0.20953622,0.21072517,0.2117124,0.21250956,0.21312828,0.21358024,0.21387693,0.21403022,0.21405156,0.21395262,0.21374507,0.21344057,0.21305072
0.0961366,0.09586169,0.09563049,0.095449895,0.09532682,0.09526815,0.095280826,0.095371686,0.09554768,0.09581567,0.09618262,0.096655376,0.097240865,0.097945966,0.098777615,0.099742696,0.10084809,0.10196196,0.10295611,0.10384288,0.10463469,0.105343916,0.105982944,0.10656416,0.10709997,0.107602745,0.10808488,0.108558744,0.109036736,0.109531246,0.110054664,0.11061938,0.11123777,0.11192223,0.11268513,0.11353887,0.11449584,0.11556842,0.11676901,0.11810997,0.11960372,0.12126262,0.12309907,0.12512545,0.12735417,0.12979761,0.13246812,0.13537812,0.13854001,0.1417595,0.14483863,0.14778431,0.15060353,0.15330309,0.15588991,0.15837093,0.16075301,0.16304305,0.16524799,0.16737473,0.16943014,0.17142113,0.1733546,0.17523749,0.17707661,0.17887901,0.18065143,0.1824009,0.1841342,0.18585831,0.18758018,0.18930659,0.19104454,0.19280083,0.1945825,0.19639634,0.19824931,0.20014828,0.20210017,0.20411187,0.2061903,0.2081743,0.20990641,0.21139903,0.21266462,0.21371546,0.214564,0.21522255,0.21570362,0.21601947,0.21618256,0.21620525,0.21609998,0.2158791,0.21555495,0.21514
0.09477192,0.094502404,0.09427572,0.09409865,0.09397798,0.09392047,0.09393288,0.094021976,0.09419452,0.09445728,0.094817035,0.09528056,0.095854566,0.096545875,0.09736127,0.09830747,0.09939123,0.10047873,0.10144023,0.10228876,0.103037395,0.10369916,0.10428703,0.10481409,0.10529336,0.105737895,0.106160685,0.10657481,0.10699324,0.10742907,0.10789534,0.10840502,0.10897118,0.10960686,0.11032508,0.11113886,0.11206126,0.11310533,0.11428402,0.11561045,0.11709764,0.118758574,0.120606326,0.12265393,0.124914415,0.12740076,0.13012609,0.13310337,0.13634568,0.1396538,0.14282428,0.145864,0.14877965,0.15157798,0.15426578,0.15684988,0.15933695,0.16173384,0.16404723,0.16628397,0.16845076,0.17055443,0.17260167,0.17459936,0.17655414,0.17847283,0.18036222,0.182229,0.18408002,0.18592206,0.18776181,0.18960609,0.19146161,0.19333522,0.19523361,0.19716358,0.19913192,0.20114534,0.20321062,0.2053346,0.20752396,0.20961143,0.21143386,0.2130044,0.21433593,0.2154416,0.21633434,0.21702728,0.2175334,0.21786572,0.21803732,0.21806122,0.21795042,0.21771803,0.217377,0.2169404
0.09361489,0.0933499,0.09312706,0.09295299,0.092834376,0.092777826,0.09279002,0.09287762,0.09304724,0.09330556,0.093659215,0.0941149,0.09467921,0.095358826,0.096160404,0.09709058,0.09815603,0.09922113,0.10015499,0.10097112,0.10168314,0.102304615,0.10284914,0.10333028,0.103761636,0.10415676,0.10452926,0.1048927,0.10526068,0.105646744,0.106064506,0.10652755,0.107049435,0.10764375,0.10832407,0.10910399,0.10999709,0.111016944,0.11217714,0.11349124,0.11497284,0.116635494,0.118492834,0.12055842,0.1228458,0.12536862,0.12814039,0.13117474,0.13448521,0.13786845,0.14111643,0.14423579,0.1472332,0.15011533,0.15288882,0.15556027,0.15813637,0.1606238,0.16302918,0.16535918,0.1676204,0.16981956,0.17196332,0.17405827,0.17611112,0.17812844,0.18011697,0.18208334,0.18403417,0.18597607,0.18791585,0.18986002,0.19181526,0.19378825,0.19578567,0.19781409,0.1998802,0.20199071,0.20415215,0.20637128,0.2086547,0.21082991,0.21272898,0.21436545,0.21575296,0.21690507,0.21783537,0.21855737,0.21908478,0.21943112,0.21960992,0.21963483,0.21951938,0.2192772,0.21892184,0.21846685
0.09265413,0.092392944,0.092173286,0.0920017,0.09188477,0.09182904,0.091841064,0.091927394,0.092094585,0.092349224,0.09269784,0.09314701,0.09370325,0.09437317,0.09516327,0.09608016,0.09713037,0.09817691,0.0990878,0.099877015,0.10055863,0.10114667,0.101655185,0.10209822,0.10248975,0.10284387,0.10317462,0.103495985,0.10382203,0.10416678,0.1045443,0.10496861,0.10545374,0.1060137,0.10666257,0.107414365,0.108283125,0.109282896,0.11042769,0.11173156,0.11320852,0.11487264,0.116737925,0.11881843,0.12112819,0.12368123,0.12649155,0.12957329,0.13294038,0.136386,0.13969833,0.14288385,0.14594914,0.14890084,0.15174541,0.15448943,0.15713947,0.15970209,0.16218384,0.16459125,0.16693094,0.16920947,0.17143328,0.17360903,0.17574324,0.17784251,0.17991339,0.18196234,0.183996,0.18602099,0.18804373,0.19007087,0.1921089,0.19416445,0.19624402,0.19835421,0.20050158,0.20269261,0.20493393,0.20723213,0.20959362,0.21184167,0.21380432,0.21549563,0.21692958,0.21812028,0.21908173,0.21982795,0.220373,0.22073093,0.2209157,0.22094142,0.22082214,0.22057186,0.22020459,0.2197344
0.09187836,0.09162023,0.09140314,0.091233574,0.09111802,0.09106292,0.09107481,0.091160126,0.09132538,0.09157703,0.091921546,0.09236544,0.09291519,0.09357726,0.09435814,0.09526428,0.096302204,0.09733375,0.09822608,0.098993555,0.09965064,0.10021169,0.10069113,0.10110336,0.101462774,0.101783775,0.10208077,0.10236817,0.10266039,0.102971785,0.10331679,0.1037098,0.104165256,0.1046975,0.10532096,0.10605005,0.10689916,0.10788269,0.10901507,0.11031065,0.11178389,0.11344917,0.115320876,0.11741344,0.11974124,0.12231867,0.1251602,0.12828015,0.13169298,0.13518895,0.13855323,0.14179218,0.14491235,0.14792016,0.15082213,0.15362477,0.1563345,0.15895784,0.16150124,0.16397122,0.16637425,0.16871677,0.17100526,0.17324625,0.17544624,0.1776116,0.17974892,0.18186463,0.18396524,0.1860572,0.188147,0.19024108,0.19234602,0.1944682,0.19661416,0.19879037,0.20100328,0.2032594,0.20556518,0.20792715,0.21035178,0.21265863,0.21467265,0.21640816,0.21787967,0.21910152,0.22008808,0.22085385,0.22141317,0.22178045,0.22197007,0.2219965,0.22187404,0.2216172,0.22124033,0.22075783
0.09127624,0.09102048,0.0908054,0.09063738,0.09052288,0.09046828,0.09048006,0.09056461,0.09072835,0.09097767,0.091319054,0.09175885,0.09230354,0.09295951,0.09373321,0.094631016,0.09565942,0.09667931,0.09755725,0.09830787,0.0989459,0.099486,0.099942885,0.10033118,0.10066567,0.10096097,0.10123179,0.10149282,0.10175876,0.10204426,0.10236405,0.10273281,0.10316517,0.10367591,0.10427966,0.10499114,0.10582498,0.10679592,0.10791864,0.10920783,0.11067817,0.11234435,0.11422106,0.11632294,0.11866478,0.12126118,0.12412686,0.1272765,0.1307248,0.1342599,0.13766448,0.1409449,0.1441076,0.14715901,0.15010558,0.15295367,0.15570974,0.1583802,0.16097146,0.16348997,0.16594212,0.16833436,0.17067306,0.17296472,0.17521568,0.17743243,0.17962131,0.18178883,0.18394136,0.18608533,0.18822713,0.19037326,0.19253005,0.19470397,0.19690146,0.19912887,0.20139267,0.2036993,0.20605518,0.20846662,0.21094021,0.21329269,0.21534656,0.21711649,0.21861705,0.2198631,0.2208692,0.22165011,0.2222205,0.22259505,0.22278842,0.22281533,0.22269052,0.22242856,0.22204424,0.22155222
0.09083646,0.09058242,0.09036879,0.09020191,0.0900882,0.09003398,0.09004568,0.090129636,0.09029227,0.09053992,0.09087897,0.09131579,0.09185679,0.092508316,0.09327677,0.0941685,0.095189914,0.096201316,0.09706874,0.09780703,0.09843114,0.09895593,0.09939633,0.09976719,0.100083455,0.100359984,0.100611694,0.10085346,0.1011002,0.10136681,0.101668164,0.10201917,0.10243474,0.10292975,0.1035191,0.10421767,0.10504041,0.10600214,0.10711782,0.10840233,0.10987054,0.111537375,0.113417715,0.11552647,0.11787852,0.120488755,0.12337211,0.12654343,0.13001765,0.1335813,0.13701533,0.14032604,0.1435198,0.14660306,0.14958218,0.15246348,0.15525337,0.15795827,0.1605845,0.16313846,0.16562651,0.16805503,0.17043044,0.17275906,0.17504728,0.17730153,0.17952807,0.18173344,0.18392389,0.18610585,0.1882857,0.19046979,0.19266449,0.19487618,0.19711128,0.19937614,0.20167711,0.20402063,0.20641303,0.20886071,0.21137002,0.21375588,0.21583885,0.21763381,0.21915567,0.2204194,0.22143973,0.22223172,0.22281018,0.22319002,0.22338617,0.22341351,0.22328685,0.22302121,0.22263142,0.22213241
0.09054766,0.09029477,0.090082094,0.089915976,0.08980275,0.08974879,0.08976043,0.08984402,0.09000591,0.090252444,0.09058997,0.09102485,0.09156343,0.092212036,0.09297705,0.093864776,0.09488161,0.095887445,0.09674794,0.09747817,0.09809314,0.09860787,0.09903744,0.099396855,0.09970116,0.09996533,0.10020449,0.10043361,0.10066776,0.100921944,0.10121119,0.101550564,0.10195507,0.10243977,0.10301966,0.10370977,0.104525186,0.10548092,0.106591955,0.10787339,0.109340206,0.11100747,0.1128902,0.11500344,0.117362194,0.11998154,0.12287647,0.12606205,0.12955327,0.13313569,0.13658907,0.13991965,0.14313385,0.14623801,0.14923848,0.1521416,0.15495373,0.15768123,0.16033041,0.16290765,0.16541927,0.16787164,0.1702711,0.17262404,0.17493673,0.17721555,0.17946693,0.18169707,0.18391247,0.18611936,0.18832412,0.19053316,0.19275272,0.19498925,0.19724904,0.1995385,0.20186391,0.20423163,0.206648,0.20911941,0.21165223,0.21405996,0.21616206,0.2179735,0.21950936,0.22078466,0.22181441,0.22261363,0.2231974,0.22358078,0.22377868,0.22380625,0.22367845,0.22341037,0.223017,0.2225134
0.09039853,0.09014624,0.08993405,0.08976832,0.08965536,0.08960152,0.08961315,0.089696534,0.089858055,0.09010401,0.090440765,0.090874635,0.09141194,0.09205906,0.0928223,0.093707964,0.094722435,0.09572537,0.0965823,0.09730833,0.0979186,0.09842816,0.09885214,0.09920562,0.09950373,0.09976158,0.099994235,0.100216836,0.10044447,0.100692235,0.10097524,0.10130861,0.10170742,0.10218678,0.10276178,0.10344754,0.104259185,0.10521177,0.106320426,0.10760026,0.10906638,0.11073385,0.11261783,0.11473337,0.11709561,0.11971964,0.1226206,0.1258135,0.12931353,0.13290562,0.13636893,0.1397098,0.14293456,0.14604951,0.14906101,0.1519754,0.154799,0.15753816,0.16019918,0.16278845,0.16531225,0.16777696,0.17018886,0.17255428,0.17487963,0.17717117,0.17943528,0.18167831,0.18390653,0.18612629,0.18834399,0.1905659,0.19279829,0.19504765,0.19732021,0.19962233,0.20196034,0.20434056,0.20676938,0.20925307,0.21179797,0.21421704,0.216329,0.21814892,0.21969198,0.22097325,0.22200784,0.22281083,0.22339733,0.22378251,0.22398132,0.22400902,0.22388065,0.22361133,0.22321612,0.22271012
0.09037777,0.09012555,0.08991344,0.08974778,0.08963484,0.08958103,0.089592636,0.08967601,0.08983748,0.09008334,0.090419985,0.09085372,0.09139085,0.09203774,0.09280072,0.093686126,0.094700254,0.09570281,0.096559234,0.0972847,0.0978943,0.09840315,0.09882634,0.099179,0.099476255,0.09973321,0.09996498,0.10018667,0.10041339,0.10066027,0.1009424,0.10127492,0.10167294,0.10215153,0.102725886,0.10341104,0.104222134,0.105174296,0.106282644,0.107562214,0.109028235,0.11069575,0.112579904,0.11469579,0.117058486,0.119683184,0.12258496,0.12577888,0.12928014,0.1328736,0.1363383,0.1396806,0.1429068,0.14602329,0.1490363,0.15195227,0.15477748,0.15751824,0.16018094,0.16277188,0.16529733,0.16776377,0.17017739,0.17254458,0.17487168,0.17716502,0.1794309,0.18167569,0.18390574,0.18612728,0.18834673,0.19057043,0.19280468,0.19505577,0.19733013,0.19963402,0.20197378,0.20435575,0.20678626,0.20927167,0.21181826,0.21423891,0.21635221,0.21817334,0.21971743,0.22099951,0.2220348,0.22283828,0.22342522,0.2238106,0.22400954,0.22403732,0.22390881,0.22363932,0.22324385,0.22273752
0.09047405,0.09022145,0.09000901,0.08984308,0.08973,0.08967609,0.08968773,0.08977121,0.089932926,0.09017918,0.09051633,0.090950675,0.09148865,0.09213651,0.09290064,0.09378736,0.09480303,0.095807426,0.09666617,0.09739433,0.09800698,0.09851915,0.09894596,0.09930245,0.099603705,0.09986476,0.10010071,0.100326605,0.100557536,0.10080855,0.10109472,0.101431124,0.10183281,0.102314875,0.10289234,0.10358034,0.10439388,0.105348036,0.10645793,0.107738554,0.109205015,0.110872395,0.11275573,0.11487013,0.117230594,0.11985227,0.122750156,0.12593934,0.12943493,0.13302211,0.1364804,0.13981605,0.14303544,0.14614497,0.14915086,0.15205957,0.15487736,0.15761058,0.16026561,0.16284879,0.16536643,0.16782488,0.17023052,0.17258959,0.17490852,0.17719366,0.1794513,0.18168783,0.18390955,0.18612278,0.18833391,0.1905493,0.19277525,0.1950181,0.19728416,0.19957986,0.20191151,0.2042854,0.20670792,0.20918542,0.21172419,0.2141375,0.21624446,0.2180601,0.21959952,0.22087772,0.22190991,0.22271097,0.22329612,0.22368035,0.2238787,0.22390635,0.22377828,0.2235096,0.22311531,0.22261056
0.09067601,0.090422615,0.090209514,0.09004306,0.08992961,0.08987555,0.089887194,0.08997097,0.09013319,0.09038021,0.09071842,0.09115416,0.0916938,0.09234373,0.09311026,0.093999766,0.09501864,0.09602693,0.09689051,0.09762432,0.09824335,0.09876256,0.09919695,0.09956146,0.09987106,0.10014074,0.10038549,0.100620225,0.10085997,0.10111967,0.1014143,0.10175883,0.10216827,0.10265752,0.10324162,0.103935525,0.10475417,0.10571257,0.10682568,0.10810846,0.109575905,0.111242995,0.113124646,0.11523591,0.11759167,0.120206945,0.12309676,0.126276,0.12975965,0.13333374,0.13677852,0.14010024,0.14330539,0.14640027,0.14939125,0.15228467,0.1550869,0.15780434,0.16044335,0.16301022,0.16551137,0.16795315,0.17034194,0.17268404,0.17498587,0.17725377,0.1794941,0.18171327,0.18391757,0.18611337,0.18830703,0.19050498,0.1927135,0.194939,0.19718784,0.19946636,0.20178086,0.20413785,0.2065436,0.20900443,0.2115268,0.21392483,0.21601842,0.21782254,0.21935219,0.22062233,0.22164789,0.22244391,0.22302529,0.22340709,0.22360426,0.22363168,0.22350441,0.22323744,0.22284564,0.22234407
0.090972334,0.090717785,0.0905037,0.09033647,0.09022252,0.0901682,0.090179905,0.090264045,0.090427026,0.09067518,0.09101495,0.0914527,0.091994844,0.092647746,0.09341782,0.09431143,0.09533499,0.09634903,0.097219676,0.09796182,0.09859021,0.09911973,0.09956522,0.099941485,0.100263365,0.10054568,0.10080331,0.10105104,0.101303704,0.10157615,0.10188319,0.10223968,0.102660455,0.103160314,0.10375411,0.10445667,0.10528284,0.10624744,0.10736528,0.10865123,0.11012012,0.11178674,0.11366596,0.11577258,0.11812146,0.12072746,0.12360531,0.12676996,0.13023616,0.13379101,0.1372159,0.14051728,0.14370143,0.14677486,0.1497439,0.15261497,0.1553944,0.15808865,0.16070409,0.16324706,0.16572404,0.16814135,0.17050542,0.17282261,0.17509934,0.17734198,0.17955694,0.18175055,0.1839293,0.18609951,0.18826762,0.19043992,0.19262291,0.19482298,0.19704644,0.19929974,0.20158924,0.20392135,0.20630246,0.20873892,0.2112372,0.21361274,0.21568672,0.21747394,0.21898924,0.2202475,0.22126344,0.222052,0.22262795,0.22300617,0.22320148,0.22322868,0.22310261,0.22283807,0.22244999,0.22195311
0.09135173,0.09109568,0.090880334,0.09071214,0.090597495,0.09054285,0.09055465,0.090639286,0.090803206,0.09105282,0.091394596,0.09183492,0.09238023,0.09303699,0.09381158,0.09471044,0.09574001,0.09676139,0.0976411,0.09839385,0.09903426,0.099577,0.10003669,0.100428015,0.10076562,0.101064146,0.10133825,0.101602584,0.1018718,0.10216057,0.10248351,0.1028553,0.10329057,0.10380401,0.10441022,0.10512391,0.10595967,0.106932186,0.10805612,0.10934612,0.11081683,0.11248288,0.11435896,0.11645971,0.11879974,0.12139379,0.12425641,0.12740234,0.13084622,0.1343764,0.13777591,0.14105114,0.14420849,0.14725447,0.15019543,0.15303782,0.15578808,0.1584526,0.16103788,0.1635503,0.1659963,0.1683823,0.17071472,0.173,0.17524458,0.17745487,0.17963734,0.18179832,0.18394436,0.1860818,0.18821709,0.19035667,0.19250698,0.19467443,0.19686542,0.19908644,0.20134388,0.20364417,0.20599373,0.20839901,0.21086642,0.21321322,0.21526209,0.21702766,0.2185246,0.21976763,0.22077127,0.22155029,0.22211929,0.22249289,0.22268583,0.22271268,0.22258814,0.22232684,0.22194344,0.22145258
