0.109667346,0.109195285,0.108798236,0.10848812,0.10827676,0.10817603,0.10819777,0.10835381,0.108656034,0.10911626,0.10974636,0.110558204,0.11156362,0.11277445,0.11420256,0.115859814,0.11775804,0.11977348,0.12177537,0.123765126,0.12574415,0.12771383,0.12967558,0.13163082,0.13358091,0.13552727,0.13747126,0.13941434,0.14135791,0.14330332,0.14525202,0.14720538,0.14916478,0.15113169,0.15310742,0.15509346,0.15709114,0.15910193,0.16112718,0.16316825,0.16522667,0.1673037,0.16940083,0.17151943,0.17366089,0.17582664,0.17801802,0.1802365,0.18248348,0.18462068,0.18651693,0.18818405,0.18963385,0.19087823,0.19192907,0.19279818,0.19349742,0.19403861,0.19443363,0.19469436,0.19483264,0.19486028,0.19478914,0.1946311,0.194398,0.1941017,0.19375403,0.19336686,0.19295205,0.19252141,0.19208686,0.19166017,0.19125324,0.19087794,0.1905461,0.19026954,0.19006012,0.18992977,0.18989024,0.18995342,0.19013119,0.1903555,0.19055128,0.19072004,0.19086309,0.19098188,0.1910778,0.19115227,0.19120663,0.19124235,0.19126078,0.19126335,0.19125146,0.19122648,0.19118986,0.19114292
0.10933291,0.10885534,0.1084537,0.108139984,0.107926175,0.10782426,0.10784624,0.1080041,0.108309835,0.10877539,0.10941283,0.110234104,0.11125118,0.112476066,0.11392076,0.11559726,0.11751754,0.11955676,0.12158302,0.123597644,0.12560196,0.12759738,0.12958513,0.13156667,0.13354328,0.13551629,0.13748708,0.13945697,0.14142731,0.14339945,0.1453747,0.14735444,0.14934,0.1513327,0.15333389,0.15534493,0.15736717,0.15940192,0.16145054,0.16351438,0.16559476,0.16769302,0.1698105,0.1719486,0.17410858,0.17629185,0.17849971,0.18073353,0.18299459,0.18514389,0.1870494,0.18872313,0.19017701,0.19142313,0.1924734,0.19333987,0.19403447,0.1945692,0.1949561,0.19520709,0.19533418,0.19534941,0.19526468,0.1950921,0.19484355,0.19453104,0.19416662,0.19376218,0.1933298,0.19288142,0.19242905,0.1919847,0.1915603,0.19116789,0.19081941,0.19052692,0.19030233,0.19015768,0.19010498,0.19015616,0.19032322,0.19053814,0.1907258,0.1908875,0.19102457,0.19113845,0.19123033,0.19130169,0.19135378,0.19138803,0.19140568,0.19140816,0.19139673,0.19137278,0.19133767,0.19129276
0.10905164,0.10856947,0.10816393,0.10784718,0.1076313,0.10752842,0.10755063,0.10771002,0.1080187,0.10848875,0.109132335,0.10996152,0.11098843,0.112225145,0.11368378,0.115376465,0.117315285,0.11937452,0.12142124,0.123456776,0.12548238,0.1274994,0.12950906,0.13151273,0.13351162,0.1355071,0.13750038,0.13949281,0.14148569,0.14348029,0.1454779,0.14747979,0.14948735,0.15150176,0.15352434,0.15555644,0.1575993,0.15965421,0.16172251,0.16380543,0.16590434,0.16802043,0.17015508,0.17230953,0.17448512,0.17668313,0.1789048,0.18115146,0.18342446,0.1855839,0.1874972,0.18917648,0.19063385,0.1918814,0.1929312,0.19379541,0.19448611,0.19501545,0.19539542,0.19563827,0.195756,0.19576077,0.19566466,0.19547974,0.19521824,0.19489212,0.19451357,0.19409466,0.19364749,0.1931842,0.19271687,0.19225761,0.19181852,0.19141172,0.19104928,0.19074336,0.190506,0.19034939,0.19028555,0.19032659,0.1904847,0.19069178,0.19087256,0.19102831,0.1911604,0.19127008,0.19135863,0.19142735,0.19147757,0.19151054,0.19152753,0.19152993,0.19151893,0.19149587,0.19146205,0.19141872
0.108831935,0.10834615,0.1079376,0.10761851,0.10740101,0.10729736,0.1073197,0.10748027,0.10779128,0.108264856,0.108913235,0.1097486,0.11078318,0.11202916,0.113498695,0.11520401,0.11715729,0.119232155,0.12129489,0.123346746,0.125389,0.12742288,0.12944965,0.13147059,0.13348691,0.13549986,0.13751075,0.13952082,0.1415313,0.14354344,0.14555849,0.14757775,0.14960241,0.1516338,0.15367311,0.15572163,0.15778063,0.1598513,0.16193493,0.16403279,0.1661461,0.16827616,0.17042418,0.17259146,0.17477922,0.17698872,0.17922121,0.18147796,0.18376021,0.18592755,0.18784699,0.1895306,0.19099066,0.19223931,0.19328877,0.19415124,0.1948389,0.19536397,0.19573861,0.19597508,0.1960855,0.19608207,0.19597705,0.1957826,0.19551091,0.19517414,0.19478455,0.19435433,0.19389565,0.1934207,0.19294167,0.19247076,0.19202021,0.19160217,0.19122882,0.19091241,0.19066511,0.19049911,0.1904266,0.19045977,0.19061086,0.19081174,0.19098718,0.19113834,0.19126649,0.1913729,0.1914588,0.19152553,0.19157423,0.19160622,0.19162272,0.19162504,0.19161437,0.191592,0.19155917,0.19151716
0.10868219,0.10819397,0.10778334,0.10746264,0.10724406,0.10713984,0.10716234,0.10732372,0.10763628,0.10811224,0.108763926,0.10960351,0.11064333,0.11189556,0.11337255,0.11508646,0.117049634,0.119135134,0.12120877,0.12327176,0.12532535,0.12737073,0.1294092,0.13144185,0.13347006,0.13549498,0.13751785,0.13953988,0.14156236,0.14358646,0.14561343,0.14764446,0.14968087,0.1517238,0.1537745,0.15583424,0.15790418,0.15998559,0.16207969,0.16418773,0.1663109,0.16845047,0.17060764,0.17278363,0.17497967,0.177197,0.17943686,0.18170047,0.18398905,0.18616183,0.18808536,0.18977195,0.19123384,0.19248325,0.1935325,0.19439375,0.19507934,0.19560154,0.19597253,0.19620459,0.19631003,0.1963011,0.19618995,0.19598897,0.19571035,0.19536638,0.19496927,0.19453134,0.19406475,0.19358185,0.19309485,0.19261603,0.19215766,0.19173196,0.19135123,0.19102766,0.19077355,0.19060116,0.19052275,0.19055055,0.19069684,0.19089358,0.1910653,0.19121331,0.19133879,0.19144298,0.19152713,0.19159241,0.19164011,0.19167143,0.1916876,0.19168983,0.19167943,0.19165751,0.19162539,0.19158423
0.10861082,0.108121425,0.10770983,0.10738836,0.10716924,0.1070648,0.10708733,0.107249096,0.10756239,0.108039506,0.108692765,0.109534375,0.11057664,0.111831896,0.1133124,0.11503042,0.11699831,0.119088866,0.12116773,0.12323604,0.12529501,0.12734589,0.12938985,0.13142817,0.13346201,0.13549265,0.13752122,0.139549,0.14157717,0.14360696,0.14563961,0.14767627,0.14971825,0.15176669,0.15382281,0.15588789,0.15796308,0.16004963,0.16214873,0.1642616,0.16638942,0.16853353,0.17069507,0.17287521,0.17507517,0.17729628,0.17953964,0.18180652,0.18409811,0.18627347,0.188199,0.189887,0.19134973,0.19259952,0.19364864,0.19450933,0.19519392,0.19571474,0.19608401,0.19631402,0.19641708,0.19640546,0.19629145,0.19608733,0.19580543,0.195458,0.19505733,0.19461569,0.19414537,0.19365871,0.1931679,0.19268529,0.19222318,0.19179381,0.19140953,0.1910826,0.19082521,0.1906498,0.19056854,0.19059378,0.1907378,0.19093254,0.19110253,0.19124903,0.19137324,0.19147639,0.19155967,0.19162428,0.19167149,0.1917025,0.1917185,0.19172077,0.19171041,0.19168873,0.19165692,0.19161618
0.10862623,0.10813707,0.107725695,0.10740436,0.10718538,0.10708101,0.107103504,0.1072652,0.10757832,0.10805519,0.10870808,0.10954929,0.11059102,0.11184562,0.113325365,0.11504253,0.11700937,0.11909887,0.12117656,0.12324374,0.12530155,0.12735125,0.12939402,0.13143113,0.13346376,0.13549314,0.13752049,0.13954705,0.14157398,0.14360254,0.14563395,0.14766943,0.14971018,0.15175743,0.15381241,0.15587631,0.15795037,0.16003582,0.16213383,0.16424567,0.16637252,0.16851561,0.17067617,0.17285545,0.17505461,0.17727485,0.17951748,0.18178366,0.1840746,0.1862494,0.18817447,0.18986219,0.19132476,0.19257447,0.19362357,0.1944844,0.19516923,0.19569033,0.19605996,0.19629043,0.19639398,0.19638294,0.19626956,0.19606614,0.19578491,0.1954382,0.19503833,0.19459747,0.19412798,0.19364211,0.19315213,0.19267038,0.19220906,0.19178048,0.19139695,0.19107074,0.1908141,0.19063932,0.19055869,0.19058448,0.19072896,0.19092415,0.1910945,0.19124135,0.19136584,0.19146919,0.19155265,0.1916174,0.19166474,0.19169582,0.19171184,0.19171408,0.19170374,0.19168198,0.19165011,0.1916093
0.10873676,0.10824945,0.10783959,0.10751945,0.10730127,0.107197255,0.1072197,0.10738079,0.10769278,0.10816788,0.10881834,0.10965639,0.1106943,0.111944266,0.11341852,0.115129285,0.11708887,0.11917049,0.121240176,0.12329911,0.12534857,0.12738974,0.12942393,0.13145234,0.1334762,0.13549677,0.13751526,0.13953294,0.14155103,0.14357077,0.14559339,0.14762014,0.14965226,0.15169099,0.15373756,0.15579318,0.15785913,0.15993665,0.16202696,0.16413125,0.16625084,0.16838694,0.17054076,0.1727136,0.17490661,0.1771211,0.17935826,0.18161936,0.18390565,0.18607646,0.18799847,0.189684,0.19114523,0.19239433,0.19344364,0.19430536,0.1949917,0.19551495,0.19588728,0.19612096,0.19622819,0.19622125,0.19611236,0.19591373,0.19563764,0.19529632,0.19490196,0.19446681,0.1940031,0.1935231,0.19303904,0.1925631,0.19210759,0.19168466,0.19130658,0.19098566,0.19073403,0.19056395,0.19048767,0.19051746,0.19066548,0.19086376,0.1910368,0.19118597,0.19131243,0.19141744,0.19150223,0.19156803,0.19161609,0.19164766,0.19166395,0.1916662,0.19165571,0.19163364,0.19160125,0.19155976
0.10895087,0.108467035,0.108060144,0.1077423,0.10752571,0.10742245,0.107444726,0.10760465,0.10791439,0.10838607,0.10903183,0.10986387,0.11089431,0.11213527,0.113598906,0.11529738,0.117242835,0.1193092,0.1213633,0.12340631,0.12543955,0.12746432,0.12948182,0.1314934,0.13350026,0.1355038,0.13750514,0.13950564,0.14150661,0.14350924,0.14551486,0.14752474,0.14954013,0.15156232,0.15359259,0.1556322,0.15768243,0.15974459,0.1618199,0.16390967,0.16601521,0.16813771,0.17027849,0.17243883,0.17461999,0.17682327,0.17904991,0.18130122,0.18357843,0.1857415,0.18765762,0.18933888,0.19079748,0.19204552,0.1930952,0.19395858,0.19464792,0.19517526,0.19555283,0.19579273,0.1959071,0.19590813,0.19580792,0.19561864,0.19535246,0.19502147,0.19463786,0.19421373,0.1937613,0.19329263,0.19281997,0.19235535,0.19191101,0.19149905,0.1911316,0.19082089,0.19057897,0.19041806,0.19035022,0.1903877,0.19054255,0.19074678,0.1909251,0.19107875,0.19120906,0.19131723,0.19140458,0.19147237,0.1915219,0.19155438,0.19157119,0.19157353,0.1915627,0.19153997,0.1915066,0.19146386
0.10927691,0.10879846,0.108396046,0.10808171,0.107867494,0.10776538,0.1077874,0.107945584,0.108251885,0.10871838,0.10935702,0.11017984,0.11119888,0.11242614,0.11387362,0.115553334,0.1174773,0.11952049,0.12155084,0.12356961,0.12557818,0.12757787,0.12957,0.13155593,0.13353698,0.13551447,0.13748974,0.1394641,0.14143892,0.14341554,0.14539525,0.14737938,0.1493693,0.15136635,0.15337181,0.15538704,0.15741336,0.15945213,0.16150464,0.16357228,0.16565634,0.16775817,0.16987911,0.17202044,0.17418352,0.1763697,0.17858033,0.18081671,0.18308014,0.18523145,0.18713853,0.18881331,0.19026794,0.19151436,0.19256453,0.19343051,0.19412433,0.194658,0.1950435,0.19529288,0.19541813,0.19543128,0.1953443,0.19516924,0.19491808,0.19460294,0.19423565,0.19382836,0.19339304,0.19294168,0.1924863,0.19203898,0.19161166,0.1912164,0.19086517,0.19056997,0.19034287,0.19019581,0.19014087,0.19019008,0.19035535,0.1905687,0.190755,0.19091551,0.19105162,0.19116463,0.19125588,0.1913267,0.19137841,0.19141239,0.19142993,0.19143236,0.19142106,0.1913973,0.19136246,0.19131783
0.10972332,0.109252155,0.10885591,0.108546406,0.10833544,0.10823493,0.10825661,0.108412325,0.108713955,0.10917331,0.10980218,0.110612445,0.11161588,0.11282439,0.11424973,0.11590374,0.11779828,0.11980973,0.12180756,0.12379317,0.12576796,0.12773333,0.12969075,0.13164157,0.1335872,0.13552907,0.13746862,0.13940723,0.14134628,0.14328726,0.1452315,0.14718041,0.14913546,0.15109804,0.15306954,0.15505141,0.15704496,0.15905175,0.16107306,0.16311036,0.16516504,0.16723856,0.16933225,0.17144756,0.17358595,0.17574875,0.17793743,0.18015334,0.18239793,0.18453312,0.18642783,0.18809383,0.18954296,0.19078706,0.19183797,0.19270754,0.19340752,0.1939498,0.1943462,0.19460858,0.19474867,0.1947784,0.19470955,0.19455396,0.19432342,0.19402984,0.19368501,0.19330071,0.19288881,0.19246118,0.1920296,0.19160588,0.19120187,0.19082943,0.19050033,0.19022644,0.1900196,0.18989162,0.1898543,0.18991952,0.19009905,0.19032489,0.1905221,0.19069202,0.19083606,0.19095567,0.19105229,0.19112724,0.19118199,0.19121796,0.19123654,0.19123913,0.19122714,0.19120198,0.19116507,0.19111785
0.11029848,0.10983673,0.109448396,0.10914507,0.10893837,0.10883983,0.10886108,0.109013714,0.10930931,0.10975945,0.110375755,0.111169785,0.11215318,0.113337465,0.1147343,0.11635524,0.11821187,0.120182425,0.122138344,0.12408119,0.12601247,0.12793367,0.1298463,0.13175187,0.13365193,0.13554795,0.13744147,0.13933398,0.14122696,0.14312197,0.1450205,0.14692406,0.14883418,0.15075235,0.1526801,0.15461892,0.15657033,0.15853585,0.16051695,0.1625152,0.16453205,0.16656905,0.16862772,0.17070954,0.17281604,0.1749487,0.17710908,0.17929868,0.18151896,0.18363343,0.18551214,0.18716675,0.18860888,0.18985006,0.1909019,0.19177602,0.19248398,0.1930374,0.19344783,0.19372687,0.19388618,0.19393723,0.19389173,0.19376123,0.19355726,0.19329152,0.19297552,0.1926209,0.19223922,0.19184211,0.19144107,0.19104783,0.19067387,0.19033083,0.19003029,0.18978383,0.1896031,0.18949963,0.18948503,0.1895709,0.1897688,0.19001079,0.190222,0.19040401,0.19055834,0.19068648,0.19078995,0.19087027,0.19092894,0.19096749,0.19098738,0.19099014,0.19097729,0.19095036,0.19091083,0.19086023
0.11101076,0.11056068,0.11018217,0.109886535,0.109685026,0.10958899,0.109609716,0.109758474,0.11004658,0.110485375,0.111086085,0.11186005,0.11281855,0.11397293,0.11533443,0.116914354,0.11872405,0.12064392,0.122548,0.124437906,0.12631527,0.12818174,0.13003892,0.1318885,0.13373208,0.13557132,0.1374078,0.1392432,0.14107914,0.14291725,0.1447592,0.14660656,0.14846104,0.15032426,0.15219778,0.15408333,0.15598251,0.15789692,0.15982828,0.16177812,0.16374813,0.16573994,0.16775523,0.16979553,0.17186256,0.1739579,0.17608325,0.1782402,0.18043041,0.18251911,0.18437813,0.18601869,0.1874521,0.18868965,0.18974265,0.1906224,0.19134024,0.1919074,0.19233525,0.19263497,0.19281799,0.19289552,0.19287892,0.19277945,0.19260843,0.19237714,0.19209689,0.191779,0.19143473,0.19107537,0.1907123,0.19035673,0.19001997,0.18971336,0.18944818,0.18923575,0.18908732,0.1890142,0.18902774,0.18913919,0.18935984,0.1896217,0.18985035,0.1900474,0.19021443,0.19035311,0.19046511,0.19055204,0.19061555,0.19065724,0.19067878,0.19068176,0.19066787,0.19063872,0.19059592,0.19054116
0.111868575,0.11143257,0.11106589,0.11077947,0.11058426,0.11049123,0.1105113,0.110655434,0.11093454,0.1113596,0.11194154,0.11269134,0.11361991,0.114738196,0.11605715,0.117587745,0.119340904,0.12119975,0.12304134,0.12486751,0.12667996,0.1284805,0.13027096,0.13205305,0.13382861,0.13559942,0.13736723,0.13913389,0.1409011,0.14267072,0.1444445,0.14622423,0.1480117,0.14980868,0.15161696,0.15343833,0.15527458,0.15712748,0.15899883,0.16089045,0.16280402,0.1647414,0.1667044,0.16869473,0.17071423,0.17276466,0.17484783,0.1769655,0.17911945,0.18117723,0.18301241,0.18463601,0.18605892,0.18729211,0.18834653,0.1892331,0.18996277,0.19054654,0.19099525,0.19131997,0.19153152,0.19164094,0.19165917,0.1915971,0.19146572,0.19127594,0.19103874,0.19076508,0.19046584,0.19015202,0.18983456,0.1895244,0.18923247,0.18896972,0.18874714,0.18857563,0.18846612,0.18842956,0.18847698,0.18861926,0.18886733,0.18915321,0.18940277,0.18961784,0.18980023,0.18995164,0.1900739,0.1901688,0.1902381,0.19028363,0.19030714,0.1903104,0.19029523,0.19026342,0.19021668,0.19015689
0.11288033,0.1124609,0.11210816,0.11183264,0.11164487,0.11155535,0.11157466,0.111713305,0.11198181,0.1123907,0.11295052,0.11367179,0.11456504,0.1156408,0.1169096,0.11838196,0.12006843,0.12185533,0.123623244,0.12537418,0.12711006,0.12883288,0.13054457,0.13224712,0.13394246,0.13563257,0.1373194,0.13900493,0.14069115,0.14237997,0.14407334,0.14577326,0.1474817,0.14920057,0.15093188,0.15267758,0.15443961,0.15621999,0.1580206,0.15984346,0.16169052,0.16356371,0.16546504,0.16739643,0.16935988,0.17135729,0.1733907,0.17546202,0.17757325,0.1795945,0.18140167,0.18300523,0.18441579,0.1856438,0.18669987,0.1875945,0.18833816,0.18894143,0.18941486,0.18976896,0.19001424,0.19016127,0.19022052,0.19020255,0.19011793,0.18997714,0.1897907,0.18956919,0.1893231,0.18906295,0.18879934,0.18854272,0.18830366,0.18809266,0.18792029,0.18779704,0.18773347,0.18774009,0.18782742,0.18800601,0.1882864,0.1886006,0.18887489,0.18911128,0.18931168,0.18947808,0.18961246,0.18971676,0.18979293,0.18984295,0.18986878,0.18987238,0.18985572,0.18982074,0.1897694,0.18970367
0.1140544,0.11365424,0.113317676,0.11305479,0.112875625,0.112790234,0.11280865,0.11294093,0.11319711,0.11358724,0.11412137,0.114809535,0.11566182,0.1166882,0.11789878,0.1193036,0.12091268,0.12261607,0.12429849,0.12596214,0.12760916,0.1292418,0.1308621,0.1324723,0.13407457,0.13567103,0.13726392,0.13885534,0.14044748,0.14204255,0.14364265,0.14524996,0.14686665,0.14849491,0.15013687,0.15179478,0.15347072,0.15516686,0.1568854,0.15862852,0.16039832,0.16219705,0.16402681,0.16588981,0.16778818,0.16972415,0.1716998,0.17371736,0.17577896,0.17775784,0.17953244,0.18111281,0.18250898,0.18373108,0.18478902,0.18569294,0.18645287,0.18707885,0.18758091,0.18796912,0.1882535,0.18844414,0.18855105,0.1885843,0.18855391,0.18846995,0.1883424,0.18818146,0.18799703,0.18779919,0.18759803,0.18740356,0.18722582,0.18707487,0.18696077,0.18689355,0.18688324,0.18693994,0.18707363,0.1872944,0.18761228,0.18795933,0.1882623,0.1885234,0.18874475,0.1889286,0.18907702,0.18919219,0.18927635,0.1893316,0.18936014,0.1893641,0.18934569,0.18930705,0.18925034,0.18917775
0.115399204,0.11502106,0.11470305,0.11445464,0.114285365,0.114204675,0.11422207,0.11434706,0.11458914,0.11495778,0.11546248,0.116112754,0.11691806,0.11788793,0.119031824,0.12035925,0.121879704,0.12348742,0.12507193,0.12663563,0.12818088,0.12971015,0.13122581,0.13273025,0.13422589,0.13571513,0.13720037,0.13868399,0.14016843,0.14165606,0.1431493,0.14465055,0.1461622,0.14768665,0.14922632,0.1507836,0.1523609,0.15396062,0.15558515,0.1572369,0.15891826,0.16063166,0.16237947,0.16416411,0.16598798,0.16785347,0.16976303,0.17171897,0.17372377,0.1756541,0.17739142,0.17894521,0.18032494,0.18154016,0.1826003,0.18351491,0.18429345,0.1849454,0.18548027,0.18590757,0.18623677,0.18647735,0.18663885,0.18673071,0.18676247,0.18674359,0.18668358,0.18659192,0.18647812,0.18635166,0.18622202,0.18609872,0.18599124,0.18590906,0.18586172,0.18585867,0.1859094,0.18602344,0.18621022,0.18647932,0.18684015,0.1872248,0.18756065,0.18785006,0.1880954,0.18829916,0.18846369,0.18859136,0.18868464,0.18874589,0.18877749,0.1887819,0.1887615,0.18871866,0.18865582,0.18857537
0.11685645,0.1165022,0.11620428,0.11597157,0.11581297,0.11573738,0.11575369,0.11587077,0.11609756,0.11644292,0.11691574,0.11752493,0.11827938,0.11918798,0.12025961,0.121503204,0.1229276,0.12443167,0.12591001,0.12736534,0.12880029,0.13021751,0.13161969,0.13300943,0.13438943,0.13576233,0.13713086,0.13849758,0.13986519,0.14123634,0.14261368,0.14399989,0.14539763,0.1468095,0.14823827,0.14968649,0.15115689,0.15265207,0.15417476,0.1557275,0.15731308,0.1589341,0.1605932,0.16229309,0.16403636,0.16582572,0.16766384,0.16955332,0.17149684,0.17337495,0.17507215,0.17659748,0.17795971,0.17916782,0.18023069,0.18115716,0.18195614,0.18263656,0.18320738,0.18367732,0.18405536,0.18435042,0.18457137,0.18472707,0.18482651,0.18487848,0.18489192,0.1848757,0.18483876,0.18478994,0.18473817,0.18469231,0.18466127,0.18465395,0.18467925,0.18474603,0.18486322,0.18503973,0.1852844,0.18560614,0.18601383,0.18643959,0.18681128,0.1871316,0.18740314,0.18762864,0.18781076,0.18795207,0.18805528,0.18812306,0.18815811,0.18816295,0.18814035,0.18809295,0.18802339,0.18793432
0.11835918,0.11802953,0.11775233,0.11753579,0.117388226,0.11731788,0.11733306,0.11744201,0.11765303,0.11797437,0.11841433,0.118981175,0.11968316,0.120528586,0.1215257,0.12268284,0.12400822,0.12540534,0.12677424,0.12811773,0.12943879,0.13074037,0.13202535,0.13329667,0.13455728,0.13581008,0.13705796,0.13830397,0.1395509,0.14080174,0.14205942,0.14332683,0.14460693,0.14590266,0.14721689,0.14855263,0.14991269,0.1513001,0.15271771,0.1541685,0.1556554,0.1571813,0.15874913,0.16036184,0.16202231,0.16373351,0.16549838,0.16731982,0.16920073,0.17102548,0.17268199,0.17417848,0.17552331,0.17672467,0.17779091,0.17873025,0.17955096,0.18026134,0.18086967,0.18138425,0.18181328,0.1821651,0.18244794,0.18267007,0.18283984,0.18296547,0.18305522,0.18311743,0.18316032,0.18319213,0.1832212,0.18325584,0.18330425,0.18337467,0.18347551,0.18361492,0.18380123,0.1840427,0.18434761,0.18472426,0.18518087,0.18564954,0.1860587,0.1864113,0.18671024,0.18695845,0.18715887,0.18731444,0.18742807,0.1875027,0.18754122,0.18754657,0.18752173,0.18746953,0.18739298,0.18729493
0.11990262,0.11959831,0.11934234,0.11914245,0.119006194,0.118941255,0.11895526,0.11905587,0.11925067,0.11954737,0.11995355,0.120476894,0.12112502,0.121905565,0.12282618,0.1238945,0.12511817,0.12640548,0.12766187,0.12889044,0.13009447,0.13127711,0.13244164,0.13359118,0.13472897,0.13585822,0.13698211,0.13810393,0.13922678,0.1403539,0.14148854,0.14263377,0.14379294,0.14496918,0.14616571,0.14738578,0.1486325,0.14990915,0.15121892,0.152565,0.1539506,0.1553789,0.15685317,0.15837653,0.15995225,0.1615835,0.16327348,0.16502543,0.16684252,0.16861306,0.17022824,0.17169572,0.1730231,0.17421809,0.1752883,0.17624135,0.1770849,0.17782655,0.178474,0.17903487,0.17951679,0.17992738,0.18027438,0.18056527,0.18080778,0.18100959,0.18117824,0.1813215,0.18144684,0.18156207,0.18167472,0.18179244,0.18192293,0.18207377,0.18225268,0.18246716,0.18272498,0.18303372,0.18340103,0.18383457,0.18434195,0.18485518,0.18530323,0.18568932,0.18601668,0.18628854,0.18650803,0.18667838,0.18680283,0.1868845,0.18692671,0.18693258,0.18690532,0.1868482,0.18676436,0.18665703
0.12148213,0.1212037,0.12096951,0.12078662,0.120661974,0.12060254,0.120615356,0.12070739,0.12088565,0.121157095,0.12152874,0.12200756,0.12260055,0.123314716,0.12415703,0.12513447,0.12625405,0.12742901,0.12857018,0.12968114,0.13076529,0.13182618,0.13286725,0.13389204,0.1349041,0.13590674,0.13690366,0.1378982,0.13889392,0.13989428,0.14090279,0.14192294,0.14295822,0.1440121,0.14508815,0.14618978,0.1473205,0.14848374,0.14968318,0.15092212,0.15220416,0.15353271,0.15491134,0.15634346,0.15783264,0.15938234,0.16099603,0.16267726,0.16442946,0.16614494,0.16771825,0.16915646,0.17046651,0.17165539,0.17273009,0.17369759,0.17456496,0.17533906,0.17602701,0.1766357,0.17717215,0.17764339,0.17805636,0.17841807,0.17873551,0.17901568,0.17926556,0.17949213,0.17970242,0.17990333,0.18010196,0.18030524,0.18052018,0.18075372,0.1810129,0.18130471,0.18163615,0.18201418,0.1824458,0.18293798,0.18349774,0.18405698,0.1845452,0.18496591,0.18532269,0.18561885,0.18585801,0.18604362,0.18617925,0.18626828,0.18631423,0.18632063,0.18629096,0.18622868,0.18613732,0.18602036
0.12309301,0.122840956,0.12262899,0.122463405,0.12235058,0.122296825,0.122308396,0.12239171,0.12255306,0.12279878,0.12313518,0.123568594,0.1241054,0.124751836,0.12551428,0.12639907,0.12741251,0.12847285,0.12949656,0.13048744,0.1314493,0.13238591,0.1333011,0.13419855,0.13508217,0.13595568,0.13682285,0.13768753,0.13855347,0.13942441,0.14030424,0.14119668,0.14210553,0.14303458,0.1439876,0.14496842,0.14598075,0.14702846,0.14811528,0.149245,0.15042146,0.15164839,0.15292959,0.15426883,0.15566997,0.15713672,0.15867287,0.16028227,0.16196863,0.16362838,0.16515942,0.16656809,0.16786084,0.16904387,0.17012356,0.17110619,0.17199816,0.1728058,0.17353536,0.17419322,0.17478572,0.1753191,0.17579982,0.1762341,0.1766283,0.1769888,0.17732185,0.17763382,0.17793101,0.1782198,0.17850645,0.17879727,0.17909873,0.179417,0.17975849,0.18012948,0.18053636,0.18098545,0.18148299,0.1820354,0.18264897,0.1832555,0.18378499,0.18424127,0.18462814,0.18494938,0.18520877,0.18541005,0.18555714,0.18565372,0.18570358,0.18571052,0.18567835,0.18561079,0.18551171,0.18538482
0.1247305,0.124505304,0.12431589,0.12416796,0.12406715,0.124019064,0.12402944,0.12410387,0.12424804,0.1244676,0.1247682,0.12515548,0.1256351,0.12621273,0.12689401,0.1276846,0.12859014,0.12953395,0.1304382,0.13130704,0.1321445,0.13295473,0.13374178,0.13450976,0.13526274,0.13600485,0.1367401,0.13747266,0.13820656,0.13894592,0.13969481,0.14045733,0.14123757,0.14203963,0.14286757,0.14372548,0.14461751,0.14554766,0.14652005,0.14753878,0.14860797,0.14973164,0.15091392,0.15215887,0.15347067,0.15485327,0.15631086,0.15784751,0.15946727,0.16107062,0.16255897,0.16393803,0.16521342,0.16639084,0.1674759,0.16847429,0.16939162,0.17023359,0.17100579,0.17171396,0.17236368,0.17296064,0.17351046,0.17401886,0.17449142,0.17493384,0.17535177,0.17575082,0.17613673,0.17651506,0.17689152,0.17727174,0.17766139,0.17806613,0.17849156,0.1789434,0.1794273,0.1799489,0.18051377,0.18112771,0.1817963,0.18245114,0.18302286,0.18351553,0.18393321,0.18428008,0.18456015,0.18477753,0.1849363,0.18504055,0.18509439,0.18510188,0.18506716,0.18499424,0.18488723,0.18475027
0.12638995,0.12619193,0.1260254,0.12589532,0.12580667,0.12576443,0.12577356,0.12583901,0.12596574,0.12615879,0.1264231,0.12676361,0.12718534,0.12769322,0.12829225,0.12898736,0.12978357,0.13060926,0.13139245,0.13213757,0.13284893,0.13353103,0.13418822,0.13482489,0.13544543,0.13605425,0.13665572,0.13725433,0.13785432,0.13846022,0.1390764,0.13970716,0.14035702,0.1410303,0.14173144,0.14246482,0.14323483,0.14404586,0.14490233,0.14580864,0.14676912,0.14778824,0.14887038,0.15001988,0.15124124,0.15253875,0.15391687,0.15537998,0.15693246,0.15847892,0.1599243,0.16127354,0.16253167,0.16370365,0.1647944,0.16580898,0.16675228,0.16762929,0.16844493,0.16920434,0.16991232,0.17057393,0.17119409,0.17177781,0.17233005,0.17285575,0.17335993,0.17384756,0.17432354,0.17479292,0.17526065,0.17573169,0.17621101,0.17670359,0.17721443,0.1777484,0.17831056,0.1789059,0.17953931,0.18021582,0.18094039,0.18164445,0.18225917,0.18278891,0.18323801,0.18361095,0.18391207,0.1841458,0.1843165,0.18442862,0.18448648,0.18449453,0.18445715,0.1843788,0.18426377,0.18411648
0.12806664,0.1278961,0.12775268,0.12764066,0.12756431,0.12752792,0.12753575,0.12759213,0.1277013,0.12786756,0.1280952,0.12838846,0.12875168,0.12918909,0.129705,0.13030367,0.13098939,0.13169576,0.13235663,0.13297667,0.13356063,0.13411322,0.13463913,0.13514307,0.1356297,0.13610384,0.13657011,0.13703322,0.13749795,0.13796893,0.13845088,0.13894853,0.13946658,0.14000975,0.14058274,0.14119023,0.14183696,0.14252762,0.14326693,0.14405961,0.14491037,0.14582384,0.14680487,0.14785801,0.1489881,0.15019976,0.15149772,0.15288669,0.15437141,0.15586059,0.15726274,0.1585821,0.15982297,0.16098961,0.16208637,0.16311744,0.16408716,0.16499978,0.16585961,0.1666709,0.16743797,0.1681651,0.1688565,0.16951655,0.17014945,0.17075953,0.17135106,0.1719283,0.17249559,0.17305714,0.17361727,0.17418024,0.17475039,0.17533192,0.17592914,0.17654637,0.17718785,0.17785785,0.17856072,0.17930065,0.18008198,0.180836,0.18149431,0.18206157,0.18254256,0.18294193,0.18326443,0.18351471,0.18369754,0.18381757,0.18387957,0.1838882,0.18384816,0.18376425,0.18364105,0.18348335
0.12975587,0.12961303,0.12949288,0.129399,0.12933508,0.12930459,0.12931116,0.12935838,0.12944984,0.1295891,0.12977977,0.13002546,0.13032973,0.13069615,0.1311283,0.13162981,0.13220425,0.1327904,0.133328,0.13382205,0.1342776,0.13469969,0.13509329,0.13546346,0.1358152,0.13615356,0.13648355,0.1368102,0.13713853,0.13747352,0.13782026,0.13818373,0.13856895,0.13898098,0.13942482,0.13990547,0.14042802,0.1409974,0.14161871,0.14229694,0.14303708,0.14384423,0.14472336,0.14567953,0.14671771,0.14784296,0.14906028,0.1503747,0.15179126,0.15322292,0.15458162,0.155871,0.15709461,0.1582561,0.15935895,0.16040683,0.16140327,0.16235197,0.16325639,0.16412014,0.16494688,0.16574015,0.16650347,0.16724053,0.16795486,0.16865008,0.16932976,0.16999747,0.17065684,0.17131138,0.17196478,0.17262053,0.17328225,0.17395356,0.17463799,0.17533919,0.1760607,0.17680612,0.17757905,0.17838305,0.17922173,0.1800262,0.18072852,0.18133378,0.18184692,0.18227303,0.18261705,0.18288413,0.18307912,0.18320723,0.18327336,0.18328255,0.18323986,0.18315029,0.18301886,0.18285061
0.13145295,0.1313379,0.13124113,0.13116555,0.13111405,0.13108951,0.1310948,0.13113283,0.13120647,0.13131864,0.13147222,0.13167006,0.1319151,0.1322102,0.13255823,0.13296214,0.13342476,0.1338901,0.13430385,0.13467135,0.13499789,0.13528879,0.13554947,0.13578524,0.13600141,0.13620336,0.13639641,0.1365859,0.13677718,0.13697556,0.13718641,0.13741505,0.13766682,0.13794707,0.13826115,0.13861437,0.13901213,0.13945968,0.13996243,0.14052568,0.14115481,0.14185508,0.1426319,0.14349063,0.14443657,0.14547504,0.14661142,0.14785102,0.14919919,0.15057312,0.15188827,0.15314762,0.15435399,0.15551029,0.15661946,0.15768427,0.15870775,0.15969267,0.16064201,0.16155858,0.16244534,0.1633051,0.1641408,0.16495533,0.16575158,0.1665324,0.1673007,0.16805938,0.16881135,0.16955943,0.17030655,0.17105561,0.17180946,0.17257103,0.1733432,0.17412883,0.17493089,0.17575213,0.17659552,0.177464,0.17836034,0.1792156,0.17996219,0.18060565,0.18115117,0.1816041,0.1819699,0.18225375,0.18246114,0.18259726,0.18266758,0.18267737,0.18263201,0.18253678,0.18239707,0.18221818
0.13315316,0.13306594,0.13299263,0.13293536,0.1328963,0.13287771,0.13288173,0.13291055,0.13296635,0.13305137,0.13316774,0.13331772,0.13350338,0.13372703,0.13399081,0.13429686,0.13464752,0.13499188,0.13528155,0.1355222,0.13571945,0.13587901,0.1360065,0.1361076,0.13618796,0.13625324,0.13630907,0.13636114,0.13641506,0.13647659,0.13655128,0.1366448,0.13676289,0.13691114,0.1370952,0.13732079,0.13759345,0.13791896,0.13830294,0.138751,0.13926886,0.13986214,0.1405365,0.14129761,0.14215112,0.1431027,0.14415798,0.14532264,0.14660233,0.14791846,0.14919004,0.15041932,0.15160845,0.15275966,0.15387514,0.15495701,0.15600753,0.15702885,0.1580232,0.15899271,0.15993956,0.16086605,0.16177428,0.16266645,0.16354474,0.16441138,0.16526856,0.16611841,0.16696315,0.16780496,0.16864605,0.16948861,0.17033485,0.17118685,0.17204694,0.17291723,0.1737999,0.1746972,0.17561124,0.1765443,0.17749849,0.1784046,0.17919566,0.17987737,0.18045533,0.1809353,0.1813228,0.18162355,0.18184327,0.18198752,0.182062,0.18207239,0.1820243,0.18192339,0.18177538,0.18158586
0.13485178,0.13479242,0.13474251,0.13470352,0.13467695,0.13466428,0.13466701,0.13468662,0.13472465,0.13478248,0.13486174,0.13496381,0.13509023,0.13524249,0.13542207,0.13563043,0.13586915,0.1360926,0.1362583,0.13637225,0.13644037,0.13646868,0.1364631,0.13642967,0.13637434,0.13630305,0.13622181,0.1361366,0.13605338,0.13597813,0.13591678,0.13587539,0.13585986,0.13587624,0.13593042,0.13602841,0.13617621,0.13637975,0.13664505,0.13697805,0.13738474,0.13787106,0.13844307,0.13910668,0.13986783,0.14073257,0.14170684,0.14279659,0.14400786,0.1452662,0.14649424,0.14769349,0.14886539,0.15001148,0.15113321,0.1522321,0.15330963,0.15436727,0.15540653,0.15642893,0.15743594,0.15842901,0.15940967,0.1603794,0.16133969,0.16229206,0.16323794,0.16417885,0.16511631,0.16605178,0.16698672,0.16792269,0.16886112,0.16980353,0.1707514,0.17170623,0.1726695,0.17364272,0.17462738,0.17562489,0.17663686,0.1775938,0.17842923,0.17914917,0.17975956,0.1802664,0.18067566,0.18099332,0.18122533,0.18137765,0.18145631,0.1814673,0.18141648,0.18130995,0.18115361,0.18095346
0.13654415,0.1365125,0.1364859,0.13646515,0.13645099,0.13644429,0.1364457,0.13645615,0.13647638,0.13650724,0.13654946,0.13660383,0.1366712,0.13675235,0.136848,0.13695906,0.13708626,0.13718927,0.13723148,0.13721919,0.13715866,0.1370562,0.13691811,0.13675064,0.13656013,0.13635279,0.13613504,0.13591307,0.13569319,0.1354817,0.1352849,0.13510904,0.13496044,0.13484539,0.1347702,0.13474114,0.13476446,0.13484654,0.13499358,0.1352119,0.13550785,0.13588764,0.13635759,0.13692398,0.13759314,0.13837132,0.13926482,0.14027992,0.14142294,0.14262365,0.14380825,0.14497745,0.14613213,0.14727302,0.14840098,0.14951673,0.1506211,0.15171489,0.15279888,0.15387389,0.15494065,0.15600003,0.1570528,0.15809974,0.15914163,0.1601793,0.16121355,0.16224511,0.16327485,0.16430354,0.16533193,0.16636088,0.16739112,0.16842352,0.16945879,0.1704978,0.17154129,0.17259009,0.17364497,0.17470671,0.17577617,0.17678364,0.17766325,0.17842121,0.17906387,0.17959748,0.18002836,0.1803628,0.1806071,0.18076748,0.1808503,0.18086183,0.18080838,0.1806962,0.1805316,0.18032086
0.13822556,0.1382215,0.13821806,0.13821536,0.13821356,0.13821268,0.13821286,0.1382142,0.13821684,0.1382208,0.13822624,0.13823324,0.13824195,0.13825242,0.13826473,0.13827907,0.13829547,0.13827884,0.13819836,0.13806067,0.13787234,0.13763998,0.13737023,0.13706966,0.13674487,0.13640247,0.13604906,0.13569127,0.13533567,0.13498884,0.13465744,0.13434806,0.13406731,0.13382177,0.13361803,0.13346273,0.13336246,0.13332379,0.13335338,0.1334578,0.13364364,0.13391756,0.13428609,0.1347559,0.13533354,0.13602567,0.13683881,0.13777964,0.13885474,0.13999808,0.14113936,0.14227867,0.14341605,0.14455168,0.14568566,0.14681803,0.14794897,0.1490785,0.15020682,0.15133396,0.15246004,0.15358514,0.15470938,0.15583292,0.15695581,0.15807813,0.15920001,0.16032153,0.16144285,0.16256401,0.16368513,0.16480634,0.16592768,0.16704933,0.16817133,0.16929384,0.17041692,0.17154068,0.1726652,0.17379065,0.17491706,0.17597467,0.17689803,0.17769372,0.17836836,0.17892851,0.17938083,0.1797319,0.17998832,0.1801567,0.18024366,0.18025577,0.18019964,0.18008186,0.17990907,0.17968789
0.1398913,0.13991448,0.13993402,0.13994925,0.13995965,0.1399646,0.13996352,0.13995586,0.13994102,0.13991837,0.13988738,0.13984749,0.13979802,0.13973849,0.13966824,0.13958678,0.1394934,0.13935824,0.1391562,0.13889432,0.13857938,0.13821843,0.13781829,0.13738586,0.13692814,0.13645194,0.13596423,0.13547191,0.1349819,0.1345011,0.13403644,0.13359483,0.13318317,0.13280834,0.13247733,0.132197,0.13197426,0.131816,0.13172923,0.13172077,0.13179757,0.13196652,0.13223456,0.13260859,0.13309549,0.13370222,0.13443565,0.13530277,0.13631038,0.13739674,0.1384949,0.13960437,0.14072448,0.14185476,0.1429945,0.1441432,0.14530027,0.14646506,0.14763708,0.14881569,0.15000032,0.1511904,0.15238534,0.15358452,0.15478745,0.15599345,0.15720198,0.15841244,0.1596243,0.16083689,0.16204968,0.16326214,0.16447358,0.16568346,0.16689125,0.16809629,0.16929801,0.17049585,0.17168921,0.17287757,0.17406026,0.17516737,0.1761339,0.17696685,0.17767303,0.17825943,0.1787329,0.1791004,0.17936882,0.17954507,0.17963608,0.17964876,0.17959,0.17946672,0.17928587,0.1790543
0.14153661,0.14158681,0.14162901,0.14166196,0.14168443,0.14169514,0.14169283,0.14167625,0.1416441,0.1415952,0.14152822,0.14144194,0.14133509,0.14120638,0.14105459,0.14087844,0.14067669,0.1404244,0.14010237,0.13971782,0.13927792,0.13878994,0.13826102,0.13769847,0.13710946,0.13650121,0.1358809,0.1352558,0.13463312,0.13402002,0.1334238,0.13285163,0.13231072,0.1318083,0.13135155,0.13094774,0.13060406,0.13032775,0.13012598,0.130006,0.12997504,0.13004027,0.13020894,0.13048825,0.1308854,0.13140766,0.13206223,0.1328563,0.13379706,0.13482684,0.13588226,0.136962,0.13806483,0.13918951,0.14033476,0.14149933,0.14268196,0.1438814,0.14509636,0.14632557,0.14756781,0.14882182,0.15008636,0.15136008,0.15264182,0.15393025,0.15522414,0.15652224,0.15782326,0.15912598,0.1604291,0.16173142,0.16303158,0.16432846,0.16562065,0.16690698,0.16818619,0.169457,0.17071815,0.17196837,0.17320642,0.17436221,0.17537124,0.17624079,0.17697802,0.17759018,0.17808448,0.17846814,0.17874837,0.17893238,0.17902738,0.1790406,0.17897929,0.17885058,0.1786618,0.17842002
0.14315692,0.14323361,0.14329813,0.14334854,0.14338289,0.14339927,0.14339574,0.14337036,0.14332128,0.14324644,0.14314406,0.1430121,0.1428487,0.14265189,0.14241977,0.14215042,0.1418419,0.14147434,0.14103413,0.14052883,0.13996589,0.13935287,0.13869728,0.13800661,0.13728842,0.13655019,0.13579941,0.13504364,0.13429038,0.13354713,0.13282141,0.13212074,0.13145265,0.1308246,0.13024415,0.12971878,0.12925602,0.12886342,0.12854841,0.12831861,0.12818149,0.12814452,0.12821522,0.12840116,0.12870982,0.12914872,0.12972537,0.13044727,0.13132194,0.13229576,0.1333087,0.13435893,0.13544445,0.13656335,0.13771372,0.13889363,0.14010118,0.14133433,0.14259128,0.1438701,0.1451688,0.14648548,0.14781822,0.14916508,0.15052412,0.15189345,0.15327111,0.1546552,0.15604378,0.15743493,0.15882671,0.16021724,0.16160457,0.16298676,0.16436182,0.16572796,0.16708313,0.1684255,0.16975309,0.171064,0.17235626,0.17355971,0.17461033,0.17551576,0.17628337,0.17692079,0.17743546,0.17783494,0.17812672,0.17831829,0.17841724,0.17843102,0.17836714,0.17823315,0.17803657,0.17778486
0.14474739,0.1448502,0.14493662,0.14500414,0.14505015,0.14507209,0.14506735,0.14503339,0.14496759,0.14486739,0.14473018,0.14455338,0.14433447,0.14407083,0.14375986,0.143399,0.14298567,0.14250495,0.14194876,0.14132495,0.14064132,0.13990565,0.13912578,0.13830948,0.13746458,0.13659884,0.13572012,0.13483621,0.13395485,0.13308394,0.13223122,0.13140452,0.13061163,0.12986037,0.12915851,0.1285139,0.12793432,0.12742756,0.12700142,0.12666376,0.12642233,0.12628496,0.12625945,0.12635353,0.12657513,0.126932,0.1274319,0.12808268,0.12889215,0.12981066,0.13078159,0.13180248,0.13287063,0.13398358,0.1351386,0.13633321,0.13756482,0.13883083,0.14012869,0.14145577,0.14280953,0.14418739,0.14558673,0.14700498,0.14843963,0.14988801,0.15134755,0.15281573,0.1542899,0.15576755,0.15724602,0.15872279,0.16019525,0.16166082,0.16311695,0.16456103,0.16599049,0.16740273,0.16879518,0.17016529,0.17151046,0.17276035,0.17385153,0.17479187,0.17558914,0.17625119,0.17678572,0.1772006,0.17750366,0.17770265,0.1778054,0.1778197,0.17775337,0.17761421,0.17741002,0.1771486
0.14630334,0.14643167,0.14653954,0.14662383,0.14668126,0.14670865,0.14670275,0.14666036,0.14657822,0.14645314,0.14628193,0.14606127,0.14578806,0.14545903,0.14507088,0.1446205,0.14410466,0.14351319,0.14284357,0.14210393,0.14130223,0.1404467,0.1395453,0.13860619,0.13763747,0.13664715,0.13564333,0.13463417,0.13362768,0.13263199,0.13165514,0.13070527,0.12979041,0.12891866,0.12809815,0.1273369,0.12664305,0.12602465,0.12548977,0.12504658,0.12470304,0.124467336,0.12434749,0.12435164,0.12448786,0.124764174,0.12518874,0.12576962,0.12651487,0.12737884,0.1283083,0.12930004,0.13035083,0.13145745,0.13261662,0.13382524,0.13508001,0.13637772,0.13771513,0.13908911,0.1404963,0.14193358,0.14339769,0.14488544,0.14639355,0.14791887,0.14945814,0.15100816,0.15256569,0.15412748,0.15569037,0.15725113,0.15880649,0.16035324,0.16188823,0.16340816,0.16490988,0.16639009,0.16784562,0.16927323,0.1706697,0.17196465,0.17309518,0.17406945,0.17489545,0.17558134,0.17613515,0.176565,0.17687897,0.17708513,0.1771916,0.17720643,0.17713769,0.1769935,0.17678192,0.1765111
0.1478202,0.14797333,0.14810215,0.14820278,0.1482713,0.148304,0.14829697,0.14824635,0.1481483,0.147999,0.14779456,0.1475312,0.14720502,0.1468122,0.1463489,0.14581126,0.14519542,0.14449607,0.14371592,0.14286333,0.14194669,0.14097436,0.13995467,0.13889596,0.13780662,0.13669501,0.13556945,0.13443834,0.13331,0.1321928,0.13109513,0.1300253,0.12899166,0.12800261,0.1270665,0.12619162,0.12538639,0.12465917,0.12401833,0.12347217,0.12302905,0.12269735,0.122485444,0.12240167,0.122454405,0.12265195,0.1230027,0.12351503,0.124197274,0.12500761,0.12589614,0.12685901,0.12789235,0.12899233,0.13015516,0.13137689,0.13265376,0.1339819,0.13535741,0.13677654,0.13823538,0.13973011,0.1412569,0.14281188,0.14439118,0.14599104,0.14760754,0.14923684,0.1508751,0.1525185,0.15416321,0.15580533,0.15744103,0.15906648,0.16067785,0.16227129,0.16384293,0.16538893,0.16690543,0.16838865,0.16983467,0.1711731,0.17234164,0.17334858,0.17420232,0.17491122,0.17548366,0.17592792,0.17625244,0.17646553,0.17657556,0.17659087,0.17651983,0.17637081,0.17615215,0.17587222
0.14929314,0.1494704,0.14961952,0.149736,0.14981537,0.14985321,0.14984503,0.14978643,0.14967296,0.14950009,0.14926344,0.14895856,0.14858097,0.14812624,0.1475899,0.14696752,0.14625461,0.14545046,0.14456302,0.1436009,0.14257269,0.14148708,0.1403526,0.1391779,0.13797165,0.13674243,0.1354988,0.13424945,0.13300297,0.13176797,0.13055308,0.1293669,0.12821811,0.12711523,0.12606694,0.12508184,0.12416852,0.12333567,0.12259184,0.121945634,0.12140573,0.12098075,0.120679244,0.12050988,0.12048123,0.120601974,0.12088067,0.12132596,0.121946484,0.12270419,0.12355241,0.12448669,0.12550256,0.1265956,0.12776132,0.12899527,0.13029304,0.13165018,0.13306215,0.13452463,0.13603306,0.13758306,0.13917013,0.14078984,0.14243777,0.14410938,0.14580035,0.14750612,0.14922227,0.15094438,0.15266791,0.15438855,0.15610173,0.15780303,0.15948805,0.16115227,0.16279128,0.1644006,0.16597581,0.16751249,0.16900606,0.17038622,0.17159113,0.17262948,0.17350982,0.17424084,0.1748311,0.1752892,0.17562382,0.17584358,0.17595698,0.17597282,0.17589957,0.1757459,0.17552042,0.17523175
0.15071744,0.1509181,0.15108684,0.15121867,0.15130848,0.1513513,0.15134208,0.15127575,0.15114729,0.15095167,0.1506839,0.15033883,0.14991152,0.14939688,0.14878994,0.14808558,0.1472788,0.14637335,0.1453822,0.1443142,0.14317824,0.14198321,0.1407379,0.13945124,0.1381321,0.13678928,0.13543172,0.1340682,0.13270769,0.13135897,0.13003094,0.12873246,0.12747237,0.1262596,0.12510295,0.12401134,0.122993566,0.12205857,0.12121516,0.12047223,0.11983861,0.119323224,0.11893488,0.11868247,0.118574865,0.11862091,0.118829474,0.11920947,0.11976968,0.120475866,0.12128448,0.12219049,0.12318883,0.12427448,0.12544242,0.12668756,0.12800495,0.12938944,0.1308361,0.13233982,0.13389558,0.1354984,0.1371432,0.13882488,0.1405385,0.14227897,0.14404126,0.14582035,0.14761119,0.14940876,0.151208,0.15300387,0.15479134,0.1565654,0.15832102,0.16005309,0.1617566,0.16342655,0.16505788,0.16664557,0.16818458,0.16960447,0.17084406,0.17191231,0.17281802,0.17357008,0.17417733,0.17464864,0.17499292,0.17521898,0.17533569,0.17535193,0.1752766,0.17511852,0.17488654,0.17458956
0.15208851,0.15231162,0.15249927,0.15264583,0.15274572,0.15279333,0.15278307,0.1527093,0.15256648,0.15234894,0.15205115,0.15166748,0.15119228,0.15062004,0.14994505,0.1491618,0.14826469,0.1472617,0.14617077,0.14500098,0.14376138,0.14246115,0.14110936,0.1397151,0.13828747,0.13683559,0.13536853,0.13389538,0.13242531,0.13096732,0.12953061,0.1281242,0.12675728,0.1254388,0.12417803,0.12298394,0.121865705,0.12083239,0.11989313,0.11905699,0.11833309,0.11773048,0.11725834,0.11692572,0.11674171,0.11671546,0.116856016,0.1171725,0.11767403,0.118329905,0.1190997,0.119977765,0.120958515,0.12203636,0.123205684,0.12446092,0.12579644,0.12720662,0.12868589,0.13022865,0.1318293,0.1334822,0.1351818,0.13692246,0.13869862,0.14050463,0.14233494,0.14418387,0.14604594,0.14791542,0.1497868,0.15165442,0.15351272,0.1553561,0.15717891,0.1589756,0.16074052,0.16246815,0.16415277,0.1657889,0.16737087,0.16882832,0.1701008,0.17119731,0.17212702,0.17289896,0.17352232,0.17400609,0.17435947,0.17459153,0.17471135,0.17472802,0.17465068,0.17448841,0.1742503,0.17394546
0.15340158,0.15364623,0.15385194,0.15401267,0.15412219,0.15417439,0.1541631,0.15408227,0.15392564,0.15368716,0.15336062,0.15293989,0.1524189,0.15179138,0.15105131,0.15019248,0.1492088,0.14811245,0.14692603,0.14565882,0.14432015,0.14291935,0.14146574,0.13996865,0.13843738,0.13688126,0.1353096,0.13373174,0.13215698,0.13059463,0.12905404,0.12754454,0.12607537,0.12465592,0.123295516,0.12200346,0.12078907,0.119661644,0.11863054,0.11770507,0.116894536,0.11620827,0.11565559,0.1152458,0.11498826,0.114892244,0.11496709,0.11522215,0.11566667,0.11627357,0.117005356,0.11785586,0.118818976,0.11988854,0.12105843,0.12232248,0.12367457,0.12510855,0.12661828,0.12819761,0.12984042,0.13154052,0.13329183,0.13508816,0.1369234,0.1387914,0.140686,0.14260109,0.1445305,0.1464681,0.14840776,0.15034331,0.15226862,0.15417755,0.15606399,0.15792175,0.15974471,0.1615267,0.16326164,0.16494334,0.16656566,0.1680584,0.16936159,0.17048466,0.17143683,0.17222749,0.1728659,0.1733614,0.17372333,0.17396097,0.1740837,0.17410079,0.17402157,0.17385536,0.17361149,0.17329925
0.15465191,0.15491706,0.15514006,0.15531422,0.15543294,0.1554895,0.1554773,0.15538965,0.15521993,0.15496144,0.15460755,0.15415154,0.1535869,0.1529068,0.15210472,0.15117392,0.1501078,0.14892255,0.14764524,0.1462854,0.14485255,0.14335614,0.14180584,0.14021106,0.13858135,0.13692625,0.13525528,0.13357797,0.1319038,0.13024238,0.12860315,0.12699565,0.12542945,0.123914056,0.12245894,0.121073715,0.119767815,0.11855082,0.11743226,0.11642162,0.11552848,0.114762284,0.11413263,0.11364901,0.11332097,0.11315797,0.11316961,0.113365375,0.113754794,0.11431414,0.11500881,0.11583217,0.11677758,0.11783834,0.11900784,0.120279394,0.12164638,0.123102084,0.124639906,0.12625317,0.12793519,0.12967937,0.13147902,0.13332747,0.13521807,0.13714421,0.13909915,0.14107628,0.14306897,0.14507052,0.1470743,0.14907363,0.15106186,0.15303236,0.15497844,0.15689345,0.15877073,0.16060366,0.16238554,0.16410975,0.1657696,0.16729505,0.16862686,0.16977452,0.17074756,0.17155553,0.17220797,0.17271435,0.1730842,0.17332704,0.17345245,0.17346992,0.17338896,0.17321911,0.17296991,0.17265084
0.15583487,0.15611942,0.15635873,0.15654564,0.15667304,0.15673375,0.15672067,0.15662658,0.15644445,0.15616705,0.15578723,0.15529794,0.1546919,0.15396209,0.15310131,0.15210243,0.15095828,0.14968896,0.14832577,0.1468784,0.14535655,0.14376996,0.1421284,0.14044152,0.13871895,0.13697049,0.13520592,0.13343483,0.13166699,0.12991208,0.12817983,0.12647997,0.12482219,0.1232162,0.12167172,0.12019844,0.118806094,0.11750441,0.11630309,0.115211785,0.11424028,0.113398254,0.112695456,0.11214154,0.11174625,0.111519285,0.111470364,0.11160925,0.111945555,0.11245886,0.11311738,0.11391403,0.11484165,0.11589307,0.117061175,0.11833883,0.119718865,0.12119413,0.122757524,0.124401845,0.12612,0.12790485,0.12974918,0.13164593,0.1335879,0.13556796,0.13757901,0.13961385,0.14166537,0.14372641,0.14578983,0.14784846,0.14989524,0.15192294,0.15392444,0.15589261,0.1578203,0.15970038,0.16152568,0.16328909,0.16498342,0.1665389,0.16789687,0.16906713,0.1700593,0.17088318,0.1715484,0.17206475,0.17244187,0.17268948,0.17281741,0.17283519,0.17275263,0.17257948,0.17232533,0.172
0.1569457,0.1572485,0.1575031,0.15770201,0.15783755,0.15790215,0.15788822,0.15778816,0.15759434,0.15729915,0.15689506,0.15637438,0.15572959,0.15495302,0.15403713,0.15297428,0.15175687,0.15040861,0.14896484,0.14743543,0.14583027,0.14415923,0.1424322,0.14065908,0.13884972,0.13701402,0.13516183,0.13330308,0.1314476,0.1296053,0.12778607,0.12599976,0.12425626,0.122565486,0.12093726,0.11938151,0.11790809,0.11652688,0.115247786,0.11408068,0.11303542,0.11212192,0.11135002,0.11072962,0.110270634,0.1099829,0.10987631,0.109960735,0.11024609,0.11071498,0.11133843,0.11210884,0.11301859,0.114060074,0.11522571,0.11650792,0.11789905,0.119391546,0.12097778,0.12265015,0.12440103,0.12622288,0.1281081,0.13004902,0.13203807,0.13406771,0.13613023,0.1382181,0.14032376,0.1424395,0.14455779,0.14667101,0.14877154,0.15085182,0.15290423,0.15492117,0.15689506,0.15881823,0.16068316,0.16248219,0.16420779,0.16579033,0.167172,0.1683626,0.16937207,0.17021029,0.17088711,0.17141244,0.17179617,0.1720481,0.1721782,0.1721963,0.17211233,0.17193611,0.17167756,0.17134659
0.15797979,0.15829948,0.15856841,0.15877843,0.15892157,0.1589898,0.1589751,0.15886939,0.15866472,0.15835303,0.15792626,0.15737644,0.1566955,0.15587541,0.15490821,0.15378581,0.1525002,0.15107846,0.1495598,0.14795417,0.14627168,0.1445223,0.14271607,0.14086305,0.13897325,0.13705668,0.13512342,0.13318345,0.13124682,0.12932357,0.12742376,0.12555735,0.123734415,0.12196497,0.12025906,0.118626714,0.117077924,0.11562277,0.11427127,0.11303343,0.11191931,0.110938944,0.11010233,0.10941952,0.108900554,0.10855544,0.108394235,0.108426936,0.108663574,0.10908983,0.1096793,0.11042394,0.11131574,0.11234669,0.11350872,0.114793845,0.116193995,0.117701195,0.11930737,0.12100452,0.122784615,0.12463964,0.12656154,0.12854232,0.13057387,0.1326483,0.1347575,0.13689347,0.13904811,0.1412135,0.14338158,0.14554426,0.14769356,0.1498215,0.15191999,0.15398103,0.15599658,0.1579586,0.15985909,0.16169004,0.16344339,0.16504994,0.16645253,0.1676612,0.16868597,0.1695369,0.17022398,0.17075726,0.17114678,0.17140254,0.17153464,0.17155303,0.17146775,0.17128888,0.17102642,0.1706904
0.1589323,0.1592677,0.15954973,0.15977001,0.15992014,0.15999174,0.15997627,0.15986545,0.15965076,0.15932378,0.1588762,0.15829946,0.15758526,0.1567251,0.15571058,0.15453331,0.15318486,0.15169547,0.15010792,0.1484323,0.14667879,0.14485756,0.14297874,0.14105251,0.13908905,0.13709846,0.13509095,0.1330767,0.13106579,0.12906846,0.12709482,0.12515506,0.12325929,0.12141775,0.11964054,0.1179378,0.11631975,0.114796534,0.113378294,0.11207522,0.11089741,0.10985508,0.10895836,0.10821745,0.10764247,0.10724358,0.10703097,0.107014775,0.10720517,0.10759063,0.10814727,0.10886671,0.10974048,0.1107602,0.111917414,0.11320373,0.114610694,0.11612995,0.117753014,0.11947152,0.121277004,0.12316108,0.1251153,0.12713128,0.12920056,0.13131477,0.13346544,0.13564417,0.13784255,0.14005218,0.1422646,0.14447142,0.14666416,0.14883448,0.15097395,0.1530741,0.15512654,0.15712288,0.15905465,0.16091347,0.1626909,0.16431813,0.16573882,0.16696307,0.16800104,0.16886294,0.16955887,0.17009905,0.17049357,0.17075264,0.17088641,0.17090507,0.17081869,0.1706375,0.17037165,0.17003131
0.15979865,0.16014823,0.16044222,0.16067186,0.16082838,0.16090298,0.16088688,0.16077134,0.16054755,0.16020674,0.15974016,0.15913898,0.15839446,0.15749784,0.1564403,0.15521313,0.15380748,0.15225662,0.15060653,0.14886744,0.14704965,0.14516342,0.143219,0.14122668,0.13919671,0.13713934,0.13506484,0.13298354,0.13090564,0.12884143,0.12680118,0.12479517,0.12283365,0.12092685,0.11908508,0.11731863,0.11563774,0.114052676,0.1125737,0.111211106,0.10997512,0.10887603,0.10792413,0.10712965,0.106502846,0.10605401,0.10579343,0.10573134,0.105878025,0.10622466,0.10674974,0.107444495,0.10830016,0.10930792,0.110459045,0.111744724,0.11315619,0.11468468,0.11632142,0.1180576,0.11988448,0.12179328,0.12377521,0.12582147,0.12792335,0.13007201,0.13225871,0.13447466,0.13671109,0.13895923,0.1412103,0.1434555,0.14568609,0.14789326,0.15006825,0.15220231,0.1542866,0.15631242,0.15827094,0.16015339,0.161951,0.16359551,0.16503122,0.1662684,0.16731738,0.1681884,0.1688917,0.16943757,0.1698363,0.1700981,0.17023328,0.17025211,0.17016485,0.16998172,0.1697131,0.16936915
0.16057405,0.16093639,0.1612411,0.16147909,0.16164134,0.16171865,0.16170196,0.16158219,0.16135022,0.16099703,0.16051345,0.1598904,0.15911873,0.15818945,0.1570934,0.15582152,0.15436465,0.15275882,0.1510529,0.14925727,0.14738229,0.1454383,0.14343566,0.14138466,0.13929573,0.1371792,0.13504541,0.13290471,0.13076751,0.12864405,0.12654479,0.12448001,0.1224601,0.1204954,0.11859625,0.116773,0.11503605,0.113395706,0.11186233,0.110446274,0.10915788,0.10800753,0.10700556,0.10616231,0.10548814,0.1049934,0.10468844,0.10458363,0.10468931,0.10499919,0.105494,0.10616469,0.10700211,0.10799722,0.109140866,0.11042399,0.1118375,0.113372274,0.11501924,0.116769284,0.11861333,0.12054226,0.12254698,0.12461843,0.12674749,0.12892503,0.13114198,0.13338928,0.13565777,0.13793842,0.14022209,0.14249969,0.14476213,0.14700031,0.14920518,0.15136755,0.1534784,0.1555286,0.15750909,0.15941074,0.16122445,0.16288249,0.16433002,0.16557741,0.16663504,0.16751322,0.16822235,0.16877268,0.16917472,0.16943868,0.16957499,0.16959396,0.16950598,0.16932136,0.16905048,0.1687037
0.16125388,0.16162737,0.16194147,0.16218682,0.16235404,0.16243373,0.16241655,0.16229309,0.162054,0.16168988,0.16119137,0.1605491,0.15975368,0.15879574,0.15766592,0.15635478,0.15485303,0.153199,0.15144438,0.14959945,0.14767472,0.14568055,0.1436274,0.14152567,0.13938574,0.13721804,0.135033,0.132841,0.13065249,0.12847786,0.12632751,0.12421191,0.122141406,0.12012641,0.11817739,0.116304725,0.11451882,0.1128301,0.11124897,0.10978586,0.10845116,0.10725529,0.10620867,0.105321705,0.10460482,0.1040684,0.10372288,0.10357867,0.10364618,0.10392147,0.10438741,0.10503463,0.10585374,0.10683537,0.10797015,0.1092487,0.11066164,0.11219959,0.1138532,0.115613066,0.11746981,0.11941407,0.12143647,0.123527616,0.12567817,0.12787871,0.13011989,0.13239232,0.13468663,0.13699344,0.13930337,0.14160705,0.14389513,0.14615819,0.14838685,0.15057178,0.15270357,0.15477285,0.15677023,0.15868637,0.16051187,0.16217957,0.1636356,0.16489027,0.1659541,0.1668374,0.16755065,0.16810426,0.1685086,0.16877411,0.16891122,0.16893029,0.16884181,0.1686561,0.16838366,0.16803484
0.16179615,0.16217859,0.16250017,0.16275135,0.1629226,0.16300417,0.16298658,0.16286018,0.16261537,0.16224256,0.16173218,0.16107455,0.16026011,0.1592793,0.15812252,0.1567801,0.15524247,0.15355009,0.15175673,0.14987284,0.14790891,0.1458753,0.14378254,0.14164096,0.13946114,0.13725348,0.13502838,0.13279633,0.13056777,0.1283531,0.12616284,0.1240074,0.121897206,0.11984272,0.11785438,0.11594265,0.11411794,0.11239074,0.11077147,0.10927058,0.107898496,0.10666571,0.105582625,0.104659684,0.103907354,0.10333606,0.10295627,0.10277843,0.10281296,0.10305796,0.10349818,0.10412399,0.10492582,0.10589404,0.10701906,0.10829128,0.10970111,0.111238934,0.11289516,0.11466019,0.11652441,0.11847826,0.12051208,0.12261634,0.12478136,0.1269976,0.12925543,0.13154526,0.13385749,0.13618253,0.13851076,0.1408326,0.14313845,0.14541869,0.14766373,0.14986394,0.1520098,0.15409163,0.15609986,0.15802488,0.15985712,0.16153009,0.16299064,0.16424929,0.16531643,0.16620252,0.16691802,0.16747333,0.16787896,0.16814533,0.16828284,0.16830198,0.16821322,0.16802692,0.16775362,0.16740371
0.16216771,0.16255626,0.16288298,0.16313821,0.16331217,0.16339508,0.1633772,0.16324875,0.16300003,0.16262127,0.1621027,0.16143455,0.1606071,0.15961061,0.15843527,0.1570714,0.15550917,0.15379052,0.15197091,0.15006077,0.14807045,0.14601058,0.14389142,0.14172356,0.13951734,0.1372833,0.13503182,0.1327734,0.13051847,0.12827742,0.1260608,0.12387897,0.121742435,0.119661614,0.117646985,0.11570894,0.11385797,0.11210454,0.110459045,0.108931966,0.10753376,0.10627484,0.1051657,0.10421673,0.10343842,0.102841206,0.10243555,0.102231875,0.10224065,0.10246154,0.10288076,0.10348854,0.10427516,0.105230846,0.10634583,0.10761035,0.10901471,0.11054909,0.11220381,0.113969035,0.115835056,0.11779212,0.11983047,0.12194032,0.12411197,0.12633564,0.12860155,0.1309,0.13322121,0.13555542,0.13789284,0.14022382,0.14253849,0.14482717,0.1470801,0.14928754,0.15143968,0.15352677,0.15553913,0.15746689,0.15930039,0.16097383,0.16243479,0.16369377,0.16476119,0.16564754,0.1663632,0.1669187,0.16732444,0.16759086,0.16772841,0.16774757,0.16765878,0.1674724,0.16719905,0.16684905
0.16237696,0.16276895,0.1630986,0.16335608,0.16353159,0.16361523,0.16359718,0.1634676,0.16321668,0.16283454,0.16231133,0.16163726,0.16080245,0.15979709,0.15861127,0.15723523,0.15565911,0.15392578,0.15209176,0.15016736,0.14816307,0.14608929,0.14395645,0.14177498,0.1395553,0.13730781,0.13504297,0.13277116,0.13050283,0.1282484,0.1260183,0.12382293,0.12167271,0.119578086,0.11754948,0.1155973,0.11373197,0.11196391,0.11030357,0.10876136,0.10734766,0.10607295,0.1049476,0.10398209,0.10318679,0.10257216,0.10214861,0.10192655,0.101916425,0.10211904,0.10252177,0.10311476,0.10388815,0.1048321,0.10593679,0.10719236,0.108588986,0.11011682,0.11176602,0.11352674,0.11538913,0.11734338,0.11937964,0.12148808,0.12365883,0.12588206,0.12814792,0.13044661,0.13276826,0.13510302,0.13744101,0.1397725,0.1420876,0.14437641,0.14662917,0.148836,0.15098707,0.15307255,0.15508254,0.15700728,0.15883687,0.16050622,0.16196363,0.16321953,0.16428433,0.16516852,0.16588247,0.16643661,0.16684133,0.16710709,0.1672443,0.16726343,0.16717483,0.16698897,0.16671626,0.16636711
0.16243227,0.16282515,0.16315562,0.16341372,0.16358963,0.16367343,0.16365537,0.16352549,0.16327399,0.16289094,0.16236646,0.16169082,0.16085401,0.15984622,0.15865757,0.15727825,0.15569837,0.15396133,0.15212403,0.1501969,0.14819023,0.14611441,0.14397982,0.14179687,0.13957591,0.13732725,0.13506137,0.13278854,0.13051914,0.12826361,0.12603226,0.123835474,0.12168362,0.119587086,0.117556214,0.11560141,0.113733,0.111961395,0.110296935,0.108750015,0.10733098,0.10605022,0.10491809,0.103944965,0.103141226,0.10251724,0.10208336,0.10184998,0.10182744,0.10201737,0.102407865,0.102989085,0.10375112,0.10468414,0.10577827,0.10702366,0.10841041,0.10992872,0.11156867,0.113320395,0.11517405,0.11711979,0.119147725,0.12124799,0.123410724,0.12562609,0.12788415,0.13017517,0.13248914,0.13481629,0.1371467,0.13947058,0.14177798,0.14405908,0.14630401,0.14850292,0.15064597,0.15272321,0.15472484,0.15664095,0.15846175,0.16012271,0.16157278,0.16282234,0.16388182,0.16476157,0.16547188,0.16602322,0.16642596,0.1666904,0.1668269,0.16684593,0.16675779,0.16657287,0.16630152,0.16595413
0.16234201,0.16273348,0.16306269,0.16331984,0.16349512,0.16357866,0.16356064,0.16343123,0.16318063,0.16279899,0.16227646,0.16160329,0.16076958,0.15976554,0.15858129,0.15720703,0.15563299,0.15390259,0.15207265,0.15015353,0.1481555,0.14608882,0.14396389,0.14179085,0.13958016,0.13734199,0.13508663,0.13282444,0.13056569,0.1283206,0.1260996,0.123912916,0.12177078,0.11968355,0.11766149,0.11571492,0.113854125,0.1120894,0.110431015,0.10888927,0.10747448,0.106196895,0.10506685,0.1040946,0.10329048,0.102664754,0.1022277,0.101989664,0.10196087,0.102143355,0.10252565,0.10309796,0.10385045,0.10477326,0.10585661,0.10709066,0.10846556,0.10997149,0.11159865,0.11333718,0.11517723,0.11710904,0.11912272,0.121208526,0.1233565,0.12555695,0.12779994,0.1300757,0.13237442,0.13468623,0.1370013,0.13930984,0.141602,0.14386791,0.14609782,0.14828184,0.15041022,0.15247309,0.15446053,0.15636286,0.15817018,0.15981863,0.16125785,0.16249809,0.1635496,0.16442269,0.16512771,0.16567491,0.16607463,0.16633707,0.1664726,0.16649145,0.16640395,0.16622041,0.16595109,0.16560632
0.16211464,0.16250238,0.1628285,0.16308324,0.16325687,0.1633396,0.16332175,0.16319354,0.16294533,0.16256732,0.1620497,0.16138288,0.16055703,0.15956247,0.15838943,0.15702817,0.15546899,0.15375493,0.15194234,0.15004148,0.14806245,0.14601552,0.14391081,0.14175856,0.13956895,0.13735217,0.13511841,0.13287783,0.13064066,0.12841706,0.12621729,0.12405142,0.12192976,0.11986242,0.11785965,0.11593159,0.11408843,0.112340406,0.11069768,0.10917045,0.10776889,0.10650321,0.1053836,0.104420245,0.103623316,0.103003025,0.10256958,0.10233313,0.102303885,0.10248386,0.102861784,0.1034279,0.10417251,0.10508583,0.106158175,0.10737978,0.10874091,0.11023183,0.11184284,0.11356415,0.11538608,0.11729885,0.119292766,0.12135802,0.12348499,0.12566385,0.12788488,0.13013835,0.13241461,0.1347038,0.1369962,0.13928212,0.14155187,0.14379562,0.1460037,0.14816631,0.15027378,0.15231636,0.15428428,0.15616786,0.15795733,0.15958951,0.16101447,0.16224243,0.16328353,0.16414806,0.16484609,0.1653879,0.16578363,0.16604346,0.16617765,0.16619633,0.16610971,0.16592798,0.16566132,0.16531995
0.16175851,0.16214046,0.1624617,0.16271259,0.16288361,0.16296512,0.16294755,0.16282128,0.16257675,0.16220438,0.16169462,0.16103773,0.16022427,0.15924458,0.15808913,0.15674824,0.15521242,0.15352388,0.15173803,0.14986497,0.14791471,0.14589733,0.14382295,0.14170158,0.13954328,0.13735817,0.13515623,0.13294762,0.13074236,0.12855051,0.12638217,0.12424736,0.122156166,0.1201187,0.11814495,0.11624503,0.11442899,0.11270691,0.11108883,0.109584846,0.108205006,0.1069594,0.10585806,0.10491105,0.104128495,0.10352041,0.10309685,0.10286791,0.10284364,0.10302579,0.10340286,0.103965364,0.10470365,0.10560815,0.106669255,0.10787741,0.10922298,0.110696435,0.11228814,0.113988504,0.115787975,0.11767696,0.119645834,0.12168502,0.12378495,0.125936,0.12812862,0.13035323,0.13260016,0.13485992,0.13712282,0.13937938,0.14161995,0.14383496,0.1460148,0.14814986,0.15023062,0.15224743,0.15419072,0.15605092,0.15781842,0.15943068,0.16083828,0.16205129,0.16307965,0.16393362,0.16462317,0.16515836,0.16554926,0.16580597,0.16593848,0.16595694,0.16587135,0.16569188,0.16542847,0.16509123
0.16128205,0.16165623,0.1619709,0.16221672,0.16238424,0.16246405,0.16244687,0.16232316,0.16208363,0.16171883,0.16121942,0.16057594,0.15977906,0.15881933,0.1576874,0.15637383,0.1548693,0.15321484,0.1514645,0.14962818,0.14771578,0.14573728,0.1437025,0.1416215,0.13950405,0.13736017,0.13519977,0.13303274,0.13086905,0.12871855,0.1265912,0.124496944,0.12244566,0.12044729,0.11851176,0.116648965,0.11486885,0.11318134,0.111596346,0.11012378,0.10877358,0.10755565,0.10647991,0.10555633,0.10479477,0.104205154,0.103797436,0.10358153,0.10356733,0.10375595,0.104135565,0.104696795,0.105430245,0.106326506,0.10737621,0.10856994,0.109898314,0.11135192,0.11292143,0.11459737,0.11637037,0.11823108,0.12017002,0.12217789,0.12424521,0.12636268,0.12852085,0.1307103,0.1329217,0.13514559,0.13737263,0.1395934,0.14179853,0.1439786,0.1461242,0.14822602,0.15027457,0.1522605,0.15417443,0.15600692,0.15774862,0.1593376,0.1607249,0.16192034,0.16293395,0.16377556,0.16445513,0.1649826,0.16536787,0.16562083,0.16575147,0.16576965,0.16568533,0.16550842,0.16524883,0.16491647
0.16069362,0.16105819,0.16136481,0.16160426,0.1617675,0.16184528,0.16182852,0.161708,0.16147462,0.1611192,0.16063258,0.16000567,0.15922925,0.1582942,0.15719132,0.15591155,0.15444568,0.15283328,0.15112658,0.14933534,0.14746927,0.1455382,0.14355181,0.14151992,0.13945223,0.13735858,0.1352486,0.13313214,0.13101895,0.12891875,0.12684132,0.12479641,0.12279377,0.12084315,0.11895436,0.117137074,0.11540111,0.11375619,0.1122121,0.11077856,0.109465376,0.10828223,0.10723894,0.106345244,0.10561091,0.10504567,0.10465927,0.10446149,0.10446211,0.104661256,0.10504649,0.10560869,0.10633866,0.10722726,0.108265355,0.10944379,0.11075341,0.112185076,0.1137296,0.11537784,0.11712067,0.11894893,0.120853424,0.12282504,0.124854654,0.12693305,0.12905115,0.13119969,0.13336964,0.13555178,0.13773696,0.13991605,0.14207986,0.1442193,0.14632513,0.1483883,0.1503996,0.15234987,0.15422997,0.15603074,0.15774308,0.15930568,0.16066988,0.1618455,0.16284224,0.16366988,0.16433816,0.16485688,0.1652357,0.1654845,0.16561297,0.16563082,0.1655479,0.16537394,0.16511865,0.16479182
0.16000164,0.1603549,0.160652,0.16088402,0.1610422,0.16111758,0.16110133,0.16098455,0.1607584,0.16041401,0.15994254,0.15933503,0.15858275,0.15767668,0.15660806,0.15536799,0.15394759,0.15238462,0.1507291,0.14899062,0.14717874,0.14530304,0.14337309,0.14139846,0.13938877,0.13735351,0.13530234,0.13324474,0.13119033,0.1291487,0.12712942,0.12514204,0.12319612,0.12130128,0.11946709,0.11770306,0.116018824,0.114423946,0.11292797,0.11154052,0.11027112,0.109129354,0.1081248,0.10726705,0.10656566,0.1060302,0.105670236,0.10549535,0.10551514,0.10572854,0.10612228,0.106687464,0.10741523,0.10829672,0.109323055,0.11048536,0.11177479,0.11318246,0.1146995,0.11631706,0.11802626,0.11981817,0.12168405,0.12361494,0.12560202,0.12763634,0.12970917,0.1318115,0.13393456,0.13606942,0.13820723,0.14033914,0.14245626,0.14454974,0.1466107,0.14863028,0.15059961,0.15250982,0.154352,0.15611736,0.15779701,0.15933031,0.16066892,0.16182248,0.16280055,0.16361266,0.1642684,0.16477738,0.16514912,0.16539323,0.16551931,0.16553687,0.1654555,0.16528475,0.16503428,0.16471358
0.15921453,0.15955488,0.15984118,0.16006479,0.16021712,0.16028978,0.16027413,0.16016161,0.1599437,0.15961188,0.15915754,0.15857223,0.1578473,0.1569743,0.15594462,0.15474969,0.15338108,0.15187429,0.1502769,0.14859828,0.14684775,0.14503475,0.14316866,0.1412588,0.13931458,0.13734539,0.13536052,0.13336945,0.13138145,0.12940603,0.12745243,0.12553006,0.12364835,0.1218166,0.12004423,0.118340604,0.11671508,0.115177035,0.11373588,0.11240091,0.11118158,0.11008725,0.109127246,0.10831096,0.107647784,0.1071471,0.106818244,0.10667061,0.10671359,0.106944695,0.10734956,0.10791964,0.108646356,0.10952122,0.11053561,0.11168106,0.112948954,0.11433083,0.11581806,0.117402144,0.119074516,0.12082667,0.12265,0.124536015,0.12647615,0.12846182,0.13048458,0.13253579,0.13460694,0.13668947,0.13877486,0.14085457,0.14292005,0.14496268,0.14697404,0.14894548,0.15086852,0.15273462,0.15453519,0.15626165,0.15790555,0.15940689,0.16071764,0.16184714,0.16280478,0.16359998,0.16424206,0.16474043,0.16510443,0.16534345,0.16546686,0.16548406,0.16540438,0.16523723,0.16499196,0.16467793
0.15834062,0.1586667,0.15894096,0.15915518,0.15930116,0.15937074,0.15935573,0.15924793,0.15903921,0.15872128,0.15828608,0.1577253,0.15703084,0.1561945,0.15520807,0.15406334,0.15275219,0.15130775,0.14977479,0.14816244,0.14647989,0.14473629,0.14294073,0.1411025,0.13923065,0.13733436,0.13542284,0.13350521,0.13159062,0.12968826,0.12780726,0.12595677,0.12414599,0.122384034,0.12068013,0.11904335,0.117482916,0.116007954,0.11462763,0.11335113,0.11218755,0.11114611,0.11023595,0.10946622,0.10884609,0.10838469,0.108091205,0.10797481,0.10804464,0.10829659,0.10871498,0.10929164,0.11001839,0.11088703,0.11188937,0.11301725,0.11426245,0.11561683,0.11707214,0.11862023,0.120252915,0.12196202,0.12373932,0.12557665,0.12746581,0.12939869,0.13136698,0.13336259,0.13537732,0.13740295,0.1394313,0.1414542,0.14346345,0.14545086,0.14740826,0.14932747,0.15120026,0.15301855,0.15477401,0.15645854,0.15806393,0.15953088,0.16081159,0.16191521,0.16285093,0.16362791,0.16425529,0.16474222,0.16509789,0.16533144,0.16545205,0.16546881,0.16539098,0.16522765,0.164988,0.16468117
0.15738837,0.15769887,0.15796001,0.158164,0.158303,0.15836929,0.15835497,0.15825231,0.15805355,0.15775086,0.1573364,0.15680245,0.15614118,0.1553448,0.15440546,0.15331545,0.15206695,0.15069044,0.14922762,0.14768738,0.1460787,0.14441048,0.14269164,0.14093113,0.1391379,0.1373208,0.1354889,0.13365099,0.13181603,0.129993,0.12819085,0.12641843,0.12468471,0.1229986,0.121369086,0.11980506,0.11831543,0.11690919,0.11559517,0.1143824,0.11327979,0.11229621,0.111440636,0.11072203,0.11014927,0.10973129,0.10947704,0.10939546,0.109495446,0.10977104,0.110205166,0.11078996,0.1115177,0.112380534,0.113370694,0.11448037,0.1157018,0.11702713,0.11844862,0.11995847,0.12154883,0.123211965,0.12494006,0.1267253,0.12855993,0.13043614,0.13234612,0.13428207,0.13623622,0.13820077,0.1401679,0.14212984,0.14407879,0.14600697,0.14790654,0.14976974,0.15158878,0.15335585,0.15506317,0.15670289,0.1582673,0.15969765,0.1609464,0.16202253,0.16293491,0.16369252,0.16430424,0.16477904,0.16512583,0.16535357,0.16547115,0.16548756,0.16541162,0.16525236,0.16501865,0.16471949
0.15636618,0.15665995,0.156907,0.15709999,0.15723152,0.15729421,0.15728067,0.15718357,0.15699552,0.15670912,0.15631698,0.15581177,0.15518615,0.15443265,0.15354392,0.15251264,0.15133138,0.1500278,0.14864019,0.14717731,0.14564778,0.1440603,0.14242363,0.14074637,0.13903727,0.13730498,0.13555819,0.13380565,0.13205597,0.1303179,0.12860008,0.12691124,0.12526008,0.123655245,0.122105435,0.12061936,0.11920572,0.117873155,0.11663038,0.1154861,0.11444899,0.11352774,0.112731054,0.112067625,0.1115461,0.11117521,0.11096363,0.11092005,0.11105317,0.11135497,0.11180672,0.112401076,0.11313064,0.11398803,0.11496588,0.11605683,0.11725347,0.11854845,0.11993439,0.12140393,0.12294968,0.12456425,0.12624025,0.1279704,0.12974724,0.1315634,0.13341151,0.13528422,0.13717414,0.13907388,0.1409761,0.1428734,0.14475839,0.14662373,0.14846198,0.15026587,0.15202796,0.15374087,0.15539724,0.1569897,0.15851085,0.15990265,0.16111776,0.16216491,0.16305271,0.16378987,0.16438513,0.16484712,0.16518459,0.16540615,0.1655206,0.16553652,0.16546266,0.16530769,0.1650803,0.1647892
0.15528238,0.15555839,0.15579055,0.15597187,0.15609547,0.15615433,0.15614165,0.15605041,0.15587373,0.1556046,0.15523617,0.15476146,0.15417357,0.15346557,0.15263052,0.1516615,0.15055154,0.14932525,0.14801739,0.14663637,0.14519064,0.14368871,0.14213894,0.14054978,0.1389297,0.1372871,0.13563043,0.13396814,0.13230866,0.13066044,0.12903194,0.12743153,0.12586771,0.124348864,0.122883484,0.12147994,0.12014677,0.11889233,0.1177251,0.11665349,0.11568598,0.114830956,0.11409691,0.11349225,0.11302538,0.112704806,0.112538904,0.11253619,0.11270502,0.11303523,0.11350633,0.11411144,0.11484358,0.11569584,0.11666128,0.117732994,0.118904024,0.12016746,0.121516354,0.12294381,0.12444286,0.12600659,0.12762809,0.12930037,0.13101657,0.1327697,0.13455287,0.13635916,0.1381816,0.14001328,0.14184728,0.14367668,0.14549449,0.14729384,0.14906779,0.1508094,0.15251172,0.15416785,0.15577085,0.15731381,0.15878975,0.16014129,0.16132124,0.16233808,0.16320018,0.16391605,0.16449408,0.16494271,0.16527039,0.16548558,0.1655967,0.16561213,0.16554043,0.16538993,0.16516915,0.16488646
0.15414539,0.15440284,0.15461932,0.15478843,0.1549037,0.15495864,0.15494677,0.15486167,0.15469687,0.15444592,0.15410233,0.15365961,0.15311134,0.15245107,0.15167229,0.15076861,0.14973348,0.14858826,0.14736398,0.14606878,0.14471096,0.14329857,0.14183986,0.14034301,0.13881613,0.1372675,0.13570519,0.13413745,0.13257241,0.13101831,0.12948328,0.12797551,0.12650317,0.12507445,0.12369752,0.12238054,0.1211317,0.11995924,0.11887126,0.11787593,0.11698148,0.11619608,0.11552789,0.114985086,0.11457584,0.11430835,0.11419076,0.114231296,0.11443812,0.11479865,0.11529061,0.11590748,0.11664286,0.11749026,0.11844323,0.11949527,0.12063995,0.12187083,0.1231814,0.124565214,0.12601577,0.12752669,0.12909149,0.13070364,0.13235673,0.13404427,0.13575986,0.13749696,0.13924915,0.14100996,0.1427729,0.14453156,0.14627944,0.14801009,0.149717,0.15139382,0.15303397,0.15463108,0.1561786,0.15767013,0.15909918,0.16040897,0.16155249,0.16253787,0.16337338,0.16406709,0.16462728,0.16506208,0.16537964,0.16558817,0.16569585,0.16571082,0.16564131,0.16549547,0.16528152,0.16500756
0.15296367,0.15320174,0.15340196,0.15355837,0.15366499,0.15371577,0.15370482,0.15362611,0.1534737,0.15324157,0.1529238,0.15251437,0.15200728,0.1513966,0.15067634,0.14984056,0.14888321,0.14782226,0.14668478,0.14547884,0.1442122,0.14289287,0.1415287,0.14012764,0.13869755,0.1372464,0.13578203,0.13431244,0.13284549,0.13138902,0.12995106,0.12853943,0.1271621,0.12582694,0.12454188,0.1233148,0.12215364,0.121066295,0.1200607,0.11914471,0.118326314,0.11761332,0.117013715,0.11653537,0.11618624,0.11597417,0.11590712,0.11599297,0.11623965,0.116632126,0.11714616,0.11777574,0.1185149,0.11935767,0.12029806,0.121330105,0.122447826,0.123645216,0.12491634,0.12625523,0.12765588,0.1291123,0.13061856,0.13216862,0.13375655,0.13537635,0.13702206,0.13868766,0.14036725,0.1420548,0.14374432,0.14542988,0.14710547,0.14876515,0.15040284,0.1520127,0.15358868,0.1551248,0.1566151,0.1580536,0.1594343,0.16070111,0.16180706,0.16276014,0.16356815,0.16423914,0.16478091,0.16520141,0.16550857,0.16571023,0.16581437,0.16582887,0.16576165,0.1656206,0.16541365,0.16514869
0.15174551,0.15196368,0.15214711,0.15229043,0.15238808,0.15243466,0.15242462,0.1523525,0.15221284,0.15200019,0.151709,0.15133382,0.15086922,0.15030971,0.14964977,0.14888395,0.14800675,0.14703263,0.1459847,0.14487061,0.14369798,0.14247446,0.14120768,0.13990527,0.1385749,0.13722411,0.13586067,0.1344921,0.13312604,0.13177021,0.13043217,0.12911959,0.12784009,0.12660131,0.12541084,0.12427641,0.123205595,0.12220601,0.121285304,0.12045113,0.119711116,0.11907292,0.118544124,0.11813238,0.11784534,0.117690645,0.11767587,0.117808715,0.11809679,0.118522525,0.119059645,0.11970262,0.120446,0.121284336,0.12221208,0.12322385,0.12431409,0.12547736,0.12670818,0.12800105,0.12935053,0.13075112,0.13219734,0.13368373,0.13520484,0.13675512,0.1383291,0.13992143,0.14152645,0.14313881,0.14475298,0.14636351,0.14796491,0.14955172,0.15111843,0.1526596,0.15416972,0.15564333,0.15707494,0.15845911,0.15979034,0.16101311,0.16208062,0.16300055,0.16378051,0.16442817,0.16495112,0.16535701,0.16565348,0.16584818,0.16594869,0.16596267,0.16589777,0.16576165,0.16556187,0.16530612
0.15049936,0.15069713,0.15086345,0.15099336,0.1510819,0.1511241,0.151115,0.15104966,0.15092303,0.15073024,0.1504663,0.1501262,0.14970507,0.14919785,0.1485996,0.14790536,0.1471102,0.1462249,0.14526851,0.14424841,0.14317188,0.14204633,0.14087911,0.13967755,0.13844906,0.13720095,0.13594054,0.13467526,0.13341244,0.13215943,0.13092355,0.12971222,0.12853274,0.12739249,0.1262988,0.12525906,0.12428062,0.1233708,0.12253698,0.12178654,0.12112678,0.120565094,0.1201088,0.119765274,0.11954191,0.11944601,0.119484924,0.11966604,0.119996704,0.1204567,0.12101769,0.12167463,0.12242258,0.123256594,0.12417169,0.12516293,0.12622531,0.12735388,0.12854367,0.12978977,0.13108714,0.13243087,0.13381594,0.13523744,0.13669038,0.13816978,0.13967073,0.14118817,0.14271727,0.14425294,0.14579028,0.14732431,0.14885008,0.15036255,0.15185687,0.153328,0.15477104,0.15618093,0.15755278,0.1588816,0.16016243,0.16134039,0.1623688,0.16325504,0.16400643,0.16463034,0.1651341,0.16552514,0.16581075,0.16599828,0.16609511,0.16610858,0.16604608,0.16591494,0.16572246,0.1654761
0.14923367,0.1494107,0.1495596,0.1496759,0.14975514,0.14979292,0.14978479,0.14972627,0.14961295,0.14944033,0.14920405,0.14889961,0.14852257,0.14806847,0.14753293,0.14691141,0.14619955,0.1454045,0.14454108,0.14361636,0.14263743,0.14161137,0.14054523,0.13944608,0.13832103,0.13717711,0.13602139,0.13486098,0.13370292,0.13255426,0.13142213,0.13031358,0.12923566,0.12819545,0.12720002,0.12625648,0.1253718,0.12455318,0.123807624,0.12314218,0.12256397,0.12208006,0.121697485,0.12142335,0.12126471,0.121228635,0.12132221,0.12155249,0.12192656,0.12242154,0.1230069,0.12367819,0.12443095,0.12526076,0.12616318,0.12713371,0.12816797,0.12926151,0.13040984,0.13160852,0.13285314,0.13413925,0.1354624,0.13681816,0.13820203,0.13960965,0.14103651,0.14247817,0.1439302,0.14538817,0.14684764,0.14830412,0.14975317,0.15119039,0.15261133,0.1540115,0.15538652,0.1567319,0.15804318,0.15931597,0.16054577,0.16167837,0.16266721,0.1635193,0.16424176,0.16484164,0.16532606,0.165702,0.16597661,0.16615693,0.16625004,0.166263,0.16620287,0.1660768,0.16589175,0.16565485
0.14795677,0.1481129,0.1482442,0.14834678,0.1484167,0.14845002,0.14844282,0.1483912,0.14829126,0.14813903,0.14793064,0.14766213,0.14732958,0.14692912,0.14645681,0.14590867,0.14528085,0.14457682,0.14380717,0.14297871,0.14209822,0.14117251,0.14020833,0.13921246,0.13819171,0.13715291,0.13610278,0.13504809,0.13399568,0.13295235,0.13192482,0.1309199,0.12994444,0.12900512,0.12810881,0.12726226,0.12647226,0.1257456,0.12508908,0.12450941,0.12401349,0.12360806,0.12329988,0.123095766,0.12300248,0.123026825,0.1231756,0.12345558,0.12387352,0.12440389,0.12501395,0.12569983,0.12645754,0.1272832,0.12817286,0.12912266,0.1301286,0.13118686,0.13229343,0.13344443,0.13463596,0.13586403,0.13712479,0.13841428,0.13972865,0.14106384,0.14241607,0.14378136,0.14515579,0.14653546,0.1479164,0.14929476,0.15066656,0.15202793,0.15337494,0.15470362,0.15601012,0.15729046,0.15854079,0.15975712,0.16093555,0.16202249,0.16297144,0.16378918,0.16448252,0.16505823,0.16552307,0.16588385,0.1661474,0.16632046,0.1664098,0.16642223,0.16636455,0.16624352,0.16606596,0.16583861
0.14667706,0.14681225,0.14692594,0.14701475,0.14707528,0.14710413,0.1470979,0.14705323,0.14696667,0.14683487,0.14665444,0.14642194,0.14613403,0.14578728,0.1453783,0.14490375,0.14436014,0.1437473,0.14307167,0.14233965,0.14155784,0.14073268,0.13987066,0.1389783,0.13806213,0.13712862,0.13618426,0.13523558,0.13428907,0.13335122,0.13242854,0.13152751,0.13065466,0.12981647,0.1290195,0.12827018,0.12757501,0.12694053,0.12637322,0.12587957,0.12546611,0.12513931,0.1249057,0.12477177,0.124744006,0.12482893,0.12503302,0.12536281,0.12582476,0.1263906,0.12702547,0.12772593,0.12848864,0.12931018,0.13018712,0.1311161,0.13209379,0.13311666,0.13418142,0.13528462,0.13642293,0.1375929,0.13879117,0.14001428,0.14125894,0.14252165,0.1437991,0.14508787,0.14638454,0.14768574,0.14898807,0.15028815,0.15158254,0.1528679,0.15414083,0.1553979,0.15663575,0.15785097,0.15904017,0.16019996,0.16132693,0.16236813,0.16327712,0.16406044,0.16472459,0.16527608,0.16572136,0.16606697,0.16631944,0.1664852,0.16657078,0.16658266,0.16652745,0.16641152,0.16624142,0.16602366
0.14540297,0.14551726,0.14561345,0.14568855,0.14573973,0.14576416,0.14575887,0.14572106,0.14564787,0.14553641,0.14538379,0.1451872,0.14494368,0.14465044,0.14430453,0.14390317,0.14344345,0.14292143,0.14233938,0.14170344,0.1410198,0.14029476,0.13953449,0.13874522,0.13793315,0.13710451,0.13626549,0.13542233,0.13458128,0.13374847,0.13293017,0.13213263,0.131362,0.13062449,0.1299264,0.12927386,0.12867315,0.12813045,0.12765194,0.1272439,0.12691258,0.12666406,0.12650467,0.1264406,0.12647805,0.12662324,0.12688237,0.1272617,0.12776744,0.12836856,0.12902808,0.12974305,0.13051066,0.13132803,0.13219225,0.13310052,0.13404992,0.1350376,0.13606066,0.13711625,0.13820152,0.13931356,0.14044954,0.14160658,0.14278178,0.14397228,0.14517522,0.14638773,0.14760698,0.14883,0.15005401,0.15127607,0.15249339,0.15370302,0.15490215,0.15608786,0.15725732,0.15840766,0.15953594,0.1606394,0.1617151,0.16271067,0.16357991,0.16432893,0.164964,0.16549131,0.16591713,0.16624759,0.16648898,0.16664751,0.16672935,0.16674073,0.1666879,0.16657704,0.16641441,0.16620617
0.14414284,0.14423653,0.14431535,0.14437692,0.14441887,0.14443888,0.14443453,0.14440358,0.14434355,0.14425223,0.14412715,0.14396599,0.14376642,0.14352606,0.14324258,0.14291362,0.14253682,0.14210467,0.14161515,0.14107421,0.14048778,0.13986176,0.13920212,0.1385148,0.13780575,0.13708085,0.13634607,0.13560735,0.13487059,0.13414171,0.1334267,0.13273147,0.13206197,0.13142411,0.13082379,0.13026705,0.12975973,0.12930778,0.12891714,0.12859377,0.12834358,0.12817253,0.1280865,0.12809147,0.12819335,0.12839808,0.12871163,0.12913984,0.12968874,0.13032465,0.13100839,0.13173762,0.13250998,0.13332307,0.13417464,0.13506226,0.1359836,0.13693632,0.13791806,0.13892645,0.13995914,0.1410138,0.14208803,0.14317955,0.14428598,0.14540493,0.14653409,0.1476711,0.14881358,0.14995919,0.1511056,0.15225047,0.15339135,0.154526,0.15565203,0.15676707,0.15786874,0.15895477,0.16002278,0.16107038,0.16209525,0.16304563,0.16387536,0.1645904,0.16519664,0.16570005,0.16610649,0.16642196,0.1666524,0.16680372,0.16688183,0.16689272,0.16684228,0.16673647,0.16658117,0.16638239
0.14290512,0.14297856,0.14304033,0.14308858,0.14312147,0.14313716,0.14313374,0.14310949,0.14306247,0.14299084,0.14289282,0.14276649,0.14261009,0.14242166,0.14219947,0.14194164,0.1416463,0.14130238,0.14090377,0.14045617,0.13996522,0.13943651,0.13887583,0.13828872,0.13768086,0.13705795,0.13642557,0.13578947,0.1351552,0.13452852,0.13391502,0.13332036,0.13275023,0.13221025,0.13170607,0.1312434,0.13082781,0.13046506,0.1301607,0.12992048,0.12975001,0.12965493,0.1296409,0.12971361,0.12987867,0.13014178,0.13050859,0.1309847,0.13157582,0.13224569,0.13295305,0.13369606,0.13447289,0.13528167,0.13612056,0.13698773,0.13788135,0.13879953,0.13974044,0.14070228,0.14168315,0.14268126,0.14369473,0.14472169,0.14576036,0.14680888,0.14786534,0.14892796,0.14999491,0.15106429,0.15213428,0.15320309,0.15426879,0.15532959,0.1563836,0.15742901,0.15846397,0.15948667,0.1604952,0.16148776,0.1624625,0.16336833,0.16415915,0.16484064,0.16541845,0.16589823,0.16628563,0.16658632,0.16680595,0.16695017,0.16702461,0.16703498,0.16698691,0.16688606,0.1667381,0.16654862
0.14169818,0.14175189,0.14179704,0.14183229,0.14185634,0.14186779,0.14186531,0.14184757,0.1418132,0.14176086,0.14168917,0.14159685,0.14148247,0.14134474,0.14118232,0.14099383,0.14077792,0.14052004,0.14021012,0.13985358,0.13945575,0.13902202,0.13855784,0.13806851,0.13755944,0.137036,0.13650365,0.13596767,0.13543348,0.13490646,0.13439204,0.13389555,0.13342236,0.13297787,0.13256748,0.13219658,0.13187052,0.13159472,0.13137454,0.13121533,0.13112251,0.13110147,0.13115758,0.13129623,0.13152277,0.13184266,0.13226117,0.13278383,0.13341585,0.13411859,0.1348487,0.13560493,0.1363858,0.13719006,0.13801639,0.13886334,0.13972962,0.14061388,0.1415148,0.14243093,0.14336102,0.1443037,0.14525759,0.1462214,0.14719371,0.14817323,0.1491586,0.15014845,0.15114145,0.15213627,0.15313151,0.15412585,0.15511794,0.15610646,0.15709,0.15806729,0.15903692,0.15999758,0.16094789,0.16188653,0.16281211,0.16367424,0.16442691,0.16507551,0.16562542,0.16608205,0.16645074,0.16673693,0.16694596,0.1670832,0.1671541,0.16716395,0.1671182,0.16702223,0.16688137,0.16670105
0.14053039,0.140565,0.14059407,0.14061679,0.14063229,0.14063966,0.14063805,0.14062664,0.14060451,0.14057077,0.14052464,0.14046514,0.14039148,0.14030278,0.14019819,0.14007676,0.1399377,0.13976307,0.13953902,0.13927057,0.13896295,0.1386212,0.13825044,0.13785583,0.13744241,0.1370154,0.13657984,0.13614088,0.13570361,0.13527316,0.13485469,0.13445324,0.13407391,0.13372196,0.13340238,0.13312031,0.13288091,0.13268924,0.13255043,0.13246962,0.13245194,0.13250244,0.13262628,0.13282856,0.13311447,0.13348903,0.13395739,0.13452466,0.135196,0.13593015,0.13668199,0.13745059,0.1382351,0.13903467,0.1398484,0.1406755,0.141515,0.1423661,0.14322788,0.14409952,0.14498013,0.14586882,0.14676479,0.1476671,0.14857489,0.14948733,0.15040356,0.15132263,0.15224376,0.15316604,0.15408862,0.1550106,0.15593116,0.15684938,0.15776442,0.15867542,0.1595815,0.16048175,0.1613754,0.1622615,0.16313922,0.16395871,0.16467421,0.16529071,0.16581343,0.16624753,0.166598,0.16687003,0.16706875,0.1671992,0.16726655,0.16727594,0.16723248,0.1671412,0.16700734,0.16683595
0.13941024,0.13942645,0.13944015,0.13945083,0.1394581,0.13946158,0.13946083,0.13945544,0.13944505,0.13942923,0.13940749,0.13937956,0.13934495,0.13930325,0.1392541,0.13919705,0.1391317,0.13903695,0.13889529,0.13871141,0.1384904,0.13823691,0.13795592,0.13765226,0.13733079,0.13699634,0.13665383,0.13630804,0.13596386,0.1356262,0.13529986,0.13498972,0.13470061,0.13443744,0.13420506,0.13400829,0.133852,0.13374104,0.13368034,0.13367467,0.13372894,0.133848,0.13403669,0.1342999,0.13464244,0.1350692,0.13558504,0.13619485,0.13690345,0.13766733,0.13843952,0.13921958,0.14000711,0.14080177,0.14160304,0.1424106,0.14322399,0.14404282,0.1448667,0.14569515,0.14652786,0.14736438,0.14820431,0.14904721,0.14989266,0.15074036,0.1515898,0.1524406,0.15329231,0.1541446,0.15499705,0.15584919,0.15670066,0.15755104,0.15839992,0.15924692,0.1600916,0.16093352,0.16177237,0.16260765,0.163439,0.16421722,0.16489667,0.16548212,0.16597855,0.16639073,0.16672352,0.16698188,0.16717057,0.16729444,0.16735844,0.16736735,0.16732603,0.1672394,0.16711225,0.1669495
0.13834602,0.13834487,0.1383439,0.13834311,0.13834257,0.13834238,0.1383424,0.13834278,0.13834354,0.13834465,0.13834623,0.13834822,0.1383507,0.13835369,0.13835719,0.13836128,0.13836594,0.13834712,0.1382837,0.13818033,0.13804159,0.13787214,0.13767654,0.13745943,0.13722542,0.13697912,0.13672511,0.13646807,0.13621253,0.13596314,0.13572453,0.13550127,0.13529797,0.13511929,0.13496982,0.13485414,0.13477689,0.1347427,0.13475613,0.13482182,0.13494436,0.1351284,0.13537854,0.13569938,0.1360955,0.13657156,0.13713211,0.13778186,0.13852534,0.13931693,0.14010791,0.14089836,0.14168824,0.14247768,0.14326656,0.14405504,0.14484307,0.14563075,0.14641805,0.14720502,0.14799169,0.14877808,0.14956422,0.15035017,0.15113592,0.15192151,0.15270698,0.15349236,0.15427767,0.15506294,0.15584819,0.15663348,0.15741877,0.15820418,0.15898971,0.15977536,0.16056114,0.16134718,0.16213338,0.16291988,0.16370663,0.16444515,0.16508988,0.1656455,0.16611657,0.16650774,0.16682358,0.16706872,0.16724776,0.16736536,0.16742603,0.16743451,0.16739532,0.1673131,0.16719243,0.16703798
0.1373462,0.13732868,0.13731393,0.13730243,0.13729458,0.13729084,0.13729165,0.13729744,0.13730864,0.13732573,0.13734913,0.13737927,0.13741657,0.13746151,0.13751452,0.13757604,0.13764648,0.13769896,0.13770916,0.13768142,0.1376202,0.13752976,0.13741456,0.13727896,0.13712732,0.13696401,0.13679339,0.13661987,0.1364478,0.13628158,0.13612553,0.1359841,0.13586162,0.13576245,0.13569099,0.13565162,0.13564868,0.13568658,0.13576967,0.13590233,0.13608895,0.13633388,0.13664152,0.13701622,0.13746233,0.13798432,0.13858648,0.1392732,0.14004885,0.14086582,0.14167386,0.14247335,0.14326483,0.14404865,0.1448253,0.14559522,0.14635883,0.14711656,0.14786884,0.14861618,0.14935896,0.15009762,0.15083262,0.15156437,0.15229338,0.15302004,0.15374476,0.15446806,0.15519027,0.15591195,0.15663348,0.1573553,0.15807782,0.15880154,0.15952687,0.16025425,0.1609841,0.16171691,0.1624531,0.16319308,0.16393732,0.16463792,0.16524959,0.16577663,0.16622354,0.1665946,0.16689423,0.16712679,0.16729666,0.1674082,0.16746578,0.16747381,0.16743661,0.16735859,0.16724417,0.16709761
0.13641912,0.13638645,0.13635895,0.13633746,0.13632286,0.13631588,0.13631737,0.13632818,0.13634908,0.13638097,0.13642462,0.13648084,0.13655041,0.13663428,0.13673316,0.13684793,0.13697936,0.13709797,0.13717647,0.13721898,0.1372297,0.13721275,0.13717228,0.13711242,0.13703738,0.13695125,0.13685822,0.1367624,0.136668,0.13657908,0.1364999,0.13643453,0.13638712,0.1363619,0.13636291,0.13639435,0.13646042,0.13656521,0.13671286,0.13690755,0.13715343,0.13745467,0.13781537,0.13823971,0.13873182,0.13929589,0.13993602,0.14065641,0.14146118,0.14230089,0.14312392,0.1439311,0.14472322,0.1455011,0.14626563,0.14701754,0.1477577,0.1484869,0.14920598,0.14991575,0.1506171,0.15131073,0.15199755,0.15267834,0.15335394,0.15402515,0.15469281,0.15535775,0.15602075,0.15668267,0.15734431,0.15800649,0.15867004,0.15933579,0.16000456,0.16067712,0.16135436,0.16203707,0.16272607,0.16342221,0.16412622,0.16479096,0.16537127,0.16587135,0.16629535,0.16664742,0.1669317,0.16715233,0.1673135,0.16741931,0.167474,0.16748159,0.16744633,0.1673723,0.1672637,0.16712469
0.13557322,0.1355267,0.13548756,0.135457,0.13543618,0.13542625,0.1354284,0.13544378,0.13547355,0.13551892,0.13558102,0.13566102,0.13576011,0.13587944,0.13602018,0.13618352,0.13637058,0.13654956,0.13669045,0.13679719,0.13687374,0.136924,0.13695194,0.13696149,0.13695659,0.13694118,0.13691922,0.13689461,0.13687134,0.1368533,0.13684447,0.13684876,0.13687013,0.13691252,0.13697985,0.1370761,0.13720515,0.137371,0.13757758,0.1378288,0.13812862,0.13848096,0.13888979,0.13935903,0.13989264,0.14049454,0.14116868,0.14191902,0.14274944,0.14360899,0.14444478,0.145258,0.1460498,0.14682135,0.14757384,0.14830841,0.14902626,0.1497285,0.15041636,0.15109096,0.15175352,0.15240514,0.15304706,0.15368041,0.15430635,0.15492608,0.15554072,0.15615149,0.1567595,0.157366,0.1579721,0.15857896,0.1591878,0.1597997,0.16041592,0.1610376,0.16166587,0.16230193,0.16294694,0.16360208,0.16426854,0.16489963,0.1654506,0.16592541,0.16632798,0.16666225,0.16693215,0.16714163,0.16729467,0.16739514,0.16744702,0.16745424,0.16742076,0.16735049,0.16724737,0.16711539
0.13482009,0.13476126,0.13471174,0.13467307,0.13464676,0.1346342,0.13463691,0.13465635,0.13469402,0.13475138,0.13482995,0.13493112,0.1350564,0.13520736,0.13538538,0.13559194,0.13582854,0.13606128,0.13625777,0.13642174,0.13655698,0.1366672,0.1367562,0.1368276,0.13688534,0.13693307,0.13697453,0.1370135,0.13705373,0.13709891,0.1371529,0.13721938,0.13730209,0.13740483,0.1375313,0.13768524,0.13787049,0.13809073,0.13834971,0.13865119,0.13899899,0.13939673,0.13984826,0.14035723,0.14092754,0.14156282,0.14226688,0.14304341,0.14389624,0.14477292,0.14561959,0.14643766,0.14722867,0.14799406,0.14873534,0.14945392,0.15015139,0.1508291,0.15148866,0.15213144,0.15275896,0.15337268,0.15397412,0.1545647,0.15514596,0.15571932,0.15628625,0.15684827,0.15740685,0.15796347,0.15851958,0.15907669,0.15963626,0.16019976,0.1607687,0.16134448,0.1619287,0.16252275,0.1631281,0.16374627,0.1643787,0.16497943,0.16550384,0.1659558,0.16633895,0.1666571,0.16691403,0.1671134,0.16725905,0.16735472,0.1674041,0.16741094,0.16737908,0.16731219,0.16721407,0.16708843
0.13416253,0.13409296,0.13403443,0.13398868,0.13395754,0.13394271,0.13394591,0.13396889,0.13401343,0.13408129,0.13417418,0.13429387,0.13444209,0.13462062,0.13483115,0.13507548,0.13535532,0.13563497,0.13588001,0.13609396,0.13628042,0.13644302,0.13658522,0.13671075,0.13682313,0.13692598,0.13702281,0.1371173,0.13721295,0.13731337,0.13742216,0.13754292,0.13767919,0.1378346,0.13801269,0.13821709,0.1384514,0.13871908,0.13902384,0.13936925,0.13975883,0.14019625,0.140685,0.14122875,0.14183106,0.14249548,0.14322568,0.1440251,0.14489746,0.14578907,0.1466452,0.14746754,0.14825784,0.14901786,0.1497493,0.15045403,0.15113369,0.15179004,0.15242481,0.15303983,0.15363678,0.15421739,0.15478349,0.15533674,0.15587893,0.15641181,0.1569371,0.1574566,0.15797205,0.15848511,0.15899758,0.15951127,0.1600278,0.16054903,0.16107668,0.16161251,0.1621582,0.16271551,0.16328628,0.16387212,0.16447489,0.16504906,0.16555032,0.16598229,0.16634853,0.16665263,0.16689816,0.16708875,0.16722798,0.1673194,0.16736658,0.16737317,0.1673427,0.16727874,0.16718495,0.16706486
0.13359591,0.13351706,0.13345075,0.1333989,0.13336362,0.1333468,0.1333504,0.13337648,0.13342698,0.13350385,0.13360912,0.13374475,0.1339127,0.134115,0.13435353,0.1346304,0.13494751,0.13526762,0.13555449,0.1358115,0.13604212,0.13624978,0.13643797,0.13661005,0.13676956,0.13691987,0.13706446,0.13720673,0.13735016,0.13749817,0.13765424,0.13782176,0.13800417,0.13820498,0.13842759,0.1386754,0.13895194,0.13926056,0.13960476,0.13998796,0.14041366,0.14088519,0.1414061,0.1419798,0.14260967,0.14329924,0.14405185,0.14487104,0.14576021,0.14666477,0.14752905,0.14835505,0.14914472,0.14990012,0.15062317,0.15131585,0.15198015,0.15261805,0.15323156,0.15382262,0.15439321,0.15494534,0.15548098,0.15600204,0.15651059,0.15700863,0.15749802,0.15798086,0.15845905,0.15893462,0.1594095,0.15988572,0.16036525,0.16085003,0.16134211,0.16184342,0.16235593,0.16288166,0.16342252,0.16398059,0.16455778,0.16510908,0.16559036,0.16600513,0.16635674,0.16664876,0.16688454,0.16706756,0.16720118,0.16728896,0.16733427,0.16734059,0.16731134,0.16724995,0.1671599,0.1670446
0.13311552,0.13302876,0.13295583,0.13289891,0.13286006,0.13284153,0.13284554,0.13287422,0.13292974,0.13301428,0.13313001,0.13327917,0.13346386,0.13368627,0.13394862,0.13425305,0.13460176,0.13495617,0.1352785,0.135572,0.13584006,0.13608597,0.13631305,0.13652466,0.13672411,0.13691469,0.13709974,0.13728257,0.13746648,0.13765487,0.13785097,0.13805814,0.1382797,0.13851899,0.13877928,0.139064,0.13937633,0.13971962,0.14009729,0.14051259,0.14096884,0.14146936,0.14201748,0.14261653,0.1432698,0.14398065,0.14475234,0.14558828,0.14649175,0.14740722,0.14827839,0.1491075,0.1498967,0.15064816,0.15136401,0.15204653,0.15269786,0.15332012,0.15391557,0.1544863,0.15503457,0.1555625,0.15607229,0.15656613,0.15704614,0.15751459,0.15797356,0.15842533,0.15887196,0.1593157,0.15975873,0.16020323,0.16065133,0.16110523,0.16156712,0.16203916,0.1625236,0.16302249,0.1635381,0.16407253,0.16462806,0.16515996,0.16562434,0.16602446,0.16636379,0.1666455,0.16687295,0.16704951,0.1671785,0.16726318,0.16730686,0.16731296,0.16728474,0.16722551,0.16713864,0.16702738
0.13271658,0.13262336,0.13254492,0.13248368,0.13244194,0.13242204,0.13242634,0.13245714,0.13251685,0.13260774,0.13273221,0.13289255,0.13309114,0.13333032,0.13361238,0.13393971,0.13431466,0.13469757,0.1350493,0.13537313,0.13567227,0.13594994,0.13620941,0.13645376,0.1366864,0.1369104,0.13712902,0.13734552,0.1375631,0.13778493,0.13801432,0.13825445,0.13850848,0.13877974,0.13907138,0.13938661,0.1397287,0.14010087,0.14050627,0.14094818,0.14142984,0.14195438,0.1425251,0.14314523,0.14381796,0.1445465,0.14533402,0.14618385,0.14709915,0.1480237,0.14890064,0.14973232,0.1505211,0.15126926,0.15197924,0.15265326,0.15329379,0.1539031,0.1544835,0.15503739,0.15556711,0.15607496,0.15656331,0.1570345,0.15749083,0.15793473,0.15836845,0.15879436,0.15921484,0.15963219,0.16004874,0.16046685,0.1608889,0.16131714,0.161754,0.16220175,0.1626628,0.16313946,0.16363403,0.16414891,0.16468641,0.1652022,0.16565253,0.16604057,0.16636957,0.16664277,0.16686334,0.16703455,0.16715963,0.16724175,0.16728416,0.16729003,0.16726267,0.16720523,0.16712098,0.16701311
0.1323945,0.13229598,0.13221313,0.13214841,0.1321043,0.13208328,0.13208781,0.13212036,0.13218345,0.1322795,0.13241097,0.1325804,0.13279018,0.13304286,0.13334088,0.13368672,0.13408284,0.13448873,0.13486423,0.13521254,0.1355368,0.13584012,0.13612565,0.13639653,0.13665591,0.13690692,0.1371527,0.13739638,0.13764107,0.13789,0.13814625,0.13841292,0.13869326,0.1389903,0.1393072,0.13964716,0.14001329,0.14040866,0.1408365,0.14129993,0.14180207,0.14234605,0.14293504,0.14357214,0.14426054,0.14500332,0.14580368,0.14666477,0.14758962,0.14852151,0.14940305,0.15023683,0.15102524,0.1517708,0.15247595,0.1531432,0.15377499,0.15437381,0.1549421,0.15548241,0.15599711,0.15648875,0.15695979,0.1574127,0.15784994,0.15827397,0.15868728,0.15909234,0.15949169,0.15988769,0.16028288,0.16067971,0.1610807,0.16148825,0.16190484,0.16233303,0.16277519,0.16323386,0.16371149,0.16421056,0.16473354,0.16523632,0.16567527,0.16605355,0.16637422,0.16664058,0.16685559,0.1670225,0.16714442,0.16722444,0.16726577,0.16727154,0.16724485,0.16718888,0.1671067,0.16700158
0.13214448,0.13204189,0.1319556,0.1318882,0.13184226,0.13182037,0.13182509,0.13185902,0.13192469,0.13202472,0.13216169,0.13233812,0.13255663,0.13281979,0.13313016,0.13349035,0.1339029,0.13432664,0.1347206,0.13508794,0.13543165,0.13575488,0.13606067,0.1363521,0.13663226,0.13690425,0.13717104,0.13743584,0.13770163,0.13797154,0.13824861,0.13853595,0.13883664,0.13915369,0.13949026,0.13984936,0.14023411,0.14064759,0.14109279,0.14157292,0.14209098,0.14265005,0.1432532,0.14390352,0.14460409,0.14535795,0.14616825,0.147038,0.14797029,0.14890786,0.14979303,0.1506284,0.15141654,0.15216006,0.1528615,0.15352346,0.15414847,0.15473917,0.15529804,0.15582778,0.15633085,0.15680991,0.15726754,0.15770622,0.15812862,0.15853725,0.15893477,0.15932368,0.15970658,0.16008602,0.16046461,0.16084494,0.16122955,0.16162105,0.16202198,0.16243492,0.16286245,0.16330718,0.16377163,0.16425839,0.16477011,0.16526279,0.16569293,0.16606365,0.16637787,0.16663885,0.16684957,0.16701311,0.16713259,0.16721106,0.16725153,0.16725716,0.167231,0.16717616,0.16709568,0.16699259
0.1319619,0.13185629,0.1317675,0.13169815,0.13165087,0.13162836,0.13163318,0.13166808,0.13173568,0.1318386,0.13197955,0.13216113,0.13238601,0.13265683,0.13297623,0.13334692,0.1337715,0.13420823,0.13461569,0.1349969,0.13535483,0.13569261,0.1360132,0.13631967,0.136615,0.13690224,0.13718446,0.13746467,0.13774586,0.13803113,0.1383234,0.1386258,0.13894135,0.13927306,0.13962395,0.13999707,0.14039543,0.14082207,0.14128003,0.14177233,0.142302,0.14287207,0.14348558,0.14414553,0.144855,0.14561698,0.14643452,0.14731061,0.14824834,0.14919004,0.15007788,0.15091442,0.15170239,0.15244438,0.15314312,0.15380119,0.15442128,0.15500599,0.15555803,0.15608005,0.15657465,0.15704452,0.15749231,0.15792063,0.15833218,0.15872961,0.15911552,0.15949263,0.15986353,0.16023089,0.1605974,0.16096565,0.1613383,0.16171804,0.1621075,0.16250935,0.1629262,0.1633607,0.16381557,0.16429336,0.16479683,0.16528212,0.16570586,0.16607097,0.16638058,0.16663763,0.16684517,0.16700628,0.16712399,0.16720122,0.16724113,0.16724665,0.16722092,0.16716689,0.16708758,0.16698608
0.13184199,0.13173443,0.13164398,0.1315733,0.1315252,0.13150221,0.13150719,0.13154271,0.13161156,0.13171642,0.13185996,0.13204493,0.13227399,0.13254984,0.13287516,0.13325273,0.13368519,0.1341305,0.1345468,0.13493712,0.13530442,0.13565172,0.13598204,0.13629837,0.13660364,0.13690096,0.13719328,0.13748358,0.1377749,0.13807021,0.13837251,0.13868484,0.13901013,0.13935143,0.13971174,0.14009403,0.14050137,0.14093664,0.14140297,0.14190327,0.14244056,0.14301787,0.14363815,0.14430447,0.14501977,0.14578705,0.14660934,0.14748962,0.14843091,0.14937535,0.1502649,0.15110222,0.15189005,0.1526311,0.15332806,0.1539836,0.15460038,0.15518124,0.15572877,0.15624568,0.15673472,0.15719856,0.15763988,0.15806141,0.15846586,0.15885589,0.15923424,0.15960355,0.1599666,0.16032602,0.16068456,0.1610449,0.16140972,0.16178174,0.16216366,0.1625582,0.16296804,0.16339587,0.1638444,0.1643163,0.16481435,0.16529486,0.16571434,0.16607583,0.16638231,0.16663678,0.1668423,0.16700181,0.16711828,0.1671948,0.16723429,0.16723979,0.16721427,0.16716078,0.1670823,0.16698179
0.13178003,0.1316715,0.13158019,0.13150886,0.1314603,0.13143712,0.13144211,0.13147798,0.1315475,0.13165332,0.13179822,0.13198492,0.13221616,0.13249457,0.13282299,0.13320412,0.13364065,0.13409036,0.13451122,0.13490625,0.13527839,0.1356306,0.13596593,0.13628733,0.13659778,0.1369003,0.13719784,0.13749336,0.13778989,0.1380904,0.13839787,0.13871528,0.13904566,0.13939187,0.13975707,0.14014412,0.14055604,0.14099582,0.14146645,0.14197086,0.14251211,0.14309312,0.14371698,0.14438652,0.14510486,0.14587489,0.1466996,0.14758207,0.1485252,0.14947104,0.15036148,0.15119922,0.15198697,0.1527275,0.15342352,0.15407771,0.15469287,0.15527168,0.15581693,0.15633123,0.1568174,0.15727809,0.15771611,0.15813412,0.1585349,0.1589211,0.1592955,0.15966082,0.16001981,0.16037512,0.16072954,0.1610858,0.16144657,0.16181462,0.16219267,0.16258343,0.16298963,0.16341402,0.16385926,0.16432817,0.16482341,0.16530143,0.16571869,0.16607831,0.1663832,0.16663638,0.16684079,0.16699944,0.16711535,0.16719145,0.16723076,0.16723622,0.16721088,0.16715762,0.16707955,0.1669796
0.13177145,0.13166273,0.13157132,0.13149993,0.13145123,0.13142803,0.13143307,0.13146898,0.13153858,0.13164456,0.13178962,0.13197659,0.13220808,0.1324869,0.13281573,0.13319731,0.13363442,0.13408478,0.1345063,0.13490197,0.13527474,0.13562767,0.13596368,0.1362858,0.13659698,0.1369002,0.13719843,0.13749471,0.13779196,0.1380932,0.1384014,0.13871951,0.13905059,0.13939753,0.13976339,0.14015111,0.14056367,0.14100406,0.14147528,0.14198026,0.1425221,0.14310363,0.14372791,0.14439794,0.14511667,0.1458871,0.14671218,0.14759493,0.14853832,0.14948437,0.15037492,0.15121272,0.15200044,0.15274091,0.1534368,0.15409085,0.15470576,0.15528429,0.1558292,0.15634315,0.15682887,0.15728919,0.1577267,0.15814425,0.1585445,0.15893017,0.15930405,0.1596688,0.16002722,0.16038194,0.1607358,0.16109149,0.16145173,0.1618192,0.16219671,0.16258693,0.16299264,0.16341658,0.16386138,0.16432981,0.16482468,0.16530229,0.16571933,0.16607867,0.16638333,0.1666363,0.16684057,0.16699913,0.16711494,0.16719098,0.16723026,0.16723572,0.16721037,0.16715719,0.16707917,0.16697927
0.13181138,0.13170335,0.13161248,0.13154152,0.13149315,0.13147008,0.13147506,0.13151078,0.13157995,0.13168527,0.1318295,0.1320153,0.13224542,0.13252255,0.13284944,0.13322872,0.1336632,0.13411067,0.13452923,0.13492186,0.13529153,0.1356413,0.13597408,0.1362929,0.13660078,0.13690062,0.13719551,0.13748841,0.13778229,0.13808018,0.13838501,0.13869984,0.13902764,0.1393714,0.13973413,0.14011876,0.14052837,0.14096586,0.1414343,0.14193664,0.1424759,0.14305502,0.14367707,0.144345,0.14506175,0.14583042,0.14665392,0.14753526,0.14847746,0.14942257,0.15031257,0.15115009,0.15193789,0.1526787,0.15337515,0.15403004,0.15464605,0.15522589,0.15577228,0.15628792,0.15677553,0.15723783,0.15767755,0.1580973,0.15849991,0.15888809,0.15926446,0.1596318,0.15999286,0.16035026,0.16070676,0.16106509,0.16142793,0.16179797,0.162178,0.16257067,0.16297868,0.16340484,0.16385174,0.16432218,0.16481884,0.16529809,0.16571648,0.16607705,0.16638274,0.1666366,0.16684157,0.16700062,0.16711684,0.16719313,0.16723254,0.16723803,0.16721258,0.16715923,0.16708092,0.16698068
0.13189527,0.13178858,0.13169886,0.13162878,0.13158102,0.1315583,0.13156317,0.1315984,0.13166672,0.13177074,0.13191311,0.13209657,0.13232377,0.13259742,0.13292009,0.1332946,0.13372356,0.13416503,0.13457741,0.13496366,0.13532683,0.13566987,0.1359959,0.1363078,0.1366087,0.13690151,0.13718936,0.13747519,0.13776197,0.1380528,0.1383507,0.13865858,0.13897955,0.13931659,0.13967273,0.14005093,0.14045426,0.14088576,0.14134833,0.14184505,0.14237899,0.14295305,0.14357035,0.14423381,0.14494653,0.14571147,0.14653163,0.14741006,0.14834978,0.14929299,0.15018174,0.15101874,0.15180664,0.1525481,0.15324585,0.15390249,0.1545208,0.15510334,0.1556529,0.1561721,0.15666358,0.15713009,0.1575743,0.15799883,0.15840642,0.15879975,0.15918148,0.15955426,0.15992078,0.16028374,0.16064581,0.16100964,0.16137797,0.16175343,0.1621387,0.16253647,0.16294943,0.16338025,0.16383158,0.16430612,0.16480656,0.1652892,0.16571055,0.16607367,0.16638152,0.16663715,0.16684358,0.16700378,0.1671208,0.16719761,0.16723733,0.16724285,0.16721722,0.16716349,0.16708463,0.16698366
0.13201831,0.13191366,0.13182561,0.13175687,0.13171001,0.13168767,0.13169248,0.13172708,0.13179408,0.13189612,0.13203582,0.13221581,0.13243872,0.13270721,0.13302381,0.13339125,0.1338121,0.13424484,0.1346481,0.13502502,0.13537858,0.13571183,0.13602787,0.13632968,0.13662033,0.13690287,0.1371803,0.13745575,0.1377322,0.13801268,0.13830028,0.13859804,0.13890898,0.1392362,0.13958262,0.13995141,0.14034557,0.14076816,0.1412222,0.14171071,0.14223678,0.14280345,0.14341375,0.14407074,0.14477745,0.14553693,0.14635222,0.14722638,0.14816242,0.14910285,0.14998983,0.15082605,0.15161404,0.15235654,0.15305609,0.15371536,0.15433697,0.15492353,0.15547769,0.15600207,0.15649933,0.15697202,0.15742283,0.15785438,0.15826929,0.15867017,0.15905964,0.15944043,0.15981503,0.16018611,0.16055636,0.16092835,0.1613047,0.16168806,0.16208105,0.16248633,0.1629065,0.16334416,0.16380198,0.16428259,0.16478856,0.16527617,0.16570185,0.16606873,0.16637975,0.16663802,0.16684653,0.1670084,0.16712663,0.16720423,0.16724433,0.16724992,0.16722403,0.16716973,0.16709007,0.1669881
0.13217585,0.13207375,0.13198788,0.1319208,0.13187513,0.13185331,0.131858,0.13189176,0.13195714,0.13205665,0.13219292,0.13236849,0.1325859,0.13284776,0.13315658,0.13351499,0.13392548,0.13434698,0.13473861,0.13510355,0.1354448,0.13576557,0.1360688,0.13635768,0.13663523,0.13690457,0.13716874,0.13743088,0.13769402,0.1379613,0.13823579,0.13852052,0.13881867,0.1391332,0.13946731,0.139824,0.14020643,0.14061761,0.14106068,0.1415387,0.14205474,0.14261192,0.1432133,0.14386198,0.14456101,0.14531349,0.14612253,0.14699122,0.14792258,0.14885943,0.14974412,0.15057932,0.15136749,0.15211128,0.15281315,0.15347578,0.15410164,0.15469334,0.15525344,0.15578446,0.15628903,0.15676963,0.15722895,0.15766941,0.15809369,0.15850425,0.15890372,0.15929466,0.1596796,0.16006114,0.16044183,0.16082425,0.16121086,0.16160437,0.1620073,0.16242215,0.16285151,0.163298,0.16376409,0.16425245,0.16476554,0.1652595,0.16569073,0.16606238,0.16637744,0.16663909,0.16685033,0.1670143,0.16713405,0.16721271,0.16725332,0.16725895,0.16723274,0.16717772,0.16709706,0.16699372
