0.22189541,0.22229339,0.2226281,0.22288948,0.22306767,0.2231526,0.22313432,0.22300273,0.22274798,0.22235999,0.2218288,0.22114444,0.22029683,0.21927607,0.21807216,0.21667504,0.2150748,0.21351203,0.21221559,0.21115792,0.21031147,0.20964876,0.20914213,0.2087641,0.20848711,0.20828357,0.20812598,0.20798673,0.20783836,0.20765318,0.20740373,0.20706241,0.20660174,0.20599411,0.20521201,0.20422782,0.203014,0.2015431,0.1997874,0.19771945,0.19531175,0.19253662,0.18936658,0.18577404,0.18173155,0.17721142,0.17218615,0.1666282,0.16051002,0.15420744,0.14810802,0.14220174,0.13647865,0.13092873,0.12554201,0.12030847,0.11521814,0.11026103,0.10542716,0.1007065,0.096089095,0.09156491,0.08712403,0.08275639,0.07845202,0.074200936,0.06999318,0.065818705,0.061667547,0.057529695,0.05339519,0.049254023,0.0450962,0.04091174,0.03669064,0.03242292,0.02809857,0.023707625,0.019240078,0.014685951,0.01003523,0.005622198,0.0017694008,-0.0015507038,-0.0043656817,-0.0067030694,-0.008590433,-0.010055324,-0.011125286,-0.011827884,-0.01219066,-0.012241173,-0.012006974,-0.0115156155,-0.010794654,-0.009871636
0.22130294,0.22170243,0.2220384,0.22230086,0.2224797,0.22256494,0.22254658,0.22241452,0.22215876,0.22176933,0.22123608,0.22054914,0.21969831,0.21867369,0.21746518,0.21606281,0.21445648,0.21288778,0.21158642,0.2105248,0.20967516,0.20901002,0.2085015,0.20812215,0.20784415,0.20763992,0.2074818,0.20734209,0.20719317,0.20700741,0.20675708,0.20641452,0.20595215,0.20534231,0.20455725,0.20356938,0.20235097,0.20087445,0.19911213,0.19703636,0.19461943,0.19183375,0.18865162,0.18504538,0.18098737,0.17644995,0.17140548,0.16582629,0.15968466,0.15335794,0.14723513,0.14130627,0.13556121,0.12999001,0.1245826,0.11932902,0.11421915,0.10924299,0.10439054,0.099651754,0.09501661,0.09047507,0.08601709,0.08163266,0.07731173,0.073044315,0.06882034,0.06462979,0.060462665,0.056308907,0.05215849,0.048001386,0.043827545,0.039626986,0.035389643,0.031105503,0.02676453,0.022356708,0.017871978,0.013300345,0.0086317565,0.0042017675,3.341706E-4,-0.0029986906,-0.0058244807,-0.0081708515,-0.010065469,-0.011535984,-0.012610059,-0.013315356,-0.013679529,-0.013730232,-0.013495134,-0.01300189,-0.012278155,-0.01135159
0.2208047,0.2212055,0.22154249,0.22180574,0.22198518,0.22207074,0.22205226,0.22191979,0.22166325,0.22127257,0.22073765,0.22004846,0.21919495,0.21816708,0.21695475,0.21554787,0.21393648,0.21236277,0.2110573,0.2099923,0.20914002,0.20847276,0.20796274,0.20758219,0.20730336,0.20709856,0.20694001,0.20679995,0.20665061,0.20646428,0.20621322,0.20586967,0.20540592,0.20479414,0.2040066,0.20301558,0.20179339,0.20031218,0.19854425,0.19646183,0.1940372,0.1912426,0.18805031,0.18443254,0.18036154,0.17580959,0.17074895,0.16515183,0.15899053,0.15264352,0.1465011,0.14055313,0.13478965,0.12920056,0.12377581,0.1185053,0.11337898,0.10838683,0.10351877,0.09876475,0.094114676,0.08955848,0.08508613,0.08068758,0.076352745,0.07207156,0.067833975,0.06362993,0.05944937,0.05528221,0.051118404,0.04694789,0.042760618,0.03854652,0.03429551,0.029997557,0.025642602,0.021220572,0.016721405,0.012135042,0.0074514262,0.0030071773,-8.728652E-4,-0.004216455,-0.007051337,-0.009405264,-0.0113059785,-0.012781222,-0.013858761,-0.014566326,-0.0149316685,-0.014982535,-0.014746684,-0.014251852,-0.013525786,-0.012596244
0.22041553,0.22081731,0.22115512,0.2214191,0.22159895,0.2216847,0.22166617,0.22153334,0.22127621,0.22088453,0.22034825,0.21965738,0.2188018,0.21777134,0.216556,0.21514566,0.21353027,0.21195267,0.21064399,0.20957641,0.20872205,0.20805316,0.20754193,0.20716043,0.20688099,0.20667572,0.20651679,0.20637643,0.20622683,0.2060401,0.20578846,0.20544408,0.2049792,0.20436594,0.20357649,0.20258306,0.20135783,0.19987299,0.19810066,0.19601308,0.19358243,0.1907809,0.18758063,0.18395385,0.1798727,0.17530942,0.17023614,0.16462506,0.15844835,0.15208548,0.1459277,0.1399649,0.134187,0.12858394,0.12314556,0.11786188,0.11272275,0.10771809,0.10283782,0.098071896,0.09341014,0.08884253,0.08435899,0.07994938,0.075603686,0.07131175,0.06706356,0.06284895,0.058657862,0.054480255,0.050306,0.046125017,0.041927233,0.03770255,0.033440884,0.02913216,0.02476627,0.020333149,0.015822697,0.011224838,0.0065294765,0.0020740968,-0.0018156684,-0.00516764,-0.008009631,-0.010369458,-0.012274934,-0.013753877,-0.0148341125,-0.015543452,-0.015909707,-0.015960706,-0.015724264,-0.015228186,-0.014500309,-0.013568432
0.22015029,0.2205527,0.22089118,0.22115551,0.22133566,0.22142155,0.22140303,0.22126998,0.22101235,0.22062007,0.22008294,0.21939088,0.21853381,0.21750169,0.21628432,0.21487162,0.21325347,0.21167322,0.21036233,0.20929296,0.20843716,0.20776717,0.20725507,0.20687301,0.20659311,0.20638756,0.2062284,0.20608784,0.20593797,0.20575094,0.20549892,0.205154,0.20468836,0.20407411,0.20328337,0.20228826,0.201061,0.19957362,0.19779834,0.19570725,0.19327249,0.19046621,0.18726054,0.1836276,0.17953955,0.17496853,0.16988665,0.16426603,0.15807886,0.15170518,0.14553691,0.13956401,0.13377625,0.12816365,0.122716054,0.117423385,0.1122755,0.107262336,0.10237376,0.097599685,0.09293001,0.08835461,0.08386342,0.07944629,0.07509318,0.07079392,0.066538475,0.06231667,0.058118455,0.053933717,0.04975232,0.045564227,0.04135926,0.03712737,0.032858435,0.028542351,0.024169018,0.019728333,0.015210194,0.010604502,0.0059011467,0.0014381725,-0.0024582257,-0.0058159083,-0.008662737,-0.011026577,-0.012935303,-0.014416769,-0.01549884,-0.01620939,-0.016576273,-0.016627356,-0.01639051,-0.015893592,-0.01516447,-0.014231008
0.22002384,0.22042662,0.22076531,0.22102992,0.22121018,0.22129613,0.22127761,0.22114447,0.22088668,0.22049403,0.21995644,0.21926391,0.21840614,0.21737315,0.21615477,0.21474093,0.2131215,0.21154001,0.21022806,0.20915781,0.20830141,0.2076309,0.20711838,0.20673606,0.2064559,0.2062502,0.20609094,0.20595029,0.2058003,0.20561315,0.20536096,0.20501578,0.20454974,0.20393501,0.20314367,0.2021478,0.20091952,0.19943097,0.19765425,0.19556147,0.19312479,0.19031623,0.187108,0.18347211,0.17938077,0.17480606,0.16972005,0.16409491,0.15790273,0.1515239,0.14535066,0.13937289,0.13358049,0.12796335,0.12251134,0.117214344,0.11206232,0.1070451,0.10215255,0.0973746,0.09270115,0.08812205,0.08362722,0.079206504,0.07484985,0.07054711,0.0662882,0.06206297,0.057861358,0.053673208,0.04948842,0.045296915,0.04108855,0.036853213,0.032580823,0.028261237,0.023884352,0.019440064,0.014918259,0.010308831,0.0056016594,0.0011350706,-0.002764488,-0.006124887,-0.00897403,-0.011339783,-0.0132500585,-0.014732727,-0.015815677,-0.0165268,-0.016893983,-0.016945109,-0.016708067,-0.016210744,-0.015481031,-0.014546812
0.22005112,0.22045377,0.22079246,0.221057,0.22123727,0.22132318,0.22130467,0.22117154,0.22091374,0.2205212,0.21998374,0.21929127,0.21843368,0.21740085,0.2161827,0.21476912,0.21314996,0.21156874,0.21025705,0.20918697,0.20833068,0.20766026,0.20714784,0.20676556,0.20648552,0.20627981,0.2061206,0.20597991,0.20583001,0.20564286,0.2053907,0.2050456,0.20457965,0.20396498,0.20317379,0.20217806,0.20095003,0.19946171,0.19768533,0.1955929,0.19315663,0.19034858,0.18714088,0.18350567,0.17941502,0.1748411,0.169756,0.16413182,0.15794072,0.151563,0.14539084,0.1394141,0.13362272,0.12800655,0.1225555,0.11725944,0.112108305,0.10709195,0.10220026,0.09742315,0.09275049,0.0881722,0.08367817,0.079258226,0.07490234,0.070600346,0.06634217,0.062117696,0.05791681,0.05372939,0.049545344,0.045354582,0.04114694,0.036912348,0.03264069,0.028321864,0.023945749,0.019502237,0.014981227,0.010372605,0.005666256,0.0012004451,-0.0026984285,-0.0060582454,-0.008906885,-0.011272232,-0.01318217,-0.01466458,-0.015747339,-0.016458334,-0.016825456,-0.016876573,-0.016639572,-0.01614234,-0.015412753,-0.014478698
0.22024696,0.22064914,0.22098736,0.22125158,0.2214316,0.22151746,0.22149892,0.22136599,0.22110853,0.22071643,0.22017966,0.219488,0.2186315,0.21759996,0.21638335,0.21497148,0.21335435,0.21177505,0.21046503,0.20939627,0.20854102,0.20787144,0.20735961,0.2069778,0.20669803,0.20649259,0.20633352,0.20619303,0.20604324,0.20585634,0.20560446,0.20525971,0.20479438,0.20418046,0.20339021,0.20239575,0.20116918,0.19968271,0.1979085,0.1958187,0.19338545,0.19058092,0.1873772,0.18374653,0.17966099,0.17509279,0.17001402,0.1643969,0.15821354,0.15184379,0.14567932,0.13971011,0.13392596,0.12831683,0.12287261,0.117583215,0.11243849,0.10742846,0.102542914,0.09777179,0.09310502,0.08853245,0.08404406,0.079629675,0.07527925,0.07098267,0.06672985,0.06251068,0.058315076,0.054132912,0.049954146,0.045768615,0.04156629,0.037337027,0.03307073,0.028757336,0.024386706,0.019948784,0.015433442,0.010830604,0.0061301664,0.0016699582,-0.0022240244,-0.0055796187,-0.008424688,-0.010787064,-0.012694608,-0.014175156,-0.0152565595,-0.015966669,-0.016333316,-0.016384374,-0.01614767,-0.015651066,-0.014922388,-0.013989508
0.22062624,0.2210274,0.22136487,0.2216284,0.22180805,0.22189365,0.22187519,0.22174259,0.22148572,0.2210946,0.22055906,0.2198691,0.21901467,0.21798559,0.21677189,0.21536346,0.21375018,0.21217471,0.21086775,0.20980155,0.20894834,0.20828035,0.20776974,0.20738879,0.20710966,0.20690465,0.20674591,0.2066057,0.20645627,0.20626973,0.20601845,0.20567453,0.2052102,0.20459774,0.20380938,0.20281722,0.20159362,0.20011075,0.1983408,0.19625603,0.19382863,0.19103089,0.18783493,0.18421301,0.18013735,0.17558022,0.1705138,0.16491027,0.15874189,0.15238762,0.14623813,0.14028336,0.13451329,0.12891778,0.123486795,0.11821025,0.113078035,0.10808015,0.103206486,0.098447,0.09379156,0.089230165,0.08475267,0.08034906,0.07600923,0.07172312,0.06748066,0.063271776,0.059086397,0.054914437,0.050745845,0.046570525,0.042378426,0.038159467,0.033903576,0.02960069,0.025240712,0.020813603,0.016309261,0.011717628,0.0070286244,0.0025792678,-0.0013052338,-0.004652666,-0.0074908123,-0.009847443,-0.011750341,-0.013227283,-0.014306055,-0.015014432,-0.015380196,-0.0154311275,-0.015194999,-0.0146996,-0.0139727,-0.013042084
0.2212038,0.22160354,0.22193971,0.2222023,0.2223813,0.22246657,0.2224482,0.22231601,0.22206013,0.22167045,0.22113694,0.22044946,0.21959814,0.21857285,0.2173636,0.21596034,0.21435298,0.21278329,0.21148108,0.2104188,0.20956871,0.20890306,0.20839432,0.20801464,0.20773652,0.20753215,0.20737398,0.20723419,0.2070852,0.20689933,0.20664884,0.20630614,0.20584345,0.20523323,0.20444766,0.20345916,0.20224,0.20076254,0.1989991,0.19692202,0.19450358,0.1917161,0.18853197,0.1849234,0.18086283,0.17632253,0.17127484,0.16569205,0.15954652,0.15321575,0.1470891,0.14115638,0.13540769,0.12983291,0.12442205,0.11916511,0.11405196,0.109072626,0.10421708,0.099475235,0.09483713,0.09029266,0.08583182,0.081444584,0.07712089,0.072850734,0.06862406,0.06443083,0.06026101,0.056104578,0.051951498,0.047791727,0.043615237,0.03941197,0.03517191,0.030885022,0.026541263,0.022130607,0.017643008,0.013068441,0.008396862,0.00396404,9.3962226E-5,-0.0032410354,-0.006068632,-0.008416506,-0.010312332,-0.011783794,-0.012858556,-0.013564303,-0.013928713,-0.01397945,-0.0137442015,-0.013250636,-0.0125264395,-0.011599285
0.22199452,0.22239228,0.22272678,0.22298804,0.22316611,0.22325097,0.22323266,0.2231012,0.22284658,0.22245887,0.22192799,0.22124402,0.22039695,0.21937688,0.21817373,0.21677752,0.21517828,0.21361649,0.21232086,0.21126385,0.21041799,0.20975564,0.20924936,0.20887156,0.20859472,0.2083913,0.2082338,0.20809463,0.20794632,0.20776124,0.20751195,0.20717086,0.20671046,0.20610322,0.20532158,0.204338,0.20312497,0.20165497,0.19990042,0.19783382,0.1954276,0.19265427,0.18948624,0.18589602,0.18185608,0.17733882,0.1723168,0.1667624,0.16064815,0.1543496,0.14825408,0.14235161,0.13663217,0.13108584,0.12570256,0.1204724,0.115385346,0.11043141,0.10560063,0.100883015,0.096268564,0.091747314,0.087309286,0.08294447,0.07864287,0.074394524,0.07018947,0.06601769,0.061869208,0.057734024,0.053602178,0.049463667,0.04530853,0.04112676,0.036908373,0.032643396,0.028321838,0.023933725,0.019469049,0.014917846,0.010270121,0.005859927,0.0020096072,-0.0013083648,-0.004121526,-0.006457415,-0.008343566,-0.009807507,-0.01087679,-0.011578938,-0.011941479,-0.011991957,-0.011757912,-0.011266868,-0.010546368,-0.0096239485
0.22301339,0.22340852,0.22374083,0.22400036,0.22417729,0.2242616,0.2242434,0.22411281,0.22385985,0.22347464,0.22294727,0.22226775,0.22142623,0.22041276,0.21921748,0.2178304,0.2162416,0.21469,0.2134028,0.21235262,0.2115122,0.21085408,0.21035102,0.20997557,0.20970045,0.20949824,0.2093416,0.20920326,0.20905574,0.2088718,0.20862399,0.20828503,0.20782754,0.20722416,0.2064475,0.20547031,0.20426518,0.20280473,0.20106167,0.19900857,0.19661812,0.19386297,0.19071575,0.18714912,0.18313573,0.17864825,0.17365928,0.16814144,0.16206747,0.15581046,0.14975512,0.14389156,0.13820988,0.13270009,0.12735237,0.122156724,0.11710328,0.112182096,0.10738322,0.1026968,0.098112874,0.09362152,0.089212835,0.084876895,0.08060378,0.076383576,0.07220635,0.068062186,0.06394117,0.05983338,0.05572891,0.051617805,0.047490165,0.0433361,0.039145645,0.034908894,0.030615946,0.026256863,0.021821726,0.017300617,0.012683624,0.008302585,0.004477728,0.0011816871,-0.0016128757,-0.003933321,-0.0058070016,-0.0072612716,-0.008323478,-0.00902098,-0.009381128,-0.00943127,-0.009198775,-0.008710979,-0.007995245,-0.0070789168
0.22427511,0.22466704,0.22499663,0.22525409,0.22542953,0.22551315,0.2254951,0.22536562,0.22511472,0.22473262,0.22420955,0.22353557,0.22270088,0.22169572,0.22051011,0.2191343,0.21755846,0.21601945,0.2147427,0.21370101,0.2128673,0.21221448,0.21171539,0.21134284,0.2110698,0.2108691,0.21071358,0.21057619,0.21042973,0.2102471,0.21000117,0.20966484,0.2092109,0.20861234,0.20784195,0.20687261,0.20567724,0.20422865,0.20249973,0.20046341,0.19809249,0.1953599,0.19223845,0.18870105,0.18472055,0.18026987,0.17532182,0.16984934,0.16382523,0.1576196,0.15161404,0.1457987,0.1401637,0.13469927,0.12939556,0.12424267,0.11923084,0.1143502,0.10959088,0.10494306,0.10039692,0.095942624,0.091570295,0.08727012,0.08303227,0.07884688,0.07470414,0.07059419,0.0665072,0.06243333,0.058362726,0.054285582,0.050192017,0.046072237,0.041916367,0.037714586,0.033457056,0.029133933,0.02473538,0.020251548,0.015672613,0.011327682,0.007534351,0.004265478,0.0014939456,-8.073728E-4,-0.0026656112,-0.0041078925,-0.0051613487,-0.0058530997,-0.0062102783,-0.0062600155,-0.006029429,-0.0055456553,-0.004835817,-0.003927045
0.22579467,0.2261827,0.22650903,0.22676395,0.22693768,0.22702052,0.22700262,0.22687437,0.22662593,0.22624764,0.22572973,0.22506242,0.22423598,0.22324073,0.22206685,0.22070467,0.21914439,0.21762055,0.21635637,0.2153249,0.21449935,0.21385285,0.21335849,0.21298948,0.21271898,0.21252005,0.2123659,0.21222965,0.21208446,0.21190341,0.21165974,0.21132657,0.21087697,0.21028417,0.2095213,0.20856145,0.20737782,0.20594352,0.20423171,0.20221555,0.19986814,0.19716264,0.19407225,0.19057004,0.18662916,0.18222281,0.17732407,0.17190614,0.16594213,0.15979841,0.15385278,0.14809547,0.1425168,0.13710694,0.1318562,0.12675482,0.1217931,0.11696128,0.112249576,0.1076483,0.10314763,0.09873794,0.09440942,0.090152346,0.08595694,0.081813514,0.077712275,0.073643535,0.06959752,0.065564476,0.0615347,0.057498433,0.053445924,0.049367424,0.045253217,0.041093547,0.03687867,0.032598853,0.028244348,0.02380542,0.019272318,0.014970875,0.011215503,0.007979351,0.0052355584,0.0029572712,0.0011176331,-3.1021348E-4,-0.0013531239,-0.0020379494,-0.0023915567,-0.0024407906,-0.0022125198,-0.0017335806,-0.0010308499,-1.3116933E-4
0.22758693,0.22797036,0.22829287,0.22854477,0.22871643,0.22879826,0.22878061,0.22865388,0.22840838,0.22803454,0.2275227,0.22686328,0.22604658,0.22506301,0.22390296,0.22255681,0.22101487,0.21950898,0.2182596,0.21724018,0.21642423,0.21578518,0.21529646,0.2149316,0.21466406,0.21446727,0.21431468,0.21417978,0.2140361,0.21385698,0.21361595,0.21328647,0.21284203,0.21225601,0.21150197,0.21055332,0.20938356,0.20796609,0.20627445,0.20428206,0.2019624,0.19928893,0.1962351,0.19277444,0.18888028,0.1845262,0.17968565,0.17433207,0.16843891,0.16236821,0.15649328,0.15080445,0.1452921,0.13994665,0.13475841,0.1297178,0.12481519,0.12004091,0.11538538,0.11083895,0.106392,0.1020349,0.09775801,0.09355174,0.08940644,0.08531248,0.08126024,0.07724007,0.073242396,0.06925753,0.06527588,0.06128782,0.057283714,0.053253923,0.049188845,0.045078836,0.04091428,0.03668554,0.03238299,0.027997011,0.023517974,0.01926782,0.015557228,0.012359665,0.00964859,0.0073974705,0.0055797626,0.0041689426,0.003138467,0.0024618043,0.0021124154,0.0020637661,0.0022893227,0.0027625482,0.0034568997,0.0043458487
0.22966667,0.23004484,0.23036286,0.23061128,0.2307806,0.23086129,0.2308439,0.23071885,0.2304768,0.23010811,0.22960334,0.22895303,0.22814763,0.22717768,0.22603366,0.22470611,0.2231855,0.22170039,0.22046821,0.21946277,0.21865794,0.21802752,0.21754538,0.21718533,0.21692123,0.21672688,0.21657617,0.21644287,0.21630086,0.21612394,0.215886,0.21556084,0.2151223,0.21454424,0.21380045,0.21286476,0.2117111,0.2103132,0.20864496,0.20668013,0.20439269,0.20175634,0.19874498,0.19533247,0.19149259,0.18719918,0.18242611,0.17714718,0.17133626,0.1653503,0.1595574,0.153948,0.14851269,0.14324194,0.13812624,0.13315614,0.1283221,0.12361466,0.11902428,0.11454154,0.110156864,0.10586082,0.10164389,0.09749657,0.09340939,0.089372836,0.08537743,0.08141366,0.077472046,0.073543094,0.0696173,0.06568518,0.061737243,0.05776398,0.053755913,0.04970354,0.045597363,0.041427903,0.03718565,0.032861117,0.028444812,0.024254179,0.020595552,0.017442767,0.014769656,0.012550058,0.01075781,0.00936675,0.008350705,0.0076835174,0.0073390245,0.007291054,0.007513451,0.007980045,0.008664673,0.009541176
0.23204884,0.23242095,0.23273389,0.2329783,0.23314491,0.2332243,0.23320717,0.23308417,0.23284598,0.23248321,0.23198655,0.23134667,0.23055421,0.22959983,0.22847417,0.22716793,0.22567174,0.22421044,0.22299796,0.22200856,0.22121644,0.22059596,0.2201213,0.21976677,0.21950659,0.21931508,0.21916644,0.21903498,0.21889493,0.21872056,0.21848616,0.21816595,0.2177342,0.21716516,0.21643312,0.21551235,0.21437709,0.21300158,0.21136013,0.20942695,0.20717634,0.20458256,0.20161985,0.19826248,0.19448471,0.19026081,0.18556505,0.18037166,0.17465493,0.16876602,0.16306707,0.15754871,0.1522016,0.14701644,0.14198382,0.13709445,0.13233897,0.12770806,0.12319234,0.118782505,0.1144692,0.11024306,0.106094785,0.10201502,0.0979944,0.094023615,0.09009329,0.08619412,0.08231675,0.07845182,0.07459001,0.07072198,0.066838376,0.062929854,0.05898709,0.05500073,0.050961435,0.04685986,0.04268667,0.03843252,0.03408807,0.029965611,0.026366502,0.023265006,0.020635381,0.018451894,0.016688805,0.015320372,0.014320857,0.013664524,0.013325632,0.013278443,0.013497222,0.013956226,0.014629719,0.0154919615
0.23476037,0.23512626,0.23543398,0.2356743,0.23583812,0.23591621,0.23589937,0.23577839,0.2355442,0.2351875,0.23469913,0.23406994,0.23329073,0.23235233,0.23124552,0.22996111,0.22848995,0.22705309,0.2258609,0.22488798,0.22410911,0.22349894,0.22303225,0.22268365,0.22242782,0.22223946,0.22209331,0.22196402,0.22182629,0.2216548,0.2214243,0.22110939,0.22068483,0.22012532,0.21940552,0.21850011,0.21738383,0.21603136,0.21441734,0.21251649,0.21030353,0.20775315,0.20483997,0.20153882,0.19782425,0.19367108,0.18905388,0.18394741,0.17832635,0.172536,0.16693245,0.16150641,0.15624882,0.15115042,0.14620204,0.14139456,0.13671868,0.13216528,0.12772517,0.12338916,0.119148046,0.114992686,0.11091386,0.106902376,0.10294909,0.09904478,0.09518027,0.091346376,0.08753392,0.08373369,0.07993656,0.07613328,0.0723147,0.06847162,0.064594865,0.060675252,0.056703582,0.052670676,0.048567344,0.04438442,0.0401127,0.03605926,0.032520395,0.02947083,0.026885225,0.024738291,0.023004714,0.021659194,0.02067641,0.020031061,0.019697849,0.01965145,0.019866563,0.020317882,0.0209801,0.021827908
0.23779598,0.23815608,0.23845898,0.23869549,0.23885673,0.23893358,0.238917,0.23879796,0.23856741,0.23821634,0.2377357,0.23711641,0.2363495,0.23542584,0.23433642,0.23307227,0.23162428,0.2302101,0.2290368,0.2280795,0.22731322,0.22671309,0.2262541,0.22591145,0.22566018,0.22547536,0.22533207,0.22520539,0.22507039,0.2249022,0.22467582,0.22436643,0.22394902,0.2233987,0.22269058,0.22179969,0.22070116,0.21937005,0.21778144,0.21591042,0.21373205,0.21122144,0.20835362,0.20510375,0.20144685,0.19735801,0.19281232,0.1877849,0.18225072,0.17654987,0.1710328,0.16569054,0.16051403,0.15549421,0.15062203,0.14588852,0.14128456,0.13680115,0.13242923,0.1281598,0.12398376,0.11989212,0.11587581,0.111925766,0.108033024,0.10418848,0.1003831,0.09660787,0.09285374,0.08911167,0.08537258,0.08162749,0.07786734,0.07408306,0.07026563,0.06640602,0.062495176,0.058524065,0.05448365,0.05036487,0.04615871,0.04216748,0.03868295,0.035680182,0.033134278,0.031020302,0.029313333,0.027988464,0.02702077,0.026385328,0.026057225,0.02601154,0.026223354,0.026667748,0.0273198,0.02815459
0.24112205,0.24147683,0.2417752,0.24200824,0.24216706,0.24224277,0.24222642,0.2421092,0.24188204,0.2415362,0.2410627,0.2404526,0.23969705,0.23878713,0.23771393,0.23646854,0.23504205,0.23364897,0.23249342,0.23155077,0.23079649,0.23020598,0.22975473,0.2294181,0.22917157,0.2289906,0.22885051,0.22872685,0.22859496,0.22843033,0.22820838,0.22790454,0.22749421,0.22695285,0.22625591,0.22537878,0.22429688,0.22298573,0.22142069,0.21957722,0.21743068,0.2149566,0.21213035,0.2089274,0.20532314,0.20129302,0.1968125,0.19185697,0.18640187,0.1807823,0.17534384,0.1700776,0.1649746,0.16002597,0.15522283,0.15055624,0.14601734,0.14159718,0.13728686,0.13307746,0.12896007,0.124925844,0.12096584,0.11707114,0.11323285,0.10944207,0.105689846,0.101967335,0.09826561,0.09457574,0.09088886,0.08719603,0.08348835,0.079756945,0.07599286,0.07218722,0.068331115,0.06441563,0.06043186,0.056370918,0.05222387,0.048288785,0.04485325,0.041892722,0.03938261,0.03729837,0.035615414,0.03430917,0.033355094,0.032728586,0.032405097,0.03236006,0.03256889,0.033007037,0.033649914,0.034472965
0.24470511,0.24505492,0.24534911,0.2455789,0.2457355,0.2458101,0.245794,0.24567841,0.24545448,0.24511346,0.2446466,0.2440451,0.24330014,0.24240302,0.24134487,0.24011695,0.23871051,0.23733717,0.23619828,0.23526952,0.23452671,0.2339456,0.23350191,0.23317139,0.23292978,0.23275287,0.23261634,0.23249602,0.23236758,0.23220684,0.23198947,0.23169127,0.23128803,0.23075539,0.23006916,0.22920515,0.22813895,0.22684647,0.22530335,0.22348538,0.22136828,0.21892785,0.21613981,0.21297991,0.20942387,0.20544752,0.20102651,0.19613662,0.19075362,0.1852082,0.17984128,0.17464419,0.16960804,0.16472411,0.15998363,0.15537776,0.15089779,0.14653488,0.14228024,0.13812517,0.13406081,0.13007843,0.12616919,0.12232439,0.1185352,0.114792824,0.1110885,0.10741344,0.1037589,0.10011604,0.0964761,0.09283034,0.08916991,0.08548608,0.08177006,0.078013055,0.074206285,0.070340976,0.066408336,0.0623996,0.05830598,0.05442164,0.05103042,0.04810806,0.045630332,0.043572966,0.04191171,0.04062232,0.03968053,0.039062113,0.0387428,0.03869833,0.038904473,0.03933696,0.039971557,0.040783994
0.2485117,0.24885681,0.24914707,0.24937373,0.24952824,0.2496019,0.24958606,0.24947195,0.24925105,0.24891458,0.24845394,0.24786045,0.24712546,0.24624027,0.24519627,0.24398471,0.24259703,0.24124219,0.24011901,0.2392035,0.23847172,0.23789969,0.23746347,0.23713909,0.2369026,0.23673,0.23659733,0.23648064,0.23635593,0.23619933,0.23598677,0.23569435,0.23529805,0.23477398,0.23409808,0.23324652,0.23219523,0.23092024,0.22939764,0.22760347,0.22551371,0.22310445,0.22035167,0.21723142,0.21371984,0.20979278,0.20542642,0.20059673,0.19527982,0.18980221,0.18450081,0.17936686,0.1743918,0.16956687,0.1648835,0.16033296,0.1559066,0.15159576,0.14739177,0.14328599,0.13926971,0.13533434,0.13147111,0.12767147,0.12392667,0.1202281,0.11656705,0.11293491,0.109322965,0.10572258,0.102125086,0.09852179,0.09490407,0.09126326,0.08759068,0.083877645,0.08011555,0.07629566,0.07240936,0.06844798,0.06440283,0.06056456,0.057213545,0.05432585,0.051877495,0.049844526,0.04820297,0.046928868,0.045998253,0.04538717,0.04507164,0.04502771,0.0452314,0.045658763,0.046285823,0.04708863
0.25250816,0.25284892,0.25313544,0.25335932,0.2535118,0.2535845,0.25356886,0.25345618,0.2532381,0.25290594,0.25245118,0.2518652,0.25113958,0.25026572,0.24923497,0.24803887,0.24666885,0.24533151,0.2442232,0.24332042,0.24259928,0.24203615,0.24160734,0.24128915,0.24105784,0.24088974,0.24076113,0.24064836,0.24052767,0.24037537,0.24016777,0.23988114,0.23949187,0.23897615,0.23831028,0.23747067,0.2364335,0.23517513,0.23367189,0.23189996,0.22983572,0.2274555,0.22473551,0.22165215,0.21818163,0.2143003,0.20998442,0.2052103,0.1999543,0.19453922,0.18929805,0.1842223,0.1793033,0.17453262,0.16990161,0.16540179,0.16102453,0.15676138,0.15260369,0.14854293,0.14457057,0.14067802,0.13685678,0.13309827,0.12939395,0.12573521,0.12211354,0.1185204,0.11494724,0.11138544,0.1078265,0.10426187,0.10068299,0.09708129,0.09344824,0.08977524,0.086053796,0.08227532,0.07843126,0.07451308,0.07051221,0.066716,0.06340176,0.06054571,0.058124203,0.05611352,0.054489963,0.053229835,0.052309424,0.05170502,0.051392958,0.05134951,0.05155097,0.05197365,0.05259383,0.053387836
0.25666112,0.25699767,0.25728074,0.2575018,0.25765246,0.2577243,0.2577088,0.25759757,0.2573821,0.25705406,0.2566048,0.25602606,0.2553093,0.25444612,0.253428,0.25224656,0.2508933,0.24957255,0.24847862,0.24758793,0.2468772,0.24632278,0.24590129,0.24558926,0.24536328,0.24519987,0.24507554,0.24496688,0.24485037,0.24470259,0.24450006,0.24421933,0.24383697,0.24332948,0.24267344,0.24184535,0.24082172,0.23957919,0.2380942,0.2363434,0.23430324,0.23195027,0.2292611,0.22621216,0.2227801,0.21894136,0.21467258,0.20995025,0.2047509,0.19939393,0.1942088,0.18918696,0.18432005,0.17959957,0.17501712,0.17056417,0.16623236,0.1620132,0.15789822,0.15387903,0.14994714,0.14609411,0.14231142,0.13859077,0.13492359,0.13130146,0.12771598,0.12415867,0.12062103,0.11709468,0.11357113,0.11004198,0.106498726,0.10293294,0.099336185,0.095699996,0.09201592,0.08827553,0.08447036,0.08059198,0.0766319,0.0728745,0.06959411,0.06676728,0.06437052,0.06238039,0.060773436,0.05952617,0.058615178,0.05801696,0.05770808,0.057665084,0.057864487,0.05828284,0.0588967,0.05968257
0.26093692,0.26126948,0.26154917,0.26176766,0.26191652,0.26198748,0.26197222,0.26186225,0.26164943,0.26132515,0.26088127,0.26030943,0.25960118,0.25874823,0.25774223,0.2565748,0.25523767,0.25393286,0.25285268,0.25197387,0.25127313,0.2507273,0.25031313,0.25000733,0.24978681,0.24962817,0.24950826,0.24940385,0.2492917,0.24914859,0.24895124,0.24867645,0.24830097,0.2478016,0.24715514,0.24633826,0.24532773,0.24410044,0.24263299,0.24090226,0.238885,0.23655796,0.23389795,0.23088162,0.22748588,0.22368738,0.219463,0.21478939,0.20964342,0.20434113,0.19920863,0.19423749,0.18941943,0.1847461,0.1802091,0.17580013,0.17151079,0.16733278,0.16325776,0.15927733,0.15538318,0.15156697,0.14782028,0.14413483,0.14050227,0.13691424,0.13336238,0.12983833,0.1263338,0.12284037,0.11934972,0.11585353,0.11234339,0.10881102,0.105248034,0.10164608,0.097996816,0.09429189,0.090522975,0.086681694,0.08275971,0.07903854,0.07578979,0.07299018,0.07061654,0.0686456,0.06705414,0.06581891,0.064916685,0.064324245,0.06401833,0.063975744,0.06417323,0.064587556,0.065195486,0.065973796
0.2653022,0.26563087,0.26590732,0.26612318,0.2662703,0.26634046,0.26632535,0.26621673,0.26600626,0.2656859,0.26524714,0.26468194,0.26398197,0.26313892,0.26214468,0.26099083,0.2596692,0.25837994,0.25731313,0.25644583,0.25575504,0.25521767,0.25481075,0.25451127,0.25429612,0.2541424,0.25402707,0.25392705,0.2538194,0.253681,0.2534889,0.25322008,0.25285152,0.2523602,0.2517231,0.2509172,0.24991941,0.24870683,0.24725646,0.24554509,0.2435499,0.2412478,0.23861569,0.23563069,0.23226972,0.22850978,0.22432779,0.21970077,0.21460573,0.20935562,0.20427331,0.1993505,0.19457898,0.18995045,0.18545674,0.18108952,0.1768406,0.17270167,0.16866452,0.16472088,0.1608625,0.15708114,0.15336855,0.14971645,0.14611664,0.1425608,0.13904072,0.13554817,0.13207488,0.12861255,0.12515299,0.121687934,0.118209116,0.11470833,0.11117726,0.10760767,0.103991345,0.10032,0.0965854,0.09277929,0.088893406,0.08520659,0.08198781,0.07921409,0.07686235,0.0749096,0.07333282,0.07210899,0.0712151,0.07062813,0.07032506,0.070282854,0.070478514,0.070889,0.071491346,0.07226246
0.2697233,0.27004817,0.2703214,0.2705348,0.27068028,0.2707496,0.27073464,0.2706273,0.27041927,0.27010253,0.26966888,0.2691102,0.26841828,0.26758498,0.2666022,0.26546168,0.26415533,0.26288122,0.26182756,0.26097164,0.26029062,0.25976163,0.25936195,0.2590687,0.25885916,0.25871038,0.25859964,0.25850406,0.25840092,0.25826734,0.25808057,0.25781778,0.2574561,0.25697276,0.256345,0.25554988,0.25456467,0.2533666,0.25193277,0.25024045,0.24826676,0.24598892,0.24338411,0.24042955,0.23710237,0.23337986,0.22923905,0.22465728,0.21961166,0.21441215,0.20937848,0.20450252,0.1997761,0.19519101,0.19073915,0.18641235,0.18220249,0.17810135,0.1741008,0.1701927,0.16636886,0.1626212,0.15894143,0.15532152,0.15175328,0.1482285,0.14473908,0.14127685,0.13783365,0.1344013,0.1309717,0.12753665,0.124088004,0.12061762,0.11711734,0.11357897,0.109994404,0.10635546,0.10265395,0.098881796,0.095030785,0.091377154,0.088187344,0.08543857,0.08310801,0.081172846,0.07961026,0.078397445,0.07751159,0.07692991,0.07662955,0.07658774,0.07678163,0.07718844,0.07778534,0.07854951
0.27416676,0.27448785,0.2747579,0.27496883,0.27511266,0.27518114,0.2751664,0.27506027,0.27485466,0.27454162,0.27411297,0.27356073,0.27287683,0.27205315,0.27108172,0.26995444,0.26866317,0.26740414,0.26636356,0.26551896,0.26484764,0.2643271,0.26393464,0.26364768,0.2634436,0.26329985,0.26319367,0.26310268,0.26300412,0.26287538,0.2626939,0.2624371,0.2620823,0.26160693,0.26098838,0.26020408,0.25923136,0.25804758,0.2566303,0.25495675,0.2530044,0.2507506,0.24817276,0.24524829,0.24195455,0.23826903,0.23416896,0.22963183,0.22463502,0.21948549,0.2144999,0.20967016,0.20498823,0.200446,0.19603547,0.19174856,0.18757722,0.18351333,0.17954889,0.17567584,0.17188606,0.16817154,0.1645242,0.16093597,0.1573988,0.15390463,0.15044542,0.14701307,0.1435995,0.14019668,0.1367966,0.1333911,0.12997216,0.12653174,0.12306176,0.11955415,0.11600087,0.11239383,0.108725,0.10498628,0.101169646,0.09754872,0.09438747,0.091663316,0.08935361,0.08743578,0.08588719,0.084685236,0.08380732,0.083230846,0.08293317,0.082891725,0.08308389,0.083487056,0.08407861,0.08483595
0.278599,0.2789163,0.27918327,0.27939165,0.2795338,0.27960148,0.2795869,0.27948198,0.2792788,0.27896944,0.27854586,0.27800015,0.2773242,0.2765103,0.27555028,0.2744362,0.27316016,0.27191618,0.27088884,0.2700555,0.26939395,0.2688818,0.2684966,0.26821586,0.26801732,0.26787847,0.26777706,0.26769048,0.26759645,0.26747254,0.2672964,0.2670456,0.26669767,0.26623031,0.26562104,0.2648475,0.2638873,0.262718,0.26131722,0.25966257,0.25773162,0.25550202,0.25295126,0.25005704,0.24679697,0.24314858,0.23908955,0.23459733,0.22964968,0.22455043,0.21961321,0.21483,0.21019284,0.20569378,0.20132485,0.1970781,0.19294553,0.18891917,0.18499109,0.18115331,0.17739783,0.17371674,0.17010202,0.16654572,0.16303991,0.15957657,0.15614776,0.15274549,0.14936179,0.14598876,0.14261837,0.13924266,0.1358537,0.13244343,0.129004,0.12552738,0.12200565,0.118430756,0.11479479,0.11108979,0.10730775,0.10371979,0.10058731,0.09788794,0.09559926,0.09369885,0.09216437,0.090973355,0.09010343,0.08953219,0.089237235,0.08919617,0.08938657,0.089786075,0.09037224,0.09112269
0.28298655,0.28330007,0.2835637,0.2837697,0.28391004,0.28397694,0.2839625,0.2838589,0.2836582,0.28335252,0.28293404,0.28239495,0.28172728,0.28092316,0.27997473,0.2788742,0.27761355,0.27638492,0.2753708,0.27454907,0.27389738,0.27339363,0.2730156,0.2727412,0.2725481,0.2724142,0.27231732,0.2722352,0.27214566,0.27202654,0.27185565,0.27161077,0.2712698,0.27081043,0.27021056,0.26944792,0.26850036,0.26734576,0.26596177,0.2643264,0.2624173,0.26021233,0.25768933,0.25482604,0.25160035,0.24799003,0.24397293,0.23952673,0.23462942,0.22958173,0.22469406,0.21995859,0.21536739,0.21091264,0.20658642,0.20238087,0.19828817,0.1943004,0.19040968,0.18660818,0.18288797,0.17924127,0.1756601,0.17213671,0.16866316,0.16523157,0.16183409,0.15846287,0.15510996,0.15176757,0.14842783,0.14508282,0.14172468,0.13834557,0.13493758,0.13149287,0.12800358,0.124461785,0.12085965,0.11718934,0.11344293,0.10988884,0.10678595,0.104112074,0.101844996,0.09996257,0.09844254,0.09726278,0.09640107,0.09583523,0.095543064,0.095502384,0.095691,0.096086726,0.09666736,0.0974107
0.2872959,0.2876055,0.2878658,0.2880692,0.2882078,0.28827387,0.2882596,0.28815728,0.2879591,0.2876573,0.28724408,0.28671178,0.28605253,0.28525853,0.28432205,0.28323534,0.2819906,0.28077778,0.27977732,0.27896723,0.2783256,0.27783036,0.27745968,0.27719146,0.27700385,0.27687472,0.27678233,0.27670455,0.27661937,0.2765049,0.2763393,0.2761003,0.27576622,0.27531502,0.2747246,0.2739731,0.27303857,0.27189896,0.27053237,0.2689168,0.26703027,0.26485083,0.26235652,0.2595254,0.25633547,0.25276473,0.24879123,0.24439304,0.23954813,0.23455417,0.22971825,0.22503252,0.22048934,0.21608084,0.2117993,0.20763685,0.20358585,0.19963846,0.19578694,0.19202346,0.18834028,0.18472962,0.18118376,0.17769489,0.17425522,0.170857,0.16749246,0.16415384,0.16083334,0.15752319,0.15421565,0.15090291,0.14757726,0.14423083,0.14085592,0.13744478,0.13398959,0.13048255,0.12691596,0.123282015,0.11957295,0.11605438,0.11298252,0.110335335,0.108090945,0.106227316,0.10472251,0.10355451,0.102701426,0.10214125,0.101852,0.10181172,0.10199844,0.1023902,0.102965064,0.103700966
0.2914935,0.291799,0.29205588,0.29225653,0.29239327,0.29245847,0.2924444,0.29234344,0.2921479,0.29185015,0.29144242,0.29091716,0.2902666,0.2894832,0.2885591,0.28748688,0.28625867,0.28506222,0.28407586,0.28327784,0.2826464,0.2821599,0.2817965,0.28153452,0.28135225,0.28122783,0.28113973,0.28106612,0.28098524,0.28087536,0.28071475,0.28048182,0.28015456,0.27971157,0.27913085,0.27839077,0.27746958,0.2763456,0.27499706,0.27340218,0.2715393,0.2693867,0.26692256,0.2641252,0.26097292,0.25744393,0.25351653,0.24916905,0.2443796,0.23944251,0.23466137,0.23002847,0.22553614,0.22117676,0.21694258,0.21282598,0.20881933,0.20491491,0.2011051,0.19738214,0.19373845,0.19016632,0.18665814,0.18320614,0.17980273,0.17644018,0.1731109,0.16980715,0.16652133,0.1632457,0.15997262,0.15669444,0.1534035,0.15009208,0.1467526,0.14337727,0.13995852,0.13648866,0.13295995,0.12936485,0.12569559,0.12221489,0.11917606,0.11655743,0.114337154,0.112493575,0.111004956,0.109849565,0.10900564,0.108451486,0.10816535,0.10812549,0.10831023,0.10869777,0.109266415,0.10999445
0.29554588,0.29584706,0.29610032,0.29629815,0.29643294,0.2964972,0.29648334,0.29638377,0.296191,0.29589745,0.2954955,0.29497766,0.2943363,0.29356402,0.29265296,0.29159588,0.290385,0.28920573,0.28823408,0.28744856,0.28682765,0.28634992,0.2859939,0.28573814,0.28556105,0.2854413,0.28535736,0.28528765,0.28521085,0.2851054,0.2849498,0.28472272,0.28440243,0.2839677,0.28339693,0.28266865,0.28176147,0.28065377,0.27932417,0.27775118,0.27591327,0.27378908,0.27135703,0.26859567,0.26548356,0.26199913,0.258121,0.2538277,0.24909769,0.24422155,0.23949917,0.2349229,0.23048526,0.22617863,0.2219955,0.21792826,0.2139694,0.21011132,0.20634654,0.20266739,0.19906636,0.19553585,0.19206841,0.18865637,0.18529224,0.18196844,0.17867737,0.1754115,0.17216326,0.1689251,0.16568948,0.16244882,0.15919557,0.15592216,0.15262099,0.14928456,0.14590532,0.14247562,0.138988,0.13543487,0.13180865,0.12836887,0.12536578,0.122777864,0.12058372,0.118761815,0.117290705,0.116148874,0.11531488,0.11476722,0.11448447,0.11444508,0.11462765,0.11501062,0.115572594,0.116292045
0.2994195,0.2997161,0.29996544,0.30016026,0.3002931,0.30035636,0.3003427,0.30024466,0.30005485,0.29976568,0.29936987,0.29885992,0.29822826,0.29746765,0.29657048,0.2955294,0.2943369,0.29317585,0.2922196,0.29144704,0.29083705,0.2903684,0.29001984,0.28977022,0.2895983,0.28948286,0.28940284,0.2893369,0.28926393,0.2891627,0.28901196,0.2887906,0.28847736,0.2880511,0.28749058,0.28677452,0.28588197,0.28479144,0.28348196,0.2819322,0.280121,0.27802724,0.2756296,0.27290693,0.269838,0.26640174,0.2625767,0.258342,0.2536762,0.24886607,0.24420725,0.23969242,0.23531407,0.23106478,0.22693712,0.22292353,0.21901673,0.21520917,0.21149345,0.20786211,0.20430769,0.20082277,0.19739991,0.19403161,0.1907105,0.18742906,0.18417992,0.18095556,0.1777486,0.17455155,0.171357,0.16815746,0.16494554,0.16171376,0.15845466,0.15516083,0.1518248,0.14843914,0.1449964,0.14148915,0.13790992,0.1345148,0.13155068,0.1289964,0.12683073,0.12503248,0.123580456,0.12245345,0.121630296,0.12108976,0.120810635,0.12077178,0.12095198,0.12132998,0.12188465,0.12259477
0.3030808,0.30337244,0.30361784,0.30380943,0.30394,0.30400226,0.3039888,0.3038924,0.30370566,0.30342135,0.303032,0.3025304,0.30190912,0.301161,0.3002786,0.2992546,0.29808173,0.29693988,0.29600003,0.29524115,0.29464248,0.2941831,0.29384205,0.29359856,0.29343158,0.29332036,0.29324397,0.2931815,0.29311204,0.29301473,0.29286873,0.29265302,0.29234686,0.29192924,0.2913793,0.2906762,0.28979897,0.28872678,0.2874387,0.28591385,0.28413138,0.28207037,0.27970988,0.2770291,0.27400705,0.27062294,0.26685584,0.2626848,0.25808904,0.25335076,0.24876145,0.24431366,0.24000013,0.23581356,0.23174657,0.22779185,0.22394212,0.22018999,0.21652819,0.21294944,0.2094463,0.2060115,0.20263775,0.19931771,0.19604404,0.1928094,0.18960652,0.18642804,0.18326665,0.18011503,0.17696586,0.17381176,0.17064549,0.16745968,0.16424702,0.16100022,0.1577119,0.15437478,0.15098149,0.14752474,0.14399718,0.14065118,0.13772994,0.1352126,0.13307823,0.131306,0.12987497,0.1287643,0.12795301,0.1274203,0.12714525,0.12710695,0.12728454,0.12765707,0.1282037,0.12890355
0.30649632,0.30678272,0.30702367,0.30721188,0.30734012,0.3074013,0.30738804,0.3072934,0.30710998,0.30683067,0.3064483,0.3059557,0.3053456,0.30461085,0.30374417,0.30273855,0.3015867,0.30046546,0.2995429,0.29879847,0.29821163,0.2977618,0.2974284,0.29719093,0.29702887,0.29692155,0.29684845,0.29678914,0.2967229,0.29662928,0.29648766,0.29627767,0.29597855,0.29556978,0.29503092,0.2943413,0.2934804,0.29242775,0.29116258,0.2896646,0.2879131,0.28588763,0.28356752,0.28093234,0.27796143,0.27463427,0.27093035,0.2668291,0.26230997,0.25765052,0.25313732,0.24876314,0.24452081,0.24040318,0.23640297,0.23251306,0.22872625,0.22503528,0.22143307,0.21791233,0.21446587,0.2110866,0.20776722,0.20450057,0.2012795,0.19809677,0.1949452,0.19181763,0.18870682,0.18560565,0.1825068,0.17940317,0.17628756,0.17315279,0.16999164,0.16679694,0.16356146,0.16027807,0.15693955,0.15353864,0.15006824,0.1467765,0.14390264,0.14142609,0.13932638,0.13758285,0.13617504,0.13508236,0.13428424,0.13376017,0.13348958,0.13345192,0.13362658,0.13399312,0.13453089,0.13521937
0.3096324,0.30991328,0.31014946,0.31033397,0.3104597,0.31051958,0.3105067,0.31041387,0.3102341,0.30996028,0.30958542,0.30910242,0.30850428,0.30778393,0.30693436,0.30594844,0.30481914,0.30372006,0.302816,0.30208683,0.30151236,0.3010724,0.30074677,0.3005153,0.30035782,0.30025408,0.30018404,0.30012745,0.30006412,0.29997385,0.29983652,0.29963195,0.29933995,0.2989404,0.29841295,0.2977376,0.29689407,0.29586226,0.29462194,0.29315296,0.29143515,0.28944826,0.2871723,0.28458682,0.28167182,0.2784071,0.2747725,0.27074778,0.26631284,0.26174,0.25731063,0.2530175,0.24885364,0.24481203,0.24088556,0.2370672,0.23334992,0.22972663,0.22619028,0.22273384,0.21935028,0.21603252,0.21277349,0.20956624,0.20640357,0.20327853,0.20018405,0.19711304,0.19405851,0.1910134,0.18797061,0.18492313,0.18186386,0.17878585,0.17568196,0.17254516,0.16936842,0.16614467,0.16286686,0.15952796,0.15612088,0.15288925,0.15006787,0.14763656,0.14557517,0.14386351,0.1424814,0.14140868,0.14062515,0.14011063,0.13984497,0.13980798,0.1399795,0.1403393,0.14086725,0.1415432
0.31245574,0.3127305,0.3129616,0.31314212,0.3132651,0.3133238,0.31331113,0.31322032,0.31304437,0.31277648,0.31240973,0.31193718,0.31135195,0.31064716,0.30981582,0.30885127,0.30774635,0.30667108,0.30578688,0.3050739,0.3045124,0.3040827,0.303765,0.3035394,0.30338633,0.3032859,0.30321845,0.30316415,0.3031033,0.3030161,0.30288276,0.30268356,0.3023987,0.30200848,0.30149314,0.3008329,0.30000794,0.2989986,0.29778495,0.2963475,0.2946662,0.29272157,0.29049364,0.28796268,0.28510898,0.28191277,0.2783543,0.27441382,0.27007148,0.26559412,0.26125702,0.2570533,0.25297603,0.24901839,0.2451734,0.24143411,0.23779377,0.23424542,0.23078215,0.22739705,0.2240832,0.22083376,0.21764186,0.21450047,0.21140279,0.20834193,0.20531097,0.20230299,0.19931108,0.19632843,0.193348,0.19036302,0.18736653,0.18435164,0.18131144,0.17823908,0.1751276,0.17197016,0.16875981,0.16548969,0.16215289,0.15898792,0.15622473,0.1538436,0.15182474,0.15014839,0.1487948,0.1477442,0.14697684,0.14647295,0.14621276,0.14617652,0.1463445,0.14669691,0.14721397,0.14787593
0.31493258,0.31520084,0.3154264,0.31560257,0.3157227,0.31577995,0.31576762,0.315679,0.3155072,0.31524572,0.3148877,0.31442645,0.31385517,0.3131672,0.3123558,0.31141418,0.31033564,0.30928612,0.3084231,0.30772734,0.3071796,0.30676055,0.30645075,0.30623108,0.30608216,0.3059847,0.3059194,0.305867,0.30580816,0.3057235,0.30559397,0.30539992,0.30512235,0.30474183,0.30423912,0.30359486,0.3027898,0.3018046,0.30062002,0.29921663,0.29757524,0.29567656,0.29350126,0.29103002,0.28824362,0.28512266,0.28164792,0.27780002,0.27355972,0.26918754,0.26495218,0.26084712,0.25686547,0.25300056,0.24924558,0.24559386,0.2420387,0.23857328,0.23519099,0.23188494,0.22864851,0.22547488,0.22235747,0.21928935,0.2162639,0.21327436,0.21031404,0.2073761,0.20445395,0.20154072,0.19862972,0.19571431,0.19278759,0.18984294,0.18687361,0.18387288,0.18083397,0.17775014,0.17461471,0.17142093,0.16816205,0.16507101,0.16237235,0.16004685,0.15807517,0.15643796,0.15511599,0.15408993,0.15334052,0.1528484,0.15259427,0.1525589,0.15272294,0.1530671,0.1535721,0.15421858
0.31702963,0.31729072,0.31751037,0.3176819,0.3177988,0.31785455,0.31784254,0.31775618,0.317589,0.31733447,0.3169859,0.3165369,0.3159807,0.31531093,0.31452098,0.31360427,0.31255427,0.3115325,0.3106923,0.310015,0.3094817,0.3090737,0.3087721,0.3085582,0.30841315,0.3083183,0.30825463,0.30820358,0.30814624,0.30806383,0.30793762,0.30774876,0.3074785,0.307108,0.3066186,0.30599135,0.30520758,0.30424842,0.30309516,0.3017289,0.30013102,0.29828256,0.29616487,0.2937591,0.29104644,0.28800815,0.28462538,0.2808794,0.27675143,0.272495,0.26837188,0.2643755,0.26049933,0.25673681,0.2530813,0.24952634,0.24606533,0.24269174,0.23939902,0.23618059,0.23302992,0.22994038,0.2269055,0.22391868,0.22097342,0.21806312,0.2151812,0.21232115,0.2094764,0.20664038,0.20380656,0.20096833,0.19811921,0.1952526,0.19236194,0.18944071,0.18648233,0.18348022,0.18042786,0.17731868,0.17414615,0.17113698,0.16850987,0.16624597,0.16432649,0.16273269,0.16144572,0.16044684,0.15971728,0.15923819,0.15899086,0.15895638,0.15911606,0.15945113,0.15994272,0.1605721
0.3187132,0.31896663,0.3191798,0.31934628,0.3194597,0.3195139,0.31950217,0.3194184,0.31925616,0.3190091,0.31867075,0.31823492,0.31769514,0.3170451,0.3162784,0.31538865,0.31436956,0.31337777,0.31256217,0.31190446,0.31138647,0.31099,0.31069678,0.31048855,0.31034714,0.31025434,0.3101919,0.31014162,0.3100853,0.31000456,0.30988142,0.30969754,0.30943462,0.30907458,0.30859914,0.30799,0.30722907,0.3062981,0.30517876,0.30385292,0.30230233,0.30050883,0.29845402,0.29611996,0.29348814,0.29054058,0.28725886,0.28362492,0.2796204,0.2754914,0.27149174,0.26761508,0.26385513,0.26020545,0.25665966,0.25321144,0.24985443,0.24658222,0.24338861,0.240267,0.23721118,0.2342147,0.2312713,0.22837454,0.22551803,0.2226955,0.21990055,0.21712679,0.2143679,0.2116175,0.20886916,0.20611663,0.20335343,0.20057337,0.19776992,0.19493677,0.1920676,0.18915595,0.18619557,0.18318003,0.18010297,0.17718437,0.17463633,0.17244056,0.17057885,0.169033,0.16778478,0.16681597,0.16610834,0.16564368,0.16540375,0.16537033,0.16552523,0.16585018,0.16632701,0.16693746
0.3199498,0.32019496,0.32040116,0.32056215,0.32067186,0.32072422,0.32071292,0.3206319,0.320475,0.32023603,0.31990883,0.31948727,0.31896517,0.31833652,0.31759495,0.31673443,0.3157488,0.31478944,0.31400025,0.31336355,0.31286177,0.31247732,0.31219256,0.31198996,0.3118519,0.31176075,0.3116989,0.3116488,0.31159285,0.31151345,0.31139296,0.31121382,0.3109584,0.31060916,0.31014848,0.3095587,0.3088222,0.30792162,0.30683905,0.30555704,0.30405807,0.3023244,0.3003385,0.2980828,0.29553956,0.29269135,0.28952053,0.28600943,0.2821405,0.27815142,0.27428746,0.2705425,0.2669103,0.26338485,0.25995985,0.2566292,0.2533868,0.2502264,0.24714196,0.24412721,0.24117605,0.23828238,0.23544,0.2326427,0.22988437,0.22715887,0.22446005,0.22178175,0.21911779,0.21646203,0.21380834,0.21115053,0.20848249,0.205798,0.203091,0.20035523,0.19758463,0.19477297,0.19191416,0.18900198,0.18603034,0.18321167,0.18075086,0.17863028,0.1768323,0.17533939,0.1741339,0.17319825,0.17251487,0.17206608,0.17183438,0.1718021,0.1719517,0.17226553,0.17272605,0.1733156
0.32070598,0.32094213,0.32114074,0.3212958,0.32140157,0.321452,0.32144108,0.32136303,0.32121184,0.3209817,0.32066652,0.32026044,0.31975758,0.319152,0.31843764,0.3176087,0.3166593,0.315735,0.31497422,0.3143599,0.31387532,0.3135034,0.31322742,0.3130303,0.3128952,0.31280518,0.3127434,0.31269288,0.31263664,0.31255794,0.31243977,0.3122652,0.31201735,0.3116793,0.31123415,0.31066495,0.30995494,0.309087,0.3080443,0.30681,0.305367,0.30369863,0.30178782,0.2996177,0.29717138,0.2944319,0.29138234,0.28800586,0.28428555,0.28044984,0.27673474,0.27313414,0.26964232,0.2662532,0.26296088,0.25975955,0.2566431,0.2536057,0.2506414,0.2477443,0.24490842,0.24212793,0.23939683,0.23670916,0.23405905,0.23144054,0.22884774,0.22627468,0.22371547,0.22116415,0.21861485,0.21606155,0.21349837,0.21091938,0.20831867,0.20569032,0.20302834,0.20032686,0.19757994,0.19478163,0.191926,0.18921734,0.18685256,0.18481472,0.18308692,0.18165225,0.18049382,0.17959468,0.17893796,0.1785067,0.17828405,0.17825304,0.1783968,0.17869836,0.17914088,0.17970742
0.3209482,0.32117462,0.321365,0.32151374,0.32161507,0.32166338,0.321653,0.32157815,0.3214332,0.32121253,0.32091033,0.32052103,0.32003888,0.31945825,0.3187734,0.31797862,0.31706837,0.3161818,0.3154516,0.31486133,0.3143949,0.31403625,0.3137691,0.31357744,0.31344494,0.31335557,0.3132931,0.3132414,0.3131843,0.3131057,0.3129894,0.3128192,0.31257904,0.3122527,0.311824,0.31127682,0.31059504,0.3097624,0.30876276,0.30758005,0.30619806,0.30460072,0.30277166,0.30069488,0.2983542,0.2957335,0.29281658,0.2895872,0.28602934,0.2823615,0.27880925,0.27536687,0.27202863,0.26878893,0.26564208,0.26258242,0.2596041,0.25670162,0.25386927,0.25110132,0.24839203,0.24573581,0.243127,0.24055985,0.23802868,0.23552789,0.23305166,0.23059435,0.22815035,0.2257139,0.22327934,0.22084104,0.21839325,0.21593025,0.21344648,0.21093613,0.20839363,0.20581318,0.20318922,0.20051597,0.19778778,0.19519989,0.19294052,0.19099355,0.1893428,0.18797208,0.18686533,0.18600625,0.18537882,0.18496679,0.18475406,0.18472447,0.18486176,0.18514991,0.1855727,0.186114
0.32064295,0.3208588,0.32104036,0.3211822,0.3212788,0.3213249,0.32131487,0.32124358,0.3211054,0.32089493,0.3206068,0.32023555,0.31977585,0.31922212,0.31856906,0.31781128,0.31694326,0.31609753,0.31540003,0.31483546,0.31438836,0.3140435,0.3137855,0.31359902,0.31346884,0.3133795,0.31331572,0.31326213,0.31320348,0.3131244,0.31300947,0.3128435,0.31261107,0.31229687,0.31188554,0.31136185,0.31071028,0.3099157,0.30896267,0.30783588,0.30652,0.30499968,0.30325964,0.30128446,0.29905888,0.29656756,0.29379514,0.29072636,0.28734577,0.2838611,0.28048667,0.277217,0.2740467,0.27097028,0.26798242,0.26507762,0.26225057,0.25949574,0.2568077,0.25418115,0.2516106,0.2490906,0.24661578,0.24418072,0.24177992,0.23940805,0.2370597,0.23472936,0.23241174,0.23010132,0.22779268,0.22548042,0.22315916,0.22082344,0.21846782,0.21608694,0.21367532,0.21122761,0.20873833,0.2062021,0.20361345,0.20115782,0.19901392,0.19716643,0.1956,0.19429936,0.19324914,0.19243397,0.1918386,0.19144765,0.19124578,0.19121765,0.19134799,0.1916214,0.19202258,0.19253622
0.31975666,0.31996113,0.3201332,0.32026753,0.3203591,0.32040277,0.32039332,0.32032576,0.32019478,0.3199954,0.31972238,0.31937066,0.31893504,0.31841043,0.31779173,0.3170737,0.3162513,0.3154495,0.31478727,0.31425002,0.3138234,0.31349304,0.3132444,0.3130631,0.31293476,0.31284487,0.312779,0.31272283,0.3126617,0.31258148,0.31246758,0.3123055,0.31208095,0.31177947,0.3113865,0.31088775,0.3102688,0.30951512,0.30861232,0.307546,0.30630168,0.30486494,0.30322146,0.30135664,0.29925612,0.2969055,0.29429033,0.2913962,0.28820866,0.28492346,0.28174272,0.27866125,0.2756739,0.27277556,0.2699611,0.2672253,0.26456317,0.26196954,0.25943917,0.256967,0.25454786,0.2521767,0.24984837,0.24755761,0.24529937,0.24306859,0.24086002,0.23866852,0.23648907,0.23431641,0.23214552,0.22997116,0.22778825,0.2255917,0.22337624,0.22113685,0.21886839,0.21656567,0.21422358,0.211837,0.2094008,0.20708956,0.20507175,0.20333293,0.20185864,0.2006345,0.19964601,0.19887884,0.19831844,0.1979505,0.19776051,0.19773404,0.19785668,0.19811401,0.19849163,0.19897503
0.31825578,0.31844807,0.31860983,0.31873617,0.3188223,0.3188633,0.31885448,0.31879085,0.31866774,0.31848025,0.3182236,0.31789285,0.31748325,0.31699,0.31640822,0.31573305,0.31495976,0.31420526,0.3135807,0.3130727,0.31266788,0.31235272,0.31211367,0.3119374,0.3118105,0.31171936,0.31165072,0.311591,0.31152683,0.3114447,0.3113312,0.31117287,0.3109563,0.31066796,0.3102945,0.30982238,0.30923823,0.3085285,0.30767992,0.3066788,0.30551183,0.30416566,0.30262664,0.3008815,0.2989166,0.29671872,0.2942742,0.29156974,0.2885918,0.28552333,0.28255305,0.27967617,0.27688777,0.2741831,0.27155718,0.2690054,0.26652277,0.26410452,0.2617458,0.25944182,0.25718772,0.25497872,0.2528099,0.25067648,0.24857369,0.24649665,0.24444051,0.24240048,0.24037169,0.2383493,0.23632859,0.23430468,0.23227264,0.23022778,0.22816522,0.22608012,0.22396761,0.22182298,0.21964133,0.2174178,0.21514761,0.2129937,0.21111321,0.20949271,0.20811877,0.20697793,0.20605673,0.20534177,0.20481953,0.2044766,0.20429951,0.20427486,0.20438918,0.20462902,0.20498091,0.20543142
0.31610683,0.31628603,0.3164367,0.31655443,0.31663465,0.3166729,0.31666467,0.3166054,0.31649074,0.316316,0.31607682,0.3157687,0.31538707,0.31492755,0.31438547,0.31375647,0.31303596,0.3123322,0.31174815,0.3112714,0.31088954,0.31059024,0.3103611,0.31018975,0.31006384,0.30997083,0.30989859,0.30983454,0.30976632,0.30968162,0.30956805,0.30941314,0.3092047,0.3089302,0.30857724,0.30813348,0.30758655,0.30692407,0.3061337,0.3052029,0.3041195,0.30287096,0.30144495,0.29982919,0.29801106,0.29597846,0.2937188,0.29121983,0.28846908,0.28563553,0.28289345,0.28023836,0.27766573,0.2751711,0.2727499,0.2703977,0.26810998,0.2658822,0.26371005,0.2615887,0.25951388,0.25748107,0.25548574,0.25352335,0.2515895,0.24967964,0.24778928,0.24591386,0.244049,0.2421901,0.24033272,0.23847233,0.23660445,0.23472457,0.2328282,0.23091084,0.22896802,0.22699513,0.22498779,0.2229415,0.22085169,0.21886864,0.21713737,0.2156454,0.2143805,0.21333016,0.21248205,0.21182379,0.211343,0.21102728,0.21086426,0.21084155,0.21094678,0.21116759,0.21149157,0.21190633
0.31327635,0.31344143,0.31358024,0.3136887,0.31376258,0.31379783,0.3137902,0.31373566,0.31362998,0.31346905,0.3132487,0.31296483,0.31261325,0.31218985,0.31169048,0.31111097,0.31044722,0.30979794,0.30925715,0.3088137,0.30845624,0.30817366,0.30795464,0.30778804,0.30766258,0.3075671,0.30749023,0.3074209,0.30734783,0.30725983,0.30714563,0.30699396,0.30679366,0.3065335,0.3062023,0.3057887,0.3052816,0.30466974,0.3039419,0.30308682,0.3020933,0.3009501,0.29964605,0.29816982,0.2965103,0.29465622,0.2925963,0.2903194,0.28781426,0.28523478,0.28273952,0.28032446,0.27798527,0.27571797,0.27351838,0.2713823,0.26930562,0.26728424,0.26531392,0.2633906,0.26151007,0.2596683,0.257861,0.25608405,0.2543334,0.25260487,0.25089425,0.2491975,0.24751037,0.2458288,0.24414858,0.24246562,0.24077576,0.23907481,0.2373587,0.23562324,0.2338643,0.23207773,0.23025939,0.22840513,0.22651081,0.22471294,0.2231433,0.2217907,0.22064388,0.21969162,0.21892272,0.21832591,0.21789001,0.21760377,0.21745598,0.2174354,0.21753082,0.21773098,0.2180247,0.21840075
0.30993763,0.3100886,0.3102154,0.31031457,0.31038213,0.31041425,0.31040734,0.31035745,0.31026092,0.31011376,0.30991244,0.30965295,0.3093317,0.30894473,0.30848834,0.30795872,0.3073521,0.3067576,0.30626032,0.30585003,0.30551696,0.30525073,0.30504155,0.30487925,0.3047538,0.30465516,0.30457333,0.30449814,0.3044196,0.3043276,0.30421224,0.30406338,0.3038709,0.30362493,0.30331516,0.3029318,0.3024646,0.30190364,0.3012388,0.30046,0.29955733,0.29852062,0.29733986,0.29600498,0.29450595,0.2928327,0.29097515,0.28892335,0.28666717,0.28434524,0.28210026,0.2799285,0.2778263,0.27578962,0.27381483,0.27189812,0.2700357,0.26822376,0.26645866,0.2647364,0.26305324,0.26140547,0.25978923,0.25820085,0.25663635,0.25509214,0.25356427,0.252049,0.25054264,0.24904132,0.24754125,0.24603865,0.24452977,0.24301076,0.24147785,0.23992729,0.23835526,0.23675798,0.23513167,0.23347254,0.23177677,0.230167,0.22876154,0.22755042,0.22652361,0.22567092,0.22498244,0.22444808,0.22405784,0.22380151,0.22366919,0.22365074,0.22373617,0.22391543,0.22417842,0.22451508
0.30629662,0.30643407,0.30654967,0.30663997,0.30670142,0.3067308,0.30672452,0.306679,0.30659097,0.30645707,0.3062736,0.30603734,0.3057446,0.30539215,0.30497634,0.30449387,0.3039413,0.3033986,0.3029423,0.3025633,0.30225277,0.3020019,0.3018015,0.3016428,0.3015169,0.30141476,0.3013275,0.30124623,0.301162,0.3010658,0.30094886,0.30080205,0.3006166,0.3003835,0.30009386,0.29973873,0.2993091,0.29879615,0.29819107,0.29748458,0.29666793,0.29573235,0.29466876,0.29346824,0.2921217,0.29062057,0.28895548,0.28711793,0.28509876,0.28302202,0.2810154,0.27907553,0.27719885,0.2753821,0.27362162,0.27191398,0.2702559,0.26864377,0.2670742,0.2655437,0.26404893,0.2625863,0.26115248,0.25974393,0.2583572,0.2569889,0.25563556,0.2542937,0.25295988,0.2516307,0.2503026,0.24897227,0.24763617,0.24629085,0.24493292,0.24355882,0.24216525,0.24074864,0.23930559,0.2378326,0.2363263,0.23489591,0.23364715,0.23257102,0.23165864,0.23090103,0.23028924,0.2298145,0.22946768,0.22923996,0.22912236,0.22910596,0.22918192,0.22934116,0.22957487,0.229874
0.30236804,0.3024928,0.30259764,0.30267957,0.30273536,0.302762,0.30275628,0.30271506,0.30263522,0.30251366,0.30234718,0.30213267,0.30186698,0.30154714,0.3011698,0.30073196,0.3002304,0.29973662,0.29931894,0.2989692,0.29867986,0.29844293,0.29825047,0.29809478,0.29796782,0.29786193,0.2977691,0.29768148,0.29759124,0.29749057,0.2973715,0.29722637,0.297047,0.2968258,0.29655468,0.296226,0.29583177,0.29536423,0.29481548,0.29417753,0.29344267,0.292603,0.29165065,0.2905777,0.2893764,0.2880388,0.28655702,0.2849233,0.28312975,0.28128645,0.27950695,0.27778786,0.27612633,0.27451897,0.27296272,0.2714545,0.2699912,0.26856962,0.2671867,0.26583922,0.26452407,0.26323822,0.26197848,0.26074165,0.25952458,0.2583243,0.2571376,0.2559613,0.2547923,0.2536275,0.25246376,0.25129786,0.2501268,0.24894743,0.2477565,0.24655102,0.24532776,0.2440836,0.24281546,0.24152021,0.24019465,0.23893549,0.23783615,0.23688884,0.23608562,0.23541869,0.2348802,0.2344622,0.23415692,0.23395644,0.23385295,0.23383851,0.23390533,0.23404552,0.23425126,0.23451464
0.29816675,0.29827943,0.29837427,0.29844832,0.29849878,0.2985228,0.29851758,0.29848036,0.29840818,0.2982983,0.2981479,0.29795408,0.297714,0.29742488,0.29708385,0.2966882,0.29623497,0.29578736,0.2954059,0.29508376,0.29481402,0.29458994,0.29440463,0.29425117,0.29412287,0.2940128,0.29391417,0.29382,0.29372364,0.29361808,0.2934966,0.29335237,0.29317838,0.29296795,0.29271427,0.29241034,0.29204938,0.29162458,0.29112914,0.29055604,0.28989866,0.28915003,0.28830338,0.28735182,0.2862885,0.2851065,0.2837992,0.2823596,0.28078085,0.27916002,0.27759668,0.27608812,0.27463135,0.2732237,0.2718623,0.2705442,0.26926664,0.26802692,0.2668221,0.2656492,0.26450568,0.2633885,0.26229492,0.2612221,0.2601672,0.25912738,0.25809982,0.25708175,0.2560702,0.25506246,0.2540557,0.25304705,0.2520336,0.25101262,0.24998133,0.24893677,0.24787623,0.2467968,0.24569571,0.24457003,0.24341705,0.24232128,0.24136461,0.24054019,0.23984122,0.23926082,0.2387922,0.23842843,0.23816279,0.23798832,0.23789823,0.23788567,0.23794384,0.2380659,0.23824486,0.23847406
0.29370767,0.29380903,0.29389426,0.2939608,0.29400623,0.29402786,0.29402322,0.29398972,0.2939248,0.29382604,0.29369068,0.29351637,0.2933005,0.2930405,0.29273388,0.29237798,0.29197046,0.29156643,0.2912192,0.29092282,0.29067132,0.29045907,0.29027995,0.29012832,0.2899981,0.28988364,0.28977883,0.28967804,0.28957522,0.28946462,0.28934032,0.28919646,0.28902715,0.28882653,0.28858885,0.28830805,0.28797844,0.287594,0.28714895,0.28663737,0.28605348,0.28539133,0.28464502,0.2838088,0.28287676,0.28184304,0.28070176,0.27944693,0.27807286,0.27666387,0.2753067,0.27399874,0.27273726,0.27152005,0.27034435,0.2692077,0.2681075,0.26704124,0.2660063,0.26500034,0.26402053,0.26306453,0.26212972,0.2612136,0.26031357,0.25942716,0.25855175,0.25768483,0.25682378,0.2559662,0.25510946,0.254251,0.2533883,0.25251886,0.25164002,0.25074935,0.24984424,0.24892218,0.24798062,0.24701697,0.24602875,0.24508895,0.2442685,0.24356149,0.24296203,0.24246423,0.24206235,0.24175039,0.24152255,0.24137294,0.2412957,0.24128492,0.2413348,0.24143942,0.24159293,0.24178952
0.2890056,0.2890963,0.28917247,0.28923205,0.28927264,0.28929192,0.28928775,0.28925776,0.2891998,0.2891114,0.28899053,0.28883463,0.28864157,0.2884092,0.28813496,0.2878168,0.2874524,0.28708956,0.28677458,0.28650215,0.28626773,0.2860662,0.28589264,0.28574213,0.2856097,0.28549036,0.28537944,0.28527164,0.28516233,0.28504637,0.2849189,0.2847749,0.28460956,0.28441793,0.28419495,0.28393587,0.2836356,0.28328925,0.28289187,0.28243855,0.28192437,0.2813443,0.28069362,0.27996704,0.27916,0.2782673,0.27728406,0.27620542,0.2750264,0.27381942,0.27265877,0.271542,0.27046704,0.26943147,0.26843306,0.26746956,0.26653865,0.26563802,0.2647656,0.26391888,0.26309568,0.26229367,0.2615107,0.26074433,0.2599924,0.25925264,0.25852272,0.2578004,0.25708336,0.2563694,0.25565618,0.2549414,0.25422287,0.25349823,0.25276527,0.2520217,0.25126526,0.25049362,0.24970454,0.24889575,0.24806495,0.24727425,0.24658391,0.24598904,0.24548467,0.24506585,0.24472767,0.2444652,0.24427347,0.24414763,0.24408263,0.24407354,0.24411552,0.24420357,0.24433275,0.2444981
0.28407556,0.28415608,0.28422374,0.28427663,0.28431264,0.28432977,0.2843261,0.28429952,0.28424796,0.28416958,0.28406203,0.28392375,0.28375226,0.2835459,0.28330243,0.28301987,0.2826963,0.2823724,0.2820876,0.28183794,0.28161922,0.28142756,0.28125873,0.28110886,0.28097382,0.28084952,0.280732,0.2806172,0.28050104,0.28037947,0.2802485,0.28010395,0.27994195,0.27975833,0.2795491,0.2793101,0.2790375,0.2787271,0.27837488,0.27797678,0.2775288,0.2770268,0.27646682,0.27584484,0.27515665,0.27439836,0.27356598,0.27265525,0.27166224,0.27064794,0.26967478,0.26874068,0.26784357,0.2669815,0.26615247,0.2653544,0.26458523,0.26384306,0.2631258,0.26243144,0.26175794,0.2611033,0.2604655,0.25984251,0.25923234,0.2586329,0.25804225,0.2574583,0.25687912,0.2563026,0.25572675,0.25514957,0.25456905,0.25398308,0.25338972,0.25278696,0.25217268,0.251545,0.25090185,0.25024113,0.24956092,0.24891269,0.24834684,0.2478592,0.24744569,0.24710242,0.24682525,0.24661008,0.24645291,0.2463497,0.24629642,0.24628901,0.24632338,0.24639557,0.24650148,0.24663702
0.27893227,0.27900314,0.27906278,0.27910936,0.27914107,0.2791562,0.27915296,0.27912948,0.27908418,0.279015,0.27892044,0.2787986,0.27864763,0.2784659,0.27825147,0.27800268,0.27771774,0.2774306,0.27717432,0.27694583,0.27674168,0.27655894,0.2763943,0.27624455,0.27610654,0.275977,0.27585283,0.2757307,0.27560765,0.2754802,0.27534544,0.2751999,0.27504054,0.27486414,0.2746676,0.2744476,0.2742009,0.27392444,0.2736149,0.27326918,0.2728841,0.27245635,0.2719828,0.27146035,0.27088565,0.27025557,0.2695669,0.26881644,0.2680011,0.26717082,0.26637676,0.2656171,0.26489002,0.26419383,0.26352662,0.26288676,0.26227242,0.2616817,0.26111302,0.26056442,0.26003432,0.2595207,0.259022,0.2585363,0.25806186,0.25759697,0.25713974,0.25668845,0.2562413,0.25579655,0.2553524,0.25490704,0.2544587,0.25400564,0.253546,0.25307813,0.25260016,0.2521103,0.25160682,0.25108793,0.25055182,0.25004008,0.24959335,0.24920833,0.24888188,0.24861082,0.24839194,0.24822214,0.24809808,0.2480166,0.24797449,0.24796864,0.24799576,0.24805278,0.24813639,0.2482434
0.27359074,0.27365252,0.27370447,0.27374503,0.27377266,0.27378586,0.27378306,0.2737626,0.27372307,0.2736629,0.2735804,0.2734742,0.27334267,0.27318424,0.27299735,0.27278054,0.2725322,0.2722798,0.27205044,0.27184173,0.27165124,0.2714766,0.27131537,0.27116534,0.27102402,0.270889,0.27075797,0.27062854,0.2704983,0.27036485,0.27022588,0.27007896,0.26992178,0.26975188,0.269567,0.2693646,0.26914233,0.26889786,0.2686289,0.26833293,0.2680076,0.26765066,0.2672595,0.26683193,0.26636553,0.26585785,0.2653066,0.2647093,0.2640637,0.26340932,0.2627866,0.2621938,0.2616294,0.26109192,0.2605797,0.2600913,0.25962517,0.25917965,0.25875327,0.25834447,0.25795174,0.2575734,0.257208,0.25685394,0.2565098,0.25617385,0.25584465,0.25552067,0.2552002,0.25488186,0.25456408,0.2542452,0.25392368,0.25359815,0.25326684,0.25292835,0.25258112,0.25222343,0.25185394,0.25147092,0.251073,0.25069195,0.25035942,0.25007278,0.24982978,0.24962796,0.24946502,0.24933852,0.24924618,0.2491855,0.24915422,0.24914986,0.24917006,0.24921249,0.24927472,0.24935442
0.26806578,0.26811892,0.2681636,0.26819846,0.26822227,0.2682336,0.26823112,0.26821363,0.26817957,0.26812777,0.26805687,0.2679655,0.2678523,0.26771602,0.2675554,0.26736882,0.2671552,0.26693583,0.26673183,0.26654163,0.26636374,0.2661964,0.26603818,0.26588735,0.26574242,0.26560172,0.26546368,0.26532665,0.26518917,0.2650495,0.26490614,0.26475745,0.26460186,0.26443776,0.2642636,0.26407763,0.26387843,0.26366436,0.26343378,0.26318517,0.2629169,0.26262727,0.26231486,0.26197797,0.26161498,0.2612244,0.2608046,0.26035386,0.25987074,0.2593849,0.25892618,0.25849319,0.25808474,0.2576993,0.25733575,0.2569926,0.2566686,0.25636238,0.25607258,0.25579786,0.255537,0.25528854,0.25505126,0.2548237,0.25460458,0.25439265,0.25418645,0.2539847,0.253786,0.25358918,0.2533928,0.25319546,0.25299597,0.25279284,0.25258487,0.2523707,0.25214893,0.2519183,0.2516774,0.251425,0.2511596,0.25090414,0.2506811,0.25048888,0.25032595,0.2501906,0.25008136,0.24999654,0.24993458,0.24989395,0.24987295,0.24987003,0.24988355,0.24991201,0.24995373,0.25000718
0.26237226,0.26241714,0.26245487,0.2624844,0.26250452,0.26251408,0.26251206,0.26249722,0.26246843,0.26242462,0.26236466,0.2622874,0.2621917,0.2620765,0.2619406,0.2617829,0.26160225,0.26141414,0.26123407,0.26106143,0.2608952,0.2607346,0.26057866,0.26042673,0.2602779,0.2601313,0.25998607,0.2598414,0.2596965,0.25955042,0.25940242,0.2592516,0.25909713,0.25893816,0.2587739,0.25860342,0.25842595,0.2582406,0.2580466,0.25784305,0.25762913,0.25740394,0.2571667,0.2569166,0.2566527,0.25637424,0.2560804,0.25577024,0.25544298,0.25511873,0.2548173,0.25453785,0.25427896,0.2540397,0.2538188,0.25361523,0.25342777,0.25325543,0.2530969,0.2529512,0.2528172,0.2526937,0.25257957,0.2524737,0.252375,0.25228235,0.25219452,0.25211048,0.25202906,0.25194916,0.25186962,0.25178936,0.2517072,0.25162202,0.25153273,0.2514382,0.25133714,0.2512287,0.2511116,0.2509847,0.2508469,0.25071213,0.2505944,0.250493,0.25040704,0.2503357,0.250278,0.25023326,0.25020057,0.25017914,0.25016806,0.2501665,0.25017363,0.25018868,0.25021067,0.25023887
0.25652492,0.25656202,0.2565933,0.25661758,0.25663427,0.25664216,0.25664043,0.2566282,0.25660446,0.25656828,0.25651875,0.25645489,0.25637585,0.25628066,0.25616845,0.25603816,0.25588894,0.25573054,0.2555733,0.25541693,0.25526157,0.25510696,0.25495303,0.25479954,0.25464654,0.25449383,0.25434136,0.25418893,0.25403646,0.25388384,0.25373095,0.25357765,0.25342387,0.2532695,0.25311434,0.25295836,0.25280145,0.25264344,0.25248417,0.25232372,0.25216177,0.2519983,0.25183314,0.25166622,0.25149742,0.25132662,0.25115374,0.25097856,0.25080103,0.2506321,0.25048214,0.25035015,0.2502353,0.25013652,0.25005302,0.2499837,0.24992785,0.24988437,0.24985237,0.24983096,0.24981917,0.24981609,0.24982072,0.24983224,0.2498496,0.24987197,0.24989833,0.24992782,0.24995957,0.24999246,0.25002572,0.25005832,0.25008935,0.25011796,0.25014308,0.25016388,0.2501794,0.25018874,0.2501909,0.25018504,0.2501701,0.2501516,0.25013542,0.25012156,0.25010973,0.25009996,0.25009203,0.25008586,0.2500814,0.25007844,0.25007698,0.25007674,0.25007772,0.25007975,0.25008276,0.25008664
0.25053886,0.2505685,0.25059342,0.2506129,0.2506262,0.2506325,0.25063112,0.25062138,0.25060236,0.2505735,0.25053388,0.25048292,0.25041983,0.25034374,0.25025403,0.25014994,0.25003076,0.24990068,0.24976493,0.24962418,0.2494789,0.24932972,0.24917719,0.24902196,0.24886458,0.24870566,0.24854572,0.24838535,0.24822523,0.24806596,0.24790792,0.24775188,0.24759842,0.24744806,0.24730138,0.24715908,0.24702156,0.24688956,0.24676359,0.24664429,0.2465322,0.2464279,0.24633202,0.24624512,0.24616781,0.24610059,0.24604416,0.245999,0.24596578,0.24594654,0.24594237,0.24595265,0.24597661,0.2460134,0.24606234,0.24612278,0.24619381,0.24627478,0.24636494,0.24646357,0.2465698,0.24668309,0.24680251,0.24692735,0.24705704,0.24719055,0.24732734,0.24746668,0.24760771,0.24774972,0.24789198,0.24803375,0.24817425,0.2483128,0.24844858,0.24858093,0.24870908,0.24883224,0.24894972,0.24906065,0.24916449,0.24925832,0.24934015,0.24941076,0.24947065,0.24952027,0.24956039,0.24959156,0.24961428,0.24962927,0.24963696,0.24963802,0.24963303,0.24962261,0.24960726,0.24958763
0.24442884,0.24445136,0.24447028,0.24448505,0.24449517,0.24449997,0.24449891,0.24449146,0.24447705,0.24445511,0.24442509,0.2443864,0.24433845,0.24428077,0.2442127,0.24413368,0.24404317,0.24394023,0.24382503,0.24369895,0.24356309,0.24341881,0.2432674,0.24311005,0.24294807,0.2427827,0.24261524,0.24244697,0.2422791,0.24211287,0.24194968,0.24179062,0.2416371,0.24149029,0.24135149,0.24122196,0.24110302,0.24099588,0.24090178,0.24082197,0.24075787,0.24071051,0.2406813,0.24067159,0.24068245,0.24071528,0.24077125,0.24085169,0.24095784,0.24108323,0.24122007,0.24136785,0.24152598,0.24169394,0.24187107,0.2420569,0.24225079,0.24245222,0.24266069,0.24287549,0.24309617,0.24332206,0.24355273,0.24378748,0.24402587,0.24426724,0.24451107,0.24475676,0.24500379,0.24525157,0.24549955,0.2457471,0.24599376,0.2462389,0.24648194,0.24672242,0.24695964,0.2471931,0.24742222,0.24764648,0.24786523,0.24806781,0.24824464,0.24839707,0.24852629,0.24863361,0.24872024,0.24878746,0.24883658,0.24886882,0.24888548,0.2488878,0.24887708,0.24885453,0.2488214,0.24877901
0.23820974,0.23822543,0.23823853,0.23824884,0.23825583,0.23825917,0.23825844,0.23825331,0.23824324,0.23822804,0.2382072,0.23818025,0.23814695,0.23810686,0.23805957,0.23800464,0.23794177,0.23786487,0.23776934,0.23765711,0.2375301,0.23739034,0.23723963,0.23707992,0.23691314,0.23674126,0.23656622,0.23638992,0.23621413,0.236041,0.23587228,0.23571004,0.23555616,0.23541254,0.23528104,0.2351637,0.23506236,0.23497903,0.23491555,0.23487389,0.23485593,0.23486371,0.23489903,0.23496386,0.2350601,0.23518974,0.23535462,0.23555672,0.23579796,0.23606353,0.23633704,0.23661813,0.23690647,0.23720162,0.23750313,0.23781069,0.23812385,0.23844226,0.23876551,0.23909329,0.239425,0.23976044,0.24009912,0.24044073,0.24078478,0.24113095,0.24147883,0.24182795,0.24217805,0.24252866,0.2428794,0.24322985,0.24357967,0.24392846,0.24427581,0.24462134,0.24496457,0.24530524,0.24564289,0.24597716,0.2463076,0.24661587,0.24688491,0.24711677,0.2473134,0.24747668,0.24760847,0.2477108,0.24778551,0.24783456,0.24785993,0.24786347,0.2478471,0.24781273,0.24776243,0.24769795
0.2318965,0.23190549,0.23191306,0.231919,0.23192304,0.23192497,0.23192453,0.23192158,0.23191579,0.23190701,0.23189497,0.23187947,0.23186032,0.23183718,0.23180993,0.2317783,0.23174208,0.23169024,0.23161355,0.23151463,0.23139599,0.23126024,0.23110999,0.23094775,0.23077607,0.23059757,0.23041478,0.23023029,0.23004664,0.22986642,0.22969218,0.22952649,0.22937195,0.22923106,0.22910649,0.22900072,0.2289163,0.22885591,0.22882202,0.2288172,0.22884406,0.22890516,0.22900303,0.2291403,0.2293195,0.22954313,0.22981389,0.23013425,0.23050681,0.23090872,0.23131524,0.23172607,0.23214114,0.23256007,0.23298271,0.23340878,0.23383813,0.23427045,0.2347056,0.23514333,0.23558335,0.23602554,0.23646957,0.23691526,0.23736244,0.23781076,0.23826008,0.23871017,0.23916079,0.23961166,0.24006261,0.24051346,0.2409639,0.24141379,0.24186276,0.24231073,0.24275742,0.24320264,0.24364606,0.24408752,0.24452685,0.24493802,0.24529697,0.24560632,0.24586861,0.24608634,0.24626222,0.24639872,0.24649842,0.24656384,0.24659762,0.24660237,0.24658053,0.24653476,0.24646756,0.24638157
0.22550386,0.22550645,0.22550865,0.22551034,0.2255115,0.22551206,0.22551194,0.22551107,0.22550945,0.22550693,0.22550344,0.225499,0.22549354,0.22548687,0.22547907,0.22546999,0.22545959,0.225432,0.2253735,0.22528738,0.22517669,0.22504468,0.22489461,0.22472961,0.22455285,0.22436765,0.22417708,0.22398438,0.22379273,0.22360533,0.22342545,0.22325619,0.22310074,0.22296238,0.22284429,0.22274956,0.2226815,0.22264329,0.22263804,0.22266905,0.22273943,0.22285248,0.22301131,0.22321917,0.2234792,0.2237946,0.22416861,0.22460441,0.2251052,0.22564016,0.22617652,0.22671413,0.22725287,0.22779281,0.22833374,0.22887571,0.22941858,0.22996229,0.23050691,0.23105218,0.2315981,0.2321447,0.23269185,0.2332394,0.23378734,0.2343357,0.23488432,0.23543312,0.23598212,0.2365312,0.2370803,0.23762931,0.23817828,0.23872702,0.23927562,0.2398238,0.24037164,0.24091911,0.24146605,0.24201243,0.24255815,0.24306998,0.24351685,0.24390191,0.24422844,0.24449955,0.24471846,0.24488832,0.24501243,0.24509396,0.24513605,0.24514192,0.24511468,0.24505775,0.24497414,0.24486706
0.21904683,0.21904317,0.21904007,0.21903762,0.219036,0.21903522,0.21903542,0.21903662,0.21903898,0.21904252,0.21904743,0.21905376,0.21906161,0.21907102,0.21908215,0.21909507,0.21910983,0.21910587,0.21906509,0.2189912,0.2188881,0.21875963,0.21860948,0.2184416,0.21825977,0.21806769,0.21786928,0.21766835,0.21746868,0.21727405,0.21708833,0.2169154,0.21675894,0.21662277,0.21651082,0.21642677,0.21637452,0.2163579,0.21638063,0.21644656,0.21655951,0.21672337,0.21694179,0.21721876,0.21755795,0.21796326,0.21843842,0.21898736,0.21961378,0.22027925,0.2209429,0.2216047,0.22226489,0.2229234,0.22358045,0.2242361,0.22489037,0.22554347,0.2261954,0.2268463,0.22749624,0.22814527,0.22879356,0.22944121,0.23008825,0.23073478,0.23138098,0.23202683,0.23267244,0.23331796,0.23396342,0.23460896,0.23525463,0.2359006,0.23654686,0.23719354,0.23784079,0.23848864,0.23913719,0.23978649,0.24043675,0.24104746,0.24158064,0.24204008,0.24242955,0.24275304,0.24301423,0.24321693,0.24336499,0.2434622,0.24351245,0.24351944,0.24348702,0.24341902,0.24331927,0.24319156
0.21254018,0.2125304,0.2125221,0.21251567,0.2125113,0.21250921,0.21250966,0.21251291,0.21251917,0.21252872,0.21254183,0.21255869,0.2125796,0.21260476,0.21263446,0.21266888,0.21270832,0.21272752,0.21270397,0.2126421,0.21254633,0.21242107,0.21227081,0.21209991,0.21191278,0.21171388,0.21150757,0.21129836,0.21109061,0.21088873,0.21069717,0.21052039,0.21036272,0.21022864,0.21012253,0.21004891,0.21001211,0.21001658,0.21006669,0.21016692,0.21032168,0.21053538,0.21081248,0.21115735,0.21157445,0.21206816,0.21264292,0.21330313,0.21405327,0.21484727,0.21563618,0.2164204,0.21720009,0.21797548,0.21874689,0.21951449,0.22027858,0.22103938,0.22179717,0.22255215,0.22330455,0.2240547,0.22480276,0.22554901,0.22629376,0.22703713,0.22777946,0.22852099,0.22926193,0.23000254,0.23074302,0.23148371,0.2322248,0.23296662,0.23370925,0.23445304,0.23519823,0.23594509,0.23669384,0.2374447,0.23819795,0.23890606,0.23952426,0.24005699,0.24050869,0.24088371,0.24118662,0.24142167,0.24159333,0.24170604,0.24176425,0.24177241,0.24173479,0.24165595,0.2415403,0.2413921
0.20599887,0.20598301,0.2059697,0.20595926,0.20595214,0.20594878,0.20594953,0.20595476,0.20596491,0.20598035,0.20600152,0.20602879,0.20606257,0.20610319,0.20615117,0.20620684,0.2062706,0.20631258,0.20630601,0.20625587,0.20616728,0.20604518,0.2058946,0.20572059,0.20552815,0.20532234,0.20510817,0.2048906,0.20467474,0.20446558,0.20426811,0.2040874,0.20392847,0.20379634,0.20369598,0.20363246,0.20361081,0.20363605,0.20371322,0.20384727,0.20404328,0.20430627,0.20464127,0.2050533,0.20554735,0.20612846,0.20680167,0.207572,0.20844446,0.20936546,0.2102784,0.21118361,0.21208155,0.21297258,0.21385711,0.21473557,0.21560828,0.21647567,0.21733822,0.2181962,0.21905005,0.21990027,0.22074707,0.22159103,0.22243243,0.22327171,0.22410925,0.2249455,0.22578081,0.22661558,0.22745022,0.22828515,0.22912073,0.22995736,0.23079546,0.23163533,0.23247759,0.23332241,0.23417033,0.23502171,0.23587693,0.23668148,0.23738386,0.23798908,0.23850226,0.2389284,0.23927252,0.23953958,0.23973462,0.23986271,0.23992883,0.23993804,0.23989539,0.23980577,0.23967433,0.23950607
0.1994377,0.19941583,0.19939746,0.19938315,0.19937333,0.19936869,0.19936967,0.1993769,0.19939089,0.19941217,0.19944136,0.19947892,0.19952546,0.19958149,0.1996476,0.19972429,0.19981217,0.19987673,0.199887,0.19984847,0.19976692,0.19964787,0.19949695,0.1993198,0.19912203,0.19890927,0.19868715,0.1984613,0.19823729,0.19802079,0.19781739,0.19763276,0.19747244,0.19734217,0.19724746,0.19719401,0.19718736,0.1972332,0.1973371,0.19750474,0.19774172,0.19805364,0.19844614,0.19892482,0.19949533,0.20016328,0.20093429,0.20181398,0.202808,0.20385525,0.20489137,0.20591687,0.20693232,0.20793827,0.20893525,0.2099238,0.21090452,0.21187788,0.21284452,0.21380493,0.21475971,0.21570931,0.21665436,0.21759535,0.21853292,0.21946754,0.22039983,0.22133024,0.22225936,0.2231878,0.22411603,0.22504461,0.22597413,0.2269051,0.22783805,0.22877362,0.22971228,0.23065457,0.2316011,0.23255236,0.23350894,0.23440935,0.23519538,0.23587276,0.23644713,0.23692401,0.2373091,0.23760794,0.23782626,0.23796959,0.23804362,0.23805392,0.23800613,0.2379059,0.23775882,0.23757045
0.19287159,0.19284372,0.19282034,0.19280206,0.19278961,0.19278365,0.19278494,0.19279413,0.19281195,0.1928391,0.19287623,0.1929241,0.19298337,0.19305477,0.19313896,0.19323666,0.19334857,0.19343568,0.1934627,0.19343579,0.19336125,0.1932452,0.19309393,0.19291359,0.19271049,0.19249082,0.19226076,0.19202656,0.19179444,0.19157061,0.19136128,0.19117269,0.19101104,0.19088256,0.1907935,0.19074999,0.19075835,0.19082473,0.19095536,0.1911565,0.19143435,0.1917951,0.192245,0.19279025,0.19343711,0.19419175,0.19506039,0.19604926,0.19716462,0.19833791,0.19949704,0.20064263,0.20177542,0.20289609,0.20400533,0.20510383,0.2061924,0.20727162,0.2083422,0.20940487,0.21046035,0.21150929,0.2125524,0.21359037,0.21462391,0.21565375,0.21668054,0.21770501,0.21872787,0.21974981,0.22077142,0.22179362,0.22281691,0.22384205,0.22486983,0.22590084,0.22693582,0.2279754,0.22902036,0.2300714,0.2311292,0.2321253,0.2329949,0.23374428,0.2343797,0.23490728,0.23533328,0.2356639,0.23590544,0.23606408,0.23614593,0.23615733,0.23610446,0.23599355,0.23583083,0.23562248
0.18631537,0.18628153,0.18625306,0.18623082,0.1862157,0.18620844,0.18621,0.18622121,0.18624286,0.18627585,0.18632104,0.18637922,0.18645132,0.18653809,0.18664047,0.18675926,0.18689534,0.18700512,0.18704897,0.18703371,0.18696618,0.18685323,0.18670161,0.18651818,0.18630974,0.18608311,0.18584518,0.1856026,0.18536235,0.18513122,0.18491596,0.18472345,0.18456046,0.18443386,0.18435045,0.18431701,0.18434043,0.18442744,0.18458495,0.18481971,0.18513855,0.18554835,0.18605584,0.18666789,0.18739133,0.18823293,0.18919955,0.19029799,0.19153509,0.19283484,0.19411731,0.19538336,0.19663382,0.1978696,0.19909145,0.20030032,0.20149699,0.20268232,0.20385724,0.20502244,0.20617889,0.20732746,0.2084689,0.20960413,0.21073395,0.2118593,0.21298093,0.21409969,0.2152165,0.21633218,0.21744761,0.21856354,0.21968092,0.22080061,0.22192334,0.22305009,0.22418162,0.22531885,0.22646254,0.22761363,0.22877291,0.22986498,0.23081847,0.23164006,0.23233669,0.23291512,0.23338221,0.23374473,0.23400949,0.23418334,0.23427317,0.23428564,0.23422767,0.2341061,0.23392768,0.23369928
0.17978394,0.17974404,0.1797105,0.17968424,0.17966639,0.17965786,0.1796597,0.1796729,0.17969845,0.17973736,0.17979063,0.17985927,0.17994426,0.18004663,0.18016735,0.18030748,0.18046796,0.18060061,0.18066151,0.1806581,0.18059777,0.18048799,0.18033612,0.1801496,0.17993587,0.17970239,0.1794565,0.17920566,0.17895733,0.17871886,0.17849776,0.17830132,0.1781371,0.1780124,0.17793481,0.17791158,0.17795025,0.17805816,0.17824274,0.17851149,0.17887172,0.17933099,0.17989662,0.18057606,0.1813767,0.18230599,0.18337135,0.18458027,0.18594006,0.18736726,0.18877411,0.19016156,0.19153066,0.19288242,0.19421776,0.19553778,0.1968434,0.19813566,0.1994156,0.20068416,0.20194238,0.20319125,0.20443177,0.20566493,0.20689173,0.2081132,0.20933035,0.21054414,0.2117556,0.2129657,0.21417549,0.21538593,0.21659805,0.21781288,0.21903133,0.22025447,0.22148328,0.22271876,0.22396193,0.22521384,0.22647537,0.22766416,0.22870208,0.2295964,0.23035477,0.23098439,0.23149283,0.23188743,0.23217568,0.23236491,0.23246263,0.23247628,0.23241319,0.2322808,0.23208661,0.23183794
0.17329219,0.17324612,0.17320734,0.17317706,0.17315646,0.1731466,0.17314875,0.17316398,0.17319345,0.1732384,0.17329992,0.17337914,0.1734773,0.17359552,0.17373492,0.17389667,0.17408198,0.17423792,0.17431621,0.17432487,0.17427196,0.17416547,0.1740135,0.173824,0.17360508,0.17336471,0.17311098,0.17285188,0.17259546,0.17234972,0.17212278,0.17192256,0.1717572,0.17163467,0.17156298,0.17155026,0.17160445,0.17173357,0.17194577,0.17224902,0.17265128,0.17316069,0.17378522,0.17453294,0.17541185,0.17643003,0.17759547,0.1789162,0.1804003,0.18195657,0.18348935,0.18499972,0.1864889,0.18795803,0.18940827,0.19084075,0.19225667,0.19365716,0.19504337,0.1964165,0.19777763,0.199128,0.2004687,0.20180093,0.20312583,0.20444456,0.20575827,0.20706816,0.2083753,0.2096809,0.21098614,0.21229218,0.21360011,0.21491109,0.21622635,0.21754704,0.21887428,0.22020921,0.22155298,0.22290678,0.22427182,0.22555844,0.22668172,0.22764976,0.22847044,0.2291519,0.22970219,0.2301293,0.23044126,0.23064606,0.23075183,0.23076656,0.23069829,0.23055506,0.23034485,0.23007573
0.16685496,0.16680259,0.16675851,0.16672409,0.16670065,0.16668946,0.16669187,0.16670918,0.16674274,0.16679381,0.16686372,0.16695383,0.16706541,0.1671998,0.16735831,0.16754226,0.16775292,0.16793269,0.1680288,0.16804993,0.1680047,0.16790181,0.16774985,0.16755755,0.16733347,0.16708633,0.16682476,0.16655739,0.16629295,0.16604005,0.16580734,0.16560346,0.16543709,0.16531688,0.16525146,0.16524953,0.16531967,0.16547059,0.16571096,0.16604936,0.16649455,0.16705506,0.16773964,0.16855693,0.16951552,0.17062415,0.17189142,0.17332599,0.1749365,0.17662406,0.17828491,0.17992033,0.18153161,0.18312009,0.1846871,0.18623395,0.18776195,0.18927236,0.19076659,0.19224592,0.19371162,0.19516507,0.19660757,0.19804037,0.1994649,0.2008824,0.20229422,0.2037016,0.20510595,0.20650853,0.20791069,0.2093137,0.21071893,0.21212763,0.2135412,0.21496087,0.216388,0.21782394,0.21926992,0.2207273,0.22219741,0.22358344,0.22479355,0.22583634,0.22672044,0.22745454,0.22804734,0.22850744,0.22884348,0.22906414,0.2291781,0.22919399,0.2291204,0.22896607,0.22873963,0.22844972
0.16048715,0.16042827,0.16037874,0.16034006,0.16031373,0.16030115,0.16030383,0.16032332,0.16036102,0.1604184,0.16049701,0.16059826,0.16072369,0.16087471,0.16105282,0.16125953,0.1614963,0.16170059,0.16181514,0.16184917,0.16181202,0.16171294,0.16156128,0.16136622,0.16113716,0.16088331,0.16061397,0.1603385,0.16006607,0.15980603,0.15956768,0.15936027,0.1591931,0.15907547,0.15901664,0.15902591,0.15911259,0.15928592,0.15955524,0.15992981,0.16041893,0.16103181,0.16177785,0.16266628,0.16370639,0.16490749,0.16627881,0.16782969,0.1695694,0.17139111,0.17318276,0.17494582,0.17668176,0.17839213,0.18007834,0.18174185,0.18338421,0.18500684,0.18661122,0.18819891,0.18977125,0.19132984,0.1928761,0.19441153,0.19593756,0.19745575,0.19896752,0.20047435,0.20197773,0.20347919,0.20498008,0.206482,0.20798637,0.20949468,0.21100843,0.21252906,0.21405809,0.21559693,0.21714716,0.21871015,0.22028744,0.22177489,0.22307348,0.22419253,0.22514133,0.22592917,0.2265653,0.227059,0.2274197,0.2276565,0.22777876,0.22779584,0.22771683,0.2275512,0.22730823,0.22699715
0.15420362,0.15413804,0.15408288,0.1540398,0.15401043,0.15399645,0.15399946,0.15402113,0.15406312,0.15412706,0.1542146,0.15432738,0.15446708,0.15463528,0.15483367,0.1550639,0.15532763,0.1555573,0.15569095,0.15573846,0.15570983,0.15561499,0.15546383,0.15526628,0.15503235,0.15477188,0.1544949,0.15421127,0.15393093,0.15366387,0.15342,0.15320921,0.15304151,0.15292679,0.15287496,0.152896,0.15299983,0.15319641,0.15349561,0.15390742,0.15444174,0.15510856,0.15591773,0.1568793,0.1580031,0.1592991,0.16077724,0.1624475,0.16431972,0.16627899,0.16820477,0.17009869,0.17196245,0.1737977,0.17560601,0.17738909,0.17914858,0.18088612,0.18260337,0.1843019,0.18598346,0.18764964,0.18930212,0.19094248,0.19257246,0.19419363,0.19580767,0.1974162,0.19902092,0.20062348,0.20222545,0.2038285,0.20543431,0.2070445,0.2086607,0.21028465,0.2119179,0.21356213,0.21521899,0.21689011,0.21857713,0.22016838,0.22155762,0.22275473,0.22376974,0.22461253,0.22529308,0.22582129,0.22620709,0.22646043,0.22659126,0.22660942,0.226525,0.22634782,0.2260879,0.22575507
0.14801925,0.14794672,0.1478857,0.14783806,0.14780556,0.14779006,0.14779343,0.14781742,0.14786385,0.14793457,0.14803137,0.14815614,0.14831062,0.14849667,0.14871612,0.14897077,0.14926246,0.14951849,0.14967205,0.14973374,0.14971416,0.14962392,0.14947358,0.14927377,0.14903511,0.1487682,0.1484836,0.14819193,0.1479038,0.14762981,0.14738053,0.14716662,0.14699863,0.14688717,0.14684285,0.14687628,0.146998,0.1472187,0.14754896,0.14799936,0.14858045,0.14930293,0.15017733,0.15121427,0.15242437,0.1538182,0.15540636,0.1571995,0.15920816,0.16130902,0.16337284,0.16540147,0.1673967,0.16936038,0.17129427,0.17320028,0.17508017,0.17693579,0.17876895,0.18058145,0.18237513,0.18415184,0.18591335,0.18766154,0.18939817,0.1911251,0.19284412,0.19455709,0.19626577,0.19797206,0.19967774,0.20138465,0.20309453,0.20480934,0.20653078,0.20826073,0.210001,0.21175341,0.2135198,0.21530195,0.21710172,0.21879958,0.22028191,0.22155929,0.22264232,0.22354162,0.22426774,0.22483137,0.22524299,0.22551335,0.22565287,0.22567235,0.22558221,0.22539318,0.22511582,0.2247607
0.1419489,0.1418691,0.14180201,0.14174959,0.14171386,0.14169686,0.1417005,0.14172688,0.14177796,0.14185575,0.14196226,0.14209945,0.14226937,0.14247401,0.14271538,0.14299548,0.14331628,0.14359984,0.14377427,0.14385086,0.14384094,0.14375578,0.14360666,0.14340486,0.14316165,0.14288841,0.14259629,0.1422967,0.14200082,0.14172003,0.14146554,0.14124869,0.14108077,0.14097302,0.14093678,0.14098328,0.14112383,0.14136975,0.14173229,0.14222275,0.14285241,0.14363258,0.14457452,0.1456895,0.14698885,0.14848383,0.15018576,0.15210585,0.15425548,0.15650257,0.15870896,0.16087657,0.16300751,0.1651037,0.16716719,0.1692,0.17120403,0.17318138,0.17513405,0.177064,0.17897324,0.1808638,0.18273768,0.18459687,0.18644334,0.18827917,0.1901063,0.19192675,0.19374251,0.19555561,0.19736806,0.19918187,0.20099896,0.20282143,0.20465124,0.20649038,0.20834087,0.2102047,0.21208395,0.2139805,0.21589644,0.21770422,0.21928248,0.22064252,0.22179568,0.22275317,0.22352628,0.22412641,0.22456469,0.2248525,0.2250011,0.22502181,0.22492586,0.2247246,0.22442923,0.22405115
0.13600743,0.13592009,0.13584661,0.13578922,0.13575009,0.13573147,0.1357355,0.13576436,0.13582028,0.13590544,0.13602206,0.1361723,0.13635837,0.13658242,0.1368467,0.13715339,0.13750465,0.13781698,0.13801336,0.13810574,0.13810615,0.13802661,0.13787909,0.13767558,0.1374281,0.1371486,0.13684915,0.13654165,0.1362382,0.13595073,0.13569124,0.13547176,0.13530424,0.1352007,0.13517314,0.13523352,0.1353939,0.13566628,0.13606255,0.13659479,0.137275,0.13811515,0.13912725,0.14032325,0.14171524,0.14331514,0.14513494,0.1471867,0.14948237,0.15188095,0.15423495,0.15654655,0.15881792,0.1610513,0.16324885,0.16541277,0.16754526,0.1696485,0.17172468,0.17377602,0.17580469,0.1778129,0.17980283,0.18177669,0.18373664,0.1856849,0.18762366,0.1895551,0.19148141,0.19340482,0.19532749,0.1972516,0.19917941,0.20111303,0.20305473,0.20500664,0.206971,0.20894994,0.21094573,0.21296051,0.21499649,0.21691786,0.2185953,0.22004081,0.22126642,0.22228408,0.22310579,0.22374356,0.22420941,0.22451532,0.22467327,0.22469525,0.2245933,0.22437935,0.22406547,0.22366363
0.13020977,0.13011447,0.13003431,0.12997171,0.12992904,0.12990871,0.12991309,0.1299446,0.1300056,0.13009852,0.13022572,0.1303896,0.13059258,0.13083701,0.1311253,0.13145986,0.13184308,0.13218562,0.1324051,0.13251425,0.1325258,0.13245247,0.13230701,0.13210213,0.13185059,0.13156508,0.13125834,0.13094315,0.13063216,0.13033818,0.13007388,0.12985204,0.12968536,0.12958656,0.12956841,0.1296436,0.12982489,0.13012502,0.13055667,0.13113263,0.13186559,0.1327683,0.1338535,0.13513388,0.1366222,0.13833122,0.14027362,0.14246213,0.14490953,0.14746547,0.14997278,0.15243381,0.15485097,0.15722668,0.15956332,0.16186325,0.1641289,0.16636266,0.1685669,0.17074402,0.17289641,0.1750265,0.17713663,0.17922921,0.18130665,0.18337134,0.18542562,0.18747196,0.18951271,0.19155028,0.19358703,0.1956254,0.19766773,0.19971646,0.20177397,0.20384263,0.20592484,0.20802301,0.21013954,0.21227677,0.21443716,0.21647623,0.21825643,0.21979049,0.22109117,0.22217116,0.22304325,0.2237201,0.22421448,0.22453912,0.22470674,0.22473007,0.22462186,0.22439483,0.2240617,0.22363524
0.12484092,0.124737956,0.124651395,0.12458376,0.12453769,0.12451571,0.12452047,0.12455447,0.12462039,0.12472073,0.12485813,0.12503514,0.12525438,0.12551843,0.1258298,0.1261912,0.12660508,0.12697673,0.12721848,0.12734385,0.12736624,0.12729903,0.12715572,0.12694974,0.12669449,0.12640339,0.12608992,0.12576751,0.12544954,0.12514952,0.12488084,0.12465692,0.12449123,0.124397166,0.12438819,0.12447773,0.124679215,0.12500608,0.12547174,0.12608965,0.12687325,0.12783596,0.1289912,0.13035245,0.13193311,0.13374661,0.1358064,0.1381259,0.1407185,0.14342506,0.14607906,0.14868312,0.15123978,0.15375164,0.1562213,0.15865134,0.16104434,0.16340289,0.16572955,0.16802692,0.17029762,0.17254417,0.1747692,0.17697525,0.17916496,0.18134089,0.1835056,0.18566173,0.1878118,0.18995844,0.1921042,0.19425167,0.19640349,0.1985622,0.20073032,0.20291059,0.20510545,0.20731755,0.20954947,0.21180378,0.21408308,0.21623468,0.21811308,0.21973184,0.2211043,0.22224388,0.22316405,0.22387826,0.22439997,0.2247425,0.22491941,0.22494401,0.22482982,0.22459027,0.22423877,0.22378872
0.12015361,0.12004401,0.11995183,0.11987984,0.119830765,0.119807355,0.11981242,0.119848646,0.11991881,0.12002568,0.120171964,0.120360464,0.12059388,0.12087501,0.12120657,0.12159134,0.12203205,0.122429095,0.12269035,0.122829854,0.12286166,0.12279984,0.12265841,0.122451425,0.12219294,0.121897005,0.12157764,0.12124891,0.12092489,0.12061957,0.120347045,0.12012134,0.11995651,0.119866565,0.119865604,0.11996767,0.120186776,0.12053698,0.12103236,0.12168691,0.1225147,0.12352981,0.12474624,0.12617804,0.12783931,0.12974401,0.13190629,0.1343401,0.13705955,0.13989757,0.14267968,0.14540856,0.14808702,0.15071778,0.15330355,0.15584722,0.15835136,0.16081887,0.16325243,0.1656548,0.16802873,0.17037697,0.17270231,0.17500746,0.17729518,0.1795682,0.18182935,0.18408129,0.18632682,0.18856868,0.1908096,0.19305238,0.19529974,0.19755447,0.19981925,0.20209685,0.20439012,0.20670165,0.20903432,0.21139081,0.21377395,0.21602374,0.21798798,0.21968062,0.22111577,0.2223074,0.22326954,0.22401641,0.2245619,0.22492011,0.22510502,0.2251308,0.22501142,0.22476088,0.22439335,0.22392276
0.11611439,0.11599905,0.11590204,0.11582627,0.115774624,0.115750015,0.11575531,0.11579344,0.115867294,0.115979746,0.11613369,0.11633208,0.116577744,0.11687358,0.11722255,0.11762748,0.1180913,0.11851021,0.11878824,0.11893992,0.11897989,0.11892269,0.11878288,0.11857506,0.1183138,0.11801366,0.11768922,0.11735507,0.1170258,0.11671595,0.11644011,0.11621285,0.11604874,0.11596239,0.11596832,0.11608117,0.11631547,0.11668579,0.11720673,0.11789288,0.118758775,0.11981901,0.12108815,0.12258078,0.124311484,0.12629484,0.12854537,0.13107775,0.13390647,0.13685782,0.13975027,0.14258677,0.14537014,0.14810334,0.15078925,0.15343073,0.15603071,0.1585921,0.16111778,0.1636106,0.16607355,0.16850942,0.17092119,0.1733117,0.1756839,0.17804064,0.18038483,0.18271936,0.1850471,0.18737108,0.189694,0.19201891,0.1943486,0.19668604,0.19903408,0.20139565,0.20377363,0.20617089,0.20859036,0.21103497,0.21350753,0.21584204,0.21788016,0.2196365,0.2211256,0.22236207,0.22336051,0.22413543,0.22470145,0.22507311,0.22526503,0.22529174,0.22516786,0.2249079,0.22452652,0.22403826
0.11268973,0.11256951,0.112468384,0.11238942,0.11233559,0.11230995,0.112315476,0.11235522,0.112432174,0.112549394,0.11270984,0.11291659,0.113172635,0.113480985,0.11384466,0.11426669,0.1147501,0.11518756,0.11547983,0.115641855,0.11568871,0.11563543,0.11549698,0.11528845,0.11502482,0.114721134,0.11439241,0.11405366,0.11371992,0.11340622,0.11312758,0.11289899,0.11273553,0.1126522,0.11266399,0.112785965,0.11303315,0.11342054,0.11396318,0.11467607,0.115574256,0.116672784,0.11798663,0.11953081,0.12132043,0.12337044,0.12569587,0.12831174,0.1312331,0.13428055,0.13726658,0.14019427,0.14306664,0.14588669,0.14865744,0.15138191,0.15406318,0.15670416,0.15930791,0.16187745,0.16441585,0.16692601,0.16941105,0.17187394,0.17431776,0.17674544,0.17916009,0.18156464,0.18396214,0.18635564,0.18874815,0.19114263,0.19354217,0.19594978,0.19836839,0.2008011,0.20325094,0.20572089,0.20821401,0.21073322,0.21328166,0.21568796,0.21778876,0.21959905,0.22113396,0.22240844,0.22343758,0.22423632,0.22481976,0.22520286,0.22540066,0.22542821,0.2253005,0.2250326,0.22463948,0.22413617
0.10984606,0.10972181,0.10961729,0.109535664,0.10948004,0.10945352,0.10945923,0.1095003,0.10957987,0.10970101,0.10986686,0.11008057,0.11034522,0.110663965,0.11103987,0.1114761,0.11197576,0.11242864,0.11273269,0.11290333,0.11295593,0.112905875,0.11276857,0.112559445,0.11229387,0.111987226,0.111654915,0.11131238,0.11097493,0.11065802,0.11037704,0.11014738,0.109984405,0.1099036,0.10992023,0.110049844,0.11030769,0.110709265,0.11126992,0.11200502,0.112930045,0.114060335,0.11541129,0.11699833,0.1188368,0.12094215,0.12332973,0.126015,0.12901329,0.13214047,0.13520426,0.13820769,0.14115395,0.14404611,0.14688733,0.14968076,0.15242939,0.15513647,0.1578051,0.16043834,0.16303934,0.16561124,0.16815715,0.17068015,0.1731834,0.17567003,0.17814313,0.18060581,0.18306124,0.18551253,0.18796276,0.19041505,0.19287255,0.19533837,0.19781563,0.20030744,0.20281696,0.20534728,0.20790146,0.21048273,0.21309412,0.21555997,0.21771285,0.219568,0.22114092,0.22244696,0.22350158,0.22432013,0.22491798,0.2253106,0.22551331,0.22554155,0.22541066,0.22513609,0.22473325,0.22421749
0.10754991,0.10742238,0.10731512,0.107231356,0.107174255,0.107147045,0.1071529,0.10719507,0.10727671,0.10740105,0.10757125,0.10779055,0.108062185,0.10838927,0.10877508,0.10922278,0.10973558,0.11020089,0.11051449,0.11069204,0.11074926,0.11070183,0.11056546,0.11035587,0.11008868,0.10977967,0.10944449,0.109098844,0.10875844,0.10843893,0.10815608,0.10792553,0.107763,0.10768419,0.10770478,0.10784049,0.108106986,0.10851999,0.109095186,0.10984825,0.110794924,0.11195088,0.113331795,0.114953384,0.116831385,0.11898141,0.12141922,0.124160476,0.12722088,0.13041247,0.13353898,0.1366036,0.1396095,0.14255992,0.14545801,0.1483071,0.15111019,0.15387066,0.1565916,0.15927629,0.16192788,0.16454959,0.16714464,0.16971618,0.17226745,0.17480168,0.177322,0.17983162,0.18233381,0.18483172,0.18732856,0.18982755,0.19233185,0.19484472,0.19736929,0.19990885,0.20246653,0.20504552,0.2076491,0.2102804,0.21294267,0.21545666,0.2176515,0.2195429,0.22114654,0.22247809,0.22355324,0.2243878,0.22499731,0.22539759,0.22560424,0.225633,0.22549959,0.2252197,0.22480898,0.22428316
0.105767734,0.10563768,0.10552829,0.10544287,0.10538462,0.10535685,0.10536285,0.10540584,0.10548912,0.10561591,0.10578954,0.106013194,0.1062902,0.1066238,0.107017264,0.10747385,0.10799685,0.108471826,0.10879282,0.10897576,0.10903656,0.108991176,0.10885554,0.10864554,0.10837715,0.10806626,0.107728854,0.1073808,0.10703808,0.10671659,0.10643226,0.106201045,0.10603884,0.105961606,0.105985254,0.1061257,0.1063989,0.10682077,0.10740725,0.108174264,0.10913775,0.11031361,0.11171781,0.11336624,0.115274854,0.117459565,0.11993633,0.12272107,0.12582968,0.1290713,0.1322465,0.13535857,0.13841078,0.1414064,0.1443487,0.14724088,0.15008628,0.15288816,0.15564975,0.15837437,0.16106522,0.1637256,0.16635872,0.16896799,0.17155655,0.17412762,0.17668462,0.17923072,0.1817692,0.1843033,0.18683632,0.18937156,0.19191219,0.19446152,0.1970229,0.19959946,0.20219451,0.2048114,0.20745325,0.2101234,0.21282515,0.21537648,0.21760397,0.21952343,0.22115089,0.22250223,0.2235934,0.22444028,0.22505891,0.22546507,0.22567481,0.22570403,0.22556859,0.22528455,0.2248677,0.2243341
0.10446603,0.10433412,0.10422316,0.104136504,0.10407745,0.1040493,0.104055375,0.10409899,0.104183435,0.10431203,0.104488105,0.10471496,0.104995914,0.10533427,0.10573334,0.10619644,0.10672686,0.1072089,0.107535295,0.107722156,0.107785575,0.1077417,0.10760657,0.10739632,0.10712702,0.10681478,0.10647573,0.10612594,0.105781525,0.10545857,0.10517319,0.10494147,0.1047795,0.1047034,0.104729265,0.104873195,0.1051513,0.105579674,0.10617438,0.10695159,0.107927315,0.10911773,0.1105389,0.11220694,0.11413795,0.11634801,0.118853234,0.12166972,0.12481356,0.12809166,0.13130245,0.13444915,0.13753523,0.14056385,0.14353837,0.14646214,0.14933842,0.15217055,0.15496185,0.15771559,0.16043511,0.16312376,0.16578475,0.1684215,0.17103726,0.17363535,0.1762191,0.17879179,0.18135679,0.18391736,0.18647681,0.18903852,0.19160566,0.19418171,0.19676988,0.19937347,0.20199586,0.20464031,0.20731018,0.21000874,0.2127393,0.21531793,0.2175692,0.21950921,0.22115408,0.22251984,0.22362266,0.22447868,0.22510384,0.22551441,0.22572638,0.2257559,0.22561906,0.22533192,0.22491066,0.22437133
0.10361125,0.10347813,0.103366144,0.1032787,0.10321911,0.10319068,0.103196815,0.10324081,0.10332607,0.10345584,0.10363353,0.10386248,0.104146026,0.1044875,0.10489025,0.1053576,0.10589294,0.10637958,0.10670954,0.106899,0.10696414,0.10692121,0.10678644,0.10657598,0.10630612,0.105992995,0.1056529,0.10530195,0.1049564,0.10463249,0.10434639,0.10411434,0.103952534,0.1038772,0.103904516,0.10405075,0.10433207,0.10476467,0.10536482,0.10614868,0.107132494,0.10833246,0.109764785,0.1114457,0.11339139,0.1156181,0.118142,0.12097933,0.124146305,0.1274484,0.13068253,0.13385206,0.1369603,0.14001058,0.14300631,0.14595078,0.14884733,0.15169932,0.15451013,0.15728298,0.16002135,0.16272852,0.16540784,0.16806266,0.1706963,0.17331208,0.17591341,0.17850359,0.181086,0.18366393,0.18624073,0.18881977,0.19140439,0.19399792,0.19660372,0.19922508,0.2018654,0.20452805,0.20721625,0.20993343,0.21268292,0.21527947,0.21754637,0.21949989,0.22115614,0.22253144,0.22364193,0.22450382,0.22513339,0.22554678,0.22576025,0.22578993,0.22565214,0.22536305,0.22493882,0.22439577
0.10316991,0.10303613,0.102923654,0.102835774,0.102775894,0.10274735,0.10275352,0.10279772,0.10288334,0.103013754,0.1031923,0.10342233,0.103707194,0.10405028,0.10445491,0.1049245,0.10546234,0.10595139,0.10628315,0.106473945,0.10653999,0.106497586,0.106362976,0.106152445,0.10588226,0.10556871,0.10522799,0.104876466,0.10453037,0.104205936,0.10391948,0.103687264,0.10352555,0.1034506,0.10347868,0.103626065,0.10390905,0.10434387,0.1049468,0.10573413,0.10672209,0.107926995,0.10936508,0.11105264,0.113005936,0.115241215,0.117774785,0.12062287,0.123801775,0.12711626,0.13036244,0.13354373,0.13666344,0.13972493,0.14273156,0.14568672,0.14859378,0.15145604,0.15427688,0.15705964,0.15980771,0.16252449,0.16521323,0.16787736,0.17052025,0.17314519,0.17575558,0.17835477,0.18094617,0.18353306,0.18611886,0.18870686,0.19130047,0.19390303,0.19651794,0.19914846,0.2017981,0.20447001,0.2071677,0.20989455,0.21265383,0.21525963,0.2175346,0.21949506,0.22115724,0.22253743,0.22365186,0.22451684,0.22514866,0.22556351,0.22577773,0.22580753,0.22566923,0.22537911,0.22495338,0.22440836
0.10310844,0.10297461,0.10286204,0.10277411,0.10271419,0.10268563,0.10269179,0.102736026,0.102821715,0.102952205,0.10313086,0.10336104,0.10364609,0.1039894,0.10439429,0.10486417,0.10540238,0.105891764,0.10622379,0.106414765,0.106480934,0.10643861,0.10630401,0.106093444,0.10582324,0.10550961,0.10516884,0.10481724,0.10447105,0.10414658,0.103860065,0.1036278,0.103466086,0.10339119,0.103419386,0.10356697,0.103850156,0.10428528,0.1048886,0.10567638,0.106664956,0.10787054,0.10930944,0.11099792,0.11295227,0.11518875,0.11772364,0.12057322,0.12375381,0.12706998,0.13031787,0.1335008,0.1366221,0.13968514,0.14269331,0.14564997,0.14855847,0.15142211,0.1542444,0.15702857,0.15977798,0.16249608,0.16518612,0.16785158,0.1704957,0.17312193,0.17573363,0.17833413,0.1809267,0.18351483,0.18610188,0.18869112,0.19128598,0.1938898,0.19650598,0.19913784,0.20178865,0.20446195,0.20716098,0.20988913,0.21264976,0.21525684,0.21753296,0.21949439,0.2211574,0.22253828,0.22365324,0.22451866,0.22515076,0.22556582,0.22578016,0.22581002,0.22567162,0.22538136,0.22495545,0.22441012
0.103393376,0.103259936,0.10314771,0.10306004,0.1030003,0.102971815,0.102977976,0.10302208,0.10310751,0.103237614,0.10341572,0.10364519,0.1039294,0.10427164,0.10467534,0.10514379,0.10568036,0.106168196,0.10649905,0.10668915,0.10675475,0.10671207,0.1065774,0.10636691,0.106096864,0.105783544,0.105443135,0.1050919,0.10474607,0.10442194,0.10413565,0.10390352,0.10374174,0.103666596,0.1036943,0.10384111,0.10412322,0.104556926,0.10515845,0.10594403,0.1069299,0.1081323,0.10956746,0.11125165,0.113201104,0.11543205,0.11796071,0.12080336,0.12397623,0.12728444,0.13052452,0.13369983,0.13681376,0.13986957,0.14287068,0.14582042,0.14872217,0.1515792,0.15439497,0.15717275,0.1599159,0.16262779,0.16531177,0.16797118,0.17060937,0.17322968,0.17583553,0.17843015,0.18101695,0.18359932,0.18618058,0.18876402,0.1913531,0.19395106,0.19656137,0.19918725,0.20183215,0.20449936,0.2071923,0.20991422,0.21266854,0.21526965,0.21754058,0.21949749,0.22115672,0.22253439,0.22364683,0.22451024,0.22514091,0.22555502,0.22576885,0.22579862,0.2256606,0.225371,0.22494602,0.224402
0.103991166,0.10385856,0.103747055,0.10365994,0.10360061,0.10357231,0.1035784,0.10362222,0.10370711,0.103836365,0.10401335,0.10424136,0.104523756,0.104863845,0.10526496,0.105730414,0.10626356,0.10674817,0.10707654,0.10726484,0.10732923,0.10728588,0.10715095,0.10694058,0.106670976,0.106358245,0.10601858,0.10566818,0.10532314,0.10499965,0.10471386,0.104481965,0.10432008,0.104244396,0.10427108,0.10441627,0.10469616,0.1051269,0.10572462,0.10650551,0.10748576,0.10868146,0.11010884,0.111784026,0.11372322,0.11594251,0.11845809,0.121286154,0.12444285,0.12773429,0.13095804,0.13411744,0.13721582,0.14025651,0.1432428,0.14617805,0.14906561,0.15190876,0.15471089,0.15747528,0.16020525,0.16290419,0.16557536,0.16822213,0.17084783,0.17345577,0.17604928,0.1786317,0.18120635,0.18377657,0.18634565,0.188917,0.19149387,0.19407964,0.19667754,0.19929102,0.20192337,0.20457792,0.207258,0.20996688,0.212708,0.21529655,0.21755654,0.21950404,0.22115524,0.22252628,0.22363338,0.22449267,0.22512028,0.22553237,0.2257452,0.22577484,0.22563745,0.22534922,0.22492631,0.22438487
0.10486827,0.104736924,0.10462647,0.1045402,0.104481384,0.104453385,0.1044594,0.1045028,0.1045869,0.10471495,0.10489026,0.10511613,0.10539586,0.10573275,0.106130086,0.10659117,0.1071193,0.10759916,0.10792388,0.108109534,0.108172156,0.108127795,0.107992515,0.107782334,0.10751334,0.1072015,0.10686297,0.106513724,0.106169805,0.10584732,0.105562255,0.10533068,0.105168656,0.1050922,0.10511738,0.10526024,0.10553682,0.105963185,0.10655535,0.10732942,0.10830137,0.10948728,0.11090321,0.112565175,0.11448928,0.116691515,0.119187936,0.12199459,0.12512755,0.12839438,0.1315942,0.13473022,0.13780576,0.14082421,0.14378878,0.14670278,0.14956953,0.1523923,0.15517445,0.15791917,0.16062984,0.16330974,0.16596213,0.16859038,0.17119771,0.17378749,0.17636295,0.17892742,0.18148422,0.18403663,0.18658791,0.18914141,0.1917004,0.19426815,0.19684802,0.1994433,0.20205727,0.20469317,0.2073544,0.21004416,0.21276581,0.21533604,0.21757996,0.21951361,0.22115308,0.2225144,0.22361366,0.22446677,0.22508997,0.22549914,0.22571045,0.22573987,0.22560346,0.22531725,0.22489738,0.22435981
0.105991215,0.10586145,0.10575233,0.10566711,0.10560903,0.10558132,0.105587296,0.1056302,0.105713256,0.10583975,0.106012926,0.10623606,0.106512375,0.106845185,0.107237674,0.10769316,0.10821487,0.10868862,0.10900869,0.109190986,0.109251305,0.10920568,0.109069936,0.10886001,0.108591735,0.10828112,0.10794396,0.107596226,0.107253805,0.106932566,0.106648415,0.106417276,0.106255025,0.1061776,0.10620085,0.10634072,0.10661308,0.10703385,0.10761891,0.10838417,0.109345526,0.110518895,0.11192019,0.113565266,0.11547002,0.1176504,0.12012227,0.12290155,0.12600414,0.12923947,0.13240857,0.13551469,0.13856108,0.14155105,0.14448778,0.14737459,0.15021469,0.15301138,0.15576786,0.15848747,0.16117337,0.16382891,0.16645731,0.16906181,0.17164569,0.17421214,0.17676455,0.17930607,0.18184002,0.18436955,0.18689805,0.18942872,0.19196483,0.1945096,0.19706635,0.19963826,0.20222864,0.20484072,0.2074778,0.2101431,0.2128399,0.21538655,0.21760991,0.21952589,0.22115034,0.22249922,0.22358836,0.2244337,0.22505115,0.2254566,0.22566596,0.2256951,0.22555998,0.22527637,0.22486034,0.22432767
