0.13649392,0.13686512,0.13717733,0.13742119,0.13758737,0.13766657,0.13764949,0.1375268,0.13728917,0.13692728,0.13643178,0.13579343,0.13500282,0.13405074,0.13292776,0.1316246,0.13013199,0.12841499,0.12646131,0.12429537,0.12194174,0.11942484,0.11676924,0.11399931,0.1111396,0.108214624,0.10524881,0.102266684,0.09929271,0.0963514,0.09346722,0.09066466,0.08796821,0.08540233,0.08299157,0.08076036,0.07873321,0.07693458,0.075389,0.07412092,0.073154844,0.07251525,0.07222662,0.07231346,0.07280024,0.073711455,0.075071596,0.07690512,0.07923655,0.08192293,0.084798805,0.08785485,0.09108176,0.094470195,0.09801084,0.10169438,0.10551152,0.10945289,0.11350919,0.117671125,0.12192933,0.12627456,0.13069743,0.13518864,0.13973884,0.14433882,0.14897913,0.1536505,0.15834363,0.16304918,0.16775784,0.17246027,0.1771472,0.18180928,0.18643716,0.19102156,0.19555315,0.20002262,0.20442064,0.20873787,0.21296504,0.21688694,0.220311,0.22326158,0.2257633,0.22784057,0.22951785,0.23081972,0.23177063,0.232395,0.23271742,0.2327623,0.23255417,0.23211753,0.23147677,0.2306565
0.13644135,0.13681379,0.13712703,0.13737169,0.13753845,0.13761792,0.13760075,0.13747765,0.13723925,0.13687614,0.136379,0.13573854,0.13494532,0.13399005,0.13286334,0.13155589,0.13005827,0.12833536,0.12637448,0.12420036,0.1218375,0.119310565,0.11664417,0.11386291,0.110991396,0.10805425,0.10507608,0.10208153,0.09909517,0.09614164,0.093245514,0.090431444,0.087724,0.08514784,0.08272758,0.08048778,0.078453094,0.07664812,0.07509748,0.073825784,0.07285763,0.072217636,0.07193042,0.07202061,0.07251279,0.073431574,0.074801594,0.07664745,0.07899376,0.08169666,0.08458971,0.08766351,0.09090873,0.094316036,0.09787605,0.10157945,0.10541684,0.10937891,0.113456294,0.11763967,0.12191967,0.12628688,0.13073207,0.13524579,0.13981876,0.14444156,0.14910491,0.1537994,0.15851574,0.16324453,0.16797642,0.1727021,0.1774122,0.18209735,0.18674822,0.19135545,0.1959097,0.20040165,0.20482185,0.20916104,0.21340986,0.21735194,0.22079356,0.22375934,0.22627391,0.22836185,0.23004779,0.23135634,0.2323121,0.23293976,0.2332638,0.23330894,0.23309971,0.2326608,0.23201677,0.23119226
0.13639712,0.13677062,0.13708472,0.13733006,0.13749729,0.13757698,0.1375598,0.13743632,0.13719724,0.13683312,0.13633463,0.13569236,0.13489693,0.13393898,0.13280916,0.13149807,0.12999628,0.12826838,0.12630151,0.12412042,0.121749826,0.119214445,0.11653898,0.11374818,0.11086675,0.107919395,0.10493086,0.10192583,0.098929025,0.0959652,0.09305906,0.0902353,0.08751863,0.084933825,0.082505554,0.08025855,0.07821753,0.07640722,0.07485232,0.073577575,0.07260767,0.071967356,0.07168133,0.07177431,0.07227103,0.073196195,0.07457453,0.076430745,0.078789584,0.08150639,0.08441386,0.0875026,0.09076323,0.09418639,0.09776268,0.10148276,0.105337225,0.10931671,0.11341184,0.1176132,0.12191149,0.12629728,0.13076118,0.13529387,0.13988592,0.14452802,0.1492107,0.15392466,0.15866047,0.16340882,0.16816026,0.17290545,0.17763504,0.18233964,0.18700983,0.19163625,0.19620955,0.20072035,0.20515926,0.20951696,0.21378395,0.21774298,0.22119942,0.22417797,0.22670335,0.22880025,0.23049347,0.23180768,0.23276754,0.23339789,0.23372331,0.23376866,0.23355852,0.2331177,0.23247091,0.23164286
0.1363626,0.1367369,0.13705169,0.13729754,0.13746512,0.137545,0.13752778,0.13740404,0.13716443,0.13679954,0.13629995,0.1356563,0.13485916,0.13389915,0.13276683,0.13145289,0.12994787,0.12821606,0.12624449,0.12405801,0.12168137,0.11913937,0.11645684,0.113658585,0.11076938,0.10781407,0.104817405,0.101804204,0.09879926,0.095827386,0.092913404,0.09008208,0.08735824,0.08476664,0.08233212,0.080079496,0.07803354,0.076219045,0.074660845,0.0733837,0.07241243,0.07177186,0.071486756,0.07158194,0.07208221,0.07301235,0.074397184,0.07626148,0.07863009,0.08135776,0.084276505,0.08737691,0.09064958,0.094085135,0.097674154,0.10140725,0.10527505,0.10926814,0.11337708,0.117592566,0.12190511,0.12630537,0.13078395,0.1353314,0.1399384,0.1445955,0.14929332,0.15402247,0.15877354,0.16353713,0.16830388,0.17306432,0.1778091,0.18252885,0.18721418,0.19185562,0.19644378,0.20096937,0.20542283,0.20979492,0.21407616,0.21804844,0.22151643,0.22450496,0.22703879,0.22914271,0.23084156,0.23216015,0.23312324,0.23375571,0.23408225,0.23412772,0.2339169,0.23347461,0.23282565,0.23199484
0.13633904,0.1367139,0.13702917,0.1372754,0.13744323,0.1375232,0.13750596,0.13738206,0.13714209,0.13677664,0.13627632,0.13563173,0.13483341,0.13387196,0.13273801,0.13142212,0.12991486,0.1281804,0.12620564,0.124015436,0.121634685,0.119088195,0.11640086,0.11359752,0.110703036,0.10774226,0.10474007,0.10172131,0.09871082,0.095733486,0.092814155,0.08997766,0.08724891,0.08465271,0.08221393,0.07995746,0.077908136,0.07609078,0.0745303,0.07325156,0.072279364,0.07163862,0.07135414,0.07145083,0.071953505,0.07288704,0.07427631,0.07614613,0.07852139,0.081256464,0.08418289,0.08729124,0.09057212,0.09401611,0.097613804,0.10135579,0.10523266,0.109235,0.11335341,0.11757846,0.12190077,0.1263109,0.13079944,0.13535702,0.13997415,0.1446415,0.14934963,0.15408912,0.1588506,0.16362457,0.16840172,0.17317258,0.17792778,0.18265784,0.18735342,0.19200507,0.19660342,0.20113902,0.20560248,0.20998438,0.21427532,0.21825662,0.2217325,0.22472778,0.22726734,0.22937612,0.23107883,0.23240043,0.2333657,0.23399957,0.23432682,0.23437242,0.23416115,0.23371784,0.2330674,0.23223472
0.13632785,0.13670297,0.13701843,0.13726485,0.13743277,0.1375128,0.13749556,0.13737155,0.13713142,0.13676573,0.13626508,0.13561998,0.13482112,0.133859,0.13272426,0.13140744,0.12989914,0.12816343,0.12618712,0.12399516,0.121612445,0.11906381,0.11637419,0.1135684,0.11067141,0.10770806,0.10470322,0.101681806,0.09866867,0.095688716,0.09276684,0.08992789,0.08719679,0.08459839,0.082157604,0.079899296,0.07784835,0.076029666,0.0744681,0.07318858,0.07221596,0.071575105,0.07129094,0.07138834,0.07189218,0.07282732,0.07421868,0.076091155,0.07846959,0.081208184,0.08413827,0.087250404,0.0905352,0.09398322,0.09758504,0.101331264,0.10521245,0.10921923,0.11334213,0.11757176,0.12189868,0.12631354,0.13080683,0.13536921,0.13999121,0.14466347,0.14937648,0.1541209,0.1588873,0.16366628,0.16844837,0.17322418,0.1779843,0.1827193,0.18741982,0.19207636,0.1966795,0.20121989,0.20568809,0.21007468,0.21437022,0.21835583,0.22183546,0.22483402,0.22737634,0.22948736,0.2311919,0.23251492,0.23348121,0.23411581,0.23444344,0.2344891,0.23427753,0.23383382,0.23318264,0.23234902
0.13633025,0.13670531,0.13702074,0.13726711,0.13743503,0.13751505,0.13749781,0.13737382,0.13713372,0.13676809,0.13626747,0.13562253,0.13482375,0.13386181,0.13272722,0.1314106,0.12990254,0.1281671,0.12619111,0.12399955,0.121617235,0.11906906,0.11637991,0.11357468,0.11067824,0.10771543,0.10471116,0.10169032,0.098677754,0.09569838,0.092777036,0.089938626,0.08720803,0.084610105,0.08216975,0.079911835,0.07786124,0.076042846,0.07448154,0.07320216,0.07222963,0.07158881,0.07130457,0.07140181,0.0719054,0.0728402,0.074231125,0.07610301,0.078480765,0.0812186,0.08414789,0.08725921,0.090543166,0.0939903,0.097591236,0.10133654,0.10521682,0.10922262,0.11334459,0.11757322,0.12189912,0.12631296,0.13080525,0.13536654,0.13998753,0.14465871,0.1493707,0.15411407,0.15887938,0.1636573,0.16843832,0.17321305,0.17797211,0.18270604,0.1874055,0.19206096,0.19666308,0.20120245,0.20566961,0.2100552,0.21434976,0.21833445,0.22181328,0.2248111,0.22735283,0.22946337,0.23116751,0.23249018,0.23345631,0.23409075,0.23441829,0.23446392,0.23425244,0.23380879,0.23315778,0.23232435
0.13634765,0.13672228,0.13703738,0.13728346,0.1374512,0.13753115,0.1375139,0.13739006,0.13715023,0.136785,0.13628495,0.13564067,0.13484277,0.13388187,0.13274851,0.13143334,0.1299269,0.1281934,0.12621981,0.12403096,0.12165168,0.11910686,0.11642126,0.11361979,0.11072722,0.10776844,0.10476826,0.10175152,0.09874307,0.095767714,0.09285031,0.09001573,0.08728874,0.08469422,0.08225701,0.080001935,0.07795383,0.07613753,0.07457789,0.073299706,0.07232787,0.07168718,0.071402475,0.07149862,0.07200041,0.07293272,0.07432035,0.076188184,0.078561015,0.08129338,0.084217004,0.08732246,0.09060035,0.09404126,0.097635806,0.10137455,0.10524813,0.109247066,0.11336205,0.117583595,0.12190236,0.1263089,0.13079381,0.1353477,0.13996112,0.14462474,0.1493291,0.15406482,0.1588225,0.1635927,0.16836606,0.17313312,0.17788453,0.18261081,0.18730266,0.19195059,0.19654523,0.2010772,0.205537,0.2099153,0.21420272,0.21818075,0.22165374,0.22464658,0.22718404,0.22929104,0.23099233,0.23231281,0.23327734,0.23391065,0.2342377,0.23428324,0.23407209,0.23362923,0.23297928,0.23214728
0.13638128,0.13675514,0.13706957,0.13731514,0.13748255,0.13756233,0.13754511,0.13742152,0.13718218,0.13681772,0.13631871,0.13567583,0.13487962,0.13392073,0.13278975,0.13147734,0.1299741,0.12824439,0.12627535,0.124091804,0.121718414,0.119180016,0.11650131,0.11370709,0.1108221,0.10787109,0.104878835,0.10187005,0.098869525,0.09590201,0.09299226,0.09016503,0.08744506,0.08485715,0.08242601,0.080176435,0.07813314,0.076320924,0.074764505,0.073488645,0.07251814,0.07187769,0.0715921,0.0716861,0.07218443,0.07311189,0.07449319,0.07635314,0.07871644,0.08143823,0.08435087,0.08744495,0.09071112,0.09413994,0.09772209,0.10144813,0.10530871,0.109294444,0.113395914,0.117603734,0.12190856,0.12630098,0.1307716,0.13531108,0.13991,0.14455895,0.14924859,0.15396951,0.15871234,0.16346766,0.16822611,0.17297831,0.17771485,0.18242642,0.18710352,0.19173686,0.19631699,0.20083454,0.20528015,0.20964444,0.21391797,0.21788308,0.2213448,0.22432792,0.22685717,0.22895733,0.23065312,0.2319693,0.23293068,0.23356196,0.23388788,0.23393331,0.23372288,0.23328137,0.2326336,0.23180427
0.13643256,0.13680519,0.1371186,0.1373634,0.13753025,0.13760976,0.13759263,0.13746944,0.13723084,0.13686755,0.13637017,0.13572934,0.13493569,0.1339799,0.13285254,0.13154434,0.13004595,0.128322,0.12635998,0.12418444,0.12182004,0.11929143,0.11662324,0.11384008,0.110966586,0.10802743,0.10504719,0.10205054,0.09906212,0.096106514,0.0932084,0.0903924,0.08768315,0.08510526,0.08268339,0.08044217,0.078406215,0.07660018,0.07504868,0.07377638,0.07280788,0.07216784,0.07188087,0.071971595,0.072464675,0.07338473,0.07475641,0.07660433,0.078953125,0.0816588,0.08455471,0.08763149,0.090879776,0.094290234,0.097853504,0.101560205,0.10540099,0.109366514,0.11344744,0.11763439,0.121918015,0.12628897,0.13073786,0.13525537,0.13983212,0.14445879,0.14912596,0.15382434,0.15854454,0.16327722,0.16801299,0.17274258,0.17745653,0.18214557,0.1868003,0.19141133,0.19596937,0.20046508,0.20488901,0.20923187,0.21348432,0.21742977,0.22087434,0.22384267,0.22635938,0.2284491,0.2301365,0.23144613,0.23240274,0.2330309,0.23335524,0.2334004,0.23319101,0.23275171,0.23210716,0.23128194
0.13650273,0.13687374,0.13718577,0.13742948,0.13759556,0.13767472,0.13765766,0.13753504,0.13729753,0.13693582,0.13644065,0.13580261,0.13501246,0.13406089,0.13293853,0.13163613,0.13014433,0.12842833,0.12647584,0.12431129,0.12195918,0.11944399,0.11679015,0.11402213,0.1111644,0.10824144,0.10527772,0.10229767,0.09932579,0.0963865,0.093504325,0.09070369,0.088009074,0.085444935,0.08303576,0.08080597,0.07878008,0.07698253,0.07543778,0.07417031,0.07320458,0.072565064,0.072276205,0.07236247,0.072848365,0.07375829,0.07511678,0.07694824,0.07927718,0.0819608,0.084833816,0.08788687,0.09111071,0.094496,0.09803339,0.10171363,0.105527334,0.10946524,0.11351804,0.117676385,0.12193098,0.12627248,0.13069162,0.13517906,0.13972549,0.1443216,0.14895807,0.1536256,0.15831482,0.1630165,0.16772126,0.1724198,0.17710285,0.18176107,0.18638508,0.19096568,0.19549349,0.19995917,0.20435348,0.20866707,0.21289061,0.21680912,0.2202302,0.22317828,0.22567782,0.2277533,0.22942917,0.23072994,0.23167999,0.23230387,0.23262598,0.23267081,0.23246288,0.23202656,0.2313864,0.23056681
0.1365931,0.13696201,0.13727225,0.13751459,0.13767973,0.13775845,0.13774148,0.13761955,0.13738339,0.13702375,0.13653138,0.13589703,0.1351114,0.13416526,0.13304932,0.13175434,0.13027108,0.12856527,0.12662509,0.12447473,0.12213847,0.119640514,0.11700518,0.11425668,0.1114193,0.10851721,0.10557471,0.10261606,0.09966549,0.09674725,0.093885586,0.09110476,0.088429004,0.08588259,0.083489746,0.081274725,0.079261765,0.07747515,0.07593909,0.07467785,0.07371569,0.07307684,0.07278556,0.072866075,0.073342666,0.07423959,0.07558107,0.077391356,0.07969469,0.08234989,0.08519339,0.08821593,0.091408245,0.09476109,0.098265186,0.101911284,0.10569013,0.10959245,0.113608986,0.11773046,0.12194766,0.12625128,0.13063206,0.13508078,0.13958815,0.14414488,0.14874172,0.15336952,0.15801884,0.16268058,0.16734535,0.17200397,0.17664716,0.18126565,0.18585016,0.19039147,0.19488032,0.19930743,0.20366351,0.20793934,0.21212566,0.21600948,0.21940032,0.2223223,0.22479974,0.22685681,0.22851788,0.22980711,0.23074879,0.2313671,0.23168638,0.2317309,0.23152475,0.23109229,0.23045778,0.22964548
0.13670509,0.13707137,0.1373794,0.13761997,0.13778396,0.13786213,0.13784528,0.13772419,0.13748974,0.13713266,0.13664378,0.13601394,0.13523392,0.13429451,0.13318652,0.13190077,0.13042806,0.1287349,0.12680992,0.12467711,0.122360446,0.11988393,0.11727151,0.11454716,0.11173492,0.10885871,0.10594255,0.103010386,0.10008621,0.097194,0.09435778,0.091601476,0.088949084,0.08642458,0.084051974,0.08185523,0.07985831,0.07808522,0.07655992,0.07530641,0.07434865,0.07371065,0.07341636,0.07348978,0.07395488,0.07483565,0.076156065,0.07794011,0.08021176,0.08283174,0.085638694,0.08862343,0.09177672,0.09508938,0.09855226,0.102156095,0.105891734,0.10974997,0.113721594,0.11779746,0.1219683,0.126225,0.1305583,0.13495904,0.139418,0.14392601,0.14847386,0.15305237,0.1576523,0.16226454,0.1668798,0.17148899,0.1760828,0.1806521,0.18518768,0.18968037,0.19412096,0.19850026,0.202809,0.2070381,0.21117833,0.21501921,0.21837254,0.2212622,0.22371227,0.2257466,0.22738929,0.22866426,0.2295955,0.23020701,0.23052275,0.23056673,0.23036286,0.22993526,0.22930774,0.22850437
0.13683994,0.13720304,0.1375084,0.13774695,0.13790947,0.13798699,0.13797024,0.13785024,0.1376178,0.1372638,0.13677916,0.13615476,0.13538145,0.13445017,0.13335176,0.1320771,0.13061711,0.12893918,0.12703253,0.124920875,0.12262783,0.12017708,0.11759225,0.11489703,0.11211506,0.10927001,0.10638551,0.103485264,0.10059288,0.09773205,0.09492643,0.09219967,0.08957541,0.08707734,0.084729105,0.082554355,0.08057674,0.07881994,0.077307604,0.076063395,0.075110964,0.07447396,0.07417606,0.0742409,0.07469216,0.07555349,0.076848544,0.07860098,0.08083447,0.08341205,0.086175,0.08911419,0.092220485,0.09548478,0.09889795,0.102450915,0.10613452,0.10993968,0.11385723,0.11787813,0.12199321,0.12619337,0.13046947,0.13481244,0.13921313,0.14366245,0.14815123,0.15267043,0.15721087,0.1617635,0.16631918,0.17086875,0.17540315,0.1799132,0.18438987,0.18882398,0.19320644,0.19752815,0.20177993,0.20595273,0.21003744,0.21382663,0.21713477,0.21998553,0.22240256,0.22440954,0.2260301,0.22728792,0.22820659,0.22880991,0.2291214,0.22916478,0.22896366,0.22854175,0.22792272,0.22713017
0.13699898,0.13735837,0.1376606,0.13789666,0.13805754,0.13813423,0.13811767,0.1379989,0.13776882,0.1374185,0.13693886,0.13632083,0.13555549,0.13463373,0.13354665,0.13228507,0.13084008,0.12918009,0.1272951,0.12520836,0.122943185,0.12052281,0.11797054,0.11530964,0.112563394,0.1097551,0.10690799,0.10404536,0.10119049,0.09836666,0.09559712,0.09290519,0.09031415,0.08784721,0.08552772,0.08337891,0.08142409,0.0796865,0.07818946,0.07695622,0.07601005,0.07537425,0.07507209,0.07512682,0.075561754,0.07640015,0.07766531,0.07938045,0.08156891,0.084096506,0.08680756,0.08969301,0.09274387,0.095951125,0.09930572,0.10279865,0.106420875,0.11016342,0.11401723,0.11797326,0.12202256,0.12615603,0.13036469,0.1346395,0.13897151,0.14335155,0.14777072,0.15221994,0.15669025,0.16117258,0.16565791,0.17013723,0.1746015,0.17904174,0.18344888,0.18781391,0.19212782,0.1963816,0.20056622,0.20467262,0.20869182,0.21242,0.2156749,0.21847975,0.22085789,0.22283253,0.22442701,0.22566457,0.22656848,0.22716205,0.22746854,0.22751117,0.22731332,0.22689822,0.22628914,0.2255094
0.13718355,0.13753855,0.13783717,0.13807039,0.13822934,0.13830511,0.13828877,0.1381714,0.13794412,0.137598,0.1371241,0.13651355,0.13575743,0.13484679,0.13377278,0.13252641,0.13109884,0.12945966,0.12759978,0.12554199,0.12330913,0.120924026,0.11840954,0.11578846,0.11308367,0.110318005,0.10751426,0.104695305,0.10188396,0.09910306,0.09637545,0.093723945,0.09117138,0.08874062,0.086454466,0.08433578,0.08240738,0.08069211,0.0792128,0.077992275,0.0770534,0.076418966,0.07611186,0.07615489,0.07657086,0.07738265,0.07861308,0.08028498,0.082421206,0.08489079,0.08754157,0.09036471,0.09335125,0.096492276,0.099778876,0.10320216,0.106753185,0.110423066,0.11420286,0.11808368,0.12205661,0.12611271,0.13024311,0.13443887,0.13869104,0.1429908,0.14732917,0.15169722,0.1560861,0.16048685,0.16489056,0.16928832,0.17367126,0.17803043,0.18235691,0.18664177,0.19087617,0.19505109,0.19915774,0.20318708,0.20713031,0.21078771,0.21398078,0.21673238,0.21906534,0.22100247,0.2225667,0.22378077,0.22466753,0.22524981,0.22555047,0.22559233,0.22539823,0.22499098,0.22439349,0.22362855
0.13739493,0.13774501,0.13803941,0.1382694,0.13842613,0.13850082,0.13848472,0.13836901,0.1381449,0.1378036,0.13733634,0.1367343,0.13598876,0.13509084,0.1340318,0.13280286,0.1313952,0.1297799,0.12794876,0.12592413,0.123728275,0.12138357,0.11891235,0.11633692,0.11367962,0.11096278,0.10820872,0.10543978,0.102678284,0.09994655,0.09726693,0.09466173,0.09215328,0.08976394,0.08751598,0.08543179,0.08353366,0.08184394,0.08038494,0.079179004,0.07824846,0.077615626,0.07730284,0.07733242,0.07772671,0.07850802,0.0796987,0.081321046,0.08339743,0.08580054,0.08838235,0.091134086,0.09404693,0.09711212,0.10032085,0.10366435,0.10713382,0.11072047,0.114415504,0.11821015,0.122095615,0.12606311,0.13010384,0.13420902,0.13836986,0.14257757,0.14682336,0.15109846,0.15539408,0.15970138,0.16401163,0.16831602,0.17260575,0.17687206,0.18110614,0.1852992,0.18944247,0.19352715,0.19754443,0.20148556,0.20534173,0.20891804,0.21204032,0.21473093,0.21701218,0.2189064,0.22043592,0.22162305,0.22249015,0.22305952,0.22335352,0.22339445,0.22320466,0.22280645,0.2222222,0.22147419
0.13759533,0.13794048,0.13823082,0.13845757,0.13861209,0.13868575,0.13866986,0.13855575,0.13833478,0.13799828,0.13753757,0.136944,0.13620889,0.13532355,0.13427939,0.13306765,0.13167976,0.13008821,0.12828594,0.12629473,0.12413637,0.12183267,0.119405426,0.11687647,0.11426754,0.1116005,0.108897135,0.10617922,0.10346858,0.100787,0.09815628,0.09559827,0.09313468,0.09078739,0.08857815,0.0865288,0.084661126,0.08299692,0.081558004,0.080366135,0.07944317,0.078810856,0.07849105,0.078505516,0.07887604,0.07962449,0.08077258,0.08234217,0.084355034,0.08668781,0.08919677,0.09187327,0.09470864,0.0976942,0.10082131,0.10408127,0.10746543,0.11096515,0.11457174,0.11827654,0.12207087,0.1259461,0.12989351,0.13390449,0.13797031,0.14208241,0.14623202,0.15041052,0.15460926,0.1588195,0.16303271,0.16724008,0.17143303,0.17560287,0.17974095,0.18383852,0.18788707,0.19187781,0.19580215,0.19965135,0.20341681,0.20690858,0.20995705,0.21258403,0.2148114,0.21666083,0.21815418,0.21931325,0.22015989,0.22071579,0.22100282,0.22104278,0.2208575,0.22046871,0.21989825,0.21916792
0.13774931,0.13809028,0.13837701,0.138601,0.13875365,0.13882639,0.13881072,0.13869803,0.13847975,0.13814732,0.13769224,0.13710591,0.13637973,0.13550521,0.13447377,0.13327684,0.13190584,0.13033496,0.12855822,0.1265969,0.12447237,0.122205846,0.11981865,0.117332086,0.11476743,0.112146,0.109489076,0.10681794,0.104153916,0.101518296,0.09893233,0.096417375,0.0939947,0.09168559,0.089511365,0.08749327,0.08565265,0.084010765,0.08258895,0.08140846,0.080490604,0.0798567,0.07952799,0.079525836,0.079871476,0.08058622,0.081691384,0.08320824,0.08515809,0.08742142,0.08985879,0.09246165,0.095221445,0.09812962,0.10117758,0.10435681,0.10765871,0.11107475,0.11459636,0.11821498,0.12192205,0.12570903,0.12956733,0.1334884,0.13746369,0.14148459,0.14554258,0.14962915,0.15373568,0.15785363,0.16197446,0.16608953,0.17019036,0.17426836,0.17831497,0.18232161,0.18627974,0.19018088,0.19401634,0.19777766,0.20145616,0.2048669,0.20784461,0.21041064,0.21258625,0.21439278,0.2158515,0.21698366,0.2178106,0.21835361,0.218634,0.21867305,0.21849202,0.21811225,0.21755505,0.21684168
0.13786161,0.138199,0.13848275,0.13870437,0.13885541,0.13892743,0.13891192,0.13880038,0.13858438,0.13825548,0.13780515,0.13722497,0.13650644,0.1356411,0.13462046,0.13343608,0.13207951,0.13052647,0.12877224,0.12683775,0.124743685,0.12251092,0.12016024,0.117712446,0.115188345,0.112608775,0.1099945,0.10736639,0.10474518,0.10215172,0.09960682,0.09713129,0.09474591,0.09247153,0.09032892,0.08833891,0.086522296,0.0848999,0.0834925,0.08232096,0.08140605,0.08076858,0.080429345,0.0804092,0.080728896,0.08140927,0.08247113,0.08393531,0.085822575,0.088017255,0.09038415,0.092914805,0.09560075,0.0984335,0.10140459,0.10450557,0.10772792,0.111063235,0.11450297,0.118038744,0.121662,0.12536432,0.12913725,0.13297226,0.13686094,0.14079477,0.14476529,0.14876406,0.15278259,0.15681243,0.16084509,0.16487211,0.168885,0.17287526,0.17683452,0.18075424,0.18462595,0.18844122,0.19219154,0.19586846,0.19946352,0.2027963,0.20570597,0.20821337,0.2103393,0.21210454,0.21352993,0.21463622,0.21544427,0.21597488,0.21624885,0.21628702,0.21611014,0.21573906,0.21519457,0.21449749
0.13793708,0.13827145,0.1385526,0.13877228,0.13892196,0.13899334,0.13897793,0.13886741,0.13865337,0.13832742,0.13788113,0.13730615,0.13659403,0.13573647,0.13472499,0.13355121,0.1322068,0.13066913,0.12893488,0.12702432,0.12495786,0.12275579,0.12043847,0.11802623,0.11553942,0.11299838,0.11042344,0.10783493,0.105253205,0.102698594,0.10019144,0.097752094,0.09540087,0.09315811,0.09104419,0.08907942,0.08728414,0.08567868,0.0842834,0.08311862,0.0822047,0.08156195,0.081210725,0.081171386,0.081464246,0.08210964,0.08312791,0.0845394,0.08636446,0.08849121,0.09078864,0.09324837,0.09586197,0.098621055,0.10151727,0.10454218,0.10768739,0.110944554,0.11430522,0.11776101,0.12130354,0.12492445,0.12861525,0.13236766,0.1361732,0.14002353,0.1439102,0.1478249,0.15175913,0.15570459,0.15965281,0.16359548,0.16752414,0.17143042,0.17530593,0.17914222,0.182931,0.18666378,0.19033226,0.19392793,0.19744252,0.20070013,0.20354423,0.20599507,0.20807303,0.20979847,0.2111917,0.21227305,0.21306288,0.2135815,0.21384929,0.21388662,0.2137137,0.213351,0.21281877,0.21213745
0.13798048,0.13831231,0.13859136,0.13880934,0.13895792,0.1390287,0.13901347,0.13890377,0.13869134,0.13836788,0.13792498,0.13735434,0.13664767,0.13579662,0.13479282,0.13362797,0.13229375,0.13076931,0.12905268,0.12716371,0.1251223,0.1229483,0.1206616,0.11828215,0.115829766,0.11332435,0.110785805,0.108234026,0.10568884,0.10317017,0.10069791,0.09829194,0.09597211,0.09375835,0.091670536,0.08972851,0.08795223,0.08636153,0.084976286,0.08381642,0.08290178,0.08225229,0.081887804,0.08182822,0.08209342,0.082703315,0.083677724,0.08503658,0.08679976,0.08885919,0.09108804,0.093477905,0.0960205,0.09870746,0.1015305,0.10448129,0.10755144,0.11073269,0.11401668,0.11739507,0.12085951,0.124401726,0.12801336,0.13168609,0.13541159,0.13918148,0.14298747,0.14682126,0.15067446,0.15453878,0.15840589,0.16226742,0.16611509,0.1699405,0.17373542,0.17749143,0.18120027,0.18485355,0.18844298,0.19196017,0.1953969,0.19858176,0.20136233,0.20375843,0.20578998,0.20747685,0.20883898,0.20989619,0.21066836,0.21117544,0.21143727,0.2114737,0.2113047,0.21095006,0.21042974,0.2097636
0.13799672,0.13832638,0.13860364,0.13882023,0.13896783,0.13903818,0.139023,0.13891403,0.13870296,0.13838157,0.13794151,0.13737455,0.13667242,0.1358268,0.13482948,0.1336721,0.13234644,0.13083342,0.12913245,0.12726298,0.12524442,0.123096265,0.12083791,0.118488856,0.1160685,0.11359627,0.111091636,0.108574055,0.106062956,0.10357777,0.101137966,0.09876296,0.09647222,0.09428517,0.09222125,0.09029992,0.08854062,0.086962804,0.08558588,0.08442932,0.08351256,0.08285505,0.08247621,0.08239551,0.08263239,0.08320626,0.08413661,0.085442856,0.087144464,0.089137115,0.09129805,0.093619004,0.09609173,0.09870788,0.10145925,0.104337506,0.10733439,0.110441655,0.11365098,0.11695411,0.12034278,0.12380869,0.12734357,0.13093916,0.13458714,0.13827929,0.14200729,0.14576286,0.14953782,0.15332374,0.15711245,0.16089565,0.16466503,0.16841236,0.17212932,0.17580767,0.17943913,0.18301538,0.18652818,0.18996927,0.19333035,0.19644448,0.19916332,0.20150621,0.20349267,0.2051421,0.20647395,0.20750768,0.20826276,0.20875853,0.20901455,0.2090502,0.20888494,0.20853816,0.20802942,0.20737804
0.13799046,0.13831834,0.13859412,0.1388095,0.1389563,0.13902627,0.13901117,0.1389028,0.13869287,0.13837321,0.13793558,0.1373717,0.13667336,0.13583237,0.13484041,0.13368934,0.13237089,0.1308678,0.1291809,0.1273292,0.12533179,0.123207584,0.12097568,0.118655026,0.11626468,0.11382363,0.11135088,0.10886548,0.106386416,0.103932664,0.101523325,0.09917733,0.09691373,0.094751514,0.09270971,0.090807356,0.08906341,0.08749692,0.086126864,0.08497233,0.08405226,0.083385676,0.08299161,0.08288905,0.08309703,0.08363457,0.084520645,0.08577429,0.08741454,0.08934082,0.09143449,0.09368733,0.09609107,0.0986375,0.101318374,0.10412547,0.107050546,0.11008539,0.11322176,0.11645143,0.119766146,0.12315767,0.12661783,0.13013835,0.133711,0.13732757,0.14097978,0.14465941,0.14835829,0.15206814,0.15578072,0.15948783,0.16318123,0.16685264,0.17049389,0.17409669,0.17765293,0.1811542,0.18459241,0.18795925,0.19124652,0.19429165,0.19695023,0.19924116,0.20118363,0.20279644,0.20409882,0.20510961,0.20584792,0.20633271,0.20658302,0.20661789,0.2064563,0.20611723,0.20561975,0.20498286
0.13796659,0.13829295,0.13856745,0.13878183,0.13892792,0.1389976,0.13898258,0.13887468,0.13866577,0.13834758,0.13791195,0.13735072,0.13665563,0.13581854,0.1348312,0.1336855,0.13237318,0.13087878,0.1292047,0.1273695,0.12539177,0.123290144,0.12108314,0.11878938,0.116427496,0.11401602,0.11157357,0.109118715,0.10667005,0.10424617,0.101865694,0.09954716,0.09730919,0.095170364,0.09314925,0.091264494,0.08953462,0.087978266,0.08661398,0.08546041,0.08453608,0.08385963,0.08344962,0.08332465,0.083503306,0.08400417,0.08484584,0.086046934,0.08762598,0.08948626,0.09151316,0.093698435,0.096033946,0.09851147,0.10112282,0.10385979,0.10671421,0.10967789,0.11274261,0.115900196,0.119142435,0.12246114,0.12584813,0.12929523,0.13279419,0.13633686,0.13991503,0.1435205,0.1471451,0.15078066,0.15441893,0.15805173,0.16167085,0.16526815,0.1688354,0.17236444,0.175847,0.17927498,0.18264012,0.18593425,0.18914919,0.1921266,0.194726,0.19696608,0.1988653,0.20044227,0.20171563,0.20270398,0.20342587,0.20389993,0.2041447,0.20417877,0.20402074,0.20368925,0.20320281,0.20258008
0.1379299,0.13825496,0.1385283,0.13874182,0.13888733,0.13895671,0.13894175,0.13883431,0.13862623,0.13830934,0.1378755,0.13731655,0.13662429,0.13579062,0.13480735,0.13366629,0.13235933,0.1308728,0.12921058,0.12739089,0.12543188,0.12335169,0.121168554,0.11890058,0.116565995,0.11418293,0.11176959,0.10934415,0.10692474,0.10452957,0.1021768,0.09988462,0.097671166,0.095554635,0.093553215,0.09168506,0.08996832,0.08842123,0.0870619,0.08590853,0.0849793,0.08429237,0.083865896,0.0837181,0.0838671,0.0843311,0.08512827,0.086276785,0.0877948,0.08958932,0.09154975,0.09366793,0.09593574,0.09834496,0.100887485,0.10355512,0.106339715,0.1092331,0.11222715,0.115313664,0.1184845,0.12173149,0.12504646,0.12842132,0.1318478,0.13531786,0.13882324,0.14235584,0.14590749,0.14947,0.15303524,0.15659502,0.16014123,0.16366565,0.16716018,0.17061663,0.1740268,0.17738263,0.18067582,0.18389836,0.187042,0.18995264,0.19249378,0.19468363,0.19654025,0.19808191,0.19932671,0.20029292,0.20099862,0.20146203,0.20170131,0.2017346,0.20158017,0.20125608,0.20078056,0.2001718
0.1378852,0.13820903,0.1384814,0.13869412,0.13883908,0.1389082,0.13889329,0.13878624,0.13857895,0.13826323,0.13783103,0.13727415,0.13658448,0.1357539,0.13477428,0.13363752,0.13233541,0.1308562,0.12920532,0.12740049,0.12545954,0.1234002,0.121240176,0.118997306,0.11668931,0.11433395,0.111949004,0.10955221,0.107161336,0.104794145,0.102468394,0.10020183,0.09801222,0.09591735,0.093934946,0.092082776,0.09037861,0.08884021,0.08748532,0.08633171,0.085397124,0.084699325,0.084256105,0.08408521,0.084204376,0.08463136,0.08538395,0.0864799,0.08793697,0.08966586,0.09156007,0.09361143,0.095811866,0.09815319,0.10062729,0.10322604,0.105941355,0.108765036,0.11168898,0.11470507,0.11780516,0.120981134,0.12422483,0.12752819,0.13088301,0.13428116,0.13771458,0.14117506,0.14465456,0.14814484,0.1516379,0.15512548,0.15859954,0.1620519,0.16547449,0.1688591,0.17219765,0.17548203,0.17870405,0.18185563,0.18492863,0.18777315,0.19025655,0.19239658,0.19421102,0.19571766,0.1969342,0.1978784,0.19856809,0.19902097,0.19925483,0.19928737,0.19913638,0.1988197,0.19835496,0.19776002
0.13783734,0.13815998,0.13843136,0.1386433,0.13878776,0.13885663,0.13884176,0.13873509,0.13852856,0.13821399,0.13778332,0.13722846,0.13654126,0.13571367,0.13473758,0.13360487,0.13230744,0.13083534,0.12919556,0.1274054,0.12548225,0.123443425,0.12130632,0.11908823,0.11680655,0.114478625,0.112121746,0.10975334,0.10739072,0.10505119,0.10275214,0.10051093,0.098344915,0.09627142,0.09430778,0.09247139,0.09077951,0.08924958,0.08789892,0.08674488,0.085804805,0.08509601,0.08463589,0.08444178,0.08453101,0.08492096,0.08562894,0.08667234,0.088068485,0.08973183,0.09155988,0.093544535,0.09567771,0.09795129,0.100357175,0.10288724,0.10553346,0.108287655,0.11114175,0.11408766,0.117117286,0.120222494,0.123395234,0.12662734,0.12991077,0.13323739,0.13659914,0.13998786,0.14339547,0.14681393,0.15023506,0.15365078,0.15705301,0.16043364,0.1637846,0.16709772,0.17036495,0.17357817,0.17672925,0.17981018,0.1828128,0.18559141,0.18801728,0.19010772,0.19188014,0.19335186,0.1945402,0.19546252,0.19613622,0.1965786,0.19680703,0.19683886,0.19669135,0.19638196,0.19592807,0.1953469
0.13779101,0.13811252,0.13838287,0.13859406,0.138738,0.13880657,0.13879177,0.13868552,0.13847972,0.13816631,0.13773723,0.1371844,0.13649972,0.13567519,0.13470268,0.13357413,0.1322815,0.13081661,0.12918802,0.12741262,0.12550741,0.12348932,0.12137521,0.11918208,0.11692684,0.11462647,0.11229784,0.10995793,0.10762369,0.105312,0.10303983,0.10082412,0.09868179,0.0966298,0.09468506,0.09286451,0.09118512,0.08966378,0.08831744,0.08716305,0.086217545,0.08549784,0.08502088,0.084803626,0.08486298,0.08521589,0.08587927,0.08687012,0.08820531,0.08980307,0.09156492,0.093482845,0.09554869,0.097754434,0.100091994,0.10255332,0.10513032,0.10781494,0.11059906,0.11347465,0.11643369,0.11946801,0.122569606,0.12573035,0.12894224,0.13219716,0.13548705,0.13880385,0.14213948,0.14548588,0.14883497,0.15217866,0.15550892,0.15881765,0.1620968,0.16533826,0.16853398,0.17167594,0.17475599,0.1777661,0.18069822,0.18341076,0.18577898,0.18781978,0.18955006,0.1909868,0.19214694,0.19304731,0.19370499,0.19413687,0.19435988,0.19439091,0.19424699,0.19394495,0.19350182,0.19293445
0.13775116,0.13807134,0.1383406,0.13855095,0.13869433,0.13876262,0.1387479,0.13864207,0.13843706,0.13812491,0.13769753,0.13714692,0.13646501,0.13564377,0.13467513,0.13355112,0.13226363,0.13080642,0.12918946,0.12742934,0.12554255,0.12354565,0.12145511,0.11928749,0.11705928,0.11478702,0.11248723,0.110176444,0.10787112,0.105587855,0.103343114,0.10115346,0.09903543,0.09700544,0.09508013,0.093275964,0.091609456,0.09009715,0.088755555,0.087601215,0.086650595,0.08592028,0.08542675,0.085186526,0.08521616,0.08553215,0.086151004,0.08708927,0.088363454,0.08989552,0.091591015,0.09344194,0.095440224,0.097577825,0.09984672,0.1022389,0.10474628,0.107360825,0.110074535,0.112879336,0.11576718,0.11873007,0.12175994,0.12484876,0.12798849,0.13117108,0.1343885,0.13763276,0.14089575,0.14416943,0.1474458,0.15071684,0.15397444,0.15721065,0.16041736,0.16358657,0.16671024,0.16978027,0.17278874,0.17572747,0.17858855,0.18123461,0.18354477,0.18553549,0.18722337,0.18862486,0.18975654,0.19063488,0.19127646,0.19169775,0.19191524,0.19194555,0.19180512,0.1915105,0.19107817,0.19052477
0.13772246,0.13804121,0.13830929,0.13851865,0.13866134,0.1387294,0.13871472,0.13860933,0.13840531,0.13809454,0.13766913,0.137121,0.13644217,0.13562463,0.13466042,0.13354151,0.13225986,0.13081102,0.12920654,0.1274625,0.12559508,0.1236203,0.12155429,0.119413145,0.117212966,0.11496987,0.112699896,0.11041924,0.1081439,0.105890065,0.103673756,0.10151117,0.09941831,0.09741136,0.09550632,0.09371938,0.092066616,0.09056411,0.089227974,0.0880743,0.08711921,0.08637877,0.08586911,0.08560632,0.0856065,0.085885756,0.08646017,0.08734586,0.08855893,0.09002505,0.091653906,0.09343745,0.09536768,0.09743662,0.09963626,0.101958595,0.104395635,0.10693935,0.10958174,0.11231487,0.11513063,0.11802112,0.12097824,0.12399409,0.12706059,0.13016978,0.13331363,0.13648416,0.1396734,0.14287326,0.14607579,0.14927301,0.15245688,0.15561941,0.1587526,0.16184844,0.16489893,0.16789612,0.17083192,0.17369838,0.17648749,0.17906623,0.18131755,0.18325764,0.18490253,0.18626837,0.18737124,0.18822727,0.18885247,0.18926302,0.18947497,0.18950452,0.18936765,0.18908054,0.18865925,0.18811987
0.1377098,0.13802685,0.1382935,0.13850178,0.13864371,0.13871138,0.13869676,0.13859197,0.13838902,0.13807994,0.13765676,0.13711156,0.13643633,0.13562314,0.13466404,0.13355106,0.13227627,0.13083687,0.12924601,0.12751932,0.12567249,0.12372116,0.121681035,0.119567774,0.11739702,0.115184486,0.112945825,0.110696755,0.10845289,0.10622992,0.104043506,0.10190933,0.099843085,0.09786042,0.09597699,0.09420851,0.09257065,0.09107904,0.08974937,0.08859733,0.08763858,0.08688879,0.086363636,0.08607879,0.08604992,0.08629271,0.086822815,0.08765592,0.08880769,0.090207584,0.09176933,0.09348497,0.0953465,0.097346,0.0994755,0.10172705,0.10409268,0.106564455,0.10913437,0.11179449,0.11453687,0.117353536,0.12023652,0.123177886,0.12616965,0.12920387,0.13227259,0.13536783,0.13848163,0.14160603,0.14473313,0.14785491,0.15096341,0.1540507,0.15710878,0.16012976,0.16310559,0.16602841,0.16889013,0.17168292,0.17439878,0.17690893,0.17910045,0.18098892,0.18259011,0.18391967,0.18499318,0.18582644,0.186435,0.18683466,0.18704098,0.18706974,0.18693651,0.18665704,0.18624695,0.18572192
0.13771799,0.13803303,0.13829799,0.13850494,0.13864598,0.13871321,0.1386987,0.13859455,0.13839291,0.13808578,0.13766526,0.13712353,0.13645257,0.13564456,0.13469155,0.1335856,0.13231885,0.13089035,0.1293146,0.12760682,0.12578222,0.12385607,0.1218436,0.11975999,0.11762054,0.11544051,0.11323505,0.11101945,0.108808905,0.106618695,0.10446401,0.10236013,0.10032226,0.09836561,0.0965055,0.094757065,0.0931356,0.09165633,0.09033447,0.08918527,0.088223964,0.08746579,0.08692595,0.086619735,0.08656235,0.08676899,0.08725497,0.088035464,0.08912573,0.090459,0.09195308,0.09360007,0.09539205,0.09732112,0.099379376,0.1015589,0.103851765,0.10625012,0.10874598,0.11133152,0.11399873,0.1167398,0.119546734,0.12241171,0.12532674,0.12828399,0.13127548,0.13429333,0.13732967,0.14037652,0.14342605,0.14647023,0.14950131,0.15251125,0.1554922,0.15843627,0.16133551,0.164182,0.16696788,0.16968517,0.17232606,0.17476611,0.17689636,0.17873214,0.1802886,0.18158099,0.18262453,0.18343449,0.18402608,0.18441458,0.18461518,0.18464312,0.1845136,0.18424192,0.18384328,0.18333293
0.1377518,0.13806444,0.13832739,0.13853277,0.13867271,0.13873944,0.13872507,0.1386217,0.13842157,0.13811678,0.13769947,0.13716182,0.13649599,0.13569413,0.13474834,0.13365084,0.13239372,0.13097782,0.12941898,0.12773205,0.1259317,0.12403285,0.12205019,0.119998544,0.11789268,0.11574739,0.11357747,0.11139769,0.109222814,0.107067674,0.10494706,0.10287568,0.1008684,0.098939955,0.09710513,0.09537874,0.09377558,0.092310384,0.09099796,0.089853115,0.0888906,0.08812521,0.08757176,0.087244965,0.08715968,0.087330654,0.08777269,0.088500574,0.08952905,0.09079519,0.09222094,0.09379839,0.09551977,0.09737718,0.09936278,0.10146875,0.103687204,0.10601032,0.108430214,0.110939085,0.11352904,0.11619225,0.1189209,0.121707074,0.124542974,0.12742072,0.13033247,0.13327041,0.13622665,0.13919336,0.14216268,0.14512675,0.14807777,0.15100786,0.15390915,0.15677382,0.159594,0.16236189,0.16506958,0.16770926,0.17027305,0.17264107,0.17470844,0.17649,0.1780005,0.17925473,0.18026747,0.18105353,0.18162768,0.18200468,0.18219933,0.18222645,0.18210074,0.18183713,0.18145025,0.18095496
0.13781606,0.13812584,0.13838637,0.13858989,0.13872857,0.13879469,0.13878042,0.13867801,0.1384797,0.13817771,0.1377642,0.13723147,0.1365717,0.13577716,0.13484004,0.13375254,0.13250689,0.13110562,0.1295659,0.12790208,0.12612846,0.12425937,0.122309126,0.12029206,0.1182225,0.11611473,0.113983095,0.11184192,0.10970551,0.1075882,0.1055043,0.10346816,0.10149403,0.09959631,0.097789295,0.09608728,0.094504595,0.09305558,0.091754556,0.090615824,0.08965371,0.08888253,0.08831662,0.087970294,0.08785787,0.08799369,0.08839202,0.08906724,0.090033635,0.09123206,0.092588626,0.09409554,0.09574504,0.09752932,0.09944066,0.101471215,0.10361328,0.105859034,0.10820069,0.11063047,0.11314065,0.11572339,0.11837096,0.121075526,0.123829365,0.1266247,0.12945373,0.13230866,0.13518175,0.13806523,0.14095126,0.14383215,0.14670005,0.14954722,0.15236588,0.15514821,0.1578865,0.16057296,0.16319978,0.16575919,0.16824342,0.17053711,0.17253962,0.17426527,0.17572837,0.17694321,0.17792419,0.17868558,0.17924169,0.17960688,0.17979541,0.17982168,0.17969996,0.17944458,0.17906982,0.17859012
0.13791557,0.13822195,0.13847965,0.1386809,0.13881809,0.13888347,0.13886937,0.13876808,0.13857193,0.13827325,0.13786426,0.13733736,0.13668482,0.13589893,0.13497207,0.13389644,0.13266441,0.13128014,0.12976207,0.12812404,0.1263799,0.124543525,0.1226287,0.12064928,0.11861913,0.116552055,0.11446192,0.11236257,0.1102678,0.10819153,0.10614753,0.10414965,0.10221178,0.10034769,0.098571286,0.09689634,0.09533675,0.09390634,0.09261891,0.09148836,0.09052851,0.089753196,0.089176245,0.0888115,0.08867283,0.08877405,0.089129,0.08975153,0.090655476,0.0917855,0.093071945,0.09450709,0.096083276,0.09779277,0.09962793,0.10158099,0.103644334,0.105810225,0.10807097,0.110418946,0.11284635,0.115345575,0.117908895,0.12052862,0.12319709,0.12590656,0.12864935,0.13141778,0.13420418,0.13700084,0.13980004,0.14259414,0.1453754,0.14813615,0.15086867,0.15356533,0.15621842,0.15882018,0.16136298,0.16383913,0.16624093,0.16845766,0.17039295,0.1720607,0.17347468,0.17464878,0.17559682,0.17633267,0.17687012,0.17722306,0.17740527,0.17743066,0.17731301,0.17706619,0.17670405,0.17624038
0.13805509,0.13835749,0.13861182,0.13881047,0.13894588,0.13901043,0.13899648,0.13889651,0.13870294,0.1384081,0.13800447,0.13748443,0.13684039,0.13606477,0.13514993,0.13408835,0.13287236,0.13150772,0.13001418,0.128405,0.12669353,0.124893114,0.1230171,0.12107884,0.11909166,0.117068894,0.11502392,0.11297003,0.11092059,0.10888895,0.10688843,0.10493237,0.10303413,0.10120703,0.09946443,0.09781967,0.09628609,0.09487701,0.09360579,0.092485756,0.09153026,0.09075265,0.090166256,0.08978442,0.089620486,0.08968779,0.08999967,0.09056948,0.09141056,0.09247142,0.093686655,0.09504866,0.09654987,0.09818264,0.09993944,0.10181265,0.10379465,0.105877906,0.108054735,0.11031769,0.11265903,0.11507125,0.11754677,0.12007791,0.12265715,0.12527688,0.12792952,0.13060746,0.1333031,0.13600889,0.13871719,0.14142042,0.14411104,0.14678136,0.14942387,0.15203093,0.154595,0.15710846,0.15956372,0.16195315,0.16426921,0.16640596,0.16827145,0.16987902,0.171242,0.17237373,0.17328759,0.17399688,0.17451495,0.17485511,0.17503078,0.17505527,0.17494185,0.17470396,0.17435487,0.17390794
0.1382395,0.13853723,0.13878766,0.13898322,0.13911653,0.13918006,0.13916637,0.13906793,0.13887732,0.13858704,0.13818967,0.13767765,0.13704355,0.13627987,0.13537918,0.13433397,0.13313675,0.13179484,0.13032895,0.12875202,0.12707677,0.12531604,0.12348265,0.12158943,0.11964924,0.11767486,0.11567907,0.113674745,0.11167471,0.109691754,0.107738726,0.10582842,0.10397367,0.10218731,0.10048214,0.09887099,0.09736665,0.09598201,0.09472982,0.09362295,0.09267419,0.09189637,0.091302305,0.09090485,0.09071676,0.090750895,0.09102009,0.09153714,0.09231487,0.093305714,0.09444854,0.095735855,0.09716024,0.09871414,0.100390166,0.1021808,0.10407857,0.10607601,0.10816562,0.110339954,0.11259151,0.11491286,0.117296465,0.11973489,0.12222069,0.124746315,0.12730436,0.12988733,0.1324877,0.13509806,0.1377109,0.14031877,0.14291418,0.14548963,0.14803769,0.1505509,0.15302172,0.15544271,0.15780638,0.16010529,0.16233195,0.16438538,0.16617809,0.16772299,0.16903281,0.17012042,0.17099863,0.17168024,0.1721781,0.17250502,0.17267385,0.17269735,0.17258838,0.17235975,0.17202426,0.17159477
0.13847356,0.13876587,0.13901173,0.13920376,0.13933462,0.139397,0.13938355,0.13928692,0.13909978,0.1388148,0.13842463,0.13792193,0.13729937,0.13654958,0.1356653,0.13463907,0.13346365,0.13214774,0.13071315,0.12917218,0.12753709,0.1258201,0.12403358,0.12218977,0.12030093,0.11837936,0.11643732,0.11448713,0.11254099,0.110611245,0.108710155,0.106849946,0.10504296,0.10330145,0.101637706,0.10006399,0.09859257,0.09723571,0.096005775,0.09491493,0.093975514,0.09319979,0.09260004,0.092188545,0.09197757,0.091979384,0.09220627,0.09267052,0.09338441,0.094304256,0.09537331,0.09658427,0.09792977,0.099402465,0.10099502,0.102700114,0.10451039,0.10641853,0.108417146,0.11049897,0.11265661,0.11488274,0.11717006,0.11951116,0.12189874,0.12432547,0.12678403,0.12926699,0.13176712,0.13427703,0.13678938,0.13929683,0.14179207,0.14426774,0.14671648,0.14913097,0.15150388,0.15382788,0.15609561,0.15829973,0.16043292,0.16239925,0.16411601,0.16559535,0.16684966,0.16789114,0.16873212,0.16938485,0.16986161,0.17017466,0.17033632,0.17035884,0.17025447,0.17003551,0.16971427,0.169303
0.13876209,0.13904817,0.13928877,0.13947673,0.13960478,0.13966584,0.13965268,0.1395581,0.13937497,0.13909607,0.13871418,0.13822223,0.13761295,0.13687918,0.13601372,0.13500942,0.13385908,0.13257286,0.13117345,0.12967254,0.12808192,0.1264132,0.124678165,0.12288848,0.12105589,0.119192064,0.11730873,0.11541759,0.11353034,0.11165871,0.10981438,0.1080091,0.10625455,0.10456244,0.10294448,0.10141235,0.09997784,0.09865257,0.09744829,0.0963767,0.09544948,0.094678394,0.094075106,0.09365137,0.09341884,0.09338924,0.09357428,0.09398569,0.094635144,0.09548293,0.096476816,0.09760951,0.09887386,0.10026274,0.101768896,0.10338518,0.10510444,0.10691941,0.10882302,0.11080799,0.11286718,0.114993416,0.117179476,0.11941822,0.12170245,0.12402499,0.12637866,0.12875625,0.1311506,0.13355453,0.13596086,0.1383624,0.14075196,0.14312238,0.14546646,0.147777,0.1500469,0.15226889,0.1544358,0.15654048,0.15857573,0.16045092,0.1620881,0.16349891,0.16469502,0.16568825,0.16649024,0.16711271,0.16756739,0.16786592,0.16802008,0.16804154,0.16794202,0.16773324,0.16742685,0.16703466
0.1391099,0.13938884,0.13962346,0.1398067,0.1399316,0.1399911,0.13997826,0.13988607,0.1397075,0.13943554,0.13906321,0.13858351,0.1379894,0.13727392,0.13643004,0.13545077,0.13432914,0.13307655,0.13171655,0.13026026,0.12871876,0.1271032,0.1254247,0.12369432,0.12192321,0.12012246,0.11830321,0.11647653,0.11465359,0.11284542,0.111063205,0.10931803,0.10762099,0.10598321,0.10441581,0.10292988,0.10153654,0.10024691,0.09907209,0.09802319,0.09711134,0.09634762,0.09574319,0.095309086,0.09505648,0.094996475,0.09514017,0.09549867,0.0960831,0.09685774,0.09777476,0.09882716,0.10000796,0.10131014,0.10272672,0.104250684,0.10587499,0.10759272,0.109396785,0.11128021,0.11323603,0.11525719,0.11733671,0.119467616,0.12164286,0.12385544,0.12609838,0.12836465,0.13064726,0.13293922,0.13523352,0.13752314,0.13980108,0.14206035,0.14429395,0.14649487,0.14865609,0.15077063,0.15283151,0.15483165,0.15676412,0.15854374,0.16009744,0.16143633,0.16257149,0.16351408,0.16427518,0.16486591,0.16529737,0.16558072,0.16572703,0.16574736,0.16565293,0.16545479,0.16516404,0.16479184
0.13952179,0.13979262,0.14002042,0.14019838,0.14031962,0.1403774,0.14036494,0.1402754,0.14010204,0.13983798,0.13947646,0.13901068,0.13843383,0.13773912,0.13691975,0.13596891,0.13487984,0.13366517,0.13234916,0.1309423,0.12945506,0.12789792,0.12628138,0.124615915,0.12291201,0.12118012,0.11943076,0.11767443,0.11592158,0.11418272,0.1124683,0.11078887,0.10915484,0.10757673,0.106065,0.10463021,0.103282735,0.10203314,0.10089186,0.09986942,0.0989763,0.09822293,0.097619876,0.09717754,0.096906446,0.09681711,0.09691995,0.0972255,0.09774423,0.098444425,0.099282905,0.10025283,0.10134743,0.10255988,0.10388341,0.10531118,0.10683643,0.10845231,0.11015208,0.111928925,0.11377602,0.11568659,0.117653795,0.11967091,0.121731065,0.12382749,0.12595335,0.12810192,0.13026631,0.1324398,0.13461553,0.13678677,0.13894667,0.14108841,0.14320524,0.14529032,0.14733684,0.14933808,0.15128717,0.15317732,0.15500177,0.15668097,0.158147,0.15941037,0.16048148,0.16137092,0.16208908,0.1626465,0.16305362,0.16332097,0.16345899,0.1634782,0.16338912,0.16320215,0.1629278,0.16257659
0.14000256,0.14026427,0.1404844,0.1406563,0.14077348,0.14082932,0.14081728,0.14073077,0.14056323,0.14030808,0.13995877,0.1395087,0.1389513,0.13828005,0.1374883,0.13656957,0.13551721,0.13434511,0.13307805,0.13172585,0.13029827,0.12880524,0.12725651,0.12566195,0.12403134,0.122374535,0.12070138,0.11902164,0.117345184,0.11568185,0.11404143,0.11243375,0.110868655,0.109355934,0.10790548,0.106527045,0.10523051,0.10402564,0.10292233,0.10193036,0.101059586,0.1003198,0.099720806,0.09927248,0.098984666,0.09886712,0.0989297,0.099182226,0.09963454,0.100259,0.101017065,0.10190215,0.102907695,0.1040271,0.105253845,0.106581345,0.108003005,0.10951225,0.11110257,0.11276732,0.114499986,0.11629398,0.11814269,0.12003961,0.12197813,0.12395167,0.12595375,0.12797765,0.13001692,0.13206497,0.13411519,0.13616103,0.13819593,0.14021333,0.14220656,0.1441692,0.14609458,0.14797616,0.14980735,0.15158163,0.15329239,0.15486604,0.1562399,0.15742382,0.1584276,0.15926112,0.15993412,0.16045651,0.16083804,0.16108857,0.16121794,0.16123596,0.16115241,0.16097723,0.16072014,0.16039097
0.14055702,0.14080848,0.14101997,0.14118516,0.14129774,0.1413514,0.14133984,0.14125672,0.14109573,0.14085057,0.14051494,0.14008252,0.13954695,0.13890198,0.13814126,0.1372585,0.13624737,0.13512278,0.1339099,0.13261789,0.13125588,0.12983298,0.12835835,0.12684111,0.12529038,0.12371531,0.12212499,0.1205286,0.11893529,0.117354125,0.11579425,0.11426487,0.112774976,0.11133381,0.1099505,0.10863415,0.10739389,0.106238864,0.105178185,0.10422101,0.10337643,0.102653615,0.102061674,0.101609774,0.101307,0.10116251,0.10118543,0.10138489,0.10177001,0.10231731,0.10299296,0.10379067,0.10470413,0.10572699,0.106852986,0.10807577,0.109389044,0.1107865,0.112261795,0.11380865,0.11542074,0.117091745,0.11881537,0.12058529,0.12239517,0.12423872,0.12610966,0.12800162,0.12990831,0.13182342,0.13374063,0.13565363,0.13755614,0.13944176,0.14130427,0.14313732,0.14493461,0.14668976,0.14839654,0.15004863,0.15163966,0.15310222,0.15437908,0.15547939,0.15641233,0.15718699,0.15781252,0.15829797,0.15865259,0.15888543,0.15900566,0.15902239,0.15894479,0.15878195,0.158543,0.15823708
0.14119,0.14143002,0.1416319,0.14178957,0.14189704,0.14194827,0.14193723,0.14185788,0.14170422,0.14147022,0.1411498,0.14073704,0.14022586,0.1396102,0.13888405,0.13804145,0.13707629,0.1360045,0.13485141,0.13362557,0.1323353,0.13098904,0.12959518,0.12816212,0.12669823,0.12521194,0.12371166,0.12220577,0.1207027,0.11921081,0.11773854,0.116294265,0.11488639,0.113523334,0.112213485,0.11096521,0.109786965,0.10868714,0.1076741,0.1067563,0.1059421,0.1052399,0.10465815,0.10420518,0.10388944,0.10371931,0.10370319,0.103849515,0.10416665,0.10463525,0.1052264,0.10593406,0.10675219,0.10767474,0.108695745,0.10980912,0.11100889,0.112289,0.11364342,0.11506615,0.11655115,0.11809236,0.11968381,0.12131944,0.12299326,0.124699205,0.12643126,0.1281834,0.12994957,0.13172384,0.13350005,0.13527228,0.13703448,0.1387806,0.1405046,0.14220053,0.14386228,0.14548384,0.14705925,0.14858238,0.15004727,0.15139288,0.15256758,0.1535799,0.1544382,0.1551509,0.15572636,0.15617302,0.15649922,0.15671346,0.15682408,0.15683949,0.15676805,0.15661825,0.1563984,0.15611698
0.14190629,0.14213362,0.1423248,0.14247414,0.14257592,0.14262445,0.14261398,0.14253885,0.1423933,0.14217165,0.14186822,0.14147726,0.14099309,0.14040999,0.13972226,0.1389242,0.13801005,0.13699658,0.13590932,0.13475595,0.13354403,0.13228126,0.13097525,0.12963359,0.12826398,0.12687403,0.12547131,0.12406354,0.12265831,0.12126324,0.11988598,0.11853418,0.117215425,0.11593738,0.11470767,0.113533944,0.112423785,0.11138487,0.11042481,0.109551236,0.10877179,0.1080941,0.107525796,0.10707451,0.106747866,0.10655351,0.10649905,0.10659215,0.10684043,0.10722875,0.10773312,0.10834786,0.10906721,0.10988549,0.110797,0.11179599,0.112876825,0.11403375,0.11526104,0.116553046,0.11790401,0.119308256,0.12076003,0.12225368,0.12378347,0.12534371,0.12692867,0.12853268,0.13014996,0.13177489,0.13340172,0.13502473,0.13663824,0.13823652,0.13981389,0.1413646,0.142883,0.14436331,0.1457999,0.14718701,0.14851895,0.14974128,0.15080842,0.151728,0.15250771,0.15315513,0.15367788,0.15408365,0.15438,0.1545746,0.15467505,0.15468906,0.1546242,0.1544881,0.15428841,0.15403277
0.14271066,0.14292398,0.14310339,0.1432435,0.14333901,0.14338455,0.14337471,0.14330418,0.14316764,0.14295967,0.14267495,0.1423081,0.14185378,0.14130665,0.14066133,0.1399125,0.13905472,0.13810551,0.13709036,0.13601607,0.13488951,0.13371748,0.13250679,0.1312643,0.12999675,0.12871101,0.12741393,0.1261123,0.12481297,0.1235227,0.122248314,0.120996706,0.11977466,0.11858898,0.117446505,0.11635404,0.11531842,0.114346474,0.11344499,0.112620816,0.11188077,0.11123165,0.11068031,0.11023357,0.109898224,0.10968111,0.10958904,0.10962884,0.109807335,0.11011369,0.11052893,0.111047685,0.111664645,0.112374425,0.113171674,0.11405104,0.11500718,0.11603472,0.1171283,0.118282564,0.11949219,0.12075179,0.12205601,0.1233995,0.12477692,0.12618288,0.12761208,0.1290591,0.13051865,0.13198532,0.13345377,0.13491867,0.13637464,0.13781632,0.13923834,0.14063542,0.14200214,0.14333312,0.14462306,0.14586659,0.14705835,0.14815085,0.1491046,0.14992653,0.1506234,0.15120202,0.15166923,0.15203191,0.1522968,0.1524707,0.15256052,0.15257302,0.15251504,0.15239342,0.15221493,0.15198644
0.14360794,0.14380585,0.14397229,0.14410229,0.1441909,0.14423312,0.14422405,0.1441586,0.14403193,0.14383897,0.14357483,0.14323452,0.14281304,0.14230546,0.1417068,0.14101206,0.14021635,0.13933761,0.13840118,0.13741307,0.13637923,0.13530557,0.13419811,0.13306281,0.13190563,0.13073255,0.12954953,0.12836252,0.12717748,0.1260004,0.124837294,0.123694025,0.1225766,0.121491045,0.12044326,0.11943924,0.118484914,0.11758631,0.11674933,0.115979984,0.11528425,0.11466802,0.11413735,0.11369816,0.113356434,0.1131181,0.11298919,0.11297562,0.11308337,0.11330594,0.11362953,0.11404917,0.11455989,0.11515673,0.11583471,0.11658887,0.11741425,0.11830588,0.11925877,0.12026797,0.1213285,0.122435406,0.123583734,0.12476849,0.12598465,0.12722737,0.12849158,0.12977238,0.13106476,0.13236378,0.13366447,0.1349618,0.13625088,0.1375267,0.1387843,0.14001873,0.14122501,0.14239815,0.1435332,0.14462522,0.14566919,0.14662483,0.14745918,0.14817818,0.14878778,0.14929393,0.14970264,0.15001985,0.15025157,0.15040372,0.1504823,0.15049322,0.15044251,0.15033609,0.15017997,0.1499801
0.14460298,0.144784,0.1449362,0.14505512,0.14513615,0.14517477,0.14516646,0.14510661,0.14499076,0.1448143,0.14457269,0.14426143,0.14387594,0.1434117,0.14286414,0.14222874,0.14150093,0.14069924,0.13984857,0.138954,0.13802059,0.13705336,0.13605747,0.13503791,0.13399978,0.13294813,0.13188803,0.13082457,0.12976278,0.12870777,0.12766455,0.12663825,0.1256339,0.12465658,0.12371132,0.12280323,0.12193735,0.12111878,0.12035256,0.11964375,0.11899744,0.11841868,0.117912546,0.1174841,0.1171384,0.116880536,0.11671555,0.116648525,0.11668452,0.11682142,0.11705073,0.11736788,0.11776835,0.11824756,0.118801005,0.11942412,0.120112374,0.1208612,0.12166608,0.12252245,0.12342579,0.12437153,0.12535514,0.12637208,0.12741779,0.12848774,0.12957737,0.13068214,0.13179754,0.13291898,0.13404195,0.13516188,0.13627423,0.13737448,0.13845806,0.13952044,0.14055705,0.14156339,0.14253485,0.143467,0.14435516,0.14516668,0.14587514,0.14648569,0.14700332,0.14743315,0.14778022,0.1480496,0.14824635,0.14837554,0.14844225,0.14845154,0.14840849,0.14831811,0.14818555,0.14801581
0.1456346,0.14579827,0.14593594,0.14604346,0.14611673,0.14615165,0.14614412,0.14609005,0.14598522,0.1458257,0.14560722,0.14532578,0.1449772,0.14455737,0.14406227,0.14348769,0.14282961,0.1421068,0.14134356,0.14054416,0.13971278,0.13885354,0.13797061,0.13706823,0.13615048,0.13522165,0.13428581,0.13334721,0.13241002,0.13147837,0.13055648,0.12964849,0.12875861,0.12789103,0.12704988,0.12623936,0.12546362,0.12472686,0.12403327,0.12338701,0.12279225,0.12225316,0.12177395,0.12135878,0.12101179,0.12073723,0.12053919,0.12042191,0.12038955,0.12044418,0.12058236,0.120799966,0.12109292,0.12145709,0.12188838,0.12238265,0.12293583,0.12354379,0.12420244,0.12490764,0.1256553,0.12644131,0.12726158,0.12811196,0.12898836,0.12988669,0.1308028,0.13173266,0.13267206,0.13361692,0.13456321,0.13550672,0.1364434,0.1373691,0.13827978,0.13917121,0.14003941,0.14088021,0.14168954,0.1424632,0.14319718,0.14386609,0.14445004,0.14495325,0.14537996,0.14573424,0.1460203,0.14624229,0.14640452,0.146511,0.14656597,0.14657363,0.14653815,0.14646369,0.14635439,0.14621449
0.14663942,0.1467864,0.14690998,0.14700654,0.14707233,0.14710368,0.1470969,0.14704834,0.14695425,0.14681096,0.14661482,0.1463621,0.14604907,0.14567211,0.14522754,0.14471161,0.14412066,0.14347367,0.1427943,0.14208587,0.14135174,0.14059533,0.13981993,0.1390289,0.13822556,0.1374133,0.13659544,0.13577537,0.13495637,0.1341419,0.1333352,0.1325397,0.1317587,0.13099559,0.13025366,0.1295363,0.12884688,0.12818873,0.12756519,0.1269796,0.12643532,0.12593576,0.12548414,0.12508395,0.12473847,0.12445103,0.12422502,0.12406378,0.12397066,0.12395145,0.12400725,0.12413439,0.12432919,0.12458792,0.12490691,0.1252825,0.12571096,0.12618864,0.12671179,0.12727678,0.12787983,0.12851739,0.12918568,0.12988102,0.1305997,0.1313381,0.13209245,0.13285913,0.1336344,0.13441461,0.13519605,0.13597502,0.13674782,0.13751082,0.13826026,0.13899249,0.13970383,0.14039055,0.14104901,0.14167547,0.14226626,0.14280283,0.14327128,0.14367494,0.14401723,0.1443014,0.14453086,0.14470899,0.1448391,0.14492452,0.14496861,0.14497477,0.14494626,0.14488657,0.14479889,0.14468667
0.14761873,0.14774956,0.14785963,0.14794557,0.14800417,0.1480321,0.14802608,0.1479828,0.14789903,0.14777146,0.1475968,0.14737177,0.14709306,0.1467574,0.14636151,0.14590213,0.14537594,0.14480188,0.14420287,0.14358142,0.14294018,0.14228173,0.14160854,0.14092337,0.14022869,0.13952711,0.13882126,0.13811363,0.1374069,0.13670361,0.13600634,0.13531773,0.13464028,0.13397661,0.13332932,0.13270101,0.13209422,0.13151154,0.13095559,0.13042894,0.12993418,0.12947388,0.12905061,0.12866698,0.1283256,0.12802902,0.1277798,0.12758057,0.12743393,0.12734887,0.12733065,0.12737595,0.12748148,0.12764394,0.12786007,0.12812658,0.12844016,0.12879755,0.12919545,0.1296306,0.1300997,0.13059944,0.13112658,0.13167778,0.13224985,0.13283938,0.13344319,0.13405792,0.13468029,0.1353071,0.13593496,0.13656068,0.13718088,0.13779233,0.13839173,0.13897581,0.13954125,0.14008482,0.1406032,0.14109309,0.14155124,0.14196526,0.14232671,0.14263822,0.14290231,0.14312162,0.14329869,0.14343609,0.14353648,0.14360242,0.14363642,0.14364117,0.14361921,0.14357312,0.14350548,0.14341886
0.14857377,0.14868909,0.14878607,0.14886187,0.14891347,0.14893809,0.14893278,0.14889465,0.14882086,0.14870842,0.14855446,0.14835618,0.14811054,0.14781477,0.14746585,0.147061,0.1465973,0.14609347,0.1455715,0.14503324,0.14448063,0.14391546,0.14333965,0.14275506,0.1421636,0.14156716,0.14096753,0.14036672,0.13976647,0.13916878,0.13857545,0.13798839,0.13740943,0.13684049,0.13628347,0.13574024,0.13521259,0.13470252,0.13421187,0.13374244,0.13329624,0.13287503,0.13248074,0.13211524,0.13178045,0.13147816,0.13121033,0.1309788,0.13078544,0.1306422,0.13055785,0.13052945,0.13055415,0.13062902,0.13075116,0.13091773,0.13112575,0.13137244,0.13165478,0.13196997,0.13231507,0.13268718,0.13308342,0.13350089,0.13393672,0.13438797,0.13485175,0.13532522,0.13580541,0.13628949,0.13677453,0.1372576,0.1377359,0.13820644,0.13866638,0.1391128,0.13954283,0.13995352,0.14034207,0.1407055,0.14104094,0.14134172,0.14160432,0.14183058,0.14202243,0.14218175,0.14231037,0.14241022,0.1424831,0.14253101,0.14255573,0.14255919,0.14254321,0.14250973,0.14246057,0.14239769
0.14950597,0.1496063,0.14969066,0.14975658,0.1498015,0.1498229,0.1498183,0.14978515,0.1497209,0.14962311,0.14948921,0.14931667,0.14910302,0.14884569,0.1485422,0.14818998,0.14778657,0.14735039,0.14690235,0.14644371,0.14597568,0.14549942,0.1450163,0.14452739,0.14403404,0.1435374,0.14303872,0.14253922,0.14204009,0.14154264,0.14104804,0.14055754,0.14007235,0.13959365,0.13912275,0.13866083,0.13820913,0.13776886,0.13734126,0.13692753,0.13652894,0.13614668,0.13578199,0.13543606,0.13511021,0.13480556,0.13452338,0.1342649,0.13403131,0.13383707,0.13369402,0.13359967,0.13355152,0.13354698,0.13358362,0.13365886,0.1337702,0.13391514,0.13409114,0.13429567,0.13452621,0.13478027,0.13505535,0.13534886,0.13565835,0.13598128,0.13631508,0.1366573,0.13700539,0.13735688,0.13770917,0.1380598,0.1384062,0.1387459,0.1390764,0.13939509,0.13969956,0.1399872,0.14025554,0.14050205,0.14072421,0.1409205,0.14109187,0.14123954,0.14136475,0.14146869,0.14155267,0.14161782,0.14166538,0.14169666,0.1417128,0.14171505,0.1417046,0.14168274,0.1416507,0.14160964
0.15041664,0.15050247,0.15057465,0.15063103,0.15066946,0.15068775,0.15068382,0.15065546,0.1506005,0.15051685,0.15040228,0.15025465,0.15007187,0.14985171,0.14959207,0.14929076,0.14894563,0.14857464,0.14819764,0.14781521,0.14742798,0.1470366,0.14664167,0.14624383,0.14584367,0.14544187,0.14503904,0.14463578,0.14423274,0.14383052,0.14342974,0.14303109,0.1426351,0.14224246,0.1418538,0.1414697,0.14109081,0.14071772,0.14035113,0.1399916,0.13963978,0.13929631,0.13896176,0.1386368,0.13832209,0.13801816,0.13772567,0.13744533,0.13717763,0.13693912,0.13674444,0.13659146,0.13647792,0.13640176,0.13636078,0.13635287,0.13637581,0.1364275,0.13650578,0.13660845,0.1367334,0.13687848,0.13704146,0.1372203,0.13741276,0.1376167,0.13783,0.13805047,0.138276,0.13850436,0.13873346,0.1389611,0.1391852,0.13940352,0.13961393,0.1398143,0.14000246,0.14017624,0.14033349,0.1404721,0.14058988,0.14068992,0.1407773,0.1408526,0.14091644,0.14096946,0.1410122,0.14104545,0.14106973,0.14108565,0.14109388,0.14109503,0.14108972,0.14107859,0.14106221,0.1410413
0.15130705,0.15137886,0.15143926,0.15148646,0.15151857,0.15153389,0.15153061,0.15150687,0.15146089,0.15139087,0.15129504,0.15117154,0.1510186,0.15083441,0.1506172,0.15036505,0.15007633,0.14976826,0.1494595,0.14915012,0.14884017,0.14852974,0.14821891,0.14790775,0.14759628,0.14728466,0.1469729,0.14666106,0.14634931,0.14603764,0.14572613,0.14541484,0.14510389,0.14479335,0.14448321,0.1441736,0.14386462,0.14355633,0.14324878,0.14294206,0.14263624,0.14233138,0.14202756,0.14172487,0.14142333,0.14112307,0.14082411,0.14052658,0.1402305,0.13995413,0.13971442,0.13950956,0.13933778,0.1391972,0.13908611,0.13900262,0.138945,0.1389114,0.13890003,0.13890912,0.13893682,0.13898137,0.13904093,0.13911372,0.13919789,0.13929173,0.13939334,0.13950095,0.1396128,0.13972704,0.13984188,0.13995555,0.14006618,0.140172,0.14027123,0.14036202,0.14044262,0.14051121,0.14056595,0.14060508,0.14062674,0.14063837,0.14064853,0.14065728,0.1406647,0.14067082,0.1406758,0.14067964,0.14068247,0.14068434,0.14068528,0.14068541,0.14068481,0.14068349,0.14068162,0.14067918
0.15217854,0.15223676,0.15228577,0.15232402,0.15235005,0.15236251,0.15235984,0.15234056,0.15230328,0.15224652,0.15216878,0.15206866,0.15194461,0.15179525,0.15161908,0.15141462,0.15118048,0.1509332,0.15069015,0.15045083,0.15021484,0.14998178,0.14975116,0.14952257,0.14929558,0.14906971,0.1488446,0.14861976,0.14839478,0.14816926,0.14794269,0.14771467,0.14748478,0.14725257,0.1470176,0.14677945,0.14653768,0.14629185,0.14604156,0.14578633,0.14552572,0.14525934,0.14498675,0.14470747,0.14442109,0.14412722,0.14382537,0.1435151,0.143196,0.14288773,0.14260915,0.14235882,0.1421353,0.14193715,0.14176288,0.14161102,0.1414801,0.1413687,0.14127532,0.14119847,0.14113678,0.14108874,0.14105286,0.14102769,0.14101179,0.1410037,0.14100192,0.14100504,0.14101154,0.14102,0.14102899,0.14103697,0.1410425,0.14104414,0.14104044,0.14102991,0.14101106,0.14098252,0.14094275,0.14089027,0.14082369,0.14075413,0.1406934,0.14064105,0.14059664,0.1405598,0.14053006,0.14050697,0.14049008,0.14047903,0.14047332,0.1404725,0.1404762,0.14048396,0.14049532,0.14050986
0.15303242,0.15307751,0.1531154,0.15314503,0.15316518,0.15317483,0.15317273,0.15315785,0.153129,0.15308505,0.15302488,0.1529474,0.15285139,0.15273578,0.15259942,0.1524412,0.15225996,0.1520715,0.1518917,0.1517197,0.15155464,0.15139556,0.15124154,0.15109172,0.15094525,0.1508011,0.1506585,0.15051648,0.15037414,0.15023066,0.15008505,0.14993642,0.14978394,0.14962664,0.14946365,0.14929406,0.14911696,0.1489315,0.14873675,0.1485318,0.14831576,0.14808771,0.14784677,0.14759208,0.14732267,0.1470377,0.14673622,0.14641738,0.14608024,0.14574553,0.14543386,0.14514406,0.144875,0.14462556,0.14439456,0.14418095,0.14398356,0.14380123,0.14363287,0.14347732,0.1433335,0.1432002,0.14307635,0.14296083,0.14285241,0.14275008,0.14265263,0.14255895,0.1424679,0.14237839,0.14228924,0.14219935,0.14210753,0.14201275,0.14191377,0.14180955,0.14169888,0.14158072,0.14145383,0.14131717,0.14116955,0.14102553,0.14089979,0.14079145,0.14069958,0.1406233,0.1405617,0.1405139,0.14047897,0.14045605,0.14044422,0.14044258,0.1404502,0.14046623,0.14048976,0.14051989
0.15387003,0.15390235,0.1539295,0.15395074,0.15396518,0.15397206,0.15397058,0.15395989,0.15393922,0.15390773,0.15386465,0.15380913,0.15374035,0.15365751,0.15355983,0.1534465,0.15331663,0.15318513,0.15306641,0.1529592,0.15286213,0.15277393,0.15269321,0.15261868,0.15254898,0.15248287,0.15241893,0.15235588,0.1522924,0.15222713,0.15215877,0.15208602,0.15200749,0.15192191,0.15182795,0.15172426,0.15160955,0.15148245,0.15134166,0.15118586,0.15101373,0.1508239,0.15061514,0.15038602,0.15013525,0.14986151,0.14956349,0.1492399,0.1488893,0.14853333,0.14819384,0.14787,0.14756104,0.14726618,0.14698453,0.14671525,0.14645766,0.14621086,0.14597407,0.14574644,0.1455272,0.14531553,0.14511058,0.14491165,0.14471781,0.14452827,0.14434226,0.14415896,0.14397758,0.14379723,0.14361718,0.14343657,0.14325464,0.1430705,0.14288345,0.14269258,0.14249709,0.14229624,0.14208916,0.14187507,0.1416531,0.14144088,0.14125562,0.14109594,0.14096057,0.14084819,0.14075743,0.14068697,0.14063554,0.14060174,0.14058428,0.14058186,0.14059313,0.14061676,0.1406514,0.14069581
0.15469271,0.15471256,0.15472929,0.15474232,0.15475121,0.15475544,0.15475453,0.15474796,0.15473527,0.1547159,0.15468939,0.15465526,0.15461294,0.15456198,0.15450191,0.15443218,0.15435232,0.15427609,0.15421645,0.15417166,0.15414001,0.15411979,0.15410928,0.1541068,0.15411061,0.15411897,0.15413019,0.15414257,0.15415439,0.15416391,0.15416943,0.15416919,0.15416157,0.15414476,0.15411714,0.15407693,0.15402241,0.15395188,0.15386367,0.15375596,0.15362714,0.15347545,0.15329917,0.15309665,0.15286604,0.15260571,0.15231396,0.15198906,0.15162928,0.15125674,0.15089434,0.15054156,0.15019794,0.14986295,0.14953609,0.14921688,0.14890483,0.14859946,0.14830017,0.1480066,0.14771815,0.14743434,0.14715469,0.14687872,0.1466059,0.14633569,0.1460677,0.14580137,0.14553615,0.14527164,0.1450073,0.14474262,0.14447707,0.14421025,0.1439416,0.14367062,0.14339676,0.1431196,0.14283863,0.14255333,0.14226322,0.14198855,0.14174874,0.14154208,0.14136688,0.14122139,0.14110391,0.14101271,0.14094613,0.14090241,0.14087981,0.1408767,0.14089127,0.14092183,0.1409667,0.14102414
0.15550172,0.15550949,0.15551595,0.15552108,0.15552458,0.1555262,0.15552586,0.15552327,0.15551832,0.15551077,0.15550043,0.15548712,0.15547058,0.15545073,0.15542726,0.15540005,0.15536891,0.1553464,0.15534395,0.15535943,0.1553908,0.15543601,0.15549295,0.15555954,0.15563375,0.1557135,0.15579669,0.15588126,0.15596513,0.15604624,0.15612252,0.15619189,0.1562523,0.15630165,0.15633783,0.15635888,0.15636262,0.15634702,0.15631,0.15624954,0.15616347,0.1560498,0.15590641,0.15573125,0.15552223,0.15527733,0.15499443,0.1546714,0.1543063,0.15392144,0.15354058,0.15316345,0.15278989,0.1524197,0.15205273,0.1516887,0.15132749,0.15096885,0.15061262,0.15025859,0.14990658,0.14955634,0.14920779,0.14886062,0.1485147,0.14816979,0.14782578,0.14748238,0.14713943,0.14679675,0.14645414,0.14611137,0.1457683,0.14542472,0.14508045,0.14473522,0.1443889,0.14404131,0.14369221,0.14334142,0.14298874,0.14265683,0.14236706,0.14211735,0.14190564,0.14172983,0.14158788,0.14147767,0.14139722,0.14134437,0.14131708,0.14131331,0.14133091,0.14136785,0.1414221,0.1414915
0.15629844,0.15629439,0.15629093,0.15628825,0.15628643,0.15628557,0.15628575,0.15628712,0.15628971,0.15629368,0.1562991,0.15630612,0.15631479,0.15632525,0.15633756,0.15635183,0.1563682,0.15639806,0.1564511,0.15652496,0.1566172,0.15672544,0.1568473,0.15698034,0.1571222,0.15727043,0.15742269,0.15757656,0.15772961,0.15787946,0.1580237,0.15815994,0.1582858,0.15839885,0.1584967,0.15857692,0.1586372,0.15867504,0.15868808,0.15867393,0.15863015,0.1585544,0.15844421,0.15829726,0.1581111,0.15788333,0.15761158,0.15729338,0.15692641,0.15653318,0.15613782,0.1557405,0.15534131,0.15494037,0.15453777,0.15413357,0.15372793,0.15332091,0.15291265,0.1525032,0.15209273,0.15168124,0.15126894,0.15085593,0.15044221,0.15002799,0.1496133,0.14919828,0.14878303,0.14836764,0.14795218,0.14753686,0.14712164,0.14670673,0.14629215,0.1458781,0.14546463,0.14505179,0.14463979,0.14422864,0.1438185,0.1434341,0.14309846,0.14280921,0.14256403,0.1423604,0.142196,0.14206839,0.14197521,0.14191401,0.14188239,0.141878,0.14189838,0.14194119,0.14200398,0.1420844
0.15708417,0.15706849,0.15705536,0.15704508,0.15703805,0.15703475,0.15703548,0.15704063,0.15705064,0.1570659,0.15708676,0.15711363,0.15714695,0.15718703,0.15723431,0.1572892,0.15735209,0.15743303,0.15754011,0.15767056,0.15782176,0.15799096,0.15817547,0.1583726,0.1585796,0.15879384,0.15901257,0.15923312,0.15945272,0.15966876,0.15987848,0.16007921,0.1602682,0.16044281,0.16060032,0.16073798,0.16085316,0.1609431,0.16100514,0.16103657,0.16103467,0.16099674,0.1609201,0.16080202,0.16063982,0.1604308,0.16017224,0.15986145,0.15949573,0.15909752,0.15869135,0.15827754,0.15785658,0.15742882,0.15699461,0.1565544,0.15610857,0.1556575,0.1552016,0.15474124,0.15427683,0.15380874,0.15333742,0.15286317,0.15238647,0.15190768,0.15142715,0.15094534,0.15046261,0.14997937,0.14949597,0.14901285,0.14853038,0.14804898,0.14756899,0.14709082,0.14661488,0.1461416,0.14567128,0.14520438,0.14474128,0.14430858,0.14393081,0.14360526,0.14332923,0.14310007,0.142915,0.14277136,0.14266644,0.14259754,0.14256197,0.14255705,0.14258,0.14262816,0.14269887,0.14278936
0.15786014,0.15783317,0.15781051,0.15779279,0.1577807,0.15777496,0.15777619,0.1577851,0.15780239,0.15782869,0.15786467,0.15791105,0.15796852,0.15803768,0.15811926,0.15821394,0.15832242,0.15845333,0.15861312,0.15879871,0.15900718,0.15923543,0.15948065,0.15973975,0.16000976,0.16028772,0.16057064,0.16085558,0.16113952,0.16141947,0.16169246,0.16195552,0.16220567,0.16243994,0.16265534,0.16284886,0.16301757,0.16315845,0.16326857,0.16334487,0.16338447,0.16338432,0.16334142,0.16325285,0.1631156,0.16292675,0.16268322,0.16238207,0.16202037,0.16162023,0.16120635,0.16077936,0.16033997,0.15988882,0.15942663,0.15895408,0.1584718,0.15798047,0.15748084,0.15697348,0.15645917,0.15593849,0.15541223,0.15488097,0.1543454,0.15380625,0.15326418,0.15271981,0.15217388,0.15162702,0.15107998,0.15053338,0.1499879,0.14944425,0.14890306,0.14836502,0.14783083,0.14730118,0.14677666,0.14625804,0.145746,0.1452687,0.14485201,0.14449291,0.14418848,0.14393568,0.14373153,0.14357312,0.1434574,0.1433814,0.14334217,0.14333671,0.14336203,0.14341518,0.14349316,0.14359298
0.1586278,0.15858972,0.15855767,0.15853262,0.15851559,0.15850744,0.15850918,0.15852177,0.1585462,0.15858334,0.1586342,0.15869975,0.15878092,0.15887865,0.15899397,0.15912774,0.159281,0.159461,0.15967236,0.15991175,0.16017596,0.16046175,0.16076593,0.16108519,0.16141634,0.16175611,0.1621013,0.16244861,0.16279487,0.16313681,0.16347118,0.16379477,0.16410433,0.16439661,0.16466837,0.1649164,0.16513744,0.16532826,0.16548562,0.16560626,0.165687,0.16572452,0.16571565,0.16565713,0.1655457,0.16537817,0.16515127,0.16486175,0.16450639,0.16410698,0.16368811,0.16325073,0.16279583,0.16232437,0.16183725,0.16133545,0.16081995,0.16029172,0.15975164,0.15920076,0.15863994,0.15807024,0.15749255,0.15690784,0.15631709,0.1557212,0.15512118,0.15451796,0.15391251,0.15330583,0.15269879,0.15209238,0.15148759,0.15088533,0.1502866,0.14969233,0.14910348,0.14852098,0.14794584,0.147379,0.14682138,0.14630274,0.14584991,0.14545973,0.14512889,0.14485419,0.14463235,0.14446019,0.14433444,0.14425187,0.14420925,0.1442033,0.14423083,0.14428857,0.1443733,0.14448178
0.15938845,0.15933937,0.15929808,0.15926585,0.15924384,0.15923338,0.15923564,0.15925185,0.15928331,0.15933117,0.15939668,0.15948108,0.15958561,0.15971154,0.15986003,0.16003235,0.16022974,0.16045804,0.16071995,0.16101207,0.16133082,0.16167279,0.16203445,0.16241239,0.16280307,0.163203,0.16360879,0.16401684,0.16442378,0.16482605,0.16522023,0.16560277,0.16597028,0.16631919,0.16664608,0.16694744,0.1672198,0.1674597,0.16766363,0.16782813,0.16794975,0.16802494,0.16805024,0.16802222,0.16793731,0.16779214,0.16758317,0.16730691,0.16695991,0.16656344,0.16614187,0.16569653,0.16522855,0.16473927,0.1642298,0.16370147,0.16315545,0.162593,0.16201536,0.16142377,0.16081943,0.16020359,0.1595775,0.15894233,0.15829942,0.1576499,0.15699503,0.15633605,0.1556742,0.1550107,0.15434682,0.15368374,0.15302272,0.152365,0.15171179,0.1510643,0.15042381,0.14979155,0.14916874,0.1485566,0.14795637,0.14739905,0.14691247,0.14649318,0.14613765,0.14584248,0.14560412,0.14541912,0.145284,0.14519526,0.14514944,0.14514306,0.14517263,0.1452347,0.14532575,0.14544232
0.16014336,0.16008344,0.16003303,0.15999368,0.15996684,0.15995406,0.1599568,0.15997662,0.16001497,0.16007343,0.1601534,0.16025645,0.16038406,0.1605378,0.1607191,0.16092947,0.16117044,0.16144635,0.16175811,0.162102,0.1624743,0.16287135,0.16328937,0.16372474,0.16417365,0.1646325,0.16509748,0.16556495,0.1660312,0.16649248,0.16694511,0.16738541,0.16780962,0.16821405,0.16859505,0.16894881,0.16927171,0.16955997,0.16980997,0.1700179,0.17018013,0.17029294,0.17035261,0.17035538,0.17029765,0.17017566,0.1699857,0.16972403,0.169387,0.16899525,0.1685729,0.16812146,0.16764246,0.16713735,0.16660768,0.16605496,0.16548063,0.16488627,0.16427337,0.16364338,0.16299789,0.1623383,0.16166621,0.16098309,0.16029043,0.15958977,0.15888256,0.15817034,0.15745461,0.15673688,0.15601864,0.1553014,0.1545867,0.15387599,0.15317081,0.1524726,0.15178296,0.15110336,0.1504353,0.14978023,0.14913973,0.14854592,0.14802754,0.14758079,0.147202,0.1468875,0.14663354,0.14643644,0.14629246,0.14619792,0.1461491,0.14614233,0.14617383,0.14623994,0.14633693,0.14646114
0.16089387,0.1608232,0.16076377,0.16071735,0.1606857,0.16067064,0.1606739,0.16069725,0.1607425,0.16081141,0.1609057,0.16102722,0.16117774,0.16135895,0.16157275,0.16182083,0.16210496,0.16242805,0.16278903,0.163184,0.16360912,0.16406035,0.16453385,0.16502567,0.16553187,0.16604854,0.16657177,0.16709757,0.16762207,0.16814138,0.16865148,0.16914852,0.16962856,0.1700877,0.17052193,0.17092739,0.17130017,0.17163631,0.17193188,0.17218299,0.17238571,0.17253606,0.17263015,0.17266409,0.17263395,0.17253575,0.17236562,0.1721196,0.17179379,0.17140816,0.17098643,0.17053041,0.17004186,0.16952255,0.1689743,0.1683988,0.16779792,0.16717336,0.16652691,0.16586038,0.1651755,0.1644741,0.16375785,0.16302861,0.16228814,0.16153824,0.16078062,0.16001707,0.15924942,0.1584794,0.1577088,0.15693936,0.15617284,0.15541111,0.15465583,0.1539089,0.15317197,0.15244687,0.1517354,0.15103926,0.15036032,0.14973173,0.14918293,0.14871004,0.14830907,0.14797613,0.1477073,0.14749864,0.14734621,0.14724615,0.14719447,0.1471873,0.14722064,0.14729063,0.14739333,0.14752479
0.16164127,0.16155994,0.16149154,0.16143814,0.16140172,0.16138437,0.16138811,0.16141498,0.16146706,0.16154632,0.1616549,0.16179477,0.16196798,0.16217661,0.16242266,0.16270818,0.1630352,0.163405,0.16381483,0.16426046,0.16473779,0.16524269,0.16577101,0.16631863,0.1668814,0.1674552,0.1680359,0.16861932,0.1692014,0.16977794,0.17034487,0.17089799,0.17143321,0.17194636,0.17243335,0.17289,0.17331222,0.17369583,0.17403673,0.17433074,0.17457381,0.17476171,0.17489037,0.17495567,0.17495337,0.17487946,0.17472975,0.17450006,0.17418636,0.17380778,0.1733877,0.17292812,0.17243114,0.17189875,0.17133301,0.17073597,0.17010966,0.16945611,0.16877739,0.1680755,0.16735256,0.16661054,0.1658515,0.1650775,0.16429055,0.16349272,0.16268604,0.16187257,0.16105431,0.16023335,0.15941171,0.1585914,0.15777451,0.15696308,0.1561591,0.15536469,0.15458183,0.1538126,0.15305902,0.1523231,0.15160695,0.15094475,0.15036663,0.14986843,0.14944603,0.14909528,0.1488121,0.14859228,0.14843172,0.1483263,0.14827187,0.14826427,0.14829941,0.14837316,0.14848134,0.14861983
0.16238698,0.16229501,0.16221766,0.16215728,0.16211608,0.16209647,0.1621007,0.16213112,0.16218998,0.1622796,0.16240236,0.1625605,0.16275634,0.1629922,0.1632704,0.1635932,0.16396295,0.16437937,0.16483773,0.16533373,0.165863,0.16642116,0.16700394,0.16760701,0.16822596,0.16885649,0.16949423,0.1701349,0.1707741,0.17140754,0.1720308,0.17263965,0.17322968,0.17379653,0.17433593,0.17484352,0.17531487,0.17574577,0.17613181,0.17646866,0.17675197,0.17697744,0.1771407,0.17723742,0.17726322,0.1772138,0.17708482,0.17687193,0.17657082,0.17619987,0.17578198,0.17531946,0.17481463,0.17426977,0.1736872,0.17306925,0.17241819,0.17173637,0.1710261,0.17028962,0.16952927,0.16874744,0.16794632,0.16712826,0.16629565,0.16545065,0.16459568,0.16373302,0.16286497,0.16199386,0.16112195,0.16025154,0.15938506,0.1585247,0.1576728,0.15683168,0.15600367,0.15519102,0.15439604,0.1536211,0.1528685,0.15217337,0.15156648,0.15104352,0.1506001,0.15023191,0.14993462,0.14970388,0.14953534,0.14942467,0.14936756,0.14935958,0.14939646,0.14947386,0.14958744,0.1497328
0.16313218,0.16302961,0.16294335,0.16287598,0.16283007,0.16280816,0.16281289,0.16284679,0.16291246,0.16301244,0.16314936,0.16332576,0.16354422,0.16380727,0.16411757,0.16447766,0.1648901,0.16535304,0.16585992,0.16640618,0.16698734,0.16759871,0.16823588,0.16889425,0.16956925,0.17025642,0.17095117,0.1716489,0.17234518,0.17303534,0.1737149,0.17437935,0.17502408,0.17564459,0.1762363,0.17679468,0.17731524,0.17779331,0.17822446,0.1786041,0.17892767,0.17919067,0.17938852,0.1795167,0.17957065,0.17954579,0.17943765,0.17924164,0.17895323,0.17859006,0.17817453,0.17770916,0.1771967,0.17663951,0.1760403,0.17540158,0.17472598,0.17401603,0.17327432,0.17250344,0.17170595,0.17088442,0.17004141,0.16917956,0.16830136,0.16740946,0.16650641,0.16559473,0.16467708,0.16375595,0.162834,0.16191377,0.16099782,0.16008875,0.1591891,0.15830149,0.15742844,0.15657257,0.15573645,0.15492266,0.15413375,0.15340585,0.15277039,0.15222272,0.15175845,0.15137291,0.15106161,0.15081999,0.15064351,0.15052763,0.15046778,0.15045945,0.15049809,0.15057911,0.15069804,0.15085027
0.1638783,0.16376509,0.1636699,0.16359554,0.16354483,0.16352068,0.1635259,0.16356331,0.16363579,0.16374613,0.16389723,0.16409193,0.16433305,0.16462341,0.16496584,0.16536327,0.16581845,0.16632804,0.16688356,0.16748025,0.16811338,0.16877814,0.16946986,0.1701838,0.1709151,0.17165905,0.17241095,0.17316604,0.17391951,0.17466669,0.17540275,0.17612295,0.17682259,0.17749688,0.17814112,0.17875047,0.17932022,0.17984566,0.18032198,0.18074445,0.18110836,0.18140887,0.1816413,0.18180089,0.18188286,0.18188249,0.18179499,0.18161564,0.1813397,0.18098398,0.18057054,0.18010212,0.17958158,0.1790118,0.17839561,0.17773584,0.17703533,0.17629692,0.17552346,0.17471778,0.17388275,0.17302121,0.17213595,0.17122984,0.17030579,0.16936654,0.16841498,0.16745394,0.16648628,0.16551481,0.16454244,0.1635719,0.16260615,0.16164796,0.16070019,0.15976566,0.15884727,0.15794782,0.15707015,0.15621711,0.15539156,0.15463054,0.15396616,0.15339367,0.15290822,0.15250516,0.15217972,0.1519271,0.1517426,0.15162145,0.15155889,0.15155016,0.15159054,0.1516753,0.15179959,0.15195876
0.16462661,0.16450271,0.16439854,0.16431713,0.16426168,0.16423523,0.16424093,0.16428189,0.16436122,0.16448198,0.16464736,0.16486041,0.16512425,0.16544203,0.16581683,0.16625172,0.16674992,0.1673064,0.16791084,0.16855828,0.1692438,0.16996238,0.17070913,0.17147902,0.17226711,0.1730684,0.173878,0.17469089,0.17550214,0.17630678,0.17709981,0.17787631,0.17863132,0.17935984,0.18005691,0.18071763,0.18133697,0.18190996,0.1824317,0.1828972,0.18330145,0.18363953,0.18390648,0.18409732,0.18420708,0.18423086,0.18416362,0.18400043,0.18373632,0.18338746,0.1829753,0.18250306,0.18197377,0.18139055,0.1807566,0.18007493,0.17934865,0.17858091,0.17777482,0.17693344,0.17605998,0.17515746,0.174229,0.17327777,0.17230682,0.1713193,0.17031829,0.16930692,0.16828829,0.1672655,0.1662417,0.16521995,0.16420339,0.16319512,0.16219826,0.1612159,0.16025116,0.1593072,0.15838708,0.15749387,0.15663075,0.15583582,0.15514182,0.15454374,0.15403666,0.15361561,0.15327562,0.15301177,0.15281902,0.15269247,0.15262713,0.15261799,0.1526602,0.15274872,0.15287858,0.15304483
0.16537845,0.1652438,0.16513054,0.16504207,0.16498178,0.16495304,0.16495924,0.16500373,0.16508996,0.16522124,0.16540098,0.16563256,0.16591936,0.16626474,0.16667211,0.16714482,0.16768631,0.16829005,0.16894391,0.16964267,0.17038119,0.17115426,0.17195672,0.17278337,0.17362902,0.17448846,0.1753566,0.17622815,0.17709799,0.17796092,0.17881174,0.1796453,0.18045639,0.18123984,0.18199044,0.18270303,0.18337245,0.18399346,0.18456092,0.18506964,0.18551445,0.18589012,0.1861915,0.18641339,0.18655062,0.186598,0.18655035,0.18640244,0.18614921,0.185806,0.1853941,0.18491678,0.18437752,0.18377967,0.18312658,0.18242167,0.18166828,0.18086983,0.18002969,0.17915122,0.17823784,0.17729288,0.17631978,0.17532189,0.17430256,0.17326519,0.1722132,0.17114992,0.17007877,0.1690031,0.1679263,0.16685177,0.16578288,0.164723,0.16367552,0.16264378,0.16163123,0.16064118,0.1596771,0.15874228,0.15784016,0.15700993,0.15628509,0.15566048,0.15513091,0.15469117,0.1543361,0.15406051,0.15385921,0.15372704,0.15365878,0.15364926,0.15369335,0.15378578,0.15392143,0.15409507
0.16613512,0.16598955,0.16586716,0.16577156,0.16570638,0.16567533,0.16568203,0.16573013,0.16582331,0.16596521,0.1661595,0.16640976,0.16671972,0.16709305,0.16753332,0.16804427,0.16862948,0.16928105,0.16998497,0.17073584,0.17152819,0.17235667,0.17321587,0.1741003,0.17500459,0.17592332,0.1768511,0.17778248,0.17871203,0.17963438,0.18054408,0.18143575,0.18230395,0.18314324,0.18394826,0.18471354,0.18543373,0.18610333,0.18671702,0.18726932,0.1877548,0.18816811,0.18850376,0.18875639,0.18892056,0.18899088,0.1889619,0.18882823,0.18858445,0.18824543,0.1878321,0.18734814,0.1867972,0.18618293,0.185509,0.18477902,0.18399666,0.18316558,0.18228947,0.18137191,0.18041661,0.17942719,0.17840734,0.17736071,0.17629093,0.17520162,0.17409654,0.1729792,0.17185341,0.17072274,0.16959083,0.16846137,0.16733797,0.16622438,0.16512407,0.16404092,0.16297844,0.16194032,0.1609302,0.15995178,0.15900864,0.15814127,0.157384,0.15673143,0.15617813,0.15571873,0.15534778,0.15505986,0.15484954,0.15471146,0.15464015,0.15463023,0.15467623,0.15477283,0.15491456,0.15509595
0.16689794,0.16674137,0.16660966,0.16650683,0.16643675,0.16640332,0.16641054,0.16646229,0.16656251,0.16671517,0.16692412,0.1671934,0.16752684,0.16792844,0.16840208,0.16895173,0.1695813,0.17028137,0.17103621,0.17184012,0.17268741,0.17357247,0.1744896,0.17543319,0.17639752,0.17737694,0.17836581,0.17935845,0.1803492,0.18133241,0.1823024,0.18325353,0.18418008,0.18507649,0.18593697,0.186756,0.1875278,0.18824679,0.18890725,0.1895035,0.19002995,0.19048093,0.19085073,0.1911337,0.1913242,0.19141656,0.1914051,0.19128418,0.19104812,0.19071132,0.19029464,0.18980192,0.18923715,0.18860425,0.18790719,0.18714981,0.18633612,0.18547,0.18455543,0.18359627,0.18259649,0.18156007,0.18049085,0.17939283,0.17826991,0.17712604,0.17596512,0.1747911,0.17360792,0.17241946,0.17122975,0.1700426,0.16886202,0.16769193,0.16653627,0.16539894,0.1642839,0.16319503,0.1621363,0.16111167,0.160125,0.15921812,0.15842633,0.15774405,0.15716554,0.1566852,0.15629737,0.15599631,0.15577644,0.15563206,0.15555751,0.15554711,0.15559524,0.15569623,0.15584438,0.15603407
0.16766824,0.16750045,0.1673594,0.16724916,0.16717404,0.16713825,0.16714598,0.16720144,0.16730884,0.1674724,0.1676963,0.16798483,0.16834214,0.16877246,0.16928,0.16986899,0.17054358,0.17129308,0.1720998,0.17295791,0.17386147,0.17480452,0.17578116,0.1767855,0.17781152,0.17885338,0.17990512,0.18096077,0.18201447,0.18306027,0.18409225,0.18510444,0.18609098,0.1870459,0.18796329,0.1888372,0.18966173,0.19043097,0.19113892,0.19177973,0.19234742,0.1928361,0.19323982,0.19355269,0.19376874,0.19388206,0.19388671,0.19377677,0.19354634,0.19320944,0.1927869,0.19228293,0.19170175,0.19104755,0.19032456,0.18953699,0.18868901,0.18778491,0.18682888,0.18582506,0.18477777,0.18369117,0.18256943,0.18141682,0.18023756,0.1790358,0.1778158,0.17658176,0.17533788,0.17408842,0.17283751,0.17158945,0.17034839,0.16911858,0.16790418,0.16670947,0.16553862,0.16439584,0.16328534,0.16221136,0.16117808,0.16022882,0.15940005,0.15868588,0.15808034,0.15757756,0.15717156,0.15685649,0.15662628,0.15647516,0.15639713,0.15638626,0.15643662,0.15654235,0.15669739,0.15689595
0.16844736,0.16826817,0.16811745,0.16799976,0.16791955,0.16788131,0.16788954,0.1679488,0.16806349,0.16823818,0.16847736,0.16878547,0.16916709,0.16962665,0.17016871,0.17079772,0.17151822,0.17231801,0.1731779,0.17409162,0.17505294,0.17605571,0.1770937,0.17816061,0.17925036,0.1803567,0.1814733,0.18259409,0.18371284,0.18482326,0.1859192,0.18699446,0.18804276,0.18905796,0.19003376,0.19096404,0.19184256,0.19266309,0.1934194,0.19410534,0.19471465,0.19524108,0.19567853,0.19602066,0.19626139,0.19639434,0.19641349,0.19631249,0.19608517,0.1957454,0.19531414,0.19479594,0.19419526,0.19351661,0.19276448,0.19194338,0.19105782,0.19011225,0.18911119,0.18805918,0.1869607,0.18582019,0.18464223,0.1834313,0.1821918,0.18092838,0.17964545,0.17834753,0.17703909,0.17572467,0.17440873,0.17309585,0.17179042,0.17049696,0.16922006,0.1679641,0.16673368,0.16553317,0.16436721,0.16324021,0.16215672,0.16116168,0.16029297,0.15954436,0.15890966,0.15838264,0.15795708,0.1576268,0.15738554,0.15722713,0.15714529,0.15713392,0.15718675,0.15729752,0.15746008,0.1576682
0.16923657,0.16904573,0.16888528,0.1687599,0.16867447,0.16863376,0.16864252,0.16870558,0.16882776,0.16901378,0.1692685,0.16959667,0.17000309,0.17049253,0.1710698,0.17173974,0.17250705,0.17335835,0.1742727,0.17524359,0.17626452,0.17732887,0.17843024,0.17956203,0.1807177,0.18189077,0.18307474,0.18426305,0.18544918,0.18662661,0.18778884,0.18892929,0.19004151,0.19111893,0.19215508,0.19314334,0.19407728,0.19495034,0.19575599,0.19648774,0.19713905,0.19770336,0.1981742,0.19854504,0.19880936,0.19896059,0.19899224,0.19889781,0.19867074,0.19832492,0.19788165,0.19734578,0.19672209,0.19601533,0.19523033,0.1943719,0.19344479,0.19245379,0.19140369,0.19029932,0.18914546,0.18794687,0.18670835,0.18543468,0.18413071,0.18280116,0.18145089,0.18008459,0.17870718,0.17732333,0.17593789,0.17455566,0.17318143,0.17181996,0.17047602,0.16915448,0.16786009,0.1665976,0.16537185,0.16418764,0.16304973,0.16200508,0.161093,0.16030706,0.1596407,0.15908736,0.1586406,0.15829384,0.15804054,0.1578742,0.15778832,0.15777637,0.15783183,0.15794815,0.1581188,0.1583373
0.17003722,0.16983446,0.16966398,0.1695308,0.16944,0.16939674,0.16940612,0.1694731,0.1696029,0.16980053,0.17007115,0.17041981,0.1708516,0.17137161,0.17198493,0.17269666,0.1735119,0.17441599,0.1753864,0.17641628,0.17749874,0.17862691,0.17979398,0.18099305,0.1822173,0.1834598,0.1847138,0.18597229,0.1872285,0.18847561,0.18970671,0.19091493,0.19209342,0.19323534,0.19433379,0.19538197,0.19637294,0.19729991,0.19815604,0.19893435,0.1996281,0.20023036,0.20073433,0.20113312,0.20141983,0.20158766,0.20162974,0.20153917,0.20130916,0.20095365,0.20049466,0.19993725,0.19928655,0.19854762,0.19772555,0.19682543,0.19585235,0.19481143,0.19370773,0.19254632,0.19133234,0.19007084,0.18876694,0.18742572,0.18605223,0.18465161,0.18322894,0.1817893,0.18033776,0.17887948,0.17741951,0.17596288,0.17451477,0.1730802,0.17166434,0.17027222,0.16890892,0.16757955,0.16628921,0.165043,0.16384599,0.16274726,0.16178806,0.16096146,0.16026065,0.15967873,0.15920882,0.15884411,0.15857771,0.1584028,0.15831248,0.15829991,0.15835819,0.15848051,0.15866002,0.15888983
0.17085066,0.1706357,0.1704549,0.17031372,0.17021747,0.1701716,0.17018151,0.17025255,0.17039014,0.17059973,0.17088664,0.17125629,0.1717141,0.17226543,0.1729157,0.1736703,0.17453463,0.17549299,0.17652118,0.17761202,0.17875826,0.17995271,0.1811881,0.18245724,0.18375286,0.18506774,0.18639469,0.18772645,0.18905582,0.19037554,0.19167839,0.19295713,0.19420457,0.19541349,0.19657658,0.1976867,0.1987366,0.19971903,0.20062679,0.20145261,0.2021893,0.20282961,0.20336635,0.20379224,0.20410012,0.20428269,0.20433275,0.2042431,0.20400648,0.20363729,0.2031584,0.20257516,0.20189299,0.20111729,0.20025346,0.19930685,0.19828291,0.197187,0.19602455,0.19480094,0.19352156,0.19219181,0.1908171,0.18940282,0.18795437,0.18647712,0.18497647,0.18345787,0.18192664,0.18038824,0.17884804,0.17731144,0.17578381,0.17427059,0.17277716,0.1713089,0.16987123,0.16846953,0.1671092,0.16579565,0.16453427,0.16337664,0.16236599,0.16149507,0.16075665,0.16014352,0.15964845,0.15926415,0.1589835,0.1587992,0.15870403,0.15869077,0.1587522,0.15888111,0.15907022,0.15931234
0.17162043,0.17139383,0.1712033,0.1710545,0.17095304,0.17090467,0.17091513,0.17099002,0.17113504,0.17135593,0.17165834,0.17204799,0.1725305,0.17311159,0.17379701,0.17459238,0.17550342,0.17651337,0.17759667,0.17874573,0.179953,0.18121083,0.18251166,0.18384793,0.18521199,0.18659629,0.18799324,0.18939523,0.19079472,0.1921841,0.19355574,0.19490209,0.19621558,0.19748859,0.19871354,0.19988288,0.20098892,0.20202418,0.20298101,0.20385183,0.20462908,0.20530516,0.20587249,0.20632343,0.20665045,0.20684595,0.20690237,0.206812,0.2065674,0.20618339,0.20568374,0.20507406,0.20436014,0.20354766,0.20264222,0.20164958,0.20057546,0.19942544,0.19820528,0.1969207,0.19557728,0.19418083,0.19273695,0.19125137,0.18972974,0.18817778,0.18660118,0.18500564,0.18339679,0.18178037,0.18016209,0.17854756,0.17694254,0.17535265,0.17378367,0.17224117,0.17073093,0.1692586,0.16782992,0.16645049,0.16512607,0.16391073,0.16284963,0.16193523,0.16116,0.16051629,0.15999648,0.15959305,0.1592984,0.15910488,0.15900496,0.15899105,0.15905555,0.15919091,0.15938942,0.15964365
0.1722925,0.1720558,0.1718567,0.17170122,0.17159523,0.17154472,0.1715556,0.17163385,0.17178538,0.17201614,0.1723321,0.17273918,0.17324327,0.17385039,0.17456646,0.17539743,0.17634922,0.17740425,0.17853566,0.17973556,0.18099605,0.18230921,0.18366723,0.18506205,0.18648587,0.18793076,0.18938883,0.1908522,0.19231287,0.19376302,0.19519475,0.19660015,0.19797127,0.19930027,0.20057921,0.20180018,0.2029553,0.20403667,0.20503637,0.20594649,0.20675917,0.20746644,0.20806044,0.20853333,0.20887707,0.20908383,0.20914571,0.20905481,0.2088032,0.20840625,0.20788844,0.20725572,0.20651412,0.20566946,0.20472772,0.20369495,0.20257694,0.20137972,0.2001092,0.19877134,0.19737202,0.1959173,0.19441305,0.19286521,0.19127974,0.18966256,0.18801965,0.18635689,0.18468031,0.18299581,0.1813093,0.17962676,0.17795415,0.17629735,0.17466237,0.1730551,0.1714815,0.16994753,0.16845912,0.16702221,0.16564274,0.16437696,0.16327187,0.16231954,0.16151217,0.1608417,0.16030036,0.1598802,0.15957332,0.1593718,0.1592677,0.15925322,0.15932038,0.15946135,0.15966815,0.15993288
0.17287162,0.17262615,0.17241974,0.1722585,0.17214864,0.17209624,0.17210755,0.17218868,0.17234579,0.17258509,0.17291272,0.17333479,0.17385752,0.17448702,0.17522953,0.17609115,0.1770781,0.17817192,0.17934482,0.1805885,0.18189488,0.18325582,0.18466298,0.1861083,0.18758364,0.18908077,0.1905915,0.19210765,0.19362114,0.19512367,0.19660717,0.19806343,0.19948426,0.20086145,0.20218691,0.20345242,0.20464984,0.20577092,0.20680754,0.20775154,0.20859474,0.20932893,0.20994593,0.21043763,0.21079583,0.21101229,0.21107893,0.2109875,0.21072991,0.21032174,0.20978834,0.20913576,0.20837025,0.20749792,0.20652494,0.2054575,0.20430171,0.20306379,0.20174985,0.20036608,0.19891867,0.1974137,0.1958574,0.19425592,0.19261543,0.19094206,0.18924199,0.1875214,0.18578638,0.18404317,0.1822979,0.18055679,0.17882591,0.17711143,0.17541958,0.1737565,0.1721283,0.1705412,0.16900133,0.16751486,0.16608799,0.16477872,0.1636357,0.16265073,0.1618156,0.16112217,0.16056225,0.16012761,0.15981022,0.15960178,0.15949413,0.15947916,0.15954864,0.15969442,0.1599083,0.16018213
0.17336263,0.17310977,0.17289713,0.17273104,0.17261781,0.17256388,0.1725755,0.17265908,0.17282097,0.17306748,0.17340495,0.1738398,0.17437828,0.17502683,0.17579173,0.17667934,0.17769606,0.17882283,0.18003088,0.18131171,0.18265702,0.18405831,0.18550725,0.18699542,0.18851437,0.19005577,0.19161116,0.19317214,0.19473033,0.19627735,0.1978047,0.19930407,0.20076701,0.20218512,0.20355003,0.2048533,0.20608652,0.2072413,0.20830926,0.20928195,0.21015102,0.21090801,0.21154453,0.21205223,0.21242262,0.21264733,0.21271801,0.21262616,0.21236345,0.21194583,0.21139921,0.21072976,0.20994401,0.20904818,0.2080487,0.20695189,0.20576404,0.20449163,0.2031409,0.20171821,0.20022994,0.19868244,0.197082,0.19543505,0.1937479,0.19202687,0.19027837,0.18850866,0.18672414,0.18493119,0.18313612,0.18134525,0.179565,0.17780167,0.1760616,0.17435117,0.1726767,0.17104453,0.16946106,0.16793257,0.16646546,0.16511941,0.16394424,0.16293152,0.1620729,0.16135995,0.16078424,0.16033746,0.16001104,0.15979676,0.1596861,0.15967071,0.15974212,0.15989202,0.16011192,0.16039345
0.17377034,0.17351134,0.1732935,0.17312336,0.17300743,0.17295216,0.1729641,0.1730497,0.1732155,0.17346801,0.17381369,0.1742591,0.17481071,0.17547502,0.17625855,0.17716774,0.17820919,0.17936328,0.1806005,0.1819122,0.1832898,0.18472467,0.1862083,0.187732,0.18928723,0.19086537,0.19245782,0.19405603,0.19565134,0.1972352,0.19879904,0.20033424,0.20183215,0.20328423,0.20468187,0.20601648,0.20727949,0.20846225,0.2095562,0.21055274,0.21144328,0.21221921,0.21287195,0.21339287,0.21377346,0.21400501,0.21407901,0.21398683,0.21371986,0.2132944,0.21273673,0.21205333,0.21125075,0.2103354,0.20931394,0.20819272,0.20697834,0.20567723,0.20429595,0.20284098,0.20131877,0.19973591,0.19809885,0.19641413,0.19468825,0.19292766,0.19113888,0.18932843,0.18750282,0.18566857,0.18383212,0.182,0.1801787,0.17837481,0.17659469,0.1748449,0.17313205,0.1714625,0.16984276,0.16827942,0.16677894,0.16540228,0.16420038,0.16316468,0.16228652,0.16155733,0.1609686,0.16051163,0.16017783,0.15995869,0.15984552,0.15982974,0.1599028,0.16005608,0.160281,0.16056894
0.17409958,0.1738356,0.1736136,0.17344019,0.17332202,0.17326568,0.17327784,0.1733651,0.17353407,0.17379142,0.17414376,0.1745977,0.17515986,0.17583692,0.17663547,0.17756213,0.17862353,0.17979969,0.18106048,0.1823971,0.18380074,0.18526274,0.18677437,0.18832676,0.18991122,0.19151907,0.1931415,0.19476976,0.19639505,0.19800872,0.199602,0.20116605,0.20269221,0.20417172,0.2055958,0.20695572,0.20824277,0.2094481,0.21056308,0.21157886,0.2124867,0.21327795,0.21394375,0.21447542,0.21486415,0.21510127,0.21517792,0.21508549,0.21481512,0.2143833,0.21381673,0.21312207,0.21230587,0.21137485,0.21033555,0.20919466,0.20795879,0.20663457,0.20522861,0.20374754,0.20219798,0.20058656,0.19891994,0.19720472,0.19544752,0.19365498,0.19183375,0.18999037,0.1881316,0.18626393,0.18439409,0.18252869,0.18067427,0.17883758,0.17702514,0.17524366,0.1734997,0.17179996,0.17015098,0.16855949,0.16703203,0.16563067,0.16440721,0.16335294,0.16245902,0.16171679,0.16111745,0.1606523,0.16031253,0.16008943,0.15997422,0.1599582,0.16003257,0.16018859,0.16041753,0.16071062
0.17435509,0.1740873,0.17386204,0.17368609,0.17356618,0.17350902,0.17352137,0.17360988,0.17378134,0.17404243,0.17439994,0.1748605,0.17543091,0.17611782,0.17692803,0.17786819,0.17894512,0.18013842,0.18141748,0.1827734,0.18419735,0.1856804,0.18721372,0.1887884,0.19039561,0.19202647,0.19367214,0.19532366,0.19697228,0.19860908,0.20022519,0.20181169,0.20335975,0.20486058,0.20630516,0.20768473,0.20899041,0.21021327,0.21134453,0.21237522,0.21329662,0.21409969,0.21477568,0.21531565,0.21571077,0.21595217,0.21603093,0.21593823,0.21566524,0.21522845,0.21465501,0.21395156,0.21312487,0.2121816,0.21112852,0.20997234,0.20871979,0.20737758,0.20595247,0.20445114,0.20288035,0.2012468,0.19955724,0.19781834,0.19603685,0.19421956,0.19237307,0.19050416,0.18861963,0.18672605,0.18483028,0.182939,0.18105891,0.17919677,0.17735927,0.17555311,0.17378514,0.1720619,0.17039025,0.16877688,0.16722846,0.16580793,0.16456778,0.16349903,0.16259296,0.16184054,0.161233,0.16076146,0.16041707,0.16019088,0.16007411,0.16005784,0.16013324,0.16029139,0.1605235,0.16082059
0.17454173,0.17427108,0.17404349,0.1738657,0.17374448,0.17368679,0.17369923,0.1737887,0.17396195,0.17422579,0.17458701,0.17505243,0.17562883,0.17632295,0.1771417,0.17809173,0.17918,0.18038586,0.18167828,0.1830483,0.18448699,0.18598542,0.18753462,0.18912558,0.1907494,0.19239707,0.19405968,0.19572826,0.19739388,0.19904758,0.20068032,0.20228323,0.20384735,0.20536368,0.20682326,0.20821719,0.20953648,0.21077217,0.21191533,0.212957,0.21388815,0.2146999,0.21538329,0.21592934,0.21632908,0.21657363,0.21665394,0.21656106,0.21628614,0.21584581,0.2152673,0.21455745,0.21372299,0.21277082,0.21170768,0.21054037,0.20927563,0.20792033,0.20648122,0.20496507,0.20337878,0.20172907,0.20002268,0.1982665,0.19646731,0.19463186,0.19276698,0.19087943,0.18897603,0.1870636,0.18514888,0.18323871,0.18133985,0.17945911,0.17760327,0.17577916,0.17399351,0.17225322,0.17056501,0.16893563,0.16737196,0.16593745,0.16468501,0.16360578,0.16269068,0.1619309,0.1613174,0.16084121,0.16049337,0.160265,0.16014709,0.16013065,0.1602068,0.16036654,0.16060089,0.1609009
0.17466429,0.17439178,0.17416264,0.17398365,0.17386161,0.17380351,0.17381601,0.17390612,0.17408057,0.17434621,0.17470989,0.17517848,0.1757588,0.17645769,0.177282,0.17823859,0.17933422,0.1805483,0.18184946,0.1832288,0.18467721,0.18618573,0.18774533,0.189347,0.19098172,0.19264044,0.19431418,0.19599397,0.1976707,0.19933552,0.2009792,0.20259286,0.2041675,0.20569405,0.20716351,0.20856683,0.20989506,0.21113917,0.21229015,0.21333894,0.21427661,0.21509404,0.2157823,0.21633233,0.21673511,0.21698172,0.21706302,0.21697009,0.21669386,0.21625113,0.21566935,0.21495531,0.21411581,0.21315779,0.21208802,0.21091333,0.20964064,0.2082767,0.20682842,0.20530257,0.20370606,0.20204572,0.20032834,0.19856082,0.19674997,0.19490263,0.19302562,0.19112585,0.1892101,0.18728523,0.18535809,0.18343551,0.18152432,0.1796314,0.17776354,0.1759276,0.1741304,0.17237887,0.17067972,0.1690399,0.1674662,0.16602245,0.164762,0.16367587,0.16275494,0.16199027,0.16137281,0.16089356,0.16054353,0.16031368,0.16019501,0.16017848,0.16025509,0.16041584,0.16065168,0.16095367
0.17472754,0.17445414,0.17422417,0.17404453,0.17392212,0.17386375,0.17387633,0.17396672,0.17414176,0.17440835,0.17477334,0.17524356,0.17582592,0.17652726,0.17735447,0.17831442,0.1794139,0.1806322,0.1819379,0.18332198,0.18477544,0.18628919,0.18785414,0.18946129,0.19110163,0.1927661,0.19444561,0.19613114,0.19781372,0.19948417,0.20113355,0.2027528,0.20433283,0.20586462,0.20733917,0.20874737,0.21008025,0.2113287,0.21248366,0.21353619,0.21447717,0.21529754,0.21598835,0.21654044,0.21694478,0.21719241,0.21727425,0.21718128,0.21690437,0.21646045,0.21587694,0.2151607,0.21431863,0.2133576,0.2122844,0.21110591,0.20982909,0.20846073,0.20700768,0.20547684,0.20387508,0.20220923,0.20048615,0.1987128,0.19689593,0.19504243,0.1931592,0.1912531,0.189331,0.1873997,0.18546613,0.18353711,0.1816196,0.17972033,0.17784625,0.17600425,0.17420109,0.1724437,0.17073897,0.16909373,0.16751483,0.16606636,0.16480176,0.16371201,0.16278808,0.16202092,0.16140142,0.1609206,0.16056944,0.16033882,0.16021973,0.16020317,0.16028003,0.16044132,0.16067792,0.16098092
0.17473638,0.17446281,0.17423274,0.174053,0.17393053,0.17387214,0.17388472,0.17397518,0.1741503,0.174417,0.17478217,0.17525266,0.17583527,0.17653695,0.17736456,0.17832491,0.17942497,0.18064384,0.18195023,0.18333499,0.18478912,0.18630356,0.18786927,0.18947722,0.19111834,0.19278358,0.1944639,0.19615026,0.1978336,0.19950487,0.20115505,0.20277502,0.20435585,0.20588839,0.20736362,0.20877253,0.210106,0.21135506,0.21251065,0.21356365,0.21450506,0.21532586,0.216017,0.21656942,0.21697398,0.21722178,0.21730368,0.21721067,0.21693368,0.2164896,0.21590586,0.21518934,0.21434689,0.2133854,0.21231173,0.21113274,0.20985532,0.20848633,0.20703264,0.20550112,0.20389862,0.20223199,0.20050816,0.19873393,0.19691624,0.1950619,0.1931778,0.19127081,0.18934779,0.18741563,0.18548116,0.18355127,0.18163282,0.17973271,0.17785779,0.1760149,0.17421094,0.17245275,0.17074719,0.16910121,0.16752161,0.16607249,0.16480732,0.16371706,0.16279273,0.16202517,0.16140541,0.16092436,0.16057302,0.16034232,0.16022317,0.1602066,0.1602835,0.16044484,0.1606816,0.1609847
0.17469555,0.17442258,0.17419298,0.17401369,0.1738915,0.17383324,0.17384583,0.17393601,0.17411076,0.17437689,0.17474121,0.17521062,0.17579192,0.17649207,0.17731778,0.17827599,0.17937355,0.1805897,0.18189314,0.18327482,0.18472569,0.1862368,0.18779904,0.18940341,0.19104087,0.19270247,0.1943791,0.1960617,0.19774131,0.19940889,0.20105542,0.20267181,0.20424911,0.20577826,0.2072502,0.208656,0.2099865,0.21123274,0.2123857,0.21343632,0.2143756,0.21519454,0.21588401,0.21643506,0.21683861,0.21708573,0.21716735,0.21707432,0.21679778,0.21635446,0.21577181,0.21505667,0.21421593,0.2132564,0.21218498,0.21100843,0.20973366,0.20836756,0.2069169,0.2053886,0.2037895,0.20212641,0.20040627,0.19863583,0.19682203,0.19497162,0.1930916,0.19118868,0.18926978,0.18734173,0.18541145,0.18348567,0.18157132,0.17967531,0.17780437,0.17596541,0.1741653,0.17241086,0.17070897,0.16906646,0.16749018,0.16604412,0.16478163,0.16369373,0.1627713,0.16200538,0.16138694,0.16090691,0.1605563,0.16032608,0.16020723,0.16019067,0.16026741,0.1604284,0.16066468,0.1609671
0.17460983,0.17433815,0.17410968,0.1739312,0.1738096,0.17375161,0.17376411,0.17385395,0.17402783,0.1742927,0.17465527,0.17512245,0.17570105,0.17639783,0.17721966,0.17817335,0.17926568,0.18047611,0.1817734,0.1831486,0.18459268,0.18609671,0.18765168,0.18924859,0.19087845,0.19253227,0.1942011,0.19587591,0.19754769,0.19920751,0.20084637,0.20245527,0.2040252,0.20554723,0.20701228,0.20841144,0.20973575,0.21097606,0.21212359,0.21316917,0.21410397,0.21491887,0.21560495,0.21615322,0.21655467,0.21680032,0.21688122,0.21678832,0.21651264,0.21607102,0.21549065,0.21477845,0.21394125,0.2129858,0.21191898,0.21074755,0.20947842,0.20811829,0.20667413,0.20515259,0.20356059,0.20190495,0.2001925,0.19843002,0.19662434,0.19478229,0.19291067,0.19101633,0.1891061,0.18718676,0.18526512,0.18334807,0.18144232,0.17955483,0.1776923,0.17586163,0.17406958,0.172323,0.17062873,0.16899355,0.16742432,0.16598469,0.16472782,0.1636447,0.16272639,0.16196388,0.1613482,0.16087028,0.16052127,0.16029206,0.16017371,0.16015722,0.1602336,0.16039392,0.16062911,0.16093023
0.17448407,0.17421427,0.17398742,0.1738102,0.17368941,0.17363186,0.17364429,0.17373344,0.17390615,0.17416912,0.17452921,0.17499311,0.17556767,0.17625958,0.17707565,0.17802268,0.17910741,0.18030939,0.18159768,0.18296334,0.1843975,0.18589115,0.18743542,0.1890214,0.19064005,0.19228256,0.19393994,0.19560328,0.19726361,0.19891207,0.20053966,0.20213753,0.20369665,0.20520818,0.20666319,0.20805265,0.20936774,0.21059948,0.21173897,0.21277721,0.21370535,0.21451443,0.21519554,0.21573968,0.216138,0.21638156,0.2164614,0.2163686,0.21609427,0.21565503,0.21507809,0.21437022,0.21353818,0.21258877,0.21152872,0.21036483,0.20910387,0.20775262,0.20631783,0.20480631,0.2032248,0.20158002,0.19987887,0.19812801,0.19633429,0.19450445,0.19264525,0.19076346,0.18886591,0.18695933,0.18505044,0.18314609,0.18125305,0.17937805,0.17752789,0.1757093,0.17392913,0.17219411,0.17051098,0.16888656,0.16732761,0.16589741,0.16464879,0.16357279,0.1626605,0.161903,0.16129132,0.16081658,0.16046982,0.1602421,0.16012454,0.16010818,0.16018409,0.1603433,0.16057698,0.1608761
0.17432304,0.1740557,0.17383087,0.17365526,0.17353557,0.17347851,0.17349082,0.17357917,0.17375034,0.17401099,0.1743678,0.17482753,0.1753969,0.1760826,0.17689133,0.17782982,0.1789048,0.18009596,0.18137273,0.18272623,0.18414764,0.18562801,0.1871586,0.18873052,0.19033487,0.19196284,0.19360559,0.19525422,0.19689992,0.19853379,0.20014699,0.20173071,0.20327602,0.20477417,0.2062162,0.20759332,0.20889667,0.21011734,0.21124655,0.2122754,0.21319506,0.21399668,0.21467133,0.21521027,0.21560457,0.21584547,0.21592396,0.2158313,0.21555863,0.2151225,0.2145499,0.21384756,0.21302216,0.21208043,0.21102907,0.20987484,0.20862438,0.20728445,0.20586172,0.20436293,0.2027948,0.20116402,0.19947731,0.1977414,0.19596295,0.19414872,0.19230543,0.19043975,0.1885584,0.18666811,0.18477559,0.18288752,0.1810107,0.17915173,0.17731737,0.17551431,0.17374931,0.17202906,0.17036025,0.16874959,0.16720384,0.16578571,0.16454765,0.16348071,0.16257614,0.16182503,0.16121851,0.16074778,0.16040395,0.16017815,0.1600616,0.16004536,0.1601206,0.16027851,0.16051018,0.16080682
