0.17162669,0.17154902,0.17148367,0.17143263,0.17139785,0.17138126,0.17138484,0.17141053,0.17146029,0.171536,0.17163967,0.17177327,0.17193869,0.17213795,0.17237288,0.17264558,0.17295791,0.17325865,0.17349942,0.17368637,0.17382574,0.17392376,0.17398657,0.17402045,0.1740316,0.17402615,0.17401034,0.17399046,0.17397259,0.17396301,0.17396793,0.17399353,0.17404602,0.17413162,0.17425652,0.17442691,0.17464904,0.17492911,0.17527328,0.1756878,0.1761789,0.1767527,0.17741548,0.17817345,0.17903277,0.17999965,0.18108033,0.182281,0.18360786,0.18497941,0.18631133,0.18760552,0.188864,0.19008861,0.19128141,0.1924443,0.19357927,0.19468817,0.19577308,0.1968359,0.19787852,0.19890298,0.19991116,0.20090507,0.20188661,0.20285778,0.20382042,0.20477663,0.20572828,0.20667729,0.2076257,0.2085754,0.20952831,0.21048644,0.21145174,0.21242614,0.21341157,0.21441004,0.21542343,0.2164537,0.21750286,0.2184969,0.21936476,0.22011264,0.22074673,0.22127323,0.22169836,0.22202832,0.22226934,0.2224276,0.22250932,0.22252071,0.22246796,0.22235729,0.22219487,0.22198696
0.17166764,0.17158526,0.17151599,0.1714619,0.171425,0.17140745,0.17141122,0.17143849,0.17149119,0.17157146,0.1716814,0.17182301,0.17199841,0.17220967,0.17245877,0.1727479,0.17307904,0.17340013,0.17366175,0.17387013,0.1740313,0.1741515,0.17423685,0.1742935,0.17432761,0.17434534,0.17435277,0.17435612,0.17436153,0.17437512,0.17440307,0.17445156,0.17452665,0.17463453,0.17478137,0.17497332,0.1752165,0.17551708,0.1758812,0.17631505,0.17682475,0.17741638,0.1780962,0.1788703,0.17974487,0.180726,0.18181987,0.18303266,0.18437049,0.18575117,0.18708979,0.18838847,0.18964924,0.19087416,0.19206531,0.19322477,0.1943546,0.19545686,0.19653359,0.19758691,0.19861889,0.19963153,0.20062698,0.20160726,0.20257445,0.20353056,0.20447773,0.20541804,0.20635352,0.20728622,0.20821826,0.20915167,0.21008854,0.21103089,0.21198083,0.21294044,0.21391176,0.21489684,0.21589778,0.21691664,0.21795548,0.21894045,0.21980035,0.22054142,0.22116968,0.22169137,0.22211264,0.22243959,0.22267836,0.2228352,0.22291617,0.22292744,0.22287518,0.2227655,0.2226046,0.2223986
0.17170206,0.17161573,0.17154318,0.1714865,0.17144787,0.17142946,0.17143342,0.17146197,0.1715172,0.17160133,0.1717165,0.1718649,0.17204867,0.17226999,0.17253102,0.17283396,0.17318091,0.1735191,0.1737983,0.17402464,0.17420419,0.17434305,0.17444733,0.17452314,0.17457654,0.17461373,0.17464073,0.17466366,0.17468861,0.17472172,0.17476903,0.17483671,0.17493083,0.17505749,0.17522281,0.17543283,0.17569377,0.17601159,0.17639251,0.17684257,0.17736788,0.17797457,0.17866868,0.17945635,0.18034373,0.18133685,0.18244185,0.18366481,0.18501183,0.1864002,0.18774448,0.18904693,0.19030963,0.19153479,0.19272459,0.19388115,0.19500662,0.19610326,0.19717318,0.19821852,0.19924152,0.20024426,0.20122898,0.20219776,0.20315285,0.20409642,0.20503055,0.20595747,0.20687939,0.20779838,0.20871663,0.20963633,0.21055967,0.21148877,0.21242581,0.21337295,0.21433239,0.21530624,0.21629672,0.21730596,0.21833616,0.2193135,0.22016671,0.22090201,0.22152542,0.22204305,0.22246104,0.22278541,0.22302242,0.22317801,0.22325833,0.22326952,0.22321765,0.22310884,0.22294918,0.22274475
0.17172895,0.17163959,0.17156442,0.1715057,0.17146571,0.17144665,0.17145075,0.17148028,0.17153752,0.17162463,0.17174388,0.17189758,0.1720879,0.17231712,0.17258747,0.17290115,0.17326048,0.17361204,0.17390496,0.17414533,0.1743392,0.17449264,0.17461173,0.17470251,0.17477103,0.1748234,0.17486566,0.17490387,0.17494409,0.17499243,0.1750549,0.1751376,0.17524657,0.17538787,0.1755676,0.17579177,0.17606653,0.17639787,0.17679188,0.1772546,0.17779212,0.17841053,0.17911583,0.17991413,0.18081151,0.181814,0.18292767,0.18415858,0.1855128,0.18690714,0.18825588,0.18956125,0.19082549,0.19205081,0.19323954,0.19439381,0.19551596,0.19660819,0.19767275,0.19871192,0.19972783,0.20072284,0.20169918,0.20265906,0.2036047,0.2045384,0.20546238,0.20637888,0.20729013,0.20819838,0.20910591,0.21001492,0.21092765,0.21184641,0.21277337,0.2137108,0.21466091,0.21562605,0.21660832,0.21761009,0.2186335,0.21960483,0.22045286,0.22118369,0.22180328,0.22231777,0.22273315,0.22305559,0.22329111,0.22344576,0.22352561,0.22353674,0.22348519,0.22337703,0.22321834,0.22301517
0.17174728,0.17165585,0.17157891,0.17151882,0.17147785,0.17145833,0.17146255,0.17149279,0.17155135,0.17164052,0.17176257,0.17191987,0.17211464,0.17234921,0.17262591,0.17294696,0.1733147,0.17367536,0.17397764,0.17422758,0.17443122,0.17459461,0.17472376,0.17482474,0.17490357,0.17496628,0.17501897,0.17506757,0.17511824,0.17517693,0.17524973,0.17534265,0.17546171,0.17561302,0.17580257,0.17603642,0.17632057,0.17666109,0.17706402,0.17753541,0.17808126,0.17870764,0.17942059,0.18022613,0.18113032,0.18213919,0.18325879,0.18449509,0.18585423,0.18725266,0.18860443,0.18991177,0.19117704,0.1924025,0.19359048,0.19474323,0.19586305,0.19695231,0.19801325,0.19904813,0.20005928,0.20104901,0.20201962,0.2029734,0.20391262,0.2048396,0.20575663,0.20666604,0.20757003,0.20847099,0.20937118,0.21027291,0.21117847,0.21209015,0.21301024,0.21394104,0.21488485,0.21584398,0.21682072,0.21781734,0.21883616,0.21980344,0.22064793,0.22137561,0.22199266,0.22250496,0.22291864,0.22323973,0.22347423,0.22362825,0.22370775,0.2237188,0.22366747,0.22355978,0.22340176,0.22319944
0.171756,0.17166354,0.17158578,0.17152508,0.17148365,0.17146395,0.17146818,0.17149875,0.17155795,0.1716481,0.17177148,0.1719305,0.17212738,0.17236455,0.17264423,0.17296879,0.17334056,0.17370556,0.17401229,0.17426682,0.1744751,0.1746432,0.17477717,0.174883,0.17496674,0.1750344,0.17509203,0.17514564,0.1752012,0.17526488,0.17534256,0.17544037,0.17556427,0.17572035,0.1759146,0.17615302,0.17644165,0.17678656,0.17719376,0.17766924,0.17821905,0.17884925,0.17956585,0.18037485,0.18128227,0.18229418,0.18341658,0.18465549,0.18601696,0.18741737,0.18877052,0.19007887,0.1913446,0.19257015,0.19375776,0.19490977,0.1960285,0.19711635,0.1981755,0.19920838,0.20021726,0.20120451,0.2021724,0.20312323,0.20405939,0.20498319,0.2058969,0.20680292,0.20770344,0.20860095,0.20949762,0.21039587,0.21129799,0.21220627,0.21312313,0.21405078,0.21499158,0.21594788,0.21692194,0.21791612,0.21893275,0.21989809,0.22074087,0.22146714,0.22208288,0.22259419,0.22300702,0.22332746,0.22356153,0.22371522,0.22379456,0.22380565,0.22375438,0.22364691,0.22348921,0.22328727
0.1717541,0.17166188,0.17158431,0.17152372,0.17148243,0.17146274,0.17146699,0.1714975,0.17155653,0.17164645,0.17176956,0.17192821,0.17212464,0.17236121,0.17264028,0.17296408,0.17333499,0.17369904,0.17400482,0.17425834,0.17446563,0.17463273,0.17476566,0.17487043,0.17495312,0.17501971,0.17507626,0.17512879,0.17518333,0.17524591,0.17532256,0.17541932,0.17554216,0.1756972,0.17589045,0.17612787,0.17641556,0.17675953,0.17716579,0.17764042,0.17818932,0.17881872,0.17953452,0.18034276,0.18124947,0.18226072,0.18338253,0.1846209,0.18598187,0.18738183,0.1887347,0.1900428,0.19130844,0.19253397,0.1937217,0.19487385,0.19599283,0.19708097,0.1981405,0.19917382,0.20018321,0.20117097,0.20213944,0.20309092,0.20402774,0.20495221,0.20586666,0.20677339,0.20767468,0.20857292,0.20947036,0.2103694,0.2112722,0.21218126,0.2130988,0.21402709,0.21496855,0.21592546,0.2169001,0.21789481,0.2189119,0.21987766,0.22072083,0.22144738,0.22206339,0.22257492,0.22298798,0.22330853,0.22354269,0.22369646,0.22377582,0.22378689,0.22373565,0.22362815,0.22347036,0.22326833
0.1717406,0.1716499,0.17157364,0.17151405,0.17147344,0.17145407,0.17145826,0.17148823,0.17154628,0.17163472,0.17175575,0.17191176,0.1721049,0.17233752,0.17261189,0.17293026,0.17329496,0.17365228,0.17395113,0.17419761,0.17439768,0.17455745,0.1746829,0.17478018,0.17485525,0.1749142,0.17496307,0.17500792,0.17505474,0.17510967,0.17517869,0.17526792,0.1753833,0.17553097,0.17571694,0.17594726,0.17622797,0.17656516,0.17696483,0.17743304,0.17797588,0.17859936,0.1793095,0.18011244,0.18101412,0.18202066,0.18313809,0.18437244,0.18572979,0.18712673,0.18847738,0.18978402,0.19104888,0.19227432,0.19346255,0.19461589,0.19573656,0.19682688,0.19788915,0.19892558,0.19993848,0.20093013,0.20190282,0.20285882,0.20380038,0.20472983,0.20564936,0.20656134,0.207468,0.20837164,0.20927449,0.21017888,0.21108703,0.2120013,0.21292388,0.21385711,0.21480323,0.21576455,0.2167433,0.21774177,0.21876231,0.21973102,0.22057684,0.22130567,0.22192359,0.22243673,0.22285101,0.22317262,0.22340746,0.2235617,0.22364137,0.22365247,0.22360103,0.22349317,0.22333491,0.22313228
0.17171441,0.17162667,0.17155291,0.1714953,0.17145604,0.17143734,0.17144138,0.17147036,0.1715265,0.171612,0.17172907,0.17187987,0.17206664,0.17229159,0.1725569,0.17286475,0.17321742,0.17356172,0.17384721,0.17408,0.17426609,0.17441162,0.17452273,0.1746054,0.17466576,0.17470987,0.17474388,0.17477381,0.17480579,0.17484586,0.17490013,0.1749747,0.17507565,0.17520902,0.1753809,0.17559744,0.17586468,0.17618874,0.17657563,0.17703152,0.17756245,0.1781745,0.17887375,0.1796663,0.18055825,0.18155567,0.18266466,0.18389124,0.18524158,0.18663268,0.18797903,0.18928279,0.1905462,0.19177143,0.19296074,0.19411625,0.19524023,0.19633482,0.19740227,0.19844478,0.19946454,0.20046374,0.2014446,0.20240934,0.2033601,0.2042991,0.20522858,0.20615074,0.20706773,0.20798178,0.20889512,0.20980996,0.21072844,0.21165279,0.2125852,0.21352787,0.21448305,0.21545292,0.21643965,0.21744545,0.21847251,0.2194471,0.22029798,0.22103116,0.22165284,0.22216903,0.22258583,0.22290933,0.22314565,0.22330077,0.2233809,0.22339207,0.22334033,0.22323185,0.22307262,0.22286879
0.17167445,0.17159134,0.17152143,0.1714668,0.17142956,0.17141184,0.17141566,0.17144315,0.17149635,0.17157741,0.1716884,0.17183135,0.17200842,0.17222165,0.17247316,0.17276503,0.17309931,0.1734238,0.17368895,0.17390084,0.17406571,0.17418961,0.17427874,0.17433919,0.17437713,0.17439874,0.17441009,0.17441733,0.1744266,0.17444411,0.17447592,0.1745282,0.17460704,0.17471871,0.17486924,0.17506477,0.17531149,0.17561552,0.17598297,0.17642003,0.17693283,0.17752746,0.17821014,0.17898692,0.17986403,0.18084754,0.18194366,0.18315844,0.1844981,0.18588032,0.1872201,0.1885195,0.18978065,0.19100562,0.1921965,0.19335538,0.19448437,0.19558547,0.19666089,0.19771263,0.19874278,0.1997535,0.20074677,0.20172477,0.20268951,0.20364319,0.20458777,0.20552543,0.2064582,0.20738815,0.20831747,0.20924814,0.21018228,0.211122,0.2120694,0.21302648,0.21399546,0.21497831,0.21597716,0.2169941,0.21803124,0.21901469,0.2198733,0.22061317,0.22124049,0.22176138,0.22218196,0.22250842,0.22274683,0.22290345,0.22298428,0.22299552,0.22294332,0.22283384,0.22267318,0.22246747
0.17161982,0.17154293,0.17147826,0.17142773,0.17139333,0.17137691,0.17138045,0.17140585,0.17145512,0.1715301,0.17163269,0.17176493,0.1719287,0.1721259,0.17235853,0.17262845,0.17293763,0.17323495,0.17347224,0.17365563,0.17379136,0.17388566,0.17394468,0.17397478,0.17398204,0.17397271,0.17395307,0.17392923,0.1739075,0.17389406,0.1738951,0.17391686,0.17396556,0.17404741,0.17416865,0.17433546,0.17455406,0.17483069,0.17517157,0.17558284,0.17607081,0.17664164,0.17730159,0.1780568,0.17891361,0.17987806,0.18095654,0.18215516,0.18348022,0.18485023,0.18618101,0.18747444,0.18873255,0.18995717,0.1911502,0.19231369,0.1934495,0.19455956,0.19564584,0.19671021,0.19775462,0.19878104,0.19979137,0.20078754,0.2017715,0.20274512,0.2037104,0.20466927,0.20562361,0.20657538,0.20752652,0.20847893,0.20943457,0.21039537,0.21136321,0.21234009,0.2133279,0.21432854,0.21534401,0.2163762,0.2174271,0.21842267,0.21929187,0.22004086,0.22067592,0.22120325,0.22162902,0.2219595,0.22220092,0.22235939,0.22244124,0.22245263,0.2223998,0.22228894,0.22212629,0.22191806
0.17154944,0.17148055,0.17142268,0.17137744,0.1713466,0.17133193,0.17133509,0.17135786,0.17140193,0.17146902,0.17156094,0.17167932,0.17182596,0.17200254,0.17221081,0.17245252,0.17272936,0.1729917,0.17319304,0.17333966,0.17343786,0.17349397,0.17351432,0.17350522,0.17347294,0.17342386,0.17336424,0.17330043,0.17323865,0.17318536,0.17314678,0.17312926,0.17313908,0.17318256,0.17326605,0.17339581,0.1735782,0.17381956,0.17412609,0.17450419,0.17496018,0.17550033,0.17613098,0.17685843,0.17768902,0.17862901,0.17968479,0.1808626,0.18216878,0.18352312,0.1848423,0.18612808,0.18738218,0.18860628,0.18980217,0.19097155,0.19211619,0.19323777,0.19433801,0.1954187,0.19648148,0.19752817,0.19856043,0.19958004,0.20058866,0.20158811,0.20258005,0.20356624,0.20454837,0.20552823,0.20650749,0.20748788,0.2084712,0.20945911,0.21045336,0.21145566,0.21246777,0.21349144,0.2145283,0.21558017,0.21664873,0.21765994,0.21854277,0.21930353,0.21994856,0.22048417,0.22091663,0.22125229,0.22149746,0.22165847,0.2217416,0.22175315,0.22169949,0.22158691,0.2214217,0.22121021
0.17146222,0.17140333,0.17135382,0.17131513,0.17128876,0.17127618,0.17127892,0.17129837,0.17133608,0.17139348,0.17147207,0.17157333,0.17169873,0.17184977,0.17202789,0.17223458,0.17247136,0.1726904,0.17284724,0.17294836,0.1730001,0.17300896,0.17298135,0.17292371,0.1728425,0.1727441,0.172635,0.17252158,0.17241035,0.17230767,0.17222002,0.17215382,0.17211549,0.17211148,0.17214823,0.17223215,0.17236967,0.17256728,0.17283136,0.17316836,0.17358474,0.17408687,0.17468128,0.17537433,0.17617244,0.17708209,0.17810974,0.17926177,0.18054463,0.18187954,0.18318436,0.18446063,0.18570979,0.18693334,0.18813269,0.1893094,0.19046497,0.19160074,0.19271836,0.19381921,0.19490474,0.19597651,0.197036,0.1980846,0.19912381,0.20015521,0.20118016,0.20220017,0.20321676,0.20423135,0.20524547,0.20626056,0.20727815,0.20829964,0.20932657,0.21036041,0.21140257,0.21245465,0.21351805,0.21459423,0.21568474,0.21671529,0.21761504,0.21839038,0.21904774,0.2195936,0.22003433,0.22037645,0.22062632,0.22079036,0.2208751,0.2208869,0.2208322,0.22071743,0.22054908,0.22033355
0.17135723,0.1713103,0.17127089,0.17124009,0.1712191,0.17120911,0.17121124,0.17122675,0.17125677,0.17130247,0.17136504,0.17144567,0.17154552,0.17166577,0.17180759,0.17197217,0.17216067,0.17232758,0.17243086,0.17247708,0.17247288,0.17242484,0.17233944,0.1722234,0.17208321,0.1719255,0.17175677,0.17158368,0.1714128,0.17125069,0.17110392,0.17097908,0.17088278,0.17082153,0.17080198,0.1708307,0.1709142,0.17105916,0.17127208,0.1715596,0.17192824,0.17238466,0.17293535,0.17358696,0.17434601,0.17521915,0.1762129,0.17733386,0.17858863,0.17990011,0.18118769,0.18245247,0.18369569,0.18491852,0.1861221,0.18730766,0.18847632,0.18962933,0.19076777,0.19189295,0.19300589,0.19410789,0.19520006,0.19628361,0.19735968,0.19842951,0.19949423,0.20055501,0.20161302,0.20266952,0.2037256,0.20478249,0.20584129,0.20690328,0.20796953,0.20904133,0.21011975,0.21120602,0.21230137,0.21340688,0.21452376,0.21557765,0.21649778,0.21729062,0.21796289,0.21852109,0.2189718,0.21932164,0.21957715,0.21974497,0.21983156,0.21984366,0.21978769,0.21967037,0.21949819,0.21927778
0.17123331,0.17120059,0.17117308,0.17115161,0.17113695,0.17112994,0.17113146,0.17114228,0.17116323,0.17119512,0.17123881,0.1712951,0.1713648,0.17144877,0.17154779,0.17166267,0.17179425,0.1718996,0.17193972,0.17192125,0.17185104,0.17173584,0.17158237,0.1713974,0.17118768,0.17095995,0.17072093,0.17047746,0.17023624,0.17000401,0.16978753,0.16959354,0.16942886,0.16930012,0.16921417,0.16917776,0.16919757,0.1692804,0.16943301,0.16966216,0.16997455,0.17037696,0.17087613,0.17147887,0.17219184,0.17302188,0.17397569,0.17506002,0.17628163,0.1775655,0.1788327,0.18008396,0.18132018,0.18254218,0.18375072,0.18494669,0.18613088,0.18730411,0.18846719,0.18962097,0.19076629,0.19190392,0.19303468,0.19415943,0.19527899,0.19639415,0.19750577,0.19861461,0.19972157,0.20082742,0.201933,0.20303912,0.20414664,0.20525631,0.206369,0.20748556,0.20860673,0.20973341,0.21086639,0.21200646,0.21315448,0.21423587,0.21517998,0.21599355,0.21668334,0.21725611,0.21771862,0.21807753,0.21833974,0.21851191,0.21860081,0.21861318,0.21855578,0.21843539,0.21825871,0.21803252
0.17108962,0.1710733,0.1710596,0.17104888,0.1710416,0.17103809,0.17103885,0.17104425,0.17105468,0.17107056,0.17109233,0.17112038,0.17115508,0.1711969,0.17124623,0.17130348,0.17136905,0.17140299,0.17136972,0.17127626,0.17112948,0.17093635,0.17070384,0.17043889,0.17014848,0.16983952,0.16951898,0.1691938,0.16887093,0.16855733,0.16825993,0.16798574,0.16774164,0.16753462,0.16737162,0.16725957,0.1672055,0.16721627,0.16729888,0.16746026,0.16770735,0.16804713,0.16848654,0.16903257,0.16969208,0.17047206,0.17137952,0.17242132,0.17360447,0.17485633,0.17609984,0.17733546,0.17856358,0.17978458,0.18099888,0.18220691,0.18340908,0.18460585,0.18579751,0.18698455,0.18816733,0.18934631,0.19052188,0.19169447,0.19286445,0.19403224,0.19519824,0.1963629,0.19752662,0.19868976,0.19985278,0.20101607,0.20218007,0.2033451,0.20451167,0.20568018,0.20685098,0.20802449,0.20920116,0.21038136,0.21156552,0.21267882,0.21365078,0.21448836,0.21519853,0.21578819,0.21626431,0.21663386,0.21690379,0.21708106,0.21717255,0.21718532,0.2171262,0.21700227,0.21682039,0.21658753
0.17092498,0.17092748,0.1709296,0.17093125,0.17093237,0.17093289,0.17093278,0.17093197,0.17093036,0.1709279,0.17092454,0.17092025,0.17091489,0.17090845,0.17090087,0.17089207,0.17088199,0.17083414,0.17071691,0.17053744,0.17030296,0.17002061,0.16969757,0.16934103,0.16895816,0.16855615,0.16814218,0.16772342,0.16730706,0.16690026,0.16651021,0.1661441,0.1658091,0.1655124,0.16526113,0.16506253,0.16492376,0.164852,0.1648544,0.1649382,0.1651105,0.16537854,0.16574949,0.1662305,0.1668288,0.1675515,0.16840583,0.16939896,0.17053807,0.1717532,0.17296964,0.17418727,0.1754061,0.17662598,0.1778469,0.17906877,0.18029156,0.18151519,0.18273959,0.18396471,0.18519048,0.18641682,0.18764372,0.18887106,0.19009879,0.19132687,0.1925552,0.19378377,0.19501248,0.19624127,0.1974701,0.19869886,0.19992751,0.201156,0.20238428,0.20361225,0.20483989,0.20606706,0.20729376,0.20851994,0.2097455,0.21089536,0.2118992,0.2127643,0.21349777,0.2141068,0.21459855,0.21498024,0.21525905,0.21544212,0.21553664,0.2155498,0.21548878,0.21536075,0.2151729,0.21493238
0.17081515,0.17083853,0.17085825,0.17087367,0.17088413,0.17088915,0.17088808,0.17088032,0.17086533,0.17084248,0.1708112,0.17077096,0.17072104,0.17066099,0.17059007,0.17050788,0.17041367,0.17027488,0.1700642,0.16978906,0.16945691,0.16907518,0.16865128,0.16819273,0.16770686,0.16720122,0.16668314,0.16616012,0.16563955,0.16512895,0.16463563,0.16416714,0.16373089,0.16333427,0.16298476,0.1626898,0.16245681,0.16229324,0.16220653,0.16220407,0.16229333,0.16248176,0.16277677,0.16318586,0.16371639,0.16437581,0.16517158,0.16611116,0.1672019,0.16837695,0.16956395,0.17076232,0.17197147,0.1731908,0.17441973,0.17565772,0.17690408,0.17815834,0.17941983,0.180688,0.1819622,0.18324193,0.18452653,0.18581548,0.18710814,0.18840392,0.18970226,0.19100256,0.19230424,0.19360672,0.19490938,0.19621162,0.1975129,0.19881259,0.20011017,0.201405,0.20269647,0.20398399,0.20526704,0.20654504,0.2078173,0.20900843,0.21004833,0.2109445,0.2117043,0.2123352,0.21284461,0.21324001,0.21352881,0.21371844,0.21381639,0.21383005,0.21376678,0.2136342,0.21343958,0.21319045
0.17082801,0.170874,0.17091267,0.17094286,0.17096345,0.17097323,0.17097113,0.17095594,0.1709265,0.17088167,0.17082034,0.1707413,0.17064337,0.17052548,0.1703864,0.17022501,0.17004018,0.1698033,0.1694918,0.16911335,0.16867574,0.16818659,0.16765375,0.16708481,0.16648759,0.16586979,0.1652391,0.16460323,0.16397001,0.16334704,0.16274206,0.16216286,0.16161712,0.16111256,0.16065691,0.16025788,0.15992321,0.1596606,0.1594778,0.15938246,0.15938243,0.15948534,0.15969895,0.16003095,0.16048905,0.16108102,0.16181454,0.16269739,0.16373724,0.1648703,0.1660268,0.16720562,0.1684056,0.1696256,0.17086446,0.17212099,0.17339404,0.17468253,0.17598525,0.17730099,0.17862874,0.17996721,0.18131527,0.18267183,0.1840357,0.18540573,0.18678078,0.18815963,0.1895412,0.19092427,0.1923078,0.1936905,0.1950713,0.19644903,0.19782251,0.1991906,0.20055217,0.20190601,0.203251,0.20458604,0.20590991,0.20714673,0.20822652,0.20915703,0.20994596,0.21060106,0.21113002,0.21154056,0.21184045,0.21203734,0.21213904,0.21215317,0.21208757,0.21194984,0.21174778,0.21148908
0.17095093,0.17102093,0.17107977,0.17112574,0.17115709,0.17117201,0.17116877,0.17114566,0.17110087,0.17103262,0.17093922,0.1708189,0.17066987,0.17049038,0.1702787,0.17003305,0.16975166,0.16941033,0.16899139,0.16850284,0.16795267,0.16734898,0.16669977,0.1660131,0.16529696,0.16455941,0.16380847,0.16305217,0.16229856,0.16155566,0.16083147,0.1601341,0.15947151,0.15885176,0.15828289,0.15777288,0.15732984,0.15696177,0.15667662,0.15648255,0.15638754,0.15639965,0.1565268,0.15677719,0.1571587,0.15767947,0.15834746,0.15917075,0.16015732,0.1612467,0.16237178,0.16353087,0.16472208,0.16594382,0.1671942,0.16847157,0.16977409,0.17110007,0.17244765,0.1738152,0.17520086,0.17660296,0.17801966,0.17944926,0.18088998,0.18234009,0.18379778,0.18526132,0.18672898,0.18819901,0.18966958,0.191139,0.1926055,0.19406733,0.19552267,0.19696985,0.19840705,0.19983254,0.20124458,0.20264137,0.2040212,0.20530762,0.20643072,0.20739853,0.20821911,0.2089005,0.20945065,0.20987767,0.21018957,0.2103944,0.21050012,0.21051484,0.21044657,0.21030334,0.21009316,0.20982414
0.17117119,0.17126645,0.17134658,0.17140916,0.17145182,0.17147216,0.17146777,0.1714363,0.17137529,0.17128241,0.17115526,0.1709914,0.17078848,0.17054412,0.17025587,0.16992141,0.16953833,0.1690869,0.16855465,0.16794991,0.16728103,0.16655642,0.16578442,0.16497338,0.1641317,0.16326767,0.16238971,0.16150619,0.16062549,0.1597559,0.15890582,0.15808365,0.1572977,0.15655637,0.155868,0.15524094,0.15468358,0.1542043,0.1538114,0.1535133,0.15331836,0.15323488,0.1532713,0.15343599,0.15373723,0.15418345,0.15478298,0.1555442,0.15647548,0.1575197,0.15861252,0.1597516,0.16093451,0.1621589,0.16342233,0.1647225,0.1660569,0.16742317,0.168819,0.17024192,0.17168954,0.1731595,0.17464937,0.1761568,0.17767937,0.17921473,0.18076043,0.18231407,0.18387336,0.1854358,0.18699902,0.18856066,0.19011836,0.19166955,0.1932121,0.19474344,0.19626123,0.19776309,0.1992466,0.20070936,0.20214903,0.20348853,0.20465794,0.20566568,0.20652014,0.2072296,0.20780243,0.20824711,0.20857187,0.20878509,0.20889525,0.20891057,0.20883948,0.20869032,0.20847152,0.20819134
0.17147607,0.17159776,0.17170009,0.17178005,0.17183456,0.1718605,0.17185491,0.1718147,0.17173678,0.17161812,0.17145571,0.1712464,0.17098722,0.17067511,0.17030695,0.16987975,0.1693904,0.16882394,0.1681733,0.16744712,0.16665411,0.16580303,0.1649026,0.16396149,0.16298844,0.16199216,0.16098134,0.15996471,0.15895097,0.15794887,0.15696712,0.15601441,0.1550994,0.15423091,0.15341759,0.15266816,0.15199135,0.1513959,0.15089042,0.15048376,0.15018453,0.15000148,0.14994329,0.15001874,0.1502365,0.1506053,0.15113385,0.15183084,0.15270498,0.15370272,0.15476258,0.1558815,0.1570564,0.1582843,0.15956207,0.16088672,0.16225515,0.16366433,0.16511117,0.16659263,0.16810566,0.16964722,0.17121422,0.17280366,0.1744124,0.17603749,0.17767578,0.17932427,0.18097988,0.18263957,0.18430029,0.18595894,0.1876125,0.18925796,0.19089216,0.19251212,0.19411477,0.1956971,0.19725598,0.19878833,0.2002912,0.20168678,0.20290521,0.20395517,0.20484534,0.20558453,0.20618139,0.20664464,0.20698301,0.2072052,0.20731995,0.20733589,0.20726185,0.20710646,0.20687844,0.20658657
0.1718529,0.17200196,0.17212732,0.17222522,0.17229201,0.1723238,0.17231694,0.17226766,0.17217226,0.17202692,0.17182796,0.17157155,0.1712541,0.17087172,0.17042077,0.16989747,0.16929802,0.16861239,0.167839,0.1669869,0.16606525,0.165083,0.16404931,0.16297327,0.16186394,0.16073038,0.1595817,0.15842694,0.15727527,0.15613563,0.15501724,0.15392907,0.15288028,0.15187988,0.150937,0.15006068,0.14926007,0.1485442,0.14792211,0.14740294,0.14699575,0.14670962,0.14655365,0.14653686,0.14666842,0.14695731,0.1474127,0.14804359,0.14885913,0.14980926,0.15083554,0.15193413,0.15310138,0.15433346,0.15562665,0.15697727,0.15838152,0.15983567,0.16133596,0.16287869,0.1644601,0.16607639,0.16772391,0.16939884,0.1710975,0.17281611,0.17455095,0.17629822,0.17805429,0.17981532,0.18157761,0.18333736,0.18509091,0.18683447,0.1885643,0.19027667,0.19196786,0.19363406,0.19527158,0.19687667,0.19844559,0.19989982,0.20116946,0.20226352,0.20319116,0.20396142,0.20458336,0.2050661,0.20541869,0.20565023,0.20576976,0.2057864,0.20570922,0.2055473,0.20530975,0.20500557
0.17228892,0.17246619,0.17261524,0.1727317,0.17281102,0.1728488,0.17284067,0.1727821,0.17266864,0.17249583,0.1722593,0.1719545,0.17157702,0.17112245,0.17058626,0.16996408,0.16925141,0.16844316,0.1675435,0.16656183,0.16550763,0.16439037,0.16321953,0.16200453,0.16075486,0.15947999,0.15818933,0.15689234,0.15559852,0.15431732,0.1530582,0.1518306,0.15064396,0.1495078,0.14843155,0.14742468,0.1464966,0.14565681,0.14491475,0.14427994,0.14376175,0.1433697,0.14311324,0.1430018,0.14304484,0.14325187,0.14363228,0.14419559,0.14495124,0.1458529,0.14684506,0.14792323,0.14908299,0.15031984,0.15162939,0.15300716,0.15444872,0.15594961,0.15750535,0.15911154,0.16076367,0.16245738,0.16418815,0.16595154,0.16774309,0.1695584,0.17139299,0.17324243,0.17510223,0.17696793,0.17883518,0.18069942,0.18255626,0.18440124,0.18622988,0.18803778,0.18982044,0.19157347,0.19329236,0.1949727,0.19661003,0.19812503,0.19944772,0.20058754,0.20155396,0.20235638,0.2030043,0.20350721,0.20387456,0.20411576,0.2042403,0.20425762,0.20417725,0.20400858,0.20376103,0.20344414
0.17277154,0.17297758,0.17315082,0.17328617,0.17337841,0.1734224,0.17341287,0.17334476,0.1732129,0.17301203,0.17273708,0.17238279,0.17194402,0.17141561,0.17079239,0.17006916,0.16924077,0.16830717,0.16727842,0.16616431,0.16497466,0.16371931,0.16240822,0.16105111,0.15965794,0.15823847,0.1568026,0.15536018,0.15392102,0.15249497,0.15109196,0.14972173,0.1483942,0.14711918,0.14590657,0.14476617,0.14370781,0.14274143,0.14187677,0.14112376,0.14049223,0.13999201,0.13963294,0.13942489,0.1393777,0.1395012,0.13980533,0.14029981,0.1409946,0.14184703,0.1428047,0.14386235,0.14501484,0.14625694,0.14758351,0.1489894,0.15046944,0.15201838,0.15363115,0.15530255,0.15702738,0.15880048,0.1606167,0.16247082,0.16435772,0.16627216,0.16820909,0.17016318,0.17212936,0.17410247,0.17607729,0.17804866,0.1800114,0.18196036,0.18389036,0.18579617,0.18767273,0.18951479,0.19131722,0.1930748,0.19478238,0.19635981,0.19773702,0.19892383,0.19993003,0.20076555,0.2014402,0.20196383,0.20234631,0.20259744,0.20272711,0.20274517,0.20266147,0.20248581,0.20222813,0.20189817
0.173288,0.17352328,0.1737211,0.17387567,0.17398095,0.17403115,0.17402036,0.17394258,0.17379197,0.17356263,0.17324863,0.17284411,0.17234308,0.17173971,0.17102806,0.17020221,0.16925628,0.16819543,0.16703548,0.1657868,0.16445953,0.16306391,0.16161028,0.16010885,0.1585698,0.15700348,0.15542004,0.15382977,0.15224291,0.15066972,0.14912048,0.14760536,0.14613464,0.14471856,0.1433674,0.14209136,0.14090069,0.13980566,0.13881654,0.13794349,0.13719681,0.13658679,0.1361236,0.13581759,0.13567886,0.13571773,0.13594447,0.13636932,0.13700248,0.13780525,0.13872808,0.13976514,0.14091043,0.1421581,0.14350225,0.14493695,0.14645627,0.14805438,0.14972532,0.15146315,0.15326205,0.15511605,0.15701926,0.15896583,0.16094977,0.16296518,0.1650062,0.16706693,0.16914141,0.17122377,0.17330813,0.17538851,0.17745906,0.17951387,0.181547,0.18355262,0.18552476,0.18745752,0.18934496,0.19118127,0.19296049,0.19460155,0.19603433,0.19726901,0.19831581,0.19918504,0.1998869,0.20043166,0.20082958,0.20109084,0.20122577,0.20124453,0.2011574,0.20097475,0.20070659,0.20036337
0.1738256,0.1740904,0.17431307,0.174487,0.17460553,0.17466201,0.17464983,0.17456232,0.17439283,0.17413469,0.17378132,0.17332605,0.17276219,0.1720831,0.17128216,0.17035273,0.16928814,0.16809875,0.16680644,0.16542181,0.16395558,0.16241835,0.1608208,0.15917353,0.1574872,0.1557725,0.15404004,0.15230045,0.15056449,0.14884266,0.1471457,0.14548427,0.14386894,0.14231041,0.14081933,0.13940634,0.13808204,0.13685717,0.13574232,0.13474816,0.13388528,0.13316444,0.1325962,0.13219126,0.13196018,0.1319137,0.13206248,0.13241708,0.13298821,0.13374092,0.13462883,0.1356452,0.13678344,0.1380369,0.13939892,0.14086284,0.142422,0.14406984,0.1457996,0.14760472,0.14947855,0.15141442,0.15340564,0.1554456,0.15752769,0.15964521,0.16179156,0.16396001,0.166144,0.16833685,0.17053193,0.17272258,0.1749021,0.17706396,0.17920141,0.18130785,0.18337663,0.18540107,0.18737462,0.18929051,0.19114216,0.19284764,0.19433667,0.19561976,0.1967077,0.19761097,0.19834042,0.19890656,0.19932008,0.19959159,0.19973178,0.19975127,0.19966081,0.1994709,0.1991923,0.19883554
0.17437173,0.17466609,0.1749137,0.17510709,0.17523888,0.1753017,0.17528814,0.17519084,0.17500235,0.17471536,0.17432246,0.1738162,0.17318925,0.17243423,0.17154364,0.17051022,0.16932654,0.16800816,0.16658288,0.1650619,0.1634561,0.16177669,0.16003458,0.15824094,0.1564068,0.15454316,0.15266107,0.15077166,0.14888592,0.1470149,0.14516968,0.14336129,0.14160077,0.13989924,0.1382677,0.13671722,0.13525881,0.13390355,0.13266253,0.13154677,0.13056731,0.1297352,0.12906154,0.12855731,0.12823361,0.12810151,0.128172,0.12845618,0.12896506,0.12966765,0.13052045,0.13151617,0.13264738,0.13390669,0.1352867,0.13678002,0.1383793,0.14007711,0.14186604,0.14373878,0.14568783,0.1477059,0.14978555,0.15191935,0.1541,0.15632004,0.15857214,0.16084887,0.16314282,0.16544662,0.16775289,0.17005424,0.1723433,0.17461257,0.17685483,0.17906259,0.18122846,0.18334503,0.18540496,0.18740085,0.18932527,0.19109547,0.19264093,0.19397277,0.19510192,0.19603954,0.19679658,0.19738421,0.19781342,0.19809526,0.19824079,0.19826107,0.1981671,0.19797002,0.19768085,0.19731054
0.17491356,0.17523755,0.17550996,0.17572278,0.17586781,0.17593697,0.17592202,0.17581494,0.17560756,0.17529175,0.17485936,0.17430227,0.17361236,0.17278147,0.17180148,0.17066425,0.16936167,0.16791452,0.16635661,0.16469942,0.1629544,0.16113304,0.15924679,0.15730704,0.15532528,0.15331301,0.15128161,0.1492426,0.14720736,0.14518745,0.14319426,0.14123924,0.13933384,0.13748959,0.13571785,0.13403012,0.13243788,0.13095252,0.12958552,0.12834838,0.12725252,0.1263094,0.12553045,0.124927156,0.12451099,0.12429337,0.124285735,0.12449958,0.12494637,0.12559885,0.12641667,0.1273917,0.12851584,0.12978096,0.13117895,0.13270159,0.13434081,0.13608846,0.13793641,0.13987654,0.1419007,0.14400078,0.14616865,0.14839612,0.15067512,0.1529975,0.1553551,0.15773982,0.16014351,0.16255805,0.1649753,0.16738711,0.1697854,0.17216197,0.17450874,0.17681754,0.17908028,0.18128878,0.18343495,0.18551062,0.18750769,0.18934244,0.19094425,0.19232461,0.19349499,0.19446678,0.19525148,0.19586055,0.19630536,0.19659746,0.1967483,0.19676933,0.19667192,0.19646762,0.1961679,0.19578414
0.1754385,0.17579179,0.17608891,0.17632103,0.17647919,0.17655459,0.1765383,0.17642152,0.17619535,0.17585094,0.1753794,0.17477185,0.17401943,0.17311326,0.1720445,0.17080429,0.1693837,0.16780879,0.16611925,0.16432695,0.1624438,0.16048162,0.15845221,0.15636756,0.15423936,0.15207961,0.14990005,0.14771266,0.14552915,0.14336146,0.14122146,0.13912097,0.13707185,0.13508593,0.1331751,0.13135122,0.12962613,0.12801166,0.12651968,0.12516207,0.123950675,0.12289734,0.122013904,0.121312246,0.1208042,0.12050165,0.12041643,0.12056041,0.12094541,0.12154802,0.122331,0.12328541,0.12440244,0.1256732,0.12708883,0.12864049,0.13031921,0.13211624,0.13402264,0.13602957,0.1381281,0.14030948,0.14256474,0.14488502,0.14726153,0.14968528,0.15214749,0.15463926,0.15715177,0.15967606,0.16220331,0.16472465,0.1672312,0.16971414,0.1721645,0.1745735,0.17693223,0.17923184,0.18146345,0.1836182,0.1856872,0.1875859,0.18924356,0.19067204,0.19188318,0.19288886,0.19370091,0.19433118,0.19479151,0.19509381,0.19524989,0.19527164,0.19517086,0.19495943,0.19464928,0.19425212
0.17593384,0.17631604,0.17663752,0.17688863,0.17705974,0.17714132,0.17712374,0.17699738,0.17675267,0.17638002,0.17586984,0.17521252,0.17439844,0.17341805,0.17226171,0.17091987,0.16938289,0.16768187,0.16586247,0.16393693,0.1619175,0.15981641,0.15764593,0.15541828,0.15314576,0.15084054,0.14851493,0.14618112,0.14385146,0.14153807,0.13925327,0.1370093,0.13481842,0.13269281,0.13064481,0.1286866,0.12683046,0.12508863,0.12347335,0.12199687,0.12067146,0.11950931,0.118522726,0.11772393,0.11712516,0.116738714,0.116576746,0.11665161,0.11697547,0.11752868,0.11827702,0.11921089,0.1203207,0.12159681,0.12302967,0.12460969,0.12632725,0.12817273,0.13013658,0.13220917,0.13438094,0.13664226,0.13898356,0.1413952,0.14386766,0.14639126,0.14895648,0.15155365,0.15417324,0.15680565,0.15944119,0.16207036,0.16468355,0.16727114,0.16982357,0.17233115,0.1747844,0.17717369,0.17948939,0.18172193,0.1838617,0.18582329,0.18753587,0.18901166,0.19026294,0.1913019,0.19214085,0.19279197,0.19326761,0.19357985,0.19374114,0.19376361,0.1936595,0.19344108,0.19312061,0.19271033
0.17638679,0.17679742,0.17714277,0.17741252,0.17759636,0.17768396,0.17766508,0.17752935,0.17726651,0.17686616,0.17631806,0.17561191,0.1747374,0.17368421,0.17244197,0.17100048,0.16934936,0.16752474,0.16557802,0.16352186,0.16136883,0.15913162,0.15682286,0.15445513,0.15204109,0.14959337,0.14712459,0.14464737,0.14217442,0.13971828,0.13729161,0.13490704,0.13257721,0.13031474,0.12813225,0.12604238,0.12405779,0.12219107,0.12045486,0.11886181,0.11742453,0.11615563,0.115067795,0.114173636,0.11348576,0.113016814,0.112779416,0.112786226,0.113049835,0.11355433,0.11426842,0.11518182,0.1162842,0.11756526,0.11901473,0.12062224,0.12237752,0.12427024,0.12629011,0.12842679,0.13067003,0.13300946,0.13543482,0.13793576,0.140502,0.14312321,0.14578907,0.14848933,0.15121363,0.15395164,0.15669315,0.15942776,0.16214518,0.1648351,0.16748725,0.17009129,0.1726369,0.17511381,0.17751163,0.17982017,0.18202902,0.18405199,0.18581817,0.18734017,0.18863055,0.18970202,0.19056723,0.19123873,0.19172923,0.1920513,0.19221762,0.19224076,0.19213338,0.19190814,0.19157764,0.19115452
0.1767848,0.17722309,0.17759167,0.17787959,0.17807578,0.17816934,0.17814915,0.17800428,0.1777237,0.17729641,0.17671143,0.17595772,0.17502427,0.17390014,0.17257427,0.17103566,0.16927335,0.16732831,0.16525757,0.16307421,0.16079111,0.15842138,0.15597795,0.15347385,0.15092206,0.14833567,0.14572757,0.14311078,0.14049831,0.13790324,0.1353385,0.13281704,0.13035193,0.12795618,0.1256428,0.12342474,0.121315,0.119326636,0.1174726,0.11576592,0.1142196,0.112846635,0.11166004,0.110672764,0.109897874,0.10934832,0.10903713,0.10897731,0.109181836,0.10963842,0.110318735,0.11121176,0.11230654,0.11359202,0.11505723,0.11669113,0.118482746,0.12042108,0.12249516,0.12469385,0.12700629,0.12942144,0.13192827,0.13451578,0.13717298,0.13988888,0.14265245,0.14545268,0.14827858,0.15111919,0.15396343,0.15680033,0.1596189,0.16240817,0.16515703,0.1678546,0.17048979,0.17305161,0.17552912,0.17791125,0.18018702,0.18226941,0.18408741,0.18565409,0.1869824,0.18808539,0.18897597,0.18966721,0.19017209,0.19050366,0.19067483,0.19069868,0.19058813,0.19035628,0.19001609,0.18958054
0.17711505,0.1775801,0.17797121,0.1782767,0.17848489,0.17858414,0.17856273,0.17840901,0.1781113,0.17765793,0.17703724,0.1762375,0.17524707,0.17405431,0.17264746,0.17101492,0.169145,0.1670835,0.16489284,0.16258647,0.16017766,0.15767977,0.15510622,0.15247032,0.14978547,0.147065,0.14432223,0.14157058,0.13882342,0.13609402,0.13339579,0.13074212,0.12814628,0.1256217,0.12318174,0.12083971,0.118608996,0.11650295,0.11453492,0.112718284,0.11106639,0.1095926,0.108310245,0.10723272,0.106373355,0.10574553,0.10536255,0.10523787,0.10538475,0.10579448,0.10644157,0.10731443,0.1084013,0.10969052,0.11117045,0.11282937,0.11465564,0.116637595,0.1187635,0.12102175,0.12340066,0.1258885,0.12847364,0.1311444,0.13388906,0.13669604,0.13955358,0.14245006,0.14537379,0.14831305,0.15125623,0.15419158,0.15710755,0.15999235,0.16283432,0.16562183,0.16834319,0.1709867,0.17354071,0.17599353,0.17833348,0.18047288,0.18234068,0.18395025,0.18531492,0.18644805,0.18736306,0.18807319,0.18859191,0.18893252,0.1891084,0.18913287,0.18901935,0.18878116,0.1884316,0.18798417
0.17736493,0.17785564,0.17826837,0.17859074,0.17881045,0.17891517,0.17889258,0.17873035,0.1784162,0.17793779,0.17728278,0.17643887,0.17539375,0.17413507,0.17265052,0.1709278,0.16895458,0.16678123,0.16447552,0.16205108,0.15952165,0.15690094,0.1542026,0.15144035,0.1486279,0.14577892,0.14290714,0.14002618,0.13714983,0.13429172,0.13146557,0.12868507,0.12596391,0.12331579,0.12075442,0.118293464,0.11594666,0.11372765,0.11165016,0.10972793,0.107974574,0.106403835,0.10502937,0.10386491,0.102924146,0.102220744,0.10176844,0.10158091,0.10167186,0.10203597,0.10265057,0.10350335,0.104582004,0.10587421,0.10736763,0.10904995,0.11090886,0.11293201,0.115107134,0.11742189,0.11986392,0.12242096,0.12508067,0.1278307,0.13065875,0.13355254,0.13649969,0.1394879,0.14250489,0.1455383,0.1485758,0.15160508,0.15461385,0.15758975,0.16052046,0.16339374,0.16619712,0.16891845,0.17154528,0.17406535,0.17646632,0.17865987,0.18057492,0.18222521,0.1836244,0.18478623,0.18572433,0.18645246,0.18698432,0.18733351,0.18751387,0.18753897,0.18742254,0.18717831,0.18681996,0.18636118
0.17752168,0.17803687,0.17847015,0.17880857,0.17903925,0.1791492,0.17912546,0.17895517,0.17862536,0.1781231,0.17743546,0.17654951,0.17545226,0.17413086,0.17257236,0.17076379,0.16869222,0.16641244,0.16399722,0.16146058,0.15881647,0.156079,0.15326208,0.15037976,0.14744608,0.14447506,0.14148067,0.13847691,0.13547781,0.13249741,0.12954973,0.12664875,0.123808496,0.12104295,0.11836617,0.11579217,0.113334894,0.11100844,0.10882675,0.10680387,0.10495383,0.10329062,0.10182825,0.10058075,0.099562086,0.09878634,0.098267466,0.09801951,0.098056495,0.098376386,0.09895929,0.09979222,0.1008623,0.10215656,0.10366204,0.105365835,0.107255064,0.10931672,0.11153791,0.11390566,0.11640704,0.11902916,0.12175904,0.124583825,0.12749049,0.1304661,0.13349777,0.13657261,0.13967758,0.14279981,0.14592634,0.14904423,0.15214059,0.15520246,0.1582169,0.161171,0.16405179,0.16684636,0.16954176,0.17212507,0.17458338,0.1768277,0.17878713,0.18047564,0.18190724,0.18309598,0.18405582,0.18480083,0.18534498,0.18570231,0.1858868,0.18591247,0.18579336,0.18554348,0.18517682,0.1847074
0.17757262,0.1781109,0.17856358,0.17891715,0.17915812,0.17927296,0.1792482,0.17907028,0.17872569,0.17820099,0.17748255,0.17655697,0.17541064,0.17403014,0.17240188,0.17051238,0.16834812,0.16596808,0.16344975,0.16080742,0.15805541,0.15520804,0.15227959,0.14928436,0.14623669,0.14315088,0.14004123,0.13692205,0.13380763,0.13071227,0.12765029,0.12463601,0.121683694,0.11880772,0.11602234,0.11334186,0.1107806,0.10835284,0.106072955,0.1039552,0.10201387,0.1002633,0.09871777,0.09739161,0.09629912,0.09545459,0.094872355,0.09456668,0.09455192,0.094829254,0.09538134,0.09619466,0.09725571,0.098550975,0.100066975,0.10179012,0.103706986,0.10580399,0.10806763,0.11048446,0.11304089,0.11572342,0.11851859,0.12141284,0.124392666,0.12744455,0.130555,0.13371049,0.1368975,0.14010254,0.14331208,0.14651263,0.14969063,0.15283258,0.15592502,0.1589544,0.16190723,0.16476995,0.16752903,0.17017107,0.17268245,0.17497382,0.17697431,0.1786982,0.18015979,0.18137345,0.18235339,0.18311402,0.18366954,0.18403439,0.18422273,0.18424897,0.18412736,0.18387224,0.18349792,0.18301864
0.17750515,0.17806488,0.17853561,0.17890331,0.17915386,0.17927329,0.17924754,0.17906253,0.1787042,0.17815855,0.17741147,0.17644891,0.17525688,0.17382126,0.17212802,0.17016314,0.16791251,0.16543904,0.16282472,0.1600841,0.15723175,0.1542822,0.15125012,0.14815003,0.14499646,0.14180405,0.13858737,0.13536094,0.13213941,0.12893729,0.12576915,0.12264962,0.119593225,0.11661457,0.11372821,0.11094874,0.10829067,0.10576863,0.10339719,0.10119092,0.099164374,0.09733215,0.095708825,0.09430894,0.09314708,0.09223782,0.091595754,0.09123545,0.09117146,0.09140803,0.091930315,0.09272427,0.09377584,0.09507098,0.09659564,0.09833572,0.10027723,0.10240609,0.10470827,0.10716971,0.10977635,0.11251412,0.11536897,0.1183269,0.1213738,0.124495655,0.12767844,0.13090803,0.13417038,0.13745148,0.14073725,0.1440137,0.14726669,0.15048224,0.15364626,0.15674467,0.15976349,0.16268863,0.16550602,0.16820166,0.17076144,0.1730956,0.17513342,0.17688955,0.17837845,0.17961472,0.18061306,0.18138783,0.18195376,0.1823254,0.18251729,0.182544,0.18242015,0.18216024,0.1817789,0.1812907
0.17730644,0.17788589,0.17837325,0.17875388,0.17901331,0.17913696,0.17911029,0.17891875,0.17854781,0.17798288,0.17720945,0.17621298,0.1749789,0.17349264,0.17173971,0.1697055,0.16737555,0.1648163,0.16211388,0.15928309,0.15633874,0.15329565,0.15016863,0.14697248,0.14372204,0.14043212,0.13711746,0.13379295,0.1304734,0.12717359,0.12390833,0.12069243,0.117540754,0.11446802,0.111489125,0.10861883,0.10587198,0.10326336,0.1008078,0.098520085,0.09641505,0.094507486,0.092812255,0.0913441,0.09011787,0.08914838,0.08845043,0.088038824,0.087928385,0.08812621,0.088619836,0.08939469,0.090436265,0.09173,0.093261294,0.09501567,0.096978575,0.09913542,0.10147169,0.103972815,0.10662428,0.10941152,0.11231999,0.11533509,0.118442364,0.12162721,0.124875106,0.12817149,0.13150181,0.13485153,0.13820611,0.14155099,0.14487162,0.14815345,0.15138194,0.15454257,0.15762071,0.16060193,0.1634716,0.16621518,0.16881815,0.17119044,0.17326157,0.17504634,0.17655954,0.17781605,0.17883064,0.17961809,0.18019326,0.18057097,0.18076599,0.18079312,0.18066724,0.18040311,0.18001553,0.17951934
0.17696385,0.17756113,0.17806348,0.17845584,0.17872326,0.1788507,0.17882319,0.17862579,0.1782434,0.17766114,0.17686391,0.17583674,0.17456469,0.17303272,0.17122588,0.16912912,0.16672745,0.16409074,0.16130887,0.15839687,0.15536971,0.15224244,0.14903007,0.14574766,0.14241016,0.13903259,0.13563006,0.13221742,0.12880985,0.12542228,0.12206977,0.11876729,0.11552991,0.112372614,0.10931045,0.10635838,0.10353146,0.1008447,0.098313145,0.09595173,0.09377559,0.09179965,0.09003896,0.08850854,0.087223396,0.08619857,0.08544904,0.084989846,0.084836006,0.0849973,0.08546348,0.086219564,0.087250546,0.08854144,0.09007725,0.09184298,0.093823634,0.096004225,0.09836974,0.10090518,0.103595614,0.10642595,0.10938127,0.11244653,0.11560679,0.11884699,0.12215222,0.12550735,0.12889756,0.13230768,0.13572285,0.139128,0.14250816,0.14584835,0.14913352,0.15234877,0.15547904,0.15850931,0.16142464,0.16421002,0.16685043,0.1692557,0.17135563,0.17316519,0.17469947,0.17597345,0.17700212,0.17780054,0.17838372,0.17876667,0.1789644,0.1789919,0.17886427,0.17859645,0.1782035,0.17770042
0.1764647,0.17707777,0.17759332,0.17799604,0.17827049,0.17840129,0.17837307,0.17817046,0.17777802,0.17718036,0.17636208,0.1753079,0.17400229,0.1724299,0.17057541,0.16842335,0.16595837,0.16325329,0.1604014,0.15741794,0.15431798,0.15111676,0.14782946,0.14447132,0.14105748,0.13760312,0.13412343,0.13063367,0.12714896,0.123684466,0.12025544,0.11687702,0.11356444,0.110332854,0.10719745,0.10417344,0.10127598,0.098520316,0.09592156,0.093494944,0.091255665,0.089218915,0.08739983,0.08581364,0.08447553,0.08340068,0.082604304,0.08210154,0.08190762,0.082034774,0.082474865,0.08321249,0.08423228,0.085518815,0.087056726,0.08883063,0.09082512,0.09302481,0.095414296,0.09797824,0.10070119,0.10356779,0.106562644,0.109670356,0.11287554,0.11616281,0.11951676,0.12292202,0.12636317,0.12982485,0.13329166,0.13674824,0.14017913,0.143569,0.14690243,0.15016405,0.15333846,0.15641025,0.15936404,0.16218449,0.16485614,0.16728881,0.16941261,0.17124285,0.1727946,0.17408307,0.17512344,0.17593096,0.1765208,0.17690809,0.17710806,0.17713591,0.17700683,0.17673595,0.17633852,0.17582972
0.1757963,0.17642283,0.17694977,0.17736134,0.17764185,0.17777553,0.17774671,0.17753962,0.1771385,0.17652768,0.17569141,0.17461401,0.17327961,0.17167266,0.16977726,0.16757782,0.16505854,0.16229494,0.15938321,0.15633875,0.15317677,0.14991269,0.14656173,0.1431393,0.1396607,0.13614123,0.13259622,0.129041,0.12549089,0.121961206,0.118467286,0.11502441,0.111647956,0.108353205,0.10515549,0.10207013,0.09911246,0.096297786,0.09364144,0.09115875,0.088865004,0.086775556,0.08490572,0.08327081,0.081886165,0.08076709,0.0799289,0.07938694,0.079156525,0.07925213,0.07966756,0.0803871,0.081395,0.08267555,0.08421299,0.08599161,0.08799569,0.0902095,0.092617296,0.095203355,0.09795194,0.10084734,0.10387382,0.10701563,0.110257074,0.1135824,0.11697589,0.12042182,0.12390441,0.12740803,0.13091683,0.13441518,0.13788731,0.14131749,0.14469002,0.14798915,0.1511991,0.15430424,0.15728876,0.16013697,0.16283312,0.16528714,0.16742963,0.16927588,0.17084126,0.17214105,0.17319058,0.17400517,0.17460014,0.17499085,0.17519261,0.17522067,0.17509046,0.17481722,0.17441629,0.17390299
0.1749459,0.17558356,0.17611979,0.17653865,0.17682411,0.1769602,0.17693083,0.17672005,0.17631187,0.17569023,0.17483918,0.17374268,0.17238471,0.17074928,0.1688204,0.16658199,0.16401812,0.16120653,0.15824597,0.1551518,0.1519394,0.1486243,0.14522183,0.14174742,0.13821653,0.13464448,0.13104677,0.1274388,0.123835914,0.12025362,0.11670727,0.113212325,0.10978417,0.10643822,0.1031899,0.10005463,0.09704778,0.094184816,0.09148113,0.08895214,0.08661326,0.08447993,0.08256751,0.08089146,0.07946716,0.07831006,0.07743557,0.07685907,0.07659601,0.07666287,0.077055216,0.07775704,0.07875233,0.0800251,0.08155931,0.08333897,0.08534807,0.08757059,0.08999057,0.09259195,0.09535874,0.098274924,0.10132451,0.104491495,0.107759856,0.11111359,0.11453667,0.11801313,0.121526934,0.12506208,0.12860256,0.13213237,0.13563551,0.13909595,0.14249769,0.14582475,0.14906108,0.15219073,0.15519764,0.15806578,0.16077922,0.16324809,0.16540354,0.16726099,0.16883582,0.17014347,0.17119935,0.17201889,0.17261752,0.17301054,0.17321353,0.1732418,0.17311077,0.17283586,0.17243253,0.17191614
0.17390086,0.17454699,0.17509037,0.17551485,0.17580412,0.17594199,0.17591226,0.17569865,0.17528506,0.17465514,0.17379272,0.17268157,0.1713055,0.16964826,0.16769364,0.16542542,0.16282734,0.15997908,0.15698133,0.15384957,0.15059923,0.14724581,0.14380476,0.14029156,0.13672164,0.13311048,0.12947354,0.12582633,0.12218424,0.11856278,0.114977404,0.11144357,0.107976735,0.1045924,0.10130598,0.09813299,0.09508884,0.09218902,0.08944899,0.086884215,0.08451018,0.08234231,0.080396086,0.07868698,0.07723046,0.07604197,0.075136974,0.07453096,0.074239366,0.07428046,0.07465139,0.07533592,0.07631784,0.07758091,0.07910892,0.08088566,0.08289491,0.08512043,0.087546006,0.09015542,0.092932455,0.095860876,0.09892447,0.10210704,0.10539232,0.10876413,0.11220622,0.11570238,0.11923638,0.12279201,0.12635307,0.1299033,0.1334265,0.13690645,0.14032687,0.14367168,0.14692451,0.15006919,0.15308957,0.15596932,0.15869229,0.1611691,0.16333142,0.16519481,0.16677468,0.16808654,0.16914581,0.16996798,0.1705685,0.17096281,0.17116643,0.17119478,0.17106332,0.17078754,0.17038292,0.16986486
0.17264844,0.17330033,0.17384858,0.17427681,0.17456865,0.17470776,0.17467776,0.17446227,0.17404498,0.17340943,0.17253938,0.17141834,0.17003,0.16835803,0.16638601,0.16409756,0.1614764,0.15860346,0.15558104,0.15242453,0.14914946,0.1457713,0.14230546,0.13876745,0.13517274,0.13153675,0.12787502,0.12420296,0.12053605,0.1168898,0.1132796,0.109720975,0.10622938,0.10282026,0.09950908,0.09631137,0.09324252,0.09031803,0.087553374,0.08496401,0.0825654,0.08037301,0.078402326,0.07666879,0.0751879,0.07397509,0.07304585,0.07241563,0.0720999,0.072118424,0.07246971,0.07313737,0.07410508,0.07535644,0.076875106,0.078644715,0.08064889,0.08287128,0.08529549,0.08790519,0.09068399,0.09361553,0.096683465,0.09987138,0.103162974,0.10654184,0.10999159,0.11349593,0.117038436,0.12060279,0.124172576,0.12773147,0.13126308,0.13475102,0.13817902,0.14153059,0.14478941,0.14793918,0.15096346,0.15384589,0.15657015,0.15904744,0.16121025,0.16307402,0.16465423,0.16596633,0.16702585,0.16784815,0.16844879,0.1688432,0.16904683,0.16907519,0.16894372,0.1686679,0.16826317,0.16774504
0.171176,0.17183073,0.17238133,0.17281145,0.17310455,0.17324425,0.17321412,0.17299771,0.17257857,0.17194031,0.17106642,0.16994055,0.16854618,0.16686694,0.16488636,0.162588,0.15995544,0.15707062,0.15403675,0.1508692,0.14758344,0.14419487,0.1407189,0.137171,0.13356651,0.12992093,0.12624963,0.12256803,0.11889161,0.11523575,0.11161586,0.10804736,0.104545705,0.1011263,0.09780455,0.09459588,0.09151572,0.088579506,0.08580264,0.08320054,0.08078864,0.078582354,0.076597095,0.074848294,0.07335139,0.07212176,0.07117487,0.07052611,0.070190914,0.07019023,0.07052373,0.071175024,0.07212765,0.07336515,0.07487112,0.07662914,0.078622706,0.08083546,0.08325092,0.085852645,0.08862422,0.09154921,0.094611146,0.097793646,0.10108023,0.10445448,0.107899934,0.111400194,0.11493881,0.118499324,0.122065336,0.12562038,0.12914804,0.13263184,0.1360554,0.13940223,0.14265592,0.14580008,0.14881822,0.15169387,0.15441068,0.1568806,0.15903701,0.16089524,0.16247076,0.16377898,0.16483532,0.16565523,0.16625409,0.16664732,0.16685037,0.16687864,0.16674756,0.16647254,0.16606905,0.16555242
0.16947082,0.17012528,0.17067567,0.1711056,0.17139858,0.17153822,0.17150813,0.1712918,0.17087282,0.17023483,0.16936128,0.16823584,0.16684203,0.16516344,0.16318366,0.16088621,0.15825468,0.15537149,0.15234016,0.14917602,0.14589442,0.14251065,0.13904007,0.13549794,0.13189964,0.12826051,0.12459581,0.12092088,0.1172511,0.11360172,0.109988116,0.10642558,0.10292944,0.09951501,0.09619767,0.092992656,0.08991537,0.08698109,0.08420516,0.081602894,0.0791896,0.07698062,0.074991286,0.073236905,0.0717328,0.0704943,0.069536746,0.06887543,0.06852569,0.068509355,0.06882711,0.06946249,0.0703991,0.07162048,0.07311022,0.074851885,0.07682905,0.079025276,0.08142415,0.0840092,0.086764045,0.08967223,0.09271734,0.09588292,0.099152565,0.10250984,0.10593829,0.10942152,0.1129431,0.11648658,0.12003555,0.12357352,0.12708412,0.13055095,0.13395749,0.13728738,0.14052418,0.14365143,0.14665273,0.1495116,0.15221168,0.15466596,0.15680869,0.15865517,0.1602207,0.16152062,0.16257028,0.16338496,0.16398,0.16437078,0.16457254,0.16460061,0.16447039,0.16419712,0.16379614,0.16328283
0.16752018,0.16817112,0.16871855,0.16914615,0.1694376,0.16957651,0.16954653,0.1693314,0.16891465,0.16828005,0.16741124,0.16629183,0.16490552,0.16323596,0.16126679,0.15898171,0.15636432,0.15349698,0.15048298,0.14733751,0.1440757,0.14071278,0.13726388,0.13374418,0.13016886,0.1265531,0.12291204,0.11926086,0.11561474,0.11198885,0.10839835,0.104858436,0.10138423,0.097990975,0.09469378,0.091507845,0.08844833,0.08553043,0.08276929,0.08018006,0.07777795,0.07557813,0.073595755,0.07184601,0.070344046,0.069105044,0.06814418,0.06747661,0.06711754,0.06708933,0.06739341,0.068013415,0.068933025,0.07013589,0.07160567,0.07332601,0.075280584,0.07745304,0.07982705,0.08238627,0.08511434,0.08799493,0.09101172,0.09414832,0.09738845,0.10071571,0.10411379,0.10756635,0.11105702,0.11456949,0.118087426,0.12159444,0.12507421,0.12851042,0.13188672,0.13518675,0.13839416,0.14149266,0.14446588,0.14729746,0.14997104,0.15240093,0.15452231,0.15635042,0.15790033,0.15918739,0.1602266,0.16103315,0.16162232,0.16200918,0.16220893,0.16223674,0.16210778,0.16183722,0.16144027,0.16093203
0.16531141,0.16595541,0.166497,0.16692005,0.16720837,0.16734578,0.16731615,0.16710329,0.16669102,0.16606319,0.16520362,0.16409616,0.16272464,0.1610729,0.15912472,0.156864,0.15427455,0.15143804,0.1484569,0.1453461,0.14212061,0.13879538,0.13538535,0.13190554,0.12837084,0.12479626,0.12119674,0.11758724,0.11398274,0.11039817,0.10684852,0.10334874,0.09991379,0.09655864,0.09329824,0.09014754,0.08712152,0.08423515,0.08150335,0.07894114,0.07656342,0.074385196,0.072421394,0.07068702,0.069197,0.06796629,0.06700987,0.066342704,0.06597974,0.06594362,0.066236235,0.06684142,0.06774301,0.06892482,0.0703707,0.07206449,0.07398999,0.07613107,0.078471534,0.08099525,0.083685994,0.086527646,0.08950403,0.09259898,0.09579632,0.09907987,0.10243349,0.105840996,0.109286234,0.11275302,0.1162252,0.1196866,0.12312106,0.1265124,0.12984446,0.13310108,0.13626607,0.1393233,0.14225656,0.14504972,0.14768659,0.15008284,0.15217488,0.15397766,0.15550618,0.15677537,0.1578002,0.15859564,0.15917662,0.1595581,0.1597551,0.15978254,0.15965535,0.15938856,0.15899709,0.15849587
0.16298012,0.16361417,0.1641474,0.16456392,0.16484778,0.16498311,0.16495392,0.16474435,0.16433842,0.16372028,0.162874,0.16178365,0.16043329,0.15880708,0.15688898,0.15466319,0.15211374,0.14932114,0.14638643,0.14332421,0.14014924,0.13687629,0.13351993,0.13009499,0.1266161,0.12309803,0.11955543,0.11600302,0.11245551,0.108927615,0.10543402,0.10198947,0.09860862,0.09530624,0.09209697,0.08899557,0.08601668,0.08317508,0.080485456,0.07796248,0.07562089,0.0734754,0.07154068,0.06983147,0.06836247,0.06714835,0.06620388,0.06554372,0.06518259,0.065143,0.06542707,0.066018894,0.06690254,0.068062074,0.069481604,0.07114521,0.07303695,0.07514093,0.077441245,0.07992193,0.08256711,0.08536087,0.08828725,0.09133039,0.09447431,0.09770314,0.10100093,0.104351796,0.10773979,0.11114901,0.11456357,0.11796747,0.12134486,0.124679804,0.1279564,0.1311587,0.13427077,0.13727674,0.1401607,0.14290668,0.14549883,0.14785427,0.1499107,0.15168284,0.15318531,0.15443294,0.1554403,0.15622216,0.15679328,0.1571683,0.15736195,0.1573889,0.15726389,0.15700163,0.15661684,0.15612416
0.16066974,0.16129147,0.1618143,0.16222271,0.16250108,0.16263372,0.16260512,0.16239962,0.16200165,0.1613955,0.1605657,0.15949658,0.15817249,0.15657787,0.1546971,0.1525146,0.15001476,0.14727649,0.1443988,0.14139608,0.13828285,0.13507345,0.13178231,0.12842385,0.12501252,0.12156272,0.11808889,0.11460545,0.11112682,0.10766743,0.10424168,0.10086398,0.097548805,0.094310544,0.09116366,0.08812249,0.08520153,0.08241519,0.079777874,0.077304035,0.07500806,0.07290439,0.07100744,0.06933165,0.067891434,0.0667012,0.06577541,0.06512842,0.064774714,0.06473633,0.06501531,0.06559602,0.066462904,0.06760031,0.06899264,0.07062431,0.07247969,0.07454316,0.07679914,0.079232,0.08182616,0.08456598,0.08743588,0.09042022,0.09350341,0.09666984,0.09990393,0.10319003,0.10651254,0.10985587,0.113204405,0.116542526,0.11985462,0.12312511,0.1263384,0.1294788,0.13253078,0.13547872,0.13830698,0.14099997,0.14354211,0.14585218,0.1478689,0.14960688,0.15108038,0.15230393,0.15329188,0.15405868,0.15461875,0.15498655,0.15517648,0.15520285,0.1550803,0.15482308,0.15444571,0.15396252
0.15837921,0.15898637,0.15949692,0.15989575,0.16016757,0.1602971,0.16026916,0.16006848,0.15967983,0.15908797,0.15827763,0.15723363,0.15594064,0.1543835,0.15254693,0.15041569,0.14797455,0.14530045,0.14248995,0.13955718,0.1365162,0.13338111,0.13016607,0.12688522,0.12355258,0.12018234,0.11678856,0.11338539,0.1099869,0.10660724,0.10326049,0.0999608,0.09672227,0.09355898,0.09048505,0.08751464,0.0846618,0.08194067,0.07936537,0.07695,0.07470868,0.0726555,0.0708046,0.06917006,0.06776602,0.06660658,0.06570585,0.065077946,0.064736985,0.06470423,0.064981356,0.06555316,0.0664044,0.06751982,0.06888418,0.07048222,0.07229873,0.07431846,0.076526165,0.078906596,0.081444524,0.0841247,0.0869319,0.089850865,0.09286634,0.09596311,0.09912593,0.102339566,0.10558875,0.108858265,0.11213285,0.11539727,0.1186363,0.121834666,0.12497717,0.12804855,0.13103357,0.13391697,0.13668348,0.13931796,0.14180508,0.14406529,0.14603856,0.14773901,0.14918073,0.15037788,0.1513445,0.15209478,0.1526428,0.15300265,0.15318845,0.15321429,0.15309437,0.1528427,0.15247345,0.15200071
0.1561076,0.15669791,0.1571944,0.15758221,0.15784654,0.15797248,0.15794532,0.15775019,0.15737225,0.15679674,0.15600878,0.15499356,0.1537363,0.15222214,0.15043625,0.14836384,0.14599012,0.14338955,0.14065589,0.13780281,0.13484412,0.13179365,0.12866509,0.12547225,0.122228906,0.11894884,0.11564582,0.11233361,0.10902598,0.105736725,0.10247963,0.09926842,0.0961169,0.09303886,0.09004805,0.087158255,0.084383234,0.08173679,0.07923267,0.07688466,0.07470655,0.07271207,0.07091503,0.06932921,0.06796837,0.066846274,0.06597671,0.06537344,0.06505025,0.06502732,0.06530573,0.06587068,0.066707335,0.06780088,0.06913648,0.070699334,0.07247463,0.07444752,0.07660319,0.078926854,0.08140363,0.084018745,0.08675737,0.08960467,0.092545845,0.09556606,0.098650485,0.101784326,0.10495273,0.108140916,0.111334026,0.114517264,0.1176758,0.120794825,0.12385951,0.12685499,0.12976651,0.13257925,0.13527834,0.13784897,0.14027639,0.14248256,0.14440869,0.14606847,0.14747576,0.14864428,0.14958782,0.15032017,0.15085508,0.15120628,0.15138769,0.1514129,0.15129583,0.15105018,0.15068978,0.15022835
0.15385373,0.1544253,0.15490597,0.15528142,0.1555373,0.15565927,0.15563297,0.15544409,0.15507816,0.15452093,0.15375811,0.15277518,0.15155794,0.150092,0.14836298,0.14635655,0.14405836,0.14154023,0.13889244,0.1361284,0.13326153,0.13030523,0.12727296,0.1241781,0.121034056,0.11785423,0.11465206,0.11144096,0.10823431,0.10504556,0.1018881,0.098775335,0.09572071,0.0927376,0.08983944,0.087039635,0.0843516,0.08178878,0.07936451,0.07709227,0.07498544,0.07305743,0.07132167,0.069791585,0.06848055,0.067402005,0.06656936,0.065996,0.06569537,0.065686226,0.065968834,0.066528864,0.06735195,0.06842373,0.06972988,0.071256064,0.0729879,0.07491104,0.07701116,0.07927391,0.081684895,0.08422982,0.08689433,0.089664035,0.09252465,0.095461756,0.098461054,0.101508185,0.1045888,0.107688546,0.11079307,0.11388803,0.11695907,0.11999185,0.12297201,0.12588522,0.12871712,0.13145337,0.1340796,0.13658148,0.13894466,0.14109288,0.1429684,0.14458455,0.14595485,0.14709266,0.1480114,0.14872451,0.14924537,0.14958736,0.14976397,0.14978854,0.14967455,0.14943534,0.1490844,0.14863509
0.15161669,0.15216748,0.15263075,0.15299264,0.15323925,0.15335678,0.15333143,0.15314935,0.15279673,0.15225971,0.15152448,0.15057723,0.1494041,0.14799124,0.1463249,0.14439118,0.14217629,0.13974887,0.13719557,0.1345293,0.13176322,0.12891026,0.12598348,0.1229959,0.11996056,0.1168905,0.113798715,0.11069825,0.10760211,0.10452335,0.10147499,0.09847007,0.09552157,0.09264256,0.08984605,0.08714509,0.08455267,0.08208185,0.07974563,0.07755705,0.07552916,0.07367493,0.07200744,0.0705397,0.06928475,0.06825558,0.067465246,0.06692676,0.066653185,0.06666158,0.06695115,0.06750811,0.06831856,0.06936871,0.07064474,0.07213281,0.073819086,0.07568973,0.07773096,0.07992892,0.082269736,0.08473964,0.08732478,0.090011336,0.09278547,0.09563337,0.09854118,0.10149508,0.10448126,0.10748587,0.1104951,0.11349509,0.11647205,0.119412124,0.122301504,0.12512635,0.12787282,0.13052711,0.13307536,0.1355038,0.13779853,0.13988502,0.14170666,0.14327641,0.14460737,0.14571248,0.14660482,0.14729746,0.14780335,0.14813554,0.14830707,0.14833093,0.14822021,0.14798786,0.14764702,0.14721064
0.14939536,0.14992373,0.15036803,0.1507151,0.15095161,0.15106437,0.15104006,0.15086542,0.1505272,0.15001212,0.14930694,0.1483984,0.14727321,0.14591815,0.14431989,0.1424652,0.14034085,0.13801202,0.13556118,0.13300098,0.130344,0.12760293,0.12479032,0.121918805,0.11900106,0.116049625,0.11307717,0.11009631,0.107119635,0.10415981,0.101229414,0.098341085,0.09550744,0.092741124,0.090054706,0.087460846,0.084972166,0.082601264,0.080360755,0.078263305,0.07632146,0.07454791,0.07295525,0.071556084,0.07036303,0.069388755,0.06864583,0.068146884,0.06790457,0.067934014,0.06823315,0.068788715,0.06958745,0.07061608,0.07186135,0.07330998,0.074948736,0.07676433,0.07874351,0.080873005,0.08313957,0.08552993,0.088030785,0.09062894,0.093311064,0.096063964,0.098874316,0.10172887,0.10461439,0.10751759,0.11042521,0.113324,0.11620066,0.11904198,0.121834636,0.12456544,0.12722103,0.12978823,0.13225374,0.13460429,0.13682665,0.13884793,0.14061262,0.14213336,0.14342271,0.1444933,0.14535776,0.14602871,0.14651881,0.14684063,0.1470068,0.14702989,0.14692263,0.14669761,0.14636736,0.1459446
0.14718878,0.14769295,0.14811695,0.14844811,0.14867379,0.14878137,0.14875816,0.14859152,0.1482688,0.1477773,0.14710444,0.14623752,0.14516385,0.14387083,0.14234577,0.14057606,0.13854899,0.13632601,0.1339852,0.13153875,0.1289988,0.12637757,0.12368721,0.12094001,0.118148066,0.1153236,0.11247884,0.10962594,0.1067771,0.10394455,0.1011404,0.098376915,0.095666274,0.09302065,0.090452224,0.08797323,0.08559586,0.08333228,0.08119467,0.079195224,0.07734619,0.075659715,0.074147984,0.07282321,0.07169757,0.07078328,0.07009254,0.069637485,0.069430366,0.069484144,0.069795266,0.070351064,0.0711389,0.0721461,0.07336001,0.07476799,0.07635737,0.0781155,0.0800297,0.08208736,0.08427578,0.08658233,0.088994354,0.09149918,0.09408416,0.09673664,0.099443965,0.10219347,0.104972534,0.10776844,0.11056859,0.11336027,0.11613088,0.11886774,0.12155818,0.124189556,0.12674923,0.12922455,0.13160278,0.13387138,0.13601762,0.13797043,0.13967535,0.14114457,0.14239024,0.14342459,0.14425975,0.14490798,0.14538147,0.14569238,0.1458529,0.14587526,0.14577164,0.1455542,0.14523517,0.14482668
0.14499593,0.1454743,0.14587662,0.14619088,0.14640503,0.14650711,0.14648512,0.14632697,0.14602074,0.14555438,0.1449159,0.14409328,0.14307448,0.14184757,0.14040044,0.13872115,0.13679768,0.13468744,0.1324636,0.13013805,0.12772235,0.1252284,0.12266787,0.120052546,0.11739416,0.114704415,0.111995116,0.109277986,0.10656477,0.1038672,0.10119707,0.098566055,0.09598597,0.09346851,0.091025464,0.08866852,0.0864095,0.08426008,0.08223204,0.080337115,0.07858709,0.07699366,0.07556856,0.07432359,0.07327047,0.072420955,0.07178677,0.071379684,0.07121143,0.071292594,0.07161795,0.0721755,0.0729532,0.07393906,0.075121075,0.07648724,0.078025535,0.07972394,0.08157048,0.0835531,0.08565984,0.08787863,0.090197526,0.092604466,0.0950875,0.09763456,0.10023366,0.10287278,0.10553995,0.10822311,0.11091028,0.11358946,0.1162486,0.11887572,0.12145877,0.12398586,0.12644488,0.12882379,0.13111065,0.13329343,0.13536012,0.13724145,0.13888392,0.1402993,0.14149934,0.1424958,0.1433004,0.1439249,0.14438103,0.14468054,0.14483522,0.14485672,0.14475688,0.14454743,0.14424005,0.14384659
0.14281575,0.14326692,0.14364636,0.14394268,0.1441447,0.14424096,0.1442202,0.14407107,0.14378227,0.14334242,0.14274026,0.14196445,0.14100362,0.13984647,0.13848169,0.13689792,0.13508387,0.13309261,0.1309923,0.12879416,0.12650959,0.124149784,0.12172603,0.11924965,0.11673189,0.11418405,0.111617394,0.109043255,0.10647284,0.103917494,0.101388454,0.09889701,0.09645448,0.09407212,0.09176118,0.089533,0.08739883,0.085369945,0.083457656,0.08167323,0.08002794,0.078533076,0.07719992,0.076039754,0.07506385,0.07428352,0.07371001,0.07335461,0.07322861,0.073340006,0.07368168,0.074242346,0.07501064,0.075975254,0.077124864,0.07844814,0.079933755,0.08157039,0.0833467,0.08525137,0.0872731,0.08940053,0.09162234,0.09392718,0.09630378,0.09874079,0.101226866,0.10375069,0.10630096,0.10886631,0.11143546,0.11399705,0.11653978,0.11905225,0.12152326,0.12394139,0.12629531,0.12857375,0.13076536,0.1328588,0.13484277,0.13664974,0.13822736,0.13958679,0.14073944,0.14169653,0.14246932,0.14306913,0.14350727,0.14379494,0.14394349,0.14396414,0.14386828,0.14366707,0.14337187,0.14299391
0.14064725,0.14106986,0.14142527,0.1417029,0.1418921,0.14198226,0.14196283,0.14182313,0.14155258,0.14114058,0.14057653,0.13984977,0.13894975,0.13786581,0.13658734,0.13510379,0.13340454,0.13153805,0.12956713,0.12750262,0.12535529,0.123135954,0.12085539,0.11852443,0.11615389,0.11375451,0.11133712,0.10891257,0.10649159,0.10408502,0.10170364,0.09935828,0.09705974,0.09481878,0.092646256,0.09055294,0.08854962,0.08664712,0.08485624,0.08318778,0.081652544,0.080261335,0.07902495,0.07795418,0.07705984,0.07635273,0.07584365,0.07554339,0.07546278,0.07560698,0.075966924,0.07653197,0.077291496,0.078234956,0.07935169,0.080631085,0.08206257,0.08363552,0.08533931,0.08716334,0.089097,0.09112969,0.093250774,0.09544967,0.09771577,0.10003844,0.10240709,0.10481111,0.10723987,0.1096828,0.11212924,0.11456863,0.11699032,0.11938371,0.12173823,0.12404322,0.12628812,0.12846226,0.13055503,0.1325559,0.13445419,0.13618423,0.13769467,0.13899627,0.14009985,0.14101619,0.1417561,0.14233036,0.14274985,0.1430253,0.1431675,0.14318733,0.14309551,0.14290288,0.14262025,0.14225839
0.13848934,0.1388822,0.13921256,0.13947064,0.13964652,0.13973036,0.13971227,0.13958241,0.13933091,0.13894795,0.13842356,0.137748,0.13691136,0.13590376,0.13471532,0.13333622,0.13175662,0.1300202,0.12818411,0.12625872,0.124254316,0.1221812,0.12004968,0.11787004,0.11565265,0.11340775,0.11114566,0.10887673,0.10661122,0.104359455,0.102131724,0.099938355,0.09778967,0.09569593,0.09366747,0.091714606,0.08984761,0.08807682,0.086412534,0.08486506,0.08344471,0.08216177,0.081026554,0.08004937,0.07924055,0.07861036,0.078169145,0.07792717,0.07789479,0.07807416,0.078454085,0.07902468,0.07977606,0.080698416,0.081781864,0.083016515,0.084392525,0.08590005,0.087529205,0.089270115,0.09111297,0.09304785,0.095064916,0.09715431,0.09930617,0.101510644,0.103757836,0.1060379,0.10834098,0.11065723,0.11297675,0.11528968,0.11758619,0.119856395,0.122090444,0.12427848,0.12641062,0.12847702,0.13046777,0.13237308,0.13418305,0.13583383,0.13727504,0.138517,0.13956998,0.14044434,0.14115036,0.14169833,0.1420986,0.14236137,0.1424971,0.14251599,0.1424284,0.14224458,0.14197488,0.14162962
0.13634099,0.13670303,0.13700746,0.13724527,0.13740735,0.1374846,0.13746789,0.13734826,0.13711649,0.13676362,0.13628043,0.1356579,0.13488698,0.13395847,0.1328634,0.13159265,0.13013707,0.12853546,0.12683915,0.12505786,0.123201504,0.121279806,0.119302586,0.11727965,0.11522077,0.11313578,0.11103443,0.10892657,0.106821984,0.10473045,0.10266178,0.10062576,0.09863222,0.09669093,0.09481168,0.09300431,0.09127858,0.08964433,0.08811128,0.08668932,0.085388176,0.084217705,0.08318767,0.08230786,0.08158811,0.08103821,0.08066792,0.08048708,0.08050547,0.080722176,0.08112366,0.08170085,0.082444645,0.08334595,0.0843957,0.0855848,0.086904146,0.08834467,0.08989729,0.09155289,0.0933024,0.095136724,0.097046785,0.099023506,0.10105775,0.103140496,0.1052626,0.10741503,0.109588616,0.111774355,0.11396308,0.116145805,0.11831334,0.12045668,0.12256666,0.12463424,0.12665033,0.1286058,0.13049166,0.13229872,0.13401794,0.13558735,0.13695747,0.13813819,0.13913924,0.1399705,0.14064167,0.14116263,0.14154314,0.14179298,0.141922,0.14193997,0.14185669,0.14168194,0.14142555,0.14109729
0.1342013,0.13453142,0.13480909,0.13502598,0.1351738,0.13524427,0.13522907,0.13511993,0.13490857,0.13458668,0.13414599,0.13357826,0.13287508,0.13202828,0.13102947,0.12987044,0.12854289,0.12708035,0.1255281,0.12389547,0.12219169,0.120426044,0.118607864,0.11674637,0.11485084,0.11293058,0.110994846,0.109052934,0.10711409,0.10518765,0.103282854,0.101408966,0.099575326,0.097791135,0.096065715,0.09440832,0.09282826,0.0913348,0.08993722,0.08864477,0.08746678,0.08641249,0.08549118,0.08471215,0.08408465,0.08361798,0.083321415,0.08320423,0.083275706,0.08353163,0.08395609,0.08454081,0.085277475,0.08615781,0.087173544,0.08831635,0.089577965,0.09095011,0.09242448,0.09399276,0.09564671,0.097378016,0.09917841,0.101039566,0.10295322,0.104911104,0.10690488,0.10892628,0.11096703,0.11301884,0.11507342,0.117122434,0.119157694,0.12117082,0.12315354,0.12509759,0.12699467,0.1288365,0.13061479,0.13232121,0.13394754,0.13543363,0.13673103,0.13784905,0.13879701,0.13958408,0.14021967,0.14071295,0.14107329,0.14130984,0.14143203,0.14144906,0.14137016,0.14120471,0.14096193,0.1406511
0.13206905,0.13236652,0.1326167,0.13281211,0.1329453,0.13300875,0.13299507,0.13289674,0.13270634,0.13241631,0.13201927,0.13150771,0.13087419,0.13011123,0.12921134,0.1281671,0.12697098,0.12565129,0.12424698,0.12276689,0.121219724,0.11961427,0.117959216,0.11626337,0.11453541,0.112784125,0.1110183,0.1092466,0.10747783,0.105720736,0.10398404,0.10227651,0.100606896,0.09898392,0.09741635,0.095912926,0.094482414,0.09313354,0.09187506,0.09071571,0.08966425,0.08872944,0.08792001,0.087244704,0.086712286,0.08633149,0.08611106,0.08605978,0.086186334,0.08648319,0.086931854,0.08752492,0.08825489,0.08911431,0.09009568,0.0911916,0.09239452,0.09369704,0.095091656,0.09657089,0.09812733,0.09975345,0.10144181,0.10318492,0.10497533,0.10680558,0.10866815,0.110555656,0.11246058,0.11437545,0.11629282,0.11820522,0.12010516,0.121985175,0.12383782,0.12565562,0.1274311,0.1291568,0.13082524,0.13242896,0.13396049,0.13536158,0.13658479,0.13763887,0.13853261,0.13927472,0.13987392,0.14033902,0.1406787,0.1409018,0.14101698,0.141033,0.14095862,0.14080264,0.14057374,0.1402807
0.12994336,0.13020739,0.13042945,0.13060291,0.13072108,0.13077745,0.13076527,0.130678,0.13050897,0.13025157,0.12989917,0.12944509,0.12888278,0.12820561,0.12740687,0.12647997,0.12541834,0.12424467,0.12299167,0.121667534,0.12028046,0.11883867,0.117350355,0.11582373,0.114267044,0.112688445,0.111096166,0.10949843,0.1079034,0.106319346,0.104754426,0.10321687,0.10171489,0.10025669,0.09885045,0.09750443,0.09622679,0.095025755,0.09390956,0.09288638,0.09196443,0.091151915,0.090457074,0.08988808,0.08945313,0.08916048,0.08901831,0.08903481,0.08921822,0.08955742,0.0900314,0.090633504,0.09135716,0.09219568,0.09314248,0.09419091,0.09533436,0.09656619,0.09787977,0.099268466,0.10072564,0.102244705,0.10381899,0.10544192,0.1071068,0.10880702,0.11053597,0.112287015,0.11405353,0.1158289,0.117606446,0.11937959,0.121141694,0.122886136,0.12460626,0.12629545,0.12794705,0.12955448,0.1311111,0.13261028,0.13404538,0.13536005,0.13650778,0.13749689,0.13833545,0.13903181,0.13959403,0.14003046,0.1403492,0.14055851,0.14066656,0.14068165,0.14061183,0.14046547,0.1402507,0.13997573
0.12782313,0.12805311,0.1282465,0.12839757,0.12850052,0.1285496,0.12853903,0.12846301,0.12831579,0.12809159,0.12778467,0.1273892,0.12689942,0.12630959,0.12561387,0.12480661,0.12388192,0.122857034,0.12175809,0.12059278,0.119368695,0.11809356,0.116775006,0.1154207,0.1140383,0.11263548,0.111219876,0.10979919,0.10838107,0.10697313,0.105583064,0.10421856,0.102887236,0.101596765,0.10035483,0.09916906,0.098047145,0.09699672,0.09602546,0.09514102,0.094351076,0.09366328,0.09308528,0.09262474,0.092289336,0.09208673,0.09202455,0.09211051,0.09235221,0.092734985,0.09323514,0.09384693,0.094564565,0.09538224,0.09629424,0.097294755,0.09837802,0.09953825,0.10076968,0.10206655,0.1034231,0.10483352,0.10629205,0.1077929,0.10933033,0.11089855,0.11249179,0.11410426,0.11573022,0.117363855,0.11899943,0.120631136,0.122253254,0.12385995,0.12544549,0.12700409,0.12852998,0.13001738,0.13146049,0.1328536,0.13419087,0.1354179,0.13648914,0.13741228,0.13819498,0.13884486,0.13936965,0.13977693,0.14007445,0.14026979,0.14037064,0.1403847,0.14031959,0.14018299,0.13998249,0.13972586
0.12570737,0.12590276,0.12606709,0.12619545,0.12628293,0.12632464,0.12631561,0.12625104,0.12612596,0.12593547,0.12567466,0.12533864,0.1249225,0.12442136,0.12383026,0.12314432,0.12235869,0.12148478,0.120542176,0.11953799,0.11847928,0.117373236,0.11622689,0.11504737,0.11384179,0.11261724,0.111380875,0.11013977,0.108900994,0.10767174,0.106459044,0.105270065,0.10411185,0.10299158,0.10191629,0.100893155,0.09992923,0.09903164,0.09820751,0.09746391,0.09680798,0.09624681,0.09578752,0.09543723,0.095203,0.09509198,0.095111266,0.095267944,0.09556916,0.09599651,0.096523605,0.09714553,0.097857386,0.09865426,0.09953126,0.10048349,0.101506,0.10259394,0.103742346,0.10494638,0.106201105,0.10750158,0.10884296,0.11022028,0.1116287,0.11306327,0.11451911,0.115991265,0.1174749,0.118965074,0.12045687,0.12194539,0.12342577,0.124893025,0.1263423,0.12776873,0.12916729,0.1305332,0.13186148,0.13314725,0.13438562,0.13552403,0.13651788,0.13737433,0.13810048,0.13870347,0.1391903,0.13956816,0.13984421,0.1400254,0.14011903,0.14013205,0.14007163,0.13994488,0.13975888,0.13952078
0.12359504,0.12375546,0.12389036,0.12399576,0.12406757,0.124101825,0.12409443,0.1240414,0.12393869,0.12378228,0.12356817,0.123292275,0.12295061,0.12253913,0.12205382,0.12149064,0.12084558,0.12012438,0.11933984,0.118498564,0.1176071,0.11667196,0.115699686,0.11469687,0.11367003,0.11262571,0.11157051,0.11051093,0.1094535,0.10840483,0.10737145,0.106359884,0.10537672,0.104428455,0.1035217,0.10266296,0.1018588,0.101115786,0.100440405,0.09983929,0.09931893,0.09888589,0.09854674,0.09830801,0.09817623,0.098158024,0.09825986,0.09848831,0.09884994,0.09932262,0.0998772,0.10050965,0.10121592,0.10199202,0.10283389,0.10373751,0.10469889,0.10571393,0.10677866,0.10788906,0.109041035,0.11023061,0.11145376,0.11270644,0.11398464,0.115284294,0.11660141,0.117932,0.11927191,0.12061725,0.12196389,0.12330786,0.1246451,0.12597165,0.1272834,0.12857635,0.12984647,0.13108978,0.13230218,0.13347967,0.13461824,0.13566723,0.13658306,0.13737224,0.13804138,0.13859698,0.13904561,0.13939387,0.13964817,0.13981517,0.1399014,0.13991341,0.13985774,0.13974093,0.13956957,0.13935016
0.12148506,0.12161028,0.12171557,0.1217978,0.121853836,0.121880546,0.12187478,0.12183341,0.12175327,0.121631205,0.12146414,0.12124884,0.12098222,0.12066112,0.12028242,0.119842954,0.119339556,0.118772246,0.11814704,0.11746994,0.11674695,0.11598402,0.11518715,0.11436236,0.113515615,0.11265288,0.1117802,0.110903494,0.110028796,0.10916208,0.10830936,0.10747656,0.106669724,0.10589483,0.10515784,0.104464784,0.103821605,0.10323435,0.10270894,0.1022514,0.10186773,0.101563856,0.10134583,0.101219624,0.10119122,0.10126661,0.101451755,0.1017527,0.102175385,0.10269394,0.1032764,0.103919625,0.10462047,0.10537579,0.10618243,0.107037276,0.10793717,0.10887896,0.109859526,0.1108757,0.11192434,0.11300232,0.114106506,0.11523374,0.11638083,0.11754474,0.11872226,0.11991025,0.12110555,0.122305065,0.12350563,0.1247041,0.1258973,0.12708214,0.12825547,0.12941413,0.13055496,0.13167487,0.13277064,0.13383919,0.13487738,0.13583644,0.13667375,0.13739532,0.13800704,0.13851506,0.1389252,0.13924357,0.13947609,0.1396288,0.13970764,0.1397186,0.13966772,0.13956094,0.13940425,0.13920364
0.11937651,0.11946629,0.11954182,0.11960083,0.119641,0.119660154,0.11965603,0.119626336,0.11956887,0.11948133,0.1193615,0.119207054,0.11901582,0.11878553,0.118513875,0.118198656,0.11783761,0.117424846,0.116959654,0.11644744,0.11589365,0.11530371,0.114683025,0.114037015,0.113371104,0.11269073,0.11200132,0.11130831,0.11061708,0.10993313,0.10926181,0.108608544,0.107978806,0.107378,0.10681157,0.1062849,0.105803445,0.105372585,0.10499781,0.10468452,0.1044381,0.104264036,0.10416772,0.10415457,0.10423003,0.1043995,0.10466843,0.105042264,0.10552636,0.10609109,0.10670164,0.107355796,0.108051285,0.10878585,0.10955722,0.11036316,0.111201406,0.11206972,0.11296582,0.11388748,0.11483243,0.11579844,0.11678322,0.1177845,0.1188001,0.1198277,0.1208651,0.12191,0.122960135,0.12401328,0.12506719,0.1261196,0.12716824,0.12821089,0.12924525,0.13026911,0.13128017,0.13227624,0.13325498,0.13421424,0.13515165,0.1360205,0.13677903,0.1374327,0.1379869,0.13844708,0.13881868,0.13910708,0.1393177,0.13945605,0.13952748,0.13953742,0.1394913,0.13939458,0.13925265,0.1390709
0.11726829,0.11732263,0.11736837,0.11740407,0.11742841,0.11744,0.11743748,0.11741953,0.11738473,0.11733172,0.11725918,0.11716573,0.11704993,0.11691052,0.11674607,0.11655524,0.11633666,0.116078645,0.11577364,0.115426496,0.1150421,0.11462533,0.11418096,0.113713935,0.11322909,0.11273128,0.11222533,0.11171619,0.11120867,0.11070761,0.1102179,0.109744355,0.10929193,0.108865395,0.10846967,0.108109556,0.107789986,0.10751577,0.107291766,0.10712287,0.107013926,0.10696976,0.1069953,0.107095346,0.10727479,0.1075385,0.10789131,0.10833808,0.108883694,0.1094947,0.11013343,0.11079854,0.11148869,0.112202466,0.11293857,0.113695584,0.11447214,0.115266934,0.116078496,0.11690556,0.117746726,0.11860062,0.1194659,0.12034119,0.12122511,0.12211628,0.123013414,0.12391508,0.12481995,0.12572661,0.12663372,0.12753995,0.12844387,0.12934415,0.13023947,0.1311284,0.13200958,0.1328817,0.13374332,0.13459313,0.13542974,0.13620827,0.13688797,0.13747367,0.13797027,0.13838263,0.1387156,0.13897401,0.13916275,0.13928676,0.13935074,0.13935962,0.13931835,0.13923165,0.13910443,0.13894163
0.11515937,0.11517836,0.11519436,0.115206845,0.115215324,0.11521939,0.11521853,0.11521223,0.11520008,0.11518154,0.115156196,0.115123495,0.11508303,0.11503429,0.11497681,0.114910096,0.11483369,0.11473006,0.11458491,0.11440249,0.11418711,0.11394309,0.11367472,0.113386296,0.113082096,0.11276645,0.11244365,0.112117946,0.11179369,0.1114752,0.11116669,0.11087253,0.110596985,0.11034437,0.110119,0.10992512,0.10976706,0.109649085,0.10957555,0.10955073,0.10957891,0.10966439,0.10981147,0.11002445,0.110307634,0.110665314,0.11110178,0.111621335,0.11222829,0.11288537,0.11355218,0.1142282,0.114912935,0.11560597,0.11630679,0.11701494,0.117729895,0.11845124,0.11917845,0.11991107,0.12064862,0.12139064,0.1221366,0.122886084,0.12363858,0.124393634,0.12515076,0.12590945,0.12666929,0.12742972,0.12819034,0.12895063,0.12971014,0.13046835,0.13122481,0.1319791,0.13273065,0.13347901,0.13422368,0.13496427,0.13570024,0.1363886,0.1369896,0.13750748,0.13794658,0.13831119,0.13860558,0.13883407,0.139001,0.13911058,0.13916717,0.13917504,0.13913852,0.13906187,0.13894941,0.13880543
0.11304875,0.113032594,0.11301899,0.11300837,0.11300113,0.112997696,0.112998426,0.113003775,0.113014124,0.1130299,0.11305144,0.11307923,0.11311364,0.11315508,0.11320398,0.11326069,0.11332565,0.11337558,0.11338936,0.11337077,0.113323525,0.11325136,0.11315801,0.11304723,0.11292273,0.11278827,0.112647586,0.1125044,0.1123625,0.11222553,0.11209731,0.111981526,0.111881964,0.11180233,0.11174634,0.11171779,0.11172036,0.111757815,0.11183389,0.11195234,0.11211687,0.11233124,0.11259915,0.1129244,0.113310665,0.11376174,0.11428133,0.114873156,0.115540974,0.11624378,0.116938345,0.11762506,0.11830435,0.118976615,0.11964223,0.12030162,0.1209552,0.121603385,0.12224657,0.122885145,0.12351953,0.12415015,0.124777384,0.12540162,0.1260233,0.12664282,0.12726058,0.12787698,0.12849241,0.12910737,0.12972215,0.13033722,0.13095295,0.13156974,0.13218804,0.13280824,0.13343073,0.13405593,0.13468423,0.13531607,0.13595179,0.13655038,0.13707298,0.13752335,0.1379052,0.13822226,0.13847823,0.13867693,0.13882208,0.13891737,0.1389666,0.13897343,0.13894169,0.13887502,0.13877723,0.13865203
0.11093536,0.11088438,0.110841475,0.110807955,0.11078513,0.11077424,0.11077658,0.11079345,0.110826105,0.11087582,0.1109439,0.111031614,0.11114025,0.11127107,0.11142536,0.11160441,0.1118095,0.11201159,0.11218296,0.11232675,0.112446144,0.11254435,0.11262452,0.11268986,0.11274355,0.11278873,0.112828605,0.11286639,0.11290523,0.11294828,0.11299878,0.11305987,0.11313475,0.1132266,0.11333857,0.113473885,0.11363568,0.11382719,0.11405154,0.11431197,0.1146116,0.11495366,0.11534128,0.11577771,0.11626605,0.11680955,0.11741134,0.118074626,0.1188026,0.119550504,0.120272405,0.12096952,0.12164317,0.12229463,0.12292516,0.12353605,0.12412864,0.124704085,0.12526377,0.12580895,0.12634091,0.12686087,0.12737022,0.12787013,0.12836197,0.12884697,0.12932642,0.12980162,0.13027376,0.13074425,0.13121429,0.1316852,0.13215826,0.1326347,0.13311584,0.13360299,0.13409734,0.13460028,0.13511302,0.13563684,0.13617307,0.13668247,0.13712725,0.13751051,0.13783546,0.1381053,0.13832317,0.13849224,0.13861579,0.13869688,0.13873877,0.13874458,0.13871756,0.13866085,0.13857763,0.13847104
0.10881824,0.10873281,0.10866097,0.10860485,0.10856661,0.10854838,0.108552314,0.108580545,0.10863523,0.10871851,0.108832516,0.108979434,0.10916134,0.10938043,0.109638855,0.10993873,0.110282205,0.11063462,0.11096161,0.11126584,0.11154986,0.111816384,0.11206802,0.11230739,0.112537116,0.1127598,0.11297813,0.113194704,0.11341217,0.11363311,0.1138602,0.11409604,0.114343286,0.114604555,0.114882454,0.115179665,0.11549879,0.11584245,0.11621325,0.11661385,0.117046885,0.11751498,0.11802077,0.11856684,0.119155884,0.1197905,0.120473295,0.121206924,0.12199402,0.12278621,0.12353478,0.12424192,0.12490971,0.12554033,0.12613598,0.12669867,0.12723067,0.12773405,0.12821098,0.12866363,0.12909412,0.12950456,0.12989718,0.13027403,0.1306373,0.13098915,0.13133168,0.1316671,0.13199753,0.13232505,0.13265191,0.13298014,0.133312,0.13364954,0.13399494,0.13435037,0.13471794,0.13509981,0.13549814,0.13591501,0.13635264,0.13677377,0.1371414,0.13745819,0.13772681,0.13794985,0.13812992,0.13826972,0.13837186,0.13843887,0.13847348,0.13847831,0.13845599,0.1384091,0.13834031,0.1382522
0.10669629,0.10657701,0.10647668,0.1063983,0.106344916,0.106319465,0.10632494,0.10636438,0.10644073,0.10655704,0.10671625,0.1069214,0.10717547,0.10748143,0.1078423,0.10826106,0.10874072,0.10924105,0.10972124,0.11018338,0.11062952,0.11106175,0.1114822,0.11189292,0.112295985,0.11269349,0.113087535,0.11348019,0.113873534,0.11426965,0.114670634,0.115078576,0.115495525,0.115923606,0.1163649,0.11682146,0.11729539,0.117788784,0.11830372,0.11884226,0.11940653,0.119998574,0.120620474,0.12127435,0.12196229,0.122686334,0.12344862,0.12425117,0.1250961,0.12593149,0.12670599,0.12742259,0.12808426,0.12869403,0.12925489,0.12976985,0.13024187,0.13067396,0.13106911,0.13143033,0.13176058,0.13206288,0.13234027,0.13259566,0.1328321,0.13305253,0.13326003,0.13345753,0.13364804,0.13383454,0.13402009,0.13420759,0.13440008,0.13460061,0.13481206,0.13503751,0.13527994,0.1355423,0.13582768,0.13613896,0.13647921,0.13681307,0.1371045,0.13735569,0.13756861,0.13774543,0.1378882,0.13799903,0.13807997,0.13813312,0.13816057,0.13816439,0.13814665,0.13810949,0.13805494,0.13798513
0.10456854,0.10441606,0.104287796,0.10418762,0.10411935,0.1040868,0.10409382,0.10414423,0.10424185,0.10439051,0.104594044,0.1048563,0.10518107,0.1055722,0.10603351,0.106568836,0.107182,0.107827365,0.10845778,0.10907479,0.109679915,0.110274725,0.11086077,0.111439586,0.11201275,0.11258179,0.11314822,0.11371363,0.11427957,0.11484758,0.11541917,0.11599593,0.116579406,0.11717111,0.117772646,0.118385516,0.11901129,0.11965148,0.120307684,0.12098145,0.12167427,0.12238773,0.12312338,0.12388272,0.124667384,0.12547886,0.12631871,0.12718846,0.12808973,0.128967,0.12976642,0.13049187,0.13114707,0.131736,0.13226232,0.13272999,0.13314275,0.13350452,0.13381903,0.13409016,0.13432173,0.1345176,0.13468151,0.13481739,0.134929,0.1350202,0.13509485,0.13515669,0.13520959,0.1352574,0.13530394,0.13535306,0.1354085,0.13547419,0.13555393,0.13565148,0.13577077,0.13591556,0.13608973,0.13629706,0.13654138,0.13678928,0.13700564,0.13719214,0.13735023,0.13748153,0.13758753,0.13766982,0.1377299,0.13776939,0.13778974,0.13779259,0.13777941,0.13775182,0.13771135,0.13765948
0.10243393,0.102249,0.102093495,0.10197202,0.101889245,0.10184977,0.10185829,0.10191943,0.10203778,0.102218054,0.10246488,0.10278287,0.10317668,0.10365096,0.10421035,0.10485948,0.10560301,0.10639001,0.10716714,0.107935436,0.10869591,0.10944958,0.11019746,0.11094059,0.111679964,0.11241665,0.11315161,0.11388589,0.11462052,0.1153565,0.11609487,0.116836645,0.11758281,0.11833445,0.11909253,0.11985812,0.12063219,0.121415764,0.12220993,0.12301563,0.12383392,0.124665834,0.12551233,0.1263745,0.12725331,0.12814984,0.12906504,0.12999998,0.13095567,0.13187331,0.1326966,0.13343012,0.1340785,0.13464645,0.13513859,0.13555951,0.13591394,0.13620642,0.13644168,0.1366243,0.13675897,0.13685031,0.136903,0.13692161,0.13691081,0.13687527,0.13681962,0.1367485,0.1366665,0.13657835,0.13648866,0.13640206,0.13632318,0.1362567,0.13620721,0.1361794,0.1361779,0.13620737,0.13627239,0.13637765,0.13652779,0.1366912,0.13683389,0.13695686,0.13706106,0.13714764,0.1372175,0.13727176,0.1373114,0.1373374,0.13735084,0.1373527,0.13734403,0.13732584,0.13729915,0.13726497
0.10029144,0.100075,0.09989297,0.099750794,0.0996539,0.099607706,0.09961768,0.09968922,0.09982778,0.10003877,0.10032765,0.10069985,0.1011608,0.101715915,0.10237065,0.10313044,0.1040007,0.10492542,0.10584526,0.10676074,0.10767234,0.108580604,0.10948599,0.110389024,0.11129022,0.11219008,0.11308908,0.11398776,0.1148866,0.11578612,0.11668681,0.11758918,0.11849374,0.119400986,0.12031142,0.12122555,0.122143865,0.123066895,0.12399517,0.12492909,0.12586926,0.12681618,0.12777026,0.12873212,0.12970217,0.13068098,0.13166904,0.13266681,0.13367485,0.1346311,0.13547692,0.13621765,0.13685878,0.13740574,0.13786393,0.13823882,0.13853583,0.1387604,0.13891797,0.1390139,0.13905375,0.13904285,0.13898668,0.13889067,0.13876024,0.13860083,0.13841787,0.13821684,0.13800307,0.13778208,0.13755931,0.13734011,0.13712999,0.1369344,0.13675869,0.13660833,0.13648877,0.13640542,0.13636377,0.13636917,0.1364271,0.13650781,0.13657828,0.136639,0.1366905,0.13673325,0.13676777,0.13679455,0.13681413,0.13682698,0.13683364,0.13683455,0.13683027,0.1368213,0.13680808,0.13679121
0.09814003,0.0978931,0.09768543,0.097523205,0.09741266,0.09735996,0.09737133,0.097452946,0.09761103,0.09785176,0.09818136,0.098606005,0.099131905,0.099765256,0.100512266,0.10137913,0.10237204,0.10343004,0.10448804,0.105546035,0.10660405,0.10766205,0.10872005,0.10977806,0.110836074,0.11189406,0.112952076,0.11401008,0.11506808,0.11612608,0.117184095,0.1182421,0.11930009,0.1203581,0.12141609,0.12247409,0.123532124,0.12459012,0.12564813,0.12670611,0.1277641,0.1288221,0.1298801,0.1309381,0.1319961,0.1330541,0.13411209,0.1351701,0.1362281,0.13722098,0.13808784,0.13883485,0.13946818,0.13999408,0.14041874,0.14074832,0.14098905,0.14114714,0.14122875,0.14124009,0.1411874,0.14107685,0.14091462,0.14070697,0.14046,0.14018,0.13987313,0.1395456,0.13920361,0.13885336,0.13850103,0.13815284,0.13781497,0.13749361,0.13719504,0.13692537,0.13669083,0.1364976,0.13635193,0.13625997,0.1362279,0.1362279,0.1362279,0.1362279,0.13622789,0.1362279,0.13622789,0.13622786,0.13622789,0.13622789,0.13622788,0.13622789,0.13622788,0.13622789,0.13622789,0.1362279
0.09597869,0.095702395,0.09547001,0.09528852,0.09516482,0.095105864,0.09511857,0.0952099,0.09538678,0.09565615,0.09602494,0.096500084,0.09708853,0.0977972,0.09863304,0.099603,0.10071398,0.10190034,0.10309143,0.104286775,0.10548588,0.10668824,0.1078934,0.109100826,0.110310055,0.1115206,0.11273196,0.113943644,0.115155175,0.11636603,0.11757576,0.11878385,0.11998981,0.121193156,0.12239339,0.12359005,0.12478262,0.1259706,0.12715352,0.12833089,0.1295022,0.130667,0.13182475,0.132975,0.13411723,0.13525097,0.13637571,0.13749099,0.13859628,0.13962361,0.14050989,0.14126205,0.14188707,0.14239183,0.14278331,0.14306843,0.14325413,0.14334734,0.14335501,0.14328405,0.14314143,0.14293405,0.14266887,0.14235285,0.14199287,0.14159591,0.14116889,0.14071874,0.14025241,0.13977683,0.13929895,0.13882567,0.13836396,0.13792077,0.13750297,0.13711758,0.13677149,0.13647163,0.13622496,0.1360384,0.13591889,0.13584037,0.13577183,0.13571274,0.13566266,0.13562107,0.13558747,0.13556142,0.13554238,0.13552988,0.13552342,0.13552251,0.13552669,0.13553543,0.13554825,0.13556468
0.09394534,0.09364207,0.093386985,0.09318775,0.09305197,0.09298725,0.0930012,0.09310144,0.093295604,0.093591295,0.09399611,0.09451766,0.0951636,0.09594149,0.096858986,0.097923666,0.09914319,0.10044752,0.10176097,0.103082605,0.104411475,0.10574663,0.10708713,0.10843202,0.10978037,0.11113126,0.11248372,0.11383679,0.11518954,0.11654105,0.11789034,0.11923653,0.12057858,0.12191564,0.12324669,0.12457084,0.12588714,0.1271946,0.12849236,0.12977937,0.13105477,0.13231759,0.13356689,0.13480175,0.13602118,0.13722424,0.13841,0.13957758,0.14072594,0.14178444,0.14268813,0.1434446,0.14406152,0.14454643,0.14490695,0.14515078,0.14528544,0.14531864,0.14525785,0.14511083,0.14488511,0.14458832,0.14422806,0.14381202,0.1433477,0.14284278,0.1423049,0.14174162,0.14116056,0.14056937,0.13997562,0.13938698,0.138811,0.13825531,0.1377276,0.13723539,0.13678633,0.13638797,0.13604805,0.1357741,0.13557377,0.13542265,0.13529076,0.13517708,0.13508071,0.13500068,0.13493602,0.13488586,0.13484922,0.1348252,0.13481276,0.13481104,0.13481906,0.1348359,0.13486058,0.13489218
0.09217015,0.09184327,0.0915684,0.09135368,0.09120735,0.09113759,0.091152646,0.09126069,0.09146991,0.09178857,0.09222484,0.09278692,0.09348304,0.094321355,0.09531014,0.09645755,0.097771816,0.09917915,0.10059944,0.10203132,0.10347346,0.10492456,0.106383204,0.10784811,0.10931796,0.11079134,0.112266965,0.11374348,0.115219556,0.116693854,0.11816504,0.119631715,0.12109262,0.122546375,0.12399166,0.12542711,0.1268514,0.12826319,0.12966117,0.13104394,0.13241023,0.13375865,0.13508789,0.13639659,0.13768339,0.13894701,0.14018609,0.14139925,0.14258522,0.14367096,0.14458986,0.14535008,0.14595993,0.14642754,0.14676106,0.14696878,0.14705893,0.14703962,0.14691919,0.14670567,0.14640741,0.14603256,0.14558929,0.14508587,0.14453052,0.14393137,0.14329669,0.14263463,0.14195341,0.14126128,0.14056644,0.139877,0.13920127,0.13854747,0.13792372,0.1373382,0.13679922,0.13631497,0.13589361,0.13554338,0.13527247,0.13505802,0.13487074,0.13470942,0.13457261,0.13445905,0.1343673,0.1342961,0.1342441,0.13420996,0.13419236,0.13418986,0.13420126,0.13422516,0.13426019,0.13430502
0.09064037,0.090293206,0.09000123,0.08977319,0.08961776,0.089543685,0.08955966,0.08967441,0.08989666,0.0902351,0.09069848,0.09129548,0.09203481,0.09292523,0.093975425,0.09519412,0.09659004,0.09808615,0.09959847,0.10112537,0.10266515,0.10421614,0.10577662,0.10734495,0.10891946,0.110498436,0.1120802,0.1136631,0.11524544,0.11682553,0.1184017,0.11997228,0.12153559,0.12308993,0.124633595,0.12616497,0.12768237,0.12918408,0.13066839,0.13213372,0.13357829,0.13500047,0.13639857,0.13777092,0.13911584,0.14043163,0.1417166,0.14296912,0.14418745,0.14529665,0.14622864,0.14699215,0.14759585,0.14804848,0.14835878,0.14853546,0.14858718,0.14852272,0.14835076,0.14808002,0.14771923,0.14727713,0.14676234,0.14618367,0.1455498,0.14486948,0.14415134,0.14340417,0.14263667,0.14185758,0.1410755,0.14029932,0.13953759,0.13879918,0.13809267,0.13742685,0.1368104,0.13625208,0.13576053,0.13534456,0.13501282,0.13474375,0.13450882,0.13430642,0.13413478,0.13399228,0.13387717,0.13378787,0.13372265,0.13367982,0.13365768,0.1336546,0.13366888,0.13369882,0.13374278,0.13379906
0.08934334,0.08897897,0.08867252,0.088433154,0.08827003,0.08819227,0.08820904,0.08832948,0.08856274,0.088917986,0.08940432,0.09003092,0.090806946,0.091741525,0.09284381,0.094122946,0.09558807,0.097159415,0.09874981,0.100357264,0.101979814,0.1036155,0.10526232,0.106918365,0.10858159,0.11025008,0.11192185,0.11359494,0.11526736,0.116937175,0.11860239,0.120261036,0.121911146,0.123550765,0.1251779,0.1267906,0.12838688,0.12996483,0.13152239,0.13305765,0.13456862,0.13605334,0.13750984,0.13893613,0.14033028,0.14169033,0.14301424,0.14430007,0.14554591,0.146675,0.1476181,0.14838435,0.14898288,0.14942285,0.14971341,0.14986373,0.14988291,0.14978014,0.14956458,0.14924528,0.1488315,0.14833231,0.14775693,0.14711446,0.14641401,0.14566481,0.14487597,0.14405665,0.14321597,0.1423631,0.14150718,0.14065734,0.1398228,0.13901256,0.13823594,0.13750196,0.13681984,0.13619873,0.1356477,0.13517597,0.13479269,0.1344773,0.13420199,0.13396473,0.13376357,0.13359654,0.13346164,0.13335697,0.13328052,0.13323028,0.13320439,0.13320075,0.13321747,0.1332526,0.13330415,0.13337007
0.08826636,0.087887704,0.08756922,0.08732046,0.08715093,0.08707015,0.087087564,0.08721273,0.087455146,0.08782432,0.08832973,0.08898093,0.08978739,0.09075864,0.09190416,0.093233466,0.09475608,0.09638993,0.098045126,0.09971948,0.10141076,0.10311675,0.10483528,0.106564105,0.10830104,0.11004385,0.11179036,0.11353834,0.115285575,0.117029876,0.11876901,0.1205008,0.122223005,0.12393342,0.12562984,0.12731007,0.1289719,0.13061312,0.1322315,0.13382486,0.13539095,0.1369276,0.13843256,0.1399037,0.14133874,0.1427355,0.14409173,0.14540525,0.14667389,0.14781952,0.14877187,0.14954036,0.1501346,0.15056404,0.15083823,0.15096669,0.15095884,0.15082423,0.15057242,0.15021284,0.14975505,0.14920853,0.14858274,0.14788729,0.14713164,0.14632526,0.14547768,0.14459841,0.143697,0.14278285,0.1418656,0.14095464,0.14005955,0.1391898,0.13835487,0.13756435,0.1368277,0.13615443,0.13555402,0.13503599,0.1346099,0.1342561,0.13394722,0.133681,0.13345532,0.13326792,0.1331166,0.13299918,0.13291341,0.13285705,0.13282798,0.13282391,0.1328427,0.1328821,0.13293989,0.1330139
0.08739675,0.08700654,0.08667836,0.08642203,0.086247325,0.08616406,0.08618202,0.086311,0.08656079,0.08694123,0.08746205,0.0881331,0.08896413,0.089964986,0.091145426,0.09251525,0.09408429,0.095768586,0.09747611,0.09920448,0.10095125,0.10271404,0.10449045,0.10627808,0.10807451,0.10987735,0.111684196,0.11349264,0.11530028,0.11710473,0.11890357,0.12069439,0.12247483,0.124242395,0.12599477,0.12772954,0.12944427,0.13113661,0.13280407,0.13444431,0.13605496,0.13763352,0.13917767,0.14068495,0.14215301,0.14357942,0.14496177,0.14629768,0.1475847,0.14874364,0.14970343,0.15047376,0.15106454,0.1514855,0.15174648,0.15185726,0.1518276,0.15166734,0.15138622,0.15099412,0.15050076,0.14991598,0.1492496,0.14851134,0.14771105,0.1468585,0.14596353,0.14503586,0.14408538,0.14312184,0.14215499,0.14119469,0.14025074,0.13933289,0.13845095,0.13761474,0.13683404,0.13611865,0.13547836,0.13492298,0.13446228,0.13407744,0.13374145,0.13345191,0.1332064,0.1330026,0.132838,0.13271026,0.13261695,0.13255568,0.13252403,0.13251963,0.13254006,0.13258289,0.1326458,0.1327263
0.086721785,0.086322606,0.0859869,0.08572466,0.085545965,0.08546079,0.08547915,0.08561112,0.08586665,0.08625581,0.086788595,0.087475024,0.08832516,0.089348994,0.09055653,0.09195782,0.09356288,0.09528634,0.097034484,0.09880475,0.1005946,0.10240148,0.10422282,0.10605607,0.1078987,0.10974811,0.11160179,0.11345718,0.11531169,0.11716284,0.119008,0.12084465,0.12267025,0.12448222,0.12627803,0.12805514,0.12981091,0.1315429,0.13324848,0.13492513,0.1365703,0.13818142,0.13975596,0.14129134,0.14278501,0.14423445,0.14563705,0.14699028,0.14829163,0.14946093,0.15042648,0.15119828,0.15178636,0.15220074,0.15245144,0.15254849,0.15250188,0.1523217,0.15201788,0.15160051,0.15107957,0.15046512,0.14976718,0.14899568,0.14816077,0.1472724,0.1463406,0.14537545,0.14438683,0.14338489,0.14237961,0.141381,0.14039911,0.13944393,0.13852552,0.13765386,0.13683896,0.13609089,0.13541964,0.13483523,0.13434774,0.13393879,0.13358174,0.13327411,0.13301326,0.13279666,0.13262174,0.132486,0.13238686,0.13232176,0.13228817,0.13228343,0.13230515,0.13235071,0.13241751,0.13250302
0.086228795,0.08582305,0.08548185,0.08521534,0.085033685,0.084947124,0.0849658,0.085099906,0.08535964,0.08575517,0.086296685,0.086994395,0.08785843,0.08889905,0.090126395,0.09155066,0.09318202,0.0949341,0.09671191,0.0985128,0.10033412,0.10217317,0.10402732,0.105893925,0.10777026,0.10965372,0.1115416,0.11343127,0.11532004,0.117205255,0.119084254,0.12095439,0.12281299,0.12465738,0.12648492,0.12829292,0.13007869,0.13183966,0.13357309,0.13527633,0.13694674,0.13858162,0.14017838,0.14173424,0.14324664,0.14471288,0.14613028,0.14749621,0.14880799,0.14998484,0.15095459,0.15172745,0.15231358,0.15272315,0.15296634,0.15305336,0.15299441,0.15279965,0.15247923,0.15204342,0.15150236,0.15086621,0.15014519,0.14934945,0.14848925,0.14757472,0.14661607,0.14562345,0.14460701,0.14357705,0.14254369,0.1415171,0.14050752,0.13952507,0.13858,0.1376824,0.13684253,0.13607062,0.13537675,0.13477117,0.13426405,0.1338375,0.13346511,0.13314423,0.13287215,0.13264625,0.13246383,0.13232222,0.13221882,0.13215092,0.13211584,0.13211095,0.1321336,0.13218108,0.13225079,0.13233997
0.08590506,0.08549504,0.08515021,0.08488085,0.084697306,0.08460982,0.084628694,0.08476421,0.0850267,0.08542642,0.085973665,0.086678766,0.08755198,0.08860361,0.08984396,0.091283284,0.09293193,0.094702795,0.09650009,0.09832109,0.10016307,0.102023266,0.10389896,0.10578742,0.10768594,0.109591715,0.11150207,0.11341425,0.11532552,0.11723313,0.11913436,0.12102646,0.12290674,0.12477239,0.12662077,0.12844907,0.13025455,0.13203453,0.13378625,0.13550696,0.1371939,0.1388444,0.1404557,0.1420251,0.14354977,0.14502703,0.14645417,0.1478284,0.14914703,0.15032889,0.15130141,0.15207495,0.15265976,0.15306617,0.15330444,0.1533849,0.1533178,0.15311347,0.1527822,0.15233426,0.15177993,0.15112957,0.15039341,0.14958179,0.14870496,0.14777322,0.1467969,0.14578629,0.1447516,0.14370324,0.14265144,0.14160648,0.14057866,0.13957831,0.1386157,0.13770115,0.13684493,0.1360573,0.13534859,0.1347291,0.13420911,0.13377102,0.13338855,0.13305895,0.1327795,0.13254745,0.1323601,0.13221468,0.13210846,0.13203871,0.13200271,0.13199766,0.1320209,0.13206972,0.13214126,0.13223292
0.08573791,0.08532567,0.084978975,0.08470818,0.08452361,0.08443566,0.084454626,0.08459088,0.0848548,0.08525667,0.08580689,0.0865158,0.087393746,0.088451065,0.08969812,0.09114526,0.092802815,0.09458337,0.09639072,0.0982221,0.10007473,0.10194585,0.10383269,0.105732456,0.10764238,0.109559715,0.11148166,0.11340548,0.11532834,0.11724751,0.11916022,0.12106369,0.12295512,0.124831796,0.1266909,0.12852968,0.13034536,0.13213514,0.13389628,0.13562602,0.13732155,0.13898009,0.14059894,0.14217526,0.14370628,0.14518924,0.1466214,0.14799993,0.1493221,0.1505065,0.15148051,0.15225436,0.15283853,0.1532433,0.15347902,0.15355608,0.15348479,0.15327553,0.1529386,0.1524844,0.1519233,0.15126556,0.15052159,0.14970174,0.14881632,0.14787571,0.1468903,0.14587034,0.1448263,0.14376837,0.14270705,0.14165261,0.14061545,0.13960582,0.13863419,0.13771085,0.13684613,0.1360504,0.13533406,0.13470736,0.13418074,0.13373667,0.13334902,0.13301492,0.13273168,0.13249646,0.13230655,0.13215913,0.1320515,0.13198078,0.13194428,0.13193917,0.13196278,0.13201219,0.13208474,0.1321776
0.08571464,0.085302085,0.08495514,0.08468414,0.08449943,0.084411405,0.08443039,0.08456675,0.084830865,0.08523304,0.08578368,0.08649311,0.0873717,0.088429816,0.0896778,0.09112603,0.09278484,0.09456673,0.096375495,0.09820832,0.10006244,0.10193509,0.10382346,0.1057248,0.10763633,0.109555274,0.11147883,0.11340425,0.11532873,0.11724952,0.11916383,0.12106887,0.12296188,0.124840066,0.12670067,0.12854093,0.130358,0.13214916,0.13391162,0.1356426,0.13733932,0.13899902,0.14061888,0.14219618,0.14372808,0.14521185,0.14664467,0.14802383,0.14934649,0.15053123,0.1515054,0.15227933,0.1528634,0.15326793,0.15350333,0.15357992,0.15350804,0.15329808,0.15296039,0.15250535,0.15194325,0.15128452,0.15053946,0.14971845,0.14883184,0.14789,0.14690332,0.14588207,0.14483668,0.14377746,0.14271478,0.14165904,0.14062054,0.13960965,0.13863675,0.13771218,0.1368463,0.13604948,0.13533203,0.13470435,0.13417679,0.13373189,0.13334347,0.13300878,0.132725,0.13248935,0.13229908,0.13215138,0.13204354,0.13197272,0.13193613,0.13193105,0.13195466,0.13200422,0.1320769,0.13216993
0.08582254,0.08541142,0.08506567,0.08479562,0.08461156,0.08452384,0.08454275,0.08467864,0.08494184,0.085342616,0.08589134,0.08659831,0.087473854,0.08852831,0.089771956,0.09121516,0.092868194,0.09464384,0.0964461,0.09827223,0.10011946,0.10198506,0.10386626,0.10576029,0.10766444,0.109575935,0.11149199,0.113409914,0.115326904,0.11724023,0.11914712,0.12104485,0.12293063,0.12480172,0.12665537,0.12848888,0.13029939,0.1320842,0.13384058,0.13556571,0.13725694,0.1389114,0.14052641,0.14209922,0.14362703,0.14510714,0.14653672,0.14791308,0.14923348,0.15041657,0.15138981,0.15216352,0.15274799,0.1531536,0.15339063,0.15346938,0.15340024,0.15319346,0.15285942,0.15240838,0.15185072,0.15119672,0.1504567,0.14964099,0.14875996,0.14782384,0.146843,0.14582779,0.14478847,0.1437354,0.1426789,0.14162925,0.1405968,0.13959189,0.13862485,0.13770594,0.13684553,0.13605392,0.1353414,0.13471837,0.1341951,0.13375406,0.13336903,0.13303721,0.13275588,0.13252228,0.13233367,0.13218726,0.13208035,0.1320101,0.13197386,0.1319688,0.13199222,0.1320413,0.13211337,0.13220562
0.08604893,0.085640825,0.08529761,0.08502951,0.08484681,0.084759735,0.084778525,0.08491341,0.08517467,0.08557252,0.086117245,0.086819045,0.08768819,0.08873493,0.089969486,0.09140214,0.0930431,0.0948056,0.09659422,0.09840631,0.10023908,0.1020899,0.103956014,0.10583476,0.10772341,0.10961927,0.11151964,0.11342182,0.11532307,0.11722073,0.11911209,0.12099444,0.12286507,0.124721296,0.12656036,0.12837966,0.13017641,0.13194793,0.13369149,0.13540445,0.13708404,0.13872762,0.14033243,0.1418958,0.14341503,0.14488739,0.14631021,0.14768074,0.14899635,0.15017599,0.15114728,0.1519205,0.1525059,0.15291372,0.15315416,0.15323757,0.15317406,0.15297401,0.15264754,0.152205,0.15165657,0.15101251,0.15028311,0.14947851,0.1486091,0.147685,0.14671652,0.14571388,0.14468737,0.14364716,0.14260353,0.14156677,0.14054704,0.13955466,0.13859983,0.13769281,0.13684388,0.13606319,0.1353611,0.13474779,0.13423353,0.13380061,0.13342258,0.13309686,0.13282067,0.13259138,0.13240619,0.1322625,0.1321575,0.13208857,0.13205297,0.13204803,0.132071,0.1321192,0.13218994,0.13228048
0.08638113,0.08597743,0.08563793,0.08537272,0.085192,0.08510586,0.085124426,0.08525787,0.0855163,0.085909866,0.08644869,0.08714292,0.08800267,0.08903809,0.09025933,0.09167647,0.09329972,0.095042944,0.0968116,0.098603025,0.100414604,0.10224373,0.10408774,0.10594404,0.10780994,0.10968289,0.111560196,0.11343927,0.11531746,0.11719213,0.11906071,0.12092049,0.122768894,0.12460326,0.12642096,0.12821941,0.12999596,0.13174795,0.13347279,0.13516782,0.13683042,0.13845797,0.14004783,0.14159739,0.14310397,0.14456505,0.14597785,0.14733987,0.14864841,0.14982297,0.1507914,0.15156393,0.15215066,0.1525617,0.15280724,0.15289736,0.15284222,0.15265192,0.15233666,0.15190658,0.1513717,0.15074226,0.15002838,0.14924015,0.14838776,0.14748128,0.14653093,0.14554678,0.14453898,0.14351769,0.14249296,0.14147505,0.140474,0.13949999,0.13856314,0.13767357,0.13684145,0.13607688,0.13539001,0.13479096,0.1342899,0.13386881,0.13350117,0.13318436,0.13291577,0.1326927,0.13251261,0.13237286,0.13227075,0.13220367,0.13216907,0.13216428,0.1321866,0.1322335,0.1323023,0.13239037
0.086806424,0.08640837,0.0860736,0.08581212,0.085633904,0.08554897,0.085567296,0.08569886,0.085953675,0.086341746,0.08687303,0.08755756,0.08840529,0.08942623,0.090630375,0.092027724,0.09362826,0.09534682,0.097089864,0.09885488,0.10063934,0.102440685,0.10425637,0.10608392,0.107920736,0.10976431,0.111612126,0.11346161,0.11531025,0.11715554,0.1189949,0.12082583,0.12264573,0.12445213,0.1262425,0.12801427,0.12976494,0.13149193,0.13319275,0.13486484,0.13650568,0.13811271,0.13968344,0.14121532,0.14270575,0.1441523,0.14555238,0.14690347,0.14820299,0.14937103,0.1503358,0.15110742,0.15169585,0.15211107,0.15236306,0.1524618,0.15241732,0.15223962,0.15193865,0.15152447,0.151007,0.15039624,0.14970225,0.14893498,0.14810438,0.14722049,0.14629331,0.14533284,0.14434904,0.1433519,0.14235145,0.14135766,0.14038049,0.13943,0.13851614,0.13764894,0.13683835,0.13609438,0.13542701,0.13484626,0.1343621,0.13395618,0.13360178,0.1332964,0.13303748,0.13282248,0.13264889,0.13251412,0.13241571,0.1323511,0.13231774,0.13231307,0.1323346,0.13237981,0.13244611,0.13253102
