0.13476183,0.13471566,0.13467689,0.13464658,0.13462594,0.1346161,0.13461821,0.13463345,0.13466297,0.13470796,0.1347695,0.13484885,0.13494706,0.13506539,0.13520496,0.13536686,0.13555235,0.13579148,0.13610823,0.13649462,0.13694257,0.13744408,0.13799104,0.13857552,0.13918945,0.13982481,0.14047354,0.14112765,0.14177902,0.14241974,0.14304169,0.14363688,0.14419729,0.14471483,0.14518154,0.1455893,0.14593019,0.14619608,0.14637898,0.14647087,0.1464637,0.14634944,0.14612009,0.14576757,0.14528388,0.14466098,0.14389086,0.14296544,0.14187671,0.14069149,0.13948272,0.1382516,0.1369992,0.13572678,0.1344354,0.13312629,0.13180056,0.13045941,0.12910397,0.12773542,0.12635487,0.12496355,0.12356255,0.12215307,0.12073628,0.11931327,0.11788527,0.11645341,0.11501882,0.1135827,0.112146206,0.11071049,0.109276675,0.10784596,0.1064195,0.10499844,0.103583954,0.102177165,0.10077926,0.09939139,0.098014735,0.09672836,0.095605314,0.09463752,0.093817,0.09313567,0.09258553,0.09215852,0.09184664,0.09164182,0.09153609,0.09152137,0.09158963,0.09173286,0.091943026,0.092212066
0.13472113,0.13467431,0.13463493,0.13460419,0.13458322,0.13457322,0.13457538,0.13459086,0.13462083,0.1346665,0.13472897,0.1348095,0.13490918,0.1350293,0.13517092,0.13533531,0.13552356,0.13576607,0.13608696,0.13647813,0.13693145,0.13743883,0.13799217,0.13858336,0.13920425,0.13984676,0.14050283,0.14116427,0.14182301,0.14247094,0.14309996,0.14370197,0.1442688,0.14479241,0.14526466,0.14567745,0.14602266,0.1462922,0.14647795,0.14657177,0.14656562,0.14645135,0.14622083,0.14586599,0.14537871,0.14475091,0.1439744,0.14304116,0.14194304,0.14074743,0.1395279,0.13828567,0.13702188,0.13573772,0.13443437,0.133113,0.13177472,0.13042082,0.12905245,0.12767074,0.12627687,0.12487201,0.123457365,0.122034125,0.12060342,0.11916645,0.1177244,0.11627843,0.11482968,0.11337939,0.11192873,0.11047882,0.10903089,0.10758608,0.10614559,0.104710564,0.10328222,0.10186172,0.1004502,0.099048905,0.09765895,0.096360214,0.09522634,0.094249256,0.09342082,0.09273294,0.092177495,0.09174638,0.091431506,0.09122472,0.091117956,0.09110308,0.09117203,0.09131662,0.0915288,0.091800444
0.13468693,0.13463955,0.13459966,0.13456851,0.1345473,0.13453719,0.13453937,0.13455504,0.13458538,0.13463157,0.13469487,0.1347764,0.13487734,0.13499892,0.13514236,0.13530874,0.13549936,0.1357447,0.13606906,0.13646425,0.13692209,0.13743444,0.13799311,0.13858992,0.13921666,0.13986525,0.14052746,0.14119509,0.14186,0.14251405,0.14314899,0.14375669,0.14432898,0.14485766,0.1453346,0.1457516,0.14610043,0.14637303,0.14656115,0.14665666,0.14665133,0.14653702,0.14630558,0.14594877,0.14545847,0.14482649,0.1440447,0.14310485,0.14199881,0.14079444,0.1395659,0.13831434,0.13704093,0.13574693,0.1344335,0.13310178,0.13175303,0.1303884,0.1290091,0.12761632,0.12621123,0.12479503,0.123368934,0.121934064,0.12049171,0.11904299,0.117589116,0.11613127,0.11467062,0.11320842,0.11174583,0.11028401,0.10882418,0.10736751,0.10591523,0.104468465,0.10302847,0.10159642,0.10017349,0.098760866,0.09735973,0.09605059,0.094907634,0.09392272,0.093087636,0.09239424,0.091834344,0.09139977,0.09108238,0.09087394,0.09076632,0.090751335,0.09082081,0.09096657,0.09118045,0.09145427
0.13466021,0.13461235,0.1345721,0.13454066,0.13451923,0.13450901,0.13451125,0.13452706,0.1345577,0.13460433,0.13466822,0.13475053,0.13485245,0.13497522,0.13512,0.13528802,0.13548046,0.135728,0.13605504,0.1364534,0.13691477,0.13743101,0.13799383,0.13859504,0.13922639,0.13987967,0.1405467,0.14121917,0.1418889,0.14254767,0.14318727,0.14379942,0.14437596,0.1449086,0.14538918,0.14580946,0.1461612,0.14643614,0.14662616,0.1467229,0.14671826,0.14660394,0.14637174,0.14601341,0.14552076,0.14488558,0.14409956,0.14315458,0.14204237,0.14083117,0.13959554,0.1383367,0.13705581,0.13575411,0.13443278,0.13309303,0.13173606,0.13036303,0.12897524,0.12757382,0.12615995,0.124734886,0.12329982,0.121855915,0.12040444,0.11894654,0.11748342,0.116016306,0.11454638,0.11307486,0.11160296,0.11013183,0.1086627,0.1071968,0.105735265,0.10427936,0.10283027,0.1013892,0.099957325,0.098535866,0.09712602,0.09580874,0.0946587,0.09366765,0.09282739,0.092129685,0.09156632,0.09112904,0.09080966,0.09059995,0.090491645,0.09047659,0.090546474,0.09069315,0.090908356,0.09118387
0.134642,0.13459383,0.13455334,0.1345217,0.13450012,0.13448983,0.13449207,0.13450798,0.13453881,0.13458578,0.13465008,0.13473292,0.13483551,0.13495904,0.13510478,0.13527389,0.13546757,0.13571665,0.13604553,0.13644598,0.13690981,0.13742864,0.13799432,0.13859852,0.13923301,0.13988952,0.14055979,0.14123558,0.14190859,0.14257061,0.14321333,0.14382857,0.144408,0.14494337,0.14542644,0.14584894,0.14620261,0.14647919,0.14667045,0.14676808,0.14676388,0.14664954,0.14641684,0.14605746,0.14556323,0.14492582,0.14413701,0.14318848,0.14207207,0.1408562,0.13961579,0.13835195,0.13706598,0.135759,0.13443232,0.13308705,0.13172449,0.1303458,0.12895216,0.12754485,0.12612501,0.12469394,0.12325272,0.12180269,0.12034497,0.11888081,0.1174114,0.11593797,0.114461705,0.112983845,0.11150557,0.1100281,0.10855264,0.10708044,0.10561265,0.10415049,0.10269521,0.101247974,0.099810004,0.09838253,0.09696674,0.09564392,0.09448903,0.09349383,0.092650026,0.09194937,0.09138364,0.09094453,0.09062381,0.09041319,0.09030446,0.09028932,0.09035953,0.090506814,0.09072292,0.09099959
0.13463335,0.13458501,0.13454437,0.13451262,0.13449101,0.1344807,0.13448294,0.1344989,0.13452983,0.13457693,0.13464141,0.13472451,0.13482742,0.13495135,0.1350975,0.13526715,0.13546143,0.13571122,0.13604099,0.13644251,0.13690744,0.13742757,0.13799454,0.1386002,0.13923617,0.1398942,0.14056602,0.14124338,0.14191799,0.14258155,0.14322579,0.14384246,0.14442326,0.14495993,0.14544417,0.14586772,0.14622235,0.14649971,0.14669158,0.14678963,0.14678562,0.14667128,0.14643832,0.14607847,0.14558345,0.144945,0.1441548,0.14320467,0.14208622,0.14086814,0.13962542,0.13835925,0.13707079,0.13576137,0.13443208,0.13308421,0.131719,0.13033755,0.12894115,0.12753104,0.12610838,0.124674395,0.123230286,0.1217773,0.12031661,0.11884947,0.117377065,0.115900636,0.114421375,0.11294047,0.11145917,0.10997866,0.108500205,0.107024975,0.1055542,0.10408906,0.10263081,0.101180665,0.09973979,0.09830945,0.096890815,0.09556534,0.09440816,0.09341097,0.09256548,0.09186346,0.09129658,0.0908566,0.09053521,0.090324186,0.090215236,0.09020007,0.0902704,0.09041801,0.09063453,0.09091176
0.13463522,0.13458693,0.13454631,0.1345146,0.13449296,0.13448268,0.1344849,0.13450085,0.13453178,0.13457885,0.13464329,0.13472633,0.13482918,0.134953,0.1350991,0.13526861,0.13546276,0.13571237,0.13604197,0.13644324,0.13690794,0.13742778,0.13799451,0.13859983,0.13923548,0.1398932,0.1405647,0.14124168,0.14191596,0.14257918,0.1432231,0.14383945,0.14441995,0.14495635,0.14544034,0.14586368,0.14621808,0.1464953,0.146687,0.14678499,0.14678094,0.14666662,0.14643368,0.14607394,0.1455791,0.14494088,0.14415097,0.14320119,0.14208317,0.14086558,0.13962333,0.13835765,0.13706976,0.13576083,0.13443215,0.13308485,0.13172017,0.13033934,0.12894355,0.12753402,0.12611197,0.124678604,0.12323514,0.121782765,0.12032274,0.11885622,0.117384456,0.11590867,0.11443006,0.112949826,0.11146917,0.10998933,0.10851152,0.10703695,0.105566785,0.104102306,0.1026447,0.101195164,0.09975493,0.09832522,0.0969072,0.09558231,0.09442561,0.09342883,0.092583716,0.09188198,0.09131534,0.09087556,0.09055433,0.09034339,0.09023448,0.090219304,0.090289615,0.09043714,0.09065359,0.09093069
0.13464865,0.1346006,0.1345602,0.1345286,0.13450709,0.13449684,0.13449904,0.13451494,0.1345457,0.13459255,0.13465668,0.13473935,0.13484167,0.13496494,0.13511033,0.13527903,0.13547227,0.13572079,0.136049,0.1364487,0.13691165,0.13742954,0.13799413,0.13859726,0.13923061,0.13988592,0.14055502,0.14122958,0.14190142,0.14256224,0.14320382,0.14381793,0.1443963,0.1449307,0.14541286,0.14583454,0.14618751,0.14646353,0.14665431,0.14675163,0.14674723,0.14663291,0.14640036,0.14604142,0.14554775,0.14491113,0.14412335,0.14317612,0.14206123,0.14084709,0.13960841,0.13834637,0.1370623,0.13575725,0.13443248,0.13308923,0.13172871,0.13035208,0.1289606,0.12755537,0.12613776,0.12470885,0.12326988,0.12182209,0.12036664,0.11890478,0.11743767,0.11596652,0.114492565,0.11301699,0.11154107,0.11006589,0.108592756,0.10712284,0.10565733,0.10419747,0.10274443,0.10129944,0.0998637,0.09843841,0.0970248,0.09570399,0.09455088,0.09355717,0.09271467,0.092015095,0.091450214,0.091011785,0.09069155,0.09048126,0.09037268,0.090357564,0.09042766,0.090574734,0.090790495,0.09106676
0.13467467,0.13462706,0.13458702,0.13455573,0.1345344,0.13452429,0.13452645,0.1345422,0.13457268,0.13461909,0.13468264,0.13476454,0.13486594,0.13498807,0.13513209,0.13529927,0.1354907,0.13573705,0.13606264,0.13645928,0.13691875,0.13743286,0.13799344,0.13859224,0.13922115,0.13987188,0.14053628,0.14120615,0.14187327,0.14252947,0.14316653,0.14377628,0.14435051,0.14488102,0.14535964,0.14577809,0.1461283,0.14640199,0.14659095,0.14668705,0.14668202,0.14656772,0.14633588,0.1459784,0.14548703,0.14485359,0.14406987,0.14312766,0.14201878,0.1408113,0.13957947,0.13832459,0.13704778,0.13575022,0.13443317,0.13309777,0.13174525,0.13037679,0.12899359,0.12759683,0.12618771,0.12476745,0.123337224,0.12189825,0.12045167,0.118998736,0.11754062,0.11607851,0.114613645,0.11314718,0.111680284,0.1102142,0.10875014,0.107289225,0.1058327,0.104381755,0.10293757,0.10150139,0.100074336,0.098657675,0.097252555,0.095939666,0.094793476,0.093805745,0.09296828,0.09227291,0.09171141,0.09127562,0.0909573,0.090748295,0.09064036,0.09062532,0.090694994,0.09084119,0.09105566,0.09133027
0.13471434,0.1346674,0.13462791,0.13459708,0.13457607,0.13456607,0.13456821,0.13458373,0.13461377,0.13465954,0.13472222,0.13480291,0.13490286,0.13502327,0.13516523,0.13533,0.13551874,0.13576181,0.1360834,0.13647537,0.13692959,0.13743795,0.13799238,0.13858466,0.13920671,0.13985045,0.14050773,0.14117041,0.14183038,0.14247954,0.14310972,0.14371285,0.14428078,0.14480542,0.14527857,0.14569218,0.14603814,0.1463083,0.1464945,0.14658868,0.14658266,0.1464684,0.1462377,0.14588246,0.1453946,0.14476596,0.14398836,0.14305383,0.14195414,0.14075679,0.13953546,0.13829137,0.13702568,0.13573954,0.13443418,0.13311076,0.13177042,0.1304144,0.12904382,0.12765989,0.1262638,0.1248567,0.12343976,0.1220142,0.12058118,0.119141884,0.11769748,0.11624913,0.11479804,0.11334539,0.11189233,0.11044005,0.10898974,0.10754259,0.106099725,0.104662396,0.103231736,0.10180892,0.10039514,0.09899157,0.0975994,0.09629859,0.09516292,0.09418427,0.093354516,0.09266553,0.09210921,0.09167742,0.09136202,0.09115491,0.09104799,0.0910331,0.09110212,0.09124698,0.091459475,0.091731556
0.1347686,0.13472259,0.1346839,0.13465366,0.13463308,0.13462324,0.13462536,0.13464059,0.13467003,0.13471493,0.13477631,0.13485543,0.13495341,0.13507143,0.13521065,0.13537215,0.13555716,0.13579573,0.13611181,0.13649738,0.13694446,0.13744494,0.13799086,0.13857424,0.139187,0.13982111,0.14046863,0.1411215,0.14177167,0.14241116,0.14303195,0.14362599,0.14418529,0.14470182,0.1451676,0.14557455,0.14591469,0.14617997,0.14636242,0.14645398,0.14644665,0.14633241,0.14610325,0.1457511,0.14526804,0.14464593,0.14387685,0.14295274,0.14186561,0.14068212,0.13947518,0.1382459,0.13699543,0.13572495,0.13443558,0.13312851,0.13180491,0.13046587,0.1291126,0.12774625,0.12636794,0.12497887,0.12358017,0.12217298,0.1207585,0.11933784,0.11791219,0.11648267,0.11505048,0.11361673,0.11218259,0.110749245,0.10931781,0.10788947,0.106465325,0.105046615,0.10363444,0.10222995,0.10083433,0.09944872,0.09807427,0.096789986,0.09566874,0.09470253,0.0938833,0.09320307,0.0926538,0.092227496,0.091916114,0.09171164,0.09160606,0.09159137,0.09165953,0.091802515,0.092012346,0.092280954
0.13483855,0.13479373,0.13475603,0.13472658,0.13470651,0.13469698,0.13469902,0.13471383,0.13474253,0.13478622,0.13484605,0.13492312,0.13501857,0.13513352,0.13526912,0.13542645,0.13560666,0.13583945,0.13614842,0.13652575,0.13696356,0.13745391,0.13798895,0.1385608,0.13916159,0.13978337,0.14041829,0.1410585,0.14169604,0.1423231,0.14293173,0.1435141,0.14406231,0.14456843,0.14502461,0.14542297,0.14575563,0.14601469,0.14619228,0.14628045,0.14627142,0.14615719,0.14592999,0.14558189,0.14510494,0.14449133,0.14373317,0.14282253,0.14175156,0.14058599,0.13939752,0.1381873,0.13695647,0.1357061,0.1344374,0.13315141,0.13184932,0.1305322,0.12920125,0.12785749,0.12650214,0.12513627,0.12376103,0.12237755,0.12098694,0.11959032,0.11818883,0.11678359,0.11537572,0.11396636,0.11255662,0.11114761,0.10974051,0.108336374,0.106936395,0.10554165,0.10415329,0.10277244,0.1014002,0.100037694,0.09868609,0.097423084,0.096320435,0.09537024,0.09456458,0.09389564,0.09335548,0.092936225,0.09263001,0.09242893,0.0923251,0.09231067,0.09237767,0.09251829,0.092724636,0.0929888
0.13492514,0.1348818,0.13484535,0.13481687,0.13479748,0.13478823,0.13479023,0.13480456,0.1348323,0.13487454,0.1349324,0.13500693,0.13509922,0.1352104,0.13534154,0.13549371,0.13566795,0.13589354,0.13619377,0.1365609,0.13698722,0.13746504,0.13798662,0.1385442,0.1391301,0.1397366,0.14035594,0.14098044,0.14160237,0.14221402,0.14280763,0.1433755,0.14390995,0.14440317,0.14484753,0.14523527,0.14555867,0.14580998,0.14598155,0.14606558,0.14605437,0.14594026,0.14571546,0.14537227,0.14490297,0.14429985,0.14355518,0.14266126,0.14161032,0.14046688,0.13930131,0.13811474,0.1369082,0.1356828,0.13443963,0.1331798,0.13190433,0.13061439,0.129311,0.12799528,0.12666833,0.12533124,0.12398506,0.12263092,0.12126986,0.11990299,0.11853144,0.11715625,0.11577851,0.11439934,0.113019794,0.111641,0.11026399,0.10888986,0.10751975,0.10615473,0.10479587,0.10344424,0.10210097,0.10076713,0.0994438,0.09820717,0.09712752,0.09619714,0.09540833,0.09475334,0.09422447,0.093813956,0.09351414,0.09331726,0.09321559,0.09320143,0.09326706,0.09340475,0.093606785,0.09386543
0.13502946,0.13498788,0.13495292,0.13492563,0.13490702,0.13489816,0.13490008,0.13491379,0.13494042,0.13498095,0.1350364,0.13510789,0.13519642,0.13530299,0.13542873,0.13557464,0.13574177,0.1359587,0.13624835,0.13660322,0.13701576,0.13747846,0.13798374,0.1385242,0.13909218,0.13968025,0.14028086,0.14088646,0.14148957,0.14208263,0.14265817,0.14320862,0.14372647,0.14420421,0.14463428,0.1450092,0.14532144,0.14556345,0.14572775,0.14580676,0.14579302,0.14567898,0.14545709,0.14511988,0.14465977,0.14406927,0.14334086,0.14246702,0.14144021,0.14032346,0.1391855,0.13802736,0.13685009,0.13565473,0.13444234,0.13321394,0.13197058,0.13071331,0.12944318,0.1281612,0.12686847,0.125566,0.12425485,0.12293603,0.12161057,0.12027957,0.11894405,0.11760503,0.11626363,0.1149208,0.11357761,0.11223514,0.11089441,0.10955644,0.10822232,0.10689307,0.10556971,0.10425333,0.10294492,0.10164559,0.10035632,0.09915144,0.0980995,0.09719303,0.09642445,0.0957863,0.09527098,0.09487102,0.09457889,0.09438706,0.09428801,0.09427423,0.09433817,0.09447233,0.09466917,0.09492118
0.13515247,0.135113,0.13507983,0.13505389,0.13503623,0.13502781,0.13502963,0.13504267,0.13506794,0.13510641,0.13515909,0.13522695,0.135311,0.13541219,0.1355316,0.13567014,0.13582881,0.13603555,0.13631277,0.13665313,0.1370494,0.13749424,0.1379804,0.13850056,0.13904746,0.13961379,0.14019229,0.1407756,0.14135651,0.1419277,0.14248191,0.14301176,0.14351006,0.14396949,0.14438279,0.14474258,0.14504164,0.14527267,0.1454284,0.14550152,0.14548475,0.14537081,0.14515235,0.14482215,0.1443729,0.1437973,0.14308807,0.14223793,0.1412396,0.1401543,0.13904887,0.1379243,0.13678154,0.13562164,0.1344455,0.1332542,0.13204871,0.13083002,0.1295991,0.12835692,0.12710455,0.12584291,0.124573044,0.12329585,0.12201244,0.120723695,0.11943072,0.118134394,0.11683577,0.11553583,0.11423554,0.11293593,0.11163797,0.11034263,0.109050944,0.10776389,0.10648244,0.105207585,0.103940345,0.10268167,0.10143259,0.10026514,0.09924593,0.09836762,0.09762292,0.097004585,0.09650531,0.09611779,0.09583473,0.09564886,0.09555289,0.095539525,0.095601484,0.09573148,0.0959222,0.09616637
0.13529523,0.1352582,0.13522704,0.13520274,0.13518617,0.13517824,0.13517995,0.1351922,0.1352159,0.13525198,0.13530144,0.13536511,0.13544399,0.13553894,0.13565098,0.13578095,0.13592984,0.13612475,0.13638751,0.13671108,0.13708843,0.13751261,0.1379765,0.13847317,0.13899556,0.13953668,0.1400895,0.14064698,0.14120212,0.14174792,0.14227733,0.14278334,0.14325897,0.14369714,0.14409088,0.14443316,0.14471698,0.14493527,0.14508107,0.14514731,0.14512701,0.14501315,0.1447987,0.14447667,0.14404,0.14348169,0.14279471,0.1419721,0.14100675,0.139958,0.13889033,0.13780467,0.13670197,0.13558318,0.13444918,0.13330096,0.13213938,0.13096544,0.12978002,0.12858404,0.1273785,0.12616426,0.12494227,0.12371346,0.12247877,0.121239126,0.11999544,0.11874865,0.11749971,0.11624953,0.11499904,0.11374914,0.112500824,0.11125497,0.110012524,0.10877443,0.107541606,0.10631497,0.105095446,0.103884004,0.10268154,0.10155756,0.10057625,0.099730656,0.09901369,0.09841837,0.09793766,0.09756457,0.09729205,0.0971131,0.0970207,0.09700783,0.09706749,0.09719264,0.09737626,0.09761135
0.13545874,0.1354245,0.1353957,0.13537322,0.13535789,0.13535058,0.13535215,0.13536347,0.1353854,0.13541877,0.13546447,0.13552336,0.13559629,0.1356841,0.13578768,0.13590787,0.13604556,0.13622692,0.1364731,0.13677742,0.13713317,0.13753359,0.13797206,0.1384418,0.13893613,0.13944834,0.13997176,0.14049962,0.14102527,0.14154196,0.14204301,0.14252171,0.14297132,0.14338517,0.14375657,0.14407878,0.14434507,0.14454879,0.1446832,0.1447416,0.14471728,0.14460355,0.14439365,0.14408094,0.1436587,0.1431202,0.14245872,0.14166759,0.1407401,0.13973315,0.13870873,0.13766767,0.13661088,0.13553916,0.13445345,0.13335453,0.13224328,0.13112056,0.12998725,0.1288442,0.12769228,0.12653232,0.1253652,0.12419178,0.12301291,0.12182946,0.12064229,0.11945225,0.11826021,0.11706701,0.11587354,0.11468062,0.11348915,0.11229997,0.11111395,0.10993192,0.108754784,0.10758337,0.106418535,0.10526116,0.104112096,0.103037894,0.10210006,0.101291895,0.10060669,0.10003772,0.09957831,0.09922172,0.09896128,0.09879026,0.09870195,0.09868966,0.09874667,0.09886628,0.09904177,0.09926644
0.13564907,0.13561799,0.13559176,0.13557129,0.1355574,0.13555074,0.13555217,0.13556245,0.1355824,0.13561273,0.1356543,0.13570783,0.13577415,0.13585398,0.13594817,0.13605745,0.13618264,0.13634895,0.13657695,0.13686015,0.1371923,0.13756692,0.13797769,0.13841823,0.13888215,0.13936308,0.13985462,0.14035042,0.14084412,0.14132927,0.14179957,0.1422486,0.14267,0.14305742,0.1434044,0.14370462,0.14395176,0.14413936,0.14426106,0.14431044,0.14428122,0.14416698,0.14396133,0.14365791,0.14325033,0.1427322,0.14209715,0.14133887,0.1404509,0.13948776,0.13850874,0.1375146,0.13650614,0.13548413,0.13444933,0.1334026,0.13234463,0.13127628,0.13019826,0.12911136,0.12801643,0.12691417,0.12580542,0.12469091,0.12357146,0.12244785,0.12132085,0.12019126,0.11905983,0.11792738,0.11679465,0.11566243,0.11453153,0.1134027,0.11227675,0.11115445,0.110036574,0.10892391,0.10781722,0.106717326,0.105624974,0.104603626,0.10371191,0.102943525,0.10229202,0.10175106,0.10131424,0.10097521,0.10072758,0.10056495,0.100481026,0.10046931,0.10052352,0.100637235,0.100804105,0.10101772
0.13586956,0.1358418,0.13581845,0.1358002,0.1357878,0.13578187,0.13578315,0.1357923,0.13581009,0.13583717,0.13587421,0.13592197,0.1359811,0.1360523,0.1361363,0.13623376,0.13634543,0.13649563,0.13670436,0.13696544,0.13727295,0.13762076,0.13800284,0.13841318,0.1388457,0.13929431,0.13975306,0.1402158,0.14067656,0.14112921,0.14156777,0.14198616,0.14237832,0.14273827,0.14305986,0.1433371,0.14356396,0.14373432,0.14384222,0.14388153,0.14384623,0.14373028,0.14352767,0.14323226,0.14283805,0.142339,0.14172907,0.14100215,0.14015229,0.13923153,0.13829666,0.13734828,0.13638711,0.13541389,0.13442926,0.13343394,0.13242863,0.13141407,0.13039087,0.12935978,0.12832145,0.12727667,0.12622605,0.12517034,0.12411019,0.12304634,0.121979475,0.120910265,0.11983943,0.118767686,0.11769569,0.11662418,0.115553804,0.114485316,0.11341936,0.11235668,0.11129794,0.11024382,0.10919509,0.10815237,0.107116394,0.10614755,0.105301686,0.104572766,0.10395477,0.1034416,0.10302725,0.102705635,0.102470726,0.10231647,0.102236815,0.10222575,0.10227716,0.10238504,0.10254333,0.10274595
0.13611704,0.1360929,0.13607258,0.13605669,0.13604589,0.13604073,0.13604183,0.1360498,0.13606529,0.13608888,0.13612111,0.13616265,0.13621415,0.13627613,0.13634926,0.13643411,0.13653131,0.13666445,0.13685288,0.13709094,0.1373729,0.13769299,0.13804546,0.13842474,0.13882495,0.13924043,0.13966544,0.14009427,0.1405212,0.14094046,0.14134638,0.14173329,0.14209533,0.14242688,0.14272217,0.14297546,0.14318112,0.14333332,0.14342634,0.14345455,0.14341216,0.1432935,0.14309277,0.14280427,0.1424223,0.14194115,0.14135507,0.1406583,0.1398452,0.1389656,0.1380737,0.13717003,0.13625526,0.13532998,0.13439478,0.13345025,0.13249706,0.13153575,0.13056697,0.12959135,0.1286094,0.12762181,0.12662916,0.12563206,0.12463112,0.123626955,0.12262014,0.12161132,0.12060108,0.11959004,0.11857877,0.11756794,0.1165581,0.115549855,0.11454387,0.11354071,0.11254097,0.11154529,0.11055426,0.10956849,0.1085886,0.10767193,0.10687161,0.10618197,0.105597235,0.105111726,0.10471967,0.104415394,0.104193136,0.104047194,0.10397183,0.10396135,0.104009986,0.10411206,0.10426182,0.104453556
0.13638847,0.13636813,0.13635097,0.13633758,0.1363285,0.13632411,0.13632506,0.13633178,0.13634484,0.1363647,0.1363919,0.13642691,0.1364703,0.13652258,0.1365842,0.13665569,0.13673761,0.1368528,0.13702014,0.13723432,0.13748986,0.13778143,0.13810359,0.1384509,0.13881807,0.1391996,0.13959014,0.13998426,0.1403766,0.14076173,0.1411343,0.14148884,0.14181997,0.14212234,0.14239047,0.14261904,0.14280263,0.14293577,0.14301316,0.14302936,0.14297895,0.14285658,0.14265679,0.14237426,0.14200349,0.14153916,0.14097582,0.14030811,0.13953064,0.1386911,0.1378411,0.1369813,0.13611206,0.13523401,0.13434756,0.1334533,0.13255168,0.13164327,0.13072854,0.12980801,0.12888218,0.1279516,0.12701675,0.12607817,0.12513633,0.12419178,0.12324498,0.12229651,0.12134683,0.120396465,0.119445935,0.118495755,0.11754642,0.11659844,0.11565235,0.11470863,0.11376782,0.11283042,0.11189694,0.11096789,0.11004378,0.109179005,0.108424015,0.10777341,0.107221805,0.10676378,0.10639392,0.10610686,0.10589718,0.10575952,0.10568842,0.10567852,0.10572442,0.10582069,0.10596199,0.10614285
0.13668066,0.13666427,0.13665044,0.1366397,0.13663238,0.13662888,0.13662963,0.13663505,0.13664553,0.13666153,0.13668342,0.1367116,0.13674653,0.13678859,0.13683818,0.13689575,0.13696165,0.13705814,0.13720368,0.13739324,0.1376217,0.13788402,0.13817511,0.13848989,0.13882326,0.13917018,0.13952556,0.13988435,0.14024141,0.14059173,0.14093019,0.14125171,0.14155127,0.14182372,0.14206403,0.14226717,0.14242792,0.14254135,0.14260226,0.14260568,0.14254647,0.14241955,0.1422199,0.14194238,0.141582,0.14113356,0.14059208,0.13995242,0.13920955,0.13840908,0.13760021,0.1367834,0.13595904,0.13512751,0.13428931,0.13344474,0.13259432,0.1317384,0.1308774,0.13001177,0.12914181,0.12826806,0.12739088,0.12651065,0.12562786,0.124742836,0.12385604,0.122967884,0.122078754,0.12118911,0.120299265,0.11940973,0.118520886,0.117633134,0.11674689,0.11586256,0.114980586,0.11410134,0.113225244,0.11235272,0.11148417,0.11067107,0.10996118,0.10934943,0.10883076,0.1084001,0.10805235,0.10778243,0.10758528,0.107455835,0.107389,0.10737969,0.10742283,0.10751337,0.107646205,0.107816264
0.13699052,0.13697824,0.13696791,0.13695987,0.13695438,0.13695177,0.13695233,0.13695638,0.13696423,0.1369762,0.13699257,0.13701369,0.13703981,0.13707124,0.13710842,0.13715148,0.1372008,0.13727795,0.13740104,0.13756533,0.13776615,0.13799861,0.13825804,0.13853967,0.13883872,0.13915047,0.13947013,0.13979295,0.14011422,0.14042912,0.14073291,0.1410209,0.14128824,0.14153023,0.14174211,0.14191912,0.14205648,0.1421495,0.14219332,0.14218327,0.14211458,0.14198248,0.14178222,0.14150904,0.14115821,0.14072493,0.14020446,0.13959207,0.13888296,0.13812073,0.13735218,0.13657771,0.13579758,0.13501212,0.13422161,0.13342641,0.13262679,0.13182303,0.13101551,0.13020447,0.12939025,0.12857318,0.12775353,0.1269316,0.12610774,0.12528224,0.1244554,0.12362754,0.122798935,0.12196996,0.121140845,0.12031196,0.119483575,0.11865603,0.11782959,0.11700461,0.116181366,0.115360156,0.11454133,0.11372516,0.112911984,0.11215031,0.11148536,0.11091233,0.110426486,0.11002306,0.109697305,0.109444484,0.10925981,0.10913855,0.10907594,0.10906723,0.10910766,0.10919246,0.10931688,0.1094762
0.13731493,0.1373069,0.13730016,0.13729492,0.13729131,0.13728961,0.13728994,0.13729261,0.13729775,0.13730557,0.13731627,0.13733007,0.13734715,0.1373677,0.13739197,0.1374201,0.13745235,0.13750963,0.13760978,0.13774838,0.13792095,0.13812312,0.13835041,0.1385984,0.13886262,0.13913873,0.13942218,0.13970862,0.13999356,0.14027263,0.14054129,0.1407952,0.14102988,0.14124091,0.14142387,0.14157426,0.14168772,0.14175975,0.141786,0.14176193,0.1416832,0.14154534,0.1413439,0.14107442,0.14073254,0.14031374,0.13981368,0.13922782,0.13855183,0.13782711,0.13709831,0.13636562,0.13562924,0.13488936,0.1341462,0.13339998,0.13265082,0.13189903,0.1311447,0.13038814,0.12962948,0.12886897,0.12810673,0.12734303,0.12657808,0.12581204,0.12504509,0.124277525,0.123509474,0.12274113,0.121972755,0.12120449,0.12043657,0.119669214,0.11890256,0.118136846,0.11737228,0.116609044,0.11584737,0.115087435,0.11432944,0.11361907,0.11299888,0.11246443,0.11201129,0.111635044,0.111331224,0.11109541,0.11092317,0.11081007,0.11075167,0.110743545,0.11078124,0.11086035,0.11097639,0.111124985
0.13765073,0.13764709,0.13764401,0.13764158,0.13763995,0.13763916,0.13763936,0.13764054,0.13764289,0.13764648,0.13765137,0.13765772,0.1376655,0.13767493,0.13768601,0.13769893,0.13771369,0.13775067,0.13782746,0.13793992,0.13808395,0.13825539,0.13845016,0.13866413,0.13889322,0.13913327,0.13938016,0.13962983,0.1398781,0.14012091,0.14035407,0.14057356,0.14077514,0.14095484,0.1411085,0.1412319,0.14132103,0.14137176,0.14137994,0.14134148,0.14125225,0.14110816,0.14090504,0.14063886,0.14030538,0.13990064,0.13942039,0.13886058,0.13821709,0.13752937,0.13683984,0.1361485,0.13545547,0.13476087,0.13406472,0.13336717,0.13266829,0.13196822,0.13126697,0.1305647,0.12986147,0.12915735,0.12845251,0.127747,0.12704085,0.12633424,0.12562725,0.12491991,0.12421238,0.123504736,0.12279704,0.122089416,0.12138195,0.12067473,0.11996782,0.11926138,0.11855542,0.11785013,0.117145486,0.11644168,0.11573877,0.115079544,0.114504,0.11400803,0.11358753,0.11323834,0.112956405,0.112737596,0.112577766,0.11247279,0.1124186,0.11241106,0.11244604,0.11251945,0.11262715,0.11276503
0.13799493,0.13799565,0.13799627,0.13799678,0.1379971,0.13799725,0.13799724,0.13799697,0.1379965,0.13799575,0.13799477,0.1379935,0.1379919,0.13799,0.13798775,0.13798513,0.13798212,0.13799854,0.13805166,0.13813771,0.13825284,0.13839328,0.13855529,0.13873497,0.13892862,0.13913234,0.13934243,0.13955504,0.13976637,0.13997264,0.14017008,0.14035484,0.14052315,0.1406712,0.14079519,0.14089136,0.14095588,0.14098497,0.14097479,0.14092161,0.14082156,0.1406709,0.14046581,0.14020254,0.13987722,0.13948606,0.13902532,0.13849111,0.13787977,0.1372287,0.13657805,0.13592774,0.13527776,0.13462812,0.13397881,0.13332975,0.13268098,0.13203242,0.13138413,0.13073608,0.13008817,0.12944044,0.1287929,0.12814547,0.12749818,0.12685096,0.12620385,0.1255568,0.12490977,0.124262795,0.1236158,0.122968815,0.12232177,0.1216747,0.12102754,0.12038031,0.11973298,0.119085506,0.11843791,0.11779012,0.11714218,0.11653399,0.11600303,0.115545474,0.11515752,0.114835404,0.11457528,0.11437341,0.11422596,0.114129126,0.11407914,0.114072174,0.11410444,0.11417218,0.11427152,0.11439873
0.13834424,0.13834946,0.13835387,0.13835728,0.13835964,0.13836072,0.13836046,0.13835877,0.13835543,0.13835034,0.13834338,0.13833442,0.13832334,0.13831,0.13829425,0.13827595,0.13825499,0.13825063,0.13827991,0.13833939,0.13842544,0.13853475,0.13866378,0.13880901,0.138967,0.13913429,0.13930738,0.13948275,0.139657,0.13982658,0.13998806,0.14013796,0.14027277,0.14038898,0.14048323,0.14055195,0.14059168,0.14059891,0.14057022,0.14050213,0.14039107,0.14023365,0.14002639,0.13976577,0.13944833,0.1390706,0.1386291,0.13812032,0.1375408,0.13692614,0.13631412,0.13570467,0.13509758,0.13449278,0.1338901,0.13328943,0.13269062,0.1320936,0.13149817,0.13090418,0.13031161,0.1297202,0.1291299,0.12854058,0.12795207,0.12736425,0.12677701,0.12619022,0.12560372,0.12501739,0.12443111,0.12384474,0.123258136,0.122671194,0.12208378,0.12149577,0.12090698,0.12031734,0.119726695,0.11913493,0.11854188,0.11798471,0.11749823,0.11707905,0.11672362,0.116428524,0.116190195,0.116005264,0.115870155,0.11578146,0.11573566,0.115729265,0.11575883,0.11582087,0.1159119,0.11602844
0.1386957,0.13870537,0.13871354,0.1387199,0.13872422,0.1387263,0.13872586,0.13872266,0.13871644,0.138707,0.13869408,0.13867742,0.13865677,0.1386319,0.1386026,0.1385686,0.13852963,0.13850443,0.13850981,0.13854259,0.13859957,0.13867764,0.1387736,0.13888432,0.13900664,0.13913737,0.13927339,0.13941148,0.13954853,0.13968141,0.13980687,0.13992178,0.14002305,0.14010744,0.14017183,0.140213,0.14022784,0.14021319,0.14016587,0.14008275,0.13996063,0.13979639,0.13958685,0.13932882,0.13901919,0.13865477,0.13823238,0.13774893,0.1372012,0.13662283,0.1360494,0.1354807,0.13491642,0.13435636,0.1338003,0.13324797,0.13269912,0.1321535,0.13161087,0.13107103,0.1305337,0.12999865,0.12946558,0.1289343,0.12840459,0.12787616,0.12734883,0.12682226,0.12629627,0.12577058,0.12524502,0.12471927,0.12419311,0.123666316,0.123138614,0.12260981,0.12207957,0.12154777,0.121014066,0.12047825,0.11994011,0.11943389,0.11899193,0.11861107,0.11828816,0.11802004,0.117803544,0.11763553,0.11751278,0.11743217,0.11739057,0.11738478,0.11741163,0.117468,0.117550716,0.11765655
0.13904607,0.13906021,0.13907214,0.13908145,0.13908778,0.13909082,0.13909015,0.13908547,0.1390764,0.13906258,0.13904372,0.13901936,0.13898917,0.13895287,0.13891003,0.13886033,0.13880338,0.13875741,0.13873892,0.13874501,0.13877293,0.13881981,0.13888276,0.138959,0.13904566,0.13913986,0.13923886,0.13933972,0.13943964,0.13953577,0.13962525,0.1397053,0.13977301,0.13982555,0.13986011,0.13987379,0.13986382,0.13982733,0.13976145,0.13966331,0.13953018,0.13935912,0.13914734,0.13889198,0.13859017,0.13823915,0.13783596,0.13737781,0.1368619,0.13631989,0.1357851,0.13525715,0.13473576,0.1342205,0.13371105,0.13320707,0.13270818,0.13221402,0.13172428,0.13123854,0.13075647,0.1302777,0.12980193,0.12932874,0.12885784,0.12838878,0.12792128,0.12745497,0.12698951,0.12652451,0.1260596,0.1255945,0.12512879,0.12466211,0.12419417,0.12372453,0.1232529,0.1227789,0.12230215,0.121822335,0.12133909,0.12088383,0.120486364,0.120143875,0.11985351,0.11961237,0.11941766,0.11926657,0.11915618,0.11908371,0.119046256,0.119041085,0.119065225,0.11911591,0.11919028,0.11928552
0.13939229,0.1394109,0.13942653,0.13943876,0.1394471,0.13945104,0.13945019,0.13944404,0.13943213,0.13941403,0.13938919,0.13935724,0.13931762,0.13926992,0.13921365,0.13914835,0.13907358,0.13900696,0.13896471,0.13894434,0.13894333,0.13895914,0.13898923,0.13903113,0.13908227,0.1391401,0.13920218,0.13926594,0.13932885,0.13938843,0.13944204,0.13948733,0.13952163,0.13954248,0.13954732,0.1395337,0.13949904,0.1394408,0.13935652,0.1392436,0.13909957,0.1389219,0.13870803,0.1384555,0.1381617,0.1378242,0.13744041,0.1370078,0.13652395,0.13601843,0.13552245,0.13503546,0.13455707,0.13408673,0.13362405,0.1331685,0.13271964,0.13227704,0.13184015,0.1314086,0.13098185,0.13055946,0.13014093,0.12972589,0.12931378,0.12890415,0.12849651,0.12809047,0.12768552,0.12728116,0.12687698,0.1264725,0.12606722,0.12566072,0.12525249,0.12484206,0.124429,0.12401284,0.1235931,0.12316932,0.12274102,0.12233678,0.1219839,0.12167979,0.12142193,0.12120785,0.12103497,0.120900795,0.120802805,0.12073844,0.120705225,0.1207006,0.12072204,0.120767035,0.12083306,0.12091761
0.13973123,0.13975424,0.13977353,0.13978864,0.13979891,0.13980384,0.13980277,0.13979517,0.13978046,0.13975807,0.13972738,0.1396879,0.13963898,0.13958009,0.13951057,0.13942994,0.13933757,0.13925056,0.13918483,0.13913824,0.13910852,0.13909353,0.13909097,0.13909876,0.13911462,0.13913637,0.13916178,0.13918865,0.13921481,0.13923799,0.13925605,0.13926677,0.13926792,0.13925731,0.13923275,0.13919201,0.13913292,0.13905326,0.1389508,0.13882335,0.13866872,0.13848467,0.13826905,0.13801959,0.13773417,0.13741055,0.13704644,0.13663977,0.13618824,0.13571963,0.13526273,0.13481699,0.1343818,0.13395666,0.13354087,0.13313396,0.13273533,0.13234437,0.13196053,0.1315832,0.13121188,0.13084587,0.13048472,0.13012777,0.12977451,0.1294243,0.12907659,0.12873079,0.12838636,0.12804268,0.12769921,0.12735534,0.12701051,0.12666416,0.12631568,0.1259645,0.12561008,0.12525181,0.12488908,0.12452141,0.12414812,0.12379502,0.12348674,0.1232211,0.122995846,0.12280882,0.1226578,0.122540586,0.122454956,0.12239875,0.12236972,0.122365706,0.12238444,0.12242375,0.12248141,0.122555286
0.14005981,0.14008707,0.14011002,0.1401279,0.14014012,0.14014593,0.14014466,0.14013566,0.14011821,0.14009164,0.14005525,0.14000838,0.13995034,0.13988042,0.13979797,0.1397023,0.1395927,0.13948564,0.13939683,0.13932435,0.13926633,0.13922085,0.13918607,0.13916004,0.13914096,0.1391269,0.13911599,0.1391063,0.13909604,0.13908319,0.13906603,0.13904254,0.13901089,0.13896918,0.13891557,0.13884807,0.13876492,0.13866416,0.13854393,0.13840231,0.13823749,0.13804752,0.13783053,0.13758464,0.13730797,0.13699864,0.13665476,0.13627443,0.13585578,0.13542452,0.13500717,0.13460307,0.13421151,0.1338318,0.13346323,0.13310522,0.132757,0.13241786,0.13208722,0.13176426,0.13144845,0.13113895,0.13083522,0.1305365,0.1302421,0.12995134,0.12966356,0.12937804,0.12909411,0.12881112,0.12852836,0.1282451,0.12796076,0.12767453,0.12738587,0.12709394,0.12679818,0.12649783,0.12619224,0.12588076,0.12556261,0.12526077,0.12499718,0.12477009,0.12457753,0.12441763,0.12428855,0.124188356,0.12411515,0.12406709,0.12404227,0.12403881,0.12405482,0.12408844,0.12413775,0.1242009
0.14037487,0.1404063,0.14043275,0.14045337,0.14046744,0.14047414,0.14047271,0.14046228,0.14044216,0.14041156,0.14036961,0.14031556,0.14024863,0.14016803,0.14007297,0.13996264,0.13983628,0.13970971,0.13959825,0.13950038,0.13941446,0.13933897,0.13927236,0.13921303,0.13915944,0.13911003,0.13906324,0.13901746,0.13897114,0.1389228,0.13887078,0.13881354,0.13874952,0.13867716,0.13859491,0.13850118,0.13839442,0.13827306,0.13813557,0.13798031,0.13780577,0.1376104,0.13739263,0.13715084,0.1368835,0.1365891,0.13626602,0.13591269,0.13552755,0.1351343,0.13475707,0.13439511,0.1340476,0.13371378,0.13339281,0.13308397,0.13278644,0.13249941,0.13222215,0.13195378,0.13169357,0.13144077,0.13119452,0.13095403,0.13071856,0.13048728,0.13025942,0.13003422,0.12981084,0.12958853,0.12936646,0.1291439,0.12891996,0.12869395,0.12846507,0.12823246,0.12799543,0.12775312,0.12750477,0.12724957,0.12698674,0.12673625,0.12651758,0.12632912,0.12616934,0.1260367,0.12592955,0.12584642,0.12578568,0.12574579,0.12572522,0.12572233,0.12573563,0.12576354,0.12580445,0.12585682
0.14067328,0.14070873,0.14073855,0.14076185,0.14077772,0.14078529,0.14078364,0.14077196,0.14074925,0.14071469,0.14066735,0.14060639,0.14053087,0.14043994,0.14033268,0.14020823,0.14006566,0.13992018,0.13978666,0.13966393,0.13955072,0.13944581,0.13934791,0.1392558,0.13916826,0.13908406,0.13900188,0.13892055,0.1388388,0.13875538,0.1386691,0.13857867,0.13848284,0.13838038,0.13827008,0.13815065,0.13802089,0.13787952,0.13772534,0.1375571,0.13737352,0.13717338,0.13695543,0.13671848,0.13646123,0.13618247,0.13588089,0.13555536,0.13520454,0.13485005,0.13451363,0.13419443,0.13389157,0.13360414,0.13333122,0.13307196,0.1328255,0.13259085,0.1323672,0.13215362,0.13194928,0.1317532,0.13156459,0.13138247,0.13120599,0.13103426,0.13086638,0.13070147,0.1305386,0.13037698,0.13021564,0.13005371,0.12989028,0.12972449,0.12955543,0.12938221,0.12920395,0.12901977,0.12882873,0.12863003,0.12842269,0.1282238,0.12805013,0.1279005,0.12777364,0.12766829,0.12758324,0.12751718,0.12746899,0.12743732,0.12742098,0.12741868,0.12742923,0.12745139,0.1274839,0.12752548
0.14095199,0.14099132,0.14102435,0.14105017,0.14106777,0.14107618,0.14107436,0.14106137,0.14103617,0.14099786,0.14094539,0.1408778,0.14079404,0.14069322,0.14057429,0.14043625,0.14027816,0.14011446,0.13995963,0.13981277,0.13967294,0.13953921,0.13941069,0.13928649,0.13916562,0.13904722,0.13893035,0.13881409,0.13869752,0.13857971,0.13845979,0.13833681,0.1382098,0.13807791,0.13794024,0.13779582,0.13764374,0.1374831,0.13731295,0.13713242,0.13694055,0.13673642,0.13651915,0.13628781,0.13604146,0.13577917,0.13550007,0.13520321,0.13488771,0.1345729,0.13427813,0.13400252,0.13374494,0.13350448,0.13328014,0.13307096,0.13287592,0.13269402,0.13252431,0.1323658,0.13221747,0.13207833,0.13194744,0.1318238,0.13170639,0.13159424,0.13148639,0.13138181,0.13127956,0.13117859,0.13107796,0.1309767,0.13087377,0.1307682,0.13065904,0.13054524,0.13042587,0.13029991,0.13016638,0.13002431,0.1298727,0.1297256,0.1295972,0.12948656,0.12939274,0.12931484,0.12925194,0.12920313,0.12916745,0.12914404,0.12913194,0.12913027,0.12913808,0.12915443,0.12917848,0.12920924
0.1412078,0.14125077,0.14128691,0.14131518,0.1413344,0.14134358,0.1413416,0.14132741,0.14129987,0.14125797,0.1412006,0.14112668,0.14103511,0.1409249,0.14079486,0.14064397,0.14047115,0.14029004,0.1401147,0.13994445,0.13977878,0.13961709,0.13945872,0.13930313,0.1391497,0.13899785,0.13884702,0.13869657,0.1385459,0.13839446,0.13824162,0.13808683,0.13792947,0.13776894,0.13760462,0.13743602,0.1372624,0.13708329,0.13689803,0.13670608,0.13650678,0.13629961,0.13608389,0.13585912,0.13562463,0.1353799,0.13512424,0.13485716,0.13457802,0.13430394,0.13405184,0.13382061,0.13360913,0.13341638,0.13324124,0.13308267,0.13293952,0.13281079,0.13269538,0.13259217,0.13250011,0.13241814,0.13234515,0.1322801,0.13222186,0.13216938,0.13212156,0.13207735,0.13203564,0.13199542,0.1319555,0.13191493,0.1318725,0.13182722,0.13177796,0.13172367,0.13166328,0.13159572,0.13151982,0.13143462,0.13133897,0.13124396,0.13116105,0.1310896,0.13102897,0.13097866,0.13093804,0.13090652,0.13088347,0.13086836,0.13086054,0.13085946,0.13086449,0.13087508,0.1308906,0.13091046
0.14143762,0.14148404,0.1415231,0.14155357,0.14157438,0.14158429,0.14158216,0.1415668,0.14153707,0.14149183,0.14142986,0.14135,0.14125113,0.14113206,0.1409916,0.14082864,0.14064193,0.1404444,0.14024942,0.14005676,0.13986613,0.13967726,0.1394899,0.13930379,0.13911867,0.13893422,0.13875027,0.13856646,0.13838258,0.13819832,0.13801345,0.1378277,0.13764077,0.13745245,0.13726245,0.13707048,0.1368763,0.13667965,0.13648027,0.1362778,0.13607213,0.13586287,0.1356498,0.13543266,0.13521117,0.13498507,0.13475409,0.134518,0.13427646,0.13404436,0.133836,0.13365017,0.13348567,0.1333414,0.13321616,0.1331088,0.13301814,0.132943,0.13288227,0.13283475,0.13279924,0.13277464,0.13275975,0.1327534,0.13275442,0.13276166,0.13277395,0.13279013,0.13280904,0.13282949,0.13285035,0.1328704,0.13288854,0.13290355,0.1329143,0.13291958,0.13291828,0.13290924,0.13289122,0.1328631,0.13282374,0.13278112,0.13274392,0.13271189,0.13268471,0.13266212,0.13264391,0.13262977,0.13261946,0.13261268,0.13260916,0.13260868,0.13261093,0.1326157,0.13262266,0.13263156
0.14163835,0.14168799,0.1417297,0.1417623,0.14178453,0.14179511,0.14179285,0.14177643,0.14174467,0.14169629,0.14163004,0.14154471,0.14143902,0.14131175,0.1411616,0.14098743,0.14078788,0.14057492,0.14036137,0.14014728,0.13993269,0.13971767,0.1395023,0.13928662,0.13907072,0.13885468,0.13863848,0.1384223,0.13820608,0.13798998,0.13777404,0.13755827,0.1373428,0.13712762,0.13691291,0.13669865,0.1364849,0.13627172,0.13605922,0.13584745,0.13563643,0.13542625,0.13521701,0.13500872,0.13480145,0.13459529,0.13439028,0.13418652,0.13398401,0.13379526,0.13363183,0.13349253,0.13337602,0.13328111,0.13320655,0.13315108,0.1331135,0.13309255,0.13308692,0.13309544,0.1331168,0.13314982,0.13319321,0.1332457,0.13330613,0.13337317,0.13344565,0.13352227,0.13360177,0.13368295,0.13376454,0.1338453,0.13392398,0.13399935,0.13407014,0.13413511,0.13419302,0.13424268,0.13428272,0.134312,0.13432923,0.13433936,0.13434817,0.13435584,0.13436225,0.13436761,0.13437195,0.1343753,0.13437775,0.13437939,0.1343802,0.13438033,0.13437979,0.13437866,0.13437702,0.13437489
0.14180687,0.14185944,0.14190362,0.14193812,0.14196166,0.14197288,0.14197044,0.1419531,0.14191946,0.14186819,0.14179808,0.14170772,0.14159581,0.14146101,0.14130203,0.14111759,0.1409063,0.1406791,0.14044812,0.14021367,0.13997622,0.13973616,0.13949384,0.13924967,0.13900408,0.13875742,0.13851011,0.13826251,0.13801508,0.13776816,0.13752215,0.13727744,0.13703449,0.1367936,0.13655525,0.13631976,0.13608758,0.13585909,0.13563465,0.13541472,0.1351996,0.13498978,0.13478562,0.13458757,0.13439591,0.13421108,0.1340335,0.13386357,0.13370165,0.13355772,0.13344066,0.13334906,0.13328162,0.13323711,0.13321412,0.13321134,0.13322747,0.13326125,0.13331124,0.13337618,0.13345478,0.1335457,0.13364759,0.13375913,0.13387907,0.13400602,0.1341387,0.13427575,0.13441592,0.13455783,0.1347002,0.13484167,0.1349809,0.13511665,0.13524757,0.13537234,0.13548964,0.13559812,0.1356965,0.13578345,0.13585763,0.13592087,0.13597606,0.13602364,0.13606398,0.13609745,0.1361245,0.13614547,0.1361608,0.13617091,0.1361761,0.13617678,0.13617344,0.13616642,0.1361561,0.13614285
0.14194006,0.14199522,0.14204165,0.14207786,0.1421026,0.14211433,0.14211181,0.14209357,0.14205825,0.14200446,0.14193083,0.14183594,0.14171845,0.14157696,0.14141005,0.14121635,0.14099453,0.1407544,0.1405072,0.1402537,0.13999459,0.13973063,0.13946253,0.13919105,0.1389169,0.13864079,0.13836345,0.13808565,0.13780808,0.1375315,0.1372566,0.13698411,0.13671485,0.13644941,0.13618864,0.13593318,0.1356838,0.13544118,0.13520618,0.13497937,0.13476156,0.13455352,0.13435589,0.13416943,0.13399488,0.13383299,0.13368441,0.13354996,0.13343033,0.13333291,0.13326365,0.13322112,0.13320401,0.13321094,0.13324045,0.13329123,0.13336185,0.13345093,0.1335571,0.13367894,0.13381511,0.13396423,0.13412488,0.13429566,0.13447525,0.1346622,0.13485517,0.13505274,0.13525355,0.13545619,0.13565932,0.13586152,0.1360614,0.1362576,0.13644873,0.13663337,0.13681017,0.13697776,0.13713469,0.13727963,0.13741118,0.13752794,0.13762987,0.13771771,0.13779214,0.13785401,0.13790394,0.1379427,0.137971,0.1379896,0.13799918,0.1380005,0.13799432,0.13798134,0.13796225,0.13793783
0.14203477,0.14209226,0.14214058,0.14217836,0.14220406,0.14221631,0.1422137,0.14219469,0.1421579,0.14210187,0.14202517,0.14192635,0.14180398,0.14165659,0.14148274,0.14128101,0.14104994,0.14079821,0.14053619,0.14026493,0.1399855,0.13969897,0.13940637,0.1391088,0.13880736,0.13850306,0.13819697,0.13789017,0.13758376,0.13727875,0.13697621,0.13667725,0.13638286,0.1360942,0.1358123,0.13553819,0.13527295,0.13501768,0.13477342,0.13454121,0.1343222,0.13411735,0.13392784,0.13375463,0.13359883,0.13346152,0.13334373,0.13324657,0.13317107,0.1331219,0.13310207,0.13311015,0.13314466,0.1332042,0.13328727,0.13339247,0.13351837,0.13366348,0.1338264,0.13400564,0.13419983,0.13440746,0.13462713,0.13485739,0.13509673,0.13534379,0.13559715,0.13585526,0.13611673,0.13638018,0.13664405,0.136907,0.13716751,0.1374242,0.13767563,0.13792029,0.13815676,0.13838364,0.13859943,0.13880275,0.13899212,0.13916282,0.13931188,0.1394403,0.1395492,0.13963965,0.13971263,0.1397693,0.1398107,0.13983788,0.13985191,0.13985385,0.13984482,0.1398258,0.13979791,0.13976222
0.14208795,0.14214736,0.14219733,0.14223635,0.14226295,0.14227562,0.14227289,0.14225325,0.1422152,0.1421573,0.14207803,0.14197583,0.14184932,0.14169696,0.14151725,0.1413087,0.14106984,0.14080805,0.14053264,0.1402451,0.13994674,0.13963902,0.13932332,0.13900109,0.13867368,0.13834251,0.13800904,0.1376746,0.13734062,0.13700856,0.13667974,0.13635561,0.13603759,0.13572706,0.13542542,0.13513413,0.13485453,0.134588,0.13433608,0.13410006,0.13388135,0.13368143,0.13350163,0.13334341,0.13320814,0.13309723,0.13301212,0.13295415,0.1329248,0.13292587,0.13295722,0.13301745,0.13310504,0.13321847,0.1333562,0.13351686,0.13369888,0.13390078,0.13412108,0.13435827,0.13461086,0.1348774,0.13515635,0.13544624,0.13574558,0.13605289,0.13636664,0.13668537,0.13700758,0.13733177,0.13765645,0.13798015,0.13830137,0.13861862,0.1389304,0.13923518,0.13953154,0.13981795,0.14009294,0.14035499,0.14060262,0.14082783,0.14102437,0.14119376,0.14133742,0.1414567,0.141553,0.14162774,0.14168233,0.14171815,0.14173667,0.14173928,0.14172731,0.14170222,0.14166546,0.14161836
0.14209643,0.1421574,0.14220867,0.14224875,0.142276,0.14228903,0.14228624,0.14226608,0.14222704,0.14216763,0.14208624,0.14198138,0.14185156,0.14169516,0.14151074,0.1412967,0.14105156,0.1407813,0.14049415,0.14019181,0.13987608,0.13954867,0.13921137,0.13886592,0.13851404,0.13815747,0.13779804,0.13743739,0.13707735,0.13671964,0.136366,0.13601822,0.135678,0.1353471,0.13502727,0.1347203,0.13442788,0.1341518,0.13389379,0.1336556,0.13343899,0.13324569,0.13307746,0.13293605,0.13282321,0.1327407,0.13269022,0.1326736,0.13269253,0.13274589,0.13283038,0.13294446,0.13308659,0.13325526,0.13344894,0.13366608,0.13390514,0.13416462,0.13444299,0.13473871,0.13505022,0.13537604,0.13571458,0.1360644,0.13642387,0.13679151,0.13716577,0.13754517,0.13792811,0.1383131,0.13869861,0.13908309,0.13946503,0.13984287,0.1402151,0.14058018,0.14093661,0.14128284,0.14161731,0.14193854,0.14224495,0.14252509,0.1427697,0.14298046,0.14315915,0.14330752,0.14342736,0.14352034,0.14358826,0.14363286,0.14365588,0.14365911,0.14364421,0.14361304,0.14356726,0.14350869
0.1420571,0.14211923,0.14217147,0.14221227,0.14224009,0.14225335,0.1422505,0.14222996,0.14219019,0.14212963,0.1420467,0.14193988,0.14180757,0.14164825,0.14146031,0.14124222,0.14099245,0.14071544,0.14041822,0.14010279,0.13977133,0.13942583,0.1390685,0.1387014,0.1383266,0.13794623,0.13756235,0.13717705,0.13679248,0.13641073,0.1360338,0.13566391,0.13530307,0.13495342,0.13461705,0.13429606,0.13399251,0.13370854,0.1334462,0.13320763,0.1329949,0.13281015,0.13265543,0.13253279,0.13244444,0.13239242,0.13237879,0.13240568,0.13247521,0.13258311,0.13272274,0.13289247,0.13309084,0.1333162,0.1335671,0.13384187,0.134139,0.13445693,0.13479406,0.1351489,0.13551985,0.13590537,0.13630386,0.13671379,0.13713358,0.13756171,0.13799663,0.13843672,0.13888043,0.13932621,0.13977255,0.14021784,0.14066054,0.14109905,0.14153187,0.1419574,0.14237408,0.14278038,0.14317471,0.14355555,0.14392129,0.14425698,0.14455006,0.14480257,0.14501671,0.14519452,0.14533809,0.14544949,0.14553091,0.14558436,0.14561193,0.14561577,0.14559795,0.14556059,0.14550574,0.14543554
0.14196683,0.14202972,0.14208254,0.14212382,0.14215197,0.14216536,0.14216249,0.14214171,0.14210147,0.14204021,0.14195634,0.14184827,0.14171444,0.14155327,0.14136314,0.14114253,0.14088985,0.14060797,0.14030242,0.1399757,0.1396302,0.13926838,0.13889273,0.13850564,0.1381096,0.13770702,0.13730037,0.13689208,0.13648462,0.13608043,0.13568194,0.13529158,0.13491184,0.13454515,0.13419394,0.13386069,0.1335478,0.13325776,0.132993,0.13275595,0.13254909,0.13237484,0.13223563,0.13213396,0.13207224,0.13205293,0.13207844,0.13215129,0.13227382,0.13243867,0.13263553,0.13286294,0.13311927,0.13340293,0.13371234,0.13404599,0.13440222,0.1347795,0.13517621,0.13559084,0.13602175,0.13646737,0.13692616,0.13739651,0.13787684,0.13836563,0.13886121,0.13936208,0.13986658,0.14037324,0.1408804,0.1413865,0.14188999,0.14238928,0.14288276,0.1433689,0.14384606,0.14431275,0.14476733,0.14520822,0.14563389,0.14602572,0.14636777,0.14666256,0.14691247,0.14712,0.14728759,0.14741765,0.14751263,0.14757502,0.14760724,0.14761172,0.14759092,0.14754727,0.14748329,0.14740133
0.14182256,0.14188568,0.14193875,0.14198019,0.14200845,0.14202191,0.142019,0.14199813,0.14195776,0.14189625,0.141812,0.1417035,0.14156911,0.14140724,0.14121635,0.14099483,0.14074111,0.14045629,0.14014435,0.13980816,0.13945052,0.13907419,0.13868198,0.13827671,0.13786119,0.13743816,0.13701051,0.13658097,0.13615237,0.13572748,0.13530916,0.13490015,0.13450329,0.13412136,0.13375719,0.13341352,0.1330932,0.13279903,0.1325338,0.1323003,0.13210136,0.13193977,0.13181831,0.13173978,0.131707,0.13172276,0.13178988,0.13191114,0.13208936,0.13231362,0.13257009,0.13285717,0.13317332,0.13351691,0.1338864,0.13428013,0.1346966,0.13513419,0.13559131,0.13606642,0.13655786,0.13706408,0.13758355,0.13811459,0.13865569,0.13920526,0.13976163,0.14032333,0.14088868,0.14145617,0.14202422,0.14259116,0.1431555,0.14371559,0.14426988,0.14481679,0.1453547,0.14588204,0.14639726,0.14689876,0.14738494,0.14783353,0.14822514,0.14856263,0.14884876,0.14908637,0.14927822,0.14942709,0.14953586,0.1496073,0.14964417,0.1496493,0.14962551,0.14957555,0.14950228,0.14940844
0.14162113,0.14168398,0.14173687,0.14177819,0.14180633,0.14181975,0.14181684,0.14179605,0.1417558,0.14169452,0.14161061,0.14150248,0.14136857,0.1412073,0.1410171,0.14079635,0.14054352,0.1402578,0.13994156,0.1395979,0.13923004,0.13884112,0.1384343,0.13801272,0.13757956,0.137138,0.13669115,0.1362422,0.1357943,0.13535063,0.1349143,0.13448852,0.13407643,0.13368116,0.13330594,0.13295388,0.13262813,0.1323319,0.13206829,0.13184048,0.13165164,0.13150492,0.1314035,0.1313505,0.13134913,0.1314025,0.1315138,0.1316862,0.1319228,0.13220915,0.13252759,0.13287657,0.13325448,0.13365977,0.13409083,0.13454607,0.13502397,0.1355229,0.13604131,0.13657758,0.13713017,0.13769753,0.13827801,0.13887008,0.13947214,0.14008261,0.14069992,0.14132254,0.14194877,0.14257713,0.14320603,0.14383389,0.1444591,0.1450801,0.14569534,0.14630315,0.14690208,0.14749043,0.14806674,0.14862934,0.14917667,0.14968267,0.15012446,0.15050513,0.15082791,0.15109591,0.15131235,0.15148032,0.15160298,0.15168357,0.15172514,0.15173092,0.15170407,0.15164776,0.15156507,0.15145923
0.14135936,0.14142153,0.14147377,0.14151461,0.14154245,0.1415557,0.14155282,0.14153229,0.14149252,0.14143193,0.14134899,0.14124213,0.14110981,0.14095044,0.14076245,0.14054433,0.14029448,0.14001003,0.13969156,0.13934256,0.13896656,0.13856706,0.1381476,0.13771172,0.13726293,0.13680473,0.13634068,0.13587427,0.13540901,0.13494849,0.13449615,0.13405555,0.13363023,0.13322371,0.13283949,0.13248108,0.13215202,0.13185588,0.1315961,0.13137625,0.13119982,0.13107038,0.13099143,0.13096645,0.13099904,0.13109265,0.13125087,0.13147715,0.13177507,0.13212635,0.13250937,0.13292253,0.13336428,0.13383307,0.13432734,0.13484553,0.1353861,0.13594745,0.13652804,0.13712631,0.13774069,0.13836965,0.13901162,0.13966498,0.14032826,0.14099985,0.14167821,0.14236176,0.14304891,0.14373821,0.144428,0.14511676,0.14580289,0.1464849,0.14716119,0.14783014,0.14849031,0.14914005,0.14977786,0.1504021,0.1510113,0.15157545,0.15206799,0.15249242,0.15285227,0.15315108,0.15339236,0.15357962,0.1537164,0.15380621,0.1538526,0.15385905,0.15382908,0.1537663,0.15367411,0.15355612
0.14103428,0.14109513,0.14114632,0.1411863,0.14121354,0.14122653,0.14122373,0.14120361,0.14116465,0.14110532,0.1410241,0.14091943,0.14078982,0.14063373,0.14044963,0.14023598,0.13999127,0.13971041,0.13939196,0.13903981,0.13865782,0.13824989,0.13781993,0.13737182,0.13690944,0.1364367,0.13595745,0.13547564,0.1349951,0.13451977,0.1340535,0.1336002,0.13316377,0.13274805,0.132357,0.13199446,0.13166434,0.13137053,0.1311169,0.13090736,0.1307458,0.1306361,0.13058217,0.13058786,0.1306571,0.13079377,0.13100174,0.13128492,0.1316472,0.13206635,0.13251658,0.13299634,0.13350412,0.13403837,0.1345976,0.13518025,0.13578478,0.13640969,0.13705344,0.13771452,0.13839138,0.13908249,0.13978633,0.1405014,0.14122613,0.141959,0.1426985,0.1434431,0.14419125,0.14494145,0.14569214,0.14644182,0.14718896,0.14793202,0.1486695,0.14939982,0.1501215,0.15083298,0.15153275,0.15221928,0.15289105,0.15351407,0.15405801,0.15452674,0.15492415,0.15525414,0.15552062,0.1557274,0.15587847,0.15597765,0.15602888,0.15603602,0.15600295,0.15593357,0.15583181,0.15570149
0.14066568,0.14072484,0.14077456,0.14081337,0.14083986,0.14085245,0.14084974,0.14083019,0.14079237,0.14073472,0.1406558,0.14055413,0.14042825,0.14027663,0.14009775,0.13989025,0.13965254,0.13937734,0.13906114,0.1387082,0.1383228,0.1379091,0.13747138,0.13701388,0.13654086,0.13605648,0.13556509,0.13507085,0.13457806,0.13409086,0.13361356,0.13315041,0.13270563,0.1322835,0.13188815,0.13152389,0.131195,0.13090569,0.13066016,0.13046269,0.13031751,0.13022885,0.13020095,0.13023804,0.13034439,0.13052423,0.13078177,0.13112134,0.13154705,0.13203289,0.1325489,0.13309355,0.13366549,0.13426313,0.134885,0.13552964,0.13619556,0.13688123,0.13758522,0.13830604,0.13904223,0.1397922,0.14055459,0.14132786,0.14211051,0.1429011,0.14369808,0.14450002,0.14530545,0.14611284,0.14692074,0.14772765,0.14853206,0.14933255,0.15012757,0.15091565,0.15169536,0.15246512,0.15322354,0.15396912,0.15470032,0.15537935,0.15597218,0.15648301,0.15691617,0.15727581,0.1575662,0.15779164,0.15795627,0.15806437,0.15812017,0.15812793,0.15809193,0.1580163,0.15790537,0.15776335
0.14027636,0.14033338,0.14038134,0.1404188,0.14044434,0.14045651,0.14045386,0.14043504,0.14039853,0.14034295,0.14026685,0.14016879,0.14004733,0.13990104,0.13972855,0.13952835,0.1392991,0.13903125,0.13871947,0.13836819,0.13798207,0.13756563,0.13712339,0.13665994,0.13617977,0.13568752,0.13518764,0.13468476,0.13418338,0.13368806,0.13320336,0.13273382,0.132284,0.13185845,0.13146172,0.13109834,0.1307729,0.13048989,0.13025393,0.1300695,0.12994121,0.12987354,0.12987114,0.12993845,0.13008012,0.1303006,0.1306045,0.13099638,0.13148075,0.13202794,0.13260426,0.1332082,0.13383842,0.13449343,0.13517186,0.13587223,0.1365931,0.13733308,0.13809073,0.13886456,0.13965319,0.1404552,0.14126916,0.14209358,0.14292707,0.1437682,0.14461555,0.14546768,0.14632313,0.14718045,0.1480383,0.1488952,0.1497497,0.15060037,0.15144585,0.15228456,0.15311521,0.15393627,0.15474641,0.15554409,0.15632798,0.15705669,0.1576929,0.15824111,0.15870595,0.1590919,0.15940356,0.15964545,0.15982212,0.15993816,0.15999804,0.16000639,0.1599677,0.15988658,0.15976752,0.15961508
0.13986729,0.13992189,0.13996781,0.14000368,0.14002815,0.14003979,0.14003725,0.1400192,0.13998426,0.13993107,0.13985817,0.13976428,0.13964802,0.13950796,0.13934283,0.13915117,0.13893166,0.13867286,0.1383674,0.1380202,0.13763599,0.13721964,0.13677591,0.13630976,0.13582592,0.1353292,0.13482444,0.13431647,0.13381009,0.13331014,0.13282144,0.13234887,0.1318971,0.13147113,0.13107568,0.13071558,0.1303957,0.13012081,0.12989572,0.12972529,0.12961435,0.12956773,0.12959021,0.12968661,0.1298618,0.13012058,0.13046777,0.13090818,0.13144666,0.13205013,0.13268149,0.13333935,0.13402237,0.13472909,0.13545822,0.13620836,0.13697813,0.13776621,0.13857119,0.1393917,0.14022633,0.14107378,0.14193265,0.1428016,0.14367917,0.14456409,0.14545497,0.1463504,0.147249,0.14814945,0.14905035,0.14995031,0.15084802,0.15174209,0.15263109,0.15351371,0.15438862,0.15525429,0.15610953,0.15695286,0.15778297,0.15855531,0.15922965,0.15981072,0.16030346,0.16071251,0.16104285,0.16129924,0.16148648,0.16160949,0.16167298,0.16168183,0.16164084,0.16155484,0.16142865,0.1612671
0.13943951,0.13949136,0.13953497,0.13956901,0.13959225,0.13960327,0.13960089,0.13958377,0.13955057,0.13950002,0.13943085,0.1393417,0.1392313,0.13909832,0.1389415,0.13875948,0.13855103,0.13830276,0.1380056,0.13766457,0.13728474,0.13687123,0.13642901,0.13596319,0.13547885,0.13498096,0.13447468,0.13396502,0.13345702,0.13295579,0.13246636,0.13199382,0.13154316,0.1311195,0.13072789,0.13037337,0.13006103,0.12979591,0.12958306,0.12942754,0.12933442,0.12930878,0.12935565,0.12948011,0.12968719,0.12998198,0.1303695,0.13085486,0.13144308,0.1320981,0.13277957,0.13348623,0.13421668,0.13496979,0.13574407,0.13653837,0.13735132,0.1381816,0.13902792,0.139889,0.14076354,0.14165023,0.14254774,0.14345483,0.14437014,0.14529239,0.14622028,0.14715254,0.14808778,0.14902483,0.14996226,0.1508988,0.1518332,0.15276416,0.15369034,0.15461043,0.1555231,0.15642717,0.15732124,0.15820402,0.1590742,0.15988454,0.16059202,0.1612017,0.16171856,0.1621478,0.16249435,0.16276334,0.1629598,0.16308886,0.16315547,0.16316473,0.16312172,0.1630315,0.16289909,0.16272959
0.13899404,0.13904281,0.13908385,0.13911591,0.13913776,0.13914816,0.13914593,0.13912982,0.13909855,0.13905099,0.13898587,0.13890193,0.13879806,0.13867292,0.13852532,0.13835405,0.13815784,0.13792162,0.1376345,0.13730177,0.13692872,0.13652055,0.13608257,0.13562004,0.13513818,0.13464232,0.13413766,0.13362952,0.1331231,0.13262373,0.13213663,0.13166705,0.13122034,0.13080162,0.13041626,0.13006952,0.12976661,0.12951285,0.12931344,0.12917368,0.12909883,0.12909417,0.12916492,0.12931639,0.12955384,0.12988245,0.1303076,0.13083446,0.13146834,0.13217035,0.13289729,0.13364789,0.13442095,0.13521522,0.13602953,0.13686258,0.13771321,0.13858016,0.13946223,0.14035821,0.1412668,0.14218685,0.14311707,0.14405629,0.14500332,0.1459568,0.14691566,0.14787857,0.1488443,0.14981173,0.15077953,0.15174653,0.1527115,0.15367316,0.15463036,0.15558182,0.1565264,0.15746272,0.15838973,0.1593061,0.16021061,0.16105355,0.16178946,0.16242364,0.16296136,0.16340779,0.1637683,0.16404812,0.16425252,0.16438669,0.164456,0.16446564,0.16442089,0.16432707,0.16418937,0.16401303
0.13853188,0.13857734,0.13861555,0.13864543,0.13866578,0.1386755,0.13867338,0.13865833,0.13862926,0.13858494,0.13852426,0.13844611,0.13834931,0.1382327,0.13809524,0.13793565,0.13775288,0.13753003,0.1372547,0.1369322,0.13656808,0.13616772,0.13573655,0.13528004,0.13480361,0.13431267,0.13381267,0.13330902,0.13280724,0.13231267,0.13183078,0.13136703,0.1309268,0.13051558,0.13013874,0.12980182,0.12951016,0.12926921,0.12908441,0.12896118,0.12890503,0.12892134,0.12901554,0.12919304,0.12945934,0.12981983,0.13027994,0.13084516,0.13152082,0.13226557,0.13303351,0.13382351,0.13463442,0.13546515,0.13631447,0.13718134,0.13806453,0.13896294,0.13987541,0.14080082,0.14173806,0.14268592,0.14364329,0.14460902,0.14558198,0.14656103,0.14754502,0.14853285,0.14952329,0.15051527,0.15150765,0.15249924,0.15348893,0.1544756,0.15545808,0.1564352,0.1574059,0.15836899,0.15932335,0.16026774,0.16120115,0.1620716,0.16283152,0.16348639,0.16404162,0.1645027,0.16487496,0.16516387,0.16537493,0.16551353,0.16558509,0.16559504,0.16554885,0.16545193,0.16530973,0.16512768
0.13805406,0.13809593,0.13813111,0.13815862,0.13817735,0.13818629,0.13818434,0.13817053,0.1381437,0.13810293,0.13804705,0.1379751,0.13788597,0.13777862,0.13765202,0.1375051,0.13733682,0.13712868,0.13686664,0.1365563,0.1362032,0.1358129,0.13539098,0.13494308,0.13447468,0.13399146,0.13349892,0.13300268,0.1325083,0.13202134,0.13154739,0.13109201,0.13066083,0.13025938,0.12989326,0.12956804,0.12928925,0.12906252,0.12889346,0.12878756,0.12875046,0.12878773,0.12890491,0.12910756,0.12940134,0.1297918,0.13028447,0.13088495,0.13159883,0.1323823,0.1331871,0.13401227,0.13485666,0.13571928,0.13659906,0.13749497,0.13840589,0.13933086,0.14026877,0.14121859,0.14217927,0.14314975,0.144129,0.14511593,0.14610954,0.14710873,0.14811248,0.14911975,0.15012945,0.15114053,0.152152,0.15316276,0.15417176,0.155178,0.15618034,0.15717778,0.15816928,0.15915377,0.16013023,0.16109754,0.16205472,0.16294794,0.16372772,0.16439967,0.16496946,0.16544254,0.16582452,0.16612105,0.16633758,0.1664798,0.16655321,0.16656345,0.16651607,0.16641659,0.16627066,0.16608383
0.1375616,0.13759962,0.13763157,0.13765654,0.13767356,0.13768166,0.13767993,0.13766733,0.13764302,0.137606,0.13755524,0.13748993,0.13740899,0.13731153,0.13719659,0.1370632,0.13691041,0.1367182,0.13647097,0.13617444,0.1358343,0.13545619,0.13504581,0.13460891,0.13415112,0.13367817,0.13319573,0.13270952,0.13222516,0.13174842,0.13128494,0.13084044,0.13042058,0.13003111,0.12967768,0.12936595,0.12910166,0.12889048,0.1287381,0.12865023,0.12863255,0.12869075,0.1288305,0.12905754,0.1293775,0.12979612,0.13031906,0.13095202,0.1317007,0.13251914,0.133357,0.13421327,0.13508707,0.13597739,0.13688327,0.13780378,0.13873796,0.13968489,0.14064357,0.14161307,0.14259242,0.14358065,0.14457685,0.14558005,0.14658928,0.14760359,0.14862205,0.1496437,0.15066755,0.1516927,0.15271814,0.15374295,0.1547662,0.15578687,0.15680404,0.15781678,0.1588241,0.15982507,0.16081873,0.16180411,0.16278028,0.16369179,0.16448754,0.16517328,0.16575469,0.16623749,0.16662727,0.16692986,0.16715086,0.16729596,0.16737092,0.16738133,0.16733296,0.16723147,0.16708255,0.16689192
0.13705558,0.13708948,0.137118,0.13714027,0.13715547,0.13716269,0.13716115,0.13714993,0.1371282,0.13709512,0.13704988,0.13699159,0.13691935,0.13683236,0.13672976,0.13661073,0.13647436,0.13629922,0.13606818,0.13578708,0.13546166,0.1350977,0.13470104,0.13427734,0.1338325,0.13337223,0.13290232,0.13242857,0.13195676,0.13149263,0.13104202,0.13061063,0.13020432,0.12982881,0.1294899,0.1291934,0.12894504,0.1287506,0.12861593,0.1285467,0.12854874,0.12862787,0.12878983,0.12904042,0.12938538,0.12983051,0.1303816,0.13104442,0.13182478,0.1326747,0.13354197,0.1344257,0.13532504,0.13623913,0.13716713,0.13810818,0.1390614,0.14002602,0.1410011,0.14198585,0.1429794,0.1439809,0.14498948,0.1460043,0.14702457,0.14804932,0.14907779,0.15010907,0.15114237,0.15217677,0.15321149,0.1542456,0.15527831,0.15630874,0.15733606,0.15835942,0.15937792,0.1603908,0.1613971,0.16239604,0.16338675,0.16431239,0.16512051,0.16581692,0.16640733,0.16689761,0.1672935,0.16760074,0.16782516,0.16797252,0.1680486,0.16805921,0.16801009,0.167907,0.16775578,0.16756219
0.13653691,0.13656653,0.13659143,0.13661088,0.13662416,0.13663046,0.13662909,0.13661933,0.13660036,0.1365715,0.13653193,0.13648103,0.13641798,0.13634205,0.13625245,0.1361485,0.13602942,0.13587235,0.13565877,0.13539459,0.1350856,0.13473763,0.13435659,0.1339482,0.13351844,0.13307308,0.132618,0.13215902,0.13170199,0.13125272,0.13081713,0.130401,0.13001019,0.12965052,0.1293279,0.12904811,0.12881702,0.12864049,0.12852432,0.12847438,0.1284965,0.12859656,0.12878035,0.12905377,0.12942263,0.12989277,0.13047005,0.1311603,0.13196936,0.13284759,0.13374095,0.13464867,0.13557002,0.13650426,0.13745064,0.1384084,0.13937685,0.14035518,0.14134271,0.14233865,0.14334227,0.14435281,0.14536957,0.14639178,0.14741871,0.14844958,0.1494837,0.15052028,0.15155858,0.15259789,0.15363745,0.15467651,0.15571433,0.15675017,0.15778327,0.15881291,0.15983835,0.16085881,0.16187358,0.16288191,0.16388306,0.16481902,0.16563615,0.16634029,0.1669373,0.16743305,0.1678333,0.16814399,0.16837093,0.16851994,0.16859686,0.16860758,0.16855791,0.16845371,0.16830081,0.16810504
0.13600671,0.1360318,0.13605295,0.13606945,0.13608068,0.13608605,0.1360849,0.13607658,0.13606049,0.13603602,0.13600251,0.13595931,0.13590582,0.13584138,0.13576543,0.13567726,0.13557628,0.13543825,0.13524333,0.13499741,0.13470636,0.13437608,0.13401242,0.13362129,0.1332086,0.13278021,0.132342,0.13189986,0.1314597,0.1310274,0.13060881,0.13020982,0.1298364,0.12949432,0.12918957,0.12892793,0.12871534,0.1285577,0.12846087,0.12843075,0.12847324,0.12859422,0.12879957,0.12909515,0.12948686,0.12998061,0.13058224,0.13129771,0.13213284,0.13303638,0.13395275,0.13488135,0.13582148,0.13677253,0.13773385,0.13870488,0.13968495,0.14067338,0.14166962,0.142673,0.14368291,0.14469872,0.14571974,0.14674538,0.14777505,0.14880808,0.14984384,0.15088171,0.15192102,0.15296118,0.15400156,0.15504149,0.1560804,0.15711764,0.15815255,0.15918452,0.1602129,0.16123712,0.16225643,0.16327035,0.16427815,0.16522086,0.16604392,0.16675322,0.16735457,0.16785389,0.16825706,0.16857003,0.16879858,0.16894867,0.16902617,0.16903695,0.16898692,0.16888198,0.16872795,0.16853075
0.13546595,0.13548636,0.13550355,0.13551699,0.13552614,0.13553049,0.13552956,0.13552281,0.13550971,0.13548978,0.13546251,0.13542736,0.13538383,0.1353314,0.13526958,0.13519785,0.13511565,0.13499758,0.13482235,0.13459595,0.13432424,0.13401313,0.13366856,0.13329642,0.1329026,0.13249302,0.1320736,0.13165021,0.13122885,0.13081533,0.1304156,0.1300356,0.12968117,0.12935823,0.12907276,0.12883057,0.12863763,0.12849987,0.12842314,0.12841335,0.12847646,0.1286183,0.12884489,0.12916203,0.12957568,0.13009177,0.13071615,0.13145474,0.1323135,0.13323969,0.1341763,0.13512282,0.13607876,0.1370436,0.1380168,0.13899788,0.13998632,0.14098158,0.1419832,0.1429906,0.14400335,0.14502083,0.14604263,0.14706816,0.14809696,0.14912848,0.15016225,0.1511977,0.15223433,0.15327172,0.15430924,0.15534641,0.15638274,0.1574177,0.15845075,0.15948142,0.1605092,0.16153356,0.16255397,0.16356993,0.16458096,0.16552728,0.16635345,0.1670654,0.16766903,0.16817026,0.16857497,0.16888912,0.16911855,0.1692692,0.169347,0.16935782,0.1693076,0.16920224,0.16904765,0.16884972
0.13491562,0.13493124,0.13494435,0.1349546,0.13496159,0.13496491,0.1349642,0.13495906,0.13494906,0.13493384,0.13491303,0.13488623,0.13485299,0.13481298,0.1347658,0.13471101,0.13464832,0.13455093,0.13439642,0.13419063,0.1339395,0.13364899,0.13332498,0.13297336,0.13260005,0.13221098,0.13181204,0.13140918,0.13100828,0.13061531,0.13023607,0.12987657,0.12954271,0.12924035,0.1289754,0.12875389,0.12858163,0.12846453,0.12840857,0.12841958,0.1285035,0.12866627,0.12891379,0.12925199,0.12968673,0.13022396,0.13086963,0.13162956,0.13250972,0.13345608,0.13441044,0.13537231,0.1363414,0.13731726,0.13829951,0.13928777,0.14028165,0.14128076,0.14228465,0.14329305,0.14430544,0.14532152,0.14634082,0.14736304,0.14838775,0.1494145,0.15044294,0.15147273,0.15250342,0.15353464,0.15456598,0.15559705,0.15662745,0.15765685,0.15868476,0.15971091,0.16073479,0.1617561,0.16277438,0.16378927,0.16480035,0.16574736,0.16657417,0.16728662,0.1678907,0.16839229,0.16879727,0.16911162,0.16934122,0.169492,0.16956985,0.16958073,0.16953045,0.16942501,0.16927026,0.1690722
0.13435683,0.13436745,0.13437638,0.13438335,0.13438807,0.13439037,0.13438988,0.13438636,0.13437957,0.13436922,0.13435505,0.1343368,0.13431418,0.13428698,0.13425487,0.13421762,0.13417494,0.134099,0.13396595,0.13378187,0.13355245,0.13328375,0.1329816,0.13265191,0.13230059,0.13193354,0.13155662,0.13117582,0.13079697,0.13042596,0.13006873,0.12973116,0.12941921,0.12913868,0.12889552,0.12869564,0.12854496,0.12844935,0.12841468,0.12844688,0.12855189,0.12873554,0.1290038,0.12936251,0.1298176,0.13037503,0.13104056,0.1318202,0.13271981,0.13368419,0.13465396,0.13562892,0.13660873,0.1375932,0.13858198,0.13957487,0.14057158,0.14157183,0.14257537,0.14358193,0.14459124,0.14560303,0.14661705,0.14763302,0.1486507,0.1496698,0.15069002,0.15171114,0.15273292,0.153755,0.1547772,0.1557992,0.15682076,0.15784165,0.1588615,0.15988013,0.16089727,0.16191265,0.16292593,0.16393697,0.16494536,0.16589046,0.16671558,0.1674266,0.16802944,0.16853005,0.16893423,0.16924794,0.16947706,0.16962753,0.16970523,0.16971606,0.16966593,0.16956066,0.16940627,0.16920857
0.13379055,0.13379604,0.13380069,0.13380429,0.13380675,0.13380793,0.13380766,0.13380584,0.13380234,0.13379698,0.13378964,0.13378015,0.13376845,0.13375434,0.1337377,0.1337184,0.13369627,0.13364233,0.13353164,0.13337003,0.13316339,0.13291755,0.13263844,0.1323319,0.13200386,0.13166012,0.1313066,0.13094915,0.13059369,0.13024606,0.12991211,0.12959775,0.12930888,0.1290513,0.12883092,0.12865363,0.12852532,0.1284518,0.12843901,0.12849279,0.12861902,0.12882356,0.12911236,0.12949118,0.12996596,0.13054259,0.1312269,0.13202478,0.13294211,0.13392256,0.13490584,0.13589182,0.1368803,0.13787116,0.13886428,0.1398595,0.14085676,0.14185579,0.14285658,0.14385888,0.14486268,0.1458677,0.1468739,0.14788115,0.14888923,0.14989807,0.15090747,0.15191737,0.15292755,0.15393794,0.15494838,0.15595871,0.15696885,0.15797855,0.15898784,0.1599964,0.16100422,0.1620111,0.16301693,0.16402157,0.16502486,0.16596577,0.1667872,0.16749512,0.1680953,0.16859362,0.16899605,0.16930835,0.16953653,0.16968629,0.16976365,0.16977441,0.1697245,0.16961971,0.16946597,0.16926923
0.13321778,0.13321805,0.13321833,0.1332185,0.1332186,0.13321865,0.13321868,0.13321856,0.13321836,0.13321812,0.13321774,0.13321726,0.13321665,0.13321595,0.13321511,0.13321415,0.13321303,0.13318169,0.13309392,0.1329556,0.13277252,0.13255052,0.13229547,0.13201316,0.13170946,0.13139021,0.13106124,0.13072836,0.13039741,0.13007429,0.12976478,0.12947468,0.12920988,0.12897623,0.12877955,0.12862565,0.12852037,0.12846957,0.1284791,0.12855475,0.12870236,0.1289278,0.12923689,0.12963548,0.1301294,0.13072446,0.13142651,0.13224141,0.13317496,0.13416986,0.13516492,0.13616012,0.13715543,0.13815089,0.13914642,0.14014205,0.14113782,0.14213367,0.1431296,0.14412563,0.1451217,0.14611787,0.14711407,0.14811033,0.1491066,0.15010296,0.15109934,0.15209574,0.15309213,0.15408857,0.15508498,0.15608141,0.15707782,0.1580742,0.15907057,0.16006686,0.16106316,0.16205943,0.16305561,0.16405176,0.1650478,0.16598254,0.16679864,0.16750187,0.16809812,0.16859324,0.16899301,0.1693033,0.16952993,0.16967873,0.16975558,0.16976626,0.16971667,0.1696126,0.16945988,0.16926438
0.13263957,0.13263454,0.13263032,0.13262701,0.13262476,0.13262366,0.13262391,0.13262556,0.13262881,0.13263372,0.13264042,0.13264911,0.13265981,0.13267274,0.132688,0.13270569,0.13272592,0.13271764,0.13265336,0.13253894,0.13238013,0.13218278,0.13195264,0.13169545,0.13141705,0.13112326,0.13081977,0.13051245,0.13020708,0.12990938,0.1296252,0.12936033,0.1291205,0.12891155,0.12873927,0.12860942,0.1285278,0.12850016,0.1285324,0.12863019,0.12879933,0.12904568,0.12937494,0.12979297,0.1303055,0.13091838,0.13163732,0.13246816,0.1334167,0.13442466,0.13543001,0.13643296,0.13743359,0.13843203,0.13942838,0.1404228,0.14141542,0.14240634,0.1433957,0.14438362,0.14537029,0.14635572,0.14734009,0.1483236,0.14930624,0.15028821,0.15126967,0.15225069,0.15323138,0.15421194,0.15519246,0.15617308,0.15715386,0.15813501,0.15911663,0.1600988,0.16108173,0.1620655,0.16305023,0.16403604,0.16502309,0.16595004,0.16675925,0.16745667,0.16804793,0.16853887,0.16893531,0.169243,0.16946773,0.16961533,0.16969152,0.16970213,0.16965294,0.16954973,0.16939831,0.16920444
0.13205698,0.13204655,0.13203776,0.1320309,0.13202624,0.13202403,0.1320245,0.13202795,0.13203461,0.13204478,0.13205871,0.13207665,0.13209887,0.1321256,0.13215715,0.13219376,0.13223569,0.13225079,0.13221048,0.13212052,0.13198662,0.13181451,0.13160992,0.13137859,0.13112628,0.13085866,0.13058153,0.13030055,0.13002148,0.12975003,0.12949198,0.12925304,0.12903892,0.12885535,0.12870806,0.1286028,0.1285453,0.1285413,0.12859648,0.12871662,0.12890743,0.12917462,0.12952395,0.12996115,0.13049193,0.13112207,0.13185722,0.13270316,0.13366564,0.1346855,0.13570005,0.13670956,0.13771422,0.13871439,0.13971025,0.14070208,0.14169022,0.14267482,0.14365622,0.14463465,0.14561036,0.14658363,0.14755471,0.14852388,0.1494914,0.1504575,0.1514225,0.15238659,0.15335009,0.15431325,0.15527628,0.15623952,0.1572032,0.15816757,0.1591329,0.16009943,0.16106747,0.16203727,0.16300905,0.1639831,0.1649597,0.16587745,0.16667871,0.1673692,0.16795462,0.16844073,0.16883324,0.16913788,0.1693604,0.1695065,0.16958196,0.16959248,0.16954379,0.16944157,0.16929166,0.16909969
0.13147095,0.13145503,0.13144171,0.13143131,0.13142416,0.13142079,0.1314215,0.13142675,0.13143691,0.13145241,0.1314736,0.13150088,0.1315347,0.13157544,0.13162346,0.13167924,0.13174306,0.13178183,0.1317658,0.13170068,0.1315921,0.13144575,0.13126731,0.1310624,0.13083673,0.13059594,0.1303457,0.1300917,0.12983955,0.129595,0.12936364,0.1291512,0.1289633,0.12880561,0.1286838,0.12860359,0.12857057,0.12859045,0.12866883,0.12881148,0.12902401,0.12931211,0.1296814,0.1301376,0.13068631,0.13133326,0.13208412,0.13294451,0.1339201,0.13495103,0.13597386,0.13698895,0.13799676,0.13899766,0.13999203,0.14098032,0.14196286,0.14294009,0.14391243,0.14488025,0.14584391,0.14680387,0.1477605,0.14871426,0.14966546,0.15061451,0.15156184,0.15250787,0.15345295,0.15439753,0.1553419,0.15628661,0.15723196,0.15817837,0.15912624,0.16007599,0.16102797,0.16198264,0.16294032,0.16390151,0.16486649,0.16577406,0.16656642,0.16724926,0.16782816,0.16830887,0.16869703,0.16899829,0.16921835,0.16936284,0.16943744,0.16944784,0.16939965,0.16929862,0.16915034,0.16896053
0.13088252,0.13086115,0.13084319,0.13082914,0.13081956,0.13081503,0.13081603,0.13082308,0.13083676,0.1308576,0.1308861,0.13092284,0.13096835,0.13102317,0.1310878,0.13116282,0.13124873,0.13131137,0.13131988,0.13127987,0.13119693,0.13107671,0.13092475,0.13074665,0.13054803,0.13033447,0.1301116,0.12988497,0.12966023,0.12944296,0.12923872,0.12905318,0.12889187,0.12876041,0.12866445,0.12860948,0.12860121,0.1286452,0.12874702,0.12891227,0.1291466,0.12945554,0.12984474,0.13031974,0.13088624,0.13154976,0.13231587,0.13319027,0.13417849,0.13521986,0.13625029,0.13727038,0.13828062,0.13928154,0.14027375,0.14125772,0.14223398,0.14320311,0.14416559,0.14512202,0.14607286,0.14701878,0.14796016,0.14889765,0.14983171,0.15076292,0.15169178,0.15261887,0.15354474,0.15446986,0.15539481,0.1563201,0.1572463,0.15817393,0.15910356,0.16003561,0.16097076,0.16190952,0.16285232,0.16379979,0.16475248,0.16564913,0.16643193,0.16710655,0.1676785,0.1681534,0.16853692,0.16883455,0.16905196,0.16919471,0.1692684,0.16927868,0.16923107,0.16913126,0.1689848,0.16879724
0.13029274,0.13026586,0.13024326,0.13022561,0.13021357,0.13020784,0.13020906,0.13021794,0.13023518,0.13026136,0.13029726,0.1303435,0.13040075,0.1304697,0.13055098,0.13064538,0.13075346,0.13084006,0.13087325,0.13085856,0.13080145,0.13070749,0.13058223,0.13043115,0.13025983,0.13007376,0.12987845,0.1296795,0.12948236,0.12929264,0.12911575,0.12895733,0.12882283,0.12871782,0.12864785,0.12861839,0.12863499,0.12870316,0.1288285,0.12901641,0.12927257,0.12960237,0.13001144,0.13050525,0.13108934,0.13176923,0.13255046,0.13343859,0.13443908,0.13549052,0.13652824,0.13755295,0.13856526,0.13956586,0.14055543,0.14153466,0.14250423,0.14346482,0.14441705,0.14536165,0.14629926,0.14723061,0.1481563,0.14907703,0.14999351,0.15090638,0.15181635,0.15272407,0.15363018,0.15453541,0.15544043,0.15634587,0.15725243,0.15816084,0.15907167,0.15998568,0.1609035,0.16182584,0.16275331,0.16368668,0.16462655,0.16551189,0.16628478,0.16695088,0.1675156,0.16798452,0.16836312,0.168657,0.16887164,0.1690126,0.1690854,0.16909555,0.16904853,0.16894999,0.16880535,0.16862015
0.12970264,0.12967025,0.129643,0.12962168,0.12960722,0.12960027,0.12960178,0.1296125,0.12963325,0.12966481,0.12970805,0.12976378,0.1298328,0.12991588,0.1300139,0.13012765,0.13025793,0.13036855,0.13042647,0.13043705,0.13040581,0.13033824,0.13023973,0.13011573,0.12997176,0.12981324,0.1296456,0.12947431,0.12930489,0.12914273,0.12899327,0.12886201,0.1287544,0.1286759,0.12863195,0.12862797,0.12866953,0.12876196,0.1289108,0.12912145,0.12939939,0.12975007,0.13017897,0.13069157,0.13129324,0.1319895,0.13278577,0.13368753,0.13470022,0.13576166,0.13680659,0.1378358,0.13885003,0.13985023,0.14083712,0.14181152,0.14277428,0.14372623,0.14466809,0.14560074,0.146525,0.14744166,0.14835155,0.14925547,0.15015423,0.15104868,0.15193956,0.15282772,0.15371406,0.15459928,0.15548421,0.1563697,0.15725651,0.15814552,0.15903752,0.1599333,0.1608337,0.16173951,0.16265157,0.16357067,0.16449764,0.16537152,0.16613445,0.16679193,0.16734934,0.16781221,0.16818596,0.16847602,0.16868791,0.16882707,0.16889888,0.16890888,0.16886248,0.16876522,0.16862245,0.16843967
0.12911321,0.12907527,0.12904343,0.12901852,0.12900156,0.12899344,0.12899522,0.12900773,0.12903199,0.12906897,0.12911956,0.12918474,0.12926547,0.12936272,0.12947738,0.12961045,0.12976287,0.12989746,0.12998003,0.13001585,0.13001041,0.12996906,0.12989718,0.12980019,0.1296834,0.1295523,0.12941223,0.12926853,0.12912665,0.12899195,0.1288698,0.1287656,0.12868479,0.12863263,0.12861465,0.12863612,0.12870249,0.12881914,0.12899144,0.12922475,0.12952451,0.12989609,0.13034488,0.13087623,0.13149554,0.13220823,0.13301964,0.13393518,0.13496026,0.13603188,0.13708419,0.13811803,0.13913447,0.14013441,0.1411188,0.14208859,0.14304475,0.14398822,0.14491996,0.1458409,0.14675201,0.14765425,0.14854854,0.14943586,0.15031716,0.15119335,0.15206547,0.1529344,0.15380108,0.1546665,0.15553163,0.15639737,0.15726468,0.15813461,0.15900797,0.15988575,0.16076896,0.1616585,0.1625553,0.1634604,0.1643747,0.16523734,0.16599049,0.16663948,0.16718973,0.16764665,0.1680156,0.16830195,0.16851108,0.16864844,0.16871937,0.1687292,0.16868345,0.1685874,0.16844645,0.16826604
0.12852547,0.1284821,0.12844561,0.12841713,0.12839769,0.12838842,0.12839043,0.12840475,0.12843253,0.12847483,0.12853274,0.12860735,0.12869975,0.12881105,0.12894227,0.1290946,0.12926905,0.12942745,0.12953444,0.12959532,0.12961546,0.12960011,0.12955461,0.1294843,0.12939447,0.12929049,0.12917763,0.1290612,0.1289466,0.12883905,0.12874392,0.1286665,0.12861215,0.12858616,0.12859388,0.12864058,0.12873161,0.12887228,0.12906793,0.12932384,0.12964536,0.13003781,0.13050653,0.13105676,0.13169388,0.1324232,0.13325003,0.1341797,0.13521753,0.13629976,0.13735987,0.13839887,0.13941795,0.14041814,0.14140053,0.14236622,0.14331631,0.14425187,0.145174,0.14608376,0.1469823,0.14787066,0.14874996,0.14962126,0.15048565,0.15134422,0.1521981,0.15304835,0.15389602,0.15474226,0.15558815,0.15643476,0.15728317,0.1581345,0.15898986,0.15985024,0.1607168,0.16159065,0.16247283,0.16336444,0.16426663,0.16511856,0.16586235,0.16650327,0.1670467,0.16749793,0.16786228,0.16814509,0.16835165,0.16848728,0.16855733,0.16856703,0.1685219,0.168427,0.16828781,0.16810964
0.12794045,0.12789166,0.12785059,0.12781854,0.12779668,0.12778623,0.1277885,0.12780464,0.12783588,0.1278835,0.12794866,0.12803258,0.12813656,0.12826177,0.12840946,0.12858084,0.12877713,0.12895915,0.12909031,0.12917595,0.12922122,0.12923151,0.12921196,0.12916793,0.12910455,0.12902717,0.12894107,0.12885146,0.12876356,0.12868272,0.1286141,0.12856302,0.12853473,0.1285345,0.12856752,0.12863915,0.12875453,0.12891899,0.12913781,0.1294162,0.1297594,0.13017273,0.13066141,0.13123071,0.13188586,0.13263215,0.13347483,0.13441913,0.13547036,0.1365639,0.13763252,0.13867746,0.13969992,0.14070114,0.14168233,0.14264475,0.1435896,0.14451809,0.14543149,0.14633097,0.14721783,0.14809322,0.1489584,0.14981458,0.15066302,0.1515049,0.1523415,0.15317401,0.15400364,0.15483163,0.15565923,0.15648766,0.15731812,0.15815185,0.15899007,0.15983401,0.16068487,0.16154394,0.16241239,0.16329147,0.16418236,0.16502444,0.16575958,0.16639307,0.1669302,0.1673762,0.16773635,0.16801585,0.16822001,0.16835406,0.16842328,0.16843294,0.16838825,0.16829447,0.16815692,0.16798079
0.12735923,0.12730502,0.12725945,0.12722386,0.12719959,0.12718804,0.12719055,0.12720844,0.12724312,0.12729596,0.12736827,0.12746146,0.12757689,0.12771584,0.12787977,0.12806998,0.12828787,0.12849315,0.12864813,0.12875803,0.12882805,0.12886336,0.12886922,0.12885079,0.12881328,0.12876186,0.12870182,0.12863828,0.12857652,0.12852164,0.12847894,0.12845357,0.12845077,0.12847565,0.12853353,0.12862955,0.12876894,0.12895688,0.1291986,0.12949926,0.12986408,0.13029829,0.13080704,0.13139561,0.13206914,0.13283285,0.13369194,0.13465162,0.13571708,0.13682288,0.13790105,0.1389529,0.1399798,0.14098312,0.14196427,0.1429245,0.14386526,0.14478786,0.14569372,0.14658415,0.1474605,0.14832418,0.14917652,0.15001889,0.15085264,0.15167913,0.1524997,0.15331578,0.15412864,0.15493973,0.15575036,0.15656188,0.1573757,0.15819311,0.15901549,0.15984425,0.16068073,0.16152626,0.16238222,0.16324997,0.16413087,0.16496415,0.1656917,0.16631863,0.16685018,0.16729152,0.16764791,0.16792454,0.16812657,0.16825923,0.16832772,0.16833729,0.16829304,0.16820027,0.16806413,0.16788985
0.12678272,0.12672323,0.12667324,0.12663415,0.12660755,0.12659484,0.12659758,0.12661724,0.1266553,0.1267133,0.12679267,0.12689494,0.1270216,0.12717414,0.12735404,0.12756282,0.12780197,0.12803012,0.12820847,0.12834206,0.12843616,0.12849584,0.12852632,0.12853274,0.12852022,0.128494,0.12845916,0.12842084,0.1283843,0.12835462,0.12833695,0.12833649,0.12835836,0.12840776,0.12848979,0.12860966,0.12877251,0.12898348,0.12924775,0.12957048,0.12995678,0.13041188,0.1309409,0.13154896,0.13224126,0.13302301,0.13389923,0.13487518,0.13595602,0.13707529,0.13816427,0.1392243,0.14025703,0.14126381,0.14224626,0.14320579,0.14414394,0.14506218,0.14596198,0.14684488,0.14771236,0.1485659,0.14940697,0.15023711,0.15105778,0.15187052,0.15267678,0.15347804,0.15427583,0.15507163,0.15586695,0.15666324,0.15746202,0.1582648,0.15907302,0.15988825,0.16071188,0.16154554,0.1623906,0.16324863,0.16412106,0.16494706,0.16566823,0.16628964,0.16681653,0.16725403,0.1676073,0.1678815,0.16808176,0.16821328,0.16828117,0.16829064,0.1682468,0.16815484,0.16801986,0.16784713
0.12621199,0.12614736,0.12609296,0.12605049,0.12602153,0.12600774,0.1260107,0.12603208,0.12607348,0.12613651,0.12622283,0.12633403,0.12647173,0.12663756,0.12683317,0.12706016,0.12732017,0.12757075,0.1277718,0.12792845,0.12804586,0.12812908,0.12818329,0.12821361,0.12822512,0.12822297,0.12821229,0.1281982,0.12818582,0.12818025,0.12818667,0.12821016,0.12825581,0.12832883,0.12843424,0.12857725,0.12876293,0.12899645,0.12928285,0.12962736,0.13003503,0.13051099,0.13106039,0.13168833,0.13239993,0.13320033,0.13409466,0.13508803,0.13618553,0.13731982,0.13842104,0.1394909,0.140531,0.141543,0.14252843,0.14348902,0.14442632,0.14534196,0.14623758,0.14711484,0.1479753,0.1488206,0.14965239,0.15047225,0.15128186,0.15208282,0.15287672,0.15366523,0.15444991,0.15523247,0.15601446,0.15679754,0.15758334,0.15837346,0.15916952,0.15997316,0.16078602,0.16160968,0.1624458,0.16329597,0.16416186,0.16498232,0.16569865,0.16631593,0.16683926,0.16727383,0.16762476,0.16789709,0.168096,0.16822664,0.16829407,0.1683035,0.16825995,0.16816859,0.16803454,0.16786295
0.1256481,0.12557836,0.12551971,0.1254739,0.12544268,0.1254278,0.12543102,0.12545407,0.12549871,0.1255667,0.12565978,0.12577967,0.12592818,0.12610704,0.126318,0.12656277,0.12684318,0.1271156,0.1273387,0.1275176,0.1276574,0.12776318,0.12784006,0.12789313,0.12792754,0.12794827,0.12796056,0.12796943,0.12798001,0.12799735,0.12802663,0.1280729,0.1281413,0.12823687,0.12836477,0.12853007,0.12873785,0.12899329,0.12930141,0.12966734,0.1300962,0.13059306,0.13116306,0.13181123,0.13254274,0.13336265,0.13427609,0.13528816,0.13640395,0.13755491,0.1386703,0.13975178,0.14080122,0.1418203,0.14281082,0.14377443,0.144713,0.1456282,0.14652182,0.1473956,0.1482513,0.14909065,0.14991543,0.15072733,0.15152818,0.1523197,0.15310359,0.15388167,0.15465565,0.1554273,0.15619841,0.15697062,0.1577458,0.15852562,0.15931188,0.16010632,0.16091062,0.16172662,0.16255607,0.16340066,0.16426219,0.1650792,0.1657925,0.16640714,0.1669283,0.16736105,0.16771048,0.16798165,0.16817978,0.16830985,0.16837698,0.16838634,0.16834301,0.16825202,0.16811857,0.16794768
0.12509203,0.12501733,0.12495452,0.12490549,0.12487206,0.12485612,0.124859564,0.12488424,0.12493203,0.12500483,0.1251045,0.12523293,0.12539196,0.12558347,0.12580937,0.1260715,0.12637174,0.12666535,0.12690973,0.12710993,0.1272711,0.1273983,0.12749664,0.12757121,0.12762709,0.1276694,0.12770319,0.12773357,0.1277657,0.1278046,0.12785536,0.12792315,0.12801301,0.12812999,0.12827927,0.12846592,0.12869498,0.12897164,0.1293009,0.12968789,0.13013774,0.1306555,0.1312463,0.13191517,0.13266727,0.13350767,0.13444147,0.13547376,0.1366096,0.13777925,0.1389108,0.14000614,0.14106707,0.14209552,0.14309338,0.14406243,0.14500466,0.14592189,0.146816,0.14768882,0.1485423,0.14937831,0.15019867,0.1510053,0.15180004,0.15258478,0.15336138,0.1541318,0.15489776,0.15566128,0.15642416,0.15718828,0.15795556,0.15872782,0.15950695,0.1602948,0.16109331,0.16190429,0.16272968,0.1635713,0.164431,0.16524692,0.1659593,0.16657315,0.1670936,0.16752577,0.16787474,0.16814558,0.1683434,0.16847332,0.16854037,0.16854969,0.16850641,0.16841558,0.16828226,0.16811159
0.124544784,0.12446531,0.124398485,0.12434628,0.12431071,0.12429377,0.12429741,0.12432369,0.124374546,0.12445202,0.124558076,0.12469473,0.12486395,0.12506776,0.12530813,0.12558706,0.12590656,0.12622063,0.12648536,0.12670586,0.12688723,0.12703454,0.12715296,0.12724754,0.12732342,0.12738568,0.12743942,0.12748979,0.12754183,0.1276007,0.12767147,0.12775923,0.12786914,0.12800625,0.12817572,0.1283826,0.128632,0.12892908,0.12927887,0.12968655,0.13015711,0.13069579,0.13130763,0.1319977,0.13277118,0.13363312,0.13458863,0.13564284,0.13680083,0.13799146,0.13914153,0.14025307,0.14132799,0.14236835,0.14337613,0.14435332,0.14530194,0.14622393,0.14712133,0.14799613,0.1488503,0.14968587,0.15050484,0.15130912,0.15210082,0.15288183,0.15365425,0.15441997,0.15518107,0.15593952,0.15669729,0.15745638,0.15821879,0.15898654,0.1597616,0.16054596,0.16134165,0.16215059,0.16297486,0.16381639,0.16467725,0.16549475,0.1662085,0.16682361,0.16734509,0.16777812,0.16812776,0.16839916,0.16859736,0.1687275,0.1687947,0.16880408,0.16876069,0.16866967,0.1685361,0.16836509
0.12400741,0.12392334,0.123852625,0.12379739,0.12375974,0.12374182,0.12374569,0.123773456,0.12382729,0.12390926,0.12402148,0.12416607,0.12434514,0.12456079,0.124815136,0.12511028,0.12544836,0.12578207,0.12606616,0.12630579,0.12650605,0.12667206,0.126809,0.126922,0.12701617,0.12709665,0.12716857,0.12723708,0.1273073,0.12738433,0.12747338,0.12757953,0.12770793,0.12786369,0.12805197,0.12827788,0.1285466,0.12886319,0.12923282,0.12966065,0.13015178,0.13071136,0.13134451,0.13205636,0.13285206,0.13373674,0.13471553,0.13579355,0.13697594,0.13819009,0.13936128,0.1404917,0.1415834,0.14263852,0.14365916,0.14464743,0.14560547,0.14653537,0.14743921,0.14831913,0.14917727,0.15001565,0.1508365,0.15164183,0.15243381,0.15321454,0.15398613,0.15475065,0.15551028,0.15626706,0.15702316,0.15778066,0.15854168,0.15930833,0.16008273,0.16086695,0.16166317,0.16247344,0.1632999,0.16414465,0.1650098,0.16583197,0.16654974,0.16716829,0.16769274,0.16812818,0.16847982,0.1687527,0.16895206,0.16908295,0.16915055,0.16915995,0.16911633,0.16902477,0.16889048,0.1687185
0.12350806,0.12341972,0.12334545,0.123287424,0.12324789,0.123229034,0.12323309,0.12326228,0.12331883,0.123404935,0.12352283,0.12367474,0.12386288,0.1240894,0.124356605,0.12466668,0.12502186,0.12537362,0.12567537,0.1259323,0.12614967,0.12633252,0.1264861,0.12661552,0.12672603,0.12682272,0.1269108,0.12699546,0.12708184,0.12717508,0.1272804,0.12740296,0.12754792,0.12772048,0.12792574,0.12816888,0.12845513,0.12878968,0.12917759,0.12962411,0.13013437,0.1307136,0.13136686,0.13209943,0.13291644,0.13382304,0.13482441,0.1359258,0.13713223,0.1383697,0.13956203,0.14071147,0.14182033,0.14289075,0.1439249,0.14492512,0.14589351,0.1468323,0.14774379,0.14863013,0.14949359,0.15033631,0.15116058,0.15196858,0.15276252,0.15354465,0.15431716,0.15508226,0.15584223,0.15659922,0.15735547,0.15811321,0.15887463,0.159642,0.16041745,0.16120328,0.16200165,0.1628148,0.16364497,0.1644944,0.16536522,0.1661932,0.16691609,0.167539,0.16806719,0.16850574,0.16885985,0.16913475,0.16933548,0.16946729,0.16953534,0.1695448,0.16950093,0.1694087,0.16927347,0.16910025
0.12307211,0.122980066,0.122902654,0.122842185,0.12280099,0.12278134,0.12278559,0.122816,0.12287492,0.12296465,0.1230875,0.12324579,0.12344181,0.123677865,0.12395629,0.1242794,0.124649495,0.12501696,0.12533419,0.12560625,0.12583852,0.1260361,0.12620415,0.12634797,0.12647271,0.12658358,0.12668578,0.12678453,0.126885,0.1269924,0.12711193,0.12724881,0.1274082,0.12759537,0.12781549,0.12807372,0.12837532,0.12872545,0.12912934,0.12959218,0.13011917,0.13071549,0.13138641,0.13213705,0.13297266,0.13389839,0.13491952,0.13604121,0.13726866,0.13852647,0.1397373,0.14090341,0.1420272,0.14311093,0.14415693,0.1451675,0.14614496,0.14709158,0.14800973,0.14890164,0.14976974,0.15061623,0.15144351,0.1522538,0.15304947,0.15383281,0.15460615,0.1553718,0.15613204,0.15688919,0.15764558,0.15840352,0.15916532,0.15993327,0.1607097,0.1614969,0.1622972,0.16311286,0.1639463,0.1647997,0.16567549,0.16650859,0.16723594,0.16786271,0.16839413,0.16883539,0.16919169,0.16946824,0.16967022,0.16980287,0.16987135,0.16988087,0.16983666,0.16974391,0.1696078,0.16943352
0.12269641,0.12260119,0.12252107,0.12245851,0.12241588,0.122395575,0.12239994,0.12243143,0.12249238,0.12258524,0.12271236,0.12287614,0.123078965,0.12332323,0.123611346,0.123945676,0.12432862,0.12470964,0.12504013,0.12532532,0.1255704,0.12578063,0.12596118,0.12611741,0.12625442,0.12637752,0.12649186,0.12660277,0.12671536,0.12683496,0.12696673,0.127116,0.12728785,0.1274876,0.12772052,0.12799172,0.12830654,0.12867016,0.12908776,0.12956466,0.13010603,0.13071714,0.13140324,0.13216943,0.13302106,0.13396333,0.13500148,0.13614069,0.13738625,0.13866156,0.1398883,0.1410688,0.14220548,0.1433007,0.14435688,0.14537637,0.14636163,0.14731501,0.14823885,0.14913565,0.15000772,0.15085748,0.1516873,0.15249962,0.15329677,0.15408117,0.15485522,0.15562132,0.1563818,0.15713911,0.15789562,0.1586537,0.1594158,0.16018428,0.1609615,0.16174988,0.16255185,0.16336969,0.16420592,0.16506284,0.16594289,0.16678034,0.16751155,0.16814159,0.16867587,0.16911942,0.16947761,0.16975562,0.16995865,0.17009202,0.17016086,0.17017046,0.17012599,0.17003275,0.16989593,0.16972077
0.12237789,0.12227994,0.12219757,0.12213323,0.12208937,0.12206847,0.12207297,0.122105375,0.12216806,0.12226355,0.12239429,0.12256272,0.12277133,0.123022564,0.123318866,0.12366272,0.124056555,0.1244491,0.12479086,0.1250871,0.12534307,0.12556404,0.12575524,0.12592192,0.12606938,0.12620279,0.12632746,0.12644863,0.12657155,0.12670147,0.12684365,0.12700334,0.12718578,0.12739627,0.12763995,0.1279222,0.1282482,0.12862322,0.12905252,0.12954134,0.13009493,0.13071854,0.13141748,0.13219692,0.13306212,0.13401842,0.13507093,0.13622504,0.13748592,0.13877614,0.14001635,0.14120904,0.14235657,0.1434616,0.14452636,0.14555348,0.14654535,0.14750442,0.14843316,0.14933403,0.15020947,0.15106201,0.151894,0.15270801,0.15350643,0.15429173,0.15506637,0.15583283,0.15659353,0.15735099,0.1581076,0.15886581,0.15962817,0.1603971,0.16117503,0.1619644,0.16276774,0.16358747,0.16442607,0.16528594,0.16616961,0.16701081,0.16774525,0.16837814,0.16891469,0.16936028,0.16972004,0.16999927,0.17020322,0.17033719,0.17040633,0.17041595,0.1703713,0.17027766,0.1701402,0.16996425
0.1221134,0.12201321,0.12192892,0.1218631,0.12181826,0.12179687,0.12180148,0.1218346,0.12189873,0.121996425,0.12213016,0.122302495,0.122515894,0.12277289,0.12307599,0.12342778,0.12383065,0.12423274,0.124583855,0.12488928,0.12515433,0.1253842,0.1255842,0.12575963,0.12591568,0.1260577,0.12619093,0.12632065,0.1264521,0.12659062,0.12674144,0.12690979,0.12710105,0.12732035,0.12757307,0.12786447,0.12819977,0.1285843,0.12902324,0.12952197,0.13008572,0.13071972,0.1314293,0.1322197,0.13309625,0.13406411,0.13512863,0.13629505,0.13756868,0.13887125,0.14012267,0.14132546,0.14248213,0.14359517,0.14466716,0.14570054,0.14669791,0.1476617,0.14859448,0.14949878,0.15037702,0.15123186,0.15206566,0.15288106,0.15368055,0.15446655,0.1552417,0.15600847,0.15676934,0.15752693,0.15828358,0.15904196,0.15980452,0.16057381,0.16135229,0.16214253,0.16294703,0.16376828,0.16460884,0.16547118,0.16635783,0.16720216,0.16793928,0.1685745,0.16911307,0.16956022,0.16992134,0.17020163,0.17040633,0.17054072,0.17061014,0.17061983,0.17057501,0.17048103,0.17034309,0.17016645
0.12189985,0.12179784,0.12171204,0.12164501,0.12159933,0.12157757,0.121582255,0.12161596,0.1216813,0.12178075,0.121916905,0.122092344,0.12230963,0.12257127,0.12287992,0.12323805,0.12364825,0.12405804,0.12441672,0.124729574,0.12500189,0.12523897,0.12544608,0.12562853,0.12579161,0.12594056,0.12608069,0.1262173,0.12635571,0.12650114,0.1266589,0.1268343,0.12703261,0.1272591,0.12751909,0.12781785,0.12816067,0.12855282,0.12899964,0.12950632,0.13007826,0.13072067,0.13143888,0.13223813,0.13312377,0.13410103,0.13517523,0.13635164,0.13763553,0.13894807,0.14020851,0.14141946,0.14258344,0.14370306,0.14478078,0.1458193,0.14682107,0.14778872,0.14872473,0.14963175,0.15051231,0.15136898,0.15220428,0.1530208,0.1538211,0.15460774,0.15538329,0.1561503,0.15691134,0.15766895,0.15842572,0.1591842,0.1599469,0.16071649,0.16149546,0.16228637,0.1630918,0.16391431,0.16475646,0.16562077,0.16650985,0.16735663,0.16809595,0.16873303,0.16927318,0.16972174,0.17008387,0.17036498,0.1705703,0.17070512,0.17077473,0.17078441,0.17073949,0.17064519,0.17050686,0.17032975
0.121734075,0.12163066,0.121543646,0.121475704,0.12142941,0.12140733,0.12141209,0.12144629,0.1215125,0.12161336,0.121751375,0.12192926,0.122149535,0.12241482,0.12272772,0.12309079,0.12350668,0.123922445,0.12428697,0.12460559,0.12488362,0.12512626,0.1253389,0.12552682,0.12569527,0.12584963,0.12599511,0.12613711,0.12628086,0.12643167,0.12659486,0.12677568,0.1269795,0.12721154,0.12747718,0.12778169,0.1281303,0.12852839,0.12898126,0.12949418,0.13007247,0.13072142,0.1314463,0.13225242,0.13314512,0.13412967,0.13521138,0.13639551,0.13768741,0.1390077,0.14027515,0.14149243,0.1426621,0.14378677,0.14486901,0.14591147,0.14691667,0.14788729,0.14882585,0.14973499,0.15061732,0.15147541,0.15231186,0.15312923,0.15393023,0.1547173,0.15549316,0.15626039,0.15702152,0.15777919,0.15853602,0.15929456,0.16005743,0.16082726,0.16160655,0.162398,0.16320415,0.1640276,0.16487098,0.16573685,0.16662781,0.1674766,0.16821758,0.1688561,0.1693975,0.16984707,0.17021005,0.17049181,0.17069758,0.17083272,0.17090248,0.1709122,0.17086716,0.17077264,0.17063397,0.17045644
0.121613026,0.12150855,0.121420704,0.12135206,0.12130531,0.12128302,0.121287845,0.121322334,0.121389225,0.121491075,0.1216305,0.121810116,0.122032605,0.12230051,0.12261654,0.122983254,0.12340326,0.1238234,0.124192216,0.124515064,0.1247972,0.12504393,0.12526059,0.12545252,0.12562492,0.1257832,0.12593263,0.12607855,0.12622622,0.12638094,0.12654805,0.12673287,0.12694068,0.1271768,0.12744659,0.12775524,0.12810814,0.1285106,0.12896788,0.12948532,0.13006826,0.13072196,0.13145171,0.13226289,0.13316074,0.13415061,0.13523778,0.13642757,0.1377253,0.13905121,0.14032383,0.14154571,0.14271957,0.14384794,0.14493345,0.14597878,0.14698648,0.14795926,0.1488997,0.14981042,0.15069404,0.15155312,0.15239042,0.15320846,0.1540099,0.15479735,0.15557344,0.1563408,0.15710202,0.15785973,0.1586166,0.15937519,0.16013817,0.16090816,0.16168772,0.16247952,0.16328621,0.16411039,0.16495466,0.16582164,0.166714,0.16756417,0.16830641,0.168946,0.1694883,0.16993861,0.1703022,0.17058443,0.17079052,0.17092587,0.1709958,0.1710055,0.1709604,0.17086571,0.17072682,0.17054902
0.12153352,0.12142837,0.121339954,0.1212709,0.121223815,0.12120138,0.12120622,0.12124096,0.12130827,0.12141077,0.1215511,0.12173191,0.12195582,0.12222546,0.122543536,0.12291261,0.123335354,0.12375835,0.12413001,0.1244556,0.124740444,0.12498987,0.12520921,0.1254037,0.12557873,0.12573959,0.1258916,0.12604006,0.12619027,0.1263476,0.12651734,0.12670475,0.12691523,0.12715401,0.12742645,0.1277379,0.1280936,0.1284989,0.1289591,0.12947951,0.13006547,0.13072227,0.13145526,0.13226974,0.13317098,0.13416433,0.13525511,0.1364486,0.1377502,0.13907981,0.14035578,0.14158073,0.14275728,0.14388809,0.14497578,0.14602299,0.14703237,0.14800654,0.1489482,0.14985992,0.15074438,0.15160419,0.15244201,0.15326045,0.15406226,0.1548499,0.15562615,0.15639359,0.15715487,0.15791261,0.15866953,0.15942815,0.16019118,0.16096124,0.16174099,0.16253307,0.1633401,0.16416474,0.1650096,0.16587733,0.16677058,0.16762167,0.16836472,0.16900505,0.16954793,0.16999872,0.17036273,0.17064522,0.17085157,0.17098708,0.17105703,0.17106679,0.17102161,0.17092682,0.1707878,0.17060979
0.12149247,0.121386975,0.121298246,0.121228956,0.12118175,0.12115921,0.12116408,0.121198945,0.121266484,0.12136931,0.12151011,0.12169151,0.121916175,0.122186735,0.12250584,0.12287615,0.1233003,0.12372479,0.124097876,0.12442491,0.124711156,0.12496196,0.12518264,0.12537849,0.12555487,0.12571707,0.1258704,0.12602021,0.12617175,0.12633039,0.12650146,0.12669025,0.12690207,0.12714224,0.12741607,0.12772892,0.12808606,0.12849285,0.12895454,0.12947652,0.13006404,0.13072248,0.1314571,0.13227327,0.13317627,0.13417143,0.13526408,0.1364595,0.13776302,0.13909458,0.14037229,0.1415988,0.14277676,0.14390881,0.14499761,0.14604577,0.14705604,0.14803095,0.14897324,0.14988549,0.15077038,0.15163054,0.15246864,0.15328732,0.15408926,0.15487704,0.15565336,0.15642084,0.15718213,0.15793993,0.15869683,0.15945548,0.16021855,0.16098869,0.16176851,0.16256073,0.16336793,0.1641928,0.16503797,0.16590607,0.16679981,0.16765137,0.16839486,0.16903552,0.16957872,0.17002976,0.17039394,0.17067662,0.1708831,0.17101866,0.17108867,0.17109841,0.17105323,0.17095838,0.17081928,0.17064117
0.12148675,0.121381216,0.12129247,0.12122312,0.12117588,0.12115336,0.121158205,0.121193096,0.12126066,0.12136354,0.12150442,0.1216859,0.12191064,0.12218133,0.1225006,0.12287107,0.12329543,0.12372012,0.12409339,0.12442063,0.12470709,0.12495809,0.12517896,0.125375,0.12555155,0.12571394,0.12586746,0.12601742,0.12616916,0.12632802,0.12649928,0.12668821,0.12690024,0.12714061,0.12741467,0.12772769,0.12808502,0.128492,0.12895392,0.12947609,0.13006383,0.1307225,0.13145739,0.13227378,0.13317701,0.13417242,0.1352653,0.136461,0.13776481,0.13909662,0.14037459,0.14160132,0.14277947,0.1439117,0.14500065,0.14604898,0.14705935,0.14803436,0.1489767,0.14988904,0.15077399,0.15163423,0.15247238,0.15329106,0.15409301,0.1548808,0.15565717,0.15642466,0.15718596,0.15794373,0.15870063,0.15945926,0.16022232,0.1609925,0.16177237,0.16256459,0.1633718,0.16419671,0.16504188,0.16591008,0.16680385,0.16765547,0.16839902,0.16903977,0.169583,0.17003408,0.1703983,0.17068101,0.17088749,0.17102307,0.17109308,0.17110282,0.17105761,0.17096284,0.17082368,0.17064552
0.12151324,0.12140791,0.121319376,0.12125019,0.12120305,0.12118055,0.12118543,0.121220216,0.12128766,0.1213903,0.12153088,0.12171197,0.12193623,0.12220635,0.122524925,0.1228946,0.123318054,0.1237418,0.12411414,0.12444044,0.12472598,0.12497608,0.12519608,0.12539127,0.12556697,0.12572849,0.12588117,0.12603025,0.12618114,0.12633914,0.1265095,0.12669761,0.12690873,0.1271482,0.12742135,0.12773345,0.12808987,0.1284959,0.12895687,0.12947802,0.13006479,0.13072237,0.1314562,0.13227148,0.13317358,0.13416786,0.13525952,0.13645397,0.13775653,0.13908711,0.14036393,0.14158964,0.14276688,0.14389831,0.14498654,0.14603424,0.14704406,0.14801861,0.14896058,0.14987253,0.15075724,0.1516172,0.1524552,0.15327376,0.15407558,0.1548633,0.15563959,0.15640701,0.15716831,0.1579261,0.15868297,0.15944164,0.16020471,0.1609748,0.1617546,0.16254671,0.16335386,0.1641786,0.1650236,0.16589151,0.16678502,0.16763636,0.16837959,0.16902007,0.16956311,0.17001402,0.17037813,0.17066075,0.17086713,0.17100266,0.17107265,0.17108239,0.17103724,0.17094243,0.17080337,0.1706253
0.121568836,0.12146401,0.121375844,0.12130696,0.12126006,0.12123767,0.12124251,0.12127715,0.12134427,0.121446475,0.12158638,0.12176668,0.12198995,0.12225882,0.12257598,0.12294398,0.123365544,0.12378726,0.12415768,0.12448202,0.124765664,0.1250139,0.12523206,0.1254254,0.12559928,0.12575899,0.1259098,0.12605718,0.12620625,0.12636244,0.12653099,0.12671725,0.12692654,0.12716417,0.12743537,0.1277456,0.12810005,0.12850408,0.12896301,0.12948212,0.13006672,0.13072215,0.1314537,0.1322667,0.13316643,0.13415822,0.13524741,0.13643926,0.13773912,0.13906711,0.14034161,0.14156516,0.14274052,0.14387022,0.14495695,0.14600334,0.14701197,0.14798555,0.14892662,0.14983793,0.15072198,0.15158151,0.15241906,0.15323736,0.15403898,0.15482657,0.15560271,0.1563701,0.15713137,0.15788913,0.15864599,0.1594046,0.1601676,0.16093764,0.1617173,0.16250929,0.16331616,0.16414058,0.16498518,0.16585258,0.16674542,0.1675961,0.16833882,0.1689788,0.16952145,0.16997202,0.1703358,0.17061819,0.17082444,0.17095987,0.1710298,0.17103957,0.17099442,0.17089969,0.17076068,0.17058276
0.121650435,0.1215463,0.12145869,0.121390276,0.121343665,0.12132146,0.121326245,0.12136067,0.12142732,0.12152883,0.121667854,0.12184694,0.122068726,0.12233585,0.122650884,0.123016484,0.12343521,0.123854004,0.1242215,0.12454306,0.12482388,0.12506936,0.1252848,0.12547547,0.12564668,0.12580374,0.12595193,0.12609664,0.12624311,0.12639661,0.12656252,0.12674609,0.12695268,0.12718755,0.12745602,0.12776339,0.128115,0.12851612,0.12897204,0.12948808,0.13006957,0.13072178,0.13145003,0.13225962,0.13315591,0.13414416,0.1352296,0.13641769,0.1377136,0.13903776,0.14030877,0.14152926,0.14270179,0.14382902,0.14491354,0.14595796,0.14696495,0.14793703,0.14887688,0.1497871,0.15067032,0.1515291,0.15236613,0.15318397,0.15398528,0.15477261,0.15554863,0.15631592,0.15707715,0.15783487,0.15859169,0.15935028,0.16011322,0.16088316,0.16166264,0.16245432,0.16326085,0.16408482,0.16492878,0.16579548,0.16668737,0.1675371,0.16827895,0.16891824,0.16946024,0.16991031,0.17027372,0.17055579,0.17076181,0.17089707,0.17096692,0.17097667,0.17093158,0.17083694,0.17069812,0.17052041
0.12175487,0.12165161,0.1215648,0.12149695,0.12145072,0.12142869,0.12143342,0.12146756,0.12153367,0.12163435,0.12177217,0.121949695,0.1221696,0.122434445,0.12274679,0.12310927,0.12352443,0.12393944,0.124303244,0.12462115,0.124898426,0.1251404,0.12535232,0.12553956,0.12570737,0.125861,0.12600587,0.12614715,0.12629026,0.12644039,0.12660289,0.12678304,0.12698615,0.12721753,0.12748244,0.1277862,0.12813413,0.12853149,0.12898359,0.12949573,0.1300732,0.1307213,0.13144538,0.13225064,0.13314244,0.13412608,0.13520682,0.13639002,0.1376809,0.13900019,0.14026678,0.1414833,0.14265226,0.14377628,0.14485797,0.14589989,0.14690469,0.14787489,0.14881317,0.14972204,0.15060417,0.15146203,0.15229835,0.15311566,0.15391655,0.15470362,0.1554794,0.15624659,0.15700771,0.15776537,0.15852219,0.15928073,0.1600436,0.16081335,0.16159265,0.16238399,0.16319007,0.16401342,0.1648566,0.1657223,0.16661303,0.16746154,0.16820231,0.1688407,0.16938193,0.16983134,0.17019424,0.17047589,0.17068163,0.17081669,0.17088646,0.17089614,0.17085114,0.17075665,0.17061801,0.17044058
