0.20812495,0.20889087,0.20953497,0.21003811,0.21038103,0.21054444,0.21050923,0.21025601,0.20976575,0.20901904,0.20799677,0.20667966,0.20504852,0.20308407,0.20076713,0.19807844,0.19499879,0.1916896,0.18832871,0.18492146,0.18147321,0.17798929,0.17447507,0.1709359,0.16737708,0.163804,0.16022204,0.15663648,0.15305272,0.1494761,0.1459119,0.14236562,0.13884246,0.13534784,0.13188711,0.12846561,0.12508869,0.12176169,0.11848995,0.115278825,0.11213368,0.109059855,0.10606271,0.10314759,0.100319825,0.097584784,0.094947785,0.092414245,0.08998943,0.0878227,0.086046904,0.08464287,0.08359136,0.08287309,0.0824689,0.082359545,0.08252576,0.082948364,0.08360811,0.084485754,0.08556211,0.08681791,0.088233955,0.08979101,0.09146982,0.093251176,0.095115855,0.09704464,0.099018276,0.101017565,0.10302324,0.10501613,0.106976934,0.10888648,0.11072554,0.11247485,0.11411523,0.115627386,0.11699216,0.11819027,0.119202524,0.120059274,0.12080726,0.1214518,0.12199831,0.12245209,0.1228185,0.12310288,0.123310626,0.12344704,0.12351747,0.123527266,0.12348181,0.12338639,0.123246424,0.12306724
0.20846243,0.20923316,0.20988129,0.21038759,0.21073261,0.21089707,0.21086158,0.21060683,0.21011345,0.20936212,0.20833343,0.2070081,0.20536672,0.20339,0.20105854,0.19835302,0.1952541,0.19192426,0.18854247,0.18511407,0.1816445,0.17813912,0.17460327,0.17104235,0.16746172,0.16386677,0.16026282,0.15665536,0.15304965,0.1494511,0.14586511,0.14229704,0.13875222,0.1352361,0.13175397,0.12831129,0.12491338,0.121565595,0.11827337,0.11504204,0.111876994,0.108783595,0.10576722,0.102833256,0.099987045,0.09723401,0.09457947,0.09202883,0.089587465,0.087405674,0.08561729,0.084203005,0.0831434,0.08241917,0.082010955,0.08189942,0.0820652,0.08248898,0.08315135,0.08403303,0.08511462,0.08637679,0.08780023,0.08936552,0.09105337,0.09284438,0.09471927,0.09665863,0.09864314,0.10065345,0.10267019,0.10467407,0.106645666,0.108565696,0.11041477,0.11217356,0.113822706,0.11534287,0.11671465,0.11791881,0.11893591,0.119796626,0.12054806,0.12119562,0.12174466,0.122200534,0.12256864,0.12285435,0.12306305,0.12320007,0.12327082,0.12328069,0.12323499,0.12313916,0.12299857,0.12281854
0.20874624,0.20952098,0.21017252,0.21068145,0.2110283,0.21119364,0.21115798,0.21090187,0.2104059,0.20965062,0.20861655,0.2072843,0.20563436,0.20364727,0.20130362,0.19858396,0.19546881,0.1921216,0.18872218,0.18527608,0.1817886,0.17826512,0.1747111,0.1711319,0.16753294,0.16391955,0.16029719,0.15667123,0.1530471,0.14943011,0.14582573,0.14223936,0.13867632,0.13514206,0.13164198,0.12818149,0.124765925,0.12140071,0.118091255,0.11484291,0.11166111,0.108551264,0.10551872,0.10256891,0.0997072,0.096939005,0.09426971,0.09170471,0.0892494,0.08705496,0.08525599,0.08383304,0.08276665,0.0820374,0.08162582,0.081512466,0.08167788,0.082102604,0.08276723,0.08365227,0.08473827,0.086005814,0.08743544,0.0890077,0.09070312,0.09250227,0.09438573,0.09633397,0.098327644,0.100347236,0.102373295,0.10438639,0.10636708,0.10829591,0.11015341,0.111920156,0.11357669,0.11510356,0.11648132,0.11769051,0.118711695,0.11957574,0.12033011,0.12098015,0.12153132,0.12198896,0.12235851,0.12264533,0.12285483,0.122992404,0.12306342,0.12307331,0.12302747,0.12293123,0.1227901,0.12260936
0.20896792,0.2097458,0.21040002,0.210911,0.21125926,0.21142524,0.21138945,0.21113233,0.21063434,0.20987597,0.20883773,0.20750004,0.20584337,0.2038482,0.20149504,0.19876431,0.19563653,0.1922757,0.1888626,0.18540262,0.18190111,0.17836355,0.17479531,0.17120184,0.1675885,0.16396077,0.16032399,0.15668364,0.15304506,0.14941369,0.14579496,0.14219429,0.13861704,0.13506866,0.13155453,0.1280801,0.12465075,0.121271916,0.117948994,0.11468738,0.11149251,0.10836978,0.10532461,0.10236242,0.09948861,0.09670857,0.09402776,0.09145155,0.08898535,0.08678103,0.08497378,0.083544075,0.08247241,0.08173922,0.08132499,0.0812102,0.081375346,0.081800826,0.08246718,0.08335485,0.08444432,0.085716054,0.08715052,0.0887282,0.09042956,0.092235066,0.09412519,0.09608041,0.09808121,0.10010804,0.10214138,0.104161695,0.10614947,0.10808517,0.10994926,0.111722216,0.11338454,0.114916645,0.116299,0.11751216,0.11853654,0.1194032,0.12015986,0.12081188,0.12136468,0.12182371,0.12219439,0.122482054,0.122692175,0.122830145,0.12290141,0.12291136,0.12286533,0.122768834,0.12262726,0.12244596
0.20911902,0.20989902,0.21055503,0.21106744,0.21141666,0.2115831,0.21154724,0.2112894,0.21079001,0.21002959,0.20898847,0.20764709,0.20598581,0.20398518,0.20162553,0.19888727,0.19575083,0.19238077,0.1889583,0.18548882,0.18197778,0.17843062,0.17485271,0.17124951,0.16762641,0.16398886,0.16034228,0.15669209,0.1530437,0.14940251,0.145774,0.14216357,0.13857663,0.1350186,0.13149491,0.128011,0.12457226,0.12118412,0.117852025,0.1145814,0.11137759,0.10824611,0.10519235,0.1022217,0.09933962,0.096551545,0.09386286,0.09127901,0.08880539,0.08659433,0.08478145,0.083347134,0.08227185,0.081535995,0.08111998,0.08100421,0.081169136,0.08159516,0.08226269,0.08315217,0.08424398,0.08551856,0.08695633,0.08853771,0.0902431,0.09205295,0.09394764,0.09590761,0.09791326,0.09994502,0.10198332,0.10400857,0.10600116,0.10794156,0.10981014,0.111587346,0.113253556,0.114789255,0.116174795,0.117390625,0.118417196,0.11928562,0.120043814,0.12069718,0.12125111,0.12171111,0.12208252,0.122370794,0.12258134,0.12271961,0.122791,0.122800924,0.12275486,0.12265816,0.122516274,0.122334644
0.20919102,0.20997205,0.21062896,0.21114203,0.2114917,0.21165834,0.21162242,0.21136422,0.21086425,0.2101028,0.20906031,0.20771715,0.20605375,0.20405047,0.20168771,0.19894585,0.19580531,0.19243084,0.18900388,0.18552995,0.18201436,0.1784626,0.17488009,0.17127222,0.16764447,0.16400222,0.16035098,0.15669613,0.15304305,0.1493972,0.14576405,0.14214896,0.13855739,0.13499476,0.13146652,0.1279781,0.12453485,0.12114231,0.11780581,0.11453084,0.11132281,0.10818714,0.105129294,0.102154635,0.09926863,0.09647668,0.093784265,0.09119675,0.08871962,0.08650534,0.08468976,0.08325328,0.08217627,0.08143913,0.08102225,0.080906026,0.081070855,0.08149712,0.08216523,0.08305555,0.08414849,0.08542443,0.086863786,0.088446915,0.09015424,0.09196614,0.09386302,0.09582525,0.0978332,0.09986734,0.10190799,0.10393558,0.10593047,0.10787309,0.109743826,0.11152305,0.11319115,0.11472851,0.11611558,0.11733271,0.11836029,0.11922956,0.11998849,0.12064253,0.12119702,0.12165743,0.12202922,0.12231776,0.12252851,0.122666895,0.122738354,0.122748315,0.12270219,0.12260541,0.12246339,0.12228156
0.20917547,0.20995629,0.210613,0.21112594,0.21147552,0.21164213,0.2116062,0.2113481,0.21084821,0.21008699,0.2090448,0.20770204,0.20603909,0.20403638,0.2016743,0.19893321,0.19579355,0.19242005,0.18899408,0.18552107,0.18200646,0.17845571,0.17487417,0.1712673,0.16764057,0.16399938,0.16034912,0.15669523,0.15304318,0.14939836,0.14576615,0.14215209,0.13856152,0.1349999,0.13147265,0.12798516,0.12454293,0.121151306,0.1178158,0.11454173,0.11133462,0.10819985,0.10514289,0.1021691,0.09928393,0.09649283,0.09380121,0.0912145,0.08873812,0.086524546,0.08470954,0.083273515,0.08219689,0.081460014,0.08104333,0.0809272,0.08109206,0.08151827,0.08218625,0.08307638,0.08416909,0.08544474,0.08688375,0.08846649,0.09017341,0.09198485,0.093881264,0.095842995,0.09785048,0.099884085,0.10192426,0.10395133,0.10594573,0.10788786,0.10975814,0.1115369,0.11320459,0.11474162,0.11612836,0.1173452,0.11837257,0.11924168,0.12000044,0.12065427,0.12120867,0.121668994,0.12204071,0.122329175,0.1225399,0.12267828,0.122749716,0.12275968,0.122713536,0.122616775,0.12247479,0.12229301
0.20906392,0.20984316,0.21049854,0.21101041,0.21135929,0.21152556,0.2114897,0.21123213,0.2107333,0.20997359,0.20893352,0.20759347,0.20593391,0.20393528,0.20157796,0.19884244,0.19570917,0.19234245,0.1889234,0.18545741,0.18194985,0.17840616,0.17483178,0.17123213,0.1676126,0.16397862,0.16033562,0.15668897,0.15304418,0.1494066,0.14578167,0.14217474,0.13859135,0.13503686,0.13151664,0.12803619,0.12460088,0.12121614,0.11788736,0.114620015,0.111419484,0.10829117,0.105240546,0.10227301,0.099393934,0.09660879,0.09392296,0.09134188,0.08887098,0.08666237,0.08485154,0.08341893,0.08234495,0.08161006,0.081194706,0.08107929,0.0812443,0.08167012,0.08233722,0.08322603,0.084317,0.08559054,0.08702712,0.08860714,0.09031107,0.092119314,0.09401236,0.0959706,0.09797447,0.10000443,0.10204093,0.1040644,0.106055245,0.10799388,0.109860845,0.111636505,0.113301285,0.114835694,0.11622007,0.117434934,0.1184607,0.11932848,0.12008611,0.12073898,0.121292524,0.12175214,0.12212328,0.12241134,0.12262174,0.12275991,0.12283126,0.12284117,0.12279512,0.1226985,0.12255675,0.12237523
0.20884791,0.20962408,0.21027686,0.21078672,0.21113421,0.21129982,0.2112641,0.21100757,0.21051069,0.20975398,0.208718,0.20738323,0.20573021,0.20373943,0.2013914,0.19866666,0.19554573,0.19219224,0.18878661,0.18533412,0.1818402,0.17831023,0.17474973,0.17116396,0.16755843,0.16393846,0.1603095,0.1566769,0.15304616,0.14942259,0.14581163,0.14221865,0.13864915,0.13510841,0.1316019,0.128135,0.12471311,0.12134162,0.118025996,0.1147716,0.11158381,0.108468026,0.10542972,0.10247421,0.09960696,0.09683332,0.09415875,0.09158861,0.089128315,0.086929336,0.08512657,0.08370052,0.082631715,0.081900656,0.081487864,0.08137385,0.08153913,0.081964225,0.08262962,0.083515875,0.08460347,0.08587294,0.08730478,0.08887952,0.09057767,0.092379734,0.09426624,0.09621771,0.09821462,0.10023754,0.102266945,0.10428338,0.106267296,0.10819927,0.110059775,0.11182938,0.11348856,0.11501783,0.11639771,0.11760871,0.11863136,0.119496614,0.12025201,0.12090299,0.12145491,0.121913195,0.122283235,0.12257045,0.12278024,0.12291802,0.122989126,0.12299902,0.12295311,0.12285674,0.12271542,0.12253444
0.20851889,0.20929042,0.20993923,0.21044603,0.21079145,0.21095608,0.21092056,0.21066555,0.21017167,0.20941952,0.2083898,0.20706305,0.20541999,0.20344119,0.20110731,0.19839898,0.19529682,0.19196351,0.18857823,0.18514635,0.18167317,0.1781642,0.17462474,0.17106016,0.16747588,0.16387728,0.16026969,0.15665852,0.15304914,0.14944692,0.14585727,0.14228556,0.13873711,0.1352174,0.13173167,0.12828544,0.124884024,0.12153276,0.118237145,0.11500241,0.111834034,0.10873735,0.105717786,0.10278065,0.09993136,0.09717531,0.094517834,0.09196433,0.089520186,0.08733588,0.0855454,0.08412937,0.08306842,0.08234319,0.08193432,0.08182241,0.08198812,0.08241209,0.083074905,0.083957255,0.08503973,0.08630298,0.087727636,0.08929431,0.09098365,0.092776306,0.09465288,0.09659402,0.09858035,0.10059251,0.102611125,0.10461681,0.10659023,0.108512014,0.11036278,0.11212314,0.113773726,0.11529523,0.11666822,0.11787338,0.118891284,0.11975267,0.1205047,0.12115274,0.12170221,0.12215843,0.12252683,0.12281276,0.12302162,0.12315873,0.12322955,0.1232394,0.1231937,0.1230978,0.122957066,0.1227769
0.20806846,0.20883358,0.20947704,0.20997964,0.21032217,0.21048544,0.21045023,0.21019731,0.20970751,0.20896167,0.20794043,0.20662467,0.20499526,0.20303288,0.20071836,0.19803248,0.19495605,0.19165033,0.18829294,0.18488923,0.18144454,0.17796423,0.17445362,0.17091808,0.16736291,0.16379352,0.1602152,0.15663333,0.15305324,0.14948027,0.14591977,0.14237708,0.13885757,0.13536656,0.1319094,0.12849145,0.12511802,0.121794485,0.11852619,0.11531844,0.112176634,0.109106116,0.106112175,0.10320018,0.10037551,0.09764348,0.09500943,0.09247873,0.09005671,0.08789248,0.08611881,0.08471649,0.08366632,0.08294907,0.082545556,0.08243655,0.08260284,0.08302524,0.083684556,0.08456155,0.08563701,0.08689174,0.088306546,0.089862205,0.0915395,0.09331926,0.09518223,0.09710924,0.09908107,0.1010785,0.10308234,0.10507335,0.10703238,0.10894021,0.110777564,0.11252528,0.114164166,0.11567501,0.11703859,0.11823571,0.11924715,0.12010323,0.12085063,0.12149469,0.12204076,0.122494206,0.122860335,0.123144515,0.12335204,0.12348835,0.12355872,0.12356853,0.12352311,0.12342778,0.123287916,0.123108834
0.20748812,0.20824501,0.20888154,0.20937869,0.20971756,0.20987906,0.20984422,0.20959404,0.20910951,0.20837167,0.20736144,0.20605992,0.20444801,0.20250681,0.20021719,0.19756028,0.194517,0.19124682,0.18792538,0.18455799,0.18114997,0.17770658,0.17423314,0.17073497,0.16721736,0.16368559,0.160145,0.15660088,0.15305853,0.14952321,0.14600028,0.14249502,0.13901275,0.1355588,0.13213837,0.12875684,0.12541951,0.12213164,0.11889859,0.11572562,0.11261805,0.10958117,0.10662029,0.10374071,0.10094775,0.098246686,0.09564283,0.093141496,0.09074795,0.08860962,0.08685762,0.085472964,0.084436655,0.083729684,0.08333305,0.08322779,0.083394855,0.08381527,0.08447002,0.08534012,0.086406544,0.08765031,0.08905243,0.09059389,0.09225567,0.09401881,0.095864244,0.097773045,0.09972619,0.10170466,0.10368946,0.10566156,0.10760205,0.10949183,0.11131197,0.11304343,0.11466721,0.116164334,0.117515765,0.11870253,0.11970563,0.12055492,0.121296324,0.121935286,0.12247698,0.12292679,0.123289995,0.12357192,0.123777814,0.12391302,0.123982824,0.123992555,0.1239475,0.12385294,0.12371418,0.123536564
0.20676942,0.20751609,0.20814402,0.2086345,0.20896879,0.2091281,0.20909372,0.20884694,0.20836897,0.20764104,0.20664446,0.20536049,0.20377034,0.20185529,0.19959657,0.19697548,0.19397327,0.1907471,0.1874702,0.18414782,0.18078515,0.17738752,0.1739601,0.17050824,0.16703707,0.16355196,0.16005807,0.15656067,0.15306504,0.14957641,0.14610001,0.1426411,0.13920498,0.13579686,0.13242194,0.12908554,0.12579289,0.122549236,0.119359806,0.116229884,0.11316471,0.110169515,0.107249595,0.10441014,0.101656444,0.098993726,0.096427254,0.093962274,0.09160404,0.08949773,0.08777257,0.086409785,0.08539066,0.08469643,0.08430836,0.084207706,0.08437571,0.08479364,0.085442774,0.08630433,0.08735958,0.088589765,0.089976154,0.09150003,0.09314259,0.09488512,0.0967089,0.098595135,0.10052512,0.102480106,0.10444132,0.10639005,0.10830753,0.11017505,0.11197381,0.1136851,0.1152902,0.11677033,0.11810672,0.11928068,0.120273456,0.12111425,0.121848315,0.122480854,0.12301722,0.12346255,0.12382214,0.12410126,0.12430509,0.12443894,0.124508075,0.124517694,0.12447309,0.124379456,0.12424208,0.12406623
0.20590387,0.20663823,0.20725581,0.2077382,0.20806697,0.2082237,0.20818987,0.20794718,0.20747705,0.20676115,0.20578098,0.20451812,0.20295416,0.20107065,0.19884916,0.19627121,0.19331844,0.1901453,0.18692201,0.18365377,0.18034577,0.17700325,0.1736313,0.17023516,0.16682,0.16339101,0.15995336,0.15651228,0.15307288,0.14964044,0.1462201,0.14281704,0.13943645,0.13608351,0.13276343,0.12948136,0.12624255,0.123052105,0.11991524,0.11683719,0.11382305,0.11087809,0.10800747,0.10521633,0.10250993,0.0998934,0.09737195,0.09495076,0.09263502,0.090567306,0.08887447,0.08753803,0.08653959,0.08586071,0.08548292,0.08538783,0.08555698,0.08597197,0.08661427,0.08746555,0.088507324,0.08972116,0.091088645,0.09259131,0.09421073,0.09592848,0.09772612,0.099585205,0.10148731,0.103414,0.105346814,0.107267365,0.109157175,0.11099784,0.1127709,0.114457905,0.11604046,0.11750012,0.11881844,0.11997697,0.120957285,0.12178789,0.12251307,0.12313798,0.123667814,0.12410777,0.12446298,0.1247387,0.124940105,0.12507236,0.12514062,0.12515014,0.12510604,0.12501356,0.12487787,0.12470413
0.204883,0.20560284,0.20620824,0.2066811,0.20700338,0.207157,0.20712388,0.20688592,0.20642509,0.20572332,0.2047625,0.2035246,0.20199151,0.20014521,0.19796756,0.19544059,0.19254611,0.18943547,0.18627544,0.18307112,0.17982759,0.17655003,0.17324346,0.16991307,0.1665639,0.16320114,0.15982985,0.15645514,0.15308216,0.149716,0.14636174,0.14302453,0.13970946,0.13642165,0.13316621,0.12994824,0.12677288,0.12364522,0.12057039,0.117553435,0.11459956,0.11171381,0.10890132,0.106167205,0.103516564,0.10095451,0.09848618,0.096116625,0.09385102,0.09182883,0.090174094,0.08886873,0.0878947,0.08723391,0.086868264,0.08677973,0.08695023,0.08736167,0.087996006,0.08883514,0.089861035,0.091055594,0.09240074,0.09387841,0.09547053,0.09715905,0.098925866,0.100752935,0.102622144,0.10451547,0.10641481,0.10830212,0.110159285,0.11196829,0.113711,0.1153694,0.11692536,0.11836086,0.11965785,0.12079818,0.121763825,0.12258242,0.12329712,0.123913005,0.12443516,0.12486874,0.12521885,0.12549059,0.12568904,0.1258194,0.12588668,0.12589604,0.12585261,0.12576146,0.12562774,0.12545651
0.20369832,0.20440134,0.20499259,0.2054544,0.20576917,0.20591913,0.20588684,0.20565441,0.20520437,0.20451899,0.20358066,0.20237169,0.20087445,0.1990713,0.1969446,0.19447663,0.19164985,0.18861176,0.18552515,0.18239494,0.17922626,0.17602406,0.17279339,0.16953929,0.16626677,0.16298084,0.15968657,0.15638891,0.15309295,0.14980367,0.14652611,0.1432653,0.14002629,0.13681404,0.13363361,0.13049005,0.12738833,0.12433349,0.12133062,0.11838464,0.11550063,0.11268361,0.10993859,0.10727064,0.104684725,0.10218588,0.09977915,0.09746956,0.09526212,0.09329274,0.09168223,0.09041293,0.08946722,0.08882742,0.088475876,0.088394955,0.088567,0.08897437,0.08959943,0.09042449,0.09143194,0.09260411,0.093923345,0.09537202,0.09693248,0.098587066,0.10031812,0.102108,0.103939064,0.10579368,0.10765414,0.10950287,0.11132218,0.11309442,0.11480194,0.1164271,0.11795226,0.11935975,0.12063193,0.12175115,0.12269977,0.123504445,0.12420695,0.12481235,0.12532562,0.12575185,0.12609598,0.12636307,0.12655817,0.1266863,0.12675245,0.12676166,0.12671895,0.12662935,0.12649791,0.1263296
0.20234138,0.20302513,0.20360017,0.20404932,0.20435543,0.20450133,0.20446986,0.20424385,0.20380615,0.20313957,0.20222694,0.20105113,0.19959494,0.19784123,0.19577283,0.19337256,0.19062327,0.1876683,0.18466572,0.18162048,0.17853747,0.17542164,0.1722779,0.1691112,0.16592643,0.16272853,0.15952241,0.15631303,0.15310526,0.14990409,0.14671439,0.1435411,0.14038916,0.13726348,0.134169,0.13111061,0.12809327,0.12512188,0.12220138,0.11933669,0.11653274,0.11379444,0.11112672,0.10853451,0.10602273,0.1035963,0.101260155,0.099019215,0.0968784,0.09496953,0.09340969,0.0921817,0.091268405,0.09065264,0.09031725,0.090245046,0.09041888,0.09082159,0.091436,0.092244945,0.09323126,0.0943778,0.09566737,0.09708282,0.098606996,0.10022271,0.101912804,0.103660114,0.10544748,0.10725774,0.1090737,0.11087824,0.112654164,0.1143843,0.11605151,0.117638625,0.11912845,0.12050386,0.121747665,0.1228427,0.1237718,0.12456052,0.1252491,0.12584248,0.12634557,0.12676333,0.12710065,0.12736246,0.12755369,0.12767926,0.1277441,0.12775314,0.12771127,0.12762345,0.1274946,0.12732963
0.20087902,0.20154214,0.20209982,0.20253536,0.20283227,0.20297374,0.20294325,0.20272405,0.20229957,0.20165311,0.20076807,0.19962774,0.19821553,0.1965148,0.19450888,0.19218107,0.18951483,0.18664883,0.18373625,0.1807819,0.17779054,0.17476706,0.17171623,0.16864291,0.16555189,0.16244799,0.1593361,0.15622099,0.15310748,0.15000036,0.14690454,0.14382477,0.1407659,0.1377328,0.1347302,0.13176294,0.12883589,0.12595385,0.123121634,0.120344065,0.117626004,0.11497221,0.112387545,0.10987684,0.10744489,0.10509652,0.102836564,0.10066985,0.098601185,0.09675793,0.09525319,0.09407026,0.09319255,0.09260336,0.09228608,0.09222405,0.09240061,0.092799135,0.09340298,0.0941955,0.09516001,0.0962799,0.09753851,0.0989192,0.1004053,0.10198022,0.10362725,0.10532978,0.10707115,0.10883471,0.11060382,0.11236183,0.11409211,0.11577799,0.11740283,0.11894999,0.12040281,0.121744655,0.12295889,0.12402885,0.12493787,0.12571025,0.12638456,0.12696566,0.12745836,0.12786746,0.12819777,0.12845421,0.12864143,0.12876444,0.12882791,0.12883678,0.12879576,0.12870978,0.12858358,0.12842204
0.19938591,0.20002815,0.20056827,0.2009902,0.20127772,0.20141475,0.20138523,0.20117292,0.20076175,0.20013566,0.19927844,0.19817401,0.19680624,0.19515896,0.19321612,0.19096155,0.18837915,0.18560302,0.1827812,0.1799184,0.17701934,0.17408875,0.17113136,0.1681519,0.16515513,0.16214573,0.15912847,0.15610804,0.1530892,0.15007667,0.14707512,0.14408939,0.14112414,0.13818409,0.135274,0.13239858,0.12956256,0.12677068,0.12402765,0.121338226,0.11870711,0.11613903,0.11363873,0.11121093,0.10886036,0.106591746,0.104409836,0.10231933,0.100324966,0.098549545,0.09710196,0.095966086,0.09512582,0.09456502,0.09426755,0.09421733,0.094398186,0.09479402,0.09538872,0.09616614,0.097110175,0.09820467,0.09943354,0.10078064,0.10222988,0.10376508,0.10537016,0.107029,0.10872543,0.11044336,0.11216669,0.11387926,0.11556495,0.11720765,0.11879123,0.12029958,0.121716544,0.123026036,0.124211915,0.12525806,0.12614833,0.12690566,0.12756686,0.12813662,0.12861972,0.12902084,0.12934472,0.12959613,0.12977976,0.1299003,0.1299626,0.12997124,0.12993103,0.12984675,0.129723,0.1295646
0.19786525,0.19848645,0.19900887,0.19941694,0.19969504,0.19982758,0.19979903,0.19959371,0.19919603,0.19859043,0.19776127,0.196693,0.19537005,0.19377673,0.19189756,0.18971685,0.18721907,0.18453355,0.18180315,0.17903252,0.17622632,0.17338917,0.1705257,0.16764063,0.1647385,0.16182399,0.15890172,0.15597638,0.15305258,0.15013498,0.14722823,0.14433695,0.14146574,0.1386193,0.13580225,0.13301927,0.13027497,0.12757397,0.12492092,0.12232051,0.1197773,0.11729601,0.11488125,0.11253764,0.110269845,0.10808251,0.10598028,0.10396777,0.10204965,0.10034401,0.09895547,0.09786843,0.09706729,0.09653648,0.096260376,0.09622341,0.09640995,0.09680443,0.09739124,0.098154806,0.09907954,0.100149795,0.10135,0.102664605,0.10407795,0.10557449,0.1071386,0.10875468,0.11040718,0.11208046,0.1137589,0.11542698,0.11706906,0.11866955,0.12021288,0.121683404,0.12306556,0.12434376,0.12550242,0.1265259,0.12739863,0.12814206,0.1287911,0.12935038,0.1298246,0.13021834,0.1305363,0.13078308,0.13096333,0.1310817,0.13114277,0.13115129,0.13111183,0.13102907,0.13090762,0.13075212
0.19632016,0.19692016,0.19742477,0.19781889,0.19808751,0.19821553,0.1981879,0.19798961,0.19760549,0.19702058,0.19621976,0.19518794,0.1939101,0.19237123,0.1905562,0.18844989,0.18603736,0.18344308,0.18080476,0.17812692,0.17541403,0.1726708,0.16990168,0.16711134,0.1643042,0.16148494,0.15865806,0.15582818,0.15299976,0.15017746,0.1473658,0.14456934,0.14179263,0.13904025,0.13631678,0.13362673,0.1309747,0.12836523,0.12580289,0.12329223,0.12083786,0.11844427,0.116116084,0.11385783,0.111674055,0.10956933,0.10754823,0.10561532,0.10377514,0.10214101,0.10081315,0.099776514,0.09901602,0.0985166,0.098263204,0.09824078,0.098434255,0.09882857,0.099408664,0.10015944,0.101065874,0.102112904,0.10328545,0.10456846,0.10594686,0.1074056,0.1089296,0.11050382,0.112113185,0.11374262,0.11537708,0.117001526,0.11860084,0.12016,0.12166393,0.12309757,0.124445826,0.12569368,0.12682608,0.1278279,0.12868413,0.12941462,0.13005245,0.130602,0.13106799,0.13145493,0.13176736,0.13200985,0.13218696,0.13230327,0.1323633,0.1323717,0.1323329,0.13225159,0.13213223,0.13197947
0.19475386,0.19533248,0.19581914,0.19619922,0.19645831,0.1965818,0.19655517,0.19636388,0.19599347,0.19542933,0.19465698,0.19366193,0.19242954,0.1909454,0.18919493,0.1871636,0.1848369,0.18233448,0.17978872,0.17720403,0.174585,0.17193606,0.16926163,0.16656637,0.1638546,0.16113088,0.1583997,0.15566553,0.15293282,0.15020612,0.14748985,0.1447886,0.14210673,0.13944882,0.13681927,0.13422266,0.13166343,0.1291461,0.12667505,0.12425488,0.12189003,0.11958499,0.11734426,0.115172304,0.113073625,0.11105269,0.10911403,0.10726205,0.1055013,0.103940204,0.10267447,0.10168957,0.10097102,0.10050426,0.100274764,0.10026803,0.10046948,0.10086464,0.10143897,0.10217793,0.103066996,0.10409166,0.10523738,0.10648961,0.10783384,0.109255575,0.11074023,0.112273335,0.113840334,0.11542668,0.11701786,0.11859938,0.12015669,0.121675245,0.12314055,0.12453807,0.12585324,0.12707157,0.12817857,0.12915966,0.13000028,0.13071878,0.13134608,0.1318866,0.1323449,0.13272546,0.13303272,0.13327126,0.13344543,0.13355984,0.1336189,0.13362713,0.13358898,0.13350901,0.13339163,0.13324136
0.19316949,0.19372667,0.19419527,0.19456129,0.19481072,0.19492964,0.19490403,0.1947198,0.19436313,0.19381995,0.19307624,0.19211806,0.19093142,0.18950234,0.1878168,0.18586081,0.18362044,0.18121037,0.17875758,0.17626661,0.1737417,0.17118739,0.16860807,0.16600813,0.16339196,0.1607641,0.15812884,0.1554906,0.1528539,0.150223,0.1476025,0.14499666,0.14240997,0.13984683,0.13731165,0.13480885,0.13234285,0.12991804,0.12753887,0.12520973,0.12293508,0.12071929,0.11856677,0.116481975,0.1144693,0.112533145,0.11067794,0.10890812,0.10722808,0.10574123,0.10453886,0.10360689,0.10293137,0.10249832,0.10229374,0.10230362,0.10251399,0.10291087,0.10348028,0.10420821,0.10508068,0.106083706,0.1072033,0.10842546,0.10973621,0.11112158,0.11256755,0.11406015,0.115585394,0.11712929,0.11867784,0.120217055,0.12173297,0.123211585,0.1246389,0.12600097,0.12728374,0.12847327,0.12955552,0.13051662,0.13134246,0.13204966,0.13266711,0.13319917,0.1336503,0.13402487,0.13432732,0.13456209,0.13473359,0.13484612,0.1349043,0.13491236,0.13487484,0.1347961,0.13468057,0.13453263
0.19157031,0.19210593,0.19255634,0.19290821,0.19314799,0.19326231,0.19323763,0.19306062,0.19271772,0.19219556,0.19148065,0.19055957,0.18941888,0.18804507,0.18642478,0.18454452,0.18239085,0.18007353,0.17771417,0.17531712,0.17288671,0.17042731,0.16794327,0.16543892,0.16291864,0.16038679,0.15784766,0.15530564,0.15276507,0.15023027,0.14770569,0.14519553,0.14270423,0.14023615,0.1377956,0.13538694,0.13301452,0.13068269,0.1283958,0.12615822,0.12397426,0.12184828,0.119784646,0.117787674,0.115861736,0.11401119,0.112240374,0.11055363,0.10895533,0.10754385,0.10640582,0.10552772,0.104896165,0.10449766,0.10431878,0.104346104,0.10456614,0.10496547,0.10553065,0.10624819,0.1071047,0.1080867,0.10918077,0.11037344,0.111651264,0.1130008,0.11440861,0.11586125,0.11734526,0.118847184,0.12035359,0.12185107,0.12332613,0.12476529,0.12615518,0.12748231,0.12873326,0.12989454,0.13095275,0.1318944,0.13270608,0.13340265,0.13401076,0.1345348,0.13497913,0.13534805,0.13564594,0.13587713,0.13604604,0.13615695,0.13621418,0.13622215,0.13618518,0.13610765,0.13599384,0.13584816
0.18995944,0.19047341,0.19090565,0.19124326,0.19147338,0.19158305,0.1915594,0.19138952,0.19106048,0.1905594,0.1898734,0.18898952,0.18789494,0.1865767,0.18502185,0.18321756,0.18115091,0.17892665,0.17666095,0.17435816,0.17202248,0.16965818,0.16726966,0.16486113,0.16243689,0.1600012,0.1575584,0.1551127,0.15266845,0.15022996,0.14780141,0.14538716,0.14299148,0.14061868,0.13827296,0.13595873,0.1336802,0.13144164,0.12924735,0.12710164,0.12500879,0.12297309,0.120998815,0.11909024,0.11725164,0.11548733,0.1138016,0.11219872,0.11068295,0.10934767,0.10827476,0.10745129,0.10686441,0.106501155,0.106348656,0.10639399,0.1066243,0.10702663,0.107588105,0.10829581,0.10913686,0.11009831,0.11116731,0.11233093,0.11357626,0.1148904,0.11626047,0.11767355,0.11911673,0.120577104,0.12204182,0.12349787,0.12493245,0.12633264,0.12768549,0.12897815,0.13019767,0.13133119,0.13236576,0.13328853,0.13408656,0.13477293,0.13537216,0.13588853,0.13632636,0.13668989,0.13698342,0.13721128,0.13737766,0.13748698,0.1375434,0.13755125,0.13751481,0.1374384,0.13732629,0.1371827
0.18834005,0.18883233,0.18924633,0.1895697,0.18979008,0.18989514,0.1898725,0.18970975,0.18939464,0.18891472,0.18825763,0.18741113,0.18636274,0.18510015,0.18361096,0.18188284,0.17990349,0.17777249,0.1756007,0.17339231,0.1711515,0.16888258,0.16658965,0.16427708,0.161949,0.15960963,0.15726323,0.154914,0.15256624,0.15022406,0.14789176,0.14557353,0.14327362,0.14099622,0.13874556,0.13652591,0.13434142,0.13219638,0.13009499,0.12804145,0.12604001,0.1240949,0.12221031,0.120390534,0.118639715,0.11696212,0.11536195,0.113843456,0.11241086,0.11115236,0.11014515,0.10937688,0.10883516,0.10850765,0.108381994,0.10844583,0.10868683,0.109092556,0.109650746,0.110348955,0.1111749,0.11211618,0.113160454,0.11429533,0.11550849,0.11678756,0.11812018,0.119494,0.12089663,0.1223158,0.12373906,0.12515403,0.12654845,0.12790991,0.12922606,0.13048452,0.13167298,0.13277902,0.13379033,0.13469453,0.13547929,0.13615584,0.13674647,0.13725546,0.137687,0.13804531,0.13833465,0.13855925,0.13872327,0.13883097,0.1388866,0.13889433,0.13885844,0.13878311,0.13867258,0.13853107
0.18671541,0.18718591,0.18758167,0.18789077,0.18810143,0.18820183,0.18818016,0.18802461,0.18772341,0.18726465,0.18663666,0.1858275,0.18482538,0.18361855,0.18219513,0.18054333,0.17865133,0.17661382,0.17453603,0.17242219,0.17027636,0.16810285,0.16590571,0.1636891,0.16145726,0.15921433,0.15696444,0.15471177,0.1524605,0.15021478,0.14797878,0.14575662,0.14355256,0.14137067,0.13921519,0.13709022,0.13499992,0.1329485,0.13094014,0.12897897,0.12706915,0.1252148,0.12342018,0.1216894,0.12002663,0.11843603,0.1169218,0.11548802,0.11413894,0.11295761,0.11201646,0.111303695,0.1108075,0.11051605,0.11041752,0.11050014,0.11075207,0.1111615,0.11171661,0.11240559,0.11321665,0.11413796,0.1151577,0.11626409,0.11744525,0.11868942,0.11998479,0.12131952,0.12268184,0.12405991,0.12544191,0.12681606,0.12817046,0.12949337,0.13077302,0.13199751,0.13315506,0.13423386,0.1352221,0.13610797,0.13687965,0.1375466,0.13812886,0.13863058,0.139056,0.13940926,0.13969448,0.13991584,0.14007758,0.14018376,0.14023858,0.14024621,0.1402108,0.14013657,0.14002761,0.13988811
0.18508862,0.1855374,0.18591483,0.18620965,0.18641055,0.18650635,0.18648566,0.18633732,0.18605001,0.18561248,0.18501352,0.18424176,0.18328597,0.18213488,0.1807773,0.17920186,0.17739734,0.17545334,0.17346957,0.17145033,0.1693996,0.16732147,0.16522011,0.16309959,0.16096398,0.15881751,0.15666415,0.15450805,0.15235333,0.15020408,0.14806439,0.14593843,0.1438302,0.14174388,0.13968359,0.13765337,0.13565733,0.13369964,0.13178432,0.12991557,0.1280974,0.12633397,0.12462936,0.12298775,0.1214131,0.11990962,0.11848137,0.1171325,0.11586708,0.114763066,0.11388814,0.11323102,0.11278044,0.112525195,0.11245392,0.112555414,0.11281839,0.11323161,0.11378375,0.11446361,0.11525987,0.11616129,0.1171566,0.11823452,0.11938381,0.1205932,0.121851385,0.12314712,0.12446915,0.12580623,0.12714705,0.12848036,0.12979488,0.13107936,0.13232252,0.13351312,0.13463987,0.13569151,0.13665676,0.13752441,0.1382831,0.13894051,0.13951442,0.14000905,0.1404284,0.14077659,0.14105771,0.14127594,0.14143535,0.14153999,0.14159404,0.14160159,0.1415667,0.14149348,0.1413861,0.1412486
0.18346289,0.18388993,0.18424906,0.18452959,0.18472077,0.18481192,0.18479225,0.1846511,0.1843777,0.1839614,0.18339142,0.18265705,0.18174757,0.18065229,0.17936046,0.17786136,0.17614424,0.1742937,0.17240404,0.17047934,0.16852362,0.16654094,0.16453534,0.16251083,0.16047153,0.15842143,0.15636459,0.15430507,0.15224688,0.15019406,0.14815073,0.14612085,0.14410849,0.14211774,0.14015257,0.13821708,0.13631529,0.13445124,0.13262899,0.13085261,0.1291261,0.1274535,0.12583889,0.124286294,0.12279977,0.12138338,0.1200411,0.118777044,0.117595196,0.11656841,0.11575961,0.115158096,0.114753105,0.11453394,0.11448988,0.114610195,0.11488419,0.11530112,0.11585027,0.11652093,0.11730236,0.118183844,0.119154684,0.12020414,0.12132147,0.122495994,0.12371697,0.124973685,0.12625542,0.12755142,0.12885104,0.1301435,0.13141806,0.13266405,0.13387074,0.13502742,0.13612333,0.13714777,0.13809001,0.13893934,0.139685,0.14033282,0.14089844,0.14138584,0.14179908,0.14214222,0.14241926,0.1426343,0.14279139,0.14289454,0.14294778,0.1429552,0.14292084,0.14284869,0.14274286,0.14260736
0.18184143,0.18224674,0.18258761,0.18285386,0.18303531,0.18312185,0.18310316,0.1829692,0.18270972,0.18231454,0.18177357,0.18107653,0.18021333,0.17917372,0.17794758,0.1765247,0.17489493,0.17313774,0.17134205,0.16951178,0.16765098,0.16576368,0.16385375,0.16192523,0.15998214,0.15802836,0.15606798,0.15410495,0.15214323,0.15018684,0.14823975,0.14630593,0.14438936,0.14249407,0.14062397,0.1387831,0.13697542,0.13520496,0.13347565,0.13179149,0.13015646,0.12857455,0.12704976,0.12558603,0.12418737,0.12285778,0.12160123,0.12042169,0.11932319,0.11837335,0.11763038,0.11708417,0.1167245,0.116541214,0.11652411,0.116663024,0.11694779,0.11736825,0.117914215,0.11857548,0.11934187,0.12020328,0.12114946,0.12217028,0.123255536,0.12439505,0.12557864,0.12679617,0.12803745,0.12929231,0.13055052,0.13180196,0.13303646,0.13424382,0.13541387,0.13653643,0.13760133,0.13859835,0.13951743,0.14034829,0.14108081,0.14171888,0.14227596,0.14275602,0.14316307,0.14350106,0.14377394,0.14398576,0.14414047,0.14424203,0.14429449,0.14430182,0.14426793,0.14419691,0.14409266,0.1439592
0.18022734,0.18061101,0.18093364,0.18118568,0.18135746,0.18143934,0.18142168,0.18129484,0.18104924,0.18067521,0.18016313,0.17950337,0.17868632,0.17770226,0.17654166,0.17519483,0.1736522,0.17198814,0.17028618,0.16855027,0.16678426,0.16499211,0.16317773,0.16134508,0.15949802,0.15764056,0.15577652,0.15390989,0.15204453,0.15018442,0.14833346,0.1464956,0.14467469,0.1428747,0.14109956,0.13935314,0.13763943,0.13596235,0.13432573,0.13273355,0.13118973,0.12969823,0.12826294,0.12688775,0.12557662,0.124333434,0.123162135,0.12206666,0.12105092,0.120177485,0.11949989,0.11900849,0.118693665,0.118545815,0.11855526,0.11871242,0.11900759,0.119431205,0.11997361,0.120625176,0.12137626,0.122217216,0.12313846,0.12413034,0.12518322,0.12628749,0.12743345,0.12861153,0.1298121,0.13102552,0.13224211,0.13345228,0.13464643,0.13581489,0.13694803,0.13803622,0.13906983,0.14003925,0.14093478,0.1417469,0.14246586,0.1430939,0.14364223,0.14411473,0.14451532,0.144848,0.14511657,0.14532505,0.14547735,0.14557733,0.14562897,0.14563616,0.14560282,0.14553288,0.14543027,0.14529891
0.17862391,0.17898597,0.17929049,0.17952831,0.1796904,0.17976764,0.17975098,0.17963132,0.17939955,0.17904656,0.1785633,0.17794067,0.1771696,0.17624097,0.17514569,0.17387465,0.17241883,0.17084765,0.16923921,0.16759734,0.16592589,0.16422874,0.16250974,0.16077276,0.15902165,0.15726022,0.1554924,0.15372202,0.1519529,0.15018894,0.14843395,0.14669183,0.14496641,0.14326155,0.14158112,0.13992895,0.13830894,0.1367249,0.13518071,0.1336802,0.13222726,0.13082571,0.12947945,0.12819229,0.12696813,0.12581079,0.12472411,0.12371202,0.1227783,0.12198052,0.12136754,0.120930314,0.12065972,0.120546676,0.12058207,0.120756865,0.12106195,0.12148818,0.122026555,0.12266792,0.123403236,0.12422337,0.12511924,0.12608178,0.12710188,0.12817048,0.12927844,0.13041669,0.13157618,0.13274777,0.1339224,0.13509095,0.13624437,0.13737358,0.13846941,0.13952284,0.14052477,0.1414661,0.14233775,0.14313062,0.1438356,0.14445318,0.14499232,0.14545694,0.14585087,0.14617795,0.14644207,0.14664707,0.14679678,0.14689511,0.14694586,0.14695293,0.14692017,0.14685139,0.14675054,0.14662138
0.17703426,0.17737481,0.1776612,0.17788497,0.1780374,0.1781101,0.17809443,0.17798184,0.17776383,0.17743182,0.17697726,0.17639159,0.17566629,0.17479281,0.17376259,0.17256704,0.1711977,0.169719,0.16820368,0.16665557,0.16507842,0.16347599,0.16185215,0.1602106,0.15855518,0.15688969,0.15521787,0.15354352,0.15187041,0.1502024,0.14854318,0.14689662,0.14526644,0.14365646,0.14207047,0.14051226,0.13898557,0.13749428,0.13604206,0.13463278,0.1332702,0.1319581,0.1307003,0.12950054,0.12836264,0.12729038,0.12628753,0.12535788,0.12450524,0.12378213,0.123232864,0.122848876,0.122621655,0.122542605,0.12260322,0.12279491,0.12310917,0.12353739,0.124071114,0.12470168,0.1254206,0.12621932,0.12708929,0.12802197,0.1290088,0.13004121,0.13111065,0.13220865,0.13332653,0.13445586,0.13558802,0.13671449,0.13782668,0.1389161,0.13997418,0.14099233,0.14196207,0.14287478,0.14372194,0.14449503,0.14518546,0.14579193,0.14632142,0.14677773,0.14716463,0.14748582,0.14774522,0.14794655,0.1480936,0.14819016,0.14824003,0.14824696,0.14821479,0.14814724,0.14804816,0.14792131
0.17546158,0.17578074,0.17604916,0.17625886,0.17640172,0.17646983,0.17645516,0.17634964,0.17614533,0.17583418,0.17540817,0.17485929,0.17417955,0.17336094,0.1723954,0.17127493,0.16999158,0.16860491,0.16718234,0.16572756,0.16424434,0.16273636,0.16120735,0.159661,0.15810102,0.15653116,0.15495504,0.15337655,0.15179925,0.1502269,0.14866321,0.1471119,0.1455767,0.1440613,0.1425694,0.14110476,0.13967103,0.13827196,0.13691129,0.13559267,0.13431983,0.13309656,0.13192648,0.13081333,0.12976085,0.1287727,0.12785268,0.12700438,0.12623163,0.125582,0.12509528,0.12476345,0.12457855,0.12453255,0.1246174,0.124825135,0.12514766,0.12557706,0.1261053,0.12672433,0.12742618,0.12820277,0.12904616,0.1299483,0.1309012,0.13189685,0.13292718,0.13398425,0.13506001,0.13614644,0.13723555,0.13831933,0.13938974,0.1404388,0.14145847,0.14244072,0.14337763,0.14426106,0.14508308,0.14583567,0.1465108,0.14710553,0.14762475,0.14807221,0.1484516,0.14876656,0.14902095,0.14921835,0.14936255,0.14945722,0.1495061,0.14951293,0.14948139,0.14941514,0.14931796,0.14919358
0.17390905,0.17420697,0.17445752,0.1746532,0.17478663,0.17485018,0.17483646,0.17473799,0.17454727,0.17425685,0.17385921,0.17334688,0.1727124,0.17194827,0.17104705,0.17000121,0.16880332,0.1675081,0.16617773,0.16481587,0.16342619,0.16201225,0.16057771,0.1591262,0.15766138,0.15618685,0.15470625,0.15322326,0.1517415,0.15026453,0.14879607,0.1473397,0.14589912,0.1444779,0.1430797,0.14170818,0.14036693,0.13905959,0.1377898,0.13656124,0.13537748,0.1342422,0.13315901,0.13213152,0.13116339,0.1302583,0.12941986,0.12865166,0.12795734,0.12737976,0.12695421,0.12667327,0.12652947,0.12651528,0.12662329,0.12684594,0.1271758,0.12760538,0.12812719,0.12873381,0.12941769,0.13017136,0.13098736,0.13185823,0.13277642,0.13373454,0.13472505,0.1357405,0.13677342,0.13781628,0.13886166,0.13990204,0.14092995,0.14193793,0.14291847,0.14386411,0.14476736,0.14562078,0.14641686,0.14714809,0.14780702,0.14838915,0.14889741,0.14933535,0.14970669,0.15001503,0.150264,0.15045725,0.15059836,0.15069105,0.1507389,0.15074559,0.1507147,0.15064985,0.15055476,0.15043302
0.17237988,0.17265667,0.1728895,0.17307134,0.1731953,0.17325437,0.17324163,0.1731501,0.17297292,0.17270303,0.17233352,0.1718575,0.17126799,0.17055796,0.16972055,0.16874877,0.1676357,0.16643131,0.16519262,0.16392316,0.16262646,0.1613061,0.15996563,0.15860863,0.15723862,0.15585907,0.15447365,0.15308584,0.15169923,0.15031736,0.14894372,0.14758196,0.14623562,0.14490815,0.14360319,0.14232424,0.1410749,0.13985868,0.13867916,0.13753983,0.13644436,0.13539612,0.1343988,0.13345595,0.13257107,0.13174771,0.1309894,0.13029979,0.1296823,0.1291751,0.12880917,0.12857762,0.12847345,0.12848975,0.12861958,0.12885594,0.12919195,0.12962057,0.13013494,0.13072805,0.13139294,0.13212276,0.13291043,0.13374908,0.13463178,0.1355515,0.13650133,0.13747436,0.13846359,0.13946208,0.14046292,0.14145908,0.1424437,0.14340974,0.14435032,0.14525847,0.14612725,0.14694971,0.14771886,0.1484278,0.14906955,0.14963816,0.15013455,0.15056232,0.15092497,0.15122612,0.15146932,0.15165804,0.1517959,0.15188643,0.15193318,0.15193969,0.1519095,0.1518462,0.15175328,0.15163437
0.17087725,0.17113313,0.17134835,0.17151643,0.171631,0.1716856,0.17167383,0.17158926,0.17142543,0.17117596,0.1708344,0.17039432,0.16984934,0.16919301,0.16841885,0.16752051,0.16649157,0.16537727,0.16422956,0.16305189,0.16184771,0.16062044,0.15937363,0.1581106,0.15683495,0.15555005,0.15425937,0.15296642,0.1516746,0.1503874,0.14910828,0.1478407,0.14658807,0.14535388,0.14414164,0.14295469,0.14179663,0.14067084,0.13958077,0.13852987,0.13752164,0.13655955,0.13564703,0.13478751,0.13398448,0.13324139,0.1325617,0.13194889,0.1314064,0.13096768,0.13065957,0.1304757,0.13040958,0.1304548,0.13060501,0.13085362,0.1311944,0.13162082,0.13212647,0.13270491,0.13334976,0.13405456,0.13481288,0.13561834,0.13646448,0.13734487,0.13825311,0.13918273,0.14012739,0.1410806,0.14203592,0.14298698,0.14392735,0.14485057,0.14575024,0.14661995,0.1474532,0.14824367,0.14898486,0.14967039,0.15029383,0.15084773,0.15133132,0.15174808,0.1521014,0.15239479,0.15263169,0.15281554,0.15294987,0.15303807,0.15308356,0.15308991,0.15306054,0.15299885,0.15290835,0.15279251
0.16940427,0.16963944,0.16983725,0.16999176,0.17009701,0.17014724,0.17013639,0.17005864,0.16990809,0.16967882,0.16936493,0.16896048,0.16845962,0.16785641,0.16714498,0.16631939,0.16537376,0.16434877,0.16329128,0.16220473,0.16109242,0.15995769,0.15880392,0.15763447,0.15645273,0.15526204,0.15406573,0.15286721,0.15166976,0.15047683,0.1492917,0.14811777,0.14695843,0.145817,0.14469683,0.14360133,0.14253376,0.1414976,0.14049609,0.13953269,0.13861072,0.13773356,0.1369045,0.13612698,0.13540433,0.13473989,0.13413703,0.13359912,0.13312954,0.13275719,0.13250491,0.13236676,0.13233688,0.13240929,0.13257818,0.13283758,0.1331816,0.13360435,0.13409992,0.1346624,0.13528588,0.13596448,0.13669227,0.13746335,0.13827184,0.13911182,0.13997737,0.1408626,0.14176159,0.14266849,0.14357732,0.14448225,0.14537731,0.14625666,0.14711432,0.14794448,0.14874116,0.14949846,0.1502105,0.15087137,0.15147519,0.15201321,0.15248296,0.15288772,0.15323094,0.15351589,0.15374602,0.15392458,0.15405504,0.15414071,0.15418494,0.1541911,0.15416256,0.15410265,0.15401474,0.15390217
0.1679642,0.16817887,0.16835944,0.16850047,0.16859658,0.1686424,0.16863252,0.16856156,0.16842413,0.16821483,0.16792828,0.1675591,0.1671019,0.16655128,0.16590188,0.16514826,0.16428505,0.16334845,0.16238041,0.1613842,0.16036308,0.15932027,0.15825902,0.1571826,0.15609428,0.15499727,0.15389487,0.15279028,0.15168679,0.1505876,0.14949602,0.14841527,0.14734863,0.1462993,0.14527059,0.14426571,0.14328794,0.14234048,0.14142667,0.14054969,0.13971281,0.13891925,0.13817234,0.13747528,0.13683133,0.1362437,0.13571574,0.13525063,0.13485157,0.13454331,0.1343446,0.13425009,0.13425441,0.13435213,0.13453786,0.13480623,0.13515188,0.13556938,0.13605334,0.13659836,0.1371991,0.13785014,0.1385461,0.13928156,0.14005116,0.1408495,0.1416712,0.14251086,0.14336312,0.14422251,0.14508374,0.14594138,0.14679001,0.14762428,0.1484388,0.14922816,0.14998701,0.15070985,0.15139145,0.15202634,0.1526091,0.15312988,0.15358452,0.15397634,0.15430853,0.15458436,0.15480709,0.15497994,0.15510622,0.15518917,0.15523198,0.15523793,0.15521027,0.1551523,0.15506722,0.15495828
0.16656023,0.16675463,0.16691816,0.16704589,0.16713293,0.16717441,0.16716546,0.16710116,0.16697672,0.16678718,0.1665277,0.16619335,0.16577931,0.16528064,0.1646925,0.16400999,0.16322826,0.16237907,0.16149959,0.16059296,0.15966222,0.15871066,0.15774131,0.15675732,0.15576187,0.15475804,0.15374902,0.15273789,0.1517278,0.15072185,0.14972326,0.1487351,0.14776056,0.14680268,0.1458647,0.1449497,0.14406079,0.14320117,0.14237392,0.14158219,0.14082912,0.14011787,0.1394515,0.13883322,0.13826613,0.13775341,0.1372981,0.1369034,0.13657247,0.13632564,0.13617812,0.13612494,0.1361612,0.13628212,0.13648273,0.1367582,0.13710359,0.13751408,0.13798478,0.1385108,0.13908722,0.1397092,0.14037187,0.14107032,0.1417997,0.14255509,0.14333166,0.1441245,0.1449287,0.1457394,0.14655179,0.14736085,0.14816181,0.14894976,0.14971977,0.15046705,0.15118667,0.15187377,0.15252338,0.15313073,0.15369089,0.15419292,0.15463126,0.15500897,0.1553292,0.15559511,0.15580979,0.15597647,0.15609819,0.15617812,0.1562194,0.15622514,0.15619849,0.15614259,0.15606058,0.15595557
0.16519548,0.16536993,0.16551657,0.16563119,0.16570927,0.16574651,0.16573846,0.16568081,0.16556916,0.1653991,0.1651663,0.16486636,0.16449489,0.16404751,0.16351986,0.16290757,0.16220622,0.16144337,0.16065145,0.15983346,0.15899238,0.15813132,0.15725319,0.156361,0.1554578,0.15454659,0.15363036,0.15271212,0.15179488,0.15088168,0.14997545,0.14907928,0.14819613,0.14732903,0.14648098,0.14565496,0.144854,0.14408113,0.1433393,0.14263159,0.14196096,0.14133042,0.14074299,0.14020169,0.1397095,0.13926943,0.13888448,0.13855767,0.13829204,0.13810396,0.1380049,0.13799052,0.13805638,0.13819817,0.13841146,0.13869193,0.1390351,0.1394367,0.13989231,0.14039753,0.14094798,0.14153935,0.14216718,0.14282712,0.14351478,0.1442258,0.14495581,0.14570041,0.14645523,0.14721587,0.14797798,0.14873719,0.14948907,0.1502293,0.15095347,0.1516572,0.1523361,0.15298586,0.15360197,0.1541802,0.15471606,0.15519774,0.15561825,0.15598066,0.1562879,0.156543,0.15674902,0.15690891,0.15702568,0.15710238,0.15714198,0.15714751,0.15712191,0.15706828,0.1569896,0.15688887
0.16387321,0.1640279,0.16415803,0.16425967,0.16432893,0.16436194,0.16435482,0.16430366,0.16420461,0.1640538,0.16384733,0.16358127,0.16325179,0.16285498,0.16238695,0.16184384,0.16122177,0.16054407,0.15983865,0.15910839,0.15835612,0.15758468,0.15679704,0.15599592,0.15518434,0.15436515,0.1535411,0.1527152,0.1518902,0.1510691,0.1502546,0.14944977,0.14865729,0.14788014,0.14712119,0.14638324,0.14566919,0.14498195,0.14432435,0.14369927,0.14310959,0.14255813,0.14204782,0.1415815,0.14116205,0.14079234,0.14047521,0.14021355,0.14001027,0.13987784,0.13982444,0.1398461,0.13993895,0.14009914,0.14032277,0.14060596,0.14094482,0.14133547,0.14177397,0.14225654,0.14277925,0.14333819,0.14392948,0.1445493,0.14519367,0.14585876,0.14654072,0.14723557,0.14793952,0.14864865,0.14935906,0.1500669,0.15076824,0.15145923,0.152136,0.15279463,0.15343125,0.15404198,0.15462293,0.15517022,0.15567996,0.15613951,0.15654072,0.15688646,0.1571796,0.15742302,0.15761954,0.1577721,0.15788351,0.15795667,0.15799443,0.15799972,0.15797532,0.15792418,0.15784907,0.15775296
0.16259651,0.16273186,0.16284564,0.16293451,0.16299509,0.16302396,0.16301772,0.16297302,0.16288638,0.16275449,0.16257389,0.1623412,0.16205306,0.16170602,0.16129671,0.16082172,0.1602777,0.15968393,0.15906389,0.15842028,0.15775582,0.1570732,0.15637523,0.15566455,0.15494387,0.15421595,0.15348352,0.15274927,0.15201591,0.15128618,0.15056281,0.1498485,0.14914596,0.14845791,0.14778714,0.14713624,0.14650805,0.14590524,0.14533052,0.14478658,0.14427623,0.1438021,0.143367,0.14297354,0.14262453,0.14232263,0.14207059,0.14187114,0.14172699,0.14164703,0.14163615,0.14169094,0.14180802,0.1419839,0.14221534,0.14249887,0.14283104,0.1432085,0.14362791,0.14408575,0.14457873,0.14510338,0.14565636,0.14623426,0.14683366,0.14745115,0.14808342,0.14872696,0.14937842,0.15003446,0.1506916,0.15134645,0.15199567,0.15263583,0.15326355,0.1538754,0.15446799,0.15503797,0.15558188,0.15609635,0.156578,0.15701355,0.1573938,0.15772149,0.15799929,0.15822998,0.15841624,0.15856084,0.15866645,0.15873577,0.15877159,0.15877658,0.15875344,0.15870495,0.1586338,0.15854271
0.16136867,0.16148488,0.16158263,0.16165897,0.161711,0.16173583,0.16173047,0.16169205,0.16161765,0.16150433,0.16134919,0.16114934,0.16090181,0.16060372,0.16025214,0.15984416,0.15937683,0.15886565,0.15832977,0.15777174,0.15719406,0.15659936,0.1559902,0.15536909,0.15473862,0.15410131,0.15345974,0.15281647,0.15217403,0.15153502,0.15090199,0.15027745,0.14966401,0.14906423,0.1484806,0.14791574,0.14737219,0.14685251,0.14635922,0.14589493,0.14546217,0.14506349,0.14470145,0.14437865,0.14409758,0.14386085,0.14367098,0.14353055,0.1434421,0.14341113,0.14343949,0.14352426,0.14366253,0.14385135,0.14408785,0.14436907,0.14469215,0.1450541,0.14545204,0.14588307,0.14634421,0.1468326,0.14734532,0.14787942,0.14843199,0.14900015,0.14958094,0.15017144,0.15076879,0.15136999,0.15197217,0.15257241,0.1531678,0.15375538,0.15433228,0.15489553,0.15544228,0.15596959,0.15647452,0.15695418,0.15740559,0.15781513,0.15817262,0.15848072,0.15874194,0.15895884,0.15913399,0.15926993,0.1593692,0.15943441,0.15946807,0.15947278,0.15945102,0.15940541,0.15933853,0.15925288
0.16019276,0.16029027,0.16037224,0.16043632,0.16047995,0.16050075,0.16049625,0.16046403,0.16040164,0.16030659,0.16017646,0.1600088,0.15980119,0.15955113,0.1592562,0.15891397,0.15852197,0.15809196,0.15763895,0.15716529,0.15667342,0.15616563,0.15564437,0.15511198,0.15457088,0.15402338,0.15347198,0.15291896,0.15236676,0.1518177,0.1512742,0.15073867,0.15021342,0.1497009,0.1492034,0.14872342,0.14826326,0.14782532,0.14741196,0.14702564,0.14666867,0.1463434,0.14605227,0.14579765,0.14558193,0.14540747,0.14527665,0.14519188,0.14515552,0.14516984,0.14523393,0.14534533,0.14550166,0.14570034,0.14593904,0.14621525,0.14652653,0.14687042,0.14724453,0.14764638,0.14807354,0.1485235,0.14899386,0.1494822,0.14998604,0.15050292,0.15103036,0.15156601,0.15210737,0.152652,0.15319742,0.15374124,0.15428095,0.15481414,0.15533833,0.15585113,0.15635008,0.15683268,0.15729651,0.15773916,0.15815814,0.15853944,0.1588724,0.15915929,0.15940253,0.1596045,0.1597676,0.15989418,0.15998664,0.16004735,0.16007869,0.16008306,0.16006282,0.16002037,0.15995803,0.15987833
0.15907206,0.1591512,0.15921776,0.15926972,0.15930516,0.15932202,0.15931839,0.15929224,0.15924157,0.15916444,0.15905882,0.15892275,0.15875426,0.15855128,0.15831189,0.15803413,0.15771596,0.15736562,0.15699409,0.15660359,0.1561963,0.15577438,0.15534008,0.15489553,0.15444295,0.15398455,0.15352246,0.15305895,0.15259613,0.15213625,0.1516815,0.15123403,0.15079607,0.15036978,0.14995737,0.14956105,0.14918292,0.14882527,0.14849027,0.14818008,0.14789693,0.14764297,0.14742042,0.14723146,0.14707828,0.14696303,0.14688797,0.1468553,0.14686714,0.14692286,0.14701892,0.14715344,0.14732435,0.14752972,0.14776753,0.14803576,0.1483325,0.14865571,0.14900343,0.14937367,0.14976443,0.15017372,0.15059957,0.15103999,0.151493,0.15195659,0.15242882,0.15290762,0.15339106,0.15387718,0.15436395,0.1548494,0.15533154,0.15580837,0.15627794,0.1567382,0.15718725,0.15762301,0.15804358,0.15844692,0.15883105,0.15918194,0.15948823,0.1597522,0.15997604,0.16016188,0.16031195,0.1604284,0.16051349,0.16056934,0.16059816,0.16060218,0.16058359,0.1605445,0.1604872,0.1604138
0.1580097,0.15807086,0.1581223,0.15816244,0.15818983,0.15820289,0.15820007,0.15817988,0.15814072,0.1580811,0.15799947,0.1578943,0.15776406,0.1576072,0.1574222,0.15720752,0.1569616,0.15668935,0.15639786,0.15608917,0.15576527,0.15542813,0.15507977,0.1547221,0.15435715,0.15398695,0.15361337,0.15323852,0.15286434,0.15249278,0.15212587,0.15176557,0.15141387,0.15107279,0.15074423,0.15043025,0.15013282,0.14985394,0.14959554,0.14935967,0.14914827,0.14896333,0.14880687,0.14868087,0.14858726,0.14852805,0.14850529,0.14852089,0.14857686,0.1486698,0.14879395,0.14894776,0.14912978,0.14933838,0.14957204,0.14982925,0.15010846,0.15040816,0.15072678,0.1510628,0.15141469,0.1517809,0.15215993,0.1525502,0.1529502,0.15335838,0.15377322,0.15419316,0.15461671,0.15504229,0.15546837,0.15589346,0.15631595,0.15673438,0.15714717,0.15755281,0.15794973,0.1583364,0.15871134,0.15907292,0.15941973,0.1597377,0.16001534,0.16025455,0.16045745,0.16062585,0.16076183,0.16086741,0.16094448,0.16099513,0.16102126,0.1610249,0.16100805,0.16097261,0.16092066,0.16085418
0.15700886,0.15705247,0.15708914,0.15711777,0.1571373,0.1571466,0.15714458,0.15713017,0.15710229,0.15705974,0.15700157,0.15692663,0.15683375,0.15672195,0.15659007,0.15643701,0.15626173,0.15606584,0.15585288,0.15562463,0.15538286,0.15512933,0.1548658,0.154594,0.15431581,0.15403287,0.15374699,0.15345994,0.15317346,0.15288934,0.15260936,0.15233524,0.15206878,0.15181172,0.15156583,0.15133287,0.15111464,0.15091284,0.15072928,0.15056573,0.15042393,0.15030564,0.15021268,0.15014674,0.1501096,0.15010306,0.15012889,0.15018879,0.15028457,0.15041038,0.15055843,0.15072763,0.1509169,0.15112515,0.15135129,0.15159418,0.15185277,0.15212595,0.15241264,0.15271172,0.15302213,0.15334271,0.15367247,0.1540102,0.15435494,0.15470545,0.15506072,0.15541965,0.1557811,0.15614402,0.15650733,0.1568699,0.15723063,0.15758845,0.15794228,0.15829098,0.15863347,0.15896869,0.15929548,0.15961282,0.15991956,0.16020215,0.16044882,0.16066143,0.16084167,0.16099134,0.16111219,0.16120596,0.1612745,0.16131946,0.1613427,0.16134593,0.16133094,0.16129948,0.1612533,0.1611942
0.15607277,0.15609923,0.1561215,0.15613887,0.15615073,0.15615639,0.15615517,0.15614642,0.15612946,0.15610367,0.15606834,0.15602282,0.15596645,0.15589856,0.15581849,0.15572557,0.15561914,0.15549785,0.1553618,0.15521252,0.15505156,0.15488039,0.1547006,0.15451369,0.15432115,0.15412456,0.15392543,0.15372528,0.15352564,0.15332803,0.15313399,0.15294501,0.15276268,0.15258847,0.15242393,0.1522706,0.15212996,0.15200359,0.15189296,0.15179966,0.15172517,0.15167105,0.15163879,0.15162994,0.15164602,0.15168856,0.15175907,0.1518591,0.15199016,0.15214424,0.15231182,0.15249224,0.15268484,0.15288894,0.15310395,0.1533291,0.15356378,0.15380733,0.15405907,0.15431838,0.15458451,0.15485686,0.15513474,0.15541749,0.15570445,0.15599497,0.15628834,0.15658395,0.1568811,0.15717915,0.15747741,0.15777521,0.15807192,0.15836686,0.15865935,0.15894876,0.15923439,0.1595156,0.15979171,0.16006206,0.16032599,0.16057046,0.16078389,0.16096781,0.16112375,0.16125323,0.16135779,0.16143894,0.16149822,0.16153713,0.16155724,0.16156004,0.16154706,0.16151986,0.1614799,0.16142876
0.15525901,0.15526989,0.15527897,0.15528607,0.15529093,0.15529323,0.15529275,0.15528914,0.15528226,0.15527168,0.1552572,0.1552386,0.15521552,0.15518776,0.15515502,0.15511698,0.15507343,0.1550204,0.15495493,0.15487829,0.15479179,0.15469675,0.15459438,0.15448602,0.15437296,0.15425643,0.15413779,0.15401828,0.15389921,0.15378186,0.1536675,0.1535574,0.15345292,0.1533553,0.15326582,0.15318574,0.15311639,0.15305907,0.15301503,0.15298554,0.15297197,0.15297551,0.15299752,0.15303925,0.15310194,0.15318699,0.1532956,0.15342906,0.1535887,0.1537647,0.1539462,0.15413299,0.15432473,0.15452124,0.15472215,0.15492722,0.1551362,0.15534881,0.1555648,0.1557838,0.15600567,0.15623005,0.15645671,0.15668532,0.1569157,0.15714753,0.15738054,0.15761442,0.15784895,0.15808386,0.15831882,0.15855363,0.158788,0.15902162,0.15925425,0.15948565,0.15971543,0.15994346,0.16016938,0.16039295,0.16061388,0.16081993,0.16099977,0.1611548,0.1612862,0.16139536,0.16148344,0.16155185,0.16160181,0.16163461,0.16165155,0.16165394,0.16164297,0.16162004,0.16158637,0.1615433
0.15461758,0.1546152,0.1546132,0.15461165,0.1546106,0.15461007,0.1546102,0.154611,0.1546125,0.1546148,0.15461795,0.15462205,0.15462704,0.15463312,0.15464026,0.15464856,0.15465805,0.15466271,0.15465714,0.15464237,0.1546195,0.15458955,0.1545536,0.1545127,0.15446796,0.15442038,0.154371,0.15432094,0.15427123,0.15422294,0.1541771,0.15413481,0.15409711,0.15406504,0.1540397,0.1540221,0.15401335,0.15401445,0.15402655,0.15405062,0.15408774,0.15413897,0.1542054,0.15428811,0.15438804,0.15450637,0.1546441,0.15480234,0.15498206,0.1551723,0.15536132,0.1555492,0.155736,0.1559218,0.15610659,0.15629047,0.15647352,0.15665579,0.15683731,0.15701813,0.15719838,0.15737808,0.15755725,0.15773602,0.15791437,0.15809244,0.15827024,0.15844785,0.15862529,0.1588027,0.15898007,0.15915747,0.15933497,0.15951262,0.1596905,0.15986869,0.1600472,0.16022608,0.16040541,0.16058525,0.16076571,0.16093528,0.1610834,0.161211,0.16131921,0.16140907,0.1614816,0.1615379,0.161579,0.16160603,0.16161996,0.16162187,0.1616129,0.16159403,0.1615663,0.16153087
0.15413989,0.15412666,0.15411553,0.15410684,0.15410094,0.15409811,0.1540987,0.15410309,0.15411155,0.15412447,0.15414211,0.15416487,0.15419306,0.15422694,0.15426698,0.15431342,0.15436661,0.15441892,0.1544631,0.15449992,0.15453032,0.15455508,0.15457505,0.15459111,0.15460403,0.15461473,0.154624,0.15463276,0.15464176,0.15465188,0.15466401,0.15467894,0.1546975,0.15472054,0.15474896,0.15478359,0.15482521,0.1548747,0.15493295,0.15500076,0.15507893,0.15516835,0.1552699,0.15538439,0.15551263,0.15565549,0.15581384,0.1559885,0.1561803,0.1563775,0.1565679,0.15675192,0.15692985,0.15710203,0.15726878,0.15743041,0.1575873,0.1577398,0.15788813,0.15803273,0.1581739,0.15831198,0.15844727,0.15858018,0.15871093,0.15883993,0.1589675,0.15909392,0.1592196,0.15934482,0.15946992,0.1595953,0.15972118,0.15984796,0.15997596,0.16010551,0.16023694,0.16037053,0.16050674,0.16064583,0.16078809,0.16092324,0.16104119,0.16114286,0.16122907,0.16130066,0.16135848,0.16140331,0.16143607,0.16145761,0.16146867,0.16147022,0.16146304,0.161448,0.16142595,0.1613977
0.15381753,0.15379566,0.15377726,0.15376288,0.15375307,0.15374838,0.15374942,0.15375663,0.15377067,0.15379202,0.15382122,0.15385883,0.15390542,0.1539616,0.1540278,0.15410462,0.15419266,0.1542831,0.15436742,0.15444617,0.15451999,0.1545896,0.15465553,0.15471849,0.1547791,0.15483801,0.15489584,0.15495327,0.15501088,0.1550694,0.15512933,0.15519145,0.15525635,0.15532465,0.15539701,0.15547399,0.1555564,0.15564473,0.15573967,0.15584187,0.15595198,0.15607059,0.1561984,0.15633598,0.15648405,0.15664318,0.15681408,0.15699728,0.15719357,0.15739073,0.1575768,0.1577522,0.15791753,0.15807337,0.1582202,0.1583586,0.15848915,0.15861234,0.15872873,0.15883897,0.15894349,0.15904288,0.15913768,0.15922849,0.15931581,0.1594002,0.15948218,0.15956232,0.15964119,0.15971936,0.15979733,0.15987566,0.15995492,0.16003561,0.16011833,0.16020362,0.16029204,0.1603841,0.16048042,0.16058141,0.16068779,0.16079022,0.16087975,0.16095681,0.1610222,0.16107647,0.16112031,0.16115433,0.16117918,0.16119549,0.1612039,0.16120508,0.16119963,0.16118824,0.16117148,0.16115007
0.15364206,0.15361357,0.15358964,0.15357094,0.1535582,0.15355213,0.15355344,0.15356284,0.15358107,0.15360881,0.15364677,0.15369575,0.15375632,0.15382935,0.15391546,0.15401536,0.1541298,0.15424944,0.15436475,0.15447618,0.1545842,0.15468927,0.15479174,0.15489218,0.15499097,0.15508859,0.15518543,0.15528196,0.15537867,0.15547596,0.1555743,0.15567413,0.15577587,0.15588006,0.15598701,0.15609726,0.15621124,0.15632942,0.15645213,0.15657999,0.15671332,0.15685263,0.15699829,0.15715082,0.15731065,0.15747826,0.15765402,0.15783843,0.15803191,0.1582226,0.15839873,0.15856107,0.1587103,0.15884715,0.15897231,0.15908657,0.15919054,0.15928498,0.1593706,0.15944819,0.15951833,0.15958185,0.15963937,0.15969168,0.15973942,0.15978342,0.15982428,0.15986274,0.15989958,0.15993544,0.15997109,0.1600072,0.16004448,0.1600837,0.1601255,0.16017064,0.16021983,0.16027385,0.16033329,0.16039896,0.16047145,0.16054304,0.16060549,0.1606593,0.16070493,0.16074283,0.16077341,0.1607972,0.16081452,0.16082591,0.16083178,0.16083264,0.16082881,0.16082087,0.16080919,0.1607942
0.15360491,0.15357184,0.15354404,0.15352233,0.1535075,0.15350044,0.15350197,0.15351291,0.15353407,0.15356632,0.15361045,0.1536673,0.15373772,0.15382254,0.15392257,0.15403867,0.15417163,0.15431195,0.1544497,0.15458523,0.15471864,0.15485033,0.15498057,0.15510954,0.15523754,0.15536484,0.15549174,0.15561841,0.1557452,0.15587233,0.1560001,0.1561287,0.15625848,0.15638965,0.1565225,0.15665726,0.15679428,0.1569337,0.15707585,0.157221,0.15736942,0.15752131,0.15767705,0.15783678,0.15800086,0.15816946,0.15834293,0.1585215,0.15870541,0.1588834,0.1590445,0.15918955,0.15931937,0.15943478,0.15953669,0.15962583,0.15970308,0.15976925,0.1598252,0.15987173,0.1599097,0.15993989,0.1599632,0.15998042,0.15999234,0.15999986,0.1600038,0.16000493,0.16000415,0.16000225,0.16000009,0.15999845,0.15999824,0.1600002,0.16000527,0.16001415,0.16002776,0.16004689,0.16007239,0.1601051,0.1601458,0.16018805,0.16022494,0.16025674,0.16028367,0.16030604,0.1603241,0.16033815,0.16034839,0.16035508,0.16035856,0.16035904,0.16035679,0.16035211,0.1603452,0.16033638
0.15369767,0.15366189,0.1536317,0.15360817,0.15359214,0.15358448,0.1535861,0.15359798,0.1536209,0.15365586,0.15370367,0.15376532,0.15384161,0.15393351,0.15404187,0.15416765,0.15431173,0.15446478,0.15461694,0.15476836,0.15491906,0.15506916,0.15521875,0.15536788,0.15551671,0.15566531,0.15581375,0.15596214,0.15611055,0.15625907,0.15640782,0.15655686,0.1567063,0.15685622,0.15700668,0.15715785,0.15730976,0.1574625,0.15761618,0.15777089,0.15792671,0.15808372,0.15824203,0.15840176,0.15856293,0.15872566,0.15889008,0.1590562,0.1592242,0.15938367,0.15952487,0.15964869,0.159756,0.15984774,0.15992475,0.15998797,0.16003835,0.16007671,0.16010392,0.16012101,0.16012877,0.16012819,0.16012004,0.1601053,0.16008492,0.16005974,0.1600306,0.15999849,0.15996426,0.15992889,0.15989318,0.15985806,0.15982446,0.15979327,0.15976538,0.15974164,0.15972306,0.1597104,0.1597047,0.15970674,0.15971753,0.159732,0.15974464,0.15975551,0.15976477,0.15977244,0.15977861,0.15978335,0.1597869,0.1597892,0.15979037,0.15979056,0.15978977,0.1597882,0.15978578,0.15978278
0.15391189,0.15387504,0.153844,0.1538198,0.1538033,0.15379544,0.15379712,0.1538093,0.15383288,0.15386885,0.15391804,0.15398145,0.15405999,0.15415451,0.15426606,0.15439548,0.1545437,0.15470202,0.15486112,0.1550208,0.1551811,0.15534183,0.15550302,0.15566455,0.15582633,0.15598834,0.15615048,0.15631264,0.1564748,0.15663685,0.15679872,0.15696035,0.15712166,0.15728258,0.15744299,0.15760292,0.15776218,0.15792078,0.15807858,0.15823556,0.15839162,0.15854673,0.15870073,0.15885359,0.15900528,0.15915567,0.15930465,0.15945226,0.15959832,0.1597339,0.15985066,0.15994954,0.16003147,0.1600973,0.16014804,0.1601846,0.1602079,0.16021883,0.16021837,0.16020739,0.16018687,0.16015771,0.16012083,0.16007718,0.16002767,0.15997319,0.15991472,0.15985316,0.15978943,0.1597245,0.15965924,0.1595946,0.15953149,0.15947089,0.15941364,0.15936072,0.15931307,0.15927155,0.15923715,0.15921076,0.15919332,0.15918145,0.15917106,0.15916215,0.15915456,0.15914828,0.15914318,0.15913923,0.15913634,0.15913448,0.1591335,0.15913337,0.15913397,0.1591353,0.15913726,0.15913974
0.15423904,0.15420276,0.15417221,0.15414836,0.15413214,0.1541244,0.15412606,0.15413803,0.15416127,0.15419668,0.1542451,0.15430756,0.15438484,0.15447797,0.15458776,0.15471518,0.15486115,0.15501784,0.1551768,0.15533775,0.15550044,0.15566468,0.15583022,0.15599683,0.15616433,0.15633236,0.15650086,0.15666948,0.15683801,0.15700623,0.1571739,0.15734085,0.15750678,0.15767151,0.15783472,0.15799628,0.15815593,0.15831342,0.15846851,0.15862098,0.15877064,0.15891723,0.15906046,0.15920024,0.15933621,0.1594682,0.159596,0.15971927,0.15983792,0.15994456,0.16003267,0.16010319,0.16015695,0.16019493,0.16021803,0.16022718,0.16022326,0.16020715,0.16017988,0.16014221,0.16009517,0.1600396,0.15997642,0.1599066,0.15983099,0.1597505,0.15966608,0.15957865,0.15948905,0.15939826,0.15930714,0.15921661,0.15912765,0.15904112,0.15895791,0.15887894,0.15880515,0.15873745,0.15867671,0.15862387,0.15857986,0.15854298,0.15851074,0.15848301,0.15845947,0.1584399,0.15842411,0.15841189,0.15840295,0.15839705,0.15839404,0.15839359,0.15839559,0.15839967,0.15840569,0.1584134
0.15467072,0.15463644,0.15460765,0.15458517,0.15456982,0.15456253,0.15456411,0.15457544,0.15459734,0.1546307,0.15467642,0.15473534,0.15480828,0.15489611,0.15499969,0.15511994,0.15525764,0.1554063,0.15555866,0.1557143,0.15587285,0.15603392,0.15619713,0.15636209,0.15652847,0.1566959,0.15686387,0.15703213,0.15720028,0.15736791,0.15753466,0.15770014,0.15786399,0.15802583,0.15818524,0.15834193,0.15849535,0.15864532,0.15879138,0.15893312,0.15907018,0.1592022,0.15932879,0.15944956,0.15956415,0.15967216,0.15977326,0.15986702,0.15995304,0.16002609,0.16008164,0.16012058,0.16014375,0.16015203,0.16014627,0.1601273,0.16009605,0.16005333,0.15999995,0.15993685,0.1598649,0.1597849,0.15969776,0.15960428,0.15950538,0.15940188,0.15929466,0.15918459,0.15907247,0.15895924,0.15884574,0.15873279,0.15862125,0.15851201,0.15840594,0.1583039,0.15820669,0.15811522,0.15803038,0.15795295,0.15788385,0.15782316,0.15777017,0.1577245,0.15768582,0.15765366,0.15762772,0.15760754,0.15759286,0.15758322,0.15757823,0.15757751,0.15758075,0.1575875,0.15759742,0.15761009
0.15519837,0.15516755,0.15514164,0.15512137,0.15510756,0.15510102,0.15510239,0.1551126,0.15513231,0.15516236,0.15520355,0.15525658,0.15532224,0.1554013,0.15549454,0.1556028,0.15572678,0.15586156,0.15600134,0.15614569,0.15629402,0.15644579,0.15660049,0.15675767,0.15691672,0.1570772,0.1572385,0.15740016,0.15756166,0.15772247,0.15788208,0.15803991,0.15819553,0.15834834,0.15849788,0.1586436,0.15878494,0.15892148,0.15905261,0.15917787,0.15929668,0.15940857,0.15951301,0.15960947,0.15969741,0.15977632,0.15984572,0.15990505,0.1599538,0.15998898,0.16000839,0.16001284,0.16000313,0.15997998,0.15994418,0.15989652,0.15983778,0.15976872,0.15969008,0.15960273,0.15950732,0.15940472,0.15929566,0.1591809,0.1590613,0.15893751,0.15881038,0.1586807,0.15854917,0.15841664,0.15828384,0.15815158,0.15802059,0.15789165,0.15776557,0.1576431,0.157525,0.15741208,0.15730506,0.15720478,0.15711199,0.15702865,0.15695585,0.15689316,0.15684001,0.15679587,0.1567602,0.15673253,0.15671237,0.15669909,0.1566922,0.15669128,0.15669568,0.15670499,0.1567186,0.156736
0.15581359,0.15578741,0.15576541,0.15574825,0.15573649,0.15573092,0.15573214,0.15574078,0.15575752,0.15578304,0.15581797,0.15586299,0.15591873,0.15598585,0.15606502,0.15615688,0.15626211,0.15637766,0.15649948,0.15662701,0.15675959,0.15689652,0.15703712,0.15718083,0.15732694,0.1574748,0.15762374,0.15777309,0.15792227,0.15807055,0.15821731,0.1583619,0.1585036,0.15864186,0.15877596,0.15890524,0.15902905,0.15914674,0.1592577,0.15936118,0.15945661,0.15954329,0.15962054,0.1596878,0.15974434,0.1597895,0.15982264,0.15984313,0.1598503,0.15984368,0.15982367,0.15979098,0.15974629,0.15969016,0.15962328,0.15954636,0.15946004,0.15936494,0.15926172,0.15915109,0.15903364,0.15891007,0.15878104,0.15864716,0.15850914,0.15836763,0.15822324,0.15807667,0.15792857,0.15777959,0.1576304,0.15748164,0.15733398,0.15718807,0.15704456,0.15690412,0.15676743,0.15663509,0.1565078,0.15638618,0.15627095,0.15616596,0.15607433,0.15599534,0.15592839,0.1558728,0.15582788,0.15579303,0.1557676,0.15575092,0.15574226,0.15574105,0.15574664,0.15575832,0.15577547,0.15579742
0.15650791,0.15648751,0.15647034,0.15645696,0.15644783,0.15644349,0.15644442,0.15645117,0.1564642,0.1564841,0.1565113,0.15654634,0.15658978,0.15664206,0.15670374,0.1567753,0.15685728,0.1569487,0.15704772,0.15715349,0.1572653,0.15738234,0.15750383,0.15762897,0.15775698,0.15788713,0.15801853,0.15815048,0.15828215,0.1584128,0.15854162,0.1586678,0.15879059,0.15890922,0.15902281,0.15913074,0.15923205,0.15932609,0.15941201,0.15948902,0.15955637,0.15961328,0.15965888,0.15969247,0.15971328,0.15972048,0.15971328,0.1596909,0.15965259,0.15960066,0.15953833,0.15946607,0.15938446,0.159294,0.15919513,0.15908845,0.15897438,0.15885355,0.15872636,0.15859342,0.1584551,0.1583121,0.1581648,0.15801373,0.15785943,0.15770242,0.15754314,0.15738222,0.15722008,0.15705724,0.15689424,0.15673156,0.15656976,0.15640934,0.15625076,0.15609458,0.15594132,0.15579143,0.1556455,0.15550399,0.15536745,0.15524177,0.15513206,0.15503748,0.15495735,0.15489078,0.15483703,0.15479533,0.15476485,0.15474483,0.15473449,0.15473309,0.15473972,0.15475374,0.15477428,0.15480053
0.15727279,0.1572592,0.15724772,0.15723878,0.15723272,0.15722981,0.15723045,0.15723492,0.15724362,0.1572569,0.15727505,0.15729845,0.15732743,0.15736233,0.15740345,0.15745118,0.1575059,0.15756886,0.1576406,0.15772025,0.15780684,0.1578995,0.15799731,0.15809935,0.15820473,0.15831254,0.15842186,0.15853181,0.15864143,0.1587498,0.15885606,0.15895936,0.15905869,0.15915313,0.15924187,0.15932392,0.1593984,0.15946443,0.15952104,0.15956731,0.15960243,0.15962541,0.15963542,0.15963142,0.15961264,0.15957807,0.15952685,0.15945806,0.15937078,0.1592704,0.15916307,0.15904914,0.15892893,0.15880284,0.15867114,0.1585342,0.15839238,0.15824601,0.15809543,0.15794098,0.157783,0.15762182,0.15745778,0.15729128,0.1571226,0.1569521,0.15678012,0.15660697,0.15643308,0.1562587,0.15608421,0.15590994,0.15573624,0.15556344,0.15539195,0.15522198,0.15505399,0.15488829,0.15472515,0.154565,0.15440817,0.15426262,0.15413556,0.15402608,0.15393321,0.15385614,0.15379389,0.15374556,0.1537103,0.15368712,0.15367518,0.15367348,0.15368123,0.15369743,0.1537212,0.15375164
0.15809982,0.15809385,0.1580889,0.15808496,0.15808232,0.15808104,0.15808131,0.15808329,0.1580871,0.15809287,0.15810078,0.15811099,0.15812363,0.15813884,0.1581568,0.15817761,0.15820149,0.15823221,0.15827292,0.1583225,0.15837996,0.15844426,0.1585144,0.15858935,0.15866809,0.1587495,0.15883268,0.15891656,0.15900007,0.15908222,0.15916197,0.15923828,0.15931015,0.1593765,0.15943639,0.1594887,0.15953247,0.15956661,0.15959017,0.15960206,0.15960127,0.15958677,0.1595575,0.15951252,0.15945071,0.15937108,0.15927261,0.15915424,0.15901501,0.1588634,0.15870875,0.15855123,0.15839098,0.15822813,0.15806285,0.15789528,0.1577256,0.15755388,0.15738042,0.15720521,0.15702848,0.15685032,0.15667096,0.1564905,0.15630908,0.15612689,0.15594405,0.15576069,0.15557699,0.15539311,0.15520917,0.15502532,0.15484172,0.15465854,0.1544759,0.15429394,0.15411283,0.15393272,0.15375374,0.15357605,0.1533998,0.15323514,0.15309136,0.15296747,0.15286243,0.15277518,0.15270476,0.15265009,0.15261017,0.15258393,0.1525704,0.1525685,0.15257727,0.15259558,0.15262249,0.15265696
0.15898049,0.15898296,0.15898505,0.15898672,0.15898782,0.15898836,0.15898824,0.15898742,0.15898581,0.15898338,0.15898006,0.15897574,0.15897043,0.15896402,0.15895648,0.15894769,0.15893766,0.1589329,0.15893912,0.15895534,0.1589803,0.15901284,0.1590519,0.15909629,0.15914486,0.15919653,0.15925004,0.15930437,0.15935828,0.15941067,0.15946038,0.1595063,0.15954727,0.15958214,0.15960972,0.15962899,0.15963867,0.15963772,0.15962489,0.15959914,0.15955926,0.15950415,0.15943265,0.15934359,0.15923588,0.15910833,0.15895982,0.15878917,0.1585953,0.15839006,0.1581861,0.15798336,0.15778176,0.1575812,0.15738174,0.15718322,0.1569856,0.15678877,0.15659279,0.15639748,0.15620281,0.1560087,0.15581517,0.15562207,0.15542938,0.15523702,0.1550449,0.15485306,0.1546613,0.15446967,0.15427801,0.15408635,0.15389456,0.15370262,0.15351045,0.15331799,0.15312517,0.15293191,0.15273818,0.15254393,0.15234907,0.15216585,0.15200591,0.15186812,0.15175128,0.15165424,0.1515759,0.1515151,0.15147068,0.1514415,0.15142646,0.15142435,0.15143408,0.15145446,0.15148441,0.15152273
0.15990633,0.15991789,0.1599276,0.15993522,0.15994039,0.15994287,0.15994234,0.1599385,0.15993112,0.15991983,0.1599044,0.15988448,0.15985987,0.1598302,0.15979521,0.15975456,0.15970804,0.15966496,0.15963401,0.15961397,0.15960355,0.1596015,0.15960656,0.15961748,0.159633,0.15965186,0.15967284,0.15969466,0.15971604,0.15973577,0.15975252,0.15976514,0.1597723,0.15977277,0.15976524,0.15974855,0.15972137,0.15968245,0.15963061,0.1595645,0.1594829,0.15938456,0.1592682,0.1591326,0.15897651,0.1587986,0.15859771,0.1583725,0.15812176,0.15786092,0.15760592,0.15735658,0.15711257,0.15687358,0.15663934,0.15640955,0.1561839,0.15596214,0.15574397,0.15552908,0.15531722,0.15510805,0.15490128,0.15469667,0.15449391,0.15429269,0.15409267,0.15389368,0.15369536,0.15349741,0.15329958,0.15310155,0.15290305,0.15270375,0.15250339,0.15230165,0.15209831,0.15189299,0.1516855,0.15147544,0.15126261,0.15106145,0.15088582,0.15073448,0.15060619,0.15049961,0.1504136,0.15034682,0.15029804,0.150266,0.15024947,0.15024717,0.15025784,0.15028024,0.15031308,0.15035518
0.1608689,0.16089006,0.16090785,0.16092175,0.16093124,0.16093576,0.16093478,0.16092779,0.16091423,0.16089363,0.16086538,0.16082896,0.16078389,0.1607296,0.16066559,0.16059127,0.16050617,0.1604226,0.16035216,0.16029353,0.16024546,0.16020644,0.16017513,0.16015023,0.16013032,0.16011408,0.16010009,0.16008702,0.16007349,0.16005814,0.16003962,0.1600165,0.15998752,0.15995124,0.15990627,0.15985134,0.15978502,0.15970595,0.15961279,0.15950412,0.15937862,0.15923491,0.15907165,0.1588874,0.15868089,0.15845074,0.15819553,0.1579139,0.1576045,0.15728639,0.15697904,0.15668197,0.15639465,0.15611653,0.15584709,0.15558577,0.1553321,0.15508553,0.15484549,0.15461147,0.15438294,0.15415937,0.15394025,0.153725,0.1535131,0.15330407,0.1530973,0.15289234,0.15268862,0.1524856,0.15228274,0.15207957,0.15187548,0.15166998,0.15146253,0.15125258,0.15103963,0.15082316,0.15060262,0.15037744,0.15014714,0.14992845,0.14973752,0.14957295,0.14943346,0.14931762,0.14922407,0.14915146,0.14909846,0.14906363,0.14904566,0.14904316,0.14905474,0.14907908,0.14911483,0.14916058
0.16185969,0.16189082,0.16191706,0.16193753,0.16195151,0.16195816,0.16195673,0.16194642,0.16192648,0.1618961,0.16185448,0.1618009,0.16173457,0.16165464,0.16156036,0.16145098,0.1613257,0.16119981,0.16108815,0.16098927,0.16090167,0.16082388,0.16075444,0.1606919,0.16063476,0.16058153,0.16053076,0.16048096,0.16043067,0.16037846,0.16032274,0.16026214,0.16019519,0.16012032,0.16003619,0.15994123,0.15983398,0.15971303,0.15957683,0.1594239,0.15925287,0.15906213,0.15885033,0.15861592,0.15835749,0.1580735,0.15776248,0.15742306,0.15705362,0.15667696,0.15631618,0.15597053,0.15563922,0.15532148,0.15501653,0.15472355,0.15444179,0.15417047,0.1539088,0.15365598,0.15341121,0.15317382,0.1529429,0.1527177,0.15249749,0.15228142,0.15206875,0.15185872,0.15165047,0.15144332,0.15123637,0.15102893,0.1508202,0.15060934,0.15039562,0.15017827,0.1499565,0.14972949,0.1494965,0.14925672,0.14900938,0.14877348,0.14856751,0.14839001,0.14823954,0.14811455,0.14801367,0.14793538,0.14787816,0.14784062,0.14782122,0.14781852,0.14783102,0.14785731,0.14789581,0.14794517
0.16287032,0.16291173,0.16294657,0.16297378,0.16299233,0.16300116,0.16299927,0.1629856,0.16295907,0.16291866,0.16286336,0.16279209,0.16270386,0.16259758,0.16247222,0.16232677,0.16216016,0.1619908,0.1618367,0.16169626,0.16156794,0.16145012,0.16134132,0.16123982,0.16114412,0.16105266,0.16096379,0.160876,0.16078766,0.16069727,0.16060318,0.16050379,0.16039759,0.16028292,0.16015828,0.16002207,0.15987271,0.15970859,0.15952817,0.15932983,0.15911205,0.15887322,0.15861171,0.15832603,0.15801457,0.15767571,0.15730791,0.15690958,0.15647916,0.15604308,0.15562814,0.15523332,0.15485759,0.15449986,0.15415916,0.15383434,0.15352449,0.15322849,0.15294532,0.15267394,0.1524133,0.15216239,0.15192012,0.15168549,0.15145747,0.15123497,0.151017,0.15080246,0.15059038,0.15037969,0.15016931,0.14995827,0.1497455,0.14952993,0.14931056,0.14908634,0.14885622,0.14861916,0.14837413,0.14812009,0.147856,0.14760311,0.1473823,0.14719205,0.14703071,0.14689676,0.14678864,0.14670466,0.14664336,0.14660311,0.14658228,0.14657943,0.14659284,0.14662099,0.14666232,0.14671522
0.16389215,0.16394402,0.16398767,0.16402176,0.16404495,0.16405606,0.16405363,0.1640365,0.1640033,0.16395274,0.16388349,0.1637943,0.1636838,0.16355075,0.16339384,0.16321175,0.16300316,0.16278964,0.16259234,0.16240971,0.16223995,0.1620814,0.1619324,0.16179128,0.16165633,0.16152588,0.16139822,0.1612717,0.16114457,0.16101529,0.16088198,0.16074309,0.16059692,0.16044177,0.16027595,0.16009778,0.15990552,0.15969762,0.15947226,0.15922783,0.15896265,0.15867501,0.15836324,0.15802562,0.15766051,0.1572662,0.15684101,0.15638326,0.15589128,0.15539528,0.15492575,0.15448143,0.15406096,0.15366304,0.15328641,0.15292977,0.15259176,0.15227112,0.15196656,0.15167676,0.1514004,0.15113622,0.15088284,0.15063904,0.15040347,0.15017489,0.14995192,0.14973332,0.14951773,0.14930387,0.14909045,0.14887615,0.1486597,0.14843978,0.1482151,0.14798431,0.14774618,0.14749932,0.14724247,0.14697437,0.14669369,0.14642397,0.14618844,0.14598551,0.14581347,0.1456706,0.14555524,0.14546569,0.14540029,0.14535734,0.14533515,0.14533207,0.14534637,0.14537644,0.14542048,0.14547688
0.16491687,0.1649792,0.16503163,0.1650726,0.16510053,0.16511382,0.16511095,0.16509034,0.16505045,0.16498965,0.16490643,0.16479921,0.1646664,0.1645065,0.1643179,0.16409904,0.16384833,0.16359043,0.16334985,0.16312474,0.16291337,0.16271393,0.16252461,0.16234362,0.16216926,0.16199963,0.161833,0.16166753,0.16150147,0.16133304,0.16116044,0.16098183,0.16079554,0.16059965,0.16039246,0.16017213,0.15993692,0.15968497,0.15941457,0.1591239,0.15881112,0.1584745,0.15811224,0.15772258,0.15730366,0.15685372,0.15637101,0.15585372,0.1553,0.15474397,0.15421975,0.15372582,0.15326054,0.15282245,0.15240985,0.15202132,0.15165518,0.15130992,0.15098403,0.15067577,0.15038374,0.15010631,0.14984195,0.14958902,0.14934604,0.14911139,0.14888354,0.14866088,0.14844191,0.148225,0.14800861,0.1477912,0.14757116,0.14734694,0.14711699,0.14687978,0.14663365,0.14637706,0.14610852,0.14582641,0.14552915,0.1452426,0.14499243,0.14477684,0.14459401,0.14444226,0.1443197,0.1442246,0.14415511,0.1441095,0.14408597,0.14408267,0.14409786,0.14412977,0.14417659,0.14423652
0.1659359,0.16600865,0.16606984,0.16611764,0.1661502,0.16616572,0.16616236,0.1661383,0.16609174,0.16602083,0.16592376,0.16579865,0.16564372,0.16545713,0.16523708,0.1649817,0.1646892,0.1643873,0.16410373,0.1638366,0.16358395,0.16334394,0.16311467,0.16289422,0.16268075,0.16247231,0.16226709,0.16206305,0.16185841,0.16165124,0.16143966,0.16122174,0.16099563,0.16075942,0.16051123,0.16024911,0.1599712,0.15967564,0.1593605,0.15902385,0.15866387,0.15827863,0.15786622,0.15742478,0.15695238,0.15644713,0.15590717,0.15533058,0.15471548,0.15409963,0.15352096,0.15297759,0.15246765,0.15198942,0.15154098,0.15112056,0.15072632,0.15035643,0.15000908,0.1496824,0.14937459,0.14908382,0.1488083,0.14854613,0.14829557,0.1480547,0.1478218,0.14759494,0.1473724,0.14715223,0.14693274,0.14671193,0.14648816,0.1462595,0.14602412,0.14578025,0.14552602,0.1452596,0.1449792,0.14468294,0.14436907,0.1440656,0.14380074,0.14357245,0.14337888,0.14321817,0.14308839,0.14298768,0.14291412,0.1428658,0.14284088,0.14283738,0.14285348,0.14288728,0.14293686,0.1430003
0.16694082,0.16702378,0.16709353,0.16714802,0.16718514,0.16720286,0.16719905,0.16717161,0.16711852,0.16703767,0.16692697,0.16678435,0.1666077,0.16639495,0.16614404,0.1658529,0.16551937,0.16517435,0.16484867,0.16454035,0.16424733,0.16396768,0.16369937,0.16344038,0.16318871,0.16294238,0.16269943,0.16245778,0.16221546,0.16197048,0.16172083,0.1614645,0.16119952,0.16092388,0.16063553,0.16033252,0.16001284,0.1596745,0.15931547,0.15893374,0.15852737,0.1580943,0.15763256,0.15714014,0.15661502,0.15605523,0.15545876,0.1548236,0.15414777,0.15347278,0.15284012,0.15224773,0.15169351,0.1511754,0.15069127,0.15023907,0.14981672,0.14942214,0.14905322,0.14870794,0.14838414,0.14807978,0.14779277,0.14752105,0.1472625,0.14701508,0.14677665,0.14654516,0.14631854,0.1460947,0.14587155,0.145647,0.145419,0.14518544,0.14494425,0.14469334,0.14443064,0.14415403,0.14386147,0.14355089,0.14322016,0.14289968,0.14261988,0.14237876,0.14217435,0.1420046,0.14186755,0.14176115,0.14168346,0.14163244,0.14160609,0.14160243,0.14161941,0.14165509,0.14170745,0.1417745
0.1679232,0.168016,0.16809405,0.16815504,0.16819656,0.1682164,0.1682121,0.16818142,0.16812202,0.16803151,0.16790767,0.16774803,0.16755038,0.16731231,0.16703153,0.1667057,0.1663325,0.1659457,0.16557932,0.16523121,0.16489929,0.16458139,0.16427547,0.16397935,0.163691,0.16340828,0.16312903,0.16285126,0.16257273,0.16229142,0.16200516,0.1617119,0.16140947,0.1610958,0.16076878,0.1604263,0.16006622,0.15968648,0.15928492,0.15885949,0.15840806,0.15792847,0.15741868,0.15687653,0.15629995,0.15568681,0.155035,0.15434243,0.15360698,0.15287381,0.15218806,0.15154736,0.15094934,0.15039174,0.14987221,0.14938837,0.14893797,0.14851862,0.14812797,0.1477638,0.14742365,0.14710529,0.1468063,0.14652446,0.14625734,0.14600265,0.14575805,0.14552122,0.14528982,0.14506155,0.14483404,0.144605,0.14437203,0.14413288,0.1438852,0.1436266,0.14335483,0.14306752,0.14276235,0.14243698,0.14208907,0.14175127,0.14145638,0.14120226,0.14098679,0.14080788,0.1406634,0.14055127,0.14046937,0.14041561,0.14038782,0.14038396,0.14040187,0.14043951,0.14049466,0.14056535
0.16887446,0.16897672,0.16906272,0.16912988,0.16917565,0.16919748,0.16919275,0.16915897,0.16909349,0.16899383,0.16885735,0.16868152,0.16846375,0.16820148,0.16789216,0.16753322,0.1671221,0.16669545,0.1662903,0.16590437,0.16553545,0.1651813,0.16483976,0.16450858,0.16418551,0.16386838,0.16355494,0.16324297,0.16293028,0.16261463,0.16229379,0.16196556,0.16162771,0.16127802,0.16091429,0.16053423,0.16013573,0.15971653,0.15927435,0.15880705,0.15831237,0.15778808,0.157232,0.15664186,0.15601552,0.15535066,0.15464513,0.15389672,0.15310317,0.15231325,0.15157555,0.15088744,0.15024643,0.14964989,0.1490953,0.14858007,0.1481016,0.14765736,0.14724483,0.14686133,0.14650437,0.14617138,0.14585981,0.14556701,0.1452905,0.14502765,0.14477596,0.1445328,0.14429563,0.14406194,0.14382902,0.14359443,0.14335558,0.14310984,0.14285472,0.14258762,0.14230596,0.1420072,0.14168875,0.14134806,0.14098255,0.14062707,0.14031675,0.14004932,0.13982256,0.13963431,0.13948226,0.13936429,0.1392781,0.1392215,0.13919227,0.13918822,0.13920705,0.13924664,0.13930473,0.13937908
0.16978619,0.16989733,0.16999076,0.17006376,0.1701135,0.17013726,0.17013213,0.1700954,0.17002426,0.16991591,0.16976759,0.16957651,0.16933985,0.16905485,0.1687187,0.16832861,0.16788177,0.16741772,0.16697623,0.16655494,0.16615154,0.16576366,0.16538903,0.16502531,0.16467012,0.16432112,0.16397606,0.16363251,0.16328816,0.16294076,0.16258791,0.16222726,0.1618565,0.16147333,0.16107535,0.1606603,0.1602258,0.15976954,0.15928914,0.15878232,0.15824674,0.15768005,0.1570799,0.15644403,0.15577006,0.15505564,0.15429844,0.15349616,0.15264645,0.15180154,0.15101336,0.1502791,0.14959598,0.14896122,0.14837202,0.14782561,0.1473192,0.14684995,0.14641513,0.1460119,0.14563751,0.14528917,0.14496405,0.1446594,0.14437242,0.14410032,0.14384031,0.1435896,0.1433454,0.14310494,0.14286539,0.14262396,0.1423779,0.1421244,0.14186066,0.1415839,0.14129135,0.1409802,0.14064765,0.14029096,0.13990724,0.13953367,0.13920748,0.13892639,0.13868806,0.13849019,0.13833041,0.13820638,0.1381158,0.13805631,0.1380256,0.13802134,0.13804115,0.13808274,0.1381438,0.13822195
0.1706499,0.17076923,0.17086957,0.17094795,0.17100137,0.17102683,0.17102131,0.17098191,0.17090553,0.1707892,0.17062996,0.17042477,0.1701707,0.16986467,0.16950373,0.16908488,0.16860515,0.1681066,0.16763173,0.16717812,0.16674326,0.16632473,0.16592011,0.16552688,0.16514264,0.16476491,0.16439131,0.16401932,0.16364653,0.16327046,0.16288868,0.16249874,0.16209817,0.16168454,0.1612554,0.1608083,0.1603408,0.15985042,0.1593347,0.15879129,0.15821764,0.15761131,0.15696988,0.15629092,0.15557194,0.15481049,0.15400411,0.15315045,0.15224692,0.15134916,0.15051226,0.1497333,0.14900927,0.14833713,0.14771393,0.14713666,0.1466023,0.14610785,0.1456504,0.1452269,0.14483432,0.1444697,0.14413002,0.14381236,0.14351363,0.14323089,0.14296111,0.14270134,0.14244853,0.14219975,0.14195195,0.14170215,0.14144735,0.14118458,0.1409108,0.14062308,0.14031836,0.13999368,0.13964604,0.13927245,0.1388699,0.13847756,0.13813506,0.1378399,0.13758968,0.13738187,0.13721408,0.13708387,0.13698874,0.13692626,0.13689402,0.13688955,0.13691035,0.13695404,0.13701811,0.1371002
0.17145717,0.17158389,0.17169043,0.17177367,0.17183039,0.17185743,0.1718516,0.1718097,0.1717286,0.1716051,0.17143597,0.17121808,0.17094827,0.17062327,0.17023998,0.16979523,0.16928579,0.16875622,0.16825148,0.16776904,0.16730629,0.1668607,0.16642968,0.16601063,0.16560102,0.16519827,0.16479978,0.16440304,0.1640054,0.16360432,0.1631973,0.16278167,0.16235493,0.16191448,0.16145773,0.16098215,0.16048512,0.15996413,0.15941656,0.15883987,0.15823148,0.15758882,0.15690932,0.1561904,0.15542951,0.15462403,0.15377146,0.15286921,0.15191467,0.15096657,0.15008311,0.14926115,0.1484975,0.14778903,0.14713247,0.14652467,0.14596248,0.1454427,0.14496212,0.14451766,0.14410602,0.14372405,0.14336862,0.1430365,0.14272453,0.1424295,0.1421483,0.14187767,0.14161444,0.14135551,0.1410976,0.14083758,0.14057225,0.14029846,0.140013,0.13971266,0.13939433,0.13905479,0.13869087,0.13829938,0.13787714,0.13746548,0.13710605,0.1367963,0.13653369,0.13631566,0.13613959,0.13600293,0.1359031,0.13583755,0.13580371,0.135799,0.13582087,0.13586669,0.13593397,0.13602006
0.17219946,0.17233264,0.17244463,0.17253208,0.1725917,0.17262013,0.17261402,0.17257,0.17248474,0.17235494,0.1721772,0.1719482,0.17166458,0.17132303,0.17092021,0.17045274,0.16991729,0.16936067,0.16883013,0.16832292,0.16783641,0.16736786,0.16691461,0.16647393,0.1660431,0.16561952,0.16520035,0.16478305,0.16436484,0.163943,0.1635149,0.16307782,0.16262905,0.1621659,0.16168568,0.16118565,0.16066317,0.16011557,0.15954006,0.15893404,0.15829475,0.15761949,0.1569056,0.15615039,0.15535112,0.15450512,0.15360971,0.15266214,0.15165979,0.15066423,0.14973664,0.14887364,0.14807199,0.14732826,0.14663912,0.14600126,0.14541131,0.14486594,0.14436176,0.14389554,0.14346382,0.14306329,0.14269064,0.14234252,0.14201558,0.14170645,0.14141178,0.14112829,0.14085257,0.14058132,0.1403112,0.14003885,0.1397609,0.13947406,0.13917495,0.13886026,0.1385266,0.13817066,0.1377891,0.13737854,0.1369357,0.13650389,0.13612689,0.135802,0.13552658,0.13529785,0.13511315,0.13496983,0.13486512,0.1347964,0.13476089,0.13475594,0.13477886,0.13482694,0.13489749,0.13498782
0.17286833,0.17300695,0.17312351,0.17321454,0.17327657,0.17330615,0.17329976,0.17325394,0.17316526,0.17303011,0.17284516,0.17260684,0.17231166,0.17195623,0.171537,0.17105047,0.17049325,0.16991407,0.16936223,0.16883488,0.16832921,0.16784243,0.16737162,0.16691399,0.16646679,0.16602708,0.16559209,0.16515899,0.16472495,0.16428714,0.16384274,0.1633889,0.16292281,0.16244166,0.16194259,0.16142277,0.16087943,0.16030967,0.1597107,0.1590797,0.15841384,0.15771027,0.1569662,0.15617874,0.15534513,0.15446252,0.15352806,0.15253896,0.15149236,0.15045261,0.14948362,0.14858186,0.14774391,0.14696626,0.14624543,0.14557795,0.14496034,0.14438912,0.14386082,0.14337192,0.14291899,0.14249854,0.14210707,0.14174113,0.14139722,0.14107187,0.14076158,0.14046289,0.14017232,0.13988638,0.13960162,0.13931452,0.13902164,0.13871947,0.13840456,0.13807341,0.1377225,0.13734846,0.13694769,0.13651682,0.1360523,0.13559948,0.13520414,0.13486347,0.13457464,0.1343348,0.13414113,0.13399081,0.13388103,0.13380893,0.1337717,0.13376652,0.13379055,0.13384096,0.13391496,0.13400966
0.17345533,0.17359816,0.1737183,0.17381215,0.17387609,0.17390658,0.1739,0.17385279,0.17376132,0.17362207,0.17343143,0.17318577,0.17288156,0.17251518,0.17208305,0.1715816,0.17100723,0.17041051,0.16984247,0.16930011,0.16878048,0.16828059,0.16779752,0.16732827,0.1668699,0.16641943,0.1659739,0.16553034,0.16508582,0.16463731,0.1641819,0.1637166,0.16323848,0.16274452,0.16223182,0.16169736,0.16113819,0.16055135,0.1599339,0.15928285,0.15859523,0.1578681,0.15709849,0.15628341,0.15541992,0.15450504,0.15353581,0.15250929,0.15142249,0.15034221,0.14933486,0.14839683,0.14752455,0.14671443,0.14596288,0.14526632,0.14462115,0.14402379,0.14347067,0.14295821,0.14248279,0.14204083,0.14162876,0.14124298,0.14087994,0.14053601,0.1402076,0.13989115,0.1395831,0.1392798,0.1389777,0.13867322,0.13836277,0.13804273,0.13770956,0.13735965,0.13698943,0.13659528,0.13617365,0.13572095,0.13523357,0.13475879,0.13434428,0.13398708,0.13368425,0.13343276,0.13322972,0.13307211,0.132957,0.13288142,0.13284239,0.13283695,0.13286215,0.132915,0.13299257,0.13309187
0.17396508,0.17411138,0.17423438,0.17433044,0.17439592,0.17442714,0.17442042,0.17437203,0.17427845,0.17413585,0.17394061,0.17368911,0.1733776,0.1730025,0.17256007,0.1720466,0.17145853,0.17084786,0.17026715,0.16971326,0.16918308,0.16867362,0.1681816,0.16770409,0.16723794,0.16678,0.16632725,0.16587655,0.16542485,0.16496898,0.16450591,0.16403249,0.16354568,0.16304238,0.16251945,0.1619738,0.16140239,0.16080204,0.16016974,0.15950228,0.15879673,0.15804985,0.1572586,0.15641987,0.15553056,0.15458764,0.15358792,0.15252835,0.15140583,0.15028936,0.14924754,0.14827673,0.1473732,0.14653336,0.14575343,0.14502986,0.14435889,0.14373688,0.14316016,0.14262505,0.14212786,0.141665,0.14123267,0.14082728,0.14044516,0.14008264,0.13973603,0.13940161,0.13907582,0.13875487,0.13843514,0.13811299,0.13778473,0.13744667,0.13709515,0.13672654,0.13633703,0.1359231,0.13548099,0.13500708,0.13449767,0.1340018,0.13356887,0.1331958,0.13287951,0.13261689,0.13240476,0.13224019,0.13211997,0.132041,0.13200024,0.13199459,0.13202089,0.13207613,0.13215712,0.13226086
0.17441016,0.17455944,0.17468488,0.17478293,0.17484976,0.17488158,0.17487477,0.17482544,0.17472987,0.1745844,0.17438518,0.17412858,0.1738107,0.17342794,0.1729765,0.1724526,0.17185253,0.17122969,0.17063792,0.17007396,0.16953464,0.16901669,0.16851695,0.16803218,0.16755922,0.16709483,0.16663575,0.16617881,0.16572082,0.16525853,0.16478877,0.16430831,0.1638139,0.16330242,0.16277057,0.16221516,0.16163301,0.16102087,0.16037561,0.15969393,0.15897264,0.1582085,0.15739839,0.15653904,0.15562722,0.15465975,0.15363342,0.15254502,0.1513913,0.15024324,0.14917134,0.14817184,0.14724109,0.14637525,0.1455706,0.1448234,0.14412993,0.14348638,0.14288904,0.14233415,0.14181802,0.14133683,0.14088686,0.14046438,0.1400656,0.13968681,0.13932428,0.1389742,0.13863286,0.13829656,0.1379615,0.13762392,0.1372801,0.13692628,0.13655874,0.13617373,0.13576749,0.13533625,0.13487627,0.13438384,0.1338552,0.13334091,0.13289191,0.13250497,0.13217692,0.13190456,0.13168459,0.13151388,0.13138916,0.13130729,0.13126501,0.13125911,0.13128643,0.1313437,0.13142772,0.13153529
0.1747937,0.17494552,0.17507316,0.17517291,0.17524089,0.17527327,0.17526627,0.1752161,0.17511892,0.17497094,0.1747683,0.17450725,0.17418396,0.17379457,0.17333534,0.17280243,0.17219207,0.17155872,0.17095742,0.17038476,0.16983752,0.16931236,0.16880591,0.16831495,0.16783608,0.16736607,0.16690156,0.16643931,0.1659759,0.16550805,0.16503255,0.164546,0.16404508,0.1635265,0.16298695,0.16242318,0.16183178,0.16120951,0.16055302,0.15985905,0.15912421,0.15834524,0.15751885,0.1566417,0.15571049,0.15472187,0.1536726,0.15255934,0.15137877,0.15020347,0.14910564,0.14808148,0.14712721,0.14623901,0.14541304,0.1446455,0.14393258,0.14327054,0.1426554,0.14208351,0.14155097,0.14105403,0.14058886,0.14015162,0.13973852,0.13934572,0.13896948,0.1386059,0.13825122,0.13790165,0.1375533,0.13720247,0.13684523,0.13647787,0.1360965,0.1356974,0.13527666,0.13483052,0.13435516,0.13384677,0.13330156,0.1327714,0.13230853,0.13190967,0.13157149,0.1312907,0.13106398,0.13088799,0.13075943,0.13067508,0.13063143,0.13062537,0.1306535,0.13071254,0.13079916,0.13091007
0.17511891,0.17527288,0.1754024,0.17550354,0.17557247,0.17560533,0.17559825,0.17554735,0.17544878,0.17529866,0.17509316,0.1748283,0.17450035,0.17410547,0.17363963,0.17309904,0.17247993,0.17183769,0.1712283,0.17064835,0.17009437,0.16956306,0.16905095,0.16855466,0.16807087,0.1675961,0.16712698,0.16666014,0.16619213,0.16571966,0.16523921,0.1647475,0.16424105,0.16371651,0.16317049,0.16259952,0.16200031,0.16136943,0.16070347,0.15999901,0.15925273,0.15846118,0.15762098,0.15672874,0.15578108,0.15477458,0.15370587,0.1525715,0.15136816,0.15016975,0.14904995,0.14800489,0.14703068,0.14612351,0.14527945,0.14449468,0.14376533,0.14308749,0.14245732,0.14187102,0.14132461,0.1408143,0.1403362,0.13988645,0.1394612,0.13905656,0.13866866,0.13829362,0.13792759,0.13756679,0.13720722,0.13684511,0.13647655,0.13609765,0.13570459,0.13529351,0.1348605,0.13440175,0.13391334,0.13339143,0.13283215,0.13228852,0.13181394,0.13140492,0.13105817,0.13077028,0.13053778,0.13035731,0.13022552,0.13013896,0.13009427,0.13008806,0.13011691,0.13017745,0.13026623,0.13037995
0.1753889,0.17554468,0.17567572,0.17577805,0.17584778,0.17588106,0.17587388,0.17582238,0.17572264,0.17557077,0.1753628,0.17509495,0.17476311,0.17436357,0.17389229,0.17334539,0.17271894,0.17206937,0.17145327,0.17086716,0.17030764,0.16977118,0.16925436,0.16875373,0.16826579,0.16778708,0.16731414,0.1668435,0.16637172,0.16589531,0.16541082,0.16491479,0.16440375,0.16387425,0.1633228,0.16274594,0.16214022,0.16150221,0.16082832,0.16011526,0.15935944,0.15855747,0.1577058,0.15680104,0.1558397,0.15481836,0.15373346,0.15258162,0.15135935,0.15014178,0.14900371,0.14794128,0.14695054,0.1460276,0.14516851,0.14436947,0.14362642,0.14293551,0.14229286,0.14169455,0.14113663,0.14061524,0.14012639,0.13966627,0.13923089,0.13881643,0.13841882,0.13803431,0.13765891,0.13728875,0.13691989,0.13654839,0.13617037,0.13578196,0.1353792,0.13495815,0.13451496,0.1340457,0.13354647,0.13301334,0.13244237,0.13188761,0.13140324,0.13098584,0.13063198,0.13033813,0.13010083,0.1299167,0.12978218,0.12969385,0.12964824,0.12964188,0.12967132,0.12973312,0.12982376,0.1299398
0.17560694,0.17576417,0.17589645,0.17599973,0.1760701,0.17610367,0.17609642,0.17604445,0.1759438,0.17579049,0.1755806,0.1753102,0.1749753,0.17457196,0.17409626,0.17354424,0.17291196,0.1722564,0.17163487,0.17104387,0.1704798,0.16993923,0.16941866,0.16891445,0.16842316,0.16794127,0.16746525,0.16699153,0.16651674,0.16603716,0.16554941,0.16504991,0.16453518,0.16400166,0.16344583,0.16286418,0.1622532,0.16160941,0.1609292,0.1602091,0.15944563,0.15863517,0.15777427,0.1568594,0.15588704,0.15485366,0.15375572,0.15258977,0.15135223,0.15011916,0.14896637,0.14788993,0.14688581,0.14595014,0.14507896,0.14426832,0.14351425,0.14281279,0.14216006,0.14155205,0.14098482,0.14045446,0.13995701,0.13948847,0.13904497,0.13862251,0.13821717,0.13782494,0.13744198,0.13706422,0.13668784,0.13630879,0.13592318,0.13552703,0.13511643,0.13468738,0.13423595,0.13375823,0.1332502,0.132708,0.13212764,0.13156383,0.13107161,0.13064745,0.1302878,0.12998918,0.12974805,0.1295609,0.12942421,0.1293344,0.12928808,0.12928161,0.12931152,0.12937431,0.12946643,0.12958436
0.17577615,0.17593457,0.17606772,0.17617178,0.17624268,0.17627648,0.17626916,0.17621683,0.17611544,0.17596105,0.17574966,0.17547731,0.17514,0.17473374,0.17425461,0.17369859,0.17306177,0.17240158,0.17177583,0.17118101,0.17061347,0.17006974,0.16954617,0.1690392,0.16854534,0.16806097,0.16758253,0.16710648,0.16662925,0.16614728,0.16565695,0.16515478,0.16463716,0.16410051,0.16354127,0.16295597,0.1623409,0.1616926,0.16100748,0.16028199,0.15951249,0.15869549,0.15782742,0.15690473,0.15592378,0.15488108,0.15377302,0.1525961,0.1513467,0.15010163,0.14893739,0.14785004,0.14683558,0.14589003,0.14500944,0.14418979,0.14342716,0.14271757,0.14205696,0.14144145,0.14086702,0.14032972,0.1398255,0.13935047,0.13890065,0.13847202,0.1380606,0.13766244,0.13727355,0.13688998,0.13650773,0.13612284,0.1357313,0.13532917,0.13491248,0.1344772,0.13401942,0.1335351,0.1330203,0.13247104,0.13188337,0.13131255,0.13081421,0.13038477,0.1300207,0.12971833,0.12947421,0.12928471,0.12914634,0.12905547,0.1290085,0.12900199,0.12903228,0.12909587,0.12918907,0.12930849
0.17589976,0.17605896,0.17619285,0.17629746,0.17636873,0.1764027,0.17639539,0.17634271,0.17624077,0.17608562,0.17587312,0.17559932,0.17526028,0.1748519,0.17437026,0.17381136,0.17317119,0.1725076,0.17187881,0.17128119,0.17071112,0.170165,0.16963927,0.16913034,0.16863456,0.16814838,0.16766822,0.16719043,0.16671145,0.16622768,0.1657355,0.16523136,0.16471164,0.16417275,0.16361102,0.16302298,0.16240498,0.16175342,0.16106465,0.16033515,0.15956134,0.15873955,0.15786625,0.15693778,0.15595062,0.15490112,0.15378566,0.15260074,0.15134266,0.1500888,0.1489162,0.14782092,0.1467989,0.14584613,0.14495866,0.14413248,0.14336358,0.14264798,0.14198169,0.14136069,0.14078099,0.14023858,0.13972948,0.1392497,0.13879524,0.13836208,0.13794626,0.13754374,0.13715056,0.13676272,0.13637619,0.135987,0.13559116,0.13518466,0.1347635,0.13432369,0.13386124,0.13337211,0.13285236,0.13229798,0.13170494,0.13112903,0.1306262,0.13019292,0.12982556,0.12952052,0.12927419,0.12908301,0.12894338,0.12885171,0.12880437,0.12879775,0.12882832,0.12889244,0.12898655,0.129107
0.17598091,0.17614067,0.17627501,0.17637993,0.17645149,0.17648558,0.17647822,0.17642541,0.17632312,0.1761674,0.17595416,0.17567948,0.1753392,0.17492948,0.17444621,0.17388538,0.17324303,0.17257722,0.17194644,0.17134695,0.1707752,0.17022756,0.1697004,0.16919014,0.16869314,0.16820577,0.16772448,0.16724555,0.16676544,0.16628048,0.16578709,0.16528164,0.16476054,0.16422015,0.16365683,0.163067,0.16244702,0.16179332,0.16110224,0.16037011,0.1595934,0.1587685,0.15789174,0.15695952,0.15596822,0.15491426,0.15379398,0.15260373,0.15134,0.15008037,0.14890231,0.1478018,0.1467748,0.14581728,0.1449253,0.14409484,0.14332183,0.1426023,0.14193225,0.14130762,0.14072447,0.14017874,0.13966641,0.13918352,0.13872603,0.1382899,0.13787116,0.1374658,0.1370698,0.13667914,0.13628982,0.1358978,0.13549912,0.13508977,0.13466568,0.13422287,0.13375734,0.1332651,0.13274208,0.1321843,0.13158779,0.1310085,0.13050276,0.13006696,0.12969744,0.1293906,0.12914285,0.12895058,0.12881012,0.12871788,0.12867028,0.12866364,0.12869442,0.12875888,0.12885351,0.12897466
0.1760228,0.17618284,0.17631744,0.17642258,0.17649421,0.17652838,0.17652102,0.1764681,0.17636567,0.17620961,0.17599602,0.17572083,0.17538,0.17496954,0.1744854,0.17392363,0.17328012,0.17261317,0.17198133,0.1713809,0.17080829,0.1702599,0.169732,0.16922104,0.1687234,0.16823548,0.16775352,0.16727401,0.16679329,0.16630773,0.16581374,0.16530761,0.16478579,0.16424464,0.1636805,0.16308977,0.16246873,0.1618139,0.16112159,0.16038819,0.15960999,0.15878344,0.15790491,0.15697075,0.15597735,0.15492104,0.15379825,0.15260534,0.15133864,0.15007605,0.14889513,0.1477919,0.14676234,0.14580241,0.14490812,0.14407538,0.14330028,0.14257874,0.14190671,0.14128023,0.14069529,0.14014784,0.13963388,0.13914934,0.13869028,0.13825262,0.1378324,0.13742557,0.13702808,0.13663599,0.13624524,0.1358518,0.13545163,0.13504076,0.13461518,0.13417085,0.13370372,0.13320982,0.13268515,0.13212563,0.13152729,0.13094628,0.13043901,0.13000187,0.12963128,0.12932354,0.12907505,0.12888214,0.12874132,0.12864885,0.12860106,0.1285944,0.12862524,0.12868991,0.12878487,0.12890635
0.17602864,0.17618872,0.17632337,0.17642851,0.17650014,0.17653435,0.17652695,0.17647403,0.17637156,0.1762155,0.17600188,0.1757266,0.17538568,0.17497511,0.17449087,0.17392893,0.1732853,0.17261821,0.17198618,0.17138566,0.17081292,0.17026438,0.16973639,0.16922536,0.16872762,0.1682396,0.16775756,0.16727799,0.16679719,0.16631155,0.16581745,0.16531123,0.16478932,0.16424805,0.16368379,0.16309291,0.16247177,0.16181679,0.16112429,0.16039068,0.15961228,0.15878552,0.15790674,0.15697232,0.1559786,0.15492198,0.15379885,0.15260555,0.15133844,0.15007544,0.14889415,0.14779054,0.14676063,0.14580037,0.14490569,0.14407268,0.14329726,0.14257544,0.14190315,0.14127645,0.14069124,0.14014356,0.13962932,0.13914458,0.1386853,0.13824743,0.13782701,0.13741995,0.13702229,0.13662995,0.136239,0.13584536,0.135445,0.13503395,0.13460815,0.13416359,0.13369627,0.13320215,0.1326772,0.13211747,0.13151886,0.1309376,0.13043012,0.12999284,0.12962209,0.12931421,0.1290656,0.12887266,0.12873174,0.12863919,0.1285914,0.12858477,0.1286156,0.12868033,0.12877528,0.12889685
0.1760016,0.17616147,0.17629595,0.176401,0.17647257,0.17650667,0.17649935,0.17644648,0.17634413,0.17618825,0.17597483,0.17569986,0.17535935,0.17494926,0.17446557,0.17390428,0.17326134,0.17259504,0.17196365,0.17136371,0.17079155,0.17024352,0.16971602,0.16920541,0.16870809,0.16822045,0.1677388,0.16725959,0.16677918,0.16629393,0.16580024,0.16529448,0.164773,0.16423224,0.16366848,0.16307823,0.16245772,0.16180347,0.16111179,0.16037902,0.1596016,0.15877588,0.1578982,0.15696506,0.15597273,0.1549176,0.15379608,0.15260452,0.15133934,0.15007827,0.14889877,0.14779688,0.14676866,0.14580996,0.1449168,0.14408524,0.1433112,0.14259067,0.14191963,0.14129412,0.14071006,0.14016348,0.13965034,0.13916665,0.13870837,0.13827151,0.13785201,0.13744593,0.1370492,0.13665782,0.1362678,0.13587509,0.13547568,0.13506557,0.13464072,0.13419716,0.13373089,0.13323782,0.13271397,0.13215534,0.13155791,0.13097778,0.13047129,0.13003482,0.12966476,0.1293575,0.12910938,0.12891679,0.12877616,0.12868382,0.12863609,0.12862946,0.12866025,0.12872483,0.12881961,0.12894097
0.17594485,0.17610435,0.17623848,0.17634328,0.1764147,0.17644875,0.1764414,0.17638868,0.17628656,0.17613107,0.17591815,0.17564382,0.17530411,0.17489499,0.17441243,0.17385246,0.1732111,0.17254631,0.1719164,0.17131771,0.17074671,0.17019977,0.16967328,0.16916357,0.16866712,0.1681803,0.16769946,0.16722105,0.16674142,0.16625701,0.16576418,0.1652593,0.1647388,0.16419908,0.16363648,0.16304745,0.16242833,0.16177557,0.16108553,0.16035458,0.15957916,0.15875566,0.15788041,0.15694985,0.1559604,0.15490842,0.15379028,0.15260239,0.15134117,0.15008415,0.14890851,0.14781028,0.1467855,0.14583014,0.14494015,0.14411159,0.14334038,0.14262262,0.14195421,0.14133123,0.14074956,0.14020532,0.13969447,0.13921292,0.13875677,0.138322,0.13790454,0.13750045,0.13710569,0.13671629,0.13632822,0.13593745,0.13554004,0.13513194,0.13470915,0.13426767,0.13380352,0.13331264,0.13279109,0.13223484,0.13163985,0.13106208,0.13055763,0.13012291,0.12975438,0.12944835,0.12920123,0.12900946,0.12886935,0.12877735,0.12872985,0.12872328,0.1287539,0.12881826,0.12891266,0.12903349
0.17586157,0.17602052,0.1761542,0.17625858,0.17632978,0.1763637,0.17635639,0.17630382,0.17620207,0.17604712,0.17583495,0.1755616,0.17522308,0.17481537,0.17433451,0.1737765,0.17313737,0.17247485,0.17184697,0.17125021,0.17068093,0.17013554,0.1696105,0.16910216,0.16860698,0.16812137,0.16764174,0.16716453,0.16668606,0.16620283,0.16571122,0.16520771,0.16468862,0.16415039,0.16358949,0.16300227,0.16238517,0.16173464,0.16104701,0.16031872,0.15954623,0.15872595,0.15785426,0.15692756,0.15594234,0.15489492,0.15378177,0.15259928,0.15134391,0.15009275,0.14892276,0.14782992,0.1468102,0.14585969,0.14497437,0.1441502,0.14338323,0.14266948,0.14200497,0.14138566,0.14080757,0.14026673,0.13975914,0.13928084,0.1388278,0.13839605,0.1379816,0.13758041,0.13718857,0.13680205,0.13641685,0.13602898,0.13563447,0.1352293,0.13480954,0.13437112,0.1339101,0.1334225,0.13290425,0.13235146,0.13176008,0.13118576,0.13068429,0.13025221,0.12988584,0.12958165,0.12933601,0.12914532,0.1290061,0.12891467,0.12886746,0.12886088,0.12889136,0.1289553,0.1290491,0.12916926
0.17575495,0.17591317,0.17604627,0.17615017,0.17622104,0.1762548,0.17624752,0.17619523,0.17609394,0.17593966,0.17572844,0.17545633,0.17511931,0.17471345,0.17423475,0.17367926,0.17304298,0.17238337,0.17175819,0.17116381,0.17059673,0.17005335,0.16953015,0.16902356,0.16853003,0.16804595,0.16756782,0.16709208,0.16661514,0.16613345,0.16564347,0.16514163,0.16462438,0.16408812,0.16352935,0.16294445,0.16232993,0.16168216,0.16099767,0.16027282,0.15950412,0.15868795,0.15782075,0.15689903,0.1559192,0.15487765,0.15377086,0.15259528,0.15134738,0.15010382,0.14894104,0.14785506,0.1468419,0.14589757,0.14501816,0.14419965,0.1434381,0.14272949,0.1420699,0.14145532,0.1408818,0.14034534,0.13984199,0.1393678,0.13891874,0.13849089,0.13808024,0.13768283,0.1372947,0.13691182,0.13653031,0.13614613,0.13575536,0.135354,0.13493803,0.13450356,0.13404657,0.13356307,0.13304915,0.13250077,0.13191399,0.13134408,0.1308465,0.13041772,0.13005418,0.1297523,0.12950855,0.12931935,0.12918118,0.12909043,0.12904358,0.12903705,0.12906732,0.12913075,0.12922388,0.12934308
