0.15638421,0.15614189,0.15593806,0.15577891,0.15567042,0.15561871,0.15562987,0.15570997,0.15586509,0.15610133,0.15642476,0.1568415,0.15735756,0.1579791,0.15871215,0.15956284,0.16053721,0.16167584,0.1630023,0.16449714,0.16614097,0.1679143,0.16979775,0.17177187,0.1738172,0.17591439,0.17804393,0.18018644,0.18232247,0.1844326,0.18649738,0.18849738,0.19041322,0.19222543,0.19391458,0.19546126,0.196846,0.19804938,0.19905199,0.19983445,0.20037721,0.20066097,0.2006662,0.2003735,0.19976343,0.19881663,0.19751357,0.1958349,0.19376116,0.19141951,0.18895414,0.1863712,0.18367673,0.18087678,0.1779775,0.17498492,0.17190513,0.16874428,0.16550833,0.16220348,0.15883577,0.15541127,0.15193607,0.14841624,0.1448579,0.14126712,0.13764998,0.13401255,0.13036095,0.12670122,0.12303946,0.119381756,0.115734175,0.112102844,0.108493805,0.10491319,0.10136698,0.09786137,0.09440239,0.09099614,0.0876487,0.084536694,0.081819765,0.07947849,0.07749341,0.075845115,0.074514166,0.073481165,0.072726645,0.07223116,0.07197536,0.07193974,0.072104886,0.072451375,0.07295979,0.073610686
0.15636857,0.15612411,0.15591854,0.155758,0.15564856,0.15559638,0.15560764,0.15568843,0.1558449,0.15608323,0.1564095,0.15682983,0.1573504,0.15797737,0.15871678,0.15957488,0.16055775,0.16170637,0.16304454,0.16455267,0.16621116,0.16800041,0.16990075,0.17189263,0.1739564,0.17607246,0.1782212,0.18038301,0.18253832,0.18466744,0.18675086,0.18876888,0.1907019,0.19253035,0.19423458,0.19579503,0.19719204,0.19840601,0.19941735,0.20020644,0.20075364,0.20103945,0.20104411,0.20074809,0.20013176,0.1991755,0.19785973,0.19616485,0.19407117,0.19170721,0.18921839,0.18661097,0.18389109,0.18106481,0.17813829,0.17511772,0.17200916,0.16881876,0.1655527,0.16221708,0.15881805,0.15536177,0.15185435,0.14830193,0.14471063,0.14108661,0.137436,0.13376492,0.13007954,0.12638596,0.12269034,0.11899883,0.11531752,0.11165258,0.10801017,0.104396366,0.10081734,0.09727923,0.09378817,0.09035029,0.08697172,0.083830774,0.08108857,0.07872551,0.076721966,0.07505835,0.07371502,0.072672404,0.07191086,0.0714108,0.07115258,0.07111664,0.07128333,0.07163305,0.072146185,0.07280315
0.15635538,0.15610918,0.15590212,0.15574037,0.15563014,0.1555776,0.15558894,0.15567033,0.15582797,0.15606798,0.1563966,0.15682001,0.15734437,0.15797587,0.15872069,0.159585,0.160575,0.161732,0.16308007,0.16459937,0.16627021,0.16807282,0.16998735,0.1719942,0.17407344,0.17620538,0.1783703,0.18054837,0.18271981,0.18486497,0.186964,0.18899715,0.19094466,0.19278675,0.19450372,0.19607571,0.19748305,0.19870591,0.19972458,0.20051931,0.2010703,0.20135775,0.20136192,0.2010631,0.20044148,0.19947731,0.19815084,0.1964423,0.19433191,0.19194911,0.18944062,0.18681265,0.18407133,0.18122296,0.1782735,0.17522937,0.17209658,0.16888139,0.16558999,0.16222854,0.15880316,0.15532017,0.15178564,0.14820577,0.14458677,0.14093478,0.13725603,0.13355665,0.12984285,0.12612084,0.12239675,0.1186768,0.11496712,0.11127393,0.107603416,0.103961736,0.10035509,0.09678964,0.0932716,0.08980711,0.08640237,0.08323709,0.08047363,0.07809224,0.076073185,0.07439666,0.07304295,0.071992226,0.071224794,0.07072085,0.07046064,0.07042443,0.070592396,0.07094482,0.071461946,0.07212398
0.15634513,0.15609752,0.15588929,0.15572664,0.15561578,0.15556295,0.15557434,0.15565619,0.15581469,0.15605608,0.15638657,0.15681234,0.15733966,0.15797469,0.15872374,0.15959291,0.1605885,0.16175203,0.16310781,0.16463587,0.16631633,0.16812938,0.17005505,0.1720735,0.17416486,0.17630923,0.17848675,0.18067749,0.18286163,0.18501925,0.1871305,0.18917544,0.19113424,0.19298705,0.1947139,0.19629498,0.1977104,0.19894022,0.1999646,0.20076369,0.20131758,0.20160633,0.20161018,0.20130917,0.20068343,0.19971304,0.19837822,0.19665904,0.19453557,0.19213805,0.18961422,0.18697016,0.18421216,0.18134646,0.17837915,0.17531656,0.17216489,0.16893034,0.16561913,0.16223745,0.15879159,0.15528767,0.15173194,0.14813066,0.14448999,0.1408162,0.13711543,0.13339396,0.12965801,0.12591375,0.12216742,0.118425235,0.11469344,0.11097815,0.10728572,0.10362224,0.09999404,0.09640724,0.09286811,0.08938285,0.08595767,0.08277336,0.079993315,0.07759763,0.07556644,0.07387983,0.07251799,0.071460955,0.0706889,0.07018192,0.06992017,0.06988372,0.0700527,0.070407264,0.07092748,0.0715935
0.1563381,0.15608957,0.15588051,0.15571727,0.15560599,0.15555295,0.1555644,0.15564653,0.15580565,0.15604798,0.15637971,0.15680714,0.15733644,0.15797393,0.1587258,0.1595983,0.16059768,0.16176572,0.1631267,0.16466074,0.16634777,0.1681679,0.17010117,0.17212754,0.17422716,0.17638,0.17856611,0.18076548,0.18295825,0.18512441,0.18724395,0.18929696,0.19126351,0.19312355,0.19485717,0.19644442,0.19786529,0.19909987,0.20012815,0.20093024,0.20148611,0.2017758,0.2017794,0.20147687,0.20084831,0.19987375,0.1985332,0.19680674,0.19467436,0.19226688,0.1897325,0.18707752,0.18430814,0.1814306,0.17845117,0.175376,0.17221145,0.16896369,0.16563898,0.16224356,0.15878363,0.15526551,0.15169534,0.14807945,0.14442408,0.14073536,0.13701963,0.13328311,0.12953201,0.1257726,0.122011125,0.1182538,0.11450687,0.11077658,0.10706919,0.10339088,0.099747956,0.09614661,0.09259311,0.08909369,0.08565459,0.08245731,0.07966596,0.07726052,0.075221054,0.0735276,0.0721602,0.07109889,0.07032367,0.06981466,0.06955182,0.06951523,0.0696849,0.070040874,0.07056322,0.07123196
0.15633474,0.15608574,0.15587637,0.15571278,0.15560132,0.15554819,0.15555966,0.15564196,0.15580136,0.15604407,0.15637645,0.15680464,0.15733491,0.15797356,0.15872678,0.15960087,0.16060208,0.16177224,0.16313574,0.16467261,0.16636276,0.1681863,0.17012314,0.17215331,0.17425688,0.17641371,0.17860392,0.18080746,0.18300429,0.18517452,0.18729804,0.1893549,0.1913251,0.19318861,0.19492546,0.19651563,0.19793916,0.199176,0.20020612,0.20100963,0.20156643,0.20185654,0.20186003,0.2015568,0.2009269,0.19995034,0.19860706,0.19687712,0.1947405,0.19232824,0.1897889,0.1871287,0.18435387,0.18147074,0.17848545,0.17540433,0.17223366,0.16897959,0.16564845,0.16224647,0.15877984,0.15525495,0.15167792,0.14805505,0.14439262,0.14069685,0.13697398,0.13323025,0.12947199,0.12570535,0.12193665,0.11817211,0.11441797,0.11068052,0.106965974,0.10328062,0.09963065,0.0960224,0.09246204,0.08895587,0.085510135,0.08230669,0.079509914,0.07709985,0.07505645,0.07335973,0.07198967,0.07092631,0.0701496,0.069639586,0.069376245,0.06933959,0.06950958,0.06986626,0.07038963,0.07105963
0.15633547,0.1560866,0.15587726,0.15571377,0.15560232,0.15554924,0.15556067,0.15564294,0.15580228,0.15604493,0.15637714,0.15680519,0.15733524,0.15797363,0.15872659,0.15960033,0.16060112,0.16177082,0.1631338,0.16467,0.16635953,0.16818231,0.17011839,0.17214777,0.17425047,0.17640644,0.17859575,0.1807984,0.18299437,0.18516369,0.18728638,0.18934238,0.1913118,0.19317457,0.19491073,0.19650027,0.19792321,0.19915955,0.20018932,0.2009925,0.2015491,0.20183913,0.20184262,0.20153955,0.20090994,0.1999338,0.19859113,0.19686192,0.19472626,0.19231501,0.18977672,0.18711764,0.18434401,0.18146205,0.17847806,0.17539823,0.17222883,0.16897617,0.1656464,0.16224582,0.1587807,0.15525721,0.15168169,0.14806032,0.14439939,0.14070515,0.13698384,0.13324165,0.12948492,0.12571985,0.12195271,0.11818972,0.11443715,0.11070124,0.10698823,0.103304386,0.09965596,0.0960492,0.092490315,0.08898561,0.085541286,0.082339175,0.07954358,0.0771345,0.07509194,0.07339594,0.07202645,0.07096352,0.070187144,0.06967736,0.06941413,0.06937745,0.06954739,0.06990394,0.07042706,0.0710968
0.15634064,0.15609246,0.15588371,0.15572068,0.15560955,0.1555566,0.155568,0.15565006,0.15580894,0.15605094,0.15638219,0.15680902,0.15733762,0.15797421,0.15872502,0.15959635,0.16059434,0.16176073,0.16311982,0.16465168,0.16633634,0.16815385,0.17008431,0.17210786,0.17420447,0.17635418,0.17853719,0.18073341,0.18292302,0.18508606,0.1872026,0.18925266,0.19121638,0.19307378,0.19480495,0.19638996,0.19780885,0.19904171,0.20006856,0.20086953,0.20142466,0.20171404,0.20171769,0.20141575,0.20078821,0.1998152,0.1984767,0.19675288,0.19462377,0.19221991,0.18968937,0.18703838,0.18427317,0.18139991,0.17842488,0.17535433,0.1721945,0.16895154,0.16563176,0.16224132,0.15878654,0.15527357,0.1517087,0.14809811,0.14444809,0.1407648,0.13705455,0.13332352,0.12957793,0.12582408,0.12206811,0.11831629,0.11457487,0.110850066,0.107148096,0.10347522,0.09983765,0.09624162,0.09269336,0.08919907,0.08576506,0.08257251,0.07978529,0.07738339,0.07534694,0.073655985,0.07229059,0.07123086,0.070456795,0.06994852,0.069686085,0.06964953,0.06981896,0.070174426,0.07069599,0.07136373
0.15635069,0.15610383,0.15589623,0.15573406,0.15562357,0.1555709,0.15558226,0.15566383,0.15582187,0.15606251,0.15639201,0.1568165,0.15734221,0.15797535,0.15872207,0.15958863,0.1605812,0.1617412,0.16309279,0.1646161,0.16629137,0.16809873,0.17001842,0.17203054,0.17411539,0.176253,0.17842367,0.18060759,0.18278486,0.18493573,0.18704036,0.18907891,0.19103159,0.1928786,0.1946001,0.19617628,0.19758728,0.19881338,0.19983469,0.20063138,0.20118369,0.20147176,0.20147577,0.20117594,0.20055243,0.19958545,0.19825514,0.19654168,0.1944253,0.19203576,0.18952022,0.18688487,0.18413593,0.18127955,0.17832199,0.17526935,0.17212792,0.16890384,0.16560334,0.16223261,0.15879786,0.15530528,0.15176101,0.14817134,0.14454238,0.14088038,0.13719155,0.13348205,0.12975807,0.12602589,0.12229157,0.11856143,0.11484159,0.1111383,0.1074577,0.10380605,0.10018951,0.09661427,0.09308656,0.08961254,0.086198434,0.08302443,0.08025336,0.07786542,0.075840786,0.07415965,0.072802186,0.071748585,0.07097903,0.07047369,0.07021278,0.07017644,0.07034488,0.07069829,0.071216844,0.071880706
0.15636596,0.15612118,0.15591529,0.15575448,0.15564488,0.15559265,0.1556039,0.15568484,0.15584153,0.15608017,0.15640692,0.15682787,0.15734918,0.15797706,0.15871757,0.15957688,0.16056119,0.16171147,0.16305162,0.16456199,0.16622292,0.16801478,0.16991797,0.1719128,0.17397967,0.17609893,0.17825088,0.18041591,0.18257444,0.18470676,0.18679327,0.1888143,0.19075021,0.19258136,0.19428816,0.19585088,0.19724995,0.19846569,0.19947849,0.2002687,0.20081668,0.20110276,0.20110737,0.20081078,0.20019339,0.19923557,0.19791767,0.19622006,0.19412306,0.19175534,0.18926263,0.18665114,0.18392694,0.18109629,0.1781652,0.1751399,0.17202653,0.16883123,0.16556011,0.16221936,0.1588151,0.1553535,0.15184067,0.14828278,0.14468598,0.14105637,0.13740018,0.13372347,0.13003244,0.1263332,0.122631915,0.11893476,0.11524779,0.11157722,0.10792923,0.10430987,0.10072535,0.0971818,0.09368536,0.090242185,0.08685842,0.08371263,0.08096619,0.07859949,0.07659286,0.07492667,0.07358129,0.072537035,0.071774326,0.0712735,0.07101488,0.07097887,0.07114582,0.071496084,0.07201002,0.07266798
0.15638684,0.15614486,0.15594135,0.1557824,0.15567409,0.15562244,0.15563358,0.15571356,0.15586844,0.15610437,0.15642732,0.15684345,0.1573588,0.1579794,0.15871137,0.15956083,0.16053379,0.16167074,0.16299522,0.16448785,0.16612923,0.16789988,0.1697805,0.17175165,0.17379391,0.17588793,0.1780143,0.18015356,0.18228634,0.1843933,0.18645495,0.18845199,0.19036493,0.19217442,0.19386102,0.19540538,0.19678809,0.19798972,0.19899085,0.19977218,0.20031421,0.20059761,0.20060293,0.20031081,0.1997018,0.19875656,0.19745563,0.1957797,0.19370925,0.19137137,0.18890993,0.18633106,0.18364087,0.18084532,0.17795059,0.17496268,0.17188776,0.1687318,0.16550094,0.16220123,0.15883875,0.15541956,0.15194973,0.14843538,0.14488257,0.14129736,0.1376858,0.134054,0.13040803,0.12675397,0.12309787,0.119445816,0.115803905,0.11217821,0.10857475,0.10499966,0.101458974,0.09795881,0.0945052,0.09110424,0.087762,0.084654845,0.08194213,0.0796045,0.0776225,0.07597678,0.07464791,0.07361653,0.07286316,0.072368465,0.07211305,0.07207749,0.07224239,0.07258835,0.07309596,0.07374584
0.15641376,0.15617542,0.15597497,0.15581837,0.1557117,0.15566084,0.1556718,0.15575057,0.15590316,0.1561355,0.15645365,0.15686353,0.15737107,0.15798242,0.15870343,0.1595401,0.16049847,0.16161826,0.1629226,0.16439237,0.16600846,0.16775185,0.16960335,0.17154397,0.17355458,0.17561609,0.17770943,0.17981549,0.18191516,0.18398942,0.18601911,0.18798521,0.18986854,0.1916501,0.19331072,0.19483142,0.19619301,0.19737643,0.1983626,0.19913243,0.19966686,0.19994676,0.19995305,0.19966662,0.19906846,0.19813941,0.19686039,0.19521233,0.19317612,0.19087666,0.18845555,0.18591873,0.18327224,0.18052204,0.17767407,0.17473438,0.17170894,0.16860367,0.16542466,0.16217783,0.15886913,0.15550464,0.15209027,0.14863202,0.14513585,0.14160782,0.1380538,0.13447985,0.13089196,0.12729609,0.12369822,0.12010432,0.116520435,0.11295248,0.10940646,0.105888344,0.10240419,0.09895988,0.09556147,0.092214905,0.088926174,0.085868806,0.08319956,0.08089936,0.07894912,0.077329755,0.07602218,0.0750073,0.074266024,0.07377926,0.073527925,0.07349294,0.07365519,0.07399561,0.074495085,0.075134575
0.15644707,0.15621324,0.1560166,0.15586299,0.15575826,0.15570836,0.15571915,0.15579644,0.15594612,0.15617411,0.15648626,0.15688837,0.15738636,0.15798616,0.15869357,0.15951447,0.16045474,0.1615533,0.16283265,0.1642741,0.16585892,0.16756846,0.169384,0.17128679,0.17325822,0.17527948,0.17733192,0.17939682,0.1814555,0.18348928,0.18547933,0.18740709,0.18925378,0.19100073,0.19262923,0.19412056,0.19545601,0.19661692,0.19758454,0.19834016,0.19886512,0.19914073,0.19914818,0.1988689,0.19828407,0.19737509,0.1961232,0.19450969,0.19251586,0.190264,0.18789278,0.18540806,0.18281572,0.18012162,0.17733163,0.17445165,0.17148747,0.16844507,0.16533023,0.16214888,0.15890686,0.15561007,0.1522643,0.14887549,0.14544953,0.14199227,0.13850954,0.13500728,0.13149127,0.12796746,0.124441706,0.120919846,0.11740778,0.11391136,0.11043649,0.106988996,0.10357477,0.10019967,0.096869595,0.093590386,0.090367936,0.087372206,0.084756784,0.08250297,0.080592066,0.07900536,0.07772415,0.076729715,0.07600338,0.07552644,0.075280175,0.07524588,0.07540486,0.07573843,0.076227844,0.07685442
0.15648724,0.15625885,0.1560667,0.15591666,0.1558144,0.15576565,0.15577614,0.15585166,0.1559979,0.15622061,0.15652548,0.15691829,0.15740478,0.15799066,0.15868169,0.15948358,0.16040207,0.16147502,0.16272429,0.16413166,0.16567886,0.16734762,0.16911979,0.1709771,0.17290124,0.17487408,0.17687726,0.17889263,0.18090193,0.18288687,0.18482926,0.18671086,0.18851343,0.19021875,0.19180846,0.19326448,0.19456846,0.19570222,0.19664747,0.19738603,0.19789961,0.19816998,0.19817893,0.19790815,0.19733948,0.19645464,0.19523539,0.19366346,0.1917207,0.18952619,0.18721507,0.18479308,0.18226594,0.1796394,0.17691922,0.17411108,0.1712208,0.168254,0.16521649,0.162114,0.15895224,0.15573695,0.15247388,0.14916876,0.14582732,0.14245532,0.1390584,0.13564244,0.13221307,0.12877607,0.1253371,0.121902004,0.11847644,0.1150662,0.11167697,0.10831449,0.10498453,0.10169278,0.098445006,0.09524693,0.092104286,0.08918281,0.08663219,0.08443423,0.08257068,0.0810233,0.07977385,0.07880405,0.07809573,0.0776306,0.077390425,0.07735701,0.077512026,0.07783734,0.07831461,0.07892566
0.15653458,0.15631256,0.1561258,0.15597995,0.15588056,0.15583317,0.15584339,0.15591678,0.15605892,0.15627542,0.15657176,0.15695359,0.15742646,0.15799597,0.15866765,0.15944715,0.16033995,0.16138272,0.16259651,0.16396365,0.16546643,0.1670872,0.1688082,0.17061178,0.17248024,0.17439587,0.17634101,0.17829795,0.18024898,0.1821764,0.18406256,0.18588972,0.18764022,0.18929635,0.19084042,0.19225475,0.19352162,0.19462335,0.19554226,0.19626066,0.1967608,0.19702505,0.19703567,0.196775,0.19622532,0.19536898,0.19418822,0.19266543,0.19078285,0.18865594,0.1864157,0.18406771,0.18161748,0.17907068,0.1764328,0.17370944,0.1709062,0.16802864,0.16508235,0.16207284,0.15900576,0.15588668,0.15272108,0.14951463,0.14627288,0.1430014,0.13970578,0.13639155,0.13306433,0.12972969,0.12639317,0.12306039,0.119736895,0.11642824,0.11314005,0.10987785,0.10664726,0.10345381,0.100303106,0.09720072,0.09415221,0.09131829,0.08884413,0.086712055,0.08490435,0.08340335,0.08219134,0.08125063,0.080563545,0.080112346,0.07987937,0.07984693,0.07999733,0.08031288,0.080775864,0.08136858
0.15658955,0.15637493,0.15619442,0.15605342,0.15595733,0.15591152,0.15592144,0.15599236,0.15612973,0.156339,0.15662545,0.15699455,0.15745167,0.15800215,0.15865141,0.15940487,0.16026787,0.1612756,0.16244823,0.16376872,0.16521998,0.16678494,0.16844662,0.17018786,0.17199166,0.17384098,0.17571872,0.17760783,0.17949128,0.18135193,0.18317282,0.18493685,0.18662694,0.18822603,0.18971711,0.19108307,0.19230686,0.19337143,0.19425976,0.19495472,0.19543928,0.19569641,0.19570902,0.19546004,0.19493246,0.19410914,0.19297309,0.19150724,0.18969452,0.18764609,0.18548812,0.18322596,0.180865,0.1784107,0.17586836,0.17324337,0.17054117,0.16776715,0.16492666,0.16202511,0.15906788,0.15606035,0.15300794,0.14991601,0.14678997,0.14363517,0.14045702,0.13726091,0.13405223,0.13083634,0.1276187,0.1244046,0.12119955,0.11800884,0.114837855,0.11169204,0.10857675,0.1054974,0.10245934,0.09946798,0.09652872,0.09379641,0.091410965,0.08935533,0.08761244,0.08616528,0.0849967,0.08408973,0.08342728,0.082992256,0.082767665,0.08273638,0.082881376,0.083185606,0.08363197,0.08420347
0.1566525,0.15644637,0.15627299,0.15613759,0.15604527,0.1560013,0.15601079,0.15607893,0.1562109,0.15641186,0.156687,0.15704149,0.15748051,0.15800922,0.15863281,0.15935645,0.16018532,0.16115291,0.16227838,0.16354541,0.16493765,0.16643876,0.16803244,0.16970232,0.1714321,0.17320542,0.17500597,0.17681739,0.1786234,0.18040761,0.18215372,0.18384539,0.18546627,0.18700007,0.18843041,0.18974099,0.19091545,0.19193748,0.19279075,0.1934589,0.19392563,0.1941746,0.19418946,0.19395389,0.19345155,0.19266613,0.19158128,0.19018066,0.18844794,0.1864894,0.18442564,0.18226181,0.1800031,0.17765471,0.17522179,0.17270952,0.17012309,0.16746762,0.16474837,0.16197044,0.15913904,0.15625933,0.15333652,0.15037574,0.14738218,0.14436105,0.14131746,0.13825664,0.13518374,0.13210392,0.12902239,0.12594432,0.122874886,0.11981924,0.11678255,0.11377003,0.11078683,0.10783813,0.104929104,0.10206494,0.099250786,0.09663487,0.09435104,0.092382975,0.09071434,0.08932879,0.08821003,0.08734167,0.086707436,0.086290956,0.08607591,0.086045966,0.0861848,0.08647606,0.08690342,0.087450564
0.15671146,0.1565148,0.1563494,0.15622023,0.15613215,0.15609019,0.15609924,0.15616424,0.15629016,0.15648188,0.15674438,0.15708256,0.15750138,0.1580058,0.15860072,0.15929106,0.16008185,0.16100474,0.16207787,0.16328573,0.16461268,0.16604324,0.16756189,0.16915303,0.17080122,0.1724908,0.17420629,0.17593214,0.17765284,0.17935279,0.1810165,0.18262836,0.18417291,0.18563461,0.18699782,0.18824708,0.18936682,0.19034152,0.19115563,0.19179359,0.19223993,0.192479,0.19249536,0.19227336,0.19179755,0.1910524,0.19002225,0.18869166,0.18704514,0.18518353,0.18322155,0.18116413,0.17901616,0.17678265,0.17446849,0.17207861,0.16961798,0.16709152,0.16450416,0.16186087,0.15916653,0.15642615,0.15364462,0.15082683,0.14797783,0.14510252,0.14220572,0.13929255,0.13636781,0.13343649,0.13050357,0.1275739,0.12465247,0.12174421,0.11885404,0.115986906,0.11314779,0.11034155,0.10757318,0.10484758,0.102169715,0.099680535,0.097507365,0.09563466,0.094046876,0.09272846,0.09166389,0.09083761,0.09023411,0.08983779,0.08963319,0.08960468,0.08973678,0.090013936,0.09042059,0.09094122
0.15675521,0.15656883,0.15641207,0.15628965,0.15620619,0.15616645,0.15617499,0.15623662,0.15635593,0.15653767,0.1567864,0.15710692,0.15750387,0.15798187,0.1585457,0.15919995,0.1599494,0.160824,0.16184086,0.16298525,0.16424254,0.16559792,0.16703667,0.16854416,0.17010559,0.17170624,0.17333145,0.17496648,0.17659663,0.1782071,0.17978324,0.18131033,0.18277366,0.18415846,0.18545003,0.18663375,0.18769473,0.18861839,0.18938994,0.18999474,0.19041799,0.19064498,0.19066101,0.19045137,0.19000135,0.1892962,0.18832123,0.1870617,0.18550295,0.18374045,0.18188289,0.17993481,0.177901,0.17578608,0.17359468,0.1713316,0.16900145,0.16660886,0.1641586,0.1616553,0.15910369,0.15650837,0.15387402,0.15120542,0.1485072,0.14578398,0.1430405,0.14028142,0.13751143,0.1347352,0.13195738,0.12918273,0.12641585,0.12366146,0.1209242,0.1182088,0.11551991,0.112862185,0.11024038,0.10765911,0.10512306,0.10276572,0.10070765,0.09893414,0.097430445,0.09618187,0.09517369,0.094391175,0.09381965,0.09344433,0.09325053,0.09322354,0.09334865,0.093611136,0.09399626,0.094489306
0.15678534,0.15660998,0.15646246,0.15634726,0.15626878,0.15623136,0.1562394,0.15629739,0.15640965,0.15658066,0.1568147,0.1571163,0.15748984,0.15793961,0.15847014,0.15908577,0.15979096,0.16061398,0.1615711,0.16264835,0.16383192,0.1651079,0.1664625,0.1678818,0.16935195,0.17085904,0.17238927,0.17392875,0.17546359,0.17697993,0.17846394,0.17990173,0.18127942,0.18258315,0.18379907,0.18491332,0.18591198,0.18678127,0.18750723,0.18807605,0.18847387,0.1886868,0.18870097,0.18850252,0.18807761,0.18741232,0.18649285,0.18530527,0.18383574,0.1821744,0.18042356,0.17858757,0.17667085,0.17467782,0.17261292,0.17048047,0.16828494,0.16603068,0.16372214,0.1613637,0.15895976,0.15651473,0.15403302,0.15151902,0.14897712,0.14641175,0.14382726,0.14122817,0.13861875,0.13600352,0.13338673,0.13077295,0.12816647,0.12557176,0.12299319,0.12043514,0.11790207,0.115398325,0.11292834,0.110496536,0.10810727,0.105886355,0.10394738,0.10227649,0.100859806,0.09968348,0.09873364,0.09799643,0.097457945,0.09710437,0.0969218,0.09689637,0.097014226,0.09726152,0.09762434,0.09808887
0.15680349,0.15663972,0.15650202,0.15639445,0.15632117,0.15628622,0.15629376,0.15634787,0.1564527,0.15661232,0.15683085,0.15711243,0.15746114,0.15788107,0.15837641,0.15895116,0.15960951,0.16037813,0.16127233,0.1622791,0.16338547,0.1645784,0.16584495,0.16717212,0.16854694,0.16995636,0.17138742,0.1728272,0.17426261,0.17568071,0.17706847,0.17841296,0.1797012,0.18092008,0.18205674,0.18309817,0.18403131,0.18484323,0.18552096,0.18605141,0.18642175,0.18661882,0.18662971,0.1864415,0.18604106,0.18541548,0.1845518,0.18343697,0.18205802,0.18049951,0.17885743,0.1771359,0.175339,0.17347085,0.17153555,0.16953725,0.16748007,0.16536799,0.16320527,0.16099595,0.15874416,0.15645403,0.1541296,0.15177503,0.14939448,0.14699194,0.14457165,0.14213762,0.139694,0.13724492,0.13479446,0.13234673,0.1299059,0.12747598,0.12506112,0.12266548,0.1202931,0.11794814,0.1156347,0.113356866,0.11111878,0.10903832,0.10722198,0.10565674,0.10432968,0.10322776,0.10233797,0.10164737,0.10114295,0.10081173,0.1006407,0.10061687,0.10072729,0.10095895,0.101298824,0.10173397
0.15681104,0.15665954,0.1565321,0.15643255,0.1563647,0.1563324,0.15633933,0.15638945,0.15648647,0.15663415,0.15683645,0.15709706,0.15741973,0.15780841,0.15826684,0.15879877,0.15940808,0.1601198,0.1609484,0.16188177,0.16290784,0.16401453,0.16518971,0.16642134,0.16769728,0.16900542,0.17033376,0.1716702,0.17300251,0.1743188,0.1756068,0.17685457,0.17804986,0.17918074,0.18023503,0.18120065,0.18206552,0.18281756,0.1834446,0.18393467,0.18427564,0.18445536,0.1844618,0.18428287,0.18390642,0.18332045,0.1825128,0.18147139,0.18018416,0.17873001,0.17719853,0.17559351,0.17391872,0.17217803,0.17037515,0.16851398,0.16659826,0.16463181,0.16261847,0.16056201,0.15846623,0.15633498,0.15417194,0.15198112,0.1497661,0.14753084,0.1452791,0.14301467,0.14074135,0.138463,0.13618332,0.13390622,0.13163544,0.12937482,0.12712814,0.12489921,0.122691855,0.12050984,0.118357,0.116237134,0.11415403,0.11221755,0.11052691,0.10906998,0.10783476,0.106809065,0.10598087,0.10533807,0.10486855,0.10456025,0.104401045,0.1043789,0.10448165,0.104697265,0.10501364,0.10541868
0.1568098,0.15667091,0.15655413,0.15646294,0.15640076,0.1563711,0.15637751,0.1564234,0.1565123,0.15664771,0.15683305,0.15707183,0.1573676,0.15772374,0.15814383,0.1586313,0.15918967,0.15984233,0.16060305,0.16146058,0.16240378,0.16342145,0.16450243,0.16563556,0.16680966,0.16801354,0.16923605,0.17046602,0.17169227,0.17290361,0.17408885,0.17523688,0.17633651,0.17737652,0.1783458,0.17923313,0.18002732,0.18071724,0.18129171,0.1817396,0.18204965,0.18221073,0.18221167,0.18204129,0.18168843,0.1811419,0.18039054,0.17942312,0.17822857,0.17688005,0.17546071,0.17397395,0.17242327,0.17081214,0.16914411,0.16742261,0.16565116,0.16383319,0.16197224,0.1600718,0.15813531,0.1561663,0.15416823,0.1521446,0.1500989,0.14803459,0.14595518,0.14386415,0.14176497,0.13966115,0.13755617,0.13545352,0.13335669,0.13126916,0.1291944,0.1271359,0.12509716,0.123081684,0.12109287,0.11913434,0.11720947,0.11541995,0.11385758,0.112511255,0.11136976,0.11042191,0.10965659,0.10906255,0.10862866,0.10834375,0.10819665,0.108176164,0.10827113,0.10847038,0.108762756,0.109137036
0.15680118,0.15667535,0.15656959,0.15648696,0.15643062,0.15640375,0.15640956,0.15645114,0.15653168,0.15665431,0.15682225,0.15703855,0.1573065,0.15762919,0.15800977,0.15845138,0.15895724,0.15954915,0.16024007,0.16101973,0.16187789,0.16280429,0.16378877,0.164821,0.16589078,0.16698791,0.16810203,0.16922304,0.17034063,0.17144452,0.17252457,0.17357048,0.17457196,0.17551892,0.17640097,0.17720792,0.17792954,0.17855558,0.17907582,0.17948002,0.17975791,0.17989929,0.17989388,0.17973143,0.17940179,0.17889456,0.17819968,0.1773068,0.17620571,0.17496394,0.17365792,0.17229085,0.17086591,0.1693862,0.16785492,0.1662752,0.16465022,0.16298313,0.16127706,0.15953523,0.15776077,0.1559568,0.15412655,0.15227315,0.15039967,0.14850943,0.14660543,0.14469096,0.14276908,0.14084299,0.13891585,0.13699088,0.13507113,0.13315976,0.13126001,0.12937498,0.12750788,0.1256618,0.123839945,0.12204548,0.12028154,0.11864143,0.117209524,0.1159756,0.11492942,0.11406073,0.11335927,0.11281485,0.112417206,0.11215608,0.112021245,0.11200247,0.112089515,0.112272136,0.11254007,0.11288312
0.15678681,0.15667434,0.15657978,0.15650594,0.15645559,0.1564316,0.1564368,0.15647396,0.1565459,0.15665555,0.15680562,0.15699898,0.15723847,0.15752684,0.15786698,0.15826172,0.15871383,0.1592436,0.15986325,0.16056342,0.16133486,0.16216828,0.16305436,0.16398382,0.1649474,0.16593571,0.16693954,0.16794959,0.16895646,0.16995104,0.17092389,0.1718657,0.17276728,0.17361932,0.17441241,0.17513742,0.17578493,0.1763457,0.17681041,0.17716977,0.17741448,0.17753531,0.17752285,0.17736793,0.17706114,0.17659326,0.17595494,0.17513695,0.17412995,0.1729957,0.17180407,0.17055786,0.1692599,0.16791303,0.16652003,0.16508375,0.16360702,0.16209263,0.16054346,0.1589623,0.15735191,0.15571524,0.15405503,0.15237412,0.1506753,0.14896147,0.14723538,0.14549989,0.14375779,0.14201199,0.14026517,0.1385203,0.1367801,0.13504742,0.13332511,0.13161598,0.12992284,0.1282485,0.12659582,0.124967575,0.12336664,0.1218779,0.12057814,0.11945809,0.118508436,0.117719896,0.11708321,0.116589,0.11622805,0.11599104,0.11586864,0.1158516,0.11593062,0.11609637,0.11633962,0.116650976
0.15676823,0.15666941,0.15658623,0.15652134,0.15647708,0.15645595,0.15646052,0.15649319,0.15655644,0.15665285,0.15678477,0.15695477,0.15716532,0.15741888,0.1577179,0.15806492,0.1584624,0.15892906,0.15947632,0.16009589,0.16077937,0.16151851,0.1623049,0.16313021,0.1639861,0.16486426,0.1657563,0.1666539,0.16754873,0.16843243,0.16929665,0.17013308,0.1709334,0.17168918,0.17239216,0.17303397,0.17360626,0.17410074,0.17450897,0.17482267,0.17503351,0.17513314,0.17511319,0.17496537,0.17468129,0.17425261,0.17367104,0.17292817,0.17201574,0.17098962,0.1699131,0.16878852,0.16761851,0.16640545,0.1651519,0.16386026,0.16253306,0.16117279,0.15978187,0.15836282,0.15691817,0.15545034,0.15396182,0.15245509,0.15093267,0.14939699,0.14785056,0.1462959,0.1447354,0.14317161,0.14160699,0.140044,0.13848518,0.13693298,0.13538985,0.13385835,0.13234088,0.13083994,0.12935805,0.12789765,0.12646125,0.12512526,0.1239589,0.12295375,0.122101545,0.121393934,0.12082255,0.12037906,0.120055154,0.11984247,0.119732656,0.11971733,0.11978824,0.11993698,0.12015527,0.12043469
0.15674706,0.15666194,0.15659036,0.15653443,0.1564963,0.15647815,0.15648204,0.1565102,0.1565647,0.15664767,0.1567613,0.15690771,0.157089,0.15730733,0.15756486,0.15786372,0.15820599,0.15860888,0.1590831,0.15962131,0.16021611,0.16086018,0.16154599,0.16226628,0.16301365,0.16378073,0.1645601,0.16534439,0.16612619,0.16689816,0.16765292,0.16838306,0.16908121,0.16974,0.17035203,0.17090993,0.1714063,0.17183378,0.172185,0.17245254,0.17262901,0.1727071,0.17267932,0.17253843,0.17227691,0.17188741,0.17136265,0.17069516,0.16987751,0.16895998,0.16799892,0.16699654,0.16595504,0.16487654,0.16376302,0.16261677,0.16143987,0.16023451,0.15900283,0.15774685,0.15646881,0.15517084,0.15385504,0.15252358,0.15117858,0.1498222,0.14845654,0.14708376,0.145706,0.1443254,0.14294405,0.14156419,0.14018784,0.13881719,0.1374544,0.13610156,0.13476083,0.13343437,0.13212427,0.13083273,0.12956181,0.12837948,0.1273472,0.12645768,0.12570347,0.12507725,0.12457155,0.12417907,0.1238924,0.12370417,0.12360697,0.123593435,0.123656176,0.12378781,0.123980984,0.12422829
0.15672483,0.15665345,0.15659347,0.15654662,0.15651463,0.15649943,0.15650272,0.15652633,0.15657197,0.15664154,0.15673678,0.15685949,0.15701142,0.15719442,0.15741022,0.1576607,0.15794758,0.15828644,0.15868738,0.15914397,0.15964974,0.16019836,0.16078334,0.16139826,0.16203678,0.16269237,0.1633587,0.1640293,0.16469774,0.16535765,0.16600254,0.16662604,0.16722174,0.16778316,0.16830398,0.16877764,0.16919784,0.16955814,0.16985203,0.1700732,0.17021513,0.1702715,0.17023583,0.17010172,0.16986272,0.16951245,0.16904444,0.16845232,0.16772966,0.16692075,0.16607545,0.16519551,0.1642827,0.16333888,0.16236581,0.16136524,0.16033903,0.15928891,0.15821673,0.15712425,0.15601322,0.15488553,0.15374286,0.15258706,0.15141995,0.15024327,0.14905885,0.14786841,0.14667383,0.14547686,0.1442793,0.14308289,0.14188947,0.14070089,0.13951883,0.13834514,0.1371816,0.13602999,0.1348921,0.13376977,0.13266471,0.13163637,0.13073857,0.12996489,0.12930891,0.12876421,0.1283244,0.12798306,0.12773372,0.12756999,0.12748547,0.1274737,0.12752827,0.12764277,0.12781078,0.12802584
0.1567031,0.15664554,0.15659706,0.15655923,0.15653345,0.15652119,0.15652382,0.15654285,0.15657975,0.15663588,0.15671276,0.15681179,0.15693446,0.15708217,0.1572564,0.1574586,0.15769017,0.15796517,0.15829289,0.15866798,0.15908493,0.15953825,0.16002256,0.16053231,0.16106209,0.16160646,0.1621599,0.16271698,0.16327225,0.16382024,0.16435547,0.16487254,0.16536589,0.16583017,0.16625984,0.16664949,0.16699363,0.16728683,0.16752356,0.16769844,0.16780597,0.1678407,0.16779715,0.16766989,0.16745345,0.16714235,0.16673116,0.16621439,0.1655866,0.16488631,0.1641566,0.16339897,0.16261481,0.16180559,0.16097274,0.16011775,0.159242,0.15834701,0.15743417,0.15650493,0.15556078,0.15460308,0.15363339,0.15265307,0.15166357,0.1506664,0.14966294,0.14865468,0.14764303,0.14662948,0.14561541,0.14460231,0.14359164,0.14258485,0.14158331,0.14058852,0.13960193,0.13862501,0.13765913,0.13670579,0.13576646,0.13489191,0.13412836,0.13347043,0.13291256,0.13244937,0.13207534,0.13178505,0.131573,0.13143377,0.13136187,0.13135187,0.13139828,0.13149564,0.13163851,0.13182144
0.1566835,0.15663953,0.15660259,0.15657371,0.15655401,0.15654467,0.15654668,0.15656121,0.15658933,0.1566322,0.15669088,0.15676643,0.15686005,0.15697277,0.15710573,0.15726002,0.15743676,0.15764834,0.15790346,0.15819766,0.15852636,0.15888506,0.1592693,0.1596746,0.16009635,0.16053016,0.16097148,0.16141579,0.16185857,0.16229537,0.16272166,0.16313294,0.1635247,0.16389243,0.16423163,0.1645378,0.16480647,0.16503306,0.16521312,0.16534214,0.16541557,0.16542897,0.16537783,0.16525759,0.16506378,0.16479191,0.16443747,0.16399592,0.1634628,0.1628708,0.16225636,0.1616206,0.16096461,0.16028948,0.1595963,0.15888624,0.15816039,0.15741979,0.15666558,0.15589888,0.15512075,0.15433235,0.15353474,0.15272906,0.15191638,0.15109777,0.15027447,0.14944744,0.14861783,0.14778677,0.14695533,0.14612462,0.14529577,0.14446984,0.14364797,0.14283124,0.14202075,0.14121765,0.14042296,0.13963787,0.13886344,0.138142,0.13751215,0.1369694,0.13650921,0.13612711,0.13581856,0.1355791,0.13540418,0.13528931,0.13522999,0.13522175,0.13526002,0.13534033,0.1354582,0.1356091
0.15666755,0.15663707,0.15661141,0.15659134,0.1565777,0.15657121,0.1565726,0.15658268,0.15660222,0.15663195,0.15667266,0.15672512,0.15679008,0.15686834,0.15696062,0.15706769,0.15719035,0.15733941,0.15752286,0.1577371,0.15797864,0.15824386,0.15852927,0.15883122,0.15914625,0.15947075,0.15980117,0.16013397,0.16046557,0.16079246,0.16111104,0.16141774,0.16170906,0.1619814,0.16223124,0.16245496,0.16264908,0.16280998,0.16293418,0.16301806,0.16305809,0.16305068,0.16299231,0.16287944,0.16270845,0.16247584,0.16217804,0.16181149,0.16137265,0.16088839,0.16038857,0.15987398,0.15934531,0.15880339,0.15824898,0.15768279,0.15710565,0.15651828,0.15592147,0.15531595,0.15470257,0.15408203,0.15345512,0.15282255,0.15218516,0.15154369,0.15089889,0.15025151,0.14960241,0.14895225,0.14830182,0.14765193,0.14700331,0.14635672,0.14571294,0.14507271,0.14443688,0.14380608,0.14318122,0.14256297,0.14195211,0.14138256,0.14088532,0.14045683,0.14009352,0.13979185,0.13954826,0.13935919,0.13922113,0.13913044,0.13908362,0.1390771,0.13910732,0.13917074,0.1392638,0.13938291
0.15665685,0.15663953,0.15662493,0.15661354,0.15660578,0.15660211,0.15660289,0.15660861,0.15661973,0.15663663,0.15665974,0.15668955,0.15672646,0.15677093,0.15682337,0.15688424,0.15695393,0.15704174,0.15715486,0.15729067,0.1574465,0.15761986,0.15780804,0.15800847,0.15821846,0.15843543,0.1586568,0.15887988,0.15910213,0.15932088,0.15953349,0.15973738,0.15992992,0.1601085,0.1602705,0.1604133,0.16053428,0.16063078,0.16070026,0.16074005,0.16074754,0.16072011,0.16065514,0.16055006,0.16040216,0.16020888,0.1599676,0.1596757,0.15933052,0.15895332,0.15856723,0.15817276,0.15777026,0.15736027,0.15694313,0.15651938,0.15608935,0.1556535,0.15521228,0.15476617,0.15431556,0.15386088,0.15340257,0.15294108,0.15247679,0.15201022,0.15154175,0.15107185,0.15060091,0.15012941,0.14965776,0.14918637,0.1487157,0.14824624,0.14777836,0.1473125,0.14684911,0.14638864,0.14593147,0.14547811,0.14502892,0.1446095,0.1442433,0.14392778,0.1436602,0.14343807,0.14325866,0.14311947,0.14301777,0.142951,0.1429165,0.1429117,0.14293396,0.14298066,0.14304918,0.14313692
0.15665293,0.15664841,0.15664461,0.15664165,0.15663964,0.15663865,0.15663888,0.15664035,0.15664329,0.15664765,0.1566537,0.1566615,0.1566711,0.15668273,0.15669642,0.15671232,0.1567305,0.15675865,0.15680319,0.15686244,0.15693466,0.1570182,0.15711135,0.1572124,0.1573197,0.15743147,0.15754613,0.15766187,0.15777706,0.15789,0.157999,0.1581023,0.15819827,0.15828522,0.15836142,0.15842517,0.15847479,0.1585086,0.15852487,0.15852192,0.15849811,0.15845163,0.15838088,0.1582841,0.15815966,0.15800579,0.15782082,0.15760311,0.1573509,0.15707971,0.15680622,0.1565305,0.15625271,0.15597296,0.15569134,0.155408,0.15512301,0.15483649,0.15454862,0.15425943,0.15396906,0.15367764,0.15338528,0.15309207,0.15279815,0.15250364,0.15220863,0.15191324,0.15161754,0.15132175,0.15102589,0.1507301,0.15043455,0.15013924,0.1498444,0.14955005,0.14925638,0.14896342,0.14867137,0.1483803,0.1480903,0.14781873,0.1475816,0.14737727,0.14720401,0.14706017,0.14694402,0.14685388,0.14678805,0.14674477,0.14672247,0.14671935,0.14673376,0.146764,0.14680837,0.14686519
0.15665743,0.15666527,0.15667185,0.15667701,0.15668052,0.15668218,0.1566818,0.15667924,0.1566742,0.15666658,0.15665612,0.15664265,0.15662593,0.15660585,0.1565821,0.15655458,0.15652308,0.15649356,0.15647168,0.15645668,0.15644771,0.15644401,0.15644482,0.15644929,0.15645663,0.15646611,0.1564769,0.15648824,0.1564993,0.1565093,0.15651745,0.15652299,0.15652508,0.15652296,0.15651584,0.15650295,0.15648344,0.15645656,0.15642156,0.15637754,0.15632378,0.15625952,0.1561839,0.15609622,0.15599559,0.15588129,0.15575245,0.15560839,0.15544821,0.15528184,0.15511943,0.1549609,0.1548059,0.15465435,0.15450601,0.15436071,0.15421817,0.15407827,0.15394084,0.15380563,0.15367244,0.15354107,0.15341137,0.1532831,0.15315607,0.15303011,0.152905,0.15278056,0.15265653,0.1525328,0.15240914,0.15228531,0.15216115,0.15203653,0.15191114,0.15178485,0.15165745,0.15152873,0.15139845,0.15126652,0.15113269,0.1510061,0.15089561,0.15080042,0.15071967,0.15065265,0.15059851,0.1505565,0.15052581,0.15050565,0.15049525,0.15049379,0.15050052,0.15051462,0.1505353,0.15056176
0.15667187,0.15669154,0.1567081,0.156721,0.15672985,0.15673405,0.15673314,0.15672658,0.15671402,0.15669483,0.15666857,0.15663472,0.15659283,0.15654235,0.15648282,0.15641375,0.15633464,0.15624985,0.15616411,0.15607762,0.15599038,0.15590249,0.15581407,0.15572521,0.15563603,0.15554655,0.15545696,0.1553673,0.15527764,0.15518813,0.15509884,0.15500984,0.15492128,0.15483323,0.15474574,0.15465899,0.15457296,0.15448788,0.15440373,0.15432066,0.15423878,0.15415812,0.15407884,0.15400101,0.15392469,0.15385005,0.15377712,0.15370601,0.15363683,0.15357383,0.15352087,0.15347746,0.1534431,0.15341732,0.15339957,0.15338942,0.15338637,0.1533899,0.15339951,0.15341474,0.153435,0.15345997,0.15348901,0.15352167,0.15355743,0.15359586,0.15363644,0.15367863,0.153722,0.15376607,0.15381022,0.1538541,0.15389714,0.15393884,0.15397874,0.15401635,0.15405115,0.15408269,0.15411042,0.15413384,0.15415251,0.15416762,0.15418082,0.15419222,0.15420185,0.15420987,0.15421632,0.15422137,0.15422502,0.15422744,0.15422867,0.15422888,0.15422805,0.15422636,0.1542239,0.15422073
0.15669781,0.15672873,0.1567547,0.15677501,0.15678884,0.15679544,0.156794,0.1567838,0.15676402,0.1567339,0.15669264,0.15663952,0.15657368,0.15649444,0.15640095,0.15629245,0.1561682,0.15603083,0.1558843,0.15572946,0.15556726,0.15539876,0.15522479,0.1550464,0.15486449,0.15468003,0.154494,0.15430732,0.15412094,0.1539359,0.15375303,0.15357338,0.15339781,0.15322739,0.15306298,0.1529056,0.15275617,0.15261562,0.15248498,0.15236513,0.1522571,0.15216178,0.15208013,0.15201312,0.15196173,0.15192688,0.15190955,0.15191065,0.15193121,0.1519699,0.1520244,0.15209389,0.15217757,0.15227474,0.15238456,0.15250629,0.1526391,0.1527823,0.15293506,0.15309662,0.15326618,0.15344296,0.15362625,0.15381522,0.15400909,0.15420711,0.15440848,0.15461244,0.15481816,0.15502498,0.15523206,0.15543859,0.15564388,0.15584706,0.15604737,0.15624407,0.15643641,0.15662356,0.15680479,0.15697923,0.15714622,0.15729916,0.15743269,0.15754777,0.15764531,0.1577263,0.15779173,0.1578425,0.15787958,0.15790394,0.15791649,0.15791826,0.15791012,0.1578931,0.15786812,0.15783614
0.15673685,0.15677829,0.15681316,0.15684038,0.15685892,0.15686776,0.15686585,0.15685216,0.15682563,0.15678523,0.15672992,0.15665868,0.15657042,0.15646417,0.15633881,0.15619335,0.15602675,0.15583996,0.15563591,0.15541637,0.1551831,0.15493794,0.15468262,0.15441898,0.15414876,0.15387382,0.15359585,0.15331669,0.15303816,0.152762,0.15249,0.15222396,0.15196568,0.15171692,0.15147948,0.15125519,0.15104574,0.15085302,0.15067878,0.1505248,0.15039286,0.15028477,0.1502023,0.15014721,0.15012138,0.1501265,0.15016443,0.15023692,0.15034574,0.15048426,0.15064396,0.15082373,0.1510226,0.1512395,0.1514734,0.15172322,0.15198798,0.1522666,0.15255803,0.15286128,0.15317523,0.15349893,0.1538313,0.15417129,0.15451786,0.15486999,0.15522662,0.1555867,0.15594926,0.15631314,0.15667745,0.15704098,0.1574028,0.15776187,0.15811712,0.15846752,0.15881202,0.15914957,0.15947917,0.15979974,0.16011025,0.1603966,0.16064663,0.16086204,0.16104475,0.16119641,0.16131888,0.16141395,0.16148335,0.16152897,0.16155252,0.1615558,0.1615406,0.16150871,0.16146195,0.16140203
0.15679058,0.15684175,0.15688483,0.15691845,0.15694138,0.1569523,0.15694992,0.15693302,0.15690024,0.15685034,0.15678202,0.156694,0.15658496,0.15645365,0.15629879,0.15611911,0.15591328,0.15568055,0.1554228,0.15514264,0.15484254,0.15452527,0.15419325,0.15384915,0.15349558,0.15313508,0.15277024,0.15240376,0.15203807,0.15167582,0.15131965,0.15097213,0.15063582,0.1503133,0.15000719,0.1497201,0.14945456,0.14921324,0.14899865,0.14881346,0.14866017,0.14854144,0.14845982,0.14841795,0.14841834,0.14846365,0.14855643,0.14869931,0.14889486,0.14913109,0.14939345,0.14968067,0.14999145,0.15032452,0.15067853,0.15105227,0.15144448,0.15185374,0.15227889,0.15271862,0.15317158,0.15363659,0.15411228,0.15459739,0.15509066,0.15559076,0.15609644,0.15660639,0.15711936,0.15763406,0.15814915,0.1586634,0.15917552,0.15968418,0.16018817,0.16068614,0.1611768,0.16165896,0.16213119,0.16259234,0.16304104,0.1634559,0.16381809,0.16413024,0.16439489,0.16461462,0.16479205,0.16492973,0.16503038,0.16509639,0.16513048,0.16513526,0.16511323,0.16506706,0.16499925,0.16491246
0.15686053,0.15692061,0.15697114,0.1570106,0.15703751,0.15705033,0.15704757,0.15702769,0.15698925,0.15693066,0.15685047,0.15674713,0.15661918,0.15646507,0.1562833,0.15607241,0.1558308,0.15555602,0.15524876,0.15491241,0.15455031,0.1541658,0.15376227,0.15334308,0.15291156,0.15247111,0.15202503,0.1515767,0.15112953,0.15068683,0.15025194,0.14982826,0.14941914,0.14902794,0.14865798,0.14831266,0.14799537,0.14770937,0.14745809,0.14724489,0.14707308,0.14694607,0.1468672,0.14683984,0.14686732,0.14695302,0.1471003,0.14731249,0.14759299,0.1479246,0.14828686,0.14867829,0.14909737,0.14954257,0.15001246,0.15050544,0.15102005,0.1515548,0.15210812,0.15267853,0.15326457,0.15386464,0.1544773,0.15510102,0.15573429,0.1563756,0.15702344,0.15767634,0.15833277,0.15899116,0.15965007,0.16030799,0.16096339,0.16161473,0.16226059,0.16289939,0.16352963,0.16414985,0.16475847,0.16535404,0.16593502,0.16647299,0.16694258,0.16734728,0.16769043,0.1679753,0.16820543,0.16838396,0.16851439,0.16860002,0.16864423,0.1686504,0.16862185,0.16856198,0.16847408,0.16836157
0.15694827,0.1570163,0.15707351,0.15711822,0.1571487,0.15716322,0.15716007,0.15713757,0.15709405,0.1570277,0.15693688,0.1568199,0.15667501,0.15650052,0.1562947,0.15605585,0.15578231,0.1554697,0.15511756,0.15472995,0.15431099,0.1538648,0.15339538,0.15290694,0.15240346,0.15188909,0.15136792,0.15084401,0.15032142,0.14980434,0.1492968,0.14880286,0.14832665,0.14787227,0.14744379,0.1470453,0.14668088,0.14635462,0.14607061,0.14583299,0.1456458,0.14551309,0.145439,0.14542764,0.1454831,0.14560941,0.14581068,0.14609103,0.14645456,0.14687894,0.14733806,0.1478302,0.14835364,0.14890668,0.14948761,0.15009476,0.15072636,0.15138078,0.15205622,0.15275101,0.15346348,0.15419188,0.15493451,0.15568966,0.15645562,0.15723072,0.15801321,0.1588014,0.15959357,0.16038798,0.161183,0.16197686,0.1627679,0.16355439,0.16433455,0.16510682,0.1658694,0.16662055,0.1673586,0.1680819,0.16878867,0.16944367,0.17001551,0.17050831,0.17092612,0.17127304,0.17155316,0.17177059,0.17192937,0.17203367,0.17208754,0.17209503,0.17206025,0.17198734,0.17188032,0.17174329
0.15705541,0.15713036,0.15719344,0.15724266,0.1572762,0.1572922,0.15728877,0.15726398,0.157216,0.15714294,0.15704288,0.15691398,0.15675433,0.15656209,0.15633534,0.15607221,0.15577082,0.15542498,0.15503293,0.15459944,0.15412933,0.15362734,0.15309824,0.15254687,0.15197796,0.15139629,0.15080668,0.15021388,0.14962265,0.14903784,0.14846414,0.14790638,0.14736934,0.14685778,0.14637652,0.1459303,0.14552389,0.14516212,0.14484975,0.14459155,0.14439224,0.14425673,0.14418967,0.14419597,0.14428031,0.14444749,0.14470232,0.14504956,0.14549397,0.14600836,0.14656097,0.14715,0.14777349,0.14842962,0.14911647,0.1498322,0.1505749,0.15134265,0.15213366,0.15294597,0.15377772,0.15462707,0.15549204,0.15637083,0.15726158,0.15816233,0.15907124,0.15998642,0.16090597,0.16182807,0.16275078,0.16367222,0.16459055,0.16550386,0.16641024,0.16730787,0.16819483,0.16906925,0.16992922,0.1707729,0.17159837,0.17236395,0.17303231,0.1736083,0.17409666,0.17450215,0.17482954,0.1750837,0.1752693,0.17539115,0.17545414,0.1754629,0.17542222,0.17533703,0.17521194,0.17505181
0.15718351,0.15726429,0.15733221,0.15738524,0.15742142,0.15743865,0.15743496,0.15740825,0.15735653,0.1572778,0.15717,0.15703109,0.1568591,0.15665193,0.1564076,0.15612406,0.1557993,0.15542519,0.15499869,0.1545251,0.15400994,0.15345857,0.15287648,0.15226907,0.15164177,0.15099996,0.15034916,0.1496947,0.14904206,0.14839664,0.14776391,0.14714926,0.1465581,0.1459959,0.14546806,0.14498003,0.14453723,0.14414504,0.14380893,0.14353432,0.14332666,0.14319131,0.14313379,0.1431594,0.14327371,0.14348204,0.14378986,0.14420259,0.14472565,0.14532697,0.14596955,0.14665128,0.14737023,0.1481243,0.14891152,0.14972979,0.15057717,0.15145153,0.15235092,0.15327331,0.15421663,0.15517887,0.15615803,0.15715206,0.15815893,0.15917659,0.16020304,0.16123627,0.16227423,0.16331486,0.16435622,0.16539618,0.1664328,0.16746397,0.16848773,0.16950203,0.17050482,0.17149413,0.17246787,0.17342404,0.1743606,0.1752297,0.17598851,0.17664234,0.17719676,0.1776571,0.17802876,0.17831728,0.17852806,0.17866637,0.17873786,0.17874777,0.17870165,0.17860489,0.1784629,0.17828111
0.15733413,0.1574195,0.15749131,0.15754741,0.15758564,0.15760386,0.1575999,0.15757169,0.15751702,0.1574338,0.15731983,0.15717301,0.15699117,0.15677215,0.15651384,0.1562141,0.15587078,0.15547381,0.15501857,0.15451115,0.15395752,0.15336373,0.15273575,0.1520797,0.15140152,0.15070727,0.15000302,0.14929475,0.14858846,0.14789021,0.14720602,0.14654192,0.14590393,0.14529805,0.14473039,0.1442069,0.14373359,0.14331654,0.14296171,0.14267522,0.14246303,0.1423312,0.14228572,0.14233264,0.14247797,0.14272778,0.14308801,0.14356475,0.14416403,0.14484906,0.14557767,0.14634775,0.1471571,0.14800364,0.14888515,0.14979957,0.15074468,0.15171838,0.15271854,0.153743,0.15478958,0.15585618,0.15694062,0.15804079,0.15915456,0.16027972,0.16141424,0.16255584,0.16370247,0.16485193,0.16600212,0.16715087,0.16829607,0.16943556,0.17056717,0.1716888,0.17279825,0.17389342,0.17497218,0.17603232,0.17707178,0.17803688,0.17887945,0.17960553,0.18022116,0.18073232,0.18114507,0.18146542,0.18169942,0.18185307,0.18193242,0.18194349,0.18189226,0.1817848,0.18162712,0.18142526
0.15750882,0.15759754,0.15767217,0.15773046,0.15777017,0.15778913,0.15778503,0.15775569,0.15769888,0.15761241,0.15749398,0.1573414,0.15715244,0.15692489,0.15665646,0.15634498,0.15598823,0.15557411,0.15509644,0.15456182,0.15397677,0.1533479,0.15268174,0.15198493,0.15126403,0.15052557,0.14977613,0.14902236,0.14827077,0.14752793,0.14680041,0.14609484,0.14541775,0.14477572,0.14417534,0.14362317,0.14312577,0.14268976,0.14232166,0.14202806,0.14181557,0.14169073,0.14166012,0.14173031,0.14190789,0.14219944,0.14261149,0.14315064,0.1438235,0.14458877,0.14539933,0.14625297,0.14714739,0.14808047,0.14904992,0.15005353,0.15108906,0.15215428,0.15324695,0.15436493,0.1555059,0.15666762,0.15784794,0.1590446,0.16025534,0.16147797,0.16271025,0.16394997,0.16519487,0.16644275,0.16769136,0.16893849,0.17018193,0.17141941,0.17264873,0.17386764,0.17507394,0.17626537,0.17743976,0.17859483,0.17972836,0.18078136,0.18170066,0.1824929,0.18316455,0.18372229,0.18417263,0.1845222,0.18477748,0.18494512,0.18503167,0.18504372,0.18498787,0.1848706,0.18469858,0.18447836
0.15770917,0.1577999,0.15787618,0.15793575,0.15797636,0.15799573,0.15799154,0.15796158,0.15790349,0.15781507,0.15769401,0.15753804,0.15734486,0.15711221,0.1568378,0.1565194,0.15615468,0.15572953,0.15523602,0.15468127,0.15407228,0.15341622,0.15272006,0.15199094,0.1512359,0.15046194,0.14967628,0.14888586,0.14809781,0.14731917,0.14655705,0.1458185,0.14511056,0.14444032,0.14381486,0.14324126,0.14272653,0.14227787,0.14190218,0.14160664,0.14139828,0.14128417,0.14127138,0.141367,0.14157811,0.14191173,0.14237496,0.14297485,0.14371851,0.1445603,0.14544839,0.14638048,0.14735436,0.14836769,0.1494182,0.15050367,0.15162176,0.15277016,0.15394671,0.15514904,0.15637492,0.15762202,0.15888809,0.16017091,0.16146813,0.16277747,0.16409668,0.16542351,0.16675563,0.16809082,0.16942674,0.17076117,0.17209177,0.17341629,0.17473248,0.17603804,0.17733072,0.17860818,0.17986822,0.18110849,0.18232676,0.18345904,0.18444759,0.18529941,0.18602169,0.18662141,0.18710567,0.18748151,0.18775606,0.18793632,0.1880294,0.18804237,0.18798229,0.1878562,0.1876712,0.18743439
0.1579368,0.158028,0.15810478,0.15816472,0.15820555,0.15822501,0.1582208,0.15819067,0.15813224,0.1580433,0.15792152,0.15776463,0.1575703,0.15733628,0.15706025,0.15673995,0.15637308,0.15594338,0.15544106,0.15487373,0.15424883,0.15357389,0.15285641,0.15210384,0.15132383,0.15052374,0.14971113,0.14889355,0.14807847,0.1472734,0.14648582,0.14572327,0.14499328,0.14430332,0.1436609,0.14307353,0.14254873,0.14209399,0.1417168,0.14142473,0.14122526,0.14112586,0.14113407,0.14125742,0.14150333,0.14187941,0.14239313,0.14305197,0.14386347,0.14477783,0.14573878,0.14674401,0.14779127,0.14887819,0.15000252,0.151162,0.1523543,0.15357716,0.15482822,0.15610527,0.15740599,0.1587281,0.16006927,0.16142724,0.16279975,0.16418447,0.1655791,0.16698137,0.16838895,0.16979964,0.17121106,0.17262098,0.17402706,0.17542703,0.17681861,0.17819951,0.1795674,0.18092005,0.18225513,0.18357036,0.18486345,0.18606585,0.18711562,0.18802027,0.18878727,0.18942414,0.18993838,0.19033754,0.19062907,0.19082052,0.19091934,0.19093312,0.19086929,0.19073543,0.19053897,0.19028746
0.1581932,0.15828344,0.15835935,0.15841864,0.15845907,0.1584783,0.15847415,0.1584443,0.15838654,0.15829855,0.15817809,0.1580229,0.1578307,0.15759921,0.15732619,0.15700936,0.15664649,0.15621905,0.15571544,0.15514347,0.15451103,0.15382603,0.15309638,0.15232992,0.15153451,0.15071812,0.14988856,0.1490538,0.1482216,0.14739993,0.14659666,0.14581971,0.14507689,0.14437614,0.1437253,0.14313228,0.14260504,0.1421513,0.1417791,0.14149621,0.14131062,0.14123017,0.14126268,0.1414161,0.14169835,0.14211725,0.14268069,0.14339659,0.14427279,0.1452556,0.14628446,0.14735715,0.14847136,0.14962482,0.15081532,0.15204056,0.15329824,0.15458617,0.15590203,0.15724355,0.1586085,0.1599946,0.16139956,0.16282116,0.1642571,0.16570513,0.16716295,0.16862833,0.17009903,0.17157272,0.17304718,0.1745201,0.1759893,0.17745246,0.17890726,0.1803515,0.18178292,0.18319923,0.18459815,0.18597743,0.18733482,0.18859771,0.18970029,0.19065045,0.191456,0.1921249,0.19266503,0.19308424,0.19339041,0.1935915,0.1936953,0.19370976,0.19364275,0.19350213,0.1932958,0.19303165
0.15848002,0.15856764,0.15864134,0.15869892,0.15873817,0.15875687,0.15875284,0.15872385,0.15866776,0.15858231,0.15846533,0.1583146,0.15812793,0.15790313,0.15763797,0.15733027,0.15697786,0.15655996,0.15606281,0.15549463,0.15486358,0.15417784,0.15344566,0.15267523,0.15187474,0.15105236,0.15021631,0.14937486,0.14853607,0.14770824,0.14689954,0.14611818,0.14537235,0.14467023,0.14402004,0.14342995,0.14290823,0.142463,0.14210251,0.14183491,0.14166845,0.14161132,0.1416717,0.14185779,0.14217778,0.1426399,0.14325233,0.14402327,0.14496091,0.14600773,0.1470993,0.14823344,0.14940791,0.15062049,0.15186901,0.15315132,0.15446515,0.15580828,0.1571786,0.15857384,0.1599918,0.16143028,0.16288713,0.1643601,0.16584702,0.16734567,0.16885385,0.17036936,0.17189002,0.1734136,0.17493793,0.17646076,0.17797996,0.17949326,0.18099852,0.1824935,0.18397602,0.18544385,0.18689482,0.18832675,0.18973736,0.19105051,0.19219698,0.19318496,0.19402261,0.19471814,0.19527973,0.19571567,0.19603407,0.1962431,0.19635107,0.1963661,0.19629641,0.19615021,0.19593567,0.195661
0.15879872,0.15888207,0.15895218,0.15900694,0.15904424,0.15906203,0.1590582,0.15903065,0.15897729,0.15889603,0.15878478,0.15864143,0.15846393,0.15825012,0.157998,0.15770537,0.15737022,0.15696946,0.15648705,0.15593146,0.15531111,0.15463446,0.15390994,0.153146,0.15235111,0.15153368,0.1507022,0.14986508,0.14903076,0.1482077,0.14740436,0.14662915,0.14589058,0.14519703,0.14455697,0.14397885,0.1434711,0.14304219,0.14270055,0.14245464,0.14231287,0.14228372,0.14237563,0.14259705,0.1429564,0.14346217,0.14412275,0.14494663,0.14594224,0.1470485,0.1481973,0.1493866,0.1506142,0.1518781,0.15317616,0.15450634,0.15586649,0.15725453,0.15866841,0.16010599,0.1615652,0.16304392,0.16454008,0.1660516,0.16757636,0.1691123,0.17065729,0.17220926,0.1737661,0.17532575,0.1768861,0.17844504,0.18000048,0.18155037,0.18309256,0.18462501,0.18614559,0.18765223,0.18914281,0.19061528,0.19206749,0.19342023,0.19460122,0.19561896,0.19648182,0.19719832,0.19777682,0.19822587,0.19855385,0.19876923,0.19888042,0.1988959,0.19882412,0.1986735,0.1984525,0.19816956
0.15912986,0.15920746,0.15927275,0.15932374,0.1593585,0.15937506,0.15937147,0.15934582,0.15929613,0.15922047,0.15911685,0.15898335,0.15881799,0.15861894,0.15838411,0.1581116,0.15779948,0.1574224,0.1569621,0.15642715,0.15582621,0.15516785,0.1544607,0.1537134,0.1529345,0.15213263,0.15131639,0.15049447,0.14967538,0.14886777,0.14808026,0.14732143,0.14659998,0.1459244,0.14530335,0.14474545,0.1442593,0.1438535,0.14353675,0.14331749,0.1432045,0.1432063,0.14333153,0.14358874,0.14398658,0.14453374,0.1452387,0.14611016,0.1471567,0.1483141,0.14951111,0.15074584,0.15201628,0.1533205,0.15465653,0.15602249,0.15741633,0.15883616,0.16028002,0.161746,0.16323209,0.16473638,0.16625689,0.16779172,0.1693389,0.17089644,0.17246243,0.17403494,0.17561197,0.1771916,0.17877191,0.18035087,0.18192664,0.18349716,0.18506058,0.18661486,0.18815814,0.18968838,0.19120371,0.19270217,0.19418178,0.19556087,0.19676492,0.19780248,0.1986822,0.19941267,0.20000249,0.20046031,0.20079467,0.20101424,0.2011276,0.20114341,0.20107019,0.20091665,0.20069133,0.2004029
0.15945294,0.15952374,0.15958333,0.15962987,0.15966155,0.15967664,0.1596734,0.15965,0.15960465,0.15953563,0.15944108,0.15931931,0.15916851,0.15898684,0.15877259,0.15852398,0.15823923,0.15789092,0.1574587,0.1569512,0.15637717,0.15574522,0.15506406,0.15434241,0.1535889,0.15281223,0.1520211,0.15122421,0.15043019,0.14964774,0.14888552,0.14815226,0.14745669,0.14680736,0.14621307,0.14568244,0.14522415,0.14484689,0.14455941,0.1443703,0.1442883,0.14432207,0.14448027,0.14477162,0.14520483,0.14578849,0.14653136,0.14744212,0.14852941,0.14972655,0.15095986,0.15222754,0.1535278,0.15485889,0.156219,0.1576064,0.15901928,0.16045581,0.16191432,0.16339298,0.16488999,0.1664036,0.16793203,0.16947348,0.17102623,0.17258842,0.17415835,0.17573419,0.17731419,0.17889652,0.18047948,0.18206125,0.18364006,0.18521413,0.1867817,0.18834093,0.1898901,0.1914274,0.19295107,0.19445936,0.19595048,0.19734119,0.1985554,0.19960171,0.20048884,0.20122546,0.20182024,0.20228189,0.20261908,0.20284048,0.2029548,0.20297076,0.20289694,0.20274208,0.20251487,0.20222397
0.15976846,0.15983145,0.15988444,0.1599258,0.15995403,0.15996748,0.15996455,0.15994374,0.15990344,0.159842,0.15975793,0.1596496,0.15951547,0.15935388,0.15916336,0.15894222,0.15868893,0.15837426,0.15797581,0.15750222,0.15696222,0.15636437,0.15571745,0.15503003,0.1543109,0.15356863,0.15281186,0.15204935,0.15128973,0.1505417,0.14981383,0.14911489,0.14845352,0.14783837,0.14727812,0.14678143,0.14635697,0.1460134,0.1457594,0.14560361,0.14555477,0.14562148,0.14581245,0.14613633,0.14660174,0.14721742,0.14799206,0.14893422,0.15005262,0.15127863,0.15253684,0.15382561,0.15514335,0.15648851,0.1578595,0.15925471,0.16067265,0.16211163,0.16357009,0.1650465,0.16653927,0.1680468,0.16956745,0.17109978,0.17264208,0.1741928,0.17575042,0.17731327,0.1788798,0.18044849,0.18201767,0.18358581,0.18515131,0.18671255,0.18826802,0.18981615,0.19135529,0.1928839,0.19440037,0.19590314,0.19739063,0.1987789,0.19999097,0.20103547,0.20192103,0.20265634,0.20325008,0.20371093,0.20404756,0.20426857,0.20438267,0.20439857,0.20432489,0.20417032,0.2039435,0.20365313
0.1600768,0.16013096,0.16017655,0.16021213,0.16023639,0.16024797,0.16024548,0.16022757,0.16019288,0.16014005,0.16006772,0.15997455,0.15985915,0.15972012,0.15955622,0.15936595,0.15914808,0.15887162,0.15851235,0.15807879,0.15757956,0.15702316,0.1564182,0.15577327,0.1550969,0.1543977,0.1536842,0.15296498,0.15224864,0.15154369,0.15085879,0.15020242,0.14958319,0.14900964,0.14849043,0.14803399,0.147649,0.147344,0.14712752,0.14700818,0.14699456,0.14709514,0.14731859,0.14767341,0.1481682,0.14881156,0.14961201,0.1505781,0.1517185,0.15296312,0.1542354,0.15553401,0.1568575,0.15820466,0.15957397,0.16096418,0.1623739,0.16380168,0.16524631,0.16670632,0.1681804,0.1696672,0.17116532,0.17267342,0.17419016,0.17571408,0.17724395,0.17877834,0.18031594,0.1818553,0.18339515,0.18493408,0.18647078,0.1880038,0.18953183,0.1910535,0.19256754,0.19407244,0.19556694,0.19704962,0.19851917,0.19989173,0.20109001,0.20212263,0.20299813,0.20372511,0.20431213,0.20476773,0.20510055,0.20531905,0.20543188,0.20544755,0.20537475,0.2052219,0.20499769,0.2047106
0.16037828,0.16042277,0.16046016,0.16048938,0.16050927,0.16051878,0.16051672,0.16050203,0.16047354,0.16043018,0.16037086,0.16029438,0.16019967,0.16008557,0.15995109,0.15979497,0.15961617,0.15938228,0.15906726,0.15867952,0.15822743,0.1577194,0.15716377,0.15656903,0.15594351,0.15529558,0.15463366,0.15396619,0.15330145,0.15264799,0.15201403,0.15140809,0.15083846,0.15031366,0.14984198,0.14943187,0.14909165,0.1488298,0.14865464,0.14857464,0.14859812,0.14873348,0.14898917,0.14937352,0.14989492,0.15056184,0.15138263,0.1523656,0.15351927,0.15477276,0.156049,0.15734679,0.158665,0.16000262,0.16135845,0.16273142,0.16412038,0.1655242,0.1669418,0.16837206,0.16981389,0.1712661,0.17272761,0.17419733,0.1756741,0.17715684,0.17864442,0.18013568,0.18162955,0.18312499,0.18462071,0.18611574,0.18760888,0.18909904,0.19058514,0.19206601,0.19354057,0.19500765,0.19646622,0.19791505,0.19935316,0.20069735,0.2018709,0.20288219,0.20373958,0.20445156,0.20502643,0.20547263,0.20579857,0.20601255,0.20612304,0.2061384,0.20606712,0.20591743,0.20569782,0.20541668
0.16067338,0.16070724,0.16073574,0.16075803,0.1607732,0.16078041,0.16077884,0.16076764,0.16074596,0.16071293,0.1606677,0.16060945,0.16053729,0.16045037,0.16034788,0.16022892,0.1600927,0.15990543,0.15963954,0.15930302,0.15890412,0.15845093,0.15795161,0.15741432,0.15684713,0.15625826,0.15565582,0.15504794,0.15444279,0.15384848,0.1532732,0.152725,0.15221213,0.15174267,0.15132475,0.15096657,0.15067618,0.15046182,0.15033159,0.15029359,0.15035602,0.15052702,0.15081468,0.1512272,0.15177271,0.15245928,0.15329516,0.15428838,0.15544717,0.15670039,0.15797092,0.15925783,0.1605604,0.16187766,0.16320883,0.16455308,0.16590948,0.16727723,0.16865547,0.17004341,0.17144005,0.17284468,0.17425638,0.17567432,0.17709768,0.17852554,0.17995706,0.18139149,0.18282783,0.18426533,0.18570314,0.18714038,0.18857616,0.19000974,0.19144014,0.1928666,0.19428824,0.19570418,0.19711363,0.19851568,0.19990952,0.2012135,0.20235193,0.20333293,0.20416473,0.20485537,0.20541306,0.20584588,0.20616205,0.20636964,0.20647684,0.20649177,0.20642257,0.20627736,0.20606433,0.20579161
0.16096242,0.16098489,0.16100384,0.16101861,0.16102867,0.16103347,0.16103241,0.161025,0.16101061,0.16098867,0.16095866,0.16091996,0.16087212,0.16081443,0.16074644,0.16066748,0.16057709,0.16044037,0.16022801,0.15994789,0.15960781,0.1592156,0.15877908,0.15830606,0.15780437,0.15728182,0.15674618,0.15620542,0.15566722,0.15513945,0.15462993,0.15414646,0.1536969,0.15328905,0.15293074,0.15262975,0.15239397,0.15223113,0.15214913,0.15215577,0.15225887,0.15246622,0.15278569,0.15322506,0.1537922,0.15449485,0.15534092,0.15633814,0.15749443,0.15873873,0.15999453,0.16126122,0.16253826,0.1638251,0.16512114,0.16642582,0.16773865,0.16905896,0.17038624,0.17171992,0.17305946,0.17440425,0.17575371,0.17710736,0.17846455,0.17982472,0.18118739,0.18255197,0.18391778,0.18528439,0.1866512,0.18801762,0.18938312,0.19074705,0.19210897,0.19346826,0.1948243,0.19617662,0.19752458,0.1988677,0.20020533,0.2014579,0.20255151,0.2034939,0.20429286,0.20495632,0.20549202,0.20590782,0.20621157,0.20641099,0.20651393,0.20652826,0.20646179,0.20632236,0.20611769,0.20585573
0.16124585,0.16125616,0.16126485,0.16127166,0.16127627,0.16127846,0.16127802,0.16127458,0.16126795,0.16125792,0.16124412,0.16122638,0.16120438,0.1611779,0.16114667,0.16111042,0.1610689,0.16098624,0.16083173,0.16061278,0.16033679,0.16001128,0.15964362,0.15924127,0.15881166,0.1583622,0.15790038,0.15743358,0.15696926,0.15651491,0.15607785,0.15566558,0.15528552,0.15494512,0.1546518,0.15441303,0.15423621,0.15412879,0.15409817,0.15415183,0.15429714,0.15454166,0.1548927,0.15535775,0.15594424,0.15665957,0.15751125,0.15850665,0.15965323,0.16088058,0.16211325,0.16335088,0.1645933,0.1658402,0.16709128,0.1683464,0.16960523,0.1708675,0.17213295,0.17340136,0.17467247,0.17594598,0.17722166,0.17849919,0.17977841,0.181059,0.1823407,0.1836233,0.18490645,0.18619,0.18747362,0.18875706,0.19004007,0.19132242,0.19260375,0.19388393,0.19516264,0.19643961,0.19771455,0.1989873,0.2002575,0.20144834,0.20248796,0.20338391,0.2041435,0.20477419,0.20528348,0.20567878,0.20596749,0.20615706,0.20625497,0.20626861,0.2062054,0.20607284,0.20587829,0.20562917
0.16152404,0.1615215,0.16151933,0.1615177,0.16151655,0.16151603,0.16151614,0.16151696,0.16151859,0.16152108,0.16152444,0.16152886,0.16153425,0.16154076,0.16154845,0.16155735,0.16156757,0.16154236,0.16144955,0.16129622,0.16108929,0.16083577,0.1605426,0.1602169,0.15986553,0.15949555,0.1591139,0.15872759,0.15834361,0.15796895,0.1576106,0.15727554,0.15697077,0.15670326,0.15648001,0.15630804,0.1561943,0.15614577,0.15616946,0.15627235,0.15646146,0.15674374,0.15712617,0.15761578,0.15821952,0.15894443,0.15979747,0.16078554,0.1619158,0.16311873,0.16432036,0.16552079,0.16672003,0.16791818,0.16911525,0.17031138,0.1715066,0.17270096,0.17389452,0.17508735,0.17627954,0.17747113,0.17866221,0.17985278,0.18104295,0.18223281,0.18342239,0.18461177,0.18580097,0.18699008,0.1881792,0.18936834,0.19055758,0.19174702,0.19293667,0.19412665,0.19531693,0.19650769,0.19769894,0.19889069,0.20008308,0.20120245,0.2021797,0.20302182,0.20373583,0.20432872,0.2048074,0.205179,0.20545037,0.2056286,0.20572062,0.2057334,0.20567401,0.20554939,0.20536652,0.20513238
0.16179736,0.16178134,0.16176781,0.16175726,0.16175008,0.16174667,0.16174738,0.1617527,0.16176297,0.16177863,0.16180006,0.1618277,0.1618619,0.16190307,0.16195166,0.16200805,0.1620726,0.16210788,0.16208048,0.16199686,0.1618635,0.16168691,0.16147353,0.16122991,0.16096249,0.1606778,0.16038229,0.16008244,0.15978476,0.15949574,0.15922183,0.15896955,0.15874541,0.15855584,0.15840735,0.15830642,0.15825953,0.15827319,0.15835391,0.15850812,0.15874232,0.15906304,0.15947668,0.1599898,0.16060889,0.16134037,0.16219084,0.16316667,0.16427435,0.16544598,0.16660936,0.16776495,0.16891316,0.17005442,0.17118901,0.17231749,0.17344014,0.17455748,0.17566983,0.17677756,0.17788117,0.178981,0.18007748,0.18117096,0.18226193,0.18335076,0.18443781,0.18552354,0.18660831,0.18769257,0.18877669,0.18986106,0.19094612,0.19203223,0.19311984,0.19420932,0.19530109,0.19639555,0.19749308,0.19859414,0.19969907,0.20073801,0.20164502,0.20242663,0.20308934,0.20363963,0.20408393,0.20442878,0.20468068,0.2048461,0.2049315,0.20494339,0.20488824,0.20477256,0.20460285,0.20438553
0.1620663,0.16203608,0.16201073,0.16199088,0.16197737,0.16197094,0.16197231,0.16198233,0.16200161,0.16203104,0.16207132,0.16212323,0.1621875,0.1622649,0.16235617,0.16246213,0.16258347,0.16268213,0.16272344,0.1627133,0.1626577,0.16256252,0.16243377,0.1622773,0.16209908,0.16190505,0.16170111,0.16149324,0.16128732,0.16108933,0.1609052,0.1607408,0.16060217,0.16049512,0.16042568,0.16039973,0.16042323,0.16050212,0.16064228,0.1608497,0.16113026,0.16148998,0.1619347,0.16247043,0.16310303,0.16383848,0.16468267,0.16564158,0.16672115,0.16785502,0.16897354,0.17007732,0.17116727,0.1722441,0.17330854,0.17436135,0.17540333,0.17643514,0.1774577,0.17847165,0.17947775,0.18047677,0.18146949,0.18245664,0.183439,0.18441732,0.18539238,0.18636487,0.18733561,0.18830538,0.18927483,0.19024482,0.19121605,0.19218934,0.19316539,0.19414496,0.19512884,0.1961178,0.19711252,0.19811383,0.19912243,0.20007272,0.20090231,0.20161721,0.20222335,0.20272663,0.20313305,0.20344847,0.20367888,0.20383014,0.20390828,0.20391917,0.20386872,0.20376293,0.20360771,0.20340894
0.16233109,0.16228625,0.16224852,0.16221906,0.16219898,0.16218942,0.1621915,0.1622063,0.16223502,0.16227874,0.16233861,0.1624157,0.16251121,0.16262625,0.16276191,0.16291934,0.16309968,0.16326426,0.16337731,0.16344415,0.1634701,0.1634605,0.16342069,0.16335599,0.16327175,0.16317329,0.16306596,0.16295505,0.16284588,0.16274385,0.16265427,0.16258249,0.16253377,0.16251352,0.16252702,0.16257964,0.16267668,0.16282351,0.16302544,0.16328779,0.16361593,0.16401513,0.16449079,0.1650482,0.16569272,0.16642964,0.16726433,0.16820212,0.16924833,0.17033872,0.1714062,0.17245193,0.17347701,0.1744826,0.17546976,0.17643969,0.17739347,0.17833221,0.17925712,0.18016924,0.18106972,0.18195969,0.18284029,0.18371265,0.18457782,0.18543707,0.18629138,0.18714195,0.1879899,0.18883635,0.18968242,0.19052924,0.19137792,0.19222966,0.19308548,0.19394656,0.19481404,0.195689,0.19657259,0.19746596,0.1983702,0.19922426,0.1999699,0.20061244,0.20115724,0.20160961,0.20197487,0.20225838,0.20246546,0.20260143,0.20267165,0.20268142,0.2026361,0.20254096,0.20240146,0.20222282
0.16259223,0.16253224,0.16248178,0.16244236,0.16241547,0.16240269,0.16240546,0.16242528,0.16246368,0.1625222,0.1626023,0.16270548,0.1628333,0.1629872,0.16316871,0.16337939,0.16362068,0.16385357,0.16404112,0.16418803,0.16429898,0.16437867,0.16443177,0.16446301,0.16447704,0.16447854,0.1644723,0.16446288,0.16445501,0.1644534,0.16446275,0.16448773,0.16453302,0.16460335,0.16470337,0.16483775,0.16501124,0.1652285,0.16549419,0.16581304,0.16618973,0.16662897,0.1671354,0.16771372,0.16836868,0.1691049,0.16992709,0.17083997,0.17184818,0.17288983,0.1739008,0.17488271,0.17583697,0.17676511,0.17766865,0.17854911,0.17940795,0.18024673,0.18106692,0.18187003,0.18265755,0.18343103,0.18419197,0.18494184,0.18568216,0.18641448,0.18714026,0.18786104,0.18857826,0.18929349,0.19000822,0.19072396,0.19144222,0.19216447,0.19289224,0.19362704,0.19437042,0.19512382,0.19588876,0.19666676,0.19745933,0.19821042,0.19886617,0.19943127,0.19991037,0.2003082,0.20062944,0.20087881,0.2010609,0.20118049,0.20124221,0.20125082,0.20121092,0.2011273,0.20100462,0.2008475
0.16285013,0.1627745,0.16271092,0.16266124,0.1626274,0.16261128,0.16261475,0.16263974,0.16268815,0.16276185,0.16286278,0.16299279,0.16315386,0.16334778,0.16357651,0.16384195,0.16414599,0.16444924,0.16471374,0.1649435,0.16514252,0.1653148,0.16546439,0.16559526,0.16571143,0.16581692,0.1659157,0.16601184,0.1661093,0.16621211,0.16632429,0.16644979,0.1665927,0.16675697,0.16694665,0.1671657,0.16741818,0.16770807,0.16803938,0.16841613,0.16884233,0.16932197,0.16985908,0.17045763,0.17112169,0.17185524,0.17266227,0.17354684,0.17451288,0.17550108,0.17645073,0.17736363,0.17824177,0.17908697,0.1799012,0.18068631,0.18144423,0.1821768,0.18288599,0.18357365,0.18424168,0.18489203,0.18552656,0.18614714,0.18675573,0.18735416,0.1879444,0.18852825,0.18910776,0.18968469,0.19026099,0.19083856,0.19141926,0.19200508,0.19259782,0.19319944,0.19381179,0.19443686,0.19507642,0.19573244,0.19640681,0.1970489,0.19760951,0.19809255,0.19850214,0.19884223,0.19911684,0.19932997,0.19948567,0.1995879,0.19964069,0.19964807,0.19961394,0.19954243,0.19943757,0.19930324
0.16310513,0.16301353,0.16293648,0.16287632,0.16283527,0.16281575,0.16281997,0.16285025,0.16290888,0.1629982,0.16312045,0.163278,0.16347308,0.16370803,0.16398516,0.16430673,0.16467506,0.16505054,0.16539413,0.16570923,0.16599898,0.16626684,0.16651599,0.16674976,0.16697146,0.16718435,0.16739178,0.16759703,0.16780333,0.16801403,0.16823244,0.16846183,0.16870548,0.16896671,0.16924882,0.16955511,0.16988881,0.17025329,0.17065181,0.17108768,0.1715642,0.17208466,0.1726523,0.17327051,0.17394254,0.17467164,0.17546117,0.17631443,0.17723465,0.17816536,0.17904924,0.17988874,0.18068601,0.18144345,0.18216333,0.18284798,0.18349959,0.18412057,0.1847132,0.18527979,0.18582256,0.18634391,0.18684609,0.18733138,0.1878021,0.1882606,0.18870911,0.18914993,0.1895854,0.19001782,0.19044948,0.19088264,0.19131964,0.19176282,0.19221437,0.1926767,0.19315204,0.1936427,0.194151,0.19467922,0.19522968,0.19575743,0.19621816,0.19661525,0.19695187,0.19723141,0.19745709,0.19763231,0.19776022,0.19784427,0.19788763,0.19789371,0.19786568,0.19780692,0.19772069,0.19761033
0.16335763,0.1632497,0.16315894,0.16308802,0.16303973,0.16301668,0.16302164,0.16305731,0.16312642,0.16323164,0.1633757,0.16356133,0.16379118,0.16406803,0.16439454,0.16477343,0.16520743,0.1656567,0.16608126,0.16648374,0.16686665,0.16723251,0.16758396,0.16792345,0.1682536,0.16857694,0.16889602,0.16921343,0.16953166,0.1698533,0.1701809,0.17051701,0.17086416,0.17122494,0.17160189,0.17199755,0.1724145,0.17285523,0.17332238,0.17381841,0.17434599,0.17490752,0.17550568,0.17614295,0.17682193,0.17754512,0.17831513,0.17913447,0.18000573,0.18087532,0.18168981,0.18245193,0.18316437,0.18382983,0.18445104,0.18503071,0.18557154,0.18607621,0.18654752,0.18698807,0.18740064,0.1877879,0.18815261,0.18849744,0.18882512,0.18913831,0.1894398,0.18973224,0.19001834,0.19030087,0.19058245,0.19086587,0.19115381,0.19144893,0.19175404,0.19207177,0.19240485,0.19275598,0.19312792,0.19352332,0.19394493,0.19435374,0.19471064,0.19501819,0.19527894,0.19549546,0.19567032,0.19580601,0.19590513,0.1959702,0.19600381,0.1960085,0.19598679,0.19594128,0.19587448,0.19578898
0.16360806,0.1634835,0.16337876,0.16329695,0.1632412,0.16321461,0.16322035,0.16326152,0.16334125,0.16346267,0.16362889,0.16384308,0.16410832,0.16442777,0.16480452,0.16524175,0.16574253,0.1662669,0.16677403,0.16726573,0.16774365,0.16820973,0.16866569,0.16911332,0.16955437,0.16999067,0.17042403,0.17085618,0.1712889,0.171724,0.17216328,0.17260852,0.17306152,0.17352399,0.17399779,0.17448471,0.17498648,0.17550491,0.17604183,0.17659895,0.1771781,0.17778106,0.17840958,0.17906553,0.17975062,0.18046665,0.18121542,0.18199871,0.1828183,0.18362382,0.18436575,0.18504725,0.18567139,0.18624137,0.18676029,0.18723126,0.18765739,0.18804182,0.18838774,0.18869819,0.18897635,0.18922529,0.18944821,0.1896482,0.18982837,0.18999188,0.19014184,0.19028139,0.1904136,0.19054167,0.19066872,0.1907978,0.19093212,0.1910748,0.19122891,0.19139764,0.1915841,0.19179136,0.19202259,0.19228095,0.19256951,0.19285548,0.19310518,0.1933203,0.19350272,0.19365421,0.19377653,0.19387144,0.19394077,0.1939863,0.19400983,0.19401307,0.19399793,0.19396606,0.19391935,0.19385953
0.16385677,0.16371538,0.1635965,0.16350359,0.1634403,0.16341013,0.16341664,0.16346337,0.16355388,0.16369171,0.16388045,0.16412358,0.16442466,0.1647873,0.16521502,0.16571136,0.16627987,0.16688049,0.16747144,0.16805375,0.16862838,0.16919632,0.16975865,0.1703163,0.1708703,0.17142162,0.17197129,0.1725203,0.17306963,0.17362027,0.17417331,0.17472957,0.17529023,0.17585625,0.17642854,0.1770082,0.17759612,0.17819344,0.17880102,0.17941993,0.18005118,0.18069574,0.18135464,0.18202884,0.18271935,0.1834272,0.18415335,0.18489882,0.18566461,0.18640359,0.18707041,0.18766862,0.18820177,0.18867338,0.18908697,0.18944621,0.18975455,0.19001555,0.19023277,0.1904098,0.19055009,0.19065729,0.19073494,0.19078653,0.19081561,0.1908258,0.19082059,0.19080356,0.19077826,0.19074823,0.19071697,0.19068807,0.19066517,0.19065167,0.19065118,0.19066727,0.19070348,0.19076338,0.19085048,0.1909683,0.19112045,0.19128045,0.19142017,0.19154054,0.19164261,0.19172734,0.19179577,0.1918489,0.19188769,0.19191316,0.1919263,0.19192818,0.19191964,0.19190185,0.19187571,0.19184223
0.16410415,0.16394578,0.16381255,0.16370848,0.1636376,0.16360378,0.16361107,0.16366343,0.16376483,0.16391926,0.16413069,0.1644031,0.16474041,0.16514672,0.1656259,0.16618197,0.16681892,0.16749658,0.16817236,0.1688464,0.16951892,0.17019016,0.17086022,0.17152943,0.17219788,0.17286582,0.17353338,0.17420086,0.1748684,0.17553619,0.17620443,0.17687337,0.17754313,0.17821398,0.17888604,0.17955954,0.18023472,0.18091173,0.1815908,0.18227208,0.18295579,0.18364212,0.18433133,0.18502352,0.18571894,0.18641782,0.18712026,0.18782653,0.18853685,0.18920745,0.18979722,0.19031009,0.19075006,0.19112112,0.19142719,0.19167228,0.1918604,0.1919955,0.19208154,0.1921225,0.19212241,0.19208515,0.19201477,0.19191526,0.19179055,0.19164464,0.19148147,0.19130504,0.19111933,0.19092834,0.19073603,0.19054635,0.19036332,0.19019087,0.19003302,0.18989372,0.18977694,0.18968669,0.18962692,0.18960162,0.18961476,0.18964636,0.18967396,0.18969776,0.1897179,0.18973465,0.18974818,0.18975869,0.18976633,0.18977138,0.18977395,0.18977433,0.18977265,0.18976912,0.18976396,0.18975736
0.16435066,0.16417511,0.16402748,0.16391216,0.16383356,0.16379611,0.16380419,0.16386221,0.1639746,0.16414575,0.16438007,0.16468191,0.16505577,0.16550602,0.16603708,0.16665334,0.16735917,0.16811447,0.16887572,0.1696423,0.17041358,0.17118898,0.17196785,0.17274958,0.17353357,0.17431922,0.1751059,0.17589295,0.17667983,0.17746586,0.17825049,0.17903303,0.17981294,0.18058954,0.18136229,0.18213052,0.18289359,0.18365094,0.18440194,0.18514599,0.18588243,0.1866107,0.18733013,0.18804012,0.18874009,0.18942942,0.19010746,0.19077362,0.19142725,0.19202816,0.1925395,0.19296561,0.1933109,0.19357982,0.19377679,0.19390616,0.19397236,0.19397978,0.19393289,0.19383605,0.19369365,0.19351013,0.19328989,0.1930373,0.19275682,0.19245283,0.19212976,0.19179198,0.19144395,0.19109002,0.19073462,0.19038215,0.19003701,0.18970369,0.18938649,0.18908986,0.18881819,0.18857591,0.1883674,0.1881971,0.18806939,0.1879709,0.18788494,0.18781085,0.18774803,0.18769588,0.18765375,0.18762106,0.18759716,0.1875815,0.18757342,0.18757229,0.18757753,0.18758847,0.18760458,0.18762517
0.16459665,0.16440386,0.16424178,0.16411513,0.16402885,0.1639877,0.16399655,0.1640603,0.16418368,0.1643716,0.16462888,0.16496037,0.16537088,0.16586526,0.16644837,0.16712505,0.1679001,0.16873339,0.1695805,0.17044008,0.17131057,0.17219073,0.1730789,0.17397381,0.17487398,0.17577794,0.17668429,0.17759164,0.17849848,0.17940341,0.180305,0.18120182,0.18209241,0.18297537,0.18384926,0.18471263,0.18556404,0.1864021,0.18722534,0.18803236,0.18882167,0.1895919,0.19034156,0.1910693,0.1917736,0.19245306,0.1931062,0.19373171,0.19432802,0.19485852,0.19529058,0.19562915,0.19587894,0.19604489,0.19613175,0.19614446,0.1960878,0.1959666,0.19578573,0.19555005,0.19526432,0.19493346,0.19456223,0.19415553,0.19371817,0.19325504,0.19277093,0.19227068,0.19175911,0.19124115,0.19072153,0.19020514,0.18969686,0.18920144,0.1887238,0.18826869,0.18784101,0.18744563,0.1870873,0.18677096,0.18650137,0.18627183,0.18607143,0.18589875,0.18575233,0.18563075,0.18553258,0.1854564,0.18540077,0.18536419,0.18534532,0.1853427,0.1853549,0.18538046,0.18541795,0.18546593
0.16484246,0.16463247,0.16445586,0.1643179,0.16422391,0.1641791,0.16418876,0.16425817,0.1643926,0.1645973,0.16487758,0.1652387,0.1656859,0.1662245,0.16685973,0.16759688,0.16844122,0.16935256,0.17028566,0.1712383,0.1722082,0.17319313,0.1741908,0.17519902,0.1762155,0.17723797,0.1782642,0.17929193,0.18031894,0.18134291,0.18236162,0.18337283,0.18437429,0.18536372,0.18633887,0.18729752,0.18823741,0.18915623,0.1900518,0.19092183,0.19176407,0.19257627,0.1933562,0.19410156,0.19481015,0.19547966,0.1961079,0.19669257,0.19723141,0.19769128,0.19804393,0.19829467,0.19844878,0.19851148,0.19848809,0.19838387,0.19820409,0.19795403,0.19763894,0.19726412,0.19683483,0.19635631,0.19583389,0.19527279,0.19467832,0.19405572,0.19341029,0.19274728,0.19207199,0.19138962,0.19070554,0.19002496,0.18935315,0.1886954,0.188057,0.18744318,0.18685926,0.18631044,0.1858021,0.18533942,0.18492767,0.18456687,0.18425183,0.18398033,0.18375017,0.18355903,0.18340473,0.18328495,0.18319745,0.18314001,0.18311034,0.18310621,0.18312538,0.18316557,0.1832245,0.18329997
0.16508852,0.16486134,0.16467029,0.16452105,0.16441937,0.16437088,0.16438134,0.16445643,0.16460188,0.16482332,0.16512655,0.16551724,0.16600107,0.16658376,0.16727102,0.16806848,0.16898198,0.16997121,0.17099012,0.1720356,0.17310463,0.17419413,0.17530102,0.17642225,0.17755473,0.17869535,0.17984116,0.180989,0.18213576,0.18327847,0.18441401,0.18553934,0.18665132,0.18774697,0.18882318,0.18987684,0.19090495,0.19190441,0.19287214,0.1938051,0.19470018,0.19555435,0.1963645,0.1971276,0.19784057,0.19850032,0.19910376,0.19964787,0.2001296,0.20051919,0.20079283,0.2009562,0.201015,0.20097493,0.20084172,0.20062108,0.20031865,0.1999402,0.19949143,0.19897802,0.19840562,0.19778004,0.19710694,0.19639197,0.19564089,0.19485945,0.19405323,0.19322805,0.1923895,0.19154337,0.19069536,0.18985112,0.18901645,0.18819694,0.18739833,0.18662637,0.18588673,0.18518507,0.18452714,0.18391867,0.18336533,0.18287364,0.18244444,0.18207453,0.18176092,0.18150052,0.18129024,0.18112706,0.18100786,0.18092954,0.18088916,0.18088353,0.1809096,0.18096435,0.18104468,0.18114749
0.1653353,0.165091,0.16488557,0.16472508,0.1646157,0.16456358,0.16457483,0.16465558,0.16481194,0.16505012,0.16537616,0.16579627,0.16631652,0.16694309,0.16768208,0.16853963,0.1695219,0.17058857,0.17169279,0.17283061,0.17399815,0.17519155,0.1764069,0.17764042,0.1788881,0.18014614,0.18141069,0.18267776,0.18394357,0.18520424,0.1864558,0.18769445,0.18891631,0.19011746,0.19129407,0.19244221,0.19355802,0.19463766,0.1956772,0.19667278,0.19762053,0.19851655,0.19935697,0.20013796,0.20085554,0.20150588,0.20208515,0.20258942,0.20301482,0.2033351,0.20353067,0.20360768,0.20357227,0.20343055,0.20318863,0.20285273,0.20242889,0.20192327,0.20134203,0.2006913,0.19997719,0.19920585,0.19838338,0.19751595,0.19660969,0.1956707,0.19470513,0.19371915,0.1927188,0.19171035,0.19069982,0.1896934,0.18869717,0.18771727,0.18675992,0.18583116,0.18493715,0.18408401,0.18327792,0.18252496,0.1818313,0.18121006,0.18066764,0.18020025,0.17980397,0.1794749,0.1792092,0.179003,0.17885238,0.17875345,0.17870237,0.17869528,0.17872822,0.17879741,0.1788989,0.17902884
0.16558309,0.16532183,0.16510211,0.1649305,0.16481353,0.16475779,0.16476981,0.16485615,0.16502342,0.1652781,0.16562681,0.1660761,0.16663247,0.16730253,0.16809285,0.16900995,0.17006043,0.17120394,0.17239264,0.17362185,0.17488694,0.17618316,0.17750593,0.17885044,0.1802122,0.18158635,0.18296833,0.18435344,0.18573695,0.18711424,0.18848062,0.18983145,0.19116196,0.19246756,0.19374351,0.19498521,0.19618796,0.19734702,0.19845779,0.19951557,0.20051567,0.20145345,0.20232418,0.20312323,0.20384589,0.2044875,0.20504339,0.20550887,0.20587929,0.20613173,0.20625082,0.20624313,0.20611519,0.20587355,0.20552482,0.20507546,0.20453215,0.20390135,0.20318969,0.20240368,0.20154993,0.20063493,0.1996653,0.19864759,0.1975883,0.19649404,0.19537136,0.19422683,0.19306698,0.19189842,0.19072762,0.18956122,0.18840577,0.18726777,0.18615386,0.18507056,0.18402436,0.18302195,0.18206981,0.18117449,0.18034257,0.17959365,0.17893979,0.17837635,0.17789863,0.17750195,0.17718166,0.17693305,0.17675148,0.17663224,0.1765707,0.1765621,0.17660187,0.17668524,0.1768076,0.17696424
0.16583234,0.1655543,0.16532049,0.16513786,0.16501339,0.16495405,0.1649668,0.16505873,0.1652367,0.16550775,0.16587885,0.16635695,0.16694908,0.16766216,0.1685032,0.16947916,0.17059708,0.17181645,0.1730886,0.174408,0.17576927,0.17716688,0.17859541,0.18004945,0.18152343,0.183012,0.18450965,0.18601094,0.18751046,0.18900262,0.1904821,0.19194339,0.19338103,0.19478956,0.19616354,0.19749752,0.198786,0.20002359,0.20120473,0.2023241,0.20337616,0.20435548,0.20525657,0.206074,0.2068023,0.20743604,0.20796973,0.20839792,0.20871522,0.2089019,0.20894666,0.2088565,0.20863834,0.20829923,0.2078461,0.207286,0.20662579,0.20587257,0.20503324,0.20411482,0.20312428,0.20206861,0.20095472,0.1997897,0.19858047,0.19733399,0.19605732,0.1947573,0.19344106,0.19211549,0.19078755,0.18946433,0.18815273,0.18685973,0.18559232,0.1843575,0.1831622,0.18201344,0.18091822,0.17988345,0.17891619,0.17804225,0.17727928,0.17662176,0.17606431,0.17560142,0.17522767,0.17493758,0.17472568,0.17458655,0.17451471,0.17450473,0.1745511,0.1746484,0.17479116,0.17497396
0.1660834,0.16578883,0.16554111,0.16534764,0.16521578,0.16515294,0.1651665,0.16526382,0.16545239,0.16573957,0.16613266,0.16663921,0.1672665,0.16802198,0.16891302,0.16994698,0.17113133,0.1724254,0.1737796,0.17518766,0.17664336,0.1781405,0.17967287,0.18123424,0.18281841,0.18441914,0.18603022,0.1876455,0.18925865,0.19086353,0.19245389,0.19402355,0.19556627,0.19707584,0.19854607,0.1999707,0.2013435,0.20265836,0.20390894,0.20508908,0.2061926,0.20721318,0.2081447,0.2089809,0.20971557,0.21034256,0.21085554,0.21124837,0.2115148,0.21163835,0.21161155,0.21144179,0.2111364,0.21070291,0.21014865,0.20948097,0.20870732,0.20783508,0.20687163,0.20582439,0.20470074,0.20350805,0.20225376,0.20094524,0.19958988,0.1981951,0.19676828,0.1953168,0.19384807,0.1923695,0.19088843,0.1894123,0.18794852,0.18650442,0.18508747,0.18370499,0.18236446,0.18107317,0.1798386,0.17866811,0.17756909,0.17657356,0.1757044,0.17495543,0.17432038,0.17379309,0.17336732,0.17303686,0.17279546,0.17263699,0.17255515,0.17254376,0.1725966,0.17270742,0.17287007,0.17307831
0.16633667,0.16602594,0.16576457,0.16556041,0.16542128,0.165355,0.16536927,0.165472,0.16567095,0.16597393,0.16638869,0.1669231,0.16758497,0.16838203,0.16932215,0.17041309,0.17166264,0.17303005,0.17446463,0.17595941,0.17750746,0.17910187,0.18073566,0.18240188,0.18409358,0.18580379,0.1875256,0.18925203,0.19097617,0.19269098,0.19438964,0.19606513,0.19771048,0.19931878,0.20088306,0.2023964,0.2038518,0.20524238,0.20656113,0.20780113,0.2089554,0.21001703,0.21097904,0.21183452,0.21257651,0.21319799,0.21369211,0.21405189,0.21427031,0.2143339,0.21423882,0.21399292,0.213604,0.21307984,0.21242826,0.21165706,0.21077402,0.20978697,0.2087037,0.20753199,0.20627968,0.20495455,0.20356438,0.20211704,0.2006203,0.19908191,0.19750972,0.19591153,0.19429512,0.19266835,0.19103895,0.18941477,0.18780357,0.18621315,0.18465137,0.18312603,0.18164487,0.18021569,0.17884636,0.17754461,0.17631833,0.17520528,0.17423359,0.17339617,0.1726862,0.17209668,0.17162067,0.1712512,0.17098133,0.17080413,0.1707126,0.17069988,0.17075898,0.17088287,0.1710647,0.1712975
0.1665926,0.16626596,0.16599126,0.16577671,0.16563046,0.16556077,0.16557579,0.16568376,0.16589285,0.16621129,0.16664729,0.167209,0.16790462,0.16874237,0.1697305,0.17087713,0.17219053,0.17362952,0.17514253,0.17672186,0.17835984,0.18004885,0.18178123,0.18354928,0.18534544,0.187162,0.18899128,0.19082566,0.19265753,0.19447917,0.19628295,0.19806124,0.19980636,0.20151068,0.20316653,0.20476626,0.2063022,0.20776673,0.20915215,0.2104509,0.21165524,0.21275753,0.21375014,0.21462545,0.21537574,0.21599337,0.21647073,0.21680012,0.21697393,0.21698126,0.21682188,0.21650396,0.21603571,0.21542534,0.21468098,0.21381094,0.21282333,0.21172641,0.21052834,0.20923734,0.2078616,0.20640932,0.20488873,0.20330797,0.20167531,0.1999989,0.19828698,0.19654772,0.19478929,0.19301994,0.19124785,0.18948129,0.18772835,0.18599726,0.18429625,0.18263353,0.18101723,0.17945565,0.17795692,0.17652924,0.17518084,0.17395516,0.17288508,0.17196296,0.17118113,0.17053194,0.17000772,0.16960087,0.16930369,0.16910857,0.16900776,0.16899377,0.16905881,0.1691953,0.16939552,0.16965187
0.16685154,0.16650942,0.16622174,0.165997,0.16584384,0.16577083,0.16578661,0.16589966,0.16611868,0.16645217,0.1669088,0.16749708,0.16822568,0.16910309,0.17013799,0.17133889,0.17271446,0.17422317,0.17581233,0.17747362,0.17919871,0.18097925,0.18280695,0.18467347,0.18657051,0.18848976,0.19042285,0.19236147,0.19429736,0.19622214,0.1981275,0.20000511,0.20184667,0.20364389,0.20538838,0.20707183,0.20868598,0.21022242,0.21167292,0.21302906,0.2142826,0.21542522,0.21644853,0.21734428,0.2181041,0.2187197,0.21918273,0.21948491,0.21961787,0.21957329,0.21935406,0.21896885,0.21842615,0.2177346,0.21690276,0.21593922,0.2148526,0.21365151,0.21234444,0.21094003,0.2094469,0.20787363,0.20622876,0.20452094,0.20275868,0.20095065,0.19910543,0.19723152,0.19533761,0.19343224,0.19152401,0.1896215,0.18773332,0.18586804,0.18403423,0.18224052,0.18049547,0.17880768,0.1771857,0.17563817,0.17417367,0.1728409,0.17167732,0.17067467,0.16982453,0.1691186,0.16854863,0.1681062,0.16778307,0.1675709,0.16746135,0.16744606,0.1675168,0.16766518,0.16788293,0.16816168
0.16711387,0.16675678,0.16645645,0.16622186,0.166062,0.16598578,0.16600223,0.16612023,0.16634886,0.16669701,0.16717364,0.16778773,0.16854826,0.16946419,0.17054443,0.17179804,0.17323393,0.17481019,0.17647295,0.1782133,0.18002227,0.18189089,0.18381023,0.18577138,0.18776532,0.18978311,0.19181584,0.19385454,0.19589023,0.19791399,0.19991688,0.20188993,0.20382422,0.20571075,0.2075406,0.2093048,0.21099444,0.21260054,0.21411414,0.2155263,0.21682808,0.21801053,0.21906467,0.21998161,0.22075234,0.22136793,0.22181942,0.2220979,0.22219436,0.22210272,0.22182879,0.22138155,0.22076999,0.22000295,0.21908952,0.21803865,0.21685927,0.21556036,0.21415089,0.21263982,0.21103609,0.2093487,0.20758659,0.20575874,0.20387414,0.2019417,0.19997041,0.19796924,0.19594717,0.19391313,0.19187613,0.18984504,0.18782894,0.18583675,0.18387741,0.18195994,0.18009323,0.1782863,0.17654811,0.17488763,0.17331377,0.17188023,0.17062868,0.16955017,0.16863577,0.16787645,0.16726336,0.16678752,0.16643994,0.1662117,0.16609389,0.16607746,0.16615354,0.16631316,0.16654736,0.16684717
0.16738,0.1670084,0.16669591,0.1664518,0.16628543,0.16620614,0.16622324,0.16634606,0.16658396,0.16694622,0.1674422,0.16808121,0.1688726,0.16982567,0.17094979,0.17225425,0.1737484,0.17538977,0.17712331,0.17893952,0.18082881,0.18278168,0.18478857,0.18683997,0.18892634,0.19103813,0.19316584,0.19529986,0.19743074,0.19954889,0.20164478,0.2037089,0.2057317,0.20770364,0.20961517,0.2114568,0.21321893,0.2148921,0.21646671,0.21793327,0.21928221,0.22050402,0.22158913,0.22252803,0.22331119,0.22392908,0.22437212,0.22463082,0.22469562,0.22456236,0.2242394,0.22373609,0.22306174,0.22222571,0.2212373,0.22010589,0.2188407,0.21745116,0.21594658,0.21433625,0.21262956,0.21083577,0.20896426,0.20702432,0.20502532,0.20297654,0.20088735,0.19876707,0.196625,0.19447051,0.19231291,0.19016153,0.18802568,0.18591474,0.18383798,0.18180476,0.17982441,0.17790623,0.1760596,0.17429379,0.17261818,0.17109089,0.16975749,0.16860843,0.1676342,0.16682526,0.16617207,0.16566509,0.16529478,0.16505161,0.16492608,0.16490859,0.16498965,0.16515972,0.1654092,0.16572866
0.16763167,0.16724673,0.166923,0.16667013,0.16649783,0.16641565,0.16643338,0.16656059,0.16680704,0.16718233,0.1676961,0.16835804,0.16917783,0.17016517,0.17132963,0.17268093,0.17422873,0.17593,0.17772853,0.17961425,0.18157716,0.18360713,0.18569413,0.18782815,0.18999898,0.1921967,0.19441116,0.19663234,0.1988502,0.20105459,0.2032355,0.20538287,0.20748669,0.2095368,0.21152316,0.21343574,0.21526445,0.21699926,0.2186301,0.22014683,0.22153953,0.222798,0.22391227,0.22487222,0.22566777,0.22628896,0.2267256,0.22696774,0.22700526,0.22683562,0.22646949,0.22591653,0.22518645,0.22428882,0.22323337,0.22202973,0.22068758,0.21921657,0.21762641,0.21592669,0.21412714,0.21223737,0.21026708,0.20822595,0.20612359,0.2039697,0.20177391,0.19954593,0.1972954,0.19503197,0.19276537,0.19050513,0.18826105,0.18604274,0.18385984,0.18172206,0.17963901,0.1776204,0.17567588,0.17381515,0.1720478,0.17043602,0.16902888,0.16781625,0.16678818,0.1659345,0.16524519,0.16471018,0.16431937,0.16406278,0.1639303,0.16391185,0.16399738,0.1641768,0.16444011,0.16477725
0.16785139,0.16745476,0.16712129,0.16686076,0.16668318,0.16659854,0.16661683,0.16674793,0.1670018,0.16738842,0.16791776,0.16859977,0.1694444,0.17046154,0.17166124,0.17305343,0.17464808,0.17640163,0.17825688,0.18020336,0.18223055,0.18432786,0.1864848,0.18869083,0.19093548,0.19320817,0.19549839,0.19779566,0.20008942,0.20236912,0.2046243,0.20684434,0.20901887,0.21113722,0.21318892,0.21516348,0.2170503,0.21883892,0.22051883,0.22207944,0.22351028,0.2248008,0.22594047,0.2269188,0.22772525,0.22834924,0.22878033,0.22900799,0.22902167,0.2288203,0.2284165,0.22782022,0.22704142,0.22609004,0.22497603,0.22370936,0.22230001,0.22075787,0.21909298,0.21731523,0.21543461,0.21346107,0.21140455,0.209275,0.20708245,0.20483673,0.20254791,0.20022592,0.19788069,0.19552216,0.19316033,0.19080514,0.18846653,0.18615445,0.18387893,0.18164986,0.17947717,0.17737086,0.17534088,0.17339721,0.1715498,0.16986428,0.16839275,0.1671247,0.16604957,0.16515684,0.16443598,0.16387647,0.16346782,0.16319947,0.16306092,0.16304162,0.16313106,0.16331872,0.16359411,0.16394661
0.16804071,0.1676341,0.16729213,0.16702501,0.166843,0.16675624,0.16677493,0.16690934,0.16716965,0.16756606,0.16810879,0.16880803,0.16967404,0.17071693,0.17194705,0.17337446,0.17500947,0.17680804,0.17871223,0.18071103,0.18279359,0.18494889,0.18716612,0.18943426,0.1917425,0.19407985,0.19643533,0.19879816,0.20115733,0.20350194,0.20582104,0.20810382,0.2103392,0.2125164,0.2146244,0.21665233,0.21858925,0.22042426,0.2221464,0.22374481,0.2252085,0.22652663,0.22768821,0.22868238,0.22949816,0.23012467,0.23055102,0.23076618,0.23075931,0.23053057,0.23009433,0.22946072,0.22863993,0.22764221,0.22647774,0.22515675,0.22368948,0.22208609,0.22035676,0.21851176,0.2165613,0.21451557,0.2123847,0.21017908,0.20790873,0.20558394,0.20321494,0.20081191,0.19838506,0.19594459,0.1935007,0.19106367,0.1886436,0.18625075,0.18389533,0.1815876,0.1793377,0.17715584,0.17505226,0.1730371,0.17112066,0.16937159,0.16784462,0.16652876,0.16541308,0.16448668,0.16373864,0.16315804,0.162734,0.16245553,0.16231172,0.16229172,0.16238455,0.16257925,0.16286501,0.16323084
0.16820127,0.1677861,0.16743699,0.1671643,0.16697843,0.16688986,0.16690895,0.16704619,0.16731195,0.16771667,0.16827075,0.16898464,0.16986877,0.17093349,0.17218935,0.17364661,0.17531584,0.17715263,0.1790983,0.18114147,0.18327095,0.18547545,0.18774377,0.19006461,0.19242671,0.19481884,0.19722971,0.19964811,0.20206276,0.20446236,0.20683575,0.2091716,0.21145868,0.21368569,0.21584144,0.21791464,0.21989402,0.22176835,0.22352636,0.2251568,0.22664843,0.22798994,0.2291701,0.23017769,0.2310014,0.23163,0.23205225,0.23225683,0.23223257,0.23198067,0.23151685,0.23085158,0.2299952,0.22895822,0.22775097,0.22638395,0.22486757,0.22321218,0.22142826,0.21952626,0.21751656,0.21540959,0.21321577,0.21094553,0.2086093,0.20621742,0.20378046,0.20130871,0.19881268,0.19630273,0.1937893,0.19128284,0.18879375,0.18633243,0.18390931,0.18153486,0.17921947,0.17697354,0.1748075,0.17273179,0.17075682,0.1689539,0.16737986,0.16602345,0.16487339,0.16391847,0.16314739,0.16254893,0.1621118,0.16182476,0.16167654,0.16165587,0.16175158,0.16195232,0.16224688,0.16262396
0.16833456,0.16791235,0.16755728,0.16727996,0.16709091,0.16700083,0.16702028,0.16715981,0.16743009,0.16784169,0.16840522,0.16913126,0.17003042,0.17111327,0.17239049,0.17387263,0.17557026,0.17743878,0.17941885,0.18149883,0.18366732,0.18591267,0.18822339,0.190588,0.19299486,0.19543247,0.19788934,0.20035389,0.20281456,0.20525993,0.2076783,0.21005827,0.21238819,0.21465667,0.21685202,0.2189628,0.22097744,0.22288448,0.22467223,0.22632925,0.22784403,0.22920494,0.23040058,0.2314193,0.23224959,0.23287994,0.2332988,0.23349461,0.23345588,0.23318473,0.23269808,0.23200649,0.23112054,0.23005095,0.22880821,0.22740294,0.22584578,0.22414726,0.22231801,0.22036865,0.21830979,0.21615198,0.21390584,0.211582,0.20919098,0.20674348,0.20425002,0.20172127,0.19916773,0.19660014,0.19402891,0.19146483,0.1889184,0.1864002,0.18392089,0.18149105,0.17912129,0.17682213,0.17460427,0.17247823,0.17045471,0.16860704,0.16699396,0.16560389,0.1644253,0.16344668,0.16265646,0.16204314,0.16159517,0.16130102,0.16114913,0.16112795,0.16122603,0.16143174,0.16173358,0.16212004
0.16844225,0.16801427,0.1676544,0.16737334,0.16718175,0.16709043,0.1671101,0.16725156,0.1675255,0.16794267,0.1685138,0.16924965,0.170161,0.1712585,0.17255297,0.17405508,0.17577569,0.1776698,0.17967767,0.18178743,0.18398738,0.1862657,0.1886107,0.19101061,0.1934536,0.19592796,0.19842193,0.20092373,0.20342165,0.20590386,0.20835862,0.21077417,0.2131388,0.21544065,0.21766803,0.21980919,0.22185227,0.22378564,0.22559744,0.22727595,0.2288094,0.23018607,0.23139411,0.23242185,0.23325747,0.23388919,0.23430535,0.23449406,0.23444365,0.23415695,0.23365185,0.23293899,0.23202926,0.2309333,0.22966187,0.22822575,0.22663562,0.22490226,0.22303642,0.22104885,0.21895027,0.21675141,0.21446304,0.21209589,0.20966074,0.20716825,0.20462918,0.20205438,0.19945444,0.19684024,0.19422242,0.19161178,0.18901904,0.18645497,0.18393025,0.18145567,0.179042,0.17669989,0.17444018,0.17227352,0.17021075,0.16832697,0.16668235,0.16526508,0.16406347,0.1630657,0.16226004,0.16163474,0.16117801,0.16087806,0.16072321,0.16070168,0.16080165,0.16101138,0.16131912,0.16171315
0.16852574,0.16809337,0.1677298,0.16744582,0.16725226,0.16715999,0.16717985,0.1673228,0.16759956,0.16802101,0.1685981,0.16934155,0.17026229,0.17137118,0.17267905,0.17419675,0.17593513,0.17784919,0.17987856,0.1820114,0.18423577,0.18653972,0.18891132,0.1913386,0.19380967,0.19631255,0.19883528,0.2013661,0.20389284,0.20640369,0.20888665,0.21132988,0.21372133,0.21604916,0.2183014,0.22046609,0.2225313,0.22448507,0.22631554,0.22801076,0.22955872,0.23094752,0.23216528,0.23319997,0.23403972,0.23467258,0.23508658,0.2352698,0.23521033,0.23491158,0.23439212,0.23366281,0.23273456,0.23161814,0.23032445,0.22886433,0.22724867,0.22548832,0.22359402,0.22157678,0.2194474,0.21721669,0.21489552,0.21249482,0.21002527,0.20749788,0.2049235,0.20231293,0.199677,0.1970266,0.1943726,0.19172584,0.18909718,0.18649742,0.1839375,0.18142821,0.17898043,0.17660502,0.17431277,0.17211466,0.17002141,0.1681096,0.16644047,0.16500214,0.16378264,0.16277003,0.16195238,0.16131774,0.16085424,0.16054983,0.16039267,0.16037078,0.16047227,0.16068514,0.16099747,0.16139735
0.16858676,0.16815117,0.16778485,0.16749874,0.16730373,0.16721079,0.16723083,0.16737479,0.1676536,0.16807827,0.16865963,0.16940868,0.17033634,0.1714535,0.17277111,0.17430018,0.17605159,0.17798011,0.18002531,0.18217504,0.18441722,0.18673988,0.18913087,0.19157818,0.19406973,0.19659345,0.19913729,0.20168912,0.20423697,0.20676877,0.20927235,0.21173576,0.21414687,0.21649365,0.21876399,0.22094588,0.22302724,0.22499602,0.22684011,0.22854745,0.23010601,0.23150374,0.2327285,0.23376834,0.23461111,0.23524469,0.23565717,0.23583642,0.23577033,0.23546273,0.23493282,0.2341915,0.23324971,0.23211838,0.2308084,0.22933081,0.22769646,0.22591636,0.22400132,0.22196239,0.2198105,0.21755652,0.21521139,0.21278611,0.21029156,0.20773871,0.20513843,0.20250176,0.1998395,0.19716273,0.1944823,0.19180915,0.18915424,0.18652847,0.18394281,0.18140817,0.17893551,0.17653571,0.17421977,0.17199859,0.16988312,0.16795082,0.16626385,0.16481009,0.16357753,0.16255404,0.16172765,0.16108623,0.16061777,0.16031009,0.16015124,0.16012913,0.16023166,0.16044685,0.16076249,0.16116664
0.16862683,0.16818911,0.16782098,0.16753349,0.16733754,0.16724412,0.1672643,0.16740894,0.16768916,0.16811585,0.16870005,0.16945277,0.17038491,0.17150754,0.17283161,0.1743681,0.17612804,0.17806613,0.18012165,0.18228245,0.18453638,0.18687128,0.18927504,0.19173549,0.19424051,0.19677787,0.19933555,0.20190129,0.20446298,0.20700847,0.20952559,0.21200229,0.21442625,0.2167855,0.21906772,0.22126096,0.22335288,0.22533144,0.22718452,0.22889987,0.2304654,0.23186895,0.23309839,0.23414153,0.23498628,0.23562044,0.2360319,0.23620842,0.23613803,0.23582466,0.23528786,0.23453861,0.23358797,0.2324468,0.23112617,0.2296371,0.22799051,0.22619742,0.2242688,0.22221561,0.22004889,0.21777967,0.21541882,0.21297742,0.21046641,0.20789681,0.2052796,0.20262577,0.19994625,0.19725212,0.19455433,0.19186383,0.1891917,0.18654884,0.18394627,0.18139501,0.17890595,0.17649022,0.17415872,0.17192237,0.1697923,0.16784656,0.16614784,0.16468397,0.16344282,0.16241224,0.16158006,0.16093421,0.16046244,0.16015267,0.15999271,0.15997042,0.16007368,0.16029036,0.16060822,0.16101518
0.16864748,0.16820872,0.16783968,0.16755143,0.16735499,0.16726135,0.16728155,0.1674266,0.16770749,0.16813526,0.16872093,0.16947551,0.17041,0.17153545,0.17286284,0.17440322,0.17616755,0.17811054,0.18017139,0.1823379,0.18459788,0.18693916,0.1893495,0.19181673,0.19432868,0.19687314,0.19943793,0.20201083,0.20457965,0.20713224,0.20965637,0.21213986,0.21457055,0.21693617,0.21922462,0.22142363,0.22352107,0.2255047,0.22736232,0.22908184,0.23065098,0.23205754,0.23328935,0.23433426,0.23517999,0.23581444,0.23622535,0.23640059,0.2363279,0.23601156,0.23547117,0.23471786,0.2337626,0.23261644,0.23129025,0.22979523,0.22814232,0.22634253,0.22440688,0.22234635,0.22017203,0.21789488,0.21552595,0.21307617,0.2105567,0.20797846,0.20535249,0.20268977,0.20000139,0.19729829,0.19459154,0.19189212,0.18921106,0.18655936,0.18394808,0.18138818,0.17889073,0.1764667,0.17412716,0.17188305,0.16974542,0.16779275,0.16608796,0.16461883,0.16337326,0.16233903,0.16150388,0.16085568,0.16038226,0.16007139,0.15991086,0.1598885,0.15999211,0.16020954,0.16052856,0.16093697
0.1686504,0.16821143,0.1678423,0.16755393,0.1673574,0.16726375,0.16728398,0.16742906,0.16771004,0.16813797,0.16872382,0.16947868,0.17041354,0.17153935,0.17286718,0.17440808,0.17617305,0.17811672,0.18017833,0.18234564,0.18460648,0.18694858,0.18935987,0.19182806,0.19434096,0.19688639,0.19945215,0.20202608,0.20459591,0.20714948,0.2096746,0.21215898,0.21459062,0.2169572,0.21924646,0.2214463,0.22354446,0.22552882,0.22738713,0.22910716,0.23067679,0.23208377,0.23331597,0.23436111,0.23520699,0.23584147,0.23625234,0.23642734,0.23635434,0.23603754,0.23549673,0.23474285,0.23378691,0.23264003,0.23131311,0.22981726,0.22816345,0.2263627,0.2244261,0.22236459,0.22018915,0.21791096,0.21554086,0.21308994,0.21056928,0.20798984,0.20536265,0.2026987,0.20000908,0.19730473,0.19459671,0.19189602,0.18921372,0.18656085,0.18394834,0.18138725,0.17888862,0.17646345,0.17412272,0.17187755,0.16973889,0.16778524,0.16607961,0.16460977,0.16336356,0.16232881,0.16149329,0.16084477,0.1603711,0.16006006,0.15989946,0.15987709,0.15998076,0.1601983,0.1605175,0.16092609
0.16863704,0.16819876,0.16783021,0.16754234,0.16734615,0.16725264,0.16727282,0.16741766,0.16769823,0.16812545,0.16871038,0.16946398,0.1703973,0.17152132,0.17284702,0.17438546,0.17614755,0.17808805,0.1801462,0.18230982,0.18456675,0.18690479,0.18931182,0.1917756,0.19428405,0.19682491,0.19938608,0.20195536,0.20452057,0.20706955,0.20959015,0.2120702,0.21449746,0.21685988,0.2191452,0.22134127,0.2234359,0.225417,0.2272723,0.22898968,0.23055701,0.23196204,0.2331927,0.23423667,0.23508193,0.23571624,0.23612738,0.23630333,0.23623173,0.23591688,0.23537838,0.23462714,0.23367418,0.23253055,0.23120724,0.22971514,0.22806545,0.22626904,0.22433695,0.22228016,0.22010966,0.21783653,0.2154717,0.21302621,0.21051097,0.20793714,0.20531556,0.20265734,0.19997348,0.19727494,0.1945727,0.1918778,0.18920125,0.18655406,0.18394716,0.18139163,0.17889847,0.17647862,0.1741431,0.17190297,0.16976917,0.16781999,0.16611825,0.16465181,0.16340847,0.16237609,0.16154246,0.16089544,0.16042288,0.16011253,0.1599523,0.15992999,0.16003343,0.16025043,0.16056888,0.16097659
0.168609,0.16817226,0.16780494,0.16751803,0.16732249,0.16722931,0.16724941,0.16739377,0.16767338,0.16809916,0.16868213,0.16943316,0.17036332,0.17148352,0.17280473,0.17433792,0.17609406,0.17802791,0.18007882,0.1822347,0.18448342,0.1868129,0.18921098,0.1916656,0.19416462,0.19669592,0.19924745,0.201807,0.20436253,0.20690191,0.20941302,0.2118838,0.2143021,0.21665576,0.21893275,0.22112092,0.22320816,0.22518241,0.22703142,0.22874328,0.23030566,0.23170662,0.23293398,0.23397566,0.23481952,0.23545346,0.23586532,0.23604311,0.23597462,0.2356638,0.23513004,0.23438433,0.23343763,0.23230085,0.23098494,0.22950096,0.22785981,0.22607249,0.22414993,0.22210309,0.21994294,0.21768048,0.2153266,0.21289237,0.21038868,0.20782652,0.20521684,0.20257063,0.19989882,0.19721241,0.19452232,0.19183955,0.18917507,0.18653981,0.18394475,0.18140085,0.17891909,0.17651042,0.17418581,0.17195626,0.16983268,0.16789289,0.16619937,0.16474003,0.16350268,0.16247527,0.16164565,0.16100182,0.16053148,0.16022263,0.16006316,0.16004097,0.16014388,0.16035987,0.1606768,0.1610825
0.16856791,0.16813332,0.16776784,0.16748236,0.1672878,0.1671951,0.1672151,0.16735873,0.16763692,0.16806059,0.16864061,0.16938792,0.17031345,0.17142805,0.17274268,0.17426823,0.1760156,0.17793967,0.17997995,0.18212445,0.18436117,0.18667802,0.18906303,0.19150415,0.19398937,0.19650663,0.19904396,0.2015893,0.20413062,0.20665592,0.20915318,0.21161032,0.21401535,0.21635629,0.21862105,0.22079763,0.222874,0.22483811,0.22667806,0.22838162,0.22993691,0.23133188,0.23255448,0.2335927,0.2344345,0.23506793,0.23548084,0.23566133,0.23559727,0.23529243,0.23476568,0.23402812,0.23309048,0.23196377,0.23065887,0.22918665,0.22755814,0.22578406,0.2238755,0.22184324,0.2196983,0.21745148,0.2151138,0.21269609,0.21020927,0.2076643,0.20507206,0.20244338,0.19978932,0.1971207,0.19444843,0.19178341,0.18913658,0.1865189,0.18394117,0.18141435,0.17894937,0.17655714,0.17424852,0.17203446,0.16992584,0.16799986,0.16631843,0.16486943,0.16364089,0.16262078,0.16179709,0.16115777,0.16069083,0.1603842,0.16022587,0.16020384,0.16030602,0.16052043,0.16083513,0.16123796
0.16851526,0.16808347,0.16772033,0.1674367,0.16724339,0.16715124,0.16717114,0.16731387,0.16759026,0.16801122,0.1685875,0.16933003,0.1702496,0.17135704,0.17266323,0.17417896,0.17591512,0.17782666,0.17985335,0.18198335,0.18420462,0.18650538,0.1888736,0.19129749,0.193765,0.19626433,0.19878349,0.2013106,0.20383374,0.20634098,0.20882046,0.2112602,0.21364832,0.21597287,0.21822196,0.22038369,0.22244614,0.22439738,0.22622548,0.2279186,0.22946475,0.23085205,0.23206858,0.23310243,0.23394161,0.23457435,0.2349886,0.23517253,0.23511422,0.23481695,0.23429927,0.23357208,0.23264611,0.23153223,0.23024136,0.22878432,0.22717181,0.22541481,0.22352412,0.22151059,0.21938504,0.21715832,0.21484129,0.21244475,0.20997955,0.20745657,0.20488659,0.20228048,0.19964908,0.19700325,0.19435376,0.19171156,0.18908736,0.1864921,0.1839366,0.18143165,0.17898816,0.1766169,0.17432876,0.17213458,0.17004515,0.16813686,0.1664708,0.16503513,0.16381785,0.1628071,0.16199096,0.16135752,0.16089481,0.160591,0.16043413,0.16041231,0.16051356,0.16072601,0.16103779,0.16143693
