0.10658455,0.1060436,0.10558867,0.10523333,0.10499114,0.1048757,0.10490061,0.105079405,0.10542571,0.105953075,0.10667507,0.10760531,0.10875736,0.11014484,0.11178124,0.113680236,0.11585533,0.11815311,0.12041367,0.12264083,0.124838494,0.1270105,0.12916063,0.1312928,0.13341083,0.13551861,0.13761996,0.13971879,0.14181885,0.14392406,0.14603825,0.1481653,0.15030901,0.15247326,0.15466195,0.15687884,0.15912785,0.16141282,0.16373758,0.16610597,0.16852185,0.17098914,0.17351161,0.17609312,0.17873757,0.18144876,0.18423054,0.18708685,0.19002143,0.19285387,0.19541016,0.19770391,0.19974872,0.20155811,0.2031457,0.20452502,0.20570971,0.20671336,0.20754951,0.20823176,0.20877369,0.20918883,0.20949079,0.20969321,0.2098096,0.20985357,0.2098387,0.20977852,0.2096867,0.20957679,0.2094623,0.20935686,0.20927407,0.20922753,0.20923074,0.20929733,0.2094409,0.20967498,0.21001317,0.2104691,0.21105625,0.21167317,0.21221173,0.21267584,0.21306935,0.21339612,0.21365997,0.2138647,0.21401428,0.2141125,0.21416321,0.21417028,0.21413754,0.21406884,0.21396805,0.21383904
0.106372625,0.10582898,0.10537179,0.10501469,0.10477132,0.10465529,0.10468033,0.10486,0.10520804,0.10573803,0.10646361,0.10739849,0.10855624,0.109950565,0.11159509,0.11350348,0.11568935,0.11799828,0.12026929,0.12250633,0.12471333,0.12689418,0.1290528,0.13119313,0.1333191,0.1354346,0.13754357,0.13964991,0.14175758,0.14387044,0.1459925,0.14812759,0.15027969,0.15245269,0.15465054,0.15687712,0.15913638,0.16143224,0.16376857,0.16614941,0.16857857,0.17106003,0.17359766,0.17619541,0.17885719,0.18158695,0.1843886,0.18726604,0.19022317,0.19307822,0.19565573,0.1979694,0.20003289,0.20185979,0.2034638,0.20485853,0.20605768,0.20707482,0.20792367,0.20861784,0.20917097,0.20959672,0.20990877,0.21012071,0.21024622,0.21029896,0.21029253,0.21024063,0.2101569,0.21005495,0.20994847,0.20985107,0.20977643,0.20973818,0.20974997,0.20982547,0.20997824,0.21022205,0.21057048,0.21103719,0.21163581,0.21226378,0.21281205,0.2132845,0.2136851,0.2140177,0.21428625,0.2144947,0.21464698,0.21474695,0.21479857,0.21480575,0.21477243,0.2147025,0.21459992,0.21446857
0.106194384,0.10564852,0.10518943,0.10483082,0.104586445,0.10446995,0.10449508,0.10467551,0.10502497,0.10555714,0.10628575,0.107224494,0.10838706,0.10978717,0.111438505,0.11335482,0.11554978,0.11786806,0.12014789,0.12239324,0.12460807,0.1267964,0.12896213,0.13110931,0.13324192,0.13536392,0.1374793,0.139592,0.14170605,0.14382537,0.14595403,0.14809588,0.15025504,0.15243536,0.15464094,0.15687564,0.15914355,0.16144857,0.16379471,0.16618596,0.16862625,0.17111962,0.17367001,0.17628142,0.1789578,0.18170318,0.18452145,0.18741673,0.19039287,0.19326687,0.19586223,0.19819267,0.20027186,0.20211352,0.20373133,0.20513898,0.20635024,0.20737877,0.20823832,0.20894252,0.2095051,0.20993978,0.21026027,0.21048023,0.21061341,0.21067353,0.21067427,0.21062928,0.21055235,0.21045715,0.21035735,0.21026671,0.2101989,0.21016765,0.21018663,0.21026957,0.21043019,0.21068214,0.21103916,0.21151498,0.21212323,0.21276052,0.21331692,0.21379636,0.2142029,0.21454044,0.21481298,0.21502452,0.21517904,0.2152805,0.21533293,0.21534021,0.21530639,0.21523544,0.21513131,0.21499799
0.106055185,0.10550753,0.10504696,0.1046872,0.10444203,0.10432516,0.10435036,0.10453139,0.10488198,0.10541589,0.106146835,0.107088596,0.108254924,0.10965954,0.11131625,0.11323871,0.115440756,0.117766365,0.12005305,0.122304864,0.12452585,0.12671998,0.12889132,0.13104388,0.13318168,0.13530871,0.13742909,0.13954677,0.1416658,0.14379017,0.14592393,0.14807114,0.15023576,0.15242183,0.1546334,0.15687452,0.15914914,0.16146134,0.16381511,0.16621448,0.1686635,0.1711662,0.17372653,0.1763486,0.17903638,0.18179394,0.18462528,0.1875344,0.19052538,0.19341426,0.19602355,0.19836709,0.20045854,0.2023117,0.20394029,0.2053581,0.20657879,0.20761624,0.20848404,0.2091961,0.20976609,0.21020775,0.21053481,0.21076107,0.21090025,0.2109661,0.21097238,0.21093287,0.2108612,0.21077128,0.21067673,0.21059132,0.21052888,0.21050312,0.21052772,0.21061648,0.21078315,0.21104151,0.21140525,0.21188813,0.21250392,0.2131485,0.21371123,0.2141962,0.21460736,0.21494876,0.21522443,0.21543838,0.21559466,0.21569727,0.21575026,0.21575767,0.21572347,0.21565168,0.21554638,0.21541157
0.105960295,0.10541145,0.104949854,0.10458932,0.10434359,0.10422649,0.10425176,0.10443319,0.10478453,0.10531958,0.10605214,0.10699597,0.10816485,0.10957257,0.111232884,0.11315958,0.115366444,0.11769702,0.119988434,0.122244686,0.12446982,0.12666792,0.12884304,0.13099925,0.13314061,0.13527112,0.13739489,0.13951594,0.14163834,0.14376616,0.14590345,0.14805426,0.15022261,0.15241264,0.1546283,0.15687373,0.15915297,0.16147001,0.163829,0.16623393,0.16868891,0.17119789,0.17376505,0.1763944,0.17908995,0.1818558,0.18469603,0.18761465,0.1906157,0.1935147,0.19613352,0.19848594,0.20058577,0.20244676,0.2040827,0.2055074,0.20673457,0.20777802,0.20865156,0.20936893,0.20994394,0.21039031,0.21072191,0.21095243,0.21109575,0.2111655,0.21117559,0.21113974,0.21107173,0.21098533,0.21089442,0.21081261,0.2107538,0.21073173,0.21076016,0.2108529,0.21102375,0.21128643,0.21165475,0.21214248,0.21276338,0.21341291,0.21398003,0.21446869,0.214883,0.21522704,0.21550483,0.21572044,0.21587792,0.21598133,0.21603474,0.21604215,0.2160077,0.21593536,0.21582925,0.2156934
0.10591508,0.10536565,0.104903586,0.10454267,0.10429669,0.10417947,0.10420475,0.104386374,0.10473808,0.10527371,0.106007025,0.10695185,0.108121924,0.10953111,0.11119314,0.11312186,0.11533103,0.11766398,0.11995761,0.122215964,0.12444311,0.1266431,0.12882003,0.13097797,0.13312103,0.13525319,0.13737859,0.13950126,0.14162527,0.14375472,0.1458937,0.14804621,0.15021639,0.15240823,0.1546259,0.15687338,0.15915477,0.16147417,0.16383566,0.1662432,0.16870098,0.17121303,0.17378339,0.17641623,0.17911547,0.18188533,0.18472973,0.18765289,0.19065878,0.19356255,0.1961859,0.19854261,0.20064642,0.20251116,0.20415059,0.20557855,0.2068088,0.20785515,0.20873143,0.20945133,0.21002874,0.2104774,0.21081112,0.21104366,0.21118893,0.21126054,0.21127245,0.21123834,0.21117201,0.21108738,0.21099815,0.21091805,0.21086098,0.21084069,0.21087097,0.21096562,0.2111384,0.21140318,0.21177365,0.21226369,0.21288708,0.21353896,0.2141081,0.21459857,0.21501438,0.21535969,0.21563846,0.21585488,0.21601292,0.21611671,0.21617033,0.21617779,0.21614318,0.21607059,0.2159641,0.21582772
0.10592483,0.10537552,0.10491358,0.10455273,0.10430682,0.1041896,0.104214884,0.104396455,0.104748085,0.1052836,0.106016755,0.10696137,0.10813119,0.10954003,0.11120173,0.11313,0.11533867,0.11767114,0.119964264,0.12222216,0.12444886,0.12664846,0.128825,0.13098258,0.13312526,0.13525707,0.13738212,0.13950443,0.1416281,0.14375721,0.14589581,0.14804794,0.15021771,0.15240917,0.15462638,0.15687343,0.1591544,0.16147327,0.1638342,0.16624118,0.16869834,0.17120977,0.17377947,0.17641151,0.17910999,0.18187894,0.18472248,0.18764463,0.19064948,0.19355224,0.19617459,0.19853038,0.20063332,0.20249726,0.20413597,0.2055632,0.2067928,0.20783854,0.20871417,0.20943356,0.21001042,0.21045862,0.21079187,0.21102399,0.2111688,0.21124002,0.21125156,0.21121706,0.21115042,0.2110654,0.21097577,0.2108953,0.21083784,0.21081719,0.21084704,0.21094131,0.21111369,0.211378,0.21174802,0.21223754,0.21286039,0.21351178,0.21408047,0.21457054,0.21498604,0.21533103,0.21560964,0.21582587,0.21598382,0.2160875,0.21614106,0.21614851,0.21611395,0.21604145,0.215935,0.21579875
0.10599487,0.10544648,0.10498526,0.10462501,0.1043795,0.10426247,0.1042877,0.10446895,0.10482004,0.10535469,0.10608666,0.10702974,0.10819768,0.109604254,0.11126326,0.11318843,0.11539353,0.117722295,0.12001198,0.12226663,0.124490224,0.1266869,0.12886062,0.13101551,0.13315555,0.13528481,0.13740735,0.13952717,0.14164835,0.14377491,0.14591092,0.14806038,0.15022741,0.15241596,0.15463018,0.15687402,0.15915154,0.16146684,0.16382393,0.16622683,0.16867962,0.17118634,0.17375103,0.1763777,0.17907046,0.18183327,0.18467025,0.18758541,0.1905828,0.1934781,0.19609344,0.19844264,0.20053941,0.20239754,0.2040308,0.20545295,0.2066778,0.20771904,0.20859051,0.20930593,0.20987912,0.21032377,0.21065372,0.21088268,0.21102445,0.21109281,0.2111015,0.2110643,0.21099499,0.2109073,0.21081504,0.21073191,0.21067178,0.2106484,0.21067543,0.21076673,0.21093605,0.21119715,0.21156381,0.21204977,0.21266882,0.21331654,0.21388204,0.21436937,0.21478252,0.21512559,0.21540263,0.21561763,0.21577467,0.2158778,0.21593103,0.21593843,0.2159041,0.21583195,0.21572615,0.21559067
0.10613053,0.10558386,0.10512409,0.10476496,0.10452021,0.10440355,0.10442872,0.104609415,0.10495938,0.10549236,0.10622203,0.10716218,0.108326465,0.10972865,0.11138245,0.11330159,0.115499765,0.117821425,0.1201044,0.12235272,0.124570355,0.12676135,0.12892966,0.1310793,0.13321431,0.1353386,0.13745627,0.13957126,0.14168757,0.14380923,0.14594021,0.14808452,0.15024619,0.15242916,0.15463747,0.1568751,0.15914612,0.1614544,0.16380407,0.16619903,0.16864334,0.17114097,0.17369592,0.17631222,0.17899384,0.18174481,0.18456908,0.18747069,0.19045363,0.19333448,0.19593623,0.19827266,0.20035748,0.2022044,0.20382717,0.20523946,0.20645508,0.20748769,0.208351,0.2090588,0.20962477,0.21006262,0.21038617,0.21060902,0.21074496,0.2108077,0.21081096,0.21076849,0.210694,0.21060118,0.21050382,0.21041559,0.21035026,0.21032147,0.21034302,0.21042867,0.21059205,0.21084693,0.21120705,0.21168609,0.21229783,0.21293846,0.21349776,0.2139797,0.21438839,0.21472768,0.21500169,0.21521434,0.21536966,0.21547164,0.2155243,0.21553166,0.21549763,0.21542631,0.21532167,0.21518765
0.10633717,0.105793096,0.1053355,0.104978114,0.10473452,0.104618415,0.10464346,0.104823306,0.10517161,0.10570203,0.1064282,0.10736384,0.10852256,0.109918036,0.11156391,0.113473885,0.11566158,0.11797235,0.12024513,0.12248384,0.12469238,0.12687472,0.12903476,0.13117647,0.13330375,0.13542052,0.13753077,0.13963838,0.1417473,0.14386149,0.14598481,0.1481213,0.15027478,0.15244925,0.15464863,0.15687683,0.1591378,0.1614355,0.16377376,0.16615668,0.16858806,0.1710719,0.17361206,0.1762125,0.17887722,0.18161008,0.18441503,0.187296,0.19025695,0.19311574,0.19569685,0.19801384,0.20008044,0.20191029,0.20351705,0.20491436,0.20611589,0.2071353,0.20798627,0.20868243,0.20923746,0.209665,0.20997873,0.21019223,0.21031931,0.21037352,0.21036851,0.210318,0.21023561,0.210135,0.21002981,0.20993379,0.2098605,0.20982362,0.20983687,0.20991382,0.2100682,0.2103136,0.21066374,0.21113224,0.2117328,0.21236262,0.21291251,0.21338639,0.21378814,0.21412171,0.2143911,0.21460015,0.21475285,0.21485312,0.2149049,0.21491212,0.21487871,0.21480857,0.21470566,0.21457392
0.106620006,0.106079526,0.10562496,0.10526991,0.10502792,0.10491259,0.10493747,0.10511611,0.105462134,0.105989076,0.106710464,0.10763995,0.10879106,0.110177346,0.111812405,0.11370979,0.11588309,0.118179016,0.120437816,0.12266336,0.12485945,0.12702994,0.12917864,0.13130946,0.13342619,0.13553266,0.13763277,0.13973029,0.14182912,0.14393303,0.14604591,0.1481716,0.15031391,0.15247676,0.15466386,0.15687913,0.15912643,0.16140957,0.16373236,0.1660987,0.16851239,0.1709773,0.1734972,0.17607601,0.17871754,0.18142563,0.18420412,0.18705684,0.18998766,0.19281632,0.19536905,0.19765949,0.19970116,0.2015076,0.20309243,0.20446923,0.2056515,0.20665288,0.2074869,0.20816715,0.20870717,0.20912054,0.20942084,0.20962165,0.20973653,0.20977905,0.20976272,0.2097012,0.209608,0.20949675,0.20938091,0.20927417,0.20919001,0.20914206,0.20914386,0.20920898,0.20935096,0.20958343,0.20991991,0.21037403,0.21095927,0.21157432,0.21211126,0.212574,0.21296631,0.21329208,0.21355511,0.21375929,0.21390839,0.21400632,0.21405686,0.21406391,0.21403128,0.21396278,0.2138623,0.21373367
0.106984474,0.10644859,0.1059979,0.10564587,0.10540596,0.10529161,0.105316274,0.1054934,0.10583645,0.106358886,0.10707416,0.10799568,0.109136984,0.11051146,0.112132534,0.114013754,0.116168484,0.11844527,0.12068609,0.12289466,0.12507468,0.12722991,0.12936406,0.13148081,0.13358396,0.13567717,0.13776417,0.1398487,0.14193445,0.1440252,0.1461246,0.14823641,0.15036437,0.15251215,0.1546835,0.1568821,0.15911178,0.16137616,0.163679,0.16602398,0.16841488,0.17085539,0.17334923,0.17590012,0.17851181,0.18118799,0.18393236,0.18674873,0.1896407,0.19243051,0.19494677,0.19720294,0.19921248,0.2009888,0.2025454,0.2038957,0.20505321,0.20603132,0.20684355,0.20750326,0.20802395,0.2084191,0.20870213,0.2088865,0.2089857,0.20901312,0.20898224,0.20890652,0.20879944,0.2086744,0.20854485,0.2084243,0.20832616,0.20826389,0.20825097,0.2083008,0.20842688,0.20864265,0.20896158,0.20939708,0.20996262,0.2105586,0.21107894,0.21152732,0.21190749,0.21222317,0.21247807,0.21267587,0.21282038,0.21291529,0.21296428,0.21297114,0.21293947,0.21287312,0.21277574,0.21265107
0.1074358,0.10690563,0.106459774,0.1061115,0.105874136,0.10576101,0.10578541,0.105960645,0.10630004,0.1068169,0.10752454,0.10843627,0.10956536,0.11092519,0.112529,0.11439015,0.11652195,0.11877501,0.12099355,0.12318109,0.12534124,0.12747757,0.12959366,0.13169305,0.13377935,0.13585609,0.13792692,0.13999534,0.14206497,0.14413932,0.14622205,0.1483167,0.15042682,0.15255602,0.1547078,0.15688582,0.15909362,0.1613348,0.16361289,0.1659315,0.16829413,0.17070445,0.17316598,0.17568232,0.17825703,0.18089367,0.18359582,0.18636708,0.18921103,0.1919527,0.19442378,0.19663753,0.19860727,0.20034629,0.20186792,0.2031855,0.20431226,0.20526156,0.20604675,0.20668104,0.20717783,0.20755035,0.20781204,0.20797609,0.20805581,0.20806457,0.20801565,0.20792235,0.20779803,0.20765594,0.20750944,0.2073718,0.2072563,0.20717636,0.20714518,0.20717609,0.20728248,0.20747755,0.2077747,0.20818718,0.20872834,0.20930073,0.20980048,0.2102311,0.2105962,0.21089938,0.2111442,0.21133418,0.21147299,0.21156408,0.21161115,0.2116177,0.21158732,0.21152359,0.21143007,0.21131037
0.10797937,0.107456096,0.107016005,0.10667224,0.10643796,0.106326304,0.10635038,0.106523365,0.10685836,0.107368514,0.10806697,0.10896685,0.110081315,0.11142347,0.113006495,0.1148435,0.11694762,0.119172126,0.1213638,0.12352607,0.12566228,0.12777585,0.12987016,0.13194865,0.13401465,0.13607162,0.13812292,0.14017196,0.14222212,0.14427681,0.14633942,0.14841338,0.15050203,0.15260884,0.15473711,0.15689032,0.1590718,0.16128498,0.16353326,0.16582005,0.16814871,0.17052266,0.17294529,0.17541997,0.17795017,0.18053925,0.18319055,0.1859075,0.18869355,0.19137731,0.19379394,0.1959566,0.1978784,0.19957249,0.20105201,0.20233011,0.2034199,0.20433456,0.20508716,0.20569086,0.20615883,0.20650418,0.20674005,0.2068796,0.20693594,0.20692225,0.20685159,0.20673715,0.20659205,0.20642944,0.20626244,0.20610422,0.20596789,0.20586658,0.20581344,0.2058216,0.20590425,0.20607442,0.20634535,0.20673013,0.20724188,0.20778587,0.20826076,0.20867002,0.20901702,0.20930512,0.20953779,0.20971836,0.20985022,0.20993686,0.20998155,0.20998779,0.20995891,0.20989835,0.20980945,0.2096957
0.1086205,0.10810532,0.10767204,0.10733363,0.107102975,0.10699304,0.10701676,0.10718704,0.10751684,0.108019084,0.108706705,0.10959266,0.11068984,0.1120112,0.11356967,0.115378186,0.117449686,0.11964052,0.12180054,0.123932935,0.12604092,0.12812763,0.13019627,0.13225009,0.13429219,0.13632578,0.1383541,0.14038023,0.14240749,0.14443895,0.1464779,0.14852743,0.15059078,0.15267111,0.15477164,0.15689556,0.15904602,0.16122621,0.16343935,0.16568862,0.1679772,0.17030826,0.172685,0.17511061,0.17758827,0.18012118,0.18271251,0.18536544,0.18808323,0.19069862,0.19305106,0.19515346,0.19701874,0.19865984,0.2000897,0.20132124,0.20236742,0.20324114,0.20395535,0.20452297,0.20495696,0.20527025,0.20547576,0.20558639,0.20561515,0.2055749,0.20547862,0.20533922,0.20516966,0.2049828,0.20479172,0.20460919,0.20444827,0.20432179,0.20424275,0.20422408,0.20427868,0.20441951,0.20465949,0.20501155,0.20548865,0.2059991,0.20644477,0.20682879,0.20715444,0.20742477,0.20764309,0.20781252,0.20793632,0.20801756,0.20805953,0.20806536,0.2080383,0.20798145,0.20789808,0.2077913
0.10936446,0.108858705,0.108433336,0.10810109,0.10787467,0.10776673,0.10779002,0.107957184,0.10828098,0.108774036,0.109449096,0.110318854,0.11139598,0.11269318,0.11422318,0.11599864,0.11803229,0.12018403,0.12230733,0.124405086,0.12648031,0.12853587,0.13057473,0.13259989,0.13461423,0.13662073,0.13862233,0.14062196,0.14262258,0.14462711,0.14663853,0.14865977,0.15069373,0.15274344,0.15481173,0.15690164,0.1590161,0.16115804,0.16333039,0.16553612,0.16777816,0.17005944,0.17238292,0.17475158,0.1771683,0.17963605,0.18215777,0.18473645,0.18737495,0.18991111,0.19218901,0.19422145,0.19602118,0.1976008,0.19897297,0.20015052,0.20114608,0.20197234,0.20264196,0.2031677,0.20356226,0.2038383,0.20400858,0.20408571,0.2040824,0.2040114,0.20388535,0.20371701,0.20351905,0.20330411,0.20308496,0.20287429,0.20268479,0.20252915,0.20242003,0.2023702,0.2023923,0.20249905,0.20270315,0.20301726,0.20345415,0.20392573,0.2043374,0.20469218,0.20499298,0.20524277,0.20544443,0.20560096,0.2057153,0.20579037,0.20582913,0.20583451,0.20580949,0.20575699,0.20567998,0.20558134
0.11021662,0.10972162,0.10930535,0.108980194,0.10875858,0.108652964,0.10867575,0.10883935,0.10915622,0.10963878,0.110299446,0.111150645,0.11220481,0.11347437,0.114971735,0.11670934,0.11869962,0.1208066,0.122887805,0.1249459,0.12698357,0.12900344,0.13100824,0.13300058,0.13498314,0.13695858,0.1389296,0.14089884,0.14286897,0.14484262,0.14682253,0.14881131,0.15081166,0.15282622,0.15485765,0.15690865,0.15898184,0.16107993,0.1632056,0.16536145,0.16755018,0.16977447,0.17203696,0.17434034,0.17668726,0.17908038,0.1815224,0.18401596,0.18656372,0.189009,0.19120163,0.19315399,0.19487853,0.1963877,0.1976939,0.19880958,0.19974713,0.20051901,0.2011376,0.2016154,0.20196477,0.20219818,0.20232804,0.20236677,0.20232677,0.20222053,0.20206043,0.20185891,0.20162839,0.20138131,0.20113008,0.20088716,0.20066494,0.20047584,0.2003323,0.20024677,0.20023163,0.20029935,0.20046233,0.20073302,0.20112382,0.20155083,0.20192362,0.2022449,0.20251726,0.20274343,0.20292604,0.20306781,0.20317133,0.2032393,0.2032744,0.20327932,0.20325664,0.2032091,0.20313935,0.20305002
0.11107453,0.11059067,0.11018376,0.1098659,0.10964928,0.109546036,0.109568305,0.10972822,0.11003798,0.11050969,0.11115551,0.11198757,0.11301804,0.114259064,0.115722775,0.11742134,0.1193669,0.12142782,0.12346598,0.12548374,0.12748346,0.12946747,0.13143812,0.13339783,0.13534889,0.13729367,0.13923453,0.14117378,0.14311387,0.14505704,0.14700575,0.14896232,0.15092906,0.15290837,0.15490259,0.15691404,0.15894517,0.16099824,0.16307561,0.16517973,0.16731288,0.1694774,0.17167567,0.17391007,0.17618285,0.17849651,0.1808533,0.18325564,0.18570583,0.1880532,0.19015358,0.19201912,0.19366199,0.1950943,0.19632813,0.1973758,0.19824934,0.19896095,0.1995227,0.19994678,0.20024537,0.20043054,0.20051457,0.20050947,0.20042743,0.20028062,0.20008114,0.19984123,0.19957295,0.19928846,0.19899991,0.19871949,0.19845931,0.19823153,0.19804825,0.1979217,0.19786394,0.19788721,0.19800359,0.19822522,0.1985643,0.19894138,0.19927062,0.19955434,0.19979489,0.19999461,0.20015587,0.20028108,0.2003725,0.20043257,0.20046356,0.20046787,0.20044787,0.20040585,0.20034428,0.20026541
0.111838736,0.11136531,0.11096715,0.11065618,0.11044423,0.1103432,0.110365,0.11052148,0.11082455,0.1112861,0.11191796,0.11273208,0.113740325,0.11495456,0.11638673,0.11804864,0.11995222,0.121970184,0.123968676,0.12594971,0.1279153,0.12986745,0.1318082,0.13373955,0.1356635,0.13758206,0.13949731,0.1414112,0.14332576,0.14524299,0.14716491,0.14909361,0.151031,0.1529791,0.15494002,0.15691568,0.1589081,0.1609194,0.16295144,0.16500631,0.16708608,0.16919266,0.17132816,0.1734945,0.17569375,0.177928,0.18019909,0.18250912,0.18486015,0.18710752,0.18911327,0.19088922,0.19244723,0.19379932,0.19495723,0.19593291,0.19673823,0.19738512,0.19788541,0.19825098,0.19849378,0.19862562,0.19865844,0.19860408,0.19847448,0.19828147,0.19803697,0.19775285,0.197441,0.19711329,0.19678162,0.19645785,0.19615397,0.1958817,0.19565304,0.19547984,0.19537401,0.19534743,0.19541192,0.1955794,0.19586179,0.19618444,0.19646615,0.19670889,0.19691469,0.1970856,0.19722357,0.19733065,0.19740888,0.19746028,0.1974868,0.19749047,0.19747339,0.19743747,0.19738474,0.19731724
0.1125189,0.11205531,0.11166542,0.11136089,0.11115333,0.111054406,0.111075744,0.11122899,0.11152576,0.11197772,0.1125965,0.113393724,0.11438106,0.11557013,0.116972536,0.11859998,0.12046408,0.12244185,0.1244037,0.12635122,0.12828614,0.13021004,0.1321246,0.13403146,0.13593227,0.13782874,0.13972239,0.14161494,0.14350808,0.1454034,0.14730257,0.14920725,0.15111907,0.15303968,0.15497074,0.15691386,0.15887076,0.16084301,0.16283233,0.16484037,0.1668687,0.16891903,0.17099299,0.17309222,0.1752184,0.17737319,0.17955819,0.18177503,0.18402547,0.18617097,0.18807985,0.18976371,0.1912342,0.19250296,0.19358161,0.19448178,0.19521518,0.19579342,0.19622807,0.19653083,0.19671333,0.19678721,0.19676408,0.19665562,0.19647346,0.19622923,0.19593455,0.19560109,0.19524044,0.19486429,0.19448426,0.19411205,0.19375913,0.19343731,0.19315818,0.19293332,0.19277443,0.19269313,0.19270106,0.19280984,0.19303112,0.19329524,0.19352584,0.19372454,0.193893,0.19403291,0.19414586,0.1942335,0.19429754,0.1943396,0.19436131,0.19436435,0.19435032,0.19432093,0.19427778,0.1942225
0.11312475,0.11267044,0.11228834,0.1119899,0.1117865,0.11168955,0.11171047,0.11186063,0.11215149,0.11259439,0.11320078,0.11398207,0.114949636,0.11611492,0.11748928,0.11908415,0.12091094,0.12285096,0.12477882,0.12669574,0.12860297,0.13050182,0.13239354,0.13427934,0.1361605,0.13803832,0.13991407,0.14178893,0.14366424,0.1455412,0.14742114,0.14930525,0.15119489,0.15309119,0.15499549,0.15690903,0.15883309,0.16076896,0.16271779,0.16468096,0.16665962,0.16865517,0.17066874,0.17270166,0.17475522,0.17683056,0.17892906,0.18105194,0.18320045,0.18524244,0.18705252,0.18864211,0.19002257,0.19120537,0.19220187,0.19302346,0.19368158,0.19418763,0.194553,0.19478911,0.19490737,0.19491915,0.19483595,0.19466905,0.19442995,0.19412999,0.19378063,0.19339325,0.19297923,0.19255005,0.19211707,0.19169164,0.19128524,0.19090927,0.19057511,0.19029415,0.19007787,0.18993759,0.18988477,0.1899308,0.19008708,0.19028905,0.19046535,0.19061732,0.19074611,0.1908531,0.1909395,0.19100653,0.19105552,0.19108766,0.19110425,0.19110656,0.19109583,0.19107336,0.19104037,0.1909981
0.11366597,0.11322045,0.112845756,0.1125531,0.11235365,0.112258576,0.112279065,0.11242634,0.11271155,0.11314588,0.11374054,0.114506654,0.11545549,0.11659818,0.11794594,0.1195099,0.12130129,0.12320573,0.12510186,0.12699066,0.12887292,0.13074943,0.13262115,0.13448888,0.1363535,0.1382158,0.14007671,0.14193705,0.14379765,0.14565939,0.14752315,0.14938974,0.15126003,0.15313487,0.15501511,0.15690161,0.15879522,0.16069679,0.16260721,0.16452724,0.16645783,0.16839983,0.17035401,0.17232132,0.17430252,0.17629854,0.1783102,0.1803384,0.18238388,0.18432093,0.18603055,0.1875239,0.18881227,0.18990672,0.1908185,0.19155876,0.19213875,0.19256958,0.19286253,0.19302866,0.19307925,0.1930254,0.1928784,0.19264936,0.19234948,0.19198996,0.19158196,0.19113669,0.1906653,0.19017904,0.18968901,0.18920642,0.18874252,0.18830845,0.18791535,0.18757448,0.18729696,0.18709399,0.1869768,0.18695657,0.18704441,0.18718109,0.18730044,0.18740325,0.18749045,0.18756284,0.18762131,0.18766667,0.1876998,0.18772154,0.18773282,0.18773438,0.18772711,0.18771191,0.18768956,0.18766099
0.114152245,0.11371512,0.1133475,0.11306037,0.112864666,0.112771384,0.11279149,0.112935975,0.11321582,0.11364197,0.1142254,0.1149771,0.11590803,0.11702917,0.11835151,0.11988597,0.12164361,0.12351422,0.1253807,0.12724346,0.1291029,0.13095954,0.13281369,0.13466588,0.13651647,0.13836594,0.14021468,0.14206313,0.14391172,0.14576085,0.14761104,0.14946264,0.15131609,0.15317187,0.15503031,0.15689193,0.1587571,0.1606263,0.16249996,0.1643784,0.16626221,0.16815174,0.17004736,0.1719496,0.17385884,0.17577554,0.17770009,0.17963292,0.18157448,0.18340532,0.18501304,0.18640862,0.187603,0.18860716,0.18943207,0.19008876,0.19058812,0.1909412,0.19115892,0.19125228,0.19123222,0.19110975,0.19089583,0.19060147,0.19023755,0.18981518,0.1893452,0.18883866,0.1883065,0.18775973,0.18720931,0.18666618,0.18614136,0.18564579,0.18519044,0.18478633,0.18444438,0.18417563,0.18399096,0.1839014,0.18391794,0.18398666,0.18404667,0.1840984,0.18414223,0.18417864,0.18420802,0.18423085,0.1842475,0.18425845,0.1842641,0.18426488,0.18426122,0.18425357,0.18424232,0.18422797
0.114593275,0.11416424,0.11380339,0.11352155,0.113329455,0.113237895,0.11325765,0.11339948,0.11367414,0.114092425,0.114665106,0.11540291,0.11631663,0.11741709,0.118715025,0.12022118,0.12194636,0.12378468,0.12562309,0.12746154,0.12930009,0.1311387,0.13297738,0.13481605,0.1366548,0.13849355,0.1403323,0.1421711,0.14400986,0.1458486,0.14768736,0.14952609,0.15136473,0.15320334,0.15504195,0.15688041,0.15871885,0.16055721,0.16239545,0.1642336,0.16607165,0.16790956,0.16974738,0.17158501,0.17342257,0.17525993,0.17709713,0.17893416,0.180771,0.18249464,0.1839993,0.1852957,0.1863946,0.18730685,0.18804316,0.18861432,0.18903108,0.18930423,0.18944453,0.18946274,0.18936968,0.18917605,0.18889274,0.18853039,0.1880998,0.18761179,0.1870771,0.18650651,0.18591079,0.18530072,0.18468699,0.18408054,0.183492,0.18293215,0.18241188,0.18194179,0.18153277,0.18119556,0.18094091,0.18077965,0.18072248,0.18072103,0.18071981,0.18071873,0.18071783,0.18071705,0.18071648,0.18071598,0.18071564,0.18071541,0.18071528,0.18071526,0.18071537,0.18071552,0.18071575,0.18071605
0.114998765,0.114577524,0.11422324,0.11394652,0.11375795,0.113668054,0.11368745,0.11382666,0.11409635,0.114507005,0.115069255,0.11579366,0.11669075,0.11777118,0.1190455,0.12052423,0.12221801,0.124025196,0.1258368,0.12765236,0.12947147,0.1312936,0.13311829,0.13494515,0.1367737,0.13860345,0.140434,0.14226481,0.1440955,0.14592554,0.14775455,0.14958201,0.1514075,0.15323053,0.1550507,0.15686747,0.15868047,0.16048913,0.16229314,0.16409191,0.16588505,0.1676721,0.16945261,0.17122604,0.17299205,0.1747501,0.1764998,0.1782406,0.17997213,0.18158779,0.18298844,0.18418461,0.18518694,0.18600595,0.18665227,0.18713637,0.1874689,0.1876605,0.18772161,0.1876629,0.18749495,0.18722822,0.18687344,0.18644105,0.18594168,0.18538594,0.18478437,0.18414755,0.18348606,0.18281046,0.18213134,0.18145926,0.18080482,0.18017855,0.17959109,0.17905295,0.1785748,0.17816707,0.17784049,0.1776055,0.17747276,0.17739944,0.17733544,0.17728029,0.17723355,0.17719473,0.17716336,0.17713903,0.17712125,0.17710961,0.17710356,0.17710274,0.17710662,0.17711478,0.17712677,0.17714213
0.115378365,0.11496476,0.11461691,0.11434517,0.11416002,0.11407176,0.114090785,0.11422748,0.1144923,0.11489553,0.11544758,0.116158895,0.11703979,0.11810068,0.11935192,0.12080391,0.12246707,0.124243945,0.1260297,0.12782337,0.12962402,0.1314308,0.13324277,0.13505895,0.1368785,0.1387005,0.14052406,0.14234817,0.14417198,0.14599459,0.14781508,0.1496325,0.15144598,0.15325457,0.15505737,0.1568535,0.15864196,0.16042191,0.16219243,0.16395253,0.16570139,0.16743805,0.16916163,0.17087114,0.17256579,0.17424455,0.17590655,0.1775509,0.17917664,0.18068373,0.18197973,0.18307494,0.1839798,0.18470466,0.18525992,0.18565594,0.18590316,0.18601191,0.1859926,0.1858556,0.18561131,0.18527009,0.18484233,0.18433847,0.18376882,0.18314376,0.18247372,0.1817691,0.18104023,0.1802975,0.17955133,0.17881204,0.17809011,0.17739585,0.1767397,0.1761319,0.17558303,0.1751034,0.17470331,0.17439327,0.17418358,0.17403713,0.17390934,0.17379916,0.17370573,0.17362818,0.17356555,0.17351696,0.17348145,0.17345811,0.17344609,0.17344442,0.17345221,0.17346847,0.1734924,0.17352305
0.11574185,0.11533573,0.114994176,0.114727385,0.11454558,0.11445891,0.11447761,0.11461185,0.11487183,0.11526774,0.11580983,0.11650822,0.11737315,0.11841479,0.11964337,0.121069014,0.122701995,0.124449156,0.1262096,0.12798195,0.1297649,0.13155697,0.13335685,0.13516313,0.13697456,0.13878953,0.14060684,0.14242509,0.14424285,0.14605878,0.14787152,0.14967965,0.1514818,0.15327667,0.15506278,0.1568388,0.15860339,0.16035515,0.16209264,0.16381459,0.1655195,0.16720611,0.16887306,0.17051886,0.17214218,0.17374165,0.1753159,0.17686355,0.17838326,0.17978145,0.18097231,0.18196608,0.18277295,0.18340307,0.18386666,0.18417391,0.18433507,0.18436028,0.18425968,0.18404362,0.18372214,0.1833055,0.18280393,0.18222761,0.18158668,0.1808914,0.18015194,0.17937844,0.17858121,0.17777038,0.17695612,0.17614867,0.17535822,0.17459491,0.17386907,0.17319074,0.17257026,0.17201766,0.17154329,0.17115724,0.17086978,0.17064944,0.17045705,0.17029129,0.17015074,0.17003399,0.16993976,0.16986662,0.1698132,0.16977814,0.16976002,0.1697575,0.1697692,0.16979371,0.16982973,0.16987583
0.11609886,0.11570018,0.11536491,0.11510301,0.11492453,0.11483947,0.1148578,0.1149896,0.1152448,0.115633465,0.11616558,0.11685118,0.1177002,0.11872274,0.11992875,0.121328264,0.12293128,0.12464889,0.12638429,0.12813559,0.12990105,0.13167873,0.13346684,0.13526353,0.13706698,0.1388753,0.14068672,0.14249936,0.14431138,0.14612098,0.14792624,0.1497254,0.15151659,0.15329793,0.15506767,0.15682392,0.15856479,0.16028856,0.16199327,0.16367716,0.16533837,0.16697507,0.16858537,0.17016754,0.1717196,0.17323978,0.17472625,0.17617719,0.17759071,0.17887984,0.17996544,0.1808576,0.18156624,0.18210138,0.18247306,0.18269128,0.18276605,0.18270735,0.18252525,0.18222971,0.18183075,0.1813384,0.18076259,0.18011342,0.17940086,0.17863488,0.17782561,0.17698292,0.1761169,0.17523755,0.17435482,0.17347878,0.17261943,0.17178677,0.17099081,0.17024156,0.169549,0.16892315,0.16837408,0.16791172,0.16754612,0.16725154,0.16699432,0.16677274,0.16658482,0.1664288,0.16630282,0.16620502,0.16613361,0.16608669,0.16606249,0.16605912,0.16607475,0.16610755,0.1661557,0.16621727
0.1164591,0.1160679,0.1157389,0.115481935,0.1153068,0.11522332,0.11524133,0.11537064,0.11562106,0.116002426,0.11652456,0.117197275,0.118030414,0.11903377,0.12021716,0.121590436,0.12316339,0.124851346,0.12656158,0.12829174,0.13003954,0.1318027,0.13357888,0.13536583,0.13716123,0.13896275,0.14076808,0.14257495,0.14438108,0.14618413,0.14798184,0.14977184,0.15155189,0.15331964,0.15507281,0.15680912,0.15852624,0.16022187,0.16189373,0.1635395,0.16515689,0.16674358,0.16829726,0.16981566,0.17129646,0.17273739,0.17413612,0.17549032,0.17679775,0.17797789,0.17895833,0.1797489,0.18035942,0.18079974,0.18107964,0.18120895,0.1811975,0.18105511,0.1807916,0.18041673,0.17994046,0.17937247,0.17872271,0.17800085,0.1772169,0.17638049,0.17550154,0.17458986,0.17365524,0.17270751,0.17175657,0.17081216,0.16988413,0.16898224,0.16811635,0.16729635,0.16653197,0.16583306,0.16520946,0.16467093,0.16422738,0.16385873,0.16353688,0.1632595,0.16302435,0.1628291,0.16267143,0.16254906,0.1624597,0.16240099,0.1623707,0.16236646,0.16238603,0.16242708,0.16248728,0.16256441
0.116832264,0.11644863,0.11612599,0.11587401,0.11570225,0.115620404,0.11563806,0.11576486,0.11601044,0.11638443,0.116896465,0.11755618,0.11837315,0.11935706,0.12051759,0.12186428,0.1234068,0.12506467,0.12674928,0.12845778,0.13018744,0.13193549,0.13369922,0.1354758,0.13726251,0.13905655,0.14085522,0.14265575,0.14445531,0.14625126,0.14804073,0.14982098,0.1515893,0.15334287,0.15507899,0.15679486,0.15848769,0.1601548,0.1617934,0.16340065,0.16497393,0.16651037,0.16800725,0.16946179,0.17087127,0.17223288,0.17354394,0.17480159,0.17600311,0.17707452,0.17795014,0.17863955,0.1791524,0.17949833,0.17968695,0.17972788,0.1796308,0.17940529,0.17906098,0.17860758,0.17805462,0.1774118,0.1766887,0.17589496,0.17504027,0.17413421,0.17318642,0.1722065,0.17120409,0.17018892,0.16917047,0.16815846,0.16716251,0.16619223,0.16525728,0.16436726,0.1635318,0.16276057,0.16206318,0.16144921,0.16092838,0.16048625,0.1601003,0.15976769,0.15948568,0.15925151,0.15906243,0.15891568,0.1588085,0.15873809,0.15870173,0.15869671,0.15872017,0.15876937,0.15884161,0.15893406
0.11722803,0.11685216,0.11653605,0.116289094,0.11612083,0.116040625,0.11605793,0.116182156,0.1164228,0.116789244,0.11729096,0.11793735,0.11873788,0.11970196,0.120839044,0.12215858,0.12366999,0.12529708,0.12695518,0.12864116,0.13035174,0.13208374,0.13383394,0.13559918,0.13737614,0.13916165,0.14095257,0.14274557,0.14453755,0.14632523,0.14810541,0.14987491,0.15163045,0.15336886,0.15508698,0.1567815,0.15844929,0.16008706,0.16169164,0.16325985,0.16478842,0.16627419,0.1677139,0.16910437,0.17044237,0.17172469,0.17294812,0.17410949,0.17520553,0.17616877,0.1769401,0.177529,0.1779449,0.17819725,0.17829546,0.17824902,0.17806731,0.17775972,0.1773358,0.17680493,0.17617655,0.17546009,0.174665,0.17380069,0.17287663,0.17190225,0.17088695,0.16984022,0.16877149,0.16769014,0.16660565,0.16552746,0.16446501,0.1634277,0.16242501,0.16146636,0.16056114,0.15971887,0.15894896,0.1582608,0.15766388,0.15714943,0.15670027,0.15631321,0.15598504,0.15571257,0.15549254,0.1553218,0.15519708,0.15511514,0.1550729,0.155067,0.15509428,0.15515156,0.1552356,0.1553432
0.11765615,0.11728824,0.116978824,0.11673713,0.11657241,0.116493896,0.11651087,0.116632454,0.11686797,0.11722665,0.11771771,0.11835042,0.11913394,0.12007758,0.12119056,0.12248208,0.12396143,0.12555663,0.12718713,0.12884934,0.13053954,0.13225411,0.13398935,0.1357417,0.1375074,0.13928285,0.14106439,0.14284837,0.14463115,0.14640903,0.14817841,0.14993559,0.15167694,0.15339881,0.15509751,0.15676945,0.15841094,0.16001834,0.16158798,0.16311617,0.1645993,0.16603374,0.1674158,0.16874182,0.17000817,0.17121118,0.17234722,0.17341262,0.17440371,0.17525944,0.17592739,0.17641677,0.1767368,0.17689678,0.17690584,0.1767733,0.1765084,0.17612031,0.17561835,0.17501168,0.17430954,0.17352124,0.17265597,0.17172298,0.17073148,0.16969071,0.1686099,0.16749834,0.16636519,0.16521975,0.16407125,0.16292888,0.16180189,0.16069959,0.1596311,0.15860572,0.1576327,0.15672119,0.15588056,0.15511996,0.15444866,0.15386344,0.15335248,0.15291221,0.15253891,0.15222894,0.15197864,0.15178438,0.1516425,0.15154931,0.1515012,0.1514945,0.15152554,0.1515907,0.15168633,0.15180874
0.11812626,0.11776662,0.11746417,0.11722794,0.11706693,0.116990186,0.11700676,0.11712562,0.11735585,0.11770643,0.118186444,0.11880491,0.11957077,0.12049319,0.12158112,0.12284358,0.12428962,0.12585156,0.12745295,0.12908973,0.13075784,0.13245316,0.13417158,0.1359091,0.13766156,0.13942493,0.14119509,0.142968,0.14473952,0.14650561,0.14826217,0.1500051,0.15173037,0.15343384,0.15511142,0.15675916,0.1583728,0.15994833,0.1614817,0.16296877,0.16440548,0.16578777,0.16711152,0.16837266,0.16956712,0.1706908,0.17173964,0.17270954,0.1735964,0.1743456,0.17491122,0.17530231,0.17552784,0.17559694,0.17551851,0.1753017,0.17495544,0.17448884,0.17391086,0.17323059,0.172457,0.17159918,0.17066607,0.1696668,0.16861033,0.16750571,0.16636193,0.16518813,0.16399325,0.16278629,0.16157632,0.16037239,0.1591835,0.15801871,0.156887,0.15579744,0.15475903,0.15378079,0.15287179,0.15204103,0.15129754,0.15064359,0.15007262,0.14958063,0.14916348,0.14881712,0.14853741,0.14832032,0.14816175,0.14805765,0.14800388,0.14799638,0.1480311,0.14810394,0.14821076,0.14834756
0.118648075,0.118297115,0.118001945,0.11777139,0.11761428,0.11753937,0.11755553,0.11767152,0.11789622,0.11823838,0.118706815,0.11931037,0.120057836,0.120958045,0.12201973,0.123251796,0.124663,0.12618998,0.1277604,0.1293698,0.13101366,0.13268751,0.13438685,0.13610718,0.13784395,0.13959275,0.14134903,0.14310834,0.14486611,0.14661787,0.1483592,0.1500855,0.15179232,0.15347515,0.15512954,0.1567509,0.15833482,0.15987676,0.16137227,0.16281678,0.16420585,0.16553497,0.16679963,0.16799536,0.16911763,0.17016199,0.17112385,0.17199884,0.17278236,0.1734262,0.17389081,0.17418513,0.1743179,0.17429797,0.17413409,0.17383513,0.1734099,0.17286713,0.17221576,0.17146452,0.17062221,0.16969766,0.16869971,0.16763714,0.16651876,0.1653534,0.16414984,0.16291691,0.16166346,0.16039822,0.15913005,0.15786776,0.15662017,0.15539606,0.15420426,0.15305358,0.1519528,0.1509108,0.14993635,0.14903824,0.14822531,0.14750512,0.14687634,0.14633451,0.1458751,0.14549367,0.14518563,0.14494659,0.144772,0.1446573,0.14459811,0.14458986,0.14462808,0.14470826,0.14482592,0.14497657
0.11923129,0.11888948,0.11860196,0.118377365,0.11822433,0.118151374,0.11816712,0.118280105,0.11849898,0.11883223,0.11928852,0.11987641,0.12060446,0.12148126,0.12251542,0.1237155,0.12509009,0.12658006,0.1281173,0.12969695,0.13131408,0.13296385,0.13464129,0.13634162,0.13805985,0.13979113,0.14153056,0.14327325,0.1450143,0.14674883,0.14847198,0.15017876,0.15186438,0.15352394,0.15515248,0.15674517,0.15829709,0.15980336,0.1612591,0.16265939,0.16399935,0.1652741,0.16647872,0.16760837,0.16865811,0.16962305,0.17049833,0.17127904,0.17196031,0.1725001,0.17286538,0.17306472,0.17310674,0.17300001,0.1727531,0.17237459,0.17187303,0.1712571,0.17053533,0.16971624,0.16880849,0.16782062,0.16676125,0.16563895,0.16446227,0.16323988,0.16198026,0.16069205,0.15938379,0.15806408,0.15674153,0.15542471,0.15412219,0.15284252,0.15159436,0.15038623,0.14922674,0.14812446,0.14708796,0.14612587,0.14524673,0.1444633,0.14377931,0.1431899,0.14269017,0.14227521,0.14194016,0.1416801,0.14149013,0.14136542,0.141301,0.14129205,0.14133362,0.14142086,0.14154881,0.1417127
0.11988564,0.11955341,0.11927399,0.11905576,0.118907,0.11883614,0.11885142,0.11896123,0.1191739,0.11949782,0.11994123,0.12051255,0.12122008,0.122072205,0.12307722,0.12424349,0.12557934,0.12702996,0.12853147,0.13007861,0.13166615,0.13328876,0.13494122,0.13661821,0.13831452,0.14002486,0.14174402,0.14346664,0.14518753,0.14690138,0.14860295,0.15028697,0.15194821,0.15358135,0.15518112,0.15674233,0.15825963,0.15972783,0.16114159,0.16249569,0.16378489,0.16500387,0.16614737,0.16721018,0.16818696,0.16907251,0.16986154,0.17054878,0.17112899,0.17156632,0.17183407,0.17194057,0.17189418,0.17170323,0.171376,0.17092097,0.1703463,0.1696605,0.1688718,0.16798855,0.16701917,0.16597192,0.16485514,0.16367722,0.16244654,0.16117129,0.15985994,0.15852079,0.15716216,0.15579243,0.15441988,0.1530529,0.15169984,0.15036905,0.1490688,0.14780748,0.14659342,0.14543496,0.14434044,0.14331819,0.14237663,0.14153337,0.14079718,0.14016283,0.13962492,0.1391783,0.13881765,0.13853778,0.1383333,0.13819906,0.13812976,0.13812011,0.13816485,0.13825874,0.13839649,0.13857286
0.12062076,0.12029874,0.120027944,0.119816415,0.11967226,0.119603544,0.11961835,0.119724795,0.11993092,0.120244876,0.12067463,0.121228375,0.12191415,0.12274002,0.12371412,0.12484449,0.12613924,0.12754786,0.12901075,0.13052227,0.13207686,0.13366885,0.13529266,0.13694267,0.13861328,0.14029883,0.14199375,0.14369237,0.14538918,0.1470785,0.1487547,0.15041217,0.15204535,0.15364857,0.15521628,0.15674277,0.15822248,0.15964982,0.16101916,0.16232483,0.16356133,0.16472298,0.16580413,0.16679923,0.16770263,0.16850874,0.16921195,0.16980657,0.17028712,0.17062382,0.17079614,0.17081219,0.17068003,0.17040776,0.17000343,0.16947518,0.16883108,0.16807915,0.16722757,0.16628434,0.1652576,0.16415538,0.16298583,0.16175696,0.16047692,0.15915374,0.15779556,0.15641046,0.15500647,0.15359168,0.1521742,0.15076214,0.14936353,0.1479865,0.1466391,0.1453294,0.14406551,0.14285553,0.14170754,0.14062957,0.13962977,0.13873069,0.1379457,0.13726927,0.13669576,0.13621953,0.135835,0.13553657,0.13531858,0.13517545,0.13510153,0.13509123,0.13513896,0.13523905,0.13538593,0.13557398
0.121446356,0.12113523,0.12087359,0.12066922,0.12052993,0.12046355,0.120477855,0.120580696,0.12077986,0.12108318,0.12149842,0.12203344,0.12269602,0.12349398,0.12443511,0.12552728,0.12677824,0.1281419,0.12956288,0.13103536,0.1325533,0.13411081,0.13570195,0.13732076,0.13896139,0.14061782,0.14228413,0.14395441,0.1456227,0.14728309,0.14892961,0.15055637,0.15215744,0.15372677,0.1552586,0.15674686,0.15818569,0.1595691,0.16089118,0.16214602,0.16332763,0.16443017,0.1654476,0.16637403,0.16720352,0.16793016,0.16854794,0.16905105,0.16943344,0.1696715,0.16975076,0.16967905,0.16946411,0.16911381,0.16863593,0.1680383,0.16732872,0.16651498,0.1656049,0.16460636,0.16352707,0.1623749,0.16115764,0.15988308,0.15855911,0.15719342,0.15579394,0.1543684,0.15292461,0.15147044,0.15001366,0.14856207,0.14712352,0.1457058,0.14431672,0.14296407,0.1416557,0.14039937,0.13920294,0.1380742,0.13702095,0.13607036,0.13524047,0.1345253,0.13391897,0.13341549,0.13300896,0.13269341,0.13246295,0.1323116,0.13223344,0.13222258,0.132273,0.13237886,0.13253415,0.13273297
0.12237213,0.12207265,0.12182076,0.12162402,0.12148995,0.12142606,0.12143982,0.121538825,0.12173056,0.12202252,0.122422256,0.12293731,0.12357511,0.12434328,0.12524927,0.12630063,0.12750487,0.12882023,0.13019575,0.13162525,0.13310246,0.1346212,0.13617522,0.13775826,0.13936417,0.14098667,0.1426195,0.14425655,0.1458915,0.14751814,0.14913025,0.15072162,0.15228601,0.15381716,0.15530895,0.15675503,0.15814926,0.15948533,0.1607571,0.1619583,0.16308273,0.16412413,0.16507632,0.16593301,0.16668804,0.16733515,0.16786812,0.16828069,0.16856667,0.16870838,0.16869718,0.16854063,0.16824621,0.1678215,0.16727398,0.16661115,0.1658406,0.16496976,0.16400617,0.16295741,0.16183098,0.16063432,0.15937501,0.1580606,0.15669855,0.15529639,0.15386167,0.15240188,0.15092456,0.1494372,0.14794733,0.14646247,0.14499015,0.14353788,0.14211318,0.1407236,0.13937657,0.13807967,0.13684043,0.13566636,0.13456494,0.13356778,0.13269717,0.13194697,0.13131087,0.13078272,0.13035622,0.1300252,0.12978345,0.1296247,0.12954271,0.1295313,0.12958422,0.12969525,0.12985817,0.13006672
0.12340781,0.12312076,0.12287932,0.12269076,0.12256224,0.122500956,0.12251418,0.122609064,0.12279285,0.123072684,0.123455845,0.12394951,0.12456086,0.12529717,0.12616555,0.12717327,0.12832756,0.12959097,0.1309171,0.13229944,0.13373141,0.13520665,0.13671863,0.13826087,0.13982686,0.14141016,0.14300427,0.1446027,0.14619896,0.14778657,0.14935908,0.15090992,0.15243274,0.15392092,0.15536807,0.15676767,0.15811324,0.15939827,0.16061631,0.1617609,0.1628255,0.16380365,0.16468886,0.16547471,0.16615462,0.16672216,0.1671708,0.16749412,0.16768561,0.16773334,0.16763453,0.16739646,0.16702618,0.166531,0.16591811,0.16519475,0.1643681,0.1634453,0.16243368,0.16134037,0.16017255,0.15893753,0.15764241,0.15629444,0.15490085,0.15346882,0.15200555,0.15051825,0.14901419,0.14750046,0.14598434,0.14447303,0.14297374,0.14149365,0.14003998,0.13862,0.13724081,0.13590966,0.13463375,0.13342035,0.13227658,0.1312381,0.13033149,0.12955023,0.1288878,0.12833779,0.12789364,0.12754896,0.12729718,0.12713183,0.12704647,0.12703459,0.1270897,0.12720533,0.12737499,0.12759216
0.12456305,0.12428927,0.12405907,0.12387922,0.12375667,0.123698235,0.12371084,0.12380132,0.12397657,0.124243475,0.12460888,0.12507966,0.12566265,0.12636483,0.12719302,0.12815401,0.12925482,0.1304624,0.13173479,0.1330653,0.13444722,0.13587382,0.13733841,0.13883434,0.14035483,0.14189318,0.14344274,0.14499675,0.14654852,0.14809136,0.14961854,0.15112336,0.15259919,0.15403919,0.15543675,0.15678515,0.15807766,0.15930757,0.16046824,0.16155288,0.16255486,0.1634674,0.1642839,0.16499753,0.16560163,0.16608955,0.16645457,0.1666899,0.16678894,0.1667454,0.1665621,0.16624594,0.16580376,0.16524248,0.16456895,0.16379002,0.16291259,0.1619435,0.1608897,0.15975796,0.15855522,0.15728833,0.15596418,0.15458962,0.15317152,0.15171678,0.15023227,0.14872484,0.14720139,0.14566873,0.14413382,0.14260347,0.14108458,0.13958403,0.13810869,0.13666539,0.13526103,0.1339025,0.13259669,0.13135043,0.1301706,0.12909669,0.12815909,0.12735114,0.1266661,0.1260973,0.125638,0.12528151,0.12502114,0.12485017,0.12476187,0.1247496,0.12480658,0.12492615,0.12510161,0.12532623
0.12584755,0.12558804,0.1253698,0.12519932,0.12508312,0.12502778,0.12503968,0.12512547,0.12529162,0.12554462,0.12589099,0.12633726,0.12688996,0.12755555,0.1283406,0.1292516,0.1302951,0.13144253,0.1326566,0.13393036,0.13525687,0.13662933,0.13804081,0.1394844,0.1409533,0.14244054,0.14393924,0.14544256,0.14694358,0.14843541,0.14991117,0.151364,0.15278694,0.15417315,0.15551578,0.15680788,0.15804258,0.15921302,0.16031227,0.16133346,0.1622697,0.16311413,0.16385987,0.16449997,0.16502757,0.1654358,0.16571778,0.1658666,0.16587538,0.16574344,0.16547899,0.16508865,0.16457884,0.16395609,0.16322693,0.16239786,0.16147545,0.1604662,0.1593765,0.15821305,0.15698224,0.15569067,0.15434474,0.15295106,0.15151614,0.15004647,0.14854854,0.14702892,0.14549409,0.14395058,0.14240485,0.14086354,0.13933304,0.1378199,0.13633071,0.13487187,0.13344999,0.13207148,0.13074297,0.1294709,0.12826182,0.12715872,0.12619562,0.12536573,0.124662094,0.12407783,0.123606056,0.12323986,0.12297243,0.122796796,0.1227061,0.12269347,0.12275202,0.12287485,0.12305505,0.12328579
0.12727104,0.12702677,0.12682135,0.12666094,0.12655161,0.12649947,0.12651071,0.12659144,0.1267478,0.12698591,0.1273119,0.12773192,0.12825209,0.12887852,0.12961741,0.13047479,0.13145688,0.13253966,0.13369036,0.13490196,0.13616745,0.13747977,0.13883191,0.14021689,0.1416276,0.14305702,0.1444982,0.14594406,0.14738756,0.1488217,0.15023944,0.15163375,0.15299763,0.154324,0.1556059,0.15683624,0.15800802,0.15911421,0.16014779,0.16110173,0.16196902,0.16274257,0.16341542,0.16398051,0.16443083,0.16475931,0.16495898,0.16502276,0.1649437,0.16472645,0.1643845,0.16392405,0.16335116,0.16267198,0.16189267,0.16101934,0.16005816,0.15901513,0.15789653,0.15670845,0.15545699,0.15414831,0.15278855,0.15138382,0.14994021,0.14846392,0.1469611,0.14543782,0.14390022,0.14235446,0.14080663,0.13926288,0.13772942,0.13621224,0.13471755,0.1332515,0.13182022,0.13042974,0.12908635,0.12779601,0.12656504,0.12543948,0.12445683,0.12361004,0.122892074,0.122295916,0.121814534,0.12144093,0.12116805,0.12098881,0.12089631,0.12088344,0.12094316,0.12106848,0.121252365,0.121487774
0.12884316,0.12861528,0.12842362,0.12827393,0.1281719,0.1281233,0.12813376,0.1282091,0.12835498,0.12857713,0.1288813,0.12927318,0.1297585,0.130343,0.13103239,0.13183236,0.13274866,0.13376182,0.13484387,0.1359876,0.13718596,0.13843179,0.139718,0.1410374,0.14238298,0.14374748,0.14512391,0.14650512,0.14788389,0.14925316,0.15060584,0.1519348,0.15323283,0.15449294,0.15570788,0.15687066,0.15797402,0.15901095,0.15997426,0.16085686,0.16165163,0.16235141,0.16294912,0.16343758,0.16380975,0.16405848,0.1641766,0.16415702,0.16399263,0.16369337,0.16327782,0.16275163,0.16212057,0.16139033,0.16056669,0.15965532,0.15866192,0.15759224,0.15645202,0.15524699,0.15398279,0.1526652,0.15129995,0.14989278,0.1484493,0.1469754,0.14547662,0.14395885,0.14242768,0.14088888,0.13934821,0.13781133,0.136284,0.13477191,0.1332808,0.13181637,0.1303844,0.12899055,0.12764056,0.12634014,0.12509504,0.12395426,0.12295832,0.12210007,0.12137239,0.1207682,0.120280296,0.11990162,0.11962505,0.11944343,0.11934965,0.119336605,0.11939714,0.11952416,0.11971052,0.11994914
0.13057365,0.13036329,0.13018636,0.13004817,0.12995398,0.1299091,0.12991878,0.12998831,0.13012299,0.13032807,0.13060886,0.13097061,0.13141863,0.13195819,0.13259456,0.13333306,0.13417889,0.13511726,0.13612491,0.13719471,0.13831948,0.13949202,0.14070518,0.14195183,0.14322476,0.1445168,0.14582078,0.14712957,0.14843594,0.14973275,0.15101285,0.15226908,0.15349416,0.15468109,0.15582255,0.15691148,0.15794064,0.1589029,0.15979107,0.160598,0.16131647,0.16193937,0.1624595,0.16286974,0.16316283,0.16333167,0.16336907,0.16326788,0.1630209,0.16264316,0.16215807,0.16157088,0.16088687,0.16011132,0.15924948,0.15830672,0.15728822,0.15619932,0.15504532,0.1538314,0.15256292,0.15124518,0.14988342,0.14848295,0.14704897,0.14558691,0.1441019,0.14259933,0.14108439,0.13956244,0.13803874,0.13651854,0.13500714,0.13350983,0.13203186,0.13057858,0.1291552,0.12776703,0.12641938,0.12511745,0.12386659,0.12271828,0.12171578,0.120851874,0.12011939,0.11951119,0.11902008,0.118638925,0.11836051,0.11817769,0.11808329,0.11807016,0.118131086,0.118258946,0.11844656,0.11868672
0.1324722,0.13228057,0.13211942,0.13199355,0.13190776,0.13186687,0.1318757,0.13193904,0.13206169,0.13224849,0.13250425,0.13283378,0.13324186,0.1337333,0.13431297,0.13498561,0.13575608,0.13661405,0.13754134,0.1385307,0.139575,0.14066705,0.14179973,0.14296585,0.1441582,0.14536971,0.14659315,0.14782134,0.14904714,0.15026341,0.15146297,0.15263863,0.15378325,0.15488964,0.15595065,0.1569591,0.15790789,0.15878978,0.1595976,0.16032423,0.16096249,0.16150519,0.16194521,0.16227536,0.16248846,0.16257736,0.16253491,0.16235393,0.16202722,0.1615748,0.16102457,0.16038132,0.15964988,0.15883504,0.15794165,0.15697452,0.15593843,0.1548382,0.15367864,0.15246457,0.15120077,0.14989209,0.14854333,0.14715928,0.14574477,0.1443046,0.14284359,0.14136653,0.13987827,0.13838357,0.13688728,0.1353942,0.13390915,0.13243692,0.13098231,0.12955016,0.12814528,0.12677243,0.1254365,0.124142244,0.1228945,0.12174683,0.12074489,0.119881436,0.11914937,0.11854151,0.118050694,0.11766973,0.11739145,0.117208734,0.1171144,0.11710125,0.117162175,0.11728995,0.117477454,0.117717505
0.13454847,0.13437691,0.13423261,0.13411993,0.13404313,0.13400652,0.13401441,0.1340711,0.13418095,0.1343482,0.13457718,0.13487221,0.13523757,0.1356776,0.1361966,0.13679883,0.13748868,0.13826044,0.13910094,0.14000301,0.1409596,0.14196357,0.1430078,0.1440852,0.14518864,0.14631106,0.14744532,0.14858432,0.14972095,0.1508481,0.15195867,0.15304556,0.15410163,0.15511982,0.15609297,0.157014,0.1578758,0.15867126,0.1593933,0.16003475,0.16058858,0.16104761,0.16140477,0.16165298,0.16178507,0.16179395,0.16167255,0.16141371,0.16101038,0.16048717,0.15987642,0.15918237,0.15840937,0.15756173,0.15664372,0.15565968,0.15461394,0.15351072,0.1523544,0.15114927,0.14989963,0.14860982,0.14728409,0.14592677,0.14454219,0.14313464,0.14170842,0.14026783,0.13881722,0.13736084,0.13590306,0.13444808,0.13300034,0.13156408,0.13014361,0.12874323,0.12736729,0.12602,0.12470576,0.123428844,0.12219355,0.121055156,0.1200613,0.11920483,0.11847866,0.11787571,0.117388844,0.11701095,0.11673496,0.11655371,0.11646013,0.1164471,0.116507515,0.11663424,0.11682023,0.11705835
0.13681218,0.13666207,0.13653578,0.13643718,0.13636993,0.13633789,0.13634482,0.13639446,0.13649057,0.13663691,0.1368373,0.1370955,0.13741523,0.13780028,0.13825446,0.1387815,0.13938516,0.14006455,0.14081152,0.14161909,0.14248028,0.1433881,0.14433555,0.1453156,0.14632134,0.14734569,0.1483817,0.14942238,0.15046069,0.15148973,0.15250245,0.15349187,0.15445092,0.15537275,0.15625024,0.15707648,0.15784442,0.15854712,0.15917754,0.1597287,0.16019362,0.16056532,0.16083677,0.16100103,0.16105103,0.16097985,0.16078046,0.16044587,0.15996908,0.15937929,0.15871288,0.15797359,0.1571652,0.15629148,0.15535621,0.15436316,0.15331607,0.15221871,0.15107487,0.14988835,0.14866285,0.14740218,0.14611012,0.14479041,0.1434468,0.14208314,0.1407031,0.13931051,0.13790911,0.13650274,0.13509509,0.13368993,0.13229106,0.13090225,0.12952724,0.12816985,0.1268338,0.12552288,0.12424084,0.12299149,0.12177857,0.12065855,0.11968067,0.11883805,0.11812361,0.117530376,0.117051356,0.11667958,0.11640801,0.1162297,0.11613764,0.116124816,0.11618426,0.11630895,0.116491936,0.116726205
0.13927303,0.13914578,0.13903876,0.13895515,0.13889818,0.13887101,0.13887689,0.13891895,0.13900042,0.13912448,0.13929434,0.1395132,0.1397842,0.14011063,0.1404956,0.14094234,0.14145404,0.14203452,0.14268091,0.1433864,0.14414416,0.14494736,0.14578922,0.1466629,0.14756157,0.14847842,0.14940663,0.15033941,0.1512699,0.1521913,0.1530968,0.15397955,0.15483277,0.15564962,0.1564233,0.15714695,0.15781379,0.158417,0.15894975,0.15940522,0.15977661,0.16005707,0.16023982,0.160318,0.16028482,0.16013345,0.15985708,0.15944889,0.15890205,0.15825008,0.15753314,0.15675442,0.15591715,0.1550245,0.15407966,0.15308586,0.15204623,0.15096402,0.1498424,0.14868458,0.14749375,0.1462731,0.14502582,0.14375512,0.14246416,0.1411562,0.13983437,0.13850188,0.13716196,0.13581778,0.13447253,0.1331294,0.13179159,0.13046232,0.12914477,0.12784211,0.12655756,0.1252943,0.12405555,0.12284447,0.121664286,0.1205722,0.11961875,0.11879713,0.11810052,0.11752208,0.11705503,0.116692506,0.11642772,0.11625385,0.11616408,0.116151586,0.11620954,0.11633113,0.11650955,0.11673797
0.14177984,0.1416755,0.14158773,0.14151916,0.14147244,0.1414502,0.141455,0.1414895,0.1415563,0.14165801,0.14179729,0.14197674,0.14219898,0.1424666,0.14278229,0.14314859,0.14356817,0.14404933,0.14459424,0.1451963,0.14584893,0.14654553,0.14727949,0.1480442,0.14883313,0.14963965,0.15045717,0.15127906,0.15209873,0.15290964,0.1537052,0.15447871,0.15522367,0.15593342,0.15660144,0.1572211,0.1577858,0.15828894,0.15872392,0.15908419,0.1593631,0.1595541,0.15965055,0.15964589,0.1595335,0.15930684,0.15895921,0.1584841,0.15787493,0.15716898,0.15640977,0.1555999,0.15474203,0.15383872,0.15289263,0.15190637,0.15088259,0.14982387,0.14873284,0.1476121,0.14646432,0.14529204,0.14409798,0.1428847,0.14165483,0.14041099,0.13915579,0.13789186,0.13662183,0.13534829,0.13407388,0.13280119,0.1315329,0.1302716,0.1290199,0.12778041,0.12655577,0.1253486,0.12416152,0.12299714,0.12185807,0.12080179,0.119879596,0.119084924,0.118411146,0.11785167,0.117399916,0.11704929,0.1167932,0.116625026,0.116538204,0.116526105,0.11658216,0.11669979,0.116872355,0.11709327
0.14417842,0.14409564,0.14402598,0.14397159,0.1439345,0.14391686,0.14392065,0.14394802,0.14400107,0.14408177,0.14419231,0.1443347,0.14451106,0.14472343,0.14497395,0.14526461,0.14559759,0.14598511,0.14643387,0.14693756,0.14748982,0.14808434,0.14871472,0.14937471,0.15005793,0.150758,0.15146866,0.15218356,0.15289631,0.15360063,0.15429018,0.1549586,0.15559956,0.15620676,0.1567738,0.15729436,0.15776213,0.15817079,0.15851398,0.15878531,0.15897855,0.15908727,0.1591052,0.15902598,0.15884325,0.15855075,0.15814203,0.15761082,0.15695077,0.1562024,0.15541175,0.1545809,0.1537119,0.15280698,0.15186799,0.15089718,0.14989655,0.14886822,0.14781427,0.14673673,0.14563769,0.14451927,0.14338355,0.14223255,0.1410684,0.13989314,0.1387089,0.13751772,0.13632168,0.13512288,0.1339234,0.13272527,0.13153066,0.13034154,0.12916006,0.1279883,0.1268283,0.12568219,0.12455198,0.123439796,0.12234769,0.12133288,0.12044689,0.1196834,0.119036086,0.11849856,0.11806456,0.11772769,0.11748165,0.117320076,0.11723664,0.117225036,0.11727888,0.11739188,0.11755768,0.11776993
0.14647421,0.14641163,0.146359,0.1463179,0.14628989,0.14627656,0.14627941,0.14630009,0.14634012,0.14640117,0.14648464,0.14659224,0.14672549,0.14688598,0.14707525,0.14729488,0.14754646,0.14784572,0.14820346,0.14861356,0.14906998,0.1495667,0.15009767,0.15065682,0.15123811,0.15183559,0.15244308,0.15305465,0.15366416,0.15426566,0.15485299,0.15542026,0.15596126,0.15647006,0.15694058,0.15736678,0.15774266,0.15806207,0.15831907,0.15850756,0.15862149,0.15865488,0.15860163,0.15845571,0.15821107,0.15786168,0.15740152,0.15682448,0.15612458,0.15534467,0.15453292,0.15369074,0.1528198,0.15192159,0.15099777,0.15004982,0.14907937,0.148088,0.14707726,0.1460487,0.1450039,0.14394446,0.1428719,0.14178786,0.14069386,0.13959149,0.1384823,0.13736786,0.13624978,0.13512959,0.1340089,0.13288927,0.1317722,0.13065934,0.12955226,0.1284525,0.12736166,0.12628125,0.12521291,0.12415817,0.12311862,0.122150615,0.121305525,0.120577276,0.119959846,0.119447134,0.11903317,0.11871185,0.11847716,0.118323036,0.11824346,0.11823238,0.11828376,0.11839153,0.11854967,0.11875214
0.1486724,0.14862883,0.14859219,0.14856358,0.14854409,0.14853476,0.14853677,0.14855118,0.14857908,0.14862156,0.1486797,0.14875458,0.14884737,0.14895909,0.14909086,0.14924379,0.14941892,0.14963512,0.14990658,0.15022762,0.15059252,0.15099551,0.15143095,0.15189305,0.1523761,0.15287448,0.15338233,0.15389399,0.1544038,0.15490592,0.15539475,0.15586449,0.15630944,0.1567239,0.15710214,0.15743843,0.15772705,0.15796228,0.15813845,0.15824978,0.15829057,0.15825512,0.15813765,0.15793252,0.15763396,0.15723628,0.15673375,0.1561206,0.15539122,0.15459026,0.15376708,0.1529228,0.15205841,0.1511751,0.15027392,0.149356,0.14842232,0.14747415,0.14651243,0.14553834,0.14455295,0.14355737,0.14255264,0.14153993,0.14052029,0.13949478,0.13846456,0.1374307,0.13639429,0.13535641,0.13431814,0.13328065,0.13224494,0.13121219,0.13018341,0.12915975,0.1281423,0.12713212,0.12613034,0.125138,0.12415627,0.123240225,0.12244047,0.12175131,0.121167,0.12068179,0.12029002,0.11998594,0.119763866,0.11961803,0.11954271,0.11953221,0.11958084,0.11968284,0.119832486,0.12002409
0.1507784,0.15075268,0.15073103,0.15071414,0.15070263,0.15069716,0.15069832,0.15070683,0.1507233,0.15074837,0.1507827,0.15082693,0.15088171,0.15094765,0.15102549,0.15111579,0.15121919,0.1513571,0.1515469,0.15178318,0.15206058,0.15237375,0.15271734,0.15308592,0.15347423,0.15387683,0.15428835,0.15470347,0.15511678,0.15552293,0.15591659,0.15629238,0.15664487,0.15696879,0.1572587,0.1575093,0.15771517,0.15787098,0.15797135,0.15801087,0.1579843,0.15788615,0.15771112,0.15745382,0.15710889,0.156671,0.15613472,0.15549475,0.15474565,0.15393347,0.15310818,0.15227035,0.1514207,0.15055987,0.14968851,0.1488072,0.14791669,0.14701754,0.14611043,0.145196,0.1442749,0.14334778,0.14241527,0.14147806,0.14053671,0.13959192,0.13864437,0.13769464,0.13674338,0.1357913,0.13483901,0.1338871,0.1329363,0.13198723,0.13104048,0.13009681,0.1291568,0.12822102,0.12729025,0.12636507,0.12544611,0.12458683,0.12383666,0.12319017,0.12264208,0.12218692,0.121819444,0.121534206,0.12132589,0.121189065,0.12111843,0.1211086,0.1211542,0.12124988,0.121390246,0.12156997
0.15279746,0.15278848,0.15278092,0.15277503,0.15277101,0.15276907,0.15276954,0.15277247,0.15277825,0.152787,0.15279897,0.15281442,0.15283354,0.15285659,0.15288375,0.15291527,0.1529514,0.1530156,0.15312801,0.15328357,0.1534773,0.15370432,0.15395951,0.15423794,0.15453468,0.1548447,0.155163,0.15548465,0.15580462,0.15611793,0.15641963,0.15670475,0.15696824,0.1572052,0.15741059,0.15757944,0.15770675,0.1577876,0.15781695,0.1577898,0.15770128,0.15754628,0.15731987,0.15701708,0.1566329,0.15616238,0.15560052,0.1549423,0.1541828,0.15336864,0.15254988,0.15172677,0.15089951,0.15006839,0.14923352,0.14839523,0.14755368,0.14670916,0.14586182,0.14501196,0.14415973,0.14330544,0.14244924,0.14159141,0.14073212,0.13987167,0.13901024,0.13814801,0.13728529,0.13642226,0.13555917,0.1346962,0.13383363,0.13297167,0.13211049,0.13125043,0.13039158,0.12953427,0.1286787,0.12782504,0.12697361,0.12617563,0.12547895,0.12487863,0.12436959,0.12394695,0.12360567,0.12334078,0.12314732,0.123020254,0.12295465,0.12294553,0.12298788,0.123076744,0.1232071,0.12337399
0.15473495,0.15474169,0.15474737,0.1547518,0.15475479,0.15475622,0.15475589,0.15475368,0.15474938,0.15474282,0.15473388,0.15472227,0.15470798,0.15469073,0.15467037,0.15464677,0.15461972,0.15461451,0.15465356,0.15473218,0.1548459,0.15499008,0.1551602,0.15535161,0.15555984,0.15578024,0.15600826,0.15623933,0.15646887,0.15669233,0.15690513,0.15710264,0.15728037,0.15743369,0.1575581,0.1576489,0.15770164,0.1577117,0.15767449,0.15758547,0.15744005,0.15723366,0.15696172,0.15661968,0.15620296,0.15570696,0.15512711,0.15445888,0.15369765,0.15289018,0.15208615,0.1512854,0.15048772,0.14969298,0.148901,0.1481116,0.1473246,0.14653991,0.14575724,0.14497651,0.14419752,0.14342012,0.14264412,0.14186937,0.14109568,0.14032286,0.1395508,0.1387793,0.1380082,0.13723731,0.13646644,0.13569553,0.13492434,0.13415262,0.13338038,0.1326073,0.13183327,0.13105811,0.13028163,0.12950374,0.12872419,0.12799175,0.12735236,0.12680133,0.12633416,0.12594622,0.125633,0.12538986,0.12521227,0.1250957,0.12503546,0.12502709,0.12506595,0.12514752,0.12526716,0.12542038
0.15659621,0.15661767,0.15663576,0.15664986,0.15665945,0.15666404,0.15666305,0.15665597,0.15664221,0.15662128,0.15659265,0.15655571,0.15651,0.15645492,0.15639003,0.15631464,0.15622833,0.1561577,0.15612715,0.15613241,0.15616943,0.15623404,0.15632206,0.15642942,0.15655196,0.15668556,0.15682602,0.15696925,0.15711108,0.15724741,0.1573741,0.15748699,0.15758191,0.15765479,0.15770143,0.15771778,0.1576996,0.15764278,0.15754324,0.15739678,0.15719926,0.15694655,0.15663457,0.1562591,0.15581605,0.15530124,0.15471059,0.1540399,0.15328509,0.15249243,0.15171076,0.15093955,0.15017816,0.14942616,0.14868295,0.14794795,0.14722073,0.14650069,0.14578728,0.14507999,0.14437829,0.14368157,0.1429894,0.14230114,0.14161628,0.14093433,0.14025469,0.13957687,0.1389003,0.13822444,0.13754876,0.13687272,0.13619576,0.1355174,0.13483708,0.1341542,0.1334683,0.1327788,0.13208514,0.13138683,0.1306833,0.13002044,0.12944174,0.12894307,0.12852024,0.12816916,0.12788568,0.12766564,0.12750491,0.1273994,0.12734489,0.12733732,0.12737252,0.1274463,0.1275546,0.12769325
0.15838654,0.15842186,0.15845154,0.15847473,0.15849054,0.15849808,0.15849647,0.1584848,0.15846217,0.15842777,0.15838063,0.15831988,0.15824468,0.15815416,0.15804732,0.15792334,0.15778138,0.15764913,0.15755242,0.15748762,0.15745105,0.15743904,0.15744787,0.15747388,0.15751338,0.15756272,0.1576182,0.1576761,0.15773278,0.15778457,0.15782776,0.15785868,0.15787365,0.157869,0.15784103,0.15778606,0.1577004,0.15758042,0.15742236,0.1572226,0.15697744,0.1566832,0.1563362,0.15593274,0.1554692,0.15494183,0.15434694,0.15368092,0.15294003,0.15216982,0.15141761,0.15068255,0.14996377,0.14926031,0.14857137,0.14789599,0.14723334,0.14658248,0.14594257,0.1453127,0.14469199,0.14407957,0.14347452,0.142876,0.14228305,0.14169486,0.14111051,0.14052913,0.1399498,0.13937163,0.13879378,0.1382153,0.1376354,0.1370531,0.13646756,0.13587788,0.13528319,0.13468258,0.13407516,0.13346009,0.13283642,0.13224684,0.13173209,0.13128851,0.13091245,0.13060015,0.13034803,0.1301523,0.13000935,0.12991549,0.12986702,0.12986028,0.12989156,0.1299572,0.1300535,0.13017684
0.16011123,0.16015956,0.1602002,0.16023195,0.16025358,0.16026391,0.16026166,0.1602457,0.16021475,0.16016762,0.16010314,0.16002004,0.15991715,0.15979318,0.15964699,0.15947735,0.15928304,0.15909253,0.158933,0.15880115,0.15869392,0.15860803,0.15854031,0.15848745,0.15844645,0.15841387,0.1583867,0.15836166,0.15833554,0.15830512,0.15826726,0.15821873,0.15815629,0.15807684,0.15797703,0.15785378,0.15770385,0.15752402,0.1573111,0.15706189,0.15677318,0.15644176,0.1560645,0.15563808,0.15515941,0.15462515,0.15403225,0.1533774,0.15265748,0.15191664,0.1512005,0.15050776,0.14983734,0.1491879,0.14855827,0.14794725,0.14735363,0.14677618,0.1462137,0.14566496,0.14512874,0.14460386,0.1440891,0.14358322,0.14308502,0.14259334,0.14210686,0.14162445,0.14114483,0.14066686,0.1401893,0.13971093,0.13923052,0.13874687,0.13825881,0.1377651,0.13726448,0.13675575,0.13623777,0.13570923,0.13516898,0.13465609,0.13420832,0.13382246,0.13349529,0.13322362,0.13300426,0.13283402,0.13270965,0.13262801,0.13258587,0.13258,0.1326072,0.1326643,0.13274811,0.13285539
0.16177563,0.16183618,0.16188717,0.16192693,0.16195406,0.161967,0.16196418,0.16194418,0.16190541,0.16184634,0.16176547,0.16166133,0.16153228,0.16137694,0.16119368,0.16098103,0.16073748,0.1604919,0.16027246,0.16007648,0.15990119,0.15974396,0.15960203,0.1594727,0.15935333,0.15924112,0.15913346,0.15902759,0.15892081,0.15881045,0.15869373,0.15856804,0.15843062,0.1582788,0.15810981,0.15792103,0.15770973,0.15747318,0.15720864,0.15691353,0.15658505,0.15622051,0.15581723,0.1553725,0.15488361,0.15434784,0.15376247,0.1531249,0.15243231,0.15172729,0.1510532,0.15040855,0.14979173,0.14920129,0.1486357,0.14809342,0.1475729,0.1470727,0.14659126,0.14612703,0.14567854,0.14524423,0.14482257,0.14441207,0.14401124,0.14361845,0.14323232,0.14285123,0.14247371,0.14209817,0.14172316,0.14134715,0.14096859,0.14058597,0.14019781,0.13980253,0.13939863,0.13898458,0.1385589,0.13812001,0.13766643,0.13723338,0.13685532,0.13652954,0.13625328,0.13602392,0.13583875,0.13569498,0.13558997,0.13552104,0.13548544,0.13548048,0.13550349,0.1355517,0.13562243,0.13571301
0.16338508,0.16345716,0.16351783,0.16356525,0.16359752,0.16361292,0.16360961,0.16358577,0.16353956,0.16346924,0.16337296,0.16324891,0.1630953,0.16291031,0.16269211,0.16243891,0.16214888,0.16185112,0.16157454,0.16131689,0.161076,0.16084972,0.16063581,0.16043213,0.16023646,0.16004662,0.15986043,0.15967569,0.15949021,0.15930183,0.15910836,0.15890759,0.15869734,0.15847543,0.15823963,0.15798785,0.15771781,0.15742733,0.1571143,0.15677646,0.15641162,0.15601765,0.1555923,0.15513343,0.15463883,0.15410635,0.15353374,0.15291883,0.15225947,0.15159614,0.15096967,0.15037817,0.14981984,0.14929298,0.14879565,0.14832608,0.14788248,0.14746301,0.14706586,0.14668927,0.14633137,0.14599036,0.14566447,0.14535184,0.14505069,0.1447592,0.14447553,0.14419791,0.14392453,0.14365353,0.14338318,0.14311159,0.14283697,0.14255756,0.14227147,0.14197695,0.14167216,0.14135534,0.14102457,0.14067815,0.14031424,0.13996391,0.13965806,0.13939449,0.13917102,0.13898548,0.13883565,0.13871938,0.13863444,0.13857865,0.13854985,0.13854586,0.13856445,0.13860343,0.13866068,0.13873394
0.16494481,0.16502786,0.16509771,0.1651523,0.16518949,0.16520716,0.16520338,0.16517588,0.16512272,0.16504177,0.16493091,0.16478808,0.16461119,0.16439813,0.16414692,0.16385533,0.16352136,0.16317403,0.16284275,0.16252577,0.16222148,0.16192824,0.16164434,0.16136818,0.16109806,0.16083239,0.16056944,0.16030762,0.16004525,0.1597807,0.15951225,0.15923826,0.15895717,0.1586672,0.15836678,0.15805423,0.15772785,0.15738605,0.1570272,0.15664953,0.15625149,0.15583137,0.15538755,0.15491836,0.15442213,0.15389723,0.15334202,0.15275478,0.15213393,0.15151756,0.15094364,0.15041,0.14991459,0.14945534,0.14903012,0.14863689,0.14827353,0.147938,0.14762816,0.14734197,0.14707729,0.14683212,0.14660428,0.14639175,0.14619245,0.14600424,0.14582509,0.14565288,0.14548552,0.14532092,0.14515705,0.1449918,0.14482306,0.14464878,0.14446682,0.14427516,0.14407164,0.14385428,0.1436209,0.14336942,0.14309783,0.14283282,0.14260146,0.14240208,0.14223304,0.14209269,0.14197934,0.14189136,0.14182712,0.14178495,0.14176315,0.14176011,0.14177419,0.14180368,0.14184698,0.1419024
0.16646023,0.16655366,0.16663224,0.16669358,0.16673541,0.16675536,0.16675104,0.16672015,0.16666035,0.16656929,0.16644457,0.16628395,0.16608498,0.16584535,0.16556273,0.1652348,0.16485916,0.16446462,0.16408075,0.16370653,0.16334076,0.1629824,0.16263026,0.16228339,0.16194053,0.16160057,0.16126253,0.16092518,0.16058747,0.16024831,0.15990654,0.15956111,0.15921083,0.15885468,0.15849152,0.15812021,0.15773973,0.15734886,0.15694654,0.15653172,0.15610321,0.15565991,0.1552008,0.15472466,0.15423045,0.15371706,0.15318333,0.15262821,0.15205058,0.15148595,0.150969,0.15049738,0.15006876,0.1496808,0.14933115,0.14901747,0.1487374,0.1484886,0.14826871,0.14807543,0.14790636,0.14775917,0.14763156,0.14752111,0.14742553,0.14734246,0.14726956,0.14720449,0.1471449,0.1470884,0.14703268,0.14697543,0.14691424,0.14684682,0.14677079,0.14668383,0.14658353,0.14646766,0.14633377,0.14617954,0.14600267,0.14582531,0.14567044,0.14553699,0.14542384,0.14532991,0.14525405,0.14519517,0.14515218,0.14512391,0.14510936,0.14510734,0.14511673,0.14513648,0.14516546,0.14520258
0.16793662,0.16803993,0.1681268,0.16819464,0.16824089,0.16826293,0.16825818,0.16822405,0.16815788,0.16805723,0.16791934,0.16774173,0.16752174,0.16725682,0.16694434,0.16658172,0.1661664,0.16572665,0.16529219,0.1648625,0.16443703,0.16401519,0.16359642,0.16318022,0.16276604,0.16235334,0.16194151,0.16153005,0.16111843,0.16070607,0.16029245,0.15987697,0.15945916,0.15903842,0.15861416,0.15818594,0.15775315,0.15731522,0.15687168,0.1564219,0.15596534,0.15550151,0.15502988,0.1545498,0.1540608,0.15356228,0.15305375,0.15253462,0.15200438,0.15149558,0.15103954,0.15063362,0.15027526,0.14996183,0.14969076,0.1494594,0.14926529,0.14910573,0.14897814,0.14887995,0.14880852,0.14876135,0.14873576,0.14872919,0.14873904,0.14876272,0.14879762,0.14884119,0.14889082,0.14894386,0.14899781,0.14905,0.14909787,0.14913887,0.14917034,0.14918971,0.14919436,0.14918172,0.1491492,0.14909425,0.1490142,0.14892651,0.14884995,0.14878397,0.14872803,0.14868161,0.14864407,0.14861497,0.14859371,0.14857973,0.14857253,0.14857154,0.14857619,0.14858595,0.14860028,0.14861862
0.16937935,0.16949208,0.1695869,0.16966097,0.16971144,0.16973548,0.1697303,0.16969304,0.16962087,0.16951095,0.16936049,0.1691666,0.16892652,0.16863735,0.16829632,0.16790053,0.16744722,0.16696407,0.16648072,0.16599713,0.16551337,0.16502945,0.16454539,0.16406123,0.163577,0.1630927,0.16260834,0.16212401,0.16163965,0.16115533,0.16067103,0.16018686,0.15970278,0.15921883,0.15873499,0.15825137,0.1577679,0.15728469,0.1568017,0.15631898,0.15583655,0.15535443,0.15487263,0.1543912,0.15391015,0.15342951,0.15294932,0.15246953,0.15199025,0.15154092,0.15114915,0.1508121,0.15052693,0.15029082,0.1501009,0.14995445,0.14984852,0.14978033,0.14974703,0.1497459,0.1497739,0.14982837,0.1499064,0.1500052,0.15012193,0.15025376,0.15039784,0.15055136,0.1507115,0.1508754,0.15104023,0.15120319,0.15136142,0.15151212,0.15165241,0.15177955,0.15189059,0.1519828,0.15205331,0.1520993,0.15211788,0.15212163,0.1521249,0.15212771,0.1521301,0.1521321,0.15213369,0.15213493,0.15213582,0.15213642,0.15213673,0.15213677,0.15213658,0.15213616,0.15213555,0.15213478
0.1707937,0.1709155,0.17101796,0.171098,0.17115255,0.1711785,0.1711729,0.17113265,0.17105466,0.1709359,0.17077328,0.17056382,0.17030434,0.1699919,0.16962335,0.1691957,0.16870585,0.16818076,0.16764985,0.1671137,0.16657294,0.16602817,0.16547994,0.1649289,0.16437566,0.16382082,0.16326496,0.1627087,0.16215265,0.16159739,0.16104355,0.1604917,0.15994248,0.15939648,0.15885432,0.15831654,0.15778384,0.15725672,0.15673591,0.15622187,0.15571532,0.15521678,0.1547269,0.15424627,0.15377551,0.15331525,0.152866,0.15242845,0.15200314,0.15161629,0.15129161,0.1510261,0.15081662,0.15066019,0.15055369,0.15049407,0.15047832,0.15050332,0.15056607,0.15066347,0.15079246,0.15094998,0.15113302,0.15133849,0.1515633,0.15180445,0.15205885,0.15232342,0.15259515,0.15287095,0.15314774,0.15342253,0.15369223,0.15395375,0.15420407,0.1544401,0.1546588,0.15485713,0.155032,0.15518035,0.15529916,0.15539584,0.1554802,0.15555292,0.15561461,0.1556658,0.15570714,0.1557392,0.15576267,0.15577805,0.15578602,0.1557871,0.15578198,0.15577121,0.1557554,0.15573521
0.17218493,0.1723156,0.17242543,0.17251125,0.1725697,0.1725976,0.17259157,0.17254841,0.1724648,0.17233744,0.1721631,0.17193848,0.17166029,0.17132527,0.17093013,0.17047162,0.16994642,0.1693806,0.1688033,0.16821566,0.16761892,0.1670142,0.16640276,0.16578573,0.16516437,0.16453981,0.16391326,0.16328591,0.16265896,0.16203363,0.16141105,0.16079244,0.16017899,0.15957193,0.15897237,0.15838155,0.15780067,0.15723091,0.15667345,0.1561295,0.15560023,0.15508685,0.15459055,0.1541125,0.15365393,0.15321599,0.15279989,0.15240681,0.15203796,0.15171605,0.15146083,0.15126897,0.15113728,0.1510624,0.15104105,0.15107003,0.15114596,0.15126567,0.15142578,0.15162306,0.15185425,0.15211599,0.1524051,0.15271825,0.15305215,0.15340358,0.15376918,0.15414573,0.15452994,0.15491849,0.15530817,0.15569563,0.15607764,0.15645091,0.15681216,0.15715809,0.15748546,0.15779096,0.1580713,0.15832324,0.15854348,0.15873428,0.15890083,0.1590444,0.15916608,0.15926716,0.15934873,0.15941209,0.15945832,0.15948871,0.15950441,0.15950657,0.15949644,0.1594752,0.15944402,0.15940411
0.1735585,0.17369771,0.17381474,0.1739062,0.17396851,0.1739982,0.1739918,0.17394577,0.17385666,0.173721,0.17353521,0.17329584,0.17299941,0.17264242,0.17222135,0.17173274,0.17117308,0.17056748,0.16994467,0.16930637,0.16865441,0.16799052,0.16731656,0.16663423,0.16594535,0.16525175,0.16455519,0.16385736,0.16316019,0.16246536,0.16177472,0.16109,0.16041307,0.15974562,0.15908948,0.15844643,0.15781823,0.15720671,0.15661363,0.15604076,0.15548992,0.1549629,0.15446138,0.1539873,0.15354231,0.1531283,0.15274698,0.1524002,0.15208969,0.1518346,0.15165055,0.15153408,0.15148167,0.15148985,0.15155503,0.15167387,0.15184273,0.15205823,0.15231681,0.15261497,0.15294926,0.15331616,0.15371215,0.15413378,0.1545776,0.15504,0.15551753,0.15600674,0.15650406,0.15700608,0.15750925,0.15801008,0.15850511,0.15899085,0.15946372,0.1599203,0.16035709,0.16077055,0.16115725,0.16151364,0.16183631,0.16212213,0.16237168,0.16258676,0.16276908,0.16292052,0.16304274,0.16313764,0.16320689,0.16325244,0.16327593,0.16327922,0.16326404,0.16323222,0.16318552,0.16312574
0.17491962,0.17506725,0.17519136,0.17528835,0.17535442,0.1753859,0.17537911,0.1753303,0.17523584,0.17509194,0.17489493,0.1746411,0.17432679,0.1739482,0.17350169,0.17298354,0.17239006,0.17174534,0.1710776,0.1703892,0.16968256,0.16896005,0.168224,0.16747686,0.16672099,0.16595878,0.16519259,0.16442478,0.1636578,0.16289397,0.16213574,0.16138542,0.16064541,0.15991811,0.15920591,0.15851116,0.1578363,0.15718365,0.15655561,0.15595455,0.15538292,0.15484305,0.1543373,0.15386806,0.15343775,0.15304874,0.15270337,0.15240408,0.15215324,0.1519663,0.15185471,0.15181474,0.15184274,0.15193494,0.15208767,0.15229721,0.15255989,0.15287195,0.15322971,0.1536295,0.15406758,0.15454018,0.15504372,0.15557438,0.15612856,0.15670247,0.15729244,0.15789476,0.15850577,0.15912166,0.15973884,0.1603535,0.16096202,0.16156065,0.1621457,0.16271345,0.16326018,0.16378222,0.16427585,0.16473739,0.1651631,0.16554464,0.16587774,0.16616477,0.16640815,0.16661024,0.16677344,0.16690005,0.16699259,0.16705333,0.16708472,0.16708907,0.16706885,0.16702634,0.166964,0.16688421
0.17627367,0.1764296,0.17656074,0.17666318,0.17673299,0.17676626,0.17675906,0.17670754,0.1766077,0.1764557,0.17624758,0.17597944,0.17564736,0.17524745,0.1747758,0.1742284,0.17360143,0.17291799,0.17220569,0.17146756,0.17070656,0.16992566,0.1691279,0.16831619,0.16749357,0.16666299,0.16582745,0.1649899,0.16415334,0.16332081,0.1624952,0.16167952,0.1608768,0.16008991,0.15932196,0.15857588,0.15785465,0.15716124,0.15649864,0.15586981,0.1552778,0.15472555,0.15421605,0.15375224,0.15333718,0.15297377,0.15266505,0.15241396,0.15222353,0.15210548,0.15206705,0.15210429,0.15221334,0.15239017,0.15263095,0.15293175,0.15328869,0.15369779,0.15415518,0.15465693,0.15519913,0.15577789,0.15638924,0.1570293,0.15769416,0.15837987,0.15908256,0.15979831,0.16052319,0.16125329,0.16198468,0.16271345,0.16343573,0.16414754,0.16484503,0.16552424,0.16618128,0.1668122,0.1674131,0.1679801,0.16850927,0.16898686,0.16940385,0.16976316,0.17006788,0.17032084,0.17052509,0.17068364,0.17079945,0.17087546,0.17091475,0.17092022,0.17089486,0.17084171,0.17076367,0.17066373
0.17762594,0.17779018,0.17792828,0.17803617,0.17810969,0.17814472,0.17813717,0.17808288,0.17797776,0.17781764,0.17759846,0.17731605,0.17696631,0.17654508,0.17604828,0.1754718,0.17481145,0.17408933,0.17333254,0.17254475,0.17172946,0.17089033,0.17003085,0.16915466,0.16826537,0.16736652,0.16646166,0.16555443,0.16464841,0.16374715,0.16285425,0.1619733,0.1611079,0.16026156,0.15943792,0.15864056,0.15787305,0.15713897,0.15644191,0.15578546,0.1551732,0.15460868,0.15409553,0.15363729,0.15323758,0.15289995,0.15262802,0.15242535,0.1522955,0.15224656,0.15228146,0.15239605,0.15258624,0.15284792,0.15317689,0.15356907,0.15402037,0.15452668,0.15508378,0.1556876,0.15633407,0.15701897,0.15773825,0.15848777,0.1592634,0.160061,0.16087648,0.16170569,0.16254455,0.1633889,0.1642346,0.16507755,0.16591367,0.16673875,0.16754873,0.16833948,0.16910683,0.16984673,0.17055503,0.17122759,0.17186028,0.17243406,0.17293501,0.17336668,0.17373268,0.1740366,0.174282,0.17447244,0.17461157,0.17470293,0.1747501,0.17475666,0.17472623,0.1746623,0.17456858,0.17444856
0.17898177,0.1791543,0.17929946,0.17941281,0.17949009,0.17952691,0.17951897,0.17946193,0.17935143,0.17918321,0.17895286,0.17865612,0.1782886,0.17784597,0.17732392,0.17671812,0.17602424,0.17526324,0.17446181,0.1736242,0.1727545,0.1718569,0.1709356,0.16999482,0.16903868,0.16807142,0.16709718,0.16612013,0.16514449,0.16417444,0.16321412,0.16226771,0.16133949,0.16043353,0.15955408,0.15870526,0.15789133,0.1571164,0.15638466,0.15570036,0.15506761,0.15449063,0.15397353,0.15352064,0.15313599,0.15282385,0.15258835,0.15243371,0.1523641,0.15238386,0.15249173,0.1526834,0.15295444,0.15330058,0.15371749,0.15420082,0.15474628,0.15534945,0.15600611,0.15671182,0.15746233,0.15825325,0.1590803,0.15993908,0.16082533,0.16173467,0.1626628,0.16360535,0.16455805,0.16551647,0.16647637,0.1674334,0.16838317,0.16932139,0.1702437,0.17114587,0.17202343,0.17287214,0.17368759,0.17446554,0.17520161,0.17587134,0.1764561,0.17696002,0.17738722,0.17774196,0.17802839,0.17825074,0.17841312,0.17851974,0.17857483,0.17858247,0.17854694,0.17847236,0.17836295,0.17822285
0.18034643,0.18052745,0.18067972,0.18079862,0.18087967,0.18091829,0.18090998,0.18085015,0.18073426,0.18055774,0.18031615,0.18000484,0.17961927,0.17915499,0.17860739,0.17797185,0.17724398,0.17644365,0.17559718,0.17470928,0.17378475,0.17282835,0.17184488,0.17083916,0.16981587,0.16877985,0.16773587,0.16668871,0.16564314,0.16460392,0.16357586,0.16256373,0.16157232,0.1606064,0.15967071,0.15877007,0.15790924,0.15709299,0.15632616,0.15561345,0.15495966,0.1543696,0.15384804,0.1533997,0.1530294,0.15274195,0.1525421,0.15243459,0.15242426,0.1525118,0.1526918,0.1529596,0.15331073,0.15374066,0.1542448,0.15481862,0.15545759,0.15615715,0.15691277,0.1577199,0.15857397,0.15947048,0.16040482,0.16137254,0.16236901,0.16338973,0.16443011,0.16548568,0.16655186,0.16762407,0.16869782,0.16976851,0.17083164,0.17188266,0.17291701,0.17393015,0.17491752,0.17587464,0.17679688,0.17767973,0.17851868,0.17928393,0.1799521,0.18052784,0.18101597,0.18142132,0.18174861,0.18200263,0.18218818,0.18231004,0.18237294,0.18238172,0.18234108,0.18225588,0.18213087,0.1819708
0.18172531,0.18191499,0.18207449,0.18219909,0.18228398,0.18232447,0.18231569,0.182253,0.18213163,0.18194672,0.18169357,0.18136738,0.18096347,0.18047701,0.17990324,0.17923743,0.17847483,0.17763443,0.17674218,0.17580338,0.17482339,0.1738076,0.17276138,0.1716901,0.17059919,0.16949391,0.16837968,0.16726188,0.16614588,0.165037,0.1639407,0.1628623,0.1618071,0.16078058,0.15978809,0.15883498,0.15792659,0.15706833,0.15626553,0.15552361,0.15484792,0.15424383,0.15371671,0.1532719,0.1529148,0.15265079,0.15248524,0.15242349,0.15247092,0.15262473,0.15287535,0.15321803,0.153648,0.15416051,0.1547508,0.15541406,0.15614562,0.15694064,0.15779439,0.1587021,0.15965903,0.16066037,0.1617014,0.16277736,0.16388343,0.16501494,0.16616708,0.16733511,0.1685142,0.16969965,0.17088668,0.17207058,0.1732465,0.17440973,0.17555553,0.17667909,0.17777568,0.1788405,0.17986886,0.1808559,0.18179694,0.18265702,0.18340787,0.18405491,0.18460353,0.18505907,0.1854269,0.18571238,0.18592091,0.18605784,0.18612854,0.18613839,0.18609276,0.18599702,0.18585648,0.1856766
0.1831237,0.18332222,0.18348919,0.18361963,0.18370852,0.18375091,0.18374175,0.18367611,0.18354903,0.18335547,0.18309045,0.182749,0.18232617,0.1818169,0.18121628,0.18051927,0.17972092,0.17883949,0.17790046,0.17690982,0.17587356,0.17479755,0.17368782,0.17255029,0.17139094,0.1702157,0.16903053,0.16784142,0.16665424,0.16547506,0.16430973,0.16316427,0.16204463,0.16095671,0.15990652,0.15890002,0.15794314,0.15704183,0.15620206,0.15542977,0.15473098,0.15411155,0.15357745,0.1531347,0.15278922,0.15254693,0.15241385,0.15239586,0.15249899,0.15271701,0.15303631,0.15345202,0.15395914,0.15455261,0.15522751,0.15597886,0.15680164,0.15769087,0.15864159,0.15964878,0.16070749,0.16181272,0.16295949,0.16414282,0.1653577,0.16659917,0.16786224,0.16914193,0.17043325,0.17173119,0.17303084,0.1743271,0.17561513,0.17688985,0.17814624,0.17937943,0.18058434,0.18175602,0.1828895,0.18397976,0.18502188,0.1859757,0.18680839,0.18752599,0.1881344,0.1886396,0.18904752,0.18936415,0.18959539,0.18974724,0.18982568,0.18983658,0.18978599,0.18967977,0.18952394,0.18932444
0.18454689,0.18475462,0.18492933,0.1850658,0.18515882,0.18520315,0.18519358,0.18512492,0.18499193,0.18478939,0.18451212,0.18415482,0.18371241,0.18317959,0.18255113,0.18182184,0.1809865,0.18006264,0.17907569,0.17803207,0.17693838,0.17580111,0.17462689,0.17342214,0.17219344,0.17094734,0.16969033,0.16842902,0.16716984,0.16591935,0.16468413,0.1634707,0.16228554,0.16113526,0.16002631,0.1589653,0.15795869,0.15701307,0.15613496,0.1553309,0.15460736,0.15397094,0.15342814,0.15298548,0.15264958,0.1524269,0.15232393,0.15234728,0.15250345,0.15278298,0.15316854,0.15365496,0.15423697,0.15490937,0.15566698,0.15650457,0.15741688,0.15839876,0.15944493,0.16055025,0.16170943,0.16291729,0.16416863,0.16545822,0.16678078,0.16813123,0.16950424,0.17089467,0.17229722,0.17370676,0.17511801,0.1765258,0.1779249,0.1793101,0.18067616,0.18201788,0.18333007,0.18460748,0.18584491,0.18703711,0.18817891,0.1892252,0.19013864,0.19092576,0.19159316,0.19214731,0.1925948,0.19294211,0.19319578,0.19336234,0.19344833,0.19346033,0.1934048,0.19328831,0.1931174,0.19289856
0.18600023,0.18621756,0.18640032,0.18654308,0.1866404,0.18668675,0.18667676,0.18660493,0.18646581,0.18625394,0.18596387,0.18559013,0.18512729,0.1845699,0.18391244,0.18314953,0.18227568,0.18130785,0.1802714,0.17917341,0.178021,0.17682125,0.17558128,0.17430817,0.17300901,0.17169096,0.17036103,0.16902637,0.16769409,0.16637127,0.16506502,0.16378248,0.16253065,0.16131671,0.1601477,0.15903081,0.15797304,0.15698157,0.15606342,0.15522578,0.15447567,0.15382025,0.15326658,0.15282178,0.15249294,0.15228716,0.15221155,0.15227321,0.15247919,0.15281704,0.1532658,0.15382008,0.15447436,0.15522324,0.15606117,0.15698281,0.15798263,0.15905522,0.16019507,0.16139677,0.16265483,0.16396382,0.1653183,0.16671276,0.16814177,0.16959992,0.17108166,0.17258163,0.17409429,0.17561425,0.17713605,0.17865416,0.1801632,0.1816577,0.18313217,0.18458122,0.18599933,0.18738106,0.188721,0.19001362,0.1912535,0.19239062,0.19338341,0.19423895,0.1949643,0.19556661,0.19605292,0.19643041,0.19670612,0.19688717,0.19698064,0.19699368,0.19693331,0.1968067,0.19662094,0.1963831
0.18748908,0.18771641,0.18790762,0.18805696,0.18815878,0.18820727,0.1881968,0.18812166,0.1879761,0.18775447,0.187451,0.18706006,0.18657583,0.18599269,0.18530492,0.18450682,0.18359263,0.18257895,0.18149129,0.18033728,0.1791246,0.17786084,0.17655368,0.17521086,0.17383993,0.1724486,0.1710445,0.16963528,0.1682286,0.1668322,0.16545361,0.16410053,0.16278067,0.16150162,0.16027103,0.1590966,0.15798597,0.15694681,0.15598671,0.1551134,0.15433452,0.15365767,0.15309061,0.15264092,0.15231627,0.1521243,0.1520727,0.15216912,0.15242116,0.15281355,0.153322,0.15394078,0.15466422,0.15548655,0.15640216,0.15740526,0.15849017,0.15965119,0.16088259,0.1621787,0.16353375,0.16494209,0.16639802,0.16789576,0.1694297,0.17099404,0.17258315,0.17419125,0.17581269,0.17744172,0.17907265,0.18069981,0.18231744,0.18391983,0.1855013,0.18705617,0.18857867,0.19006309,0.1915038,0.19289503,0.19423106,0.19545725,0.19652776,0.19745027,0.1982324,0.19888188,0.19940627,0.19981329,0.20011061,0.2003058,0.2004066,0.20042065,0.20035556,0.20021906,0.20001875,0.19976225
0.18901868,0.18925658,0.18945664,0.18961293,0.18971944,0.1897702,0.18975925,0.18968059,0.18952832,0.18929638,0.18897887,0.18856975,0.18806307,0.18745291,0.18673323,0.1858981,0.18494152,0.18387987,0.182739,0.18152702,0.18025227,0.17892282,0.1775469,0.17613271,0.1746885,0.17322241,0.17174266,0.17025745,0.16877495,0.16730341,0.165851,0.16442588,0.16303632,0.16169049,0.16039653,0.15916274,0.15799725,0.15690829,0.15590402,0.15499267,0.15418246,0.15348151,0.1528981,0.1524404,0.15211657,0.15193485,0.15190347,0.15203054,0.15232432,0.15276688,0.1533309,0.15401036,0.15479936,0.15569185,0.15668188,0.15776348,0.15893075,0.16017757,0.16149808,0.1628863,0.16433619,0.16584188,0.16739729,0.16899651,0.17063357,0.17230247,0.17399725,0.17571194,0.17744058,0.17917714,0.18091577,0.18265033,0.18437499,0.18608373,0.18777052,0.18942949,0.1910546,0.19263987,0.19417939,0.1956671,0.19709712,0.19841017,0.19955659,0.20054443,0.20138203,0.20207751,0.20263906,0.20307492,0.2033933,0.20360234,0.2037103,0.20372531,0.20365563,0.20350945,0.2032949,0.20302029
0.19059439,0.19084345,0.19105285,0.19121644,0.19132791,0.19138105,0.19136961,0.1912873,0.19112788,0.1908851,0.1905527,0.19012447,0.1895941,0.18895538,0.18820204,0.18732786,0.18632652,0.18521449,0.18401808,0.18274604,0.18140712,0.18001005,0.17856352,0.17707627,0.17555705,0.17401448,0.17245746,0.1708946,0.1693346,0.16778627,0.1662583,0.16475947,0.16329837,0.16188383,0.16052455,0.15922926,0.1580067,0.15686554,0.15581459,0.1548625,0.15401803,0.1532899,0.15268683,0.1522176,0.15189086,0.15171534,0.15169981,0.151853,0.15218358,0.15267141,0.15328638,0.15402222,0.15487266,0.15583149,0.1568924,0.1580492,0.15929559,0.16062532,0.1620322,0.1635099,0.1650522,0.16665287,0.16830565,0.17000426,0.17174245,0.173514,0.17531262,0.17713207,0.17896615,0.18080853,0.18265304,0.18449333,0.18632324,0.18813646,0.18992674,0.1916879,0.19341357,0.19509758,0.19673367,0.19831559,0.19983706,0.2012346,0.20245473,0.20350619,0.20439763,0.2051379,0.20573556,0.2061995,0.20653833,0.20676082,0.2068757,0.2068917,0.20681754,0.20666192,0.20643364,0.20614132
0.19222154,0.19248235,0.19270167,0.19287302,0.1929898,0.19304544,0.19303343,0.19294724,0.19278026,0.192526,0.19217789,0.19172938,0.19117394,0.19050501,0.18971604,0.1888005,0.1877518,0.18658665,0.1853322,0.18399772,0.18259242,0.18112552,0.17960632,0.17804402,0.17644782,0.17482701,0.1731908,0.17154844,0.16990916,0.16828218,0.16667676,0.16510212,0.16356753,0.16208217,0.1606553,0.1592962,0.15801406,0.15681809,0.15571761,0.15472178,0.15383987,0.15308109,0.15245472,0.15196998,0.1516361,0.15146229,0.15145785,0.15163194,0.15199386,0.15252149,0.15318227,0.15396962,0.15487702,0.15589792,0.15702572,0.15825395,0.15957601,0.16098538,0.16247551,0.16403985,0.16567183,0.16736491,0.16911256,0.17090821,0.17274536,0.17461742,0.17651783,0.17844011,0.18037765,0.1823239,0.18427233,0.18621641,0.18814959,0.19006528,0.19195698,0.19381812,0.19564217,0.19742255,0.19915277,0.2008262,0.20243636,0.20391572,0.20520724,0.20632021,0.20726386,0.2080474,0.20868011,0.20917116,0.20952983,0.20976536,0.20988698,0.20990393,0.20982541,0.2096607,0.209419,0.20910957
0.19377437,0.19404659,0.1942755,0.19445427,0.19457614,0.19463423,0.1946217,0.19453174,0.1943575,0.19409212,0.19372882,0.19326074,0.19268107,0.19198295,0.19115955,0.19020404,0.1891096,0.18789324,0.18658306,0.18518873,0.18372,0.18218654,0.18059807,0.17896432,0.17729497,0.17559974,0.17388834,0.17217046,0.17045578,0.16875404,0.16707502,0.16542834,0.1638237,0.1622708,0.16077943,0.15935922,0.15801993,0.1567712,0.15562281,0.15458442,0.15366575,0.15287654,0.15222642,0.15172517,0.15138245,0.15120801,0.1512115,0.15140268,0.15179124,0.1523535,0.15305467,0.15388796,0.15484653,0.15592353,0.15711212,0.15840551,0.15979683,0.16127928,0.162846,0.16449015,0.16620494,0.16798344,0.16981897,0.17170455,0.17363344,0.17559874,0.17759366,0.17961137,0.18164504,0.18368779,0.18573283,0.1877733,0.1898024,0.19181329,0.19379908,0.19575305,0.19766824,0.19953789,0.20135516,0.20311317,0.2048052,0.20635992,0.20771733,0.20888703,0.2098788,0.21070229,0.2113672,0.2118833,0.21226025,0.2125078,0.21263562,0.2126534,0.2125709,0.21239775,0.2121438,0.2118186
0.19513008,0.19541222,0.19564947,0.1958348,0.1959611,0.19602133,0.19600832,0.19591506,0.1957345,0.19545943,0.19508287,0.1945977,0.19399688,0.19327325,0.19241981,0.1914294,0.19029501,0.18903397,0.1876751,0.18622856,0.18470444,0.18311287,0.18146396,0.1797678,0.17803462,0.17627436,0.1744973,0.17271349,0.17093301,0.16916606,0.16742271,0.1657131,0.16404735,0.16243552,0.1608878,0.15941423,0.15802504,0.15673028,0.15554005,0.1544645,0.15351377,0.15269789,0.15202707,0.15151142,0.15116099,0.150986,0.15099648,0.15120256,0.15161437,0.15220682,0.15294328,0.15381667,0.15481986,0.15594591,0.15718755,0.15853783,0.15998966,0.16153587,0.16316949,0.16488333,0.16667035,0.1685235,0.1704357,0.17239977,0.17440876,0.1764555,0.17853291,0.18063396,0.18275155,0.18487853,0.18700792,0.18913256,0.19124544,0.19333936,0.19540735,0.19744231,0.1994371,0.2013847,0.20327799,0.20510986,0.2068733,0.20849389,0.20990878,0.211128,0.21216175,0.21302016,0.2137132,0.21425116,0.21464407,0.21490207,0.21503535,0.21505389,0.21496788,0.21478744,0.21452267,0.2141837
0.19629838,0.19658904,0.19683352,0.19702446,0.1971546,0.19721666,0.19720323,0.19710717,0.19692107,0.19663772,0.1962497,0.19574983,0.19513072,0.19438517,0.19350581,0.19248539,0.19131653,0.19001696,0.18861619,0.18712461,0.18555279,0.18391113,0.18221012,0.18046023,0.17867194,0.17685576,0.17502207,0.17318146,0.17134427,0.16952111,0.16772234,0.16595852,0.16424006,0.16257744,0.16098116,0.15946166,0.15802948,0.15669498,0.15546873,0.15436116,0.15338275,0.15254398,0.15185532,0.15132722,0.15097019,0.15079464,0.15081114,0.15103008,0.15146196,0.1520804,0.15284728,0.15375522,0.15479696,0.15596516,0.15725258,0.15865186,0.16015579,0.16175699,0.16344821,0.16522212,0.16707145,0.1689889,0.17096712,0.17299892,0.1750769,0.1771938,0.17934233,0.18151517,0.18370506,0.18590465,0.18810672,0.19030394,0.19248891,0.19465445,0.19679326,0.198898,0.2009614,0.20297612,0.20493494,0.20683049,0.20865546,0.21033281,0.21179721,0.21305916,0.21412906,0.21501748,0.21573482,0.21629162,0.2166983,0.21696536,0.21710323,0.21712247,0.21703339,0.21684666,0.21657264,0.21622181
0.1972889,0.19758682,0.1978374,0.19803311,0.19816653,0.19823007,0.19821638,0.19811788,0.19792716,0.19763668,0.19723904,0.19672664,0.1960921,0.19532791,0.1944266,0.19338065,0.19218263,0.19085042,0.18941405,0.18788435,0.18627203,0.18458788,0.18284275,0.18104728,0.17921229,0.17734867,0.17546701,0.17357817,0.17169301,0.1698221,0.1679764,0.16616659,0.16440348,0.16269778,0.16106036,0.1595019,0.1580332,0.15666509,0.15540826,0.15427355,0.1532717,0.15241347,0.15170968,0.15117104,0.15080838,0.15063244,0.15065402,0.15088384,0.15133272,0.15197326,0.15276586,0.15370312,0.15477748,0.15598151,0.1573077,0.15874858,0.16029662,0.16194448,0.16368453,0.16550937,0.1674115,0.16938345,0.17141774,0.17350686,0.17564338,0.17781979,0.18002857,0.1822623,0.1845135,0.18677469,0.18903834,0.19129702,0.1935432,0.19576947,0.1979683,0.20013225,0.20225377,0.20432544,0.20633979,0.20828928,0.2101665,0.21189193,0.21339831,0.21469645,0.21579705,0.21671097,0.2174489,0.21802168,0.21843998,0.21871471,0.21885653,0.21887629,0.21878469,0.21859261,0.21831071,0.21794984
0.19811136,0.19841532,0.19867098,0.19887066,0.19900677,0.19907165,0.19905762,0.19895715,0.19876255,0.19846618,0.19806051,0.19753774,0.19689037,0.19611073,0.19519116,0.19412406,0.19290179,0.19154246,0.1900766,0.1885152,0.18686928,0.18514985,0.18336804,0.18153474,0.17966102,0.17775795,0.17583646,0.17390767,0.17198253,0.1700721,0.16818735,0.16633937,0.16453914,0.1627977,0.16112608,0.15953529,0.15803632,0.15664026,0.1553581,0.15420079,0.15317948,0.15230513,0.15158874,0.15104137,0.15067402,0.15049776,0.15052354,0.15076244,0.1512254,0.15188429,0.15269832,0.15365985,0.15476131,0.15599506,0.15735343,0.15882882,0.16041361,0.16210014,0.16388078,0.1657479,0.1676939,0.1697111,0.17179188,0.17392868,0.17611375,0.17833954,0.18059842,0.18288274,0.1851848,0.1874971,0.18981192,0.19212162,0.19441867,0.19669531,0.19894399,0.20115706,0.20332691,0.20544587,0.20750631,0.20950064,0.21142116,0.21318656,0.21472786,0.21605599,0.2171821,0.21811715,0.21887217,0.21945818,0.21988617,0.22016726,0.2203124,0.22033261,0.22023891,0.22004238,0.21975394,0.21938471
0.19877547,0.19908431,0.19934404,0.19954693,0.19968522,0.19975111,0.1997369,0.19963479,0.19943711,0.199136,0.1987238,0.19819269,0.19753492,0.19674279,0.19580851,0.19472432,0.19348249,0.19210126,0.19061156,0.18902455,0.1873515,0.18560366,0.18379219,0.18192832,0.18002334,0.17808841,0.17613478,0.17417368,0.1722163,0.1702739,0.16835767,0.16647887,0.1646487,0.16287838,0.16117916,0.15956225,0.15803882,0.1566202,0.15531754,0.15414204,0.15310502,0.15221766,0.15149109,0.1509367,0.15056556,0.15038899,0.15041819,0.15066434,0.15113877,0.1518124,0.15264371,0.15362492,0.15474828,0.15600602,0.15739039,0.15889367,0.16050805,0.16222583,0.16403922,0.16594052,0.1679219,0.16997564,0.17209397,0.17426921,0.17649354,0.17875925,0.18105851,0.18338363,0.18572682,0.18808039,0.19043656,0.19278747,0.19512554,0.19744289,0.19973183,0.2019846,0.20419341,0.20635056,0.20844823,0.21047871,0.21243428,0.21423191,0.21580133,0.21715376,0.21830043,0.21925259,0.22002137,0.2206181,0.22105396,0.22134015,0.22148794,0.22150852,0.22141312,0.22121295,0.22091925,0.2205433
0.19929092,0.19960354,0.19986647,0.20007184,0.20021178,0.20027849,0.20026407,0.20016077,0.19996065,0.19965588,0.19923863,0.198701,0.19803523,0.1972334,0.19628768,0.19519024,0.19393322,0.19253495,0.19102676,0.18941991,0.1877258,0.18595584,0.18412139,0.18223384,0.18030456,0.17834492,0.17636633,0.17438015,0.17239776,0.17043051,0.16848987,0.16658717,0.16473374,0.16294098,0.16122037,0.15958314,0.15804076,0.15660463,0.15528606,0.15409647,0.15304722,0.1521497,0.15141533,0.1508554,0.15048136,0.15030457,0.15033641,0.15058829,0.1510715,0.15175663,0.15260138,0.15359782,0.15473814,0.1560145,0.1574191,0.158944,0.16058135,0.16232339,0.1641622,0.16608997,0.16809887,0.17018095,0.17232847,0.17453356,0.17678834,0.17908499,0.18141565,0.18377241,0.18614754,0.18853311,0.1909213,0.1933043,0.19567417,0.19802311,0.20034333,0.20262688,0.20486596,0.20705274,0.2091793,0.21123789,0.2132206,0.21504325,0.21663454,0.21800579,0.21916847,0.22013384,0.22091337,0.22151838,0.22196028,0.2222505,0.22240031,0.22242118,0.22232448,0.22212154,0.22182374,0.22144257
0.19966741,0.19998278,0.20024805,0.20045522,0.2005964,0.20066369,0.20064919,0.20054495,0.20034306,0.20003557,0.19961467,0.1990723,0.19840062,0.19759172,0.1966377,0.19553052,0.19426242,0.19285177,0.19133005,0.1897087,0.1879992,0.18621309,0.18436186,0.18245697,0.18050995,0.1785323,0.17653546,0.17453095,0.1725303,0.17054494,0.16858645,0.16666624,0.16479583,0.16298674,0.16125044,0.15959843,0.1580422,0.15659323,0.15526307,0.15406318,0.153005,0.1521001,0.15135996,0.15079604,0.15041986,0.15024291,0.1502767,0.1505327,0.15102239,0.15171589,0.15257043,0.15357801,0.15473074,0.15602073,0.15744004,0.1589807,0.16063488,0.16239464,0.16425203,0.16619915,0.16822812,0.17033093,0.17249978,0.17472665,0.17700365,0.17932291,0.18167646,0.18405639,0.18645482,0.18886383,0.19127543,0.19368179,0.1960749,0.19844693,0.20078996,0.20309602,0.20535718,0.2075656,0.20971331,0.2117924,0.21379493,0.21563587,0.21724313,0.21862815,0.21980244,0.22077751,0.22156487,0.22217593,0.22262229,0.22291543,0.22306673,0.22308782,0.22299013,0.22278515,0.22248441,0.22209936
0.19991466,0.20023188,0.20049863,0.20070697,0.20084897,0.20091665,0.20090207,0.20079723,0.20059416,0.20028496,0.19986156,0.19931608,0.19864057,0.19782703,0.19686748,0.19575399,0.19447859,0.19305983,0.19152918,0.1898983,0.18817872,0.18638203,0.18451977,0.1826035,0.18064481,0.1786553,0.17664653,0.17462996,0.17261732,0.1706201,0.16864985,0.16671817,0.16483663,0.16301677,0.16127022,0.15960847,0.15804313,0.1565858,0.15524799,0.15404129,0.15297729,0.15206754,0.15132362,0.15075704,0.1503795,0.15020244,0.15023747,0.15049618,0.15099013,0.15168916,0.15255012,0.153565,0.15472591,0.15602481,0.15745378,0.15900485,0.16067006,0.16244143,0.16431102,0.16627085,0.16831295,0.17042942,0.17261222,0.1748534,0.17714503,0.17947915,0.18184775,0.1842429,0.18665662,0.18908095,0.19150798,0.19392961,0.19633807,0.19872525,0.20108323,0.20340405,0.20567976,0.20790239,0.21006392,0.2121565,0.21417207,0.21602502,0.21764274,0.21903685,0.22021881,0.2212002,0.22199267,0.22260778,0.22305702,0.22335203,0.22350438,0.22352555,0.22342722,0.22322094,0.2229182,0.22253065
0.20004232,0.20036042,0.20062795,0.20083696,0.20097938,0.20104726,0.20103262,0.20092748,0.20072383,0.20041366,0.19998907,0.199442,0.1987645,0.19794853,0.19698615,0.19586939,0.19459021,0.19316722,0.19163203,0.1899962,0.18827142,0.18646926,0.18460129,0.18267913,0.1807145,0.17871882,0.17670386,0.17468113,0.17266229,0.1706589,0.1686826,0.16674499,0.16485767,0.16303231,0.16128041,0.15961364,0.15804362,0.15658194,0.15524022,0.15403001,0.15296298,0.15205069,0.15130486,0.15073696,0.15035866,0.15018153,0.15021722,0.15047733,0.1509735,0.15167536,0.15253964,0.15355827,0.1547234,0.15602693,0.15746087,0.1590173,0.1606882,0.1624656,0.1643415,0.16630788,0.16835679,0.17048027,0.17267029,0.17491889,0.17721803,0.17955984,0.1819362,0.1843392,0.1867608,0.18919307,0.19162805,0.19405764,0.19647396,0.19886893,0.20123468,0.20356311,0.20584631,0.20807627,0.21024501,0.21234447,0.21436681,0.21622597,0.21784914,0.21924782,0.22043374,0.22141847,0.22221358,0.22283071,0.2232815,0.22357751,0.22373036,0.22375162,0.22365294,0.22344592,0.22314222,0.22275333
0.20006011,0.20037833,0.20064601,0.20085506,0.20099755,0.20106547,0.20105079,0.20094563,0.20074186,0.20043162,0.2000068,0.19945954,0.1987817,0.19796541,0.19700266,0.19588543,0.19460577,0.19318217,0.19164632,0.19000985,0.18828432,0.18648139,0.18461265,0.18268967,0.18072416,0.17872767,0.17671183,0.17468825,0.17266853,0.1706643,0.16868713,0.16674872,0.1648606,0.16303444,0.16128182,0.15961437,0.1580437,0.15658142,0.15523909,0.15402845,0.15296097,0.15204836,0.15130222,0.15073416,0.15035574,0.15017861,0.1502144,0.15047473,0.15097116,0.15167342,0.15253814,0.15355738,0.15472303,0.15602721,0.15746187,0.15901904,0.16069072,0.16246895,0.16434573,0.16631304,0.16836292,0.17048739,0.17267837,0.17492801,0.17722823,0.17957103,0.1819485,0.18435258,0.18677531,0.18920872,0.19164474,0.19407545,0.19649285,0.19888896,0.20125574,0.20358528,0.20586951,0.20810047,0.2102702,0.21237066,0.21439394,0.2162539,0.21787782,0.2192772,0.22046366,0.22144885,0.22224435,0.22286177,0.22331272,0.2236089,0.2237618,0.22378308,0.22368436,0.22347729,0.22317338,0.22278434
0.1999777,0.2002953,0.20056245,0.20077115,0.20091337,0.20098116,0.20096654,0.20086153,0.20065817,0.20034848,0.1999245,0.19937827,0.19870174,0.197887,0.19692604,0.19581099,0.1945337,0.19311284,0.19157997,0.18994667,0.18822448,0.18642507,0.18455999,0.18264085,0.18067922,0.17868665,0.17667481,0.17465523,0.1726395,0.17063925,0.16866602,0.16673142,0.16484703,0.16302446,0.16127524,0.15961103,0.1580434,0.15658389,0.15524414,0.15403573,0.15297022,0.15205923,0.15131433,0.15074712,0.15036917,0.15019213,0.15022749,0.15048687,0.15098192,0.15168235,0.15254495,0.1535617,0.15472464,0.15602586,0.15745728,0.159011,0.16067903,0.16245335,0.16432606,0.16628914,0.16833462,0.17045452,0.17264089,0.17488576,0.1771811,0.17951898,0.18189143,0.18429044,0.18670806,0.18913631,0.19156724,0.19399285,0.19640516,0.1987962,0.20115797,0.2034826,0.20576197,0.20798823,0.2101533,0.2122493,0.21426821,0.21612424,0.21774465,0.21914098,0.22032486,0.22130796,0.22210173,0.22271784,0.22316787,0.22346333,0.22361593,0.22363718,0.22353867,0.223332,0.2230288,0.22264059
0.19980477,0.20012116,0.20038724,0.2005951,0.20073675,0.20080423,0.20078968,0.20068511,0.20048255,0.20017412,0.19975182,0.19920775,0.19853392,0.19772243,0.19676536,0.19565468,0.19438252,0.19296733,0.19144067,0.18981403,0.18809894,0.18630694,0.18444958,0.18253838,0.18058488,0.17860061,0.17659712,0.17458597,0.17257863,0.17058672,0.16862167,0.16669509,0.16481851,0.16300343,0.16126142,0.15960403,0.15804271,0.1565891,0.1552547,0.154051,0.15298963,0.15208203,0.15133977,0.15077439,0.15039745,0.15022042,0.15025492,0.15051241,0.15100448,0.15170105,0.15255915,0.15357079,0.15472806,0.156023,0.15744767,0.15899412,0.16065443,0.16242065,0.1642848,0.166239,0.16827524,0.17038566,0.17256224,0.17479704,0.1770822,0.17940973,0.18177164,0.18416002,0.18656692,0.18898442,0.19140461,0.19381948,0.1962211,0.19860156,0.20095289,0.20326717,0.2055364,0.20775272,0.20990811,0.21199463,0.21400446,0.21585202,0.21746515,0.21885517,0.22003375,0.22101237,0.22180255,0.22241586,0.22286381,0.22315799,0.22330987,0.22333103,0.22323297,0.22302726,0.2227254,0.22233893
0.19955109,0.19986562,0.20013013,0.20033674,0.20047754,0.2005447,0.20053019,0.20042622,0.20022486,0.19991827,0.19949844,0.19895756,0.19828773,0.19748099,0.19652951,0.19542539,0.19416068,0.19275391,0.19123633,0.18961945,0.18791471,0.1861336,0.18428753,0.18238804,0.1804465,0.17847438,0.1764832,0.17448434,0.17248933,0.17050958,0.16855657,0.1666418,0.16477662,0.1629726,0.16124114,0.1595937,0.15804178,0.15659676,0.15527016,0.15407348,0.15301806,0.15211543,0.15137707,0.15081438,0.15043887,0.15026198,0.15029515,0.15054986,0.15103757,0.15172848,0.15258,0.15358412,0.15473303,0.1560188,0.15743354,0.15896936,0.16061836,0.16237262,0.16422428,0.16616544,0.16818815,0.17028458,0.17244685,0.17466697,0.1769371,0.17924938,0.18159585,0.18396863,0.1863599,0.18876164,0.191166,0.19356513,0.1959511,0.19831602,0.20065193,0.20295106,0.20520538,0.20740715,0.20954828,0.21162105,0.21361744,0.21545276,0.21705507,0.21843582,0.21960653,0.22057863,0.22136354,0.22197276,0.22241774,0.22270994,0.22286083,0.22288184,0.22278444,0.22258008,0.22228023,0.22189638
0.19922629,0.19953845,0.19980095,0.20000601,0.20014575,0.20021236,0.20019798,0.20009483,0.19989496,0.19959068,0.19917405,0.19863729,0.1979725,0.19717188,0.1962276,0.19513182,0.19387671,0.19248061,0.19097467,0.18937032,0.1876789,0.1859117,0.18408012,0.18219553,0.1802693,0.17831278,0.1763373,0.17435423,0.17237498,0.1704109,0.1684733,0.16657358,0.16472308,0.16293317,0.16121517,0.15958051,0.15804054,0.15660658,0.15529004,0.15410218,0.15305446,0.15215823,0.15142484,0.15086561,0.15049191,0.15031514,0.15034668,0.15059783,0.15107995,0.15176365,0.15260667,0.15360121,0.15473944,0.15601346,0.1574155,0.15893765,0.16057217,0.16231115,0.16414681,0.16607124,0.16807665,0.17015523,0.1722991,0.17450044,0.17675139,0.17904413,0.18137082,0.18372367,0.18609479,0.18847634,0.19086054,0.19323948,0.19560535,0.1979504,0.20026666,0.20254636,0.20478164,0.20696467,0.20908763,0.21114269,0.21312198,0.21494152,0.21653007,0.21789898,0.21905962,0.22002336,0.22080155,0.22140554,0.22184667,0.22213633,0.22228591,0.22230673,0.22221018,0.2220076,0.22171035,0.2213298
