0.09366755,0.093403846,0.09318208,0.093008846,0.09289079,0.09283453,0.09284667,0.09293382,0.093102634,0.0933597,0.093711674,0.09416514,0.09472674,0.09540308,0.09620079,0.09712648,0.098186776,0.09928118,0.100309305,0.101278074,0.10219426,0.10306475,0.10389642,0.1046961,0.105470635,0.10622691,0.106971756,0.10771204,0.10845459,0.10920627,0.109973945,0.11076451,0.111584745,0.11244153,0.11334174,0.1142922,0.11529978,0.11637134,0.1175137,0.11873376,0.120038375,0.12143434,0.12292853,0.12452785,0.1262391,0.12806915,0.13002485,0.13211308,0.13434069,0.13657074,0.13866617,0.14063363,0.14247973,0.14421107,0.14583428,0.14735599,0.1487828,0.15012138,0.15137827,0.15256017,0.15367362,0.15472533,0.15572184,0.15666984,0.15757588,0.15844661,0.15928869,0.1601087,0.16091323,0.16170894,0.16250242,0.16330037,0.16410933,0.16493593,0.16578683,0.16666862,0.1675879,0.16855131,0.1695655,0.17063704,0.1717726,0.17287038,0.1738288,0.17465469,0.17535494,0.17593642,0.1764059,0.1767703,0.17703643,0.17721124,0.17730148,0.17731404,0.17725576,0.17713355,0.17695418,0.1767246
0.09324303,0.09297569,0.09275083,0.09257521,0.09245551,0.092398465,0.092410766,0.09249915,0.09267029,0.09293094,0.093287766,0.09374753,0.0943169,0.0950026,0.09581136,0.096749894,0.09782487,0.09893472,0.09997791,0.10096137,0.10189199,0.10277665,0.103622235,0.104435645,0.105223775,0.10599353,0.10675179,0.10750546,0.108261436,0.10902661,0.10980785,0.11061205,0.111446165,0.11231705,0.11323155,0.11419662,0.11521914,0.116306014,0.11746414,0.11870035,0.12002159,0.121434756,0.12294673,0.124564394,0.12629469,0.12814446,0.13012056,0.13223001,0.1344796,0.13673109,0.13884614,0.14083143,0.14269364,0.14443953,0.14607581,0.14760916,0.14904632,0.15039398,0.15165885,0.15284768,0.15396714,0.15502398,0.15602487,0.15697654,0.15788573,0.15875909,0.15960336,0.16042529,0.16123155,0.16202885,0.16282392,0.16362347,0.16443421,0.16526283,0.16611606,0.16700064,0.16792323,0.16889057,0.16990933,0.17098632,0.17212814,0.17323227,0.17419623,0.17502692,0.17573123,0.17631605,0.17678826,0.17715476,0.17742245,0.17759825,0.17768902,0.17770165,0.17764308,0.17752013,0.17733975,0.1771088
0.092886016,0.09261558,0.09238817,0.09221053,0.092089444,0.09203175,0.09204421,0.09213359,0.09230669,0.09257033,0.09293126,0.09339629,0.09397222,0.0946658,0.095483854,0.096433155,0.0975205,0.09864332,0.09969919,0.10069504,0.10163777,0.10253432,0.103391625,0.10421658,0.10501618,0.10579725,0.10656684,0.10733177,0.10809901,0.108875476,0.10966812,0.11048387,0.111329615,0.11221232,0.113138884,0.11411623,0.11515133,0.116251096,0.1174224,0.11867223,0.1200075,0.12143511,0.122962035,0.12459516,0.12634143,0.12820776,0.13020109,0.13232835,0.13459642,0.136866,0.13899751,0.14099775,0.14287354,0.14463167,0.14627893,0.14782207,0.14926791,0.15062325,0.15189484,0.15308951,0.154214,0.15527515,0.15627971,0.1572345,0.15814628,0.15902187,0.15986803,0.16069156,0.16149928,0.16229792,0.16309428,0.1638952,0.16470742,0.16553773,0.16639295,0.16727985,0.16820522,0.16917586,0.17019852,0.17128001,0.17242716,0.17353664,0.17450528,0.17533998,0.17604768,0.17663531,0.17710985,0.17747812,0.17774712,0.17792375,0.17801493,0.17802767,0.17796879,0.17784525,0.17766398,0.17743194
0.09260715,0.09233432,0.092104875,0.09192566,0.09180352,0.09174532,0.091757864,0.09184803,0.0920227,0.09228866,0.09265281,0.09312197,0.09370301,0.094402745,0.09522804,0.09618577,0.09728276,0.09841573,0.0994815,0.10048701,0.10143922,0.102345064,0.10321151,0.1040455,0.10485401,0.105643965,0.10642234,0.10719608,0.107972115,0.108757444,0.10955899,0.11038372,0.111238584,0.112130545,0.11306649,0.11405347,0.115098365,0.116208196,0.11738985,0.118650295,0.11999647,0.12143541,0.12297397,0.12461916,0.12637793,0.12825719,0.13026398,0.13240513,0.13468769,0.13697131,0.13911574,0.14112768,0.14301407,0.14478175,0.14643756,0.1479884,0.14944102,0.15080233,0.15207916,0.15327837,0.15440682,0.1554713,0.15647875,0.15743597,0.15834984,0.15922713,0.16007476,0.16089955,0.16170837,0.16250806,0.16330548,0.16410741,0.16492079,0.16575247,0.16660923,0.16749795,0.1684255,0.16939868,0.17042442,0.17150944,0.17266072,0.17377436,0.17474666,0.17558448,0.17629486,0.17688471,0.17736098,0.17773068,0.17800069,0.178178,0.17826955,0.17828229,0.17822321,0.17809916,0.17791724,0.17768432
0.092417076,0.09214263,0.09191182,0.09173152,0.091608636,0.091550075,0.09156272,0.09165344,0.09182913,0.09209669,0.092463024,0.09293501,0.093519524,0.09422345,0.0950537,0.09601717,0.09712073,0.09826062,0.09933312,0.100345224,0.10130388,0.102216065,0.10308875,0.10392889,0.104743496,0.10553949,0.10632387,0.107103616,0.10788567,0.108677015,0.109484635,0.11031547,0.11117654,0.112074785,0.11301716,0.11401069,0.115062274,0.116178945,0.11736762,0.11863531,0.119988985,0.1214356,0.12298212,0.12463555,0.12640281,0.12829092,0.1303068,0.13245745,0.13474986,0.13704312,0.13919629,0.14121622,0.14310987,0.14488406,0.1465457,0.1481017,0.14955899,0.15092437,0.15220478,0.1534071,0.15453821,0.15560502,0.15661444,0.15757328,0.15848854,0.15936702,0.16021565,0.16104132,0.16185088,0.1626513,0.16344938,0.16425206,0.16506626,0.16589881,0.16675662,0.16764659,0.16857561,0.16955057,0.1705783,0.1716658,0.1728199,0.1739364,0.17491117,0.17575115,0.17646334,0.17705469,0.17753215,0.17790279,0.1781735,0.17835127,0.17844304,0.17845581,0.17839658,0.17827225,0.17808984,0.17785634
0.09232651,0.092051275,0.091819815,0.091639005,0.09151579,0.091457054,0.09146971,0.09156068,0.09173689,0.0920052,0.09237257,0.09284589,0.09343203,0.094138,0.094970606,0.095936805,0.09704351,0.098186694,0.099262424,0.10027767,0.10123937,0.10215458,0.10303023,0.103873305,0.104690805,0.10548969,0.10627695,0.10705953,0.10784446,0.10863869,0.10944918,0.11028295,0.11114699,0.11204821,0.11299367,0.11399029,0.115045086,0.116165005,0.117357045,0.11862819,0.1199854,0.121435694,0.12298602,0.12464335,0.12641469,0.12830697,0.13032722,0.13248241,0.13477951,0.13707733,0.13923466,0.14125843,0.14315552,0.14493279,0.14659724,0.14815576,0.1496152,0.15098254,0.15226464,0.15346844,0.15460086,0.15566877,0.15667908,0.15763874,0.15855466,0.15943366,0.1602828,0.16110885,0.16191882,0.16271956,0.163518,0.16432102,0.16513559,0.16596855,0.16682687,0.16771747,0.16864717,0.16962296,0.1706517,0.17174034,0.17289577,0.1740136,0.17498957,0.17583057,0.17654364,0.17713569,0.17761377,0.17798485,0.17825586,0.17843382,0.17852576,0.17853853,0.1784792,0.17835474,0.17817213,0.1779383
0.09234605,0.09207097,0.091839634,0.091658965,0.0915358,0.0914771,0.09148978,0.0915807,0.091756776,0.09202493,0.09239207,0.09286511,0.09345092,0.09415643,0.09498853,0.09595415,0.09706016,0.09820265,0.09927767,0.10029223,0.1012533,0.10216785,0.103042856,0.10388529,0.10470217,0.10550044,0.10628706,0.10706904,0.107853346,0.10864694,0.109456845,0.11028995,0.11115335,0.11205396,0.11299873,0.11399469,0.115048796,0.11616801,0.11735933,0.11862973,0.11998619,0.12143566,0.12298518,0.12464167,0.12641212,0.12830348,0.13032281,0.13247702,0.1347731,0.13706999,0.1392264,0.14124933,0.14314565,0.14492229,0.14658614,0.14814408,0.1496031,0.15097003,0.15225172,0.15345523,0.15458734,0.15565501,0.15666515,0.15762462,0.15854038,0.15941931,0.1602683,0.16109428,0.16190419,0.16270484,0.16350321,0.16430616,0.16512066,0.16595352,0.16681172,0.16770217,0.16863173,0.16960733,0.17063585,0.17172426,0.17287941,0.17399698,0.17497267,0.17581345,0.1765263,0.17711824,0.17759617,0.17796713,0.17823811,0.17841606,0.17850792,0.17852071,0.17846139,0.17833695,0.17815438,0.17792062
0.092486374,0.0922125,0.09198219,0.091802284,0.09167968,0.09162124,0.09163386,0.091724366,0.09189967,0.09216668,0.09253218,0.09300313,0.093586385,0.0942888,0.095117256,0.09607861,0.097179785,0.098317154,0.09938722,0.10039691,0.10135321,0.102263086,0.10313348,0.10397141,0.10478378,0.10557754,0.106359765,0.10713732,0.10791718,0.108706325,0.10951173,0.11034036,0.111199155,0.112095095,0.11303514,0.11402627,0.11507543,0.1161896,0.117375724,0.11864077,0.119991735,0.12143552,0.12297916,0.12462957,0.12639374,0.12827863,0.1302912,0.13243838,0.1347272,0.13701695,0.1391669,0.14118396,0.14307494,0.14484677,0.14650631,0.1480604,0.14951596,0.15087987,0.152159,0.15336019,0.15449032,0.1555563,0.15656497,0.15752324,0.15843797,0.159316,0.1601643,0.16098963,0.16179894,0.1625991,0.16339692,0.16419937,0.16501325,0.16584548,0.16670288,0.1675924,0.1685209,0.16949521,0.17052223,0.1716088,0.17276189,0.17387733,0.17485118,0.17569043,0.17640191,0.17699274,0.17746979,0.17784005,0.1781105,0.1782881,0.17837982,0.17839259,0.17833337,0.17820919,0.17802693,0.17779364
0.092758104,0.0924866,0.092258245,0.092079885,0.09195833,0.0919004,0.09191288,0.092002645,0.09217646,0.09244116,0.09280356,0.09327049,0.09384876,0.09454516,0.095366545,0.096319705,0.097411476,0.09853895,0.09959936,0.10059964,0.10154671,0.102447525,0.10330902,0.10413813,0.10494182,0.10572698,0.106500566,0.10726953,0.10804081,0.10882136,0.1096181,0.110437945,0.11128788,0.11217482,0.11310569,0.114087455,0.11512706,0.11623142,0.11740747,0.11866216,0.12000245,0.12143523,0.122967504,0.12460618,0.12635815,0.12823041,0.1302299,0.13236356,0.13463828,0.1369143,0.1390517,0.14105734,0.142938,0.14470053,0.14635168,0.14789835,0.1493473,0.15070537,0.15197937,0.15317611,0.15430243,0.15536512,0.156371,0.15732692,0.15823962,0.15911599,0.15996282,0.16078696,0.16159517,0.16239429,0.16319112,0.16399251,0.16480528,0.1656362,0.16649215,0.16737986,0.16830625,0.16927806,0.1703021,0.17138524,0.17253429,0.17364566,0.17461596,0.17545213,0.17616105,0.1767497,0.17722502,0.17759392,0.1778634,0.17804034,0.17813173,0.17814443,0.17808545,0.17796172,0.17778012,0.17754768
0.093171984,0.09290402,0.09267866,0.092502646,0.09238267,0.09232549,0.092337824,0.0924264,0.09259793,0.092859164,0.09321683,0.09367763,0.09424831,0.09493558,0.095746174,0.09668684,0.0977643,0.09887672,0.099922456,0.10090838,0.10184139,0.10272841,0.10357635,0.10439204,0.10518247,0.105954476,0.10671498,0.10747088,0.10822912,0.10899654,0.10978006,0.11058658,0.111422986,0.11229619,0.11321311,0.11418063,0.11520566,0.116295084,0.1174558,0.11869474,0.120018795,0.12143484,0.12294979,0.12457052,0.12630397,0.12815702,0.1301366,0.13224956,0.13450284,0.13675794,0.13887626,0.14086449,0.14272943,0.14447777,0.14611623,0.14765154,0.14909042,0.1504396,0.15170582,0.15289581,0.15401627,0.15507397,0.15607558,0.1570279,0.15793757,0.1588114,0.15965603,0.16047831,0.16128483,0.16208236,0.16287774,0.16367753,0.16448857,0.16531752,0.16617118,0.16705617,0.16797934,0.16894734,0.16996689,0.17104477,0.17218766,0.17329285,0.17425774,0.17508923,0.17579418,0.17637956,0.17685224,0.17721911,0.17748708,0.17766304,0.17775388,0.17776653,0.17770788,0.17758484,0.17740428,0.17717311
0.09373859,0.09347549,0.093254246,0.09308144,0.092963636,0.092907496,0.09291961,0.093006566,0.09317499,0.09343148,0.09378262,0.09423503,0.094795324,0.09547011,0.09626596,0.09718951,0.09824735,0.09933916,0.100364774,0.10133106,0.10224485,0.10311297,0.10394231,0.10473967,0.10551195,0.106265955,0.10700856,0.107746586,0.1084869,0.10923634,0.11000177,0.110790044,0.111607954,0.112462394,0.11336018,0.1143082,0.11531329,0.11638227,0.11752203,0.11873935,0.12004113,0.12143424,0.12292548,0.12452172,0.1262298,0.12805657,0.13000886,0.13209353,0.13431744,0.13654391,0.13863605,0.14060053,0.14244391,0.1441728,0.14579384,0.14731362,0.14873871,0.1500757,0.15133134,0.15251204,0.15362449,0.15467532,0.15567115,0.1566185,0.15752403,0.15839434,0.15923601,0.16005568,0.16085994,0.1616554,0.16244864,0.1632463,0.16405497,0.16488123,0.16573174,0.16661304,0.16753179,0.16849455,0.16950795,0.17057858,0.17171308,0.17280981,0.17376728,0.1745924,0.17529197,0.17587283,0.17634189,0.17670596,0.17697185,0.17714645,0.17723662,0.17724915,0.17719094,0.17706883,0.1768897,0.17666028
0.094468616,0.09421181,0.09399584,0.093827136,0.093712166,0.09365738,0.0936692,0.093754075,0.093918465,0.09416882,0.09451158,0.09495319,0.09550013,0.09615878,0.09693564,0.09783712,0.09886971,0.09993497,0.100934684,0.10187565,0.10276465,0.103608444,0.10441382,0.105187565,0.10593646,0.106667295,0.1073868,0.10810179,0.10881905,0.109545335,0.11028745,0.111052155,0.11184625,0.1126765,0.11354966,0.114472546,0.11545194,0.11649459,0.117607296,0.11879684,0.12006998,0.12143352,0.12289419,0.12445885,0.12613422,0.12792711,0.12984425,0.1318925,0.13407856,0.13626811,0.13832659,0.14026043,0.14207605,0.14377992,0.1453785,0.14687824,0.1482856,0.14960694,0.1508488,0.1520176,0.15311977,0.15416175,0.15515006,0.15609103,0.15699123,0.157857,0.15869483,0.15951121,0.16031253,0.16110526,0.16189581,0.16269068,0.1634963,0.16431908,0.16516554,0.16604206,0.16695514,0.16791117,0.16891664,0.16997801,0.17110166,0.17218745,0.17313541,0.1739523,0.1746449,0.17522,0.17568435,0.17604475,0.17630804,0.1764809,0.17657019,0.1765826,0.17652497,0.17640406,0.17622669,0.17599958
0.09537269,0.09512368,0.09491424,0.09475067,0.09463918,0.09458603,0.09459749,0.0946798,0.09483923,0.095082,0.09541438,0.095842615,0.09637295,0.09701167,0.09776499,0.09863917,0.09964048,0.10067283,0.10164047,0.1025501,0.10340838,0.10422206,0.10499778,0.10574226,0.10646221,0.10716429,0.10785522,0.108541675,0.10923039,0.10992802,0.11064125,0.11137681,0.11214138,0.11294164,0.113784336,0.11467608,0.11562364,0.11663369,0.11771291,0.11886799,0.12010565,0.12143258,0.122855455,0.12438099,0.12601586,0.12776676,0.12964042,0.1316435,0.13378271,0.13592656,0.13794331,0.13983919,0.14162044,0.14329335,0.14486414,0.14633909,0.14772439,0.14902636,0.15025125,0.15140525,0.15249468,0.15352573,0.1545047,0.15543783,0.15633138,0.15719153,0.15802465,0.15883692,0.15963458,0.1604239,0.16121118,0.1620026,0.16280441,0.16362296,0.16446438,0.16533498,0.16624102,0.16718873,0.16818437,0.1692342,0.17034446,0.17141671,0.17235284,0.17315954,0.17384353,0.17441145,0.17487004,0.17522597,0.17548594,0.17565665,0.17574482,0.17575708,0.17570017,0.17558078,0.1754056,0.17518136
0.09646151,0.09622184,0.0960203,0.09586288,0.09575557,0.09570444,0.09571546,0.095794685,0.09594811,0.09618176,0.096501626,0.09691375,0.09742414,0.098038815,0.098763786,0.09960509,0.10056872,0.10156145,0.10249047,0.103362344,0.10418366,0.10496104,0.10570105,0.106410295,0.10709536,0.10776285,0.10841935,0.10907146,0.10972576,0.11038885,0.11106733,0.1117678,0.11249681,0.113261,0.11406695,0.11492122,0.11583046,0.11680122,0.11784011,0.118953705,0.120148644,0.12143146,0.122808784,0.12428722,0.12587333,0.12757368,0.12939493,0.13134366,0.13342643,0.13551524,0.13748172,0.13933192,0.1410718,0.14270735,0.14424467,0.14568973,0.14704855,0.14832717,0.14953159,0.1506678,0.15174183,0.15275975,0.1537275,0.15465115,0.15553668,0.15639013,0.15721752,0.15802485,0.15881813,0.15960337,0.16038664,0.16117388,0.16197118,0.16278452,0.16361994,0.16448341,0.16538098,0.16631864,0.16730246,0.16833842,0.1694325,0.17048849,0.17141038,0.17220482,0.17287843,0.1734377,0.17388932,0.17423984,0.17449586,0.174664,0.1747508,0.17476289,0.17470683,0.17458929,0.17441675,0.17419589
0.0977457,0.0975171,0.09732483,0.09717467,0.09707233,0.09702355,0.09703407,0.09710964,0.09725598,0.09747884,0.09778397,0.0981771,0.09866394,0.09925028,0.099941835,0.10074434,0.10166354,0.10260955,0.103493005,0.10432033,0.105098054,0.10583263,0.10653051,0.107198186,0.10784214,0.108468816,0.109084725,0.1096963,0.11031003,0.11093241,0.11156987,0.112228915,0.11291601,0.11363764,0.11440025,0.11521034,0.11607437,0.1169988,0.117990136,0.11905481,0.12019935,0.12143014,0.12275377,0.124176614,0.12570518,0.12734595,0.1291054,0.13099,0.13300619,0.13503012,0.13693734,0.13873355,0.14042462,0.1420162,0.14351404,0.14492387,0.14625144,0.14750251,0.14868279,0.14979798,0.15085393,0.15185629,0.15281084,0.1537233,0.15459937,0.15544489,0.15626551,0.15706703,0.15785512,0.15863559,0.15941411,0.1601965,0.16098844,0.16179568,0.16262397,0.16347902,0.1643666,0.16529246,0.16626231,0.16728187,0.16835694,0.16939369,0.17029883,0.17107879,0.17174011,0.17228924,0.17273264,0.17307678,0.17332815,0.17349319,0.17357841,0.17359029,0.17353526,0.17341985,0.17325044,0.1730336
0.099235944,0.09902017,0.098838694,0.09869694,0.09860033,0.09855428,0.09856424,0.09863553,0.09877367,0.09898404,0.09927205,0.099643126,0.10010267,0.10065612,0.10130888,0.102066375,0.10293401,0.1038258,0.10465638,0.10543204,0.106159166,0.10684405,0.10749305,0.10811251,0.10870872,0.109288044,0.10985684,0.11042138,0.11098805,0.11156315,0.112153046,0.11276407,0.1134025,0.11407472,0.11478708,0.11554585,0.11635742,0.1172281,0.118164234,0.119172126,0.12025816,0.121428624,0.12268988,0.12404826,0.1255101,0.12708169,0.12876943,0.13057959,0.13251854,0.13446714,0.13630557,0.13803928,0.13967367,0.14121416,0.14266619,0.1440351,0.14532642,0.1465455,0.14769778,0.14878866,0.14982358,0.1508079,0.15174711,0.15264659,0.15351175,0.15434802,0.15516081,0.15595554,0.15673764,0.15751253,0.1582856,0.15906228,0.159848,0.16064815,0.16146818,0.16231349,0.1631895,0.16410162,0.16505525,0.16605583,0.16710879,0.16812325,0.1690089,0.1697721,0.17041919,0.17095649,0.17139034,0.17172708,0.17197305,0.17213455,0.17221794,0.17222956,0.1721757,0.17206278,0.17189705,0.17168488
0.10094287,0.10074178,0.10057266,0.10044056,0.10035054,0.10030762,0.100316875,0.10038335,0.10051209,0.10070813,0.100976534,0.101322345,0.10175061,0.102266386,0.10287471,0.103580646,0.10438922,0.10521891,0.10598891,0.10670541,0.107374564,0.10800256,0.10859558,0.10915977,0.109701335,0.11022642,0.11074122,0.11125192,0.11176465,0.11228564,0.11282103,0.11337699,0.11395971,0.114575356,0.11523011,0.11593014,0.11668161,0.117490724,0.118363634,0.11930652,0.120325536,0.121426895,0.12261674,0.12390125,0.12528661,0.126779,0.12838456,0.1301095,0.13195999,0.13382229,0.13558196,0.137244,0.1388135,0.14029548,0.14169502,0.14301714,0.1442669,0.14544937,0.14656958,0.14763255,0.14864336,0.14960706,0.15052868,0.15141329,0.1522659,0.15309162,0.15389547,0.15468246,0.15545769,0.15622617,0.15699299,0.15776317,0.15854175,0.15933381,0.16014436,0.16097848,0.16184121,0.1627376,0.16367267,0.16465151,0.16567916,0.16666804,0.16753142,0.16827539,0.1689062,0.16942996,0.16985288,0.17018116,0.17042091,0.17057836,0.17065966,0.17067097,0.17061849,0.17050838,0.17034681,0.17014
0.10277565,0.102590404,0.10243461,0.10231293,0.10222999,0.10219047,0.10219899,0.1022602,0.10237881,0.10255938,0.102806635,0.10312521,0.103519715,0.103994824,0.1045552,0.10520548,0.105950326,0.10671302,0.10741776,0.10807052,0.10867735,0.109244175,0.10977704,0.11028193,0.110764824,0.11123174,0.11168867,0.112141594,0.1125965,0.113059424,0.11353631,0.11403323,0.1145561,0.11511094,0.11570376,0.116340555,0.1170273,0.11777,0.11857467,0.11944726,0.12039384,0.121420324,0.12253275,0.12373715,0.12503944,0.12644562,0.1279618,0.12959383,0.13134779,0.13311587,0.13478942,0.13637303,0.13787138,0.13928916,0.14063095,0.14190142,0.14310524,0.14424708,0.14533158,0.14636332,0.14734702,0.14828733,0.14918894,0.15005636,0.15089437,0.15170754,0.1525006,0.15327816,0.15404484,0.15480535,0.15556428,0.15632632,0.15709612,0.15787832,0.15867756,0.1594985,0.16034582,0.16122413,0.16213807,0.16309234,0.16409156,0.16505185,0.16589025,0.16661268,0.16722524,0.16773386,0.16814457,0.16846335,0.16869615,0.16884904,0.16892798,0.16893896,0.16888799,0.16878107,0.16862419,0.16842338
0.104634486,0.104465455,0.10432332,0.1042123,0.104136616,0.104100555,0.10410833,0.10416421,0.1042724,0.10443719,0.10466277,0.104953416,0.10531337,0.105746865,0.10625815,0.106851466,0.10753107,0.108225234,0.108863354,0.10945116,0.10999454,0.11049921,0.110971026,0.11141577,0.11183922,0.11224724,0.112645574,0.11304005,0.11343645,0.113840595,0.11425826,0.11469527,0.11515741,0.11565048,0.116180316,0.11675268,0.117373355,0.118048206,0.11878299,0.11958352,0.120455585,0.12140498,0.12243756,0.123559035,0.12477527,0.12609208,0.12751524,0.12905052,0.13070376,0.13237338,0.13395669,0.13545796,0.13688146,0.13823141,0.13951208,0.14072767,0.14188242,0.14298064,0.14402652,0.14502425,0.14597821,0.14689255,0.14777154,0.14861938,0.14944035,0.15023872,0.15101868,0.15178451,0.15254045,0.15329073,0.15403956,0.15479127,0.15554999,0.15632007,0.15710568,0.15791115,0.1587406,0.15959838,0.16048867,0.16141571,0.1623838,0.1633129,0.16412404,0.16482304,0.16541569,0.16590779,0.16630514,0.16661353,0.1668388,0.1669867,0.16706309,0.16707371,0.1670244,0.16692097,0.16676922,0.16657487
0.10651671,0.10636425,0.10623603,0.10613589,0.10606762,0.10603512,0.10604211,0.106092505,0.10619009,0.10633873,0.1065422,0.10680436,0.10712905,0.107520066,0.107981235,0.10851642,0.109129414,0.10975369,0.11032394,0.11084572,0.11132463,0.111766264,0.11217622,0.11256008,0.11292342,0.11327186,0.11361099,0.113946386,0.11428364,0.114628375,0.11498613,0.115362525,0.115763165,0.116193615,0.11665948,0.117166355,0.11771981,0.11832549,0.11898888,0.11971568,0.12051145,0.12138178,0.12233224,0.12336843,0.12449595,0.1257204,0.12704736,0.12848243,0.13003118,0.13159844,0.1330879,0.13450336,0.13584867,0.13712762,0.13834411,0.13950181,0.14060476,0.14165665,0.14266132,0.14362262,0.14454438,0.14543039,0.14628454,0.14711061,0.14791246,0.1486939,0.14945872,0.15021077,0.15095393,0.15169202,0.15242878,0.15316805,0.15391377,0.1546697,0.15543963,0.15622744,0.15703692,0.15787192,0.15873627,0.15963374,0.16056828,0.16146384,0.16224574,0.16291952,0.1634908,0.16396509,0.16434814,0.1646454,0.16486256,0.16500516,0.16507877,0.16508903,0.16504148,0.16494177,0.16479547,0.16460814
0.108419575,0.10828399,0.108169965,0.10808089,0.10802017,0.10799125,0.10799749,0.1080423,0.10812911,0.108261295,0.10844228,0.10867544,0.1089642,0.10931198,0.109722145,0.11019813,0.11074334,0.11129653,0.11179782,0.11225258,0.11266616,0.11304396,0.113391325,0.11371363,0.114016265,0.11430458,0.114583924,0.1148597,0.11513727,0.115421996,0.115719244,0.116034396,0.1163728,0.116739884,0.11714095,0.11758137,0.11806655,0.11860186,0.119192645,0.119844265,0.12056212,0.1213516,0.12221799,0.12316674,0.1242032,0.12533268,0.12656064,0.1278924,0.12933333,0.13079491,0.13218728,0.13351382,0.13477798,0.13598311,0.13713269,0.13823003,0.13927859,0.14028175,0.14124298,0.1421656,0.14305303,0.1439087,0.144736,0.14553836,0.14631915,0.14708176,0.14782968,0.1485662,0.14929481,0.15001884,0.15074179,0.15146697,0.15219784,0.15293777,0.15369022,0.15445852,0.15524611,0.15605639,0.15689278,0.15775865,0.15865746,0.15951745,0.16026828,0.16091529,0.16146386,0.16191936,0.16228719,0.16257268,0.16278113,0.16291806,0.16298878,0.16299862,0.16295296,0.16285717,0.16271672,0.16253683
0.110340446,0.11022199,0.11012234,0.11004453,0.109991476,0.10996621,0.109971665,0.11001081,0.11008666,0.11020215,0.11036028,0.110564,0.1108163,0.11112017,0.11147856,0.111894436,0.11237078,0.112851836,0.11328325,0.11367013,0.114017636,0.1143309,0.11461507,0.11487527,0.115116626,0.11534428,0.1155634,0.11577909,0.11599648,0.11622071,0.11645693,0.11671029,0.1169859,0.117288895,0.1176244,0.11799761,0.1184136,0.11887754,0.11939453,0.11996974,0.120608315,0.12131534,0.122096,0.122955404,0.12389871,0.12493105,0.12605754,0.12728332,0.12861353,0.12996648,0.13125892,0.13249385,0.13367431,0.13480318,0.13588345,0.13691817,0.13791023,0.13886264,0.13977836,0.14066038,0.1415117,0.1423352,0.14313397,0.14391088,0.144669,0.14541122,0.14614056,0.14686002,0.1475725,0.14828104,0.14898857,0.1496981,0.15041259,0.151135,0.15186828,0.15261549,0.15337956,0.15416342,0.15497008,0.15580255,0.15666375,0.15748636,0.1582046,0.15882346,0.15934825,0.15978393,0.16013573,0.16040884,0.1606083,0.16073927,0.1608069,0.16081634,0.16077267,0.16068107,0.16054668,0.1603746
0.1122766,0.11217547,0.112090416,0.11202399,0.11197871,0.11195712,0.11196177,0.1119952,0.11205994,0.11215854,0.11229352,0.11246742,0.1126828,0.1129422,0.11324812,0.113603115,0.11400977,0.114417754,0.114778474,0.11509678,0.11537754,0.11562571,0.115846135,0.116043724,0.11622339,0.11638996,0.11654843,0.11670361,0.11686042,0.11702375,0.11719853,0.11738958,0.11760185,0.11784024,0.118109584,0.11841484,0.11876085,0.11915257,0.11959481,0.12009253,0.12065062,0.12127394,0.12196737,0.12273588,0.123584315,0.12451751,0.12554048,0.12665802,0.12787509,0.12911683,0.130307,0.13144808,0.1325426,0.13359311,0.13460214,0.13557228,0.136506,0.13740589,0.13827446,0.13911426,0.13992785,0.14071769,0.14148639,0.14223649,0.1429705,0.14369097,0.14440043,0.14510144,0.14579651,0.1464882,0.14717905,0.14787161,0.1485684,0.14927194,0.14998479,0.15070948,0.15144859,0.15220459,0.15298006,0.15377754,0.15459958,0.15538335,0.1560676,0.15665725,0.1571572,0.15757228,0.15790749,0.15816769,0.15835772,0.15848248,0.15854691,0.15855587,0.1585143,0.15842701,0.15829897,0.15813506
0.11422533,0.11414173,0.11407141,0.11401647,0.11397906,0.1139612,0.11396505,0.1139927,0.11404622,0.11412772,0.11423932,0.1143831,0.114561155,0.11477561,0.11502852,0.115322016,0.11565821,0.115992434,0.11628179,0.11653092,0.11674442,0.11692698,0.11708324,0.11721783,0.11733541,0.11744058,0.11753802,0.11763236,0.11772827,0.11783037,0.11794328,0.1180717,0.11822021,0.11839351,0.11859616,0.1188329,0.11910834,0.11942706,0.1197938,0.120213166,0.12068978,0.121228285,0.12183337,0.1225096,0.1232617,0.12409426,0.12501195,0.12601939,0.12712124,0.12824982,0.1293357,0.13038099,0.13138783,0.13235827,0.13329443,0.13419838,0.13507229,0.13591817,0.13673818,0.13753438,0.13830896,0.13906394,0.13980134,0.14052343,0.1412322,0.14192979,0.14261824,0.14329974,0.14397633,0.14465013,0.14532319,0.1459977,0.14667569,0.14735925,0.14805056,0.14875163,0.14946459,0.15019159,0.15093464,0.15169586,0.15247741,0.15322104,0.15387025,0.15442969,0.15490408,0.15529794,0.15561599,0.15586282,0.15604311,0.15616149,0.15622261,0.15623112,0.15619168,0.15610892,0.15598738,0.15583186
0.11618396,0.116118,0.11606256,0.116019234,0.115989715,0.11597564,0.11597866,0.11600047,0.11604269,0.116106965,0.116194986,0.116308406,0.11644883,0.116617955,0.11681746,0.11704894,0.117314115,0.117573984,0.11779145,0.11797091,0.118116744,0.11823336,0.118325084,0.118396364,0.11845154,0.11849504,0.1185312,0.11856447,0.1185992,0.11863977,0.11869058,0.11875601,0.11884044,0.11894827,0.11908386,0.11925163,0.11945594,0.11970119,0.11999179,0.120332055,0.120726466,0.12117931,0.12169505,0.12227806,0.12293268,0.12366335,0.124474384,0.12537026,0.12635534,0.12736906,0.12834913,0.12929718,0.13021491,0.13110392,0.13196589,0.13280247,0.13361531,0.1344061,0.1351765,0.1359281,0.13666259,0.13738164,0.13808689,0.13878,0.13946262,0.14013645,0.14080307,0.14146419,0.14212142,0.14277646,0.14343093,0.14408652,0.14474486,0.14540765,0.14607647,0.14675304,0.14743897,0.14813596,0.1488456,0.1495696,0.15030965,0.15101217,0.15162548,0.15215403,0.15260215,0.15297423,0.1532747,0.1535079,0.15367822,0.15379006,0.15384781,0.15385585,0.15381858,0.15374036,0.1536256,0.15347864
0.11814976,0.11810159,0.11806107,0.11802942,0.11800784,0.11799758,0.117999814,0.11801572,0.11804657,0.11809353,0.11815783,0.11824065,0.11834327,0.11846684,0.11861259,0.118781686,0.118975416,0.1191605,0.11930575,0.11941522,0.11949306,0.11954341,0.11957039,0.119578116,0.11957072,0.11955232,0.11952706,0.11949903,0.11947237,0.11945122,0.119439684,0.11944193,0.119462006,0.11950412,0.119572334,0.119670816,0.11980365,0.11997501,0.12018901,0.12044973,0.12076132,0.1211279,0.12155364,0.122042604,0.122598976,0.12322682,0.1239303,0.12471352,0.12558064,0.12647833,0.12735148,0.12820122,0.12902875,0.1298354,0.13062224,0.13139053,0.1321415,0.13287637,0.13359629,0.13430251,0.13499624,0.13567866,0.13635102,0.13701448,0.13767034,0.13831972,0.13896385,0.13960394,0.1402412,0.14087689,0.1415122,0.14214826,0.14278632,0.14342764,0.1440734,0.14472477,0.14538303,0.14604932,0.14672491,0.14741099,0.14810874,0.14876941,0.14934625,0.1498433,0.15026471,0.1506147,0.15089725,0.15111652,0.15127674,0.15138194,0.15143625,0.1514438,0.15140875,0.15133518,0.15122724,0.15108903
0.12012006,0.120089725,0.120064214,0.12004428,0.12003069,0.12002422,0.12002561,0.120035656,0.120055065,0.12008464,0.120125145,0.12017734,0.12024197,0.12031979,0.12041159,0.12051811,0.120640114,0.12075018,0.120822914,0.12086217,0.120871864,0.12085581,0.12081785,0.12076187,0.120691754,0.12061137,0.12052449,0.12043507,0.120346926,0.12026393,0.12018993,0.12012883,0.12008444,0.120060675,0.12006131,0.12009031,0.12015147,0.120248646,0.12038572,0.120566614,0.12079506,0.12107498,0.12141028,0.12180478,0.12226235,0.12278684,0.12338211,0.12405201,0.12480044,0.12558143,0.12634689,0.12709765,0.1278344,0.12855801,0.12926917,0.12996861,0.13065717,0.13133556,0.13200451,0.1326649,0.13331737,0.13396275,0.13460174,0.1352352,0.1358638,0.13648838,0.13710962,0.13772833,0.13834526,0.13896118,0.13957685,0.14019302,0.14081046,0.14142993,0.14205217,0.14267801,0.14330816,0.14394335,0.14458443,0.14523207,0.14588709,0.14650552,0.14704542,0.14751068,0.14790514,0.14823271,0.14849718,0.14870246,0.14885242,0.14895087,0.1490017,0.14900881,0.14897597,0.14890711,0.14880608,0.14867672
0.12209219,0.12207969,0.12206921,0.12206098,0.122055426,0.12205274,0.12205332,0.12205745,0.12206543,0.12207761,0.122094266,0.122115746,0.12214232,0.12217437,0.12221214,0.12225598,0.122306176,0.12234108,0.122341245,0.12231024,0.12225164,0.122169115,0.12206618,0.12194647,0.12181358,0.12167107,0.12152259,0.12137174,0.121222034,0.12107716,0.12094066,0.12081615,0.12070722,0.12061747,0.12055053,0.120509915,0.1204993,0.12052221,0.1205823,0.12068315,0.120828345,0.12102147,0.12126618,0.12156599,0.12192456,0.122345455,0.12283227,0.123388596,0.12401806,0.12468199,0.12533954,0.12599105,0.12663677,0.12727709,0.12791231,0.12854268,0.12916858,0.12979029,0.13040814,0.13102245,0.13163349,0.13224164,0.13284715,0.13345036,0.1340516,0.13465115,0.13524939,0.13584654,0.13644297,0.13703898,0.13763489,0.13823102,0.13882765,0.13942511,0.14002374,0.14062385,0.1412257,0.14182965,0.142436,0.14304507,0.14365716,0.14423312,0.14473599,0.1451693,0.1455367,0.14584176,0.1460881,0.14627929,0.14641891,0.14651062,0.14655799,0.14656457,0.146534,0.14646986,0.14637579,0.14625528
0.124063395,0.124068744,0.12407327,0.12407679,0.124079175,0.124080315,0.12408009,0.12407831,0.12407488,0.12406966,0.1240625,0.12405328,0.124041885,0.12402812,0.124011904,0.1239931,0.123971544,0.12393138,0.123858996,0.12375775,0.12363095,0.12348194,0.12331407,0.12313063,0.12293498,0.12273046,0.12252036,0.12230806,0.12209689,0.12189011,0.121691145,0.12150327,0.12132984,0.12117418,0.121039614,0.12092944,0.120847076,0.120795794,0.12077897,0.120799854,0.12086184,0.12096826,0.12112242,0.121327676,0.12158736,0.121904746,0.12228325,0.12272613,0.123236775,0.12378383,0.124333575,0.124885954,0.1254408,0.12599796,0.12655734,0.12711875,0.1276821,0.12824725,0.12881406,0.1293824,0.12995213,0.13052312,0.13109522,0.13166831,0.13224223,0.13281688,0.13339214,0.13396782,0.1345438,0.13512003,0.13569626,0.13627239,0.1368483,0.13742384,0.1379989,0.13857335,0.13914701,0.13971978,0.14029154,0.1408621,0.14143139,0.14196499,0.14243084,0.14283228,0.1431727,0.1434553,0.14368351,0.14386062,0.14399001,0.14407495,0.14411883,0.14412494,0.14409663,0.14403722,0.14395003,0.14383842
0.126031,0.12605415,0.12607363,0.12608883,0.1260992,0.12610415,0.12610309,0.1260954,0.12608062,0.12605804,0.12602714,0.12598732,0.12593801,0.12587863,0.12580858,0.12572731,0.12563422,0.12551917,0.12537444,0.1252031,0.12500826,0.124792926,0.12456023,0.1243132,0.12405491,0.123788424,0.123516865,0.12324318,0.12297059,0.12270206,0.1224407,0.12218959,0.12195175,0.121730305,0.1215283,0.121348776,0.12119485,0.12106955,0.12097598,0.12091717,0.120896265,0.12091627,0.12098023,0.12109129,0.12125246,0.12146685,0.12173751,0.122067496,0.12245988,0.12289062,0.123333156,0.123786926,0.1242514,0.124725886,0.1252099,0.12570283,0.12620407,0.12671308,0.12722924,0.12775199,0.12828077,0.12881495,0.12935397,0.12989727,0.13044424,0.13099432,0.1315469,0.13210145,0.13265733,0.133214,0.13377084,0.13432732,0.13488284,0.13543676,0.1359886,0.13653769,0.13708352,0.13762544,0.13816294,0.13869536,0.1392222,0.13971378,0.14014296,0.14051281,0.14082642,0.14108679,0.14129701,0.14146021,0.1415794,0.14165765,0.14169809,0.1417037,0.1416776,0.14162287,0.14154254,0.14143974
0.12799233,0.12803319,0.12806752,0.12809438,0.12811267,0.12812139,0.1281195,0.128106,0.12807985,0.12804,0.12798549,0.12791522,0.12782824,0.12772344,0.12759987,0.12745643,0.12729214,0.12710257,0.12688582,0.12664472,0.12638208,0.12610066,0.12580338,0.12549293,0.1251722,0.12484397,0.12451102,0.12417623,0.12384236,0.12351224,0.12318868,0.1228745,0.1225725,0.1222855,0.12201624,0.12176765,0.12154251,0.12134357,0.121173665,0.121035635,0.120932244,0.12086637,0.12084077,0.12085827,0.1209217,0.12103383,0.12119749,0.121415496,0.121690676,0.12200614,0.122342415,0.12269856,0.1230735,0.12346625,0.12387571,0.124300905,0.12474079,0.12519439,0.12566058,0.12613845,0.12662691,0.1271249,0.12763147,0.12814556,0.12866616,0.12919222,0.12972271,0.13025662,0.13079295,0.13133061,0.13186865,0.13240597,0.1329416,0.13347448,0.13400364,0.13452795,0.1350465,0.13555822,0.13606203,0.13655697,0.137042,0.13749222,0.13788526,0.138224,0.13851118,0.13874961,0.13894218,0.13909161,0.13920079,0.13927247,0.13930947,0.13931462,0.13929075,0.13924058,0.13916704,0.13907287
0.12994465,0.1300031,0.13005224,0.13009061,0.13011675,0.13012922,0.13012654,0.13010722,0.13006984,0.13001288,0.12993486,0.1298344,0.12970997,0.1295601,0.12938336,0.12917824,0.1289433,0.12867977,0.12839146,0.12808101,0.12775096,0.12740381,0.1270422,0.12666866,0.12628573,0.12589593,0.12550195,0.12510622,0.124711335,0.12431988,0.12393439,0.12355741,0.12319153,0.12283931,0.122503266,0.12218597,0.12189001,0.12161791,0.12137228,0.12115563,0.120970525,0.120819524,0.12070519,0.12063011,0.12059676,0.12060776,0.12066569,0.12077306,0.12093244,0.1211341,0.12136559,0.121625416,0.121912144,0.12222428,0.122560404,0.122918986,0.12329863,0.1236978,0.124115065,0.12454899,0.12499804,0.12546079,0.12593576,0.12642148,0.1269165,0.12741934,0.12792854,0.1284426,0.1289601,0.12947957,0.12999955,0.13051851,0.13103504,0.13154764,0.1320549,0.13255529,0.13304737,0.13352966,0.13400073,0.13445908,0.13490325,0.13531299,0.1356707,0.13597894,0.13624032,0.1364573,0.13663255,0.13676856,0.13686788,0.13693312,0.13696681,0.13697149,0.13694973,0.13690414,0.13683718,0.13675149
0.13188532,0.13196115,0.1320249,0.13207473,0.13210869,0.13212486,0.13212137,0.13209632,0.13204777,0.1319738,0.13187262,0.1317422,0.13158073,0.13138619,0.13115679,0.13089058,0.13058564,0.13024879,0.12988956,0.1295103,0.12911335,0.12870091,0.12827542,0.12783912,0.12739433,0.12694341,0.1264886,0.12603225,0.12557666,0.1251242,0.1246771,0.124237716,0.12380834,0.12339131,0.12298891,0.12260352,0.122237355,0.12189278,0.12157212,0.12127764,0.12101172,0.1207766,0.12057464,0.12040814,0.12027943,0.12019078,0.12014454,0.120143004,0.120188504,0.12027825,0.12040672,0.120571986,0.1207722,0.12100535,0.121269636,0.12156309,0.12188387,0.12223001,0.12259961,0.12299082,0.123401664,0.12383033,0.124274805,0.12473327,0.12520377,0.12568447,0.12617338,0.12666866,0.12716836,0.12767062,0.12817349,0.12867507,0.12917355,0.1296669,0.13015328,0.13063079,0.13109748,0.13155149,0.13199092,0.13241385,0.13281837,0.13318877,0.13351214,0.13379079,0.1340271,0.13422325,0.1343817,0.13450462,0.13459444,0.1346534,0.13468385,0.13468811,0.13466847,0.13462721,0.1345667,0.13448922
0.13381158,0.1339046,0.13398282,0.13404395,0.1340856,0.13410544,0.13410118,0.13407041,0.13401088,0.13392015,0.13379599,0.13363601,0.13343789,0.13319926,0.13291785,0.13259126,0.13221718,0.13180786,0.13137847,0.13093106,0.1304678,0.12999068,0.12950175,0.12900317,0.12849696,0.12798521,0.12747002,0.12695344,0.12643756,0.12592442,0.12541616,0.1249148,0.12442244,0.123941146,0.123473,0.12302008,0.122584485,0.12216821,0.12177344,0.12140218,0.12105653,0.12073852,0.12045031,0.120193936,0.119971454,0.119784944,0.11963653,0.1195282,0.1194621,0.11944234,0.11947007,0.119542934,0.11965864,0.11981482,0.120009124,0.12023924,0.12050285,0.12079759,0.12112114,0.121471174,0.121845335,0.12224126,0.122656696,0.123089224,0.12353657,0.123996355,0.12446627,0.124943964,0.12542713,0.12591335,0.1264004,0.12688589,0.12736748,0.12784283,0.12830964,0.12876552,0.1292082,0.12963529,0.13004449,0.13043341,0.1307998,0.13113227,0.13142258,0.13167275,0.13188483,0.13206096,0.13220315,0.13231352,0.13239415,0.13244708,0.13247441,0.1324782,0.13246061,0.13242358,0.13236924,0.13229972
0.13572074,0.13583073,0.13592322,0.13599546,0.13604471,0.13606818,0.13606311,0.13602675,0.13595636,0.13584913,0.13570233,0.13551322,0.13527896,0.13499688,0.13466416,0.13427807,0.13383582,0.13335504,0.1328564,0.13234168,0.1318128,0.13127159,0.13071987,0.13015954,0.12959242,0.12902038,0.12844524,0.12786889,0.12729311,0.12671983,0.12615086,0.12558806,0.12503329,0.12448838,0.12395517,0.12343554,0.12293132,0.122444354,0.12197653,0.12152967,0.12110561,0.120706245,0.12033336,0.119988866,0.11967458,0.119392365,0.11914403,0.11893151,0.118756585,0.118630074,0.11855971,0.118542746,0.11857639,0.118657894,0.11878446,0.1189534,0.1191619,0.119407214,0.11968662,0.11999727,0.12033648,0.120701455,0.12108942,0.12149765,0.12192336,0.12236382,0.12281618,0.12327781,0.12374586,0.12421758,0.12469026,0.12516104,0.12562726,0.12608613,0.12653485,0.12697068,0.12739083,0.12779266,0.12817326,0.12852995,0.12885994,0.12915622,0.12941495,0.12963788,0.12982687,0.12998381,0.13011053,0.13020888,0.13028072,0.13032793,0.13035229,0.13035567,0.13033992,0.13030693,0.13025855,0.13019656
0.13761014,0.1377368,0.13784331,0.13792649,0.1379832,0.13801026,0.1380044,0.13796256,0.13788144,0.13775802,0.13758895,0.13737117,0.13710143,0.13677658,0.13639343,0.13594885,0.1354396,0.1348885,0.1343216,0.1337405,0.13314688,0.13254233,0.13192853,0.13130707,0.13067962,0.13004783,0.12941328,0.12877765,0.12814258,0.12750964,0.12688057,0.12625691,0.12564039,0.12503259,0.12443513,0.123849675,0.123277865,0.12272134,0.12218169,0.1216606,0.12115968,0.1206806,0.12022492,0.11979438,0.11939058,0.11901509,0.11866962,0.1183558,0.11807523,0.11784522,0.11767989,0.11757599,0.117530406,0.11753993,0.11760138,0.117711596,0.117867365,0.11806555,0.118302934,0.11857636,0.118882634,0.11921857,0.119581036,0.11996679,0.12037274,0.12079557,0.121232204,0.12167945,0.12213408,0.12259298,0.123052955,0.123510756,0.12396331,0.124407366,0.124839775,0.12525733,0.12565687,0.12603523,0.12638919,0.12671559,0.12701128,0.12727335,0.12750216,0.12769932,0.12786648,0.12800531,0.1281174,0.12820439,0.12826793,0.12830965,0.12833118,0.1283342,0.12832029,0.12829109,0.12824829,0.12819347
0.13947707,0.13962007,0.13974035,0.13983424,0.13989829,0.1399288,0.13992222,0.13987494,0.13978341,0.13964398,0.13945316,0.13920724,0.13890272,0.13853593,0.13810337,0.1376014,0.13702643,0.13640636,0.13577239,0.13512596,0.13446856,0.13380153,0.13312641,0.13244453,0.13175742,0.13106646,0.13037312,0.12967882,0.128985,0.12829313,0.12760456,0.1269208,0.12624326,0.12557337,0.124912605,0.124262355,0.123624064,0.12299919,0.12238917,0.12179543,0.12121939,0.12066252,0.12012624,0.11961196,0.11912118,0.118655264,0.118215695,0.117803894,0.11742131,0.1170915,0.11683467,0.11664726,0.11652566,0.11646626,0.116465524,0.11651984,0.11662555,0.11677917,0.11697706,0.117215626,0.11749128,0.11780049,0.118139565,0.11850498,0.11889311,0.1193004,0.11972328,0.12015807,0.12060127,0.12104923,0.1214984,0.1219452,0.12238599,0.1228172,0.1232353,0.12363659,0.124017574,0.12437459,0.1247041,0.12500252,0.12526621,0.12549628,0.12569715,0.12587024,0.126017,0.12613888,0.12623724,0.12631363,0.12636942,0.12640604,0.12642494,0.12642759,0.12641539,0.12638976,0.12635216,0.12630408
0.14131883,0.1414778,0.14161153,0.14171594,0.14178711,0.14182104,0.14181373,0.14176117,0.14165938,0.14150442,0.14129221,0.14101885,0.14068028,0.14027253,0.13979161,0.13923353,0.13859431,0.13790672,0.137207,0.13649644,0.13577628,0.13504776,0.13431218,0.13357072,0.13282469,0.13207531,0.13132386,0.13057154,0.12981966,0.12906946,0.12832217,0.12757902,0.12684132,0.12611033,0.12538724,0.12467336,0.12396988,0.123278126,0.122599274,0.12193463,0.121285446,0.120652914,0.12003838,0.11944304,0.118868135,0.118314944,0.11778471,0.11727868,0.11679813,0.11637261,0.11602826,0.11576109,0.115567036,0.115442194,0.11538254,0.11538407,0.11544281,0.115554765,0.115715936,0.115922354,0.11616999,0.11645491,0.11677304,0.11712042,0.11749314,0.1178871,0.1182984,0.11872297,0.11915687,0.11959608,0.12003661,0.12047452,0.12090574,0.1213263,0.12173226,0.1221196,0.122484304,0.12282241,0.12312992,0.12340284,0.12363717,0.123837754,0.12401284,0.12416378,0.124291696,0.12439795,0.12448373,0.1245503,0.12459894,0.12463085,0.12464736,0.124649666,0.12463902,0.124616705,0.124583915,0.12454193
0.1431327,0.14330727,0.14345407,0.14356875,0.1436469,0.14368412,0.14367612,0.14361842,0.14350668,0.14333647,0.14310351,0.14280333,0.14243159,0.1419839,0.14145583,0.14084305,0.14014119,0.13938771,0.13862373,0.13785034,0.13706863,0.1362797,0.1354846,0.13468443,0.13388029,0.13307326,0.13226439,0.13145484,0.13064565,0.12983786,0.12903264,0.12823105,0.12743412,0.12664303,0.12585878,0.12508252,0.12431525,0.123558156,0.122812256,0.12207868,0.12135848,0.120652735,0.119962566,0.11928905,0.11863323,0.11799625,0.11737915,0.11678303,0.116209,0.11569236,0.11526485,0.114922024,0.11465957,0.11447305,0.11435812,0.11431038,0.11432544,0.11439891,0.11452646,0.11470369,0.11492616,0.11518955,0.115489446,0.11582149,0.11618127,0.11656445,0.11696658,0.117383376,0.117810346,0.118243165,0.11867745,0.11910883,0.11953289,0.119945265,0.120341584,0.12071746,0.12106848,0.12139028,0.121678516,0.121928744,0.12213662,0.122310475,0.122462235,0.12259303,0.122703925,0.12279599,0.122870326,0.12292804,0.122970186,0.12299785,0.12301217,0.12301416,0.12300491,0.12298559,0.12295716,0.122920804
0.14491606,0.14510572,0.14526528,0.14538987,0.14547482,0.1455153,0.14550656,0.14544384,0.14532241,0.14513749,0.1448843,0.14455807,0.14415412,0.14366756,0.14309373,0.14242779,0.14166507,0.14084749,0.14002083,0.13918604,0.13834408,0.13749588,0.13664234,0.13578443,0.13492312,0.13405928,0.13319388,0.13232787,0.13146213,0.13059767,0.12973541,0.12887624,0.12802115,0.12717107,0.12632693,0.12548962,0.12466017,0.123839445,0.12302844,0.12222801,0.12143918,0.12066284,0.11989995,0.119151406,0.118418224,0.117701225,0.11700144,0.11631979,0.115657195,0.11505444,0.11454851,0.11413468,0.11380812,0.113564126,0.11339791,0.11330472,0.11327977,0.11331833,0.11341562,0.11356689,0.113767356,0.11401228,0.114296876,0.114616394,0.114966094,0.11534117,0.11573691,0.11614848,0.1165712,0.117000245,0.1174309,0.117858365,0.11827788,0.11868472,0.1190741,0.11944122,0.11978142,0.120089814,0.120361716,0.12059235,0.12077695,0.12092709,0.12105818,0.12117113,0.12126693,0.121346444,0.12141065,0.121460535,0.121496886,0.12152081,0.12153317,0.121534884,0.12152693,0.12151019,0.12148567,0.12145424
0.14666612,0.14687046,0.14704232,0.14717656,0.14726807,0.14731166,0.14730227,0.1472347,0.14710388,0.14690468,0.14663191,0.1462805,0.14584528,0.14532113,0.14470294,0.14398557,0.14316387,0.14228411,0.14139655,0.14050198,0.13960114,0.13869496,0.13778417,0.13686956,0.13595203,0.1350323,0.13411126,0.13318963,0.1322683,0.13134804,0.13042967,0.12951401,0.12860186,0.12769406,0.12679134,0.12589458,0.1250046,0.12412215,0.12324806,0.12238315,0.12152825,0.12068416,0.11985169,0.11903162,0.1182248,0.11743201,0.11665408,0.11589182,0.11514601,0.114462584,0.113883466,0.11340355,0.1130177,0.11272076,0.112507604,0.112373106,0.11231215,0.112319596,0.112390324,0.11251917,0.11270105,0.1129308,0.113203324,0.11351345,0.11385608,0.11422607,0.114618264,0.1150276,0.11544888,0.11587701,0.11630685,0.11673325,0.11715112,0.117555305,0.117940694,0.118302114,0.118634485,0.11893264,0.11919146,0.11940584,0.11957062,0.11970037,0.11981366,0.11991128,0.11999406,0.12006279,0.12011828,0.12016136,0.12019281,0.12021347,0.12022415,0.12022561,0.120218754,0.1202043,0.12018308,0.12015595
0.1483802,0.1485987,0.14878246,0.148926,0.1490238,0.14907044,0.14906038,0.14898816,0.1488483,0.14863527,0.14834367,0.14796789,0.14750257,0.14694217,0.14628117,0.14551416,0.14463562,0.14369582,0.14274919,0.14179648,0.14083833,0.13987552,0.13890868,0.13793856,0.13696584,0.13599128,0.13501552,0.13403928,0.1330633,0.13208824,0.13111483,0.13014379,0.12917577,0.12821153,0.12725176,0.12629716,0.12534842,0.12440627,0.12347141,0.12254455,0.12162637,0.12071761,0.11981896,0.118931115,0.118054785,0.11719067,0.11633949,0.11550195,0.11467875,0.11392055,0.113273874,0.11273325,0.11229319,0.11194823,0.11169284,0.11152153,0.11142889,0.11140937,0.1114575,0.11156777,0.11173478,0.11195295,0.11221683,0.112520956,0.112859786,0.113227904,0.113619775,0.11402993,0.11445288,0.11488313,0.11531527,0.11574369,0.11616297,0.11656764,0.116952226,0.11731117,0.117639065,0.11793036,0.11817962,0.11838133,0.11853003,0.11864298,0.11874159,0.11882656,0.11889861,0.11895844,0.11900675,0.11904422,0.11907162,0.119089596,0.119098894,0.11910018,0.11909418,0.11908164,0.11906317,0.11903954
0.15005565,0.15028773,0.15048291,0.15063538,0.1507393,0.1507888,0.15077811,0.1507014,0.15055285,0.1503266,0.1500168,0.14961772,0.14912346,0.14852822,0.1478261,0.14701141,0.14607821,0.14508064,0.14407702,0.143068,0.14205419,0.1410362,0.14001468,0.13899027,0.1379636,0.13693519,0.13590577,0.13487592,0.1338463,0.13281749,0.13179016,0.1307649,0.12974234,0.12872311,0.12770785,0.12669715,0.12569168,0.124692,0.123698786,0.122712635,0.12173422,0.12076409,0.1198029,0.11885131,0.1179099,0.11697933,0.11606015,0.11515308,0.1142587,0.11343203,0.112723865,0.11212834,0.111639604,0.11125186,0.110959284,0.11075606,0.11063633,0.1105943,0.110624105,0.11071995,0.11087599,0.11108643,0.1113454,0.11164713,0.111985736,0.11235543,0.11275037,0.11316472,0.11359267,0.11402838,0.11446604,0.11489982,0.115323894,0.115732394,0.11611956,0.11647955,0.116806515,0.11709462,0.11733807,0.11753102,0.11766766,0.1177676,0.11785491,0.11793014,0.11799392,0.11804685,0.11808959,0.1181228,0.118147045,0.11816296,0.118171155,0.11817231,0.11816701,0.11815587,0.11813953,0.11811863
0.15168977,0.15193483,0.15214093,0.15230192,0.15241164,0.15246394,0.15245263,0.15237166,0.15221478,0.15197584,0.15164873,0.15122731,0.15070538,0.15007679,0.14933541,0.1484751,0.14748968,0.14643672,0.14537828,0.14431491,0.14324717,0.14217561,0.14110084,0.14002346,0.13894394,0.13786294,0.13678095,0.1356986,0.13461645,0.13353504,0.13245498,0.1313768,0.13030109,0.12922843,0.12815933,0.12709443,0.12603427,0.12497945,0.12393044,0.122887924,0.12185242,0.120824486,0.11980471,0.11879368,0.11779192,0.11680002,0.115818545,0.11484808,0.11388917,0.11300085,0.112237595,0.111593336,0.11106185,0.11063699,0.11031263,0.11008263,0.10994078,0.109880984,0.10989706,0.10998287,0.11013225,0.110339046,0.110597126,0.11090033,0.111242466,0.11161743,0.11201907,0.11244121,0.11287772,0.11332241,0.113769144,0.114211805,0.1146442,0.11506017,0.11545359,0.11581834,0.11614818,0.116437025,0.116678685,0.11686702,0.11699589,0.117087014,0.11716656,0.117235094,0.117293224,0.11734148,0.11738044,0.1174107,0.11743278,0.117447294,0.11745478,0.1174558,0.11745097,0.117440835,0.11742597,0.11740689
0.15327981,0.15353726,0.15375373,0.15392284,0.15403809,0.15409301,0.15408117,0.15399608,0.15383129,0.15358032,0.15323675,0.15279403,0.15224579,0.15158552,0.15080677,0.14990309,0.14886798,0.14776224,0.14665127,0.14553559,0.1444158,0.1432924,0.14216588,0.14103687,0.1399059,0.13877347,0.13764013,0.13650644,0.13537292,0.13424014,0.1331086,0.13197888,0.13085149,0.12972699,0.12860592,0.12748882,0.12637621,0.12526867,0.12416669,0.12307085,0.12198172,0.12089975,0.11982557,0.11875966,0.11770257,0.11665488,0.1156171,0.11458977,0.11357344,0.11263066,0.11181928,0.11113282,0.11056487,0.11010891,0.109758556,0.109507255,0.10934857,0.109276086,0.109283306,0.10936375,0.109510995,0.10971855,0.10997997,0.11028878,0.1106385,0.111022696,0.111434914,0.111868665,0.11231748,0.11277493,0.11323452,0.11368981,0.114134334,0.1145616,0.11496522,0.11533865,0.11567545,0.11596917,0.11621334,0.11640151,0.1165272,0.116613835,0.11668947,0.11675464,0.116809905,0.116855755,0.11689282,0.11692156,0.11694257,0.11695637,0.11696349,0.11696448,0.11695988,0.11695024,0.11693609,0.116917975
0.15482308,0.15509221,0.15531853,0.15549533,0.15561579,0.15567324,0.15566082,0.1555719,0.15539959,0.15513727,0.15477808,0.15431531,0.15374216,0.15305194,0.15223783,0.15129314,0.15021107,0.14905527,0.1478942,0.14672847,0.14555858,0.14438508,0.14320849,0.1420294,0.1408483,0.13966575,0.13848232,0.1372985,0.13611488,0.134932,0.13375035,0.13257052,0.13139302,0.13021845,0.12904727,0.1278801,0.12671742,0.12555982,0.12440778,0.12326194,0.12212273,0.12099077,0.11986657,0.11875066,0.117643625,0.11654599,0.11545825,0.114381015,0.1133148,0.1123252,0.11147298,0.110751376,0.110153615,0.10967297,0.10930267,0.10903595,0.10886606,0.10878628,0.10878977,0.10886987,0.109019764,0.10923272,0.10950198,0.1098208,0.11018236,0.11057998,0.11100687,0.11145629,0.111921474,0.11239566,0.11287207,0.11334402,0.11380469,0.114247344,0.11466524,0.11505158,0.11539966,0.115702696,0.115953915,0.11614662,0.11627399,0.11636079,0.11643653,0.11650185,0.116557196,0.11660318,0.11664029,0.11666909,0.11669015,0.11670396,0.11671109,0.11671208,0.11670747,0.11669782,0.11668364,0.1166655
0.15631697,0.15659703,0.1568326,0.15701658,0.15714198,0.15720174,0.15718885,0.15709628,0.15691698,0.15664391,0.15627007,0.15578847,0.15519194,0.15447356,0.15362631,0.15264308,0.15151691,0.15031394,0.14910543,0.14789194,0.14667404,0.14545234,0.14422737,0.14299974,0.14177,0.14053874,0.13930652,0.1380739,0.13684149,0.13560985,0.13437954,0.13315113,0.1319252,0.13070233,0.12948313,0.12826811,0.12705788,0.12585299,0.12465404,0.123461574,0.12227617,0.12109843,0.11992891,0.11876819,0.11761685,0.11647542,0.11534452,0.1142247,0.113116555,0.11208825,0.11120292,0.11045353,0.10983304,0.10933443,0.10895067,0.1086747,0.10849954,0.10841813,0.108423434,0.108508416,0.10866607,0.10888934,0.10917119,0.10950464,0.10988259,0.11029806,0.110743985,0.111213356,0.11169912,0.11219427,0.11269175,0.11318457,0.11366566,0.11412799,0.11456455,0.11496829,0.1153322,0.115649216,0.11591234,0.11611448,0.11624871,0.116340555,0.11642077,0.11648987,0.11654848,0.11659713,0.11663641,0.1166669,0.116689205,0.1167038,0.116711356,0.1167124,0.11670753,0.116697304,0.11668229,0.11666308
0.15775867,0.15804899,0.15829311,0.1584838,0.1586138,0.15867573,0.15866236,0.1585664,0.15838058,0.15809757,0.15771008,0.15721089,0.15659264,0.15584804,0.15496986,0.15395077,0.15278348,0.1515364,0.15028314,0.14902437,0.1477607,0.14649276,0.14522123,0.14394675,0.14266989,0.14139135,0.14011176,0.13883169,0.13755192,0.13627294,0.13499546,0.1337201,0.13244753,0.13117832,0.12991315,0.12865269,0.12739752,0.1261483,0.12490568,0.12367027,0.12244273,0.121223696,0.12001379,0.11881366,0.117623955,0.11644529,0.11527832,0.11412367,0.11298198,0.11192351,0.11101323,0.11024384,0.109608084,0.10909864,0.108708225,0.108429566,0.10825534,0.10817832,0.10819116,0.10828662,0.108457364,0.10869615,0.108995646,0.109348595,0.109747685,0.11018569,0.110655226,0.11114908,0.11165994,0.1121805,0.11270352,0.113221645,0.11372765,0.1142142,0.11467403,0.11509987,0.1154844,0.11582034,0.11610042,0.11631733,0.116463795,0.116565906,0.11665505,0.116731875,0.116797015,0.1168511,0.116894774,0.11692865,0.11695342,0.11696969,0.116978064,0.11697925,0.116973825,0.116962455,0.11694578,0.116924405
0.15914555,0.15944529,0.15969735,0.15989426,0.16002844,0.16009241,0.1600786,0.15997954,0.15978765,0.15949546,0.15909539,0.15857996,0.15794161,0.15717286,0.15626614,0.15521395,0.15400876,0.15272075,0.15142564,0.15012418,0.14881703,0.14750502,0.14618881,0.1448692,0.14354686,0.14222257,0.14089707,0.13957106,0.1382453,0.13692051,0.13559745,0.13427684,0.13295943,0.1316459,0.13033709,0.12903364,0.12773632,0.12644587,0.12516302,0.1238885,0.12262306,0.12136743,0.12012233,0.11888853,0.117666736,0.116457686,0.11526212,0.11408079,0.1129144,0.11183474,0.1109081,0.11012692,0.1094837,0.108970895,0.108581,0.10830648,0.10813981,0.10807347,0.10809995,0.10821169,0.10840119,0.108660914,0.10898335,0.109360956,0.10978623,0.11025163,0.11074965,0.11127272,0.11181338,0.112364054,0.112917244,0.113465406,0.11400104,0.11451661,0.115004584,0.115457445,0.11586766,0.116227716,0.11653008,0.116767235,0.116931655,0.11704946,0.11715233,0.117240965,0.11731611,0.11737852,0.117428906,0.117468014,0.11749658,0.11751534,0.117525026,0.117526375,0.11752011,0.117507,0.117487766,0.11746311
0.16039221,0.16070002,0.16095884,0.16116104,0.16129881,0.16136451,0.16135035,0.16124862,0.16105159,0.1607515,0.16034073,0.15981139,0.15915589,0.15836646,0.15743539,0.15635492,0.15511732,0.15379412,0.15246262,0.15112366,0.14977804,0.14842671,0.14707051,0.14571029,0.14434691,0.14298119,0.1416141,0.14024639,0.13887897,0.13751271,0.13614847,0.13478707,0.13342945,0.13207638,0.13072878,0.12938753,0.12805343,0.12672737,0.12541021,0.124102846,0.12280609,0.12152081,0.120247886,0.11898821,0.117742576,0.116511874,0.11529696,0.11409873,0.11291802,0.11182746,0.11089404,0.11011,0.10946763,0.10895919,0.10857694,0.10831319,0.108160175,0.1081102,0.108155526,0.10828841,0.10850115,0.10878599,0.10913524,0.109541155,0.10999597,0.110492036,0.11102158,0.11157687,0.1121502,0.11273381,0.11332002,0.11390106,0.11446924,0.11501681,0.11553604,0.11601923,0.11645862,0.11684648,0.11717512,0.11743679,0.11762377,0.117761776,0.117882274,0.11798609,0.118074134,0.11814723,0.11820624,0.11825207,0.118285514,0.1183075,0.11831885,0.11832043,0.11831311,0.11829773,0.118275195,0.118246324
0.16142216,0.16173616,0.16200022,0.16220649,0.16234705,0.16241406,0.1623996,0.16229582,0.16209482,0.16178872,0.1613696,0.16082971,0.16016097,0.15935567,0.15840584,0.15730362,0.15604112,0.15469064,0.15333042,0.15196148,0.15058476,0.14920138,0.14781223,0.14641844,0.14502093,0.14362074,0.14221883,0.1408163,0.13941407,0.1380132,0.13661467,0.13521953,0.13382871,0.13244328,0.13106428,0.12969264,0.1283294,0.12697557,0.12563214,0.12430014,0.12298055,0.12167443,0.12038276,0.11910652,0.11784678,0.116604485,0.115380675,0.114176355,0.11299254,0.11190206,0.11097186,0.110194065,0.109560765,0.109064095,0.108696185,0.108449124,0.10831504,0.10828607,0.10835431,0.10851187,0.10875092,0.10906351,0.109441794,0.109877884,0.1103639,0.11089194,0.11145415,0.112042636,0.11264951,0.113266885,0.11388691,0.11450165,0.115103275,0.115683876,0.116235584,0.11675049,0.11722073,0.117638424,0.11799569,0.118284635,0.118497394,0.11865884,0.11879978,0.11892126,0.119024225,0.11910974,0.11917878,0.11923237,0.1192715,0.11929721,0.11931048,0.11931234,0.11930377,0.119285785,0.119259425,0.11922566
0.1622461,0.1625645,0.1628323,0.16304144,0.16318402,0.16325195,0.16323729,0.16313206,0.16292822,0.16261779,0.16219279,0.16164528,0.16096717,0.16015051,0.1591873,0.15806954,0.15678926,0.15541898,0.15403737,0.15264559,0.15124479,0.14983617,0.14842092,0.1470002,0.14557515,0.14414698,0.14271687,0.14128594,0.13985541,0.13842647,0.13700026,0.13557793,0.13416074,0.13274978,0.13134627,0.12995133,0.12856622,0.127192,0.12582995,0.12448118,0.123146914,0.121828265,0.12052646,0.11924263,0.11797796,0.11673367,0.11551084,0.114310734,0.11313449,0.11205448,0.11113703,0.110374115,0.109757714,0.10927989,0.10893265,0.10870794,0.10859781,0.10859427,0.108689286,0.10887493,0.10914315,0.10948599,0.10989545,0.110363506,0.11088218,0.11144351,0.11203947,0.11266207,0.11330332,0.113955244,0.114609815,0.11525906,0.11589499,0.11650961,0.117094904,0.1176429,0.11814561,0.11859503,0.118983135,0.11930198,0.119543575,0.11973152,0.119895644,0.12003706,0.12015694,0.1202565,0.12033689,0.12039929,0.12044486,0.120474786,0.12049022,0.12049239,0.12048241,0.12046147,0.12043078,0.120391466
0.16287465,0.16319579,0.1634659,0.16367684,0.16382062,0.16388912,0.16387436,0.16376823,0.16356264,0.16324955,0.1628209,0.16226865,0.1615847,0.16076101,0.15978949,0.15866214,0.15737084,0.15598789,0.15459178,0.15318394,0.15176569,0.15033838,0.14890338,0.14746204,0.14601575,0.14456582,0.1431136,0.14166053,0.14020792,0.13875706,0.13730936,0.13586624,0.13442898,0.13299897,0.13157754,0.13016605,0.12876591,0.1273784,0.12600496,0.12464689,0.12330554,0.1219823,0.12067849,0.11939554,0.118134744,0.11689746,0.115685076,0.114498936,0.11334038,0.11228073,0.11138502,0.110645175,0.11005316,0.109600864,0.10928025,0.10908327,0.10900184,0.10902792,0.10915342,0.10937029,0.10967048,0.11004592,0.110488534,0.11099027,0.11154308,0.11213889,0.11276962,0.113427214,0.11410365,0.11479083,0.11548069,0.11616517,0.11683623,0.11748577,0.118105754,0.11868812,0.1192248,0.11970773,0.12012885,0.1204801,0.1207534,0.12097081,0.12116062,0.121324174,0.12146288,0.12157801,0.12167099,0.12174316,0.12179586,0.12183046,0.121848345,0.12185083,0.1218393,0.1218151,0.12177956,0.121734105
0.16331847,0.16364077,0.1639118,0.16412356,0.16426782,0.16433658,0.16432175,0.16421522,0.16400892,0.16369471,0.16326451,0.1627103,0.1620239,0.16119726,0.16022229,0.15909085,0.15779494,0.15640602,0.15500201,0.1535845,0.15215507,0.1507152,0.14926651,0.1478106,0.14634894,0.14488311,0.1434147,0.14194523,0.1404763,0.13900945,0.13754621,0.13608819,0.13463691,0.13319395,0.13176085,0.13033919,0.12893052,0.1275364,0.12615837,0.12479799,0.12345687,0.12213652,0.12083849,0.11956435,0.118315674,0.11709402,0.115900934,0.11473798,0.1136067,0.11257675,0.11171132,0.11100231,0.11044166,0.11002124,0.10973297,0.109568775,0.109520555,0.109580204,0.10973966,0.1099908,0.11032554,0.1107358,0.1112135,0.11175053,0.112338796,0.11297023,0.113636695,0.114330165,0.1150425,0.11576564,0.116491444,0.11721186,0.11791882,0.118604176,0.11925988,0.1198778,0.1204499,0.12096806,0.12142418,0.121810175,0.12211795,0.12236756,0.122585505,0.12277325,0.12293251,0.12306472,0.12317147,0.12325433,0.123314865,0.12335458,0.12337511,0.12337798,0.12336472,0.12333692,0.12329612,0.123243906
0.16358823,0.16391017,0.16418092,0.16439241,0.16453655,0.16460524,0.16459042,0.16448401,0.16427793,0.16396403,0.16353431,0.16298068,0.16229504,0.16146927,0.16049533,0.15936516,0.15807062,0.15668206,0.15527633,0.15385522,0.15242048,0.15097387,0.14951722,0.1480523,0.14658086,0.14510469,0.14362554,0.14214525,0.1406655,0.13918814,0.13771494,0.13624763,0.13478804,0.1333379,0.13189901,0.13047318,0.12906207,0.12766759,0.12629145,0.12493544,0.12360133,0.12229092,0.121005915,0.11974816,0.118519425,0.117321454,0.11615605,0.11502496,0.11392999,0.11293854,0.11211142,0.11144056,0.11091788,0.11053529,0.11028472,0.110158086,0.11014729,0.11024425,0.11044091,0.11072917,0.11110093,0.11154815,0.11206271,0.11263654,0.11326156,0.11392967,0.11463284,0.11536292,0.116111875,0.11687161,0.11763401,0.118391044,0.119134605,0.119856626,0.12054897,0.121203676,0.12181254,0.12236749,0.122860506,0.12328344,0.12362829,0.123912714,0.12416103,0.124375,0.124556445,0.124707095,0.12482872,0.12492314,0.12499211,0.12503739,0.12506077,0.12506402,0.12504894,0.12501724,0.12497079,0.12491131
0.16369455,0.16401474,0.16428404,0.16449438,0.16463771,0.16470605,0.16469128,0.16458546,0.1643805,0.16406833,0.16364098,0.16309035,0.1624084,0.16158713,0.16061853,0.15949449,0.15820703,0.15682474,0.1554231,0.15400402,0.15256953,0.15112165,0.14966242,0.14819379,0.14671782,0.14523645,0.14375174,0.14226572,0.14078037,0.13929771,0.13781969,0.13634841,0.1348858,0.1334339,0.13199474,0.13057032,0.12916261,0.12777366,0.12640543,0.12506002,0.123739354,0.12244546,0.12118037,0.11994606,0.11874455,0.117577866,0.11644799,0.11535696,0.114306755,0.113362044,0.11258079,0.111954935,0.11147645,0.11113731,0.11092944,0.11084485,0.110875465,0.11101326,0.11125018,0.11157823,0.11198933,0.112475455,0.11302856,0.11364062,0.11430359,0.11500942,0.1157501,0.11651756,0.11730378,0.11810072,0.118900344,0.119694605,0.120475486,0.12123491,0.121964864,0.1226573,0.12330421,0.12389751,0.12442916,0.12489116,0.1252755,0.12559715,0.12587802,0.12612002,0.12632523,0.1264956,0.1266332,0.12673996,0.12681796,0.12686916,0.12689562,0.12689929,0.12688221,0.12684642,0.12679383,0.12672657
0.16364816,0.16396526,0.16423197,0.1644403,0.16458228,0.16464993,0.16463535,0.16453052,0.1643275,0.16401835,0.16359507,0.16304973,0.1623743,0.16156092,0.16060159,0.1594883,0.15821318,0.15684277,0.15545058,0.15403885,0.15260983,0.15116577,0.14970893,0.14824155,0.14676587,0.14528424,0.14379881,0.14231192,0.14082572,0.13934258,0.1378647,0.1363943,0.1349337,0.13348514,0.13205083,0.13063307,0.12923412,0.12785621,0.12650159,0.12517256,0.12387134,0.12260017,0.12136134,0.1201571,0.11898967,0.11786137,0.1167744,0.115731016,0.1147335,0.11384327,0.11311491,0.112540476,0.11211201,0.11182152,0.111661084,0.11162272,0.11169845,0.11188034,0.11216043,0.11253074,0.112983316,0.11351021,0.114103444,0.114755064,0.11545711,0.116201594,0.1169806,0.11778615,0.11861023,0.11944498,0.12028237,0.12111442,0.12193322,0.12273081,0.12349918,0.124230415,0.124916546,0.12554955,0.12612157,0.12662455,0.12705061,0.12741183,0.12772721,0.12799898,0.1282294,0.12842077,0.12857524,0.12869515,0.1287827,0.12884021,0.1288699,0.12887403,0.1288549,0.12881467,0.12875564,0.12868008
0.16345961,0.16377245,0.16403551,0.16424105,0.16438112,0.16444789,0.1644335,0.16433008,0.16412981,0.1638248,0.16340728,0.16286929,0.16220304,0.16140065,0.1604543,0.15935607,0.15809819,0.15674484,0.15536718,0.15396772,0.15254894,0.1511134,0.14966363,0.1482021,0.14673135,0.1452539,0.14377227,0.14228894,0.14080644,0.1393273,0.13785407,0.1363892,0.13493522,0.13349466,0.13207003,0.13066386,0.12927862,0.1279169,0.12658116,0.12527394,0.1239977,0.12275505,0.12154842,0.120380364,0.11925343,0.118170045,0.11713283,0.11614421,0.115206756,0.11437817,0.11370928,0.11319224,0.11281918,0.11258223,0.11247354,0.11248531,0.11260964,0.11283869,0.113164596,0.1135795,0.114075586,0.11464495,0.115279764,0.11597217,0.116714306,0.11749836,0.118316434,0.11916067,0.120023236,0.12089629,0.12177198,0.122642405,0.12349974,0.12433614,0.12514372,0.12591465,0.12664111,0.1273152,0.12792908,0.12847488,0.12894477,0.12934767,0.12969944,0.13000254,0.13025953,0.13047294,0.13064525,0.13077897,0.13087668,0.13094082,0.13097394,0.13097854,0.13095714,0.13091232,0.13084649,0.1307622
0.16313966,0.16344708,0.16370563,0.16390757,0.1640452,0.16411081,0.16409664,0.16399506,0.16379824,0.16349852,0.16308822,0.16255954,0.16190486,0.16111639,0.16018642,0.15910722,0.15787114,0.15653962,0.15518115,0.15379849,0.15239446,0.15097184,0.14953344,0.14808203,0.14662041,0.14515135,0.14367759,0.14220203,0.14072737,0.13925645,0.13779202,0.1363369,0.13489382,0.13346563,0.13205513,0.13066503,0.12929821,0.12795739,0.12664534,0.12536493,0.12411887,0.122910015,0.121741116,0.12061495,0.11953435,0.11850206,0.11752087,0.11659361,0.115723014,0.114962734,0.114359364,0.11390521,0.11359255,0.11341366,0.11336082,0.1134263,0.1136024,0.113881454,0.114255644,0.114717305,0.11525872,0.11587216,0.11654991,0.11728427,0.11806749,0.118891895,0.119749725,0.12063326,0.12153485,0.12244669,0.12336111,0.1242704,0.1251668,0.12604263,0.12689018,0.12770171,0.1284695,0.12918583,0.12984303,0.13043332,0.130949,0.13139552,0.13178542,0.13212132,0.13240616,0.13264267,0.13283363,0.1329819,0.13309014,0.13316126,0.13319798,0.13320307,0.13317938,0.13312966,0.1330567,0.1329633
0.16269892,0.16299987,0.16325301,0.16345069,0.16358544,0.16364963,0.1636358,0.16353634,0.16334367,0.16305028,0.16264857,0.16213103,0.16149008,0.16071819,0.15980776,0.15875126,0.15754114,0.15623583,0.1549008,0.1535392,0.15215401,0.15074834,0.14932527,0.14788784,0.14643921,0.14498235,0.14352039,0.14205635,0.14059335,0.13913444,0.13768269,0.13624118,0.13481301,0.1334012,0.13200885,0.13063905,0.12929483,0.12797925,0.12669542,0.12544642,0.12423532,0.12306514,0.12193901,0.12085997,0.11983111,0.118855484,0.11793618,0.11707627,0.1162788,0.11559291,0.115060635,0.11467447,0.114426814,0.114310116,0.1143168,0.11443932,0.114670165,0.11500174,0.11542651,0.115936905,0.11652534,0.117184356,0.11790625,0.11868359,0.11950879,0.12037426,0.12127253,0.122195914,0.12313698,0.124088086,0.12504172,0.12599032,0.12692633,0.12784217,0.12873034,0.12958324,0.13039331,0.13115303,0.13185482,0.13249111,0.13305439,0.13354637,0.13397591,0.13434604,0.13465987,0.13492045,0.13513087,0.13529418,0.13541347,0.13549179,0.13553225,0.13553786,0.13551176,0.13545701,0.13537659,0.1352737
0.1621481,0.16244163,0.16268848,0.16288131,0.16301276,0.1630754,0.16306189,0.16296482,0.16277693,0.16249077,0.16209896,0.16159417,0.16096897,0.16021606,0.15932806,0.15829757,0.15711725,0.15584214,0.1545345,0.1531977,0.15183511,0.1504501,0.14904596,0.14762615,0.14619397,0.14475282,0.14330606,0.14185709,0.14040922,0.13896582,0.1375303,0.13610595,0.13469627,0.13330448,0.13193403,0.13058826,0.12927051,0.1279842,0.12673266,0.12551926,0.124347344,0.12322039,0.1221416,0.12111447,0.12014229,0.11922844,0.11837633,0.117589235,0.11687061,0.1162647,0.11580864,0.11549503,0.115316555,0.115265824,0.11533542,0.11551803,0.115806274,0.11619278,0.11667017,0.11723107,0.117868125,0.11857398,0.119341254,0.12016251,0.121030495,0.12193775,0.12287698,0.12384074,0.124821685,0.1258125,0.12680572,0.12779406,0.12877011,0.12972651,0.13065587,0.13155088,0.13240409,0.13320819,0.1339558,0.13463953,0.13525203,0.1357911,0.13626175,0.1366673,0.13701122,0.13729672,0.13752727,0.1377062,0.13783693,0.13792273,0.13796706,0.13797325,0.13794461,0.1378846,0.13779652,0.13768375
0.16149774,0.16178304,0.16202295,0.16221036,0.16233808,0.16239896,0.16238582,0.16229151,0.16210893,0.16183081,0.16145,0.16095942,0.16035184,0.15962014,0.15875712,0.15775566,0.15660855,0.1553673,0.15409058,0.15278204,0.15144542,0.15008429,0.14870238,0.14730336,0.14589088,0.1444686,0.14304024,0.1416094,0.14017981,0.13875511,0.13733895,0.13593504,0.13454701,0.13317858,0.13183334,0.13051505,0.12922731,0.12797384,0.12675823,0.12558424,0.12445553,0.123375736,0.12234847,0.12137753,0.120466456,0.119619034,0.11883886,0.11812961,0.11749496,0.116974056,0.11659877,0.11636194,0.11625643,0.116275035,0.116410635,0.11665608,0.11700413,0.11744769,0.11797958,0.118592635,0.119279675,0.1200336,0.12084717,0.1217133,0.12262476,0.12357443,0.124555156,0.12555972,0.126581,0.12761186,0.12864505,0.12967348,0.13069002,0.13168743,0.13265859,0.13359632,0.13449347,0.13534285,0.13613737,0.13686976,0.13753298,0.1381206,0.13863368,0.1390758,0.13945067,0.13976192,0.14001325,0.14020835,0.14035082,0.14044437,0.14049268,0.14049943,0.14046822,0.1404028,0.14030679,0.14018385
0.16075861,0.1610349,0.16126719,0.16144866,0.16157234,0.1616313,0.16161858,0.16152725,0.16135043,0.1610811,0.16071238,0.16023731,0.15964898,0.15894043,0.15810472,0.15713495,0.15602414,0.15481995,0.15357731,0.15230012,0.15099245,0.14965822,0.14830147,0.14692609,0.14553614,0.1441356,0.14272839,0.14131854,0.13991001,0.1385068,0.13711286,0.13573219,0.13436882,0.13302663,0.13170964,0.13042186,0.12916726,0.12794979,0.12677349,0.12564227,0.12456017,0.12353113,0.12255916,0.12164821,0.12080231,0.1200254,0.11932142,0.118694454,0.1181484,0.117716976,0.11742657,0.117270246,0.11724107,0.11733209,0.1175364,0.11784706,0.118257076,0.118759625,0.11934768,0.12001432,0.12075266,0.12155571,0.12241655,0.12332823,0.124283895,0.1252765,0.12629917,0.12734494,0.12840691,0.12947811,0.13055165,0.13162053,0.1326779,0.13371675,0.13473018,0.13571118,0.13665296,0.1375485,0.13839084,0.13917308,0.13988829,0.14052586,0.14108251,0.14156218,0.14196888,0.14230654,0.14257924,0.14279087,0.14294545,0.14304696,0.14309937,0.14310667,0.14307286,0.14300185,0.14289768,0.14276433
0.15994133,0.16020787,0.16043207,0.16060716,0.16072649,0.16078335,0.1607711,0.160683,0.16051236,0.1602525,0.15989672,0.15943834,0.15887065,0.158187,0.15738064,0.15644489,0.15537313,0.15420885,0.15300302,0.15175992,0.15048386,0.14917913,0.14785005,0.14650092,0.14513601,0.14375958,0.14237607,0.14098963,0.13960464,0.13822539,0.1368562,0.1355013,0.13416505,0.13285175,0.13156565,0.13031107,0.12909234,0.12791374,0.12677957,0.12569413,0.124661736,0.12368664,0.12277317,0.12192566,0.121148355,0.12044558,0.119821616,0.1192808,0.118827395,0.118489414,0.11828749,0.11821494,0.118265085,0.11843118,0.11870659,0.11908464,0.11955859,0.12012173,0.12076743,0.12148897,0.12227965,0.12313279,0.1240417,0.12499964,0.12600002,0.12703606,0.12810111,0.12918843,0.13029142,0.13140328,0.13251743,0.13362707,0.13472559,0.13580625,0.13686234,0.13788725,0.13887422,0.13981655,0.14070764,0.14154069,0.14230907,0.14299771,0.14359896,0.14411703,0.14455634,0.14492106,0.1452156,0.1454442,0.14561117,0.14572081,0.14577742,0.14578529,0.14574875,0.14567207,0.1455596,0.14541553
0.15905656,0.15931281,0.15952834,0.1596967,0.15981142,0.15986611,0.15985431,0.15976961,0.15960556,0.15935569,0.15901364,0.15857294,0.15802717,0.15736985,0.15659462,0.15569499,0.15466452,0.15354264,0.15237603,0.15116933,0.14992718,0.14865421,0.14735503,0.14603429,0.14469655,0.14334652,0.14198874,0.1406279,0.13926858,0.13791546,0.1365731,0.13524616,0.13393928,0.13265707,0.13140412,0.13018511,0.12900461,0.1278673,0.12677778,0.12574068,0.12476061,0.12384219,0.12299009,0.1222089,0.12150325,0.120877735,0.12033703,0.119885735,0.11952849,0.119287334,0.11917701,0.119191095,0.119323105,0.11956661,0.1199152,0.120362476,0.12090196,0.12152721,0.12223179,0.123009324,0.1238533,0.12475735,0.12571502,0.12671983,0.12776542,0.12884532,0.12995309,0.13108233,0.13222657,0.13337934,0.1345343,0.13568495,0.1368249,0.13794766,0.13904688,0.14011605,0.14114878,0.14213857,0.14307909,0.14396383,0.14478637,0.14552714,0.14617383,0.14673111,0.14720364,0.14759597,0.14791277,0.14815865,0.14833826,0.1484562,0.14851709,0.14852557,0.14848629,0.14840378,0.14828277,0.14812782
0.15811493,0.15836042,0.15856688,0.15872817,0.15883806,0.15889046,0.15887916,0.158798,0.15864085,0.1584015,0.15807381,0.15765165,0.15712881,0.15649913,0.15575646,0.15489465,0.1539075,0.15283005,0.15170468,0.15053636,0.1493301,0.14809075,0.14682332,0.1455328,0.14422408,0.14290215,0.14157198,0.1402385,0.13890666,0.13758144,0.13626777,0.1349706,0.13369495,0.13244571,0.13122782,0.13004632,0.12890612,0.12781212,0.12676936,0.12578273,0.12485726,0.12399784,0.12320944,0.12249706,0.121865556,0.12131999,0.12086529,0.12050634,0.12024817,0.12010677,0.12009067,0.12019371,0.120409764,0.12073264,0.12115617,0.121674225,0.122280605,0.122969165,0.123733744,0.12456816,0.12546627,0.12642188,0.1274289,0.12848109,0.12957232,0.13069643,0.13184717,0.13301857,0.1342043,0.13539822,0.13659422,0.13778609,0.13896774,0.1401329,0.14127551,0.14238933,0.14346822,0.14450602,0.1454966,0.14643373,0.1473113,0.14810498,0.1487979,0.14939505,0.1499013,0.15032168,0.15066114,0.15092461,0.15111704,0.15124339,0.15130863,0.1513177,0.15127562,0.15118726,0.15105757,0.15089157
0.15712714,0.15736145,0.15755855,0.15771244,0.15781736,0.15786737,0.15785658,0.15777913,0.15762912,0.15740068,0.15708789,0.15668492,0.15618585,0.15558483,0.15487593,0.15405333,0.1531111,0.15207976,0.15099733,0.14986895,0.14870006,0.14749593,0.1462618,0.14500298,0.14372477,0.14243244,0.14113131,0.13982664,0.13852371,0.13722785,0.13594438,0.13467848,0.13343555,0.1322208,0.13103959,0.12989716,0.12879881,0.12774983,0.1267555,0.12582117,0.12495208,0.124153525,0.12343077,0.12278917,0.12223393,0.12177043,0.121403895,0.12113965,0.12098297,0.1209436,0.12102387,0.12121785,0.121519685,0.12192353,0.12242341,0.123013526,0.123687916,0.12444078,0.12526621,0.12615831,0.12711117,0.12811896,0.12917575,0.13027571,0.13141291,0.13258146,0.13377558,0.13498925,0.13621666,0.13745189,0.13868913,0.13992241,0.1411459,0.1423537,0.14353992,0.1446987,0.14582412,0.14691037,0.14795148,0.14894162,0.1498749,0.15072219,0.15146197,0.15209945,0.15263993,0.15308872,0.15345109,0.15373234,0.1539378,0.15407272,0.1541424,0.15415205,0.15410708,0.15401274,0.15387434,0.15369709
0.15610379,0.15632665,0.15651406,0.15666047,0.15676023,0.15680781,0.15679756,0.15672389,0.1565812,0.15636396,0.15606648,0.15568323,0.15520863,0.15463702,0.15396284,0.1531805,0.15228441,0.15130049,0.15026215,0.14917505,0.14804478,0.14687698,0.14567731,0.14445135,0.14320476,0.14194319,0.14067219,0.13939747,0.13812463,0.13685928,0.13560705,0.1343736,0.13316457,0.13198553,0.1308421,0.12973998,0.12868476,0.1276821,0.12673755,0.12585682,0.12504551,0.12430924,0.123653606,0.12308432,0.12260696,0.122227155,0.12195053,0.12178274,0.1217294,0.12179388,0.12197212,0.122258544,0.12264754,0.12313351,0.12371085,0.12437398,0.1251173,0.12593524,0.12682213,0.12777251,0.12878065,0.12984098,0.13094796,0.13209598,0.13327946,0.13449274,0.13573025,0.13698645,0.13825567,0.13953237,0.14081092,0.14208575,0.14335127,0.14460184,0.1458319,0.14703585,0.14820814,0.14934309,0.15043513,0.15147871,0.15246823,0.15336971,0.15415674,0.15483499,0.15541002,0.15588751,0.15627305,0.15657233,0.15679088,0.15693441,0.15700851,0.15701884,0.15697102,0.15687059,0.15672334,0.15653478
0.15505558,0.15526675,0.15544437,0.1555831,0.15567762,0.15572268,0.15571296,0.15564317,0.15550798,0.15530208,0.15502025,0.1546571,0.15420735,0.15366574,0.15302692,0.15228562,0.15143652,0.15050092,0.14950761,0.14846256,0.14737177,0.14624117,0.14507675,0.14388448,0.14267035,0.14144026,0.14020021,0.1389562,0.1377142,0.13648017,0.13526003,0.1340598,0.13288544,0.1317429,0.13063818,0.1295772,0.12856601,0.12761049,0.12671667,0.1258905,0.12513794,0.12446495,0.12387756,0.12338166,0.12298328,0.12268832,0.122502804,0.12243269,0.12248395,0.12265357,0.122930944,0.12331084,0.12378792,0.12435688,0.12501244,0.12574929,0.1265621,0.12744561,0.12839451,0.1294035,0.13046727,0.13158053,0.13273795,0.13393424,0.13516411,0.13642225,0.13770336,0.13900216,0.14031333,0.14163154,0.14295155,0.144268,0.14557563,0.14686914,0.14814319,0.14939247,0.15061179,0.15179567,0.15293896,0.1540363,0.1550824,0.15603843,0.15687309,0.15759234,0.15820219,0.15870856,0.15911743,0.15943474,0.15966657,0.15981875,0.15989736,0.1599083,0.15985757,0.15975112,0.15959492,0.15939498
0.15399317,0.15419255,0.15436022,0.15449119,0.15458043,0.15462297,0.1546138,0.1545479,0.15442026,0.15422592,0.15395983,0.153617,0.15319242,0.15268108,0.15207799,0.15137814,0.15057652,0.14968975,0.14874198,0.1477395,0.14668866,0.14559571,0.14446703,0.14330888,0.1421276,0.14092952,0.1397209,0.13850807,0.13729735,0.13609503,0.13490744,0.13374089,0.13260168,0.13149613,0.13043056,0.12941125,0.12844454,0.12753673,0.12669413,0.12592307,0.1252298,0.124620706,0.12410208,0.12368021,0.1233614,0.123151995,0.12305826,0.12308654,0.12324317,0.12351858,0.12389578,0.124369755,0.12493544,0.12558791,0.1263221,0.12713304,0.12801573,0.12896517,0.1299763,0.13104416,0.13216376,0.13333006,0.13453805,0.13578275,0.13705915,0.13836224,0.13968705,0.1410285,0.14238164,0.14374147,0.14510295,0.1464611,0.14781089,0.14914733,0.15046549,0.15176024,0.15302663,0.15425964,0.15545431,0.15660557,0.15770847,0.15871926,0.15960172,0.16036218,0.16100691,0.16154228,0.16197455,0.16231008,0.16255516,0.16271609,0.16279918,0.16281076,0.16275713,0.1626446,0.16247945,0.16226801
0.1529272,0.15311475,0.15327245,0.15339564,0.15347959,0.1535196,0.15351097,0.153449,0.15332896,0.15314612,0.15289585,0.15257339,0.152174,0.15169305,0.15112577,0.15046747,0.14971349,0.14887567,0.14797355,0.14701377,0.146003,0.14494786,0.14385502,0.1427311,0.14158283,0.14041683,0.13923971,0.13805814,0.13687883,0.13570836,0.13455342,0.13342069,0.13231677,0.13124831,0.13022202,0.12924448,0.12832238,0.12746242,0.12667118,0.12595534,0.12532155,0.1247765,0.12432676,0.12397907,0.123739995,0.123616286,0.12361453,0.123741396,0.124003544,0.12438496,0.1248621,0.12543027,0.12608476,0.12682085,0.12763381,0.12851894,0.12947157,0.13048697,0.1315604,0.13268721,0.13386266,0.13508205,0.1363407,0.13763383,0.1389568,0.14030485,0.14167333,0.14305748,0.1444526,0.14585404,0.14725702,0.14865687,0.15004885,0.15142833,0.15279052,0.15413076,0.15544428,0.15672643,0.15797251,0.15917778,0.16033754,0.16140307,0.1623334,0.16313508,0.16381481,0.16437921,0.1648349,0.16518861,0.16544698,0.16561663,0.16570427,0.16571642,0.1656599,0.16554125,0.16536716,0.1651443
0.15186839,0.15204412,0.15219194,0.15230735,0.15238604,0.15242355,0.15241545,0.15235735,0.15224484,0.15207353,0.15183896,0.15153673,0.15116246,0.15071172,0.15018009,0.14956313,0.1488565,0.1480674,0.1472107,0.14629336,0.1453224,0.14430478,0.14324757,0.1421577,0.1410422,0.13990806,0.13876222,0.13761173,0.13646358,0.13532476,0.13420224,0.13310306,0.13203417,0.1310026,0.13001531,0.12907931,0.12820163,0.1273892,0.12664905,0.12598816,0.12541357,0.12493223,0.12455114,0.12427727,0.12411768,0.124079324,0.12416918,0.12439427,0.12476158,0.12524866,0.12582545,0.12648752,0.12723051,0.12804995,0.12894146,0.12990059,0.130923,0.13200423,0.13313983,0.13432549,0.1355567,0.1368291,0.13813826,0.13947977,0.14084925,0.14224224,0.14365435,0.14508115,0.14651828,0.14796126,0.14940573,0.15084724,0.1522814,0.15370384,0.15511005,0.15649568,0.15785633,0.15918757,0.16048494,0.16174413,0.16296063,0.16408089,0.16505897,0.16590178,0.16661641,0.16720976,0.16768888,0.16806078,0.16833238,0.16851072,0.16860281,0.16861565,0.16855618,0.16843143,0.16824844,0.16801411
0.15082727,0.15099141,0.15112941,0.15123723,0.15131073,0.15134573,0.15133817,0.15128392,0.15117885,0.15101887,0.15079983,0.15051761,0.15016809,0.14974716,0.14925069,0.14867456,0.14801468,0.14727362,0.14646168,0.1455862,0.14465444,0.14367379,0.14265162,0.14159518,0.14051189,0.139409,0.13829394,0.13717394,0.13605638,0.13494863,0.13385797,0.13279179,0.13175736,0.13076206,0.12981321,0.12891816,0.12808423,0.12731871,0.126629,0.1260224,0.12550628,0.12508795,0.12477474,0.12457399,0.12449303,0.12453921,0.12471984,0.12504226,0.1255138,0.12610564,0.12678126,0.12753652,0.1283673,0.1292695,0.130239,0.13127165,0.1323634,0.13351005,0.13470753,0.13595168,0.13723843,0.13856362,0.13992316,0.14131288,0.14272872,0.14416654,0.1456222,0.14709161,0.1485706,0.1500551,0.15154096,0.1530241,0.15450034,0.15596564,0.1574158,0.15884674,0.16025437,0.16163449,0.16298302,0.16429584,0.16556886,0.16674356,0.16776915,0.16865294,0.16940223,0.17002444,0.17052685,0.17091675,0.17120157,0.17138861,0.17148517,0.17149863,0.17143628,0.1713055,0.1711136,0.17086788
0.1498146,0.14996736,0.15009579,0.15019614,0.15026449,0.15029709,0.15029004,0.15023956,0.15014179,0.14999291,0.14978907,0.14952639,0.14920112,0.14880939,0.14834733,0.14781119,0.14719708,0.14650306,0.14573485,0.1449002,0.14400673,0.1430621,0.142074,0.14105013,0.1399981,0.1389256,0.13784035,0.13674995,0.13566215,0.13458455,0.13352485,0.13249074,0.13148984,0.13052988,0.1296185,0.1287634,0.12797217,0.1272526,0.12661228,0.1260589,0.12560013,0.12524365,0.12499716,0.124868244,0.12486466,0.12499405,0.12526406,0.12568241,0.12625675,0.12695187,0.127725,0.12857224,0.12948976,0.13047376,0.13152038,0.13262577,0.13378614,0.13499765,0.13625643,0.13755865,0.13890052,0.14027815,0.14168777,0.14312549,0.14458746,0.14606991,0.14756899,0.14908084,0.15060163,0.1521275,0.1536547,0.15517935,0.15669754,0.15820557,0.15969954,0.16117556,0.16262992,0.16405869,0.16545804,0.16682418,0.16815326,0.16938196,0.17045473,0.17137913,0.17216289,0.17281368,0.1733392,0.17374708,0.17404498,0.17424062,0.17434159,0.17435564,0.17429046,0.17415364,0.17395292,0.17369592
0.14884102,0.14898269,0.14910185,0.14919493,0.14925838,0.14928861,0.14928207,0.14923525,0.14914455,0.14900641,0.14881729,0.14857367,0.14827192,0.14790851,0.14747986,0.14698249,0.14641279,0.14576437,0.14503856,0.14424339,0.14338683,0.14247692,0.14152162,0.140529,0.13950706,0.13846372,0.13740703,0.13634501,0.13528566,0.13423699,0.13320701,0.1322037,0.13123508,0.13030915,0.12943393,0.12861742,0.1278676,0.12719251,0.1266001,0.12609844,0.12569553,0.12539934,0.12521785,0.12515914,0.12523118,0.12544198,0.12579949,0.12631181,0.12698692,0.12778336,0.12865217,0.12958978,0.13059253,0.13165697,0.13277951,0.1339566,0.13518468,0.13646016,0.1377795,0.13913915,0.14053558,0.1419652,0.14342448,0.14490981,0.14641768,0.14794455,0.1494868,0.15104093,0.15260334,0.15417051,0.15573885,0.15730482,0.15886487,0.16041544,0.16195293,0.16347384,0.16497463,0.16645166,0.16790144,0.16932039,0.17070496,0.17198707,0.17310645,0.17407109,0.17488892,0.175568,0.17611635,0.17654197,0.17685282,0.17705695,0.17716235,0.17717701,0.17710897,0.1769662,0.17675677,0.17648858
0.14791715,0.14804822,0.14815845,0.14824454,0.14830324,0.14833121,0.14832516,0.14828184,0.14819795,0.14807014,0.1478952,0.14766984,0.1473907,0.14705451,0.146658,0.1461979,0.14567089,0.14506626,0.14438108,0.14362368,0.14280237,0.1419255,0.14100139,0.14003842,0.1390449,0.13802913,0.13699946,0.13596426,0.13493185,0.13391049,0.13290864,0.13193454,0.13099656,0.13010302,0.12926224,0.12848261,0.12777245,0.12714007,0.12659374,0.12614192,0.12579288,0.12555492,0.12543646,0.12544577,0.1255912,0.12588108,0.12632374,0.12692752,0.12770078,0.12859608,0.1295583,0.1305841,0.13167027,0.13281345,0.13401037,0.13525774,0.13655229,0.13789068,0.1392697,0.14068599,0.14213628,0.14361727,0.14512567,0.14665826,0.14821163,0.14978257,0.15136775,0.1529639,0.15456775,0.156176,0.15778533,0.15939245,0.1609941,0.16258696,0.16416776,0.16573323,0.16728003,0.16880493,0.17030457,0.17177567,0.17321502,0.17454982,0.1757152,0.1767194,0.17757085,0.17827787,0.1788487,0.17929178,0.17961545,0.17982794,0.17993768,0.17995296,0.17988212,0.1797335,0.17951542,0.17923625
0.14705369,0.14717467,0.14727639,0.14735585,0.14741002,0.14743583,0.14743026,0.14739028,0.14731285,0.1471949,0.14703345,0.1468254,0.14656778,0.14625752,0.14589156,0.14546691,0.14498049,0.14441745,0.14377072,0.143049,0.1422609,0.14141506,0.14052017,0.13958487,0.13861787,0.13762775,0.13662319,0.13561289,0.13460547,0.13360958,0.13263388,0.13168709,0.13077775,0.12991461,0.12910627,0.12836145,0.12768877,0.12709688,0.12659447,0.12619014,0.12589262,0.12571049,0.12565246,0.12572719,0.12594327,0.12630945,0.12683435,0.12752658,0.12839489,0.12938595,0.1304388,0.13155033,0.13271753,0.1339374,0.13520685,0.13652287,0.13788244,0.13928246,0.14071995,0.14219189,0.1436952,0.14522685,0.1467838,0.14836304,0.14996149,0.15157613,0.15320393,0.15484187,0.15648691,0.15813598,0.15978605,0.1614341,0.16307713,0.16471201,0.16633579,0.16794537,0.16953775,0.1711099,0.17265874,0.17418127,0.17567445,0.17706105,0.17827159,0.17931479,0.18019925,0.18093367,0.1815267,0.18198694,0.18232316,0.18254392,0.18265788,0.18267375,0.18260017,0.1824458,0.18221928,0.18192928
0.14626125,0.14637275,0.14646652,0.14653975,0.14658965,0.14661345,0.1466083,0.14657147,0.14650008,0.14639142,0.1462426,0.1460509,0.14581347,0.14552753,0.14519027,0.14479893,0.14435065,0.14382663,0.14321585,0.14252733,0.14177,0.14095286,0.14008482,0.13917494,0.13823214,0.13726543,0.13628374,0.13529609,0.13431142,0.1333387,0.13238697,0.1314651,0.1305821,0.12974702,0.12896875,0.12825626,0.12761858,0.12706468,0.12660345,0.12624398,0.12599511,0.12586597,0.12586541,0.12600248,0.12628609,0.12672524,0.12732893,0.1281061,0.12906577,0.13014899,0.13128918,0.13248344,0.13372903,0.13502312,0.13636293,0.13774563,0.13916849,0.14062864,0.14212328,0.1436497,0.14520502,0.14678642,0.1483912,0.15001649,0.15165946,0.15331742,0.15498745,0.15666685,0.15835276,0.16004242,0.161733,0.16342174,0.16510576,0.16678236,0.16844867,0.17010196,0.17173935,0.17335808,0.1749554,0.17652842,0.1780744,0.1795117,0.18076654,0.18184789,0.1827647,0.18352598,0.18414067,0.18461777,0.18496628,0.18519509,0.18531322,0.1853297,0.18525343,0.1850934,0.18485859,0.18455797
0.14555056,0.14565323,0.14573961,0.14580706,0.14585307,0.14587498,0.14587025,0.1458363,0.14577056,0.14567041,0.14553335,0.14535676,0.14513804,0.1448746,0.14456394,0.14420342,0.14379048,0.1433025,0.14272478,0.14206661,0.14133728,0.14054607,0.13970226,0.13881512,0.13789394,0.13694802,0.13598663,0.13501903,0.13405453,0.13310245,0.13217197,0.13127245,0.13041316,0.12960337,0.1288524,0.12816946,0.12756392,0.12704499,0.12662202,0.1263042,0.1261009,0.12602136,0.12607487,0.12627071,0.12661818,0.12712656,0.1278051,0.1286631,0.12970988,0.13088116,0.13210489,0.13337849,0.13469934,0.13606486,0.13747251,0.13891968,0.14040379,0.14192232,0.14347263,0.14505215,0.1466583,0.14828855,0.14994025,0.15161088,0.15329781,0.15499853,0.1567104,0.15843086,0.16015735,0.16188727,0.16361807,0.16534711,0.1670719,0.16878979,0.1704982,0.17219464,0.17387642,0.17554103,0.17718588,0.17880833,0.18040593,0.1818927,0.18319073,0.1843093,0.1852577,0.1860452,0.18668105,0.18717457,0.18753505,0.1877718,0.187894,0.18791102,0.18783212,0.18766657,0.18742365,0.18711272
0.1449322,0.1450269,0.14510655,0.14516875,0.14521119,0.1452314,0.14522703,0.14519571,0.14513507,0.14504275,0.14491633,0.14475349,0.1445518,0.14430885,0.14402233,0.14368986,0.14330903,0.14285372,0.1423058,0.14167482,0.14097035,0.14020199,0.13937934,0.13851197,0.13760944,0.1366814,0.13573734,0.1347869,0.13383971,0.13290523,0.13199314,0.13111298,0.1302744,0.12948686,0.12876002,0.12810348,0.1275268,0.12703957,0.12665132,0.1263717,0.12621029,0.12617666,0.12628037,0.12653102,0.1269382,0.12751147,0.12826042,0.12919468,0.13032377,0.13157846,0.13288149,0.1342305,0.13562308,0.13705687,0.13852952,0.14003862,0.14158177,0.14315669,0.14476089,0.14639203,0.14804778,0.14972565,0.1514234,0.15313855,0.1548688,0.15661168,0.15836489,0.160126,0.1618927,0.16366254,0.16543318,0.16720223,0.16896732,0.17072608,0.1724761,0.17421505,0.17594051,0.17765011,0.1793415,0.18101227,0.1826601,0.18419497,0.185535,0.18668975,0.18766885,0.18848181,0.18913822,0.18964773,0.19001986,0.19026425,0.19039044,0.19040799,0.19032656,0.19015563,0.1899049,0.18958387
0.14441687,0.14450447,0.14457816,0.14463569,0.14467493,0.14469361,0.14468957,0.14466062,0.14460453,0.14451912,0.1444022,0.14425154,0.14406496,0.14384027,0.14357525,0.14326768,0.14291543,0.14248905,0.14196725,0.14135984,0.14067677,0.13992783,0.13912298,0.13827205,0.13738489,0.1364714,0.13554145,0.13460495,0.13367172,0.13275166,0.13185462,0.13099054,0.1301692,0.12940055,0.12869442,0.1280607,0.12750925,0.12704995,0.12669271,0.12644735,0.12632376,0.12633185,0.12648146,0.12678245,0.1272447,0.12787813,0.12869255,0.12969787,0.13090397,0.13223684,0.1336144,0.13503452,0.13649493,0.13799348,0.13952795,0.14109616,0.14269584,0.1443249,0.14598107,0.14766215,0.14936598,0.15109032,0.152833,0.15459181,0.15636455,0.158149,0.15994298,0.16174433,0.16355078,0.16536017,0.16717029,0.16897894,0.17078394,0.17258304,0.17437412,0.17615493,0.17792325,0.17967692,0.18141373,0.18313149,0.18482797,0.18640943,0.18779011,0.1889799,0.18998867,0.1908263,0.19150263,0.1920276,0.19241104,0.1926628,0.19279282,0.19281091,0.192727,0.19255093,0.19229254,0.19196178
0.1439849,0.1440663,0.14413473,0.14418818,0.14422463,0.144242,0.14423826,0.14421137,0.14415926,0.1440799,0.14397131,0.14383131,0.14365798,0.14344923,0.14320305,0.14291735,0.14259009,0.14218897,0.14168985,0.14110282,0.140438,0.13970561,0.13891575,0.13807854,0.13720416,0.13630271,0.1353844,0.13445932,0.13353756,0.1326294,0.13174488,0.13089414,0.13008739,0.12933467,0.12864622,0.12803215,0.12750258,0.12706767,0.12673755,0.12652239,0.12643228,0.12647745,0.12666793,0.12701394,0.12752561,0.12821305,0.12908643,0.1301559,0.13143155,0.13283516,0.13428034,0.13576499,0.1372871,0.13884464,0.14043555,0.14205776,0.1437093,0.14538805,0.147092,0.14881913,0.15056735,0.15233468,0.154119,0.15591829,0.15773056,0.1595537,0.16138572,0.1632245,0.16506809,0.16691442,0.16876137,0.170607,0.17244923,0.17428596,0.17611524,0.177935,0.17974316,0.1815377,0.18331657,0.18507776,0.18681921,0.18844354,0.18986173,0.19108379,0.19211996,0.19298033,0.19367503,0.19421422,0.19460806,0.1948667,0.1950002,0.1950188,0.1949326,0.19475172,0.19448638,0.19414663
0.14360778,0.14368373,0.1437476,0.14379753,0.14383154,0.14384773,0.14384423,0.14381912,0.1437705,0.14369644,0.14359505,0.14346448,0.14330268,0.14310788,0.14287812,0.14261146,0.14230606,0.14192702,0.14144768,0.1408784,0.14022958,0.13951162,0.13873482,0.13790962,0.13704637,0.13615549,0.13524728,0.13433217,0.13342047,0.13252267,0.13164903,0.13081,0.13001594,0.12927717,0.12860417,0.12800726,0.12749678,0.12708317,0.12677674,0.12658793,0.12652707,0.12660457,0.12683076,0.12721609,0.12777084,0.12850545,0.12943032,0.13055575,0.13189216,0.13335757,0.13486172,0.13640271,0.13797872,0.13958775,0.14122792,0.14289734,0.14459409,0.14631628,0.14806198,0.14982924,0.15161625,0.15342106,0.15524173,0.15707643,0.15892316,0.1607801,0.16264528,0.16451679,0.1663928,0.16827133,0.17015049,0.17202841,0.1739031,0.17577276,0.17763536,0.17948917,0.18133205,0.18316232,0.1849779,0.18677697,0.18855762,0.19021946,0.19167034,0.19292063,0.19398068,0.19486092,0.19557165,0.19612327,0.1965262,0.1967908,0.19692743,0.19694641,0.19685824,0.19667318,0.19640172,0.19605412
0.14328282,0.14335409,0.14341405,0.14346085,0.14349277,0.14350799,0.1435047,0.14348114,0.14343552,0.14336601,0.14327085,0.1431483,0.14299653,0.1428137,0.1425981,0.14234787,0.1420613,0.14170124,0.14123897,0.14068504,0.14005,0.13934444,0.13857892,0.13776407,0.13691042,0.13602859,0.13512912,0.13422257,0.13331957,0.13243067,0.13156648,0.13073747,0.12995437,0.12922767,0.12856793,0.12798576,0.12749177,0.12709647,0.12681049,0.12664436,0.1266087,0.12671408,0.12697107,0.12739027,0.12798217,0.12875745,0.12972663,0.13090032,0.1322891,0.1338077,0.1353627,0.13695228,0.13857469,0.14022811,0.14191075,0.14362079,0.14535654,0.14711611,0.14889775,0.1506997,0.1525201,0.15435722,0.15620925,0.15807438,0.1599509,0.1618369,0.16373068,0.16563042,0.16753434,0.16944067,0.17134756,0.17325325,0.175156,0.17705394,0.17894533,0.18082836,0.18270127,0.18456225,0.1864095,0.18824123,0.1900557,0.19174983,0.19322892,0.1945035,0.19558418,0.19648145,0.197206,0.19776836,0.19817916,0.19844888,0.1985881,0.19860753,0.1985176,0.19832899,0.1980522,0.19769785
0.14300728,0.1430746,0.1431312,0.1431754,0.14320554,0.14321989,0.1432168,0.14319456,0.14315149,0.14308585,0.14299601,0.14288028,0.14273694,0.14256428,0.14236067,0.1421244,0.14185376,0.14150986,0.14106204,0.14052106,0.1398977,0.13920267,0.13844675,0.13764066,0.13679515,0.13592099,0.13502888,0.13412967,0.13323404,0.1323527,0.13149644,0.13067603,0.12990218,0.12918565,0.1285372,0.12796755,0.12748753,0.12710777,0.12683912,0.12669225,0.12667798,0.12680694,0.12709004,0.12753792,0.12816136,0.12897108,0.12997788,0.13119248,0.13262562,0.13418937,0.13578749,0.13741824,0.13907999,0.14077103,0.14248966,0.14423421,0.14600302,0.14779428,0.1496064,0.15143771,0.15328647,0.15515096,0.15702955,0.15892056,0.16082224,0.16273293,0.16465096,0.16657458,0.16850224,0.17043205,0.17236249,0.17429177,0.17621824,0.1781402,0.18005599,0.18196385,0.18386216,0.18574922,0.18762329,0.18948275,0.19132586,0.19304737,0.19455037,0.19584556,0.19694364,0.19785544,0.19859172,0.19916318,0.19958061,0.19985467,0.19999617,0.20001589,0.19992453,0.19973284,0.1994516,0.19909152
0.14277847,0.1428425,0.14289634,0.14293838,0.14296703,0.1429807,0.14297777,0.1429566,0.14291564,0.14285322,0.14276777,0.14265771,0.14252138,0.1423572,0.14216357,0.14193884,0.14168145,0.14135094,0.14091513,0.14038493,0.13977127,0.13908498,0.138337,0.13753818,0.13669945,0.13583165,0.13494575,0.13405253,0.13316299,0.13228795,0.1314383,0.13062496,0.12985882,0.12915078,0.12851168,0.12795246,0.127484,0.12711717,0.12686285,0.12673198,0.12673543,0.1268841,0.12718879,0.12766054,0.12831014,0.1291485,0.13018653,0.13143505,0.13290507,0.1345063,0.1361402,0.13780515,0.13949957,0.14122187,0.14297038,0.14474356,0.14653979,0.14835738,0.15019484,0.15205051,0.15392278,0.15581003,0.1577107,0.15962313,0.16154575,0.16347696,0.16541511,0.1673586,0.16930588,0.17125528,0.17320523,0.17515408,0.17710026,0.17904218,0.18097818,0.18290672,0.1848261,0.18673478,0.18863119,0.1905136,0.19238053,0.1941248,0.19564763,0.19695987,0.1980725,0.19899638,0.19974233,0.20032133,0.20074429,0.20102197,0.20116533,0.2011853,0.20109273,0.20089854,0.20061357,0.20024872
0.14259376,0.14265509,0.14270669,0.14274701,0.14277446,0.14278758,0.14278473,0.14276445,0.1427252,0.14266537,0.14258346,0.14247797,0.14234734,0.14218995,0.14200436,0.14178899,0.1415423,0.14122258,0.14079648,0.140275,0.13966918,0.13898993,0.13824834,0.13745542,0.13662215,0.13575953,0.13487853,0.13399024,0.1331056,0.13223565,0.13139136,0.13058376,0.12982385,0.1291226,0.12849109,0.12794028,0.12748113,0.12712474,0.12688205,0.12676406,0.12678184,0.12694636,0.12726855,0.12775955,0.12843028,0.12929174,0.13035496,0.13163096,0.13313073,0.1347622,0.13642499,0.13811757,0.13983837,0.14158587,0.14335854,0.14515482,0.14697318,0.14881207,0.15066996,0.1525453,0.15443659,0.1563422,0.1582607,0.16019046,0.16212998,0.16407771,0.1660321,0.16799167,0.1699548,0.17191999,0.17388567,0.17585036,0.17781249,0.1797705,0.1817228,0.18366799,0.18560445,0.1875306,0.18944497,0.19134599,0.19323212,0.19499473,0.1965336,0.19785969,0.198984,0.19991758,0.20067142,0.20125653,0.20168392,0.20196451,0.20210938,0.20212957,0.20203607,0.20183976,0.20155184,0.20118317
0.14245036,0.14250967,0.14255951,0.14259848,0.142625,0.14263766,0.1426349,0.14261532,0.1425774,0.14251958,0.14244047,0.14233848,0.14221223,0.14206016,0.14188081,0.14167269,0.14143431,0.14112297,0.14070441,0.14018969,0.13958992,0.13891616,0.13817959,0.13739122,0.13656218,0.13570353,0.1348264,0.13394189,0.13306107,0.13219507,0.13135493,0.13055177,0.12979667,0.12910073,0.12847507,0.1279308,0.12747893,0.12713061,0.12689693,0.12678902,0.12681788,0.12699467,0.12733048,0.12783639,0.12852353,0.12940292,0.13048573,0.131783,0.13330585,0.1349608,0.13664605,0.13836004,0.14010133,0.14186841,0.14365983,0.14547403,0.1473096,0.149165,0.15103875,0.15292934,0.15483536,0.15675528,0.15868756,0.16063078,0.16258341,0.16454397,0.16651101,0.16848302,0.17045845,0.1724359,0.1744138,0.17639081,0.17836526,0.18033578,0.18230084,0.18425891,0.18620855,0.1881483,0.19007663,0.19199204,0.1938931,0.19566995,0.19722126,0.19855805,0.19969149,0.20063262,0.20139256,0.20198241,0.20241317,0.20269607,0.20284213,0.20286246,0.20276819,0.20257036,0.20228006,0.20190842
0.14234565,0.14240342,0.14245202,0.14248997,0.14251584,0.14252818,0.1425255,0.14250639,0.14246942,0.1424131,0.14233597,0.1422366,0.14211357,0.14196536,0.14179055,0.14158773,0.14135543,0.1410502,0.14063713,0.14012736,0.13953204,0.13886233,0.13812935,0.1373443,0.13651833,0.13566265,0.13478833,0.1339066,0.13302854,0.1321654,0.1313283,0.13052839,0.12977682,0.1290848,0.1284634,0.12792386,0.12747732,0.1271349,0.12690783,0.1268072,0.12684418,0.12702999,0.1273757,0.12789252,0.12859164,0.12948413,0.13058119,0.13189402,0.13343376,0.13510586,0.13680749,0.13853714,0.1402934,0.1420748,0.14387989,0.14570719,0.14755528,0.14942276,0.15130809,0.15320987,0.15512666,0.15705697,0.15899934,0.16095239,0.16291459,0.16488458,0.16686082,0.1688419,0.17082635,0.17281276,0.1747996,0.17678554,0.178769,0.18074867,0.18272299,0.1846905,0.18664983,0.18859948,0.19053797,0.19246393,0.19437587,0.19616316,0.19772354,0.19906819,0.20020825,0.20115492,0.20191926,0.20251253,0.20294586,0.20323044,0.20337734,0.20339778,0.20330296,0.20310397,0.20281196,0.20243815
0.14227687,0.14233366,0.1423814,0.1424187,0.14244413,0.14245626,0.14245366,0.1424349,0.14239852,0.14234316,0.14226736,0.1421697,0.14204876,0.1419031,0.14173134,0.14153196,0.14130363,0.14100245,0.14059299,0.14008647,0.139494,0.13882692,0.13809635,0.1373135,0.13648957,0.13563576,0.13476335,0.13388339,0.13300718,0.13214593,0.13131082,0.13051307,0.1297638,0.12907429,0.12845573,0.12791932,0.12747623,0.12713774,0.12691498,0.12681916,0.12686147,0.12705316,0.12740539,0.12792937,0.12863635,0.12953743,0.13064393,0.13196696,0.13351776,0.13520114,0.13691351,0.13865347,0.1404195,0.1422103,0.14402436,0.14586028,0.14771666,0.149592,0.15148498,0.15339409,0.15531792,0.1572551,0.15920411,0.16116357,0.16313209,0.16510822,0.1670905,0.16907755,0.1710679,0.17306018,0.17505296,0.17704475,0.17903414,0.1810198,0.18300018,0.1849739,0.18693958,0.18889573,0.19084097,0.19277382,0.19469291,0.19648701,0.19805337,0.19940314,0.20054753,0.20149782,0.20226514,0.20286067,0.20329568,0.2035813,0.2037288,0.20374937,0.2036541,0.20345436,0.20316124,0.20278598
0.14224134,0.14229763,0.14234497,0.14238194,0.14240713,0.14241916,0.14241655,0.14239797,0.14236192,0.14230704,0.14223193,0.14213514,0.14201531,0.14187098,0.14170074,0.14150316,0.14127688,0.14097778,0.14057021,0.14006531,0.13947438,0.13880865,0.1380793,0.13729759,0.13647473,0.13562194,0.13475041,0.13387144,0.13299617,0.1321359,0.13130179,0.13050511,0.12975706,0.12906887,0.12845176,0.12791696,0.12747572,0.12713921,0.12691864,0.12682532,0.12687041,0.1270651,0.12742072,0.1279484,0.12865941,0.12956499,0.1306763,0.1320046,0.13356113,0.13525032,0.13696828,0.13871351,0.14048463,0.14228027,0.14409897,0.14593937,0.14779998,0.14967944,0.15157631,0.15348922,0.1554167,0.15735736,0.1593098,0.16127262,0.16324438,0.16522369,0.16720912,0.16919923,0.17119268,0.17318797,0.17518374,0.17717856,0.17917104,0.18115973,0.18314332,0.18512024,0.18708917,0.1890487,0.19099738,0.19293383,0.1948566,0.1966542,0.19822368,0.1995761,0.20072277,0.2016749,0.20244369,0.20304042,0.20347627,0.20376249,0.20391026,0.20393084,0.20383544,0.20363529,0.2033416,0.20296559
0.14223641,0.1422926,0.14233989,0.14237681,0.14240198,0.14241396,0.14241137,0.1423928,0.14235683,0.14230204,0.14222701,0.14213035,0.14201066,0.14186649,0.14169647,0.14149916,0.14127317,0.14097436,0.14056699,0.14006238,0.13947167,0.1388061,0.13807695,0.13729537,0.13647267,0.13562,0.13474862,0.13386977,0.13299465,0.1321345,0.13130054,0.130504,0.12975612,0.1290681,0.12845121,0.12791666,0.12747563,0.12713939,0.12691917,0.12682615,0.12687163,0.12706678,0.12742285,0.12795107,0.12866263,0.12956883,0.13068081,0.13200986,0.13356715,0.13525718,0.13697587,0.13872185,0.14049372,0.14229001,0.14410937,0.14595035,0.14781156,0.1496916,0.15158904,0.15350245,0.15543045,0.15737161,0.15932453,0.1612878,0.16326003,0.16523974,0.16722561,0.16921619,0.17121002,0.17320573,0.17520197,0.17719722,0.17919013,0.18117924,0.18316324,0.18514062,0.18710999,0.18906999,0.19101918,0.19295608,0.1948794,0.1966775,0.19824736,0.19960019,0.20074716,0.20169955,0.20246856,0.20306544,0.2035014,0.20378771,0.20393552,0.2039561,0.20386067,0.20366049,0.20336671,0.20299059
0.14225936,0.14231586,0.14236341,0.14240056,0.14242586,0.14243792,0.14243534,0.14241663,0.14238045,0.14232534,0.14224987,0.14215268,0.14203225,0.14188722,0.14171621,0.14151774,0.14129043,0.14099026,0.14058171,0.14007598,0.13948433,0.13881794,0.13808794,0.13730566,0.13648224,0.13562894,0.13475695,0.13387752,0.13300176,0.13214096,0.13130638,0.13050911,0.1297605,0.12907162,0.12845379,0.12791818,0.12747598,0.12713847,0.1269168,0.12682219,0.12686585,0.12705906,0.12741295,0.12793879,0.12864774,0.12955104,0.13065991,0.13198555,0.13353916,0.13522542,0.13694052,0.13868308,0.14045168,0.14224486,0.14406121,0.14589934,0.14775778,0.14963517,0.15153009,0.15344107,0.15536669,0.15730558,0.15925631,0.16121742,0.16318755,0.1651652,0.16714905,0.16913763,0.17112948,0.17312329,0.17511752,0.17711082,0.17910174,0.1810889,0.18307082,0.18504614,0.18701342,0.18897124,0.19091818,0.1928528,0.19477372,0.19656956,0.19813745,0.1994885,0.20063408,0.20158523,0.2023533,0.20294942,0.20338482,0.20367074,0.20381837,0.20383894,0.2037436,0.20354368,0.20325027,0.20287466
0.14230743,0.14236465,0.14241278,0.14245038,0.142476,0.14248821,0.14248559,0.14246665,0.14243004,0.14237428,0.14229783,0.14219943,0.14207754,0.14193079,0.14175767,0.14155675,0.14132665,0.14102368,0.14061262,0.1401046,0.13951093,0.13884266,0.13811103,0.13732721,0.13650236,0.13564771,0.13477445,0.1338937,0.13301669,0.13215461,0.13131858,0.13051987,0.1297696,0.12907897,0.12845914,0.12792136,0.12747672,0.12713648,0.12691176,0.12681381,0.1268538,0.12704284,0.12739219,0.12791303,0.12861645,0.12951376,0.13061607,0.13193455,0.13348041,0.13515879,0.13686639,0.13860174,0.14036345,0.14215006,0.14396015,0.14579226,0.14764494,0.1495168,0.15140636,0.1533122,0.15523292,0.15716705,0.1591131,0.16106972,0.16303544,0.16500883,0.16698842,0.16897282,0.17096056,0.17295022,0.17494033,0.17692953,0.17891635,0.18089928,0.18287696,0.18484797,0.18681079,0.18876405,0.19070631,0.1926361,0.19455202,0.19634305,0.19790678,0.19925426,0.20039675,0.2013454,0.2021114,0.20270596,0.20314021,0.20342535,0.2035726,0.20359312,0.20349805,0.20329863,0.20300603,0.20263138
0.14237802,0.14243625,0.14248523,0.14252348,0.14254956,0.14256199,0.14255929,0.14254007,0.14250278,0.14244598,0.14236827,0.14226806,0.14214405,0.14199468,0.14181845,0.141614,0.1413798,0.1410727,0.14065792,0.14014661,0.13954991,0.13887893,0.13814487,0.13735878,0.13653189,0.13567528,0.13480009,0.13391751,0.13303863,0.13217458,0.13133653,0.13053559,0.12978299,0.12908973,0.12846701,0.12792598,0.12747782,0.12713358,0.12690446,0.12680157,0.12683606,0.12701908,0.12736171,0.12787516,0.12857059,0.12945905,0.1305517,0.13185972,0.13339424,0.13506104,0.1367576,0.13848242,0.14023404,0.14201102,0.14381188,0.14563514,0.14747937,0.14934312,0.15122487,0.1531232,0.15503666,0.15696372,0.158903,0.16085301,0.16281228,0.16477934,0.16675273,0.16873097,0.17071268,0.17269629,0.17468043,0.17666355,0.17864425,0.18062107,0.18259253,0.1845571,0.18651347,0.18846008,0.19039541,0.19231814,0.19422671,0.19601075,0.19756834,0.19891056,0.20004857,0.20099348,0.20175652,0.20234871,0.20278126,0.2030653,0.20321196,0.20323238,0.20313773,0.20293906,0.20264761,0.20227446
0.14246833,0.14252791,0.14257799,0.14261709,0.14264372,0.14265642,0.14265373,0.14263403,0.14259592,0.14253786,0.1424584,0.14235598,0.14222917,0.14207645,0.14189632,0.14168726,0.14144786,0.14113547,0.14071594,0.14020038,0.13959986,0.1389254,0.1381882,0.13739929,0.13656971,0.13571054,0.13483296,0.13394797,0.13306665,0.13220012,0.13135949,0.13055575,0.12980008,0.12910351,0.1284771,0.12793198,0.1274792,0.12712987,0.12689507,0.12678587,0.12681335,0.12698862,0.12732272,0.12782678,0.12851183,0.12938899,0.13046934,0.13176392,0.1332839,0.13493589,0.13661833,0.13832963,0.14006837,0.141833,0.14362203,0.145434,0.14726742,0.14912072,0.15099247,0.1528812,0.15478536,0.15670347,0.15863404,0.16057555,0.16252655,0.16448551,0.16645096,0.16842137,0.1703953,0.17237122,0.17434764,0.17632304,0.17829596,0.1802649,0.18222834,0.1841848,0.18613282,0.18807086,0.18999743,0.19191106,0.19381022,0.19558531,0.19713505,0.19847047,0.19960278,0.20054296,0.20130211,0.20189138,0.20232174,0.20260434,0.20275025,0.20277058,0.20267637,0.20247874,0.20218876,0.20181747
