0.18093644,0.18071707,0.18053259,0.1803885,0.18029028,0.18024348,0.18025357,0.18032607,0.18046649,0.18068033,0.18097311,0.18135034,0.18181749,0.1823801,0.18304363,0.18381365,0.18469566,0.18571977,0.18690169,0.18822502,0.1896735,0.19123076,0.19288053,0.19460642,0.19639222,0.19822145,0.20007792,0.20194528,0.20380718,0.20564735,0.20744942,0.2091971,0.21087404,0.21246396,0.2139505,0.21531734,0.21654822,0.21762677,0.21853665,0.21926156,0.21978521,0.22009124,0.22016335,0.2199852,0.2195405,0.21881291,0.2177861,0.21644378,0.21476962,0.21286626,0.21085091,0.20872913,0.20650639,0.2041882,0.20178005,0.19928747,0.19671597,0.19407102,0.19135821,0.18858293,0.18575078,0.18286723,0.1799378,0.17696796,0.17396328,0.1709292,0.16787127,0.16479495,0.16170584,0.15860936,0.15551102,0.15241638,0.14933094,0.14626014,0.14320955,0.14018466,0.13719098,0.134234,0.13131927,0.1284522,0.1256384,0.12302444,0.12074229,0.11877566,0.117108285,0.115723744,0.114605784,0.11373811,0.11310431,0.11268815,0.11247327,0.11244335,0.11258207,0.11287312,0.11330019,0.11384689
0.18114708,0.18092595,0.18074003,0.18059473,0.18049575,0.18044856,0.18045875,0.18053186,0.18067339,0.18088897,0.18118411,0.18156433,0.18203522,0.18260239,0.18327126,0.18404749,0.18493658,0.18596916,0.1871611,0.18849605,0.18995737,0.19152862,0.19319336,0.19493502,0.19673716,0.19858329,0.20045686,0.20234144,0.20422055,0.20607764,0.2078963,0.20965995,0.21135212,0.21295638,0.21445623,0.21583508,0.21707654,0.21816404,0.21908124,0.21981145,0.22033836,0.22064534,0.22071595,0.22053371,0.22008213,0.2193447,0.21830495,0.2169464,0.21525252,0.21332721,0.211289,0.20914353,0.20689625,0.20455275,0.20211859,0.19959933,0.19700047,0.19432764,0.19158633,0.1887821,0.18592054,0.18300712,0.18004747,0.17704712,0.1740116,0.1709465,0.16785732,0.1647496,0.16162899,0.15850095,0.15537107,0.15224488,0.14912796,0.14602584,0.14294405,0.13988818,0.13686377,0.13387634,0.13093151,0.12803477,0.12519169,0.122550465,0.12024449,0.11825738,0.116572596,0.115173616,0.11404403,0.11316727,0.11252689,0.11210638,0.111889265,0.11185901,0.11199919,0.112293266,0.11272477,0.11327721
0.18132423,0.18110166,0.18091446,0.1807682,0.18066855,0.18062109,0.18063131,0.18070492,0.18084738,0.1810644,0.18136153,0.18174432,0.18221837,0.18278933,0.1834627,0.18424413,0.18513918,0.18617885,0.18737935,0.18872395,0.19019611,0.19177914,0.19345646,0.19521138,0.19702728,0.19888757,0.20077556,0.20267464,0.20456819,0.20643955,0.20827213,0.21004924,0.21175422,0.21337055,0.21488151,0.21627049,0.21752082,0.218616,0.21953923,0.22027394,0.22080347,0.22111128,0.22118068,0.220995,0.22053762,0.21979192,0.21874128,0.21736906,0.21565862,0.21371485,0.21165746,0.20949198,0.20722412,0.20485935,0.20240329,0.19986162,0.19723976,0.19454344,0.19177817,0.18894958,0.18606326,0.18312477,0.18013974,0.17711368,0.17405224,0.170961,0.16784555,0.16471149,0.16156435,0.15840979,0.15525338,0.15210065,0.14895724,0.14582877,0.14272077,0.13963884,0.1365886,0.13357557,0.13060543,0.12768371,0.12481599,0.1221518,0.11982586,0.11782149,0.11612208,0.114710994,0.11357156,0.112687215,0.11204126,0.11161709,0.11139807,0.11136759,0.11150899,0.11180561,0.11224087,0.11279812
0.18146266,0.18123889,0.1810507,0.1809037,0.18080357,0.18075581,0.1807661,0.18084005,0.18098329,0.18120144,0.18150009,0.18188486,0.18236142,0.18293533,0.18361221,0.1843977,0.18529744,0.18634264,0.18754974,0.188902,0.19038258,0.19197483,0.19366196,0.19542722,0.1972539,0.19912525,0.2010245,0.20293494,0.20483974,0.20672221,0.20856564,0.21035327,0.21206832,0.21369404,0.2152137,0.2166106,0.21786793,0.21896899,0.21989696,0.22063518,0.22116686,0.22147527,0.22154368,0.22135526,0.2208934,0.22014126,0.21908213,0.2176992,0.21597584,0.21401761,0.21194522,0.20976421,0.20748018,0.20509882,0.2026257,0.20006642,0.19742665,0.194712,0.19192804,0.18908046,0.18617478,0.18321669,0.18021177,0.17716569,0.17408401,0.17097238,0.16783638,0.16468167,0.16151388,0.1583386,0.15516141,0.15198798,0.14882393,0.14567484,0.14254637,0.13944407,0.13637365,0.13334066,0.13035072,0.12740947,0.12452255,0.12184046,0.11949887,0.11748102,0.11577018,0.1143496,0.11320251,0.11231222,0.111661926,0.11123491,0.11101444,0.11098375,0.11112609,0.1114247,0.11186289,0.11242385
0.18155697,0.18133242,0.18114357,0.18099605,0.1808955,0.18084762,0.18085797,0.18093216,0.18107592,0.18129483,0.18159455,0.1819807,0.18245892,0.18303487,0.18371414,0.18450242,0.18540531,0.18645428,0.18766586,0.18902332,0.19050969,0.19210821,0.19380201,0.19557437,0.19740838,0.19928724,0.20119414,0.20311226,0.20502478,0.20691489,0.20876573,0.21056049,0.21228234,0.21391453,0.2154401,0.21684234,0.21810444,0.21920954,0.22014077,0.22088137,0.22141449,0.22172333,0.22179109,0.22160086,0.22113591,0.22037934,0.2193144,0.21792424,0.21619202,0.214224,0.21214134,0.2099497,0.20765476,0.20526205,0.20277728,0.20020606,0.19755407,0.19482687,0.19203015,0.18916959,0.18625075,0.1832793,0.18026087,0.17720112,0.17410563,0.17098013,0.16783012,0.16466138,0.16147947,0.15829004,0.15509875,0.15191121,0.14873306,0.14556992,0.14242747,0.13931136,0.13622718,0.13318054,0.13017714,0.12722261,0.12432256,0.12162826,0.11927601,0.11724898,0.115530364,0.11410333,0.11295101,0.11205667,0.11140342,0.11097446,0.110752955,0.11072214,0.110865116,0.111165114,0.11160527,0.112168804
0.1816019,0.181377,0.18118782,0.1810401,0.18093938,0.1808914,0.18090172,0.18097608,0.18112008,0.18133934,0.18163957,0.18202637,0.18250537,0.18308228,0.18376271,0.18455231,0.18545671,0.18650752,0.18772127,0.18908113,0.19057025,0.19217175,0.19386877,0.19564442,0.197482,0.19936445,0.20127499,0.20319681,0.20511298,0.20700674,0.20886108,0.21065925,0.21238437,0.2140196,0.21554804,0.21695286,0.2182172,0.21932417,0.22025698,0.22099872,0.22153252,0.22184156,0.22190896,0.2217179,0.22125146,0.22049284,0.21942511,0.2180315,0.21629508,0.21432237,0.21223484,0.21003816,0.20773791,0.20533985,0.2028495,0.20027258,0.19761477,0.19488163,0.19207886,0.18921207,0.18628697,0.18330918,0.18028428,0.17721799,0.17411596,0.17098376,0.16782714,0.16465172,0.16146308,0.15826693,0.15506887,0.1518746,0.14868975,0.14551994,0.14237083,0.13924809,0.13615735,0.13310425,0.13009441,0.12713352,0.12422723,0.121527106,0.1191698,0.1171384,0.11541606,0.11398593,0.112831146,0.11193484,0.111280195,0.11085032,0.11062837,0.11059743,0.110740736,0.1110414,0.111482486,0.112047225
0.18159221,0.18136737,0.18117826,0.18103059,0.18092991,0.18088193,0.18089227,0.18096662,0.18111055,0.18132976,0.18162985,0.1820165,0.18249536,0.18307205,0.18375224,0.18454155,0.18544562,0.18649603,0.18770932,0.18906868,0.19055718,0.19215804,0.19385438,0.19562936,0.1974661,0.1993478,0.20125756,0.20317855,0.20509396,0.2069869,0.20884052,0.21063793,0.2123624,0.21399692,0.21552478,0.21692905,0.21819286,0.21929945,0.22023192,0.2209734,0.22150706,0.22181605,0.22188354,0.22169265,0.22122654,0.22046833,0.21940126,0.21800838,0.21627286,0.21430115,0.21221468,0.21001907,0.20772,0.20532306,0.2028339,0.20025826,0.19760165,0.19486983,0.19206835,0.18920292,0.18627915,0.18330272,0.18027925,0.17721435,0.17411374,0.170983,0.16782781,0.16465381,0.16146663,0.15827192,0.15507533,0.1518825,0.14869909,0.1455307,0.14238304,0.13926174,0.1361724,0.13312067,0.13011226,0.12715277,0.12424779,0.12154894,0.11919271,0.11716224,0.115440704,0.11401124,0.112857,0.111961104,0.11130677,0.11087709,0.11065521,0.11062433,0.11076755,0.111068055,0.11150897,0.11207346
0.18152258,0.18129833,0.18110973,0.18096241,0.18086198,0.18081415,0.1808245,0.18089859,0.18104213,0.18126078,0.1815601,0.18194577,0.1824234,0.18299858,0.18367699,0.18446425,0.18536597,0.18641362,0.18762358,0.18897909,0.19046336,0.19205958,0.19375095,0.19552071,0.19735207,0.19922818,0.20113233,0.20304766,0.20495734,0.20684466,0.2086928,0.21048497,0.2122043,0.21383415,0.21535757,0.21675791,0.21801825,0.21912183,0.22005191,0.22079164,0.22132422,0.22163293,0.22170089,0.22151138,0.2210475,0.22029258,0.21922974,0.21784222,0.21611324,0.2141488,0.21206988,0.20988211,0.20759112,0.20520255,0.202722,0.20015517,0.19750762,0.19478503,0.19199295,0.18913712,0.18622304,0.18325649,0.18024299,0.17718819,0.17409773,0.17097728,0.1678324,0.16466878,0.161492,0.15830775,0.1551216,0.15193918,0.14876616,0.14560817,0.1424708,0.13935974,0.13628057,0.13323891,0.1302404,0.12729071,0.12439546,0.121705614,0.11935725,0.117333576,0.11561779,0.11419307,0.11304267,0.11214981,0.11149763,0.111069396,0.11084828,0.11081749,0.11096024,0.111259714,0.11169919,0.11226178
0.18138774,0.18116459,0.18097693,0.18083037,0.18073048,0.18068287,0.18069312,0.18076687,0.18090971,0.18112725,0.18142505,0.18180877,0.182284,0.1828563,0.1835313,0.18431458,0.18521176,0.18625398,0.1874575,0.1888056,0.1902816,0.19186889,0.1935507,0.19531035,0.19713123,0.19899656,0.2008897,0.20279402,0.20469272,0.20656918,0.20840672,0.21018866,0.21189828,0.21351892,0.21503384,0.21642648,0.21768,0.21877788,0.2197033,0.22043958,0.22097012,0.22127824,0.22134715,0.22116019,0.22070079,0.21995214,0.2188976,0.21752048,0.2158041,0.21385372,0.21178943,0.20961681,0.20734155,0.20496917,0.20250529,0.19995552,0.19732547,0.19462074,0.1918469,0.1890096,0.18611439,0.18316692,0.18017274,0.17713752,0.1740668,0.17096622,0.16784135,0.16469783,0.16154121,0.15837714,0.15521121,0.15204899,0.14889611,0.14575818,0.14264078,0.13954954,0.13649,0.13346785,0.13048862,0.12755795,0.12468142,0.12200905,0.11967591,0.117665365,0.1159607,0.11454526,0.11340233,0.11251523,0.11186729,0.11144183,0.11122214,0.11119155,0.111333385,0.11163093,0.112067536,0.11262647
0.18118232,0.18096092,0.18077472,0.18062927,0.18053018,0.1804829,0.18049309,0.18056628,0.18070802,0.18092388,0.18121941,0.18160014,0.18207169,0.18263957,0.18330938,0.1840866,0.18497689,0.18601087,0.18720455,0.18854138,0.19000487,0.19157848,0.19324574,0.19499004,0.19679488,0.19864383,0.2005203,0.20240773,0.20428973,0.20614968,0.20797108,0.2097374,0.21143216,0.21303882,0.21454084,0.21592173,0.217165,0.21825401,0.21917236,0.21990348,0.2204309,0.22073805,0.22080843,0.22062548,0.22017275,0.21943371,0.21839179,0.2170305,0.21533333,0.21340434,0.21136235,0.20921287,0.20696148,0.20461375,0.20217527,0.19965152,0.19704808,0.1943706,0.1916245,0.18881543,0.18594894,0.18303055,0.18006581,0.17706035,0.1740197,0.17094938,0.16785496,0.16474204,0.1616161,0.15848282,0.15534763,0.15221618,0.14909399,0.14598663,0.14289963,0.13983856,0.13680899,0.1338165,0.13086663,0.12796491,0.12511693,0.122471124,0.1201612,0.11817064,0.11648294,0.11508155,0.113950014,0.11307174,0.11243024,0.11200901,0.11179148,0.11176121,0.111901626,0.11219622,0.11262849,0.11318187
0.18090115,0.1806821,0.18049787,0.180354,0.18025589,0.18020916,0.18021925,0.18029162,0.18043189,0.18064545,0.18093781,0.18131451,0.18178104,0.1823429,0.18300554,0.18377453,0.18465534,0.18567806,0.18685827,0.18817969,0.18962601,0.19118091,0.19282816,0.19455145,0.19633444,0.19816087,0.2000145,0.20187895,0.20373803,0.20557532,0.20737463,0.20911963,0.21079402,0.21238154,0.21386585,0.21523073,0.2164598,0.21753682,0.21844548,0.21916951,0.21969262,0.21999851,0.22007087,0.21989341,0.21944986,0.21872392,0.21769929,0.21635967,0.2146888,0.21278912,0.21077763,0.2086598,0.20644118,0.20412718,0.2017234,0.1992353,0.19666836,0.19402808,0.19132,0.18854958,0.1857224,0.18284382,0.1799194,0.17695473,0.17395514,0.17092632,0.16787359,0.16480255,0.16171871,0.15862751,0.15553448,0.1524451,0.14936489,0.14629935,0.143254,0.14023428,0.13724573,0.13429385,0.13138413,0.12852205,0.12571317,0.123103745,0.120825596,0.11886242,0.11719793,0.11581583,0.11469984,0.11383366,0.113200955,0.112785526,0.112571016,0.112541154,0.11267962,0.11297016,0.11339649,0.113942266
0.18053888,0.18032284,0.18014118,0.17999925,0.17990255,0.17985646,0.17986642,0.1799378,0.1800761,0.18028669,0.18057501,0.18094648,0.18140657,0.18196061,0.18261409,0.18337245,0.18424104,0.18524924,0.18641211,0.18771362,0.18913783,0.19066864,0.19229016,0.19398633,0.19574116,0.19753869,0.19936286,0.20119768,0.20302717,0.20483531,0.20660615,0.20832369,0.20997185,0.21153468,0.21299618,0.21434037,0.21555126,0.21661279,0.217509,0.2182239,0.21874143,0.2190457,0.21912059,0.21895018,0.21851847,0.21780942,0.21680708,0.21549538,0.2138584,0.21199645,0.21002425,0.2079472,0.20577073,0.20350023,0.2011412,0.19869901,0.19617906,0.19358686,0.19092771,0.18820713,0.1854305,0.18260325,0.17973079,0.17681861,0.17387205,0.17089657,0.1678976,0.16488053,0.16185085,0.1588139,0.15577516,0.15274003,0.14971393,0.14670232,0.14371055,0.14074413,0.13780843,0.13490887,0.13205092,0.12923993,0.12648137,0.12391884,0.121681616,0.1197537,0.11811912,0.11676183,0.1156659,0.11481527,0.11419399,0.11378599,0.11357535,0.113546036,0.11368201,0.11396732,0.11438597,0.11492195
0.1800902,0.17987794,0.17969942,0.17955999,0.17946497,0.17941965,0.17942943,0.17949961,0.1796355,0.1798424,0.18012573,0.18049075,0.1809428,0.1814872,0.18212934,0.18287447,0.18372795,0.18471816,0.18585958,0.18713649,0.18853326,0.19003427,0.19162391,0.19328651,0.19500646,0.19676809,0.1985558,0.2003539,0.20214684,0.20391889,0.20565447,0.20733792,0.20895362,0.21048594,0.21191917,0.21323779,0.21442607,0.21546842,0.21634918,0.21705274,0.21756345,0.21786566,0.21794376,0.21778207,0.21736501,0.21667688,0.21570212,0.21442503,0.21282996,0.21101479,0.20909128,0.20706473,0.20494047,0.20272385,0.20042023,0.19803485,0.19557315,0.19304034,0.19044185,0.18778296,0.18506904,0.18230532,0.17949721,0.17665003,0.17376912,0.17085978,0.16792732,0.16497715,0.16201451,0.15904477,0.15607324,0.15310529,0.15014622,0.14720133,0.144276,0.14137554,0.1385053,0.13567053,0.13287665,0.13012893,0.12743275,0.124928266,0.12274174,0.120857514,0.11925995,0.11793345,0.11686233,0.11603099,0.115423776,0.115025036,0.11481914,0.11479046,0.114923395,0.11520224,0.115611404,0.116135225
0.17954986,0.17934215,0.17916742,0.17903097,0.17893796,0.17889364,0.17890319,0.17897187,0.17910483,0.17930736,0.17958465,0.17994188,0.18038428,0.1809171,0.18154551,0.18227476,0.18311003,0.18407862,0.18519412,0.18644139,0.18780515,0.18927027,0.19082151,0.1924437,0.19412163,0.19584008,0.19758385,0.19933775,0.20108661,0.2028152,0.2045083,0.20615076,0.20772734,0.20922287,0.2106221,0.21190989,0.213071,0.21409027,0.21495241,0.21564236,0.21614476,0.21644454,0.21652646,0.21637529,0.21597587,0.21531293,0.21437137,0.21313593,0.21159142,0.20983255,0.20796762,0.20600192,0.20394057,0.20178883,0.1995519,0.19723503,0.1948434,0.19238225,0.18985672,0.18727215,0.18463366,0.18194652,0.17921588,0.17644703,0.17364514,0.17081545,0.16796312,0.16509345,0.1622116,0.15932278,0.15643224,0.15354519,0.15066677,0.14780234,0.14495699,0.14213598,0.13934453,0.13658781,0.13387114,0.1311996,0.1285785,0.12614396,0.12401846,0.12218684,0.1206339,0.11934443,0.11830322,0.1174951,0.116904825,0.11651722,0.11631706,0.11628921,0.116418414,0.11668948,0.117087215,0.11759642
0.17891257,0.17871016,0.17853995,0.178407,0.1783164,0.17827319,0.17828251,0.1783494,0.17847899,0.1786763,0.17894645,0.17929451,0.17972553,0.18024465,0.18085694,0.18156743,0.18238123,0.18332426,0.18440929,0.18562156,0.18694639,0.18836918,0.18987514,0.19144963,0.19307801,0.19474551,0.1964375,0.19813925,0.19983615,0.20151345,0.2031565,0.20475057,0.20628104,0.20773315,0.20909226,0.21034372,0.21147278,0.21246475,0.213305,0.21397883,0.21447152,0.21476841,0.2148548,0.21471606,0.21433742,0.21370423,0.21280186,0.21161552,0.21013063,0.20843814,0.2066424,0.20474836,0.20276125,0.20068602,0.19852777,0.19629164,0.19398269,0.19160599,0.18916662,0.18666966,0.1841202,0.1815233,0.17888407,0.17620759,0.17349891,0.17076316,0.16800535,0.16523065,0.16244406,0.15965068,0.15685566,0.154064,0.1512808,0.14851116,0.14576016,0.14303288,0.14033435,0.13766971,0.13504405,0.1324624,0.12992987,0.12757777,0.12552431,0.12375475,0.12225442,0.12100862,0.120002665,0.11922191,0.11865164,0.118277155,0.11808381,0.118056886,0.11818172,0.1184436,0.11882785,0.119319804
0.178173,0.17797682,0.1778118,0.17768292,0.1775951,0.17755324,0.17756227,0.17762712,0.17775273,0.17794396,0.17820585,0.17854325,0.1789611,0.17946433,0.18005785,0.1807466,0.18153551,0.18244894,0.1834985,0.18467018,0.18594988,0.1873235,0.18877694,0.1902961,0.19186696,0.19347532,0.19510722,0.1967485,0.19838509,0.20000283,0.20158777,0.20312575,0.20460264,0.20600444,0.20731698,0.20852624,0.20961809,0.21057849,0.21139325,0.21204838,0.2125298,0.21282332,0.21291496,0.21279056,0.21243612,0.21183744,0.2109805,0.2098512,0.20843545,0.20682007,0.20510453,0.20329374,0.20139268,0.19940624,0.19733936,0.19519693,0.1929839,0.1907052,0.18836576,0.18597053,0.18352437,0.1810322,0.17849903,0.17592975,0.17332922,0.17070249,0.16805436,0.16538984,0.16271383,0.16003123,0.15734702,0.15466605,0.15199333,0.14933373,0.14669219,0.14407362,0.14148301,0.13892518,0.13640513,0.13392779,0.13149804,0.12924166,0.12727176,0.12557417,0.1241349,0.12293979,0.121974796,0.12122579,0.12067873,0.120319486,0.12013401,0.12010818,0.12022792,0.120479144,0.12084778,0.12131972
0.17732593,0.17713684,0.17697778,0.17685357,0.1767689,0.17672855,0.17673726,0.17679976,0.17692082,0.17710517,0.17735758,0.17768277,0.1780855,0.17857052,0.17914258,0.17980644,0.1805668,0.18144627,0.18245532,0.18358049,0.18480845,0.18612576,0.18751903,0.18897481,0.19047979,0.19202046,0.1935835,0.19515546,0.19672298,0.19827262,0.19979095,0.20126463,0.20268025,0.20402436,0.20528357,0.2064445,0.20749374,0.20841789,0.20920354,0.20983729,0.21030572,0.21059543,0.21069305,0.21058516,0.21025833,0.20969918,0.20889431,0.20783031,0.20649378,0.20496665,0.20334303,0.20162758,0.19982514,0.19794038,0.19597809,0.193943,0.19183989,0.18967345,0.18744847,0.18516968,0.18284184,0.1804697,0.17805798,0.17561148,0.1731349,0.17063299,0.1681105,0.1655722,0.16302282,0.1604671,0.15790981,0.15535568,0.15280947,0.15027592,0.14775975,0.14526577,0.14279866,0.14036322,0.13796416,0.13560627,0.13329425,0.1311475,0.1292733,0.12765817,0.12628883,0.12515178,0.12423367,0.12352107,0.12300057,0.12265879,0.12248231,0.12245773,0.12257167,0.12281069,0.123161405,0.12361042
0.17647405,0.17629343,0.17614152,0.17602286,0.175942,0.17590345,0.17591177,0.1759715,0.17608711,0.17626317,0.17650427,0.17681491,0.17719957,0.17766283,0.17820929,0.17884333,0.17956962,0.18040887,0.18137044,0.18244162,0.18360983,0.18486238,0.18618661,0.18756987,0.18899961,0.19046299,0.1919475,0.19344042,0.19492917,0.19640099,0.19784328,0.19924349,0.20058878,0.20186666,0.20306435,0.20416932,0.20516883,0.20605025,0.20680095,0.20740822,0.20785952,0.20814209,0.20824331,0.2081506,0.20785122,0.20733249,0.20658186,0.2055866,0.20433411,0.20290115,0.20137599,0.19976315,0.19806722,0.19629264,0.19444402,0.19252588,0.19054276,0.18849912,0.18639964,0.18424872,0.18205094,0.17981085,0.17753294,0.17522185,0.17288195,0.17051792,0.16813421,0.16573541,0.16332604,0.16091062,0.15849365,0.15607971,0.1536734,0.15127909,0.14890143,0.14654498,0.1442142,0.14191364,0.13964783,0.13742134,0.13523868,0.1332123,0.13144316,0.1299186,0.12862603,0.12755273,0.12668608,0.12601346,0.12552214,0.12519951,0.12503293,0.12500975,0.12511729,0.12534289,0.12567396,0.12609781
0.17571712,0.17554669,0.17540337,0.1752914,0.1752151,0.17517874,0.17518659,0.17524292,0.17535204,0.17551816,0.17574565,0.17603876,0.1764017,0.17683882,0.1773544,0.17795269,0.17863797,0.17942944,0.18033558,0.18134445,0.18244426,0.18362315,0.18486921,0.1861706,0.18751551,0.188892,0.1902883,0.19169246,0.1930927,0.19447716,0.19583386,0.19715106,0.1984169,0.19961949,0.20074698,0.2017875,0.20272917,0.20356017,0.20426866,0.20484276,0.20527056,0.20554025,0.20563994,0.20555784,0.20528203,0.20480067,0.2041019,0.20317388,0.2020047,0.2006661,0.1992405,0.19773217,0.1961454,0.19448447,0.19275367,0.19095723,0.1890995,0.18718472,0.18521717,0.18320109,0.18114084,0.17904067,0.17690481,0.17473757,0.17254324,0.17032608,0.16809043,0.16584049,0.16358057,0.1613149,0.15904784,0.15678367,0.15452658,0.1522809,0.15005092,0.14784093,0.14565516,0.1434979,0.14137346,0.13928609,0.13724011,0.1353407,0.13368247,0.1322535,0.13104194,0.13003592,0.1292236,0.12859309,0.12813258,0.12783018,0.12767404,0.12765232,0.12775311,0.12796459,0.1282749,0.12867218
0.17504531,0.17488663,0.17475316,0.17464888,0.17457786,0.17454402,0.17455131,0.17460375,0.17470534,0.17486005,0.17507187,0.17534478,0.17568275,0.1760898,0.17656986,0.17712696,0.17776507,0.17850201,0.17934553,0.18028462,0.1813083,0.18240546,0.18356517,0.18477629,0.18602793,0.1873089,0.18860827,0.18991502,0.19121806,0.1925064,0.19376901,0.19499488,0.19617292,0.1972922,0.19834158,0.19931008,0.20018668,0.20096041,0.20162009,0.20215484,0.20255354,0.20280522,0.20289879,0.20282328,0.20256767,0.20212084,0.20147184,0.20060961,0.19952314,0.19827905,0.19695395,0.19555178,0.19407666,0.1925324,0.19092311,0.18925275,0.18752526,0.18574464,0.18391486,0.18203999,0.18012391,0.17817067,0.17618422,0.17416856,0.17212766,0.1700655,0.16798608,0.1658934,0.16379142,0.16168413,0.15957548,0.15746951,0.15537016,0.15328147,0.15120736,0.14915185,0.14711896,0.14511256,0.14313674,0.14119542,0.13929264,0.13752621,0.1359841,0.13465512,0.1335284,0.13259278,0.13183734,0.13125099,0.13082273,0.13054147,0.13039629,0.13037606,0.13046981,0.13066648,0.13095507,0.13132451
0.17444879,0.17430322,0.17418076,0.17408508,0.17401993,0.17398885,0.17399554,0.1740437,0.17413689,0.17427883,0.1744732,0.17472357,0.17503367,0.1754071,0.17584758,0.17635871,0.17694417,0.17762053,0.17839514,0.17925787,0.18019852,0.18120694,0.182273,0.18338646,0.18453722,0.18571506,0.18690985,0.18811141,0.18930963,0.1904942,0.19165516,0.19278218,0.19386512,0.19489393,0.19585828,0.19674812,0.19755325,0.19826348,0.19886869,0.19935866,0.19972332,0.19995236,0.20003577,0.19996327,0.19972475,0.19931002,0.19870892,0.19791132,0.19690698,0.19575755,0.19453375,0.19323936,0.19187789,0.1904531,0.18896861,0.18742803,0.18583512,0.18419342,0.18250665,0.18077846,0.1790125,0.1772124,0.17538187,0.17352453,0.17164402,0.16974407,0.16782822,0.16590019,0.16396363,0.16202225,0.1600796,0.15813941,0.1562053,0.15428089,0.15236995,0.15047604,0.14860286,0.14675407,0.14493327,0.14314415,0.14139038,0.13976222,0.13834074,0.13711582,0.13607723,0.13521488,0.13451858,0.13397808,0.13358337,0.13332415,0.13319027,0.13317168,0.13325806,0.13343933,0.13370532,0.13404588
0.17391777,0.17378648,0.17367603,0.17358972,0.17353095,0.1735029,0.173509,0.17355238,0.17363645,0.17376447,0.17393978,0.1741656,0.17444529,0.17478211,0.17517939,0.1756404,0.17616844,0.17677902,0.17747927,0.17825985,0.17911154,0.18002504,0.18099114,0.18200046,0.18304384,0.18411188,0.18519545,0.18628514,0.18737178,0.18844602,0.18949866,0.19052035,0.19150187,0.19243397,0.1933073,0.19411263,0.19484067,0.19548216,0.19602783,0.19646837,0.19679458,0.19699712,0.19706675,0.19699416,0.1967701,0.19638534,0.19583052,0.19509643,0.19417377,0.1931191,0.19199745,0.19081199,0.18956614,0.18826312,0.18690626,0.18549885,0.18404415,0.18254554,0.18100625,0.1794296,0.17781888,0.17617738,0.17450842,0.17281526,0.17110124,0.16936965,0.16762376,0.16586688,0.16410229,0.16233331,0.16056328,0.15879534,0.15703301,0.15527941,0.15353791,0.15181181,0.15010436,0.14841893,0.14675875,0.14512718,0.14352742,0.14204212,0.14074533,0.13962783,0.1386804,0.13789369,0.13725844,0.13676542,0.13640527,0.13616878,0.1360467,0.13602969,0.13610852,0.1362739,0.13651657,0.13682722
0.17344241,0.17332634,0.17322877,0.17315255,0.17310058,0.17307582,0.17308116,0.17311952,0.17319381,0.17330696,0.17346181,0.1736614,0.17390853,0.17420618,0.1745572,0.17496453,0.17543115,0.17597151,0.17659268,0.1772863,0.17804393,0.17885728,0.17971799,0.18061781,0.18154813,0.18250081,0.1834674,0.18443955,0.18540898,0.1863672,0.18730594,0.18821684,0.18909147,0.18992159,0.19069874,0.19141465,0.19206086,0.19262908,0.19311093,0.19349809,0.19378214,0.19395477,0.19400764,0.19393232,0.1937205,0.19336385,0.19285393,0.19218244,0.19134106,0.19038127,0.18936233,0.18828702,0.1871583,0.18597907,0.18475227,0.18348083,0.18216757,0.18081555,0.17942752,0.17800651,0.17655542,0.17507711,0.17357452,0.1720506,0.17050819,0.16895027,0.16737972,0.16579947,0.16421242,0.16262147,0.16102953,0.15943955,0.15785442,0.15627709,0.15471044,0.15315737,0.15162079,0.15010364,0.14860883,0.14713927,0.14569788,0.14435926,0.14319064,0.14218354,0.14132972,0.14062068,0.14004819,0.13960385,0.13927929,0.13906619,0.13895614,0.13894083,0.13901187,0.1391609,0.13937959,0.13965955
0.17301285,0.17291293,0.17282891,0.17276324,0.17271852,0.17269716,0.17270179,0.17273481,0.17279877,0.1728962,0.1730296,0.17320144,0.17341426,0.17367058,0.17397287,0.17432368,0.17472549,0.17519197,0.17573023,0.17633277,0.17699222,0.17770115,0.17845215,0.17923777,0.18005057,0.18088318,0.1817282,0.18257812,0.18342559,0.18426314,0.1850834,0.18587892,0.18664226,0.18736604,0.1880428,0.18866512,0.18922564,0.18971688,0.19013144,0.19046187,0.1907008,0.19084074,0.19087432,0.19079414,0.19059269,0.19026263,0.18979652,0.1891869,0.1884264,0.18756162,0.18664588,0.18568158,0.18467128,0.18361756,0.18252282,0.18138963,0.18022045,0.17901787,0.17778431,0.17652233,0.1752344,0.1739231,0.17259088,0.17124026,0.16987376,0.16849384,0.1671031,0.16570395,0.16429897,0.16289067,0.16148151,0.16007403,0.15867072,0.15727411,0.1558867,0.15451097,0.15314949,0.15180472,0.15047918,0.14917538,0.14789586,0.14670718,0.14566943,0.14477517,0.14401692,0.14338738,0.142879,0.14248444,0.14219624,0.14200701,0.14190927,0.14189568,0.14195876,0.1420911,0.1422853,0.14253393
0.17261936,0.17253615,0.17246623,0.17241158,0.17237438,0.17235662,0.17236045,0.17238793,0.17244118,0.17252225,0.17263326,0.17277627,0.17295341,0.17316672,0.17341834,0.17371027,0.1740447,0.17443444,0.17488678,0.17539513,0.17595306,0.1765542,0.17719193,0.17785987,0.17855154,0.17926046,0.17998017,0.18070419,0.18142603,0.18213928,0.1828374,0.183514,0.18416253,0.18477654,0.18534963,0.18587525,0.18634695,0.18675826,0.18710276,0.18737388,0.18756527,0.18767036,0.18768273,0.1875959,0.18740344,0.18709879,0.18667556,0.18612722,0.18544738,0.18467765,0.18386552,0.18301298,0.18212219,0.18119517,0.18023406,0.17924093,0.17821789,0.17716701,0.1760904,0.17499009,0.17386821,0.17272687,0.17156811,0.17039405,0.16920674,0.16800833,0.16680084,0.1655864,0.16436712,0.163145,0.16192225,0.16070084,0.15948291,0.1582706,0.1570659,0.15587093,0.15468784,0.15351863,0.15236546,0.15123035,0.15011545,0.14907923,0.1481746,0.14739504,0.14673407,0.14618523,0.14574209,0.14539813,0.14514689,0.14498192,0.14489675,0.14488485,0.14493988,0.14505523,0.14522454,0.14544125
0.17225198,0.17218609,0.17213066,0.17208733,0.17205779,0.17204373,0.1720468,0.17206854,0.17211077,0.17217506,0.17226304,0.17237644,0.17251684,0.17268597,0.1728854,0.17311683,0.17338195,0.1736929,0.17405707,0.17446895,0.174923,0.17541382,0.17593582,0.1764835,0.17705141,0.17763399,0.17822574,0.17882118,0.17941473,0.18000099,0.18057437,0.18112943,0.18166058,0.1821624,0.18262935,0.18305591,0.18343659,0.18376587,0.18403828,0.18424827,0.18439034,0.18445903,0.18444876,0.1843541,0.18416947,0.1838894,0.1835084,0.18302095,0.18242155,0.18174693,0.18103871,0.18029842,0.17952779,0.1787285,0.17790219,0.17705044,0.17617503,0.17527753,0.17435959,0.17342293,0.17246914,0.17149992,0.17051691,0.16952176,0.1685161,0.16750161,0.16647999,0.16545284,0.1644218,0.16338858,0.1623548,0.16132213,0.16029218,0.15926668,0.15824725,0.15723555,0.15623322,0.15524189,0.1542633,0.15329902,0.15235075,0.15146886,0.15069893,0.15003543,0.1494729,0.14900579,0.14862864,0.14833587,0.14812209,0.14798167,0.14790916,0.14789905,0.14794587,0.14804405,0.14818813,0.14837259
0.17190105,0.17185263,0.17181192,0.17178017,0.17175847,0.17174816,0.17175038,0.17176642,0.17179738,0.17184454,0.17190917,0.17199239,0.17209545,0.1722196,0.17236602,0.17253594,0.17273054,0.17296135,0.173236,0.17354992,0.17389868,0.17427763,0.17468232,0.17510816,0.17555064,0.17600521,0.17646731,0.17693245,0.17739612,0.1778537,0.17830068,0.17873256,0.17914481,0.17953283,0.17989215,0.1802182,0.18050644,0.18075243,0.18095146,0.18109912,0.18119083,0.18122207,0.18118829,0.18108498,0.18090756,0.18065155,0.18031238,0.17988552,0.17936644,0.178787,0.17818281,0.17755511,0.1769052,0.17623419,0.17554332,0.17483388,0.17410697,0.1733639,0.1726058,0.17183395,0.17104957,0.17025377,0.16944793,0.16863312,0.16781068,0.16698171,0.16614747,0.1653092,0.1644681,0.16362537,0.16278222,0.1619399,0.1610996,0.16026254,0.15942992,0.158603,0.15778294,0.156971,0.15616837,0.15537627,0.15459591,0.15386946,0.15323523,0.15268868,0.1522253,0.15184051,0.15152983,0.15128869,0.15111256,0.15099691,0.15093717,0.15092885,0.15096743,0.15104829,0.15116698,0.15131894
0.17155659,0.17152587,0.17150004,0.17147982,0.17146607,0.17145951,0.17146093,0.17147106,0.17149074,0.17152075,0.17156176,0.17161468,0.17168015,0.17175904,0.17185204,0.17195998,0.17208363,0.1722338,0.17241839,0.17263387,0.17287661,0.17314313,0.17342982,0.17373316,0.17404957,0.17437544,0.17470731,0.17504148,0.17537451,0.1757028,0.17602274,0.17633082,0.17662345,0.17689711,0.1771482,0.17737314,0.17756844,0.17773046,0.17785569,0.17794052,0.17798145,0.17797488,0.1779172,0.17780496,0.17763448,0.17740232,0.17710479,0.17673843,0.17629963,0.17581533,0.1753153,0.17480041,0.17427127,0.17372884,0.17317371,0.17260683,0.17202882,0.17144056,0.17084278,0.17023623,0.16962172,0.169,0.16837183,0.167738,0.1670993,0.16645649,0.1658103,0.16516158,0.16451102,0.16385944,0.16320762,0.1625563,0.16190627,0.16125828,0.16061315,0.15997162,0.15933448,0.15870245,0.15807635,0.15745693,0.15684499,0.15627444,0.1557763,0.15534706,0.1549831,0.15468094,0.1544369,0.15424752,0.15410918,0.15401834,0.15397145,0.15396492,0.15399519,0.15405872,0.15415193,0.15427125
0.17120896,0.17119579,0.17118472,0.17117609,0.17117018,0.17116737,0.17116797,0.17117235,0.17118077,0.17119357,0.17121117,0.17123377,0.17126183,0.17129555,0.17133537,0.17138156,0.17143449,0.17150424,0.17159905,0.1717163,0.17185341,0.1720078,0.17217682,0.172358,0.17254862,0.17274621,0.17294806,0.17315163,0.1733544,0.17355368,0.1737469,0.17393151,0.17410491,0.17426448,0.17440762,0.1745318,0.17463431,0.17471275,0.17476435,0.17478664,0.17477697,0.17473274,0.17465143,0.17453039,0.17436703,0.17415874,0.173903,0.17359717,0.17323865,0.1728495,0.1724536,0.17205134,0.17164303,0.17122896,0.17080949,0.17038502,0.16995573,0.16952208,0.16908434,0.16864286,0.16819799,0.16775005,0.16729929,0.16684616,0.16639091,0.1659339,0.16547547,0.16501597,0.16455561,0.1640949,0.16363402,0.16317338,0.16271332,0.16225411,0.16179612,0.16133969,0.16088513,0.16043273,0.15998287,0.15953588,0.1590921,0.15867722,0.158315,0.15800288,0.15773825,0.15751848,0.15734105,0.15720333,0.15710273,0.15703668,0.15700258,0.15699784,0.15701985,0.15706608,0.1571338,0.15722062
0.17084816,0.17085236,0.1708559,0.1708586,0.17086053,0.17086144,0.17086123,0.17085984,0.17085715,0.17085308,0.17084746,0.17084025,0.17083131,0.17082055,0.17080785,0.17079313,0.17077628,0.17076668,0.1707728,0.17079301,0.17082565,0.1708691,0.1709218,0.17098206,0.17104827,0.17111877,0.17119202,0.17126639,0.17134015,0.1714118,0.1714796,0.17154203,0.17159742,0.17164414,0.17168058,0.17170508,0.17171611,0.17171194,0.17169094,0.17165162,0.1715922,0.17151117,0.17140687,0.17127763,0.17112187,0.17093799,0.1707243,0.17047922,0.17020112,0.16990708,0.16961516,0.1693253,0.16903737,0.16875122,0.16846687,0.16818407,0.1679028,0.16762292,0.16734433,0.16706699,0.16679071,0.1665154,0.16624096,0.16596733,0.16569436,0.16542192,0.16514996,0.16487834,0.16460699,0.16433576,0.16406456,0.16379328,0.16352183,0.1632501,0.16297801,0.1627054,0.16243224,0.16215831,0.16188361,0.161608,0.16133136,0.16107124,0.16084412,0.1606484,0.16048251,0.1603447,0.16023347,0.16014709,0.16008404,0.16004261,0.16002125,0.16001828,0.16003208,0.16006102,0.16010353,0.16015792
0.17046449,0.17048557,0.17050338,0.17051725,0.17052671,0.17053123,0.17053027,0.17052329,0.17050973,0.17048913,0.17046094,0.1704246,0.17037958,0.17032537,0.17026144,0.17018719,0.17010225,0.17001514,0.1699345,0.16985963,0.1697899,0.16972463,0.16966313,0.16960475,0.16954881,0.16949464,0.16944163,0.16938905,0.1693362,0.16928248,0.16922723,0.16916975,0.16910937,0.16904539,0.16897723,0.16890417,0.16882552,0.16874065,0.16864887,0.16854951,0.1684419,0.16832544,0.16819936,0.16806307,0.16791584,0.16775705,0.16758603,0.16740206,0.16720453,0.16700558,0.16681737,0.16663943,0.16647124,0.16631225,0.16616191,0.16601974,0.16588512,0.1657576,0.16563663,0.16552168,0.16541219,0.16530763,0.16520755,0.16511133,0.16501848,0.16492847,0.16484073,0.16475476,0.16467005,0.16458604,0.16450222,0.16441801,0.16433291,0.16424644,0.16415802,0.1640671,0.1639732,0.16387576,0.1637742,0.16366808,0.16355684,0.16344987,0.16335645,0.16327599,0.16320775,0.16315109,0.16310534,0.16306983,0.16304389,0.16302685,0.16301806,0.16301684,0.1630225,0.16303442,0.16305192,0.16307428
0.17004801,0.1700855,0.17011702,0.17014167,0.17015846,0.17016645,0.17016467,0.17015232,0.17012832,0.17009178,0.17004173,0.16997729,0.16989747,0.16980134,0.16968794,0.16955633,0.16940562,0.16924362,0.16907898,0.16891192,0.16874276,0.16857184,0.1683993,0.16822551,0.16805072,0.16787517,0.16769919,0.16752303,0.16734692,0.16717124,0.16699615,0.166822,0.16664901,0.16647752,0.16630775,0.16613999,0.16597451,0.16581157,0.16565146,0.16549447,0.16534084,0.1651909,0.16504487,0.16490304,0.16476569,0.1646331,0.1645055,0.1643832,0.1642665,0.1641625,0.16407771,0.16401106,0.16396166,0.1639286,0.1639109,0.16390763,0.16391784,0.16394061,0.16397499,0.16401999,0.16407475,0.16413829,0.16420966,0.16428795,0.16437219,0.16446145,0.16455479,0.16465126,0.1647499,0.16484986,0.16495006,0.16504969,0.16514774,0.16524328,0.16533536,0.16542305,0.16550541,0.16558148,0.16565034,0.16571106,0.16576268,0.16580655,0.16584487,0.1658779,0.16590588,0.16592911,0.16594787,0.16596246,0.1659731,0.16598007,0.16598368,0.16598418,0.16598186,0.16597697,0.16596977,0.16596062
0.16958901,0.16964208,0.16968669,0.16972157,0.16974533,0.16975662,0.16975419,0.16973667,0.1697027,0.16965096,0.16958015,0.16948889,0.1693759,0.16923979,0.16907927,0.16889298,0.16867964,0.16844608,0.16820097,0.16794552,0.16768083,0.16740821,0.16712877,0.16684376,0.16655436,0.16626178,0.16596717,0.16567177,0.1653768,0.16508342,0.16479278,0.16450618,0.16422474,0.16394974,0.16368225,0.16342358,0.1631749,0.16293737,0.16271223,0.16250062,0.1623038,0.16212296,0.16195928,0.16181391,0.16168815,0.16158311,0.16150004,0.1614401,0.1614045,0.16139548,0.16141352,0.16145734,0.16152555,0.1616169,0.16172998,0.16186346,0.16201606,0.16218643,0.1623732,0.1625751,0.16279073,0.16301884,0.16325802,0.16350697,0.16376433,0.16402885,0.1642991,0.1645738,0.1648516,0.16513121,0.16541125,0.16569039,0.16596732,0.1662407,0.1665092,0.16677146,0.16702619,0.16727203,0.16750768,0.16773176,0.16794297,0.16813472,0.16830213,0.1684464,0.16856873,0.1686703,0.1687523,0.16881593,0.16886242,0.16889298,0.16890872,0.16891095,0.16890074,0.1688794,0.16884807,0.16880797
0.16907763,0.16914532,0.16920228,0.16924673,0.16927704,0.16929148,0.16928835,0.16926599,0.16922265,0.16915669,0.16906631,0.16894989,0.16880573,0.16863212,0.16842732,0.16818967,0.16791749,0.16761662,0.16729543,0.16695614,0.16660069,0.1662313,0.16585004,0.16545896,0.16506016,0.1646558,0.16424794,0.1638387,0.16343014,0.1630244,0.16262352,0.16222966,0.16184488,0.16147126,0.16111098,0.16076605,0.16043857,0.16013071,0.15984453,0.15958211,0.15934554,0.15913697,0.15895845,0.1588121,0.15870002,0.15862429,0.15858698,0.15859024,0.15863618,0.15872197,0.1588423,0.15899554,0.1591799,0.15939371,0.15963529,0.15990293,0.16019492,0.16050956,0.16084516,0.16120005,0.16157247,0.16196077,0.16236323,0.16277814,0.16320385,0.16363859,0.1640807,0.16452846,0.16498019,0.16543421,0.1658888,0.16634224,0.16679282,0.16723892,0.16767876,0.16811067,0.16853297,0.16894393,0.16934185,0.16972502,0.17009181,0.17042777,0.17072108,0.17097385,0.17118816,0.1713661,0.17150977,0.17162131,0.17170276,0.17175622,0.17178386,0.17178771,0.17176989,0.17173247,0.17167757,0.1716073
0.16850403,0.16858527,0.16865355,0.16870686,0.16874322,0.16876058,0.16875681,0.16873002,0.168678,0.16859885,0.16849045,0.16835079,0.16817787,0.16796961,0.16772394,0.16743886,0.16711237,0.16674912,0.16635711,0.16593939,0.16549891,0.16503857,0.16456144,0.16407043,0.16356854,0.16305873,0.16254395,0.16202718,0.1615114,0.16099963,0.16049473,0.15999977,0.15951768,0.15905145,0.15860398,0.15817833,0.15777741,0.15740427,0.15706182,0.15675299,0.15648085,0.1562483,0.15605833,0.15591389,0.155818,0.15577361,0.15578364,0.15585113,0.15597905,0.15615955,0.15638149,0.15664284,0.1569416,0.15727563,0.157643,0.15804164,0.1584695,0.1589245,0.15940467,0.15990795,0.16043226,0.16097565,0.16153601,0.16211131,0.1626995,0.16329859,0.16390648,0.16452123,0.16514067,0.16576286,0.16638575,0.16700725,0.16762535,0.16823804,0.16884324,0.16943891,0.17002305,0.17059362,0.17114852,0.17168576,0.1722033,0.17267911,0.17309453,0.17345251,0.173756,0.17400801,0.17421152,0.17436947,0.17448483,0.1745606,0.1745997,0.17460516,0.1745799,0.17452694,0.17444919,0.17434968
0.16785844,0.16795182,0.16803038,0.16809174,0.16813359,0.16815352,0.16814922,0.16811834,0.16805853,0.16796748,0.1678428,0.16768217,0.16748324,0.16724363,0.16696106,0.16663314,0.16625756,0.16583766,0.16538087,0.16489106,0.16437204,0.1638276,0.16326153,0.16267769,0.16207987,0.16147186,0.16085753,0.16024064,0.15962501,0.15901448,0.15841283,0.15782392,0.15725149,0.1566994,0.15617147,0.1556715,0.1552033,0.1547707,0.15437746,0.15402745,0.15372445,0.15347227,0.15327474,0.15313569,0.15305889,0.15304819,0.15310737,0.15324025,0.15345067,0.1537257,0.15404847,0.15441652,0.1548276,0.15527935,0.15576933,0.15629534,0.15685493,0.15744577,0.15806554,0.15871191,0.15938249,0.16007496,0.16078697,0.16151622,0.16226025,0.16301681,0.16378354,0.16455808,0.16533811,0.16612127,0.16690518,0.16768754,0.168466,0.16923822,0.17000179,0.17075446,0.17149381,0.17221758,0.17292334,0.17360878,0.17427155,0.17488217,0.17541526,0.17587467,0.17626417,0.17658761,0.17684872,0.17705144,0.17719948,0.1772967,0.17734692,0.17735389,0.1773215,0.1772535,0.17715375,0.17702603
0.16713099,0.1672351,0.16732271,0.16739108,0.1674377,0.16745995,0.16745515,0.16742073,0.16735403,0.16725253,0.16711354,0.16693445,0.16671269,0.16644558,0.16613054,0.16576497,0.16534625,0.16487621,0.16436152,0.16380684,0.16321672,0.16259582,0.16194876,0.16128011,0.16059457,0.15989667,0.15919109,0.15848246,0.15777531,0.1570744,0.15638423,0.15570943,0.15505469,0.15442453,0.15382364,0.15325661,0.15272808,0.15224265,0.15180494,0.15141957,0.15109117,0.1508243,0.1506237,0.15049385,0.15043947,0.15046512,0.15057544,0.15077509,0.1510686,0.15143806,0.15186067,0.15233384,0.15285493,0.15342134,0.15403047,0.15467964,0.15536632,0.15608785,0.15684158,0.15762502,0.15843539,0.15927021,0.16012682,0.16100258,0.16189492,0.16280118,0.16371879,0.16464508,0.1655775,0.16651343,0.16745017,0.1683852,0.16931589,0.17023957,0.1711537,0.17205562,0.17294271,0.17381236,0.174662,0.17548898,0.17629068,0.17703035,0.17767616,0.17823265,0.17870449,0.17909631,0.17941265,0.17965817,0.1798375,0.1799553,0.18001609,0.18002456,0.1799853,0.17990296,0.17978211,0.17962739
0.16631186,0.16642503,0.16652025,0.16659464,0.16664526,0.16666944,0.16666424,0.1666268,0.16655436,0.16644396,0.16629288,0.1660982,0.16585709,0.16556674,0.16522428,0.16482687,0.16437167,0.16385882,0.16329388,0.16268235,0.16202947,0.16134074,0.16062151,0.1598771,0.15911302,0.15833454,0.15754712,0.15675609,0.15596682,0.15518478,0.15441526,0.1536637,0.15293549,0.15223595,0.15157057,0.15094465,0.15036356,0.1498328,0.14935766,0.14894347,0.14859572,0.14831977,0.148121,0.14800477,0.14797647,0.14804152,0.14820524,0.14847307,0.1488504,0.14931408,0.14983554,0.15041198,0.1510405,0.1517183,0.15244251,0.15321027,0.1540188,0.1548652,0.1557467,0.15666038,0.15760341,0.15857297,0.15956624,0.16058032,0.16161242,0.16265963,0.16371922,0.16478826,0.16586395,0.16694342,0.16802382,0.16910233,0.1701761,0.17124231,0.17229807,0.17334057,0.174367,0.17537448,0.17636012,0.17732118,0.17825475,0.1791171,0.17986996,0.18051876,0.18106884,0.1815256,0.1818944,0.18218066,0.18238972,0.18252704,0.18259795,0.18260778,0.18256202,0.18246602,0.18232515,0.18214476
0.16539122,0.16551162,0.1656129,0.16569206,0.16574596,0.1657717,0.16576615,0.16572633,0.16564922,0.16553181,0.16537105,0.16516393,0.16490738,0.16459848,0.16423413,0.16381131,0.16332704,0.16277945,0.16217282,0.16151328,0.16080697,0.16005993,0.1592783,0.15846819,0.15763566,0.15678687,0.1559279,0.15506487,0.15420383,0.15335101,0.15251237,0.15169409,0.15090232,0.15014304,0.14942247,0.14874665,0.14812173,0.14755379,0.14704894,0.1466133,0.14625293,0.14597398,0.14578259,0.14568475,0.14568664,0.14579436,0.14601405,0.14635175,0.14681363,0.14737135,0.14799055,0.14866817,0.14940128,0.15018678,0.15102166,0.1519029,0.15282749,0.15379241,0.15479459,0.15583107,0.15689877,0.15799473,0.15911584,0.16025916,0.16142158,0.16260016,0.16379184,0.16499361,0.16620241,0.16741528,0.16862912,0.16984098,0.17104776,0.1722465,0.17343417,0.1746077,0.17576408,0.17690033,0.17801343,0.17910026,0.1801579,0.18113579,0.18198958,0.18272527,0.18334904,0.183867,0.18428524,0.18460985,0.18484694,0.18500264,0.18508303,0.18509424,0.18504229,0.18493345,0.1847737,0.18456914
0.16435926,0.16448492,0.16459063,0.16467315,0.16472945,0.16475625,0.16475049,0.16470891,0.16462848,0.16450596,0.16433822,0.16412212,0.16385448,0.16353218,0.16315201,0.16271086,0.16220553,0.16163208,0.16099314,0.1602954,0.15954573,0.15875086,0.15791757,0.15705267,0.15616289,0.15525503,0.1543359,0.15341222,0.15249084,0.15157846,0.15068193,0.14980797,0.14896339,0.14815494,0.14738944,0.14667366,0.14601436,0.14541833,0.14489233,0.14444312,0.14407754,0.14380233,0.14362428,0.14355019,0.14358677,0.14374088,0.1440192,0.1444286,0.14497584,0.14562732,0.14634305,0.1471197,0.1479542,0.1488434,0.1497841,0.15077321,0.15180752,0.1528839,0.15399918,0.15515019,0.15633385,0.15754695,0.15878631,0.16004881,0.16133131,0.16263062,0.16394363,0.16526712,0.16659799,0.16793308,0.1692692,0.17060322,0.17193197,0.17325231,0.17456111,0.17585517,0.17713135,0.17838652,0.17961746,0.18082109,0.18199423,0.18307984,0.18402773,0.1848445,0.185537,0.18611202,0.18657634,0.18693674,0.18719995,0.1873728,0.18746202,0.18747446,0.18741687,0.18729594,0.1871186,0.18689153
0.1632062,0.16333489,0.16344313,0.16352768,0.1635853,0.16361275,0.16360682,0.1635643,0.16348189,0.16335644,0.16318466,0.16296332,0.16268921,0.16235912,0.16196977,0.16151796,0.16100045,0.1604108,0.15974963,0.15902433,0.15824233,0.15741102,0.15653774,0.15562999,0.15469508,0.15374047,0.15277351,0.15180162,0.15083219,0.14987265,0.14893033,0.14801271,0.14712712,0.14628099,0.14548175,0.14473672,0.14405334,0.14343901,0.14290118,0.14244713,0.14208435,0.14182018,0.14166209,0.14161742,0.14169362,0.14189802,0.14223804,0.14272112,0.1433546,0.14409968,0.14491045,0.14578375,0.14671624,0.14770474,0.14874598,0.14983681,0.15097393,0.15215418,0.15337422,0.15463088,0.15592097,0.15724118,0.15858833,0.15995917,0.16135047,0.162759,0.16418155,0.16561486,0.1670557,0.16850086,0.16994712,0.17139116,0.17282987,0.17425993,0.17567818,0.1770813,0.17846616,0.1798295,0.18116802,0.18247855,0.18375784,0.18494272,0.18597724,0.18686873,0.18762453,0.18825214,0.18875891,0.18915223,0.18943952,0.1896282,0.1897256,0.18973915,0.18967627,0.18954432,0.18935074,0.18910292
0.16192214,0.16205154,0.16216032,0.16224532,0.16230325,0.16233084,0.16232488,0.16228214,0.1621993,0.16207318,0.16190052,0.16167802,0.16140246,0.1610707,0.16067931,0.16022512,0.15970497,0.15910952,0.15843718,0.15769579,0.15689336,0.1560379,0.15513733,0.15419959,0.15323266,0.15224454,0.1512431,0.15023638,0.14923233,0.14823884,0.147264,0.14631563,0.14540179,0.1445304,0.14370942,0.14294684,0.14225057,0.14162858,0.14108887,0.14063941,0.14028808,0.14004296,0.13991189,0.13990287,0.1400239,0.14028294,0.14068787,0.1412467,0.14196745,0.14280586,0.1437103,0.14467756,0.14570431,0.1467874,0.14792353,0.14910948,0.15034197,0.15161774,0.15293357,0.15428624,0.15567243,0.15708897,0.15853254,0.15999998,0.16148795,0.16299324,0.16451262,0.16604283,0.16758059,0.16912271,0.17066588,0.1722069,0.1737425,0.1752695,0.17678455,0.1782844,0.17976587,0.18122572,0.18266065,0.18406741,0.1854428,0.18671784,0.187831,0.18879025,0.18960352,0.19027887,0.19082418,0.19124742,0.19155654,0.19175953,0.19186434,0.19187893,0.19181128,0.19166932,0.19146101,0.19119434
0.16049734,0.16062485,0.16073205,0.16081582,0.16087289,0.1609001,0.16089422,0.1608521,0.16077048,0.16064617,0.16047598,0.16025674,0.15998523,0.15965821,0.15927252,0.15882494,0.15831229,0.15772231,0.15705054,0.15630545,0.15549546,0.15462905,0.15371475,0.1527609,0.15177606,0.15076865,0.14974712,0.14871997,0.14769563,0.14668258,0.14568926,0.14472415,0.1437957,0.1429124,0.14208268,0.14131501,0.14061783,0.13999966,0.13946892,0.13903406,0.13870357,0.13848591,0.13838951,0.13842288,0.13859443,0.13891266,0.13938604,0.14002296,0.14083196,0.14176342,0.14275993,0.14381836,0.14493544,0.14610803,0.14733289,0.1486068,0.14992662,0.15128909,0.15269107,0.15412931,0.15560062,0.1571018,0.15862964,0.16018097,0.1617526,0.16334124,0.16494377,0.166557,0.16817766,0.16980262,0.17142864,0.17305249,0.17467108,0.17628106,0.17787933,0.17946267,0.18102787,0.18257175,0.18409106,0.18558264,0.18704328,0.18839854,0.18958174,0.19060136,0.19146584,0.19218366,0.19276328,0.19321316,0.19354177,0.19375752,0.19386894,0.19388445,0.1938125,0.19366162,0.1934402,0.19315673
0.15892194,0.15904485,0.15914819,0.15922892,0.15928395,0.15931015,0.1593045,0.15926388,0.15918522,0.15906541,0.15890133,0.15869002,0.15842828,0.15811305,0.15774128,0.15730983,0.15681566,0.15624315,0.15558463,0.15484898,0.15404515,0.15318197,0.15226841,0.15131336,0.15032564,0.1493142,0.14828794,0.14725576,0.14622654,0.14520918,0.14421257,0.14324564,0.14231722,0.14143628,0.14061168,0.13985232,0.13916712,0.13856493,0.13805467,0.13764526,0.13734555,0.13716447,0.13711093,0.13719377,0.13742194,0.13780431,0.13834982,0.13906728,0.13996568,0.14098988,0.1420768,0.14322339,0.14442652,0.14568315,0.1469902,0.14834452,0.14974307,0.15118276,0.1526605,0.15417321,0.15571779,0.15729119,0.15889026,0.160512,0.16215326,0.163811,0.16548206,0.16716343,0.16885202,0.1705447,0.17223841,0.17393005,0.17561656,0.17729488,0.17896184,0.18061441,0.1822495,0.18386401,0.1854549,0.187019,0.18855333,0.18997829,0.19122232,0.19229437,0.19320332,0.19395804,0.19456747,0.1950405,0.19538595,0.19561282,0.19573,0.19574629,0.19567068,0.19551201,0.1952792,0.19498117
0.15718609,0.15730149,0.15739854,0.15747437,0.15752603,0.15755065,0.15754531,0.15750718,0.15743332,0.15732078,0.1571668,0.15696833,0.15672255,0.15642656,0.15607746,0.15567233,0.15520832,0.15466602,0.1540342,0.15332213,0.15253901,0.15169416,0.15079686,0.14985631,0.14888181,0.14788263,0.14686795,0.14584714,0.14482944,0.14382409,0.14284028,0.1418874,0.14097464,0.14011127,0.13930658,0.13856979,0.13791019,0.13733703,0.13685957,0.13648705,0.1362288,0.13609399,0.13609199,0.13623196,0.1365232,0.13697498,0.13759658,0.13839722,0.13938618,0.14050281,0.14167836,0.1429099,0.14419456,0.14552945,0.14691167,0.14833826,0.14980642,0.1513132,0.1528557,0.15443103,0.15603633,0.15766868,0.15932512,0.1610028,0.16269886,0.16441038,0.16613442,0.16786814,0.16960862,0.17135297,0.17309828,0.17484163,0.17658019,0.178311,0.18003121,0.18173788,0.18342814,0.1850991,0.18674782,0.18837145,0.18996708,0.19145049,0.19274557,0.19386159,0.19480781,0.19559352,0.19622794,0.19672033,0.19708,0.19731617,0.19743812,0.19745511,0.19737637,0.19721124,0.19696885,0.19665861
0.15528002,0.15538485,0.15547302,0.15554182,0.1555888,0.15561116,0.15560631,0.15557168,0.15550455,0.15540238,0.15526247,0.1550822,0.15485893,0.15459006,0.15427294,0.15390496,0.15348345,0.15298495,0.15239415,0.15172051,0.15097366,0.15016313,0.14929849,0.14838925,0.14744498,0.14647524,0.14548959,0.14449759,0.14350875,0.14253265,0.14157885,0.14065686,0.13977627,0.13894667,0.13817751,0.13747841,0.13685896,0.13632862,0.13589698,0.13557364,0.13536805,0.13528988,0.1353486,0.13555376,0.13591497,0.13644174,0.13714363,0.13803022,0.13911103,0.14031975,0.141582,0.1428951,0.14425647,0.14566344,0.14711343,0.14860377,0.15013179,0.15169492,0.15329051,0.15491591,0.15656851,0.15824568,0.1599448,0.1616632,0.16339825,0.16514738,0.16690788,0.16867717,0.17045258,0.17223151,0.17401129,0.17578936,0.177563,0.17932966,0.18108664,0.18283136,0.18456118,0.18627343,0.1879655,0.18963477,0.1912786,0.19280855,0.19414426,0.1952953,0.1962712,0.19708154,0.19773588,0.19824377,0.19861469,0.19885826,0.19898404,0.19900155,0.19892035,0.19875,0.19850007,0.19818008
0.15319385,0.15328486,0.1533614,0.15342118,0.15346192,0.15348133,0.15347713,0.15344708,0.15338881,0.1533001,0.15317863,0.15302216,0.15282834,0.15259492,0.15231965,0.15200019,0.15163429,0.15119395,0.15065922,0.15003987,0.14934568,0.14858639,0.14777176,0.14691156,0.14601557,0.14509355,0.14415525,0.14321043,0.14226888,0.14134033,0.14043456,0.13956136,0.13873047,0.13795166,0.13723464,0.13658927,0.13602528,0.13555238,0.13518038,0.13491908,0.13477814,0.13476741,0.13489664,0.13517559,0.13561401,0.13622166,0.13700835,0.13798375,0.13915774,0.14045821,0.14180514,0.14319624,0.14462925,0.1461018,0.14761168,0.14915663,0.15073429,0.15234244,0.15397874,0.1556409,0.15732674,0.15903386,0.16076002,0.16250293,0.16426031,0.1660299,0.16780934,0.16959643,0.17138886,0.17318432,0.17498055,0.17677523,0.17856613,0.18035093,0.18212737,0.18389313,0.18564594,0.1873835,0.1891036,0.19080386,0.19248205,0.19404589,0.19541124,0.1965878,0.19758536,0.19841366,0.1990825,0.1996016,0.1999808,0.20022975,0.20035833,0.20037621,0.20029324,0.20011911,0.19986361,0.19953652
0.15091781,0.15099156,0.15105358,0.15110199,0.15113501,0.15115076,0.15114737,0.151123,0.1510758,0.1510039,0.15090548,0.15077868,0.15062162,0.15043248,0.15020941,0.14995055,0.14965405,0.149287,0.14882432,0.14827588,0.1476516,0.14696142,0.14621513,0.14542268,0.14459397,0.14373887,0.14286731,0.14198913,0.14111422,0.14025255,0.13941394,0.1386083,0.13784553,0.1371355,0.13648817,0.13591336,0.13542101,0.13502097,0.13472317,0.13453749,0.1344738,0.13454202,0.13475204,0.13511376,0.13563704,0.1363318,0.13720797,0.13827533,0.1395439,0.14093575,0.14236526,0.14383054,0.14532977,0.1468611,0.14842263,0.15001257,0.15162908,0.1532702,0.15493421,0.15661918,0.15832326,0.16004464,0.16178143,0.16353182,0.16529393,0.1670659,0.16884589,0.17063206,0.17242257,0.1742155,0.1760091,0.17780142,0.17959067,0.181375,0.18315254,0.18492141,0.18667983,0.18842587,0.19015774,0.19187355,0.1935715,0.19515596,0.19653931,0.19773139,0.19874212,0.19958133,0.20025897,0.20078494,0.2011691,0.20142137,0.20155165,0.2015698,0.2014857,0.20130926,0.2010504,0.20071901
0.14844207,0.14849494,0.14853941,0.14857414,0.1485978,0.14860909,0.14860667,0.14858918,0.14855534,0.14850381,0.14843322,0.14834231,0.14822969,0.1480941,0.14793417,0.14774854,0.14753596,0.1472581,0.14688423,0.14642423,0.14588809,0.14528571,0.14462706,0.14392203,0.14318058,0.14241263,0.14162815,0.14083703,0.1400492,0.13927464,0.13852325,0.13780499,0.13712975,0.13650753,0.1359482,0.13546173,0.13505805,0.13474706,0.13453875,0.13444301,0.1344698,0.13462907,0.1349307,0.13538468,0.13600089,0.1367893,0.13775986,0.13892245,0.14028706,0.1417699,0.14327975,0.14481522,0.14637506,0.14795789,0.14956242,0.15118729,0.15283118,0.15449275,0.15617073,0.15786372,0.15957044,0.16128956,0.16301972,0.16475962,0.16650793,0.16826332,0.17002447,0.17179003,0.17355868,0.1753291,0.17709999,0.17886998,0.18063775,0.18240198,0.18416135,0.18591453,0.18766019,0.18939698,0.19112362,0.19283874,0.19454104,0.19613217,0.19752131,0.19871835,0.19973332,0.20057605,0.20125656,0.20178472,0.2021705,0.20242383,0.20255464,0.20257284,0.2024884,0.20231123,0.2020513,0.2017185
0.14591873,0.14594841,0.14597335,0.14599283,0.14600612,0.14601247,0.1460111,0.14600132,0.14598234,0.14595337,0.14591378,0.14586274,0.14579955,0.14572343,0.14563368,0.14552951,0.14541018,0.14523196,0.14495821,0.14459875,0.14416352,0.14366238,0.14310521,0.14250189,0.14186238,0.14119644,0.1405141,0.13982512,0.13913943,0.13846692,0.13781749,0.13720103,0.1366274,0.13610646,0.13564816,0.13526236,0.13495894,0.13474777,0.13463874,0.13464177,0.13476674,0.13502349,0.13542195,0.13597198,0.1366835,0.13756634,0.13863043,0.13988565,0.14134188,0.14290972,0.1444927,0.14609009,0.14770116,0.1493251,0.15096122,0.15260877,0.15426701,0.15593515,0.15761253,0.15929832,0.1609918,0.16269225,0.16439891,0.166111,0.16782784,0.16954863,0.1712727,0.17299919,0.17472745,0.1764567,0.1781862,0.17991516,0.18164295,0.18336871,0.18509176,0.1868113,0.18852668,0.19023703,0.1919417,0.19363989,0.19533092,0.19691429,0.19829662,0.19948782,0.20049785,0.20133646,0.20201364,0.20253922,0.20292312,0.2031752,0.20330536,0.2033235,0.20323947,0.20306316,0.20280452,0.20247333
0.14350294,0.1435085,0.1435132,0.14351684,0.14351933,0.14352052,0.14352027,0.14351842,0.14351487,0.14350945,0.143502,0.14349243,0.14348054,0.14346626,0.14344938,0.14342982,0.1434074,0.14333314,0.14316463,0.14291161,0.14258383,0.1421911,0.14174306,0.14124954,0.14072026,0.140165,0.13959348,0.13901544,0.13844068,0.13787894,0.13733986,0.13683334,0.1363691,0.13595681,0.1356063,0.13532728,0.1351295,0.13502274,0.13501674,0.13512124,0.135346,0.13570076,0.13619526,0.13683926,0.13764255,0.13861482,0.13976586,0.14110538,0.14264317,0.1442848,0.14592928,0.14757647,0.14922623,0.1508784,0.15253288,0.15418947,0.15584807,0.15750858,0.15917079,0.1608346,0.1624998,0.16416639,0.16583407,0.1675028,0.16917245,0.17084281,0.17251378,0.17418523,0.17585702,0.17752892,0.17920093,0.18087286,0.18254453,0.18421584,0.18588664,0.18755676,0.1892261,0.19089451,0.19256188,0.19422798,0.19589277,0.19745441,0.19881782,0.19999276,0.20098892,0.20181607,0.20248397,0.20300233,0.20338097,0.2036296,0.203758,0.20377587,0.203693,0.20351914,0.203264,0.20293738
0.1411894,0.14116998,0.14115371,0.14114098,0.1411323,0.14112817,0.14112903,0.14113545,0.14114785,0.14116675,0.14119262,0.14122593,0.14126727,0.14131695,0.14137557,0.14144361,0.14152154,0.14155534,0.14149699,0.141356,0.14114195,0.14086434,0.14053275,0.14015667,0.13974561,0.13930914,0.13885678,0.13839808,0.13794255,0.13749972,0.13707913,0.13669033,0.13634284,0.13604617,0.13580988,0.13564348,0.13555653,0.13555856,0.13565904,0.13586764,0.13619374,0.13664696,0.13723677,0.13797277,0.13886449,0.13992138,0.14115307,0.14256907,0.14417884,0.14588362,0.14757852,0.14926398,0.15094051,0.15260863,0.1542688,0.15592155,0.15756728,0.15920652,0.16083975,0.16246751,0.1640902,0.16570835,0.16732249,0.16893302,0.1705405,0.17214537,0.17374809,0.17534925,0.17694926,0.17854859,0.1801478,0.1817473,0.18334763,0.18494923,0.18655266,0.18815833,0.18976676,0.19137841,0.19299382,0.19461346,0.1962378,0.19776453,0.19909748,0.20024613,0.20121999,0.20202865,0.20268163,0.20318842,0.20355861,0.20380166,0.20392716,0.20394464,0.20386362,0.20369361,0.2034442,0.20312487
0.13897277,0.13892764,0.13888969,0.13885999,0.13883983,0.13883014,0.13883221,0.13884717,0.13887608,0.13892005,0.13898036,0.139058,0.13915415,0.13926996,0.13940653,0.13956502,0.13974656,0.1398923,0.13994873,0.13992512,0.13983071,0.13967475,0.13946643,0.13921499,0.13892971,0.13861981,0.1382945,0.13796303,0.13763468,0.13731858,0.13702407,0.13676032,0.13653658,0.13636215,0.1362462,0.13619797,0.13622668,0.13634165,0.13655204,0.13686706,0.13729605,0.13784812,0.13853262,0.13935873,0.14033566,0.14147273,0.14277913,0.14426404,0.14593677,0.1476946,0.14942937,0.15114218,0.15283422,0.15450668,0.1561606,0.15779708,0.1594174,0.16102256,0.16261373,0.16419207,0.16575871,0.16731478,0.16886136,0.17039968,0.17193078,0.17345586,0.17497598,0.17649235,0.17800613,0.17951834,0.18103017,0.18254279,0.18405728,0.18557477,0.18709648,0.18862338,0.1901568,0.19169773,0.19324735,0.19480681,0.19637723,0.19785653,0.19914798,0.20026092,0.2012045,0.20198803,0.20262071,0.20311174,0.20347041,0.20370592,0.20382752,0.20384444,0.20376596,0.20360124,0.20335957,0.2030502
0.13684785,0.1367762,0.1367159,0.1366688,0.13663669,0.13662139,0.13662472,0.13664842,0.13669428,0.13676418,0.13685985,0.13698314,0.13713582,0.13731968,0.13753651,0.13778819,0.13807641,0.13833775,0.13851339,0.13861218,0.13864301,0.13861474,0.13853624,0.13841633,0.13826396,0.13808791,0.13789713,0.13770036,0.13750663,0.13732468,0.13716343,0.13703173,0.13693844,0.13689245,0.13690259,0.13697773,0.13712679,0.13735856,0.13768196,0.13810581,0.13863905,0.13929044,0.14006895,0.14098334,0.14204259,0.14325549,0.14463091,0.14617772,0.14790483,0.14970611,0.15147081,0.1532007,0.15489762,0.15656331,0.15819968,0.15980838,0.16139132,0.16295023,0.164487,0.16600332,0.16750108,0.16898203,0.17044799,0.17190075,0.17334211,0.17477386,0.17619783,0.17761579,0.17902955,0.18044093,0.18185169,0.18326364,0.18467861,0.18609838,0.18752475,0.1889595,0.19040447,0.19186139,0.19333217,0.19481853,0.19632226,0.19774225,0.19898191,0.20005018,0.20095596,0.20170805,0.20231532,0.20278671,0.20313098,0.20335706,0.20347378,0.20349002,0.20341466,0.20325656,0.20302457,0.2027276
0.13480933,0.13471037,0.13462716,0.1345622,0.13451788,0.13449675,0.1345013,0.13453402,0.13459735,0.13469383,0.13482589,0.13499606,0.13520679,0.13546056,0.13575986,0.1361072,0.13650505,0.13688545,0.13718443,0.13741037,0.1375717,0.13767686,0.13773431,0.13775244,0.13773964,0.13770439,0.1376551,0.1376002,0.13754813,0.13750724,0.13748604,0.13749292,0.13753632,0.13762465,0.13776633,0.1379698,0.1382435,0.13859582,0.1390352,0.13957004,0.14020881,0.14095992,0.14183182,0.14283289,0.14397155,0.14525627,0.14669544,0.1482975,0.15007089,0.15190665,0.15369193,0.15542914,0.15712087,0.15876949,0.16037755,0.16194752,0.1634819,0.16498315,0.1664538,0.16789626,0.16931307,0.17070666,0.1720796,0.17343429,0.17477326,0.17609894,0.1774139,0.1787206,0.18002148,0.18131904,0.18261583,0.18391415,0.18521671,0.18652588,0.18784413,0.18917403,0.19051795,0.19187844,0.19325799,0.19465905,0.19608414,0.19743358,0.19861172,0.19962697,0.20048778,0.2012025,0.20177963,0.20222755,0.20255476,0.2027696,0.20288055,0.20289598,0.2028244,0.2026741,0.20245364,0.2021714
0.13285188,0.13272502,0.13261828,0.13253494,0.13247813,0.13245104,0.1324569,0.13249885,0.13258006,0.13270375,0.13287312,0.13309132,0.13336153,0.133687,0.13407083,0.13451624,0.13502645,0.13552915,0.13595532,0.13631286,0.13660966,0.13685367,0.13705282,0.13721502,0.13734812,0.13746014,0.13755898,0.13765252,0.13774872,0.13785547,0.13798068,0.1381323,0.13831824,0.13854642,0.13882473,0.13916115,0.13956356,0.14003988,0.14059804,0.14124596,0.14199153,0.14284271,0.14380743,0.14489354,0.14610903,0.14746177,0.1489597,0.15061073,0.15242285,0.15428461,0.15608165,0.15781711,0.15949413,0.16111596,0.16268575,0.16420674,0.16568199,0.16711485,0.16850838,0.16986582,0.17119035,0.17248514,0.17375341,0.1749983,0.176223,0.17743072,0.17862463,0.17980796,0.18098383,0.18215548,0.18332602,0.18449871,0.18567668,0.18686323,0.18806139,0.18927442,0.1905055,0.1917578,0.19303457,0.19433889,0.19567405,0.19694248,0.19804992,0.19900422,0.19981334,0.20048517,0.20102765,0.20144872,0.20175622,0.2019582,0.20206246,0.20207699,0.2020097,0.20186846,0.20166123,0.20139591
0.13097027,0.13081478,0.13068406,0.1305819,0.13051234,0.13047916,0.13048634,0.13053769,0.13063723,0.13078874,0.13099627,0.13126361,0.13159469,0.1319934,0.1324637,0.13300943,0.13363451,0.13426258,0.13481961,0.13531287,0.13574979,0.13613766,0.13648388,0.13679579,0.13708077,0.13734613,0.13759921,0.13784741,0.13809805,0.1383585,0.1386361,0.13893822,0.13927217,0.1396454,0.14006515,0.1405388,0.14107375,0.14167732,0.14235687,0.14311974,0.14397328,0.14492488,0.14598186,0.14715154,0.14844137,0.14985861,0.15141068,0.15310487,0.15494856,0.15682845,0.15862904,0.16035414,0.16200773,0.16359362,0.16511579,0.1665781,0.1679845,0.16933887,0.17064507,0.17190707,0.17312871,0.17431396,0.17546669,0.17659079,0.17769013,0.17876871,0.17983034,0.18087898,0.18191853,0.18295284,0.18398587,0.18502152,0.18606363,0.18711619,0.18818305,0.1892681,0.1903753,0.1915085,0.19267163,0.19386856,0.19510323,0.19628082,0.19730899,0.19819497,0.19894613,0.19956988,0.20007356,0.20046443,0.20074998,0.20093748,0.2010343,0.20104773,0.20098525,0.20085414,0.20066175,0.20041542
0.12915912,0.12897451,0.12881926,0.12869798,0.1286153,0.12857589,0.12858441,0.12864542,0.12876363,0.12894364,0.12919001,0.12950753,0.12990072,0.13037427,0.13093275,0.13158087,0.13232322,0.13307947,0.13377069,0.13440359,0.13498491,0.13552137,0.13601969,0.1364866,0.13692886,0.1373532,0.13776632,0.1381749,0.13858576,0.13900557,0.1394411,0.13989908,0.14038618,0.14090915,0.14147481,0.14208975,0.14276078,0.14349459,0.14429797,0.14517759,0.14614017,0.14719251,0.14834124,0.14959319,0.15095502,0.15243347,0.15403529,0.15576719,0.1576359,0.15952659,0.16132306,0.16302991,0.16465178,0.16619332,0.16765913,0.1690539,0.17038222,0.17164877,0.17285816,0.17401499,0.17512392,0.1761896,0.17721666,0.17820975,0.17917345,0.18011244,0.18103138,0.18193483,0.1828275,0.18371396,0.1845989,0.18548694,0.18638264,0.18729073,0.18821587,0.18916257,0.19013557,0.19113941,0.19217888,0.19325845,0.19438288,0.19546054,0.19640143,0.19721222,0.19789968,0.19847047,0.19893138,0.19928913,0.1995504,0.199722,0.1998106,0.19982289,0.19976573,0.19964574,0.19946966,0.19924426
0.12741324,0.12719889,0.12701865,0.12687786,0.1267819,0.12673618,0.12674603,0.12681688,0.12695411,0.12716302,0.12744914,0.1278177,0.12827416,0.12882392,0.12947229,0.13022469,0.13108653,0.1319736,0.13280213,0.13357821,0.13430792,0.13499728,0.13565235,0.13627918,0.1368838,0.1374723,0.13805069,0.13862509,0.13920146,0.1397859,0.14038447,0.14100325,0.1416482,0.14232546,0.14304101,0.143801,0.14461139,0.1454783,0.1464077,0.14740573,0.14847836,0.14963166,0.15087178,0.15220463,0.15363634,0.15517299,0.15682055,0.15858513,0.16047277,0.16236746,0.16415271,0.16583394,0.16741654,0.16890587,0.17030732,0.17162625,0.17286804,0.17403816,0.17514181,0.17618455,0.17717169,0.17810857,0.17900062,0.17985325,0.18067174,0.18146157,0.18222809,0.18297665,0.18371268,0.18444154,0.18516858,0.18589921,0.18663883,0.18739276,0.18816644,0.18896525,0.18979451,0.19065967,0.1915661,0.19251913,0.19352421,0.1944935,0.1953398,0.196069,0.1966873,0.19720073,0.19761528,0.19793703,0.19817205,0.19832641,0.19840606,0.19841717,0.1983657,0.19825777,0.19809943,0.1978967
0.12572728,0.12548272,0.12527707,0.12511644,0.12500694,0.12495477,0.12496602,0.12504683,0.1252034,0.12544182,0.12576823,0.12618877,0.12670957,0.12733683,0.12807658,0.12893505,0.12991838,0.13093862,0.13190737,0.13282998,0.13371173,0.13455793,0.13537401,0.1361652,0.13693686,0.13769433,0.13844293,0.13918795,0.13993475,0.14068867,0.14145496,0.14223908,0.14304627,0.14388184,0.14475116,0.14565957,0.14661233,0.14761482,0.14867237,0.14979026,0.15097387,0.1522285,0.15355948,0.15497214,0.15647179,0.1580638,0.15975341,0.16154605,0.163447,0.16533941,0.16710702,0.16875592,0.17029221,0.17172214,0.1730518,0.17428732,0.17543483,0.17650048,0.17749044,0.1784108,0.17926772,0.18006735,0.18081579,0.18151924,0.18218379,0.18281561,0.18342082,0.18400556,0.18457599,0.18513823,0.18569843,0.1862627,0.18683723,0.18742812,0.18804151,0.18868352,0.18936041,0.19007817,0.19084297,0.19166104,0.19253843,0.19339159,0.19413647,0.19477837,0.19532256,0.19577445,0.19613935,0.19642255,0.19662942,0.19676524,0.19683538,0.19684514,0.19679986,0.19670486,0.19656548,0.19638702
0.12409601,0.123820774,0.1235893,0.123408526,0.12328528,0.12322657,0.12323926,0.123330206,0.12350642,0.12377472,0.12414206,0.12461534,0.1252015,0.12590736,0.12673993,0.1277061,0.12881273,0.12996835,0.13107994,0.13215202,0.13318916,0.13419592,0.13517684,0.1361365,0.13707943,0.13801025,0.13893342,0.13985358,0.14077526,0.14170301,0.14264143,0.143595,0.14456835,0.14556599,0.14659248,0.14765243,0.14875028,0.14989077,0.1510783,0.15231748,0.1536129,0.15496904,0.15639055,0.15788192,0.15944773,0.16109253,0.16282092,0.16463739,0.16654652,0.16843098,0.17017494,0.17178534,0.17326905,0.17463301,0.17588413,0.17702927,0.1780754,0.17902939,0.17989822,0.18068868,0.1814078,0.18206237,0.18265939,0.18320577,0.18370838,0.18417412,0.18460995,0.18502274,0.18541937,0.18580683,0.18619199,0.1865817,0.18698297,0.18740268,0.18784769,0.18832499,0.18884139,0.18940386,0.19001932,0.19069463,0.19143678,0.19216672,0.19280402,0.1933532,0.19381885,0.19420548,0.19451767,0.19475998,0.19493696,0.19505318,0.1951132,0.19512156,0.1950828,0.19500154,0.19488227,0.19472961
0.12251404,0.12220775,0.12195016,0.121748924,0.121611826,0.12154644,0.12156054,0.12166177,0.121857874,0.12215647,0.122565314,0.12309206,0.123744406,0.12453002,0.12545662,0.12653188,0.12776351,0.1290565,0.13031328,0.13153757,0.13273309,0.13390367,0.13505295,0.13618478,0.13730283,0.13841091,0.13951273,0.14061208,0.14171267,0.14281824,0.14393255,0.14505938,0.14620245,0.14736553,0.1485523,0.14976655,0.15101211,0.15229261,0.15361184,0.15497358,0.15638149,0.15783942,0.1593511,0.16092022,0.16255058,0.1642459,0.16600993,0.16784646,0.16975918,0.17163052,0.17334554,0.17491187,0.17633723,0.17762928,0.17879575,0.17984433,0.18078266,0.18161847,0.18235943,0.18301326,0.18358761,0.1840902,0.18452874,0.18491086,0.18524428,0.18553668,0.18579578,0.18602924,0.18624476,0.18645005,0.18665272,0.18686055,0.18708117,0.18732232,0.18759167,0.18789689,0.18824571,0.18864578,0.18910478,0.18963045,0.19023046,0.19083081,0.19135498,0.19180664,0.19218962,0.19250761,0.19276436,0.19296367,0.19310923,0.1932048,0.19325417,0.19326103,0.19322917,0.1931623,0.19306424,0.19293864
0.12097619,0.12063843,0.12035437,0.12013249,0.11998129,0.11990923,0.11992476,0.12003643,0.12025262,0.120581895,0.12103271,0.12161356,0.12233288,0.12319918,0.12422092,0.12540661,0.1267647,0.12819682,0.1296009,0.13097979,0.13233644,0.13367371,0.13499454,0.13630182,0.13759841,0.1388873,0.14017133,0.14145346,0.14273652,0.14402345,0.1453172,0.14662057,0.14793658,0.14926803,0.1506179,0.15198907,0.1533844,0.15480687,0.1562593,0.15774469,0.15926583,0.16082573,0.16242722,0.16407326,0.16576672,0.16751048,0.16930752,0.17116067,0.17307289,0.17492653,0.17660777,0.17812507,0.17948695,0.18070182,0.1817782,0.18272461,0.1835494,0.18426119,0.18486838,0.1853795,0.18580297,0.18614732,0.186421,0.1866325,0.18679029,0.18690285,0.1869787,0.18702626,0.18705404,0.18707055,0.18708418,0.18710347,0.18713689,0.18719293,0.18728009,0.1874068,0.18758155,0.18781286,0.18810913,0.18847892,0.18893068,0.18939573,0.18980175,0.19015166,0.1904483,0.19069462,0.19089352,0.1910479,0.19116066,0.19123471,0.19127294,0.19127828,0.19125356,0.19120182,0.19112583,0.19102854
0.11947709,0.11910758,0.118796796,0.11855404,0.11838861,0.11830973,0.11832674,0.11844889,0.11868546,0.11904572,0.11953895,0.120174445,0.12096144,0.12190925,0.123027146,0.12432438,0.12581027,0.12738307,0.1289363,0.13047193,0.13199201,0.13349862,0.13499367,0.13647933,0.13795751,0.1394303,0.14089969,0.14236777,0.1438365,0.14530793,0.14678408,0.14826703,0.14975873,0.15126124,0.15277663,0.15430686,0.15585397,0.15742004,0.15900703,0.16061702,0.16225198,0.16391405,0.1656051,0.1673273,0.16908258,0.17087303,0.17270061,0.17456745,0.17647548,0.17830738,0.17995068,0.1814146,0.18270843,0.1838415,0.18482299,0.1856623,0.18636858,0.18695116,0.18741934,0.18778239,0.18804955,0.18823019,0.18833347,0.18836872,0.18834521,0.18827224,0.18815906,0.18801494,0.18784918,0.1876711,0.18748987,0.18731485,0.18715526,0.18702048,0.18691966,0.18686214,0.1868572,0.1869141,0.18704212,0.18725052,0.18754864,0.18787338,0.18815693,0.18840124,0.1886084,0.1887804,0.18891928,0.18902707,0.18910584,0.18915752,0.1891842,0.18918791,0.18917069,0.18913457,0.18908146,0.18901357
0.11801153,0.11760992,0.11727219,0.11700837,0.11682859,0.11674291,0.11676137,0.11689412,0.117151186,0.11754272,0.11807873,0.11876934,0.11962464,0.12065468,0.121869534,0.12327932,0.12489413,0.12660894,0.12831292,0.13000715,0.13169274,0.13337089,0.13504261,0.13670908,0.13837145,0.14003082,0.14168832,0.14334504,0.14500219,0.14666079,0.14832202,0.14998704,0.15165687,0.15333275,0.1550157,0.15670694,0.15840754,0.16011862,0.16184135,0.1635768,0.1653261,0.16709045,0.16887087,0.17066853,0.17248458,0.17432009,0.17617625,0.1780541,0.17995484,0.18176153,0.18336323,0.18476997,0.18599191,0.18703912,0.18792163,0.18864952,0.18923295,0.18968192,0.19000658,0.19021696,0.19032316,0.19033529,0.19026333,0.19011752,0.18990782,0.18964432,0.18933716,0.18899643,0.18863213,0.1882544,0.18787332,0.18749894,0.18714136,0.18681069,0.18651699,0.18627031,0.18608078,0.18595849,0.18591344,0.1859558,0.1860956,0.18627569,0.18643293,0.18656842,0.1866833,0.18677868,0.18685572,0.18691544,0.18695916,0.1869878,0.18700261,0.18700469,0.1869951,0.18697508,0.18694563,0.18690798
0.11657417,0.11614027,0.11577535,0.11549034,0.115296066,0.11520348,0.11522345,0.11536688,0.115644634,0.11606766,0.11664679,0.1173929,0.11831699,0.119429864,0.12074243,0.12226561,0.12401023,0.12586822,0.12772429,0.12957865,0.13143149,0.13328302,0.1351334,0.13698286,0.13883159,0.14067979,0.14252767,0.1443754,0.1462232,0.14807129,0.14991982,0.151769,0.15361908,0.15547018,0.15732256,0.1591764,0.16103186,0.16288918,0.16474856,0.1666102,0.16847429,0.17034101,0.17221059,0.17408322,0.17595908,0.17783837,0.17972127,0.18160807,0.18349889,0.18527739,0.18683442,0.18818088,0.18932763,0.19028555,0.19106556,0.19167854,0.19213541,0.19244707,0.19262435,0.19267818,0.19261947,0.19245909,0.19220795,0.19187689,0.1914769,0.19101876,0.19051348,0.18997183,0.18940479,0.18882321,0.18823801,0.1876601,0.1871003,0.18656957,0.18607877,0.18563883,0.18526056,0.18495496,0.18473285,0.18460514,0.18458274,0.18461451,0.18464229,0.18466622,0.18468648,0.18470332,0.1847169,0.18472745,0.18473516,0.18474022,0.18474284,0.1847432,0.18474151,0.18473798,0.1847328,0.1847261
0.11515968,0.11469333,0.11430108,0.113994725,0.11378592,0.1136864,0.11370784,0.11386204,0.1141606,0.11461526,0.11523775,0.11603975,0.11703301,0.11822924,0.11964005,0.12127727,0.12315256,0.12515464,0.12716392,0.12917966,0.13120112,0.13322753,0.13525821,0.13729237,0.13932924,0.14136814,0.14340824,0.14544883,0.1474892,0.1495286,0.1515662,0.15360133,0.15563324,0.15766118,0.15968439,0.16170213,0.16371365,0.1657182,0.16771506,0.16970344,0.17168264,0.1736519,0.17561042,0.17755754,0.17949247,0.18141448,0.1833228,0.18521668,0.18709542,0.1888434,0.19035329,0.19163682,0.1927057,0.19357161,0.1942463,0.1947415,0.19506887,0.1952401,0.19526696,0.19516107,0.19493426,0.19459815,0.19416445,0.19364491,0.1930512,0.19239506,0.19168821,0.19094229,0.19016905,0.18938021,0.18858752,0.18780257,0.18703714,0.18630296,0.18561167,0.18497506,0.18440478,0.18391255,0.18351011,0.1832091,0.18302128,0.18290181,0.1827975,0.1827076,0.18263139,0.1825681,0.18251698,0.18247734,0.18244837,0.18242933,0.18241951,0.18241814,0.1824245,0.1824378,0.18245733,0.18248232
0.11376286,0.11326384,0.112844184,0.11251636,0.11229296,0.11218648,0.11220945,0.11237438,0.11269384,0.113180324,0.11384637,0.11470451,0.11576727,0.11704716,0.11855677,0.12030851,0.12231504,0.124461874,0.12662521,0.12880331,0.13099447,0.13319704,0.13540922,0.13762937,0.13985577,0.14208674,0.14432052,0.14655545,0.14878981,0.15102188,0.15325,0.15547241,0.15768747,0.15989341,0.16208854,0.16427119,0.16643964,0.16859217,0.17072709,0.17284268,0.17493725,0.1770091,0.17905651,0.18107778,0.1830712,0.18503508,0.18696773,0.18886738,0.19073239,0.19244795,0.19390881,0.19512743,0.19611639,0.19688824,0.19745542,0.19783054,0.19802609,0.19805461,0.19792861,0.19766068,0.19726326,0.1967489,0.19613017,0.19541954,0.1946296,0.19377284,0.19286177,0.19190899,0.1909269,0.18992817,0.18892527,0.18793069,0.186957,0.18601672,0.18512234,0.18428649,0.18352157,0.1828402,0.18225488,0.1817781,0.18142244,0.1811494,0.18091105,0.1807056,0.18053146,0.18038689,0.18027008,0.18017945,0.18011323,0.18006977,0.18004732,0.1800442,0.18005872,0.18008912,0.1801337,0.1801908
0.112378374,0.11184661,0.11139941,0.11105011,0.11081204,0.11069857,0.11072305,0.11089881,0.111239225,0.11175762,0.11246738,0.11338181,0.11451431,0.115878165,0.11748677,0.11935349,0.12149162,0.123783745,0.12610173,0.12844287,0.1308045,0.13318396,0.13557856,0.13798563,0.14040253,0.14282651,0.14525498,0.14768524,0.15011458,0.1525404,0.15495995,0.1573706,0.15976968,0.16215445,0.16452235,0.1668706,0.16919658,0.17149763,0.17377102,0.17601414,0.17822431,0.18039878,0.18253495,0.18463014,0.18668169,0.18868686,0.19064303,0.19254753,0.19439764,0.19607954,0.19748996,0.19864234,0.19954994,0.20022619,0.20068437,0.20093785,0.201,0.20088415,0.20060363,0.20017189,0.19960214,0.19890782,0.19810225,0.19719881,0.1962108,0.19515158,0.19403455,0.19287297,0.19168028,0.19046979,0.1892548,0.18804875,0.18686497,0.18571675,0.18461749,0.18358056,0.18261923,0.18174691,0.18097694,0.18032268,0.17979744,0.17936927,0.17899545,0.17867328,0.17840014,0.1781734,0.17799026,0.1778481,0.17774428,0.17767614,0.1776409,0.17763603,0.17765874,0.1777064,0.17777637,0.17786594
0.11100092,0.11043639,0.1099616,0.10959074,0.10933798,0.10921753,0.10924351,0.10943012,0.109791525,0.11034191,0.11109542,0.11206627,0.11326859,0.11471659,0.116424434,0.11840627,0.12067628,0.12311398,0.1255869,0.12809148,0.13062398,0.13318086,0.13575836,0.13835287,0.14096081,0.14357843,0.14620215,0.14882831,0.15145326,0.15407333,0.15668489,0.15928426,0.16186787,0.164432,0.16697304,0.16948733,0.1719712,0.17442107,0.17683323,0.17920402,0.18152983,0.18380702,0.18603192,0.18820089,0.19031027,0.19235644,0.19433571,0.19624448,0.19807905,0.19972655,0.20108579,0.20217112,0.20299655,0.20357636,0.20392463,0.20405559,0.20398343,0.20372228,0.20328636,0.2026898,0.20194677,0.20107147,0.20007809,0.19898072,0.1977936,0.19653092,0.19520684,0.19383548,0.19243105,0.19100773,0.18957973,0.18816113,0.18676615,0.18540896,0.18410376,0.18286468,0.18170592,0.18064167,0.17968604,0.17885329,0.17815748,0.17757325,0.17706314,0.17662361,0.17625092,0.1759415,0.1756916,0.17549767,0.17535603,0.175263,0.175215,0.17520829,0.1752393,0.17530437,0.17539981,0.17552198
0.10962527,0.10902789,0.10852549,0.1081331,0.10786568,0.10773819,0.10776569,0.10796313,0.10834556,0.10892791,0.10972525,0.11075251,0.11202472,0.11355686,0.11536397,0.117461,0.11986295,0.12244629,0.12507427,0.12774235,0.13044587,0.13318023,0.13594078,0.1387229,0.14152198,0.14433338,0.14715248,0.14997469,0.15279534,0.15560986,0.15841353,0.1612018,0.16397008,0.16671365,0.16942799,0.17210837,0.17475025,0.177349,0.17989993,0.1823985,0.18484,0.18721987,0.1895335,0.1917762,0.1939434,0.19603044,0.19803272,0.19994563,0.20176452,0.2033774,0.20468533,0.20570335,0.20644642,0.20692953,0.20716774,0.20717596,0.20696922,0.20656258,0.20597093,0.20520934,0.20429277,0.2032363,0.20205477,0.20076329,0.19937687,0.19791041,0.19637899,0.1947976,0.19318119,0.19154482,0.18990338,0.18827203,0.18666562,0.18509918,0.18358777,0.18214634,0.18078989,0.17953338,0.1783919,0.17738037,0.17651379,0.17577325,0.17512675,0.17456959,0.17409721,0.173705,0.1733883,0.17314246,0.1729629,0.172845,0.17278412,0.17277569,0.17281497,0.17289743,0.1730184,0.1731733
0.10824607,0.10761592,0.10708596,0.10667202,0.106389895,0.10625543,0.10628443,0.10649272,0.10689611,0.10751045,0.10835153,0.10943516,0.1107772,0.11239346,0.11429971,0.11651182,0.119045585,0.1217744,0.1245573,0.1273887,0.13026302,0.13317463,0.13611795,0.13908741,0.14207737,0.14508227,0.1480965,0.15111443,0.15413052,0.15713915,0.16013472,0.16311163,0.16606428,0.1689871,0.17187446,0.17472078,0.17752047,0.18026796,0.18295756,0.18558376,0.18814091,0.19062346,0.1930258,0.19534233,0.19756745,0.1996956,0.20172106,0.20363836,0.20544189,0.20702052,0.20827752,0.20922865,0.20988974,0.21027665,0.21040514,0.2102911,0.2099503,0.20939858,0.20865172,0.2077256,0.20663598,0.20539874,0.20402963,0.20254454,0.20095927,0.1992896,0.19755141,0.19576047,0.1939326,0.19208369,0.19022948,0.18838578,0.18656847,0.18479335,0.18307625,0.18143296,0.17987931,0.17843115,0.17710425,0.17591444,0.17487758,0.17398119,0.17319863,0.17252427,0.17195246,0.17147769,0.17109434,0.17079681,0.17057948,0.17043678,0.17036308,0.17035283,0.17040038,0.17050017,0.17064662,0.17083412
0.10685804,0.1061952,0.10563772,0.10520229,0.10490553,0.104764074,0.10479459,0.105013676,0.10543803,0.10608424,0.10696899,0.10810888,0.10952057,0.1112207,0.11322592,0.11555288,0.11821815,0.12109212,0.12402944,0.12702371,0.13006827,0.13315655,0.13628203,0.13943817,0.14261833,0.14581603,0.14902464,0.15223762,0.15544842,0.15865047,0.16183719,0.16500206,0.16813847,0.1712399,0.17429979,0.17731152,0.18026859,0.18316437,0.18599239,0.18874599,0.19141869,0.19400388,0.19649503,0.19888553,0.20116885,0.20333843,0.20538768,0.20731011,0.20909905,0.2106444,0.21185133,0.2127366,0.21331677,0.21360852,0.21362838,0.2133932,0.21291941,0.21222381,0.21132295,0.21023346,0.20897208,0.20755534,0.20599993,0.20432249,0.20253964,0.20066808,0.1987244,0.19672523,0.19468725,0.1926271,0.19056137,0.18850672,0.18647987,0.18449733,0.18257582,0.18073197,0.17898242,0.17734385,0.1758328,0.17446601,0.17326005,0.17220896,0.17129134,0.17050064,0.16983014,0.16927345,0.1688239,0.16847502,0.16822018,0.16805285,0.16796646,0.1679544,0.16801019,0.16812721,0.16829893,0.16851878
0.10545592,0.104760475,0.1041756,0.10371876,0.10340741,0.10325901,0.10329101,0.103520885,0.10396609,0.10464409,0.10557233,0.10676826,0.10824937,0.1100331,0.11213689,0.11457825,0.11737459,0.12039309,0.12348426,0.12664057,0.12985447,0.13311855,0.1364252,0.13976693,0.1431362,0.14652553,0.14992738,0.15333426,0.15673862,0.16013294,0.16350976,0.1668615,0.17018068,0.17345975,0.17669123,0.17986761,0.18298131,0.18602487,0.18899074,0.19187142,0.19465941,0.19734721,0.19992724,0.20239201,0.20473397,0.20694573,0.20901959,0.21094817,0.21272391,0.21423739,0.21539588,0.21621685,0.21671769,0.21691597,0.21682903,0.21647441,0.21586956,0.21503189,0.21397889,0.21272804,0.21129678,0.20970258,0.20796286,0.20609516,0.20411684,0.20204543,0.19989833,0.19769308,0.19544703,0.19317776,0.19090262,0.18863915,0.18640478,0.18421699,0.1820932,0.18005085,0.17810746,0.17628048,0.17458732,0.17304549,0.17167243,0.17046848,0.16941741,0.16851166,0.16774365,0.167106,0.16659111,0.16619149,0.16589957,0.16570789,0.16560891,0.16559514,0.16565904,0.16579309,0.16598977,0.1662416
0.104034424,0.10330655,0.1026944,0.102216244,0.10189037,0.10173506,0.101768546,0.10200913,0.10247511,0.10318472,0.10415625,0.105407946,0.10695812,0.10882501,0.11102691,0.11358209,0.11650884,0.11967114,0.122915186,0.12623249,0.12961464,0.13305312,0.13653955,0.14006543,0.14362232,0.14720176,0.15079528,0.15439443,0.1579908,0.16157585,0.1651412,0.16867833,0.17217886,0.17563431,0.17903616,0.18237601,0.1856454,0.18883587,0.191939,0.19494626,0.19784924,0.20063952,0.20330857,0.205848,0.20824927,0.21050401,0.21260373,0.21453997,0.2163043,0.21778798,0.21890007,0.21965893,0.22008274,0.22018984,0.21999845,0.21952692,0.21879344,0.21781631,0.21661383,0.21520427,0.2136059,0.21183695,0.20991571,0.20786051,0.20568956,0.20342113,0.20107353,0.19866502,0.19621389,0.19373839,0.1912568,0.18878739,0.18634842,0.18395817,0.18163496,0.17939703,0.1772626,0.17525004,0.17337754,0.1716634,0.17012592,0.16877164,0.16758928,0.1665704,0.16570652,0.1649892,0.16441,0.16396046,0.16363211,0.16341649,0.16330515,0.16328965,0.16336152,0.1635123,0.16373354,0.16401683
0.102588214,0.10182813,0.10118887,0.10068956,0.10034926,0.100187086,0.10022205,0.1004733,0.10095988,0.1017009,0.10271544,0.10402255,0.10564134,0.1075909,0.109890275,0.11255859,0.11561488,0.118919976,0.122315705,0.12579265,0.12934148,0.1329528,0.13661727,0.14032546,0.14406802,0.14783558,0.15161878,0.1554082,0.15919453,0.16296832,0.16672027,0.17044099,0.17412104,0.17775112,0.18132181,0.18482377,0.1882476,0.19158396,0.19482344,0.19795667,0.20097429,0.20386693,0.20662516,0.20923969,0.21170112,0.21400002,0.21612711,0.21807289,0.21982811,0.22128451,0.22235297,0.22305246,0.22340208,0.22342098,0.22312826,0.2225429,0.22168401,0.22057073,0.21922207,0.21765718,0.21589509,0.21395491,0.2118557,0.20961659,0.20725659,0.20479485,0.2022504,0.19964233,0.19698977,0.19431174,0.19162737,0.18895571,0.18631585,0.18372688,0.18120787,0.1787779,0.17645611,0.17426148,0.17221317,0.17033023,0.16863176,0.16713028,0.16581947,0.16468987,0.1637321,0.16293684,0.16229475,0.16179632,0.16143227,0.16119324,0.16106981,0.16105261,0.1611323,0.16129948,0.16154478,0.16185881
0.10111207,0.10032,0.099653855,0.099133536,0.09877893,0.098609924,0.09864637,0.098908186,0.099415235,0.100187436,0.10124462,0.10260673,0.1042936,0.10632516,0.10872125,0.111501776,0.114686646,0.11813333,0.121679306,0.12531428,0.12902795,0.1328101,0.13665047,0.14053872,0.14446463,0.14841795,0.15238833,0.1563656,0.16033946,0.16429962,0.16823576,0.17213774,0.1759952,0.17979789,0.18353555,0.1871979,0.19077468,0.19425559,0.19763042,0.20088886,0.20402063,0.20701547,0.2098632,0.21255338,0.21507587,0.2174204,0.21957664,0.22153433,0.22328323,0.22471552,0.2257435,0.22638704,0.22666597,0.22660032,0.22620985,0.22551449,0.22453411,0.22328861,0.22179784,0.22008173,0.21816018,0.21605301,0.2137801,0.21136142,0.20881674,0.20616606,0.20342919,0.20062609,0.19777654,0.1949005,0.19201784,0.18914838,0.18631212,0.18352887,0.18081856,0.178201,0.17569612,0.17332381,0.17110397,0.16905645,0.16720116,0.1655564,0.16412047,0.16288304,0.1618339,0.16096279,0.16025934,0.15971337,0.15931459,0.15905273,0.15891755,0.15889871,0.158986,0.15916914,0.1594378,0.15978184
0.09960063,0.0987769,0.098084114,0.09754299,0.09717421,0.09699842,0.09703635,0.097308636,0.09783597,0.09863903,0.099738516,0.101155065,0.10290941,0.10502221,0.10751412,0.110405855,0.11371808,0.11730494,0.120999485,0.12479052,0.12866692,0.13261756,0.13663131,0.14069699,0.1448035,0.14893971,0.1530945,0.15725672,0.1614152,0.16555883,0.16967651,0.17375708,0.17778933,0.18176226,0.18566462,0.18948534,0.19321328,0.1968373,0.20034623,0.203729,0.2069744,0.21007136,0.21300869,0.2157753,0.21836005,0.22075176,0.22293933,0.22491165,0.22665755,0.22806937,0.22906072,0.22965223,0.22986467,0.22971861,0.2292348,0.22843392,0.22733659,0.22596353,0.22433545,0.22247298,0.2203968,0.21812765,0.21568613,0.21309301,0.21036884,0.20753443,0.20461039,0.20161742,0.1985762,0.19550744,0.19243172,0.18936984,0.18634239,0.18337013,0.18047364,0.17767368,0.17499092,0.17244601,0.17005965,0.16785252,0.16584527,0.16406183,0.16250478,0.16116299,0.16002536,0.15908073,0.15831798,0.157726,0.15729357,0.15700963,0.15686302,0.1568426,0.15693723,0.15713583,0.15742718,0.15780021
0.09804868,0.0971936,0.09647448,0.095912755,0.09552994,0.09534746,0.09538683,0.09566947,0.096216865,0.09705048,0.09819179,0.099662244,0.10148332,0.10367649,0.10626319,0.109264925,0.112703145,0.11642859,0.12026975,0.124214604,0.12825125,0.13236769,0.13655192,0.14079203,0.14507599,0.1493919,0.15372775,0.15807156,0.1624114,0.16673526,0.1710312,0.17528726,0.17949148,0.18363181,0.18769635,0.19167317,0.19555023,0.19931556,0.20295724,0.2064633,0.2098217,0.21302055,0.21604784,0.21889164,0.22153994,0.22398077,0.2262022,0.22819221,0.22993891,0.2313345,0.23229365,0.23283774,0.23298831,0.23276678,0.2321946,0.23129329,0.23008431,0.2285891,0.22682914,0.22482586,0.2226008,0.22017539,0.21757104,0.21480931,0.21191163,0.20889944,0.20579425,0.20261748,0.19939063,0.19613518,0.19287255,0.18962426,0.18641171,0.18325642,0.18017985,0.17720346,0.1743487,0.17163704,0.16908997,0.16672894,0.16457543,0.16265845,0.1609849,0.1595427,0.15831994,0.1573046,0.15648477,0.15584844,0.15538366,0.15507849,0.15492092,0.15489894,0.1550007,0.15521412,0.1555273,0.15592822
0.09645086,0.09556485,0.09481969,0.094237626,0.09384098,0.09365189,0.09369267,0.09398554,0.09455277,0.09541655,0.09659915,0.09812284,0.100009836,0.10228238,0.104962744,0.10807313,0.1116358,0.115497984,0.11948356,0.12357973,0.1277738,0.13205302,0.13640448,0.14081554,0.14527343,0.14976533,0.15427853,0.15880023,0.16331765,0.16781807,0.1722887,0.17671679,0.18108955,0.18539424,0.1896181,0.19374834,0.1977722,0.20167695,0.20544979,0.20907794,0.21254867,0.21584919,0.21896677,0.22188862,0.22460198,0.22709405,0.22935216,0.23136343,0.23311521,0.23449935,0.23543122,0.23593305,0.23602709,0.2357356,0.23508073,0.23408484,0.23277016,0.23115882,0.2292732,0.22713546,0.22476786,0.22219266,0.21943212,0.21650846,0.21344392,0.21026072,0.20698114,0.20362742,0.20022184,0.19678654,0.19334388,0.189916,0.1865252,0.18319371,0.17994383,0.1767977,0.17377765,0.17090587,0.16820465,0.16569617,0.16340274,0.16135824,0.1595733,0.15803516,0.15673104,0.15564817,0.15477376,0.1540951,0.15359944,0.15327393,0.15310585,0.15308246,0.15319097,0.15341859,0.15375262,0.15418021
0.09480193,0.093885385,0.09311457,0.09251246,0.092102125,0.09190655,0.091948725,0.09225169,0.09283843,0.093731984,0.09495534,0.09653151,0.09848352,0.100834355,0.103607036,0.10682457,0.110509984,0.11450684,0.118634395,0.122879125,0.1272275,0.131666,0.13618113,0.14075933,0.14538711,0.15005095,0.15473732,0.15943271,0.16412358,0.16879645,0.17343774,0.17803398,0.18257162,0.18703717,0.1914171,0.19569787,0.199866,0.2039079,0.20781015,0.21155913,0.2151414,0.2185434,0.22175162,0.22475252,0.2275326,0.23007834,0.23237622,0.23441271,0.23617432,0.23755234,0.23846252,0.23892784,0.23897131,0.23861593,0.23788475,0.23680073,0.2353869,0.23366627,0.23166189,0.22939669,0.22689374,0.22417602,0.22126655,0.21818835,0.21496443,0.2116178,0.20817143,0.20464836,0.20107162,0.1974642,0.1938491,0.19024935,0.18668793,0.1831879,0.17977221,0.17646393,0.17328602,0.1702615,0.16741341,0.16476472,0.16233847,0.16017304,0.15828255,0.15665342,0.15527216,0.15412521,0.1531991,0.15248032,0.15195529,0.15161055,0.15143253,0.15140775,0.15152268,0.15176377,0.15211754,0.15257044
0.09322882,0.09228382,0.0914891,0.09086832,0.09044525,0.09024361,0.0902871,0.09059946,0.09120441,0.09212567,0.09338696,0.09501205,0.09702459,0.099448346,0.10230703,0.10562437,0.109424114,0.113546334,0.117805906,0.1221886,0.12668024,0.13126656,0.13593341,0.14066654,0.14545184,0.15027496,0.1551218,0.15997808,0.16482964,0.16966222,0.17446168,0.17921379,0.18390433,0.18851908,0.19304386,0.19746444,0.20176663,0.20593624,0.209959,0.21382074,0.21750732,0.22100438,0.22429784,0.22737344,0.23021698,0.23281425,0.23515107,0.2372132,0.23898645,0.2403614,0.24125396,0.2416879,0.24168691,0.2412747,0.24047498,0.23931152,0.23780805,0.23598821,0.23387584,0.23149458,0.22886816,0.22602032,0.22297478,0.21975529,0.21638553,0.21288922,0.20929018,0.205612,0.20187852,0.19811338,0.19434032,0.19058307,0.18686539,0.18321092,0.1796435,0.17618674,0.17286447,0.16970031,0.16671805,0.16394137,0.16139403,0.15911847,0.15713176,0.15541974,0.15396821,0.15276292,0.15178971,0.15103431,0.15048261,0.15012033,0.14993326,0.14990723,0.15002799,0.15028132,0.15065314,0.15112905
0.0918554,0.090885594,0.09006997,0.0894329,0.088998735,0.08879177,0.08883641,0.08915697,0.08977781,0.09072327,0.09201771,0.09368546,0.09575088,0.09823829,0.10117208,0.10457655,0.10847609,0.112707764,0.117082596,0.12158576,0.12620242,0.13091786,0.13571717,0.1405856,0.14550833,0.15047054,0.15545744,0.1604542,0.16544604,0.17041816,0.17535564,0.18024382,0.18506785,0.18981284,0.1944641,0.19900675,0.20342599,0.20770702,0.21183506,0.21579525,0.2195728,0.22315297,0.22652082,0.22966163,0.23256059,0.23520286,0.23757365,0.23965815,0.24144156,0.24281383,0.24369107,0.24409758,0.24405776,0.24359593,0.24273644,0.24150361,0.2399218,0.2380154,0.23580875,0.23332612,0.2305919,0.2276305,0.22446615,0.22112328,0.21762624,0.21399932,0.21026689,0.20645334,0.20258297,0.19868009,0.19476914,0.19087444,0.18702027,0.18323107,0.17953111,0.17594478,0.17249642,0.16921034,0.16611098,0.16322257,0.16056953,0.15819773,0.15612708,0.15434271,0.15282983,0.1515736,0.15055925,0.14977193,0.14919688,0.14881927,0.14862433,0.14859717,0.14872304,0.14898711,0.1493746,0.14987068
0.09067187,0.08968069,0.08884708,0.08819594,0.087752186,0.08754068,0.0875863,0.08791394,0.08854847,0.08951479,0.09083777,0.092542306,0.094653256,0.09719554,0.10019402,0.10367359,0.107659146,0.111985125,0.11645927,0.12106624,0.1257907,0.13061732,0.13553083,0.14051583,0.14555703,0.15063909,0.15574668,0.1608645,0.16597722,0.1710695,0.176126,0.18113147,0.18607047,0.19092774,0.19568798,0.20033582,0.20485593,0.20923305,0.21345171,0.21749678,0.22135279,0.22500446,0.22843646,0.23163345,0.23458019,0.2372612,0.23966129,0.24176508,0.24355723,0.24492718,0.24579121,0.2461741,0.24610083,0.24559622,0.24468517,0.24339262,0.24174336,0.23976232,0.23747437,0.23490444,0.23207733,0.22901802,0.22575134,0.22230217,0.2186954,0.21495591,0.21110857,0.20717832,0.20319001,0.19916852,0.19513872,0.19112553,0.1871538,0.18324842,0.17943428,0.17573628,0.17217927,0.16878814,0.16558781,0.16260314,0.159859,0.15740433,0.15526132,0.15341458,0.15184881,0.15054868,0.1494989,0.14868408,0.14808895,0.14769813,0.14749634,0.14746825,0.14759852,0.14787184,0.14827286,0.14878625
0.08966841,0.08865908,0.087810226,0.087147176,0.0866953,0.08647993,0.08652638,0.08686,0.08750616,0.08849015,0.08983734,0.091573045,0.09372264,0.09631145,0.099364795,0.10290803,0.10696648,0.111372456,0.11593081,0.1206258,0.12544163,0.13036257,0.13537285,0.14045663,0.14559829,0.15078197,0.15599191,0.16121235,0.1664276,0.17162174,0.17677918,0.18188402,0.18692054,0.19187303,0.19672565,0.20146267,0.2060683,0.21052684,0.21482243,0.21893941,0.22286193,0.22657424,0.23006065,0.23330528,0.23629245,0.2390064,0.24143131,0.24355145,0.24535102,0.24671903,0.24757181,0.2479347,0.24783304,0.24729216,0.24633749,0.24499416,0.24328773,0.24124344,0.2388866,0.2362426,0.23333679,0.23019446,0.22684094,0.22330166,0.21960185,0.21576695,0.2118222,0.20779298,0.2037047,0.19958259,0.19545203,0.19133838,0.18726698,0.1832631,0.17935216,0.17555945,0.17191035,0.16843016,0.16514425,0.16207795,0.15925659,0.15673165,0.15452728,0.15262766,0.15101704,0.14967972,0.1485999,0.14776173,0.14714953,0.14674756,0.14653997,0.14651108,0.14664507,0.14692622,0.14733872,0.14786685
0.0888352,0.0878108,0.08694928,0.08627635,0.08581773,0.085599154,0.085646294,0.0859849,0.08664068,0.08763936,0.08900665,0.09076826,0.09294991,0.09557734,0.09867624,0.102272324,0.10639134,0.110863715,0.115491994,0.12026006,0.12515175,0.130151,0.13524164,0.14040752,0.14563258,0.15090062,0.15619557,0.16150121,0.16680153,0.17208034,0.1773215,0.18250892,0.18762644,0.19265793,0.1975873,0.20239836,0.20707501,0.21160115,0.2159606,0.22013728,0.22411503,0.22787775,0.23140925,0.23469347,0.23771428,0.24045546,0.24290104,0.24503472,0.24684049,0.24820684,0.24905035,0.2493966,0.24927136,0.24870041,0.24770941,0.24632406,0.24457009,0.24247326,0.24005926,0.23735374,0.23438253,0.2311713,0.22774573,0.22413161,0.22035457,0.2164404,0.21241477,0.20830342,0.20413208,0.19992644,0.19571221,0.19151516,0.18736096,0.18327531,0.179284,0.17541265,0.1716871,0.16813292,0.16477594,0.16164187,0.15875636,0.15617308,0.15391774,0.15197423,0.15032643,0.14895816,0.14785336,0.14699587,0.14636955,0.14595826,0.14574589,0.14571631,0.14585342,0.14614104,0.14656307,0.14710341
0.08816241,0.087125845,0.086254105,0.08557318,0.08510913,0.08488794,0.08493565,0.085278265,0.08594183,0.08695238,0.08833589,0.09011842,0.09232597,0.09498458,0.09812025,0.101759024,0.10592694,0.11045291,0.115137644,0.119964726,0.12491771,0.12998016,0.1351357,0.14036788,0.14566024,0.1509964,0.15635996,0.16173446,0.1671035,0.17245062,0.17775945,0.18301348,0.1881964,0.19329171,0.19828299,0.20315388,0.20788787,0.2124686,0.21687962,0.22110452,0.22512686,0.22893023,0.23249823,0.23581441,0.2388623,0.24162559,0.24408777,0.2462324,0.24804316,0.24940822,0.25024417,0.25057706,0.2504328,0.24983752,0.24881722,0.2473979,0.24560559,0.24346635,0.24100612,0.238251,0.23522697,0.23196006,0.22847632,0.22480175,0.22096235,0.21698415,0.2128932,0.20871556,0.20447716,0.20020406,0.19592233,0.19165787,0.1874368,0.18328515,0.17922893,0.17529416,0.17150678,0.1678929,0.16447856,0.16128972,0.15835245,0.15572205,0.15342562,0.15144663,0.1497688,0.14837559,0.1472506,0.14637744,0.14573969,0.14532092,0.14510469,0.14507458,0.14521419,0.14550702,0.14593676,0.14648692
0.08764021,0.086594224,0.08571453,0.08502742,0.08455913,0.08433592,0.08438407,0.08472982,0.085399434,0.08641915,0.08781528,0.08961402,0.09184168,0.0945245,0.09768873,0.101360634,0.10556648,0.11013408,0.114862636,0.11973552,0.12473604,0.12984757,0.13505347,0.1403371,0.14568171,0.15107076,0.15648758,0.16191551,0.16733786,0.17273805,0.17809932,0.18340515,0.18863875,0.19378361,0.19882298,0.20374025,0.20851877,0.21314187,0.21759291,0.22185525,0.2259122,0.22974715,0.23334345,0.23668443,0.23975338,0.24253379,0.24500886,0.24716203,0.24897665,0.2503407,0.2511708,0.25149322,0.25133422,0.25072014,0.24967706,0.24823135,0.24640928,0.2442371,0.24174103,0.23894733,0.23588237,0.23257227,0.22904336,0.22532187,0.22143407,0.21740621,0.21326458,0.20903543,0.20474498,0.20041956,0.19608535,0.19176866,0.18749571,0.18329285,0.17918621,0.17520213,0.17136684,0.16770664,0.16424775,0.1610164,0.15803896,0.15537196,0.15304361,0.15103714,0.14933592,0.14792337,0.14678276,0.14589748,0.14525083,0.14482625,0.144607,0.14457648,0.144718,0.14501496,0.14545068,0.14600848
0.08725879,0.08620591,0.08532043,0.08462879,0.08415742,0.08393274,0.0839812,0.08432923,0.08500325,0.0860297,0.087435015,0.08924562,0.09148797,0.09418846,0.09737354,0.101069644,0.105303206,0.10990119,0.11466177,0.11956809,0.12460336,0.12975073,0.1349934,0.14031456,0.14569741,0.1511251,0.15658079,0.16204773,0.16750906,0.17294796,0.17834759,0.18369117,0.18896188,0.19414291,0.1992174,0.20416857,0.2089796,0.21363366,0.21811393,0.22240357,0.22648583,0.23034385,0.23396082,0.23731984,0.24040423,0.2431971,0.24568166,0.24784105,0.24965847,0.25102174,0.2518476,0.25216243,0.25199267,0.2513647,0.25030506,0.24884006,0.24699627,0.24480006,0.24227783,0.23945597,0.23636109,0.23301944,0.22945751,0.2257018,0.2217786,0.2177145,0.21353583,0.20926906,0.20494062,0.20057695,0.19620444,0.19184957,0.18753873,0.18329841,0.179155,0.17513491,0.17126465,0.16757058,0.16407914,0.16081683,0.15780997,0.15511626,0.15276459,0.15073805,0.14901981,0.14759307,0.14644104,0.14554688,0.14489378,0.14446491,0.1442435,0.14421265,0.14435561,0.14465554,0.14509562,0.14565901
0.08700835,0.08595094,0.08506165,0.08436703,0.083893634,0.08366799,0.08371666,0.084066175,0.08474309,0.08577395,0.08718531,0.08900371,0.09125567,0.0939678,0.09716655,0.10087857,0.10513032,0.10974827,0.11452987,0.119458176,0.12451622,0.12968713,0.13495399,0.14029981,0.14570771,0.15116076,0.15664203,0.16213456,0.16762143,0.17308578,0.17851059,0.18387902,0.18917404,0.19437882,0.19947642,0.20444983,0.2092822,0.21395658,0.21845604,0.22276367,0.22686249,0.23073563,0.23436618,0.23773716,0.24083158,0.24363267,0.24612345,0.24828684,0.25010616,0.25146902,0.25229204,0.25260183,0.25242496,0.25178805,0.25071743,0.24923986,0.24738178,0.24516973,0.24263029,0.23979,0.23667541,0.23331307,0.22972949,0.22595124,0.22200486,0.2179169,0.21371396,0.2094225,0.2050691,0.2006803,0.19628266,0.19190274,0.18756698,0.18330207,0.1791345,0.17509082,0.17119753,0.1674812,0.16396844,0.16068575,0.15765962,0.1549484,0.15258138,0.1505416,0.14881219,0.1473762,0.14621665,0.14531668,0.14465933,0.1442277,0.1440048,0.14397375,0.14411764,0.14441954,0.14486246,0.14542952
0.08687902,0.085819274,0.08492802,0.08423187,0.08375744,0.08353129,0.08358007,0.08393035,0.08460877,0.0856419,0.08705638,0.088878796,0.091135755,0.093853846,0.0970597,0.100779906,0.10504106,0.10966933,0.11446176,0.119401395,0.12447124,0.1296543,0.13493362,0.1402922,0.14571303,0.15117916,0.15667363,0.16217943,0.16767952,0.17315699,0.17859477,0.183976,0.18928362,0.19450065,0.19961014,0.20459506,0.20943844,0.21412332,0.2186327,0.22294961,0.22705702,0.23093794,0.23457551,0.23795259,0.2410523,0.24385759,0.24635153,0.24851716,0.25033736,0.2516999,0.25252146,0.25282878,0.25264823,0.2520066,0.2509304,0.2494462,0.2475808,0.24536064,0.24281229,0.23996247,0.23683773,0.23346466,0.22986992,0.22608005,0.2221217,0.21802145,0.21380594,0.20950173,0.20513542,0.20073369,0.19632302,0.19193015,0.18758161,0.18330397,0.17912391,0.17506802,0.17116287,0.16743508,0.16391127,0.16061805,0.15758198,0.1548617,0.1524868,0.15044019,0.14870499,0.1472642,0.1461008,0.14519781,0.14453825,0.1441052,0.14388153,0.14385042,0.1439948,0.14429763,0.14474206,0.14531104
0.086861014,0.08580093,0.0849094,0.08421305,0.083738446,0.08351225,0.08356105,0.08391144,0.08459006,0.08562352,0.08703843,0.08886142,0.09111905,0.093838,0.09704481,0.10076616,0.10502863,0.10965831,0.11445227,0.11939349,0.124464974,0.12964971,0.13493077,0.14029112,0.14571378,0.15118174,0.15667805,0.16218562,0.16768757,0.17316689,0.1786065,0.18398951,0.18929891,0.19451763,0.19962876,0.2046153,0.20946021,0.21414654,0.2186573,0.22297546,0.22708409,0.23096615,0.23460464,0.23798262,0.24108303,0.24388891,0.24638328,0.24854915,0.25036952,0.25173208,0.25255343,0.2528603,0.25267935,0.25203702,0.25096005,0.24947499,0.24760853,0.24538721,0.24283767,0.23998648,0.23686033,0.23348577,0.22988945,0.22609797,0.22213797,0.21803603,0.21381873,0.20951274,0.20514466,0.20074108,0.19632868,0.19193396,0.18758363,0.18330425,0.17912245,0.17506482,0.17115805,0.16742869,0.16390331,0.16060862,0.15757117,0.15484963,0.15247361,0.1504261,0.14869006,0.14724858,0.14608467,0.14518124,0.1445214,0.14408812,0.14386438,0.14383323,0.14397766,0.14428067,0.1447253,0.14529452
0.0869445,0.085885935,0.08499567,0.08430032,0.08382639,0.08360049,0.08364922,0.08399912,0.08467679,0.085708775,0.08712165,0.08894204,0.09119646,0.093911536,0.09711381,0.10082985,0.10508626,0.1097093,0.11449626,0.11943014,0.12449404,0.12967095,0.13494393,0.14029606,0.14571033,0.15116985,0.1566576,0.16215666,0.1676501,0.17312092,0.17855217,0.1839269,0.18922816,0.194439,0.19954243,0.20452155,0.20935932,0.21403892,0.21854322,0.22285542,0.22695851,0.23083556,0.23446949,0.23784351,0.24094059,0.24374372,0.24623603,0.24840054,0.2502203,0.25158304,0.25240532,0.25271383,0.2525352,0.2518959,0.25082257,0.24934174,0.24748,0.24526392,0.24272014,0.23987514,0.23675554,0.23338792,0.22979881,0.22601484,0.22206254,0.21796852,0.21375938,0.20946163,0.20510183,0.20070665,0.19630261,0.19191624,0.18757421,0.18330301,0.17912927,0.17507955,0.17118043,0.16745844,0.16394024,0.16065232,0.15762131,0.1549056,0.15253466,0.15049157,0.14875929,0.14732091,0.14615947,0.145258,0.14459956,0.14416718,0.14394395,0.14391287,0.14405699,0.14435935,0.14480302,0.14537103
0.087119654,0.086064264,0.08517666,0.084483355,0.08401087,0.08378566,0.08383422,0.08418308,0.08485871,0.085887626,0.08729629,0.089111224,0.09135891,0.09406586,0.09725855,0.10096348,0.10520716,0.109816246,0.1145885,0.11950703,0.12455494,0.12971543,0.13497151,0.14030638,0.14570312,0.1511449,0.15661477,0.16209596,0.1675715,0.1730245,0.17843816,0.18379554,0.18907976,0.194274,0.1993613,0.2043248,0.20914774,0.21381307,0.21830401,0.22260363,0.22669506,0.23056152,0.23418601,0.23755166,0.24064171,0.24343912,0.24592711,0.24808876,0.2499072,0.25127023,0.2520945,0.25240657,0.25223285,0.25159985,0.25053415,0.24906218,0.24721046,0.24500544,0.24247363,0.23964159,0.23653568,0.23318255,0.22960858,0.22584036,0.22190432,0.21782696,0.21363482,0.20935433,0.20501201,0.20063438,0.19624792,0.19187908,0.18755443,0.18330044,0.17914361,0.17511041,0.17122737,0.16752094,0.16401765,0.16074398,0.15772644,0.15502301,0.15266281,0.15062892,0.14890449,0.14747258,0.14631636,0.14541899,0.14476354,0.14433311,0.14411089,0.14407995,0.1442234,0.14452441,0.14496608,0.1455315
0.08737666,0.08632591,0.085442215,0.08475197,0.084281564,0.08405735,0.084105685,0.084453024,0.08512568,0.08615005,0.08755252,0.089359455,0.09159726,0.094292305,0.09747093,0.10115957,0.105384566,0.10997316,0.11472384,0.11961984,0.124644354,0.12978065,0.13501197,0.14032155,0.14569256,0.15110831,0.156552,0.16200688,0.16745615,0.17288305,0.17827088,0.18360278,0.18886206,0.19403186,0.19909553,0.20403624,0.2088372,0.21348171,0.21795294,0.22223414,0.22630858,0.23015948,0.23376998,0.2371235,0.24020311,0.24299212,0.24547374,0.24763122,0.24944775,0.25081134,0.2516385,0.25195566,0.25178918,0.25116554,0.25011098,0.248652,0.2468149,0.24462609,0.24211195,0.23929885,0.23621316,0.23288126,0.2293295,0.22558437,0.22167215,0.21761924,0.21345204,0.20919688,0.20488018,0.20052832,0.19616763,0.19182457,0.18752544,0.18329667,0.17916465,0.17515568,0.17129625,0.16761261,0.16413122,0.1608785,0.15788074,0.15519533,0.1528508,0.15083045,0.14911748,0.14769514,0.14654663,0.14565523,0.14500412,0.14457658,0.1443558,0.14432508,0.14446758,0.1447666,0.14520533,0.14576699
0.08770569,0.086660884,0.08578219,0.08509585,0.084628105,0.08440513,0.08445323,0.08479858,0.08546744,0.08648602,0.08788056,0.08967726,0.09190241,0.094582185,0.09774285,0.10141059,0.10561168,0.11017407,0.11489715,0.11976426,0.12475882,0.1298642,0.13506378,0.14034094,0.14567906,0.15106146,0.15647158,0.16189282,0.16730848,0.17270198,0.1780567,0.18335602,0.18858331,0.19372192,0.1987553,0.20366675,0.2084397,0.21305749,0.21750347,0.2217611,0.22581373,0.22964476,0.23323746,0.23657532,0.2396417,0.24241988,0.24489336,0.24704547,0.2488596,0.25022376,0.25105464,0.2513784,0.2512212,0.25060943,0.24956922,0.24812679,0.24630852,0.24414045,0.24164887,0.23886006,0.23580018,0.2324955,0.22897223,0.22525664,0.22137494,0.21735331,0.21321805,0.2089953,0.20471139,0.20039254,0.19606489,0.19175474,0.18748833,0.18329188,0.17919156,0.17521368,0.1713844,0.16773,0.16427669,0.16105069,0.15807827,0.15541588,0.15309152,0.15108849,0.1493902,0.1479801,0.14684142,0.14595765,0.14531216,0.14488827,0.1446694,0.14463893,0.14478022,0.14507666,0.1455116,0.14606848
